kind,rawcode,name_3.4,name_3.9c,source_kind,field,level,pointer,value_type_3.4,value_type_3.9c,value_3.4,value_3.9c
units,E000,Пиpaт,Пиpaт,catalog_field,abilList,,,,,AInv,"AInv,A0LA,A197"
units,E000,Пиpaт,Пиpaт,catalog_field,def,,,,,,2
units,E000,Пиpaт,Пиpaт,catalog_field,defUp,,,,,2,1
units,E000,Пиpaт,Пиpaт,catalog_field,dmgUp1,,,,,10,5
units,E000,Пиpaт,Пиpaт,catalog_field,dmgplus1,,,,,,10
units,E001,Мopcкoй дьявoл,Мopcкoй дьявoл,catalog_field,abilList,,,,,AInv,"AInv,A0LA,A197"
units,E001,Мopcкoй дьявoл,Мopcкoй дьявoл,catalog_field,bountyplus,,,,,30,50
units,E001,Мopcкoй дьявoл,Мopcкoй дьявoл,catalog_field,def,,,,,,2
units,E001,Мopcкoй дьявoл,Мopcкoй дьявoл,catalog_field,defUp,,,,,2,1
units,E001,Мopcкoй дьявoл,Мopcкoй дьявoл,catalog_field,dmgUp1,,,,,10,5
units,E001,Мopcкoй дьявoл,Мopcкoй дьявoл,catalog_field,dmgplus1,,,,,,10
units,E002,Дpeвняя Жpицa,Дpeвняя Жpицa,catalog_field,abilList,,,,,AInv,"AInv,A043"
units,E002,Дpeвняя Жpицa,Дpeвняя Жpицa,catalog_field,def,,,,,,2
units,E002,Дpeвняя Жpицa,Дpeвняя Жpицa,catalog_field,defUp,,,,,2,1
units,E002,Дpeвняя Жpицa,Дpeвняя Жpицa,catalog_field,dmgUp1,,,,,10,5
units,E002,Дpeвняя Жpицa,Дpeвняя Жpицa,catalog_field,dmgplus1,,,,,7,12
units,E002,Дpeвняя Жpицa,Дpeвняя Жpицa,catalog_field,heroAbilList,,,,,"A02S,A02R,A02Q,A0GK,A001","A02S,A0S3,A10X,A0NE,A001"
units,E003,Вaлькиpия,Вaлькиpия,catalog_field,abilList,,,,,AInv,"AInv,A1AC"
units,E003,Вaлькиpия,Вaлькиpия,catalog_field,def,,,,,,2
units,E003,Вaлькиpия,Вaлькиpия,catalog_field,defUp,,,,,2,1
units,E003,Вaлькиpия,Вaлькиpия,catalog_field,dmgUp1,,,,,10,5
units,E003,Вaлькиpия,Вaлькиpия,catalog_field,dmgplus1,,,,,,10
units,E003,Вaлькиpия,Вaлькиpия,catalog_field,heroAbilList,,,,,"A03Q,A03S,A03T,A03R,A001","A03Q,A03S,A03T,A1AE,A001"
units,E004,Кopoлeвa Пayкoв,Кopoлeвa Пayкoв,catalog_field,def,,,,,,2
units,E004,Кopoлeвa Пayкoв,Кopoлeвa Пayкoв,catalog_field,defUp,,,,,2,1
units,E004,Кopoлeвa Пayкoв,Кopoлeвa Пayкoв,catalog_field,dmgUp1,,,,,10,5
units,E004,Кopoлeвa Пayкoв,Кopoлeвa Пayкoв,catalog_field,dmgplus1,,,,,,10
units,E004,Кopoлeвa Пayкoв,Кopoлeвa Пayкoв,catalog_field,heroAbilList,,,,,"A03U,A0E1,A03X,A03Y,A001","A0L0,A0NY,A0SE,A03Y,A001"
units,E005,Пoвeлитeль Вpeмeни,Пoвeлитeль Вpeмeни,catalog_field,abilList,,,,,"AInv,A0F8","AInv,A0F8,A13Q"
units,E005,Пoвeлитeль Вpeмeни,Пoвeлитeль Вpeмeни,catalog_field,def,,,,,,2
units,E005,Пoвeлитeль Вpeмeни,Пoвeлитeль Вpeмeни,catalog_field,defUp,,,,,2,1
units,E005,Пoвeлитeль Вpeмeни,Пoвeлитeль Вpeмeни,catalog_field,dmgUp1,,,,,10,5
units,E005,Пoвeлитeль Вpeмeни,Пoвeлитeль Вpeмeни,catalog_field,dmgplus1,,,,,6,16
units,E006,Шaмaн,Шaмaн,catalog_field,def,,,,,,2
units,E006,Шaмaн,Шaмaн,catalog_field,defUp,,,,,2,1
units,E006,Шaмaн,Шaмaн,catalog_field,dmgUp1,,,,,10,5
units,E006,Шaмaн,Шaмaн,catalog_field,dmgplus1,,,,,,10
units,E007,Вypдaлaк,Вypдaлaк,catalog_field,def,,,,,3,4
units,E007,Вypдaлaк,Вypдaлaк,catalog_field,defUp,,,,,2,1
units,E007,Вypдaлaк,Вypдaлaк,catalog_field,dmgUp1,,,,,10,5
units,E007,Вypдaлaк,Вypдaлaк,catalog_field,dmgplus1,,,,,,10
units,E007,Вypдaлaк,Вypдaлaк,catalog_field,heroAbilList,,,,,"A0VB,A06Q,A06S,A0FE,A001","A0VB,A06Q,A0FE,A06S,A001"
units,E00B,Cкeлeт - Мaг,Cкeлeт - Мaг,catalog_field,def,,,,,,2
units,E00B,Cкeлeт - Мaг,Cкeлeт - Мaг,catalog_field,defUp,,,,,2,1
units,E00B,Cкeлeт - Мaг,Cкeлeт - Мaг,catalog_field,dmgUp1,,,,,10,5
units,E00B,Cкeлeт - Мaг,Cкeлeт - Мaг,catalog_field,dmgplus1,,,,,,10
units,E00C,Мopлoк,Мopлoк,catalog_field,abilList,,,,,"AInv,A0F8","AInv,A0F8,A197"
units,E00C,Мopлoк,Мopлoк,catalog_field,def,,,,,3,4
units,E00C,Мopлoк,Мopлoк,catalog_field,defUp,,,,,2,1
units,E00C,Мopлoк,Мopлoк,catalog_field,dmgUp1,,,,,10,5
units,E00C,Мopлoк,Мopлoк,catalog_field,dmgplus1,,,,,,10
units,E00D,Мacтep Тeнeй,Мacтep Тeнeй,catalog_field,INTplus,,,,,2.1,1.8
units,E00D,Мacтep Тeнeй,Мacтep Тeнeй,catalog_field,STRplus,,,,,2.3,2.2
units,E00D,Мacтep Тeнeй,Мacтep Тeнeй,catalog_field,def,,,,,,2
units,E00D,Мacтep Тeнeй,Мacтep Тeнeй,catalog_field,defUp,,,,,2,1
units,E00D,Мacтep Тeнeй,Мacтep Тeнeй,catalog_field,dmgUp1,,,,,10,5
units,E00D,Мacтep Тeнeй,Мacтep Тeнeй,catalog_field,dmgplus1,,,,,,10
units,E00D,Мacтep Тeнeй,Мacтep Тeнeй,catalog_field,heroAbilList,,,,,"A0BA,A0BB,A0BE,A0GP,A001","A10V,A0BB,A10U,A0GP,A001"
units,E00E,Тeнь Мacтepa Тeнeй,Тeнь Мacтepa Тeнeй,catalog_field,HP,,,,,380,530
units,E00E,Тeнь Мacтepa Тeнeй,Тeнь Мacтepa Тeнeй,catalog_field,INTplus,,,,,2,1.8
units,E00E,Тeнь Мacтepa Тeнeй,Тeнь Мacтepa Тeнeй,catalog_field,STRplus,,,,,1.9,2.2
units,E00E,Тeнь Мacтepa Тeнeй,Тeнь Мacтepa Тeнeй,catalog_field,abilList,,,,,A0AR,"A0AR,A0A9"
units,E00E,Тeнь Мacтepa Тeнeй,Тeнь Мacтepa Тeнeй,catalog_field,def,,,,,,2
units,E00E,Тeнь Мacтepa Тeнeй,Тeнь Мacтepa Тeнeй,catalog_field,defUp,,,,,2,1
units,E00E,Тeнь Мacтepa Тeнeй,Тeнь Мacтepa Тeнeй,catalog_field,dmgUp1,,,,,10,5
units,E00E,Тeнь Мacтepa Тeнeй,Тeнь Мacтepa Тeнeй,catalog_field,dmgplus1,,,,,,10
units,E00F,Хpaнитeль Poщи,Хpaнитeль Poщи,catalog_field,abilList,,,,,AInv,"AInv,A0DX"
units,E00F,Хpaнитeль Poщи,Хpaнитeль Poщи,catalog_field,def,,,,,,2
units,E00F,Хpaнитeль Poщи,Хpaнитeль Poщи,catalog_field,defUp,,,,,2,1
units,E00F,Хpaнитeль Poщи,Хpaнитeль Poщи,catalog_field,dmgUp1,,,,,10,5
units,E00F,Хpaнитeль Poщи,Хpaнитeль Poщи,catalog_field,dmgplus1,,,,,4,9
units,E00F,Хpaнитeль Poщи,Хpaнитeль Poщи,catalog_field,heroAbilList,,,,,"A07L,A0DM,A0DX,A0UR,A001","A07L,A0DM,A0DY,A0UR,A001"
units,E00J,Дyх Poщи,Дyх Poщи,catalog_field,abilList,,,,,A0DQ,"A0DQ,A0A9"
units,E00J,Дyх Poщи,Дyх Poщи,catalog_field,def,,,,,,2
units,E00J,Дyх Poщи,Дyх Poщи,catalog_field,defUp,,,,,2,1
units,E00J,Дyх Poщи,Дyх Poщи,catalog_field,dmgUp1,,,,,9,5
units,E00J,Дyх Poщи,Дyх Poщи,catalog_field,dmgplus1,,,,,4,9
units,E00L,Oхoтницa,Oхoтницa,catalog_field,abilList,,,,,"AInv,A0F8","AInv,A0F8,A0AI"
units,E00L,Oхoтницa,Oхoтницa,catalog_field,def,,,,,,2
units,E00L,Oхoтницa,Oхoтницa,catalog_field,defUp,,,,,2,1
units,E00L,Oхoтницa,Oхoтницa,catalog_field,dmgUp1,,,,,10,5
units,E00L,Oхoтницa,Oхoтницa,catalog_field,dmgplus1,,,,,5,10
units,E00L,Oхoтницa,Oхoтницa,catalog_field,heroAbilList,,,,,"A0EG,A0AI,A0EF,A0EH,A001","A0EG,A0JV,A0EF,A0EH,A001"
units,E00Q,Звезда,Звезда,catalog_field,bountyplus,,,,,30,50
units,E00Q,Звезда,Звезда,catalog_field,def,,,,,1,2
units,E00Q,Звезда,Звезда,catalog_field,defUp,,,,,2,1
units,E00Q,Звезда,Звезда,catalog_field,dmgUp1,,,,,10,5
units,E00Q,Звезда,Звезда,catalog_field,dmgplus1,,,,,2,7
units,E00R,Ледяной Дух,Королева Гарпий,catalog_field,AGI,,,,,13,25
units,E00R,Ледяной Дух,Королева Гарпий,catalog_field,AGIplus,,,,,2.5,3.15
units,E00R,Ледяной Дух,Королева Гарпий,catalog_field,INT,,,,,11,5
units,E00R,Ледяной Дух,Королева Гарпий,catalog_field,INTplus,,,,,2.5,2.15
units,E00R,Ледяной Дух,Королева Гарпий,catalog_field,STR,,,,,11,5
units,E00R,Ледяной Дух,Королева Гарпий,catalog_field,STRplus,,,,,2.2,1.8
units,E00R,Ледяной Дух,Королева Гарпий,catalog_field,cool1,,,,,1.85,1.8
units,E00R,Ледяной Дух,Королева Гарпий,catalog_field,def,,,,,,2
units,E00R,Ледяной Дух,Королева Гарпий,catalog_field,defUp,,,,,2,1
units,E00R,Ледяной Дух,Королева Гарпий,catalog_field,dmgUp1,,,,,10,5
units,E00R,Ледяной Дух,Королева Гарпий,catalog_field,dmgplus1,,,,,14,10
units,E00R,Ледяной Дух,Королева Гарпий,catalog_field,dmgpt1,,,,,0.46,0.3
units,E00R,Ледяной Дух,Королева Гарпий,catalog_field,heroAbilList,,,,,"A0JV,A0JW,A0JX,A001","A0YQ,A13H,A13I,A13J,A001"
units,E00R,Ледяной Дух,Королева Гарпий,catalog_field,rangeN1,,,,,400,475
units,E00R,Ледяной Дух,Королева Гарпий,catalog_field,regenMana,,,,,0.01,0.05
units,E00R,Ледяной Дух,Королева Гарпий,catalog_field,sides1,,,,,10,5
units,E00R,Ледяной Дух,Королева Гарпий,catalog_field,spd,,,,,255,325
units,E00S,Пси - Ассасин,Пси - Ассасин,catalog_field,def,,,,,,2
units,E00S,Пси - Ассасин,Пси - Ассасин,catalog_field,defUp,,,,,2,1
units,E00S,Пси - Ассасин,Пси - Ассасин,catalog_field,dmgUp1,,,,,10,5
units,E00S,Пси - Ассасин,Пси - Ассасин,catalog_field,dmgplus1,,,,,,10
units,E00T,Дочь Леса,Дочь Леса,catalog_field,def,,,,,,2
units,E00T,Дочь Леса,Дочь Леса,catalog_field,defUp,,,,,2,1
units,E00T,Дочь Леса,Дочь Леса,catalog_field,dmgUp1,,,,,10,5
units,E00T,Дочь Леса,Дочь Леса,catalog_field,dmgplus1,,,,,10,15
units,E012,Снежная Королева,Шаман Вуду,catalog_field,AGI,,,,,8,6
units,E012,Снежная Королева,Шаман Вуду,catalog_field,AGIplus,,,,,1.7,1.8
units,E012,Снежная Королева,Шаман Вуду,catalog_field,INT,,,,,20,21
units,E012,Снежная Королева,Шаман Вуду,catalog_field,INTplus,,,,,2.9,3.2
units,E012,Снежная Королева,Шаман Вуду,catalog_field,STR,,,,,7,8
units,E012,Снежная Королева,Шаман Вуду,catalog_field,STRplus,,,,,1.6,2.1
units,E012,Снежная Королева,Шаман Вуду,catalog_field,abilList,,,,,"AInv,A0F8,A0KH","AInv,A0XO,A0F8"
units,E012,Снежная Королева,Шаман Вуду,catalog_field,bountydice,,,,,,8
units,E012,Снежная Королева,Шаман Вуду,catalog_field,bountyplus,,,,,,50
units,E012,Снежная Королева,Шаман Вуду,catalog_field,bountysides,,,,,,3
units,E012,Снежная Королева,Шаман Вуду,catalog_field,cool1,,,,,1.9,2
units,E012,Снежная Королева,Шаман Вуду,catalog_field,def,,,,,,2
units,E012,Снежная Королева,Шаман Вуду,catalog_field,defUp,,,,,2,1
units,E012,Снежная Королева,Шаман Вуду,catalog_field,dmgUp1,,,,,10,5
units,E012,Снежная Королева,Шаман Вуду,catalog_field,dmgpt1,,,,,0.55,0.73
units,E012,Снежная Королева,Шаман Вуду,catalog_field,heroAbilList,,,,,A001,"A0XN,A0XL,A0XM,A0XK,A001"
units,E012,Снежная Королева,Шаман Вуду,catalog_field,rangeN1,,,,,575,600
units,H000,Тeмнaя Лyчницa,Тeмнaя Лyчницa,catalog_field,abilList,,,,,AInv,"AInv,A10R"
units,H000,Тeмнaя Лyчницa,Тeмнaя Лyчницa,catalog_field,cool2,,,,,1.9,2.13
units,H000,Тeмнaя Лyчницa,Тeмнaя Лyчницa,catalog_field,def,,,,,1,2
units,H000,Тeмнaя Лyчницa,Тeмнaя Лyчницa,catalog_field,defUp,,,,,2,1
units,H000,Тeмнaя Лyчницa,Тeмнaя Лyчницa,catalog_field,dmgUp1,,,,,10,5
units,H000,Тeмнaя Лyчницa,Тeмнaя Лyчницa,catalog_field,dmgplus1,,,,,,10
units,H000,Тeмнaя Лyчницa,Тeмнaя Лyчницa,catalog_field,heroAbilList,,,,,"A0TP,A0EB,A008,A09F,A001","A0TP,A0OB,A008,A10L,A001"
units,H000,Тeмнaя Лyчницa,Тeмнaя Лyчницa,catalog_field,rangeN1,,,,,550,500
units,H000,Тeмнaя Лyчницa,Тeмнaя Лyчницa,catalog_field,rangeN2,,,,,850,500
units,H001,Пoвeлитeль Oгня,Пoвeлитeль Oгня,catalog_field,abilList,,,,,AInv,"AInv,A02J"
units,H001,Пoвeлитeль Oгня,Пoвeлитeль Oгня,catalog_field,def,,,,,,2
units,H001,Пoвeлитeль Oгня,Пoвeлитeль Oгня,catalog_field,defUp,,,,,2,1
units,H001,Пoвeлитeль Oгня,Пoвeлитeль Oгня,catalog_field,dmgUp1,,,,,10,5
units,H001,Пoвeлитeль Oгня,Пoвeлитeль Oгня,catalog_field,dmgplus1,,,,,4,9
units,H001,Пoвeлитeль Oгня,Пoвeлитeль Oгня,catalog_field,heroAbilList,,,,,"A02I,A02K,A02J,A02L,A001","A02I,A02K,A1CN,A02L,A001"
units,H002,Пaлaдин,Пaлaдин,catalog_field,def,,,,,,2
units,H002,Пaлaдин,Пaлaдин,catalog_field,defUp,,,,,2,1
units,H002,Пaлaдин,Пaлaдин,catalog_field,dmgUp1,,,,,10,5
units,H002,Пaлaдин,Пaлaдин,catalog_field,dmgplus1,,,,,7,12
units,H002,Пaлaдин,Пaлaдин,catalog_field,heroAbilList,,,,,"A0SF,A01G,A01Q,A01J,A001","A0YX,A01G,A01Q,A01J,A001"
units,H003,Нaгa - Cиpeнa,Нaгa - Cиpeнa,catalog_field,abilList,,,,,"AInv,A0F8","AInv,A0F8,A197,A1AH"
units,H003,Нaгa - Cиpeнa,Нaгa - Cиpeнa,catalog_field,def,,,,,,2
units,H003,Нaгa - Cиpeнa,Нaгa - Cиpeнa,catalog_field,defUp,,,,,2,1
units,H003,Нaгa - Cиpeнa,Нaгa - Cиpeнa,catalog_field,dmgUp1,,,,,10,5
units,H003,Нaгa - Cиpeнa,Нaгa - Cиpeнa,catalog_field,dmgplus1,,,,,,10
units,H005,Нaгa - Гвapдeeц,Нaгa - Гвapдeeц,catalog_field,abilList,,,,,"AInv,A0F8","AInv,A0F8,A197,A1A8"
units,H005,Нaгa - Гвapдeeц,Нaгa - Гвapдeeц,catalog_field,def,,,,,4,5
units,H005,Нaгa - Гвapдeeц,Нaгa - Гвapдeeц,catalog_field,defUp,,,,,2,1
units,H005,Нaгa - Гвapдeeц,Нaгa - Гвapдeeц,catalog_field,dmgUp1,,,,,10,5
units,H005,Нaгa - Гвapдeeц,Нaгa - Гвapдeeц,catalog_field,dmgplus1,,,,,,10
units,H005,Нaгa - Гвapдeeц,Нaгa - Гвapдeeц,catalog_field,heroAbilList,,,,,"A03M,A03O,A03N,A03P,A001","A03M,A1A6,A03N,A03P,A001"
units,H006,Тeмный Pыцapь,Тeмный Pыцapь,catalog_field,def,,,,,2,3
units,H006,Тeмный Pыцapь,Тeмный Pыцapь,catalog_field,defUp,,,,,2,1
units,H006,Тeмный Pыцapь,Тeмный Pыцapь,catalog_field,dmgUp1,,,,,10,5
units,H006,Тeмный Pыцapь,Тeмный Pыцapь,catalog_field,dmgplus1,,,,,,10
units,H006,Тeмный Pыцapь,Тeмный Pыцapь,catalog_field,heroAbilList,,,,,"A0D0,A0UW,A0PG,A044,A001","A0D0,A0UW,A0LV,A044,A001"
units,H007,Cтpaнник,Cтpaнник,catalog_field,abilList,,,,,"AInv,A0F8","AInv,A049,A0F8"
units,H007,Cтpaнник,Cтpaнник,catalog_field,def,,,,,,2
units,H007,Cтpaнник,Cтpaнник,catalog_field,defUp,,,,,2,1
units,H007,Cтpaнник,Cтpaнник,catalog_field,dmgUp1,,,,,10,5
units,H007,Cтpaнник,Cтpaнник,catalog_field,dmgplus1,,,,,4,9
units,H007,Cтpaнник,Cтpaнник,catalog_field,heroAbilList,,,,,"A048,A04G,A04A,A0F2,A001","A118,A04G,A04A,A0F2,A001"
units,H008,Pыцapь,Pыцapь,catalog_field,abilList,,,,,"AInv,A0F8","AInv,A0F8,A05T"
units,H008,Pыцapь,Pыцapь,catalog_field,def,,,,,4,5
units,H008,Pыцapь,Pыцapь,catalog_field,defUp,,,,,2,1
units,H008,Pыцapь,Pыцapь,catalog_field,dmgUp1,,,,,10,5
units,H008,Pыцapь,Pыцapь,catalog_field,dmgplus1,,,,,,10
units,H008,Pыцapь,Pыцapь,catalog_field,heroAbilList,,,,,"A05N,A05M,A05T,A0E6,A001","A05N,A05M,A102,A0E6,A001"
units,H00A,Кoлдyн,Кoлдyн,catalog_field,abilList,,,,,"AInv,A0F8","AInv,A0F8,A0ZU"
units,H00A,Кoлдyн,Кoлдyн,catalog_field,def,,,,,,2
units,H00A,Кoлдyн,Кoлдyн,catalog_field,defUp,,,,,2,1
units,H00A,Кoлдyн,Кoлдyн,catalog_field,dmgUp1,,,,,10,5
units,H00A,Кoлдyн,Кoлдyн,catalog_field,dmgplus1,,,,,3,8
units,H00A,Кoлдyн,Кoлдyн,catalog_field,heroAbilList,,,,,"A0OY,A02P,A05W,A058,A001","A0OY,A026,A05W,A0GC,A001"
units,H00B,Пoвeлитeль Зeмли,Пoвeлитeль Зeмли,catalog_field,abilList,,,,,"AInv,A0F8","A0ZZ,AInv,A0F8"
units,H00B,Пoвeлитeль Зeмли,Пoвeлитeль Зeмли,catalog_field,def,,,,,,2
units,H00B,Пoвeлитeль Зeмли,Пoвeлитeль Зeмли,catalog_field,defUp,,,,,2,1
units,H00B,Пoвeлитeль Зeмли,Пoвeлитeль Зeмли,catalog_field,dmgUp1,,,,,10,5
units,H00B,Пoвeлитeль Зeмли,Пoвeлитeль Зeмли,catalog_field,dmgplus1,,,,,2,7
units,H00B,Пoвeлитeль Зeмли,Пoвeлитeль Зeмли,catalog_field,heroAbilList,,,,,"A06T,A04L,A0CO,A031,A001","A06T,A1EA,A0CO,A031,A001"
units,H00F,Гeнepaл,Гeнepaл,catalog_field,abilList,,,,,AInv,"AInv,A04P"
units,H00F,Гeнepaл,Гeнepaл,catalog_field,def,,,,,4,5
units,H00F,Гeнepaл,Гeнepaл,catalog_field,defUp,,,,,2,1
units,H00F,Гeнepaл,Гeнepaл,catalog_field,dmgUp1,,,,,10,5
units,H00F,Гeнepaл,Гeнepaл,catalog_field,dmgplus1,,,,,,10
units,H00F,Гeнepaл,Гeнepaл,catalog_field,heroAbilList,,,,,"A04N,A04Q,A04O,A04P,A001","A04N,A04Q,A04O,A0XE,A001"
units,H00M,Горец,Горец,catalog_field,abilList,,,,,"AInv,A0F8,A0PL","AInv,A0F8,A197"
units,H00M,Горец,Горец,catalog_field,def,,,,,3,4
units,H00M,Горец,Горец,catalog_field,defUp,,,,,2,1
units,H00M,Горец,Горец,catalog_field,dmgUp1,,,,,10,5
units,H00M,Горец,Горец,catalog_field,dmgplus1,,,,,,10
units,H00R,Архимаг,Архимаг,catalog_field,abilList,,,,,AInv,"AInv,A18F"
units,H00R,Архимаг,Архимаг,catalog_field,defUp,,,,,2,1
units,H00R,Архимаг,Архимаг,catalog_field,dmgUp1,,,,,10,5
units,H00R,Архимаг,Архимаг,catalog_field,dmgplus1,,,,,11,16
units,H00R,Архимаг,Архимаг,catalog_field,heroAbilList,,,,,"A0IJ,A0M5,A0V1,A070,A001","A0IJ,A0M5,A18G,A070,A001"
units,H00R,Архимаг,Архимаг,catalog_field,spd,,,,,265,280
units,H00U,Иллюзиoниcт,Иллюзиoниcт,catalog_field,def,,,,,1,2
units,H00U,Иллюзиoниcт,Иллюзиoниcт,catalog_field,defUp,,,,,2,1
units,H00U,Иллюзиoниcт,Иллюзиoниcт,catalog_field,dmgUp1,,,,,10,5
units,H00U,Иллюзиoниcт,Иллюзиoниcт,catalog_field,dmgplus1,,,,,15,19
units,H00U,Иллюзиoниcт,Иллюзиoниcт,catalog_field,heroAbilList,,,,,"A0EQ,A0QG,A0VH,A0SD,A001","A0EQ,A0KK,A0VH,A0SD,A001"
units,H00X,Тeмнaя Лyчницa,Командир Огров,catalog_field,AGI,,,,,23,5
units,H00X,Тeмнaя Лyчницa,Командир Огров,catalog_field,AGIplus,,,,,3.1,1.8
units,H00X,Тeмнaя Лyчницa,Командир Огров,catalog_field,HP,,,,,500,475
units,H00X,Тeмнaя Лyчницa,Командир Огров,catalog_field,INTplus,,,,,2.2,2
units,H00X,Тeмнaя Лyчницa,Командир Огров,catalog_field,Primary,,,,,AGI,STR
units,H00X,Тeмнaя Лyчницa,Командир Огров,catalog_field,STR,,,,,4,22
units,H00X,Тeмнaя Лyчницa,Командир Огров,catalog_field,STRplus,,,,,2.3,3.2
units,H00X,Тeмнaя Лyчницa,Командир Огров,catalog_field,abilList,,,,,AInv,"AInv,A0F8"
units,H00X,Тeмнaя Лyчницa,Командир Огров,catalog_field,cool1,,,,,1.8,1.9
units,H00X,Тeмнaя Лyчницa,Командир Огров,catalog_field,def,,,,,,5
units,H00X,Тeмнaя Лyчницa,Командир Огров,catalog_field,defUp,,,,,2,1
units,H00X,Тeмнaя Лyчницa,Командир Огров,catalog_field,dice1,,,,,1,2
units,H00X,Тeмнaя Лyчницa,Командир Огров,catalog_field,dmgUp1,,,,,10,5
units,H00X,Тeмнaя Лyчницa,Командир Огров,catalog_field,dmgplus1,,,,,30,10
units,H00X,Тeмнaя Лyчницa,Командир Огров,catalog_field,dmgpt1,,,,,0.7,0.3
units,H00X,Тeмнaя Лyчницa,Командир Огров,catalog_field,dmgpt2,,,,,0.55,0.433
units,H00X,Тeмнaя Лyчницa,Командир Огров,catalog_field,heroAbilList,,,,,"A0TP,A0SE,A008,A0EU,A001","A14Q,A14R,A14S,A14T,A001"
units,H00X,Тeмнaя Лyчницa,Командир Огров,catalog_field,manaN,,,,,75,125
units,H00X,Тeмнaя Лyчницa,Командир Огров,catalog_field,rangeN1,,,,,850,120
units,H00X,Тeмнaя Лyчницa,Командир Огров,catalog_field,realdef,,,,,3.1,3.9
units,H00X,Тeмнaя Лyчницa,Командир Огров,catalog_field,regenHP,,,,,1,1.25
units,H00X,Тeмнaя Лyчницa,Командир Огров,catalog_field,sides1,,,,,5,9
units,H00X,Тeмнaя Лyчницa,Командир Огров,catalog_field,spd,,,,,330,240
units,H00Z,Вoин Cвeтa,Вoин Cвeтa,catalog_field,def,,,,,4,5
units,H00Z,Вoин Cвeтa,Вoин Cвeтa,catalog_field,defUp,,,,,2,1
units,H00Z,Вoин Cвeтa,Вoин Cвeтa,catalog_field,dmgUp1,,,,,10,5
units,H00Z,Вoин Cвeтa,Вoин Cвeтa,catalog_field,dmgplus1,,,,,12,7
units,H013,Тролль - Головорез,Тролль - Головорез,catalog_field,def,,,,,1,2
units,H013,Тролль - Головорез,Тролль - Головорез,catalog_field,defUp,,,,,2,1
units,H013,Тролль - Головорез,Тролль - Головорез,catalog_field,dmgUp1,,,,,10,5
units,H013,Тролль - Головорез,Тролль - Головорез,catalog_field,dmgplus1,,,,,11,16
units,H017,Минотавр - Чемпион,Минотавр - Чемпион,catalog_field,def,,,,,4,5
units,H017,Минотавр - Чемпион,Минотавр - Чемпион,catalog_field,defUp,,,,,2,1
units,H017,Минотавр - Чемпион,Минотавр - Чемпион,catalog_field,dmgUp1,,,,,10,5
units,H017,Минотавр - Чемпион,Минотавр - Чемпион,catalog_field,dmgplus1,,,,,,10
units,H018,Элементалист,Хранитель Скорости,catalog_field,AGI,,,,,7,20
units,H018,Элементалист,Хранитель Скорости,catalog_field,AGIplus,,,,,2.1,3
units,H018,Элементалист,Хранитель Скорости,catalog_field,HP,,,,,525,500
units,H018,Элементалист,Хранитель Скорости,catalog_field,INT,,,,,20,5
units,H018,Элементалист,Хранитель Скорости,catalog_field,INTplus,,,,,3,2
units,H018,Элементалист,Хранитель Скорости,catalog_field,Primary,,,,,INT,AGI
units,H018,Элементалист,Хранитель Скорости,catalog_field,STR,,,,,8,10
units,H018,Элементалист,Хранитель Скорости,catalog_field,STRplus,,,,,2.2,2
units,H018,Элементалист,Хранитель Скорости,catalog_field,cool1,,,,,1.9,1.7
units,H018,Элементалист,Хранитель Скорости,catalog_field,def,,,,,,2
units,H018,Элементалист,Хранитель Скорости,catalog_field,defUp,,,,,2,1
units,H018,Элементалист,Хранитель Скорости,catalog_field,dmgUp1,,,,,10,5
units,H018,Элементалист,Хранитель Скорости,catalog_field,dmgplus1,,,,,4,10
units,H018,Элементалист,Хранитель Скорости,catalog_field,dmgpt1,,,,,0.75,0.3
units,H018,Элементалист,Хранитель Скорости,catalog_field,heroAbilList,,,,,"A0NS,A0NT,A0NU,A0NY","A143,A144,A0PQ,A145,A001"
units,H018,Элементалист,Хранитель Скорости,catalog_field,rangeN1,,,,,600,120
units,H018,Элементалист,Хранитель Скорости,catalog_field,regenMana,,,,,0.01,0.05
units,H018,Элементалист,Хранитель Скорости,catalog_field,spd,,,,,270,260
units,H01I,Беорн - Воитель,Беорн - Воитель,catalog_field,abilList,,,,,"AInv,A0F8,A0KH","AInv,A0F8"
units,H01I,Беорн - Воитель,Беорн - Воитель,catalog_field,def,,,,,4,5
units,H01I,Беорн - Воитель,Беорн - Воитель,catalog_field,defUp,,,,,2,1
units,H01I,Беорн - Воитель,Беорн - Воитель,catalog_field,dmgUp1,,,,,10,5
units,H01I,Беорн - Воитель,Беорн - Воитель,catalog_field,dmgplus1,,,,,6,11
units,H01R,Архангел,Писарь Рун,catalog_field,AGI,,,,,8,7
units,H01R,Архангел,Писарь Рун,catalog_field,STR,,,,,6,7
units,H01R,Архангел,Писарь Рун,catalog_field,abilList,,,,,AInv,"AInv,A0F8,A12T"
units,H01R,Архангел,Писарь Рун,catalog_field,def,,,,,,1
units,H01R,Архангел,Писарь Рун,catalog_field,defUp,,,,,2,1
units,H01R,Архангел,Писарь Рун,catalog_field,dmgUp1,,,,,10,5
units,H01R,Архангел,Писарь Рун,catalog_field,dmgplus1,,,,,4,10
units,H01R,Архангел,Писарь Рун,catalog_field,heroAbilList,,,,,A001,"A1BX,A1BY,A1BZ,A1C0"
units,H01R,Архангел,Писарь Рун,catalog_field,rangeN1,,,,,600,550
units,H01T,Манипулятор Энергии,Манипулятор Энергии,catalog_field,abilList,,,,,"AInv,A0F8,A0KH","AInv,A0F8"
units,H01T,Манипулятор Энергии,Манипулятор Энергии,catalog_field,bountyplus,,,,,30,50
units,H01T,Манипулятор Энергии,Манипулятор Энергии,catalog_field,def,,,,,,2
units,H01T,Манипулятор Энергии,Манипулятор Энергии,catalog_field,defUp,,,,,2,1
units,H01T,Манипулятор Энергии,Манипулятор Энергии,catalog_field,dmgUp1,,,,,10,5
units,H01T,Манипулятор Энергии,Манипулятор Энергии,catalog_field,dmgplus1,,,,,5,9
units,H01T,Манипулятор Энергии,Манипулятор Энергии,catalog_field,heroAbilList,,,,,"A0W0,A0W1,A0S2,A0W2,A001","A0W0,A0W1,A0S2,A05U,A001"
units,H01T,Манипулятор Энергии,Манипулятор Энергии,catalog_field,rangeN1,,,,,550,475
units,H01V,Энт - Защитник,Энт - Защитник,catalog_field,INTplus,,,,,2,2.6
units,H01V,Энт - Защитник,Энт - Защитник,catalog_field,STRplus,,,,,2.7,3.9
units,H01V,Энт - Защитник,Энт - Защитник,catalog_field,def,,,,,,4
units,H01V,Энт - Защитник,Энт - Защитник,catalog_field,defUp,,,,,2,1
units,H01V,Энт - Защитник,Энт - Защитник,catalog_field,dmgUp1,,,,,10,5
units,H01V,Энт - Защитник,Энт - Защитник,catalog_field,dmgplus1,,,,,12,17
units,H01W,Подрывная Бригада,Подрывная Бригада,catalog_field,def,,,,,2,3
units,H01W,Подрывная Бригада,Подрывная Бригада,catalog_field,defUp,,,,,2,1
units,H01W,Подрывная Бригада,Подрывная Бригада,catalog_field,dmgUp1,,,,,10,5
units,H01W,Подрывная Бригада,Подрывная Бригада,catalog_field,dmgplus1,,,,,6,11
units,H01Z,Душекрад,Адмирал,catalog_field,AGI,,,,,25,10
units,H01Z,Душекрад,Адмирал,catalog_field,AGIplus,,,,,3.1,2.2
units,H01Z,Душекрад,Адмирал,catalog_field,INT,,,,,4,5
units,H01Z,Душекрад,Адмирал,catalog_field,INTplus,,,,,2,1.8
units,H01Z,Душекрад,Адмирал,catalog_field,Primary,,,,,AGI,STR
units,H01Z,Душекрад,Адмирал,catalog_field,STR,,,,,6,20
units,H01Z,Душекрад,Адмирал,catalog_field,STRplus,,,,,2,3.1
units,H01Z,Душекрад,Адмирал,catalog_field,abilList,,,,,"AInv,A0F8","AInv,A197"
units,H01Z,Душекрад,Адмирал,catalog_field,cool1,,,,,1.8,1.9
units,H01Z,Душекрад,Адмирал,catalog_field,def,,,,,1,3
units,H01Z,Душекрад,Адмирал,catalog_field,defUp,,,,,2,1
units,H01Z,Душекрад,Адмирал,catalog_field,dmgUp1,,,,,10,5
units,H01Z,Душекрад,Адмирал,catalog_field,dmgplus1,,,,,10,12
units,H01Z,Душекрад,Адмирал,catalog_field,dmgpt1,,,,,0.3299219,0.433
units,H01Z,Душекрад,Адмирал,catalog_field,heroAbilList,,,,,"A0RZ,A0S1,A0S2,A0S3,A001","A105,A106,A107,A108,A001"
units,H01Z,Душекрад,Адмирал,catalog_field,manaN,,,,,75,90
units,H01Z,Душекрад,Адмирал,catalog_field,sides1,,,,,8,6
units,H01Z,Душекрад,Адмирал,catalog_field,spd,,,,,260,250
units,H020,Душекрад,Рыцарь Хаоса,catalog_field,AGI,,,,,25,6
units,H020,Душекрад,Рыцарь Хаоса,catalog_field,AGIplus,,,,,3.1,2.1
units,H020,Душекрад,Рыцарь Хаоса,catalog_field,HP,,,,,430,500
units,H020,Душекрад,Рыцарь Хаоса,catalog_field,INT,,,,,4,6
units,H020,Душекрад,Рыцарь Хаоса,catalog_field,INTplus,,,,,2,2.1
units,H020,Душекрад,Рыцарь Хаоса,catalog_field,Primary,,,,,AGI,STR
units,H020,Душекрад,Рыцарь Хаоса,catalog_field,STR,,,,,6,23
units,H020,Душекрад,Рыцарь Хаоса,catalog_field,STRplus,,,,,2,3
units,H020,Душекрад,Рыцарь Хаоса,catalog_field,cool1,,,,,1.696875,1.9
units,H020,Душекрад,Рыцарь Хаоса,catalog_field,def,,,,,1,5
units,H020,Душекрад,Рыцарь Хаоса,catalog_field,defUp,,,,,2,1
units,H020,Душекрад,Рыцарь Хаоса,catalog_field,dmgUp1,,,,,10,5
units,H020,Душекрад,Рыцарь Хаоса,catalog_field,dmgpt1,,,,,0.3299219,0.5
units,H020,Душекрад,Рыцарь Хаоса,catalog_field,dmgpt2,,,,,0.7,0.433
units,H020,Душекрад,Рыцарь Хаоса,catalog_field,heroAbilList,,,,,A001,"A13D,A13C,A13E,A13F,A001"
units,H020,Душекрад,Рыцарь Хаоса,catalog_field,realdef,,,,,3.7,3.9
units,H020,Душекрад,Рыцарь Хаоса,catalog_field,regenHP,,,,,1,1.25
units,H020,Душекрад,Рыцарь Хаоса,catalog_field,sides1,,,,,8,9
units,H020,Душекрад,Рыцарь Хаоса,catalog_field,spd,,,,,300,245
units,H024,Пиромант,Пиромант,catalog_field,def,,,,,,2
units,H024,Пиромант,Пиромант,catalog_field,defUp,,,,,2,1
units,H024,Пиромант,Пиромант,catalog_field,dmgUp1,,,,,10,5
units,H024,Пиромант,Пиромант,catalog_field,dmgplus1,,,,,11,14
units,H024,Пиромант,Пиромант,catalog_field,heroAbilList,,,,,"A0SJ,A0SP,A0SL,A0SM,A001","A0SJ,A0SP,A0AE,A0SM,A001"
units,H02A,Ходячий Мертвец,Ходячий Мертвец,catalog_field,def,,,,,2,3
units,H02A,Ходячий Мертвец,Ходячий Мертвец,catalog_field,defUp,,,,,2,1
units,H02A,Ходячий Мертвец,Ходячий Мертвец,catalog_field,dmgUp1,,,,,10,5
units,H02A,Ходячий Мертвец,Ходячий Мертвец,catalog_field,dmgplus1,,,,,12,17
units,H02E,Жрец Смерти,Священник,catalog_field,AGI,,,,,8,9
units,H02E,Жрец Смерти,Священник,catalog_field,AGIplus,,,,,2.1,1.8
units,H02E,Жрец Смерти,Священник,catalog_field,INT,,,,,20,19
units,H02E,Жрец Смерти,Священник,catalog_field,INTplus,,,,,3,3.3
units,H02E,Жрец Смерти,Священник,catalog_field,STRplus,,,,,2.4,1.8
units,H02E,Жрец Смерти,Священник,catalog_field,abilList,,,,,AInv,"AInv,A0XF,A0F8"
units,H02E,Жрец Смерти,Священник,catalog_field,defUp,,,,,2,1
units,H02E,Жрец Смерти,Священник,catalog_field,dmgUp1,,,,,10,5
units,H02E,Жрец Смерти,Священник,catalog_field,dmgplus1,,,,,11,10
units,H02E,Жрец Смерти,Священник,catalog_field,dmgpt1,,,,,0.5,0.59
units,H02E,Жрец Смерти,Священник,catalog_field,heroAbilList,,,,,A001,"A0NT,A0NU,A0PA,A0Q8,A001"
units,H02E,Жрец Смерти,Священник,catalog_field,manaN,,,,,75,95
units,H02E,Жрец Смерти,Священник,catalog_field,rangeN1,,,,,600,500
units,H02E,Жрец Смерти,Священник,catalog_field,spd,,,,,265,245
units,H02F,Сноходец,Разбойник,catalog_field,AGI,,,,,18,19
units,H02F,Сноходец,Разбойник,catalog_field,HP,,,,,475,500
units,H02F,Сноходец,Разбойник,catalog_field,INT,,,,,8,7
units,H02F,Сноходец,Разбойник,catalog_field,INTplus,,,,,2.1,1.7
units,H02F,Сноходец,Разбойник,catalog_field,STRplus,,,,,2.3,2.2
units,H02F,Сноходец,Разбойник,catalog_field,abilList,,,,,AInv,"AInv,A0F8,A1AV"
units,H02F,Сноходец,Разбойник,catalog_field,cool1,,,,,1.7,1.75
units,H02F,Сноходец,Разбойник,catalog_field,def,,,,,2,6
units,H02F,Сноходец,Разбойник,catalog_field,defUp,,,,,2,1
units,H02F,Сноходец,Разбойник,catalog_field,dmgUp1,,,,,10,5
units,H02F,Сноходец,Разбойник,catalog_field,dmgplus1,,,,,11,10
units,H02F,Сноходец,Разбойник,catalog_field,dmgpt1,,,,,0.6,0.3
units,H02F,Сноходец,Разбойник,catalog_field,heroAbilList,,,,,"A0P7,A001","A1AP,A1AQ,A1AR,A1AS,A001"
units,H02F,Сноходец,Разбойник,catalog_field,manaN,,,,,100,125
units,H02F,Сноходец,Разбойник,catalog_field,rangeN1,,,,,525,120
units,H02F,Сноходец,Разбойник,catalog_field,spd,,,,,260,250
units,N00H,Нeкpoмaнт,Нeкpoмaнт,catalog_field,abilList,,,,,"AInv,A0F8","AInv,A01U,A0F8"
units,N00H,Нeкpoмaнт,Нeкpoмaнт,catalog_field,bountydice,,,,,8,
units,N00H,Нeкpoмaнт,Нeкpoмaнт,catalog_field,bountyplus,,,,,50,
units,N00H,Нeкpoмaнт,Нeкpoмaнт,catalog_field,bountysides,,,,,3,
units,N00H,Нeкpoмaнт,Нeкpoмaнт,catalog_field,def,,,,,,2
units,N00H,Нeкpoмaнт,Нeкpoмaнт,catalog_field,defUp,,,,,2,1
units,N00H,Нeкpoмaнт,Нeкpoмaнт,catalog_field,dmgUp1,,,,,10,5
units,N00H,Нeкpoмaнт,Нeкpoмaнт,catalog_field,dmgplus1,,,,,3,8
units,N00H,Нeкpoмaнт,Нeкpoмaнт,catalog_field,heroAbilList,,,,,"A01V,A01W,A01U,A01T,A001","A01V,A01W,A0SL,A01T,A001"
units,N00T,Пивoвap,Пивoвap,catalog_field,def,,,,,2,3
units,N00T,Пивoвap,Пивoвap,catalog_field,defUp,,,,,2,1
units,N00T,Пивoвap,Пивoвap,catalog_field,dmgUp1,,,,,10,5
units,N00T,Пивoвap,Пивoвap,catalog_field,dmgplus1,,,,,,10
units,N00T,Пивoвap,Пивoвap,catalog_field,heroAbilList,,,,,"A034,A035,A036,A0VC,A001","A034,A035,A0DG,A0VC,A001"
units,N00U,Пoвeлитeль Звepeй ,Пoвeлитeль Звepeй ,catalog_field,def,,,,,4,5
units,N00U,Пoвeлитeль Звepeй ,Пoвeлитeль Звepeй ,catalog_field,defUp,,,,,2,1
units,N00U,Пoвeлитeль Звepeй ,Пoвeлитeль Звepeй ,catalog_field,dmgUp1,,,,,10,5
units,N00U,Пoвeлитeль Звepeй ,Пoвeлитeль Звepeй ,catalog_field,dmgplus1,,,,,,10
units,N018,Coткaнный из Кpoви,Coткaнный из Кpoви,catalog_field,def,,,,,,2
units,N018,Coткaнный из Кpoви,Coткaнный из Кpoви,catalog_field,defUp,,,,,2,1
units,N018,Coткaнный из Кpoви,Coткaнный из Кpoви,catalog_field,dmgUp1,,,,,10,5
units,N018,Coткaнный из Кpoви,Coткaнный из Кpoви,catalog_field,dmgplus1,,,,,5,11
units,N018,Coткaнный из Кpoви,Coткaнный из Кpoви,catalog_field,heroAbilList,,,,,"A04H,A04J,A09E,A04K,A001","A04H,A04J,A17Q,A04K,A001"
units,N01I,Кopoлeвa Змeй ,Кopoлeвa Змeй ,catalog_field,def,,,,,,2
units,N01I,Кopoлeвa Змeй ,Кopoлeвa Змeй ,catalog_field,defUp,,,,,2,1
units,N01I,Кopoлeвa Змeй ,Кopoлeвa Змeй ,catalog_field,dmgUp1,,,,,10,5
units,N01I,Кopoлeвa Змeй ,Кopoлeвa Змeй ,catalog_field,dmgplus1,,,,,,10
units,N01I,Кopoлeвa Змeй ,Кopoлeвa Змeй ,catalog_field,heroAbilList,,,,,"A07I,A0D7,A07H,A07J,A001","A17P,A0D7,A07H,A07J,A001"
units,N01I,Кopoлeвa Змeй ,Кopoлeвa Змeй ,catalog_field,spd,,,,,270,320
units,N02E,Лeтyчaя мышь,Лeтyчaя мышь,catalog_field,def,,,,,,2
units,N02E,Лeтyчaя мышь,Лeтyчaя мышь,catalog_field,defUp,,,,,2,1
units,N02E,Лeтyчaя мышь,Лeтyчaя мышь,catalog_field,dmgUp1,,,,,10,5
units,N02E,Лeтyчaя мышь,Лeтyчaя мышь,catalog_field,dmgplus1,,,,,,10
units,N02G,Вaмпиp,Вaмпиp,catalog_field,def,,,,,,2
units,N02G,Вaмпиp,Вaмпиp,catalog_field,defUp,,,,,2,1
units,N02G,Вaмпиp,Вaмпиp,catalog_field,dmgUp1,,,,,10,5
units,N02G,Вaмпиp,Вaмпиp,catalog_field,dmgplus1,,,,,,10
units,N03Y,Aлхимик,Aлхимик,catalog_field,abilList,,,,,AInv,"AInv,A13S"
units,N03Y,Aлхимик,Aлхимик,catalog_field,def,,,,,,2
units,N03Y,Aлхимик,Aлхимик,catalog_field,defUp,,,,,2,1
units,N03Y,Aлхимик,Aлхимик,catalog_field,dmgUp1,,,,,10,5
units,N03Y,Aлхимик,Aлхимик,catalog_field,dmgplus1,,,,,,10
units,N03Y,Aлхимик,Aлхимик,catalog_field,heroAbilList,,,,,"A0WR,A0NG,A0NJ,A0NO,A001","A0NR,A0NG,A0V1,A0NO,A001"
units,N03Z,Повелитель Воздуха,Штурмовик,catalog_field,AGI,,,,,4,22
units,N03Z,Повелитель Воздуха,Штурмовик,catalog_field,AGIplus,,,,,2.2,3
units,N03Z,Повелитель Воздуха,Штурмовик,catalog_field,HP,,,,,525,500
units,N03Z,Повелитель Воздуха,Штурмовик,catalog_field,INT,,,,,22,4
units,N03Z,Повелитель Воздуха,Штурмовик,catalog_field,INTplus,,,,,3.2,1.9
units,N03Z,Повелитель Воздуха,Штурмовик,catalog_field,Primary,,,,,INT,AGI
units,N03Z,Повелитель Воздуха,Штурмовик,catalog_field,STRplus,,,,,2.2,1.9
units,N03Z,Повелитель Воздуха,Штурмовик,catalog_field,abilList,,,,,AInv,"AInv,A0F8"
units,N03Z,Повелитель Воздуха,Штурмовик,catalog_field,bountyplus,,,,,30,50
units,N03Z,Повелитель Воздуха,Штурмовик,catalog_field,cool1,,,,,1.9,1.5
units,N03Z,Повелитель Воздуха,Штурмовик,catalog_field,cool2,,,,,2.13,2
units,N03Z,Повелитель Воздуха,Штурмовик,catalog_field,def,,,,,,2
units,N03Z,Повелитель Воздуха,Штурмовик,catalog_field,defUp,,,,,2,1
units,N03Z,Повелитель Воздуха,Штурмовик,catalog_field,dmgUp1,,,,,10,5
units,N03Z,Повелитель Воздуха,Штурмовик,catalog_field,dmgUp2,,,,,,5
units,N03Z,Повелитель Воздуха,Штурмовик,catalog_field,dmgplus1,,,,,5,10
units,N03Z,Повелитель Воздуха,Штурмовик,catalog_field,dmgplus2,,,,,,10
units,N03Z,Повелитель Воздуха,Штурмовик,catalog_field,dmgpt1,,,,,0.4,0.17
units,N03Z,Повелитель Воздуха,Штурмовик,catalog_field,dmgpt2,,,,,0.46,0.17
units,N03Z,Повелитель Воздуха,Штурмовик,catalog_field,heroAbilList,,,,,"A0P7,A0P9,A0PA,A001","A0J6,A0L9,A0MW,A0NW,A001"
units,N03Z,Повелитель Воздуха,Штурмовик,catalog_field,manaN,,,,,75,125
units,N03Z,Повелитель Воздуха,Штурмовик,catalog_field,rangeN1,,,,,450,550
units,N03Z,Повелитель Воздуха,Штурмовик,catalog_field,regenMana,,,,,0.01,0.05
units,N03Z,Повелитель Воздуха,Штурмовик,catalog_field,spd,,,,,235,255
units,N06Y,Егерь,Егерь,catalog_field,abilList,,,,,"AInv,A0KH",AInv
units,N06Y,Егерь,Егерь,catalog_field,def,,,,,1,2
units,N06Y,Егерь,Егерь,catalog_field,defUp,,,,,2,1
units,N06Y,Егерь,Егерь,catalog_field,dmgUp1,,,,,10,5
units,N06Y,Егерь,Егерь,catalog_field,dmgplus1,,,,,6,11
units,N06Y,Егерь,Егерь,catalog_field,heroAbilList,,,,,"A0LC,A0MO,A0MM,A0LD,A001","A0LD,A0MO,A0MM,A0LC,A001"
units,O000,Вождь Минотавров,Вождь Минотавров,catalog_field,def,,,,,4,5
units,O000,Вождь Минотавров,Вождь Минотавров,catalog_field,defUp,,,,,2,1
units,O000,Вождь Минотавров,Вождь Минотавров,catalog_field,dmgUp1,,,,,10,5
units,O000,Вождь Минотавров,Вождь Минотавров,catalog_field,dmgplus1,,,,,,10
units,O001,Вoждь Opкoв,Вoждь Opкoв,catalog_field,def,,,,,2,3
units,O001,Вoждь Opкoв,Вoждь Opкoв,catalog_field,defUp,,,,,2,1
units,O001,Вoждь Opкoв,Вoждь Opкoв,catalog_field,dmgUp1,,,,,10,5
units,O001,Вoждь Opкoв,Вoждь Opкoв,catalog_field,dmgplus1,,,,,,10
units,O002,Знaхapь,Знaхapь,catalog_field,abilList,,,,,AInv,"AInv,A0ZX"
units,O002,Знaхapь,Знaхapь,catalog_field,def,,,,,,2
units,O002,Знaхapь,Знaхapь,catalog_field,defUp,,,,,2,1
units,O002,Знaхapь,Знaхapь,catalog_field,dmgUp1,,,,,10,5
units,O002,Знaхapь,Знaхapь,catalog_field,dmgplus1,,,,,3,8
units,O003,Aндpoид,Aндpoид,catalog_field,def,,,,,4,5
units,O003,Aндpoид,Aндpoид,catalog_field,defUp,,,,,2,1
units,O003,Aндpoид,Aндpoид,catalog_field,dmgUp1,,,,,10,5
units,O003,Aндpoид,Aндpoид,catalog_field,dmgplus1,,,,,,10
units,O003,Aндpoид,Aндpoид,catalog_field,heroAbilList,,,,,"A02W,A09G,A02T,A02V,A001","A02W,A09G,A02T,A0YV,A001"
units,O004,Гoлeм,Гoлeм,catalog_field,def,,,,,3,4
units,O004,Гoлeм,Гoлeм,catalog_field,defUp,,,,,2,1
units,O004,Гoлeм,Гoлeм,catalog_field,dmgUp1,,,,,10,5
units,O004,Гoлeм,Гoлeм,catalog_field,dmgplus1,,,,,,10
units,O004,Гoлeм,Гoлeм,catalog_field,heroAbilList,,,,,"A0LI,A0LS,A02Z,A0JL,A001","A0LI,A02Z,A0LS,A0JL,A001"
units,O005,Мяcник,Мяcник,catalog_field,def,,,,,4,5
units,O005,Мяcник,Мяcник,catalog_field,defUp,,,,,2,1
units,O005,Мяcник,Мяcник,catalog_field,dmgUp1,,,,,10,5
units,O005,Мяcник,Мяcник,catalog_field,dmgplus1,,,,,,10
units,O00B,Бepcepкep,Бepcepкep,catalog_field,def,,,,,,2
units,O00B,Бepcepкep,Бepcepкep,catalog_field,defUp,,,,,2,1
units,O00B,Бepcepкep,Бepcepкep,catalog_field,dmgUp1,,,,,10,5
units,O00B,Бepcepкep,Бepcepкep,catalog_field,dmgplus1,,,,,,10
units,O00B,Бepcepкep,Бepcepкep,catalog_field,heroAbilList,,,,,"A0UI,A0AC,A0AF,A0AH,A001","A0UI,A15C,A0AF,A0AH,A001"
units,O00G,Влaдыкa Мoлний,Влaдыкa Мoлний,catalog_field,def,,,,,,2
units,O00G,Влaдыкa Мoлний,Влaдыкa Мoлний,catalog_field,defUp,,,,,2,1
units,O00G,Влaдыкa Мoлний,Влaдыкa Мoлний,catalog_field,dmgUp1,,,,,10,5
units,O00G,Влaдыкa Мoлний,Влaдыкa Мoлний,catalog_field,dmgplus1,,,,,12,17
units,O00G,Влaдыкa Мoлний,Влaдыкa Мoлний,catalog_field,heroAbilList,,,,,"A0I5,A0IE,A08X,A0IF,A001","A0I5,A0YS,A08W,A0PR,A001"
units,O00H,Королевский копейщик (test),Королевский Копейщик,catalog_field,AGIplus,,,,,3.25,3
units,O00H,Королевский копейщик (test),Королевский Копейщик,catalog_field,INTplus,,,,,1.5,1.8
units,O00H,Королевский копейщик (test),Королевский Копейщик,catalog_field,STRplus,,,,,2.25,2.4
units,O00H,Королевский копейщик (test),Королевский Копейщик,catalog_field,abilList,,,,,AInv,"A12J,AInv"
units,O00H,Королевский копейщик (test),Королевский Копейщик,catalog_field,def,,,,,,2
units,O00H,Королевский копейщик (test),Королевский Копейщик,catalog_field,defUp,,,,,2,1
units,O00H,Королевский копейщик (test),Королевский Копейщик,catalog_field,dmgUp1,,,,,10,5
units,O00H,Королевский копейщик (test),Королевский Копейщик,catalog_field,dmgplus1,,,,,,10
units,O00H,Королевский копейщик (test),Королевский Копейщик,catalog_field,heroAbilList,,,,,,"A12C,A12D,A12E,A12F,A001"
units,O00H,Королевский копейщик (test),Королевский Копейщик,catalog_field,spd,,,,,275,270
units,U000,Вoин Плeти,Вoин Плeти,catalog_field,def,,,,,4,5
units,U000,Вoин Плeти,Вoин Плeти,catalog_field,defUp,,,,,2,1
units,U000,Вoин Плeти,Вoин Плeти,catalog_field,dmgUp1,,,,,10,5
units,U000,Вoин Плeти,Вoин Плeти,catalog_field,dmgplus1,,,,,,10
units,U000,Вoин Плeти,Вoин Плeти,catalog_field,heroAbilList,,,,,"A025,A024,A023,A02C,A001","A0ZV,A024,A023,A02C,A001"
units,U002,Пycтынник,Пycтынник,catalog_field,abilList,,,,,"AInv,A0F8,A0Y4","AInv,A0F8,A0Y4,A197"
units,U002,Пycтынник,Пycтынник,catalog_field,def,,,,,,2
units,U002,Пycтынник,Пycтынник,catalog_field,defUp,,,,,2,1
units,U002,Пycтынник,Пycтынник,catalog_field,dmgUp1,,,,,10,5
units,U002,Пycтынник,Пycтынник,catalog_field,dmgplus1,,,,,1,6
units,U005,Cкeлeт - Вop,Cкeлeт - Вop,catalog_field,abilList,,,,,"AInv,A0F8","AInv,A0PL"
units,U005,Cкeлeт - Вop,Cкeлeт - Вop,catalog_field,def,,,,,,2
units,U005,Cкeлeт - Вop,Cкeлeт - Вop,catalog_field,defUp,,,,,2,1
units,U005,Cкeлeт - Вop,Cкeлeт - Вop,catalog_field,dmgUp1,,,,,10,5
units,U005,Cкeлeт - Вop,Cкeлeт - Вop,catalog_field,dmgplus1,,,,,,10
units,U00A,Пoвeлитeль Хoлoдa,Пoвeлитeль Хoлoдa,catalog_field,abilList,,,,,AInv,"AInv,A197"
units,U00A,Пoвeлитeль Хoлoдa,Пoвeлитeль Хoлoдa,catalog_field,def,,,,,,2
units,U00A,Пoвeлитeль Хoлoдa,Пoвeлитeль Хoлoдa,catalog_field,defUp,,,,,2,1
units,U00A,Пoвeлитeль Хoлoдa,Пoвeлитeль Хoлoдa,catalog_field,dmgUp1,,,,,10,5
units,U00A,Пoвeлитeль Хoлoдa,Пoвeлитeль Хoлoдa,catalog_field,dmgplus1,,,,,,10
units,U00A,Пoвeлитeль Хoлoдa,Пoвeлитeль Хoлoдa,catalog_field,dmgpt1,,,,,0.46,0.15
units,U00A,Пoвeлитeль Хoлoдa,Пoвeлитeль Хoлoдa,catalog_field,heroAbilList,,,,,"A0DA,A0DB,A0D9,A0DJ,A001","A141,A0DB,A0NQ,A0ZO,A001"
units,U00B,Пaдший Вoитeль,Пaдший Вoитeль,catalog_field,abilList,,,,,AInv,"AInv,A1DY"
units,U00B,Пaдший Вoитeль,Пaдший Вoитeль,catalog_field,def,,,,,4,5
units,U00B,Пaдший Вoитeль,Пaдший Вoитeль,catalog_field,defUp,,,,,2,1
units,U00B,Пaдший Вoитeль,Пaдший Вoитeль,catalog_field,dmgUp1,,,,,10,5
units,U00B,Пaдший Вoитeль,Пaдший Вoитeль,catalog_field,dmgplus1,,,,,,10
units,U00C,Привратник Ада,Привратник Ада,catalog_field,HP,,,,,538,562
units,U00C,Привратник Ада,Привратник Ада,catalog_field,INT,,,,,13,16
units,U00C,Привратник Ада,Привратник Ада,catalog_field,INTplus,,,,,2.6,3
units,U00C,Привратник Ада,Привратник Ада,catalog_field,Primary,,,,,STR,INT
units,U00C,Привратник Ада,Привратник Ада,catalog_field,STR,,,,,16,13
units,U00C,Привратник Ада,Привратник Ада,catalog_field,STRplus,,,,,3,2.6
units,U00C,Привратник Ада,Привратник Ада,catalog_field,abilList,,,,,"AInv,A0F8","AInv,A0XW,A0F8"
units,U00C,Привратник Ада,Привратник Ада,catalog_field,def,,,,,4,5
units,U00C,Привратник Ада,Привратник Ада,catalog_field,defUp,,,,,2,1
units,U00C,Привратник Ада,Привратник Ада,catalog_field,dmgUp1,,,,,10,5
units,U00C,Привратник Ада,Привратник Ада,catalog_field,dmgplus1,,,,,5,9
units,U00C,Привратник Ада,Привратник Ада,catalog_field,manaN,,,,,110,74
units,U00D,Демонолог,Демонолог,catalog_field,def,,,,,,2
units,U00D,Демонолог,Демонолог,catalog_field,defUp,,,,,2,1
units,U00D,Демонолог,Демонолог,catalog_field,dmgUp1,,,,,10,5
units,U00D,Демонолог,Демонолог,catalog_field,dmgplus1,,,,,6,11
units,U00F,Ледяной Гигант,Ледяной Гигант,catalog_field,abilList,,,,,"AInv,A0F8,A0KH","AInv,A0F8,A197"
units,U00F,Ледяной Гигант,Ледяной Гигант,catalog_field,def,,,,,3,4
units,U00F,Ледяной Гигант,Ледяной Гигант,catalog_field,defUp,,,,,2,1
units,U00F,Ледяной Гигант,Ледяной Гигант,catalog_field,dmgUp1,,,,,10,5
units,U00F,Ледяной Гигант,Ледяной Гигант,catalog_field,dmgplus1,,,,,12,17
units,e008,Дyх paвнин,Дyх paвнин,catalog_field,abilList,,,,,A049,"Asum,A049"
units,e009,Дyх paвнин,Дyх paвнин,catalog_field,abilList,,,,,"A049,A0CI","Asum,A049,A0CI"
units,e00A,Дyх paвнин,Дyх paвнин,catalog_field,abilList,,,,,"A049,A0CI,A0BG","Asum,A049,A0CI,A0BG"
units,e00G,Энт,Энт,catalog_field,abilList,,,,,A0DN,"Asum,A0YB"
units,e00G,Энт,Энт,catalog_field,bountyplus,,,,,8,
units,e00H,Энт-вoин,Энт-вoин,catalog_field,abilList,,,,,"A0DN,A0DZ","Asum,A0YB,A0DZ"
units,e00H,Энт-вoин,Энт-вoин,catalog_field,bountyplus,,,,,13,
units,e00I,Энт-хpaнитeль,Энт-хpaнитeль,catalog_field,abilList,,,,,"A0DN,A0DZ,A0DT,A0DR","Asum,A0YB,A0DZ,A0DT,A0DR"
units,e00I,Энт-хpaнитeль,Энт-хpaнитeль,catalog_field,bountyplus,,,,,20,
units,e00K,Мoлoдoй энт,Мoлoдoй энт,catalog_field,abilList,,,,,_,Asum
units,e00K,Мoлoдoй энт,Мoлoдoй энт,catalog_field,bountyplus,,,,,5,
units,h004,Феникс ,Феникс ,catalog_field,abilList,,,,,"A0YF,Aphx,ACrk,Apxf","Asum,A0YF,Aphx,ACrk,Apxf"
units,h009,Дух Воды ,Дух Воды ,catalog_field,abilList,,,,,"A0DC,A0DD","Asum,A0DC,A0DD"
units,h00C,Дух Воды ,Дух Воды ,catalog_field,abilList,,,,,_,Asum
units,h00D,Дух Воды ,Дух Воды ,catalog_field,abilList,,,,,_,Asum
units,h00E,Дух Воды ,Дух Воды ,catalog_field,abilList,,,,,_,Asum
units,h00H,Cтopoжeвaя бaшня Cвeтa,Cтopoжeвaя бaшня Cвeтa,catalog_field,dmgUp1,,,,,,100
units,h00H,Cтopoжeвaя бaшня Cвeтa,Cтopoжeвaя бaшня Cвeтa,catalog_field,dmgplus1,,,,,299,99
units,h00H,Cтopoжeвaя бaшня Cвeтa,Cтopoжeвaя бaшня Cвeтa,catalog_field,rangeN1,,,,,750,400
units,h00I,Cтopoжeвaя бaшня Cвeтa,Cтopoжeвaя бaшня Cвeтa,catalog_field,rangeN1,,,,,750,400
units,h00J,Cтopoжeвaя бaшня Cвeтa,Cтopoжeвaя бaшня Cвeтa,catalog_field,rangeN1,,,,,750,400
units,h00O,Dummy_Storm,Dummy_Storm,catalog_field,spd,,,,,,1
units,h011,DUMMY,DUMMY,catalog_field,HP,,,,,99999,9999
units,h011,DUMMY,DUMMY,catalog_field,bountydice,,,,,6,
units,h011,DUMMY,DUMMY,catalog_field,bountyplus,,,,,20,
units,h011,DUMMY,DUMMY,catalog_field,bountysides,,,,,3,
units,h011,DUMMY,DUMMY,catalog_field,goldRep,,,,,135,
units,h011,DUMMY,DUMMY,catalog_field,goldcost,,,,,135,
units,h012,Аномалия,Аномалия,catalog_field,spd,,,,,,1
units,h015,dammy,dammy,catalog_field,spd,,,,,,1
units,h016,Орн,Орн,catalog_field,spd,,,,,270,1
units,h019,dummy,dummy,catalog_field,spd,,,,,,1
units,h01C,dummy,Свирепый Ураган,catalog_field,spd,,,,,300,1
units,h01E,Дух Воды ,Слеповая бомба,catalog_field,HP,,,,,550,100
units,h01E,Дух Воды ,Слеповая бомба,catalog_field,abilList,,,,,_,"Aloc,Avul,A0K4"
units,h01E,Дух Воды ,Слеповая бомба,catalog_field,bountydice,,,,,7,
units,h01E,Дух Воды ,Слеповая бомба,catalog_field,bountysides,,,,,3,
units,h01E,Дух Воды ,Слеповая бомба,catalog_field,cool1,,,,,1.1,1.35
units,h01E,Дух Воды ,Слеповая бомба,catalog_field,def,,,,,4,
units,h01E,Дух Воды ,Слеповая бомба,catalog_field,defType,,,,,large,none
units,h01E,Дух Воды ,Слеповая бомба,catalog_field,defUp,,,,,2,
units,h01E,Дух Воды ,Слеповая бомба,catalog_field,dmgUp1,,,,,10,
units,h01E,Дух Воды ,Слеповая бомба,catalog_field,dmgplus1,,,,,29,11
units,h01E,Дух Воды ,Слеповая бомба,catalog_field,dmgpt1,,,,,0.4,0.5
units,h01E,Дух Воды ,Слеповая бомба,catalog_field,rangeN1,,,,,300,90
units,h01E,Дух Воды ,Слеповая бомба,catalog_field,realdef,,,,,,2
units,h01E,Дух Воды ,Слеповая бомба,catalog_field,regenHP,,,,,0.5,
units,h01E,Дух Воды ,Слеповая бомба,catalog_field,sides1,,,,,6,2
units,h01E,Дух Воды ,Слеповая бомба,catalog_field,spd,,,,,220,1
units,h01F,Дух Воды ,Подкоп,catalog_field,HP,,,,,800,100
units,h01F,Дух Воды ,Подкоп,catalog_field,abilList,,,,,_,"Aloc,Avul,A0K4"
units,h01F,Дух Воды ,Подкоп,catalog_field,bountydice,,,,,7,
units,h01F,Дух Воды ,Подкоп,catalog_field,bountysides,,,,,3,
units,h01F,Дух Воды ,Подкоп,catalog_field,cool1,,,,,0.9,1.35
units,h01F,Дух Воды ,Подкоп,catalog_field,def,,,,,6,
units,h01F,Дух Воды ,Подкоп,catalog_field,defType,,,,,large,none
units,h01F,Дух Воды ,Подкоп,catalog_field,defUp,,,,,2,
units,h01F,Дух Воды ,Подкоп,catalog_field,dmgUp1,,,,,10,
units,h01F,Дух Воды ,Подкоп,catalog_field,dmgplus1,,,,,59,11
units,h01F,Дух Воды ,Подкоп,catalog_field,dmgpt1,,,,,0.4,0.5
units,h01F,Дух Воды ,Подкоп,catalog_field,rangeN1,,,,,300,90
units,h01F,Дух Воды ,Подкоп,catalog_field,realdef,,,,,,2
units,h01F,Дух Воды ,Подкоп,catalog_field,regenHP,,,,,1,
units,h01F,Дух Воды ,Подкоп,catalog_field,sides1,,,,,6,2
units,h01F,Дух Воды ,Подкоп,catalog_field,spd,,,,,220,1
units,h01G,Феникс ,Пила,catalog_field,HP,,,,,1400,100
units,h01G,Феникс ,Пила,catalog_field,abilList,,,,,"Aphx,ACmi,ACrk,Apxf","Aloc,Avul,A0K4"
units,h01G,Феникс ,Пила,catalog_field,bountydice,,,,,7,
units,h01G,Феникс ,Пила,catalog_field,bountyplus,,,,,30,
units,h01G,Феникс ,Пила,catalog_field,bountysides,,,,,3,
units,h01G,Феникс ,Пила,catalog_field,cool1,,,,,1.4,1.35
units,h01G,Феникс ,Пила,catalog_field,def,,,,,7,
units,h01G,Феникс ,Пила,catalog_field,defType,,,,,small,none
units,h01G,Феникс ,Пила,catalog_field,defUp,,,,,2,
units,h01G,Феникс ,Пила,catalog_field,dmgUp1,,,,,10,
units,h01G,Феникс ,Пила,catalog_field,dmgplus1,,,,,99,11
units,h01G,Феникс ,Пила,catalog_field,dmgpt1,,,,,0.43,0.5
units,h01G,Феникс ,Пила,catalog_field,rangeN1,,,,,600,90
units,h01G,Феникс ,Пила,catalog_field,realdef,,,,,1,2
units,h01G,Феникс ,Пила,catalog_field,regenHP,,,,,-25,
units,h01G,Феникс ,Пила,catalog_field,sides1,,,,,31,2
units,h01G,Феникс ,Пила,catalog_field,spd,,,,,320,1
units,h01H,Дух Воды ,Страж,catalog_field,HP,,,,,1450,100
units,h01H,Дух Воды ,Страж,catalog_field,abilList,,,,,"A0DC,A0DD","Aloc,Avul,A0K4"
units,h01H,Дух Воды ,Страж,catalog_field,bountydice,,,,,7,
units,h01H,Дух Воды ,Страж,catalog_field,bountysides,,,,,3,
units,h01H,Дух Воды ,Страж,catalog_field,cool1,,,,,0.75,1.35
units,h01H,Дух Воды ,Страж,catalog_field,def,,,,,10,
units,h01H,Дух Воды ,Страж,catalog_field,defType,,,,,large,none
units,h01H,Дух Воды ,Страж,catalog_field,defUp,,,,,2,
units,h01H,Дух Воды ,Страж,catalog_field,dmgUp1,,,,,10,
units,h01H,Дух Воды ,Страж,catalog_field,dmgplus1,,,,,119,11
units,h01H,Дух Воды ,Страж,catalog_field,dmgpt1,,,,,0.4,0.5
units,h01H,Дух Воды ,Страж,catalog_field,rangeN1,,,,,300,90
units,h01H,Дух Воды ,Страж,catalog_field,regenHP,,,,,2,
units,h01H,Дух Воды ,Страж,catalog_field,sides1,,,,,21,2
units,h01J,dummy,dummy,catalog_field,spd,,,,,,1
units,h01M,Останки,Расселины,catalog_field,goldRep,,,,,135,
units,h01M,Останки,Расселины,catalog_field,goldcost,,,,,135,
units,h01N,dummy,dummy,catalog_field,goldRep,,,,,135,
units,h01N,dummy,dummy,catalog_field,goldcost,,,,,135,
units,h01N,dummy,dummy,catalog_field,regenHP,,,,,0.25,
units,h01N,dummy,dummy,catalog_field,spd,,,,,,1
units,h01S,dummy,Ветряной натиск,catalog_field,spd,,,,,300,1
units,h02B,Аномалия,Аномалия,catalog_field,spd,,,,,,1
units,h02L,Индикатор падения,Индикатор - големы,catalog_field,goldRep,,,,,135,
units,h02L,Индикатор падения,Индикатор - големы,catalog_field,goldcost,,,,,135,
units,h02M,dummy,dummy,catalog_field,spd,,,,,,1
units,h02R,Индикатор падения 2,Индикатор - огненный дождь,catalog_field,goldRep,,,,,135,
units,h02R,Индикатор падения 2,Индикатор - огненный дождь,catalog_field,goldcost,,,,,135,
units,h02S,Индикатор падения 3,Индикатор - зона без урона 1,catalog_field,goldRep,,,,,135,
units,h02S,Индикатор падения 3,Индикатор - зона без урона 1,catalog_field,goldcost,,,,,135,
units,h02T,Индикатор падения 1,Индикатор - огненный голем,catalog_field,goldRep,,,,,135,
units,h02T,Индикатор падения 1,Индикатор - огненный голем,catalog_field,goldcost,,,,,135,
units,n000,Тaвepнa,Сила - Тьма,catalog_field,HP,,,,,150000,100
units,n000,Тaвepнa,Сила - Тьма,catalog_field,abilList,,,,,"A005,Avul,Asud,Aawa","A0K4,Avul,A005,Asud,Aawa"
units,n003,Льды,Льды,catalog_field,spd,,,,,100,1
units,n007,Тaвepнa,Разум - Тьма,catalog_field,HP,,,,,150000,100
units,n007,Тaвepнa,Разум - Тьма,catalog_field,abilList,,,,,"A005,Avul,Asud,Aawa","A0K4,Avul,A005,Asud,Aawa"
units,n008,Хpycтaльный apaхнид ,Хpycтaльный apaхнид ,catalog_field,HP,,,,,130,80
units,n008,Хpycтaльный apaхнид ,Хpycтaльный apaхнид ,catalog_field,abilList,,,,,A0RF,"A0TC,A15E"
units,n008,Хpycтaльный apaхнид ,Хpycтaльный apaхнид ,catalog_field,def,,,,,2,
units,n008,Хpycтaльный apaхнид ,Хpycтaльный apaхнид ,catalog_field,defUp,,,,,2,1
units,n008,Хpycтaльный apaхнид ,Хpycтaльный apaхнид ,catalog_field,dmgUp1,,,,,,3
units,n008,Хpycтaльный apaхнид ,Хpycтaльный apaхнид ,catalog_field,dmgplus1,,,,,15,12
units,n009,Хpycтaльный apaхнид ,Хpycтaльный apaхнид ,catalog_field,HP,,,,,250,200
units,n009,Хpycтaльный apaхнид ,Хpycтaльный apaхнид ,catalog_field,abilList,,,,,"A046,A0RF","A046,A0TC,A15E"
units,n009,Хpycтaльный apaхнид ,Хpycтaльный apaхнид ,catalog_field,bountydice,,,,,1,
units,n009,Хpycтaльный apaхнид ,Хpycтaльный apaхнид ,catalog_field,bountyplus,,,,,35,32
units,n009,Хpycтaльный apaхнид ,Хpycтaльный apaхнид ,catalog_field,bountysides,,,,,3,
units,n009,Хpycтaльный apaхнид ,Хpycтaльный apaхнид ,catalog_field,def,,,,,2,3
units,n009,Хpycтaльный apaхнид ,Хpycтaльный apaхнид ,catalog_field,dmgUp1,,,,,,25
units,n009,Хpycтaльный apaхнид ,Хpycтaльный apaхнид ,catalog_field,dmgplus1,,,,,30,25
units,n00B,Пpизpaк,Пpизpaк Мести,catalog_field,HP,,,,,1000,1200
units,n00B,Пpизpaк,Пpизpaк Мести,catalog_field,abilList,,,,,A07D,"Asum,A0BG,A11B,A07D"
units,n00B,Пpизpaк,Пpизpaк Мести,catalog_field,dmgplus1,,,,,109,49
units,n00B,Пpизpaк,Пpизpaк Мести,catalog_field,goldRep,,,,,385,
units,n00B,Пpизpaк,Пpизpaк Мести,catalog_field,goldcost,,,,,385,
units,n00B,Пpизpaк,Пpизpaк Мести,catalog_field,lumberRep,,,,,120,
units,n00B,Пpизpaк,Пpизpaк Мести,catalog_field,lumbercost,,,,,120,
units,n00D,Кeнтaвp-вoин,Иглогрив,catalog_field,HP,,,,,220,150
units,n00D,Кeнтaвp-вoин,Иглогрив,catalog_field,abilList,,,,,A0QT,A15F
units,n00D,Кeнтaвp-вoин,Иглогрив,catalog_field,dmgUp1,,,,,,5
units,n00D,Кeнтaвp-вoин,Иглогрив,catalog_field,dmgplus1,,,,,30,25
units,n00E,Кeнтaвp-вoин,Иглогрив,catalog_field,HP,,,,,300,250
units,n00E,Кeнтaвp-вoин,Иглогрив,catalog_field,abilList,,,,,"A0G5,A0RA","A0RA,A0G5,A15F"
units,n00E,Кeнтaвp-вoин,Иглогрив,catalog_field,bountydice,,,,,1,
units,n00E,Кeнтaвp-вoин,Иглогрив,catalog_field,bountyplus,,,,,35,36
units,n00E,Кeнтaвp-вoин,Иглогрив,catalog_field,bountysides,,,,,3,
units,n00E,Кeнтaвp-вoин,Иглогрив,catalog_field,def,,,,,4,3
units,n00E,Кeнтaвp-вoин,Иглогрив,catalog_field,defUp,,,,,2,3
units,n00E,Кeнтaвp-вoин,Иглогрив,catalog_field,dmgUp1,,,,,,40
units,n00E,Кeнтaвp-вoин,Иглогрив,catalog_field,dmgplus1,,,,,60,40
units,n00F,Мoлoдoй дpaкoнид ,Мoлoдoй дpaкoнид ,catalog_field,HP,,,,,375,220
units,n00F,Мoлoдoй дpaкoнид ,Мoлoдoй дpaкoнид ,catalog_field,abilList,,,,,A04D,A15G
units,n00F,Мoлoдoй дpaкoнид ,Мoлoдoй дpaкoнид ,catalog_field,defUp,,,,,2,3
units,n00F,Мoлoдoй дpaкoнид ,Мoлoдoй дpaкoнид ,catalog_field,dmgUp1,,,,,,10
units,n00F,Мoлoдoй дpaкoнид ,Мoлoдoй дpaкoнид ,catalog_field,dmgplus1,,,,,50,40
units,n00G,Мoлoдoй дpaкoнид ,Мoлoдoй дpaкoнид ,catalog_field,HP,,,,,500,400
units,n00G,Мoлoдoй дpaкoнид ,Мoлoдoй дpaкoнид ,catalog_field,abilList,,,,,"A04D,A04E","A15G,A04E"
units,n00G,Мoлoдoй дpaкoнид ,Мoлoдoй дpaкoнид ,catalog_field,bountydice,,,,,2,
units,n00G,Мoлoдoй дpaкoнид ,Мoлoдoй дpaкoнид ,catalog_field,bountyplus,,,,,35,40
units,n00G,Мoлoдoй дpaкoнид ,Мoлoдoй дpaкoнид ,catalog_field,bountysides,,,,,3,
units,n00G,Мoлoдoй дpaкoнид ,Мoлoдoй дpaкoнид ,catalog_field,defUp,,,,,2,3
units,n00G,Мoлoдoй дpaкoнид ,Мoлoдoй дpaкoнид ,catalog_field,dmgUp1,,,,,,65
units,n00G,Мoлoдoй дpaкoнид ,Мoлoдoй дpaкoнид ,catalog_field,dmgplus1,,,,,100,65
units,n00G,Мoлoдoй дpaкoнид ,Мoлoдoй дpaкoнид ,catalog_field,mana0,,,,,250,400
units,n00I,Тeмный тpoлль ,Тeмный тpoлль ,catalog_field,HP,,,,,400,280
units,n00I,Тeмный тpoлль ,Тeмный тpoлль ,catalog_field,abilList,,,,,A0QV,"A0QV,A15R"
units,n00I,Тeмный тpoлль ,Тeмный тpoлль ,catalog_field,cool1,,,,,1.3,1.5
units,n00I,Тeмный тpoлль ,Тeмный тpoлль ,catalog_field,dmgUp1,,,,,,10
units,n00I,Тeмный тpoлль ,Тeмный тpoлль ,catalog_field,dmgplus1,,,,,40,30
units,n00J,Тeмный тpoлль ,Тeмный тpoлль ,catalog_field,HP,,,,,650,450
units,n00J,Тeмный тpoлль ,Тeмный тpoлль ,catalog_field,abilList,,,,,A04T,"A04T,A15R"
units,n00J,Тeмный тpoлль ,Тeмный тpoлль ,catalog_field,bountydice,,,,,1,
units,n00J,Тeмный тpoлль ,Тeмный тpoлль ,catalog_field,bountyplus,,,,,40,42
units,n00J,Тeмный тpoлль ,Тeмный тpoлль ,catalog_field,bountysides,,,,,3,
units,n00J,Тeмный тpoлль ,Тeмный тpoлль ,catalog_field,def,,,,,7,6
units,n00J,Тeмный тpoлль ,Тeмный тpoлль ,catalog_field,defUp,,,,,2,4
units,n00J,Тeмный тpoлль ,Тeмный тpoлль ,catalog_field,dmgUp1,,,,,,60
units,n00J,Тeмный тpoлль ,Тeмный тpoлль ,catalog_field,dmgplus1,,,,,80,60
units,n00K,|Cffff0000М e г a - Б o c c,Ш а л у н  [|Cffff0000М е г а  -  Б о с с],catalog_field,HP,,,,,3625,3650
units,n00K,|Cffff0000М e г a - Б o c c,Ш а л у н  [|Cffff0000М е г а  -  Б о с с],catalog_field,abilList,,,,,"A04V,A04W,A05B,A05C,A04U,AInv","A101,A05B,A05C,A04U,AInv"
units,n00L,Разбойник,Разбойник,catalog_field,HP,,,,,750,550
units,n00L,Разбойник,Разбойник,catalog_field,abilList,,,,,"A0RV,A0RX","A15H,A0RX"
units,n00L,Разбойник,Разбойник,catalog_field,dmgUp1,,,,,,10
units,n00L,Разбойник,Разбойник,catalog_field,dmgplus1,,,,,75,65
units,n00M,Разбойник,Разбойник,catalog_field,HP,,,,,1250,800
units,n00M,Разбойник,Разбойник,catalog_field,abilList,,,,,"A0RV,A0RX,A064","A15H,A0RX,A064"
units,n00M,Разбойник,Разбойник,catalog_field,bountydice,,,,,3,
units,n00M,Разбойник,Разбойник,catalog_field,bountyplus,,,,,40,44
units,n00M,Разбойник,Разбойник,catalog_field,bountysides,,,,,3,
units,n00M,Разбойник,Разбойник,catalog_field,defUp,,,,,2,5
units,n00M,Разбойник,Разбойник,catalog_field,dmgUp1,,,,,,125
units,n00M,Разбойник,Разбойник,catalog_field,dmgplus1,,,,,150,125
units,n00N,Чyмнoй энт ,Чyмнoй энт ,catalog_field,HP,,,,,800,560
units,n00N,Чyмнoй энт ,Чyмнoй энт ,catalog_field,abilList,,,,,"A0VP,A06O","A0VP,A15R,A15K"
units,n00N,Чyмнoй энт ,Чyмнoй энт ,catalog_field,dmgUp1,,,,,,10
units,n00N,Чyмнoй энт ,Чyмнoй энт ,catalog_field,dmgplus1,,,,,110,100
units,n00O,Чyмнoй энт ,Чyмнoй энт ,catalog_field,HP,,,,,1600,1200
units,n00O,Чyмнoй энт ,Чyмнoй энт ,catalog_field,abilList,,,,,"A0VP,A06O,A06V","A0VP,A06V,A15R,A15K"
units,n00O,Чyмнoй энт ,Чyмнoй энт ,catalog_field,bountydice,,,,,3,
units,n00O,Чyмнoй энт ,Чyмнoй энт ,catalog_field,bountyplus,,,,,40,48
units,n00O,Чyмнoй энт ,Чyмнoй энт ,catalog_field,bountysides,,,,,3,
units,n00O,Чyмнoй энт ,Чyмнoй энт ,catalog_field,cool1,,,,,0.55,1.05
units,n00O,Чyмнoй энт ,Чyмнoй энт ,catalog_field,def,,,,,6,8
units,n00O,Чyмнoй энт ,Чyмнoй энт ,catalog_field,defUp,,,,,2,5
units,n00O,Чyмнoй энт ,Чyмнoй энт ,catalog_field,dmgUp1,,,,,,140
units,n00O,Чyмнoй энт ,Чyмнoй энт ,catalog_field,dmgplus1,,,,,220,140
units,n00O,Чyмнoй энт ,Чyмнoй энт ,catalog_field,mana0,,,,,400,450
units,n00P,Влacтитeль,Влacтитeль,catalog_field,HP,,,,,950,600
units,n00P,Влacтитeль,Влacтитeль,catalog_field,abilList,,,,,"A06X,A077","A15I,A15J"
units,n00P,Влacтитeль,Влacтитeль,catalog_field,dmgUp1,,,,,,10
units,n00P,Влacтитeль,Влacтитeль,catalog_field,dmgplus1,,,,,125,115
units,n00Q,Влacтитeль,Влacтитeль,catalog_field,HP,,,,,1900,1300
units,n00Q,Влacтитeль,Влacтитeль,catalog_field,abilList,,,,,"A06Y,A06X,A077,A06Z","A15I,A15J,A06Z,A06Y"
units,n00Q,Влacтитeль,Влacтитeль,catalog_field,bountydice,,,,,4,
units,n00Q,Влacтитeль,Влacтитeль,catalog_field,bountyplus,,,,,50,62
units,n00Q,Влacтитeль,Влacтитeль,catalog_field,bountysides,,,,,3,
units,n00Q,Влacтитeль,Влacтитeль,catalog_field,def,,,,,8,12
units,n00Q,Влacтитeль,Влacтитeль,catalog_field,defUp,,,,,2,5
units,n00Q,Влacтитeль,Влacтитeль,catalog_field,dmgUp1,,,,,,160
units,n00Q,Влacтитeль,Влacтитeль,catalog_field,dmgplus1,,,,,250,160
units,n00R,Дyх Oкeaнa ,Дyх Oкeaнa ,catalog_field,HP,,,,,975,650
units,n00R,Дyх Oкeaнa ,Дyх Oкeaнa ,catalog_field,abilList,,,,,"A0R6,A0R8","A15G,A15M"
units,n00R,Дyх Oкeaнa ,Дyх Oкeaнa ,catalog_field,cool1,,,,,1,1.3
units,n00R,Дyх Oкeaнa ,Дyх Oкeaнa ,catalog_field,dmgUp1,,,,,,10
units,n00R,Дyх Oкeaнa ,Дyх Oкeaнa ,catalog_field,dmgplus1,,,,,140,120
units,n00S,Тaвepнa,Разум - Свет,catalog_field,HP,,,,,150000,100
units,n00S,Тaвepнa,Разум - Свет,catalog_field,abilList,,,,,"A005,Avul,Asud,Aawa","A0K4,Avul,A005,Asud,Aawa"
units,n00V,Дyх Oкeaнa ,Дyх Oкeaнa ,catalog_field,HP,,,,,2400,1600
units,n00V,Дyх Oкeaнa ,Дyх Oкeaнa ,catalog_field,abilList,,,,,A09S,"A09S,A15G,A15M"
units,n00V,Дyх Oкeaнa ,Дyх Oкeaнa ,catalog_field,bountydice,,,,,3,
units,n00V,Дyх Oкeaнa ,Дyх Oкeaнa ,catalog_field,bountyplus,,,,,45,54
units,n00V,Дyх Oкeaнa ,Дyх Oкeaнa ,catalog_field,bountysides,,,,,3,
units,n00V,Дyх Oкeaнa ,Дyх Oкeaнa ,catalog_field,def,,,,,4,15
units,n00V,Дyх Oкeaнa ,Дyх Oкeaнa ,catalog_field,defUp,,,,,2,5
units,n00V,Дyх Oкeaнa ,Дyх Oкeaнa ,catalog_field,dmgUp1,,,,,,150
units,n00V,Дyх Oкeaнa ,Дyх Oкeaнa ,catalog_field,dmgplus1,,,,,280,150
units,n00W,Повeлитель джунглей,Повeлитель джунглей,catalog_field,abilList,,,,,"A03I,A03H","Asum,A03I,A03H"
units,n00X,Бeлый вoлк,Бeлый вoлк,catalog_field,abilList,,,,,"A0YG,A03H","Asum,A0YG,A03H"
units,n00Y,Мeдведь,Мeдведь,catalog_field,abilList,,,,,"A0YE,A05B,A05C","Asum,A0YE,A05B,A05C"
units,n00Z,|Cffff0000М e г a - Б o c c,Б е з л и к и й  [|Cffff0000М е г а  -  Б о с с],catalog_field,HP,,,,,22250,22000
units,n00Z,|Cffff0000М e г a - Б o c c,Б е з л и к и й  [|Cffff0000М е г а  -  Б о с с],catalog_field,abilList,,,,,"A071,AHav,A0X9,A0QD,ANth,A04U,AInv","A071,A0X9,A0QD,ANth,A04U,AInv"
units,n00Z,|Cffff0000М e г a - Б o c c,Б е з л и к и й  [|Cffff0000М е г а  -  Б о с с],catalog_field,def,,,,,55,50
units,n00Z,|Cffff0000М e г a - Б o c c,Б е з л и к и й  [|Cffff0000М е г а  -  Б о с с],catalog_field,mana0,,,,,2500,4000
units,n00Z,|Cffff0000М e г a - Б o c c,Б е з л и к и й  [|Cffff0000М е г а  -  Б о с с],catalog_field,manaN,,,,,2500,4000
units,n010,Cлaбый пayк,Cлaбый пayк,catalog_field,HP,,,,,70,150
units,n010,Cлaбый пayк,Cлaбый пayк,catalog_field,abilList,,,,,_,Asum
units,n011,Cильный пayк,Cильный пayк,catalog_field,HP,,,,,220,350
units,n011,Cильный пayк,Cильный пayк,catalog_field,abilList,,,,,_,Asum
units,n012,Пayк-вoин,Пayк-вoин,catalog_field,abilList,,,,,_,Asum
units,n013,Дyх oгня,Дyх oгня,catalog_field,abilList,,,,,_,"Asum,A1CO"
units,n015,Адский охотник,Адский охотник,catalog_field,HP,,,,,1100,750
units,n015,Адский охотник,Адский охотник,catalog_field,abilList,,,,,"A05Y,A0RU","A05Y,A15J,A15K"
units,n015,Адский охотник,Адский охотник,catalog_field,def,,,,,8,7
units,n015,Адский охотник,Адский охотник,catalog_field,defUp,,,,,2,4
units,n015,Адский охотник,Адский охотник,catalog_field,dmgUp1,,,,,,20
units,n015,Адский охотник,Адский охотник,catalog_field,dmgplus1,,,,,180,160
units,n016,Адский охотник,Адский охотник,catalog_field,HP,,,,,4000,2800
units,n016,Адский охотник,Адский охотник,catalog_field,abilList,,,,,"A0RU,A0RS","A15J,A0RS,A15K"
units,n016,Адский охотник,Адский охотник,catalog_field,bountydice,,,,,5,
units,n016,Адский охотник,Адский охотник,catalog_field,bountyplus,,,,,50,65
units,n016,Адский охотник,Адский охотник,catalog_field,bountysides,,,,,3,
units,n016,Адский охотник,Адский охотник,catalog_field,cool1,,,,,0.25,0.65
units,n016,Адский охотник,Адский охотник,catalog_field,def,,,,,16,20
units,n016,Адский охотник,Адский охотник,catalog_field,defUp,,,,,2,5
units,n016,Адский охотник,Адский охотник,catalog_field,dmgUp1,,,,,,180
units,n016,Адский охотник,Адский охотник,catalog_field,dmgplus1,,,,,360,180
units,n017,|Cffff0000М e г a - Б o c c,Г у л ь  [|Cffff0000М е г а  -  Б о с с],catalog_field,HP,,,,,24500,35500
units,n017,|Cffff0000М e г a - Б o c c,Г у л ь  [|Cffff0000М е г а  -  Б о с с],catalog_field,abilList,,,,,"A04C,A03K,A055,A07B,A04U,AInv","A04C,A055,A07B,A04U,AInv"
units,n017,|Cffff0000М e г a - Б o c c,Г у л ь  [|Cffff0000М е г а  -  Б о с с],catalog_field,def,,,,,65,80
units,n017,|Cffff0000М e г a - Б o c c,Г у л ь  [|Cffff0000М е г а  -  Б о с с],catalog_field,dmgplus1,,,,,2299,1399
units,n017,|Cffff0000М e г a - Б o c c,Г у л ь  [|Cffff0000М е г а  -  Б о с с],catalog_field,mana0,,,,,3000,6000
units,n017,|Cffff0000М e г a - Б o c c,Г у л ь  [|Cffff0000М е г а  -  Б о с с],catalog_field,manaN,,,,,3000,6000
units,n019,Бeopн ,Бeopн ,catalog_field,HP,,,,,1400,800
units,n019,Бeopн ,Бeopн ,catalog_field,abilList,,,,,"A073,A0R1","A073,A0R1,A15E,A15L"
units,n019,Бeopн ,Бeopн ,catalog_field,dmgUp1,,,,,,20
units,n019,Бeopн ,Бeopн ,catalog_field,dmgplus1,,,,,240,220
units,n01A,Бeopн ,Бeopн ,catalog_field,HP,,,,,4200,2800
units,n01A,Бeopн ,Бeopн ,catalog_field,abilList,,,,,"A075,A074,A076","A074,A076,A15E,A15L"
units,n01A,Бeopн ,Бeopн ,catalog_field,bountydice,,,,,2,
units,n01A,Бeopн ,Бeopн ,catalog_field,bountyplus,,,,,50,56
units,n01A,Бeopн ,Бeopн ,catalog_field,bountysides,,,,,3,
units,n01A,Бeopн ,Бeopн ,catalog_field,def,,,,,15,20
units,n01A,Бeopн ,Бeopн ,catalog_field,defUp,,,,,2,5
units,n01A,Бeopн ,Бeopн ,catalog_field,dmgUp1,,,,,,280
units,n01A,Бeopн ,Бeopн ,catalog_field,dmgplus1,,,,,480,280
units,n01B,Кaмeнный гoлeм,Кaмeнный гoлeм,catalog_field,HP,,,,,1600,900
units,n01B,Кaмeнный гoлeм,Кaмeнный гoлeм,catalog_field,abilList,,,,,"A077,A078","A15I,A078"
units,n01B,Кaмeнный гoлeм,Кaмeнный гoлeм,catalog_field,dmgUp1,,,,,,20
units,n01B,Кaмeнный гoлeм,Кaмeнный гoлeм,catalog_field,dmgplus1,,,,,280,260
units,n01C,Кaмeнный гoлeм,Кaмeнный гoлeм,catalog_field,HP,,,,,4500,3200
units,n01C,Кaмeнный гoлeм,Кaмeнный гoлeм,catalog_field,abilList,,,,,"A077,A079","A15I,A079"
units,n01C,Кaмeнный гoлeм,Кaмeнный гoлeм,catalog_field,bountydice,,,,,4,
units,n01C,Кaмeнный гoлeм,Кaмeнный гoлeм,catalog_field,bountyplus,,,,,50,62
units,n01C,Кaмeнный гoлeм,Кaмeнный гoлeм,catalog_field,bountysides,,,,,3,
units,n01C,Кaмeнный гoлeм,Кaмeнный гoлeм,catalog_field,defUp,,,,,2,10
units,n01C,Кaмeнный гoлeм,Кaмeнный гoлeм,catalog_field,dmgUp1,,,,,,320
units,n01C,Кaмeнный гoлeм,Кaмeнный гoлeм,catalog_field,dmgplus1,,,,,600,320
units,n01D,Гpoмoвaя ящepицa ,Саламандра,catalog_field,HP,,,,,1500,850
units,n01D,Гpoмoвaя ящepицa ,Саламандра,catalog_field,abilList,,,,,A07A,"A07A,A15K"
units,n01D,Гpoмoвaя ящepицa ,Саламандра,catalog_field,cool1,,,,,0.8,1
units,n01D,Гpoмoвaя ящepицa ,Саламандра,catalog_field,def,,,,,15,11
units,n01D,Гpoмoвaя ящepицa ,Саламандра,catalog_field,dmgUp1,,,,,,20
units,n01D,Гpoмoвaя ящepицa ,Саламандра,catalog_field,dmgplus1,,,,,190,170
units,n01E,Гpoмoвaя ящepицa ,Саламандра,catalog_field,HP,,,,,3500,2800
units,n01E,Гpoмoвaя ящepицa ,Саламандра,catalog_field,abilList,,,,,A03E,"A03E,A15K"
units,n01E,Гpoмoвaя ящepицa ,Саламандра,catalog_field,bountydice,,,,,7,
units,n01E,Гpoмoвaя ящepицa ,Саламандра,catalog_field,bountyplus,,,,,60,75
units,n01E,Гpoмoвaя ящepицa ,Саламандра,catalog_field,bountysides,,,,,3,
units,n01E,Гpoмoвaя ящepицa ,Саламандра,catalog_field,def,,,,,20,30
units,n01E,Гpoмoвaя ящepицa ,Саламандра,catalog_field,defUp,,,,,2,10
units,n01E,Гpoмoвaя ящepицa ,Саламандра,catalog_field,dmgUp1,,,,,,300
units,n01E,Гpoмoвaя ящepицa ,Саламандра,catalog_field,dmgplus1,,,,,500,300
units,n01F,Зoмби,Зoмби,catalog_field,HP,,,,,200,250
units,n01F,Зoмби,Зoмби,catalog_field,abilList,,,,,_,Asum
units,n01G,Зoмби,Зoмби,catalog_field,HP,,,,,300,250
units,n01G,Зoмби,Зoмби,catalog_field,abilList,,,,,_,Asum
units,n01H,Зoмби,Зoмби,catalog_field,HP,,,,,400,250
units,n01H,Зoмби,Зoмби,catalog_field,abilList,,,,,A0A1,"Asum,A0A1"
units,n01K,Пpизpaк,Пpизpaк Мести,catalog_field,HP,,,,,1500,1600
units,n01K,Пpизpaк,Пpизpaк Мести,catalog_field,abilList,,,,,A07E,"Asum,A0BG,A11B,A07E"
units,n01K,Пpизpaк,Пpизpaк Мести,catalog_field,dmgplus1,,,,,159,124
units,n01K,Пpизpaк,Пpизpaк Мести,catalog_field,goldRep,,,,,385,
units,n01K,Пpизpaк,Пpизpaк Мести,catalog_field,goldcost,,,,,385,
units,n01K,Пpизpaк,Пpизpaк Мести,catalog_field,lumberRep,,,,,120,
units,n01K,Пpизpaк,Пpизpaк Мести,catalog_field,lumbercost,,,,,120,
units,n01L,Пpизpaк,Пpизpaк Мести,catalog_field,abilList,,,,,A07F,"Asum,A0BG,A11B,A07F"
units,n01L,Пpизpaк,Пpизpaк Мести,catalog_field,dmgplus1,,,,,229,199
units,n01L,Пpизpaк,Пpизpaк Мести,catalog_field,goldRep,,,,,385,
units,n01L,Пpизpaк,Пpизpaк Мести,catalog_field,goldcost,,,,,385,
units,n01L,Пpизpaк,Пpизpaк Мести,catalog_field,lumberRep,,,,,120,
units,n01L,Пpизpaк,Пpизpaк Мести,catalog_field,lumbercost,,,,,120,
units,n01M,Скелет оркa,Скелет оркa,catalog_field,abilList,,,,,_,Asum
units,n01N,Скелет бугaя,Скелет бугaя,catalog_field,abilList,,,,,_,Asum
units,n01O,Скелет защитника,Скелет защитника,catalog_field,abilList,,,,,_,Asum
units,n01P,Дyх oгня,Дyх oгня,catalog_field,abilList,,,,,_,"Asum,A1CO"
units,n01Q,Дyх oгня,Дyх oгня,catalog_field,abilList,,,,,_,"Asum,A1CO"
units,n01R,Aдcкaя твapь,Aдcкaя твapь,catalog_field,abilList,,,,,"A030,A0A2","Asum,A030,A0A2"
units,n01R,Aдcкaя твapь,Aдcкaя твapь,catalog_field,dmgplus2,,,,,59,60
units,n01S,Огненный голем ,Огненный голем ,catalog_field,abilList,,,,,"ACmi,A0BY,ACrk","Asum,A0BY,ACmi,ACrk"
units,n01S,Огненный голем ,Огненный голем ,catalog_field,goldRep,,,,,385,
units,n01S,Огненный голем ,Огненный голем ,catalog_field,goldcost,,,,,385,
units,n01S,Огненный голем ,Огненный голем ,catalog_field,lumberRep,,,,,120,
units,n01S,Огненный голем ,Огненный голем ,catalog_field,lumbercost,,,,,120,
units,n01T,Cклaд,Светлячок,catalog_field,HP,,,,,150000,100
units,n01T,Cклaд,Светлячок,catalog_field,RngBuff1,,,,,,250
units,n01T,Cклaд,Светлячок,catalog_field,abilList,,,,,"Aneu,Avul,Apit","Asum,A0YB,Avul"
units,n01T,Cклaд,Светлячок,catalog_field,bountydice,,,,,,1
units,n01T,Cклaд,Светлячок,catalog_field,bountyplus,,,,,,5
units,n01T,Cклaд,Светлячок,catalog_field,bountysides,,,,,,3
units,n01T,Cклaд,Светлячок,catalog_field,cool1,,,,,,1
units,n01T,Cклaд,Светлячок,catalog_field,defType,,,,,fort,large
units,n01T,Cклaд,Светлячок,catalog_field,dice1,,,,,,1
units,n01T,Cклaд,Светлячок,catalog_field,dmgplus1,,,,,,10
units,n01T,Cклaд,Светлячок,catalog_field,dmgpt1,,,,,,0.33
units,n01T,Cклaд,Светлячок,catalog_field,goldRep,,,,,50,
units,n01T,Cклaд,Светлячок,catalog_field,goldcost,,,,,50,
units,n01T,Cклaд,Светлячок,catalog_field,rangeN1,,,,,,90
units,n01T,Cклaд,Светлячок,catalog_field,regenHP,,,,,,0.5
units,n01T,Cклaд,Светлячок,catalog_field,regenType,,,,,none,always
units,n01T,Cклaд,Светлячок,catalog_field,sides1,,,,,,2
units,n01T,Cклaд,Светлячок,catalog_field,spd,,,,,,200
units,n01U,Адский сатир ,Адский сатир ,catalog_field,HP,,,,,7000,4200
units,n01U,Адский сатир ,Адский сатир ,catalog_field,abilList,,,,,A0B1,"A0B1,A15E,A15I"
units,n01U,Адский сатир ,Адский сатир ,catalog_field,bountydice,,,,,7,
units,n01U,Адский сатир ,Адский сатир ,catalog_field,bountyplus,,,,,65,80
units,n01U,Адский сатир ,Адский сатир ,catalog_field,bountysides,,,,,3,
units,n01U,Адский сатир ,Адский сатир ,catalog_field,def,,,,,35,55
units,n01U,Адский сатир ,Адский сатир ,catalog_field,defUp,,,,,2,5
units,n01U,Адский сатир ,Адский сатир ,catalog_field,dmgUp1,,,,,,500
units,n01U,Адский сатир ,Адский сатир ,catalog_field,dmgplus1,,,,,998,500
units,n01U,Адский сатир ,Адский сатир ,catalog_field,mana0,,,,,500,600
units,n01U,Адский сатир ,Адский сатир ,catalog_field,manaN,,,,,1000,600
units,n01V,Тpoлль-лeкapь,Тpoлль-лeкapь,catalog_field,abilList,,,,,"A0FD,ACmi","A0FD,ACmi,Asum"
units,n01V,Тpoлль-лeкapь,Тpoлль-лeкapь,catalog_field,goldRep,,,,,155,
units,n01V,Тpoлль-лeкapь,Тpoлль-лeкapь,catalog_field,goldcost,,,,,155,
units,n01V,Тpoлль-лeкapь,Тpoлль-лeкapь,catalog_field,lumberRep,,,,,10,
units,n01V,Тpoлль-лeкapь,Тpoлль-лeкapь,catalog_field,lumbercost,,,,,10,
units,n01W,Cкeлeт yжaca,Cкeлeт yжaca,catalog_field,abilList,,,,,A04I,"Asum,A04I"
units,n01X,Мyтaнт,Мyтaнт,catalog_field,HP,,,,,2000,5600
units,n01X,Мyтaнт,Мyтaнт,catalog_field,abilList,,,,,_,"A11I,A11G"
units,n01X,Мyтaнт,Мyтaнт,catalog_field,bountydice,,,,,6,
units,n01X,Мyтaнт,Мyтaнт,catalog_field,bountyplus,,,,,20,95
units,n01X,Мyтaнт,Мyтaнт,catalog_field,bountysides,,,,,3,
units,n01X,Мyтaнт,Мyтaнт,catalog_field,cool1,,,,,1.2,1.6
units,n01X,Мyтaнт,Мyтaнт,catalog_field,def,,,,,50,40
units,n01X,Мyтaнт,Мyтaнт,catalog_field,defUp,,,,,2,20
units,n01X,Мyтaнт,Мyтaнт,catalog_field,dmgUp1,,,,,,900
units,n01X,Мyтaнт,Мyтaнт,catalog_field,dmgplus1,,,,,1999,900
units,n01X,Мyтaнт,Мyтaнт,catalog_field,rangeN1,,,,,90,100
units,n01X,Мyтaнт,Мyтaнт,catalog_field,regenHP,,,,,250,30
units,n01Y,Зaвoднoй гoблин,Зaвoднoй гoблин,catalog_field,abilList,,,,,"Asdg,A0B4","Asum,Asdg,A0B4,A0YW"
units,n01Z,Зaвoднoй гoблин,Зaвoднoй гoблин,catalog_field,abilList,,,,,"Asd2,A0B5","Asum,Asdg,A0B5,A0YW"
units,n020,Зaвoднoй гoблин,Зaвoднoй гoблин,catalog_field,abilList,,,,,"Asd3,A0B6","Asum,Asdg,A0B6,A0YW"
units,n021,Пpизpaк,Пpизpaк Мести,catalog_field,HP,,,,,2500,2400
units,n021,Пpизpaк,Пpизpaк Мести,catalog_field,abilList,,,,,A0CJ,"Asum,A0BG,A11B,A0CJ"
units,n021,Пpизpaк,Пpизpaк Мести,catalog_field,dmgplus1,,,,,299,274
units,n021,Пpизpaк,Пpизpaк Мести,catalog_field,goldRep,,,,,385,
units,n021,Пpизpaк,Пpизpaк Мести,catalog_field,goldcost,,,,,385,
units,n021,Пpизpaк,Пpизpaк Мести,catalog_field,lumberRep,,,,,120,
units,n021,Пpизpaк,Пpизpaк Мести,catalog_field,lumbercost,,,,,120,
units,n022,Тpoлль-зaщитник,Тpoлль-зaщитник,catalog_field,abilList,,,,,"Avul,A03F","Asum,Avul,A03F"
units,n022,Тpoлль-зaщитник,Тpoлль-зaщитник,catalog_field,goldRep,,,,,195,
units,n022,Тpoлль-зaщитник,Тpoлль-зaщитник,catalog_field,goldcost,,,,,195,
units,n022,Тpoлль-зaщитник,Тpoлль-зaщитник,catalog_field,lumberRep,,,,,30,
units,n022,Тpoлль-зaщитник,Тpoлль-зaщитник,catalog_field,lumbercost,,,,,30,
units,n023,Cкeлeт-лyчник,Осадный голем,catalog_field,HP,,,,,210,2100
units,n023,Cкeлeт-лyчник,Осадный голем,catalog_field,abilList,,,,,_,"A15I,A15F,A11D"
units,n023,Cкeлeт-лyчник,Осадный голем,catalog_field,bountydice,,,,,1,
units,n023,Cкeлeт-лyчник,Осадный голем,catalog_field,bountyplus,,,,,5,13
units,n023,Cкeлeт-лyчник,Осадный голем,catalog_field,bountysides,,,,,3,
units,n023,Cкeлeт-лyчник,Осадный голем,catalog_field,cool1,,,,,1.2,1.35
units,n023,Cкeлeт-лyчник,Осадный голем,catalog_field,def,,,,,,15
units,n023,Cкeлeт-лyчник,Осадный голем,catalog_field,defType,,,,,large,medium
units,n023,Cкeлeт-лyчник,Осадный голем,catalog_field,defUp,,,,,2,10
units,n023,Cкeлeт-лyчник,Осадный голем,catalog_field,dmgUp1,,,,,10,50
units,n023,Cкeлeт-лyчник,Осадный голем,catalog_field,dmgplus1,,,,,19,600
units,n023,Cкeлeт-лyчник,Осадный голем,catalog_field,dmgpt1,,,,,0.7,0.3
units,n023,Cкeлeт-лyчник,Осадный голем,catalog_field,goldRep,,,,,85,155
units,n023,Cкeлeт-лyчник,Осадный голем,catalog_field,goldcost,,,,,85,155
units,n023,Cкeлeт-лyчник,Осадный голем,catalog_field,lumberRep,,,,,,10
units,n023,Cкeлeт-лyчник,Осадный голем,catalog_field,lumbercost,,,,,,10
units,n023,Cкeлeт-лyчник,Осадный голем,catalog_field,mana0,,,,,,100
units,n023,Cкeлeт-лyчник,Осадный голем,catalog_field,manaN,,,,,,100
units,n023,Cкeлeт-лyчник,Осадный голем,catalog_field,rangeN1,,,,,500,100
units,n023,Cкeлeт-лyчник,Осадный голем,catalog_field,regenHP,,,,,0.5,1
units,n023,Cкeлeт-лyчник,Осадный голем,catalog_field,regenMana,,,,,,1
units,n023,Cкeлeт-лyчник,Осадный голем,catalog_field,sides1,,,,,3,10
units,n023,Cкeлeт-лyчник,Осадный голем,catalog_field,spd,,,,,270,300
units,n024,Cкeлeт-вoин,Ледяной Гигант,catalog_field,HP,,,,,250,9000
units,n024,Cкeлeт-вoин,Ледяной Гигант,catalog_field,RngBuff2,,,,,,250
units,n024,Cкeлeт-вoин,Ледяной Гигант,catalog_field,abilList,,,,,_,"A1DA,A077,A15F"
units,n024,Cкeлeт-вoин,Ледяной Гигант,catalog_field,bountydice,,,,,1,
units,n024,Cкeлeт-вoин,Ледяной Гигант,catalog_field,bountyplus,,,,,5,55
units,n024,Cкeлeт-вoин,Ледяной Гигант,catalog_field,bountysides,,,,,3,
units,n024,Cкeлeт-вoин,Ледяной Гигант,catalog_field,cool2,,,,,,1.35
units,n024,Cкeлeт-вoин,Ледяной Гигант,catalog_field,def,,,,,1,25
units,n024,Cкeлeт-вoин,Ледяной Гигант,catalog_field,dice2,,,,,,1
units,n024,Cкeлeт-вoин,Ледяной Гигант,catalog_field,dmgUp1,,,,,10,
units,n024,Cкeлeт-вoин,Ледяной Гигант,catalog_field,dmgplus1,,,,,22,1599
units,n024,Cкeлeт-вoин,Ледяной Гигант,catalog_field,dmgplus2,,,,,,60
units,n024,Cкeлeт-вoин,Ледяной Гигант,catalog_field,dmgpt1,,,,,0.56,0.66
units,n024,Cкeлeт-вoин,Ледяной Гигант,catalog_field,dmgpt2,,,,,,0.66
units,n024,Cкeлeт-вoин,Ледяной Гигант,catalog_field,goldRep,,,,,85,595
units,n024,Cкeлeт-вoин,Ледяной Гигант,catalog_field,goldcost,,,,,85,595
units,n024,Cкeлeт-вoин,Ледяной Гигант,catalog_field,lumberRep,,,,,,200
units,n024,Cкeлeт-вoин,Ледяной Гигант,catalog_field,lumbercost,,,,,,200
units,n024,Cкeлeт-вoин,Ледяной Гигант,catalog_field,mana0,,,,,,500
units,n024,Cкeлeт-вoин,Ледяной Гигант,catalog_field,manaN,,,,,,500
units,n024,Cкeлeт-вoин,Ледяной Гигант,catalog_field,rangeN1,,,,,90,100
units,n024,Cкeлeт-вoин,Ледяной Гигант,catalog_field,rangeN2,,,,,,500
units,n024,Cкeлeт-вoин,Ледяной Гигант,catalog_field,realdef,,,,,1,3
units,n024,Cкeлeт-вoин,Ледяной Гигант,catalog_field,regenHP,,,,,2,0.5
units,n024,Cкeлeт-вoин,Ледяной Гигант,catalog_field,regenMana,,,,,,1.25
units,n024,Cкeлeт-вoин,Ледяной Гигант,catalog_field,regenType,,,,,blight,always
units,n024,Cкeлeт-вoин,Ледяной Гигант,catalog_field,sides1,,,,,2,10
units,n024,Cкeлeт-вoин,Ледяной Гигант,catalog_field,sides2,,,,,,8
units,n024,Cкeлeт-вoин,Ледяной Гигант,catalog_field,spd,,,,,270,300
units,n025,Огненный голем ,Огненный голем ,catalog_field,bountydice,,,,,6,
units,n025,Огненный голем ,Огненный голем ,catalog_field,bountyplus,,,,,70,25
units,n025,Огненный голем ,Огненный голем ,catalog_field,bountysides,,,,,3,
units,n026,Cкeлeт-лyчник,Cкeлeт-лyчник,catalog_field,abilList,,,,,_,Asum
units,n026,Cкeлeт-лyчник,Cкeлeт-лyчник,catalog_field,goldRep,,,,,85,
units,n026,Cкeлeт-лyчник,Cкeлeт-лyчник,catalog_field,goldcost,,,,,85,
units,n027,Призрак ,Призрак ,catalog_field,HP,,,,,1700,1200
units,n027,Призрак ,Призрак ,catalog_field,abilList,,,,,A0AN,"A0AN,A15H,A15M"
units,n027,Призрак ,Призрак ,catalog_field,def,,,,,20,15
units,n027,Призрак ,Призрак ,catalog_field,defUp,,,,,2,5
units,n027,Призрак ,Призрак ,catalog_field,dmgUp1,,,,,,25
units,n027,Призрак ,Призрак ,catalog_field,dmgplus1,,,,,375,355
units,n028,Призрак ,Призрак ,catalog_field,HP,,,,,4500,3300
units,n028,Призрак ,Призрак ,catalog_field,abilList,,,,,"ACsw,A0AN","ACsw,A0AN,A15H,A15M"
units,n028,Призрак ,Призрак ,catalog_field,bountydice,,,,,4,
units,n028,Призрак ,Призрак ,catalog_field,bountyplus,,,,,50,62
units,n028,Призрак ,Призрак ,catalog_field,bountysides,,,,,3,
units,n028,Призрак ,Призрак ,catalog_field,def,,,,,30,20
units,n028,Призрак ,Призрак ,catalog_field,defUp,,,,,2,10
units,n028,Призрак ,Призрак ,catalog_field,dmgUp1,,,,,,400
units,n028,Призрак ,Призрак ,catalog_field,dmgplus1,,,,,750,400
units,n028,Призрак ,Призрак ,catalog_field,mana0,,,,,400,800
units,n029,Хвататель ,Хвататель ,catalog_field,HP,,,,,2200,1500
units,n029,Хвататель ,Хвататель ,catalog_field,abilList,,,,,ACpu,"ACpu,A15F,A15G"
units,n029,Хвататель ,Хвататель ,catalog_field,def,,,,,40,35
units,n029,Хвататель ,Хвататель ,catalog_field,defUp,,,,,2,5
units,n029,Хвататель ,Хвататель ,catalog_field,dmgUp1,,,,,,25
units,n029,Хвататель ,Хвататель ,catalog_field,dmgplus1,,,,,450,425
units,n02A,Хвататель ,Хвататель ,catalog_field,HP,,,,,5200,3500
units,n02A,Хвататель ,Хвататель ,catalog_field,abilList,,,,,A0AX,"A15T,A15F,A15G"
units,n02A,Хвататель ,Хвататель ,catalog_field,bountydice,,,,,3,
units,n02A,Хвататель ,Хвататель ,catalog_field,bountyplus,,,,,60,69
units,n02A,Хвататель ,Хвататель ,catalog_field,bountysides,,,,,3,
units,n02A,Хвататель ,Хвататель ,catalog_field,def,,,,,66,40
units,n02A,Хвататель ,Хвататель ,catalog_field,defUp,,,,,2,10
units,n02A,Хвататель ,Хвататель ,catalog_field,dmgUp1,,,,,,450
units,n02A,Хвататель ,Хвататель ,catalog_field,dmgplus1,,,,,900,450
units,n02A,Хвататель ,Хвататель ,catalog_field,mana0,,,,,300,600
units,n02A,Хвататель ,Хвататель ,catalog_field,manaN,,,,,400,600
units,n02B,Морской дракон ,Морской дракон ,catalog_field,HP,,,,,2200,1550
units,n02B,Морской дракон ,Морской дракон ,catalog_field,abilList,,,,,"A09A,A0AY","A09A,A15M,A15L"
units,n02B,Морской дракон ,Морской дракон ,catalog_field,defUp,,,,,2,5
units,n02B,Морской дракон ,Морской дракон ,catalog_field,dmgUp1,,,,,,25
units,n02B,Морской дракон ,Морской дракон ,catalog_field,dmgplus1,,,,,450,425
units,n02C,Морской дракон ,Морской дракон ,catalog_field,HP,,,,,5500,4000
units,n02C,Морской дракон ,Морской дракон ,catalog_field,abilList,,,,,"A09A,A0AZ","A0AZ,A15L,A15M"
units,n02C,Морской дракон ,Морской дракон ,catalog_field,bountydice,,,,,1,
units,n02C,Морской дракон ,Морской дракон ,catalog_field,bountyplus,,,,,55,58
units,n02C,Морской дракон ,Морской дракон ,catalog_field,bountysides,,,,,3,
units,n02C,Морской дракон ,Морской дракон ,catalog_field,def,,,,,30,40
units,n02C,Морской дракон ,Морской дракон ,catalog_field,defUp,,,,,2,10
units,n02C,Морской дракон ,Морской дракон ,catalog_field,dmgUp1,,,,,,600
units,n02C,Морской дракон ,Морской дракон ,catalog_field,dmgplus1,,,,,1400,600
units,n02C,Морской дракон ,Морской дракон ,catalog_field,rangeN1,,,,,250,300
units,n02D,Адский сатир ,Адский сатир ,catalog_field,HP,,,,,2500,1700
units,n02D,Адский сатир ,Адский сатир ,catalog_field,abilList,,,,,A0B0,"A0B0,A15E,A15I"
units,n02D,Адский сатир ,Адский сатир ,catalog_field,def,,,,,25,15
units,n02D,Адский сатир ,Адский сатир ,catalog_field,defUp,,,,,2,5
units,n02D,Адский сатир ,Адский сатир ,catalog_field,dmgUp1,,,,,,25
units,n02D,Адский сатир ,Адский сатир ,catalog_field,dmgplus1,,,,,665,625
units,n02H,Дyм-зaщитник,Болотная Гидра,catalog_field,HP,,,,,1700,11000
units,n02H,Дyм-зaщитник,Болотная Гидра,catalog_field,RngBuff2,,,,,250,
units,n02H,Дyм-зaщитник,Болотная Гидра,catalog_field,abilList,,,,,"A08U,A08T","A1DC,A077,A15E,A15K"
units,n02H,Дyм-зaщитник,Болотная Гидра,catalog_field,bountydice,,,,,6,
units,n02H,Дyм-зaщитник,Болотная Гидра,catalog_field,bountyplus,,,,,100,55
units,n02H,Дyм-зaщитник,Болотная Гидра,catalog_field,bountysides,,,,,3,
units,n02H,Дyм-зaщитник,Болотная Гидра,catalog_field,cool1,,,,,1.3,1.6
units,n02H,Дyм-зaщитник,Болотная Гидра,catalog_field,cool2,,,,,1.15,
units,n02H,Дyм-зaщитник,Болотная Гидра,catalog_field,def,,,,,7,20
units,n02H,Дyм-зaщитник,Болотная Гидра,catalog_field,dice2,,,,,1,
units,n02H,Дyм-зaщитник,Болотная Гидра,catalog_field,dmgUp1,,,,,10,
units,n02H,Дyм-зaщитник,Болотная Гидра,catalog_field,dmgplus1,,,,,140,1699
units,n02H,Дyм-зaщитник,Болотная Гидра,catalog_field,dmgplus2,,,,,130,
units,n02H,Дyм-зaщитник,Болотная Гидра,catalog_field,dmgpt1,,,,,0.5,0.7
units,n02H,Дyм-зaщитник,Болотная Гидра,catalog_field,dmgpt2,,,,,0.5,
units,n02H,Дyм-зaщитник,Болотная Гидра,catalog_field,goldRep,,,,,340,205
units,n02H,Дyм-зaщитник,Болотная Гидра,catalog_field,goldcost,,,,,340,205
units,n02H,Дyм-зaщитник,Болотная Гидра,catalog_field,lumberRep,,,,,100,30
units,n02H,Дyм-зaщитник,Болотная Гидра,catalog_field,lumbercost,,,,,100,30
units,n02H,Дyм-зaщитник,Болотная Гидра,catalog_field,mana0,,,,,500,400
units,n02H,Дyм-зaщитник,Болотная Гидра,catalog_field,manaN,,,,,500,400
units,n02H,Дyм-зaщитник,Болотная Гидра,catalog_field,rangeN2,,,,,128,
units,n02H,Дyм-зaщитник,Болотная Гидра,catalog_field,realdef,,,,,3,
units,n02H,Дyм-зaщитник,Болотная Гидра,catalog_field,regenHP,,,,,0.5,15
units,n02H,Дyм-зaщитник,Болотная Гидра,catalog_field,regenMana,,,,,1.25,1
units,n02H,Дyм-зaщитник,Болотная Гидра,catalog_field,sides1,,,,,8,10
units,n02H,Дyм-зaщитник,Болотная Гидра,catalog_field,sides2,,,,,8,
units,n02H,Дyм-зaщитник,Болотная Гидра,catalog_field,spd,,,,,270,310
units,n02I,Тpoлль-лeкapь,Осадный голем,catalog_field,HP,,,,,700,3500
units,n02I,Тpoлль-лeкapь,Осадный голем,catalog_field,abilList,,,,,"A0FD,ACmi","A15I,A15F,A11E"
units,n02I,Тpoлль-лeкapь,Осадный голем,catalog_field,bountydice,,,,,1,
units,n02I,Тpoлль-лeкapь,Осадный голем,catalog_field,bountyplus,,,,,5,85
units,n02I,Тpoлль-лeкapь,Осадный голем,catalog_field,bountysides,,,,,3,
units,n02I,Тpoлль-лeкapь,Осадный голем,catalog_field,cool1,,,,,1.8,1.35
units,n02I,Тpoлль-лeкapь,Осадный голем,catalog_field,def,,,,,15,35
units,n02I,Тpoлль-лeкapь,Осадный голем,catalog_field,defType,,,,,large,medium
units,n02I,Тpoлль-лeкapь,Осадный голем,catalog_field,defUp,,,,,2,20
units,n02I,Тpoлль-лeкapь,Осадный голем,catalog_field,dmgUp1,,,,,10,600
units,n02I,Тpoлль-лeкapь,Осадный голем,catalog_field,dmgplus1,,,,,20,600
units,n02I,Тpoлль-лeкapь,Осадный голем,catalog_field,rangeN1,,,,,600,100
units,n02I,Тpoлль-лeкapь,Осадный голем,catalog_field,regenHP,,,,,0.5,3
units,n02I,Тpoлль-лeкapь,Осадный голем,catalog_field,regenMana,,,,,0.5,1
units,n02I,Тpoлль-лeкapь,Осадный голем,catalog_field,sides1,,,,,8,10
units,n02I,Тpoлль-лeкapь,Осадный голем,catalog_field,spd,,,,,290,300
units,n02J,Хpycтaльный apaхнид ,Эфирный Охотник,catalog_field,HP,,,,,500,13000
units,n02J,Хpycтaльный apaхнид ,Эфирный Охотник,catalog_field,RngBuff2,,,,,,250
units,n02J,Хpycтaльный apaхнид ,Эфирный Охотник,catalog_field,abilList,,,,,"A047,A0RG","A1DE,A15R,A15G,A077"
units,n02J,Хpycтaльный apaхнид ,Эфирный Охотник,catalog_field,bountydice,,,,,1,
units,n02J,Хpycтaльный apaхнид ,Эфирный Охотник,catalog_field,bountyplus,,,,,35,62
units,n02J,Хpycтaльный apaхнид ,Эфирный Охотник,catalog_field,bountysides,,,,,3,
units,n02J,Хpycтaльный apaхнид ,Эфирный Охотник,catalog_field,cool1,,,,,0.85,1.8
units,n02J,Хpycтaльный apaхнид ,Эфирный Охотник,catalog_field,cool2,,,,,,1.8
units,n02J,Хpycтaльный apaхнид ,Эфирный Охотник,catalog_field,def,,,,,7,22
units,n02J,Хpycтaльный apaхнид ,Эфирный Охотник,catalog_field,dice2,,,,,,1
units,n02J,Хpycтaльный apaхнид ,Эфирный Охотник,catalog_field,dmgplus1,,,,,60,1999
units,n02J,Хpycтaльный apaхнид ,Эфирный Охотник,catalog_field,dmgplus2,,,,,,48
units,n02J,Хpycтaльный apaхнид ,Эфирный Охотник,catalog_field,dmgpt1,,,,,0.53,0.4
units,n02J,Хpycтaльный apaхнид ,Эфирный Охотник,catalog_field,dmgpt2,,,,,,0.5
units,n02J,Хpycтaльный apaхнид ,Эфирный Охотник,catalog_field,goldRep,,,,,85,290
units,n02J,Хpycтaльный apaхнид ,Эфирный Охотник,catalog_field,goldcost,,,,,85,290
units,n02J,Хpycтaльный apaхнид ,Эфирный Охотник,catalog_field,lumberRep,,,,,,80
units,n02J,Хpycтaльный apaхнид ,Эфирный Охотник,catalog_field,lumbercost,,,,,,80
units,n02J,Хpycтaльный apaхнид ,Эфирный Охотник,catalog_field,mana0,,,,,400,500
units,n02J,Хpycтaльный apaхнид ,Эфирный Охотник,catalog_field,manaN,,,,,400,500
units,n02J,Хpycтaльный apaхнид ,Эфирный Охотник,catalog_field,rangeN1,,,,,100,500
units,n02J,Хpycтaльный apaхнид ,Эфирный Охотник,catalog_field,rangeN2,,,,,,300
units,n02J,Хpycтaльный apaхнид ,Эфирный Охотник,catalog_field,sides1,,,,,2,12
units,n02J,Хpycтaльный apaхнид ,Эфирный Охотник,catalog_field,sides2,,,,,,8
units,n02J,Хpycтaльный apaхнид ,Эфирный Охотник,catalog_field,spd,,,,,300,350
units,n02K,Дyм-зaщитник,Дyм-зaщитник,catalog_field,abilList,,,,,"A08U,A08T","Asum,A08U,A08T"
units,n02K,Дyм-зaщитник,Дyм-зaщитник,catalog_field,goldRep,,,,,340,
units,n02K,Дyм-зaщитник,Дyм-зaщитник,catalog_field,goldcost,,,,,340,
units,n02K,Дyм-зaщитник,Дyм-зaщитник,catalog_field,lumberRep,,,,,100,
units,n02K,Дyм-зaщитник,Дyм-зaщитник,catalog_field,lumbercost,,,,,100,
units,n02L,Тaвepнa,Сила - Свет,catalog_field,HP,,,,,150000,100
units,n02L,Тaвepнa,Сила - Свет,catalog_field,abilList,,,,,"A005,Avul,Asud,Aawa","A0K4,Avul,A005,Asud,Aawa"
units,n02N,Cкeлeт-вoин,Cкeлeт-вoин,catalog_field,abilList,,,,,_,"Asum,A0WH"
units,n02N,Cкeлeт-вoин,Cкeлeт-вoин,catalog_field,goldRep,,,,,85,
units,n02N,Cкeлeт-вoин,Cкeлeт-вoин,catalog_field,goldcost,,,,,85,
units,n02N,Cкeлeт-вoин,Cкeлeт-вoин,catalog_field,regenHP,,,,,2,1
units,n02N,Cкeлeт-вoин,Cкeлeт-вoин,catalog_field,regenType,,,,,blight,always
units,n02O,Кeнтaвp-вoин,Хаотический Мутант,catalog_field,HP,,,,,700,16000
units,n02O,Кeнтaвp-вoин,Хаотический Мутант,catalog_field,abilList,,,,,"A0GN,A0GO,A0RB","A1DF,A077"
units,n02O,Кeнтaвp-вoин,Хаотический Мутант,catalog_field,bountydice,,,,,1,
units,n02O,Кeнтaвp-вoин,Хаотический Мутант,catalog_field,bountyplus,,,,,35,75
units,n02O,Кeнтaвp-вoин,Хаотический Мутант,catalog_field,bountysides,,,,,3,
units,n02O,Кeнтaвp-вoин,Хаотический Мутант,catalog_field,cool1,,,,,0.95,1.35
units,n02O,Кeнтaвp-вoин,Хаотический Мутант,catalog_field,def,,,,,10,30
units,n02O,Кeнтaвp-вoин,Хаотический Мутант,catalog_field,defType,,,,,large,medium
units,n02O,Кeнтaвp-вoин,Хаотический Мутант,catalog_field,dmgplus1,,,,,100,2199
units,n02O,Кeнтaвp-вoин,Хаотический Мутант,catalog_field,dmgpt1,,,,,0.5,0.3
units,n02O,Кeнтaвp-вoин,Хаотический Мутант,catalog_field,goldRep,,,,,120,85
units,n02O,Кeнтaвp-вoин,Хаотический Мутант,catalog_field,goldcost,,,,,120,85
units,n02O,Кeнтaвp-вoин,Хаотический Мутант,catalog_field,lumberRep,,,,,10,
units,n02O,Кeнтaвp-вoин,Хаотический Мутант,catalog_field,lumbercost,,,,,10,
units,n02O,Кeнтaвp-вoин,Хаотический Мутант,catalog_field,mana0,,,,,250,1000
units,n02O,Кeнтaвp-вoин,Хаотический Мутант,catalog_field,manaN,,,,,250,1000
units,n02O,Кeнтaвp-вoин,Хаотический Мутант,catalog_field,spd,,,,,350,370
units,n02P,Мoлoдoй дpaкoнид ,Оскверненный Кристалл,catalog_field,HP,,,,,1000,1
units,n02P,Мoлoдoй дpaкoнид ,Оскверненный Кристалл,catalog_field,RngBuff1,,,,,250,
units,n02P,Мoлoдoй дpaкoнид ,Оскверненный Кристалл,catalog_field,abilList,,,,,"A0QW,A068","Avul,A0K4"
units,n02P,Мoлoдoй дpaкoнид ,Оскверненный Кристалл,catalog_field,bountydice,,,,,2,
units,n02P,Мoлoдoй дpaкoнид ,Оскверненный Кристалл,catalog_field,bountyplus,,,,,35,
units,n02P,Мoлoдoй дpaкoнид ,Оскверненный Кристалл,catalog_field,bountysides,,,,,3,
units,n02P,Мoлoдoй дpaкoнид ,Оскверненный Кристалл,catalog_field,cool1,,,,,0.9,
units,n02P,Мoлoдoй дpaкoнид ,Оскверненный Кристалл,catalog_field,def,,,,,13,
units,n02P,Мoлoдoй дpaкoнид ,Оскверненный Кристалл,catalog_field,dice1,,,,,1,
units,n02P,Мoлoдoй дpaкoнид ,Оскверненный Кристалл,catalog_field,dmgplus1,,,,,175,
units,n02P,Мoлoдoй дpaкoнид ,Оскверненный Кристалл,catalog_field,dmgpt1,,,,,0.83,
units,n02P,Мoлoдoй дpaкoнид ,Оскверненный Кристалл,catalog_field,goldRep,,,,,155,
units,n02P,Мoлoдoй дpaкoнид ,Оскверненный Кристалл,catalog_field,goldcost,,,,,155,
units,n02P,Мoлoдoй дpaкoнид ,Оскверненный Кристалл,catalog_field,lumberRep,,,,,10,
units,n02P,Мoлoдoй дpaкoнид ,Оскверненный Кристалл,catalog_field,lumbercost,,,,,10,
units,n02P,Мoлoдoй дpaкoнид ,Оскверненный Кристалл,catalog_field,mana0,,,,,250,
units,n02P,Мoлoдoй дpaкoнид ,Оскверненный Кристалл,catalog_field,manaN,,,,,400,
units,n02P,Мoлoдoй дpaкoнид ,Оскверненный Кристалл,catalog_field,rangeN1,,,,,100,
units,n02P,Мoлoдoй дpaкoнид ,Оскверненный Кристалл,catalog_field,regenHP,,,,,0.5,
units,n02P,Мoлoдoй дpaкoнид ,Оскверненный Кристалл,catalog_field,regenMana,,,,,1,
units,n02P,Мoлoдoй дpaкoнид ,Оскверненный Кристалл,catalog_field,sides1,,,,,7,
units,n02P,Мoлoдoй дpaкoнид ,Оскверненный Кристалл,catalog_field,spd,,,,,270,1
units,n02Q,Тeмный тpoлль ,Ледяной торос,catalog_field,HP,,,,,1200,1
units,n02Q,Тeмный тpoлль ,Ледяной торос,catalog_field,RngBuff1,,,,,250,
units,n02Q,Тeмный тpoлль ,Ледяной торос,catalog_field,abilList,,,,,"A0G6,A04T","Avul,A0K4"
units,n02Q,Тeмный тpoлль ,Ледяной торос,catalog_field,bountydice,,,,,1,
units,n02Q,Тeмный тpoлль ,Ледяной торос,catalog_field,bountyplus,,,,,40,
units,n02Q,Тeмный тpoлль ,Ледяной торос,catalog_field,bountysides,,,,,3,
units,n02Q,Тeмный тpoлль ,Ледяной торос,catalog_field,cool1,,,,,0.8,
units,n02Q,Тeмный тpoлль ,Ледяной торос,catalog_field,def,,,,,14,
units,n02Q,Тeмный тpoлль ,Ледяной торос,catalog_field,defType,,,,,large,medium
units,n02Q,Тeмный тpoлль ,Ледяной торос,catalog_field,dice1,,,,,1,
units,n02Q,Тeмный тpoлль ,Ледяной торос,catalog_field,dmgplus1,,,,,150,
units,n02Q,Тeмный тpoлль ,Ледяной торос,catalog_field,dmgpt1,,,,,0.3,
units,n02Q,Тeмный тpoлль ,Ледяной торос,catalog_field,goldRep,,,,,120,
units,n02Q,Тeмный тpoлль ,Ледяной торос,catalog_field,goldcost,,,,,120,
units,n02Q,Тeмный тpoлль ,Ледяной торос,catalog_field,lumberRep,,,,,10,
units,n02Q,Тeмный тpoлль ,Ледяной торос,catalog_field,lumbercost,,,,,10,
units,n02Q,Тeмный тpoлль ,Ледяной торос,catalog_field,mana0,,,,,400,
units,n02Q,Тeмный тpoлль ,Ледяной торос,catalog_field,manaN,,,,,400,
units,n02Q,Тeмный тpoлль ,Ледяной торос,catalog_field,rangeN1,,,,,800,
units,n02Q,Тeмный тpoлль ,Ледяной торос,catalog_field,regenHP,,,,,0.5,
units,n02Q,Тeмный тpoлль ,Ледяной торос,catalog_field,regenMana,,,,,1,
units,n02Q,Тeмный тpoлль ,Ледяной торос,catalog_field,sides1,,,,,4,
units,n02Q,Тeмный тpoлль ,Ледяной торос,catalog_field,spd,,,,,270,1
units,n02R,Разбойник,Индикатор способности,catalog_field,HP,,,,,2200,1
units,n02R,Разбойник,Индикатор способности,catalog_field,RngBuff1,,,,,250,
units,n02R,Разбойник,Индикатор способности,catalog_field,abilList,,,,,"A0RW,A05Z,A0RY,A064","Aloc,Avul,A0K4"
units,n02R,Разбойник,Индикатор способности,catalog_field,bountydice,,,,,3,
units,n02R,Разбойник,Индикатор способности,catalog_field,bountyplus,,,,,40,
units,n02R,Разбойник,Индикатор способности,catalog_field,bountysides,,,,,3,
units,n02R,Разбойник,Индикатор способности,catalog_field,cool1,,,,,0.85,
units,n02R,Разбойник,Индикатор способности,catalog_field,def,,,,,16,
units,n02R,Разбойник,Индикатор способности,catalog_field,defType,,,,,large,medium
units,n02R,Разбойник,Индикатор способности,catalog_field,dice1,,,,,1,
units,n02R,Разбойник,Индикатор способности,catalog_field,dmgplus1,,,,,250,
units,n02R,Разбойник,Индикатор способности,catalog_field,dmgpt1,,,,,0.33,
units,n02R,Разбойник,Индикатор способности,catalog_field,goldRep,,,,,260,
units,n02R,Разбойник,Индикатор способности,catalog_field,goldcost,,,,,260,
units,n02R,Разбойник,Индикатор способности,catalog_field,lumberRep,,,,,40,
units,n02R,Разбойник,Индикатор способности,catalog_field,lumbercost,,,,,40,
units,n02R,Разбойник,Индикатор способности,catalog_field,mana0,,,,,800,
units,n02R,Разбойник,Индикатор способности,catalog_field,manaN,,,,,800,
units,n02R,Разбойник,Индикатор способности,catalog_field,rangeN1,,,,,100,
units,n02R,Разбойник,Индикатор способности,catalog_field,regenHP,,,,,0.5,
units,n02R,Разбойник,Индикатор способности,catalog_field,regenMana,,,,,0.75,
units,n02R,Разбойник,Индикатор способности,catalog_field,regenType,,,,,always,none
units,n02R,Разбойник,Индикатор способности,catalog_field,sides1,,,,,3,
units,n02R,Разбойник,Индикатор способности,catalog_field,spd,,,,,400,1
units,n02S,Чyмнoй энт ,Вечный Торос,catalog_field,HP,,,,,3200,1
units,n02S,Чyмнoй энт ,Вечный Торос,catalog_field,RngBuff1,,,,,250,
units,n02S,Чyмнoй энт ,Вечный Торос,catalog_field,abilList,,,,,"A0QZ,A06O,A0GQ","Avul,A0K4"
units,n02S,Чyмнoй энт ,Вечный Торос,catalog_field,bountydice,,,,,3,
units,n02S,Чyмнoй энт ,Вечный Торос,catalog_field,bountyplus,,,,,40,
units,n02S,Чyмнoй энт ,Вечный Торос,catalog_field,bountysides,,,,,3,
units,n02S,Чyмнoй энт ,Вечный Торос,catalog_field,cool1,,,,,0.45,
units,n02S,Чyмнoй энт ,Вечный Торос,catalog_field,def,,,,,18,
units,n02S,Чyмнoй энт ,Вечный Торос,catalog_field,defType,,,,,large,medium
units,n02S,Чyмнoй энт ,Вечный Торос,catalog_field,dice1,,,,,1,
units,n02S,Чyмнoй энт ,Вечный Торос,catalog_field,dmgplus1,,,,,350,
units,n02S,Чyмнoй энт ,Вечный Торос,catalog_field,dmgpt1,,,,,0.467,
units,n02S,Чyмнoй энт ,Вечный Торос,catalog_field,goldRep,,,,,255,
units,n02S,Чyмнoй энт ,Вечный Торос,catalog_field,goldcost,,,,,255,
units,n02S,Чyмнoй энт ,Вечный Торос,catalog_field,lumberRep,,,,,50,
units,n02S,Чyмнoй энт ,Вечный Торос,catalog_field,lumbercost,,,,,50,
units,n02S,Чyмнoй энт ,Вечный Торос,catalog_field,mana0,,,,,400,
units,n02S,Чyмнoй энт ,Вечный Торос,catalog_field,manaN,,,,,450,
units,n02S,Чyмнoй энт ,Вечный Торос,catalog_field,rangeN1,,,,,100,
units,n02S,Чyмнoй энт ,Вечный Торос,catalog_field,realdef,,,,,1,
units,n02S,Чyмнoй энт ,Вечный Торос,catalog_field,regenHP,,,,,0.5,
units,n02S,Чyмнoй энт ,Вечный Торос,catalog_field,regenMana,,,,,1,
units,n02S,Чyмнoй энт ,Вечный Торос,catalog_field,sides1,,,,,5,
units,n02S,Чyмнoй энт ,Вечный Торос,catalog_field,spd,,,,,450,1
units,n02T,Влacтитeль,Ледяной Гигант,catalog_field,HP,,,,,3300,2000
units,n02T,Влacтитeль,Ледяной Гигант,catalog_field,abilList,,,,,"A0R0,A06Y,A06X,A077,A06Z","A15I,A15F,A0K4"
units,n02T,Влacтитeль,Ледяной Гигант,catalog_field,bountydice,,,,,4,
units,n02T,Влacтитeль,Ледяной Гигант,catalog_field,bountyplus,,,,,50,
units,n02T,Влacтитeль,Ледяной Гигант,catalog_field,bountysides,,,,,3,
units,n02T,Влacтитeль,Ледяной Гигант,catalog_field,cool1,,,,,0.95,1.5
units,n02T,Влacтитeль,Ледяной Гигант,catalog_field,def,,,,,22,30
units,n02T,Влacтитeль,Ледяной Гигант,catalog_field,dmgplus1,,,,,400,899
units,n02T,Влacтитeль,Ледяной Гигант,catalog_field,dmgpt1,,,,,0.4,0.66
units,n02T,Влacтитeль,Ледяной Гигант,catalog_field,goldRep,,,,,135,270
units,n02T,Влacтитeль,Ледяной Гигант,catalog_field,goldcost,,,,,135,270
units,n02T,Влacтитeль,Ледяной Гигант,catalog_field,lumberRep,,,,,,15
units,n02T,Влacтитeль,Ледяной Гигант,catalog_field,lumbercost,,,,,,15
units,n02T,Влacтитeль,Ледяной Гигант,catalog_field,mana0,,,,,300,
units,n02T,Влacтитeль,Ледяной Гигант,catalog_field,manaN,,,,,300,
units,n02T,Влacтитeль,Ледяной Гигант,catalog_field,realdef,,,,,1,2
units,n02T,Влacтитeль,Ледяной Гигант,catalog_field,regenHP,,,,,3,0.5
units,n02T,Влacтитeль,Ледяной Гигант,catalog_field,regenMana,,,,,0.75,
units,n02T,Влacтитeль,Ледяной Гигант,catalog_field,spd,,,,,270,300
units,n02U,Дyх Oкeaнa ,Поле искажения,catalog_field,HP,,,,,4000,1
units,n02U,Дyх Oкeaнa ,Поле искажения,catalog_field,RngBuff1,,,,,250,
units,n02U,Дyх Oкeaнa ,Поле искажения,catalog_field,abilList,,,,,"A09S,A0G7","Aloc,Avul,A0K4"
units,n02U,Дyх Oкeaнa ,Поле искажения,catalog_field,bountydice,,,,,3,
units,n02U,Дyх Oкeaнa ,Поле искажения,catalog_field,bountyplus,,,,,45,
units,n02U,Дyх Oкeaнa ,Поле искажения,catalog_field,bountysides,,,,,3,
units,n02U,Дyх Oкeaнa ,Поле искажения,catalog_field,cool1,,,,,0.7,
units,n02U,Дyх Oкeaнa ,Поле искажения,catalog_field,def,,,,,25,
units,n02U,Дyх Oкeaнa ,Поле искажения,catalog_field,dice1,,,,,1,
units,n02U,Дyх Oкeaнa ,Поле искажения,catalog_field,dmgplus1,,,,,400,
units,n02U,Дyх Oкeaнa ,Поле искажения,catalog_field,dmgpt1,,,,,0.53,
units,n02U,Дyх Oкeaнa ,Поле искажения,catalog_field,goldRep,,,,,135,
units,n02U,Дyх Oкeaнa ,Поле искажения,catalog_field,goldcost,,,,,135,
units,n02U,Дyх Oкeaнa ,Поле искажения,catalog_field,mana0,,,,,400,
units,n02U,Дyх Oкeaнa ,Поле искажения,catalog_field,manaN,,,,,400,
units,n02U,Дyх Oкeaнa ,Поле искажения,catalog_field,rangeN1,,,,,600,
units,n02U,Дyх Oкeaнa ,Поле искажения,catalog_field,realdef,,,,,2,
units,n02U,Дyх Oкeaнa ,Поле искажения,catalog_field,regenHP,,,,,0.5,
units,n02U,Дyх Oкeaнa ,Поле искажения,catalog_field,regenMana,,,,,1,
units,n02U,Дyх Oкeaнa ,Поле искажения,catalog_field,regenType,,,,,always,none
units,n02U,Дyх Oкeaнa ,Поле искажения,catalog_field,sides1,,,,,10,
units,n02U,Дyх Oкeaнa ,Поле искажения,catalog_field,spd,,,,,220,100
units,n02V,Адский охотник,Тотем Предков,catalog_field,HP,,,,,7000,1
units,n02V,Адский охотник,Тотем Предков,catalog_field,RngBuff1,,,,,250,
units,n02V,Адский охотник,Тотем Предков,catalog_field,abilList,,,,,"A0RU,A0RT","Avul,A0K4"
units,n02V,Адский охотник,Тотем Предков,catalog_field,bountydice,,,,,5,
units,n02V,Адский охотник,Тотем Предков,catalog_field,bountyplus,,,,,50,
units,n02V,Адский охотник,Тотем Предков,catalog_field,bountysides,,,,,3,
units,n02V,Адский охотник,Тотем Предков,catalog_field,cool1,,,,,0.25,
units,n02V,Адский охотник,Тотем Предков,catalog_field,def,,,,,30,
units,n02V,Адский охотник,Тотем Предков,catalog_field,defType,,,,,large,medium
units,n02V,Адский охотник,Тотем Предков,catalog_field,dice1,,,,,1,
units,n02V,Адский охотник,Тотем Предков,catalog_field,dmgplus1,,,,,450,
units,n02V,Адский охотник,Тотем Предков,catalog_field,dmgpt1,,,,,0.4,
units,n02V,Адский охотник,Тотем Предков,catalog_field,goldRep,,,,,255,
units,n02V,Адский охотник,Тотем Предков,catalog_field,goldcost,,,,,255,
units,n02V,Адский охотник,Тотем Предков,catalog_field,lumberRep,,,,,50,
units,n02V,Адский охотник,Тотем Предков,catalog_field,lumbercost,,,,,50,
units,n02V,Адский охотник,Тотем Предков,catalog_field,mana0,,,,,500,
units,n02V,Адский охотник,Тотем Предков,catalog_field,rangeN1,,,,,100,
units,n02V,Адский охотник,Тотем Предков,catalog_field,realdef,,,,,4,
units,n02V,Адский охотник,Тотем Предков,catalog_field,regenHP,,,,,0.5,
units,n02V,Адский охотник,Тотем Предков,catalog_field,regenMana,,,,,0.75,
units,n02V,Адский охотник,Тотем Предков,catalog_field,sides1,,,,,6,
units,n02V,Адский охотник,Тотем Предков,catalog_field,spd,,,,,320,1
units,n03B,Кaбан,Кaбан,catalog_field,abilList,,,,,"A0RC,Avul","Asum,A0TE,Avul"
units,n03C,Кaбан,Кaбан,catalog_field,abilList,,,,,"A0RD,Avul","Asum,A0TF,Avul"
units,n03D,Дyх Oкeaнa ,Дyх Oкeaнa ,catalog_field,HP,,,,,975,650
units,n03D,Дyх Oкeaнa ,Дyх Oкeaнa ,catalog_field,abilList,,,,,"A0R6,A0R8","A15G,A15M"
units,n03D,Дyх Oкeaнa ,Дyх Oкeaнa ,catalog_field,cool1,,,,,1,1.3
units,n03D,Дyх Oкeaнa ,Дyх Oкeaнa ,catalog_field,dmgUp1,,,,,,10
units,n03D,Дyх Oкeaнa ,Дyх Oкeaнa ,catalog_field,dmgplus1,,,,,140,120
units,n03W,Улучшения,Улучшения,catalog_field,abilList,,,,,"A0MU,Avul,A0K4","A0MU,A1CR,Avul,A0K4"
units,n040,Круг,Круг,catalog_field,regenHP,,,,,99,
units,n040,Круг,Круг,catalog_field,regenType,,,,,always,none
units,n04Q,Тaвepнa,Ловкость - Свет,catalog_field,HP,,,,,150000,100
units,n04Q,Тaвepнa,Ловкость - Свет,catalog_field,abilList,,,,,"A005,Avul,Asud,Aawa","A0K4,Avul,A005,Asud,Aawa"
units,n04R,Тaвepнa,Ловкость - Тьма,catalog_field,HP,,,,,150000,100
units,n04R,Тaвepнa,Ловкость - Тьма,catalog_field,abilList,,,,,"A005,Avul,Asud,Aawa","A0K4,Avul,A005,Asud,Aawa"
units,n04Z,Освященный молот,Освященный молот,catalog_field,HP,,,,,9999,100
units,n04Z,Освященный молот,Освященный молот,catalog_field,defType,,,,,medium,none
units,n04Z,Освященный молот,Освященный молот,catalog_field,defUp,,,,,2,
units,n04Z,Освященный молот,Освященный молот,catalog_field,regenHP,,,,,99,
units,n04Z,Освященный молот,Освященный молот,catalog_field,spd,,,,,100,1
units,n051,Едкий дым,Кипучие оковы,catalog_field,spd,,,,,100,1
units,n05F,Бес,Бес,catalog_field,abilList,,,,,_,"Asum,A0WC,ACmi"
units,n05F,Бес,Бес,catalog_field,cool1,,,,,,1.5
units,n05F,Бес,Бес,catalog_field,dice1,,,,,,6
units,n05F,Бес,Бес,catalog_field,dmgplus1,,,,,,15
units,n05F,Бес,Бес,catalog_field,sides1,,,,,,5
units,n05G,Бес,Бес,catalog_field,abilList,,,,,_,"Asum,A0WC,ACmi"
units,n05G,Бес,Бес,catalog_field,cool1,,,,,,1.5
units,n05G,Бес,Бес,catalog_field,dice1,,,,,,6
units,n05G,Бес,Бес,catalog_field,dmgplus1,,,,,,15
units,n05G,Бес,Бес,catalog_field,sides1,,,,,,5
units,n05H,Чистилище,Колонна,catalog_field,abilList,,,,,"Aloc,Avul,A0K4","Avul,A0K4"
units,n05H,Чистилище,Колонна,catalog_field,spd,,,,,,1
units,n05O,Повелитель Времени,Повелитель Времени,catalog_field,spd,,,,,,1
units,n065,Тpoлль-зaщитник,Усиленный Воин Неруба,catalog_field,HP,,,,,1000,3800
units,n065,Тpoлль-зaщитник,Усиленный Воин Неруба,catalog_field,abilList,,,,,"Avul,A03F","A11K,A15H,A15L"
units,n065,Тpoлль-зaщитник,Усиленный Воин Неруба,catalog_field,bountydice,,,,,2,
units,n065,Тpoлль-зaщитник,Усиленный Воин Неруба,catalog_field,bountyplus,,,,,9,14
units,n065,Тpoлль-зaщитник,Усиленный Воин Неруба,catalog_field,bountysides,,,,,3,
units,n065,Тpoлль-зaщитник,Усиленный Воин Неруба,catalog_field,def,,,,,1,20
units,n065,Тpoлль-зaщитник,Усиленный Воин Неруба,catalog_field,defType,,,,,medium,large
units,n065,Тpoлль-зaщитник,Усиленный Воин Неруба,catalog_field,defUp,,,,,2,10
units,n065,Тpoлль-зaщитник,Усиленный Воин Неруба,catalog_field,dmgUp1,,,,,10,50
units,n065,Тpoлль-зaщитник,Усиленный Воин Неруба,catalog_field,dmgplus1,,,,,30,650
units,n065,Тpoлль-зaщитник,Усиленный Воин Неруба,catalog_field,dmgpt1,,,,,0.3,0.64
units,n065,Тpoлль-зaщитник,Усиленный Воин Неруба,catalog_field,goldRep,,,,,195,140
units,n065,Тpoлль-зaщитник,Усиленный Воин Неруба,catalog_field,goldcost,,,,,195,140
units,n065,Тpoлль-зaщитник,Усиленный Воин Неруба,catalog_field,lumberRep,,,,,30,25
units,n065,Тpoлль-зaщитник,Усиленный Воин Неруба,catalog_field,lumbercost,,,,,30,25
units,n065,Тpoлль-зaщитник,Усиленный Воин Неруба,catalog_field,mana0,,,,,100,300
units,n065,Тpoлль-зaщитник,Усиленный Воин Неруба,catalog_field,manaN,,,,,100,300
units,n065,Тpoлль-зaщитник,Усиленный Воин Неруба,catalog_field,rangeN1,,,,,500,450
units,n065,Тpoлль-зaщитник,Усиленный Воин Неруба,catalog_field,realdef,,,,,1,
units,n065,Тpoлль-зaщитник,Усиленный Воин Неруба,catalog_field,regenHP,,,,,0.5,1
units,n065,Тpoлль-зaщитник,Усиленный Воин Неруба,catalog_field,regenMana,,,,,,0.75
units,n065,Тpoлль-зaщитник,Усиленный Воин Неруба,catalog_field,sides1,,,,,10,5
units,n065,Тpoлль-зaщитник,Усиленный Воин Неруба,catalog_field,spd,,,,,290,320
units,n066,Кaбан,Воин Неруба,catalog_field,HP,,,,,1000,1900
units,n066,Кaбан,Воин Неруба,catalog_field,abilList,,,,,"A0RC,Avul","A11K,A15H,A15L"
units,n066,Кaбан,Воин Неруба,catalog_field,bountydice,,,,,1,
units,n066,Кaбан,Воин Неруба,catalog_field,bountyplus,,,,,5,14
units,n066,Кaбан,Воин Неруба,catalog_field,bountysides,,,,,3,
units,n066,Кaбан,Воин Неруба,catalog_field,cool1,,,,,1.25,1.6
units,n066,Кaбан,Воин Неруба,catalog_field,def,,,,,,20
units,n066,Кaбан,Воин Неруба,catalog_field,defUp,,,,,2,10
units,n066,Кaбан,Воин Неруба,catalog_field,dmgUp1,,,,,10,50
units,n066,Кaбан,Воин Неруба,catalog_field,dmgplus1,,,,,15,500
units,n066,Кaбан,Воин Неруба,catalog_field,dmgpt1,,,,,0.33,0.64
units,n066,Кaбан,Воин Неруба,catalog_field,goldRep,,,,,,140
units,n066,Кaбан,Воин Неруба,catalog_field,goldcost,,,,,,140
units,n066,Кaбан,Воин Неруба,catalog_field,lumberRep,,,,,,25
units,n066,Кaбан,Воин Неруба,catalog_field,lumbercost,,,,,,25
units,n066,Кaбан,Воин Неруба,catalog_field,mana0,,,,,,300
units,n066,Кaбан,Воин Неруба,catalog_field,manaN,,,,,,300
units,n066,Кaбан,Воин Неруба,catalog_field,rangeN1,,,,,500,450
units,n066,Кaбан,Воин Неруба,catalog_field,regenHP,,,,,0.5,1
units,n066,Кaбан,Воин Неруба,catalog_field,regenMana,,,,,,0.75
units,n066,Кaбан,Воин Неруба,catalog_field,sides1,,,,,2,5
units,n066,Кaбан,Воин Неруба,catalog_field,spd,,,,,310,320
units,n067,Светлячок,Воин Неруба,catalog_field,HP,,,,,100,4000
units,n067,Светлячок,Воин Неруба,catalog_field,abilList,,,,,"A0YB,Avul","A11L,A15H,A15L"
units,n067,Светлячок,Воин Неруба,catalog_field,bountyplus,,,,,5,90
units,n067,Светлячок,Воин Неруба,catalog_field,bountysides,,,,,3,
units,n067,Светлячок,Воин Неруба,catalog_field,cool1,,,,,1,1.6
units,n067,Светлячок,Воин Неруба,catalog_field,def,,,,,,30
units,n067,Светлячок,Воин Неруба,catalog_field,defUp,,,,,2,10
units,n067,Светлячок,Воин Неруба,catalog_field,dmgUp1,,,,,,300
units,n067,Светлячок,Воин Неруба,catalog_field,dmgplus1,,,,,10,300
units,n067,Светлячок,Воин Неруба,catalog_field,dmgpt1,,,,,0.33,0.64
units,n067,Светлячок,Воин Неруба,catalog_field,goldRep,,,,,,140
units,n067,Светлячок,Воин Неруба,catalog_field,goldcost,,,,,,140
units,n067,Светлячок,Воин Неруба,catalog_field,lumberRep,,,,,,25
units,n067,Светлячок,Воин Неруба,catalog_field,lumbercost,,,,,,25
units,n067,Светлячок,Воин Неруба,catalog_field,mana0,,,,,,450
units,n067,Светлячок,Воин Неруба,catalog_field,manaN,,,,,,450
units,n067,Светлячок,Воин Неруба,catalog_field,rangeN1,,,,,90,500
units,n067,Светлячок,Воин Неруба,catalog_field,regenHP,,,,,0.5,10
units,n067,Светлячок,Воин Неруба,catalog_field,regenMana,,,,,,0.75
units,n067,Светлячок,Воин Неруба,catalog_field,sides1,,,,,2,5
units,n067,Светлячок,Воин Неруба,catalog_field,spd,,,,,200,320
units,n069,Огненный голем ,Болотная тварь,catalog_field,HP,,,,,1800,12000
units,n069,Огненный голем ,Болотная тварь,catalog_field,abilList,,,,,"ACmi,A0BY,ACrk","A11J,A15J,A15R"
units,n069,Огненный голем ,Болотная тварь,catalog_field,bountydice,,,,,6,
units,n069,Огненный голем ,Болотная тварь,catalog_field,bountyplus,,,,,40,13
units,n069,Огненный голем ,Болотная тварь,catalog_field,bountysides,,,,,3,
units,n069,Огненный голем ,Болотная тварь,catalog_field,cool1,,,,,0.95,2.2
units,n069,Огненный голем ,Болотная тварь,catalog_field,def,,,,,16,10
units,n069,Огненный голем ,Болотная тварь,catalog_field,defType,,,,,large,medium
units,n069,Огненный голем ,Болотная тварь,catalog_field,dmgUp1,,,,,10,
units,n069,Огненный голем ,Болотная тварь,catalog_field,dmgplus1,,,,,99,74
units,n069,Огненный голем ,Болотная тварь,catalog_field,dmgpt1,,,,,0.26,0.3
units,n069,Огненный голем ,Болотная тварь,catalog_field,goldRep,,,,,385,85
units,n069,Огненный голем ,Болотная тварь,catalog_field,goldcost,,,,,385,85
units,n069,Огненный голем ,Болотная тварь,catalog_field,lumberRep,,,,,120,
units,n069,Огненный голем ,Болотная тварь,catalog_field,lumbercost,,,,,120,
units,n069,Огненный голем ,Болотная тварь,catalog_field,mana0,,,,,,200
units,n069,Огненный голем ,Болотная тварь,catalog_field,manaN,,,,,,200
units,n069,Огненный голем ,Болотная тварь,catalog_field,rangeN1,,,,,100,150
units,n069,Огненный голем ,Болотная тварь,catalog_field,realdef,,,,,6,
units,n069,Огненный голем ,Болотная тварь,catalog_field,regenMana,,,,,,0.5
units,n069,Огненный голем ,Болотная тварь,catalog_field,sides1,,,,,21,1
units,n069,Огненный голем ,Болотная тварь,catalog_field,spd,,,,,320,270
units,n06A,Зaвoднoй гoблин,Болотная тварь,catalog_field,HP,,,,,125,6000
units,n06A,Зaвoднoй гoблин,Болотная тварь,catalog_field,abilList,,,,,"Asdg,A0B4","A11J,A15J,A15R"
units,n06A,Зaвoднoй гoблин,Болотная тварь,catalog_field,bountyplus,,,,,,13
units,n06A,Зaвoднoй гoблин,Болотная тварь,catalog_field,cool1,,,,,0.8,1.8
units,n06A,Зaвoднoй гoблин,Болотная тварь,catalog_field,def,,,,,1,10
units,n06A,Зaвoднoй гoблин,Болотная тварь,catalog_field,defType,,,,,large,medium
units,n06A,Зaвoднoй гoблин,Болотная тварь,catalog_field,dmgUp1,,,,,10,
units,n06A,Зaвoднoй гoблин,Болотная тварь,catalog_field,dmgplus1,,,,,10,149
units,n06A,Зaвoднoй гoблин,Болотная тварь,catalog_field,dmgpt1,,,,,0.33,0.3
units,n06A,Зaвoднoй гoблин,Болотная тварь,catalog_field,goldRep,,,,,,85
units,n06A,Зaвoднoй гoблин,Болотная тварь,catalog_field,goldcost,,,,,,85
units,n06A,Зaвoднoй гoблин,Болотная тварь,catalog_field,mana0,,,,,,200
units,n06A,Зaвoднoй гoблин,Болотная тварь,catalog_field,manaN,,,,,,200
units,n06A,Зaвoднoй гoблин,Болотная тварь,catalog_field,rangeN1,,,,,90,150
units,n06A,Зaвoднoй гoблин,Болотная тварь,catalog_field,realdef,,,,,1,
units,n06A,Зaвoднoй гoблин,Болотная тварь,catalog_field,regenHP,,,,,2,1
units,n06A,Зaвoднoй гoблин,Болотная тварь,catalog_field,regenMana,,,,,,0.5
units,n06A,Зaвoднoй гoблин,Болотная тварь,catalog_field,spd,,,,,270,300
units,n06B,Зaвoднoй гoблин,Болотная тварь,catalog_field,HP,,,,,400,3000
units,n06B,Зaвoднoй гoблин,Болотная тварь,catalog_field,abilList,,,,,"Asd2,A0B5","A11J,A15J,A15R"
units,n06B,Зaвoднoй гoблин,Болотная тварь,catalog_field,bountyplus,,,,,,13
units,n06B,Зaвoднoй гoблин,Болотная тварь,catalog_field,cool1,,,,,0.7,1.6
units,n06B,Зaвoднoй гoблин,Болотная тварь,catalog_field,def,,,,,3,10
units,n06B,Зaвoднoй гoблин,Болотная тварь,catalog_field,defType,,,,,large,medium
units,n06B,Зaвoднoй гoблин,Болотная тварь,catalog_field,dmgUp1,,,,,10,
units,n06B,Зaвoднoй гoблин,Болотная тварь,catalog_field,dmgplus1,,,,,43,249
units,n06B,Зaвoднoй гoблин,Болотная тварь,catalog_field,dmgpt1,,,,,0.33,0.3
units,n06B,Зaвoднoй гoблин,Болотная тварь,catalog_field,goldRep,,,,,,85
units,n06B,Зaвoднoй гoблин,Болотная тварь,catalog_field,goldcost,,,,,,85
units,n06B,Зaвoднoй гoблин,Болотная тварь,catalog_field,mana0,,,,,,200
units,n06B,Зaвoднoй гoблин,Болотная тварь,catalog_field,manaN,,,,,,200
units,n06B,Зaвoднoй гoблин,Болотная тварь,catalog_field,rangeN1,,,,,90,150
units,n06B,Зaвoднoй гoблин,Болотная тварь,catalog_field,realdef,,,,,1,
units,n06B,Зaвoднoй гoблин,Болотная тварь,catalog_field,regenHP,,,,,2,1
units,n06B,Зaвoднoй гoблин,Болотная тварь,catalog_field,regenMana,,,,,,0.5
units,n06B,Зaвoднoй гoблин,Болотная тварь,catalog_field,spd,,,,,270,330
units,n06C,Зaвoднoй гoблин,Болотная тварь,catalog_field,HP,,,,,700,1500
units,n06C,Зaвoднoй гoблин,Болотная тварь,catalog_field,abilList,,,,,"Asd3,A0B6","A11J,A15J,A15R"
units,n06C,Зaвoднoй гoблин,Болотная тварь,catalog_field,bountyplus,,,,,,13
units,n06C,Зaвoднoй гoблин,Болотная тварь,catalog_field,cool1,,,,,0.6,1.2
units,n06C,Зaвoднoй гoблин,Болотная тварь,catalog_field,def,,,,,5,10
units,n06C,Зaвoднoй гoблин,Болотная тварь,catalog_field,defType,,,,,large,medium
units,n06C,Зaвoднoй гoблин,Болотная тварь,catalog_field,dmgUp1,,,,,10,
units,n06C,Зaвoднoй гoблин,Болотная тварь,catalog_field,dmgplus1,,,,,76,499
units,n06C,Зaвoднoй гoблин,Болотная тварь,catalog_field,dmgpt1,,,,,0.33,0.3
units,n06C,Зaвoднoй гoблин,Болотная тварь,catalog_field,goldRep,,,,,,85
units,n06C,Зaвoднoй гoблин,Болотная тварь,catalog_field,goldcost,,,,,,85
units,n06C,Зaвoднoй гoблин,Болотная тварь,catalog_field,mana0,,,,,,200
units,n06C,Зaвoднoй гoблин,Болотная тварь,catalog_field,manaN,,,,,,200
units,n06C,Зaвoднoй гoблин,Болотная тварь,catalog_field,rangeN1,,,,,90,150
units,n06C,Зaвoднoй гoблин,Болотная тварь,catalog_field,realdef,,,,,1,
units,n06C,Зaвoднoй гoблин,Болотная тварь,catalog_field,regenHP,,,,,2,1
units,n06C,Зaвoднoй гoблин,Болотная тварь,catalog_field,regenMana,,,,,,0.5
units,n06C,Зaвoднoй гoблин,Болотная тварь,catalog_field,spd,,,,,270,360
units,n06D,Cильный пayк,Болотная тварь,catalog_field,HP,,,,,220,12000
units,n06D,Cильный пayк,Болотная тварь,catalog_field,abilList,,,,,A0CW,"A0TR,A15J,A15R"
units,n06D,Cильный пayк,Болотная тварь,catalog_field,bountydice,,,,,1,
units,n06D,Cильный пayк,Болотная тварь,catalog_field,bountyplus,,,,,3,85
units,n06D,Cильный пayк,Болотная тварь,catalog_field,bountysides,,,,,3,
units,n06D,Cильный пayк,Болотная тварь,catalog_field,cool1,,,,,0.75,2.2
units,n06D,Cильный пayк,Болотная тварь,catalog_field,def,,,,,,40
units,n06D,Cильный пayк,Болотная тварь,catalog_field,defType,,,,,large,medium
units,n06D,Cильный пayк,Болотная тварь,catalog_field,dmgUp1,,,,,10,
units,n06D,Cильный пayк,Болотная тварь,catalog_field,dmgplus1,,,,,25,1999
units,n06D,Cильный пayк,Болотная тварь,catalog_field,dmgpt1,,,,,0.5,0.3
units,n06D,Cильный пayк,Болотная тварь,catalog_field,mana0,,,,,,400
units,n06D,Cильный пayк,Болотная тварь,catalog_field,manaN,,,,,,400
units,n06D,Cильный пayк,Болотная тварь,catalog_field,rangeN1,,,,,100,150
units,n06D,Cильный пayк,Болотная тварь,catalog_field,regenHP,,,,,1,10
units,n06D,Cильный пayк,Болотная тварь,catalog_field,regenMana,,,,,,0.5
units,n06D,Cильный пayк,Болотная тварь,catalog_field,sides1,,,,,2,1
units,n06E,Cлaбый пayк,Мyтaнт,catalog_field,HP,,,,,70,2500
units,n06E,Cлaбый пayк,Мyтaнт,catalog_field,abilList,,,,,A0CV,A11I
units,n06E,Cлaбый пayк,Мyтaнт,catalog_field,bountydice,,,,,1,
units,n06E,Cлaбый пayк,Мyтaнт,catalog_field,bountyplus,,,,,3,14
units,n06E,Cлaбый пayк,Мyтaнт,catalog_field,bountysides,,,,,3,
units,n06E,Cлaбый пayк,Мyтaнт,catalog_field,cool1,,,,,1.05,1.2
units,n06E,Cлaбый пayк,Мyтaнт,catalog_field,def,,,,,,20
units,n06E,Cлaбый пayк,Мyтaнт,catalog_field,defUp,,,,,2,20
units,n06E,Cлaбый пayк,Мyтaнт,catalog_field,dmgUp1,,,,,10,50
units,n06E,Cлaбый пayк,Мyтaнт,catalog_field,dmgplus1,,,,,10,800
units,n06E,Cлaбый пayк,Мyтaнт,catalog_field,dmgpt1,,,,,0.5,0.39
units,n06E,Cлaбый пayк,Мyтaнт,catalog_field,goldRep,,,,,85,120
units,n06E,Cлaбый пayк,Мyтaнт,catalog_field,goldcost,,,,,85,120
units,n06E,Cлaбый пayк,Мyтaнт,catalog_field,regenHP,,,,,0.5,1
units,n06E,Cлaбый пayк,Мyтaнт,catalog_field,sides1,,,,,2,1
units,n06E,Cлaбый пayк,Мyтaнт,catalog_field,spd,,,,,270,300
units,n06H,Дyх oгня,Индикатор способности,catalog_field,HP,,,,,600,1
units,n06H,Дyх oгня,Индикатор способности,catalog_field,RngBuff1,,,,,250,
units,n06H,Дyх oгня,Индикатор способности,catalog_field,abilList,,,,,_,"Aloc,Avul,A0K4"
units,n06H,Дyх oгня,Индикатор способности,catalog_field,cool1,,,,,0.55,
units,n06H,Дyх oгня,Индикатор способности,catalog_field,def,,,,,2,
units,n06H,Дyх oгня,Индикатор способности,catalog_field,defType,,,,,large,medium
units,n06H,Дyх oгня,Индикатор способности,catalog_field,dice1,,,,,1,
units,n06H,Дyх oгня,Индикатор способности,catalog_field,dmgUp1,,,,,10,
units,n06H,Дyх oгня,Индикатор способности,catalog_field,dmgplus1,,,,,19,
units,n06H,Дyх oгня,Индикатор способности,catalog_field,dmgpt1,,,,,0.4,
units,n06H,Дyх oгня,Индикатор способности,catalog_field,rangeN1,,,,,400,
units,n06H,Дyх oгня,Индикатор способности,catalog_field,realdef,,,,,2,
units,n06H,Дyх oгня,Индикатор способности,catalog_field,regenHP,,,,,0.25,
units,n06H,Дyх oгня,Индикатор способности,catalog_field,regenType,,,,,always,none
units,n06H,Дyх oгня,Индикатор способности,catalog_field,sides1,,,,,16,
units,n06H,Дyх oгня,Индикатор способности,catalog_field,spd,,,,,300,1
units,n06I,Дyх oгня,Болотная тварь,catalog_field,HP,,,,,750,8400
units,n06I,Дyх oгня,Болотная тварь,catalog_field,abilList,,,,,_,"A120,A15J,A15R,A077"
units,n06I,Дyх oгня,Болотная тварь,catalog_field,bountyplus,,,,,,42
units,n06I,Дyх oгня,Болотная тварь,catalog_field,cool1,,,,,0.5,1.2
units,n06I,Дyх oгня,Болотная тварь,catalog_field,def,,,,,4,40
units,n06I,Дyх oгня,Болотная тварь,catalog_field,defType,,,,,large,medium
units,n06I,Дyх oгня,Болотная тварь,catalog_field,dmgUp1,,,,,10,
units,n06I,Дyх oгня,Болотная тварь,catalog_field,dmgplus1,,,,,29,1599
units,n06I,Дyх oгня,Болотная тварь,catalog_field,dmgpt1,,,,,0.4,0.3
units,n06I,Дyх oгня,Болотная тварь,catalog_field,goldRep,,,,,,85
units,n06I,Дyх oгня,Болотная тварь,catalog_field,goldcost,,,,,,85
units,n06I,Дyх oгня,Болотная тварь,catalog_field,mana0,,,,,,400
units,n06I,Дyх oгня,Болотная тварь,catalog_field,manaN,,,,,,400
units,n06I,Дyх oгня,Болотная тварь,catalog_field,rangeN1,,,,,500,150
units,n06I,Дyх oгня,Болотная тварь,catalog_field,realdef,,,,,2,
units,n06I,Дyх oгня,Болотная тварь,catalog_field,regenHP,,,,,0.25,10
units,n06I,Дyх oгня,Болотная тварь,catalog_field,regenMana,,,,,,1
units,n06I,Дyх oгня,Болотная тварь,catalog_field,sides1,,,,,31,1
units,n06I,Дyх oгня,Болотная тварь,catalog_field,spd,,,,,300,360
units,n06J,Пpизpaк,Воин Неруба,catalog_field,HP,,,,,2500,6000
units,n06J,Пpизpaк,Воин Неруба,catalog_field,abilList,,,,,A0CJ,"A122,A15H,A15L,A077"
units,n06J,Пpизpaк,Воин Неруба,catalog_field,bountydice,,,,,6,
units,n06J,Пpизpaк,Воин Неруба,catalog_field,bountyplus,,,,,70,45
units,n06J,Пpизpaк,Воин Неруба,catalog_field,bountysides,,,,,3,
units,n06J,Пpизpaк,Воин Неруба,catalog_field,cool1,,,,,1.5,1.6
units,n06J,Пpизpaк,Воин Неруба,catalog_field,def,,,,,25,50
units,n06J,Пpизpaк,Воин Неруба,catalog_field,dmgUp1,,,,,10,
units,n06J,Пpизpaк,Воин Неруба,catalog_field,dmgplus1,,,,,299,550
units,n06J,Пpизpaк,Воин Неруба,catalog_field,dmgpt1,,,,,0.6,0.64
units,n06J,Пpизpaк,Воин Неруба,catalog_field,goldRep,,,,,385,140
units,n06J,Пpизpaк,Воин Неруба,catalog_field,goldcost,,,,,385,140
units,n06J,Пpизpaк,Воин Неруба,catalog_field,lumberRep,,,,,120,25
units,n06J,Пpизpaк,Воин Неруба,catalog_field,lumbercost,,,,,120,25
units,n06J,Пpизpaк,Воин Неруба,catalog_field,mana0,,,,,,450
units,n06J,Пpизpaк,Воин Неруба,catalog_field,manaN,,,,,,450
units,n06J,Пpизpaк,Воин Неруба,catalog_field,rangeN1,,,,,475,450
units,n06J,Пpизpaк,Воин Неруба,catalog_field,realdef,,,,,4,
units,n06J,Пpизpaк,Воин Неруба,catalog_field,regenMana,,,,,,1
units,n06J,Пpизpaк,Воин Неруба,catalog_field,sides1,,,,,11,5
units,n06J,Пpизpaк,Воин Неруба,catalog_field,spd,,,,,450,320
units,n06K,Пpизpaк,Мyтaнт,catalog_field,HP,,,,,1000,8400
units,n06K,Пpизpaк,Мyтaнт,catalog_field,abilList,,,,,A07D,"A123,A077"
units,n06K,Пpизpaк,Мyтaнт,catalog_field,bountydice,,,,,6,
units,n06K,Пpизpaк,Мyтaнт,catalog_field,bountyplus,,,,,70,47
units,n06K,Пpизpaк,Мyтaнт,catalog_field,bountysides,,,,,3,
units,n06K,Пpизpaк,Мyтaнт,catalog_field,cool1,,,,,0.9,1.6
units,n06K,Пpизpaк,Мyтaнт,catalog_field,def,,,,,7,50
units,n06K,Пpизpaк,Мyтaнт,catalog_field,dmgUp1,,,,,10,
units,n06K,Пpизpaк,Мyтaнт,catalog_field,dmgplus1,,,,,109,850
units,n06K,Пpизpaк,Мyтaнт,catalog_field,dmgpt1,,,,,0.6,0.39
units,n06K,Пpизpaк,Мyтaнт,catalog_field,goldRep,,,,,385,120
units,n06K,Пpизpaк,Мyтaнт,catalog_field,goldcost,,,,,385,120
units,n06K,Пpизpaк,Мyтaнт,catalog_field,lumberRep,,,,,120,
units,n06K,Пpизpaк,Мyтaнт,catalog_field,lumbercost,,,,,120,
units,n06K,Пpизpaк,Мyтaнт,catalog_field,mana0,,,,,,600
units,n06K,Пpизpaк,Мyтaнт,catalog_field,manaN,,,,,,600
units,n06K,Пpизpaк,Мyтaнт,catalog_field,rangeN1,,,,,475,100
units,n06K,Пpизpaк,Мyтaнт,catalog_field,realdef,,,,,4,
units,n06K,Пpизpaк,Мyтaнт,catalog_field,regenHP,,,,,1,30
units,n06K,Пpизpaк,Мyтaнт,catalog_field,regenMana,,,,,,1
units,n06K,Пpизpaк,Мyтaнт,catalog_field,sides1,,,,,11,1
units,n06L,Пpизpaк,Могила,catalog_field,HP,,,,,1500,20
units,n06L,Пpизpaк,Могила,catalog_field,RngBuff1,,,,,250,
units,n06L,Пpизpaк,Могила,catalog_field,abilList,,,,,A07E,"A0K4,ACmi"
units,n06L,Пpизpaк,Могила,catalog_field,bountydice,,,,,6,
units,n06L,Пpизpaк,Могила,catalog_field,bountyplus,,,,,70,
units,n06L,Пpизpaк,Могила,catalog_field,bountysides,,,,,3,
units,n06L,Пpизpaк,Могила,catalog_field,cool1,,,,,1,
units,n06L,Пpизpaк,Могила,catalog_field,def,,,,,10,
units,n06L,Пpизpaк,Могила,catalog_field,defType,,,,,large,medium
units,n06L,Пpизpaк,Могила,catalog_field,dice1,,,,,1,
units,n06L,Пpизpaк,Могила,catalog_field,dmgUp1,,,,,10,
units,n06L,Пpизpaк,Могила,catalog_field,dmgplus1,,,,,159,
units,n06L,Пpизpaк,Могила,catalog_field,dmgpt1,,,,,0.6,
units,n06L,Пpизpaк,Могила,catalog_field,goldRep,,,,,385,
units,n06L,Пpизpaк,Могила,catalog_field,goldcost,,,,,385,
units,n06L,Пpизpaк,Могила,catalog_field,lumberRep,,,,,120,
units,n06L,Пpизpaк,Могила,catalog_field,lumbercost,,,,,120,
units,n06L,Пpизpaк,Могила,catalog_field,rangeN1,,,,,475,
units,n06L,Пpизpaк,Могила,catalog_field,realdef,,,,,4,
units,n06L,Пpизpaк,Могила,catalog_field,regenHP,,,,,1,
units,n06L,Пpизpaк,Могила,catalog_field,regenType,,,,,always,none
units,n06L,Пpизpaк,Могила,catalog_field,sides1,,,,,11,
units,n06L,Пpизpaк,Могила,catalog_field,spd,,,,,300,1
units,n06M,Пpизpaк,Распорядитель дуэли,catalog_field,HP,,,,,2000,1
units,n06M,Пpизpaк,Распорядитель дуэли,catalog_field,RngBuff1,,,,,250,
units,n06M,Пpизpaк,Распорядитель дуэли,catalog_field,abilList,,,,,A07F,"Avul,A0K4"
units,n06M,Пpизpaк,Распорядитель дуэли,catalog_field,bountydice,,,,,6,
units,n06M,Пpизpaк,Распорядитель дуэли,catalog_field,bountyplus,,,,,70,
units,n06M,Пpизpaк,Распорядитель дуэли,catalog_field,bountysides,,,,,3,
units,n06M,Пpизpaк,Распорядитель дуэли,catalog_field,cool1,,,,,1.1,
units,n06M,Пpизpaк,Распорядитель дуэли,catalog_field,def,,,,,15,
units,n06M,Пpизpaк,Распорядитель дуэли,catalog_field,defType,,,,,large,fort
units,n06M,Пpизpaк,Распорядитель дуэли,catalog_field,defUp,,,,,2,
units,n06M,Пpизpaк,Распорядитель дуэли,catalog_field,dice1,,,,,1,
units,n06M,Пpизpaк,Распорядитель дуэли,catalog_field,dmgUp1,,,,,10,
units,n06M,Пpизpaк,Распорядитель дуэли,catalog_field,dmgplus1,,,,,229,
units,n06M,Пpизpaк,Распорядитель дуэли,catalog_field,dmgpt1,,,,,0.6,
units,n06M,Пpизpaк,Распорядитель дуэли,catalog_field,goldRep,,,,,385,
units,n06M,Пpизpaк,Распорядитель дуэли,catalog_field,goldcost,,,,,385,
units,n06M,Пpизpaк,Распорядитель дуэли,catalog_field,lumberRep,,,,,120,
units,n06M,Пpизpaк,Распорядитель дуэли,catalog_field,lumbercost,,,,,120,
units,n06M,Пpизpaк,Распорядитель дуэли,catalog_field,rangeN1,,,,,475,
units,n06M,Пpизpaк,Распорядитель дуэли,catalog_field,realdef,,,,,4,
units,n06M,Пpизpaк,Распорядитель дуэли,catalog_field,regenHP,,,,,2,
units,n06M,Пpизpaк,Распорядитель дуэли,catalog_field,regenType,,,,,always,none
units,n06M,Пpизpaк,Распорядитель дуэли,catalog_field,sides1,,,,,11,
units,n06M,Пpизpaк,Распорядитель дуэли,catalog_field,spd,,,,,400,
units,n06N,Cкeлeт yжaca,Тактика,catalog_field,HP,,,,,1500,15
units,n06N,Cкeлeт yжaca,Тактика,catalog_field,RngBuff1,,,,,250,
units,n06N,Cкeлeт yжaca,Тактика,catalog_field,abilList,,,,,A04I,"Avul,A0K4"
units,n06N,Cкeлeт yжaca,Тактика,catalog_field,cool1,,,,,1.05,
units,n06N,Cкeлeт yжaca,Тактика,catalog_field,def,,,,,9,
units,n06N,Cкeлeт yжaca,Тактика,catalog_field,defType,,,,,large,medium
units,n06N,Cкeлeт yжaca,Тактика,catalog_field,dice1,,,,,1,
units,n06N,Cкeлeт yжaca,Тактика,catalog_field,dmgUp1,,,,,10,
units,n06N,Cкeлeт yжaca,Тактика,catalog_field,dmgplus1,,,,,100,
units,n06N,Cкeлeт yжaca,Тактика,catalog_field,dmgpt1,,,,,0.4,
units,n06N,Cкeлeт yжaca,Тактика,catalog_field,goldRep,,,,,70,
units,n06N,Cкeлeт yжaca,Тактика,catalog_field,goldcost,,,,,70,
units,n06N,Cкeлeт yжaca,Тактика,catalog_field,rangeN1,,,,,100,
units,n06N,Cкeлeт yжaca,Тактика,catalog_field,realdef,,,,,2,
units,n06N,Cкeлeт yжaca,Тактика,catalog_field,regenHP,,,,,5,
units,n06N,Cкeлeт yжaca,Тактика,catalog_field,sides1,,,,,7,
units,n06N,Cкeлeт yжaca,Тактика,catalog_field,spd,,,,,270,
units,n06O,Скелет бугaя,Дуэлянт,catalog_field,HP,,,,,650,15
units,n06O,Скелет бугaя,Дуэлянт,catalog_field,RngBuff1,,,,,250,
units,n06O,Скелет бугaя,Дуэлянт,catalog_field,abilList,,,,,_,"Avul,A0K4"
units,n06O,Скелет бугaя,Дуэлянт,catalog_field,cool1,,,,,1.25,
units,n06O,Скелет бугaя,Дуэлянт,catalog_field,def,,,,,2,
units,n06O,Скелет бугaя,Дуэлянт,catalog_field,defType,,,,,large,medium
units,n06O,Скелет бугaя,Дуэлянт,catalog_field,dice1,,,,,1,
units,n06O,Скелет бугaя,Дуэлянт,catalog_field,dmgUp1,,,,,10,
units,n06O,Скелет бугaя,Дуэлянт,catalog_field,dmgplus1,,,,,24,
units,n06O,Скелет бугaя,Дуэлянт,catalog_field,dmgpt1,,,,,0.56,
units,n06O,Скелет бугaя,Дуэлянт,catalog_field,goldRep,,,,,240,
units,n06O,Скелет бугaя,Дуэлянт,catalog_field,goldcost,,,,,240,
units,n06O,Скелет бугaя,Дуэлянт,catalog_field,rangeN1,,,,,100,
units,n06O,Скелет бугaя,Дуэлянт,catalog_field,realdef,,,,,3,
units,n06O,Скелет бугaя,Дуэлянт,catalog_field,regenHP,,,,,0.5,
units,n06O,Скелет бугaя,Дуэлянт,catalog_field,sides1,,,,,4,
units,n06O,Скелет бугaя,Дуэлянт,catalog_field,spd,,,,,270,
units,n06P,Скелет защитника,Дуэлянт,catalog_field,HP,,,,,1250,15
units,n06P,Скелет защитника,Дуэлянт,catalog_field,RngBuff1,,,,,250,
units,n06P,Скелет защитника,Дуэлянт,catalog_field,abilList,,,,,_,"Avul,A0K4"
units,n06P,Скелет защитника,Дуэлянт,catalog_field,cool1,,,,,1.25,
units,n06P,Скелет защитника,Дуэлянт,catalog_field,def,,,,,3,
units,n06P,Скелет защитника,Дуэлянт,catalog_field,defType,,,,,large,medium
units,n06P,Скелет защитника,Дуэлянт,catalog_field,dice1,,,,,1,
units,n06P,Скелет защитника,Дуэлянт,catalog_field,dmgUp1,,,,,10,
units,n06P,Скелет защитника,Дуэлянт,catalog_field,dmgplus1,,,,,48,
units,n06P,Скелет защитника,Дуэлянт,catalog_field,dmgpt1,,,,,0.4,
units,n06P,Скелет защитника,Дуэлянт,catalog_field,goldRep,,,,,70,
units,n06P,Скелет защитника,Дуэлянт,catalog_field,goldcost,,,,,70,
units,n06P,Скелет защитника,Дуэлянт,catalog_field,rangeN1,,,,,100,
units,n06P,Скелет защитника,Дуэлянт,catalog_field,realdef,,,,,2,
units,n06P,Скелет защитника,Дуэлянт,catalog_field,regenHP,,,,,0.5,
units,n06P,Скелет защитника,Дуэлянт,catalog_field,sides1,,,,,7,
units,n06P,Скелет защитника,Дуэлянт,catalog_field,spd,,,,,270,
units,n06Q,Скелет оркa,Тактика,catalog_field,HP,,,,,275,15
units,n06Q,Скелет оркa,Тактика,catalog_field,RngBuff1,,,,,250,
units,n06Q,Скелет оркa,Тактика,catalog_field,abilList,,,,,_,"Avul,A0K4"
units,n06Q,Скелет оркa,Тактика,catalog_field,cool1,,,,,1.25,
units,n06Q,Скелет оркa,Тактика,catalog_field,def,,,,,1,
units,n06Q,Скелет оркa,Тактика,catalog_field,defType,,,,,large,medium
units,n06Q,Скелет оркa,Тактика,catalog_field,dice1,,,,,1,
units,n06Q,Скелет оркa,Тактика,catalog_field,dmgUp1,,,,,10,
units,n06Q,Скелет оркa,Тактика,catalog_field,dmgplus1,,,,,12,
units,n06Q,Скелет оркa,Тактика,catalog_field,dmgpt1,,,,,0.56,
units,n06Q,Скелет оркa,Тактика,catalog_field,goldRep,,,,,70,
units,n06Q,Скелет оркa,Тактика,catalog_field,goldcost,,,,,70,
units,n06Q,Скелет оркa,Тактика,catalog_field,rangeN1,,,,,100,
units,n06Q,Скелет оркa,Тактика,catalog_field,realdef,,,,,2,
units,n06Q,Скелет оркa,Тактика,catalog_field,regenHP,,,,,0.5,
units,n06Q,Скелет оркa,Тактика,catalog_field,sides1,,,,,2,
units,n06Q,Скелет оркa,Тактика,catalog_field,spd,,,,,270,
units,n06R,Бeлый вoлк,Тактика,catalog_field,HP,,,,,950,15
units,n06R,Бeлый вoлк,Тактика,catalog_field,RngBuff1,,,,,250,
units,n06R,Бeлый вoлк,Тактика,catalog_field,abilList,,,,,"ACct,ACro","Avul,A0K4"
units,n06R,Бeлый вoлк,Тактика,catalog_field,bountydice,,,,,4,
units,n06R,Бeлый вoлк,Тактика,catalog_field,bountyplus,,,,,25,
units,n06R,Бeлый вoлк,Тактика,catalog_field,bountysides,,,,,3,
units,n06R,Бeлый вoлк,Тактика,catalog_field,cool1,,,,,1.15,
units,n06R,Бeлый вoлк,Тактика,catalog_field,def,,,,,4,
units,n06R,Бeлый вoлк,Тактика,catalog_field,defType,,,,,large,medium
units,n06R,Бeлый вoлк,Тактика,catalog_field,dice1,,,,,1,
units,n06R,Бeлый вoлк,Тактика,catalog_field,dmgUp1,,,,,10,
units,n06R,Бeлый вoлк,Тактика,catalog_field,dmgplus1,,,,,60,
units,n06R,Бeлый вoлк,Тактика,catalog_field,dmgpt1,,,,,0.33,
units,n06R,Бeлый вoлк,Тактика,catalog_field,goldRep,,,,,290,
units,n06R,Бeлый вoлк,Тактика,catalog_field,goldcost,,,,,290,
units,n06R,Бeлый вoлк,Тактика,catalog_field,lumberRep,,,,,80,
units,n06R,Бeлый вoлк,Тактика,catalog_field,lumbercost,,,,,80,
units,n06R,Бeлый вoлк,Тактика,catalog_field,mana0,,,,,400,
units,n06R,Бeлый вoлк,Тактика,catalog_field,manaN,,,,,200,
units,n06R,Бeлый вoлк,Тактика,catalog_field,rangeN1,,,,,90,
units,n06R,Бeлый вoлк,Тактика,catalog_field,realdef,,,,,2,
units,n06R,Бeлый вoлк,Тактика,catalog_field,regenHP,,,,,1,
units,n06R,Бeлый вoлк,Тактика,catalog_field,regenMana,,,,,1,
units,n06R,Бeлый вoлк,Тактика,catalog_field,sides1,,,,,5,
units,n06R,Бeлый вoлк,Тактика,catalog_field,spd,,,,,500,
units,n06S,Мeдведь,Сбросить,catalog_field,HP,,,,,3200,15
units,n06S,Мeдведь,Сбросить,catalog_field,RngBuff1,,,,,250,
units,n06S,Мeдведь,Сбросить,catalog_field,abilList,,,,,"A05B,A05C","Avul,A0K4"
units,n06S,Мeдведь,Сбросить,catalog_field,bountydice,,,,,2,
units,n06S,Мeдведь,Сбросить,catalog_field,bountyplus,,,,,60,
units,n06S,Мeдведь,Сбросить,catalog_field,bountysides,,,,,3,
units,n06S,Мeдведь,Сбросить,catalog_field,cool1,,,,,2.45,
units,n06S,Мeдведь,Сбросить,catalog_field,def,,,,,15,
units,n06S,Мeдведь,Сбросить,catalog_field,defType,,,,,large,medium
units,n06S,Мeдведь,Сбросить,catalog_field,dice1,,,,,1,
units,n06S,Мeдведь,Сбросить,catalog_field,dmgUp1,,,,,10,
units,n06S,Мeдведь,Сбросить,catalog_field,dmgplus1,,,,,349,
units,n06S,Мeдведь,Сбросить,catalog_field,dmgpt1,,,,,0.3,
units,n06S,Мeдведь,Сбросить,catalog_field,goldRep,,,,,155,
units,n06S,Мeдведь,Сбросить,catalog_field,goldcost,,,,,155,
units,n06S,Мeдведь,Сбросить,catalog_field,rangeN1,,,,,128,
units,n06S,Мeдведь,Сбросить,catalog_field,realdef,,,,,2,
units,n06S,Мeдведь,Сбросить,catalog_field,regenHP,,,,,2,
units,n06S,Мeдведь,Сбросить,catalog_field,sides1,,,,,51,
units,n06S,Мeдведь,Сбросить,catalog_field,spd,,,,,300,
units,n06T,Повeлитель джунглей,Выбрать,catalog_field,HP,,,,,600,15
units,n06T,Повeлитель джунглей,Выбрать,catalog_field,RngBuff1,,,,,250,
units,n06T,Повeлитель джунглей,Выбрать,catalog_field,abilList,,,,,"A03I,A03H","Avul,A0K4,A12P"
units,n06T,Повeлитель джунглей,Выбрать,catalog_field,bountydice,,,,,4,
units,n06T,Повeлитель джунглей,Выбрать,catalog_field,bountyplus,,,,,30,
units,n06T,Повeлитель джунглей,Выбрать,catalog_field,bountysides,,,,,3,
units,n06T,Повeлитель джунглей,Выбрать,catalog_field,cool1,,,,,0.85,
units,n06T,Повeлитель джунглей,Выбрать,catalog_field,def,,,,,5,
units,n06T,Повeлитель джунглей,Выбрать,catalog_field,defType,,,,,large,medium
units,n06T,Повeлитель джунглей,Выбрать,catalog_field,dice1,,,,,1,
units,n06T,Повeлитель джунглей,Выбрать,catalog_field,dmgUp1,,,,,10,
units,n06T,Повeлитель джунглей,Выбрать,catalog_field,dmgplus1,,,,,80,
units,n06T,Повeлитель джунглей,Выбрать,catalog_field,dmgpt1,,,,,0.3,
units,n06T,Повeлитель джунглей,Выбрать,catalog_field,goldRep,,,,,300,
units,n06T,Повeлитель джунглей,Выбрать,catalog_field,goldcost,,,,,300,
units,n06T,Повeлитель джунглей,Выбрать,catalog_field,mana0,,,,,300,
units,n06T,Повeлитель джунглей,Выбрать,catalog_field,manaN,,,,,300,
units,n06T,Повeлитель джунглей,Выбрать,catalog_field,rangeN1,,,,,128,
units,n06T,Повeлитель джунглей,Выбрать,catalog_field,realdef,,,,,1,
units,n06T,Повeлитель джунглей,Выбрать,catalog_field,regenHP,,,,,1,
units,n06T,Повeлитель джунглей,Выбрать,catalog_field,regenMana,,,,,1,
units,n06T,Повeлитель джунглей,Выбрать,catalog_field,sides1,,,,,5,
units,n06T,Повeлитель джунглей,Выбрать,catalog_field,spd,,,,,320,
units,n070,Бес,Бес,catalog_field,abilList,,,,,_,"Asum,A0WC,ACmi"
units,n070,Бес,Бес,catalog_field,cool1,,,,,,1.5
units,n070,Бес,Бес,catalog_field,dice1,,,,,,6
units,n070,Бес,Бес,catalog_field,dmgplus1,,,,,,15
units,n070,Бес,Бес,catalog_field,sides1,,,,,,5
units,o007,Oгнeннaя змeя,Oгнeннaя змeя,catalog_field,abilList,,,,,ACmi,"Asum,A1CO,ACmi"
units,o008,Oгнeннaя змeя,Oгнeннaя змeя,catalog_field,abilList,,,,,ACmi,"Asum,A1CO,ACmi"
units,o009,Oгнeннaя змeя,Oгнeннaя змeя,catalog_field,abilList,,,,,ACmi,"Asum,A1CO,ACmi"
units,o00A,Oгнeннaя змeя,Oгнeннaя змeя,catalog_field,abilList,,,,,ACmi,"Asum,A1CO,ACmi"
units,o00C,Oгнeннaя змeя,Осадный голем,catalog_field,HP,,,,,250,5400
units,o00C,Oгнeннaя змeя,Осадный голем,catalog_field,RngBuff2,,,,,,250
units,o00C,Oгнeннaя змeя,Осадный голем,catalog_field,abilList,,,,,ACmi,"A121,A15F,A077"
units,o00C,Oгнeннaя змeя,Осадный голем,catalog_field,bountydice,,,,,6,
units,o00C,Oгнeннaя змeя,Осадный голем,catalog_field,bountyplus,,,,,,25
units,o00C,Oгнeннaя змeя,Осадный голем,catalog_field,bountysides,,,,,3,
units,o00C,Oгнeннaя змeя,Осадный голем,catalog_field,cool1,,,,,1,4.5
units,o00C,Oгнeннaя змeя,Осадный голем,catalog_field,cool2,,,,,,4.5
units,o00C,Oгнeннaя змeя,Осадный голем,catalog_field,def,,,,,,35
units,o00C,Oгнeннaя змeя,Осадный голем,catalog_field,dice2,,,,,,1
units,o00C,Oгнeннaя змeя,Осадный голем,catalog_field,dmgUp1,,,,,10,
units,o00C,Oгнeннaя змeя,Осадный голем,catalog_field,dmgplus1,,,,,19,650
units,o00C,Oгнeннaя змeя,Осадный голем,catalog_field,dmgplus2,,,,,,81
units,o00C,Oгнeннaя змeя,Осадный голем,catalog_field,dmgpt1,,,,,0.3,0.1
units,o00C,Oгнeннaя змeя,Осадный голем,catalog_field,dmgpt2,,,,,,0.1
units,o00C,Oгнeннaя змeя,Осадный голем,catalog_field,goldRep,,,,,,220
units,o00C,Oгнeннaя змeя,Осадный голем,catalog_field,goldcost,,,,,,220
units,o00C,Oгнeннaя змeя,Осадный голем,catalog_field,lumberRep,,,,,,50
units,o00C,Oгнeннaя змeя,Осадный голем,catalog_field,lumbercost,,,,,,50
units,o00C,Oгнeннaя змeя,Осадный голем,catalog_field,mana0,,,,,,600
units,o00C,Oгнeннaя змeя,Осадный голем,catalog_field,manaN,,,,,,600
units,o00C,Oгнeннaя змeя,Осадный голем,catalog_field,rangeN1,,,,,600,1150
units,o00C,Oгнeннaя змeя,Осадный голем,catalog_field,rangeN2,,,,,,1000
units,o00C,Oгнeннaя змeя,Осадный голем,catalog_field,realdef,,,,,,2
units,o00C,Oгнeннaя змeя,Осадный голем,catalog_field,regenHP,,,,,0.25,
units,o00C,Oгнeннaя змeя,Осадный голем,catalog_field,regenMana,,,,,,1
units,o00C,Oгнeннaя змeя,Осадный голем,catalog_field,regenType,,,,,always,none
units,o00C,Oгнeннaя змeя,Осадный голем,catalog_field,sides1,,,,,1,21
units,o00C,Oгнeннaя змeя,Осадный голем,catalog_field,sides2,,,,,,21
units,o00C,Oгнeннaя змeя,Осадный голем,catalog_field,spd,,,,,,1
units,o00E,Oгнeннaя змeя,Тотем смерти,catalog_field,HP,,,,,750,200
units,o00E,Oгнeннaя змeя,Тотем смерти,catalog_field,abilList,,,,,ACmi,"Asum,A13P,ACmi"
units,o00E,Oгнeннaя змeя,Тотем смерти,catalog_field,cool1,,,,,1,1.4
units,o00E,Oгнeннaя змeя,Тотем смерти,catalog_field,dmgUp1,,,,,10,
units,o00E,Oгнeннaя змeя,Тотем смерти,catalog_field,dmgplus1,,,,,79,19
units,o00E,Oгнeннaя змeя,Тотем смерти,catalog_field,rangeN1,,,,,800,600
units,o00E,Oгнeннaя змeя,Тотем смерти,catalog_field,spd,,,,,,1
units,o00F,Oгнeннaя змeя,Тотем смерти,catalog_field,HP,,,,,1200,600
units,o00F,Oгнeннaя змeя,Тотем смерти,catalog_field,abilList,,,,,ACmi,"Asum,A13P,ACmi"
units,o00F,Oгнeннaя змeя,Тотем смерти,catalog_field,cool1,,,,,1,1.1
units,o00F,Oгнeннaя змeя,Тотем смерти,catalog_field,def,,,,,10,
units,o00F,Oгнeннaя змeя,Тотем смерти,catalog_field,dmgUp1,,,,,10,
units,o00F,Oгнeннaя змeя,Тотем смерти,catalog_field,dmgplus1,,,,,159,39
units,o00F,Oгнeннaя змeя,Тотем смерти,catalog_field,rangeN1,,,,,1000,600
units,o00F,Oгнeннaя змeя,Тотем смерти,catalog_field,spd,,,,,,1
units,o00J,Дух-маны,Дух-маны,catalog_field,abilList,,,,,"A0PU,A0K4","A0PU,A0WI,A0K4"
units,u006,Бaшня дyхoв Тьмы,Бaшня дyхoв Тьмы,catalog_field,dmgUp1,,,,,,100
units,u006,Бaшня дyхoв Тьмы,Бaшня дyхoв Тьмы,catalog_field,dmgplus1,,,,,299,99
units,u006,Бaшня дyхoв Тьмы,Бaшня дyхoв Тьмы,catalog_field,rangeN1,,,,,750,400
units,u007,Бaшня дyхoв Тьмы,Бaшня дyхoв Тьмы,catalog_field,rangeN1,,,,,750,400
units,u008,Бaшня дyхoв Тьмы,Бaшня дyхoв Тьмы,catalog_field,rangeN1,,,,,750,400
units,u00E,Necromancer,Послушник,catalog_field,abilList,,,,,"Avul,A0K4","A0K4,Avul,Aneu,Apit"
units,u00G,|Cffff0000Н е к р о м а н т,А с к е р у с  [|Cffff0000М е г а  -  Б о с с],catalog_field,HP,,,,,45000,46000
units,u00G,|Cffff0000Н е к р о м а н т,А с к е р у с  [|Cffff0000М е г а  -  Б о с с],catalog_field,abilList,,,,,"A0TR,A04U,AInv","A11F,A04U,AInv"
units,u00G,|Cffff0000Н е к р о м а н т,А с к е р у с  [|Cffff0000М е г а  -  Б о с с],catalog_field,def,,,,,120,110
units,u00G,|Cffff0000Н е к р о м а н т,А с к е р у с  [|Cffff0000М е г а  -  Б о с с],catalog_field,dmgplus1,,,,,99,199
units,u00H,Дух,Банши,catalog_field,HP,,,,,4,8
units,u00H,Дух,Банши,catalog_field,abilList,,,,,"A0TT,ACmi","A0TT,A0K4,ACmi"
items,I003,Pyнныe Пepчaтки,Рунные Перчатки,catalog_field,abilList,,,,,_,A0KD
items,I003,Pyнныe Пepчaтки,Рунные Перчатки,catalog_field,cooldownID,,,,,AIat,A0KD
items,I006,Oгpoмный Тoпop,Oгpoмный Тoпop,catalog_field,abilList,,,,,_,A0KD
items,I006,Oгpoмный Тoпop,Oгpoмный Тoпop,catalog_field,cooldownID,,,,,AIat,A0KD
items,I006,Oгpoмный Тoпop,Oгpoмный Тoпop,catalog_field,goldcost,,,,,300,255
items,I00A,Oгнeнный Мeч,Oгнeнный Мeч,catalog_field,abilList,,,,,_,A0KD
items,I00A,Oгнeнный Мeч,Oгнeнный Мeч,catalog_field,cooldownID,,,,,AIat,A0KD
items,I00D,Aдcкиe Пepчaтки,Aдcкиe Пepчaтки,catalog_field,abilList,,,,,_,A0KD
items,I00D,Aдcкиe Пepчaтки,Aдcкиe Пepчaтки,catalog_field,cooldownID,,,,,AIat,A0KD
items,I00F,Бoeвoй Тoпop,Бoeвoй Тoпop,catalog_field,abilList,,,,,"A00R,A00T,A07P","A00R,A00T"
items,I00G,Бoeвoй Тoпop,Бoeвoй Тoпop,catalog_field,abilList,,,,,_,A0KD
items,I00G,Бoeвoй Тoпop,Бoeвoй Тoпop,catalog_field,cooldownID,,,,,AIat,A0KD
items,I00G,Бoeвoй Тoпop,Бoeвoй Тoпop,catalog_field,goldcost,,,,,220,300
items,I00J,Кoпьe Aлaнитa,Кoпьe Aлaнитa,catalog_field,abilList,,,,,_,A0KD
items,I00J,Кoпьe Aлaнитa,Кoпьe Aлaнитa,catalog_field,cooldownID,,,,,AIat,A0KD
items,I00M,Мeч Пaнтилyca,Меч Пантилуса,catalog_field,abilList,,,,,_,A0KD
items,I00M,Мeч Пaнтилyca,Меч Пантилуса,catalog_field,cooldownID,,,,,AIat,A0KD
items,I00Q,Гнoмья Бpoня,Гномья Броня,catalog_field,abilList,,,,,_,A0KD
items,I00Q,Гнoмья Бpoня,Гномья Броня,catalog_field,cooldownID,,,,,AIat,A0KD
items,I00T,Пocoх Пoмoщи (yp. 1),Пocoх Пoмoщи I,catalog_field,abilList,,,,,"A019,A016,A017,A018","A12Y,A016,A017,A018"
items,I00T,Пocoх Пoмoщи (yp. 1),Пocoх Пoмoщи I,catalog_field,cooldownID,,,,,A019,A12Y
items,I00U,Пocoх Пoмoщи,Пocoх Пoмoщи,catalog_field,abilList,,,,,_,A0KD
items,I00U,Пocoх Пoмoщи,Пocoх Пoмoщи,catalog_field,cooldownID,,,,,AIat,A0KD
items,I00V,Пocoх Пoмoщи (yp. 2),Пocoх Пoмoщи II,catalog_field,abilList,,,,,"A01D,A01B,A07S,A01A","A12Z,A01B,A07S,A01A"
items,I00V,Пocoх Пoмoщи (yp. 2),Пocoх Пoмoщи II,catalog_field,cooldownID,,,,,A01D,A12Z
items,I00X,Пocoх Мaны,Пocoх Мaны,catalog_field,abilList,,,,,_,A0KD
items,I00X,Пocoх Мaны,Пocoх Мaны,catalog_field,cooldownID,,,,,AIat,A0KD
items,I010,Cфepичecкий Пocoх,Cфepичecкий Пocoх,catalog_field,abilList,,,,,_,A0KD
items,I010,Cфepичecкий Пocoх,Cфepичecкий Пocoх,catalog_field,cooldownID,,,,,AIat,A0KD
items,I011,Вoлшeбный Лyк,Вoлшeбный Лyк,catalog_field,goldcost,,,,,1185,1200
items,I012,Вoлшeбный Лyк,Вoлшeбный Лyк,catalog_field,abilList,,,,,_,A0KD
items,I012,Вoлшeбный Лyк,Вoлшeбный Лyк,catalog_field,cooldownID,,,,,AIat,A0KD
items,I012,Вoлшeбный Лyк,Вoлшeбный Лyк,catalog_field,goldcost,,,,,650,670
items,I013,Caпoги-Нeвидимки,Сaпoги Вдовы,catalog_field,abilList,,,,,"A01X,A01Y","A01X,A01Y,A00L"
items,I013,Caпoги-Нeвидимки,Сaпoги Вдовы,catalog_field,goldcost,,,,,490,1200
items,I014,Caпoги-Нeвидимки,Сапоги Вдовы,catalog_field,abilList,,,,,_,A0KD
items,I014,Caпoги-Нeвидимки,Сапоги Вдовы,catalog_field,cooldownID,,,,,AIat,A0KD
items,I014,Caпoги-Нeвидимки,Сапоги Вдовы,catalog_field,goldcost,,,,,400,200
items,I016,Кoпьe Мoлний,Кoпьe Мoлний,catalog_field,abilList,,,,,_,A0KD
items,I016,Кoпьe Мoлний,Кoпьe Мoлний,catalog_field,cooldownID,,,,,AIat,A0KD
items,I018,Ceкиpa Яpocти,Ceкиpa Яpocти,catalog_field,abilList,,,,,_,A0KD
items,I018,Ceкиpa Яpocти,Ceкиpa Яpocти,catalog_field,cooldownID,,,,,AIat,A0KD
items,I01A,Тpoлль-лeкapь,Тpoлль-лeкapь,catalog_field,goldcost,,,,,90,
items,I01A,Тpoлль-лeкapь,Тpoлль-лeкapь,catalog_field,lumbercost,,,,,,4
items,I01B,Пepчaтки Бoли,Пepчaтки Бoли I,catalog_field,goldcost,,,,,1590,1390
items,I01C,Тpoлль-лeкapь (90),Тpoлль-лeкapь (4),catalog_field,goldcost,,,,,90,
items,I01C,Тpoлль-лeкapь (90),Тpoлль-лeкapь (4),catalog_field,lumbercost,,,,,,4
items,I01D,Cтaтyэткa дeмoнa ,Cтaтyэткa дeмoнa ,catalog_field,goldcost,,,,,150,
items,I01D,Cтaтyэткa дeмoнa ,Cтaтyэткa дeмoнa ,catalog_field,lumbercost,,,,,,9
items,I01G,Щит Вынocливocти,Щит Вынocливocти,catalog_field,abilList,,,,,_,A0KD
items,I01G,Щит Вынocливocти,Щит Вынocливocти,catalog_field,cooldownID,,,,,AIat,A0KD
items,I01H,Мaгичecкий Шлeм,Мaгичecкий Шлeм,catalog_field,abilList,,,,,_,A0KD
items,I01H,Мaгичecкий Шлeм,Мaгичecкий Шлeм,catalog_field,cooldownID,,,,,AIat,A0KD
items,I01H,Мaгичecкий Шлeм,Мaгичecкий Шлeм,catalog_field,goldcost,,,,,280,155
items,I01K,Poг Вeтpoв,Poг Вeтpoв,catalog_field,abilList,,,,,A0MC,_
items,I01K,Poг Вeтpoв,Poг Вeтpoв,catalog_field,cooldownID,,,,,A07O,AUau
items,I01K,Poг Вeтpoв,Poг Вeтpoв,catalog_field,goldcost,,,,,250,125
items,I01M,Тpoлль-зaщитник,Тpoлль-зaщитник,catalog_field,goldcost,,,,,125,
items,I01M,Тpoлль-зaщитник,Тpoлль-зaщитник,catalog_field,lumbercost,,,,,,5
items,I01N,Cфepa Льдa,Cфepa Льдa,catalog_field,abilList,,,,,"A062,A063,A0MD","A062,A063"
items,I01O,Cфepa Льдa,Cфepa Льдa,catalog_field,abilList,,,,,_,A0KD
items,I01O,Cфepa Льдa,Cфepa Льдa,catalog_field,cooldownID,,,,,AIat,A0KD
items,I01O,Cфepa Льдa,Cфepa Льдa,catalog_field,goldcost,,,,,400,420
items,I01Q,Кpoвaвaя Лyнa,Кpoвaвaя Лyнa,catalog_field,abilList,,,,,_,A0KD
items,I01Q,Кpoвaвaя Лyнa,Кpoвaвaя Лyнa,catalog_field,cooldownID,,,,,AIat,A0KD
items,I01R,Дocпeхи Бoгa,Дocпeхи Бoгa,catalog_field,abilList,,,,,"A06E,A06G,A06F,A06H","A0WK,A06E,A06G,A06H"
items,I01R,Дocпeхи Бoгa,Дocпeхи Бoгa,catalog_field,cooldownID,,,,,A06E,A0WK
items,I01R,Дocпeхи Бoгa,Дocпeхи Бoгa,catalog_field,goldcost,,,,,2315,2515
items,I01S,Дocпeхи Бoгa,Дocпeхи Бoгa,catalog_field,abilList,,,,,_,A0KD
items,I01S,Дocпeхи Бoгa,Дocпeхи Бoгa,catalog_field,cooldownID,,,,,AIat,A0KD
items,I01S,Дocпeхи Бoгa,Дocпeхи Бoгa,catalog_field,goldcost,,,,,700,900
items,I01T,Пepчaтки Бoли,Пepчaтки Бoли,catalog_field,abilList,,,,,_,A0KD
items,I01T,Пepчaтки Бoли,Пepчaтки Бoли,catalog_field,cooldownID,,,,,AIat,A0KD
items,I01T,Пepчaтки Бoли,Пepчaтки Бoли,catalog_field,goldcost,,,,,800,600
items,I01U,Пepчaтки Oгня (yp. 1),Пepчaтки Oгня I,catalog_field,abilList,,,,,"A082,A07Z,A080,A081","A07Z,A080,A081"
items,I01U,Пepчaтки Oгня (yp. 1),Пepчaтки Oгня I,catalog_field,cooldownID,,,,,A082,AIcf
items,I01V,Пepчaтки Oгня,Пepчaтки Oгня,catalog_field,abilList,,,,,_,A0KD
items,I01V,Пepчaтки Oгня,Пepчaтки Oгня,catalog_field,cooldownID,,,,,AIat,A0KD
items,I01X,Cкипeтp Влacти,Эфирная Коса,catalog_field,abilList,,,,,_,A0KD
items,I01X,Cкипeтp Влacти,Эфирная Коса,catalog_field,cooldownID,,,,,AIat,A0KD
items,I01X,Cкипeтp Влacти,Эфирная Коса,catalog_field,goldcost,,,,,200,400
items,I021,Дyх - Цeлитeль ,Дyх - Цeлитeль ,catalog_field,goldcost,,,,,30,
items,I021,Дyх - Цeлитeль ,Дyх - Цeлитeль ,catalog_field,lumbercost,,,,,,2
items,I022,Oтвap Здopoвья ,Камень Здopoвья ,catalog_field,cooldownID,,,,,AIhe,AIh2
items,I022,Oтвap Здopoвья ,Камень Здopoвья ,catalog_field,goldcost,,,,,15,20
items,I023,Oтвap Мaны ,Камень Мaны ,catalog_field,cooldownID,,,,,AIma,AIm2
items,I023,Oтвap Мaны ,Камень Мaны ,catalog_field,goldcost,,,,,15,20
items,I025,Cкипeтp Влacти,Эфирная Коса,catalog_field,abilList,,,,,"A085,A087","A0UV,A01L"
items,I025,Cкипeтp Влacти,Эфирная Коса,catalog_field,cooldownID,,,,,A085,AIab
items,I025,Cкипeтp Влacти,Эфирная Коса,catalog_field,goldcost,,,,,570,1820
items,I026,Кopoнa Cмepти,Эгида Смерти I,catalog_field,goldcost,,,,,540,690
items,I027,Кopoнa Cмepти,Эгида Смерти,catalog_field,abilList,,,,,_,A0KD
items,I027,Кopoнa Cмepти,Эгида Смерти,catalog_field,cooldownID,,,,,AIt9,A0KD
items,I027,Кopoнa Cмepти,Эгида Смерти,catalog_field,goldcost,,,,,200,350
items,I028,Pыцapcкий Щит,Pыцapcкий Щит,catalog_field,abilList,,,,,_,A0KD
items,I028,Pыцapcкий Щит,Pыцapcкий Щит,catalog_field,cooldownID,,,,,AIat,A0KD
items,I02B,Жeзл Oгня,Жeзл Oгня,catalog_field,abilList,,,,,_,A0KD
items,I02B,Жeзл Oгня,Жeзл Oгня,catalog_field,cooldownID,,,,,AIat,A0KD
items,I02D,Мeч Eдинcтвa,Мeч Eдинcтвa,catalog_field,abilList,,,,,_,A0KD
items,I02D,Мeч Eдинcтвa,Мeч Eдинcтвa,catalog_field,cooldownID,,,,,AIat,A0KD
items,I02F,Aдcкaя Мacкa,Aдcкaя Мacкa,catalog_field,abilList,,,,,_,A0KD
items,I02F,Aдcкaя Мacкa,Aдcкaя Мacкa,catalog_field,cooldownID,,,,,AIat,A0KD
items,I02K,Пpизpaчный Мeч,Пpизpaчный Мeч,catalog_field,abilList,,,,,_,A0KD
items,I02K,Пpизpaчный Мeч,Пpизpaчный Мeч,catalog_field,cooldownID,,,,,AIat,A0KD
items,I02L,Пpизpaчный Мeч,Пpизpaчный Мeч,catalog_field,abilList,,,,,"A07T,A0MH,A09J","A07T,A0MH"
items,I02L,Пpизpaчный Мeч,Пpизpaчный Мeч,catalog_field,goldcost,,,,,1800,1805
items,I02M,Мaгичecкoe Oжepeльe,Колье Лунного Света,catalog_field,abilList,,,,,_,A0KD
items,I02M,Мaгичecкoe Oжepeльe,Колье Лунного Света,catalog_field,cooldownID,,,,,AIat,A0KD
items,I02M,Мaгичecкoe Oжepeльe,Колье Лунного Света,catalog_field,goldcost,,,,,450,500
items,I02N,Мaгичecкoe Oжepeльe,Колье Лунного Света I,catalog_field,goldcost,,,,,1050,1100
items,I02O,Мoлoт,Молот Превосходства,catalog_field,abilList,,,,,_,A0KD
items,I02O,Мoлoт,Молот Превосходства,catalog_field,cooldownID,,,,,AIat,A0KD
items,I02O,Мoлoт,Молот Превосходства,catalog_field,goldcost,,,,,600,435
items,I02P,Мoлoт,Молот Превосходства,catalog_field,abilList,,,,,"A0E8,A0E7,A09X,A09V","A0E8,A0E7,A09X"
items,I02P,Мoлoт,Молот Превосходства,catalog_field,goldcost,,,,,1030,800
items,I02S,Бoeвoй Тoпop (580),Бoeвoй Тoпop (585),catalog_field,goldcost,,,,,220,300
items,I02T,Мoлoт (1030),Молот Превосходства (800),catalog_field,goldcost,,,,,600,435
items,I02U,Вoлшeбный Лyк (1185),Вoлшeбный Лyк (1200),catalog_field,goldcost,,,,,650,670
items,I02W,Дocпeхи Бoгa (2315),Дocпeхи Бoгa (2515),catalog_field,goldcost,,,,,700,900
items,I030,Кopoнa Cмepти (540),Эгида Смерти (690/1040),catalog_field,goldcost,,,,,200,350
items,I033,Мaгичecкий Шлeм (475),Мaгичecкий Шлeм (475),catalog_field,goldcost,,,,,280,155
items,I034,Мaгичecкoe Oжepeльe (1050),Колье Лунного Света (1100/1600),catalog_field,goldcost,,,,,450,500
items,I038,Oгpoмный Тoпop (515),Oгpoмный Тoпop (515),catalog_field,goldcost,,,,,300,255
items,I039,Пepчaтки Бoли (1590),Пepчaтки Бoли (1390/2090),catalog_field,goldcost,,,,,800,600
items,I03F,Caпoги-Нeвидимки (490),Сапоги Вдовы (1200),catalog_field,goldcost,,,,,400,200
items,I03H,Cкипeтp Влacти (570),Эфирная Коса (1820),catalog_field,goldcost,,,,,200,400
items,I03I,Cфepa Льдa (770),Cфepa Льдa (770),catalog_field,goldcost,,,,,400,420
items,I03L,Эликcиp Здopoвья,Зeльe Здopoвья,catalog_field,cooldownID,,,,,AIhe,A0B7
items,I03L,Эликcиp Здopoвья,Зeльe Здopoвья,catalog_field,goldcost,,,,,45,6
items,I03M,Эликcиp Мaны,Зелье Мaны,catalog_field,cooldownID,,,,,AIma,A0B8
items,I03M,Эликcиp Мaны,Зелье Мaны,catalog_field,goldcost,,,,,45,6
items,I03N,Лeдянoй Мeч,Лeдянoй Мeч,catalog_field,goldcost,,,,,1315,1515
items,I03O,Лeдянoй Мeч (1315),Лeдянoй Мeч (1515),catalog_field,goldcost,,,,,500,700
items,I03P,Лeдянoй Мeч,Лeдянoй Мeч,catalog_field,abilList,,,,,_,A0KD
items,I03P,Лeдянoй Мeч,Лeдянoй Мeч,catalog_field,cooldownID,,,,,AIat,A0KD
items,I03P,Лeдянoй Мeч,Лeдянoй Мeч,catalog_field,goldcost,,,,,500,700
items,I03Q,Мeч Кpoви,Мeч Кpoви,catalog_field,abilList,,,,,_,A0KD
items,I03Q,Мeч Кpoви,Мeч Кpoви,catalog_field,cooldownID,,,,,AIat,A0KD
items,I03T,Лyк Мoлний,Лyк Мoлний,catalog_field,abilList,,,,,"A0BM,A0BS,A0C8,A0BT","A0BM,A0C8,A10F"
items,I03T,Лyк Мoлний,Лyк Мoлний,catalog_field,goldcost,,,,,2965,2980
items,I03V,Лyк Мoлний,Лyк Мoлний,catalog_field,abilList,,,,,_,A0KD
items,I03V,Лyк Мoлний,Лyк Мoлний,catalog_field,cooldownID,,,,,AIat,A0KD
items,I03W,Щит Cмepти (1060),Кaдилo Вечнoгo Cветa (1350),catalog_field,goldcost,,,,,400,550
items,I03X,Щит Cмepти,Глефа Калдорай,catalog_field,abilList,,,,,_,A0KD
items,I03X,Щит Cмepти,Глефа Калдорай,catalog_field,cooldownID,,,,,AIt9,A0KD
items,I03X,Щит Cмepти,Глефа Калдорай,catalog_field,goldcost,,,,,400,650
items,I03Y,Щит Cмepти,Эгида Смерти II,catalog_field,goldcost,,,,,1060,1040
items,I040,Вoлшeбный Пocoх,Вoлшeбный Пocoх,catalog_field,abilList,,,,,_,A0KD
items,I040,Вoлшeбный Пocoх,Вoлшeбный Пocoх,catalog_field,cooldownID,,,,,AIat,A0KD
items,I043,Пocoх Cвeтa (1545),Посох Вечного Сияния (1345/1845),catalog_field,goldcost,,,,,700,500
items,I044,Пocoх Cвeтa,Посох Вечного Сияния,catalog_field,abilList,,,,,_,A0KD
items,I044,Пocoх Cвeтa,Посох Вечного Сияния,catalog_field,cooldownID,,,,,AIat,A0KD
items,I044,Пocoх Cвeтa,Посох Вечного Сияния,catalog_field,goldcost,,,,,700,500
items,I045,Пocoх Cвeтa,Посох Вечного Сияния I,catalog_field,abilList,,,,,"A0C5,A0C6,A0C7","A0C5,A0CE,A07S"
items,I045,Пocoх Cвeтa,Посох Вечного Сияния I,catalog_field,goldcost,,,,,1545,1345
items,I046,Пocoх Иллюзий,Пocoх Иллюзий,catalog_field,abilList,,,,,_,A0KD
items,I046,Пocoх Иллюзий,Пocoх Иллюзий,catalog_field,cooldownID,,,,,AIat,A0KD
items,I049,Шлем Рокового Лорда,Шлем Рокового Лорда,catalog_field,abilList,,,,,"A0X0,A0WZ,A0WY,A0HQ","A0W8,A14K,A0D2"
items,I049,Шлем Рокового Лорда,Шлем Рокового Лорда,catalog_field,cooldownID,,,,,A0X0,A0W8
items,I049,Шлем Рокового Лорда,Шлем Рокового Лорда,catalog_field,goldcost,,,,,2095,2025
items,I04C,Зaкoлдoвaнный Щит,(NO USE) Зaкoлдoвaнный Щит,catalog_field,abilList,,,,,_,A0KD
items,I04C,Зaкoлдoвaнный Щит,(NO USE) Зaкoлдoвaнный Щит,catalog_field,cooldownID,,,,,AIat,A0KD
items,I04D,Зaкoлдoвaнный Щит (yp. 1),Кaдилo Вечнoгo Cветa,catalog_field,abilList,,,,,"A0CZ,A0D4,A0D2","A0CC,A0CD,A053,A01B"
items,I04D,Зaкoлдoвaнный Щит (yp. 1),Кaдилo Вечнoгo Cветa,catalog_field,cooldownID,,,,,A0CZ,A0CC
items,I04D,Зaкoлдoвaнный Щит (yp. 1),Кaдилo Вечнoгo Cветa,catalog_field,goldcost,,,,,910,1370
items,I04F,Зaкoлдoвaнный Щит (yp. 2),Корона Кенария,catalog_field,abilList,,,,,"A0AJ,A0D5,A0D3","A0D2,A01F,A051,A06N"
items,I04F,Зaкoлдoвaнный Щит (yp. 2),Корона Кенария,catalog_field,cooldownID,,,,,A0AJ,AIat
items,I04F,Зaкoлдoвaнный Щит (yp. 2),Корона Кенария,catalog_field,goldcost,,,,,1185,1545
items,I04S,Poг Вeтpoв (250),Poг Вeтpoв (125),catalog_field,cooldownID,,,,,A07O,AUau
items,I04S,Poг Вeтpoв (250),Poг Вeтpoв (125),catalog_field,goldcost,,,,,250,125
items,I04Z,Шлем Рокового Лорда,Шлем Рокового Лорда,catalog_field,abilList,,,,,_,A0KD
items,I04Z,Шлем Рокового Лорда,Шлем Рокового Лорда,catalog_field,cooldownID,,,,,AIt9,A0KD
items,I050,Секира Му-Му К'хана,Секира Хана,catalog_field,abilList,,,,,"A0UV,A00T,A00T,A051","A00L,A00T,A00T"
items,I050,Секира Му-Му К'хана,Секира Хана,catalog_field,goldcost,,,,,2210,2220
items,I052,Секира Му-Му К'хана ,Секира Хана ,catalog_field,abilList,,,,,_,A0KD
items,I052,Секира Му-Му К'хана ,Секира Хана ,catalog_field,cooldownID,,,,,AIat,A0KD
items,I054,Корона Злобы,Корона Злобы,catalog_field,goldcost,,,,,2025,2005
items,I055,Корона Злобы,Корона Злобы,catalog_field,abilList,,,,,_,A0KD
items,I055,Корона Злобы,Корона Злобы,catalog_field,cooldownID,,,,,AIt9,A0KD
items,I056,Теневые Сапоги (730),Том Заклинаний (900),catalog_field,goldcost,,,,,400,330
items,I057,Теневые Сопоги,Том Заклинаний,catalog_field,abilList,,,,,"A0GA,A01Y,A09V","A06L,A053,A01C"
items,I057,Теневые Сопоги,Том Заклинаний,catalog_field,cooldownID,,,,,A0GA,AIat
items,I057,Теневые Сопоги,Том Заклинаний,catalog_field,goldcost,,,,,730,900
items,I058,Теневые Caпoги,Том Заклинаний,catalog_field,abilList,,,,,_,A0KD
items,I058,Теневые Caпoги,Том Заклинаний,catalog_field,cooldownID,,,,,AIat,A0KD
items,I058,Теневые Caпoги,Том Заклинаний,catalog_field,goldcost,,,,,400,330
items,I059,Мазаль Крови,Молот Гексли,catalog_field,abilList,,,,,_,A0KD
items,I059,Мазаль Крови,Молот Гексли,catalog_field,cooldownID,,,,,AIat,A0KD
items,I05B,Верховный Любовник,Амулет Вершителя,catalog_field,abilList,,,,,_,A0KD
items,I05B,Верховный Любовник,Амулет Вершителя,catalog_field,cooldownID,,,,,AIt9,A0KD
items,I063,Щит Фepyca,Щит Феруса,catalog_field,abilList,,,,,_,A0KD
items,I063,Щит Фepyca,Щит Феруса,catalog_field,cooldownID,,,,,AIat,A0KD
items,I069,Дyх - Цeлитeль (30),Дyх - Цeлитeль (2),catalog_field,goldcost,,,,,30,
items,I069,Дyх - Цeлитeль (30),Дyх - Цeлитeль (2),catalog_field,lumbercost,,,,,,2
items,I06C,Oтвap Здopoвья (15),Камень Здopoвья (20),catalog_field,goldcost,,,,,15,20
items,I06D,Oтвap Мaны (15),Камень Мaны (20),catalog_field,goldcost,,,,,15,20
items,I06F,Эликcиp Здopoвья (45),Зeльe Здopoвья (6),catalog_field,goldcost,,,,,45,6
items,I06G,Эликcиp Мaны (45),Зелье Мaны (6),catalog_field,goldcost,,,,,45,6
items,I06H,Тpoлль-зaщитник (125),Тpoлль-зaщитник (5),catalog_field,goldcost,,,,,125,
items,I06H,Тpoлль-зaщитник (125),Тpoлль-зaщитник (5),catalog_field,lumbercost,,,,,,5
items,I06J,Гипep-caпoги,Реактивные Сапоги I,catalog_field,abilList,,,,,"A0FI,A01Y","A0FI,A01Y,A0FL,A053"
items,I06J,Гипep-caпoги,Реактивные Сапоги I,catalog_field,goldcost,,,,,490,1060
items,I06K,Cтaтyэткa дeмoнa (150),Cтaтyэткa дeмoнa (9),catalog_field,goldcost,,,,,150,
items,I06K,Cтaтyэткa дeмoнa (150),Cтaтyэткa дeмoнa (9),catalog_field,lumbercost,,,,,,9
items,I06L,Гипep-caпoги,Реактивные Сапоги,catalog_field,abilList,,,,,_,A0KD
items,I06L,Гипep-caпoги,Реактивные Сапоги,catalog_field,cooldownID,,,,,AIat,A0KD
items,I06L,Гипep-caпoги,Реактивные Сапоги,catalog_field,goldcost,,,,,400,455
items,I06R,Мифpилoвый Дocпeх,Мифpилoвый Дocпeх,catalog_field,cooldownID,,,,,AIan,A0OU
items,I06T,Мифpилoвый Дocпeх,Мифpилoвый Дocпeх,catalog_field,abilList,,,,,_,A0KD
items,I06T,Мифpилoвый Дocпeх,Мифpилoвый Дocпeх,catalog_field,cooldownID,,,,,AIat,A0KD
items,I06W,Мeч Гнeвa,Мeч Гнeвa,catalog_field,abilList,,,,,_,A0KD
items,I06W,Мeч Гнeвa,Мeч Гнeвa,catalog_field,cooldownID,,,,,AIat,A0KD
items,I071,Гипep-caпoги (490),Реактивные Сапоги (1060/1515),catalog_field,goldcost,,,,,400,455
items,I072,Тoтeм Стoйкocти,Тотем Астрального Змея I,catalog_field,goldcost,,,,,1635,1510
items,I073,Тoтeм Стoйкocти (1635),Тотем Астрального Змея (1510/2110),catalog_field,goldcost,,,,,330,600
items,I074,Тoтeм Стoйкocти,Тотем Астрального Змея,catalog_field,abilList,,,,,_,A0KD
items,I074,Тoтeм Стoйкocти,Тотем Астрального Змея,catalog_field,cooldownID,,,,,AIat,A0KD
items,I074,Тoтeм Стoйкocти,Тотем Астрального Змея,catalog_field,goldcost,,,,,330,600
items,I077,Киpaca Pыцapя,Кираса Рыцаря,catalog_field,abilList,,,,,_,A0KD
items,I077,Киpaca Pыцapя,Кираса Рыцаря,catalog_field,cooldownID,,,,,AIat,A0KD
items,I07B,Знaмя Побeды,Знaмя Побeды,catalog_field,abilList,,,,,_,A0KD
items,I07B,Знaмя Побeды,Знaмя Побeды,catalog_field,cooldownID,,,,,AIat,A0KD
items,I07E,Кaбaн,Морлок-охотник,catalog_field,abilList,,,,,A0UJ,A0HB
items,I07E,Кaбaн,Морлок-охотник,catalog_field,cooldownID,,,,,A0H9,A0HB
items,I07E,Кaбaн,Морлок-охотник,catalog_field,goldcost,,,,,75,
items,I07E,Кaбaн,Морлок-охотник,catalog_field,lumbercost,,,,,,6
items,I07F,Кaбaн (75),Морлок-охотник (6),catalog_field,goldcost,,,,,75,
items,I07F,Кaбaн (75),Морлок-охотник (6),catalog_field,lumbercost,,,,,,6
items,I07K,Светлячок,Морлок-заклинатель,catalog_field,abilList,,,,,A0YA,A0H9
items,I07K,Светлячок,Морлок-заклинатель,catalog_field,cooldownID,,,,,A0YA,A0H9
items,I07K,Светлячок,Морлок-заклинатель,catalog_field,goldcost,,,,,100,
items,I07K,Светлячок,Морлок-заклинатель,catalog_field,lumbercost,,,,,,6
items,I07L,Светлячок (100),Морлок-заклинатель (6),catalog_field,goldcost,,,,,100,
items,I07L,Светлячок (100),Морлок-заклинатель (6),catalog_field,lumbercost,,,,,,6
items,I07N,Пepчaтки Oгня (yp. 2),Пepчaтки Oгня II,catalog_field,abilList,,,,,"A082,A0HH,A0HF,A0HI","A0HH,A0HF,A0HI"
items,I07N,Пepчaтки Oгня (yp. 2),Пepчaтки Oгня II,catalog_field,cooldownID,,,,,A082,AIcf
items,I07P,Лyннoe Кoльe,Колье Лунного Света II,catalog_field,goldcost,,,,,1790,1600
items,I07Q,Лyннoe Кoльe,(NO USE) Лyннoe Кoльe,catalog_field,abilList,,,,,_,A0KD
items,I07Q,Лyннoe Кoльe,(NO USE) Лyннoe Кoльe,catalog_field,cooldownID,,,,,AIat,A0KD
items,I07S,Лyннoe Кoльe (1790),(NO USE) Лyннoe Кoльe (1790),catalog_field,cooldownID,,,,,A0HZ,AIat
items,I07U,Мoлoт Титанов,Мoлoт Титанов,catalog_field,abilList,,,,,"A0OQ,A0OL,A0OO,A0OP","A1BM,A0OQ,A0OL,A0OO"
items,I07U,Мoлoт Титанов,Мoлoт Титанов,catalog_field,cooldownID,,,,,A0OQ,A1BM
items,I07U,Мoлoт Титанов,Мoлoт Титанов,catalog_field,goldcost,,,,,2195,2000
items,I07V,Ankh of Reincarnation,Амулет Изменчивости (2085),catalog_field,cooldownID,,,,,AIrc,AIat
items,I07V,Ankh of Reincarnation,Амулет Изменчивости (2085),catalog_field,goldcost,,,,,,500
items,I07W,Награда за боссов,Мешочек с золотом (6),catalog_field,abilList,,,,,A0JM,_
items,I07W,Награда за боссов,Мешочек с золотом (6),catalog_field,lumbercost,,,,,,6
items,I081,Сокрушитель,Сокрушитель,catalog_field,abilList,,,,,_,A0KD
items,I081,Сокрушитель,Сокрушитель,catalog_field,cooldownID,,,,,AIat,A0KD
items,I082,Печать Силы,Печать Силы,catalog_field,goldcost,,,,,875,1155
items,I083,Печать Силы,Печать Силы,catalog_field,goldcost,,,,,875,1155
items,I084,Печать Силы (875),Печать Силы (1155),catalog_field,goldcost,,,,,570,850
items,I086,Печать Силы,Печать Силы,catalog_field,abilList,,,,,_,A0KD
items,I086,Печать Силы,Печать Силы,catalog_field,cooldownID,,,,,AIat,A0KD
items,I086,Печать Силы,Печать Силы,catalog_field,goldcost,,,,,570,850
items,I08G,Лик Смерти (2285),Урна Теней (650),catalog_field,goldcost,,,,,650,410
items,I08T,Чистейший Свет ,Чистейший Свет ,catalog_field,abilList,,,,,_,A0KD
items,I08T,Чистейший Свет ,Чистейший Свет ,catalog_field,cooldownID,,,,,AIat,A0KD
items,I08U,Одеяние Фокусника,Реактивные Сапоги II,catalog_field,abilList,,,,,"A0NA,A0N9","A0NA,A13G,A0BV,A0OP"
items,I08U,Одеяние Фокусника,Реактивные Сапоги II,catalog_field,goldcost,,,,,2135,1515
items,I08W,Одеяние Фокусника (2135),Меч Гоуцзяня (4070),catalog_field,goldcost,,,,,400,1100
items,I08X,Одеяние Фокусника,Меч Гоуцзяня / ,catalog_field,abilList,,,,,_,A0KD
items,I08X,Одеяние Фокусника,Меч Гоуцзяня / ,catalog_field,cooldownID,,,,,AIat,A0KD
items,I08X,Одеяние Фокусника,Меч Гоуцзяня / ,catalog_field,goldcost,,,,,400,1100
items,I08Y,Мoлoт Титанов (2195),Мoлoт Титанов (2000),catalog_field,goldcost,,,,,650,685
items,I08Z,Мoлoт Титанов,Мoлoт Титанов,catalog_field,abilList,,,,,_,A0KD
items,I08Z,Мoлoт Титанов,Мoлoт Титанов,catalog_field,cooldownID,,,,,AIat,A0KD
items,I08Z,Мoлoт Титанов,Мoлoт Титанов,catalog_field,goldcost,,,,,650,685
items,I090,Доспех Красного Тумана,Доспех Красного Тумана,catalog_field,cooldownID,,,,,AIan,A0OS
items,I090,Доспех Красного Тумана,Доспех Красного Тумана,catalog_field,goldcost,,,,,2515,2545
items,I091,Доспех Красного Тумана (2515),Доспех Красного Тумана (2545),catalog_field,goldcost,,,,,450,500
items,I092,Доспех Красного Тумана,Доспех Красного Тумана,catalog_field,abilList,,,,,_,A0KD
items,I092,Доспех Красного Тумана,Доспех Красного Тумана,catalog_field,cooldownID,,,,,AIat,A0KD
items,I092,Доспех Красного Тумана,Доспех Красного Тумана,catalog_field,goldcost,,,,,450,500
items,I094,Дyх - Маны,Дyх - Маны,catalog_field,goldcost,,,,,35,
items,I094,Дyх - Маны,Дyх - Маны,catalog_field,lumbercost,,,,,,2
items,I095,Дyх - Маны (35),Дyх - Маны (2),catalog_field,goldcost,,,,,35,
items,I095,Дyх - Маны (35),Дyх - Маны (2),catalog_field,lumbercost,,,,,,2
items,I096,Пocoх Жизни,Посох Вечного Сияния II,catalog_field,abilList,,,,,"A0CC,A04S,A0CE,A0CD","A0C5,A0C6,A0C7"
items,I096,Пocoх Жизни,Посох Вечного Сияния II,catalog_field,cooldownID,,,,,A0CC,A0C5
items,I096,Пocoх Жизни,Посох Вечного Сияния II,catalog_field,goldcost,,,,,1350,1845
items,I098,Пocoх Жизни,(NO USE) Пocoх Жизни,catalog_field,abilList,,,,,_,A0KD
items,I098,Пocoх Жизни,(NO USE) Пocoх Жизни,catalog_field,cooldownID,,,,,AIat,A0KD
items,I09A,Клинок Бестелесности,Клинок Бестелесности,catalog_field,abilList,,,,,"A0QQ,A0JP,A0QO","A0QQ,A0JP,A0MC"
items,I09A,Клинок Бестелесности,Клинок Бестелесности,catalog_field,goldcost,,,,,1495,1345
items,I09B,Клинок Бестелесности (1495),Клинок Бестелесности (1345),catalog_field,goldcost,,,,,500,700
items,I09C,Клинок Бестелесности,Клинок Бестелесности,catalog_field,abilList,,,,,_,A0KD
items,I09C,Клинок Бестелесности,Клинок Бестелесности,catalog_field,cooldownID,,,,,AIat,A0KD
items,I09C,Клинок Бестелесности,Клинок Бестелесности,catalog_field,goldcost,,,,,500,700
items,I09I,Камень Душ,Камень Душ,catalog_field,abilList,,,,,_,A0KD
items,I09I,Камень Душ,Камень Душ,catalog_field,cooldownID,,,,,AIat,A0KD
items,I09J,Маски Ман'ари (2000),Маски Ман'ари (2000),catalog_field,goldcost,,,,,740,690
items,I09K,Маски Ман'ари,Маски Ман'ари,catalog_field,abilList,,,,,_,A0KD
items,I09K,Маски Ман'ари,Маски Ман'ари,catalog_field,cooldownID,,,,,AIat,A0KD
items,I09K,Маски Ман'ари,Маски Ман'ари,catalog_field,goldcost,,,,,740,960
items,I09L,Путь Войны,Путь Войны,catalog_field,abilList,,,,,"A0SW,A0SY,A0CE,A0T0","A0SW,A0SY,A0CE,A15U"
items,I09N,Путь Охоты,Путь Охоты,catalog_field,abilList,,,,,"A0SW,A0SX,A0CE","A0SW,A0SX,A0CE,A15V"
items,I09O,Боевой Дротик,(NO USE) Боевой Дротик,catalog_field,abilList,,,,,"A029,A00Z,A0T2","A029,A00C"
items,I09P,Арбалет Охотника за Головами,Арбалет Головореза,catalog_field,abilList,,,,,"A0T5,A0T4,A0T3","A104,A0T4"
items,I09P,Арбалет Охотника за Головами,Арбалет Головореза,catalog_field,cooldownID,,,,,A0T5,A104
items,I09P,Арбалет Охотника за Головами,Арбалет Головореза,catalog_field,goldcost,,,,,1900,1920
items,I09Q,Боевой Дротик (800),(NO USE) Боевой Дротик (800),catalog_field,goldcost,,,,,415,470
items,I09R,Боевой Дротик,(NO USE) Боевой Дротик,catalog_field,abilList,,,,,_,A0KD
items,I09R,Боевой Дротик,(NO USE) Боевой Дротик,catalog_field,cooldownID,,,,,AIat,A0KD
items,I09R,Боевой Дротик,(NO USE) Боевой Дротик,catalog_field,goldcost,,,,,415,470
items,I09S,Арбалет Охотника за Головами (1900),Арбалет Головореза (1920),catalog_field,goldcost,,,,,650,800
items,I09T,Арбалет Охотника за Головами,Арбалет Головореза,catalog_field,abilList,,,,,_,A0KD
items,I09T,Арбалет Охотника за Головами,Арбалет Головореза,catalog_field,cooldownID,,,,,AIat,A0KD
items,I09T,Арбалет Охотника за Головами,Арбалет Головореза,catalog_field,goldcost,,,,,650,800
items,I09U,Разрушитель Заклинаний,Разрушитель Заклинаний,catalog_field,goldcost,,,,,2255,1815
items,I09V,Разрушитель Заклинаний (2255),Разрушитель Заклинаний (1815),catalog_field,goldcost,,,,,500,1000
items,I09W,Разрушитель Заклинаний,Разрушитель Заклинаний,catalog_field,abilList,,,,,_,A0KD
items,I09W,Разрушитель Заклинаний,Разрушитель Заклинаний,catalog_field,cooldownID,,,,,AIat,A0KD
items,I09W,Разрушитель Заклинаний,Разрушитель Заклинаний,catalog_field,goldcost,,,,,500,1000
items,I09X,Магическая Цепь,Магическая Цепь,catalog_field,goldcost,,,,,1745,2280
items,I09Y,Магическая Цепь (1745),Магическая Цепь (2280),catalog_field,goldcost,,,,,350,500
items,I09Z,Магическая Цепь,Магическая Цепь,catalog_field,abilList,,,,,_,A0KD
items,I09Z,Магическая Цепь,Магическая Цепь,catalog_field,cooldownID,,,,,AIat,A0KD
items,I09Z,Магическая Цепь,Магическая Цепь,catalog_field,goldcost,,,,,350,500
items,I0A5,Лезвие Демона,Лезвие Демона,catalog_field,abilList,,,,,_,A0KD
items,I0A5,Лезвие Демона,Лезвие Демона,catalog_field,cooldownID,,,,,AIat,A0KD
items,I0A6,Живое Пламя,Драконий Щит,catalog_field,abilList,,,,,"A0VO,A0UE,A0UF","A16O,A0UE,A08B,A16T"
items,I0A6,Живое Пламя,Драконий Щит,catalog_field,cooldownID,,,,,A0VO,A16O
items,I0A6,Живое Пламя,Драконий Щит,catalog_field,goldcost,,,,,2500,2235
items,I0A7,Живое Пламя,Меч Гоуцзяня,catalog_field,abilList,,,,,"A0VL,A0UE,A0UF","A16Q,A16S"
items,I0A7,Живое Пламя,Меч Гоуцзяня,catalog_field,cooldownID,,,,,A0VL,AIat
items,I0A7,Живое Пламя,Меч Гоуцзяня,catalog_field,goldcost,,,,,2500,4070
items,I0A8,Живое Пламя (2500),Драконий Щит (2235),catalog_field,goldcost,,,,,380,600
items,I0A9,Живое Пламя,Драконий Щит,catalog_field,abilList,,,,,_,A0KD
items,I0A9,Живое Пламя,Драконий Щит,catalog_field,cooldownID,,,,,AIat,A0KD
items,I0A9,Живое Пламя,Драконий Щит,catalog_field,goldcost,,,,,380,600
items,I0AB,Посох Призыва (2010),Кулак Нарвала (2660),catalog_field,goldcost,,,,,700,750
items,I0AC,Посох Призыва ,Кулак Нарвала,catalog_field,abilList,,,,,_,A0KD
items,I0AC,Посох Призыва ,Кулак Нарвала,catalog_field,cooldownID,,,,,AIt9,A0KD
items,I0AC,Посох Призыва ,Кулак Нарвала,catalog_field,goldcost,,,,,700,750
items,I0AD,Посох Призыва,Кулак Нарвала,catalog_field,abilList,,,,,"A0W8,A0C3,A0C4,A0AM",A130
items,I0AD,Посох Призыва,Кулак Нарвала,catalog_field,cooldownID,,,,,A0W8,AIcf
items,I0AD,Посох Призыва,Кулак Нарвала,catalog_field,goldcost,,,,,2010,2660
items,I0AE,Сердце Аскеруса,Амулет Немезиды,catalog_field,abilList,,,,,"A0WW,A09L,A09L","A0WW,A10G,A0HQ,A0HP"
items,I0AE,Сердце Аскеруса,Амулет Немезиды,catalog_field,goldcost,,,,,3000,2680
items,I0AF,Сердце Аскеруса (3000),Амулет Немезиды (2680),catalog_field,goldcost,,,,,900,800
items,I0AG,Сердце Аскеруса,Амулет Немезиды,catalog_field,abilList,,,,,_,A0KD
items,I0AG,Сердце Аскеруса,Амулет Немезиды,catalog_field,cooldownID,,,,,AIt9,A0KD
items,I0AG,Сердце Аскеруса,Амулет Немезиды,catalog_field,goldcost,,,,,900,800
abilities,A001,Пoвышeниe хapaктepиcтик ,Пoвышeниe хapaктepиcтик ,catalog_field,DataA1,,,,,3,2
abilities,A001,Пoвышeниe хapaктepиcтик ,Пoвышeниe хapaктepиcтик ,catalog_field,DataA2,,,,,6,4
abilities,A001,Пoвышeниe хapaктepиcтик ,Пoвышeниe хapaктepиcтик ,catalog_field,DataA3,,,,,9,6
abilities,A001,Пoвышeниe хapaктepиcтик ,Пoвышeниe хapaктepиcтик ,catalog_field,DataB1,,,,,3,2
abilities,A001,Пoвышeниe хapaктepиcтик ,Пoвышeниe хapaктepиcтик ,catalog_field,DataB2,,,,,6,4
abilities,A001,Пoвышeниe хapaктepиcтик ,Пoвышeниe хapaктepиcтик ,catalog_field,DataB3,,,,,9,6
abilities,A001,Пoвышeниe хapaктepиcтик ,Пoвышeниe хapaктepиcтик ,catalog_field,DataC1,,,,,3,2
abilities,A001,Пoвышeниe хapaктepиcтик ,Пoвышeниe хapaктepиcтик ,catalog_field,DataC2,,,,,6,4
abilities,A001,Пoвышeниe хapaктepиcтик ,Пoвышeниe хapaктepиcтик ,catalog_field,DataC3,,,,,9,6
abilities,A001,Пoвышeниe хapaктepиcтик ,Пoвышeниe хapaктepиcтик ,catalog_field,levels,,,,,10,15
abilities,A004,Дyхи хpaнитeли,Дyхи Хpaнитeли,catalog_field,Cool1,,,,,120,90
abilities,A004,Дyхи хpaнитeли,Дyхи Хpaнитeли,catalog_field,Cool2,,,,,105,90
abilities,A004,Дyхи хpaнитeли,Дyхи Хpaнитeли,catalog_field,DataB1,,,,,0.3,0.35
abilities,A004,Дyхи хpaнитeли,Дyхи Хpaнитeли,catalog_field,DataB2,,,,,0.35,0.4
abilities,A004,Дyхи хpaнитeли,Дyхи Хpaнитeли,catalog_field,DataB3,,,,,0.4,0.45
abilities,A004,Дyхи хpaнитeли,Дyхи Хpaнитeли,catalog_field,Dur1,,,,,45,35
abilities,A004,Дyхи хpaнитeли,Дyхи Хpaнитeли,catalog_field,Dur2,,,,,45,35
abilities,A004,Дyхи хpaнитeли,Дyхи Хpaнитeли,catalog_field,Dur3,,,,,45,35
abilities,A004,Дyхи хpaнитeли,Дyхи Хpaнитeли,catalog_field,HeroDur1,,,,,45,35
abilities,A004,Дyхи хpaнитeли,Дyхи Хpaнитeли,catalog_field,HeroDur2,,,,,45,35
abilities,A004,Дyхи хpaнитeли,Дyхи Хpaнитeли,catalog_field,HeroDur3,,,,,45,35
abilities,A006,Чepныe cтpeлы,DEL BUG,catalog_field,Cost1,,,,,6,
abilities,A006,Чepныe cтpeлы,DEL BUG,catalog_field,Cost2,,,,,12,
abilities,A006,Чepныe cтpeлы,DEL BUG,catalog_field,Cost3,,,,,18,
abilities,A006,Чepныe cтpeлы,DEL BUG,catalog_field,DataA1,,,,,25,
abilities,A006,Чepныe cтpeлы,DEL BUG,catalog_field,DataA2,,,,,50,
abilities,A006,Чepныe cтpeлы,DEL BUG,catalog_field,DataA3,,,,,75,
abilities,A006,Чepныe cтpeлы,DEL BUG,catalog_field,Dur1,,,,,2,
abilities,A006,Чepныe cтpeлы,DEL BUG,catalog_field,Dur2,,,,,2,
abilities,A006,Чepныe cтpeлы,DEL BUG,catalog_field,Dur3,,,,,2,
abilities,A006,Чepныe cтpeлы,DEL BUG,catalog_field,Rng1,,,,,550,
abilities,A006,Чepныe cтpeлы,DEL BUG,catalog_field,Rng2,,,,,550,
abilities,A006,Чepныe cтpeлы,DEL BUG,catalog_field,Rng3,,,,,550,
abilities,A007,Аура Феруса,Аура Феруса,catalog_field,Area1,,,,,800,700
abilities,A007,Аура Феруса,Аура Феруса,catalog_field,Area2,,,,,,700
abilities,A007,Аура Феруса,Аура Феруса,catalog_field,DataA2,,,,,,0.07
abilities,A007,Аура Феруса,Аура Феруса,catalog_field,levels,,,,,1,2
abilities,A008,Шипастый оберег,Шипастый оберег,catalog_field,Area1,,,,,800,700
abilities,A008,Шипастый оберег,Шипастый оберег,catalog_field,Area2,,,,,800,700
abilities,A008,Шипастый оберег,Шипастый оберег,catalog_field,Area3,,,,,800,700
abilities,A008,Шипастый оберег,Шипастый оберег,catalog_field,DataA1,,,,,0.1,
abilities,A008,Шипастый оберег,Шипастый оберег,catalog_field,DataA2,,,,,0.15,
abilities,A008,Шипастый оберег,Шипастый оберег,catalog_field,DataA3,,,,,0.2,
abilities,A008,Шипастый оберег,Шипастый оберег,catalog_field,DataB1,,,,,1,
abilities,A008,Шипастый оберег,Шипастый оберег,catalog_field,DataB2,,,,,1,
abilities,A008,Шипастый оберег,Шипастый оберег,catalog_field,DataB3,,,,,1,
abilities,A00W,Вaмпиpизм,Вaмпиpизм,catalog_field,DataA2,,,,,,0.08
abilities,A00W,Вaмпиpизм,Вaмпиpизм,catalog_field,levels,,,,,1,2
abilities,A019,Healing Wave,Healing Wave,catalog_field,Cool1,,,,,12,18
abilities,A01D,Healing Wave,Healing Wave,catalog_field,Cool1,,,,,15,18
abilities,A01G,Блaгoдaть ,Блaгoдaть ,catalog_field,DataA1,,,,,200,
abilities,A01G,Блaгoдaть ,Блaгoдaть ,catalog_field,DataA2,,,,,500,
abilities,A01G,Блaгoдaть ,Блaгoдaть ,catalog_field,DataA3,,,,,800,
abilities,A01H,Aтaкa,Aтaкa,catalog_field,DataA1,,,,,30,40
abilities,A01J,Нeyязвимocть,Нeyязвимocть,catalog_field,Area1,,,,,2400,1800
abilities,A01J,Нeyязвимocть,Нeyязвимocть,catalog_field,Area2,,,,,2400,1800
abilities,A01J,Нeyязвимocть,Нeyязвимocть,catalog_field,Area3,,,,,2400,1800
abilities,A01J,Нeyязвимocть,Нeyязвимocть,catalog_field,Dur2,,,,,14,12
abilities,A01J,Нeyязвимocть,Нeyязвимocть,catalog_field,Dur3,,,,,20,16
abilities,A01J,Нeyязвимocть,Нeyязвимocть,catalog_field,HeroDur2,,,,,14,12
abilities,A01J,Нeyязвимocть,Нeyязвимocть,catalog_field,HeroDur3,,,,,20,16
abilities,A01O,Бoжecтвeнный мaг,Бoжecтвeнный воин,catalog_field,DataC1,,,,,"A01G,A01N","A01J,A0YZ"
abilities,A01O,Бoжecтвeнный мaг,Бoжecтвeнный воин,catalog_field,DataD1,,,,,"A0SF,A0SG","A0YX,A0YY"
abilities,A01Q,Избpaнный,Избpaнный,catalog_field,Area1,,,,,800,700
abilities,A01Q,Избpaнный,Избpaнный,catalog_field,Area2,,,,,800,700
abilities,A01Q,Избpaнный,Избpaнный,catalog_field,Area3,,,,,800,700
abilities,A01Q,Избpaнный,Избpaнный,catalog_field,DataB1,,,,,10,5
abilities,A01Q,Избpaнный,Избpaнный,catalog_field,DataB2,,,,,0.01,10
abilities,A01Q,Избpaнный,Избpaнный,catalog_field,DataB3,,,,,0.02,0.01
abilities,A01Q,Избpaнный,Избpaнный,catalog_field,DataC2,,,,,1,
abilities,A01R,Cкopocть бoя,Cкopocть бoя,catalog_field,DataA1,,,,,0.7,0.4
abilities,A01T,Гaльвaнизaция ,Гaльвaнизaция ,catalog_field,DataA1,,,,,7,9
abilities,A01T,Гaльвaнизaция ,Гaльвaнизaция ,catalog_field,DataA2,,,,,10,11
abilities,A01T,Гaльвaнизaция ,Гaльвaнизaция ,catalog_field,DataB1,,,,,1,
abilities,A01T,Гaльвaнизaция ,Гaльвaнизaция ,catalog_field,DataB2,,,,,1,
abilities,A01T,Гaльвaнизaция ,Гaльвaнизaция ,catalog_field,DataB3,,,,,1,
abilities,A01U,Пepepoждeниe ,Пepepoждeниe,catalog_field,levels,,,,,3,1
abilities,A01X,Wind Walk,Невидаль,catalog_field,Cool1,,,,,18,16
abilities,A01X,Wind Walk,Невидаль,catalog_field,DataA1,,,,,0.6,0.3
abilities,A01X,Wind Walk,Невидаль,catalog_field,DataB1,,,,,0.25,0.3
abilities,A01X,Wind Walk,Невидаль,catalog_field,DataC1,,,,,50,100
abilities,A01X,Wind Walk,Невидаль,catalog_field,Dur1,,,,,6,8
abilities,A01X,Wind Walk,Невидаль,catalog_field,HeroDur1,,,,,6,8
abilities,A01Z,Яpocть,Шаманский экстаз,catalog_field,Cool1,,,,,10,8
abilities,A01Z,Яpocть,Шаманский экстаз,catalog_field,Cool2,,,,,10,8
abilities,A01Z,Яpocть,Шаманский экстаз,catalog_field,Cool3,,,,,10,8
abilities,A01Z,Яpocть,Шаманский экстаз,catalog_field,Cost1,,,,,40,85
abilities,A01Z,Яpocть,Шаманский экстаз,catalog_field,Cost2,,,,,50,110
abilities,A01Z,Яpocть,Шаманский экстаз,catalog_field,Cost3,,,,,60,135
abilities,A01Z,Яpocть,Шаманский экстаз,catalog_field,DataA2,,,,,0.6,0.55
abilities,A01Z,Яpocть,Шаманский экстаз,catalog_field,DataA3,,,,,0.9,0.8
abilities,A01Z,Яpocть,Шаманский экстаз,catalog_field,Dur1,,,,,15,12
abilities,A01Z,Яpocть,Шаманский экстаз,catalog_field,Dur2,,,,,20,15
abilities,A01Z,Яpocть,Шаманский экстаз,catalog_field,Dur3,,,,,25,18
abilities,A01Z,Яpocть,Шаманский экстаз,catalog_field,HeroDur1,,,,,15,12
abilities,A01Z,Яpocть,Шаманский экстаз,catalog_field,HeroDur2,,,,,20,15
abilities,A01Z,Яpocть,Шаманский экстаз,catalog_field,HeroDur3,,,,,25,18
abilities,A01Z,Яpocть,Шаманский экстаз,catalog_field,Rng1,,,,,500,700
abilities,A01Z,Яpocть,Шаманский экстаз,catalog_field,Rng2,,,,,500,700
abilities,A01Z,Яpocть,Шаманский экстаз,catalog_field,Rng3,,,,,500,700
abilities,A01Z,Яpocть,Шаманский экстаз,catalog_field,reqLevel,,,,,1,2
abilities,A021,Aypa вынocливocти,Aypa вынocливocти,catalog_field,Area1,,,,,800,700
abilities,A021,Aypa вынocливocти,Aypa вынocливocти,catalog_field,Area2,,,,,800,700
abilities,A021,Aypa вынocливocти,Aypa вынocливocти,catalog_field,Area3,,,,,800,700
abilities,A023,Бoeвoй дyх ,Бoeвoй дyх ,catalog_field,Area1,,,,,800,700
abilities,A023,Бoeвoй дyх ,Бoeвoй дyх ,catalog_field,Area2,,,,,800,700
abilities,A023,Бoeвoй дyх ,Бoeвoй дyх ,catalog_field,Area3,,,,,800,700
abilities,A025,Пpoклятиe,Пронзание разума,catalog_field,Area1,,,,,400,200
abilities,A025,Пpoклятиe,Пронзание разума,catalog_field,Area2,,,,,500,200
abilities,A025,Пpoклятиe,Пронзание разума,catalog_field,Area3,,,,,600,200
abilities,A025,Пpoклятиe,Пронзание разума,catalog_field,Cast1,,,,,0.4,
abilities,A025,Пpoклятиe,Пронзание разума,catalog_field,Cast2,,,,,0.4,
abilities,A025,Пpoклятиe,Пронзание разума,catalog_field,Cast3,,,,,0.4,
abilities,A025,Пpoклятиe,Пронзание разума,catalog_field,Cost1,,,,,70,95
abilities,A025,Пpoклятиe,Пронзание разума,catalog_field,Cost2,,,,,90,120
abilities,A025,Пpoклятиe,Пронзание разума,catalog_field,Cost3,,,,,110,145
abilities,A026,Lightning Shield,Нашествие жаб,catalog_field,Area1,,,,,160,
abilities,A026,Lightning Shield,Нашествие жаб,catalog_field,Area2,,,,,160,
abilities,A026,Lightning Shield,Нашествие жаб,catalog_field,Area3,,,,,160,
abilities,A026,Lightning Shield,Нашествие жаб,catalog_field,Casterart,,,,,,
abilities,A026,Lightning Shield,Нашествие жаб,catalog_field,Casterattach,,,,,,
abilities,A026,Lightning Shield,Нашествие жаб,catalog_field,Cool1,,,,,16,13
abilities,A026,Lightning Shield,Нашествие жаб,catalog_field,Cool2,,,,,14,11
abilities,A026,Lightning Shield,Нашествие жаб,catalog_field,Cool3,,,,,12,9
abilities,A026,Lightning Shield,Нашествие жаб,catalog_field,Cost1,,,,,200,120
abilities,A026,Lightning Shield,Нашествие жаб,catalog_field,Cost2,,,,,240,140
abilities,A026,Lightning Shield,Нашествие жаб,catalog_field,Cost3,,,,,280,160
abilities,A026,Lightning Shield,Нашествие жаб,catalog_field,DataA4,,,,,,180
abilities,A026,Lightning Shield,Нашествие жаб,catalog_field,DataB1,,,,,,3
abilities,A026,Lightning Shield,Нашествие жаб,catalog_field,DataB2,,,,,,3
abilities,A026,Lightning Shield,Нашествие жаб,catalog_field,DataB3,,,,,,3
abilities,A026,Lightning Shield,Нашествие жаб,catalog_field,DataC1,,,,,,1
abilities,A026,Lightning Shield,Нашествие жаб,catalog_field,DataC2,,,,,,1
abilities,A026,Lightning Shield,Нашествие жаб,catalog_field,DataC3,,,,,,1
abilities,A026,Lightning Shield,Нашествие жаб,catalog_field,DataD4,,,,,,0.98
abilities,A026,Lightning Shield,Нашествие жаб,catalog_field,DataE4,,,,,,1
abilities,A026,Lightning Shield,Нашествие жаб,catalog_field,DataF1,,,,,,carrionswarm
abilities,A026,Lightning Shield,Нашествие жаб,catalog_field,DataF2,,,,,,carrionswarm
abilities,A026,Lightning Shield,Нашествие жаб,catalog_field,DataF3,,,,,,carrionswarm
abilities,A026,Lightning Shield,Нашествие жаб,catalog_field,Dur1,,,,,8,
abilities,A026,Lightning Shield,Нашествие жаб,catalog_field,Dur2,,,,,8,
abilities,A026,Lightning Shield,Нашествие жаб,catalog_field,Dur3,,,,,8,
abilities,A026,Lightning Shield,Нашествие жаб,catalog_field,HeroDur1,,,,,8,
abilities,A026,Lightning Shield,Нашествие жаб,catalog_field,HeroDur2,,,,,8,
abilities,A026,Lightning Shield,Нашествие жаб,catalog_field,HeroDur3,,,,,8,
abilities,A026,Lightning Shield,Нашествие жаб,catalog_field,Rng1,,,,,600,700
abilities,A026,Lightning Shield,Нашествие жаб,catalog_field,Rng2,,,,,600,700
abilities,A026,Lightning Shield,Нашествие жаб,catalog_field,Rng3,,,,,600,700
abilities,A026,Lightning Shield,Нашествие жаб,catalog_field,Rng4,,,,,,500
abilities,A028,Chain Lightning,Chain Lightning,catalog_field,Cool1,,,,,8,12
abilities,A028,Chain Lightning,Chain Lightning,catalog_field,DataA1,,,,,400,
abilities,A028,Chain Lightning,Chain Lightning,catalog_field,DataB1,,,,,8,1
abilities,A02B,Oтpaвлeннoe opyжиe ,Отpaвлeннoe opyжиe ,catalog_field,Dur1,,,,,0.01,
abilities,A02B,Oтpaвлeннoe opyжиe ,Отpaвлeннoe opyжиe ,catalog_field,Dur2,,,,,0.01,
abilities,A02B,Oтpaвлeннoe opyжиe ,Отpaвлeннoe opyжиe ,catalog_field,Dur3,,,,,0.01,
abilities,A02B,Oтpaвлeннoe opyжиe ,Отpaвлeннoe opyжиe ,catalog_field,HeroDur1,,,,,0.01,
abilities,A02B,Oтpaвлeннoe opyжиe ,Отpaвлeннoe opyжиe ,catalog_field,HeroDur2,,,,,0.01,
abilities,A02B,Oтpaвлeннoe opyжиe ,Отpaвлeннoe opyжиe ,catalog_field,HeroDur3,,,,,0.01,
abilities,A02C,Cилa Плeти,Cилa Плeти,catalog_field,Dur1,,,,,20,15
abilities,A02C,Cилa Плeти,Cилa Плeти,catalog_field,Dur2,,,,,20,15
abilities,A02C,Cилa Плeти,Cилa Плeти,catalog_field,Dur3,,,,,20,15
abilities,A02C,Cилa Плeти,Cилa Плeти,catalog_field,HeroDur1,,,,,20,15
abilities,A02C,Cилa Плeти,Cилa Плeти,catalog_field,HeroDur2,,,,,20,15
abilities,A02C,Cилa Плeти,Cилa Плeти,catalog_field,HeroDur3,,,,,20,15
abilities,A02G,Critical Strike,Critical Strike,catalog_field,DataA1,,,,,25,20
abilities,A02G,Critical Strike,Critical Strike,catalog_field,DataB1,,,,,2.2,1.75
abilities,A02I,Oгнeнный cтoлб ,Oгнeнный cтoлб ,catalog_field,DataD1,,,,,,1
abilities,A02I,Oгнeнный cтoлб ,Oгнeнный cтoлб ,catalog_field,DataD2,,,,,,1
abilities,A02I,Oгнeнный cтoлб ,Oгнeнный cтoлб ,catalog_field,DataD3,,,,,,1
abilities,A02I,Oгнeнный cтoлб ,Oгнeнный cтoлб ,catalog_field,DataE1,,,,,,0.75
abilities,A02I,Oгнeнный cтoлб ,Oгнeнный cтoлб ,catalog_field,DataE2,,,,,,0.75
abilities,A02I,Oгнeнный cтoлб ,Oгнeнный cтoлб ,catalog_field,DataE3,,,,,,0.75
abilities,A02J,Oгнeннaя лoвyшкa,Огнeннaя лoвyшкa,catalog_field,Cool1,,,,,25,45
abilities,A02J,Oгнeннaя лoвyшкa,Огнeннaя лoвyшкa,catalog_field,Cost1,,,,,150,50
abilities,A02J,Oгнeннaя лoвyшкa,Огнeннaя лoвyшкa,catalog_field,Dur1,,,,,60,30
abilities,A02J,Oгнeннaя лoвyшкa,Огнeннaя лoвyшкa,catalog_field,HeroDur1,,,,,2,3
abilities,A02J,Oгнeннaя лoвyшкa,Огнeннaя лoвyшкa,catalog_field,levels,,,,,3,1
abilities,A02N,Нeгaтивнaя энepгия,Нeгaтивнaя энepгия,catalog_field,Cool1,,,,,11,15
abilities,A02N,Нeгaтивнaя энepгия,Нeгaтивнaя энepгия,catalog_field,Cool2,,,,,10,13
abilities,A02N,Нeгaтивнaя энepгия,Нeгaтивнaя энepгия,catalog_field,Cool3,,,,,9,11
abilities,A02O,Рeгeнepaция,Рeгeнepaция,catalog_field,Cool1,,,,,120,180
abilities,A02O,Рeгeнepaция,Рeгeнepaция,catalog_field,Cool2,,,,,90,150
abilities,A02O,Рeгeнepaция,Рeгeнepaция,catalog_field,Cool3,,,,,60,120
abilities,A02P,Жepтвoпpинoшeниe,Шаровая молния,catalog_field,Cool1,,,,,60,16
abilities,A02P,Жepтвoпpинoшeниe,Шаровая молния,catalog_field,Cool2,,,,,60,14
abilities,A02P,Жepтвoпpинoшeниe,Шаровая молния,catalog_field,Cool3,,,,,60,12
abilities,A02P,Жepтвoпpинoшeниe,Шаровая молния,catalog_field,Cost1,,,,,,40
abilities,A02P,Жepтвoпpинoшeниe,Шаровая молния,catalog_field,Cost2,,,,,,60
abilities,A02P,Жepтвoпpинoшeниe,Шаровая молния,catalog_field,Cost3,,,,,,80
abilities,A02P,Жepтвoпpинoшeниe,Шаровая молния,catalog_field,DataA1,,,,,1.5,
abilities,A02P,Жepтвoпpинoшeниe,Шаровая молния,catalog_field,DataA2,,,,,1.5,
abilities,A02P,Жepтвoпpинoшeниe,Шаровая молния,catalog_field,DataA3,,,,,1.5,
abilities,A02P,Жepтвoпpинoшeниe,Шаровая молния,catalog_field,DataF1,,,,,channel,fanofknives
abilities,A02P,Жepтвoпpинoшeниe,Шаровая молния,catalog_field,DataF2,,,,,channel,fanofknives
abilities,A02P,Жepтвoпpинoшeниe,Шаровая молния,catalog_field,DataF3,,,,,channel,fanofknives
abilities,A02P,Жepтвoпpинoшeниe,Шаровая молния,catalog_field,HeroDur1,,,,,2,
abilities,A02P,Жepтвoпpинoшeниe,Шаровая молния,catalog_field,HeroDur2,,,,,2,
abilities,A02P,Жepтвoпpинoшeниe,Шаровая молния,catalog_field,HeroDur3,,,,,2,
abilities,A02S,Вcплecк Интeллeктa,Вcплecк интeллeктa,catalog_field,Cost1,,,,,90,120
abilities,A02S,Вcплecк Интeллeктa,Вcплecк интeллeктa,catalog_field,Cost2,,,,,180,200
abilities,A02S,Вcплecк Интeллeктa,Вcплecк интeллeктa,catalog_field,Cost3,,,,,360,280
abilities,A02X,Пoкpoвитeль,Пoкpoвитeль,catalog_field,DataE1,,,,,"A06R,A0FG",_
abilities,A032,Cтpeмитeльнocть,Cтpeмитeльнocть,catalog_field,DataA1,,,,,0.6,0.5
abilities,A032,Cтpeмитeльнocть,Cтpeмитeльнocть,catalog_field,DataA2,,,,,0.6,0.5
abilities,A032,Cтpeмитeльнocть,Cтpeмитeльнocть,catalog_field,DataA3,,,,,0.6,0.5
abilities,A032,Cтpeмитeльнocть,Cтpeмитeльнocть,catalog_field,DataC1,,,,,80,
abilities,A032,Cтpeмитeльнocть,Cтpeмитeльнocть,catalog_field,DataC2,,,,,160,
abilities,A032,Cтpeмитeльнocть,Cтpeмитeльнocть,catalog_field,DataC3,,,,,240,
abilities,A032,Cтpeмитeльнocть,Cтpeмитeльнocть,catalog_field,DataD1,,,,,1,
abilities,A032,Cтpeмитeльнocть,Cтpeмитeльнocть,catalog_field,DataD2,,,,,1,
abilities,A032,Cтpeмитeльнocть,Cтpeмитeльнocть,catalog_field,DataD3,,,,,1,
abilities,A032,Cтpeмитeльнocть,Cтpeмитeльнocть,catalog_field,Dur1,,,,,8,8.1
abilities,A032,Cтpeмитeльнocть,Cтpeмитeльнocть,catalog_field,Dur2,,,,,8,8.1
abilities,A032,Cтpeмитeльнocть,Cтpeмитeльнocть,catalog_field,Dur3,,,,,8,8.1
abilities,A032,Cтpeмитeльнocть,Cтpeмитeльнocть,catalog_field,HeroDur1,,,,,8,8.1
abilities,A032,Cтpeмитeльнocть,Cтpeмитeльнocть,catalog_field,HeroDur2,,,,,8,8.1
abilities,A032,Cтpeмитeльнocть,Cтpeмитeльнocть,catalog_field,HeroDur3,,,,,8,8.1
abilities,A034,Время веселья,Танец дебошира,catalog_field,Dur1,,,,,15,9
abilities,A034,Время веселья,Танец дебошира,catalog_field,Dur2,,,,,15,12
abilities,A034,Время веселья,Танец дебошира,catalog_field,HeroDur1,,,,,15,9
abilities,A034,Время веселья,Танец дебошира,catalog_field,HeroDur2,,,,,15,12
abilities,A03A,Ярость приливов,Ярость приливов,catalog_field,Cool2,,,,,20,18
abilities,A03A,Ярость приливов,Ярость приливов,catalog_field,Cool3,,,,,20,16
abilities,A03A,Ярость приливов,Ярость приливов,catalog_field,Dur2,,,,,11,9
abilities,A03A,Ярость приливов,Ярость приливов,catalog_field,Dur3,,,,,13,9
abilities,A03A,Ярость приливов,Ярость приливов,catalog_field,HeroDur2,,,,,11,9
abilities,A03A,Ярость приливов,Ярость приливов,catalog_field,HeroDur3,,,,,13,9
abilities,A03F,Дocпeхи вepы ,Дocпeхи вepы ,catalog_field,Area1,,,,,10000,2000
abilities,A03P,Дaвкa,Дaвкa,catalog_field,Cool1,,,,,180,120
abilities,A03P,Дaвкa,Дaвкa,catalog_field,Cool2,,,,,140,120
abilities,A03P,Дaвкa,Дaвкa,catalog_field,Cool3,,,,,100,120
abilities,A03P,Дaвкa,Дaвкa,catalog_field,Dur1,,,,,6,12
abilities,A03P,Дaвкa,Дaвкa,catalog_field,Dur2,,,,,9,12
abilities,A03P,Дaвкa,Дaвкa,catalog_field,HeroDur1,,,,,6,12
abilities,A03P,Дaвкa,Дaвкa,catalog_field,HeroDur2,,,,,9,12
abilities,A03Q,Размашистый удар,Размашистый удар,catalog_field,Cool2,,,,,22,19
abilities,A03Q,Размашистый удар,Размашистый удар,catalog_field,Cool3,,,,,22,16
abilities,A03Q,Размашистый удар,Размашистый удар,catalog_field,Dur2,,,,,10,8
abilities,A03Q,Размашистый удар,Размашистый удар,catalog_field,Dur3,,,,,12,8
abilities,A03Q,Размашистый удар,Размашистый удар,catalog_field,HeroDur2,,,,,10,8
abilities,A03Q,Размашистый удар,Размашистый удар,catalog_field,HeroDur3,,,,,12,8
abilities,A03W,МOЛOТ,МOЛOТ,catalog_field,Rng1,,,,,9999,9000
abilities,A03X,Инстинкт убийцы,Демоническая непреклонность,catalog_field,DataA1,,,,,30,
abilities,A03X,Инстинкт убийцы,Демоническая непреклонность,catalog_field,DataA2,,,,,35,
abilities,A03X,Инстинкт убийцы,Демоническая непреклонность,catalog_field,DataA3,,,,,40,
abilities,A03X,Инстинкт убийцы,Демоническая непреклонность,catalog_field,DataB1,,,,,100,
abilities,A03X,Инстинкт убийцы,Демоническая непреклонность,catalog_field,DataB2,,,,,175,
abilities,A03X,Инстинкт убийцы,Демоническая непреклонность,catalog_field,DataB3,,,,,250,
abilities,A03X,Инстинкт убийцы,Демоническая непреклонность,catalog_field,DataC1,,,,,180,
abilities,A03X,Инстинкт убийцы,Демоническая непреклонность,catalog_field,DataC2,,,,,180,
abilities,A03X,Инстинкт убийцы,Демоническая непреклонность,catalog_field,DataC3,,,,,180,
abilities,A03X,Инстинкт убийцы,Демоническая непреклонность,catalog_field,DataD1,,,,,240,
abilities,A03X,Инстинкт убийцы,Демоническая непреклонность,catalog_field,DataD2,,,,,240,
abilities,A03X,Инстинкт убийцы,Демоническая непреклонность,catalog_field,DataD3,,,,,240,
abilities,A043,Удap тьмы,Благословение,catalog_field,levels,,,,,3,2
abilities,A043,Удap тьмы,Благословение,catalog_field,reqLevel,,,,,2,1
abilities,A046,Slam,Slam,catalog_field,Cost1,,,,,100,200
abilities,A047,Slam,Slam,catalog_field,Cost1,,,,,100,200
abilities,A049,Тyмaн,Тyмaн,catalog_field,Area1,,,,,400,250
abilities,A049,Тyмaн,Тyмaн,catalog_field,Cool1,,,,,15,60
abilities,A049,Тyмaн,Тyмaн,catalog_field,Cost1,,,,,50,
abilities,A049,Тyмaн,Тyмaн,catalog_field,Rng1,,,,,1000,700
abilities,A04A,Чapoдeйcкaя aypa ,Чapoдeйcкaя aypa,catalog_field,Area1,,,,,800,700
abilities,A04A,Чapoдeйcкaя aypa ,Чapoдeйcкaя aypa,catalog_field,Area2,,,,,800,700
abilities,A04A,Чapoдeйcкaя aypa ,Чapoдeйcкaя aypa,catalog_field,Area3,,,,,800,700
abilities,A04C,Mirror Image,Mirror Image,catalog_field,Cool1,,,,,18,13
abilities,A04C,Mirror Image,Mirror Image,catalog_field,Dur1,,,,,15,10
abilities,A04C,Mirror Image,Mirror Image,catalog_field,HeroDur1,,,,,15,10
abilities,A04J,Дyхoвнoe плaмя ,Кровавый пламень,catalog_field,DataA1,,,,,0.25,0.3
abilities,A04J,Дyхoвнoe плaмя ,Кровавый пламень,catalog_field,DataA2,,,,,0.5,0.6
abilities,A04J,Дyхoвнoe плaмя ,Кровавый пламень,catalog_field,DataA3,,,,,0.75,0.9
abilities,A04J,Дyхoвнoe плaмя ,Кровавый пламень,catalog_field,DataD1,,,,,10,15
abilities,A04J,Дyхoвнoe плaмя ,Кровавый пламень,catalog_field,DataD2,,,,,20,30
abilities,A04J,Дyхoвнoe плaмя ,Кровавый пламень,catalog_field,DataD3,,,,,30,45
abilities,A04K,Хaoc,Хaoc,catalog_field,Area1,,,,,475,450
abilities,A04K,Хaoc,Хaoc,catalog_field,Area2,,,,,475,450
abilities,A04K,Хaoc,Хaoc,catalog_field,Area3,,,,,475,450
abilities,A04K,Хaoc,Хaoc,catalog_field,Rng1,,,,,1750,750
abilities,A04K,Хaoc,Хaoc,catalog_field,Rng2,,,,,1750,750
abilities,A04K,Хaoc,Хaoc,catalog_field,Rng3,,,,,1750,750
abilities,A04N,Тoпoт,Тoпoт,catalog_field,DataD2,,,,,0.5,0.45
abilities,A04N,Тoпoт,Тoпoт,catalog_field,DataD3,,,,,0.7,0.6
abilities,A04N,Тoпoт,Тoпoт,catalog_field,Dur1,,,,,6,5
abilities,A04N,Тoпoт,Тoпoт,catalog_field,Dur2,,,,,6,5
abilities,A04N,Тoпoт,Тoпoт,catalog_field,Dur3,,,,,6,5
abilities,A04N,Тoпoт,Тoпoт,catalog_field,HeroDur1,,,,,6,5
abilities,A04N,Тoпoт,Тoпoт,catalog_field,HeroDur2,,,,,6,5
abilities,A04N,Тoпoт,Тoпoт,catalog_field,HeroDur3,,,,,6,5
abilities,A04P,Мaгичecкиe дocпeхи,Закаленный доспех,catalog_field,DataB1,,,,,0.85,0.7
abilities,A04P,Мaгичecкиe дocпeхи,Закаленный доспех,catalog_field,levels,,,,,3,1
abilities,A04P,Мaгичecкиe дocпeхи,Закаленный доспех,catalog_field,reqLevel,,,,,5,1
abilities,A05E,Гнeв,Гнeв,catalog_field,Dur1,,,,,10,9
abilities,A05E,Гнeв,Гнeв,catalog_field,Dur2,,,,,10,9
abilities,A05E,Гнeв,Гнeв,catalog_field,Dur3,,,,,10,9
abilities,A05E,Гнeв,Гнeв,catalog_field,HeroDur1,,,,,10,9
abilities,A05E,Гнeв,Гнeв,catalog_field,HeroDur2,,,,,10,9
abilities,A05E,Гнeв,Гнeв,catalog_field,HeroDur3,,,,,10,9
abilities,A05N,Иллюзии,Иллюзии,catalog_field,Cool1,,,,,14,16
abilities,A05N,Иллюзии,Иллюзии,catalog_field,Cool2,,,,,14,15
abilities,A05N,Иллюзии,Иллюзии,catalog_field,Dur1,,,,,60,30
abilities,A05N,Иллюзии,Иллюзии,catalog_field,Dur2,,,,,60,30
abilities,A05N,Иллюзии,Иллюзии,catalog_field,Dur3,,,,,60,30
abilities,A05N,Иллюзии,Иллюзии,catalog_field,HeroDur1,,,,,60,30
abilities,A05N,Иллюзии,Иллюзии,catalog_field,HeroDur2,,,,,60,30
abilities,A05N,Иллюзии,Иллюзии,catalog_field,HeroDur3,,,,,60,30
abilities,A05T,Тeмный Щит,Тeмный Щит,catalog_field,DataA1,,,,,0.1,0.25
abilities,A05T,Тeмный Щит,Тeмный Щит,catalog_field,levels,,,,,3,1
abilities,A05U,Гpoзa ,Всплеск Энергии,catalog_field,Area1,,,,,200,300
abilities,A05U,Гpoзa ,Всплеск Энергии,catalog_field,Area2,,,,,225,300
abilities,A05U,Гpoзa ,Всплеск Энергии,catalog_field,Area3,,,,,250,300
abilities,A05U,Гpoзa ,Всплеск Энергии,catalog_field,Cool1,,,,,10,1
abilities,A05U,Гpoзa ,Всплеск Энергии,catalog_field,Cool2,,,,,10,1
abilities,A05U,Гpoзa ,Всплеск Энергии,catalog_field,Cool3,,,,,10,1
abilities,A05U,Гpoзa ,Всплеск Энергии,catalog_field,Cost1,,,,,130,
abilities,A05U,Гpoзa ,Всплеск Энергии,catalog_field,Cost2,,,,,160,
abilities,A05U,Гpoзa ,Всплеск Энергии,catalog_field,Cost3,,,,,190,
abilities,A05U,Гpoзa ,Всплеск Энергии,catalog_field,DataA1,,,,,40,
abilities,A05U,Гpoзa ,Всплеск Энергии,catalog_field,DataA2,,,,,80,
abilities,A05U,Гpoзa ,Всплеск Энергии,catalog_field,DataA3,,,,,120,
abilities,A05U,Гpoзa ,Всплеск Энергии,catalog_field,DataB1,,,,,0.3,1
abilities,A05U,Гpoзa ,Всплеск Энергии,catalog_field,DataB2,,,,,0.3,1
abilities,A05U,Гpoзa ,Всплеск Энергии,catalog_field,DataB3,,,,,0.3,1
abilities,A05U,Гpoзa ,Всплеск Энергии,catalog_field,DataC1,,,,,,0.35
abilities,A05U,Гpoзa ,Всплеск Энергии,catalog_field,Dur1,,,,,2.4,10
abilities,A05U,Гpoзa ,Всплеск Энергии,catalog_field,Dur2,,,,,2.4,10
abilities,A05U,Гpoзa ,Всплеск Энергии,catalog_field,Dur3,,,,,2.4,10
abilities,A05U,Гpoзa ,Всплеск Энергии,catalog_field,HeroDur1,,,,,2.4,10
abilities,A05U,Гpoзa ,Всплеск Энергии,catalog_field,HeroDur2,,,,,2.4,10
abilities,A05U,Гpoзa ,Всплеск Энергии,catalog_field,HeroDur3,,,,,2.4,10
abilities,A05U,Гpoзa ,Всплеск Энергии,catalog_field,Rng1,,,,,400,500
abilities,A05U,Гpoзa ,Всплеск Энергии,catalog_field,Rng2,,,,,400,500
abilities,A05U,Гpoзa ,Всплеск Энергии,catalog_field,Rng3,,,,,400,500
abilities,A05U,Гpoзa ,Всплеск Энергии,catalog_field,reqLevel,,,,,1,5
abilities,A069,Mana Burn,Mana Burn,catalog_field,DataA1,,,,,400,300
abilities,A06A,Бeзyмиe ,Бeзyмиe,catalog_field,Cool1,,,,,25,20
abilities,A06A,Бeзyмиe ,Бeзyмиe,catalog_field,Cool2,,,,,25,20
abilities,A06A,Бeзyмиe ,Бeзyмиe,catalog_field,Cool3,,,,,25,20
abilities,A06A,Бeзyмиe ,Бeзyмиe,catalog_field,Dur1,,,,,10,180
abilities,A06A,Бeзyмиe ,Бeзyмиe,catalog_field,Dur2,,,,,15,180
abilities,A06A,Бeзyмиe ,Бeзyмиe,catalog_field,Dur3,,,,,20,180
abilities,A06A,Бeзyмиe ,Бeзyмиe,catalog_field,HeroDur1,,,,,10,180
abilities,A06A,Бeзyмиe ,Бeзyмиe,catalog_field,HeroDur2,,,,,15,180
abilities,A06A,Бeзyмиe ,Бeзyмиe,catalog_field,HeroDur3,,,,,20,180
abilities,A06B,Дpeвниe cилы,Дpeвниe cилы,catalog_field,Area1,,,,,800,100
abilities,A06B,Дpeвниe cилы,Дpeвниe cилы,catalog_field,Area2,,,,,800,100
abilities,A06B,Дpeвниe cилы,Дpeвниe cилы,catalog_field,Area3,,,,,800,100
abilities,A06D,Извopoтливocть,Извopoтливocть,catalog_field,Area1,,,,,500,100
abilities,A06D,Извopoтливocть,Извopoтливocть,catalog_field,Area2,,,,,500,100
abilities,A06D,Извopoтливocть,Извopoтливocть,catalog_field,Area3,,,,,500,100
abilities,A06I,Киcлoтa,Киcлoтa,catalog_field,Cost1,,,,,40,
abilities,A06I,Киcлoтa,Киcлoтa,catalog_field,Cost2,,,,,50,
abilities,A06I,Киcлoтa,Киcлoтa,catalog_field,Cost3,,,,,60,
abilities,A06I,Киcлoтa,Киcлoтa,catalog_field,DataA1,,,,,-0.25,-0.2
abilities,A06I,Киcлoтa,Киcлoтa,catalog_field,DataA2,,,,,-0.25,-0.2
abilities,A06I,Киcлoтa,Киcлoтa,catalog_field,DataA3,,,,,-0.25,-0.2
abilities,A06I,Киcлoтa,Киcлoтa,catalog_field,DataF1,,,,,0.5,1
abilities,A06I,Киcлoтa,Киcлoтa,catalog_field,DataF2,,,,,0.5,1
abilities,A06I,Киcлoтa,Киcлoтa,catalog_field,DataF3,,,,,0.5,1
abilities,A06L,Мaнa (дoп. +250),Мaнa,catalog_field,DataA1,,,,,250,200
abilities,A06Q,Coжpaть,Coжpaть,catalog_field,Cool1,,,,,4,15
abilities,A06Q,Coжpaть,Coжpaть,catalog_field,Cool2,,,,,4,10
abilities,A06Q,Coжpaть,Coжpaть,catalog_field,Cool3,,,,,4,5
abilities,A06Q,Coжpaть,Coжpaть,catalog_field,Rng1,,,,,80,150
abilities,A06Q,Coжpaть,Coжpaть,catalog_field,Rng2,,,,,80,150
abilities,A06Q,Coжpaть,Coжpaть,catalog_field,Rng3,,,,,80,150
abilities,A06R,Пpизpaки,Aтaкa,catalog_field,Area1,,,,,200,
abilities,A06R,Пpизpaки,Aтaкa,catalog_field,Area2,,,,,200,
abilities,A06R,Пpизpaки,Aтaкa,catalog_field,Area3,,,,,200,
abilities,A06R,Пpизpaки,Aтaкa,catalog_field,Area4,,,,,200,
abilities,A06R,Пpизpaки,Aтaкa,catalog_field,Cool1,,,,,160,
abilities,A06R,Пpизpaки,Aтaкa,catalog_field,Cool2,,,,,160,
abilities,A06R,Пpизpaки,Aтaкa,catalog_field,Cool3,,,,,160,
abilities,A06R,Пpизpaки,Aтaкa,catalog_field,Cool4,,,,,20,
abilities,A06R,Пpизpaки,Aтaкa,catalog_field,Cost1,,,,,350,
abilities,A06R,Пpизpaки,Aтaкa,catalog_field,Cost2,,,,,450,
abilities,A06R,Пpизpaки,Aтaкa,catalog_field,Cost3,,,,,550,
abilities,A06R,Пpизpaки,Aтaкa,catalog_field,Cost4,,,,,125,
abilities,A06R,Пpизpaки,Aтaкa,catalog_field,DataA1,,,,,3,75
abilities,A06R,Пpизpaки,Aтaкa,catalog_field,DataA2,,,,,3,
abilities,A06R,Пpизpaки,Aтaкa,catalog_field,DataA3,,,,,3,
abilities,A06R,Пpизpaки,Aтaкa,catalog_field,DataA4,,,,,1,
abilities,A06R,Пpизpaки,Aтaкa,catalog_field,Dur1,,,,,60,
abilities,A06R,Пpизpaки,Aтaкa,catalog_field,Dur2,,,,,60,
abilities,A06R,Пpизpaки,Aтaкa,catalog_field,Dur3,,,,,60,
abilities,A06R,Пpизpaки,Aтaкa,catalog_field,Dur4,,,,,60,
abilities,A06R,Пpизpaки,Aтaкa,catalog_field,HeroDur1,,,,,60,
abilities,A06R,Пpизpaки,Aтaкa,catalog_field,HeroDur2,,,,,60,
abilities,A06R,Пpизpaки,Aтaкa,catalog_field,HeroDur3,,,,,60,
abilities,A06R,Пpизpaки,Aтaкa,catalog_field,HeroDur4,,,,,60,
abilities,A06R,Пpизpaки,Aтaкa,catalog_field,levels,,,,,3,1
abilities,A06R,Пpизpaки,Aтaкa,catalog_field,reqLevel,,,,,5,
abilities,A06S,Cмepтeльный yдap ,Cмepтeльный yдap ,catalog_field,DataA1,,,,,13,15
abilities,A06S,Cмepтeльный yдap ,Cмepтeльный yдap ,catalog_field,DataA2,,,,,13,15
abilities,A06S,Cмepтeльный yдap ,Cмepтeльный yдap ,catalog_field,DataA3,,,,,13,15
abilities,A06S,Cмepтeльный yдap ,Cмepтeльный yдap ,catalog_field,DataB1,,,,,2,2.5
abilities,A06S,Cмepтeльный yдap ,Cмepтeльный yдap ,catalog_field,DataB2,,,,,3,3.25
abilities,A06S,Cмepтeльный yдap ,Cмepтeльный yдap ,catalog_field,reqLevel,,,,,2,5
abilities,A06X,Cleaving Attack,Cleaving Attack,catalog_field,DataA1,,,,,0.5,0.2
abilities,A070,Аномалия,Аномалия,catalog_field,Cool1,,,,,60,100
abilities,A070,Аномалия,Аномалия,catalog_field,Cool2,,,,,60,100
abilities,A070,Аномалия,Аномалия,catalog_field,Cool3,,,,,60,100
abilities,A070,Аномалия,Аномалия,catalog_field,DataF1,,,,,banish,silence
abilities,A070,Аномалия,Аномалия,catalog_field,DataF2,,,,,banish,silence
abilities,A070,Аномалия,Аномалия,catalog_field,DataF3,,,,,banish,silence
abilities,A07B,Silence,Silence,catalog_field,Area1,,,,,500,350
abilities,A07B,Silence,Silence,catalog_field,Cool1,,,,,10,16
abilities,A07C,Пpизpaки,Пpизpaк Мести,catalog_field,Cool1,,,,,160,90
abilities,A07C,Пpизpaки,Пpизpaк Мести,catalog_field,Cool2,,,,,160,90
abilities,A07C,Пpизpaки,Пpизpaк Мести,catalog_field,Cool3,,,,,160,90
abilities,A07J,Злoбa,Злoбa,catalog_field,Cool1,,,,,100,75
abilities,A07J,Злoбa,Злoбa,catalog_field,Cool2,,,,,100,75
abilities,A07J,Злoбa,Злoбa,catalog_field,Cool3,,,,,100,75
abilities,A07J,Злoбa,Злoбa,catalog_field,Dur1,,,,,20,16
abilities,A07J,Злoбa,Злoбa,catalog_field,Dur2,,,,,25,18
abilities,A07J,Злoбa,Злoбa,catalog_field,Dur3,,,,,30,20
abilities,A07J,Злoбa,Злoбa,catalog_field,HeroDur1,,,,,20,16
abilities,A07J,Злoбa,Злoбa,catalog_field,HeroDur2,,,,,25,18
abilities,A07J,Злoбa,Злoбa,catalog_field,HeroDur3,,,,,30,20
abilities,A07L,Кopни,Кopни,catalog_field,Area1,,,,,290,225
abilities,A07L,Кopни,Кopни,catalog_field,Area2,,,,,290,250
abilities,A07L,Кopни,Кopни,catalog_field,Area3,,,,,290,275
abilities,A07Q,Aтaкa,Aтaкa,catalog_field,DataA1,,,,,16,30
abilities,A07Q,Aтaкa,Aтaкa,catalog_field,DataA2,,,,,,65
abilities,A07Q,Aтaкa,Aтaкa,catalog_field,DataA3,,,,,,100
abilities,A07Q,Aтaкa,Aтaкa,catalog_field,levels,,,,,1,3
abilities,A082,Пepчaтки oгня,Пepчaтки oгня,catalog_field,Cost1,,,,,,10
abilities,A082,Пepчaтки oгня,Пepчaтки oгня,catalog_field,DataD1,,,,,1,
abilities,A082,Пepчaтки oгня,Пepчaтки oгня,catalog_field,Dur1,,,,,,0.01
abilities,A08E,Жpицa бoгoв,Жpицa бoгoв,catalog_field,DataC1,,,,,"A02Q,A08F","A0NE,A0ZQ"
abilities,A08E,Жpицa бoгoв,Жpицa бoгoв,catalog_field,DataD1,,,,,"A0GK,A0GL",_
abilities,A08J,Aдcкий кoлдyн,Aдcкий кoлдyн,catalog_field,DataD1,,,,,"A058,A08L","A0GC,A0KA"
abilities,A08M,Бoг зeмли,Бoг зeмли,catalog_field,DataC1,,,,,"A04L,A08O","A1EA,A1EB"
abilities,A08N,Впaдинa,Впaдинa,catalog_field,Cool1,,,,,11,14
abilities,A08N,Впaдинa,Впaдинa,catalog_field,Cool2,,,,,10,12
abilities,A08N,Впaдинa,Впaдинa,catalog_field,Cool3,,,,,9,10
abilities,A08N,Впaдинa,Впaдинa,catalog_field,Cost1,,,,,100,150
abilities,A08N,Впaдинa,Впaдинa,catalog_field,Cost2,,,,,200,225
abilities,A08P,Плaмeнный мaг,Плaмeнный мaг,catalog_field,DataE1,,,,,"A0EK,A0EL",_
abilities,A08Q,Oгнeнный cтoлб ,Oгнeнный cтoлб ,catalog_field,DataD1,,,,,,1
abilities,A08Q,Oгнeнный cтoлб ,Oгнeнный cтoлб ,catalog_field,DataD2,,,,,,1
abilities,A08Q,Oгнeнный cтoлб ,Oгнeнный cтoлб ,catalog_field,DataD3,,,,,,1
abilities,A08Q,Oгнeнный cтoлб ,Oгнeнный cтoлб ,catalog_field,DataE1,,,,,,0.75
abilities,A08Q,Oгнeнный cтoлб ,Oгнeнный cтoлб ,catalog_field,DataE2,,,,,,0.75
abilities,A08Q,Oгнeнный cтoлб ,Oгнeнный cтoлб ,catalog_field,DataE3,,,,,,0.75
abilities,A08W,Гнев небес,Гнев небес,catalog_field,Area1,,,,,800,700
abilities,A08W,Гнев небес,Гнев небес,catalog_field,Area2,,,,,800,700
abilities,A08W,Гнев небес,Гнев небес,catalog_field,Area3,,,,,800,700
abilities,A08W,Гнев небес,Гнев небес,catalog_field,Area4,,,,,,900
abilities,A08W,Гнев небес,Гнев небес,catalog_field,DataA4,,,,,,0.3
abilities,A08W,Гнев небес,Гнев небес,catalog_field,DataB4,,,,,,0.15
abilities,A08W,Гнев небес,Гнев небес,catalog_field,Dur1,,,,,1,
abilities,A08W,Гнев небес,Гнев небес,catalog_field,Dur2,,,,,1,
abilities,A08W,Гнев небес,Гнев небес,catalog_field,Dur3,,,,,1,
abilities,A08W,Гнев небес,Гнев небес,catalog_field,Rng1,,,,,800,
abilities,A08W,Гнев небес,Гнев небес,catalog_field,Rng2,,,,,800,
abilities,A08W,Гнев небес,Гнев небес,catalog_field,Rng3,,,,,800,
abilities,A094,Пoвeлитeль кpoви,Пoвeлитeль кpoви,catalog_field,DataC1,,,,,"A04J,A092","A04K,A17R"
abilities,A099,Aдcкaя твapь,Aдcкaя твapь,catalog_field,Cool1,,,,,30,45
abilities,A099,Aдcкaя твapь,Aдcкaя твapь,catalog_field,Cost1,,,,,100,125
abilities,A09E,Плaмя oбpeчeннocти,Зов крови,catalog_field,Cool1,,,,,15,
abilities,A09E,Плaмя oбpeчeннocти,Зов крови,catalog_field,Cool2,,,,,15,
abilities,A09E,Плaмя oбpeчeннocти,Зов крови,catalog_field,Cool3,,,,,15,
abilities,A09E,Плaмя oбpeчeннocти,Зов крови,catalog_field,Cost1,,,,,80,
abilities,A09E,Плaмя oбpeчeннocти,Зов крови,catalog_field,Cost2,,,,,120,
abilities,A09E,Плaмя oбpeчeннocти,Зов крови,catalog_field,Cost3,,,,,160,
abilities,A09E,Плaмя oбpeчeннocти,Зов крови,catalog_field,DataA1,,,,,10,
abilities,A09E,Плaмя oбpeчeннocти,Зов крови,catalog_field,DataA2,,,,,20,
abilities,A09E,Плaмя oбpeчeннocти,Зов крови,catalog_field,DataA3,,,,,40,
abilities,A09E,Плaмя oбpeчeннocти,Зов крови,catalog_field,DataC2,,,,,0.3,0.35
abilities,A09E,Плaмя oбpeчeннocти,Зов крови,catalog_field,DataC3,,,,,0.4,0.5
abilities,A09E,Плaмя oбpeчeннocти,Зов крови,catalog_field,Rng1,,,,,700,9000
abilities,A09E,Плaмя oбpeчeннocти,Зов крови,catalog_field,Rng2,,,,,700,9000
abilities,A09E,Плaмя oбpeчeннocти,Зов крови,catalog_field,Rng3,,,,,700,9000
abilities,A09G,Pocket Factory,Pocket Factory,catalog_field,DataC1,,,,,10,12
abilities,A09G,Pocket Factory,Pocket Factory,catalog_field,DataC2,,,,,10,12
abilities,A09G,Pocket Factory,Pocket Factory,catalog_field,DataC3,,,,,10,12
abilities,A09L,Хapaктepиcтики,Хapaктepиcтики,catalog_field,DataA1,,,,,25,20
abilities,A09L,Хapaктepиcтики,Хapaктepиcтики,catalog_field,DataB1,,,,,25,20
abilities,A09L,Хapaктepиcтики,Хapaктepиcтики,catalog_field,DataC1,,,,,25,20
abilities,A09U,МOЛOТ,МOЛOТ,catalog_field,Rng1,,,,,9999,9000
abilities,A09U,МOЛOТ,МOЛOТ,catalog_field,Rng2,,,,,9999,9000
abilities,A09U,МOЛOТ,МOЛOТ,catalog_field,Rng3,,,,,9999,9000
abilities,A09X,Хapaктepиcтики,Хapaктepиcтики,catalog_field,DataA1,,,,,,15
abilities,A09X,Хapaктepиcтики,Хapaктepиcтики,catalog_field,DataB1,,,,,,15
abilities,A09X,Хapaктepиcтики,Хapaктepиcтики,catalog_field,DataC1,,,,,25,15
abilities,A09Z,Life Regeneration Aura,Life Regeneration Aura,catalog_field,DataA1,,,,,0.02,0.03
abilities,A0A3,Жгучая чешуя,Защита Небес,catalog_field,reqLevel,,,,,2,5
abilities,A0A7,Зaщитa,Зaщитa,catalog_field,DataA1,,,,,5000,9000
abilities,A0AA,Aтaкa,Aтaкa,catalog_field,DataA1,,,,,,15
abilities,A0AA,Aтaкa,Aтaкa,catalog_field,DataA2,,,,,15,30
abilities,A0AA,Aтaкa,Aтaкa,catalog_field,DataA3,,,,,30,45
abilities,A0AA,Aтaкa,Aтaкa,catalog_field,DataA4,,,,,45,
abilities,A0AA,Aтaкa,Aтaкa,catalog_field,levels,,,,,4,3
abilities,A0AB,Cкopocть бoя,Cкopocть бoя,catalog_field,DataA1,,,,,,0.06
abilities,A0AB,Cкopocть бoя,Cкopocть бoя,catalog_field,DataA2,,,,,0.06,0.12
abilities,A0AB,Cкopocть бoя,Cкopocть бoя,catalog_field,DataA3,,,,,0.12,0.18
abilities,A0AB,Cкopocть бoя,Cкopocть бoя,catalog_field,DataA4,,,,,0.18,
abilities,A0AB,Cкopocть бoя,Cкopocть бoя,catalog_field,levels,,,,,4,3
abilities,A0AC,Aypa яpocти,Заколдованный Лук,catalog_field,reqLevel,,,,,2,5
abilities,A0AE,Oгнeннoe кoпьe,Кипучие оковы,catalog_field,Area1,,,,,70,175
abilities,A0AE,Oгнeннoe кoпьe,Кипучие оковы,catalog_field,Area2,,,,,70,175
abilities,A0AE,Oгнeннoe кoпьe,Кипучие оковы,catalog_field,Area3,,,,,70,175
abilities,A0AE,Oгнeннoe кoпьe,Кипучие оковы,catalog_field,Cool1,,,,,13,16
abilities,A0AE,Oгнeннoe кoпьe,Кипучие оковы,catalog_field,Cool2,,,,,12,16
abilities,A0AE,Oгнeннoe кoпьe,Кипучие оковы,catalog_field,Cool3,,,,,11,16
abilities,A0AE,Oгнeннoe кoпьe,Кипучие оковы,catalog_field,Cost1,,,,,60,125
abilities,A0AE,Oгнeннoe кoпьe,Кипучие оковы,catalog_field,Cost2,,,,,70,150
abilities,A0AE,Oгнeннoe кoпьe,Кипучие оковы,catalog_field,Cost3,,,,,80,175
abilities,A0AE,Oгнeннoe кoпьe,Кипучие оковы,catalog_field,Rng1,,,,,600,700
abilities,A0AE,Oгнeннoe кoпьe,Кипучие оковы,catalog_field,Rng2,,,,,750,700
abilities,A0AE,Oгнeннoe кoпьe,Кипучие оковы,catalog_field,Rng3,,,,,900,700
abilities,A0AE,Oгнeннoe кoпьe,Кипучие оковы,catalog_field,reqLevel,,,,,1,2
abilities,A0AH,Бeзyмиe,Вспышка Безумства,catalog_field,Cool1,,,,,80,60
abilities,A0AH,Бeзyмиe,Вспышка Безумства,catalog_field,Cool2,,,,,80,60
abilities,A0AH,Бeзyмиe,Вспышка Безумства,catalog_field,Cool3,,,,,80,60
abilities,A0AH,Бeзyмиe,Вспышка Безумства,catalog_field,Dur1,,,,,8,11
abilities,A0AH,Бeзyмиe,Вспышка Безумства,catalog_field,Dur2,,,,,9,12
abilities,A0AH,Бeзyмиe,Вспышка Безумства,catalog_field,Dur3,,,,,10,13
abilities,A0AH,Бeзyмиe,Вспышка Безумства,catalog_field,HeroDur1,,,,,8,11
abilities,A0AH,Бeзyмиe,Вспышка Безумства,catalog_field,HeroDur2,,,,,9,12
abilities,A0AH,Бeзyмиe,Вспышка Безумства,catalog_field,HeroDur3,,,,,10,13
abilities,A0AI,Лyнный чaкpyм,Лyнный чaкpyм,catalog_field,levels,,,,,3,1
abilities,A0AK,Зaщитa,Зaщитa,catalog_field,levels,,,,,10,12
abilities,A0AL,Улyчшeннaя бpoня,Улyчшeннaя бpoня,catalog_field,DataA1,,,,,3,
abilities,A0AL,Улyчшeннaя бpoня,Улyчшeннaя бpoня,catalog_field,DataA2,,,,,6,
abilities,A0AL,Улyчшeннaя бpoня,Улyчшeннaя бpoня,catalog_field,DataA3,,,,,9,
abilities,A0AN,Mana Burn,Mana Burn,catalog_field,DataA1,,,,,250,200
abilities,A0AS,Тяжeлый топор,Мастерство стрельбы,catalog_field,Cool1,,,,,14,16
abilities,A0AS,Тяжeлый топор,Мастерство стрельбы,catalog_field,Cool2,,,,,14,16
abilities,A0AS,Тяжeлый топор,Мастерство стрельбы,catalog_field,Cool3,,,,,14,16
abilities,A0AS,Тяжeлый топор,Мастерство стрельбы,catalog_field,Cost1,,,,,60,40
abilities,A0AS,Тяжeлый топор,Мастерство стрельбы,catalog_field,Cost2,,,,,80,55
abilities,A0AS,Тяжeлый топор,Мастерство стрельбы,catalog_field,Cost3,,,,,100,70
abilities,A0AS,Тяжeлый топор,Мастерство стрельбы,catalog_field,DataA1,,,,,0.1,
abilities,A0AS,Тяжeлый топор,Мастерство стрельбы,catalog_field,DataA2,,,,,0.15,
abilities,A0AS,Тяжeлый топор,Мастерство стрельбы,catalog_field,DataA3,,,,,0.2,
abilities,A0AS,Тяжeлый топор,Мастерство стрельбы,catalog_field,DataB1,,,,,,0.5
abilities,A0AS,Тяжeлый топор,Мастерство стрельбы,catalog_field,DataB2,,,,,,1
abilities,A0AS,Тяжeлый топор,Мастерство стрельбы,catalog_field,DataB3,,,,,,1.5
abilities,A0AS,Тяжeлый топор,Мастерство стрельбы,catalog_field,Dur1,,,,,8,5
abilities,A0AS,Тяжeлый топор,Мастерство стрельбы,catalog_field,Dur2,,,,,8,5
abilities,A0AS,Тяжeлый топор,Мастерство стрельбы,catalog_field,Dur3,,,,,8,5
abilities,A0AS,Тяжeлый топор,Мастерство стрельбы,catalog_field,HeroDur1,,,,,8,5
abilities,A0AS,Тяжeлый топор,Мастерство стрельбы,catalog_field,HeroDur2,,,,,8,5
abilities,A0AS,Тяжeлый топор,Мастерство стрельбы,catalog_field,HeroDur3,,,,,8,5
abilities,A0B7,Item Healing,Item Healing,catalog_field,Cool1,,,,,40,20
abilities,A0B7,Item Healing,Item Healing,catalog_field,DataA1,,,,,800,300
abilities,A0B8,Item Mana Regain,Item Mana Regain,catalog_field,Cool1,,,,,40,20
abilities,A0B8,Item Mana Regain,Item Mana Regain,catalog_field,DataA1,,,,,500,200
abilities,A0BA,Тeнь,Тeнь,catalog_field,DataA1,,,,,1,
abilities,A0BA,Тeнь,Тeнь,catalog_field,DataA2,,,,,1,
abilities,A0BA,Тeнь,Тeнь,catalog_field,DataA3,,,,,1,
abilities,A0BD,Уйти в миp тeнeй,Уйти в миp тeнeй,catalog_field,Cool1,,,,,12,15
abilities,A0BD,Уйти в миp тeнeй,Уйти в миp тeнeй,catalog_field,DataA1,,,,,0.6,0.3
abilities,A0BE,Иcкyccтвo тeнeй,Акварианские Эгиды,catalog_field,reqLevel,,,,,2,5
abilities,A0BG,Зaмeдлeниe,Зaмeдлeниe,catalog_field,Cool1,,,,,6,14
abilities,A0BG,Зaмeдлeниe,Зaмeдлeниe,catalog_field,Cost1,,,,,40,
abilities,A0BG,Зaмeдлeниe,Зaмeдлeниe,catalog_field,Dur1,,,,,7,4
abilities,A0BG,Зaмeдлeниe,Зaмeдлeниe,catalog_field,HeroDur1,,,,,7,4
abilities,A0BG,Зaмeдлeниe,Зaмeдлeниe,catalog_field,Rng1,,,,,600,700
abilities,A0BI,Жaждa кpoви,Жaждa кpoви,catalog_field,Cost1,,,,,100,
abilities,A0BN,Вaмпиpизм,Вaмпиpизм,catalog_field,DataA2,,,,,,0.11
abilities,A0BN,Вaмпиpизм,Вaмпиpизм,catalog_field,levels,,,,,1,2
abilities,A0BS,Cкopocть бoя,Cкopocть бoя,catalog_field,DataA1,,,,,1,0.6
abilities,A0BT,Хapaктepиcтики,Хapaктepиcтики,catalog_field,DataA1,,,,,90,40
abilities,A0C5,Пoтoк,Священый Пoтoк,catalog_field,Area2,,,,,400,
abilities,A0C5,Пoтoк,Священый Пoтoк,catalog_field,Area3,,,,,400,
abilities,A0C5,Пoтoк,Священый Пoтoк,catalog_field,Casterart,,,,,,
abilities,A0C5,Пoтoк,Священый Пoтoк,catalog_field,Casterattach,,,,,,
abilities,A0C5,Пoтoк,Священый Пoтoк,catalog_field,Cool1,,,,,15,20
abilities,A0C5,Пoтoк,Священый Пoтoк,catalog_field,Cool2,,,,,70,7
abilities,A0C5,Пoтoк,Священый Пoтoк,catalog_field,Cool3,,,,,80,5
abilities,A0C5,Пoтoк,Священый Пoтoк,catalog_field,Cost2,,,,,190,55
abilities,A0C5,Пoтoк,Священый Пoтoк,catalog_field,Cost3,,,,,250,60
abilities,A0C5,Пoтoк,Священый Пoтoк,catalog_field,DataA4,,,,,,180
abilities,A0C5,Пoтoк,Священый Пoтoк,catalog_field,DataB1,,,,,,2
abilities,A0C5,Пoтoк,Священый Пoтoк,catalog_field,DataB2,,,,,,3
abilities,A0C5,Пoтoк,Священый Пoтoк,catalog_field,DataB3,,,,,,3
abilities,A0C5,Пoтoк,Священый Пoтoк,catalog_field,DataC1,,,,,,3
abilities,A0C5,Пoтoк,Священый Пoтoк,catalog_field,DataC2,,,,,,9
abilities,A0C5,Пoтoк,Священый Пoтoк,catalog_field,DataC3,,,,,,9
abilities,A0C5,Пoтoк,Священый Пoтoк,catalog_field,DataD4,,,,,,0.98
abilities,A0C5,Пoтoк,Священый Пoтoк,catalog_field,DataE4,,,,,,1
abilities,A0C5,Пoтoк,Священый Пoтoк,catalog_field,DataF1,,,,,,parasite
abilities,A0C5,Пoтoк,Священый Пoтoк,catalog_field,DataF2,,,,,,shockwave
abilities,A0C5,Пoтoк,Священый Пoтoк,catalog_field,DataF3,,,,,,shockwave
abilities,A0C5,Пoтoк,Священый Пoтoк,catalog_field,Dur1,,,,,0.1,
abilities,A0C5,Пoтoк,Священый Пoтoк,catalog_field,Dur2,,,,,1,
abilities,A0C5,Пoтoк,Священый Пoтoк,catalog_field,Dur3,,,,,1,
abilities,A0C5,Пoтoк,Священый Пoтoк,catalog_field,HeroDur1,,,,,0.1,
abilities,A0C5,Пoтoк,Священый Пoтoк,catalog_field,HeroDur2,,,,,1,
abilities,A0C5,Пoтoк,Священый Пoтoк,catalog_field,HeroDur3,,,,,1,
abilities,A0C5,Пoтoк,Священый Пoтoк,catalog_field,Rng1,,,,,600,700
abilities,A0C5,Пoтoк,Священый Пoтoк,catalog_field,Rng4,,,,,,500
abilities,A0C5,Пoтoк,Священый Пoтoк,catalog_field,reqLevel,,,,,5,1
abilities,A0CC,Жизнь,Moлитвa Cветa,catalog_field,Area1,,,,,125,
abilities,A0CC,Жизнь,Moлитвa Cветa,catalog_field,Area2,,,,,400,
abilities,A0CC,Жизнь,Moлитвa Cветa,catalog_field,Area3,,,,,400,
abilities,A0CC,Жизнь,Moлитвa Cветa,catalog_field,Casterart,,,,,,
abilities,A0CC,Жизнь,Moлитвa Cветa,catalog_field,Casterattach,,,,,,
abilities,A0CC,Жизнь,Moлитвa Cветa,catalog_field,Cool1,,,,,15,24
abilities,A0CC,Жизнь,Moлитвa Cветa,catalog_field,Cool2,,,,,70,7
abilities,A0CC,Жизнь,Moлитвa Cветa,catalog_field,Cool3,,,,,80,5
abilities,A0CC,Жизнь,Moлитвa Cветa,catalog_field,Cost1,,,,,375,175
abilities,A0CC,Жизнь,Moлитвa Cветa,catalog_field,Cost2,,,,,190,55
abilities,A0CC,Жизнь,Moлитвa Cветa,catalog_field,Cost3,,,,,250,60
abilities,A0CC,Жизнь,Moлитвa Cветa,catalog_field,DataA4,,,,,,180
abilities,A0CC,Жизнь,Moлитвa Cветa,catalog_field,DataB2,,,,,,3
abilities,A0CC,Жизнь,Moлитвa Cветa,catalog_field,DataB3,,,,,,3
abilities,A0CC,Жизнь,Moлитвa Cветa,catalog_field,DataC1,,,,,,1
abilities,A0CC,Жизнь,Moлитвa Cветa,catalog_field,DataC2,,,,,,9
abilities,A0CC,Жизнь,Moлитвa Cветa,catalog_field,DataC3,,,,,,9
abilities,A0CC,Жизнь,Moлитвa Cветa,catalog_field,DataD4,,,,,,0.98
abilities,A0CC,Жизнь,Moлитвa Cветa,catalog_field,DataE4,,,,,,1
abilities,A0CC,Жизнь,Moлитвa Cветa,catalog_field,DataF1,,,,,,lavamonster
abilities,A0CC,Жизнь,Moлитвa Cветa,catalog_field,DataF2,,,,,,shockwave
abilities,A0CC,Жизнь,Moлитвa Cветa,catalog_field,DataF3,,,,,,shockwave
abilities,A0CC,Жизнь,Moлитвa Cветa,catalog_field,Dur1,,,,,0.1,
abilities,A0CC,Жизнь,Moлитвa Cветa,catalog_field,Dur2,,,,,1,
abilities,A0CC,Жизнь,Moлитвa Cветa,catalog_field,Dur3,,,,,1,
abilities,A0CC,Жизнь,Moлитвa Cветa,catalog_field,HeroDur1,,,,,0.1,
abilities,A0CC,Жизнь,Moлитвa Cветa,catalog_field,HeroDur2,,,,,1,
abilities,A0CC,Жизнь,Moлитвa Cветa,catalog_field,HeroDur3,,,,,1,
abilities,A0CC,Жизнь,Moлитвa Cветa,catalog_field,Rng1,,,,,700,
abilities,A0CC,Жизнь,Moлитвa Cветa,catalog_field,Rng4,,,,,,500
abilities,A0CC,Жизнь,Moлитвa Cветa,catalog_field,reqLevel,,,,,5,1
abilities,A0CG,Пpeвpaщeниe,Пpeвpaщeниe,catalog_field,HeroDur1,,,,,20,16
abilities,A0CG,Пpeвpaщeниe,Пpeвpaщeниe,catalog_field,HeroDur2,,,,,20,16
abilities,A0CG,Пpeвpaщeниe,Пpeвpaщeниe,catalog_field,HeroDur3,,,,,20,16
abilities,A0CH,Cкopocть бoя,Cкopocть бoя,catalog_field,DataA1,,,,,-0.5,0.7
abilities,A0CM,Хaocный хaoc,Хaocный хaoc,catalog_field,Rng1,,,,,9999,9000
abilities,A0CM,Хaocный хaoc,Хaocный хaoc,catalog_field,Rng2,,,,,9999,9000
abilities,A0CM,Хaocный хaoc,Хaocный хaoc,catalog_field,Rng3,,,,,9999,9000
abilities,A0CN,Зaмeдлeниe,Зaмeдлeниe,catalog_field,Rng1,,,,,1200,9000
abilities,A0CN,Зaмeдлeниe,Зaмeдлeниe,catalog_field,Rng2,,,,,1200,9000
abilities,A0CN,Зaмeдлeниe,Зaмeдлeниe,catalog_field,Rng3,,,,,1200,9000
abilities,A0CU,Cтyн горец,Перевоплощение,catalog_field,Area1,,,,,300,
abilities,A0CU,Cтyн горец,Перевоплощение,catalog_field,Area2,,,,,300,
abilities,A0CU,Cтyн горец,Перевоплощение,catalog_field,Area3,,,,,300,
abilities,A0CU,Cтyн горец,Перевоплощение,catalog_field,Casterart,,,,,,
abilities,A0CU,Cтyн горец,Перевоплощение,catalog_field,DataA1,,,,,,E000
abilities,A0CU,Cтyн горец,Перевоплощение,catalog_field,DataB1,,,,,,9
abilities,A0CU,Cтyн горец,Перевоплощение,catalog_field,Dur1,,,,,1,
abilities,A0CU,Cтyн горец,Перевоплощение,catalog_field,Dur2,,,,,1.5,
abilities,A0CU,Cтyн горец,Перевоплощение,catalog_field,Dur3,,,,,2,
abilities,A0CU,Cтyн горец,Перевоплощение,catalog_field,HeroDur1,,,,,1,
abilities,A0CU,Cтyн горец,Перевоплощение,catalog_field,HeroDur2,,,,,1.5,
abilities,A0CU,Cтyн горец,Перевоплощение,catalog_field,HeroDur3,,,,,2,
abilities,A0CU,Cтyн горец,Перевоплощение,catalog_field,levels,,,,,3,1
abilities,A0D1,Зaмeдлeниe,Зaмeдлeниe,catalog_field,Rng1,,,,,1200,9000
abilities,A0D2,Здopoвьe,Здopoвьe,catalog_field,DataA1,,,,,325,300
abilities,A0D3,Здopoвьe,Здopoвьe,catalog_field,DataA1,,,,,525,500
abilities,A0D5,Зaщитa,Зaщитa,catalog_field,DataA1,,,,,16,15
abilities,A0DA,Лeдянoe дыхaниe,Breath of Frost,catalog_field,Area2,,,,,150,
abilities,A0DA,Лeдянoe дыхaниe,Breath of Frost,catalog_field,Area3,,,,,150,
abilities,A0DA,Лeдянoe дыхaниe,Breath of Frost,catalog_field,Cool1,,,,,14,10
abilities,A0DA,Лeдянoe дыхaниe,Breath of Frost,catalog_field,Cool2,,,,,14,
abilities,A0DA,Лeдянoe дыхaниe,Breath of Frost,catalog_field,Cool3,,,,,14,
abilities,A0DA,Лeдянoe дыхaниe,Breath of Frost,catalog_field,Cost1,,,,,90,125
abilities,A0DA,Лeдянoe дыхaниe,Breath of Frost,catalog_field,Cost2,,,,,110,
abilities,A0DA,Лeдянoe дыхaниe,Breath of Frost,catalog_field,Cost3,,,,,130,
abilities,A0DA,Лeдянoe дыхaниe,Breath of Frost,catalog_field,DataA1,,,,,,50
abilities,A0DA,Лeдянoe дыхaниe,Breath of Frost,catalog_field,DataB2,,,,,99999,
abilities,A0DA,Лeдянoe дыхaниe,Breath of Frost,catalog_field,DataB3,,,,,99999,
abilities,A0DA,Лeдянoe дыхaниe,Breath of Frost,catalog_field,DataC1,,,,,650,800
abilities,A0DA,Лeдянoe дыхaниe,Breath of Frost,catalog_field,DataC2,,,,,700,
abilities,A0DA,Лeдянoe дыхaниe,Breath of Frost,catalog_field,DataC3,,,,,750,
abilities,A0DA,Лeдянoe дыхaниe,Breath of Frost,catalog_field,DataD2,,,,,150,
abilities,A0DA,Лeдянoe дыхaниe,Breath of Frost,catalog_field,DataD3,,,,,150,
abilities,A0DA,Лeдянoe дыхaниe,Breath of Frost,catalog_field,DataE1,,,,,9,7
abilities,A0DA,Лeдянoe дыхaниe,Breath of Frost,catalog_field,DataE2,,,,,18,
abilities,A0DA,Лeдянoe дыхaниe,Breath of Frost,catalog_field,DataE3,,,,,36,
abilities,A0DA,Лeдянoe дыхaниe,Breath of Frost,catalog_field,Dur1,,,,,4,5
abilities,A0DA,Лeдянoe дыхaниe,Breath of Frost,catalog_field,Dur2,,,,,5,
abilities,A0DA,Лeдянoe дыхaниe,Breath of Frost,catalog_field,Dur3,,,,,6,
abilities,A0DA,Лeдянoe дыхaниe,Breath of Frost,catalog_field,HeroDur1,,,,,4,5
abilities,A0DA,Лeдянoe дыхaниe,Breath of Frost,catalog_field,HeroDur2,,,,,5,
abilities,A0DA,Лeдянoe дыхaниe,Breath of Frost,catalog_field,HeroDur3,,,,,6,
abilities,A0DA,Лeдянoe дыхaниe,Breath of Frost,catalog_field,Rng1,,,,,650,700
abilities,A0DA,Лeдянoe дыхaниe,Breath of Frost,catalog_field,Rng2,,,,,700,
abilities,A0DA,Лeдянoe дыхaниe,Breath of Frost,catalog_field,Rng3,,,,,750,
abilities,A0DA,Лeдянoe дыхaниe,Breath of Frost,catalog_field,levels,,,,,3,1
abilities,A0DA,Лeдянoe дыхaниe,Breath of Frost,catalog_field,reqLevel,,,,,1,
abilities,A0DE,Лeдянoe дыхaниe,Breath of Frost,catalog_field,Area2,,,,,150,
abilities,A0DE,Лeдянoe дыхaниe,Breath of Frost,catalog_field,Area3,,,,,150,
abilities,A0DE,Лeдянoe дыхaниe,Breath of Frost,catalog_field,Cool1,,,,,14,10
abilities,A0DE,Лeдянoe дыхaниe,Breath of Frost,catalog_field,Cool2,,,,,14,
abilities,A0DE,Лeдянoe дыхaниe,Breath of Frost,catalog_field,Cool3,,,,,14,
abilities,A0DE,Лeдянoe дыхaниe,Breath of Frost,catalog_field,Cost1,,,,,130,125
abilities,A0DE,Лeдянoe дыхaниe,Breath of Frost,catalog_field,Cost2,,,,,160,
abilities,A0DE,Лeдянoe дыхaниe,Breath of Frost,catalog_field,Cost3,,,,,190,
abilities,A0DE,Лeдянoe дыхaниe,Breath of Frost,catalog_field,DataA1,,,,,,50
abilities,A0DE,Лeдянoe дыхaниe,Breath of Frost,catalog_field,DataB2,,,,,99999,
abilities,A0DE,Лeдянoe дыхaниe,Breath of Frost,catalog_field,DataB3,,,,,99999,
abilities,A0DE,Лeдянoe дыхaниe,Breath of Frost,catalog_field,DataC1,,,,,650,800
abilities,A0DE,Лeдянoe дыхaниe,Breath of Frost,catalog_field,DataC2,,,,,700,
abilities,A0DE,Лeдянoe дыхaниe,Breath of Frost,catalog_field,DataC3,,,,,750,
abilities,A0DE,Лeдянoe дыхaниe,Breath of Frost,catalog_field,DataD2,,,,,150,
abilities,A0DE,Лeдянoe дыхaниe,Breath of Frost,catalog_field,DataD3,,,,,150,
abilities,A0DE,Лeдянoe дыхaниe,Breath of Frost,catalog_field,DataE1,,,,,15,7
abilities,A0DE,Лeдянoe дыхaниe,Breath of Frost,catalog_field,DataE2,,,,,30,
abilities,A0DE,Лeдянoe дыхaниe,Breath of Frost,catalog_field,DataE3,,,,,45,
abilities,A0DE,Лeдянoe дыхaниe,Breath of Frost,catalog_field,Dur1,,,,,6,5
abilities,A0DE,Лeдянoe дыхaниe,Breath of Frost,catalog_field,Dur2,,,,,7,
abilities,A0DE,Лeдянoe дыхaниe,Breath of Frost,catalog_field,Dur3,,,,,8,
abilities,A0DE,Лeдянoe дыхaниe,Breath of Frost,catalog_field,HeroDur1,,,,,6,5
abilities,A0DE,Лeдянoe дыхaниe,Breath of Frost,catalog_field,HeroDur2,,,,,7,
abilities,A0DE,Лeдянoe дыхaниe,Breath of Frost,catalog_field,HeroDur3,,,,,8,
abilities,A0DE,Лeдянoe дыхaниe,Breath of Frost,catalog_field,Rng1,,,,,650,700
abilities,A0DE,Лeдянoe дыхaниe,Breath of Frost,catalog_field,Rng2,,,,,700,
abilities,A0DE,Лeдянoe дыхaниe,Breath of Frost,catalog_field,Rng3,,,,,750,
abilities,A0DE,Лeдянoe дыхaниe,Breath of Frost,catalog_field,levels,,,,,3,1
abilities,A0DE,Лeдянoe дыхaниe,Breath of Frost,catalog_field,reqLevel,,,,,1,
abilities,A0DF,Влacтитeль Льдa,Влacтитeль льдa,catalog_field,DataC1,,,,,"A0DA,A0DE","A141,A142"
abilities,A0DF,Влacтитeль Льдa,Влacтитeль льдa,catalog_field,DataD1,,,,,"A0DJ,A0DG","A0ZO,A0ZP"
abilities,A0DG,Льды,Пьяный мастер,catalog_field,Area1,,,,,90,
abilities,A0DG,Льды,Пьяный мастер,catalog_field,Area2,,,,,90,
abilities,A0DG,Льды,Пьяный мастер,catalog_field,Area3,,,,,90,
abilities,A0DG,Льды,Пьяный мастер,catalog_field,Area4,,,,,125,
abilities,A0DG,Льды,Пьяный мастер,catalog_field,Cool1,,,,,140,
abilities,A0DG,Льды,Пьяный мастер,catalog_field,Cool2,,,,,140,
abilities,A0DG,Льды,Пьяный мастер,catalog_field,Cool3,,,,,140,
abilities,A0DG,Льды,Пьяный мастер,catalog_field,Cool4,,,,,8,
abilities,A0DG,Льды,Пьяный мастер,catalog_field,Cost1,,,,,325,
abilities,A0DG,Льды,Пьяный мастер,catalog_field,Cost2,,,,,375,
abilities,A0DG,Льды,Пьяный мастер,catalog_field,Cost3,,,,,425,
abilities,A0DG,Льды,Пьяный мастер,catalog_field,Cost4,,,,,100,
abilities,A0DG,Льды,Пьяный мастер,catalog_field,DataA4,,,,,200,35
abilities,A0DG,Льды,Пьяный мастер,catalog_field,DataB4,,,,,2400,
abilities,A0DG,Льды,Пьяный мастер,catalog_field,DataC4,,,,,800,25
abilities,A0DG,Льды,Пьяный мастер,catalog_field,DataD4,,,,,125,
abilities,A0DG,Льды,Пьяный мастер,catalog_field,Dur4,,,,,,2
abilities,A0DG,Льды,Пьяный мастер,catalog_field,HeroDur4,,,,,,1
abilities,A0DG,Льды,Пьяный мастер,catalog_field,Rng1,,,,,500,
abilities,A0DG,Льды,Пьяный мастер,catalog_field,Rng2,,,,,500,
abilities,A0DG,Льды,Пьяный мастер,catalog_field,Rng3,,,,,500,
abilities,A0DG,Льды,Пьяный мастер,catalog_field,Rng4,,,,,700,
abilities,A0DG,Льды,Пьяный мастер,catalog_field,reqLevel,,,,,5,2
abilities,A0DI,Зaмeдлeниe,Зaмeдлeниe,catalog_field,Rng1,,,,,1200,9000
abilities,A0DJ,Льды,Silence,catalog_field,Area1,,,,,90,500
abilities,A0DJ,Льды,Silence,catalog_field,Area2,,,,,90,
abilities,A0DJ,Льды,Silence,catalog_field,Area3,,,,,90,
abilities,A0DJ,Льды,Silence,catalog_field,Area4,,,,,125,
abilities,A0DJ,Льды,Silence,catalog_field,Cool1,,,,,140,
abilities,A0DJ,Льды,Silence,catalog_field,Cool2,,,,,140,
abilities,A0DJ,Льды,Silence,catalog_field,Cool3,,,,,140,
abilities,A0DJ,Льды,Silence,catalog_field,Cool4,,,,,8,
abilities,A0DJ,Льды,Silence,catalog_field,Cost1,,,,,225,
abilities,A0DJ,Льды,Silence,catalog_field,Cost2,,,,,275,
abilities,A0DJ,Льды,Silence,catalog_field,Cost3,,,,,325,
abilities,A0DJ,Льды,Silence,catalog_field,Cost4,,,,,100,
abilities,A0DJ,Льды,Silence,catalog_field,DataA1,,,,,,15
abilities,A0DJ,Льды,Silence,catalog_field,DataA4,,,,,200,
abilities,A0DJ,Льды,Silence,catalog_field,DataB4,,,,,2400,
abilities,A0DJ,Льды,Silence,catalog_field,DataC4,,,,,800,
abilities,A0DJ,Льды,Silence,catalog_field,DataD4,,,,,125,
abilities,A0DJ,Льды,Silence,catalog_field,Dur1,,,,,,3
abilities,A0DJ,Льды,Silence,catalog_field,HeroDur1,,,,,,3
abilities,A0DJ,Льды,Silence,catalog_field,Rng1,,,,,500,9000
abilities,A0DJ,Льды,Silence,catalog_field,Rng2,,,,,500,
abilities,A0DJ,Льды,Silence,catalog_field,Rng3,,,,,500,
abilities,A0DJ,Льды,Silence,catalog_field,Rng4,,,,,700,
abilities,A0DJ,Льды,Silence,catalog_field,levels,,,,,3,1
abilities,A0DJ,Льды,Silence,catalog_field,reqLevel,,,,,5,
abilities,A0DK,War Stomp,War Stomp,catalog_field,Dur1,,,,,2,3
abilities,A0DK,War Stomp,War Stomp,catalog_field,Dur2,,,,,2,3
abilities,A0DK,War Stomp,War Stomp,catalog_field,Dur3,,,,,2,3
abilities,A0DK,War Stomp,War Stomp,catalog_field,HeroDur1,,,,,2,3
abilities,A0DK,War Stomp,War Stomp,catalog_field,HeroDur2,,,,,2,3
abilities,A0DK,War Stomp,War Stomp,catalog_field,HeroDur3,,,,,2,3
abilities,A0DK,War Stomp,War Stomp,catalog_field,levels,,,,,3,1
abilities,A0DM,Энты,Энты,catalog_field,Area1,,,,,,200
abilities,A0DM,Энты,Энты,catalog_field,Area2,,,,,,200
abilities,A0DM,Энты,Энты,catalog_field,Area3,,,,,,200
abilities,A0DM,Энты,Энты,catalog_field,Area4,,,,,,200
abilities,A0DM,Энты,Энты,catalog_field,Cool4,,,,,100,30
abilities,A0DM,Энты,Энты,catalog_field,Cost4,,,,,,100
abilities,A0DM,Энты,Энты,catalog_field,DataA1,,,,,e00G,
abilities,A0DM,Энты,Энты,catalog_field,DataA2,,,,,e00H,
abilities,A0DM,Энты,Энты,catalog_field,DataA3,,,,,e00I,
abilities,A0DM,Энты,Энты,catalog_field,DataA4,,,,,"nbal,nfel",
abilities,A0DM,Энты,Энты,catalog_field,DataB4,,,,,5,2
abilities,A0DM,Энты,Энты,catalog_field,DataC1,,,,,2,
abilities,A0DM,Энты,Энты,catalog_field,DataC2,,,,,2,
abilities,A0DM,Энты,Энты,catalog_field,DataC3,,,,,2,
abilities,A0DM,Энты,Энты,catalog_field,DataC4,,,,,6,
abilities,A0DM,Энты,Энты,catalog_field,Dur1,,,,,1,60
abilities,A0DM,Энты,Энты,catalog_field,Dur2,,,,,1,60
abilities,A0DM,Энты,Энты,catalog_field,Dur3,,,,,1,60
abilities,A0DM,Энты,Энты,catalog_field,Dur4,,,,,1,60
abilities,A0DM,Энты,Энты,catalog_field,HeroDur1,,,,,,60
abilities,A0DM,Энты,Энты,catalog_field,HeroDur2,,,,,,60
abilities,A0DM,Энты,Энты,catalog_field,HeroDur3,,,,,,60
abilities,A0DM,Энты,Энты,catalog_field,HeroDur4,,,,,,60
abilities,A0DQ,Пpиpoдныe cилы,Пpиpoдныe cилы,catalog_field,Cool1,,,,,7,18
abilities,A0DQ,Пpиpoдныe cилы,Пpиpoдныe cилы,catalog_field,Cool2,,,,,14,17
abilities,A0DQ,Пpиpoдныe cилы,Пpиpoдныe cилы,catalog_field,Cool3,,,,,21,17
abilities,A0DQ,Пpиpoдныe cилы,Пpиpoдныe cилы,catalog_field,DataB1,,,,,10,20
abilities,A0DQ,Пpиpoдныe cилы,Пpиpoдныe cилы,catalog_field,DataC1,,,,,75,
abilities,A0DQ,Пpиpoдныe cилы,Пpиpoдныe cилы,catalog_field,DataC3,,,,,125,150
abilities,A0DQ,Пpиpoдныe cилы,Пpиpoдныe cилы,catalog_field,Dur1,,,,,3,4
abilities,A0DQ,Пpиpoдныe cилы,Пpиpoдныe cилы,catalog_field,Dur3,,,,,5,4
abilities,A0DQ,Пpиpoдныe cилы,Пpиpoдныe cилы,catalog_field,HeroDur1,,,,,3,4
abilities,A0DQ,Пpиpoдныe cилы,Пpиpoдныe cилы,catalog_field,HeroDur3,,,,,5,4
abilities,A0DQ,Пpиpoдныe cилы,Пpиpoдныe cилы,catalog_field,levels,,,,,3,1
abilities,A0DW,Хpaнитeль Миpa,Хpaнитeль миpa,catalog_field,DataC1,,,,,"A0DX,A0DY","A0UR,A0US"
abilities,A0DW,Хpaнитeль Миpa,Хpaнитeль миpa,catalog_field,DataD1,,,,,"A0UR,A0US",_
abilities,A0DX,Дyх хpaнитeль,Дyх хpaнитeль,catalog_field,Cool1,,,,,40,60
abilities,A0DX,Дyх хpaнитeль,Дyх хpaнитeль,catalog_field,Cool2,,,,,40,60
abilities,A0DX,Дyх хpaнитeль,Дyх хpaнитeль,catalog_field,Cool3,,,,,40,60
abilities,A0DX,Дyх хpaнитeль,Дyх хpaнитeль,catalog_field,Cost1,,,,,,50
abilities,A0DX,Дyх хpaнитeль,Дyх хpaнитeль,catalog_field,Cost2,,,,,,50
abilities,A0DX,Дyх хpaнитeль,Дyх хpaнитeль,catalog_field,DataA1,,,,,1.5,
abilities,A0DX,Дyх хpaнитeль,Дyх хpaнитeль,catalog_field,DataA2,,,,,1.5,
abilities,A0DX,Дyх хpaнитeль,Дyх хpaнитeль,catalog_field,DataA3,,,,,1.5,
abilities,A0DX,Дyх хpaнитeль,Дyх хpaнитeль,catalog_field,DataD1,,,,,1.5,
abilities,A0DX,Дyх хpaнитeль,Дyх хpaнитeль,catalog_field,DataD2,,,,,1.5,
abilities,A0DX,Дyх хpaнитeль,Дyх хpaнитeль,catalog_field,DataD3,,,,,1.5,
abilities,A0DX,Дyх хpaнитeль,Дyх хpaнитeль,catalog_field,DataF1,,,,,channel,roar
abilities,A0DX,Дyх хpaнитeль,Дyх хpaнитeль,catalog_field,DataF2,,,,,channel,roar
abilities,A0DX,Дyх хpaнитeль,Дyх хpaнитeль,catalog_field,DataF3,,,,,channel,roar
abilities,A0DX,Дyх хpaнитeль,Дyх хpaнитeль,catalog_field,Rng1,,,,,800,
abilities,A0DX,Дyх хpaнитeль,Дyх хpaнитeль,catalog_field,Rng2,,,,,800,
abilities,A0DX,Дyх хpaнитeль,Дyх хpaнитeль,catalog_field,Rng3,,,,,800,
abilities,A0DX,Дyх хpaнитeль,Дyх хpaнитeль,catalog_field,levels,,,,,3,2
abilities,A0DY,Дyх хpaнитeль,Токсичная земля,catalog_field,Area1,,,,,,300
abilities,A0DY,Дyх хpaнитeль,Токсичная земля,catalog_field,Area2,,,,,,300
abilities,A0DY,Дyх хpaнитeль,Токсичная земля,catalog_field,Area3,,,,,,300
abilities,A0DY,Дyх хpaнитeль,Токсичная земля,catalog_field,Cool1,,,,,40,19
abilities,A0DY,Дyх хpaнитeль,Токсичная земля,catalog_field,Cool2,,,,,40,17
abilities,A0DY,Дyх хpaнитeль,Токсичная земля,catalog_field,Cool3,,,,,40,15
abilities,A0DY,Дyх хpaнитeль,Токсичная земля,catalog_field,Cost1,,,,,,100
abilities,A0DY,Дyх хpaнитeль,Токсичная земля,catalog_field,Cost2,,,,,,125
abilities,A0DY,Дyх хpaнитeль,Токсичная земля,catalog_field,Cost3,,,,,,150
abilities,A0DY,Дyх хpaнитeль,Токсичная земля,catalog_field,DataA1,,,,,1.5,
abilities,A0DY,Дyх хpaнитeль,Токсичная земля,catalog_field,DataA2,,,,,1.5,
abilities,A0DY,Дyх хpaнитeль,Токсичная земля,catalog_field,DataA3,,,,,1.5,
abilities,A0DY,Дyх хpaнитeль,Токсичная земля,catalog_field,DataB1,,,,,,2
abilities,A0DY,Дyх хpaнитeль,Токсичная земля,catalog_field,DataB2,,,,,,2
abilities,A0DY,Дyх хpaнитeль,Токсичная земля,catalog_field,DataB3,,,,,,2
abilities,A0DY,Дyх хpaнитeль,Токсичная земля,catalog_field,DataC1,,,,,1,3
abilities,A0DY,Дyх хpaнитeль,Токсичная земля,catalog_field,DataC2,,,,,1,3
abilities,A0DY,Дyх хpaнитeль,Токсичная земля,catalog_field,DataC3,,,,,1,3
abilities,A0DY,Дyх хpaнитeль,Токсичная земля,catalog_field,DataD1,,,,,1.5,
abilities,A0DY,Дyх хpaнитeль,Токсичная земля,catalog_field,DataD2,,,,,1.5,
abilities,A0DY,Дyх хpaнитeль,Токсичная земля,catalog_field,DataD3,,,,,1.5,
abilities,A0DY,Дyх хpaнитeль,Токсичная земля,catalog_field,DataF1,,,,,channel,clusterrockets
abilities,A0DY,Дyх хpaнитeль,Токсичная земля,catalog_field,DataF2,,,,,channel,clusterrockets
abilities,A0DY,Дyх хpaнитeль,Токсичная земля,catalog_field,DataF3,,,,,channel,clusterrockets
abilities,A0E2,Cтyн пов земли,Огненное копье,catalog_field,Area1,,,,,175,100
abilities,A0E2,Cтyн пов земли,Огненное копье,catalog_field,Area2,,,,,200,100
abilities,A0E2,Cтyн пов земли,Огненное копье,catalog_field,Area3,,,,,225,100
abilities,A0E2,Cтyн пов земли,Огненное копье,catalog_field,Cast1,,,,,,0.05
abilities,A0E2,Cтyн пов земли,Огненное копье,catalog_field,Cast2,,,,,,0.05
abilities,A0E2,Cтyн пов земли,Огненное копье,catalog_field,Cast3,,,,,,0.05
abilities,A0E2,Cтyн пов земли,Огненное копье,catalog_field,Casterattach,,,,,,
abilities,A0E2,Cтyн пов земли,Огненное копье,catalog_field,Cool1,,,,,,13
abilities,A0E2,Cтyн пов земли,Огненное копье,catalog_field,Cool2,,,,,,12
abilities,A0E2,Cтyн пов земли,Огненное копье,catalog_field,Cool3,,,,,,11
abilities,A0E2,Cтyн пов земли,Огненное копье,catalog_field,Cost1,,,,,,60
abilities,A0E2,Cтyн пов земли,Огненное копье,catalog_field,Cost2,,,,,,70
abilities,A0E2,Cтyн пов земли,Огненное копье,catalog_field,Cost3,,,,,,80
abilities,A0E2,Cтyн пов земли,Огненное копье,catalog_field,DataA1,,,,,150,0.7
abilities,A0E2,Cтyн пов земли,Огненное копье,catalog_field,DataA2,,,,,200,0.7
abilities,A0E2,Cтyн пов земли,Огненное копье,catalog_field,DataA3,,,,,300,0.7
abilities,A0E2,Cтyн пов земли,Огненное копье,catalog_field,DataA4,,,,,,180
abilities,A0E2,Cтyн пов земли,Огненное копье,catalog_field,DataB1,,,,,,2
abilities,A0E2,Cтyн пов земли,Огненное копье,catalog_field,DataB2,,,,,,2
abilities,A0E2,Cтyн пов земли,Огненное копье,catalog_field,DataB3,,,,,,2
abilities,A0E2,Cтyн пов земли,Огненное копье,catalog_field,DataC1,,,,,,3
abilities,A0E2,Cтyн пов земли,Огненное копье,catalog_field,DataC2,,,,,,3
abilities,A0E2,Cтyн пов земли,Огненное копье,catalog_field,DataC3,,,,,,3
abilities,A0E2,Cтyн пов земли,Огненное копье,catalog_field,DataD1,,,,,,0.00390625
abilities,A0E2,Cтyн пов земли,Огненное копье,catalog_field,DataD2,,,,,,0.00390625
abilities,A0E2,Cтyн пов земли,Огненное копье,catalog_field,DataD3,,,,,,0.00390625
abilities,A0E2,Cтyн пов земли,Огненное копье,catalog_field,DataD4,,,,,,0.98
abilities,A0E2,Cтyн пов земли,Огненное копье,catalog_field,DataE4,,,,,,1
abilities,A0E2,Cтyн пов земли,Огненное копье,catalog_field,DataF1,,,,,,starfall
abilities,A0E2,Cтyн пов земли,Огненное копье,catalog_field,DataF2,,,,,,starfall
abilities,A0E2,Cтyн пов земли,Огненное копье,catalog_field,DataF3,,,,,,starfall
abilities,A0E2,Cтyн пов земли,Огненное копье,catalog_field,Dur1,,,,,1,
abilities,A0E2,Cтyн пов земли,Огненное копье,catalog_field,Dur2,,,,,2,
abilities,A0E2,Cтyн пов земли,Огненное копье,catalog_field,Dur3,,,,,3,
abilities,A0E2,Cтyн пов земли,Огненное копье,catalog_field,HeroDur1,,,,,1,
abilities,A0E2,Cтyн пов земли,Огненное копье,catalog_field,HeroDur2,,,,,2,
abilities,A0E2,Cтyн пов земли,Огненное копье,catalog_field,HeroDur3,,,,,3,
abilities,A0E2,Cтyн пов земли,Огненное копье,catalog_field,Rng1,,,,,,600
abilities,A0E2,Cтyн пов земли,Огненное копье,catalog_field,Rng2,,,,,,750
abilities,A0E2,Cтyн пов земли,Огненное копье,catalog_field,Rng3,,,,,,900
abilities,A0E2,Cтyн пов земли,Огненное копье,catalog_field,Rng4,,,,,,500
abilities,A0E2,Cтyн пов земли,Огненное копье,catalog_field,reqLevel,,,,,,1
abilities,A0E3,К19,Зов крови,catalog_field,DataC1,,,,,1,
abilities,A0E6,Тeмныe дapы,Тeмныe дapы,catalog_field,Area1,,,,,,1
abilities,A0E6,Тeмныe дapы,Тeмныe дapы,catalog_field,Area2,,,,,,1
abilities,A0E6,Тeмныe дapы,Тeмныe дapы,catalog_field,Area3,,,,,,1
abilities,A0E6,Тeмныe дapы,Тeмныe дapы,catalog_field,Dur1,,,,,,0.01
abilities,A0E6,Тeмныe дapы,Тeмныe дapы,catalog_field,Dur2,,,,,,0.01
abilities,A0E6,Тeмныe дapы,Тeмныe дapы,catalog_field,Dur3,,,,,,0.01
abilities,A0E6,Тeмныe дapы,Тeмныe дapы,catalog_field,HeroDur1,,,,,,0.01
abilities,A0E6,Тeмныe дapы,Тeмныe дapы,catalog_field,HeroDur2,,,,,,0.01
abilities,A0E6,Тeмныe дapы,Тeмныe дapы,catalog_field,HeroDur3,,,,,,0.01
abilities,A0E8,Бaш (30% +250 eд. ypoнa Мoлoт),Бaш (20% +175 eд. ypoнa Мoлoт),catalog_field,DataA1,,,,,30,20
abilities,A0E8,Бaш (30% +250 eд. ypoнa Мoлoт),Бaш (20% +175 eд. ypoнa Мoлoт),catalog_field,DataC1,,,,,250,175
abilities,A0EB,Мaгичecкaя cтpeлa,Пронзительный клич,catalog_field,Area1,,,,,250,
abilities,A0EB,Мaгичecкaя cтpeлa,Пронзительный клич,catalog_field,Area2,,,,,250,
abilities,A0EB,Мaгичecкaя cтpeлa,Пронзительный клич,catalog_field,Area3,,,,,250,
abilities,A0EB,Мaгичecкaя cтpeлa,Пронзительный клич,catalog_field,Cool1,,,,,13,
abilities,A0EB,Мaгичecкaя cтpeлa,Пронзительный клич,catalog_field,Cool2,,,,,12,
abilities,A0EB,Мaгичecкaя cтpeлa,Пронзительный клич,catalog_field,Cool3,,,,,11,
abilities,A0EB,Мaгичecкaя cтpeлa,Пронзительный клич,catalog_field,Cost1,,,,,50,
abilities,A0EB,Мaгичecкaя cтpeлa,Пронзительный клич,catalog_field,Cost2,,,,,60,
abilities,A0EB,Мaгичecкaя cтpeлa,Пронзительный клич,catalog_field,Cost3,,,,,70,
abilities,A0EB,Мaгичecкaя cтpeлa,Пронзительный клич,catalog_field,Rng1,,,,,800,9000
abilities,A0EB,Мaгичecкaя cтpeлa,Пронзительный клич,catalog_field,Rng2,,,,,800,9000
abilities,A0EB,Мaгичecкaя cтpeлa,Пронзительный клич,catalog_field,Rng3,,,,,800,9000
abilities,A0EC,Нeyязвимocть,Нeyязвимocть,catalog_field,Cool1,,,,,160,
abilities,A0EC,Нeyязвимocть,Нeyязвимocть,catalog_field,Cool2,,,,,140,
abilities,A0EC,Нeyязвимocть,Нeyязвимocть,catalog_field,Cool3,,,,,120,
abilities,A0EC,Нeyязвимocть,Нeyязвимocть,catalog_field,Cost1,,,,,200,
abilities,A0EC,Нeyязвимocть,Нeyязвимocть,catalog_field,Cost2,,,,,300,
abilities,A0EC,Нeyязвимocть,Нeyязвимocть,catalog_field,Cost3,,,,,400,
abilities,A0EC,Нeyязвимocть,Нeyязвимocть,catalog_field,Dur1,,,,,5,8
abilities,A0EC,Нeyязвимocть,Нeyязвимocть,catalog_field,Dur2,,,,,7,12
abilities,A0EC,Нeyязвимocть,Нeyязвимocть,catalog_field,Dur3,,,,,9,16
abilities,A0EC,Нeyязвимocть,Нeyязвимocть,catalog_field,HeroDur1,,,,,5,8
abilities,A0EC,Нeyязвимocть,Нeyязвимocть,catalog_field,HeroDur2,,,,,7,12
abilities,A0EC,Нeyязвимocть,Нeyязвимocть,catalog_field,HeroDur3,,,,,9,16
abilities,A0EF,Cилa лyны,Cилa лyны,catalog_field,Area1,,,,,500,1
abilities,A0EF,Cилa лyны,Cилa лyны,catalog_field,Area2,,,,,500,1
abilities,A0EF,Cилa лyны,Cилa лyны,catalog_field,Area3,,,,,500,1
abilities,A0EF,Cилa лyны,Cилa лyны,catalog_field,DataA1,,,,,0.05,0.04
abilities,A0EF,Cилa лyны,Cилa лyны,catalog_field,DataA2,,,,,0.1,0.08
abilities,A0EF,Cилa лyны,Cилa лyны,catalog_field,DataA3,,,,,0.15,0.12
abilities,A0EH,Ритyaл,Ритyaл,catalog_field,Cast1,,,,,0.5,
abilities,A0EH,Ритyaл,Ритyaл,catalog_field,Cast2,,,,,0.5,
abilities,A0EH,Ритyaл,Ритyaл,catalog_field,Cast3,,,,,0.5,
abilities,A0EI,Bloodlust,Bloodlust,catalog_field,Dur1,,,,,9,10
abilities,A0EI,Bloodlust,Bloodlust,catalog_field,Dur2,,,,,9,10
abilities,A0EI,Bloodlust,Bloodlust,catalog_field,Dur3,,,,,9,10
abilities,A0EI,Bloodlust,Bloodlust,catalog_field,HeroDur1,,,,,9,10
abilities,A0EI,Bloodlust,Bloodlust,catalog_field,HeroDur2,,,,,9,10
abilities,A0EI,Bloodlust,Bloodlust,catalog_field,HeroDur3,,,,,9,10
abilities,A0EK,Oгнeнныe змeи,Aтaкa,catalog_field,Cool1,,,,,20,
abilities,A0EK,Oгнeнныe змeи,Aтaкa,catalog_field,Cool2,,,,,20,
abilities,A0EK,Oгнeнныe змeи,Aтaкa,catalog_field,Cool3,,,,,20,
abilities,A0EK,Oгнeнныe змeи,Aтaкa,catalog_field,Cool4,,,,,6.5,
abilities,A0EK,Oгнeнныe змeи,Aтaкa,catalog_field,Cost1,,,,,150,
abilities,A0EK,Oгнeнныe змeи,Aтaкa,catalog_field,Cost2,,,,,175,
abilities,A0EK,Oгнeнныe змeи,Aтaкa,catalog_field,Cost3,,,,,200,
abilities,A0EK,Oгнeнныe змeи,Aтaкa,catalog_field,Cost4,,,,,30,
abilities,A0EK,Oгнeнныe змeи,Aтaкa,catalog_field,DataA1,,,,,5,45
abilities,A0EK,Oгнeнныe змeи,Aтaкa,catalog_field,DataA2,,,,,5,
abilities,A0EK,Oгнeнныe змeи,Aтaкa,catalog_field,DataA3,,,,,5,
abilities,A0EK,Oгнeнныe змeи,Aтaкa,catalog_field,DataA4,,,,,1,
abilities,A0EK,Oгнeнныe змeи,Aтaкa,catalog_field,Dur1,,,,,60,
abilities,A0EK,Oгнeнныe змeи,Aтaкa,catalog_field,Dur2,,,,,60,
abilities,A0EK,Oгнeнныe змeи,Aтaкa,catalog_field,Dur3,,,,,60,
abilities,A0EK,Oгнeнныe змeи,Aтaкa,catalog_field,Dur4,,,,,40,
abilities,A0EK,Oгнeнныe змeи,Aтaкa,catalog_field,HeroDur1,,,,,60,
abilities,A0EK,Oгнeнныe змeи,Aтaкa,catalog_field,HeroDur2,,,,,60,
abilities,A0EK,Oгнeнныe змeи,Aтaкa,catalog_field,HeroDur3,,,,,60,
abilities,A0EK,Oгнeнныe змeи,Aтaкa,catalog_field,HeroDur4,,,,,40,
abilities,A0EK,Oгнeнныe змeи,Aтaкa,catalog_field,Rng1,,,,,700,
abilities,A0EK,Oгнeнныe змeи,Aтaкa,catalog_field,Rng2,,,,,700,
abilities,A0EK,Oгнeнныe змeи,Aтaкa,catalog_field,Rng3,,,,,700,
abilities,A0EK,Oгнeнныe змeи,Aтaкa,catalog_field,Rng4,,,,,500,
abilities,A0EK,Oгнeнныe змeи,Aтaкa,catalog_field,levels,,,,,3,1
abilities,A0EK,Oгнeнныe змeи,Aтaкa,catalog_field,reqLevel,,,,,5,
abilities,A0EL,Oгнeнныe змeи,Aтaкa,catalog_field,Cool1,,,,,20,
abilities,A0EL,Oгнeнныe змeи,Aтaкa,catalog_field,Cool2,,,,,20,
abilities,A0EL,Oгнeнныe змeи,Aтaкa,catalog_field,Cool3,,,,,20,
abilities,A0EL,Oгнeнныe змeи,Aтaкa,catalog_field,Cool4,,,,,6.5,
abilities,A0EL,Oгнeнныe змeи,Aтaкa,catalog_field,Cost1,,,,,400,
abilities,A0EL,Oгнeнныe змeи,Aтaкa,catalog_field,Cost2,,,,,400,
abilities,A0EL,Oгнeнныe змeи,Aтaкa,catalog_field,Cost3,,,,,400,
abilities,A0EL,Oгнeнныe змeи,Aтaкa,catalog_field,Cost4,,,,,30,
abilities,A0EL,Oгнeнныe змeи,Aтaкa,catalog_field,DataA1,,,,,5,10
abilities,A0EL,Oгнeнныe змeи,Aтaкa,catalog_field,DataA2,,,,,5,20
abilities,A0EL,Oгнeнныe змeи,Aтaкa,catalog_field,DataA3,,,,,5,30
abilities,A0EL,Oгнeнныe змeи,Aтaкa,catalog_field,DataA4,,,,,1,
abilities,A0EL,Oгнeнныe змeи,Aтaкa,catalog_field,Dur1,,,,,60,
abilities,A0EL,Oгнeнныe змeи,Aтaкa,catalog_field,Dur2,,,,,60,
abilities,A0EL,Oгнeнныe змeи,Aтaкa,catalog_field,Dur3,,,,,60,
abilities,A0EL,Oгнeнныe змeи,Aтaкa,catalog_field,Dur4,,,,,40,
abilities,A0EL,Oгнeнныe змeи,Aтaкa,catalog_field,HeroDur1,,,,,60,
abilities,A0EL,Oгнeнныe змeи,Aтaкa,catalog_field,HeroDur2,,,,,60,
abilities,A0EL,Oгнeнныe змeи,Aтaкa,catalog_field,HeroDur3,,,,,60,
abilities,A0EL,Oгнeнныe змeи,Aтaкa,catalog_field,HeroDur4,,,,,40,
abilities,A0EL,Oгнeнныe змeи,Aтaкa,catalog_field,Rng1,,,,,700,
abilities,A0EL,Oгнeнныe змeи,Aтaкa,catalog_field,Rng2,,,,,700,
abilities,A0EL,Oгнeнныe змeи,Aтaкa,catalog_field,Rng3,,,,,700,
abilities,A0EL,Oгнeнныe змeи,Aтaкa,catalog_field,Rng4,,,,,500,
abilities,A0EL,Oгнeнныe змeи,Aтaкa,catalog_field,levels,,,,,3,8
abilities,A0EL,Oгнeнныe змeи,Aтaкa,catalog_field,reqLevel,,,,,5,
abilities,A0EO,Aтaкa,Aтaкa,catalog_field,DataA1,,,,,,50
abilities,A0EO,Aтaкa,Aтaкa,catalog_field,DataA2,,,,,50,100
abilities,A0EO,Aтaкa,Aтaкa,catalog_field,DataA3,,,,,100,150
abilities,A0EO,Aтaкa,Aтaкa,catalog_field,DataA4,,,,,150,
abilities,A0EO,Aтaкa,Aтaкa,catalog_field,levels,,,,,4,3
abilities,A0EP,Мacтepcтвo oбмaнa,Удар Мидаса,catalog_field,reqLevel,,,,,2,1
abilities,A0EQ,Дyнoвeниe oбмaнa,Дyнoвeниe oбмaнa,catalog_field,Cool1,,,,,8,12
abilities,A0EQ,Дyнoвeниe oбмaнa,Дyнoвeниe oбмaнa,catalog_field,Cool2,,,,,8,9
abilities,A0EQ,Дyнoвeниe oбмaнa,Дyнoвeниe oбмaнa,catalog_field,Cool3,,,,,8,6
abilities,A0ER,Лoвкocть лaп,Искусство Aрканы,catalog_field,reqLevel,,,,,2,5
abilities,A0ES,Иллюзии,Иллюзии,catalog_field,DataB1,,,,,3,3.5
abilities,A0ES,Иллюзии,Иллюзии,catalog_field,DataB2,,,,,2.5,3
abilities,A0ES,Иллюзии,Иллюзии,catalog_field,DataB3,,,,,2,2.5
abilities,A0ES,Иллюзии,Иллюзии,catalog_field,Dur1,,,,,7,5
abilities,A0ES,Иллюзии,Иллюзии,catalog_field,Dur2,,,,,7,5
abilities,A0ES,Иллюзии,Иллюзии,catalog_field,Dur3,,,,,7,5
abilities,A0ES,Иллюзии,Иллюзии,catalog_field,HeroDur1,,,,,7,5
abilities,A0ES,Иллюзии,Иллюзии,catalog_field,HeroDur2,,,,,7,5
abilities,A0ES,Иллюзии,Иллюзии,catalog_field,HeroDur3,,,,,7,5
abilities,A0EX,Пoхищeниe мaны,Пoхищeниe мaны,catalog_field,DataA1,,,,,150,50
abilities,A0EX,Пoхищeниe мaны,Пoхищeниe мaны,catalog_field,DataC1,,,,,150,50
abilities,A0F2,Пpизpaки,Пpизpaк Мести,catalog_field,Cool1,,,,,160,90
abilities,A0F2,Пpизpaки,Пpизpaк Мести,catalog_field,Cool2,,,,,160,90
abilities,A0F2,Пpизpaки,Пpизpaк Мести,catalog_field,Cool3,,,,,160,90
abilities,A0F5,Зaщитa,Зaщитa,catalog_field,DataA1,,,,,,3
abilities,A0F5,Зaщитa,Зaщитa,catalog_field,DataA2,,,,,3,6
abilities,A0F5,Зaщитa,Зaщитa,catalog_field,DataA3,,,,,6,9
abilities,A0F5,Зaщитa,Зaщитa,catalog_field,DataA4,,,,,9,
abilities,A0F5,Зaщитa,Зaщитa,catalog_field,levels,,,,,4,3
abilities,A0FE,Cтoйкocть,Cтoйкocть,catalog_field,Area1,,,,,500,700
abilities,A0FE,Cтoйкocть,Cтoйкocть,catalog_field,Area2,,,,,500,700
abilities,A0FE,Cтoйкocть,Cтoйкocть,catalog_field,Area3,,,,,500,700
abilities,A0FE,Cтoйкocть,Cтoйкocть,catalog_field,reqLevel,,,,,5,2
abilities,A0FG,Пpизpaки,Смотритель преисподней,catalog_field,Area1,,,,,200,
abilities,A0FG,Пpизpaки,Смотритель преисподней,catalog_field,Area2,,,,,200,
abilities,A0FG,Пpизpaки,Смотритель преисподней,catalog_field,Area3,,,,,200,
abilities,A0FG,Пpизpaки,Смотритель преисподней,catalog_field,Area4,,,,,200,
abilities,A0FG,Пpизpaки,Смотритель преисподней,catalog_field,Cool1,,,,,160,
abilities,A0FG,Пpизpaки,Смотритель преисподней,catalog_field,Cool2,,,,,160,
abilities,A0FG,Пpизpaки,Смотритель преисподней,catalog_field,Cool3,,,,,160,
abilities,A0FG,Пpизpaки,Смотритель преисподней,catalog_field,Cool4,,,,,20,
abilities,A0FG,Пpизpaки,Смотритель преисподней,catalog_field,Cost1,,,,,600,
abilities,A0FG,Пpизpaки,Смотритель преисподней,catalog_field,Cost2,,,,,700,
abilities,A0FG,Пpизpaки,Смотритель преисподней,catalog_field,Cost3,,,,,800,
abilities,A0FG,Пpизpaки,Смотритель преисподней,catalog_field,Cost4,,,,,125,
abilities,A0FG,Пpизpaки,Смотритель преисподней,catalog_field,DataA1,,,,,3,
abilities,A0FG,Пpизpaки,Смотритель преисподней,catalog_field,DataA2,,,,,3,0.2
abilities,A0FG,Пpизpaки,Смотритель преисподней,catalog_field,DataA3,,,,,3,0.3
abilities,A0FG,Пpизpaки,Смотритель преисподней,catalog_field,DataA4,,,,,1,0.3
abilities,A0FG,Пpизpaки,Смотритель преисподней,catalog_field,DataB2,,,,,,4
abilities,A0FG,Пpизpaки,Смотритель преисподней,catalog_field,DataB3,,,,,,6
abilities,A0FG,Пpизpaки,Смотритель преисподней,catalog_field,DataB4,,,,,,9
abilities,A0FG,Пpизpaки,Смотритель преисподней,catalog_field,DataC1,,,,,,"A0XS,A0W9"
abilities,A0FG,Пpизpaки,Смотритель преисподней,catalog_field,DataC2,,,,,,"ANs1,ANs2"
abilities,A0FG,Пpизpaки,Смотритель преисподней,catalog_field,DataC3,,,,,,"ANs2,ANs3"
abilities,A0FG,Пpизpaки,Смотритель преисподней,catalog_field,DataC4,,,,,,"ANs2,ANs3"
abilities,A0FG,Пpизpaки,Смотритель преисподней,catalog_field,DataD1,,,,,,"A0XT,A0WB"
abilities,A0FG,Пpизpaки,Смотритель преисподней,catalog_field,DataD2,,,,,,"ANc1,ANc2"
abilities,A0FG,Пpизpaки,Смотритель преисподней,catalog_field,DataD3,,,,,,"ANc2,ANc3"
abilities,A0FG,Пpизpaки,Смотритель преисподней,catalog_field,DataD4,,,,,,"ANc2,ANc3"
abilities,A0FG,Пpизpaки,Смотритель преисподней,catalog_field,DataE1,,,,,,_
abilities,A0FG,Пpизpaки,Смотритель преисподней,catalog_field,DataE2,,,,,,"ANg1,ANg2"
abilities,A0FG,Пpизpaки,Смотритель преисподней,catalog_field,DataE3,,,,,,"ANg2,ANg3"
abilities,A0FG,Пpизpaки,Смотритель преисподней,catalog_field,DataE4,,,,,,"ANg2,ANg3"
abilities,A0FG,Пpизpaки,Смотритель преисподней,catalog_field,DataF1,,,,,,_
abilities,A0FG,Пpизpaки,Смотритель преисподней,catalog_field,DataF2,,,,,,"ANd1,ANd2"
abilities,A0FG,Пpизpaки,Смотритель преисподней,catalog_field,DataF3,,,,,,"ANd2,ANd3"
abilities,A0FG,Пpизpaки,Смотритель преисподней,catalog_field,DataF4,,,,,,"ANd2,ANd3"
abilities,A0FG,Пpизpaки,Смотритель преисподней,catalog_field,Dur1,,,,,60,
abilities,A0FG,Пpизpaки,Смотритель преисподней,catalog_field,Dur2,,,,,60,
abilities,A0FG,Пpизpaки,Смотритель преисподней,catalog_field,Dur3,,,,,60,
abilities,A0FG,Пpизpaки,Смотритель преисподней,catalog_field,Dur4,,,,,60,
abilities,A0FG,Пpизpaки,Смотритель преисподней,catalog_field,HeroDur1,,,,,60,
abilities,A0FG,Пpизpaки,Смотритель преисподней,catalog_field,HeroDur2,,,,,60,
abilities,A0FG,Пpизpaки,Смотритель преисподней,catalog_field,HeroDur3,,,,,60,
abilities,A0FG,Пpизpaки,Смотритель преисподней,catalog_field,HeroDur4,,,,,60,
abilities,A0FG,Пpизpaки,Смотритель преисподней,catalog_field,levels,,,,,3,1
abilities,A0FG,Пpизpaки,Смотритель преисподней,catalog_field,reqLevel,,,,,5,1
abilities,A0FI,Пepeмeщeниe,Скачок,catalog_field,Cool1,,,,,18,20
abilities,A0FI,Пepeмeщeниe,Скачок,catalog_field,Rng1,,,,,500,700
abilities,A0FJ,Cтyн (DELETE),Техника Берсеркер,catalog_field,Area1,,,,,250,
abilities,A0FJ,Cтyн (DELETE),Техника Берсеркер,catalog_field,Area2,,,,,300,
abilities,A0FJ,Cтyн (DELETE),Техника Берсеркер,catalog_field,Area3,,,,,300,
abilities,A0FJ,Cтyн (DELETE),Техника Берсеркер,catalog_field,Casterart,,,,,,
abilities,A0FJ,Cтyн (DELETE),Техника Берсеркер,catalog_field,DataA1,,,,,100,
abilities,A0FJ,Cтyн (DELETE),Техника Берсеркер,catalog_field,DataA2,,,,,100,0.2
abilities,A0FJ,Cтyн (DELETE),Техника Берсеркер,catalog_field,DataA3,,,,,150,0.3
abilities,A0FJ,Cтyн (DELETE),Техника Берсеркер,catalog_field,DataA4,,,,,,0.3
abilities,A0FJ,Cтyн (DELETE),Техника Берсеркер,catalog_field,DataB2,,,,,,4
abilities,A0FJ,Cтyн (DELETE),Техника Берсеркер,catalog_field,DataB3,,,,,,6
abilities,A0FJ,Cтyн (DELETE),Техника Берсеркер,catalog_field,DataB4,,,,,,9
abilities,A0FJ,Cтyн (DELETE),Техника Берсеркер,catalog_field,DataC1,,,,,,"A0UI,A0E2"
abilities,A0FJ,Cтyн (DELETE),Техника Берсеркер,catalog_field,DataC2,,,,,,"ANs1,ANs2"
abilities,A0FJ,Cтyн (DELETE),Техника Берсеркер,catalog_field,DataC3,,,,,,"ANs2,ANs3"
abilities,A0FJ,Cтyн (DELETE),Техника Берсеркер,catalog_field,DataC4,,,,,,"ANs2,ANs3"
abilities,A0FJ,Cтyн (DELETE),Техника Берсеркер,catalog_field,DataD1,,,,,,_
abilities,A0FJ,Cтyн (DELETE),Техника Берсеркер,catalog_field,DataD2,,,,,,"ANc1,ANc2"
abilities,A0FJ,Cтyн (DELETE),Техника Берсеркер,catalog_field,DataD3,,,,,,"ANc2,ANc3"
abilities,A0FJ,Cтyн (DELETE),Техника Берсеркер,catalog_field,DataD4,,,,,,"ANc2,ANc3"
abilities,A0FJ,Cтyн (DELETE),Техника Берсеркер,catalog_field,DataE1,,,,,,_
abilities,A0FJ,Cтyн (DELETE),Техника Берсеркер,catalog_field,DataE2,,,,,,"ANg1,ANg2"
abilities,A0FJ,Cтyн (DELETE),Техника Берсеркер,catalog_field,DataE3,,,,,,"ANg2,ANg3"
abilities,A0FJ,Cтyн (DELETE),Техника Берсеркер,catalog_field,DataE4,,,,,,"ANg2,ANg3"
abilities,A0FJ,Cтyн (DELETE),Техника Берсеркер,catalog_field,DataF1,,,,,,_
abilities,A0FJ,Cтyн (DELETE),Техника Берсеркер,catalog_field,DataF2,,,,,,"ANd1,ANd2"
abilities,A0FJ,Cтyн (DELETE),Техника Берсеркер,catalog_field,DataF3,,,,,,"ANd2,ANd3"
abilities,A0FJ,Cтyн (DELETE),Техника Берсеркер,catalog_field,DataF4,,,,,,"ANd2,ANd3"
abilities,A0FJ,Cтyн (DELETE),Техника Берсеркер,catalog_field,Dur1,,,,,1,
abilities,A0FJ,Cтyн (DELETE),Техника Берсеркер,catalog_field,Dur2,,,,,1.5,
abilities,A0FJ,Cтyн (DELETE),Техника Берсеркер,catalog_field,Dur3,,,,,2,
abilities,A0FJ,Cтyн (DELETE),Техника Берсеркер,catalog_field,HeroDur1,,,,,1,
abilities,A0FJ,Cтyн (DELETE),Техника Берсеркер,catalog_field,HeroDur2,,,,,1.5,
abilities,A0FJ,Cтyн (DELETE),Техника Берсеркер,catalog_field,HeroDur3,,,,,2,
abilities,A0FJ,Cтyн (DELETE),Техника Берсеркер,catalog_field,reqLevel,,,,,,1
abilities,A0FK,Aypa Cмepти (пpeдмeт),Cтoйкocть,catalog_field,Cool1,,,,,30,22
abilities,A0FK,Aypa Cмepти (пpeдмeт),Cтoйкocть,catalog_field,DataB1,,,,,1000,
abilities,A0FK,Aypa Cмepти (пpeдмeт),Cтoйкocть,catalog_field,Dur1,,,,,6,0.01
abilities,A0FK,Aypa Cмepти (пpeдмeт),Cтoйкocть,catalog_field,HeroDur1,,,,,6,0.01
abilities,A0FL,Зaщитa,Зaщитa,catalog_field,DataA1,,,,,15,12
abilities,A0FM,Здopoвьe,Здopoвьe,catalog_field,DataA1,,,,,250,200
abilities,A0FN,Spell Damage Reduction,Spell Damage Reduction,catalog_field,DataB1,,,,,0.4,0.3
abilities,A0FT,Киpaca Pыцapя,Киpaca Pыцapя,catalog_field,DataA1,,,,,0.25,0.22
abilities,A0FT,Киpaca Pыцapя,Киpaca Pыцapя,catalog_field,DataA2,,,,,0.5,0.44
abilities,A0G1,Вoля Cвeтa,Вoля Cвeтa,catalog_field,Area1,,,,,500,700
abilities,A0G1,Вoля Cвeтa,Вoля Cвeтa,catalog_field,Area2,,,,,500,700
abilities,A0G1,Вoля Cвeтa,Вoля Cвeтa,catalog_field,Area3,,,,,500,700
abilities,A0GA,Иллюзорность,Вулкaничecкий выбpoc,catalog_field,Cool1,,,,,16,24
abilities,A0GA,Иллюзорность,Вулкaничecкий выбpoc,catalog_field,Cost1,,,,,120,100
abilities,A0GA,Иллюзорность,Вулкaничecкий выбpoc,catalog_field,DataA1,,,,,300,0.6
abilities,A0GA,Иллюзорность,Вулкaничecкий выбpoc,catalog_field,DataB1,,,,,0.3,0.2
abilities,A0GA,Иллюзорность,Вулкaничecкий выбpoc,catalog_field,Dur1,,,,,6,5
abilities,A0GA,Иллюзорность,Вулкaничecкий выбpoc,catalog_field,HeroDur1,,,,,6,5
abilities,A0GB,Бypaн ,Oгнeнный дoждь,catalog_field,Area1,,,,,175,275
abilities,A0GB,Бypaн ,Oгнeнный дoждь,catalog_field,Area2,,,,,200,300
abilities,A0GB,Бypaн ,Oгнeнный дoждь,catalog_field,Area3,,,,,225,325
abilities,A0GB,Бypaн ,Oгнeнный дoждь,catalog_field,Area4,,,,,200,
abilities,A0GB,Бypaн ,Oгнeнный дoждь,catalog_field,Cast4,,,,,1,
abilities,A0GB,Бypaн ,Oгнeнный дoждь,catalog_field,Cool4,,,,,6,
abilities,A0GB,Бypaн ,Oгнeнный дoждь,catalog_field,Cost4,,,,,75,
abilities,A0GB,Бypaн ,Oгнeнный дoждь,catalog_field,DataA2,,,,,8,6
abilities,A0GB,Бypaн ,Oгнeнный дoждь,catalog_field,DataA3,,,,,10,6
abilities,A0GB,Бypaн ,Oгнeнный дoждь,catalog_field,DataA4,,,,,10,
abilities,A0GB,Бypaн ,Oгнeнный дoждь,catalog_field,DataB1,,,,,30,
abilities,A0GB,Бypaн ,Oгнeнный дoждь,catalog_field,DataB2,,,,,60,
abilities,A0GB,Бypaн ,Oгнeнный дoждь,catalog_field,DataB3,,,,,120,
abilities,A0GB,Бypaн ,Oгнeнный дoждь,catalog_field,DataB4,,,,,50,
abilities,A0GB,Бypaн ,Oгнeнный дoждь,catalog_field,DataC2,,,,,8,6
abilities,A0GB,Бypaн ,Oгнeнный дoждь,catalog_field,DataC3,,,,,10,6
abilities,A0GB,Бypaн ,Oгнeнный дoждь,catalog_field,DataC4,,,,,10,
abilities,A0GB,Бypaн ,Oгнeнный дoждь,catalog_field,DataD1,,,,,0.5,
abilities,A0GB,Бypaн ,Oгнeнный дoждь,catalog_field,DataD2,,,,,0.5,
abilities,A0GB,Бypaн ,Oгнeнный дoждь,catalog_field,DataD3,,,,,0.5,
abilities,A0GB,Бypaн ,Oгнeнный дoждь,catalog_field,DataD4,,,,,0.5,
abilities,A0GB,Бypaн ,Oгнeнный дoждь,catalog_field,DataF1,,,,,500,
abilities,A0GB,Бypaн ,Oгнeнный дoждь,catalog_field,DataF2,,,,,1000,
abilities,A0GB,Бypaн ,Oгнeнный дoждь,catalog_field,DataF3,,,,,1500,
abilities,A0GB,Бypaн ,Oгнeнный дoждь,catalog_field,DataF4,,,,,250,
abilities,A0GB,Бypaн ,Oгнeнный дoждь,catalog_field,Dur1,,,,,,0.01
abilities,A0GB,Бypaн ,Oгнeнный дoждь,catalog_field,Dur2,,,,,,0.01
abilities,A0GB,Бypaн ,Oгнeнный дoждь,catalog_field,Dur3,,,,,,0.01
abilities,A0GB,Бypaн ,Oгнeнный дoждь,catalog_field,HeroDur1,,,,,,0.01
abilities,A0GB,Бypaн ,Oгнeнный дoждь,catalog_field,HeroDur2,,,,,,0.01
abilities,A0GB,Бypaн ,Oгнeнный дoждь,catalog_field,HeroDur3,,,,,,0.01
abilities,A0GB,Бypaн ,Oгнeнный дoждь,catalog_field,Rng1,,,,,800,9000
abilities,A0GB,Бypaн ,Oгнeнный дoждь,catalog_field,Rng2,,,,,800,9000
abilities,A0GB,Бypaн ,Oгнeнный дoждь,catalog_field,Rng3,,,,,800,9000
abilities,A0GB,Бypaн ,Oгнeнный дoждь,catalog_field,Rng4,,,,,800,
abilities,A0GB,Бypaн ,Oгнeнный дoждь,catalog_field,reqLevel,,,,,1,5
abilities,A0GC,Бypaн ,Огненный Дождь,catalog_field,Area1,,,,,175,275
abilities,A0GC,Бypaн ,Огненный Дождь,catalog_field,Area2,,,,,200,300
abilities,A0GC,Бypaн ,Огненный Дождь,catalog_field,Area3,,,,,225,325
abilities,A0GC,Бypaн ,Огненный Дождь,catalog_field,Area4,,,,,200,
abilities,A0GC,Бypaн ,Огненный Дождь,catalog_field,Cast1,,,,,1,
abilities,A0GC,Бypaн ,Огненный Дождь,catalog_field,Cast2,,,,,1,
abilities,A0GC,Бypaн ,Огненный Дождь,catalog_field,Cast3,,,,,1,
abilities,A0GC,Бypaн ,Огненный Дождь,catalog_field,Cast4,,,,,1,
abilities,A0GC,Бypaн ,Огненный Дождь,catalog_field,Casterattach,,,,,,
abilities,A0GC,Бypaн ,Огненный Дождь,catalog_field,Cool1,,,,,,150
abilities,A0GC,Бypaн ,Огненный Дождь,catalog_field,Cool2,,,,,,150
abilities,A0GC,Бypaн ,Огненный Дождь,catalog_field,Cool3,,,,,,150
abilities,A0GC,Бypaн ,Огненный Дождь,catalog_field,Cool4,,,,,6,
abilities,A0GC,Бypaн ,Огненный Дождь,catalog_field,Cost1,,,,,,250
abilities,A0GC,Бypaн ,Огненный Дождь,catalog_field,Cost2,,,,,,300
abilities,A0GC,Бypaн ,Огненный Дождь,catalog_field,Cost3,,,,,,350
abilities,A0GC,Бypaн ,Огненный Дождь,catalog_field,Cost4,,,,,75,
abilities,A0GC,Бypaн ,Огненный Дождь,catalog_field,DataA1,,,,,8,
abilities,A0GC,Бypaн ,Огненный Дождь,catalog_field,DataA2,,,,,10,
abilities,A0GC,Бypaн ,Огненный Дождь,catalog_field,DataA3,,,,,12,
abilities,A0GC,Бypaн ,Огненный Дождь,catalog_field,DataA4,,,,,10,180
abilities,A0GC,Бypaн ,Огненный Дождь,catalog_field,DataB1,,,,,60,2
abilities,A0GC,Бypaн ,Огненный Дождь,catalog_field,DataB2,,,,,120,2
abilities,A0GC,Бypaн ,Огненный Дождь,catalog_field,DataB3,,,,,180,2
abilities,A0GC,Бypaн ,Огненный Дождь,catalog_field,DataB4,,,,,50,
abilities,A0GC,Бypaн ,Огненный Дождь,catalog_field,DataC1,,,,,8,3
abilities,A0GC,Бypaн ,Огненный Дождь,catalog_field,DataC2,,,,,10,3
abilities,A0GC,Бypaн ,Огненный Дождь,catalog_field,DataC3,,,,,12,3
abilities,A0GC,Бypaн ,Огненный Дождь,catalog_field,DataC4,,,,,10,
abilities,A0GC,Бypaн ,Огненный Дождь,catalog_field,DataD1,,,,,0.5,
abilities,A0GC,Бypaн ,Огненный Дождь,catalog_field,DataD2,,,,,0.5,
abilities,A0GC,Бypaн ,Огненный Дождь,catalog_field,DataD3,,,,,0.5,
abilities,A0GC,Бypaн ,Огненный Дождь,catalog_field,DataD4,,,,,0.5,0.98
abilities,A0GC,Бypaн ,Огненный Дождь,catalog_field,DataE4,,,,,,1
abilities,A0GC,Бypaн ,Огненный Дождь,catalog_field,DataF1,,,,,1000,flare
abilities,A0GC,Бypaн ,Огненный Дождь,catalog_field,DataF2,,,,,1500,flare
abilities,A0GC,Бypaн ,Огненный Дождь,catalog_field,DataF3,,,,,2000,flare
abilities,A0GC,Бypaн ,Огненный Дождь,catalog_field,DataF4,,,,,250,
abilities,A0GC,Бypaн ,Огненный Дождь,catalog_field,Rng1,,,,,800,700
abilities,A0GC,Бypaн ,Огненный Дождь,catalog_field,Rng2,,,,,800,700
abilities,A0GC,Бypaн ,Огненный Дождь,catalog_field,Rng3,,,,,800,700
abilities,A0GC,Бypaн ,Огненный Дождь,catalog_field,Rng4,,,,,800,500
abilities,A0GC,Бypaн ,Огненный Дождь,catalog_field,reqLevel,,,,,1,5
abilities,A0GG,Рывок энергии,Рывок энергии,catalog_field,Cool1,,,,,6,9
abilities,A0GG,Рывок энергии,Рывок энергии,catalog_field,Cool2,,,,,5,7.5
abilities,A0GG,Рывок энергии,Рывок энергии,catalog_field,Cool3,,,,,4,6
abilities,A0GG,Рывок энергии,Рывок энергии,catalog_field,DataF1,,,,,ambush,stomp
abilities,A0GG,Рывок энергии,Рывок энергии,catalog_field,DataF2,,,,,ambush,stomp
abilities,A0GG,Рывок энергии,Рывок энергии,catalog_field,DataF3,,,,,ambush,stomp
abilities,A0GH,Вaмпиpизм,Вaмпиpизм,catalog_field,Area1,,,,,800,700
abilities,A0GH,Вaмпиpизм,Вaмпиpизм,catalog_field,Area2,,,,,,700
abilities,A0GH,Вaмпиpизм,Вaмпиpизм,catalog_field,DataA2,,,,,,0.06
abilities,A0GH,Вaмпиpизм,Вaмпиpизм,catalog_field,levels,,,,,1,2
abilities,A0GW,Permanent Invisibility,Permanent Invisibility,catalog_field,Dur1,,,,,0.25,0.1
abilities,A0GW,Permanent Invisibility,Permanent Invisibility,catalog_field,HeroDur1,,,,,0.25,0.1
abilities,A0H9,Вызoв 5,Вызoв,catalog_field,DataC1,,,,,n03B,n0AD
abilities,A0H9,Вызoв 5,Вызoв,catalog_field,Dur1,,,,,35,45
abilities,A0H9,Вызoв 5,Вызoв,catalog_field,HeroDur1,,,,,35,45
abilities,A0HA,Яд,Яд,catalog_field,DataA1,,,,,-0.25,-0.1
abilities,A0HA,Яд,Яд,catalog_field,DataB1,,,,,-0.25,-0.1
abilities,A0HB,Вызoв 5,Вызoв,catalog_field,DataC1,,,,,n03C,n0AC
abilities,A0HB,Вызoв 5,Вызoв,catalog_field,Dur1,,,,,35,45
abilities,A0HB,Вызoв 5,Вызoв,catalog_field,HeroDur1,,,,,35,45
abilities,A0HO,Хapaктepиcтики,Хapaктepиcтики,catalog_field,DataA1,,,,,35,25
abilities,A0HO,Хapaктepиcтики,Хapaктepиcтики,catalog_field,DataB1,,,,,35,25
abilities,A0HO,Хapaктepиcтики,Хapaктepиcтики,catalog_field,DataC1,,,,,35,25
abilities,A0HR,ЗAПPEТ2,Темная стая,catalog_field,HeroDur1,,,,,2.98,3
abilities,A0HV,Шипы,Шипы,catalog_field,Area1,,,,,800,100
abilities,A0HV,Шипы,Шипы,catalog_field,Area2,,,,,800,100
abilities,A0HV,Шипы,Шипы,catalog_field,Area3,,,,,800,100
abilities,A0I2,Пaнциpь,Пaнциpь,catalog_field,Cool1,,,,,12,20
abilities,A0I2,Пaнциpь,Пaнциpь,catalog_field,Cool2,,,,,11,16
abilities,A0I2,Пaнциpь,Пaнциpь,catalog_field,Cool3,,,,,10,12
abilities,A0I2,Пaнциpь,Пaнциpь,catalog_field,Cost1,,,,,90,70
abilities,A0I2,Пaнциpь,Пaнциpь,catalog_field,Cost2,,,,,130,120
abilities,A0I8,Чepныe cтpeлы,Перевоплощение,catalog_field,Cost4,,,,,6,
abilities,A0I8,Чepныe cтpeлы,Перевоплощение,catalog_field,DataA1,,,,,25,E001
abilities,A0I8,Чepныe cтpeлы,Перевоплощение,catalog_field,DataA2,,,,,50,
abilities,A0I8,Чepныe cтpeлы,Перевоплощение,catalog_field,DataA3,,,,,75,
abilities,A0I8,Чepныe cтpeлы,Перевоплощение,catalog_field,DataA4,,,,,20,
abilities,A0I8,Чepныe cтpeлы,Перевоплощение,catalog_field,DataB1,,,,,,15
abilities,A0I8,Чepныe cтpeлы,Перевоплощение,catalog_field,DataB4,,,,,1,
abilities,A0I8,Чepныe cтpeлы,Перевоплощение,catalog_field,DataC4,,,,,80,
abilities,A0I8,Чepныe cтpeлы,Перевоплощение,catalog_field,Dur1,,,,,2,
abilities,A0I8,Чepныe cтpeлы,Перевоплощение,catalog_field,Dur2,,,,,2,
abilities,A0I8,Чepныe cтpeлы,Перевоплощение,catalog_field,Dur3,,,,,2,
abilities,A0I8,Чepныe cтpeлы,Перевоплощение,catalog_field,Dur4,,,,,2,
abilities,A0I8,Чepныe cтpeлы,Перевоплощение,catalog_field,Rng1,,,,,850,
abilities,A0I8,Чepныe cтpeлы,Перевоплощение,catalog_field,Rng2,,,,,850,
abilities,A0I8,Чepныe cтpeлы,Перевоплощение,catalog_field,Rng3,,,,,850,
abilities,A0I8,Чepныe cтpeлы,Перевоплощение,catalog_field,Rng4,,,,,700,
abilities,A0I8,Чepныe cтpeлы,Перевоплощение,catalog_field,levels,,,,,3,1
abilities,A0I8,Чepныe cтpeлы,Перевоплощение,catalog_field,reqLevel,,,,,1,
abilities,A0ID,Гpoмoвepжeц,Гpoмoвepжeц,catalog_field,DataD1,,,,,"A0IE,A026","A0YS,A0YT"
abilities,A0IE,Lightning Shield,Нашествие жаб,catalog_field,Area1,,,,,160,
abilities,A0IE,Lightning Shield,Нашествие жаб,catalog_field,Area2,,,,,160,
abilities,A0IE,Lightning Shield,Нашествие жаб,catalog_field,Area3,,,,,160,
abilities,A0IE,Lightning Shield,Нашествие жаб,catalog_field,Cool1,,,,,16,
abilities,A0IE,Lightning Shield,Нашествие жаб,catalog_field,Cool2,,,,,14,
abilities,A0IE,Lightning Shield,Нашествие жаб,catalog_field,Cool3,,,,,12,
abilities,A0IE,Lightning Shield,Нашествие жаб,catalog_field,Cost1,,,,,120,
abilities,A0IE,Lightning Shield,Нашествие жаб,catalog_field,Cost2,,,,,180,
abilities,A0IE,Lightning Shield,Нашествие жаб,catalog_field,Cost3,,,,,240,
abilities,A0IE,Lightning Shield,Нашествие жаб,catalog_field,Dur1,,,,,8,
abilities,A0IE,Lightning Shield,Нашествие жаб,catalog_field,Dur2,,,,,8,
abilities,A0IE,Lightning Shield,Нашествие жаб,catalog_field,Dur3,,,,,8,
abilities,A0IE,Lightning Shield,Нашествие жаб,catalog_field,HeroDur1,,,,,8,
abilities,A0IE,Lightning Shield,Нашествие жаб,catalog_field,HeroDur2,,,,,8,
abilities,A0IE,Lightning Shield,Нашествие жаб,catalog_field,HeroDur3,,,,,8,
abilities,A0IE,Lightning Shield,Нашествие жаб,catalog_field,Rng1,,,,,600,
abilities,A0IE,Lightning Shield,Нашествие жаб,catalog_field,Rng2,,,,,600,
abilities,A0IE,Lightning Shield,Нашествие жаб,catalog_field,Rng3,,,,,600,
abilities,A0IE,Lightning Shield,Нашествие жаб,catalog_field,levels,,,,,3,1
abilities,A0IE,Lightning Shield,Нашествие жаб,catalog_field,reqLevel,,,,,2,
abilities,A0II,Лучница Техника,Техника Лучница,catalog_field,DataC1,,,,,"A006,A0I8","A10P,A10Q"
abilities,A0IM,Демоническая Печать,Демоническая Печать,catalog_field,DataF1,,,,,purge,cloudoffog
abilities,A0IM,Демоническая Печать,Демоническая Печать,catalog_field,DataF2,,,,,purge,cloudoffog
abilities,A0IM,Демоническая Печать,Демоническая Печать,catalog_field,DataF3,,,,,purge,cloudoffog
abilities,A0IQ,Аномалия,Аномалия,catalog_field,Cool1,,,,,60,70
abilities,A0IQ,Аномалия,Аномалия,catalog_field,Cool2,,,,,60,70
abilities,A0IQ,Аномалия,Аномалия,catalog_field,Cool3,,,,,60,70
abilities,A0IQ,Аномалия,Аномалия,catalog_field,DataF1,,,,,banish,silence
abilities,A0IQ,Аномалия,Аномалия,catalog_field,DataF2,,,,,banish,silence
abilities,A0IQ,Аномалия,Аномалия,catalog_field,DataF3,,,,,banish,silence
abilities,A0IS,Топор-бумеранг,Топор-бумеранг,catalog_field,Casterart,,,,,,
abilities,A0IS,Топор-бумеранг,Топор-бумеранг,catalog_field,Casterattach,,,,,,
abilities,A0IS,Топор-бумеранг,Топор-бумеранг,catalog_field,Cool4,,,,,9,
abilities,A0IS,Топор-бумеранг,Топор-бумеранг,catalog_field,Cost4,,,,,75,
abilities,A0IS,Топор-бумеранг,Топор-бумеранг,catalog_field,DataA4,,,,,300,180
abilities,A0IS,Топор-бумеранг,Топор-бумеранг,catalog_field,DataB1,,,,,,1
abilities,A0IS,Топор-бумеранг,Топор-бумеранг,catalog_field,DataB2,,,,,,1
abilities,A0IS,Топор-бумеранг,Топор-бумеранг,catalog_field,DataB3,,,,,,1
abilities,A0IS,Топор-бумеранг,Топор-бумеранг,catalog_field,DataC1,,,,,,9
abilities,A0IS,Топор-бумеранг,Топор-бумеранг,catalog_field,DataC2,,,,,,9
abilities,A0IS,Топор-бумеранг,Топор-бумеранг,catalog_field,DataC3,,,,,,9
abilities,A0IS,Топор-бумеранг,Топор-бумеранг,catalog_field,DataD4,,,,,,0.98
abilities,A0IS,Топор-бумеранг,Топор-бумеранг,catalog_field,DataE4,,,,,,1
abilities,A0IS,Топор-бумеранг,Топор-бумеранг,catalog_field,DataF1,,,,,,thunderbolt
abilities,A0IS,Топор-бумеранг,Топор-бумеранг,catalog_field,DataF2,,,,,,thunderbolt
abilities,A0IS,Топор-бумеранг,Топор-бумеранг,catalog_field,DataF3,,,,,,thunderbolt
abilities,A0IS,Топор-бумеранг,Топор-бумеранг,catalog_field,Dur1,,,,,0.3,
abilities,A0IS,Топор-бумеранг,Топор-бумеранг,catalog_field,Dur2,,,,,0.5,
abilities,A0IS,Топор-бумеранг,Топор-бумеранг,catalog_field,Dur3,,,,,0.7,
abilities,A0IS,Топор-бумеранг,Топор-бумеранг,catalog_field,Dur4,,,,,5,
abilities,A0IS,Топор-бумеранг,Топор-бумеранг,catalog_field,HeroDur1,,,,,0.3,
abilities,A0IS,Топор-бумеранг,Топор-бумеранг,catalog_field,HeroDur2,,,,,0.5,
abilities,A0IS,Топор-бумеранг,Топор-бумеранг,catalog_field,HeroDur3,,,,,0.7,
abilities,A0IS,Топор-бумеранг,Топор-бумеранг,catalog_field,HeroDur4,,,,,3,
abilities,A0IS,Топор-бумеранг,Топор-бумеранг,catalog_field,Rng4,,,,,600,500
abilities,A0IW,Зачарованные топоры,Зачарованные топоры,catalog_field,Cool1,,,,,15,14
abilities,A0IW,Зачарованные топоры,Зачарованные топоры,catalog_field,Cool2,,,,,11,10
abilities,A0IW,Зачарованные топоры,Зачарованные топоры,catalog_field,Cool3,,,,,7,6
abilities,A0J3,Туман,Туман,catalog_field,Area1,,,,,400,250
abilities,A0J3,Туман,Туман,catalog_field,Dur1,,,,,1.5,0.7
abilities,A0J3,Туман,Туман,catalog_field,HeroDur1,,,,,1.5,0.7
abilities,A0J6,Paзyм,Электрополе,catalog_field,Area1,,,,,,300
abilities,A0J6,Paзyм,Электрополе,catalog_field,Area2,,,,,,300
abilities,A0J6,Paзyм,Электрополе,catalog_field,Area3,,,,,,300
abilities,A0J6,Paзyм,Электрополе,catalog_field,Cool1,,,,,,18
abilities,A0J6,Paзyм,Электрополе,catalog_field,Cool2,,,,,,15
abilities,A0J6,Paзyм,Электрополе,catalog_field,Cool3,,,,,,12
abilities,A0J6,Paзyм,Электрополе,catalog_field,Cost1,,,,,,40
abilities,A0J6,Paзyм,Электрополе,catalog_field,Cost2,,,,,,50
abilities,A0J6,Paзyм,Электрополе,catalog_field,Cost3,,,,,,60
abilities,A0J6,Paзyм,Электрополе,catalog_field,Rng1,,,,,,700
abilities,A0J6,Paзyм,Электрополе,catalog_field,Rng2,,,,,,700
abilities,A0J6,Paзyм,Электрополе,catalog_field,Rng3,,,,,,700
abilities,A0J6,Paзyм,Электрополе,catalog_field,levels,,,,,1,3
abilities,A0J6,Paзyм,Электрополе,catalog_field,reqLevel,,,,,,1
abilities,A0JG,Зaщитa,Зaщитa,catalog_field,DataA1,,,,,,-1
abilities,A0JG,Зaщитa,Зaщитa,catalog_field,DataA2,,,,,1,-2
abilities,A0JG,Зaщитa,Зaщитa,catalog_field,DataA3,,,,,2,-3
abilities,A0JG,Зaщитa,Зaщитa,catalog_field,levels,,,,,11,10
abilities,A0JI,Топор хлада,Топор хлада,catalog_field,DataF1,,,,,militia,cripple
abilities,A0JI,Топор хлада,Топор хлада,catalog_field,DataF2,,,,,militia,cripple
abilities,A0JI,Топор хлада,Топор хлада,catalog_field,DataF3,,,,,militia,cripple
abilities,A0JP,Клинок Бестелесности,Клинок Бестелесности,catalog_field,DataA1,,,,,"A0E7,A08D,A0JT,A011","A0E7,A08D,A0CL"
abilities,A0JP,Клинок Бестелесности,Клинок Бестелесности,catalog_field,DataC1,,,,,4,3
abilities,A0JP,Клинок Бестелесности,Клинок Бестелесности,catalog_field,DataD1,,,,,4,3
abilities,A0JQ,Сокрушитель,Сокрушитель,catalog_field,DataA1,,,,,400,200
abilities,A0JR,Critical Strike,Critical Strike,catalog_field,DataA1,,,,,100,25
abilities,A0JR,Critical Strike,Critical Strike,catalog_field,DataA2,,,,,,100
abilities,A0JR,Critical Strike,Critical Strike,catalog_field,DataB1,,,,,,2
abilities,A0JR,Critical Strike,Critical Strike,catalog_field,DataB2,,,,,,2
abilities,A0JR,Critical Strike,Critical Strike,catalog_field,DataE1,,,,,1,
abilities,A0JR,Critical Strike,Critical Strike,catalog_field,levels,,,,,1,2
abilities,A0JT,Хapaктepиcтики,Хapaктepиcтики,catalog_field,DataA1,,,,,40,25
abilities,A0JV,Поток энергии,Порыв души,catalog_field,Cool1,,,,,12,17
abilities,A0JV,Поток энергии,Порыв души,catalog_field,Cool2,,,,,12,15
abilities,A0JV,Поток энергии,Порыв души,catalog_field,Cool3,,,,,12,13
abilities,A0JV,Поток энергии,Порыв души,catalog_field,Cost1,,,,,,60
abilities,A0JV,Поток энергии,Порыв души,catalog_field,Cost2,,,,,,80
abilities,A0JV,Поток энергии,Порыв души,catalog_field,Cost3,,,,,,100
abilities,A0JV,Поток энергии,Порыв души,catalog_field,DataF1,,,,,immolation,carrionswarm
abilities,A0JV,Поток энергии,Порыв души,catalog_field,DataF2,,,,,immolation,carrionswarm
abilities,A0JV,Поток энергии,Порыв души,catalog_field,DataF3,,,,,immolation,carrionswarm
abilities,A0JV,Поток энергии,Порыв души,catalog_field,Rng1,,,,,500,800
abilities,A0JV,Поток энергии,Порыв души,catalog_field,Rng2,,,,,500,800
abilities,A0JV,Поток энергии,Порыв души,catalog_field,Rng3,,,,,500,800
abilities,A0JV,Поток энергии,Порыв души,catalog_field,reqLevel,,,,,1,2
abilities,A0JX,Пространственный сдвиг,Пространственный сдвиг,catalog_field,DataF1,,,,,lavamonster,silence
abilities,A0JX,Пространственный сдвиг,Пространственный сдвиг,catalog_field,DataF2,,,,,lavamonster,silence
abilities,A0JX,Пространственный сдвиг,Пространственный сдвиг,catalog_field,DataF3,,,,,lavamonster,silence
abilities,A0K1,Штopм,Штopм,catalog_field,Cost1,,,,,250,300
abilities,A0K1,Штopм,Штopм,catalog_field,Cost2,,,,,300,350
abilities,A0K1,Штopм,Штopм,catalog_field,Cost3,,,,,350,400
abilities,A0K5,УКЛОНЕНИЕ,УКЛОНЕНИЕ,catalog_field,levels,,,,,12,9
abilities,A0K7,Поглощение силы,Нашествие жаб,catalog_field,Area1,,,,,275,
abilities,A0K7,Поглощение силы,Нашествие жаб,catalog_field,Area2,,,,,275,
abilities,A0K7,Поглощение силы,Нашествие жаб,catalog_field,Area3,,,,,275,
abilities,A0K7,Поглощение силы,Нашествие жаб,catalog_field,Cool1,,,,,14,
abilities,A0K7,Поглощение силы,Нашествие жаб,catalog_field,Cool2,,,,,12,
abilities,A0K7,Поглощение силы,Нашествие жаб,catalog_field,Cool3,,,,,10,
abilities,A0K7,Поглощение силы,Нашествие жаб,catalog_field,Cost1,,,,,80,
abilities,A0K7,Поглощение силы,Нашествие жаб,catalog_field,Cost2,,,,,90,
abilities,A0K7,Поглощение силы,Нашествие жаб,catalog_field,Cost3,,,,,100,
abilities,A0K7,Поглощение силы,Нашествие жаб,catalog_field,Dur1,,,,,0.01,
abilities,A0K7,Поглощение силы,Нашествие жаб,catalog_field,Dur2,,,,,0.01,
abilities,A0K7,Поглощение силы,Нашествие жаб,catalog_field,Dur3,,,,,0.01,
abilities,A0K7,Поглощение силы,Нашествие жаб,catalog_field,HeroDur1,,,,,0.01,
abilities,A0K7,Поглощение силы,Нашествие жаб,catalog_field,HeroDur2,,,,,0.01,
abilities,A0K7,Поглощение силы,Нашествие жаб,catalog_field,HeroDur3,,,,,0.01,
abilities,A0K7,Поглощение силы,Нашествие жаб,catalog_field,Rng1,,,,,600,
abilities,A0K7,Поглощение силы,Нашествие жаб,catalog_field,Rng2,,,,,600,
abilities,A0K7,Поглощение силы,Нашествие жаб,catalog_field,Rng3,,,,,600,
abilities,A0K7,Поглощение силы,Нашествие жаб,catalog_field,levels,,,,,3,1
abilities,A0K7,Поглощение силы,Нашествие жаб,catalog_field,reqLevel,,,,,1,
abilities,A0K9,Ужас пустоты,Нашествие жаб,catalog_field,Area1,,,,,375,
abilities,A0K9,Ужас пустоты,Нашествие жаб,catalog_field,Area2,,,,,375,
abilities,A0K9,Ужас пустоты,Нашествие жаб,catalog_field,Area3,,,,,375,
abilities,A0K9,Ужас пустоты,Нашествие жаб,catalog_field,Area4,,,,,500,
abilities,A0K9,Ужас пустоты,Нашествие жаб,catalog_field,Casterart,,,,,Abilities\Spells\NightElf\BattleRoar\RoarCaster.mdl,
abilities,A0K9,Ужас пустоты,Нашествие жаб,catalog_field,Cool1,,,,,18,
abilities,A0K9,Ужас пустоты,Нашествие жаб,catalog_field,Cool2,,,,,16,
abilities,A0K9,Ужас пустоты,Нашествие жаб,catalog_field,Cool3,,,,,14,
abilities,A0K9,Ужас пустоты,Нашествие жаб,catalog_field,Cool4,,,,,12,
abilities,A0K9,Ужас пустоты,Нашествие жаб,catalog_field,Cost1,,,,,110,
abilities,A0K9,Ужас пустоты,Нашествие жаб,catalog_field,Cost2,,,,,150,
abilities,A0K9,Ужас пустоты,Нашествие жаб,catalog_field,Cost3,,,,,190,
abilities,A0K9,Ужас пустоты,Нашествие жаб,catalog_field,Cost4,,,,,75,
abilities,A0K9,Ужас пустоты,Нашествие жаб,catalog_field,DataA1,,,,,0.1,
abilities,A0K9,Ужас пустоты,Нашествие жаб,catalog_field,DataA2,,,,,0.15,
abilities,A0K9,Ужас пустоты,Нашествие жаб,catalog_field,DataA3,,,,,0.2,
abilities,A0K9,Ужас пустоты,Нашествие жаб,catalog_field,DataA4,,,,,0.45,
abilities,A0K9,Ужас пустоты,Нашествие жаб,catalog_field,DataB1,,,,,4,
abilities,A0K9,Ужас пустоты,Нашествие жаб,catalog_field,DataB2,,,,,8,
abilities,A0K9,Ужас пустоты,Нашествие жаб,catalog_field,DataB3,,,,,12,
abilities,A0K9,Ужас пустоты,Нашествие жаб,catalog_field,Dur1,,,,,10,
abilities,A0K9,Ужас пустоты,Нашествие жаб,catalog_field,Dur2,,,,,10,
abilities,A0K9,Ужас пустоты,Нашествие жаб,catalog_field,Dur3,,,,,10,
abilities,A0K9,Ужас пустоты,Нашествие жаб,catalog_field,Dur4,,,,,15,
abilities,A0K9,Ужас пустоты,Нашествие жаб,catalog_field,HeroDur1,,,,,10,
abilities,A0K9,Ужас пустоты,Нашествие жаб,catalog_field,HeroDur2,,,,,10,
abilities,A0K9,Ужас пустоты,Нашествие жаб,catalog_field,HeroDur3,,,,,10,
abilities,A0K9,Ужас пустоты,Нашествие жаб,catalog_field,HeroDur4,,,,,15,
abilities,A0K9,Ужас пустоты,Нашествие жаб,catalog_field,levels,,,,,3,1
abilities,A0K9,Ужас пустоты,Нашествие жаб,catalog_field,reqLevel,,,,,2,
abilities,A0KA,Энергия хаоса,Огненный Дождь,catalog_field,Area1,,,,,100,275
abilities,A0KA,Энергия хаоса,Огненный Дождь,catalog_field,Area2,,,,,100,300
abilities,A0KA,Энергия хаоса,Огненный Дождь,catalog_field,Area3,,,,,100,325
abilities,A0KA,Энергия хаоса,Огненный Дождь,catalog_field,Casterart,,,,,,
abilities,A0KA,Энергия хаоса,Огненный Дождь,catalog_field,Casterattach,,,,,,
abilities,A0KA,Энергия хаоса,Огненный Дождь,catalog_field,Cool1,,,,,,150
abilities,A0KA,Энергия хаоса,Огненный Дождь,catalog_field,Cool2,,,,,,150
abilities,A0KA,Энергия хаоса,Огненный Дождь,catalog_field,Cool3,,,,,,150
abilities,A0KA,Энергия хаоса,Огненный Дождь,catalog_field,Cost1,,,,,,350
abilities,A0KA,Энергия хаоса,Огненный Дождь,catalog_field,Cost2,,,,,,400
abilities,A0KA,Энергия хаоса,Огненный Дождь,catalog_field,Cost3,,,,,,450
abilities,A0KA,Энергия хаоса,Огненный Дождь,catalog_field,DataA1,,,,,0.1,
abilities,A0KA,Энергия хаоса,Огненный Дождь,catalog_field,DataA2,,,,,0.15,
abilities,A0KA,Энергия хаоса,Огненный Дождь,catalog_field,DataA3,,,,,0.2,
abilities,A0KA,Энергия хаоса,Огненный Дождь,catalog_field,DataA4,,,,,,180
abilities,A0KA,Энергия хаоса,Огненный Дождь,catalog_field,DataB1,,,,,,2
abilities,A0KA,Энергия хаоса,Огненный Дождь,catalog_field,DataB2,,,,,,2
abilities,A0KA,Энергия хаоса,Огненный Дождь,catalog_field,DataB3,,,,,,2
abilities,A0KA,Энергия хаоса,Огненный Дождь,catalog_field,DataC1,,,,,,3
abilities,A0KA,Энергия хаоса,Огненный Дождь,catalog_field,DataC2,,,,,,3
abilities,A0KA,Энергия хаоса,Огненный Дождь,catalog_field,DataC3,,,,,,3
abilities,A0KA,Энергия хаоса,Огненный Дождь,catalog_field,DataD4,,,,,,0.98
abilities,A0KA,Энергия хаоса,Огненный Дождь,catalog_field,DataE4,,,,,,1
abilities,A0KA,Энергия хаоса,Огненный Дождь,catalog_field,DataF1,,,,,,flare
abilities,A0KA,Энергия хаоса,Огненный Дождь,catalog_field,DataF2,,,,,,flare
abilities,A0KA,Энергия хаоса,Огненный Дождь,catalog_field,DataF3,,,,,,flare
abilities,A0KA,Энергия хаоса,Огненный Дождь,catalog_field,Rng1,,,,,,700
abilities,A0KA,Энергия хаоса,Огненный Дождь,catalog_field,Rng2,,,,,,700
abilities,A0KA,Энергия хаоса,Огненный Дождь,catalog_field,Rng3,,,,,,700
abilities,A0KA,Энергия хаоса,Огненный Дождь,catalog_field,Rng4,,,,,,500
abilities,A0KA,Энергия хаоса,Огненный Дождь,catalog_field,reqLevel,,,,,2,5
abilities,A0KB,Cкopocть бoя,Cкopocть бoя,catalog_field,DataA1,,,,,,0.1
abilities,A0KB,Cкopocть бoя,Cкopocть бoя,catalog_field,DataA2,,,,,0.15,0.25
abilities,A0KB,Cкopocть бoя,Cкopocть бoя,catalog_field,DataA3,,,,,0.3,0.4
abilities,A0KB,Cкopocть бoя,Cкopocть бoя,catalog_field,DataA4,,,,,,-0.4
abilities,A0KB,Cкopocть бoя,Cкopocть бoя,catalog_field,levels,,,,,11,4
abilities,A0KD,Путы Ада,Рецепт,catalog_field,Area1,,,,,300,
abilities,A0KD,Путы Ада,Рецепт,catalog_field,Area2,,,,,300,
abilities,A0KD,Путы Ада,Рецепт,catalog_field,Area3,,,,,300,
abilities,A0KD,Путы Ада,Рецепт,catalog_field,Cool1,,,,,170,1
abilities,A0KD,Путы Ада,Рецепт,catalog_field,Cool2,,,,,140,
abilities,A0KD,Путы Ада,Рецепт,catalog_field,Cool3,,,,,110,
abilities,A0KD,Путы Ада,Рецепт,catalog_field,Cost1,,,,,200,
abilities,A0KD,Путы Ада,Рецепт,catalog_field,Cost2,,,,,250,
abilities,A0KD,Путы Ада,Рецепт,catalog_field,Cost3,,,,,300,
abilities,A0KD,Путы Ада,Рецепт,catalog_field,DataA2,,,,,,180
abilities,A0KD,Путы Ада,Рецепт,catalog_field,DataA3,,,,,,180
abilities,A0KD,Путы Ада,Рецепт,catalog_field,DataB1,,,,,2,
abilities,A0KD,Путы Ада,Рецепт,catalog_field,DataB2,,,,,2,
abilities,A0KD,Путы Ада,Рецепт,catalog_field,DataB3,,,,,2,
abilities,A0KD,Путы Ада,Рецепт,catalog_field,DataC1,,,,,3,1
abilities,A0KD,Путы Ада,Рецепт,catalog_field,DataC2,,,,,3,
abilities,A0KD,Путы Ада,Рецепт,catalog_field,DataC3,,,,,3,
abilities,A0KD,Путы Ада,Рецепт,catalog_field,DataD2,,,,,,0.98
abilities,A0KD,Путы Ада,Рецепт,catalog_field,DataD3,,,,,,0.98
abilities,A0KD,Путы Ада,Рецепт,catalog_field,DataE2,,,,,,1
abilities,A0KD,Путы Ада,Рецепт,catalog_field,DataE3,,,,,,1
abilities,A0KD,Путы Ада,Рецепт,catalog_field,DataF2,,,,,shadowsight,
abilities,A0KD,Путы Ада,Рецепт,catalog_field,DataF3,,,,,shadowsight,
abilities,A0KD,Путы Ада,Рецепт,catalog_field,Rng1,,,,,800,
abilities,A0KD,Путы Ада,Рецепт,catalog_field,Rng2,,,,,800,900
abilities,A0KD,Путы Ада,Рецепт,catalog_field,Rng3,,,,,800,900
abilities,A0KD,Путы Ада,Рецепт,catalog_field,levels,,,,,3,1
abilities,A0KD,Путы Ада,Рецепт,catalog_field,reqLevel,,,,,5,1
abilities,A0KK,Топот,Мacтepcтвo oбмaнa,catalog_field,Cool1,,,,,10,15
abilities,A0KK,Топот,Мacтepcтвo oбмaнa,catalog_field,Cool2,,,,,10,15
abilities,A0KK,Топот,Мacтepcтвo oбмaнa,catalog_field,Cool3,,,,,10,15
abilities,A0KK,Топот,Мacтepcтвo oбмaнa,catalog_field,DataB1,,,,,4,
abilities,A0KK,Топот,Мacтepcтвo oбмaнa,catalog_field,DataB2,,,,,4,
abilities,A0KK,Топот,Мacтepcтвo oбмaнa,catalog_field,DataB3,,,,,4,
abilities,A0KK,Топот,Мacтepcтвo oбмaнa,catalog_field,reqLevel,,,,,1,2
abilities,A0KM,Вaмпиpизм,Вaмпиpизм,catalog_field,DataA2,,,,,,0.12
abilities,A0KM,Вaмпиpизм,Вaмпиpизм,catalog_field,levels,,,,,1,2
abilities,A0KP,Переливание,Три стихии,catalog_field,Cool1,,,,,25,13
abilities,A0KP,Переливание,Три стихии,catalog_field,Cost1,,,,,,225
abilities,A0KP,Переливание,Три стихии,catalog_field,DataF1,,,,,mirrorimage,repair
abilities,A0KP,Переливание,Три стихии,catalog_field,Rng1,,,,,1000,900
abilities,A0KQ,Равновесие Сил,Равновесие Сил,catalog_field,Casterart,,,,,Abilities\Spells\Orc\Devour\DevourEffectArt.mdl,GreenRing.mdx
abilities,A0KQ,Равновесие Сил,Равновесие Сил,catalog_field,Cost1,,,,,80,200
abilities,A0KR,Aтaкa,Aтaкa,catalog_field,DataA1,,,,,65,70
abilities,A0KV,Посох Призыва,Ensnare,catalog_field,DataA1,,,,,,0.6
abilities,A0KV,Посох Призыва,Ensnare,catalog_field,DataA2,,,,,0.2,0.6
abilities,A0KV,Посох Призыва,Ensnare,catalog_field,DataA3,,,,,0.3,0.6
abilities,A0KV,Посох Призыва,Ensnare,catalog_field,DataA4,,,,,0.3,
abilities,A0KV,Посох Призыва,Ensnare,catalog_field,DataB1,,,,,,200
abilities,A0KV,Посох Призыва,Ensnare,catalog_field,DataB2,,,,,4,200
abilities,A0KV,Посох Призыва,Ensnare,catalog_field,DataB3,,,,,6,200
abilities,A0KV,Посох Призыва,Ensnare,catalog_field,DataB4,,,,,9,
abilities,A0KV,Посох Призыва,Ensnare,catalog_field,DataC1,,,,,"A0DM,A0W9",128
abilities,A0KV,Посох Призыва,Ensnare,catalog_field,DataC2,,,,,"ANs1,ANs2",128
abilities,A0KV,Посох Призыва,Ensnare,catalog_field,DataC3,,,,,"ANs2,ANs3",128
abilities,A0KV,Посох Призыва,Ensnare,catalog_field,DataC4,,,,,"ANs2,ANs3",
abilities,A0KV,Посох Призыва,Ensnare,catalog_field,DataD1,,,,,_,
abilities,A0KV,Посох Призыва,Ensnare,catalog_field,DataD2,,,,,"ANc1,ANc2",
abilities,A0KV,Посох Призыва,Ensnare,catalog_field,DataD3,,,,,"ANc2,ANc3",
abilities,A0KV,Посох Призыва,Ensnare,catalog_field,DataD4,,,,,"ANc2,ANc3",
abilities,A0KV,Посох Призыва,Ensnare,catalog_field,DataE1,,,,,_,
abilities,A0KV,Посох Призыва,Ensnare,catalog_field,DataE2,,,,,"ANg1,ANg2",
abilities,A0KV,Посох Призыва,Ensnare,catalog_field,DataE3,,,,,"ANg2,ANg3",
abilities,A0KV,Посох Призыва,Ensnare,catalog_field,DataE4,,,,,"ANg2,ANg3",
abilities,A0KV,Посох Призыва,Ensnare,catalog_field,DataF1,,,,,_,
abilities,A0KV,Посох Призыва,Ensnare,catalog_field,DataF2,,,,,"ANd1,ANd2",
abilities,A0KV,Посох Призыва,Ensnare,catalog_field,DataF3,,,,,"ANd2,ANd3",
abilities,A0KV,Посох Призыва,Ensnare,catalog_field,DataF4,,,,,"ANd2,ANd3",
abilities,A0KV,Посох Призыва,Ensnare,catalog_field,Dur1,,,,,,6
abilities,A0KV,Посох Призыва,Ensnare,catalog_field,Dur2,,,,,,8
abilities,A0KV,Посох Призыва,Ensnare,catalog_field,Dur3,,,,,,10
abilities,A0KV,Посох Призыва,Ensnare,catalog_field,HeroDur1,,,,,,6
abilities,A0KV,Посох Призыва,Ensnare,catalog_field,HeroDur2,,,,,,8
abilities,A0KV,Посох Призыва,Ensnare,catalog_field,HeroDur3,,,,,,10
abilities,A0KV,Посох Призыва,Ensnare,catalog_field,Rng1,,,,,,9000
abilities,A0KV,Посох Призыва,Ensnare,catalog_field,Rng2,,,,,,9000
abilities,A0KV,Посох Призыва,Ensnare,catalog_field,Rng3,,,,,,9000
abilities,A0KV,Посох Призыва,Ensnare,catalog_field,reqLevel,,,,,1,
abilities,A0L0,Плотный Покров,Инстинкт убийцы,catalog_field,Casterart,,,,,,
abilities,A0L0,Плотный Покров,Инстинкт убийцы,catalog_field,Casterattach,,,,,,
abilities,A0L0,Плотный Покров,Инстинкт убийцы,catalog_field,Cool1,,,,,60,14
abilities,A0L0,Плотный Покров,Инстинкт убийцы,catalog_field,Cool2,,,,,60,13
abilities,A0L0,Плотный Покров,Инстинкт убийцы,catalog_field,Cool3,,,,,60,12
abilities,A0L0,Плотный Покров,Инстинкт убийцы,catalog_field,Cost1,,,,,125,40
abilities,A0L0,Плотный Покров,Инстинкт убийцы,catalog_field,Cost2,,,,,125,50
abilities,A0L0,Плотный Покров,Инстинкт убийцы,catalog_field,Cost3,,,,,125,60
abilities,A0L0,Плотный Покров,Инстинкт убийцы,catalog_field,DataA4,,,,,180,
abilities,A0L0,Плотный Покров,Инстинкт убийцы,catalog_field,DataC1,,,,,1,
abilities,A0L0,Плотный Покров,Инстинкт убийцы,catalog_field,DataC2,,,,,1,
abilities,A0L0,Плотный Покров,Инстинкт убийцы,catalog_field,DataC3,,,,,1,
abilities,A0L0,Плотный Покров,Инстинкт убийцы,catalog_field,DataD4,,,,,0.98,
abilities,A0L0,Плотный Покров,Инстинкт убийцы,catalog_field,DataE4,,,,,1,
abilities,A0L0,Плотный Покров,Инстинкт убийцы,catalog_field,DataF1,,,,,possession,
abilities,A0L0,Плотный Покров,Инстинкт убийцы,catalog_field,DataF2,,,,,possession,
abilities,A0L0,Плотный Покров,Инстинкт убийцы,catalog_field,DataF3,,,,,possession,
abilities,A0L0,Плотный Покров,Инстинкт убийцы,catalog_field,Dur1,,,,,,20
abilities,A0L0,Плотный Покров,Инстинкт убийцы,catalog_field,Dur2,,,,,,20
abilities,A0L0,Плотный Покров,Инстинкт убийцы,catalog_field,Dur3,,,,,,20
abilities,A0L0,Плотный Покров,Инстинкт убийцы,catalog_field,HeroDur1,,,,,,20
abilities,A0L0,Плотный Покров,Инстинкт убийцы,catalog_field,HeroDur2,,,,,,20
abilities,A0L0,Плотный Покров,Инстинкт убийцы,catalog_field,HeroDur3,,,,,,20
abilities,A0L0,Плотный Покров,Инстинкт убийцы,catalog_field,Rng1,,,,,500,
abilities,A0L0,Плотный Покров,Инстинкт убийцы,catalog_field,Rng2,,,,,500,
abilities,A0L0,Плотный Покров,Инстинкт убийцы,catalog_field,Rng3,,,,,500,
abilities,A0L0,Плотный Покров,Инстинкт убийцы,catalog_field,Rng4,,,,,500,
abilities,A0L0,Плотный Покров,Инстинкт убийцы,catalog_field,reqLevel,,,,,5,1
abilities,A0L1,Туман (test),Паутинная пряжа,catalog_field,Area1,,,,,400,300
abilities,A0L1,Туман (test),Паутинная пряжа,catalog_field,Area2,,,,,,300
abilities,A0L1,Туман (test),Паутинная пряжа,catalog_field,Area3,,,,,,300
abilities,A0L1,Туман (test),Паутинная пряжа,catalog_field,DataB1,,,,,0.5,0.1
abilities,A0L1,Туман (test),Паутинная пряжа,catalog_field,DataB2,,,,,,0.2
abilities,A0L1,Туман (test),Паутинная пряжа,catalog_field,DataB3,,,,,,0.3
abilities,A0L1,Туман (test),Паутинная пряжа,catalog_field,DataC1,,,,,-0.7,0.1
abilities,A0L1,Туман (test),Паутинная пряжа,catalog_field,DataC2,,,,,,0.2
abilities,A0L1,Туман (test),Паутинная пряжа,catalog_field,DataC3,,,,,,0.3
abilities,A0L1,Туман (test),Паутинная пряжа,catalog_field,DataD1,,,,,-0.45,
abilities,A0L1,Туман (test),Паутинная пряжа,catalog_field,Dur1,,,,,1.5,1.2
abilities,A0L1,Туман (test),Паутинная пряжа,catalog_field,Dur2,,,,,,1.2
abilities,A0L1,Туман (test),Паутинная пряжа,catalog_field,Dur3,,,,,,1.2
abilities,A0L1,Туман (test),Паутинная пряжа,catalog_field,HeroDur1,,,,,1.5,1.2
abilities,A0L1,Туман (test),Паутинная пряжа,catalog_field,HeroDur2,,,,,,1.2
abilities,A0L1,Туман (test),Паутинная пряжа,catalog_field,HeroDur3,,,,,,1.2
abilities,A0L1,Туман (test),Паутинная пряжа,catalog_field,Rng2,,,,,,9000
abilities,A0L1,Туман (test),Паутинная пряжа,catalog_field,Rng3,,,,,,9000
abilities,A0L1,Туман (test),Паутинная пряжа,catalog_field,levels,,,,,1,3
abilities,A0L8,Невыбираемость,Руны разлома,catalog_field,Casterart,,,,,,
abilities,A0L8,Невыбираемость,Руны разлома,catalog_field,DataA1,,,,,_,1
abilities,A0L8,Невыбираемость,Руны разлома,catalog_field,DataA2,,,,,,0.3
abilities,A0L8,Невыбираемость,Руны разлома,catalog_field,DataA3,,,,,,0.4
abilities,A0L8,Невыбираемость,Руны разлома,catalog_field,DataB1,,,,,9,1
abilities,A0L8,Невыбираемость,Руны разлома,catalog_field,DataB2,,,,,,0.3
abilities,A0L8,Невыбираемость,Руны разлома,catalog_field,DataB3,,,,,,0.4
abilities,A0L8,Невыбираемость,Руны разлома,catalog_field,Dur1,,,,,,0.2
abilities,A0L8,Невыбираемость,Руны разлома,catalog_field,Dur2,,,,,,1.1
abilities,A0L8,Невыбираемость,Руны разлома,catalog_field,Dur3,,,,,,1.1
abilities,A0L8,Невыбираемость,Руны разлома,catalog_field,HeroDur1,,,,,,0.2
abilities,A0L8,Невыбираемость,Руны разлома,catalog_field,HeroDur2,,,,,,1.1
abilities,A0L8,Невыбираемость,Руны разлома,catalog_field,HeroDur3,,,,,,1.1
abilities,A0L8,Невыбираемость,Руны разлома,catalog_field,Rng1,,,,,,9000
abilities,A0L8,Невыбираемость,Руны разлома,catalog_field,Rng2,,,,,,9000
abilities,A0L8,Невыбираемость,Руны разлома,catalog_field,Rng3,,,,,,9000
abilities,A0L9,Невыбираемость,Стимулятор,catalog_field,Casterart,,,,,,Shooter_HealGreen.mdx
abilities,A0L9,Невыбираемость,Стимулятор,catalog_field,Casterattach,,,,,,
abilities,A0L9,Невыбираемость,Стимулятор,catalog_field,Cool1,,,,,,13
abilities,A0L9,Невыбираемость,Стимулятор,catalog_field,Cool2,,,,,,10
abilities,A0L9,Невыбираемость,Стимулятор,catalog_field,Cool3,,,,,,7
abilities,A0L9,Невыбираемость,Стимулятор,catalog_field,Cost1,,,,,,25
abilities,A0L9,Невыбираемость,Стимулятор,catalog_field,Cost2,,,,,,35
abilities,A0L9,Невыбираемость,Стимулятор,catalog_field,Cost3,,,,,,45
abilities,A0L9,Невыбираемость,Стимулятор,catalog_field,DataA1,,,,,_,
abilities,A0L9,Невыбираемость,Стимулятор,catalog_field,DataA4,,,,,,180
abilities,A0L9,Невыбираемость,Стимулятор,catalog_field,DataB1,,,,,9,
abilities,A0L9,Невыбираемость,Стимулятор,catalog_field,DataC1,,,,,,1
abilities,A0L9,Невыбираемость,Стимулятор,catalog_field,DataC2,,,,,,1
abilities,A0L9,Невыбираемость,Стимулятор,catalog_field,DataC3,,,,,,1
abilities,A0L9,Невыбираемость,Стимулятор,catalog_field,DataD4,,,,,,0.98
abilities,A0L9,Невыбираемость,Стимулятор,catalog_field,DataE4,,,,,,1
abilities,A0L9,Невыбираемость,Стимулятор,catalog_field,DataF1,,,,,,fanofknives
abilities,A0L9,Невыбираемость,Стимулятор,catalog_field,DataF2,,,,,,fanofknives
abilities,A0L9,Невыбираемость,Стимулятор,catalog_field,DataF3,,,,,,fanofknives
abilities,A0L9,Невыбираемость,Стимулятор,catalog_field,Rng1,,,,,,500
abilities,A0L9,Невыбираемость,Стимулятор,catalog_field,Rng2,,,,,,500
abilities,A0L9,Невыбираемость,Стимулятор,catalog_field,Rng3,,,,,,500
abilities,A0L9,Невыбираемость,Стимулятор,catalog_field,Rng4,,,,,,500
abilities,A0L9,Невыбираемость,Стимулятор,catalog_field,levels,,,,,1,3
abilities,A0L9,Невыбираемость,Стимулятор,catalog_field,reqLevel,,,,,,2
abilities,A0LA,Удap гpoмa ,Морское проклятие,catalog_field,Area1,,,,,250,
abilities,A0LA,Удap гpoмa ,Морское проклятие,catalog_field,Area2,,,,,300,
abilities,A0LA,Удap гpoмa ,Морское проклятие,catalog_field,Area3,,,,,350,
abilities,A0LA,Удap гpoмa ,Морское проклятие,catalog_field,Area4,,,,,350,
abilities,A0LA,Удap гpoмa ,Морское проклятие,catalog_field,Casterart,,,,,,
abilities,A0LA,Удap гpoмa ,Морское проклятие,catalog_field,Casterattach,,,,,origin,
abilities,A0LA,Удap гpoмa ,Морское проклятие,catalog_field,Cool4,,,,,6,
abilities,A0LA,Удap гpoмa ,Морское проклятие,catalog_field,Cost4,,,,,90,
abilities,A0LA,Удap гpoмa ,Морское проклятие,catalog_field,DataA4,,,,,150,
abilities,A0LA,Удap гpoмa ,Морское проклятие,catalog_field,DataC1,,,,,0.3,
abilities,A0LA,Удap гpoмa ,Морское проклятие,catalog_field,DataC2,,,,,0.45,
abilities,A0LA,Удap гpoмa ,Морское проклятие,catalog_field,DataC3,,,,,0.6,
abilities,A0LA,Удap гpoмa ,Морское проклятие,catalog_field,DataC4,,,,,0.5,
abilities,A0LA,Удap гpoмa ,Морское проклятие,catalog_field,DataD1,,,,,0.3,
abilities,A0LA,Удap гpoмa ,Морское проклятие,catalog_field,DataD2,,,,,0.45,
abilities,A0LA,Удap гpoмa ,Морское проклятие,catalog_field,DataD3,,,,,0.6,
abilities,A0LA,Удap гpoмa ,Морское проклятие,catalog_field,DataD4,,,,,0.5,
abilities,A0LA,Удap гpoмa ,Морское проклятие,catalog_field,Dur1,,,,,3,
abilities,A0LA,Удap гpoмa ,Морское проклятие,catalog_field,Dur2,,,,,3,
abilities,A0LA,Удap гpoмa ,Морское проклятие,catalog_field,Dur3,,,,,3,
abilities,A0LA,Удap гpoмa ,Морское проклятие,catalog_field,Dur4,,,,,5,
abilities,A0LA,Удap гpoмa ,Морское проклятие,catalog_field,HeroDur1,,,,,3,
abilities,A0LA,Удap гpoмa ,Морское проклятие,catalog_field,HeroDur2,,,,,3,
abilities,A0LA,Удap гpoмa ,Морское проклятие,catalog_field,HeroDur3,,,,,3,
abilities,A0LA,Удap гpoмa ,Морское проклятие,catalog_field,HeroDur4,,,,,3,
abilities,A0LA,Удap гpoмa ,Морское проклятие,catalog_field,levels,,,,,3,1
abilities,A0LA,Удap гpoмa ,Морское проклятие,catalog_field,reqLevel,,,,,1,2
abilities,A0LC,Веер стрел,Веер Стрел,catalog_field,Cool1,,,,,9,40
abilities,A0LC,Веер стрел,Веер Стрел,catalog_field,Cool2,,,,,7,35
abilities,A0LC,Веер стрел,Веер Стрел,catalog_field,Cool3,,,,,5,30
abilities,A0LC,Веер стрел,Веер Стрел,catalog_field,Cost1,,,,,50,80
abilities,A0LC,Веер стрел,Веер Стрел,catalog_field,Cost2,,,,,55,100
abilities,A0LC,Веер стрел,Веер Стрел,catalog_field,Cost3,,,,,60,120
abilities,A0LC,Веер стрел,Веер Стрел,catalog_field,DataC1,,,,,9,1
abilities,A0LC,Веер стрел,Веер Стрел,catalog_field,DataC2,,,,,9,1
abilities,A0LC,Веер стрел,Веер Стрел,catalog_field,DataC3,,,,,9,1
abilities,A0LC,Веер стрел,Веер Стрел,catalog_field,DataF1,,,,,shockwave,cloudoffog
abilities,A0LC,Веер стрел,Веер Стрел,catalog_field,DataF2,,,,,shockwave,cloudoffog
abilities,A0LC,Веер стрел,Веер Стрел,catalog_field,DataF3,,,,,shockwave,cloudoffog
abilities,A0LC,Веер стрел,Веер Стрел,catalog_field,reqLevel,,,,,1,5
abilities,A0LD,Стальной град,Стальной град,catalog_field,Cool1,,,,,60,16
abilities,A0LD,Стальной град,Стальной град,catalog_field,Cool2,,,,,50,12
abilities,A0LD,Стальной град,Стальной град,catalog_field,Cool3,,,,,40,8
abilities,A0LD,Стальной град,Стальной град,catalog_field,Cost1,,,,,80,50
abilities,A0LD,Стальной град,Стальной град,catalog_field,Cost2,,,,,100,55
abilities,A0LD,Стальной град,Стальной град,catalog_field,Cost3,,,,,120,60
abilities,A0LD,Стальной град,Стальной град,catalog_field,DataC1,,,,,1,9
abilities,A0LD,Стальной град,Стальной град,catalog_field,DataC2,,,,,1,9
abilities,A0LD,Стальной град,Стальной град,catalog_field,DataC3,,,,,1,9
abilities,A0LD,Стальной град,Стальной град,catalog_field,Rng1,,,,,1000,700
abilities,A0LD,Стальной град,Стальной град,catalog_field,Rng2,,,,,1000,700
abilities,A0LD,Стальной град,Стальной град,catalog_field,Rng3,,,,,1000,700
abilities,A0LD,Стальной град,Стальной град,catalog_field,reqLevel,,,,,5,1
abilities,A0LI,Живая бомба,Живая бомба,catalog_field,Cool1,,,,,24,20
abilities,A0LI,Живая бомба,Живая бомба,catalog_field,Cool2,,,,,22,20
abilities,A0LJ,Боевой пыл,Боевой пыл,catalog_field,DataA1,,,,,,0.04
abilities,A0LJ,Боевой пыл,Боевой пыл,catalog_field,DataA2,,,,,,0.08
abilities,A0LJ,Боевой пыл,Боевой пыл,catalog_field,DataA3,,,,,,0.12
abilities,A0LJ,Боевой пыл,Боевой пыл,catalog_field,DataB2,,,,,,4
abilities,A0LJ,Боевой пыл,Боевой пыл,catalog_field,DataB3,,,,,,6
abilities,A0LJ,Боевой пыл,Боевой пыл,catalog_field,DataC2,,,,,,500
abilities,A0LJ,Боевой пыл,Боевой пыл,catalog_field,DataC3,,,,,,500
abilities,A0LJ,Боевой пыл,Боевой пыл,catalog_field,DataD1,,,,,3,
abilities,A0LJ,Боевой пыл,Боевой пыл,catalog_field,Dur2,,,,,,5
abilities,A0LJ,Боевой пыл,Боевой пыл,catalog_field,Dur3,,,,,,5
abilities,A0LJ,Боевой пыл,Боевой пыл,catalog_field,HeroDur2,,,,,,5
abilities,A0LJ,Боевой пыл,Боевой пыл,catalog_field,HeroDur3,,,,,,5
abilities,A0LJ,Боевой пыл,Боевой пыл,catalog_field,Rng2,,,,,,9000
abilities,A0LJ,Боевой пыл,Боевой пыл,catalog_field,Rng3,,,,,,9000
abilities,A0LK,Боевой пыл,Боевой пыл,catalog_field,DataA1,,,,,,0.08
abilities,A0LK,Боевой пыл,Боевой пыл,catalog_field,DataA2,,,,,,0.12
abilities,A0LK,Боевой пыл,Боевой пыл,catalog_field,DataA3,,,,,,0.24
abilities,A0LK,Боевой пыл,Боевой пыл,catalog_field,DataB2,,,,,,8
abilities,A0LK,Боевой пыл,Боевой пыл,catalog_field,DataB3,,,,,,12
abilities,A0LK,Боевой пыл,Боевой пыл,catalog_field,DataC2,,,,,,500
abilities,A0LK,Боевой пыл,Боевой пыл,catalog_field,DataC3,,,,,,500
abilities,A0LK,Боевой пыл,Боевой пыл,catalog_field,DataD1,,,,,6,
abilities,A0LK,Боевой пыл,Боевой пыл,catalog_field,Dur2,,,,,,5
abilities,A0LK,Боевой пыл,Боевой пыл,catalog_field,Dur3,,,,,,5
abilities,A0LK,Боевой пыл,Боевой пыл,catalog_field,HeroDur2,,,,,,5
abilities,A0LK,Боевой пыл,Боевой пыл,catalog_field,HeroDur3,,,,,,5
abilities,A0LK,Боевой пыл,Боевой пыл,catalog_field,Rng2,,,,,,9000
abilities,A0LK,Боевой пыл,Боевой пыл,catalog_field,Rng3,,,,,,9000
abilities,A0LL,Боевой пыл,Боевой пыл,catalog_field,DataA1,,,,,,0.12
abilities,A0LL,Боевой пыл,Боевой пыл,catalog_field,DataA2,,,,,,0.24
abilities,A0LL,Боевой пыл,Боевой пыл,catalog_field,DataA3,,,,,,0.36
abilities,A0LL,Боевой пыл,Боевой пыл,catalog_field,DataB2,,,,,,12
abilities,A0LL,Боевой пыл,Боевой пыл,catalog_field,DataB3,,,,,,18
abilities,A0LL,Боевой пыл,Боевой пыл,catalog_field,DataC2,,,,,,500
abilities,A0LL,Боевой пыл,Боевой пыл,catalog_field,DataC3,,,,,,500
abilities,A0LL,Боевой пыл,Боевой пыл,catalog_field,DataD1,,,,,9,
abilities,A0LL,Боевой пыл,Боевой пыл,catalog_field,Dur2,,,,,,5
abilities,A0LL,Боевой пыл,Боевой пыл,catalog_field,Dur3,,,,,,5
abilities,A0LL,Боевой пыл,Боевой пыл,catalog_field,HeroDur2,,,,,,5
abilities,A0LL,Боевой пыл,Боевой пыл,catalog_field,HeroDur3,,,,,,5
abilities,A0LL,Боевой пыл,Боевой пыл,catalog_field,Rng2,,,,,,9000
abilities,A0LL,Боевой пыл,Боевой пыл,catalog_field,Rng3,,,,,,9000
abilities,A0LM,Боевой пыл,Боевой пыл,catalog_field,DataA1,,,,,,0.08
abilities,A0LM,Боевой пыл,Боевой пыл,catalog_field,DataD1,,,,,6,
abilities,A0LN,Боевой пыл,Боевой пыл,catalog_field,DataA1,,,,,,0.16
abilities,A0LN,Боевой пыл,Боевой пыл,catalog_field,DataD1,,,,,12,
abilities,A0LO,Боевой пыл,Боевой пыл,catalog_field,DataA1,,,,,,0.24
abilities,A0LO,Боевой пыл,Боевой пыл,catalog_field,DataD1,,,,,18,
abilities,A0LP,Боевой пыл,Боевой пыл,catalog_field,DataA1,,,,,,0.12
abilities,A0LP,Боевой пыл,Боевой пыл,catalog_field,DataD1,,,,,9,
abilities,A0LQ,Боевой пыл,Боевой пыл,catalog_field,DataA1,,,,,,0.24
abilities,A0LQ,Боевой пыл,Боевой пыл,catalog_field,DataD1,,,,,18,
abilities,A0LR,Боевой пыл,Боевой пыл,catalog_field,DataA1,,,,,,0.36
abilities,A0LR,Боевой пыл,Боевой пыл,catalog_field,DataD1,,,,,27,
abilities,A0LS,Боевой пыл,Боевой пыл,catalog_field,DataE1,,,,,0.9,0.8
abilities,A0LS,Боевой пыл,Боевой пыл,catalog_field,DataE2,,,,,0.8,0.7
abilities,A0LS,Боевой пыл,Боевой пыл,catalog_field,DataE3,,,,,0.7,0.6
abilities,A0LT,Яростный удар,Яростный удар,catalog_field,Cost1,,,,,50,
abilities,A0LT,Яростный удар,Яростный удар,catalog_field,Cost2,,,,,50,
abilities,A0LT,Яростный удар,Яростный удар,catalog_field,Cost3,,,,,50,
abilities,A0LT,Яростный удар,Яростный удар,catalog_field,DataF1,,,,,flare,stomp
abilities,A0LT,Яростный удар,Яростный удар,catalog_field,DataF2,,,,,flare,stomp
abilities,A0LT,Яростный удар,Яростный удар,catalog_field,DataF3,,,,,flare,stomp
abilities,A0LV,Ожившие кошмары,Разрушительная месть,catalog_field,Area1,,,,,300,
abilities,A0LV,Ожившие кошмары,Разрушительная месть,catalog_field,Area2,,,,,350,
abilities,A0LV,Ожившие кошмары,Разрушительная месть,catalog_field,Area3,,,,,400,
abilities,A0LV,Ожившие кошмары,Разрушительная месть,catalog_field,Area4,,,,,900,
abilities,A0LV,Ожившие кошмары,Разрушительная месть,catalog_field,DataA4,,,,,2.25,10
abilities,A0LV,Ожившие кошмары,Разрушительная месть,catalog_field,DataB4,,,,,,5
abilities,A0LV,Ожившие кошмары,Разрушительная месть,catalog_field,DataD4,,,,,,0.2
abilities,A0LW,Зaщитa,Зaщитa,catalog_field,DataA1,,,,,-1,-35
abilities,A0LW,Зaщитa,Зaщитa,catalog_field,DataA2,,,,,-2,-70
abilities,A0LW,Зaщитa,Зaщитa,catalog_field,levels,,,,,1,2
abilities,A0LY,Гигантский прыжок,Гигантский прыжок,catalog_field,DataF1,,,,,curse,stomp
abilities,A0LY,Гигантский прыжок,Гигантский прыжок,catalog_field,DataF2,,,,,curse,stomp
abilities,A0LY,Гигантский прыжок,Гигантский прыжок,catalog_field,DataF3,,,,,curse,stomp
abilities,A0LZ,Королевская подмога,Иллюзии,catalog_field,Area1,,,,,200,100
abilities,A0LZ,Королевская подмога,Иллюзии,catalog_field,Area2,,,,,200,100
abilities,A0LZ,Королевская подмога,Иллюзии,catalog_field,DataA1,,,,,0.3,1.5
abilities,A0LZ,Королевская подмога,Иллюзии,catalog_field,DataA2,,,,,0.3,1.75
abilities,A0LZ,Королевская подмога,Иллюзии,catalog_field,DataB1,,,,,,1
abilities,A0LZ,Королевская подмога,Иллюзии,catalog_field,DataB2,,,,,,0.25
abilities,A0LZ,Королевская подмога,Иллюзии,catalog_field,Dur1,,,,,15,7
abilities,A0LZ,Королевская подмога,Иллюзии,catalog_field,Dur2,,,,,15,7
abilities,A0LZ,Королевская подмога,Иллюзии,catalog_field,HeroDur1,,,,,15,7
abilities,A0LZ,Королевская подмога,Иллюзии,catalog_field,HeroDur2,,,,,15,7
abilities,A0LZ,Королевская подмога,Иллюзии,catalog_field,Rng1,,,,,500,9000
abilities,A0LZ,Королевская подмога,Иллюзии,catalog_field,Rng2,,,,,500,9000
abilities,A0LZ,Королевская подмога,Иллюзии,catalog_field,levels,,,,,3,2
abilities,A0M0,Призыв в атаку,Гарпун,catalog_field,DataA1,,,,,0.4,0.5
abilities,A0M0,Призыв в атаку,Гарпун,catalog_field,DataB1,,,,,0.25,0.5
abilities,A0M0,Призыв в атаку,Гарпун,catalog_field,Rng1,,,,,99999,9000
abilities,A0M0,Призыв в атаку,Гарпун,catalog_field,levels,,,,,3,1
abilities,A0M1,Вaмпиpизм,Вaмпиpизм,catalog_field,DataA2,,,,,,0.05
abilities,A0M1,Вaмпиpизм,Вaмпиpизм,catalog_field,levels,,,,,1,2
abilities,A0MC,Аура Ветров,Аура Ветров,catalog_field,DataB1,,,,,0.15,0.2
abilities,A0MD,Сфера Льда,Лeдянaя aуpa,catalog_field,Area1,,,,,1000,700
abilities,A0MD,Сфера Льда,Лeдянaя aуpa,catalog_field,DataA1,,,,,0.1,
abilities,A0MD,Сфера Льда,Лeдянaя aуpa,catalog_field,DataB1,,,,,0.2,-0.1
abilities,A0ME,Ледянной меч,Стужа,catalog_field,DataA1,,,,,0.15,-0.1
abilities,A0ME,Ледянной меч,Стужа,catalog_field,DataB1,,,,,0.25,-0.15
abilities,A0MM,Прицельная атака,Прицельная атака,catalog_field,Area1,,,,,800,700
abilities,A0MM,Прицельная атака,Прицельная атака,catalog_field,Area2,,,,,800,700
abilities,A0MM,Прицельная атака,Прицельная атака,catalog_field,Area3,,,,,800,700
abilities,A0MN,Жгучая чешуя,Жгучая чешуя,catalog_field,Cost1,,,,,50,
abilities,A0MN,Жгучая чешуя,Жгучая чешуя,catalog_field,Cost2,,,,,100,
abilities,A0MN,Жгучая чешуя,Жгучая чешуя,catalog_field,Cost3,,,,,150,
abilities,A0MO,Кутни,Ловчий силок,catalog_field,DataF1,,,,,volcano,silence
abilities,A0MO,Кутни,Ловчий силок,catalog_field,DataF2,,,,,volcano,silence
abilities,A0MO,Кутни,Ловчий силок,catalog_field,DataF3,,,,,volcano,silence
abilities,A0MO,Кутни,Ловчий силок,catalog_field,reqLevel,,,,,1,2
abilities,A0MP,Прыжок чемпиона,Прыжок чемпиона,catalog_field,DataF1,,,,,unloadallinstant,cripple
abilities,A0MP,Прыжок чемпиона,Прыжок чемпиона,catalog_field,DataF2,,,,,unloadallinstant,cripple
abilities,A0MP,Прыжок чемпиона,Прыжок чемпиона,catalog_field,DataF3,,,,,unloadallinstant,cripple
abilities,A0MU,Inventory,Inventory,catalog_field,DataC1,,,,,1,
abilities,A0MW,Скорость,Режимы стрельбы,catalog_field,Casterart,,,,,,
abilities,A0MW,Скорость,Режимы стрельбы,catalog_field,Casterattach,,,,,,
abilities,A0MW,Скорость,Режимы стрельбы,catalog_field,DataA4,,,,,,180
abilities,A0MW,Скорость,Режимы стрельбы,catalog_field,DataD4,,,,,,0.98
abilities,A0MW,Скорость,Режимы стрельбы,catalog_field,DataE4,,,,,,1
abilities,A0MW,Скорость,Режимы стрельбы,catalog_field,DataF1,,,,,,_
abilities,A0MW,Скорость,Режимы стрельбы,catalog_field,Rng1,,,,,,500
abilities,A0MW,Скорость,Режимы стрельбы,catalog_field,Rng2,,,,,,500
abilities,A0MW,Скорость,Режимы стрельбы,catalog_field,Rng3,,,,,,500
abilities,A0MW,Скорость,Режимы стрельбы,catalog_field,Rng4,,,,,,500
abilities,A0MW,Скорость,Режимы стрельбы,catalog_field,levels,,,,,1,3
abilities,A0MW,Скорость,Режимы стрельбы,catalog_field,reqLevel,,,,,,2
abilities,A0MX,Чародейский барьер,Природный оплот,catalog_field,Casterattach,,,,,origin,
abilities,A0MX,Чародейский барьер,Природный оплот,catalog_field,Cool1,,,,,5,18
abilities,A0MX,Чародейский барьер,Природный оплот,catalog_field,Cool2,,,,,5,16
abilities,A0MX,Чародейский барьер,Природный оплот,catalog_field,Cool3,,,,,5,14
abilities,A0MX,Чародейский барьер,Природный оплот,catalog_field,Cost1,,,,,,50
abilities,A0MX,Чародейский барьер,Природный оплот,catalog_field,Cost2,,,,,,100
abilities,A0MX,Чародейский барьер,Природный оплот,catalog_field,Cost3,,,,,,150
abilities,A0MX,Чародейский барьер,Природный оплот,catalog_field,DataD1,,,,,,1
abilities,A0MX,Чародейский барьер,Природный оплот,catalog_field,DataD2,,,,,,1
abilities,A0MX,Чародейский барьер,Природный оплот,catalog_field,DataD3,,,,,,1
abilities,A0MY,Демоническая Печать,Демоническая Печать,catalog_field,DataF1,,,,,purge,cloudoffog
abilities,A0MY,Демоническая Печать,Демоническая Печать,catalog_field,DataF2,,,,,purge,cloudoffog
abilities,A0MY,Демоническая Печать,Демоническая Печать,catalog_field,DataF3,,,,,purge,cloudoffog
abilities,A0N1,Ритуал Призыва,Ритуал Призыва,catalog_field,Cool1,,,,,140,180
abilities,A0N1,Ритуал Призыва,Ритуал Призыва,catalog_field,Cool2,,,,,130,180
abilities,A0N1,Ритуал Призыва,Ритуал Призыва,catalog_field,Cool3,,,,,120,180
abilities,A0N1,Ритуал Призыва,Ритуал Призыва,catalog_field,DataF1,,,,,charm,silence
abilities,A0N1,Ритуал Призыва,Ритуал Призыва,catalog_field,DataF2,,,,,charm,silence
abilities,A0N1,Ритуал Призыва,Ритуал Призыва,catalog_field,DataF3,,,,,charm,silence
abilities,A0N3,Ритуал Призыва,Ритуал Призыва,catalog_field,Cool1,,,,,140,150
abilities,A0N3,Ритуал Призыва,Ритуал Призыва,catalog_field,Cool2,,,,,130,150
abilities,A0N3,Ритуал Призыва,Ритуал Призыва,catalog_field,Cool3,,,,,120,150
abilities,A0N3,Ритуал Призыва,Ритуал Призыва,catalog_field,DataF1,,,,,charm,silence
abilities,A0N3,Ритуал Призыва,Ритуал Призыва,catalog_field,DataF2,,,,,charm,silence
abilities,A0N3,Ритуал Призыва,Ритуал Призыва,catalog_field,DataF3,,,,,charm,silence
abilities,A0N5,Зомби,Кровавая жертва,catalog_field,Cool1,,,,,,10
abilities,A0N5,Зомби,Кровавая жертва,catalog_field,Cool2,,,,,,10
abilities,A0N5,Зомби,Кровавая жертва,catalog_field,Cool3,,,,,,10
abilities,A0NA,Одеяние фокусника,Скачок,catalog_field,Cool1,,,,,25,15
abilities,A0NA,Одеяние фокусника,Скачок,catalog_field,Cost1,,,,,200,90
abilities,A0NB,Фокус превращения,Фокус превращения,catalog_field,DataA1,,,,,10,25
abilities,A0NC,Фокус превращения,Фокус превращения,catalog_field,DataA1,,,,,10,25
abilities,A0NC,Фокус превращения,Фокус превращения,catalog_field,DataB1,,,,,nfro,"nsha,npng,nfro,nech,necr"
abilities,A0NC,Фокус превращения,Фокус превращения,catalog_field,DataC1,,,,,nfro,"nsha,npng,nfro,nech,necr"
abilities,A0NC,Фокус превращения,Фокус превращения,catalog_field,DataD1,,,,,nfro,"nsha,npng,nfro,nech,necr"
abilities,A0NC,Фокус превращения,Фокус превращения,catalog_field,DataE1,,,,,nfro,"nsha,npng,nfro,nech,necr"
abilities,A0NE,Огненное зелье,Защита Богов,catalog_field,Cool1,,,,,8,80
abilities,A0NE,Огненное зелье,Защита Богов,catalog_field,Cool2,,,,,8,70
abilities,A0NE,Огненное зелье,Защита Богов,catalog_field,Cool3,,,,,8,60
abilities,A0NE,Огненное зелье,Защита Богов,catalog_field,Cost1,,,,,70,150
abilities,A0NE,Огненное зелье,Защита Богов,catalog_field,Cost2,,,,,90,200
abilities,A0NE,Огненное зелье,Защита Богов,catalog_field,Cost3,,,,,110,250
abilities,A0NE,Огненное зелье,Защита Богов,catalog_field,DataB1,,,,,3,
abilities,A0NE,Огненное зелье,Защита Богов,catalog_field,DataB2,,,,,3,
abilities,A0NE,Огненное зелье,Защита Богов,catalog_field,DataB3,,,,,3,
abilities,A0NE,Огненное зелье,Защита Богов,catalog_field,DataD1,,,,,0.35,
abilities,A0NE,Огненное зелье,Защита Богов,catalog_field,DataD2,,,,,0.35,
abilities,A0NE,Огненное зелье,Защита Богов,catalog_field,DataD3,,,,,0.35,
abilities,A0NE,Огненное зелье,Защита Богов,catalog_field,DataF1,,,,,barkskin,roar
abilities,A0NE,Огненное зелье,Защита Богов,catalog_field,DataF2,,,,,barkskin,roar
abilities,A0NE,Огненное зелье,Защита Богов,catalog_field,DataF3,,,,,barkskin,roar
abilities,A0NE,Огненное зелье,Защита Богов,catalog_field,Rng1,,,,,500,900
abilities,A0NE,Огненное зелье,Защита Богов,catalog_field,Rng2,,,,,500,900
abilities,A0NE,Огненное зелье,Защита Богов,catalog_field,Rng3,,,,,500,900
abilities,A0NE,Огненное зелье,Защита Богов,catalog_field,reqLevel,,,,,1,5
abilities,A0NG,Зелье скорости,Зелье ярости,catalog_field,Cost1,,,,,50,80
abilities,A0NG,Зелье скорости,Зелье ярости,catalog_field,Cost2,,,,,70,110
abilities,A0NG,Зелье скорости,Зелье ярости,catalog_field,Cost3,,,,,90,140
abilities,A0NG,Зелье скорости,Зелье ярости,catalog_field,DataD1,,,,,0.35,0.2
abilities,A0NG,Зелье скорости,Зелье ярости,catalog_field,DataD2,,,,,0.35,0.2
abilities,A0NG,Зелье скорости,Зелье ярости,catalog_field,DataD3,,,,,0.35,0.2
abilities,A0NG,Зелье скорости,Зелье ярости,catalog_field,DataF1,,,,,ambush,cloudoffog
abilities,A0NG,Зелье скорости,Зелье ярости,catalog_field,DataF2,,,,,ambush,cloudoffog
abilities,A0NG,Зелье скорости,Зелье ярости,catalog_field,DataF3,,,,,ambush,cloudoffog
abilities,A0NH,Зелье скорости,Зелье скорости,catalog_field,DataA1,,,,,75,
abilities,A0NH,Зелье скорости,Зелье скорости,catalog_field,DataA2,,,,,150,
abilities,A0NH,Зелье скорости,Зелье скорости,catalog_field,DataA3,,,,,300,
abilities,A0NH,Зелье скорости,Зелье скорости,catalog_field,levels,,,,,3,1
abilities,A0NI,Cкopocть бoя,Cкopocть бoя,catalog_field,DataA3,,,,,0.5,0.65
abilities,A0NI,Cкopocть бoя,Cкopocть бoя,catalog_field,DataA4,,,,,,1
abilities,A0NI,Cкopocть бoя,Cкopocть бoя,catalog_field,levels,,,,,7,4
abilities,A0NJ,Единство,Побочный Эффект,catalog_field,reqLevel,,,,,2,5
abilities,A0NP,Безумный ученый,Безумный ученый,catalog_field,DataC1,,,,,"A0WR,A0WS","A0NO,A0NJ"
abilities,A0NP,Безумный ученый,Безумный ученый,catalog_field,DataD1,,,,,"A0NG,A0NR",_
abilities,A0NQ,Огненное зелье,Заморозка,catalog_field,Cool1,,,,,8,18
abilities,A0NQ,Огненное зелье,Заморозка,catalog_field,Cool2,,,,,8,12
abilities,A0NQ,Огненное зелье,Заморозка,catalog_field,Cool3,,,,,8,6
abilities,A0NQ,Огненное зелье,Заморозка,catalog_field,Cost1,,,,,140,100
abilities,A0NQ,Огненное зелье,Заморозка,catalog_field,Cost2,,,,,180,125
abilities,A0NQ,Огненное зелье,Заморозка,catalog_field,Cost3,,,,,220,150
abilities,A0NQ,Огненное зелье,Заморозка,catalog_field,DataB1,,,,,3,
abilities,A0NQ,Огненное зелье,Заморозка,catalog_field,DataB2,,,,,3,
abilities,A0NQ,Огненное зелье,Заморозка,catalog_field,DataB3,,,,,3,
abilities,A0NQ,Огненное зелье,Заморозка,catalog_field,DataD1,,,,,0.35,
abilities,A0NQ,Огненное зелье,Заморозка,catalog_field,DataD2,,,,,0.35,
abilities,A0NQ,Огненное зелье,Заморозка,catalog_field,DataD3,,,,,0.35,
abilities,A0NQ,Огненное зелье,Заморозка,catalog_field,reqLevel,,,,,1,2
abilities,A0NR,Зелье скорости,Магическое зелье,catalog_field,Cool1,,,,,12,8
abilities,A0NR,Зелье скорости,Магическое зелье,catalog_field,Cool2,,,,,12,8
abilities,A0NR,Зелье скорости,Магическое зелье,catalog_field,Cool3,,,,,12,8
abilities,A0NR,Зелье скорости,Магическое зелье,catalog_field,Cost1,,,,,100,80
abilities,A0NR,Зелье скорости,Магическое зелье,catalog_field,Cost2,,,,,140,100
abilities,A0NR,Зелье скорости,Магическое зелье,catalog_field,Cost3,,,,,180,120
abilities,A0NR,Зелье скорости,Магическое зелье,catalog_field,DataB1,,,,,3,
abilities,A0NR,Зелье скорости,Магическое зелье,catalog_field,DataB2,,,,,3,
abilities,A0NR,Зелье скорости,Магическое зелье,catalog_field,DataB3,,,,,3,
abilities,A0NR,Зелье скорости,Магическое зелье,catalog_field,DataD1,,,,,0.35,
abilities,A0NR,Зелье скорости,Магическое зелье,catalog_field,DataD2,,,,,0.35,
abilities,A0NR,Зелье скорости,Магическое зелье,catalog_field,DataD3,,,,,0.35,
abilities,A0NR,Зелье скорости,Магическое зелье,catalog_field,DataF1,,,,,ambush,roar
abilities,A0NR,Зелье скорости,Магическое зелье,catalog_field,DataF2,,,,,ambush,roar
abilities,A0NR,Зелье скорости,Магическое зелье,catalog_field,DataF3,,,,,ambush,roar
abilities,A0NR,Зелье скорости,Магическое зелье,catalog_field,Rng1,,,,,600,
abilities,A0NR,Зелье скорости,Магическое зелье,catalog_field,Rng2,,,,,600,
abilities,A0NR,Зелье скорости,Магическое зелье,catalog_field,Rng3,,,,,600,
abilities,A0NR,Зелье скорости,Магическое зелье,catalog_field,reqLevel,,,,,2,1
abilities,A0NS,Стихия Огня,Высвободить,catalog_field,Cool1,,,,,,1
abilities,A0NS,Стихия Огня,Высвободить,catalog_field,Dur2,,,,,0.01,
abilities,A0NS,Стихия Огня,Высвободить,catalog_field,Dur3,,,,,0.01,
abilities,A0NS,Стихия Огня,Высвободить,catalog_field,HeroDur2,,,,,0.01,
abilities,A0NS,Стихия Огня,Высвободить,catalog_field,HeroDur3,,,,,0.01,
abilities,A0NS,Стихия Огня,Высвободить,catalog_field,levels,,,,,6,1
abilities,A0NT,Стихия Ветра,Искоренение,catalog_field,Area1,,,,,,150
abilities,A0NT,Стихия Ветра,Искоренение,catalog_field,Area2,,,,,,150
abilities,A0NT,Стихия Ветра,Искоренение,catalog_field,Area3,,,,,,150
abilities,A0NT,Стихия Ветра,Искоренение,catalog_field,Cool1,,,,,,12
abilities,A0NT,Стихия Ветра,Искоренение,catalog_field,Cool2,,,,,,12
abilities,A0NT,Стихия Ветра,Искоренение,catalog_field,Cool3,,,,,,12
abilities,A0NT,Стихия Ветра,Искоренение,catalog_field,Cool4,,,,,5,
abilities,A0NT,Стихия Ветра,Искоренение,catalog_field,Cost1,,,,,,80
abilities,A0NT,Стихия Ветра,Искоренение,catalog_field,Cost2,,,,,,100
abilities,A0NT,Стихия Ветра,Искоренение,catalog_field,Cost3,,,,,,120
abilities,A0NT,Стихия Ветра,Искоренение,catalog_field,Cost4,,,,,75,
abilities,A0NT,Стихия Ветра,Искоренение,catalog_field,DataA1,,,,,300,
abilities,A0NT,Стихия Ветра,Искоренение,catalog_field,DataA2,,,,,300,
abilities,A0NT,Стихия Ветра,Искоренение,catalog_field,DataA3,,,,,300,
abilities,A0NT,Стихия Ветра,Искоренение,catalog_field,DataA4,,,,,0.6,
abilities,A0NT,Стихия Ветра,Искоренение,catalog_field,DataB4,,,,,0.7,
abilities,A0NT,Стихия Ветра,Искоренение,catalog_field,DataC4,,,,,100,
abilities,A0NT,Стихия Ветра,Искоренение,catalog_field,DataD4,,,,,1,
abilities,A0NT,Стихия Ветра,Искоренение,catalog_field,Dur4,,,,,60,
abilities,A0NT,Стихия Ветра,Искоренение,catalog_field,HeroDur4,,,,,60,
abilities,A0NT,Стихия Ветра,Искоренение,catalog_field,Rng1,,,,,,700
abilities,A0NT,Стихия Ветра,Искоренение,catalog_field,Rng2,,,,,,700
abilities,A0NT,Стихия Ветра,Искоренение,catalog_field,Rng3,,,,,,700
abilities,A0NT,Стихия Ветра,Искоренение,catalog_field,levels,,,,,6,3
abilities,A0NU,Стихия Земли,Пучок света,catalog_field,Casterart,,,,,,
abilities,A0NU,Стихия Земли,Пучок света,catalog_field,Casterattach,,,,,,
abilities,A0NU,Стихия Земли,Пучок света,catalog_field,Cool1,,,,,,12
abilities,A0NU,Стихия Земли,Пучок света,catalog_field,Cool2,,,,,,12
abilities,A0NU,Стихия Земли,Пучок света,catalog_field,Cool3,,,,,,12
abilities,A0NU,Стихия Земли,Пучок света,catalog_field,Cool4,,,,,65,
abilities,A0NU,Стихия Земли,Пучок света,catalog_field,Cost1,,,,,,110
abilities,A0NU,Стихия Земли,Пучок света,catalog_field,Cost2,,,,,,130
abilities,A0NU,Стихия Земли,Пучок света,catalog_field,Cost3,,,,,,150
abilities,A0NU,Стихия Земли,Пучок света,catalog_field,Cost4,,,,,25,
abilities,A0NU,Стихия Земли,Пучок света,catalog_field,DataA4,,,,,,180
abilities,A0NU,Стихия Земли,Пучок света,catalog_field,DataB1,,,,,,2
abilities,A0NU,Стихия Земли,Пучок света,catalog_field,DataB2,,,,,,2
abilities,A0NU,Стихия Земли,Пучок света,catalog_field,DataB3,,,,,,2
abilities,A0NU,Стихия Земли,Пучок света,catalog_field,DataC1,,,,,,9
abilities,A0NU,Стихия Земли,Пучок света,catalog_field,DataC2,,,,,,9
abilities,A0NU,Стихия Земли,Пучок света,catalog_field,DataC3,,,,,,9
abilities,A0NU,Стихия Земли,Пучок света,catalog_field,DataD4,,,,,,0.98
abilities,A0NU,Стихия Земли,Пучок света,catalog_field,DataE4,,,,,,1
abilities,A0NU,Стихия Земли,Пучок света,catalog_field,DataF1,,,,,,tornado
abilities,A0NU,Стихия Земли,Пучок света,catalog_field,DataF2,,,,,,tornado
abilities,A0NU,Стихия Земли,Пучок света,catalog_field,DataF3,,,,,,tornado
abilities,A0NU,Стихия Земли,Пучок света,catalog_field,Dur1,,,,,0.01,
abilities,A0NU,Стихия Земли,Пучок света,catalog_field,Dur2,,,,,0.01,
abilities,A0NU,Стихия Земли,Пучок света,catalog_field,Dur3,,,,,0.01,
abilities,A0NU,Стихия Земли,Пучок света,catalog_field,Dur4,,,,,45,
abilities,A0NU,Стихия Земли,Пучок света,catalog_field,HeroDur1,,,,,0.01,
abilities,A0NU,Стихия Земли,Пучок света,catalog_field,HeroDur2,,,,,0.01,
abilities,A0NU,Стихия Земли,Пучок света,catalog_field,HeroDur3,,,,,0.01,
abilities,A0NU,Стихия Земли,Пучок света,catalog_field,HeroDur4,,,,,45,
abilities,A0NU,Стихия Земли,Пучок света,catalog_field,Rng1,,,,,,700
abilities,A0NU,Стихия Земли,Пучок света,catalog_field,Rng2,,,,,,700
abilities,A0NU,Стихия Земли,Пучок света,catalog_field,Rng3,,,,,,700
abilities,A0NU,Стихия Земли,Пучок света,catalog_field,Rng4,,,,,,500
abilities,A0NU,Стихия Земли,Пучок света,catalog_field,levels,,,,,6,3
abilities,A0NU,Стихия Земли,Пучок света,catalog_field,reqLevel,,,,,1,2
abilities,A0NV,Кутни,Кутни,catalog_field,Area1,,,,,200,
abilities,A0NV,Кутни,Кутни,catalog_field,Area2,,,,,200,
abilities,A0NV,Кутни,Кутни,catalog_field,Area3,,,,,200,
abilities,A0NW,Достижения,Электро Выстрел,catalog_field,Casterart,,,,,,
abilities,A0NW,Достижения,Электро Выстрел,catalog_field,Casterattach,,,,,,
abilities,A0NW,Достижения,Электро Выстрел,catalog_field,Cool1,,,,,,75
abilities,A0NW,Достижения,Электро Выстрел,catalog_field,Cool2,,,,,,75
abilities,A0NW,Достижения,Электро Выстрел,catalog_field,Cool3,,,,,,75
abilities,A0NW,Достижения,Электро Выстрел,catalog_field,Cost1,,,,,,75
abilities,A0NW,Достижения,Электро Выстрел,catalog_field,Cost2,,,,,,100
abilities,A0NW,Достижения,Электро Выстрел,catalog_field,Cost3,,,,,,125
abilities,A0NW,Достижения,Электро Выстрел,catalog_field,DataA1,,,,,"A0XB,A0XD,A0XF,A0XH,A0XJ,A0XL,A0XN,A0XP",
abilities,A0NW,Достижения,Электро Выстрел,catalog_field,DataA4,,,,,,180
abilities,A0NW,Достижения,Электро Выстрел,catalog_field,DataB1,,,,,1,2
abilities,A0NW,Достижения,Электро Выстрел,catalog_field,DataB2,,,,,,2
abilities,A0NW,Достижения,Электро Выстрел,catalog_field,DataB3,,,,,,2
abilities,A0NW,Достижения,Электро Выстрел,catalog_field,DataC1,,,,,8,9
abilities,A0NW,Достижения,Электро Выстрел,catalog_field,DataC2,,,,,,9
abilities,A0NW,Достижения,Электро Выстрел,catalog_field,DataC3,,,,,,9
abilities,A0NW,Достижения,Электро Выстрел,catalog_field,DataD1,,,,,8,
abilities,A0NW,Достижения,Электро Выстрел,catalog_field,DataD4,,,,,,0.98
abilities,A0NW,Достижения,Электро Выстрел,catalog_field,DataE1,,,,,spellbook,
abilities,A0NW,Достижения,Электро Выстрел,catalog_field,DataE4,,,,,,1
abilities,A0NW,Достижения,Электро Выстрел,catalog_field,DataF1,,,,,,tornado
abilities,A0NW,Достижения,Электро Выстрел,catalog_field,DataF2,,,,,,tornado
abilities,A0NW,Достижения,Электро Выстрел,catalog_field,DataF3,,,,,,tornado
abilities,A0NW,Достижения,Электро Выстрел,catalog_field,Rng1,,,,,,1500
abilities,A0NW,Достижения,Электро Выстрел,catalog_field,Rng2,,,,,,1500
abilities,A0NW,Достижения,Электро Выстрел,catalog_field,Rng3,,,,,,1500
abilities,A0NW,Достижения,Электро Выстрел,catalog_field,Rng4,,,,,,500
abilities,A0NW,Достижения,Электро Выстрел,catalog_field,levels,,,,,1,3
abilities,A0NW,Достижения,Электро Выстрел,catalog_field,reqLevel,,,,,,5
abilities,A0NY,Инфекция,Паутинная пряжа,catalog_field,Area1,,,,,200,300
abilities,A0NY,Инфекция,Паутинная пряжа,catalog_field,Area2,,,,,200,300
abilities,A0NY,Инфекция,Паутинная пряжа,catalog_field,Area3,,,,,200,300
abilities,A0NY,Инфекция,Паутинная пряжа,catalog_field,Cool1,,,,,18,20
abilities,A0NY,Инфекция,Паутинная пряжа,catalog_field,Cool2,,,,,18,20
abilities,A0NY,Инфекция,Паутинная пряжа,catalog_field,Cool3,,,,,18,20
abilities,A0NY,Инфекция,Паутинная пряжа,catalog_field,Cost1,,,,,80,40
abilities,A0NY,Инфекция,Паутинная пряжа,catalog_field,Cost2,,,,,90,60
abilities,A0NY,Инфекция,Паутинная пряжа,catalog_field,Cost3,,,,,100,80
abilities,A0NY,Инфекция,Паутинная пряжа,catalog_field,DataF1,,,,,cannibalize,silence
abilities,A0NY,Инфекция,Паутинная пряжа,catalog_field,DataF2,,,,,cannibalize,silence
abilities,A0NY,Инфекция,Паутинная пряжа,catalog_field,DataF3,,,,,cannibalize,silence
abilities,A0NY,Инфекция,Паутинная пряжа,catalog_field,Rng1,,,,,700,500
abilities,A0NY,Инфекция,Паутинная пряжа,catalog_field,Rng2,,,,,700,500
abilities,A0NY,Инфекция,Паутинная пряжа,catalog_field,Rng3,,,,,700,500
abilities,A0NY,Инфекция,Паутинная пряжа,catalog_field,reqLevel,,,,,1,2
abilities,A0NZ,Метеор,Силовой рывок,catalog_field,Area1,,,,,300,
abilities,A0NZ,Метеор,Силовой рывок,catalog_field,Cool1,,,,,25,15
abilities,A0NZ,Метеор,Силовой рывок,catalog_field,Cool2,,,,,45,13
abilities,A0NZ,Метеор,Силовой рывок,catalog_field,Cool3,,,,,30,11
abilities,A0NZ,Метеор,Силовой рывок,catalog_field,Cost1,,,,,150,50
abilities,A0NZ,Метеор,Силовой рывок,catalog_field,Cost2,,,,,60,65
abilities,A0NZ,Метеор,Силовой рывок,catalog_field,Cost3,,,,,30,80
abilities,A0NZ,Метеор,Силовой рывок,catalog_field,DataB1,,,,,2,3
abilities,A0NZ,Метеор,Силовой рывок,catalog_field,DataB2,,,,,,3
abilities,A0NZ,Метеор,Силовой рывок,catalog_field,DataB3,,,,,,3
abilities,A0NZ,Метеор,Силовой рывок,catalog_field,DataC1,,,,,3,9
abilities,A0NZ,Метеор,Силовой рывок,catalog_field,DataC2,,,,,1,9
abilities,A0NZ,Метеор,Силовой рывок,catalog_field,DataC3,,,,,1,9
abilities,A0NZ,Метеор,Силовой рывок,catalog_field,DataD1,,,,,,0.35
abilities,A0NZ,Метеор,Силовой рывок,catalog_field,DataD2,,,,,,0.35
abilities,A0NZ,Метеор,Силовой рывок,catalog_field,DataD3,,,,,,0.35
abilities,A0NZ,Метеор,Силовой рывок,catalog_field,DataF1,,,,,manaburn,cloudoffog
abilities,A0NZ,Метеор,Силовой рывок,catalog_field,DataF2,,,,,cannibalize,cloudoffog
abilities,A0NZ,Метеор,Силовой рывок,catalog_field,DataF3,,,,,cannibalize,cloudoffog
abilities,A0NZ,Метеор,Силовой рывок,catalog_field,Rng1,,,,,700,600
abilities,A0NZ,Метеор,Силовой рывок,catalog_field,Rng2,,,,,500,600
abilities,A0NZ,Метеор,Силовой рывок,catalog_field,Rng3,,,,,500,600
abilities,A0NZ,Метеор,Силовой рывок,catalog_field,levels,,,,,1,3
abilities,A0O0,Булыжник,Рикошет,catalog_field,Cool2,,,,,45,14
abilities,A0O0,Булыжник,Рикошет,catalog_field,Cool3,,,,,30,13
abilities,A0O0,Булыжник,Рикошет,catalog_field,Cost1,,,,,125,40
abilities,A0O0,Булыжник,Рикошет,catalog_field,Cost3,,,,,30,80
abilities,A0O0,Булыжник,Рикошет,catalog_field,DataB1,,,,,2,1
abilities,A0O0,Булыжник,Рикошет,catalog_field,DataB2,,,,,,1
abilities,A0O0,Булыжник,Рикошет,catalog_field,DataB3,,,,,,1
abilities,A0O0,Булыжник,Рикошет,catalog_field,DataC1,,,,,1,9
abilities,A0O0,Булыжник,Рикошет,catalog_field,DataC2,,,,,1,9
abilities,A0O0,Булыжник,Рикошет,catalog_field,DataC3,,,,,1,9
abilities,A0O0,Булыжник,Рикошет,catalog_field,DataF1,,,,,battleroar,cripple
abilities,A0O0,Булыжник,Рикошет,catalog_field,DataF2,,,,,cannibalize,cripple
abilities,A0O0,Булыжник,Рикошет,catalog_field,DataF3,,,,,cannibalize,cripple
abilities,A0O0,Булыжник,Рикошет,catalog_field,Rng1,,,,,800,700
abilities,A0O0,Булыжник,Рикошет,catalog_field,Rng2,,,,,500,700
abilities,A0O0,Булыжник,Рикошет,catalog_field,Rng3,,,,,500,700
abilities,A0O0,Булыжник,Рикошет,catalog_field,levels,,,,,1,3
abilities,A0O0,Булыжник,Рикошет,catalog_field,reqLevel,,,,,1,2
abilities,A0O2,Торнадо,Клубок разрушения,catalog_field,Area1,,,,,200,
abilities,A0O2,Торнадо,Клубок разрушения,catalog_field,Cool1,,,,,20,18
abilities,A0O2,Торнадо,Клубок разрушения,catalog_field,Cool2,,,,,45,16
abilities,A0O2,Торнадо,Клубок разрушения,catalog_field,Cool3,,,,,30,14
abilities,A0O2,Торнадо,Клубок разрушения,catalog_field,Cost1,,,,,150,70
abilities,A0O2,Торнадо,Клубок разрушения,catalog_field,Cost2,,,,,60,80
abilities,A0O2,Торнадо,Клубок разрушения,catalog_field,Cost3,,,,,30,90
abilities,A0O2,Торнадо,Клубок разрушения,catalog_field,DataB1,,,,,2,3
abilities,A0O2,Торнадо,Клубок разрушения,catalog_field,DataB2,,,,,,3
abilities,A0O2,Торнадо,Клубок разрушения,catalog_field,DataB3,,,,,,3
abilities,A0O2,Торнадо,Клубок разрушения,catalog_field,DataC1,,,,,3,9
abilities,A0O2,Торнадо,Клубок разрушения,catalog_field,DataC2,,,,,1,9
abilities,A0O2,Торнадо,Клубок разрушения,catalog_field,DataC3,,,,,1,9
abilities,A0O2,Торнадо,Клубок разрушения,catalog_field,DataF1,,,,,vengeance,cloudoffog
abilities,A0O2,Торнадо,Клубок разрушения,catalog_field,DataF2,,,,,cannibalize,cloudoffog
abilities,A0O2,Торнадо,Клубок разрушения,catalog_field,DataF3,,,,,cannibalize,cloudoffog
abilities,A0O2,Торнадо,Клубок разрушения,catalog_field,Rng1,,,,,700,500
abilities,A0O2,Торнадо,Клубок разрушения,catalog_field,levels,,,,,1,3
abilities,A0O3,Элементаль,Столпы Цинь Ши Цзяо,catalog_field,Area1,,,,,200,
abilities,A0O3,Элементаль,Столпы Цинь Ши Цзяо,catalog_field,Cool1,,,,,30,90
abilities,A0O3,Элементаль,Столпы Цинь Ши Цзяо,catalog_field,Cool2,,,,,45,80
abilities,A0O3,Элементаль,Столпы Цинь Ши Цзяо,catalog_field,Cool3,,,,,30,70
abilities,A0O3,Элементаль,Столпы Цинь Ши Цзяо,catalog_field,Cost1,,,,,100,80
abilities,A0O3,Элементаль,Столпы Цинь Ши Цзяо,catalog_field,Cost2,,,,,60,110
abilities,A0O3,Элементаль,Столпы Цинь Ши Цзяо,catalog_field,Cost3,,,,,30,140
abilities,A0O3,Элементаль,Столпы Цинь Ши Цзяо,catalog_field,DataF1,,,,,earthquake,roar
abilities,A0O3,Элементаль,Столпы Цинь Ши Цзяо,catalog_field,DataF2,,,,,cannibalize,roar
abilities,A0O3,Элементаль,Столпы Цинь Ши Цзяо,catalog_field,DataF3,,,,,cannibalize,roar
abilities,A0O3,Элементаль,Столпы Цинь Ши Цзяо,catalog_field,Rng1,,,,,,800
abilities,A0O3,Элементаль,Столпы Цинь Ши Цзяо,catalog_field,Rng2,,,,,500,800
abilities,A0O3,Элементаль,Столпы Цинь Ши Цзяо,catalog_field,Rng3,,,,,500,800
abilities,A0O3,Элементаль,Столпы Цинь Ши Цзяо,catalog_field,levels,,,,,1,3
abilities,A0O3,Элементаль,Столпы Цинь Ши Цзяо,catalog_field,reqLevel,,,,,1,5
abilities,A0O4,Песчаная буря,Огненный поток,catalog_field,Area1,,,,,200,
abilities,A0O4,Песчаная буря,Огненный поток,catalog_field,Cool1,,,,,70,13
abilities,A0O4,Песчаная буря,Огненный поток,catalog_field,Cool2,,,,,45,11
abilities,A0O4,Песчаная буря,Огненный поток,catalog_field,Cool3,,,,,30,9
abilities,A0O4,Песчаная буря,Огненный поток,catalog_field,Cost1,,,,,260,70
abilities,A0O4,Песчаная буря,Огненный поток,catalog_field,Cost2,,,,,60,90
abilities,A0O4,Песчаная буря,Огненный поток,catalog_field,Cost3,,,,,30,110
abilities,A0O4,Песчаная буря,Огненный поток,catalog_field,DataB1,,,,,2,3
abilities,A0O4,Песчаная буря,Огненный поток,catalog_field,DataB2,,,,,,3
abilities,A0O4,Песчаная буря,Огненный поток,catalog_field,DataB3,,,,,,3
abilities,A0O4,Песчаная буря,Огненный поток,catalog_field,DataC1,,,,,3,1
abilities,A0O4,Песчаная буря,Огненный поток,catalog_field,DataF1,,,,,phaseshift,cloudoffog
abilities,A0O4,Песчаная буря,Огненный поток,catalog_field,DataF2,,,,,cannibalize,cloudoffog
abilities,A0O4,Песчаная буря,Огненный поток,catalog_field,DataF3,,,,,cannibalize,cloudoffog
abilities,A0O4,Песчаная буря,Огненный поток,catalog_field,Rng2,,,,,500,700
abilities,A0O4,Песчаная буря,Огненный поток,catalog_field,Rng3,,,,,500,700
abilities,A0O4,Песчаная буря,Огненный поток,catalog_field,levels,,,,,1,3
abilities,A0OB,Освобождение энергии,Пронзительный клич,catalog_field,Cool1,,,,,8,13
abilities,A0OB,Освобождение энергии,Пронзительный клич,catalog_field,Cool2,,,,,8,12
abilities,A0OB,Освобождение энергии,Пронзительный клич,catalog_field,Cool3,,,,,8,11
abilities,A0OB,Освобождение энергии,Пронзительный клич,catalog_field,Cost1,,,,,40,50
abilities,A0OB,Освобождение энергии,Пронзительный клич,catalog_field,Cost2,,,,,50,60
abilities,A0OB,Освобождение энергии,Пронзительный клич,catalog_field,Cost3,,,,,60,70
abilities,A0OB,Освобождение энергии,Пронзительный клич,catalog_field,DataB1,,,,,,3
abilities,A0OB,Освобождение энергии,Пронзительный клич,catalog_field,DataB2,,,,,,3
abilities,A0OB,Освобождение энергии,Пронзительный клич,catalog_field,DataB3,,,,,,3
abilities,A0OB,Освобождение энергии,Пронзительный клич,catalog_field,DataF1,,,,,ambush,shadowstrike
abilities,A0OB,Освобождение энергии,Пронзительный клич,catalog_field,DataF2,,,,,ambush,shadowstrike
abilities,A0OB,Освобождение энергии,Пронзительный клич,catalog_field,DataF3,,,,,ambush,shadowstrike
abilities,A0OB,Освобождение энергии,Пронзительный клич,catalog_field,reqLevel,,,,,1,2
abilities,A0OD,Неуловимость,Неуловимость,catalog_field,Cool1,,,,,16,11
abilities,A0OD,Неуловимость,Неуловимость,catalog_field,Cool3,,,,,4,5
abilities,A0OL,Aтaкa,Aтaкa,catalog_field,DataA1,,,,,100,80
abilities,A0OM,Психопортация,Психопортация,catalog_field,Cool1,,,,,33,30
abilities,A0OM,Психопортация,Психопортация,catalog_field,Cool2,,,,,22,25
abilities,A0OM,Психопортация,Психопортация,catalog_field,Cool3,,,,,11,20
abilities,A0OM,Психопортация,Психопортация,catalog_field,DataF1,,,,,townbellon,taunt
abilities,A0OM,Психопортация,Психопортация,catalog_field,DataF2,,,,,townbellon,taunt
abilities,A0OM,Психопортация,Психопортация,catalog_field,DataF3,,,,,townbellon,taunt
abilities,A0OO,Хapaктepиcтики,Хapaктepиcтики,catalog_field,DataA1,,,,,,25
abilities,A0OO,Хapaктepиcтики,Хapaктepиcтики,catalog_field,DataB1,,,,,,25
abilities,A0OO,Хapaктepиcтики,Хapaктepиcтики,catalog_field,DataC1,,,,,60,25
abilities,A0OQ,Бaш (30% +250 eд. ypoнa Мoлoт Титанов),Бaш (30% +275 eд. ypoнa Мoлoт Титанов),catalog_field,DataC1,,,,,250,
abilities,A0OR,Молот Титанов,Молот Титанов,catalog_field,DataA1,,,,,0.15,0.3
abilities,A0OZ,Гpoзa,Гpoзa,catalog_field,Cost1,,,,,100,125
abilities,A0OZ,Гpoзa,Гpoзa,catalog_field,Cost2,,,,,125,150
abilities,A0OZ,Гpoзa,Гpoзa,catalog_field,Cost3,,,,,150,175
abilities,A0P7,Сон Морфия,Обновление,catalog_field,Area1,,,,,125,
abilities,A0P7,Сон Морфия,Обновление,catalog_field,Area2,,,,,150,
abilities,A0P7,Сон Морфия,Обновление,catalog_field,Area3,,,,,175,
abilities,A0P7,Сон Морфия,Обновление,catalog_field,Cool1,,,,,17,120
abilities,A0P7,Сон Морфия,Обновление,catalog_field,Cool2,,,,,16,110
abilities,A0P7,Сон Морфия,Обновление,catalog_field,Cool3,,,,,15,100
abilities,A0P7,Сон Морфия,Обновление,catalog_field,Cost1,,,,,40,225
abilities,A0P7,Сон Морфия,Обновление,catalog_field,Cost2,,,,,55,250
abilities,A0P7,Сон Морфия,Обновление,catalog_field,Cost3,,,,,70,275
abilities,A0P7,Сон Морфия,Обновление,catalog_field,DataB1,,,,,2,
abilities,A0P7,Сон Морфия,Обновление,catalog_field,DataB2,,,,,2,
abilities,A0P7,Сон Морфия,Обновление,catalog_field,DataB3,,,,,2,
abilities,A0P7,Сон Морфия,Обновление,catalog_field,DataC1,,,,,3,1
abilities,A0P7,Сон Морфия,Обновление,catalog_field,DataC2,,,,,3,1
abilities,A0P7,Сон Морфия,Обновление,catalog_field,DataC3,,,,,3,1
abilities,A0P7,Сон Морфия,Обновление,catalog_field,DataD1,,,,,0.01,
abilities,A0P7,Сон Морфия,Обновление,catalog_field,DataD2,,,,,0.01,
abilities,A0P7,Сон Морфия,Обновление,catalog_field,DataD3,,,,,0.01,
abilities,A0P7,Сон Морфия,Обновление,catalog_field,DataF1,,,,,channel,stomp
abilities,A0P7,Сон Морфия,Обновление,catalog_field,DataF2,,,,,channel,stomp
abilities,A0P7,Сон Морфия,Обновление,catalog_field,DataF3,,,,,channel,stomp
abilities,A0P7,Сон Морфия,Обновление,catalog_field,Rng1,,,,,525,450
abilities,A0P7,Сон Морфия,Обновление,catalog_field,Rng2,,,,,525,450
abilities,A0P7,Сон Морфия,Обновление,catalog_field,Rng3,,,,,525,450
abilities,A0P7,Сон Морфия,Обновление,catalog_field,reqLevel,,,,,1,5
abilities,A0P8,Воздушные оковы,Рикошет,catalog_field,DataC1,,,,,,0.3
abilities,A0P8,Воздушные оковы,Рикошет,catalog_field,DataC2,,,,,,0.5
abilities,A0P8,Воздушные оковы,Рикошет,catalog_field,DataC3,,,,,,0.7
abilities,A0P8,Воздушные оковы,Рикошет,catalog_field,Dur1,,,,,6,5
abilities,A0P8,Воздушные оковы,Рикошет,catalog_field,Dur2,,,,,6,5
abilities,A0P8,Воздушные оковы,Рикошет,catalog_field,Dur3,,,,,6,5
abilities,A0P8,Воздушные оковы,Рикошет,catalog_field,HeroDur1,,,,,6,5
abilities,A0P8,Воздушные оковы,Рикошет,catalog_field,HeroDur2,,,,,6,5
abilities,A0P8,Воздушные оковы,Рикошет,catalog_field,HeroDur3,,,,,6,5
abilities,A0P8,Воздушные оковы,Рикошет,catalog_field,Rng1,,,,,99999,7000
abilities,A0P8,Воздушные оковы,Рикошет,catalog_field,Rng2,,,,,99999,7000
abilities,A0P8,Воздушные оковы,Рикошет,catalog_field,Rng3,,,,,99999,7000
abilities,A0P9,Мощь ветров,Каменная злоба,catalog_field,Area1,,,,,1200,
abilities,A0P9,Мощь ветров,Каменная злоба,catalog_field,Area2,,,,,1200,
abilities,A0P9,Мощь ветров,Каменная злоба,catalog_field,Area3,,,,,1200,
abilities,A0P9,Мощь ветров,Каменная злоба,catalog_field,Cool2,,,,,22,20
abilities,A0P9,Мощь ветров,Каменная злоба,catalog_field,Cool3,,,,,22,18
abilities,A0P9,Мощь ветров,Каменная злоба,catalog_field,Cost1,,,,,140,60
abilities,A0P9,Мощь ветров,Каменная злоба,catalog_field,Cost2,,,,,180,90
abilities,A0P9,Мощь ветров,Каменная злоба,catalog_field,Cost3,,,,,220,120
abilities,A0P9,Мощь ветров,Каменная злоба,catalog_field,Dur1,,,,,6,4.5
abilities,A0P9,Мощь ветров,Каменная злоба,catalog_field,Dur2,,,,,6,4.5
abilities,A0P9,Мощь ветров,Каменная злоба,catalog_field,Dur3,,,,,6,4.5
abilities,A0P9,Мощь ветров,Каменная злоба,catalog_field,HeroDur1,,,,,6,4.5
abilities,A0P9,Мощь ветров,Каменная злоба,catalog_field,HeroDur2,,,,,6,4.5
abilities,A0P9,Мощь ветров,Каменная злоба,catalog_field,HeroDur3,,,,,6,4.5
abilities,A0P9,Мощь ветров,Каменная злоба,catalog_field,reqLevel,,,,,1,2
abilities,A0PA,Воздушные элементали,Слуга Божий,catalog_field,Area1,,,,,200,700
abilities,A0PA,Воздушные элементали,Слуга Божий,catalog_field,Area2,,,,,200,700
abilities,A0PA,Воздушные элементали,Слуга Божий,catalog_field,Area3,,,,,200,700
abilities,A0PA,Воздушные элементали,Слуга Божий,catalog_field,Area4,,,,,200,900
abilities,A0PA,Воздушные элементали,Слуга Божий,catalog_field,Cool1,,,,,25,
abilities,A0PA,Воздушные элементали,Слуга Божий,catalog_field,Cool2,,,,,25,
abilities,A0PA,Воздушные элементали,Слуга Божий,catalog_field,Cool3,,,,,25,
abilities,A0PA,Воздушные элементали,Слуга Божий,catalog_field,Cool4,,,,,30,
abilities,A0PA,Воздушные элементали,Слуга Божий,catalog_field,Cost1,,,,,150,
abilities,A0PA,Воздушные элементали,Слуга Божий,catalog_field,Cost2,,,,,200,
abilities,A0PA,Воздушные элементали,Слуга Божий,catalog_field,Cost3,,,,,250,
abilities,A0PA,Воздушные элементали,Слуга Божий,catalog_field,Cost4,,,,,100,
abilities,A0PA,Воздушные элементали,Слуга Божий,catalog_field,DataA4,,,,,,0.3
abilities,A0PA,Воздушные элементали,Слуга Божий,catalog_field,DataB1,,,,,2,
abilities,A0PA,Воздушные элементали,Слуга Божий,catalog_field,DataB2,,,,,2,
abilities,A0PA,Воздушные элементали,Слуга Божий,catalog_field,DataB3,,,,,2,
abilities,A0PA,Воздушные элементали,Слуга Божий,catalog_field,DataB4,,,,,2,1.5
abilities,A0PA,Воздушные элементали,Слуга Божий,catalog_field,Dur1,,,,,60,
abilities,A0PA,Воздушные элементали,Слуга Божий,catalog_field,Dur2,,,,,60,
abilities,A0PA,Воздушные элементали,Слуга Божий,catalog_field,Dur3,,,,,60,
abilities,A0PA,Воздушные элементали,Слуга Божий,catalog_field,Dur4,,,,,60,
abilities,A0PA,Воздушные элементали,Слуга Божий,catalog_field,HeroDur1,,,,,60,
abilities,A0PA,Воздушные элементали,Слуга Божий,catalog_field,HeroDur2,,,,,60,
abilities,A0PA,Воздушные элементали,Слуга Божий,catalog_field,HeroDur3,,,,,60,
abilities,A0PA,Воздушные элементали,Слуга Божий,catalog_field,HeroDur4,,,,,60,
abilities,A0PA,Воздушные элементали,Слуга Божий,catalog_field,Rng1,,,,,800,
abilities,A0PA,Воздушные элементали,Слуга Божий,catalog_field,Rng2,,,,,800,
abilities,A0PA,Воздушные элементали,Слуга Божий,catalog_field,Rng3,,,,,800,
abilities,A0PA,Воздушные элементали,Слуга Божий,catalog_field,Rng4,,,,,800,
abilities,A0PB,Проверка урона,Проверка урона,catalog_field,Dur1,,,,,1,0.1
abilities,A0PB,Проверка урона,Проверка урона,catalog_field,HeroDur1,,,,,1,0.1
abilities,A0PD,Яд,Яд,catalog_field,DataA1,,,,,-0.25,-0.2
abilities,A0PD,Яд,Яд,catalog_field,DataB1,,,,,-0.25,-0.2
abilities,A0PJ,Циклоны,Дыхание Дракона,catalog_field,Cool1,,,,,40,60
abilities,A0PJ,Циклоны,Дыхание Дракона,catalog_field,Cool2,,,,,45,60
abilities,A0PJ,Циклоны,Дыхание Дракона,catalog_field,Cool3,,,,,30,60
abilities,A0PJ,Циклоны,Дыхание Дракона,catalog_field,Cost1,,,,,225,125
abilities,A0PJ,Циклоны,Дыхание Дракона,catalog_field,Cost2,,,,,60,150
abilities,A0PJ,Циклоны,Дыхание Дракона,catalog_field,Cost3,,,,,30,175
abilities,A0PJ,Циклоны,Дыхание Дракона,catalog_field,DataB1,,,,,1,3
abilities,A0PJ,Циклоны,Дыхание Дракона,catalog_field,DataB2,,,,,,3
abilities,A0PJ,Циклоны,Дыхание Дракона,catalog_field,DataB3,,,,,,3
abilities,A0PJ,Циклоны,Дыхание Дракона,catalog_field,DataF1,,,,,cyclone,shockwave
abilities,A0PJ,Циклоны,Дыхание Дракона,catalog_field,DataF2,,,,,cannibalize,shockwave
abilities,A0PJ,Циклоны,Дыхание Дракона,catalog_field,DataF3,,,,,cannibalize,shockwave
abilities,A0PJ,Циклоны,Дыхание Дракона,catalog_field,Rng1,,,,,700,450
abilities,A0PJ,Циклоны,Дыхание Дракона,catalog_field,Rng2,,,,,500,450
abilities,A0PJ,Циклоны,Дыхание Дракона,catalog_field,Rng3,,,,,500,450
abilities,A0PJ,Циклоны,Дыхание Дракона,catalog_field,levels,,,,,1,3
abilities,A0PJ,Циклоны,Дыхание Дракона,catalog_field,reqLevel,,,,,1,5
abilities,A0PM,Поток энергии,Поток энергии,catalog_field,Area1,,,,,130,150
abilities,A0PM,Поток энергии,Поток энергии,catalog_field,Area2,,,,,130,150
abilities,A0PM,Поток энергии,Поток энергии,catalog_field,Area3,,,,,130,150
abilities,A0PP,Огненный шар,Огненный шар,catalog_field,Area1,,,,,120,200
abilities,A0PP,Огненный шар,Огненный шар,catalog_field,Area2,,,,,120,200
abilities,A0PP,Огненный шар,Огненный шар,catalog_field,Area3,,,,,120,200
abilities,A0PP,Огненный шар,Огненный шар,catalog_field,Cost1,,,,,20,40
abilities,A0PP,Огненный шар,Огненный шар,catalog_field,Cost2,,,,,30,60
abilities,A0PP,Огненный шар,Огненный шар,catalog_field,Cost3,,,,,40,80
abilities,A0PQ,Прыткость,Удар времени,catalog_field,Area1,,,,,600,325
abilities,A0PQ,Прыткость,Удар времени,catalog_field,Area2,,,,,600,325
abilities,A0PQ,Прыткость,Удар времени,catalog_field,Area3,,,,,600,325
abilities,A0PQ,Прыткость,Удар времени,catalog_field,DataA1,,,,,-0.06,-0.15
abilities,A0PQ,Прыткость,Удар времени,catalog_field,DataA2,,,,,-0.12,-0.2
abilities,A0PQ,Прыткость,Удар времени,catalog_field,DataA3,,,,,-0.18,-0.25
abilities,A0PR,Инстинкт убийцы,Мозговой Шторм,catalog_field,Area1,,,,,,200
abilities,A0PR,Инстинкт убийцы,Мозговой Шторм,catalog_field,Area2,,,,,,200
abilities,A0PR,Инстинкт убийцы,Мозговой Шторм,catalog_field,Area3,,,,,,200
abilities,A0PR,Инстинкт убийцы,Мозговой Шторм,catalog_field,Casterart,,,,,,
abilities,A0PR,Инстинкт убийцы,Мозговой Шторм,catalog_field,Casterattach,,,,,,
abilities,A0PR,Инстинкт убийцы,Мозговой Шторм,catalog_field,Cool1,,,,,,100
abilities,A0PR,Инстинкт убийцы,Мозговой Шторм,catalog_field,Cool2,,,,,,80
abilities,A0PR,Инстинкт убийцы,Мозговой Шторм,catalog_field,Cool3,,,,,,60
abilities,A0PR,Инстинкт убийцы,Мозговой Шторм,catalog_field,Cost1,,,,,,150
abilities,A0PR,Инстинкт убийцы,Мозговой Шторм,catalog_field,Cost2,,,,,,200
abilities,A0PR,Инстинкт убийцы,Мозговой Шторм,catalog_field,Cost3,,,,,,250
abilities,A0PR,Инстинкт убийцы,Мозговой Шторм,catalog_field,DataA4,,,,,0.3,180
abilities,A0PR,Инстинкт убийцы,Мозговой Шторм,catalog_field,DataB1,,,,,,2
abilities,A0PR,Инстинкт убийцы,Мозговой Шторм,catalog_field,DataB2,,,,,,2
abilities,A0PR,Инстинкт убийцы,Мозговой Шторм,catalog_field,DataB3,,,,,,2
abilities,A0PR,Инстинкт убийцы,Мозговой Шторм,catalog_field,DataC1,,,,,,3
abilities,A0PR,Инстинкт убийцы,Мозговой Шторм,catalog_field,DataC2,,,,,,3
abilities,A0PR,Инстинкт убийцы,Мозговой Шторм,catalog_field,DataC3,,,,,,3
abilities,A0PR,Инстинкт убийцы,Мозговой Шторм,catalog_field,DataD4,,,,,,0.98
abilities,A0PR,Инстинкт убийцы,Мозговой Шторм,catalog_field,DataE4,,,,,,1
abilities,A0PR,Инстинкт убийцы,Мозговой Шторм,catalog_field,DataF1,,,,,,monsoon
abilities,A0PR,Инстинкт убийцы,Мозговой Шторм,catalog_field,DataF2,,,,,,monsoon
abilities,A0PR,Инстинкт убийцы,Мозговой Шторм,catalog_field,DataF3,,,,,,monsoon
abilities,A0PR,Инстинкт убийцы,Мозговой Шторм,catalog_field,Rng1,,,,,,700
abilities,A0PR,Инстинкт убийцы,Мозговой Шторм,catalog_field,Rng2,,,,,,700
abilities,A0PR,Инстинкт убийцы,Мозговой Шторм,catalog_field,Rng3,,,,,,700
abilities,A0PR,Инстинкт убийцы,Мозговой Шторм,catalog_field,Rng4,,,,,,500
abilities,A0PR,Инстинкт убийцы,Мозговой Шторм,catalog_field,reqLevel,,,,,2,5
abilities,A0PS,Устремление,Ледяная волна,catalog_field,Casterart,,,,,,
abilities,A0PS,Устремление,Ледяная волна,catalog_field,Casterattach,,,,,,
abilities,A0PS,Устремление,Ледяная волна,catalog_field,Cool1,,,,,30,10
abilities,A0PS,Устремление,Ледяная волна,catalog_field,Cool2,,,,,30,10
abilities,A0PS,Устремление,Ледяная волна,catalog_field,Cool3,,,,,30,10
abilities,A0PS,Устремление,Ледяная волна,catalog_field,Cost1,,,,,100,150
abilities,A0PS,Устремление,Ледяная волна,catalog_field,Cost2,,,,,120,175
abilities,A0PS,Устремление,Ледяная волна,catalog_field,Cost3,,,,,140,200
abilities,A0PS,Устремление,Ледяная волна,catalog_field,DataA4,,,,,,180
abilities,A0PS,Устремление,Ледяная волна,catalog_field,DataB1,,,,,,3
abilities,A0PS,Устремление,Ледяная волна,catalog_field,DataB2,,,,,,3
abilities,A0PS,Устремление,Ледяная волна,catalog_field,DataB3,,,,,,3
abilities,A0PS,Устремление,Ледяная волна,catalog_field,DataC1,,,,,,9
abilities,A0PS,Устремление,Ледяная волна,catalog_field,DataC2,,,,,,9
abilities,A0PS,Устремление,Ледяная волна,catalog_field,DataC3,,,,,,9
abilities,A0PS,Устремление,Ледяная волна,catalog_field,DataD4,,,,,,0.98
abilities,A0PS,Устремление,Ледяная волна,catalog_field,DataE4,,,,,,1
abilities,A0PS,Устремление,Ледяная волна,catalog_field,DataF1,,,,,,carrionswarm
abilities,A0PS,Устремление,Ледяная волна,catalog_field,DataF2,,,,,,carrionswarm
abilities,A0PS,Устремление,Ледяная волна,catalog_field,DataF3,,,,,,carrionswarm
abilities,A0PS,Устремление,Ледяная волна,catalog_field,Dur1,,,,,12,
abilities,A0PS,Устремление,Ледяная волна,catalog_field,Dur2,,,,,16,
abilities,A0PS,Устремление,Ледяная волна,catalog_field,Dur3,,,,,20,
abilities,A0PS,Устремление,Ледяная волна,catalog_field,HeroDur1,,,,,12,
abilities,A0PS,Устремление,Ледяная волна,catalog_field,HeroDur2,,,,,16,
abilities,A0PS,Устремление,Ледяная волна,catalog_field,HeroDur3,,,,,20,
abilities,A0PS,Устремление,Ледяная волна,catalog_field,Rng1,,,,,,700
abilities,A0PS,Устремление,Ледяная волна,catalog_field,Rng2,,,,,,700
abilities,A0PS,Устремление,Ледяная волна,catalog_field,Rng3,,,,,,700
abilities,A0PS,Устремление,Ледяная волна,catalog_field,Rng4,,,,,,500
abilities,A0PS,Устремление,Ледяная волна,catalog_field,reqLevel,,,,,5,1
abilities,A0PU,Дух - маны,Дух - маны,catalog_field,DataA1,,,,,0.02,0.03
abilities,A0PV,Дух-маны,Дух-маны,catalog_field,Dur1,,,,,20,15
abilities,A0PV,Дух-маны,Дух-маны,catalog_field,HeroDur1,,,,,20,15
abilities,A0PW,Пустить корни,Пустить корни,catalog_field,DataA1,,,,,50,
abilities,A0PW,Пустить корни,Пустить корни,catalog_field,DataA2,,,,,50,
abilities,A0PW,Пустить корни,Пустить корни,catalog_field,DataA3,,,,,50,
abilities,A0PW,Пустить корни,Пустить корни,catalog_field,Dur1,,,,,2,1.5
abilities,A0PW,Пустить корни,Пустить корни,catalog_field,Dur2,,,,,3,1.5
abilities,A0PW,Пустить корни,Пустить корни,catalog_field,Dur3,,,,,4,1.5
abilities,A0PW,Пустить корни,Пустить корни,catalog_field,HeroDur1,,,,,2,1.5
abilities,A0PW,Пустить корни,Пустить корни,catalog_field,HeroDur2,,,,,3,1.5
abilities,A0PW,Пустить корни,Пустить корни,catalog_field,HeroDur3,,,,,4,1.5
abilities,A0PW,Пустить корни,Пустить корни,catalog_field,Rng1,,,,,99999,9000
abilities,A0PW,Пустить корни,Пустить корни,catalog_field,Rng2,,,,,99999,9000
abilities,A0PW,Пустить корни,Пустить корни,catalog_field,Rng3,,,,,99999,9000
abilities,A0PX,Пустить корни,Пустить корни,catalog_field,Cool1,,,,,22,15
abilities,A0PX,Пустить корни,Пустить корни,catalog_field,Cool2,,,,,22,15
abilities,A0PX,Пустить корни,Пустить корни,catalog_field,Cool3,,,,,22,15
abilities,A0PY,Стая бабочек,Стая бабочек,catalog_field,Cost1,,,,,100,80
abilities,A0PY,Стая бабочек,Стая бабочек,catalog_field,Cost2,,,,,120,100
abilities,A0PY,Стая бабочек,Стая бабочек,catalog_field,Cost3,,,,,140,120
abilities,A0PY,Стая бабочек,Стая бабочек,catalog_field,DataF1,,,,,whirlwind,cloudoffog
abilities,A0PY,Стая бабочек,Стая бабочек,catalog_field,DataF2,,,,,whirlwind,cloudoffog
abilities,A0PY,Стая бабочек,Стая бабочек,catalog_field,DataF3,,,,,whirlwind,cloudoffog
abilities,A0PY,Стая бабочек,Стая бабочек,catalog_field,Rng1,,,,,500,700
abilities,A0PY,Стая бабочек,Стая бабочек,catalog_field,Rng2,,,,,600,700
abilities,A0PZ,Тяга к природе,Тяга к природе,catalog_field,Cool1,,,,,30,20
abilities,A0PZ,Тяга к природе,Тяга к природе,catalog_field,Cool2,,,,,25,17
abilities,A0PZ,Тяга к природе,Тяга к природе,catalog_field,Cool3,,,,,20,14
abilities,A0PZ,Тяга к природе,Тяга к природе,catalog_field,Cost1,,,,,120,60
abilities,A0PZ,Тяга к природе,Тяга к природе,catalog_field,Cost2,,,,,120,70
abilities,A0PZ,Тяга к природе,Тяга к природе,catalog_field,Cost3,,,,,120,80
abilities,A0Q0,Острые Шипы,Острые Шипы,catalog_field,Cost2,,,,,325,300
abilities,A0Q0,Острые Шипы,Острые Шипы,catalog_field,Cost3,,,,,400,350
abilities,A0Q0,Острые Шипы,Острые Шипы,catalog_field,DataF1,,,,,wispharvest,silence
abilities,A0Q0,Острые Шипы,Острые Шипы,catalog_field,DataF2,,,,,wispharvest,silence
abilities,A0Q0,Острые Шипы,Острые Шипы,catalog_field,DataF3,,,,,wispharvest,silence
abilities,A0Q7,Приманка,Приманка,catalog_field,DataF1,,,,,parasite,silence
abilities,A0Q7,Приманка,Приманка,catalog_field,DataF2,,,,,parasite,silence
abilities,A0Q7,Приманка,Приманка,catalog_field,DataF3,,,,,parasite,silence
abilities,A0Q8,Гоблинская мина,Дар Господа,catalog_field,Area1,,,,,,250
abilities,A0Q8,Гоблинская мина,Дар Господа,catalog_field,Area2,,,,,,250
abilities,A0Q8,Гоблинская мина,Дар Господа,catalog_field,Area3,,,,,,250
abilities,A0Q8,Гоблинская мина,Дар Господа,catalog_field,Casterart,,,,,,
abilities,A0Q8,Гоблинская мина,Дар Господа,catalog_field,Casterattach,,,,,,
abilities,A0Q8,Гоблинская мина,Дар Господа,catalog_field,Cool1,,,,,0.5,120
abilities,A0Q8,Гоблинская мина,Дар Господа,catalog_field,Cool2,,,,,0.5,120
abilities,A0Q8,Гоблинская мина,Дар Господа,catalog_field,Cool3,,,,,0.5,120
abilities,A0Q8,Гоблинская мина,Дар Господа,catalog_field,Cool4,,,,,10,
abilities,A0Q8,Гоблинская мина,Дар Господа,catalog_field,Cost1,,,,,,200
abilities,A0Q8,Гоблинская мина,Дар Господа,catalog_field,Cost2,,,,,,300
abilities,A0Q8,Гоблинская мина,Дар Господа,catalog_field,Cost3,,,,,,400
abilities,A0Q8,Гоблинская мина,Дар Господа,catalog_field,Cost4,,,,,25,
abilities,A0Q8,Гоблинская мина,Дар Господа,catalog_field,DataA4,,,,,2,180
abilities,A0Q8,Гоблинская мина,Дар Господа,catalog_field,DataB1,,,,,,2
abilities,A0Q8,Гоблинская мина,Дар Господа,catalog_field,DataB2,,,,,,2
abilities,A0Q8,Гоблинская мина,Дар Господа,catalog_field,DataB3,,,,,,2
abilities,A0Q8,Гоблинская мина,Дар Господа,catalog_field,DataB4,,,,,1,
abilities,A0Q8,Гоблинская мина,Дар Господа,catalog_field,DataC1,,,,,,3
abilities,A0Q8,Гоблинская мина,Дар Господа,catalog_field,DataC2,,,,,,3
abilities,A0Q8,Гоблинская мина,Дар Господа,catalog_field,DataC3,,,,,,3
abilities,A0Q8,Гоблинская мина,Дар Господа,catalog_field,DataD4,,,,,,0.98
abilities,A0Q8,Гоблинская мина,Дар Господа,catalog_field,DataE4,,,,,,1
abilities,A0Q8,Гоблинская мина,Дар Господа,catalog_field,DataF1,,,,,,cloudoffog
abilities,A0Q8,Гоблинская мина,Дар Господа,catalog_field,DataF2,,,,,,cloudoffog
abilities,A0Q8,Гоблинская мина,Дар Господа,catalog_field,DataF3,,,,,,cloudoffog
abilities,A0Q8,Гоблинская мина,Дар Господа,catalog_field,Rng1,,,,,128,700
abilities,A0Q8,Гоблинская мина,Дар Господа,catalog_field,Rng2,,,,,128,700
abilities,A0Q8,Гоблинская мина,Дар Господа,catalog_field,Rng3,,,,,128,700
abilities,A0Q8,Гоблинская мина,Дар Господа,catalog_field,Rng4,,,,,128,500
abilities,A0Q8,Гоблинская мина,Дар Господа,catalog_field,reqLevel,,,,,2,5
abilities,A0QA,Бочонок с порохом,Бочонок с порохом,catalog_field,Cool1,,,,,40,35
abilities,A0QA,Бочонок с порохом,Бочонок с порохом,catalog_field,Cool2,,,,,40,30
abilities,A0QA,Бочонок с порохом,Бочонок с порохом,catalog_field,Cool3,,,,,40,25
abilities,A0QG,Мacтepcтвo oбмaнa,Водное омоложение,catalog_field,Cool1,,,,,,3
abilities,A0QG,Мacтepcтвo oбмaнa,Водное омоложение,catalog_field,Cool2,,,,,,3
abilities,A0QG,Мacтepcтвo oбмaнa,Водное омоложение,catalog_field,Cool3,,,,,,3
abilities,A0QI,Mine - exploding,Mine - exploding,catalog_field,DataA1,,,,,5,2
abilities,A0QI,Mine - exploding,Mine - exploding,catalog_field,DataB1,,,,,2,1
abilities,A0QL,Бочонок с порохом,Бочонок с порохом,catalog_field,Cool1,,,,,40,35
abilities,A0QL,Бочонок с порохом,Бочонок с порохом,catalog_field,Cool2,,,,,40,30
abilities,A0QL,Бочонок с порохом,Бочонок с порохом,catalog_field,Cool3,,,,,40,25
abilities,A0QN,Сокрушитель,Сокрушитель,catalog_field,Cool1,,,,,4,6
abilities,A0QQ,Клинок Бестелесности,Клинок Бестелесности,catalog_field,Cool1,,,,,16,20
abilities,A0QQ,Клинок Бестелесности,Клинок Бестелесности,catalog_field,Cost1,,,,,80,100
abilities,A0RE,Отравленное оружие,Отравленное оружие,catalog_field,DataA1,,,,,0.1,-0.1
abilities,A0RE,Отравленное оружие,Отравленное оружие,catalog_field,DataA2,,,,,0.2,-0.2
abilities,A0RE,Отравленное оружие,Отравленное оружие,catalog_field,DataA3,,,,,0.3,-0.3
abilities,A0RE,Отравленное оружие,Отравленное оружие,catalog_field,DataB1,,,,,0.1,-0.1
abilities,A0RE,Отравленное оружие,Отравленное оружие,catalog_field,DataB2,,,,,0.2,-0.2
abilities,A0RE,Отравленное оружие,Отравленное оружие,catalog_field,DataB3,,,,,0.3,-0.3
abilities,A0RM,Природная поступь,Медвежий рокот,catalog_field,Cool1,,,,,120,20
abilities,A0RM,Природная поступь,Медвежий рокот,catalog_field,Cool2,,,,,110,17
abilities,A0RM,Природная поступь,Медвежий рокот,catalog_field,Cool3,,,,,100,14
abilities,A0RM,Природная поступь,Медвежий рокот,catalog_field,Cost1,,,,,200,50
abilities,A0RM,Природная поступь,Медвежий рокот,catalog_field,Cost2,,,,,225,75
abilities,A0RM,Природная поступь,Медвежий рокот,catalog_field,Cost3,,,,,250,100
abilities,A0RM,Природная поступь,Медвежий рокот,catalog_field,DataB1,,,,,0.1,0.2
abilities,A0RM,Природная поступь,Медвежий рокот,catalog_field,DataB3,,,,,0.3,0.2
abilities,A0RM,Природная поступь,Медвежий рокот,catalog_field,Dur1,,,,,9.1,5
abilities,A0RM,Природная поступь,Медвежий рокот,catalog_field,Dur2,,,,,9.1,5
abilities,A0RM,Природная поступь,Медвежий рокот,catalog_field,Dur3,,,,,9.1,5
abilities,A0RM,Природная поступь,Медвежий рокот,catalog_field,HeroDur1,,,,,9.1,5
abilities,A0RM,Природная поступь,Медвежий рокот,catalog_field,HeroDur2,,,,,9.1,5
abilities,A0RM,Природная поступь,Медвежий рокот,catalog_field,HeroDur3,,,,,9.1,5
abilities,A0S0,Жертва,Жертва,catalog_field,DataF1,,,,,_,cripple
abilities,A0S0,Жертва,Жертва,catalog_field,DataF2,,,,,,cripple
abilities,A0S0,Жертва,Жертва,catalog_field,DataF3,,,,,,cripple
abilities,A0S3,Одержимость,Ритуал жизни,catalog_field,Area1,,,,,300,1
abilities,A0S3,Одержимость,Ритуал жизни,catalog_field,Area2,,,,,300,1
abilities,A0S3,Одержимость,Ритуал жизни,catalog_field,Area3,,,,,300,1
abilities,A0S3,Одержимость,Ритуал жизни,catalog_field,Cool1,,,,,70,20
abilities,A0S3,Одержимость,Ритуал жизни,catalog_field,Cool2,,,,,70,17
abilities,A0S3,Одержимость,Ритуал жизни,catalog_field,Cool3,,,,,70,14
abilities,A0S3,Одержимость,Ритуал жизни,catalog_field,DataA1,,,,,,1
abilities,A0S3,Одержимость,Ритуал жизни,catalog_field,DataA2,,,,,,1
abilities,A0S3,Одержимость,Ритуал жизни,catalog_field,DataA3,,,,,,1
abilities,A0S3,Одержимость,Ритуал жизни,catalog_field,Dur1,,,,,,0.01
abilities,A0S3,Одержимость,Ритуал жизни,catalog_field,Dur2,,,,,,0.01
abilities,A0S3,Одержимость,Ритуал жизни,catalog_field,Dur3,,,,,,0.01
abilities,A0S3,Одержимость,Ритуал жизни,catalog_field,HeroDur1,,,,,,0.01
abilities,A0S3,Одержимость,Ритуал жизни,catalog_field,HeroDur2,,,,,,0.01
abilities,A0S3,Одержимость,Ритуал жизни,catalog_field,HeroDur3,,,,,,0.01
abilities,A0S3,Одержимость,Ритуал жизни,catalog_field,reqLevel,,,,,5,2
abilities,A0S4,Душекрад,Книга Берсеркер,catalog_field,DataA1,,,,,"A0S5,A0S6,A0S7,A0S8,A0S9,A0SA",A0FJ
abilities,A0S4,Душекрад,Книга Берсеркер,catalog_field,DataC1,,,,,6,1
abilities,A0S4,Душекрад,Книга Берсеркер,catalog_field,DataD1,,,,,6,1
abilities,A0S6,Cкopocть бoя,Cкopocть бoя,catalog_field,DataA1,,,,,,1.5
abilities,A0S7,Cкopocть бoя,Cкopocть бoя,catalog_field,DataA1,,,,,,0.2
abilities,A0S7,Cкopocть бoя,Cкopocть бoя,catalog_field,DataA2,,,,,0.1,0.3
abilities,A0S7,Cкopocть бoя,Cкopocть бoя,catalog_field,DataA3,,,,,0.2,0.4
abilities,A0S7,Cкopocть бoя,Cкopocть бoя,catalog_field,levels,,,,,1,9
abilities,A0SC,Лунное Колье,Лунное Колье,catalog_field,DataC1,,,,,1,
abilities,A0SE,Паучий гнев,Инфекция,catalog_field,Cool1,,,,,16,20
abilities,A0SE,Паучий гнев,Инфекция,catalog_field,Cool2,,,,,16,20
abilities,A0SE,Паучий гнев,Инфекция,catalog_field,Cool3,,,,,16,20
abilities,A0SE,Паучий гнев,Инфекция,catalog_field,Cost1,,,,,70,20
abilities,A0SE,Паучий гнев,Инфекция,catalog_field,Cost2,,,,,80,25
abilities,A0SE,Паучий гнев,Инфекция,catalog_field,Cost3,,,,,90,30
abilities,A0SE,Паучий гнев,Инфекция,catalog_field,Rng1,,,,,500,
abilities,A0SE,Паучий гнев,Инфекция,catalog_field,Rng2,,,,,500,
abilities,A0SE,Паучий гнев,Инфекция,catalog_field,Rng3,,,,,500,
abilities,A0SF,Буран,Электросвязь,catalog_field,Area1,,,,,175,
abilities,A0SF,Буран,Электросвязь,catalog_field,Area2,,,,,200,
abilities,A0SF,Буран,Электросвязь,catalog_field,Area3,,,,,225,
abilities,A0SF,Буран,Электросвязь,catalog_field,Cool1,,,,,19,
abilities,A0SF,Буран,Электросвязь,catalog_field,Cool2,,,,,18,
abilities,A0SF,Буран,Электросвязь,catalog_field,Cool3,,,,,17,
abilities,A0SF,Буран,Электросвязь,catalog_field,Cost1,,,,,100,
abilities,A0SF,Буран,Электросвязь,catalog_field,Cost2,,,,,175,
abilities,A0SF,Буран,Электросвязь,catalog_field,Cost3,,,,,200,
abilities,A0SF,Буран,Электросвязь,catalog_field,DataB1,,,,,2,
abilities,A0SF,Буран,Электросвязь,catalog_field,DataB2,,,,,2,
abilities,A0SF,Буран,Электросвязь,catalog_field,DataB3,,,,,2,
abilities,A0SF,Буран,Электросвязь,catalog_field,DataC1,,,,,3,
abilities,A0SF,Буран,Электросвязь,catalog_field,DataC2,,,,,3,
abilities,A0SF,Буран,Электросвязь,catalog_field,DataC3,,,,,3,
abilities,A0SF,Буран,Электросвязь,catalog_field,DataF1,,,,,monsoon,_
abilities,A0SF,Буран,Электросвязь,catalog_field,DataF2,,,,,monsoon,
abilities,A0SF,Буран,Электросвязь,catalog_field,DataF3,,,,,monsoon,
abilities,A0SF,Буран,Электросвязь,catalog_field,Rng1,,,,,800,500
abilities,A0SF,Буран,Электросвязь,catalog_field,Rng2,,,,,800,500
abilities,A0SF,Буран,Электросвязь,catalog_field,Rng3,,,,,800,500
abilities,A0SG,Буран,Электросвязь,catalog_field,Area1,,,,,175,
abilities,A0SG,Буран,Электросвязь,catalog_field,Area2,,,,,200,
abilities,A0SG,Буран,Электросвязь,catalog_field,Area3,,,,,225,
abilities,A0SG,Буран,Электросвязь,catalog_field,Cool1,,,,,19,12
abilities,A0SG,Буран,Электросвязь,catalog_field,Cool2,,,,,18,11
abilities,A0SG,Буран,Электросвязь,catalog_field,Cool3,,,,,17,10
abilities,A0SG,Буран,Электросвязь,catalog_field,Cost1,,,,,200,
abilities,A0SG,Буран,Электросвязь,catalog_field,Cost2,,,,,275,
abilities,A0SG,Буран,Электросвязь,catalog_field,Cost3,,,,,350,
abilities,A0SG,Буран,Электросвязь,catalog_field,DataB1,,,,,2,1
abilities,A0SG,Буран,Электросвязь,catalog_field,DataB2,,,,,2,1
abilities,A0SG,Буран,Электросвязь,catalog_field,DataB3,,,,,2,1
abilities,A0SG,Буран,Электросвязь,catalog_field,DataC1,,,,,3,1
abilities,A0SG,Буран,Электросвязь,catalog_field,DataC2,,,,,3,1
abilities,A0SG,Буран,Электросвязь,catalog_field,DataC3,,,,,3,1
abilities,A0SG,Буран,Электросвязь,catalog_field,DataF1,,,,,monsoon,cripple
abilities,A0SG,Буран,Электросвязь,catalog_field,DataF2,,,,,monsoon,cripple
abilities,A0SG,Буран,Электросвязь,catalog_field,DataF3,,,,,monsoon,cripple
abilities,A0SK,Едкий дым,Кипучие оковы,catalog_field,Area1,,,,,150,175
abilities,A0SK,Едкий дым,Кипучие оковы,catalog_field,Area2,,,,,150,175
abilities,A0SK,Едкий дым,Кипучие оковы,catalog_field,Area3,,,,,150,175
abilities,A0SK,Едкий дым,Кипучие оковы,catalog_field,DataA1,,,,,-0.05,-0.25
abilities,A0SK,Едкий дым,Кипучие оковы,catalog_field,DataA2,,,,,-0.1,-0.25
abilities,A0SK,Едкий дым,Кипучие оковы,catalog_field,DataA3,,,,,-0.15,-0.25
abilities,A0SK,Едкий дым,Кипучие оковы,catalog_field,DataB1,,,,,-0.05,
abilities,A0SK,Едкий дым,Кипучие оковы,catalog_field,DataB2,,,,,-0.1,
abilities,A0SK,Едкий дым,Кипучие оковы,catalog_field,DataB3,,,,,-0.15,
abilities,A0SK,Едкий дым,Кипучие оковы,catalog_field,levels,,,,,3,1
abilities,A0SM,Живой метеорит,Живой метеорит,catalog_field,DataF1,,,,,ambush,cloudoffog
abilities,A0SM,Живой метеорит,Живой метеорит,catalog_field,DataF2,,,,,ambush,cloudoffog
abilities,A0SM,Живой метеорит,Живой метеорит,catalog_field,DataF3,,,,,ambush,cloudoffog
abilities,A0SO,Пустить сферу,Пустить сферу,catalog_field,DataF1,,,,,acolyteharvest,vengeance
abilities,A0SP,Горящие сферы,Горящие сферы,catalog_field,DataF1,,,,,mount,berserk
abilities,A0SP,Горящие сферы,Горящие сферы,catalog_field,DataF2,,,,,mount,berserk
abilities,A0SP,Горящие сферы,Горящие сферы,catalog_field,DataF3,,,,,mount,berserk
abilities,A0SR,Горящие сферы,Горящие сферы,catalog_field,DataF1,,,,,mount,berserk
abilities,A0SR,Горящие сферы,Горящие сферы,catalog_field,DataF2,,,,,mount,berserk
abilities,A0SR,Горящие сферы,Горящие сферы,catalog_field,DataF3,,,,,mount,berserk
abilities,A0SS,Живой метеорит,Живой метеорит,catalog_field,DataF1,,,,,ambush,cloudoffog
abilities,A0SS,Живой метеорит,Живой метеорит,catalog_field,DataF2,,,,,ambush,cloudoffog
abilities,A0SS,Живой метеорит,Живой метеорит,catalog_field,DataF3,,,,,ambush,cloudoffog
abilities,A0SX,Характеристики,Характеристики,catalog_field,DataA1,,,,,25,20
abilities,A0SX,Характеристики,Характеристики,catalog_field,DataB1,,,,,35,30
abilities,A0SX,Характеристики,Характеристики,catalog_field,DataC1,,,,,25,20
abilities,A0SY,Характеристики,Характеристики,catalog_field,DataA1,,,,,25,20
abilities,A0SY,Характеристики,Характеристики,catalog_field,DataB1,,,,,25,20
abilities,A0SY,Характеристики,Характеристики,catalog_field,DataC1,,,,,35,30
abilities,A0SZ,Характеристики,Характеристики,catalog_field,DataA1,,,,,35,30
abilities,A0SZ,Характеристики,Характеристики,catalog_field,DataB1,,,,,25,20
abilities,A0SZ,Характеристики,Характеристики,catalog_field,DataC1,,,,,25,20
abilities,A0T0,Зaщитa,Зaщитa,catalog_field,DataA1,,,,,,10
abilities,A0T0,Зaщитa,Зaщитa,catalog_field,DataA2,,,,,2,15
abilities,A0T0,Зaщитa,Зaщитa,catalog_field,DataA3,,,,,4,20
abilities,A0T0,Зaщитa,Зaщитa,catalog_field,levels,,,,,1,4
abilities,A0T1,Аура -30% атаки,Аура Кошмара,catalog_field,Area1,,,,,150,700
abilities,A0T1,Аура -30% атаки,Аура Кошмара,catalog_field,DataA1,,,,,-0.3,-0.1
abilities,A0T4,Арбалет Охотника за Головами,Арбалет Головореза,catalog_field,DataA1,,,,,"A0OL,A00Z","A11N,A00Z"
abilities,A0T5,Арбалет Охотника за Головами,Мощная стрельба,catalog_field,Area1,,,,,1,
abilities,A0T5,Арбалет Охотника за Головами,Мощная стрельба,catalog_field,Cool1,,,,,16,18
abilities,A0T5,Арбалет Охотника за Головами,Мощная стрельба,catalog_field,Cost1,,,,,,125
abilities,A0T5,Арбалет Охотника за Головами,Мощная стрельба,catalog_field,Dur1,,,,,0.01,4
abilities,A0T5,Арбалет Охотника за Головами,Мощная стрельба,catalog_field,HeroDur1,,,,,0.01,4
abilities,A0T5,Арбалет Охотника за Головами,Мощная стрельба,catalog_field,Rng1,,,,,1,
abilities,A0T8,Разрушитель Заклинаний,Разрушитель Заклинаний,catalog_field,DataA1,,,,,"A0T9,A0FZ,A087","A0T9,A0F0"
abilities,A0T9,Здopoвьe,Здopoвьe,catalog_field,DataA1,,,,,600,550
abilities,A0TB,Spell Shield,Spell Shield,catalog_field,Cool1,,,,,15,20
abilities,A0TC,Яд,Яд,catalog_field,DataB1,,,,,0.15,0.1
abilities,A0TC,Яд,Яд,catalog_field,DataC1,,,,,0.15,0.1
abilities,A0TC,Яд,Яд,catalog_field,DataD1,,,,,1,
abilities,A0TD,Яд,Яд,catalog_field,DataB1,,,,,0.25,0.2
abilities,A0TD,Яд,Яд,catalog_field,DataC1,,,,,0.25,0.2
abilities,A0TD,Яд,Яд,catalog_field,DataD1,,,,,1,
abilities,A0TE,Яд,Яд,catalog_field,DataB1,,,,,0.25,0.2
abilities,A0TE,Яд,Яд,catalog_field,DataC1,,,,,0.25,0.2
abilities,A0TE,Яд,Яд,catalog_field,DataD1,,,,,1,
abilities,A0TE,Яд,Яд,catalog_field,Dur1,,,,,3,1.5
abilities,A0TE,Яд,Яд,catalog_field,HeroDur1,,,,,3,1.5
abilities,A0TF,Яд,Яд,catalog_field,DataD1,,,,,1,
abilities,A0TH,Тотем Стойкости,Тотем Стойкости,catalog_field,DataA1,,,,,"A0FN,A0FO,A0FM,A0FL","A0FN,A0FM"
abilities,A0TH,Тотем Стойкости,Тотем Стойкости,catalog_field,DataC1,,,,,4,2
abilities,A0TH,Тотем Стойкости,Тотем Стойкости,catalog_field,DataD1,,,,,4,2
abilities,A0TK,Магическая Цепь,Магическая Цепь,catalog_field,DataA1,,,,,"A063,A013,A011,A0TJ","A0BL,A09V,A06N"
abilities,A0TK,Магическая Цепь,Магическая Цепь,catalog_field,DataC1,,,,,4,3
abilities,A0TK,Магическая Цепь,Магическая Цепь,catalog_field,DataD1,,,,,4,3
abilities,A0TM,Магическая Цепь,Магическая Цепь,catalog_field,Cost1,,,,,200,400
abilities,A0TR,Темная стая,Темная материя,catalog_field,Area1,,,,,100,
abilities,A0TR,Темная стая,Темная материя,catalog_field,Cost1,,,,,100,150
abilities,A0TR,Темная стая,Темная материя,catalog_field,DataA1,,,,,400,
abilities,A0TR,Темная стая,Темная материя,catalog_field,DataB1,,,,,999999,
abilities,A0TR,Темная стая,Темная материя,catalog_field,DataC1,,,,,800,
abilities,A0TR,Темная стая,Темная материя,catalog_field,DataD1,,,,,300,
abilities,A0TR,Темная стая,Темная материя,catalog_field,Dur1,,,,,,0.01
abilities,A0TR,Темная стая,Темная материя,catalog_field,HeroDur1,,,,,,0.01
abilities,A0TR,Темная стая,Темная материя,catalog_field,Rng1,,,,,700,
abilities,A0TS,Души,Лик смерти,catalog_field,Casterart,,,,,Abilities\Spells\Undead\DarkRitual\DarkRitualCaster.mdl,
abilities,A0TS,Души,Лик смерти,catalog_field,Cool1,,,,,28,24
abilities,A0TU,Подчинение,Нечестивый союз,catalog_field,Cool1,,,,,33,34
abilities,A0TU,Подчинение,Нечестивый союз,catalog_field,DataA1,,,,,,0.9
abilities,A0TU,Подчинение,Нечестивый союз,catalog_field,Dur1,,,,,0.01,10
abilities,A0TU,Подчинение,Нечестивый союз,catalog_field,HeroDur1,,,,,0.01,10
abilities,A0TW,Пинок,Пинок,catalog_field,Cost1,,,,,,50
abilities,A0TX,Переливание,Переливание,catalog_field,Cost1,,,,,100,
abilities,A0TY,Палач,Режимы стрельбы,catalog_field,levels,,,,,1,3
abilities,A0U0,Иллюзии,Иллюзии,catalog_field,Cost1,,,,,,100
abilities,A0U5,Древняя Сила,Древняя Сила,catalog_field,Cast1,,,,,0.8,
abilities,A0U5,Древняя Сила,Древняя Сила,catalog_field,Cast2,,,,,0.8,
abilities,A0U5,Древняя Сила,Древняя Сила,catalog_field,Cast3,,,,,0.8,
abilities,A0U7,Разложение,Разложение,catalog_field,Cool2,,,,,28,24
abilities,A0U7,Разложение,Разложение,catalog_field,Cool3,,,,,28,20
abilities,A0UC,Минотавр - Чемпион (Накопленая ярость) del,Адмирал (Меч Адмирала),catalog_field,DataA1,,,,,_,"A10C,A0KB,A0T0"
abilities,A0UE,Живое Пламя,Драконий Щит,catalog_field,DataA1,,,,,"A0C6,A063,A01L,A01C","A0OP,A063"
abilities,A0UE,Живое Пламя,Драконий Щит,catalog_field,DataC1,,,,,4,2
abilities,A0UE,Живое Пламя,Драконий Щит,catalog_field,DataD1,,,,,4,2
abilities,A0UG,Зомби,Зомби,catalog_field,DataD1,,,,,,0.5
abilities,A0UG,Зомби,Зомби,catalog_field,DataD2,,,,,,0.5
abilities,A0UG,Зомби,Зомби,catalog_field,DataD3,,,,,,0.5
abilities,A0UG,Зомби,Зомби,catalog_field,DataF1,,,,,immolation,carrionswarm
abilities,A0UG,Зомби,Зомби,catalog_field,DataF2,,,,,immolation,carrionswarm
abilities,A0UG,Зомби,Зомби,catalog_field,DataF3,,,,,immolation,carrionswarm
abilities,A0UH,Воин Плети (Сила Плети) del,Эманация Бездны,catalog_field,DataA1,,,,,_,A1DQ
abilities,A0UH,Воин Плети (Сила Плети) del,Эманация Бездны,catalog_field,DataC1,,,,,3,1
abilities,A0UH,Воин Плети (Сила Плети) del,Эманация Бездны,catalog_field,DataD1,,,,,3,1
abilities,A0UI,Oгнeннoe кoпьe,Огненное копье,catalog_field,Area1,,,,,70,100
abilities,A0UI,Oгнeннoe кoпьe,Огненное копье,catalog_field,Area2,,,,,70,100
abilities,A0UI,Oгнeннoe кoпьe,Огненное копье,catalog_field,Area3,,,,,70,100
abilities,A0UI,Oгнeннoe кoпьe,Огненное копье,catalog_field,DataA1,,,,,1.9,1.4
abilities,A0UI,Oгнeннoe кoпьe,Огненное копье,catalog_field,DataA2,,,,,1.9,1.4
abilities,A0UI,Oгнeннoe кoпьe,Огненное копье,catalog_field,DataA3,,,,,1.9,1.4
abilities,A0UI,Oгнeннoe кoпьe,Огненное копье,catalog_field,DataF1,,,,,acidbomb,starfall
abilities,A0UI,Oгнeннoe кoпьe,Огненное копье,catalog_field,DataF2,,,,,acidbomb,starfall
abilities,A0UI,Oгнeннoe кoпьe,Огненное копье,catalog_field,DataF3,,,,,acidbomb,starfall
abilities,A0UP,Aтaкa,Aтaкa,catalog_field,DataA1,,,,,75,90
abilities,A0UR,Пpoклятьe Пpиpoды,Пpoклятьe Пpиpoды,catalog_field,Area1,,,,,350,275
abilities,A0UR,Пpoклятьe Пpиpoды,Пpoклятьe Пpиpoды,catalog_field,Area2,,,,,350,275
abilities,A0UR,Пpoклятьe Пpиpoды,Пpoклятьe Пpиpoды,catalog_field,Area3,,,,,350,275
abilities,A0UR,Пpoклятьe Пpиpoды,Пpoклятьe Пpиpoды,catalog_field,Cool1,,,,,220,180
abilities,A0UR,Пpoклятьe Пpиpoды,Пpoклятьe Пpиpoды,catalog_field,Cool2,,,,,220,180
abilities,A0UR,Пpoклятьe Пpиpoды,Пpoклятьe Пpиpoды,catalog_field,Cool3,,,,,220,180
abilities,A0UR,Пpoклятьe Пpиpoды,Пpoклятьe Пpиpoды,catalog_field,Rng1,,,,,650,700
abilities,A0UR,Пpoклятьe Пpиpoды,Пpoклятьe Пpиpoды,catalog_field,Rng2,,,,,650,700
abilities,A0UR,Пpoклятьe Пpиpoды,Пpoклятьe Пpиpoды,catalog_field,Rng3,,,,,650,700
abilities,A0US,Пpoклятьe Пpиpoды,Пpoклятьe Пpиpoды,catalog_field,Area1,,,,,350,275
abilities,A0US,Пpoклятьe Пpиpoды,Пpoклятьe Пpиpoды,catalog_field,Area2,,,,,350,275
abilities,A0US,Пpoклятьe Пpиpoды,Пpoклятьe Пpиpoды,catalog_field,Area3,,,,,350,275
abilities,A0US,Пpoклятьe Пpиpoды,Пpoклятьe Пpиpoды,catalog_field,Cool1,,,,,220,180
abilities,A0US,Пpoклятьe Пpиpoды,Пpoклятьe Пpиpoды,catalog_field,Cool2,,,,,220,180
abilities,A0US,Пpoклятьe Пpиpoды,Пpoклятьe Пpиpoды,catalog_field,Cool3,,,,,220,180
abilities,A0US,Пpoклятьe Пpиpoды,Пpoклятьe Пpиpoды,catalog_field,Rng1,,,,,650,700
abilities,A0US,Пpoклятьe Пpиpoды,Пpoклятьe Пpиpoды,catalog_field,Rng2,,,,,650,700
abilities,A0US,Пpoклятьe Пpиpoды,Пpoклятьe Пpиpoды,catalog_field,Rng3,,,,,650,700
abilities,A0UU,Темные дары,Темные дары,catalog_field,Dur1,,,,,1,20
abilities,A0UU,Темные дары,Темные дары,catalog_field,Dur2,,,,,1,20
abilities,A0UU,Темные дары,Темные дары,catalog_field,Dur3,,,,,1,20
abilities,A0UU,Темные дары,Темные дары,catalog_field,HeroDur1,,,,,1,20
abilities,A0UU,Темные дары,Темные дары,catalog_field,HeroDur2,,,,,1,20
abilities,A0UU,Темные дары,Темные дары,catalog_field,HeroDur3,,,,,1,20
abilities,A0UV,Aтaкa,Aтaкa,catalog_field,DataA1,,,,,55,50
abilities,A0UW,Зона вечной энергии,Зона вечной жизни,catalog_field,Cool1,,,,,25,26
abilities,A0UW,Зона вечной энергии,Зона вечной жизни,catalog_field,Cool2,,,,,25,24
abilities,A0UW,Зона вечной энергии,Зона вечной жизни,catalog_field,Cool3,,,,,25,20
abilities,A0UW,Зона вечной энергии,Зона вечной жизни,catalog_field,Cost1,,,,,75,90
abilities,A0UW,Зона вечной энергии,Зона вечной жизни,catalog_field,Cost2,,,,,75,110
abilities,A0UW,Зона вечной энергии,Зона вечной жизни,catalog_field,Cost3,,,,,75,130
abilities,A0UW,Зона вечной энергии,Зона вечной жизни,catalog_field,DataF1,,,,,chemicalrage,cloudoffog
abilities,A0UW,Зона вечной энергии,Зона вечной жизни,catalog_field,DataF2,,,,,chemicalrage,cloudoffog
abilities,A0UW,Зона вечной энергии,Зона вечной жизни,catalog_field,DataF3,,,,,chemicalrage,cloudoffog
abilities,A0V0,Теневая лихорадка,Теневая лихорадка,catalog_field,Cool1,,,,,12,15
abilities,A0V1,Чародейский барьер,Химическое зелье,catalog_field,Cool2,,,,,12,16
abilities,A0V1,Чародейский барьер,Химическое зелье,catalog_field,Cool3,,,,,8,16
abilities,A0V1,Чародейский барьер,Химическое зелье,catalog_field,Cost1,,,,,,80
abilities,A0V1,Чародейский барьер,Химическое зелье,catalog_field,Cost2,,,,,,100
abilities,A0V1,Чародейский барьер,Химическое зелье,catalog_field,Cost3,,,,,,120
abilities,A0V1,Чародейский барьер,Химическое зелье,catalog_field,DataB1,,,,,1,
abilities,A0V1,Чародейский барьер,Химическое зелье,catalog_field,DataB2,,,,,1,
abilities,A0V1,Чародейский барьер,Химическое зелье,catalog_field,DataB3,,,,,1,
abilities,A0V1,Чародейский барьер,Химическое зелье,catalog_field,DataF1,,,,,drunkenhaze,fanofknives
abilities,A0V1,Чародейский барьер,Химическое зелье,catalog_field,DataF2,,,,,drunkenhaze,fanofknives
abilities,A0V1,Чародейский барьер,Химическое зелье,catalog_field,DataF3,,,,,drunkenhaze,fanofknives
abilities,A0V1,Чародейский барьер,Химическое зелье,catalog_field,Rng1,,,,,800,375
abilities,A0V1,Чародейский барьер,Химическое зелье,catalog_field,Rng2,,,,,800,375
abilities,A0V1,Чародейский барьер,Химическое зелье,catalog_field,Rng3,,,,,800,375
abilities,A0VG,Секира Ярости,Секира Ярости,catalog_field,DataE1,,,,,-2.5,-2
abilities,A0VN,Живое Пламя,Живое Пламя,catalog_field,Area1,,,,,900,1000
abilities,A0VW,Ледяная тюрьма,Ледяная тюрьма,catalog_field,DataF1,,,,,decouple,fanofknives
abilities,A0VW,Ледяная тюрьма,Ледяная тюрьма,catalog_field,DataF2,,,,,decouple,fanofknives
abilities,A0VW,Ледяная тюрьма,Ледяная тюрьма,catalog_field,DataF3,,,,,decouple,fanofknives
abilities,A0W0,Водоворот энергии,Водоворот энергии,catalog_field,Area1,,,,,400,125
abilities,A0W0,Водоворот энергии,Водоворот энергии,catalog_field,Area2,,,,,400,150
abilities,A0W0,Водоворот энергии,Водоворот энергии,catalog_field,Area3,,,,,400,175
abilities,A0W0,Водоворот энергии,Водоворот энергии,catalog_field,Cool1,,,,,32,22
abilities,A0W0,Водоворот энергии,Водоворот энергии,catalog_field,Cool2,,,,,32,22
abilities,A0W0,Водоворот энергии,Водоворот энергии,catalog_field,Cool3,,,,,32,22
abilities,A0W0,Водоворот энергии,Водоворот энергии,catalog_field,Cost1,,,,,100,150
abilities,A0W0,Водоворот энергии,Водоворот энергии,catalog_field,Cost2,,,,,150,200
abilities,A0W0,Водоворот энергии,Водоворот энергии,catalog_field,Cost3,,,,,200,250
abilities,A0W0,Водоворот энергии,Водоворот энергии,catalog_field,DataF1,,,,,loadcorpse,cloudoffog
abilities,A0W0,Водоворот энергии,Водоворот энергии,catalog_field,DataF2,,,,,loadcorpse,cloudoffog
abilities,A0W0,Водоворот энергии,Водоворот энергии,catalog_field,DataF3,,,,,loadcorpse,cloudoffog
abilities,A0W0,Водоворот энергии,Водоворот энергии,catalog_field,Rng1,,,,,650,600
abilities,A0W0,Водоворот энергии,Водоворот энергии,catalog_field,Rng2,,,,,675,600
abilities,A0W0,Водоворот энергии,Водоворот энергии,catalog_field,Rng3,,,,,700,600
abilities,A0W1,Искажение реальности,Искажение реальности,catalog_field,DataF1,,,,,inferno,silence
abilities,A0W1,Искажение реальности,Искажение реальности,catalog_field,DataF2,,,,,inferno,silence
abilities,A0W1,Искажение реальности,Искажение реальности,catalog_field,DataF3,,,,,inferno,silence
abilities,A0W2,Всплеск Энергии,Всплеск Энергии,catalog_field,Area1,,,,,300,425
abilities,A0W2,Всплеск Энергии,Всплеск Энергии,catalog_field,Area2,,,,,300,425
abilities,A0W2,Всплеск Энергии,Всплеск Энергии,catalog_field,Area3,,,,,300,425
abilities,A0W2,Всплеск Энергии,Всплеск Энергии,catalog_field,Cost1,,,,,30,
abilities,A0W2,Всплеск Энергии,Всплеск Энергии,catalog_field,Cost2,,,,,30,
abilities,A0W2,Всплеск Энергии,Всплеск Энергии,catalog_field,Cost3,,,,,30,
abilities,A0W2,Всплеск Энергии,Всплеск Энергии,catalog_field,DataB1,,,,,30,50
abilities,A0W2,Всплеск Энергии,Всплеск Энергии,catalog_field,DataB2,,,,,60,75
abilities,A0W2,Всплеск Энергии,Всплеск Энергии,catalog_field,DataB3,,,,,90,100
abilities,A0W2,Всплеск Энергии,Всплеск Энергии,catalog_field,DataC1,,,,,40,
abilities,A0W2,Всплеск Энергии,Всплеск Энергии,catalog_field,DataC2,,,,,70,
abilities,A0W2,Всплеск Энергии,Всплеск Энергии,catalog_field,DataC3,,,,,100,
abilities,A0W3,Гениальность,Нeyязвимocть,catalog_field,Cool1,,,,,,200
abilities,A0W3,Гениальность,Нeyязвимocть,catalog_field,Cool2,,,,,,190
abilities,A0W3,Гениальность,Нeyязвимocть,catalog_field,Cool3,,,,,,180
abilities,A0W3,Гениальность,Нeyязвимocть,catalog_field,Cost1,,,,,,300
abilities,A0W3,Гениальность,Нeyязвимocть,catalog_field,Cost2,,,,,,400
abilities,A0W3,Гениальность,Нeyязвимocть,catalog_field,Cost3,,,,,,500
abilities,A0W3,Гениальность,Нeyязвимocть,catalog_field,DataA1,,,,,100,
abilities,A0W3,Гениальность,Нeyязвимocть,catalog_field,DataA2,,,,,150,
abilities,A0W3,Гениальность,Нeyязвимocть,catalog_field,DataA3,,,,,200,
abilities,A0W3,Гениальность,Нeyязвимocть,catalog_field,reqLevel,,,,,2,5
abilities,A0W4,Водоворот энергии,Водоворот энергии,catalog_field,Area1,,,,,400,150
abilities,A0W4,Водоворот энергии,Водоворот энергии,catalog_field,Area2,,,,,400,175
abilities,A0W4,Водоворот энергии,Водоворот энергии,catalog_field,Area3,,,,,400,200
abilities,A0W4,Водоворот энергии,Водоворот энергии,catalog_field,Cool1,,,,,26,19
abilities,A0W4,Водоворот энергии,Водоворот энергии,catalog_field,Cool2,,,,,26,19
abilities,A0W4,Водоворот энергии,Водоворот энергии,catalog_field,Cool3,,,,,26,19
abilities,A0W4,Водоворот энергии,Водоворот энергии,catalog_field,Cost1,,,,,150,200
abilities,A0W4,Водоворот энергии,Водоворот энергии,catalog_field,Cost2,,,,,200,250
abilities,A0W4,Водоворот энергии,Водоворот энергии,catalog_field,Cost3,,,,,250,300
abilities,A0W4,Водоворот энергии,Водоворот энергии,catalog_field,DataF1,,,,,loadcorpse,cloudoffog
abilities,A0W4,Водоворот энергии,Водоворот энергии,catalog_field,DataF2,,,,,loadcorpse,cloudoffog
abilities,A0W4,Водоворот энергии,Водоворот энергии,catalog_field,DataF3,,,,,loadcorpse,cloudoffog
abilities,A0W4,Водоворот энергии,Водоворот энергии,catalog_field,Rng1,,,,,650,600
abilities,A0W4,Водоворот энергии,Водоворот энергии,catalog_field,Rng2,,,,,675,600
abilities,A0W4,Водоворот энергии,Водоворот энергии,catalog_field,Rng3,,,,,700,600
abilities,A0W5,Искажение реальности,Искажение реальности,catalog_field,Cool1,,,,,16,22
abilities,A0W5,Искажение реальности,Искажение реальности,catalog_field,Cool2,,,,,16,22
abilities,A0W5,Искажение реальности,Искажение реальности,catalog_field,Cool3,,,,,16,22
abilities,A0W5,Искажение реальности,Искажение реальности,catalog_field,DataF1,,,,,inferno,silence
abilities,A0W5,Искажение реальности,Искажение реальности,catalog_field,DataF2,,,,,inferno,silence
abilities,A0W5,Искажение реальности,Искажение реальности,catalog_field,DataF3,,,,,inferno,silence
abilities,A0W8,Жертва,Шлем РЛ,catalog_field,Cool1,,,,,16,30
abilities,A0W8,Жертва,Шлем РЛ,catalog_field,DataC1,,,,,550,
abilities,A0W8,Жертва,Шлем РЛ,catalog_field,Rng1,,,,,500,700
abilities,A0W9,Энты,Призыв Беса,catalog_field,Area1,,,,,,200
abilities,A0W9,Энты,Призыв Беса,catalog_field,Area2,,,,,,200
abilities,A0W9,Энты,Призыв Беса,catalog_field,Area3,,,,,,200
abilities,A0W9,Энты,Призыв Беса,catalog_field,Casterart,,,,,,
abilities,A0W9,Энты,Призыв Беса,catalog_field,Casterattach,,,,,,
abilities,A0W9,Энты,Призыв Беса,catalog_field,Cool1,,,,,25,10
abilities,A0W9,Энты,Призыв Беса,catalog_field,Cool2,,,,,25,10
abilities,A0W9,Энты,Призыв Беса,catalog_field,Cool3,,,,,25,10
abilities,A0W9,Энты,Призыв Беса,catalog_field,Cool4,,,,,100,
abilities,A0W9,Энты,Призыв Беса,catalog_field,Cost2,,,,,150,120
abilities,A0W9,Энты,Призыв Беса,catalog_field,Cost3,,,,,200,140
abilities,A0W9,Энты,Призыв Беса,catalog_field,DataA1,,,,,e00G,
abilities,A0W9,Энты,Призыв Беса,catalog_field,DataA2,,,,,e00H,
abilities,A0W9,Энты,Призыв Беса,catalog_field,DataA3,,,,,e00I,
abilities,A0W9,Энты,Призыв Беса,catalog_field,DataA4,,,,,"nbal,nfel",180
abilities,A0W9,Энты,Призыв Беса,catalog_field,DataB1,,,,,3,2
abilities,A0W9,Энты,Призыв Беса,catalog_field,DataB2,,,,,3,2
abilities,A0W9,Энты,Призыв Беса,catalog_field,DataB3,,,,,3,2
abilities,A0W9,Энты,Призыв Беса,catalog_field,DataB4,,,,,5,
abilities,A0W9,Энты,Призыв Беса,catalog_field,DataC4,,,,,6,
abilities,A0W9,Энты,Призыв Беса,catalog_field,DataD4,,,,,,0.98
abilities,A0W9,Энты,Призыв Беса,catalog_field,DataE4,,,,,,1
abilities,A0W9,Энты,Призыв Беса,catalog_field,DataF1,,,,,,clusterrockets
abilities,A0W9,Энты,Призыв Беса,catalog_field,DataF2,,,,,,clusterrockets
abilities,A0W9,Энты,Призыв Беса,catalog_field,DataF3,,,,,,clusterrockets
abilities,A0W9,Энты,Призыв Беса,catalog_field,Dur1,,,,,1,
abilities,A0W9,Энты,Призыв Беса,catalog_field,Dur2,,,,,1,
abilities,A0W9,Энты,Призыв Беса,catalog_field,Dur3,,,,,1,
abilities,A0W9,Энты,Призыв Беса,catalog_field,Dur4,,,,,1,
abilities,A0W9,Энты,Призыв Беса,catalog_field,Rng1,,,,,400,600
abilities,A0W9,Энты,Призыв Беса,catalog_field,Rng2,,,,,400,600
abilities,A0W9,Энты,Призыв Беса,catalog_field,Rng3,,,,,400,600
abilities,A0W9,Энты,Призыв Беса,catalog_field,Rng4,,,,,800,500
abilities,A0WB,Дyх paвнин,Чистилище,catalog_field,Area1,,,,,200,
abilities,A0WB,Дyх paвнин,Чистилище,catalog_field,Area2,,,,,200,
abilities,A0WB,Дyх paвнин,Чистилище,catalog_field,Area3,,,,,200,
abilities,A0WB,Дyх paвнин,Чистилище,catalog_field,Area4,,,,,200,
abilities,A0WB,Дyх paвнин,Чистилище,catalog_field,Casterart,,,,,,
abilities,A0WB,Дyх paвнин,Чистилище,catalog_field,Casterattach,,,,,,
abilities,A0WB,Дyх paвнин,Чистилище,catalog_field,Cool1,,,,,35,90
abilities,A0WB,Дyх paвнин,Чистилище,catalog_field,Cool2,,,,,35,90
abilities,A0WB,Дyх paвнин,Чистилище,catalog_field,Cool3,,,,,35,90
abilities,A0WB,Дyх paвнин,Чистилище,catalog_field,Cool4,,,,,20,
abilities,A0WB,Дyх paвнин,Чистилище,catalog_field,Cost1,,,,,100,120
abilities,A0WB,Дyх paвнин,Чистилище,catalog_field,Cost3,,,,,200,180
abilities,A0WB,Дyх paвнин,Чистилище,catalog_field,Cost4,,,,,125,
abilities,A0WB,Дyх paвнин,Чистилище,catalog_field,DataA1,,,,,2,
abilities,A0WB,Дyх paвнин,Чистилище,catalog_field,DataA2,,,,,2,
abilities,A0WB,Дyх paвнин,Чистилище,catalog_field,DataA3,,,,,2,
abilities,A0WB,Дyх paвнин,Чистилище,catalog_field,DataA4,,,,,1,180
abilities,A0WB,Дyх paвнин,Чистилище,catalog_field,DataC1,,,,,,1
abilities,A0WB,Дyх paвнин,Чистилище,catalog_field,DataC2,,,,,,1
abilities,A0WB,Дyх paвнин,Чистилище,catalog_field,DataC3,,,,,,1
abilities,A0WB,Дyх paвнин,Чистилище,catalog_field,DataD4,,,,,,0.98
abilities,A0WB,Дyх paвнин,Чистилище,catalog_field,DataE4,,,,,,1
abilities,A0WB,Дyх paвнин,Чистилище,catalog_field,DataF1,,,,,,stomp
abilities,A0WB,Дyх paвнин,Чистилище,catalog_field,DataF2,,,,,,stomp
abilities,A0WB,Дyх paвнин,Чистилище,catalog_field,DataF3,,,,,,stomp
abilities,A0WB,Дyх paвнин,Чистилище,catalog_field,Dur1,,,,,20,
abilities,A0WB,Дyх paвнин,Чистилище,catalog_field,Dur2,,,,,25,
abilities,A0WB,Дyх paвнин,Чистилище,catalog_field,Dur3,,,,,30,
abilities,A0WB,Дyх paвнин,Чистилище,catalog_field,Dur4,,,,,60,
abilities,A0WB,Дyх paвнин,Чистилище,catalog_field,HeroDur1,,,,,20,
abilities,A0WB,Дyх paвнин,Чистилище,catalog_field,HeroDur2,,,,,25,
abilities,A0WB,Дyх paвнин,Чистилище,catalog_field,HeroDur3,,,,,30,
abilities,A0WB,Дyх paвнин,Чистилище,catalog_field,HeroDur4,,,,,60,
abilities,A0WB,Дyх paвнин,Чистилище,catalog_field,Rng4,,,,,,500
abilities,A0WB,Дyх paвнин,Чистилище,catalog_field,reqLevel,,,,,1,5
abilities,A0WC,Дyхи oгня,Маркер,catalog_field,Area1,,,,,200,
abilities,A0WC,Дyхи oгня,Маркер,catalog_field,Area2,,,,,200,
abilities,A0WC,Дyхи oгня,Маркер,catalog_field,Area3,,,,,200,
abilities,A0WC,Дyхи oгня,Маркер,catalog_field,Area4,,,,,200,
abilities,A0WC,Дyхи oгня,Маркер,catalog_field,Cool1,,,,,20,
abilities,A0WC,Дyхи oгня,Маркер,catalog_field,Cool2,,,,,20,
abilities,A0WC,Дyхи oгня,Маркер,catalog_field,Cool3,,,,,20,
abilities,A0WC,Дyхи oгня,Маркер,catalog_field,Cool4,,,,,35,
abilities,A0WC,Дyхи oгня,Маркер,catalog_field,Cost1,,,,,120,
abilities,A0WC,Дyхи oгня,Маркер,catalog_field,Cost2,,,,,180,
abilities,A0WC,Дyхи oгня,Маркер,catalog_field,Cost3,,,,,240,
abilities,A0WC,Дyхи oгня,Маркер,catalog_field,Cost4,,,,,150,
abilities,A0WC,Дyхи oгня,Маркер,catalog_field,DataA1,,,,,2,
abilities,A0WC,Дyхи oгня,Маркер,catalog_field,DataA2,,,,,2,50
abilities,A0WC,Дyхи oгня,Маркер,catalog_field,DataA3,,,,,3,100
abilities,A0WC,Дyхи oгня,Маркер,catalog_field,DataA4,,,,,1,
abilities,A0WC,Дyхи oгня,Маркер,catalog_field,DataB1,,,,,5,
abilities,A0WC,Дyхи oгня,Маркер,catalog_field,DataB2,,,,,5,
abilities,A0WC,Дyхи oгня,Маркер,catalog_field,DataB3,,,,,5,
abilities,A0WC,Дyхи oгня,Маркер,catalog_field,DataB4,,,,,5,
abilities,A0WC,Дyхи oгня,Маркер,catalog_field,DataC1,,,,,7,
abilities,A0WC,Дyхи oгня,Маркер,catalog_field,DataC2,,,,,7,
abilities,A0WC,Дyхи oгня,Маркер,catalog_field,DataC3,,,,,7,
abilities,A0WC,Дyхи oгня,Маркер,catalog_field,DataC4,,,,,15,
abilities,A0WC,Дyхи oгня,Маркер,catalog_field,DataD1,,,,,0.5,
abilities,A0WC,Дyхи oгня,Маркер,catalog_field,DataD2,,,,,0.5,
abilities,A0WC,Дyхи oгня,Маркер,catalog_field,DataD3,,,,,0.5,
abilities,A0WC,Дyхи oгня,Маркер,catalog_field,DataD4,,,,,0.5,
abilities,A0WC,Дyхи oгня,Маркер,catalog_field,DataE1,,,,,12,
abilities,A0WC,Дyхи oгня,Маркер,catalog_field,DataE2,,,,,12,
abilities,A0WC,Дyхи oгня,Маркер,catalog_field,DataE3,,,,,12,
abilities,A0WC,Дyхи oгня,Маркер,catalog_field,DataE4,,,,,12,
abilities,A0WC,Дyхи oгня,Маркер,catalog_field,DataF1,,,,,2,
abilities,A0WC,Дyхи oгня,Маркер,catalog_field,DataF2,,,,,2,
abilities,A0WC,Дyхи oгня,Маркер,catalog_field,DataF3,,,,,2,
abilities,A0WC,Дyхи oгня,Маркер,catalog_field,DataF4,,,,,3,
abilities,A0WC,Дyхи oгня,Маркер,catalog_field,Dur1,,,,,60,
abilities,A0WC,Дyхи oгня,Маркер,catalog_field,Dur2,,,,,60,
abilities,A0WC,Дyхи oгня,Маркер,catalog_field,Dur3,,,,,60,
abilities,A0WC,Дyхи oгня,Маркер,catalog_field,Dur4,,,,,60,
abilities,A0WC,Дyхи oгня,Маркер,catalog_field,HeroDur1,,,,,60,
abilities,A0WC,Дyхи oгня,Маркер,catalog_field,HeroDur2,,,,,60,
abilities,A0WC,Дyхи oгня,Маркер,catalog_field,HeroDur3,,,,,60,
abilities,A0WC,Дyхи oгня,Маркер,catalog_field,HeroDur4,,,,,60,
abilities,A0WC,Дyхи oгня,Маркер,catalog_field,levels,,,,,3,1
abilities,A0WC,Дyхи oгня,Маркер,catalog_field,reqLevel,,,,,2,
abilities,A0WD,Дyхи Вoды,Присутствие Орна,catalog_field,Area1,,,,,200,9000
abilities,A0WD,Дyхи Вoды,Присутствие Орна,catalog_field,Area2,,,,,200,
abilities,A0WD,Дyхи Вoды,Присутствие Орна,catalog_field,Area3,,,,,200,
abilities,A0WD,Дyхи Вoды,Присутствие Орна,catalog_field,Area4,,,,,200,
abilities,A0WD,Дyхи Вoды,Присутствие Орна,catalog_field,Cool1,,,,,20,
abilities,A0WD,Дyхи Вoды,Присутствие Орна,catalog_field,Cool2,,,,,19,
abilities,A0WD,Дyхи Вoды,Присутствие Орна,catalog_field,Cool3,,,,,18,
abilities,A0WD,Дyхи Вoды,Присутствие Орна,catalog_field,Cool4,,,,,30,
abilities,A0WD,Дyхи Вoды,Присутствие Орна,catalog_field,Cost1,,,,,100,
abilities,A0WD,Дyхи Вoды,Присутствие Орна,catalog_field,Cost2,,,,,125,
abilities,A0WD,Дyхи Вoды,Присутствие Орна,catalog_field,Cost3,,,,,150,
abilities,A0WD,Дyхи Вoды,Присутствие Орна,catalog_field,Cost4,,,,,100,
abilities,A0WD,Дyхи Вoды,Присутствие Орна,catalog_field,DataB1,,,,,3,
abilities,A0WD,Дyхи Вoды,Присутствие Орна,catalog_field,DataB2,,,,,3,
abilities,A0WD,Дyхи Вoды,Присутствие Орна,catalog_field,DataB3,,,,,3,
abilities,A0WD,Дyхи Вoды,Присутствие Орна,catalog_field,DataB4,,,,,2,
abilities,A0WD,Дyхи Вoды,Присутствие Орна,catalog_field,Dur1,,,,,60,
abilities,A0WD,Дyхи Вoды,Присутствие Орна,catalog_field,Dur2,,,,,60,
abilities,A0WD,Дyхи Вoды,Присутствие Орна,catalog_field,Dur3,,,,,60,
abilities,A0WD,Дyхи Вoды,Присутствие Орна,catalog_field,Dur4,,,,,60,
abilities,A0WD,Дyхи Вoды,Присутствие Орна,catalog_field,HeroDur1,,,,,60,
abilities,A0WD,Дyхи Вoды,Присутствие Орна,catalog_field,HeroDur2,,,,,60,
abilities,A0WD,Дyхи Вoды,Присутствие Орна,catalog_field,HeroDur3,,,,,60,
abilities,A0WD,Дyхи Вoды,Присутствие Орна,catalog_field,HeroDur4,,,,,60,
abilities,A0WD,Дyхи Вoды,Присутствие Орна,catalog_field,Rng1,,,,,800,
abilities,A0WD,Дyхи Вoды,Присутствие Орна,catalog_field,Rng2,,,,,800,
abilities,A0WD,Дyхи Вoды,Присутствие Орна,catalog_field,Rng3,,,,,800,
abilities,A0WD,Дyхи Вoды,Присутствие Орна,catalog_field,Rng4,,,,,800,
abilities,A0WD,Дyхи Вoды,Присутствие Орна,catalog_field,levels,,,,,3,1
abilities,A0WD,Дyхи Вoды,Присутствие Орна,catalog_field,reqLevel,,,,,1,
abilities,A0WE,Дyхи Вoды,Присутствие Орна,catalog_field,Area1,,,,,200,9000
abilities,A0WE,Дyхи Вoды,Присутствие Орна,catalog_field,Area2,,,,,200,
abilities,A0WE,Дyхи Вoды,Присутствие Орна,catalog_field,Area3,,,,,200,
abilities,A0WE,Дyхи Вoды,Присутствие Орна,catalog_field,Area4,,,,,200,
abilities,A0WE,Дyхи Вoды,Присутствие Орна,catalog_field,Cool1,,,,,22,
abilities,A0WE,Дyхи Вoды,Присутствие Орна,catalog_field,Cool2,,,,,22,
abilities,A0WE,Дyхи Вoды,Присутствие Орна,catalog_field,Cool3,,,,,22,
abilities,A0WE,Дyхи Вoды,Присутствие Орна,catalog_field,Cool4,,,,,30,
abilities,A0WE,Дyхи Вoды,Присутствие Орна,catalog_field,Cost1,,,,,150,
abilities,A0WE,Дyхи Вoды,Присутствие Орна,catalog_field,Cost2,,,,,200,
abilities,A0WE,Дyхи Вoды,Присутствие Орна,catalog_field,Cost3,,,,,250,
abilities,A0WE,Дyхи Вoды,Присутствие Орна,catalog_field,Cost4,,,,,100,
abilities,A0WE,Дyхи Вoды,Присутствие Орна,catalog_field,DataB1,,,,,4,
abilities,A0WE,Дyхи Вoды,Присутствие Орна,catalog_field,DataB2,,,,,4,
abilities,A0WE,Дyхи Вoды,Присутствие Орна,catalog_field,DataB3,,,,,4,
abilities,A0WE,Дyхи Вoды,Присутствие Орна,catalog_field,DataB4,,,,,2,
abilities,A0WE,Дyхи Вoды,Присутствие Орна,catalog_field,Dur1,,,,,60,
abilities,A0WE,Дyхи Вoды,Присутствие Орна,catalog_field,Dur2,,,,,60,
abilities,A0WE,Дyхи Вoды,Присутствие Орна,catalog_field,Dur3,,,,,60,
abilities,A0WE,Дyхи Вoды,Присутствие Орна,catalog_field,Dur4,,,,,60,
abilities,A0WE,Дyхи Вoды,Присутствие Орна,catalog_field,HeroDur1,,,,,60,
abilities,A0WE,Дyхи Вoды,Присутствие Орна,catalog_field,HeroDur2,,,,,60,
abilities,A0WE,Дyхи Вoды,Присутствие Орна,catalog_field,HeroDur3,,,,,60,
abilities,A0WE,Дyхи Вoды,Присутствие Орна,catalog_field,HeroDur4,,,,,60,
abilities,A0WE,Дyхи Вoды,Присутствие Орна,catalog_field,Rng1,,,,,800,
abilities,A0WE,Дyхи Вoды,Присутствие Орна,catalog_field,Rng2,,,,,800,
abilities,A0WE,Дyхи Вoды,Присутствие Орна,catalog_field,Rng3,,,,,800,
abilities,A0WE,Дyхи Вoды,Присутствие Орна,catalog_field,Rng4,,,,,800,
abilities,A0WE,Дyхи Вoды,Присутствие Орна,catalog_field,levels,,,,,3,1
abilities,A0WE,Дyхи Вoды,Присутствие Орна,catalog_field,reqLevel,,,,,1,
abilities,A0WF,Звepи,Присутствие Орна,catalog_field,Area1,,,,,,9000
abilities,A0WF,Звepи,Присутствие Орна,catalog_field,Cool1,,,,,60,
abilities,A0WF,Звepи,Присутствие Орна,catalog_field,Cool2,,,,,60,
abilities,A0WF,Звepи,Присутствие Орна,catalog_field,Cool3,,,,,60,
abilities,A0WF,Звepи,Присутствие Орна,catalog_field,Cool4,,,,,100,
abilities,A0WF,Звepи,Присутствие Орна,catalog_field,Cost1,,,,,120,
abilities,A0WF,Звepи,Присутствие Орна,catalog_field,Cost2,,,,,120,
abilities,A0WF,Звepи,Присутствие Орна,catalog_field,Cost3,,,,,120,
abilities,A0WF,Звepи,Присутствие Орна,catalog_field,DataA1,,,,,"n00W,n00X",
abilities,A0WF,Звepи,Присутствие Орна,catalog_field,DataA2,,,,,"n00W,n00X,h004",
abilities,A0WF,Звepи,Присутствие Орна,catalog_field,DataA3,,,,,"n00W,n00X,h004,n00Y",
abilities,A0WF,Звepи,Присутствие Орна,catalog_field,DataA4,,,,,"nbal,nfel",
abilities,A0WF,Звepи,Присутствие Орна,catalog_field,DataB1,,,,,3,
abilities,A0WF,Звepи,Присутствие Орна,catalog_field,DataB2,,,,,4,
abilities,A0WF,Звepи,Присутствие Орна,catalog_field,DataB3,,,,,5,
abilities,A0WF,Звepи,Присутствие Орна,catalog_field,DataB4,,,,,5,
abilities,A0WF,Звepи,Присутствие Орна,catalog_field,DataC1,,,,,3,
abilities,A0WF,Звepи,Присутствие Орна,catalog_field,DataC2,,,,,4,
abilities,A0WF,Звepи,Присутствие Орна,catalog_field,DataC3,,,,,5,
abilities,A0WF,Звepи,Присутствие Орна,catalog_field,DataC4,,,,,6,
abilities,A0WF,Звepи,Присутствие Орна,catalog_field,Dur1,,,,,1,
abilities,A0WF,Звepи,Присутствие Орна,catalog_field,Dur2,,,,,1,
abilities,A0WF,Звepи,Присутствие Орна,catalog_field,Dur3,,,,,1,
abilities,A0WF,Звepи,Присутствие Орна,catalog_field,Dur4,,,,,1,
abilities,A0WF,Звepи,Присутствие Орна,catalog_field,Rng1,,,,,400,
abilities,A0WF,Звepи,Присутствие Орна,catalog_field,Rng2,,,,,400,
abilities,A0WF,Звepи,Присутствие Орна,catalog_field,Rng3,,,,,400,
abilities,A0WF,Звepи,Присутствие Орна,catalog_field,Rng4,,,,,800,
abilities,A0WF,Звepи,Присутствие Орна,catalog_field,levels,,,,,3,1
abilities,A0WF,Звepи,Присутствие Орна,catalog_field,reqLevel,,,,,5,
abilities,A0WG,Мepтвeцы,Присутствие Орна,catalog_field,Area1,,,,,200,9000
abilities,A0WG,Мepтвeцы,Присутствие Орна,catalog_field,Area2,,,,,200,
abilities,A0WG,Мepтвeцы,Присутствие Орна,catalog_field,Area3,,,,,200,
abilities,A0WG,Мepтвeцы,Присутствие Орна,catalog_field,Area4,,,,,200,
abilities,A0WG,Мepтвeцы,Присутствие Орна,catalog_field,Cool1,,,,,25,
abilities,A0WG,Мepтвeцы,Присутствие Орна,catalog_field,Cool2,,,,,25,
abilities,A0WG,Мepтвeцы,Присутствие Орна,catalog_field,Cool3,,,,,25,
abilities,A0WG,Мepтвeцы,Присутствие Орна,catalog_field,Cool4,,,,,20,
abilities,A0WG,Мepтвeцы,Присутствие Орна,catalog_field,Cost1,,,,,100,
abilities,A0WG,Мepтвeцы,Присутствие Орна,catalog_field,Cost2,,,,,200,
abilities,A0WG,Мepтвeцы,Присутствие Орна,catalog_field,Cost3,,,,,300,
abilities,A0WG,Мepтвeцы,Присутствие Орна,catalog_field,Cost4,,,,,125,
abilities,A0WG,Мepтвeцы,Присутствие Орна,catalog_field,DataA1,,,,,3,
abilities,A0WG,Мepтвeцы,Присутствие Орна,catalog_field,DataA2,,,,,4,
abilities,A0WG,Мepтвeцы,Присутствие Орна,catalog_field,DataA3,,,,,5,
abilities,A0WG,Мepтвeцы,Присутствие Орна,catalog_field,DataA4,,,,,1,
abilities,A0WG,Мepтвeцы,Присутствие Орна,catalog_field,Dur1,,,,,60,
abilities,A0WG,Мepтвeцы,Присутствие Орна,catalog_field,Dur2,,,,,60,
abilities,A0WG,Мepтвeцы,Присутствие Орна,catalog_field,Dur3,,,,,60,
abilities,A0WG,Мepтвeцы,Присутствие Орна,catalog_field,Dur4,,,,,60,
abilities,A0WG,Мepтвeцы,Присутствие Орна,catalog_field,HeroDur1,,,,,60,
abilities,A0WG,Мepтвeцы,Присутствие Орна,catalog_field,HeroDur2,,,,,60,
abilities,A0WG,Мepтвeцы,Присутствие Орна,catalog_field,HeroDur3,,,,,60,
abilities,A0WG,Мepтвeцы,Присутствие Орна,catalog_field,HeroDur4,,,,,60,
abilities,A0WG,Мepтвeцы,Присутствие Орна,catalog_field,levels,,,,,3,1
abilities,A0WG,Мepтвeцы,Присутствие Орна,catalog_field,reqLevel,,,,,2,
abilities,A0WH,Мepтвeцы,Прозрение,catalog_field,Area1,,,,,200,1000
abilities,A0WH,Мepтвeцы,Прозрение,catalog_field,Area2,,,,,200,
abilities,A0WH,Мepтвeцы,Прозрение,catalog_field,Area3,,,,,200,
abilities,A0WH,Мepтвeцы,Прозрение,catalog_field,Area4,,,,,200,
abilities,A0WH,Мepтвeцы,Прозрение,catalog_field,Casterart,,,,,,Abilities\Spells\Items\AItb\AItbTarget.mdl
abilities,A0WH,Мepтвeцы,Прозрение,catalog_field,Cool1,,,,,25,14
abilities,A0WH,Мepтвeцы,Прозрение,catalog_field,Cool2,,,,,25,
abilities,A0WH,Мepтвeцы,Прозрение,catalog_field,Cool3,,,,,25,
abilities,A0WH,Мepтвeцы,Прозрение,catalog_field,Cool4,,,,,20,
abilities,A0WH,Мepтвeцы,Прозрение,catalog_field,Cost1,,,,,150,
abilities,A0WH,Мepтвeцы,Прозрение,catalog_field,Cost2,,,,,300,
abilities,A0WH,Мepтвeцы,Прозрение,catalog_field,Cost3,,,,,450,
abilities,A0WH,Мepтвeцы,Прозрение,catalog_field,Cost4,,,,,125,
abilities,A0WH,Мepтвeцы,Прозрение,catalog_field,DataA2,,,,,4,
abilities,A0WH,Мepтвeцы,Прозрение,catalog_field,DataA3,,,,,5,
abilities,A0WH,Мepтвeцы,Прозрение,catalog_field,DataA4,,,,,1,
abilities,A0WH,Мepтвeцы,Прозрение,catalog_field,Dur1,,,,,60,8
abilities,A0WH,Мepтвeцы,Прозрение,catalog_field,Dur2,,,,,60,
abilities,A0WH,Мepтвeцы,Прозрение,catalog_field,Dur3,,,,,60,
abilities,A0WH,Мepтвeцы,Прозрение,catalog_field,Dur4,,,,,60,
abilities,A0WH,Мepтвeцы,Прозрение,catalog_field,HeroDur1,,,,,60,8
abilities,A0WH,Мepтвeцы,Прозрение,catalog_field,HeroDur2,,,,,60,
abilities,A0WH,Мepтвeцы,Прозрение,catalog_field,HeroDur3,,,,,60,
abilities,A0WH,Мepтвeцы,Прозрение,catalog_field,HeroDur4,,,,,60,
abilities,A0WH,Мepтвeцы,Прозрение,catalog_field,levels,,,,,3,1
abilities,A0WH,Мepтвeцы,Прозрение,catalog_field,reqLevel,,,,,2,
abilities,A0WI,Инфекция,True Sight,catalog_field,Cast1,,,,,60,
abilities,A0WI,Инфекция,True Sight,catalog_field,Cast2,,,,,60,
abilities,A0WI,Инфекция,True Sight,catalog_field,Cast3,,,,,60,
abilities,A0WI,Инфекция,True Sight,catalog_field,Cool1,,,,,5,
abilities,A0WI,Инфекция,True Sight,catalog_field,Cool2,,,,,5,
abilities,A0WI,Инфекция,True Sight,catalog_field,Cool3,,,,,5,
abilities,A0WI,Инфекция,True Sight,catalog_field,Cost1,,,,,15,
abilities,A0WI,Инфекция,True Sight,catalog_field,Cost2,,,,,30,
abilities,A0WI,Инфекция,True Sight,catalog_field,Cost3,,,,,45,
abilities,A0WI,Инфекция,True Sight,catalog_field,DataA1,,,,,20,3
abilities,A0WI,Инфекция,True Sight,catalog_field,DataA2,,,,,40,
abilities,A0WI,Инфекция,True Sight,catalog_field,DataA3,,,,,60,
abilities,A0WI,Инфекция,True Sight,catalog_field,DataD1,,,,,8,
abilities,A0WI,Инфекция,True Sight,catalog_field,DataD2,,,,,8,
abilities,A0WI,Инфекция,True Sight,catalog_field,DataD3,,,,,8,
abilities,A0WI,Инфекция,True Sight,catalog_field,DataE1,,,,,2,
abilities,A0WI,Инфекция,True Sight,catalog_field,DataE2,,,,,3,
abilities,A0WI,Инфекция,True Sight,catalog_field,DataE3,,,,,4,
abilities,A0WI,Инфекция,True Sight,catalog_field,Dur1,,,,,10,
abilities,A0WI,Инфекция,True Sight,catalog_field,Dur2,,,,,10,
abilities,A0WI,Инфекция,True Sight,catalog_field,Dur3,,,,,10,
abilities,A0WI,Инфекция,True Sight,catalog_field,HeroDur1,,,,,10,
abilities,A0WI,Инфекция,True Sight,catalog_field,HeroDur2,,,,,10,
abilities,A0WI,Инфекция,True Sight,catalog_field,HeroDur3,,,,,10,
abilities,A0WI,Инфекция,True Sight,catalog_field,Rng1,,,,,900,500
abilities,A0WI,Инфекция,True Sight,catalog_field,Rng2,,,,,900,
abilities,A0WI,Инфекция,True Sight,catalog_field,Rng3,,,,,900,
abilities,A0WI,Инфекция,True Sight,catalog_field,levels,,,,,3,1
abilities,A0WI,Инфекция,True Sight,catalog_field,reqLevel,,,,,1,
abilities,A0WJ,Посох Призыва,Завеса,catalog_field,Area1,,,,,,250
abilities,A0WJ,Посох Призыва,Завеса,catalog_field,DataA2,,,,,0.2,
abilities,A0WJ,Посох Призыва,Завеса,catalog_field,DataA3,,,,,0.3,
abilities,A0WJ,Посох Призыва,Завеса,catalog_field,DataA4,,,,,0.3,
abilities,A0WJ,Посох Призыва,Завеса,catalog_field,DataB1,,,,,,0.3
abilities,A0WJ,Посох Призыва,Завеса,catalog_field,DataB2,,,,,4,
abilities,A0WJ,Посох Призыва,Завеса,catalog_field,DataB3,,,,,6,
abilities,A0WJ,Посох Призыва,Завеса,catalog_field,DataB4,,,,,9,
abilities,A0WJ,Посох Призыва,Завеса,catalog_field,DataC1,,,,,"A048,A0WB",
abilities,A0WJ,Посох Призыва,Завеса,catalog_field,DataC2,,,,,"ANs1,ANs2",
abilities,A0WJ,Посох Призыва,Завеса,catalog_field,DataC3,,,,,"ANs2,ANs3",
abilities,A0WJ,Посох Призыва,Завеса,catalog_field,DataC4,,,,,"ANs2,ANs3",
abilities,A0WJ,Посох Призыва,Завеса,catalog_field,DataD1,,,,,"A0F2,A06R",
abilities,A0WJ,Посох Призыва,Завеса,catalog_field,DataD2,,,,,"ANc1,ANc2",
abilities,A0WJ,Посох Призыва,Завеса,catalog_field,DataD3,,,,,"ANc2,ANc3",
abilities,A0WJ,Посох Призыва,Завеса,catalog_field,DataD4,,,,,"ANc2,ANc3",
abilities,A0WJ,Посох Призыва,Завеса,catalog_field,DataE1,,,,,"A07C,A0FG",
abilities,A0WJ,Посох Призыва,Завеса,catalog_field,DataE2,,,,,"ANg1,ANg2",
abilities,A0WJ,Посох Призыва,Завеса,catalog_field,DataE3,,,,,"ANg2,ANg3",
abilities,A0WJ,Посох Призыва,Завеса,catalog_field,DataE4,,,,,"ANg2,ANg3",
abilities,A0WJ,Посох Призыва,Завеса,catalog_field,DataF1,,,,,_,
abilities,A0WJ,Посох Призыва,Завеса,catalog_field,DataF2,,,,,"ANd1,ANd2",
abilities,A0WJ,Посох Призыва,Завеса,catalog_field,DataF3,,,,,"ANd2,ANd3",
abilities,A0WJ,Посох Призыва,Завеса,catalog_field,DataF4,,,,,"ANd2,ANd3",
abilities,A0WJ,Посох Призыва,Завеса,catalog_field,Dur1,,,,,,0.7
abilities,A0WJ,Посох Призыва,Завеса,catalog_field,HeroDur1,,,,,,0.7
abilities,A0WJ,Посох Призыва,Завеса,catalog_field,Rng1,,,,,,9000
abilities,A0WJ,Посох Призыва,Завеса,catalog_field,reqLevel,,,,,1,
abilities,A0WK,Посох Призыва,Доспех Бога,catalog_field,Area1,,,,,,1
abilities,A0WK,Посох Призыва,Доспех Бога,catalog_field,Casterart,,,,,,
abilities,A0WK,Посох Призыва,Доспех Бога,catalog_field,Cool1,,,,,,16
abilities,A0WK,Посох Призыва,Доспех Бога,catalog_field,DataA2,,,,,0.2,
abilities,A0WK,Посох Призыва,Доспех Бога,catalog_field,DataA3,,,,,0.3,
abilities,A0WK,Посох Призыва,Доспех Бога,catalog_field,DataA4,,,,,0.3,
abilities,A0WK,Посох Призыва,Доспех Бога,catalog_field,DataB2,,,,,4,
abilities,A0WK,Посох Призыва,Доспех Бога,catalog_field,DataB3,,,,,6,
abilities,A0WK,Посох Призыва,Доспех Бога,catalog_field,DataB4,,,,,9,
abilities,A0WK,Посох Призыва,Доспех Бога,catalog_field,DataC1,,,,,"A03B,A0WD",
abilities,A0WK,Посох Призыва,Доспех Бога,catalog_field,DataC2,,,,,"ANs1,ANs2",
abilities,A0WK,Посох Призыва,Доспех Бога,catalog_field,DataC3,,,,,"ANs2,ANs3",
abilities,A0WK,Посох Призыва,Доспех Бога,catalog_field,DataC4,,,,,"ANs2,ANs3",
abilities,A0WK,Посох Призыва,Доспех Бога,catalog_field,DataD1,,,,,"A09R,A0WE",
abilities,A0WK,Посох Призыва,Доспех Бога,catalog_field,DataD2,,,,,"ANc1,ANc2",
abilities,A0WK,Посох Призыва,Доспех Бога,catalog_field,DataD3,,,,,"ANc2,ANc3",
abilities,A0WK,Посох Призыва,Доспех Бога,catalog_field,DataD4,,,,,"ANc2,ANc3",
abilities,A0WK,Посох Призыва,Доспех Бога,catalog_field,DataE1,,,,,_,
abilities,A0WK,Посох Призыва,Доспех Бога,catalog_field,DataE2,,,,,"ANg1,ANg2",
abilities,A0WK,Посох Призыва,Доспех Бога,catalog_field,DataE3,,,,,"ANg2,ANg3",
abilities,A0WK,Посох Призыва,Доспех Бога,catalog_field,DataE4,,,,,"ANg2,ANg3",
abilities,A0WK,Посох Призыва,Доспех Бога,catalog_field,DataF1,,,,,_,
abilities,A0WK,Посох Призыва,Доспех Бога,catalog_field,DataF2,,,,,"ANd1,ANd2",
abilities,A0WK,Посох Призыва,Доспех Бога,catalog_field,DataF3,,,,,"ANd2,ANd3",
abilities,A0WK,Посох Призыва,Доспех Бога,catalog_field,DataF4,,,,,"ANd2,ANd3",
abilities,A0WK,Посох Призыва,Доспех Бога,catalog_field,Dur1,,,,,,0.01
abilities,A0WK,Посох Призыва,Доспех Бога,catalog_field,HeroDur1,,,,,,0.01
abilities,A0WK,Посох Призыва,Доспех Бога,catalog_field,Rng1,,,,,,1
abilities,A0WK,Посох Призыва,Доспех Бога,catalog_field,reqLevel,,,,,1,
abilities,A0WL,Посох Призыва,Доспехи Заклинателя,catalog_field,DataA1,,,,,,"A0D5,A017,A0OP,A0CA"
abilities,A0WL,Посох Призыва,Доспехи Заклинателя,catalog_field,DataA2,,,,,0.2,
abilities,A0WL,Посох Призыва,Доспехи Заклинателя,catalog_field,DataA3,,,,,0.3,
abilities,A0WL,Посох Призыва,Доспехи Заклинателя,catalog_field,DataA4,,,,,0.3,
abilities,A0WL,Посох Призыва,Доспехи Заклинателя,catalog_field,DataB1,,,,,,1
abilities,A0WL,Посох Призыва,Доспехи Заклинателя,catalog_field,DataB2,,,,,4,
abilities,A0WL,Посох Призыва,Доспехи Заклинателя,catalog_field,DataB3,,,,,6,
abilities,A0WL,Посох Призыва,Доспехи Заклинателя,catalog_field,DataB4,,,,,9,
abilities,A0WL,Посох Призыва,Доспехи Заклинателя,catalog_field,DataC1,,,,,"A03G,A0WF",4
abilities,A0WL,Посох Призыва,Доспехи Заклинателя,catalog_field,DataC2,,,,,"ANs1,ANs2",
abilities,A0WL,Посох Призыва,Доспехи Заклинателя,catalog_field,DataC3,,,,,"ANs2,ANs3",
abilities,A0WL,Посох Призыва,Доспехи Заклинателя,catalog_field,DataC4,,,,,"ANs2,ANs3",
abilities,A0WL,Посох Призыва,Доспехи Заклинателя,catalog_field,DataD1,,,,,_,4
abilities,A0WL,Посох Призыва,Доспехи Заклинателя,catalog_field,DataD2,,,,,"ANc1,ANc2",
abilities,A0WL,Посох Призыва,Доспехи Заклинателя,catalog_field,DataD3,,,,,"ANc2,ANc3",
abilities,A0WL,Посох Призыва,Доспехи Заклинателя,catalog_field,DataD4,,,,,"ANc2,ANc3",
abilities,A0WL,Посох Призыва,Доспехи Заклинателя,catalog_field,DataE1,,,,,_,spellbook
abilities,A0WL,Посох Призыва,Доспехи Заклинателя,catalog_field,DataE2,,,,,"ANg1,ANg2",
abilities,A0WL,Посох Призыва,Доспехи Заклинателя,catalog_field,DataE3,,,,,"ANg2,ANg3",
abilities,A0WL,Посох Призыва,Доспехи Заклинателя,catalog_field,DataE4,,,,,"ANg2,ANg3",
abilities,A0WL,Посох Призыва,Доспехи Заклинателя,catalog_field,DataF1,,,,,_,
abilities,A0WL,Посох Призыва,Доспехи Заклинателя,catalog_field,DataF2,,,,,"ANd1,ANd2",
abilities,A0WL,Посох Призыва,Доспехи Заклинателя,catalog_field,DataF3,,,,,"ANd2,ANd3",
abilities,A0WL,Посох Призыва,Доспехи Заклинателя,catalog_field,DataF4,,,,,"ANd2,ANd3",
abilities,A0WL,Посох Призыва,Доспехи Заклинателя,catalog_field,reqLevel,,,,,1,
abilities,A0WM,Посох Призыва,Освященный молот,catalog_field,Casterart,,,,,,
abilities,A0WM,Посох Призыва,Освященный молот,catalog_field,Casterattach,,,,,,
abilities,A0WM,Посох Призыва,Освященный молот,catalog_field,DataA2,,,,,0.2,
abilities,A0WM,Посох Призыва,Освященный молот,catalog_field,DataA3,,,,,0.3,
abilities,A0WM,Посох Призыва,Освященный молот,catalog_field,DataA4,,,,,0.3,180
abilities,A0WM,Посох Призыва,Освященный молот,catalog_field,DataB2,,,,,4,
abilities,A0WM,Посох Призыва,Освященный молот,catalog_field,DataB3,,,,,6,
abilities,A0WM,Посох Призыва,Освященный молот,catalog_field,DataB4,,,,,9,
abilities,A0WM,Посох Призыва,Освященный молот,catalog_field,DataC1,,,,,"A02K,A0WC",
abilities,A0WM,Посох Призыва,Освященный молот,catalog_field,DataC2,,,,,"ANs1,ANs2",
abilities,A0WM,Посох Призыва,Освященный молот,catalog_field,DataC3,,,,,"ANs2,ANs3",
abilities,A0WM,Посох Призыва,Освященный молот,catalog_field,DataC4,,,,,"ANs2,ANs3",
abilities,A0WM,Посох Призыва,Освященный молот,catalog_field,DataD1,,,,,"A02L,A0EK",
abilities,A0WM,Посох Призыва,Освященный молот,catalog_field,DataD2,,,,,"ANc1,ANc2",
abilities,A0WM,Посох Призыва,Освященный молот,catalog_field,DataD3,,,,,"ANc2,ANc3",
abilities,A0WM,Посох Призыва,Освященный молот,catalog_field,DataD4,,,,,"ANc2,ANc3",0.98
abilities,A0WM,Посох Призыва,Освященный молот,catalog_field,DataE1,,,,,"A08R,A0EL",
abilities,A0WM,Посох Призыва,Освященный молот,catalog_field,DataE2,,,,,"ANg1,ANg2",
abilities,A0WM,Посох Призыва,Освященный молот,catalog_field,DataE3,,,,,"ANg2,ANg3",
abilities,A0WM,Посох Призыва,Освященный молот,catalog_field,DataE4,,,,,"ANg2,ANg3",1
abilities,A0WM,Посох Призыва,Освященный молот,catalog_field,DataF2,,,,,"ANd1,ANd2",
abilities,A0WM,Посох Призыва,Освященный молот,catalog_field,DataF3,,,,,"ANd2,ANd3",
abilities,A0WM,Посох Призыва,Освященный молот,catalog_field,DataF4,,,,,"ANd2,ANd3",
abilities,A0WM,Посох Призыва,Освященный молот,catalog_field,Rng4,,,,,,500
abilities,A0WM,Посох Призыва,Освященный молот,catalog_field,levels,,,,,1,3
abilities,A0WN,Посох Призыва,Освященный молот,catalog_field,Casterart,,,,,,
abilities,A0WN,Посох Призыва,Освященный молот,catalog_field,Casterattach,,,,,,
abilities,A0WN,Посох Призыва,Освященный молот,catalog_field,Cool1,,,,,,12
abilities,A0WN,Посох Призыва,Освященный молот,catalog_field,Cool2,,,,,,10
abilities,A0WN,Посох Призыва,Освященный молот,catalog_field,Cool3,,,,,,8
abilities,A0WN,Посох Призыва,Освященный молот,catalog_field,Cost1,,,,,,50
abilities,A0WN,Посох Призыва,Освященный молот,catalog_field,Cost2,,,,,,60
abilities,A0WN,Посох Призыва,Освященный молот,catalog_field,Cost3,,,,,,70
abilities,A0WN,Посох Призыва,Освященный молот,catalog_field,DataA2,,,,,0.2,
abilities,A0WN,Посох Призыва,Освященный молот,catalog_field,DataA3,,,,,0.3,
abilities,A0WN,Посох Призыва,Освященный молот,catalog_field,DataA4,,,,,0.3,180
abilities,A0WN,Посох Призыва,Освященный молот,catalog_field,DataB2,,,,,4,
abilities,A0WN,Посох Призыва,Освященный молот,catalog_field,DataB3,,,,,6,
abilities,A0WN,Посох Призыва,Освященный молот,catalog_field,DataB4,,,,,9,
abilities,A0WN,Посох Призыва,Освященный молот,catalog_field,DataC1,,,,,"A03U,A0WI",1
abilities,A0WN,Посох Призыва,Освященный молот,catalog_field,DataC2,,,,,"ANs1,ANs2",1
abilities,A0WN,Посох Призыва,Освященный молот,catalog_field,DataC3,,,,,"ANs2,ANs3",1
abilities,A0WN,Посох Призыва,Освященный молот,catalog_field,DataC4,,,,,"ANs2,ANs3",
abilities,A0WN,Посох Призыва,Освященный молот,catalog_field,DataD1,,,,,_,
abilities,A0WN,Посох Призыва,Освященный молот,catalog_field,DataD2,,,,,"ANc1,ANc2",
abilities,A0WN,Посох Призыва,Освященный молот,catalog_field,DataD3,,,,,"ANc2,ANc3",
abilities,A0WN,Посох Призыва,Освященный молот,catalog_field,DataD4,,,,,"ANc2,ANc3",0.98
abilities,A0WN,Посох Призыва,Освященный молот,catalog_field,DataE1,,,,,_,
abilities,A0WN,Посох Призыва,Освященный молот,catalog_field,DataE2,,,,,"ANg1,ANg2",
abilities,A0WN,Посох Призыва,Освященный молот,catalog_field,DataE3,,,,,"ANg2,ANg3",
abilities,A0WN,Посох Призыва,Освященный молот,catalog_field,DataE4,,,,,"ANg2,ANg3",1
abilities,A0WN,Посох Призыва,Освященный молот,catalog_field,DataF1,,,,,_,immolation
abilities,A0WN,Посох Призыва,Освященный молот,catalog_field,DataF2,,,,,"ANd1,ANd2",immolation
abilities,A0WN,Посох Призыва,Освященный молот,catalog_field,DataF3,,,,,"ANd2,ANd3",immolation
abilities,A0WN,Посох Призыва,Освященный молот,catalog_field,DataF4,,,,,"ANd2,ANd3",
abilities,A0WN,Посох Призыва,Освященный молот,catalog_field,Rng4,,,,,,500
abilities,A0WN,Посох Призыва,Освященный молот,catalog_field,levels,,,,,1,3
abilities,A0WN,Посох Призыва,Освященный молот,catalog_field,reqLevel,,,,,1,5
abilities,A0WO,Посох Призыва,Метнуть молот,catalog_field,Casterart,,,,,,
abilities,A0WO,Посох Призыва,Метнуть молот,catalog_field,Casterattach,,,,,,
abilities,A0WO,Посох Призыва,Метнуть молот,catalog_field,DataA2,,,,,0.2,
abilities,A0WO,Посох Призыва,Метнуть молот,catalog_field,DataA3,,,,,0.3,
abilities,A0WO,Посох Призыва,Метнуть молот,catalog_field,DataA4,,,,,0.3,180
abilities,A0WO,Посох Призыва,Метнуть молот,catalog_field,DataB2,,,,,4,
abilities,A0WO,Посох Призыва,Метнуть молот,catalog_field,DataB3,,,,,6,
abilities,A0WO,Посох Призыва,Метнуть молот,catalog_field,DataB4,,,,,9,
abilities,A0WO,Посох Призыва,Метнуть молот,catalog_field,DataC1,,,,,"A01W,A0WG",1
abilities,A0WO,Посох Призыва,Метнуть молот,catalog_field,DataC2,,,,,"ANs1,ANs2",1
abilities,A0WO,Посох Призыва,Метнуть молот,catalog_field,DataC3,,,,,"ANs2,ANs3",1
abilities,A0WO,Посох Призыва,Метнуть молот,catalog_field,DataC4,,,,,"ANs2,ANs3",
abilities,A0WO,Посох Призыва,Метнуть молот,catalog_field,DataD1,,,,,"A090,A0WH",
abilities,A0WO,Посох Призыва,Метнуть молот,catalog_field,DataD2,,,,,"ANc1,ANc2",
abilities,A0WO,Посох Призыва,Метнуть молот,catalog_field,DataD3,,,,,"ANc2,ANc3",
abilities,A0WO,Посох Призыва,Метнуть молот,catalog_field,DataD4,,,,,"ANc2,ANc3",0.98
abilities,A0WO,Посох Призыва,Метнуть молот,catalog_field,DataE1,,,,,_,
abilities,A0WO,Посох Призыва,Метнуть молот,catalog_field,DataE2,,,,,"ANg1,ANg2",
abilities,A0WO,Посох Призыва,Метнуть молот,catalog_field,DataE3,,,,,"ANg2,ANg3",
abilities,A0WO,Посох Призыва,Метнуть молот,catalog_field,DataE4,,,,,"ANg2,ANg3",1
abilities,A0WO,Посох Призыва,Метнуть молот,catalog_field,DataF1,,,,,_,immolation
abilities,A0WO,Посох Призыва,Метнуть молот,catalog_field,DataF2,,,,,"ANd1,ANd2",immolation
abilities,A0WO,Посох Призыва,Метнуть молот,catalog_field,DataF3,,,,,"ANd2,ANd3",immolation
abilities,A0WO,Посох Призыва,Метнуть молот,catalog_field,DataF4,,,,,"ANd2,ANd3",
abilities,A0WO,Посох Призыва,Метнуть молот,catalog_field,Rng4,,,,,,500
abilities,A0WO,Посох Призыва,Метнуть молот,catalog_field,levels,,,,,1,3
abilities,A0WO,Посох Призыва,Метнуть молот,catalog_field,reqLevel,,,,,1,5
abilities,A0WP,Посох Призыва,Прыгнуть к молоту,catalog_field,Casterart,,,,,,
abilities,A0WP,Посох Призыва,Прыгнуть к молоту,catalog_field,Casterattach,,,,,,
abilities,A0WP,Посох Призыва,Прыгнуть к молоту,catalog_field,DataA2,,,,,0.2,
abilities,A0WP,Посох Призыва,Прыгнуть к молоту,catalog_field,DataA3,,,,,0.3,
abilities,A0WP,Посох Призыва,Прыгнуть к молоту,catalog_field,DataA4,,,,,0.3,180
abilities,A0WP,Посох Призыва,Прыгнуть к молоту,catalog_field,DataB2,,,,,4,
abilities,A0WP,Посох Призыва,Прыгнуть к молоту,catalog_field,DataB3,,,,,6,
abilities,A0WP,Посох Призыва,Прыгнуть к молоту,catalog_field,DataB4,,,,,9,
abilities,A0WP,Посох Призыва,Прыгнуть к молоту,catalog_field,DataC1,,,,,_,1
abilities,A0WP,Посох Призыва,Прыгнуть к молоту,catalog_field,DataC2,,,,,"ANs1,ANs2",1
abilities,A0WP,Посох Призыва,Прыгнуть к молоту,catalog_field,DataC3,,,,,"ANs2,ANs3",1
abilities,A0WP,Посох Призыва,Прыгнуть к молоту,catalog_field,DataC4,,,,,"ANs2,ANs3",
abilities,A0WP,Посох Призыва,Прыгнуть к молоту,catalog_field,DataD1,,,,,_,
abilities,A0WP,Посох Призыва,Прыгнуть к молоту,catalog_field,DataD2,,,,,"ANc1,ANc2",
abilities,A0WP,Посох Призыва,Прыгнуть к молоту,catalog_field,DataD3,,,,,"ANc2,ANc3",
abilities,A0WP,Посох Призыва,Прыгнуть к молоту,catalog_field,DataD4,,,,,"ANc2,ANc3",0.98
abilities,A0WP,Посох Призыва,Прыгнуть к молоту,catalog_field,DataE1,,,,,_,
abilities,A0WP,Посох Призыва,Прыгнуть к молоту,catalog_field,DataE2,,,,,"ANg1,ANg2",
abilities,A0WP,Посох Призыва,Прыгнуть к молоту,catalog_field,DataE3,,,,,"ANg2,ANg3",
abilities,A0WP,Посох Призыва,Прыгнуть к молоту,catalog_field,DataE4,,,,,"ANg2,ANg3",1
abilities,A0WP,Посох Призыва,Прыгнуть к молоту,catalog_field,DataF1,,,,,_,immolation
abilities,A0WP,Посох Призыва,Прыгнуть к молоту,catalog_field,DataF2,,,,,"ANd1,ANd2",immolation
abilities,A0WP,Посох Призыва,Прыгнуть к молоту,catalog_field,DataF3,,,,,"ANd2,ANd3",immolation
abilities,A0WP,Посох Призыва,Прыгнуть к молоту,catalog_field,DataF4,,,,,"ANd2,ANd3",
abilities,A0WP,Посох Призыва,Прыгнуть к молоту,catalog_field,Rng4,,,,,,500
abilities,A0WP,Посох Призыва,Прыгнуть к молоту,catalog_field,levels,,,,,1,3
abilities,A0WP,Посох Призыва,Прыгнуть к молоту,catalog_field,reqLevel,,,,,1,5
abilities,A0WR,Огненное зелье,Огненное зелье,catalog_field,Cost1,,,,,70,80
abilities,A0WR,Огненное зелье,Огненное зелье,catalog_field,Cost2,,,,,90,100
abilities,A0WR,Огненное зелье,Огненное зелье,catalog_field,Cost3,,,,,110,120
abilities,A0WR,Огненное зелье,Огненное зелье,catalog_field,Dur1,,,,,0.7,1
abilities,A0WR,Огненное зелье,Огненное зелье,catalog_field,Dur2,,,,,0.7,1
abilities,A0WR,Огненное зелье,Огненное зелье,catalog_field,Dur3,,,,,0.7,1
abilities,A0WR,Огненное зелье,Огненное зелье,catalog_field,HeroDur1,,,,,0.7,1
abilities,A0WR,Огненное зелье,Огненное зелье,catalog_field,HeroDur2,,,,,0.7,1
abilities,A0WR,Огненное зелье,Огненное зелье,catalog_field,HeroDur3,,,,,0.7,1
abilities,A0WS,Огненное зелье,Огненное зелье,catalog_field,Cost1,,,,,140,120
abilities,A0WS,Огненное зелье,Огненное зелье,catalog_field,Cost2,,,,,180,160
abilities,A0WS,Огненное зелье,Огненное зелье,catalog_field,Cost3,,,,,220,200
abilities,A0WS,Огненное зелье,Огненное зелье,catalog_field,Dur1,,,,,1.3,1
abilities,A0WS,Огненное зелье,Огненное зелье,catalog_field,Dur2,,,,,1.3,1
abilities,A0WS,Огненное зелье,Огненное зелье,catalog_field,Dur3,,,,,1.3,1
abilities,A0WS,Огненное зелье,Огненное зелье,catalog_field,HeroDur1,,,,,1.3,1
abilities,A0WS,Огненное зелье,Огненное зелье,catalog_field,HeroDur2,,,,,1.3,1
abilities,A0WS,Огненное зелье,Огненное зелье,catalog_field,HeroDur3,,,,,1.3,1
abilities,A0WT,Ритуал Призыва,Вспышка справедливости,catalog_field,Area1,,,,,250,400
abilities,A0WT,Ритуал Призыва,Вспышка справедливости,catalog_field,Area2,,,,,250,400
abilities,A0WT,Ритуал Призыва,Вспышка справедливости,catalog_field,Area3,,,,,250,400
abilities,A0WT,Ритуал Призыва,Вспышка справедливости,catalog_field,Cool1,,,,,140,17
abilities,A0WT,Ритуал Призыва,Вспышка справедливости,catalog_field,Cool2,,,,,130,16
abilities,A0WT,Ритуал Призыва,Вспышка справедливости,catalog_field,Cool3,,,,,120,15
abilities,A0WT,Ритуал Призыва,Вспышка справедливости,catalog_field,Cost1,,,,,200,60
abilities,A0WT,Ритуал Призыва,Вспышка справедливости,catalog_field,Cost2,,,,,250,80
abilities,A0WT,Ритуал Призыва,Вспышка справедливости,catalog_field,Cost3,,,,,300,100
abilities,A0WT,Ритуал Призыва,Вспышка справедливости,catalog_field,DataB1,,,,,2,
abilities,A0WT,Ритуал Призыва,Вспышка справедливости,catalog_field,DataB2,,,,,2,
abilities,A0WT,Ритуал Призыва,Вспышка справедливости,catalog_field,DataB3,,,,,2,
abilities,A0WT,Ритуал Призыва,Вспышка справедливости,catalog_field,DataC1,,,,,3,1
abilities,A0WT,Ритуал Призыва,Вспышка справедливости,catalog_field,DataC2,,,,,3,1
abilities,A0WT,Ритуал Призыва,Вспышка справедливости,catalog_field,DataC3,,,,,3,1
abilities,A0WT,Ритуал Призыва,Вспышка справедливости,catalog_field,DataD1,,,,,0.01,
abilities,A0WT,Ритуал Призыва,Вспышка справедливости,catalog_field,DataD2,,,,,0.01,
abilities,A0WT,Ритуал Призыва,Вспышка справедливости,catalog_field,DataD3,,,,,0.01,
abilities,A0WT,Ритуал Призыва,Вспышка справедливости,catalog_field,Rng1,,,,,700,
abilities,A0WT,Ритуал Призыва,Вспышка справедливости,catalog_field,Rng2,,,,,700,
abilities,A0WT,Ритуал Призыва,Вспышка справедливости,catalog_field,Rng3,,,,,700,
abilities,A0WT,Ритуал Призыва,Вспышка справедливости,catalog_field,reqLevel,,,,,5,2
abilities,A0WU,Ритуал Призыва,Круг Света,catalog_field,Area1,,,,,250,300
abilities,A0WU,Ритуал Призыва,Круг Света,catalog_field,Area2,,,,,250,300
abilities,A0WU,Ритуал Призыва,Круг Света,catalog_field,Area3,,,,,250,300
abilities,A0WU,Ритуал Призыва,Круг Света,catalog_field,Cool1,,,,,140,60
abilities,A0WU,Ритуал Призыва,Круг Света,catalog_field,Cool2,,,,,130,55
abilities,A0WU,Ритуал Призыва,Круг Света,catalog_field,Cool3,,,,,120,50
abilities,A0WU,Ритуал Призыва,Круг Света,catalog_field,Cost1,,,,,300,80
abilities,A0WU,Ритуал Призыва,Круг Света,catalog_field,Cost2,,,,,350,100
abilities,A0WU,Ритуал Призыва,Круг Света,catalog_field,Cost3,,,,,400,120
abilities,A0WU,Ритуал Призыва,Круг Света,catalog_field,DataB1,,,,,2,
abilities,A0WU,Ритуал Призыва,Круг Света,catalog_field,DataB2,,,,,2,
abilities,A0WU,Ритуал Призыва,Круг Света,catalog_field,DataB3,,,,,2,
abilities,A0WU,Ритуал Призыва,Круг Света,catalog_field,DataC1,,,,,3,1
abilities,A0WU,Ритуал Призыва,Круг Света,catalog_field,DataC2,,,,,3,1
abilities,A0WU,Ритуал Призыва,Круг Света,catalog_field,DataC3,,,,,3,1
abilities,A0WU,Ритуал Призыва,Круг Света,catalog_field,DataD1,,,,,0.01,
abilities,A0WU,Ритуал Призыва,Круг Света,catalog_field,DataD2,,,,,0.01,
abilities,A0WU,Ритуал Призыва,Круг Света,catalog_field,DataD3,,,,,0.01,
abilities,A0WU,Ритуал Призыва,Круг Света,catalog_field,DataF1,,,,,charm,clusterrockets
abilities,A0WU,Ритуал Призыва,Круг Света,catalog_field,DataF2,,,,,charm,clusterrockets
abilities,A0WU,Ритуал Призыва,Круг Света,catalog_field,DataF3,,,,,charm,clusterrockets
abilities,A0WU,Ритуал Призыва,Круг Света,catalog_field,Rng1,,,,,700,
abilities,A0WU,Ритуал Призыва,Круг Света,catalog_field,Rng2,,,,,700,
abilities,A0WU,Ритуал Призыва,Круг Света,catalog_field,Rng3,,,,,700,
abilities,A0WV,Посох Призыва,Вспышка справедливости,catalog_field,Area1,,,,,,400
abilities,A0WV,Посох Призыва,Вспышка справедливости,catalog_field,Area2,,,,,,400
abilities,A0WV,Посох Призыва,Вспышка справедливости,catalog_field,Area3,,,,,,400
abilities,A0WV,Посох Призыва,Вспышка справедливости,catalog_field,DataA2,,,,,0.2,
abilities,A0WV,Посох Призыва,Вспышка справедливости,catalog_field,DataA3,,,,,0.3,
abilities,A0WV,Посох Призыва,Вспышка справедливости,catalog_field,DataA4,,,,,0.3,
abilities,A0WV,Посох Призыва,Вспышка справедливости,catalog_field,DataB1,,,,,,0.5
abilities,A0WV,Посох Призыва,Вспышка справедливости,catalog_field,DataB2,,,,,4,0.5
abilities,A0WV,Посох Призыва,Вспышка справедливости,catalog_field,DataB3,,,,,6,0.5
abilities,A0WV,Посох Призыва,Вспышка справедливости,catalog_field,DataB4,,,,,9,
abilities,A0WV,Посох Призыва,Вспышка справедливости,catalog_field,DataC1,,,,,"A0N1,A0WT",
abilities,A0WV,Посох Призыва,Вспышка справедливости,catalog_field,DataC2,,,,,"ANs1,ANs2",
abilities,A0WV,Посох Призыва,Вспышка справедливости,catalog_field,DataC3,,,,,"ANs2,ANs3",
abilities,A0WV,Посох Призыва,Вспышка справедливости,catalog_field,DataC4,,,,,"ANs2,ANs3",
abilities,A0WV,Посох Призыва,Вспышка справедливости,catalog_field,DataD1,,,,,"A0N3,A0WU",
abilities,A0WV,Посох Призыва,Вспышка справедливости,catalog_field,DataD2,,,,,"ANc1,ANc2",
abilities,A0WV,Посох Призыва,Вспышка справедливости,catalog_field,DataD3,,,,,"ANc2,ANc3",
abilities,A0WV,Посох Призыва,Вспышка справедливости,catalog_field,DataD4,,,,,"ANc2,ANc3",
abilities,A0WV,Посох Призыва,Вспышка справедливости,catalog_field,DataE1,,,,,_,
abilities,A0WV,Посох Призыва,Вспышка справедливости,catalog_field,DataE2,,,,,"ANg1,ANg2",
abilities,A0WV,Посох Призыва,Вспышка справедливости,catalog_field,DataE3,,,,,"ANg2,ANg3",
abilities,A0WV,Посох Призыва,Вспышка справедливости,catalog_field,DataE4,,,,,"ANg2,ANg3",
abilities,A0WV,Посох Призыва,Вспышка справедливости,catalog_field,DataF1,,,,,_,
abilities,A0WV,Посох Призыва,Вспышка справедливости,catalog_field,DataF2,,,,,"ANd1,ANd2",
abilities,A0WV,Посох Призыва,Вспышка справедливости,catalog_field,DataF3,,,,,"ANd2,ANd3",
abilities,A0WV,Посох Призыва,Вспышка справедливости,catalog_field,DataF4,,,,,"ANd2,ANd3",
abilities,A0WV,Посох Призыва,Вспышка справедливости,catalog_field,Dur1,,,,,,6
abilities,A0WV,Посох Призыва,Вспышка справедливости,catalog_field,Dur2,,,,,,8
abilities,A0WV,Посох Призыва,Вспышка справедливости,catalog_field,Dur3,,,,,,10
abilities,A0WV,Посох Призыва,Вспышка справедливости,catalog_field,HeroDur1,,,,,,6
abilities,A0WV,Посох Призыва,Вспышка справедливости,catalog_field,HeroDur2,,,,,,8
abilities,A0WV,Посох Призыва,Вспышка справедливости,catalog_field,HeroDur3,,,,,,10
abilities,A0WV,Посох Призыва,Вспышка справедливости,catalog_field,Rng1,,,,,,9000
abilities,A0WV,Посох Призыва,Вспышка справедливости,catalog_field,Rng2,,,,,,9000
abilities,A0WV,Посох Призыва,Вспышка справедливости,catalog_field,Rng3,,,,,,9000
abilities,A0WV,Посох Призыва,Вспышка справедливости,catalog_field,levels,,,,,1,3
abilities,A0WV,Посох Призыва,Вспышка справедливости,catalog_field,reqLevel,,,,,1,
abilities,A0WW,Сфера (перезарядка),Обновление,catalog_field,Cool1,,,,,200,120
abilities,A0WW,Сфера (перезарядка),Обновление,catalog_field,Cost1,,,,,750,500
abilities,A0WY,Зaщитa,Зaщитa,catalog_field,DataA1,,,,,28,24
abilities,A0X0,Замешательство,Замешательство,catalog_field,Casterart,,,,,EmpathicBondLA.mdx,Abilities\Spells\NightElf\BattleRoar\RoarCaster.mdl
abilities,A0X0,Замешательство,Замешательство,catalog_field,Cost1,,,,,60,300
abilities,A0X2,Бaш (100% +160 eд. ypoнa Секира ММК),Бaш (100% +200 eд. ypoнa Секира ММК),catalog_field,DataC1,,,,,160,200
abilities,A0X7,Корона Злобы,Корона Злобы,catalog_field,DataA1,,,,,"A0X5,A0X4",A0X4
abilities,A0X8,Корона Злобы,Корона Злобы,catalog_field,DataA1,,,,,"A0X6,A0X3",A0X3
abilities,A0XB,Палач,Режимы стрельбы,catalog_field,levels,,,,,1,3
abilities,A0XC,Герой Арены,Электро-поле,catalog_field,Area1,,,,,,320
abilities,A0XC,Герой Арены,Электро-поле,catalog_field,Area2,,,,,,175
abilities,A0XC,Герой Арены,Электро-поле,catalog_field,Area3,,,,,,175
abilities,A0XC,Герой Арены,Электро-поле,catalog_field,Area4,,,,,,900
abilities,A0XC,Герой Арены,Электро-поле,catalog_field,DataA1,,,,,,-0.3
abilities,A0XC,Герой Арены,Электро-поле,catalog_field,DataA2,,,,,,-0.25
abilities,A0XC,Герой Арены,Электро-поле,catalog_field,DataA3,,,,,,-0.25
abilities,A0XC,Герой Арены,Электро-поле,catalog_field,DataA4,,,,,,0.3
abilities,A0XC,Герой Арены,Электро-поле,catalog_field,DataB1,,,,,,-0.2
abilities,A0XC,Герой Арены,Электро-поле,catalog_field,DataB4,,,,,,0.15
abilities,A0XC,Герой Арены,Электро-поле,catalog_field,reqLevel,,,,,,1
abilities,A0XD,Герой Арены,Режимы стрельбы,catalog_field,DataE1,,,,,,2
abilities,A0XE,Идеальный,Кавалерия,catalog_field,Casterart,,,,,,
abilities,A0XE,Идеальный,Кавалерия,catalog_field,Casterattach,,,,,,
abilities,A0XE,Идеальный,Кавалерия,catalog_field,Cool1,,,,,,60
abilities,A0XE,Идеальный,Кавалерия,catalog_field,Cool2,,,,,,60
abilities,A0XE,Идеальный,Кавалерия,catalog_field,Cool3,,,,,,60
abilities,A0XE,Идеальный,Кавалерия,catalog_field,Cost1,,,,,,90
abilities,A0XE,Идеальный,Кавалерия,catalog_field,Cost2,,,,,,100
abilities,A0XE,Идеальный,Кавалерия,catalog_field,Cost3,,,,,,110
abilities,A0XE,Идеальный,Кавалерия,catalog_field,DataA4,,,,,,180
abilities,A0XE,Идеальный,Кавалерия,catalog_field,DataB1,,,,,,2
abilities,A0XE,Идеальный,Кавалерия,catalog_field,DataB2,,,,,,2
abilities,A0XE,Идеальный,Кавалерия,catalog_field,DataB3,,,,,,2
abilities,A0XE,Идеальный,Кавалерия,catalog_field,DataC1,,,,,,1
abilities,A0XE,Идеальный,Кавалерия,catalog_field,DataC2,,,,,,1
abilities,A0XE,Идеальный,Кавалерия,catalog_field,DataC3,,,,,,1
abilities,A0XE,Идеальный,Кавалерия,catalog_field,DataD4,,,,,,0.98
abilities,A0XE,Идеальный,Кавалерия,catalog_field,DataE4,,,,,,1
abilities,A0XE,Идеальный,Кавалерия,catalog_field,DataF1,,,,,,cloudoffog
abilities,A0XE,Идеальный,Кавалерия,catalog_field,DataF2,,,,,,cloudoffog
abilities,A0XE,Идеальный,Кавалерия,catalog_field,DataF3,,,,,,cloudoffog
abilities,A0XE,Идеальный,Кавалерия,catalog_field,Rng1,,,,,,700
abilities,A0XE,Идеальный,Кавалерия,catalog_field,Rng2,,,,,,700
abilities,A0XE,Идеальный,Кавалерия,catalog_field,Rng3,,,,,,700
abilities,A0XE,Идеальный,Кавалерия,catalog_field,Rng4,,,,,,500
abilities,A0XE,Идеальный,Кавалерия,catalog_field,levels,,,,,1,3
abilities,A0XE,Идеальный,Кавалерия,catalog_field,reqLevel,,,,,,5
abilities,A0XF,Идеальный,Благодатный путь,catalog_field,reqLevel,,,,,,2
abilities,A0XG,Расточитель,Пресвитер,catalog_field,DataA2,,,,,,0.2
abilities,A0XG,Расточитель,Пресвитер,catalog_field,DataA3,,,,,,0.3
abilities,A0XG,Расточитель,Пресвитер,catalog_field,DataA4,,,,,,0.3
abilities,A0XG,Расточитель,Пресвитер,catalog_field,DataB2,,,,,,4
abilities,A0XG,Расточитель,Пресвитер,catalog_field,DataB3,,,,,,6
abilities,A0XG,Расточитель,Пресвитер,catalog_field,DataB4,,,,,,9
abilities,A0XG,Расточитель,Пресвитер,catalog_field,DataC1,,,,,,"A0NT,A0XI"
abilities,A0XG,Расточитель,Пресвитер,catalog_field,DataC2,,,,,,"ANs1,ANs2"
abilities,A0XG,Расточитель,Пресвитер,catalog_field,DataC3,,,,,,"ANs2,ANs3"
abilities,A0XG,Расточитель,Пресвитер,catalog_field,DataC4,,,,,,"ANs2,ANs3"
abilities,A0XG,Расточитель,Пресвитер,catalog_field,DataD1,,,,,,"A0Q8,A0XJ"
abilities,A0XG,Расточитель,Пресвитер,catalog_field,DataD2,,,,,,"ANc1,ANc2"
abilities,A0XG,Расточитель,Пресвитер,catalog_field,DataD3,,,,,,"ANc2,ANc3"
abilities,A0XG,Расточитель,Пресвитер,catalog_field,DataD4,,,,,,"ANc2,ANc3"
abilities,A0XG,Расточитель,Пресвитер,catalog_field,DataE1,,,,,,_
abilities,A0XG,Расточитель,Пресвитер,catalog_field,DataE2,,,,,,"ANg1,ANg2"
abilities,A0XG,Расточитель,Пресвитер,catalog_field,DataE3,,,,,,"ANg2,ANg3"
abilities,A0XG,Расточитель,Пресвитер,catalog_field,DataE4,,,,,,"ANg2,ANg3"
abilities,A0XG,Расточитель,Пресвитер,catalog_field,DataF1,,,,,,_
abilities,A0XG,Расточитель,Пресвитер,catalog_field,DataF2,,,,,,"ANd1,ANd2"
abilities,A0XG,Расточитель,Пресвитер,catalog_field,DataF3,,,,,,"ANd2,ANd3"
abilities,A0XG,Расточитель,Пресвитер,catalog_field,DataF4,,,,,,"ANd2,ANd3"
abilities,A0XG,Расточитель,Пресвитер,catalog_field,reqLevel,,,,,,1
abilities,A0XI,Абсолютный,Искоренение,catalog_field,Area1,,,,,,150
abilities,A0XI,Абсолютный,Искоренение,catalog_field,Area2,,,,,,150
abilities,A0XI,Абсолютный,Искоренение,catalog_field,Area3,,,,,,150
abilities,A0XI,Абсолютный,Искоренение,catalog_field,Cool1,,,,,,12
abilities,A0XI,Абсолютный,Искоренение,catalog_field,Cool2,,,,,,12
abilities,A0XI,Абсолютный,Искоренение,catalog_field,Cool3,,,,,,12
abilities,A0XI,Абсолютный,Искоренение,catalog_field,Cost1,,,,,,100
abilities,A0XI,Абсолютный,Искоренение,catalog_field,Cost2,,,,,,125
abilities,A0XI,Абсолютный,Искоренение,catalog_field,Cost3,,,,,,150
abilities,A0XI,Абсолютный,Искоренение,catalog_field,Dur1,,,,,,0.01
abilities,A0XI,Абсолютный,Искоренение,catalog_field,Dur2,,,,,,0.01
abilities,A0XI,Абсолютный,Искоренение,catalog_field,Dur3,,,,,,0.01
abilities,A0XI,Абсолютный,Искоренение,catalog_field,HeroDur1,,,,,,0.01
abilities,A0XI,Абсолютный,Искоренение,catalog_field,HeroDur2,,,,,,0.01
abilities,A0XI,Абсолютный,Искоренение,catalog_field,HeroDur3,,,,,,0.01
abilities,A0XI,Абсолютный,Искоренение,catalog_field,Rng1,,,,,,700
abilities,A0XI,Абсолютный,Искоренение,catalog_field,Rng2,,,,,,700
abilities,A0XI,Абсолютный,Искоренение,catalog_field,Rng3,,,,,,700
abilities,A0XI,Абсолютный,Искоренение,catalog_field,levels,,,,,1,3
abilities,A0XI,Абсолютный,Искоренение,catalog_field,reqLevel,,,,,,1
abilities,A0XJ,Абсолютный,Дар Господа,catalog_field,Area1,,,,,,250
abilities,A0XJ,Абсолютный,Дар Господа,catalog_field,Area2,,,,,,250
abilities,A0XJ,Абсолютный,Дар Господа,catalog_field,Area3,,,,,,250
abilities,A0XJ,Абсолютный,Дар Господа,catalog_field,Casterart,,,,,,
abilities,A0XJ,Абсолютный,Дар Господа,catalog_field,Casterattach,,,,,,
abilities,A0XJ,Абсолютный,Дар Господа,catalog_field,Cool1,,,,,,120
abilities,A0XJ,Абсолютный,Дар Господа,catalog_field,Cool2,,,,,,120
abilities,A0XJ,Абсолютный,Дар Господа,catalog_field,Cool3,,,,,,120
abilities,A0XJ,Абсолютный,Дар Господа,catalog_field,Cost1,,,,,,400
abilities,A0XJ,Абсолютный,Дар Господа,catalog_field,Cost2,,,,,,500
abilities,A0XJ,Абсолютный,Дар Господа,catalog_field,Cost3,,,,,,600
abilities,A0XJ,Абсолютный,Дар Господа,catalog_field,DataA4,,,,,,180
abilities,A0XJ,Абсолютный,Дар Господа,catalog_field,DataB1,,,,,,2
abilities,A0XJ,Абсолютный,Дар Господа,catalog_field,DataB2,,,,,,2
abilities,A0XJ,Абсолютный,Дар Господа,catalog_field,DataB3,,,,,,2
abilities,A0XJ,Абсолютный,Дар Господа,catalog_field,DataC1,,,,,,3
abilities,A0XJ,Абсолютный,Дар Господа,catalog_field,DataC2,,,,,,3
abilities,A0XJ,Абсолютный,Дар Господа,catalog_field,DataC3,,,,,,3
abilities,A0XJ,Абсолютный,Дар Господа,catalog_field,DataD4,,,,,,0.98
abilities,A0XJ,Абсолютный,Дар Господа,catalog_field,DataE4,,,,,,1
abilities,A0XJ,Абсолютный,Дар Господа,catalog_field,DataF1,,,,,,cloudoffog
abilities,A0XJ,Абсолютный,Дар Господа,catalog_field,DataF2,,,,,,cloudoffog
abilities,A0XJ,Абсолютный,Дар Господа,catalog_field,DataF3,,,,,,cloudoffog
abilities,A0XJ,Абсолютный,Дар Господа,catalog_field,Rng1,,,,,,700
abilities,A0XJ,Абсолютный,Дар Господа,catalog_field,Rng2,,,,,,700
abilities,A0XJ,Абсолютный,Дар Господа,catalog_field,Rng3,,,,,,700
abilities,A0XJ,Абсолютный,Дар Господа,catalog_field,Rng4,,,,,,500
abilities,A0XJ,Абсолютный,Дар Господа,catalog_field,levels,,,,,1,3
abilities,A0XJ,Абсолютный,Дар Господа,catalog_field,reqLevel,,,,,,5
abilities,A0XK,Ищейка,Круг Смерти,catalog_field,Area4,,,,,,900
abilities,A0XK,Ищейка,Круг Смерти,catalog_field,Casterart,,,,,,
abilities,A0XK,Ищейка,Круг Смерти,catalog_field,Cool1,,,,,,90
abilities,A0XK,Ищейка,Круг Смерти,catalog_field,Cool2,,,,,,90
abilities,A0XK,Ищейка,Круг Смерти,catalog_field,Cool3,,,,,,90
abilities,A0XK,Ищейка,Круг Смерти,catalog_field,Cool4,,,,,,120
abilities,A0XK,Ищейка,Круг Смерти,catalog_field,Cost1,,,,,,200
abilities,A0XK,Ищейка,Круг Смерти,catalog_field,Cost2,,,,,,300
abilities,A0XK,Ищейка,Круг Смерти,catalog_field,Cost3,,,,,,400
abilities,A0XK,Ищейка,Круг Смерти,catalog_field,Cost4,,,,,,300
abilities,A0XK,Ищейка,Круг Смерти,catalog_field,DataA4,,,,,,30
abilities,A0XK,Ищейка,Круг Смерти,catalog_field,DataB1,,,,,,1
abilities,A0XK,Ищейка,Круг Смерти,catalog_field,DataB2,,,,,,1
abilities,A0XK,Ищейка,Круг Смерти,catalog_field,DataB3,,,,,,1
abilities,A0XK,Ищейка,Круг Смерти,catalog_field,DataB4,,,,,,2
abilities,A0XK,Ищейка,Круг Смерти,catalog_field,Dur1,,,,,,10
abilities,A0XK,Ищейка,Круг Смерти,catalog_field,Dur2,,,,,,10
abilities,A0XK,Ищейка,Круг Смерти,catalog_field,Dur3,,,,,,10
abilities,A0XK,Ищейка,Круг Смерти,catalog_field,Dur4,,,,,,30
abilities,A0XK,Ищейка,Круг Смерти,catalog_field,HeroDur1,,,,,,10
abilities,A0XK,Ищейка,Круг Смерти,catalog_field,HeroDur2,,,,,,10
abilities,A0XK,Ищейка,Круг Смерти,catalog_field,HeroDur3,,,,,,10
abilities,A0XK,Ищейка,Круг Смерти,catalog_field,HeroDur4,,,,,,30
abilities,A0XK,Ищейка,Круг Смерти,catalog_field,levels,,,,,1,3
abilities,A0XK,Ищейка,Круг Смерти,catalog_field,reqLevel,,,,,,5
abilities,A0XL,Ищейка,Тотем смерти,catalog_field,Casterart,,,,,,
abilities,A0XL,Ищейка,Тотем смерти,catalog_field,Casterattach,,,,,,
abilities,A0XL,Ищейка,Тотем смерти,catalog_field,Cool1,,,,,,10
abilities,A0XL,Ищейка,Тотем смерти,catalog_field,Cool2,,,,,,8
abilities,A0XL,Ищейка,Тотем смерти,catalog_field,Cool3,,,,,,6
abilities,A0XL,Ищейка,Тотем смерти,catalog_field,Cost1,,,,,,60
abilities,A0XL,Ищейка,Тотем смерти,catalog_field,Cost2,,,,,,80
abilities,A0XL,Ищейка,Тотем смерти,catalog_field,Cost3,,,,,,100
abilities,A0XL,Ищейка,Тотем смерти,catalog_field,DataA4,,,,,,180
abilities,A0XL,Ищейка,Тотем смерти,catalog_field,DataB1,,,,,,2
abilities,A0XL,Ищейка,Тотем смерти,catalog_field,DataB2,,,,,,2
abilities,A0XL,Ищейка,Тотем смерти,catalog_field,DataB3,,,,,,2
abilities,A0XL,Ищейка,Тотем смерти,catalog_field,DataC1,,,,,,1
abilities,A0XL,Ищейка,Тотем смерти,catalog_field,DataC2,,,,,,1
abilities,A0XL,Ищейка,Тотем смерти,catalog_field,DataC3,,,,,,1
abilities,A0XL,Ищейка,Тотем смерти,catalog_field,DataD4,,,,,,0.98
abilities,A0XL,Ищейка,Тотем смерти,catalog_field,DataE4,,,,,,1
abilities,A0XL,Ищейка,Тотем смерти,catalog_field,DataF1,,,,,,dispel
abilities,A0XL,Ищейка,Тотем смерти,catalog_field,DataF2,,,,,,dispel
abilities,A0XL,Ищейка,Тотем смерти,catalog_field,DataF3,,,,,,dispel
abilities,A0XL,Ищейка,Тотем смерти,catalog_field,Rng1,,,,,,700
abilities,A0XL,Ищейка,Тотем смерти,catalog_field,Rng2,,,,,,700
abilities,A0XL,Ищейка,Тотем смерти,catalog_field,Rng3,,,,,,700
abilities,A0XL,Ищейка,Тотем смерти,catalog_field,Rng4,,,,,,500
abilities,A0XL,Ищейка,Тотем смерти,catalog_field,levels,,,,,1,3
abilities,A0XL,Ищейка,Тотем смерти,catalog_field,reqLevel,,,,,,2
abilities,A0XM,Проворный,Кукла Вуду,catalog_field,Area1,,,,,,250
abilities,A0XM,Проворный,Кукла Вуду,catalog_field,Area2,,,,,,250
abilities,A0XM,Проворный,Кукла Вуду,catalog_field,Area3,,,,,,250
abilities,A0XM,Проворный,Кукла Вуду,catalog_field,Casterart,,,,,,
abilities,A0XM,Проворный,Кукла Вуду,catalog_field,Casterattach,,,,,,
abilities,A0XM,Проворный,Кукла Вуду,catalog_field,Cool1,,,,,,24
abilities,A0XM,Проворный,Кукла Вуду,catalog_field,Cool2,,,,,,22
abilities,A0XM,Проворный,Кукла Вуду,catalog_field,Cool3,,,,,,20
abilities,A0XM,Проворный,Кукла Вуду,catalog_field,Cost1,,,,,,125
abilities,A0XM,Проворный,Кукла Вуду,catalog_field,Cost2,,,,,,175
abilities,A0XM,Проворный,Кукла Вуду,catalog_field,Cost3,,,,,,225
abilities,A0XM,Проворный,Кукла Вуду,catalog_field,DataA4,,,,,,180
abilities,A0XM,Проворный,Кукла Вуду,catalog_field,DataB1,,,,,,2
abilities,A0XM,Проворный,Кукла Вуду,catalog_field,DataB2,,,,,,2
abilities,A0XM,Проворный,Кукла Вуду,catalog_field,DataB3,,,,,,2
abilities,A0XM,Проворный,Кукла Вуду,catalog_field,DataC1,,,,,,3
abilities,A0XM,Проворный,Кукла Вуду,catalog_field,DataC2,,,,,,3
abilities,A0XM,Проворный,Кукла Вуду,catalog_field,DataC3,,,,,,3
abilities,A0XM,Проворный,Кукла Вуду,catalog_field,DataD4,,,,,,0.98
abilities,A0XM,Проворный,Кукла Вуду,catalog_field,DataE4,,,,,,1
abilities,A0XM,Проворный,Кукла Вуду,catalog_field,DataF1,,,,,,cloudoffog
abilities,A0XM,Проворный,Кукла Вуду,catalog_field,DataF2,,,,,,cloudoffog
abilities,A0XM,Проворный,Кукла Вуду,catalog_field,DataF3,,,,,,cloudoffog
abilities,A0XM,Проворный,Кукла Вуду,catalog_field,Rng1,,,,,,700
abilities,A0XM,Проворный,Кукла Вуду,catalog_field,Rng2,,,,,,700
abilities,A0XM,Проворный,Кукла Вуду,catalog_field,Rng3,,,,,,700
abilities,A0XM,Проворный,Кукла Вуду,catalog_field,Rng4,,,,,,500
abilities,A0XM,Проворный,Кукла Вуду,catalog_field,levels,,,,,1,3
abilities,A0XM,Проворный,Кукла Вуду,catalog_field,reqLevel,,,,,,2
abilities,A0XN,Проворный,Проклятье Вуду,catalog_field,Area1,,,,,,200
abilities,A0XN,Проворный,Проклятье Вуду,catalog_field,Area2,,,,,,200
abilities,A0XN,Проворный,Проклятье Вуду,catalog_field,Area3,,,,,,200
abilities,A0XN,Проворный,Проклятье Вуду,catalog_field,Casterart,,,,,,
abilities,A0XN,Проворный,Проклятье Вуду,catalog_field,Casterattach,,,,,,
abilities,A0XN,Проворный,Проклятье Вуду,catalog_field,Cool1,,,,,,27
abilities,A0XN,Проворный,Проклятье Вуду,catalog_field,Cool2,,,,,,24
abilities,A0XN,Проворный,Проклятье Вуду,catalog_field,Cool3,,,,,,21
abilities,A0XN,Проворный,Проклятье Вуду,catalog_field,Cost1,,,,,,100
abilities,A0XN,Проворный,Проклятье Вуду,catalog_field,Cost2,,,,,,150
abilities,A0XN,Проворный,Проклятье Вуду,catalog_field,Cost3,,,,,,200
abilities,A0XN,Проворный,Проклятье Вуду,catalog_field,DataA4,,,,,,180
abilities,A0XN,Проворный,Проклятье Вуду,catalog_field,DataB1,,,,,,2
abilities,A0XN,Проворный,Проклятье Вуду,catalog_field,DataB2,,,,,,2
abilities,A0XN,Проворный,Проклятье Вуду,catalog_field,DataB3,,,,,,2
abilities,A0XN,Проворный,Проклятье Вуду,catalog_field,DataC1,,,,,,3
abilities,A0XN,Проворный,Проклятье Вуду,catalog_field,DataC2,,,,,,3
abilities,A0XN,Проворный,Проклятье Вуду,catalog_field,DataC3,,,,,,3
abilities,A0XN,Проворный,Проклятье Вуду,catalog_field,DataD4,,,,,,0.98
abilities,A0XN,Проворный,Проклятье Вуду,catalog_field,DataE4,,,,,,1
abilities,A0XN,Проворный,Проклятье Вуду,catalog_field,DataF1,,,,,,silence
abilities,A0XN,Проворный,Проклятье Вуду,catalog_field,DataF2,,,,,,silence
abilities,A0XN,Проворный,Проклятье Вуду,catalog_field,DataF3,,,,,,silence
abilities,A0XN,Проворный,Проклятье Вуду,catalog_field,Rng1,,,,,,700
abilities,A0XN,Проворный,Проклятье Вуду,catalog_field,Rng2,,,,,,700
abilities,A0XN,Проворный,Проклятье Вуду,catalog_field,Rng3,,,,,,700
abilities,A0XN,Проворный,Проклятье Вуду,catalog_field,Rng4,,,,,,500
abilities,A0XN,Проворный,Проклятье Вуду,catalog_field,levels,,,,,1,3
abilities,A0XN,Проворный,Проклятье Вуду,catalog_field,reqLevel,,,,,,1
abilities,A0XR,Ярость вождя,Ярость вождя,catalog_field,Cool1,,,,,10,14
abilities,A0XR,Ярость вождя,Ярость вождя,catalog_field,Cool2,,,,,10,14
abilities,A0XR,Ярость вождя,Ярость вождя,catalog_field,Cool3,,,,,10,14
abilities,A0XR,Ярость вождя,Ярость вождя,catalog_field,DataA1,,,,,0.01,
abilities,A0XR,Ярость вождя,Ярость вождя,catalog_field,DataA2,,,,,0.01,
abilities,A0XR,Ярость вождя,Ярость вождя,catalog_field,DataA3,,,,,0.01,
abilities,A0XR,Ярость вождя,Ярость вождя,catalog_field,DataB1,,,,,1,2
abilities,A0XR,Ярость вождя,Ярость вождя,catalog_field,DataB2,,,,,1,2
abilities,A0XR,Ярость вождя,Ярость вождя,catalog_field,DataB3,,,,,1,2
abilities,A0XR,Ярость вождя,Ярость вождя,catalog_field,DataD1,,,,,0.01,
abilities,A0XR,Ярость вождя,Ярость вождя,catalog_field,DataD2,,,,,0.01,
abilities,A0XR,Ярость вождя,Ярость вождя,catalog_field,DataD3,,,,,0.01,
abilities,A0XR,Ярость вождя,Ярость вождя,catalog_field,DataF1,,,,,flare,carrionswarm
abilities,A0XR,Ярость вождя,Ярость вождя,catalog_field,DataF2,,,,,flare,carrionswarm
abilities,A0XR,Ярость вождя,Ярость вождя,catalog_field,DataF3,,,,,flare,carrionswarm
abilities,A0XS,Призыв Беса,Призыв Беса,catalog_field,Area1,,,,,125,200
abilities,A0XS,Призыв Беса,Призыв Беса,catalog_field,Area2,,,,,125,200
abilities,A0XS,Призыв Беса,Призыв Беса,catalog_field,Area3,,,,,125,200
abilities,A0XS,Призыв Беса,Призыв Беса,catalog_field,Cost1,,,,,40,80
abilities,A0XS,Призыв Беса,Призыв Беса,catalog_field,Cost2,,,,,50,100
abilities,A0XS,Призыв Беса,Призыв Беса,catalog_field,Cost3,,,,,60,120
abilities,A0XS,Призыв Беса,Призыв Беса,catalog_field,DataF1,,,,,spiritwolf,clusterrockets
abilities,A0XS,Призыв Беса,Призыв Беса,catalog_field,DataF2,,,,,spiritwolf,clusterrockets
abilities,A0XS,Призыв Беса,Призыв Беса,catalog_field,DataF3,,,,,spiritwolf,clusterrockets
abilities,A0XT,Чистилище,Чистилище,catalog_field,Cost1,,,,,60,100
abilities,A0XT,Чистилище,Чистилище,catalog_field,Cost2,,,,,75,130
abilities,A0XT,Чистилище,Чистилище,catalog_field,Cost3,,,,,90,160
abilities,A0XT,Чистилище,Чистилище,catalog_field,DataF1,,,,,carrionswarm,stomp
abilities,A0XT,Чистилище,Чистилище,catalog_field,DataF2,,,,,carrionswarm,stomp
abilities,A0XT,Чистилище,Чистилище,catalog_field,DataF3,,,,,carrionswarm,stomp
abilities,A0XV,Адский рык,Адский рык,catalog_field,DataF1,,,,,auraunholy,cloudoffog
abilities,A0XV,Адский рык,Адский рык,catalog_field,DataF2,,,,,auraunholy,cloudoffog
abilities,A0XV,Адский рык,Адский рык,catalog_field,DataF3,,,,,auraunholy,cloudoffog
abilities,A0XW,Воспламенить,Воспламенить,catalog_field,Cool1,,,,,30,20
abilities,A0XW,Воспламенить,Воспламенить,catalog_field,DataC1,,,,,1,9
abilities,A0YC,Звepи,Звepи,catalog_field,DataA1,,,,,1.5,
abilities,A0YC,Звepи,Звepи,catalog_field,DataA2,,,,,1.5,
abilities,A0YC,Звepи,Звepи,catalog_field,DataA3,,,,,1.5,
abilities,A0YC,Звepи,Звepи,catalog_field,DataB1,,,,,2,
abilities,A0YC,Звepи,Звepи,catalog_field,DataB2,,,,,2,
abilities,A0YC,Звepи,Звepи,catalog_field,DataB3,,,,,2,
abilities,A0YC,Звepи,Звepи,catalog_field,DataD1,,,,,0.1,
abilities,A0YC,Звepи,Звepи,catalog_field,DataD2,,,,,0.1,
abilities,A0YC,Звepи,Звepи,catalog_field,DataD3,,,,,0.1,
abilities,A0YC,Звepи,Звepи,catalog_field,DataF1,,,,,ambush,roar
abilities,A0YC,Звepи,Звepи,catalog_field,DataF2,,,,,ambush,roar
abilities,A0YC,Звepи,Звepи,catalog_field,DataF3,,,,,ambush,roar
abilities,A0YC,Звepи,Звepи,catalog_field,Rng1,,,,,400,600
abilities,A0YC,Звepи,Звepи,catalog_field,Rng2,,,,,400,600
abilities,A0YC,Звepи,Звepи,catalog_field,Rng3,,,,,400,600
abilities,A0YI,Silence,Silence,catalog_field,Area1,,,,,500,350
abilities,A0YK,Эрос,Эрос,catalog_field,Cost1,,,,,,100
abilities,AHtc,Тeлeпopтaция,Thunder Clap,catalog_field,Area1,,,,,0.01,250
abilities,AHtc,Тeлeпopтaция,Thunder Clap,catalog_field,Casterart,,,,,,Abilities\Spells\Human\Thunderclap\ThunderClapCaster.mdl
abilities,AHtc,Тeлeпopтaция,Thunder Clap,catalog_field,Cool1,,,,,20,6
abilities,AHtc,Тeлeпopтaция,Thunder Clap,catalog_field,Cost1,,,,,,90
abilities,AHtc,Тeлeпopтaция,Thunder Clap,catalog_field,DataA1,,,,,0.01,60
abilities,AHtc,Тeлeпopтaция,Thunder Clap,catalog_field,DataC1,,,,,,0.5
abilities,AHtc,Тeлeпopтaция,Thunder Clap,catalog_field,DataD1,,,,,,0.5
abilities,AHtc,Тeлeпopтaция,Thunder Clap,catalog_field,Dur1,,,,,,5
abilities,AHtc,Тeлeпopтaция,Thunder Clap,catalog_field,HeroDur1,,,,,,3
abilities,AHtc,Тeлeпopтaция,Thunder Clap,catalog_field,levels,,,,,1,3
abilities,AIgo,Chest of Gold,Chest of Gold,catalog_field,DataA1,,,,,100,50
abilities,AIh2,Item Healing,Item Healing,catalog_field,DataA1,,,,,400,800
abilities,AIlu,Bundle of Lumber,Bundle of Lumber,catalog_field,DataA1,,,,,3,2
abilities,AIm2,Item Mana Regain,Item Mana Regain,catalog_field,DataA1,,,,,250,600
abilities,AIrn,AIrn,AIrn,catalog_field,DataA1,,,,,0.25,0.5
abilities,AIxs,Item Anti-Magic Shell,Item Anti-Magic Shell,catalog_field,DataB1,,,,,10,100
abilities,ANre,Life Regeneration Aura,Life Regeneration Aura,catalog_field,DataA1,,,,,0.01,0.03
abilities,Acmg,Control Magic,Control Magic,catalog_field,CasterArt,,,,,Abilities\Spells\Undead\DeathandDecay\DeathandDecayDamage.mdl,
abilities,Ambt,Replenish Mana and Life,Replenish Mana and Life,catalog_field,DataA1,,,,,2,1
abilities,Ambt,Replenish Mana and Life,Replenish Mana and Life,catalog_field,DataB1,,,,,0.5,1
abilities,Ambt,Replenish Mana and Life,Replenish Mana and Life,catalog_field,DataD1,,,,,30,15
abilities,Amin,Mine - exploding,Mine - exploding,catalog_field,DataA1,,,,,10,4
abilities,Amin,Mine - exploding,Mine - exploding,catalog_field,DataB1,,,,,2,1
abilities,Amls,Aerial Shackles,Aerial Shackles,catalog_field,CasterArt,,,,,Abilities\Spells\Undead\AbsorbMana\AbsorbManaBirthMissile.mdl,
abilities,Apiv,Permanent Invisibility,Permanent Invisibility,catalog_field,DataA1,,,,,1,
abilities,Apiv,Permanent Invisibility,Permanent Invisibility,catalog_field,Dur1,,,,,2,0.01
abilities,Apiv,Permanent Invisibility,Permanent Invisibility,catalog_field,HeroDur1,,,,,2,0.01
abilities,Aprg,Purge,Purge,catalog_field,Rng1,,,,,700,9000
abilities,Arll,Item Life Regeneration,Item Life Regeneration,catalog_field,DataA1,,,,,5,10
abilities,S000,Inferno,Inferno,catalog_field,Cool1,,,,,45,55
abilities,S000,Inferno,Inferno,catalog_field,DataA1,,,,,300,
abilities,Srtt,Srtt,Srtt,catalog_field,CasterArt,,,,,Abilities\Spells\NightElf\Blink\BlinkCaster.mdl,
upgrades,R000,Бpoня,Плотность,catalog_field,maxlevel,,,,,9,10
upgrades,R001,Opyжиe,Opyжиe,catalog_field,maxlevel,,,,,9,10
upgrades,R002,Нeпpoбивaeмaя шкypa,Нeпpoбивaeмaя шкypa,catalog_field,base1,,,,,50,80
upgrades,R002,Нeпpoбивaeмaя шкypa,Нeпpoбивaeмaя шкypa,catalog_field,lumberbase,,,,,1,2
upgrades,R002,Нeпpoбивaeмaя шкypa,Нeпpoбивaeмaя шкypa,catalog_field,maxlevel,,,,,9,10
upgrades,R002,Нeпpoбивaeмaя шкypa,Нeпpoбивaeмaя шкypa,catalog_field,mod1,,,,,75,80
upgrades,R003,Мaгичecкoe oжepeльe,Мaгичecкая аура,catalog_field,base1,,,,,25,50
upgrades,R003,Мaгичecкoe oжepeльe,Мaгичecкая аура,catalog_field,lumberbase,,,,,1,2
upgrades,R003,Мaгичecкoe oжepeльe,Мaгичecкая аура,catalog_field,maxlevel,,,,,9,10
upgrades,R004,Вoля,Сила духа,catalog_field,base1,,,,,0.2,0.15
upgrades,R004,Вoля,Сила духа,catalog_field,base2,,,,,,0.15
upgrades,R004,Вoля,Сила духа,catalog_field,effect2,,,,,_,rmnr
upgrades,R004,Вoля,Сила духа,catalog_field,lumberbase,,,,,1,2
upgrades,R004,Вoля,Сила духа,catalog_field,maxlevel,,,,,9,10
upgrades,R004,Вoля,Сила духа,catalog_field,mod1,,,,,0.25,0.15
upgrades,R004,Вoля,Сила духа,catalog_field,mod2,,,,,,0.15
upgrades,R006,Cтpeмитeльнocть,Проворность,catalog_field,base2,,,,,,4
upgrades,R006,Cтpeмитeльнocть,Проворность,catalog_field,effect2,,,,,_,rmvx
upgrades,R006,Cтpeмитeльнocть,Проворность,catalog_field,lumberbase,,,,,1,2
upgrades,R006,Cтpeмитeльнocть,Проворность,catalog_field,maxlevel,,,,,9,10
upgrades,R006,Cтpeмитeльнocть,Проворность,catalog_field,mod1,,,,,0.1,0.05
upgrades,R006,Cтpeмитeльнocть,Проворность,catalog_field,mod2,,,,,,4
upgrades,R009,Upgrade Moon Glaive,Upgrade Moon Glaive,catalog_field,base1,,,,,1,2
upgrades,R009,Upgrade Moon Glaive,Upgrade Moon Glaive,catalog_field,maxlevel,,,,,3,1
abilities,A001,Пoвышeниe хapaктepиcтик ,Пoвышeниe хapaктepиcтик ,binary_override,Iagi,4,1,,integer,,8
abilities,A001,Пoвышeниe хapaктepиcтик ,Пoвышeниe хapaктepиcтик ,binary_override,Iagi,5,1,integer,integer,15,10
abilities,A001,Пoвышeниe хapaктepиcтик ,Пoвышeниe хapaктepиcтик ,binary_override,Iagi,6,1,integer,,18,
abilities,A001,Пoвышeниe хapaктepиcтик ,Пoвышeниe хapaктepиcтик ,binary_override,Iagi,7,1,integer,integer,21,14
abilities,A001,Пoвышeниe хapaктepиcтик ,Пoвышeниe хapaктepиcтик ,binary_override,Iagi,8,1,integer,integer,24,16
abilities,A001,Пoвышeниe хapaктepиcтик ,Пoвышeниe хapaктepиcтик ,binary_override,Iagi,9,1,integer,integer,27,18
abilities,A001,Пoвышeниe хapaктepиcтик ,Пoвышeниe хapaктepиcтик ,binary_override,Iagi,10,1,integer,integer,30,20
abilities,A001,Пoвышeниe хapaктepиcтик ,Пoвышeниe хapaктepиcтик ,binary_override,Iagi,11,1,,integer,,22
abilities,A001,Пoвышeниe хapaктepиcтик ,Пoвышeниe хapaктepиcтик ,binary_override,Iagi,12,1,,integer,,24
abilities,A001,Пoвышeниe хapaктepиcтик ,Пoвышeниe хapaктepиcтик ,binary_override,Iagi,13,1,,integer,,26
abilities,A001,Пoвышeниe хapaктepиcтик ,Пoвышeниe хapaктepиcтик ,binary_override,Iagi,14,1,,integer,,28
abilities,A001,Пoвышeниe хapaктepиcтик ,Пoвышeниe хapaктepиcтик ,binary_override,Iagi,15,1,,integer,,30
abilities,A001,Пoвышeниe хapaктepиcтик ,Пoвышeниe хapaктepиcтик ,binary_override,Ihid,11,4,,integer,,1
abilities,A001,Пoвышeниe хapaктepиcтик ,Пoвышeниe хapaктepиcтик ,binary_override,Ihid,12,4,,integer,,1
abilities,A001,Пoвышeниe хapaктepиcтик ,Пoвышeниe хapaктepиcтик ,binary_override,Ihid,13,4,,integer,,1
abilities,A001,Пoвышeниe хapaктepиcтик ,Пoвышeниe хapaктepиcтик ,binary_override,Ihid,14,4,,integer,,1
abilities,A001,Пoвышeниe хapaктepиcтик ,Пoвышeниe хapaктepиcтик ,binary_override,Ihid,15,4,,integer,,1
abilities,A001,Пoвышeниe хapaктepиcтик ,Пoвышeниe хapaктepиcтик ,binary_override,Iint,4,2,,integer,,8
abilities,A001,Пoвышeниe хapaктepиcтик ,Пoвышeниe хapaктepиcтик ,binary_override,Iint,5,2,integer,integer,15,10
abilities,A001,Пoвышeниe хapaктepиcтик ,Пoвышeниe хapaктepиcтик ,binary_override,Iint,6,2,integer,,18,
abilities,A001,Пoвышeниe хapaктepиcтик ,Пoвышeниe хapaктepиcтик ,binary_override,Iint,7,2,integer,integer,21,14
abilities,A001,Пoвышeниe хapaктepиcтик ,Пoвышeниe хapaктepиcтик ,binary_override,Iint,8,2,integer,integer,24,16
abilities,A001,Пoвышeниe хapaктepиcтик ,Пoвышeниe хapaктepиcтик ,binary_override,Iint,9,2,integer,integer,27,18
abilities,A001,Пoвышeниe хapaктepиcтик ,Пoвышeниe хapaктepиcтик ,binary_override,Iint,10,2,integer,integer,30,20
abilities,A001,Пoвышeниe хapaктepиcтик ,Пoвышeниe хapaктepиcтик ,binary_override,Iint,11,2,,integer,,22
abilities,A001,Пoвышeниe хapaктepиcтик ,Пoвышeниe хapaктepиcтик ,binary_override,Iint,12,2,,integer,,24
abilities,A001,Пoвышeниe хapaктepиcтик ,Пoвышeниe хapaктepиcтик ,binary_override,Iint,13,2,,integer,,26
abilities,A001,Пoвышeниe хapaктepиcтик ,Пoвышeниe хapaктepиcтик ,binary_override,Iint,14,2,,integer,,28
abilities,A001,Пoвышeниe хapaктepиcтик ,Пoвышeниe хapaктepиcтик ,binary_override,Iint,15,2,,integer,,30
abilities,A001,Пoвышeниe хapaктepиcтик ,Пoвышeниe хapaктepиcтик ,binary_override,Istr,4,3,,integer,,8
abilities,A001,Пoвышeниe хapaктepиcтик ,Пoвышeниe хapaктepиcтик ,binary_override,Istr,5,3,integer,integer,15,10
abilities,A001,Пoвышeниe хapaктepиcтик ,Пoвышeниe хapaктepиcтик ,binary_override,Istr,6,3,integer,,18,
abilities,A001,Пoвышeниe хapaктepиcтик ,Пoвышeниe хapaктepиcтик ,binary_override,Istr,7,3,integer,integer,21,14
abilities,A001,Пoвышeниe хapaктepиcтик ,Пoвышeниe хapaктepиcтик ,binary_override,Istr,8,3,integer,integer,24,16
abilities,A001,Пoвышeниe хapaктepиcтик ,Пoвышeниe хapaктepиcтик ,binary_override,Istr,9,3,integer,integer,27,18
abilities,A001,Пoвышeниe хapaктepиcтик ,Пoвышeниe хapaктepиcтик ,binary_override,Istr,10,3,integer,integer,30,20
abilities,A001,Пoвышeниe хapaктepиcтик ,Пoвышeниe хapaктepиcтик ,binary_override,Istr,11,3,,integer,,22
abilities,A001,Пoвышeниe хapaктepиcтик ,Пoвышeниe хapaктepиcтик ,binary_override,Istr,12,3,,integer,,24
abilities,A001,Пoвышeниe хapaктepиcтик ,Пoвышeниe хapaктepиcтик ,binary_override,Istr,13,3,,integer,,26
abilities,A001,Пoвышeниe хapaктepиcтик ,Пoвышeниe хapaктepиcтик ,binary_override,Istr,14,3,,integer,,28
abilities,A001,Пoвышeниe хapaктepиcтик ,Пoвышeниe хapaктepиcтик ,binary_override,Istr,15,3,,integer,,30
abilities,A0AK,Зaщитa,Зaщитa,binary_override,Idef,11,1,integer,integer,20,30
abilities,A0AK,Зaщитa,Зaщитa,binary_override,Idef,12,1,integer,integer,22,33
abilities,A0EL,Oгнeнныe змeи,Aтaкa,binary_override,Iatt,4,1,,integer,,40
abilities,A0EL,Oгнeнныe змeи,Aтaкa,binary_override,Iatt,5,1,,integer,,50
abilities,A0EL,Oгнeнныe змeи,Aтaкa,binary_override,Iatt,6,1,,integer,,60
abilities,A0EL,Oгнeнныe змeи,Aтaкa,binary_override,Iatt,7,1,,integer,,70
abilities,A0EL,Oгнeнныe змeи,Aтaкa,binary_override,Iatt,8,1,,integer,,80
abilities,A0JG,Зaщитa,Зaщитa,binary_override,Idef,4,1,integer,integer,3,-4
abilities,A0JG,Зaщитa,Зaщитa,binary_override,Idef,5,1,integer,integer,4,-5
abilities,A0JG,Зaщитa,Зaщитa,binary_override,Idef,6,1,integer,integer,5,-6
abilities,A0JG,Зaщитa,Зaщитa,binary_override,Idef,7,1,integer,integer,6,-7
abilities,A0JG,Зaщитa,Зaщитa,binary_override,Idef,8,1,integer,integer,7,-8
abilities,A0JG,Зaщитa,Зaщитa,binary_override,Idef,9,1,integer,integer,8,-9
abilities,A0JG,Зaщитa,Зaщитa,binary_override,Idef,10,1,integer,integer,9,-10
abilities,A0JG,Зaщитa,Зaщитa,binary_override,Idef,11,1,integer,,10,
abilities,A0K5,УКЛОНЕНИЕ,УКЛОНЕНИЕ,binary_override,Eev1,4,1,unreal,unreal,0.18000000715255737,0.20000000298023224
abilities,A0K5,УКЛОНЕНИЕ,УКЛОНЕНИЕ,binary_override,Eev1,5,1,unreal,unreal,0.20000000298023224,0.25
abilities,A0K5,УКЛОНЕНИЕ,УКЛОНЕНИЕ,binary_override,Eev1,6,1,unreal,unreal,0.23000000417232513,0.30000001192092896
abilities,A0K5,УКЛОНЕНИЕ,УКЛОНЕНИЕ,binary_override,Eev1,7,1,unreal,unreal,0.23999999463558197,0.3500000238418579
abilities,A0K5,УКЛОНЕНИЕ,УКЛОНЕНИЕ,binary_override,Eev1,8,1,unreal,unreal,0.25,0.40000003576278687
abilities,A0K5,УКЛОНЕНИЕ,УКЛОНЕНИЕ,binary_override,Eev1,9,1,unreal,unreal,0.2800000011920929,0.4500000476837158
abilities,A0K5,УКЛОНЕНИЕ,УКЛОНЕНИЕ,binary_override,Eev1,10,1,unreal,unreal,0.3199999928474426,0.5000000596046448
abilities,A0K5,УКЛОНЕНИЕ,УКЛОНЕНИЕ,binary_override,Eev1,11,1,unreal,unreal,0.36000001430511475,0.5500000715255737
abilities,A0K5,УКЛОНЕНИЕ,УКЛОНЕНИЕ,binary_override,Eev1,12,1,unreal,unreal,0.4000000059604645,0.6000000834465027
abilities,A0K7,Поглощение силы,Нашествие жаб,binary_override,aare,4,0,unreal,,400.0,
abilities,A0K7,Поглощение силы,Нашествие жаб,binary_override,adur,4,0,unreal,,0.009999999776482582,
abilities,A0K7,Поглощение силы,Нашествие жаб,binary_override,ahdu,4,0,unreal,,0.009999999776482582,
abilities,A0K7,Поглощение силы,Нашествие жаб,binary_override,amcs,4,0,integer,,5,
abilities,A0K7,Поглощение силы,Нашествие жаб,binary_override,aran,4,0,unreal,,600.0,
abilities,A0KB,Cкopocть бoя,Cкopocть бoя,binary_override,Isx1,4,1,unreal,,0.45000001788139343,
abilities,A0KB,Cкopocть бoя,Cкopocть бoя,binary_override,Isx1,5,1,unreal,,0.6000000238418579,
abilities,A0KB,Cкopocть бoя,Cкopocть бoя,binary_override,Isx1,6,1,unreal,,0.75,
abilities,A0KB,Cкopocть бoя,Cкopocть бoя,binary_override,Isx1,7,1,unreal,,0.8999999761581421,
abilities,A0KB,Cкopocть бoя,Cкopocть бoя,binary_override,Isx1,8,1,unreal,,1.0499999523162842,
abilities,A0KB,Cкopocть бoя,Cкopocть бoя,binary_override,Isx1,9,1,unreal,,1.1999999284744263,
abilities,A0KB,Cкopocть бoя,Cкopocть бoя,binary_override,Isx1,10,1,unreal,,1.3499999046325684,
abilities,A0KB,Cкopocть бoя,Cкopocть бoя,binary_override,Isx1,11,1,unreal,,1.4999998807907104,
abilities,A0NI,Cкopocть бoя,Cкopocть бoя,binary_override,Isx1,4,1,unreal,,0.699999988079071,
abilities,A0NI,Cкopocть бoя,Cкopocть бoя,binary_override,Isx1,5,1,unreal,,0.6000000238418579,
abilities,A0NI,Cкopocть бoя,Cкopocть бoя,binary_override,Isx1,6,1,unreal,,1.0,
abilities,A0NI,Cкopocть бoя,Cкopocть бoя,binary_override,Isx1,7,1,unreal,,1.399999976158142,
abilities,A0NS,Стихия Огня,Высвободить,binary_override,adur,4,0,unreal,,0.009999999776482582,
abilities,A0NS,Стихия Огня,Высвободить,binary_override,adur,5,0,unreal,,0.009999999776482582,
abilities,A0NS,Стихия Огня,Высвободить,binary_override,adur,6,0,unreal,,0.009999999776482582,
abilities,A0NS,Стихия Огня,Высвободить,binary_override,ahdu,4,0,unreal,,0.009999999776482582,
abilities,A0NS,Стихия Огня,Высвободить,binary_override,ahdu,5,0,unreal,,0.009999999776482582,
abilities,A0NS,Стихия Огня,Высвободить,binary_override,ahdu,6,0,unreal,,0.009999999776482582,
abilities,A0NT,Стихия Ветра,Искоренение,binary_override,Owk1,4,1,unreal,,300.0,
abilities,A0NT,Стихия Ветра,Искоренение,binary_override,Owk1,5,1,unreal,,300.0,
abilities,A0NT,Стихия Ветра,Искоренение,binary_override,Owk1,6,1,unreal,,300.0,
abilities,A0NT,Стихия Ветра,Искоренение,binary_override,Owk2,4,2,unreal,,0.0,
abilities,A0NT,Стихия Ветра,Искоренение,binary_override,Owk2,5,2,unreal,,0.0,
abilities,A0NT,Стихия Ветра,Искоренение,binary_override,Owk2,6,2,unreal,,0.0,
abilities,A0NT,Стихия Ветра,Искоренение,binary_override,Owk3,4,3,unreal,,0.0,
abilities,A0NT,Стихия Ветра,Искоренение,binary_override,Owk3,5,3,unreal,,0.0,
abilities,A0NT,Стихия Ветра,Искоренение,binary_override,Owk3,6,3,unreal,,0.0,
abilities,A0NT,Стихия Ветра,Искоренение,binary_override,Owk4,4,4,integer,,0,
abilities,A0NT,Стихия Ветра,Искоренение,binary_override,Owk4,5,4,integer,,0,
abilities,A0NT,Стихия Ветра,Искоренение,binary_override,Owk4,6,4,integer,,0,
abilities,A0NT,Стихия Ветра,Искоренение,binary_override,aare,4,0,,unreal,,400.0
abilities,A0NT,Стихия Ветра,Искоренение,binary_override,acdn,4,0,unreal,,0.0,
abilities,A0NT,Стихия Ветра,Искоренение,binary_override,acdn,5,0,unreal,,0.0,
abilities,A0NT,Стихия Ветра,Искоренение,binary_override,acdn,6,0,unreal,,0.0,
abilities,A0NT,Стихия Ветра,Искоренение,binary_override,adur,5,0,unreal,,0.009999999776482582,
abilities,A0NT,Стихия Ветра,Искоренение,binary_override,adur,6,0,unreal,,0.009999999776482582,
abilities,A0NT,Стихия Ветра,Искоренение,binary_override,ahdu,5,0,unreal,,0.009999999776482582,
abilities,A0NT,Стихия Ветра,Искоренение,binary_override,ahdu,6,0,unreal,,0.009999999776482582,
abilities,A0NT,Стихия Ветра,Искоренение,binary_override,amcs,4,0,integer,integer,0,5
abilities,A0NT,Стихия Ветра,Искоренение,binary_override,amcs,5,0,integer,,0,
abilities,A0NT,Стихия Ветра,Искоренение,binary_override,amcs,6,0,integer,,0,
abilities,A0NT,Стихия Ветра,Искоренение,binary_override,aran,4,0,,unreal,,600.0
abilities,A0NU,Стихия Земли,Пучок света,binary_override,acdn,4,0,unreal,,0.0,
abilities,A0NU,Стихия Земли,Пучок света,binary_override,acdn,5,0,unreal,,0.0,
abilities,A0NU,Стихия Земли,Пучок света,binary_override,acdn,6,0,unreal,,0.0,
abilities,A0NU,Стихия Земли,Пучок света,binary_override,adur,4,0,unreal,,0.009999999776482582,
abilities,A0NU,Стихия Земли,Пучок света,binary_override,adur,5,0,unreal,,0.009999999776482582,
abilities,A0NU,Стихия Земли,Пучок света,binary_override,adur,6,0,unreal,,0.009999999776482582,
abilities,A0NU,Стихия Земли,Пучок света,binary_override,ahdu,4,0,unreal,,0.009999999776482582,
abilities,A0NU,Стихия Земли,Пучок света,binary_override,ahdu,5,0,unreal,,0.009999999776482582,
abilities,A0NU,Стихия Земли,Пучок света,binary_override,ahdu,6,0,unreal,,0.009999999776482582,
abilities,A0NU,Стихия Земли,Пучок света,binary_override,amcs,4,0,integer,,0,
abilities,A0NU,Стихия Земли,Пучок света,binary_override,amcs,5,0,integer,,0,
abilities,A0NU,Стихия Земли,Пучок света,binary_override,amcs,6,0,integer,,0,
abilities,A0S7,Cкopocть бoя,Cкopocть бoя,binary_override,Isx1,4,1,unreal,unreal,0.30000001192092896,0.5
abilities,A0S7,Cкopocть бoя,Cкopocть бoя,binary_override,Isx1,5,1,unreal,unreal,0.4000000059604645,0.6000000238418579
abilities,A0S7,Cкopocть бoя,Cкopocть бoя,binary_override,Isx1,6,1,unreal,unreal,0.5,0.699999988079071
abilities,A0S7,Cкopocть бoя,Cкopocть бoя,binary_override,Isx1,7,1,unreal,unreal,0.6000000238418579,0.800000011920929
abilities,A0S7,Cкopocть бoя,Cкopocть бoя,binary_override,Isx1,8,1,unreal,unreal,0.7000000476837158,-0.4000000059604645
abilities,A0S7,Cкopocть бoя,Cкopocть бoя,binary_override,Isx1,9,1,unreal,,0.8000000715255737,
abilities,A0T0,Зaщитa,Зaщитa,binary_override,Idef,4,1,integer,,6,
abilities,A0WC,Дyхи oгня,Маркер,binary_override,Iatt,4,1,,integer,,150
abilities,A0XI,Абсолютный,Искоренение,binary_override,aare,4,0,,unreal,,400.0
abilities,A0XI,Абсолютный,Искоренение,binary_override,adur,4,0,,unreal,,0.009999999776482582
abilities,A0XI,Абсолютный,Искоренение,binary_override,ahdu,4,0,,unreal,,0.009999999776482582
abilities,A0XI,Абсолютный,Искоренение,binary_override,amcs,4,0,,integer,,5
abilities,A0XI,Абсолютный,Искоренение,binary_override,aran,4,0,,unreal,,600.0
buffs,B001,B001,B001,binary_override,bfvi,,,integer,,1,
buffs,B001,B001,B001,binary_override,bhps,,,unreal,,9000.0,
buffs,B001,B001,B001,binary_override,bmas,,,unreal,,0.699999988079071,
buffs,B001,B001,B001,binary_override,bmis,,,unreal,,0.699999988079071,
buffs,B001,B001,B001,binary_override,bsel,,,unreal,,100.0,
buffs,B001,B001,B001,binary_override,bsmm,,,integer,,0,
buffs,B001,B001,B001,binary_override,ftac,,,,integer,,1
buffs,B002,B002,B002,binary_override,bcpd,,,integer,,0,
buffs,B002,B002,B002,binary_override,bflh,,,unreal,,0.0,
buffs,B002,B002,B002,binary_override,bfvi,,,integer,,1,
buffs,B002,B002,B002,binary_override,bfxr,,,unreal,,-1.0,
buffs,B002,B002,B002,binary_override,bgsc,,,real,,30.0,
buffs,B002,B002,B002,binary_override,bhps,,,unreal,,9000.0,
buffs,B002,B002,B002,binary_override,blit,,,integer,,0,
buffs,B002,B002,B002,binary_override,bmas,,,unreal,,0.5,
buffs,B002,B002,B002,binary_override,bmis,,,unreal,,0.5,
buffs,B002,B002,B002,binary_override,bmmg,,,integer,,0,
buffs,B002,B002,B002,binary_override,boch,,,unreal,,0.0,
buffs,B002,B002,B002,binary_override,bonc,,,integer,,1,
buffs,B002,B002,B002,binary_override,bsel,,,unreal,,30.0,
buffs,B002,B002,B002,binary_override,bsmm,,,integer,,0,
buffs,B002,B002,B002,binary_override,btxi,,,integer,,0,
buffs,B002,B002,B002,binary_override,buch,,,integer,,1,
buffs,B002,B002,B002,binary_override,bumm,,,integer,,0,
buffs,B002,B002,B002,binary_override,bvar,,,integer,,1,
buffs,B002,B002,B002,binary_override,bvcg,,,integer,,180,
buffs,B002,B002,B002,binary_override,bvcr,,,integer,,180,
buffs,B003,B003,B003,binary_override,bfvi,,,integer,,1,
buffs,B003,B003,B003,binary_override,bhps,,,unreal,,10.0,
buffs,B003,B003,B003,binary_override,bvar,,,integer,,1,
buffs,B003,B003,B003,binary_override,bvcb,,,integer,,170,
buffs,B003,B003,B003,binary_override,bvcg,,,integer,,192,
buffs,B003,B003,B003,binary_override,bvcr,,,integer,,215,
buffs,B004,B004,B004,binary_override,bfvi,,,integer,,1,
buffs,B004,B004,B004,binary_override,bfxr,,,unreal,,-1.0,
buffs,B004,B004,B004,binary_override,bmas,,,unreal,,3.0,
buffs,B005,B005,B005,binary_override,bcpd,,,integer,,0,
buffs,B005,B005,B005,binary_override,bflh,,,unreal,,0.0,
buffs,B005,B005,B005,binary_override,bfvi,,,integer,,1,
buffs,B005,B005,B005,binary_override,bfxr,,,unreal,,-1.0,
buffs,B005,B005,B005,binary_override,bgsc,,,real,,60.0,
buffs,B005,B005,B005,binary_override,bhps,,,unreal,,9000.0,
buffs,B005,B005,B005,binary_override,blit,,,integer,,0,
buffs,B005,B005,B005,binary_override,bmas,,,unreal,,0.8999999761581421,
buffs,B005,B005,B005,binary_override,bmis,,,unreal,,0.8999999761581421,
buffs,B005,B005,B005,binary_override,bmmg,,,integer,,0,
buffs,B005,B005,B005,binary_override,boch,,,unreal,,0.0,
buffs,B005,B005,B005,binary_override,bonc,,,integer,,1,
buffs,B005,B005,B005,binary_override,bsel,,,unreal,,60.0,
buffs,B005,B005,B005,binary_override,bsmm,,,integer,,0,
buffs,B005,B005,B005,binary_override,btxi,,,integer,,0,
buffs,B005,B005,B005,binary_override,buch,,,integer,,1,
buffs,B005,B005,B005,binary_override,bumm,,,integer,,0,
buffs,B005,B005,B005,binary_override,bvar,,,integer,,1,
buffs,B006,B006,B006,binary_override,fspd,,,,integer,,2
buffs,B007,B007,B007,binary_override,fspd,,,,integer,,2
buffs,B00E,B00E,B00E,binary_override,fspd,,,,integer,,2
buffs,B00G,B00G,B00G,binary_override,ftac,,,,integer,,1
buffs,B00I,B00I,B00I,binary_override,ftac,,,,integer,,1
buffs,B00L,B00L,B00L,binary_override,ftac,,,,integer,,1
buffs,B00R,B00R,B00R,binary_override,fspd,,,,integer,,2
buffs,B00R,B00R,B00R,binary_override,ftac,,,,integer,,1
buffs,B010,B010,B010,binary_override,ftac,,,,integer,,1
buffs,B01E,B01E,B01E,binary_override,fspd,,,,integer,,2
buffs,B01F,B01F,B01F,binary_override,ftac,,,,integer,,0
buffs,B01H,B01H,B01H,binary_override,ftac,,,,integer,,0
buffs,B01K,B01K,B01K,binary_override,ftac,,,,integer,,1
buffs,B01M,B01M,B01M,binary_override,ftac,,,,integer,,1
buffs,B01U,B01U,B01U,binary_override,fspd,,,,integer,,0
buffs,B029,B029,B029,binary_override,ftac,,,,integer,,0
buffs,B02K,B02K,B02K,binary_override,fspd,,,,integer,,0
buffs,B02L,B02L,B02L,binary_override,ftac,,,,integer,,0
buffs,B02W,B02W,B02W,binary_override,ftac,,,,integer,,1
buffs,B02X,B02X,B02X,binary_override,fspd,,,,integer,,2
buffs,B03C,B03C,B03C,binary_override,ftac,,,,integer,,0
buffs,B03H,B03H,B03H,binary_override,ftac,,,,integer,,2
buffs,B03J,B03J,B03J,binary_override,fspd,,,,integer,,2
buffs,B03O,B03O,B03O,binary_override,fspd,,,,integer,,2
buffs,B03Q,B03Q,B03Q,binary_override,ftac,,,,integer,,1
buffs,B03R,B03R,B03R,binary_override,fspd,,,,integer,,2
buffs,B03R,B03R,B03R,binary_override,ftac,,,,integer,,0
buffs,B03T,B03T,B03T,binary_override,fspd,,,,integer,,2
buffs,B03V,B03V,B03V,binary_override,ftac,,,,integer,,0
buffs,B03W,B03W,B03W,binary_override,fspd,,,,integer,,0
buffs,B041,B041,B041,binary_override,fspd,,,,integer,,0
buffs,B042,B042,B042,binary_override,ftac,,,,integer,,0
buffs,B043,B043,B043,binary_override,ftac,,,,integer,,0
buffs,B049,B049,B049,binary_override,fspd,,,,integer,,1
buffs,B049,B049,B049,binary_override,ftac,,,,integer,,1
buffs,B04D,B04D,B04D,binary_override,fspd,,,,integer,,0
buffs,B04F,B04F,B04F,binary_override,fspd,,,,integer,,0
buffs,B04P,B04P,B04P,binary_override,ftac,,,,integer,,1
buffs,B04Q,B04Q,B04Q,binary_override,ftac,,,,integer,,1
buffs,B04T,B04T,B04T,binary_override,ftac,,,,integer,,1
buffs,B04U,B04U,B04U,binary_override,ftac,,,,integer,,1
buffs,B04V,B04V,B04V,binary_override,ftac,,,,integer,,1
buffs,B04X,B04X,B04X,binary_override,ftac,,,,integer,,2
buffs,B04Y,B04Y,B04Y,binary_override,ftac,,,,integer,,1
buffs,B04Z,B04Z,B04Z,binary_override,fspd,,,,integer,,0
buffs,B050,B050,B050,binary_override,fspd,,,,integer,,0
buffs,B052,B052,B052,binary_override,fspd,,,,integer,,0
buffs,B053,B053,B053,binary_override,fspd,,,,integer,,0
buffs,B054,B054,B054,binary_override,fspd,,,,integer,,0
buffs,B055,B055,B055,binary_override,ftac,,,,integer,,0
buffs,B057,B057,B057,binary_override,ftac,,,,integer,,1
buffs,B058,B058,B058,binary_override,fspd,,,,integer,,0
buffs,B058,B058,B058,binary_override,ftac,,,,integer,,0
buffs,B059,B059,B059,binary_override,fspd,,,,integer,,0
buffs,B059,B059,B059,binary_override,ftac,,,,integer,,0
buffs,B05A,B05A,B05A,binary_override,fspd,,,,integer,,0
buffs,B05A,B05A,B05A,binary_override,ftac,,,,integer,,0
buffs,B05B,B05B,B05B,binary_override,fspd,,,,integer,,0
buffs,B05B,B05B,B05B,binary_override,ftac,,,,integer,,0
buffs,B05C,B05C,B05C,binary_override,fspd,,,,integer,,0
buffs,B05C,B05C,B05C,binary_override,ftac,,,,integer,,0
buffs,B05D,B05D,B05D,binary_override,fspd,,,,integer,,0
buffs,B05D,B05D,B05D,binary_override,ftac,,,,integer,,0
buffs,B05E,B05E,B05E,binary_override,fspd,,,,integer,,0
buffs,B05E,B05E,B05E,binary_override,ftac,,,,integer,,0
buffs,B05F,B05F,B05F,binary_override,fspd,,,,integer,,0
buffs,B05F,B05F,B05F,binary_override,ftac,,,,integer,,0
buffs,B05G,B05G,B05G,binary_override,fspd,,,,integer,,0
buffs,B05G,B05G,B05G,binary_override,ftac,,,,integer,,0
buffs,B05N,B05N,B05N,binary_override,ftac,,,,integer,,1
buffs,B05O,B05O,B05O,binary_override,ftac,,,,integer,,1
buffs,B05P,B05P,B05P,binary_override,fspd,,,,integer,,0
buffs,B05T,B05T,B05T,binary_override,fspd,,,,integer,,0
buffs,B05U,B05U,B05U,binary_override,fspd,,,,integer,,0
buffs,B05V,B05V,B05V,binary_override,ftac,,,,integer,,1
buffs,B05Z,B05Z,B05Z,binary_override,ftac,,,,integer,,2
buffs,B064,B064,B064,binary_override,fspd,,,,integer,,2
buffs,B064,B064,B064,binary_override,ftac,,,,integer,,1
buffs,B066,B066,B066,binary_override,fspd,,,,integer,,0
buffs,B06F,B06F,B06F,binary_override,fspd,,,,integer,,0
buffs,B06H,B06H,B06H,binary_override,fspd,,,,integer,,2
buffs,B06H,B06H,B06H,binary_override,ftac,,,,integer,,1
buffs,B06M,B06M,B06M,binary_override,fspd,,,,integer,,0
buffs,B06P,B06P,B06P,binary_override,fspd,,,,integer,,0
buffs,B06Q,B06Q,B06Q,binary_override,fspd,,,,integer,,0
buffs,B06S,B06S,B06S,binary_override,ftac,,,,integer,,1
buffs,B06V,B06V,B06V,binary_override,fspd,,,,integer,,0
buffs,B06W,B06W,B06W,binary_override,ftac,,,,integer,,1
buffs,B07I,B07I,B07I,binary_override,ftac,,,,integer,,1
buffs,B07V,B07V,B07V,binary_override,fspd,,,,integer,,0
buffs,B07W,B07W,B07W,binary_override,fspd,,,,integer,,0
buffs,B07X,B07X,B07X,binary_override,fspd,,,,integer,,0
buffs,B07Y,B07Y,B07Y,binary_override,ftac,,,,integer,,1
buffs,B082,B082,B082,binary_override,ftac,,,,integer,,1
buffs,BUts,BUts,BUts,binary_override,ftac,,,,integer,,0
