category,id,included,source,name,value,schema,line,metadata
abilities,attribute_bonuses,True,game/scripts/npc/abilities/attribute_bonus.txt,attribute_bonus_per_level,"[3, 6, 9, 12, 15, 18, 21, 24, 27, 30]",AbilityValues,18,{}
abilities,1_wave_stomp_extreme,True,game/scripts/npc/abilities/extreme_mode_creep_actives.txt,stomp_damage,250,AbilityValues,21,{}
abilities,1_wave_stomp_extreme,True,game/scripts/npc/abilities/extreme_mode_creep_actives.txt,slow_movement_and_attack_speed,-40,AbilityValues,22,{}
abilities,1_wave_stomp_extreme,True,game/scripts/npc/abilities/extreme_mode_creep_actives.txt,slow_tooltip,-40,AbilityValues,23,{}
abilities,1_wave_stomp_extreme,True,game/scripts/npc/abilities/extreme_mode_creep_actives.txt,radius,250,AbilityValues,24,{}
abilities,1_wave_stomp_extreme,True,game/scripts/npc/abilities/extreme_mode_creep_actives.txt,duration,8,AbilityValues,25,{}
abilities,2_wave_war_stomp_extreme,True,game/scripts/npc/abilities/extreme_mode_creep_actives.txt,damage,100,AbilityValues,123,{}
abilities,2_wave_war_stomp_extreme,True,game/scripts/npc/abilities/extreme_mode_creep_actives.txt,stun_duration,2,AbilityValues,124,{}
abilities,2_wave_war_stomp_extreme,True,game/scripts/npc/abilities/extreme_mode_creep_actives.txt,radius,300,AbilityValues,125,{}
abilities,second_wave_wave_of_force_extreme,True,game/scripts/npc/abilities/extreme_mode_creep_actives.txt,attack_speed,1050,AbilityValues,223,{}
abilities,second_wave_wave_of_force_extreme,True,game/scripts/npc/abilities/extreme_mode_creep_actives.txt,attack_width_initial,150,AbilityValues,224,{}
abilities,second_wave_wave_of_force_extreme,True,game/scripts/npc/abilities/extreme_mode_creep_actives.txt,attack_width_end,150,AbilityValues,225,{}
abilities,second_wave_wave_of_force_extreme,True,game/scripts/npc/abilities/extreme_mode_creep_actives.txt,attack_distance,1150,AbilityValues,226,{}
abilities,second_wave_wave_of_force_extreme,True,game/scripts/npc/abilities/extreme_mode_creep_actives.txt,max_health_damage,25,AbilityValues,227,{}
abilities,3_wave_rejuvenation_extreme,True,game/scripts/npc/abilities/extreme_mode_creep_actives.txt,heal,167,AbilityValues,248,{}
abilities,3_wave_rejuvenation_extreme,True,game/scripts/npc/abilities/extreme_mode_creep_actives.txt,duration,6,AbilityValues,249,{}
abilities,3_wave_rejuvenation_extreme,True,game/scripts/npc/abilities/extreme_mode_creep_actives.txt,heal_tooltip,1000,AbilityValues,250,{}
abilities,4_wave_ensnare_extreme,True,game/scripts/npc/abilities/extreme_mode_creep_actives.txt,duration,4,AbilityValues,324,{}
abilities,4_wave_ensnare_extreme,True,game/scripts/npc/abilities/extreme_mode_creep_actives.txt,creep_duration,15,AbilityValues,325,{}
abilities,4_wave_ensnare_extreme,True,game/scripts/npc/abilities/extreme_mode_creep_actives.txt,net_speed,1500,AbilityValues,326,{}
abilities,6_wave_curse,True,game/scripts/npc/abilities/extreme_mode_creep_actives.txt,miss,40,AbilityValues,423,{}
abilities,6_wave_curse,True,game/scripts/npc/abilities/extreme_mode_creep_actives.txt,duration,10,AbilityValues,424,{}
abilities,7_wave_howl_of_terror_extreme,True,game/scripts/npc/abilities/extreme_mode_creep_actives.txt,damage_penalty_percentage,-75,AbilityValues,478,{}
abilities,7_wave_howl_of_terror_extreme,True,game/scripts/npc/abilities/extreme_mode_creep_actives.txt,duration,10.0,AbilityValues,479,{}
abilities,7_wave_howl_of_terror_extreme,True,game/scripts/npc/abilities/extreme_mode_creep_actives.txt,radius,800,AbilityValues,480,{}
abilities,11_wave_immolation_extreme,True,game/scripts/npc/abilities/extreme_mode_creep_actives.txt,damage_per_second,90,AbilityValues,557,{}
abilities,11_wave_immolation_extreme,True,game/scripts/npc/abilities/extreme_mode_creep_actives.txt,mana_cost_per_second,25,AbilityValues,558,{}
abilities,11_wave_immolation_extreme,True,game/scripts/npc/abilities/extreme_mode_creep_actives.txt,radius,220,AbilityValues,559,{}
abilities,12_wave_roots_extreme,True,game/scripts/npc/abilities/extreme_mode_creep_actives.txt,damage_per_second,200,AbilityValues,639,{}
abilities,12_wave_roots_extreme,True,game/scripts/npc/abilities/extreme_mode_creep_actives.txt,hero_duration,5,AbilityValues,640,{}
abilities,12_wave_roots_extreme,True,game/scripts/npc/abilities/extreme_mode_creep_actives.txt,creep_duration,5,AbilityValues,641,{}
abilities,12_wave_bloodlust_extreme,True,game/scripts/npc/abilities/extreme_mode_creep_actives.txt,bonus_attack_speed,180,AbilityValues,725,{}
abilities,12_wave_bloodlust_extreme,True,game/scripts/npc/abilities/extreme_mode_creep_actives.txt,bonus_movement_speed,50,AbilityValues,726,{}
abilities,12_wave_bloodlust_extreme,True,game/scripts/npc/abilities/extreme_mode_creep_actives.txt,duration,15.0,AbilityValues,727,{}
abilities,14_wave_shadow_strike_extreme,True,game/scripts/npc/abilities/extreme_mode_creep_actives.txt,duration,6,AbilityValues,797,{}
abilities,14_wave_shadow_strike_extreme,True,game/scripts/npc/abilities/extreme_mode_creep_actives.txt,initial_damage,150,AbilityValues,798,{}
abilities,14_wave_shadow_strike_extreme,True,game/scripts/npc/abilities/extreme_mode_creep_actives.txt,damage_every_3sec,150,AbilityValues,799,{}
abilities,14_wave_shadow_strike_extreme,True,game/scripts/npc/abilities/extreme_mode_creep_actives.txt,all_slow,-20,AbilityValues,800,{}
abilities,14_wave_storm_bolt_extreme,True,game/scripts/npc/abilities/extreme_mode_creep_actives.txt,projectile_speed,1000,AbilityValues,924,{}
abilities,14_wave_storm_bolt_extreme,True,game/scripts/npc/abilities/extreme_mode_creep_actives.txt,duration,4.0,AbilityValues,925,{}
abilities,14_wave_storm_bolt_extreme,True,game/scripts/npc/abilities/extreme_mode_creep_actives.txt,damage,950,AbilityValues,926,{}
abilities,wave_16_mana_burn_extreme,True,game/scripts/npc/abilities/extreme_mode_creep_actives.txt,mana_burn,350,AbilityValues,990,{}
abilities,wave_16_mana_burn_extreme,True,game/scripts/npc/abilities/extreme_mode_creep_actives.txt,damage_per_mana,1,AbilityValues,991,{}
abilities,16_wave_slow_extreme,True,game/scripts/npc/abilities/extreme_mode_creep_actives.txt,attack_slow,-75,AbilityValues,1021,{}
abilities,16_wave_slow_extreme,True,game/scripts/npc/abilities/extreme_mode_creep_actives.txt,movespeed_slow_pct,-75,AbilityValues,1022,{}
abilities,16_wave_slow_extreme,True,game/scripts/npc/abilities/extreme_mode_creep_actives.txt,hero_duration,10,AbilityValues,1023,{}
abilities,16_wave_slow_extreme,True,game/scripts/npc/abilities/extreme_mode_creep_actives.txt,duration,20,AbilityValues,1024,{}
abilities,17_wave_purge_extreme,True,game/scripts/npc/abilities/extreme_mode_creep_actives.txt,duration,10,AbilityValues,1083,{}
abilities,17_wave_purge_extreme,True,game/scripts/npc/abilities/extreme_mode_creep_actives.txt,duration_hero,10,AbilityValues,1084,{}
abilities,17_wave_purge_extreme,True,game/scripts/npc/abilities/extreme_mode_creep_actives.txt,summoned_unit_damage,2000,AbilityValues,1085,{}
abilities,17_wave_purge_extreme,True,game/scripts/npc/abilities/extreme_mode_creep_actives.txt,slow_per_stack,-20,AbilityValues,1086,{}
abilities,17_wave_purge_extreme,True,game/scripts/npc/abilities/extreme_mode_creep_actives.txt,stack_multi,5,AbilityValues,1087,{}
abilities,17_wave_purge_extreme,True,game/scripts/npc/abilities/extreme_mode_creep_actives.txt,think_interval,1,AbilityValues,1088,{}
abilities,18_wave_silence_extreme,True,game/scripts/npc/abilities/extreme_mode_creep_actives.txt,radius,300,AbilityValues,1179,{}
abilities,18_wave_silence_extreme,True,game/scripts/npc/abilities/extreme_mode_creep_actives.txt,duration,7,AbilityValues,1180,{}
abilities,19_wave_faerie_fire_extreme,True,game/scripts/npc/abilities/extreme_mode_creep_actives.txt,duration,10,AbilityValues,1261,{}
abilities,19_wave_faerie_fire_extreme,True,game/scripts/npc/abilities/extreme_mode_creep_actives.txt,hero_duration,10,AbilityValues,1262,{}
abilities,19_wave_faerie_fire_extreme,True,game/scripts/npc/abilities/extreme_mode_creep_actives.txt,armor_reduction,-60,AbilityValues,1263,{}
abilities,19_wave_polymorph_extreme,True,game/scripts/npc/abilities/extreme_mode_creep_actives.txt,duration,8,AbilityValues,1331,{}
abilities,19_wave_polymorph_extreme,True,game/scripts/npc/abilities/extreme_mode_creep_actives.txt,movespeed,100,AbilityValues,1332,{}
abilities,orn_mutant_boss_slow,True,game/scripts/npc/abilities/extreme_mode_creep_actives.txt,cripple_attack_slow,-25,AbilityValues,1430,{}
abilities,orn_mutant_boss_slow,True,game/scripts/npc/abilities/extreme_mode_creep_actives.txt,cripple_movespeed_slow_pct,-75,AbilityValues,1431,{}
abilities,orn_mutant_boss_slow,True,game/scripts/npc/abilities/extreme_mode_creep_actives.txt,duration,10,AbilityValues,1432,{}
abilities,wave_1_poison_extreme,True,game/scripts/npc/abilities/extreme_mode_creep_passives.txt,movement_slow,-25,AbilityValues,23,{}
abilities,wave_1_poison_extreme,True,game/scripts/npc/abilities/extreme_mode_creep_passives.txt,attack_slow,-25,AbilityValues,24,{}
abilities,wave_1_poison_extreme,True,game/scripts/npc/abilities/extreme_mode_creep_passives.txt,damage_per_second,10,AbilityValues,25,{}
abilities,wave_1_poison_extreme,True,game/scripts/npc/abilities/extreme_mode_creep_passives.txt,duration,4,AbilityValues,26,{}
abilities,wave_2_aura_of_vengeance_extreme,True,game/scripts/npc/abilities/extreme_mode_creep_passives.txt,radius,1000,AbilityValues,46,{}
abilities,wave_2_aura_of_vengeance_extreme,True,game/scripts/npc/abilities/extreme_mode_creep_passives.txt,damage_return,35,AbilityValues,47,{}
abilities,wave_2_centaurs_revenge_extreme,True,game/scripts/npc/abilities/extreme_mode_creep_passives.txt,damage_return,20,AbilityValues,61,{}
abilities,2_wave_centaur_chieftain_aura_extreme,True,game/scripts/npc/abilities/extreme_mode_creep_passives.txt,radius,900,AbilityValues,77,{}
abilities,2_wave_centaur_chieftain_aura_extreme,True,game/scripts/npc/abilities/extreme_mode_creep_passives.txt,bonus_movement_speed_percentage,30,AbilityValues,78,{}
abilities,2_wave_centaur_chieftain_aura_extreme,True,game/scripts/npc/abilities/extreme_mode_creep_passives.txt,bonus_attack_speed,30,AbilityValues,79,{}
abilities,wave_2_centaur_chieftain_aura_extreme,True,game/scripts/npc/abilities/extreme_mode_creep_passives.txt,aura_radius,900,AbilityValues,125,{}
abilities,wave_2_centaur_chieftain_aura_extreme,True,game/scripts/npc/abilities/extreme_mode_creep_passives.txt,bonus_movement_speed_percentage,30,AbilityValues,126,{}
abilities,wave_2_centaur_chieftain_aura_extreme,True,game/scripts/npc/abilities/extreme_mode_creep_passives.txt,bonus_attack_speed,30,AbilityValues,127,{}
abilities,wave_3_evasion_extreme,True,game/scripts/npc/abilities/extreme_mode_creep_passives.txt,evasion,25,AbilityValues,141,{}
abilities,4_wave_true_hit_extreme,True,game/scripts/npc/abilities/extreme_mode_creep_passives.txt,strike_chance,25,AbilityValues,160,{}
abilities,4_wave_true_hit_extreme,True,game/scripts/npc/abilities/extreme_mode_creep_passives.txt,damage,40,AbilityValues,161,{}
abilities,wave_6_assassin_extreme,True,game/scripts/npc/abilities/extreme_mode_creep_passives.txt,crit_multiplier,200,AbilityValues,242,{}
abilities,wave_6_assassin_extreme,True,game/scripts/npc/abilities/extreme_mode_creep_passives.txt,crit_chance,20,AbilityValues,243,{}
abilities,wave_6_assassin_extreme,True,game/scripts/npc/abilities/extreme_mode_creep_passives.txt,evasion,20,AbilityValues,244,{}
abilities,7_wave_sharp_claws_extreme,True,game/scripts/npc/abilities/extreme_mode_creep_passives.txt,armor_reduction,-10,AbilityValues,268,{}
abilities,7_wave_sharp_claws_extreme,True,game/scripts/npc/abilities/extreme_mode_creep_passives.txt,duration,0.01,AbilityValues,269,{}
abilities,wave_8_lifesteal_extreme,True,game/scripts/npc/abilities/extreme_mode_creep_passives.txt,lifesteal_percent,50,AbilityValues,314,{}
abilities,wave_9_incorporeity_extreme,True,game/scripts/npc/abilities/extreme_mode_creep_passives.txt,melee_damage_reduction,-25,AbilityValues,329,{}
abilities,wave_9_incorporeity_extreme,True,game/scripts/npc/abilities/extreme_mode_creep_passives.txt,ranged_damage_reduction,-40,AbilityValues,330,{}
abilities,wave_11_mana_break_extreme,True,game/scripts/npc/abilities/extreme_mode_creep_passives.txt,mana_per_hit,60,AbilityValues,350,{}
abilities,wave_11_mana_break_extreme,True,game/scripts/npc/abilities/extreme_mode_creep_passives.txt,damage_per_mana,1.0,AbilityValues,351,{}
abilities,wave_11_mana_break_extreme_creeps,True,game/scripts/npc/abilities/extreme_mode_creep_passives.txt,mana_per_hit,50,AbilityValues,371,{}
abilities,wave_11_mana_break_extreme_creeps,True,game/scripts/npc/abilities/extreme_mode_creep_passives.txt,damage_per_mana,1.0,AbilityValues,372,{}
abilities,wave_12_crit_extreme,True,game/scripts/npc/abilities/extreme_mode_creep_passives.txt,crit_multiplier,250,AbilityValues,392,{}
abilities,wave_12_crit_extreme,True,game/scripts/npc/abilities/extreme_mode_creep_passives.txt,crit_chance,35,AbilityValues,393,{}
abilities,wave_13_command_aura_extreme,True,game/scripts/npc/abilities/extreme_mode_creep_passives.txt,bonus_damage_pct,60,AbilityValues,416,{}
abilities,wave_13_command_aura_extreme,True,game/scripts/npc/abilities/extreme_mode_creep_passives.txt,aura_radius,1000,AbilityValues,417,{}
abilities,wave_16_evasion_extreme,True,game/scripts/npc/abilities/extreme_mode_creep_passives.txt,evasion,35,AbilityValues,431,{}
abilities,wave_17_evasion_extreme,True,game/scripts/npc/abilities/extreme_mode_creep_passives.txt,evasion,99,AbilityValues,445,{}
abilities,wave_18_bash_extreme,True,game/scripts/npc/abilities/extreme_mode_creep_passives.txt,bash_chance,100,AbilityValues,461,{}
abilities,wave_18_bash_extreme,True,game/scripts/npc/abilities/extreme_mode_creep_passives.txt,bash_duration,1,AbilityValues,462,{}
abilities,wave_18_bash_extreme,True,game/scripts/npc/abilities/extreme_mode_creep_passives.txt,bash_damage,100,AbilityValues,463,{}
abilities,healing_ward_ability,True,game/scripts/npc/abilities/healing_ward_ability.txt,heal_percent,3.0,AbilityValues,23,{}
abilities,1_wave_stomp,True,game/scripts/npc/abilities/normal_mode_creep_actives.txt,stomp_damage,150,AbilityValues,21,{}
abilities,1_wave_stomp,True,game/scripts/npc/abilities/normal_mode_creep_actives.txt,slow_movement_and_attack_speed,-40,AbilityValues,22,{}
abilities,1_wave_stomp,True,game/scripts/npc/abilities/normal_mode_creep_actives.txt,slow_tooltip,-40,AbilityValues,23,{}
abilities,1_wave_stomp,True,game/scripts/npc/abilities/normal_mode_creep_actives.txt,radius,250,AbilityValues,24,{}
abilities,1_wave_stomp,True,game/scripts/npc/abilities/normal_mode_creep_actives.txt,duration,4,AbilityValues,25,{}
abilities,second_wave_wave_of_force,True,game/scripts/npc/abilities/normal_mode_creep_actives.txt,attack_speed,1050,AbilityValues,139,{}
abilities,second_wave_wave_of_force,True,game/scripts/npc/abilities/normal_mode_creep_actives.txt,attack_width_initial,150,AbilityValues,140,{}
abilities,second_wave_wave_of_force,True,game/scripts/npc/abilities/normal_mode_creep_actives.txt,attack_width_end,150,AbilityValues,141,{}
abilities,second_wave_wave_of_force,True,game/scripts/npc/abilities/normal_mode_creep_actives.txt,attack_distance,1150,AbilityValues,142,{}
abilities,second_wave_wave_of_force,True,game/scripts/npc/abilities/normal_mode_creep_actives.txt,max_health_damage,20,AbilityValues,143,{}
abilities,3_wave_rejuvenation,True,game/scripts/npc/abilities/normal_mode_creep_actives.txt,heal,100,AbilityValues,165,{}
abilities,3_wave_rejuvenation,True,game/scripts/npc/abilities/normal_mode_creep_actives.txt,duration,6,AbilityValues,166,{}
abilities,3_wave_rejuvenation,True,game/scripts/npc/abilities/normal_mode_creep_actives.txt,heal_tooltip,600,AbilityValues,167,{}
abilities,4_wave_death_coil,True,game/scripts/npc/abilities/normal_mode_creep_actives.txt,projectile_speed,1100,AbilityValues,246,{}
abilities,4_wave_death_coil,True,game/scripts/npc/abilities/normal_mode_creep_actives.txt,damage,500,AbilityValues,247,{}
abilities,5_megaboss_firestorm,True,game/scripts/npc/abilities/normal_mode_creep_actives.txt,radius,300,AbilityValues,313,{}
abilities,5_megaboss_firestorm,True,game/scripts/npc/abilities/normal_mode_creep_actives.txt,wave_count,2,AbilityValues,314,{}
abilities,5_megaboss_firestorm,True,game/scripts/npc/abilities/normal_mode_creep_actives.txt,wave_damage,200,AbilityValues,315,{}
abilities,5_megaboss_firestorm,True,game/scripts/npc/abilities/normal_mode_creep_actives.txt,wave_interval,1.0,AbilityValues,316,{}
abilities,5_megaboss_firestorm,True,game/scripts/npc/abilities/normal_mode_creep_actives.txt,burn_damage,100,AbilityValues,317,{}
abilities,5_megaboss_firestorm,True,game/scripts/npc/abilities/normal_mode_creep_actives.txt,burn_interval,1.0,AbilityValues,318,{}
abilities,5_megaboss_firestorm,True,game/scripts/npc/abilities/normal_mode_creep_actives.txt,burn_duration,3.0,AbilityValues,319,{}
abilities,5_megaboss_firestorm,True,game/scripts/npc/abilities/normal_mode_creep_actives.txt,wave_num_exp,6,AbilityValues,320,{}
abilities,5_megaboss_firestorm,True,game/scripts/npc/abilities/normal_mode_creep_actives.txt,exp_radius,150,AbilityValues,321,{}
abilities,5_megaboss_firestorm,True,game/scripts/npc/abilities/normal_mode_creep_actives.txt,duration,3.0,AbilityValues,322,{}
abilities,5_megaboss_stomp,True,game/scripts/npc/abilities/normal_mode_creep_actives.txt,radius,275,AbilityValues,458,{}
abilities,5_megaboss_stomp,True,game/scripts/npc/abilities/normal_mode_creep_actives.txt,stun_duration,4,AbilityValues,459,{}
abilities,5_megaboss_stomp,True,game/scripts/npc/abilities/normal_mode_creep_actives.txt,stomp_damage,300,AbilityValues,460,{}
abilities,6_wave_cripple,True,game/scripts/npc/abilities/normal_mode_creep_actives.txt,cripple_damage_decrease_pct,-30,AbilityValues,557,{}
abilities,6_wave_cripple,True,game/scripts/npc/abilities/normal_mode_creep_actives.txt,cripple_attack_slow,-60,AbilityValues,558,{}
abilities,6_wave_cripple,True,game/scripts/npc/abilities/normal_mode_creep_actives.txt,cripple_movespeed_slow_pct,-60,AbilityValues,559,{}
abilities,6_wave_cripple,True,game/scripts/npc/abilities/normal_mode_creep_actives.txt,duration,10,AbilityValues,560,{}
abilities,7_wave_howl_of_terror,True,game/scripts/npc/abilities/normal_mode_creep_actives.txt,damage_penalty_percentage,-50,AbilityValues,617,{}
abilities,7_wave_howl_of_terror,True,game/scripts/npc/abilities/normal_mode_creep_actives.txt,duration,10.0,AbilityValues,618,{}
abilities,7_wave_howl_of_terror,True,game/scripts/npc/abilities/normal_mode_creep_actives.txt,radius,800,AbilityValues,619,{}
abilities,8_wave_storm_bolt,True,game/scripts/npc/abilities/normal_mode_creep_actives.txt,projectile_speed,1000,AbilityValues,704,{}
abilities,8_wave_storm_bolt,True,game/scripts/npc/abilities/normal_mode_creep_actives.txt,duration,3.0,AbilityValues,705,{}
abilities,8_wave_storm_bolt,True,game/scripts/npc/abilities/normal_mode_creep_actives.txt,damage,400,AbilityValues,706,{}
abilities,9_wave_frost_nova,True,game/scripts/npc/abilities/normal_mode_creep_actives.txt,radius,200,AbilityValues,772,{}
abilities,9_wave_frost_nova,True,game/scripts/npc/abilities/normal_mode_creep_actives.txt,slow_movement_speed,-40,AbilityValues,773,{}
abilities,9_wave_frost_nova,True,game/scripts/npc/abilities/normal_mode_creep_actives.txt,slow_attack_speed,-25,AbilityValues,774,{}
abilities,9_wave_frost_nova,True,game/scripts/npc/abilities/normal_mode_creep_actives.txt,aoe_damage,400,AbilityValues,775,{}
abilities,9_wave_frost_nova,True,game/scripts/npc/abilities/normal_mode_creep_actives.txt,slow_hero_duration,6,AbilityValues,776,{}
abilities,10_wave_antimagic,True,game/scripts/npc/abilities/normal_mode_creep_actives.txt,duration,7,AbilityValues,836,{}
abilities,10_wave_slow,True,game/scripts/npc/abilities/normal_mode_creep_actives.txt,cripple_attack_slow,-50,AbilityValues,898,{}
abilities,10_wave_slow,True,game/scripts/npc/abilities/normal_mode_creep_actives.txt,cripple_movespeed_slow_pct,-75,AbilityValues,899,{}
abilities,10_wave_slow,True,game/scripts/npc/abilities/normal_mode_creep_actives.txt,duration,10,AbilityValues,900,{}
abilities,10_wave_fire_golem,True,game/scripts/npc/abilities/normal_mode_creep_actives.txt,infernal_duration,180,AbilityValues,957,{}
abilities,10_wave_fire_golem,True,game/scripts/npc/abilities/normal_mode_creep_actives.txt,stun_duration,2.0,AbilityValues,958,{}
abilities,10_wave_fire_golem,True,game/scripts/npc/abilities/normal_mode_creep_actives.txt,radius,250,AbilityValues,959,{}
abilities,10_wave_fire_golem,True,game/scripts/npc/abilities/normal_mode_creep_actives.txt,damage,200,AbilityValues,960,{}
abilities,10_wave_rejuvenation,True,game/scripts/npc/abilities/normal_mode_creep_actives.txt,heal,250,AbilityValues,1057,{}
abilities,10_wave_rejuvenation,True,game/scripts/npc/abilities/normal_mode_creep_actives.txt,duration,8,AbilityValues,1058,{}
abilities,11_wave_immolation,True,game/scripts/npc/abilities/normal_mode_creep_actives.txt,damage_per_second,60,AbilityValues,1125,{}
abilities,11_wave_immolation,True,game/scripts/npc/abilities/normal_mode_creep_actives.txt,mana_cost_per_second,25,AbilityValues,1126,{}
abilities,11_wave_immolation,True,game/scripts/npc/abilities/normal_mode_creep_actives.txt,radius,220,AbilityValues,1127,{}
abilities,12_wave_stomp,True,game/scripts/npc/abilities/normal_mode_creep_actives.txt,radius,200,AbilityValues,1197,{}
abilities,12_wave_stomp,True,game/scripts/npc/abilities/normal_mode_creep_actives.txt,stun_duration,2,AbilityValues,1198,{}
abilities,12_wave_stomp,True,game/scripts/npc/abilities/normal_mode_creep_actives.txt,stomp_damage,250,AbilityValues,1199,{}
abilities,12_wave_roots,True,game/scripts/npc/abilities/normal_mode_creep_actives.txt,damage_per_second,90,AbilityValues,1285,{}
abilities,12_wave_roots,True,game/scripts/npc/abilities/normal_mode_creep_actives.txt,hero_duration,5,AbilityValues,1286,{}
abilities,12_wave_roots,True,game/scripts/npc/abilities/normal_mode_creep_actives.txt,creep_duration,5,AbilityValues,1287,{}
abilities,12_wave_bloodlust,True,game/scripts/npc/abilities/normal_mode_creep_actives.txt,bonus_attack_speed,90,AbilityValues,1371,{}
abilities,12_wave_bloodlust,True,game/scripts/npc/abilities/normal_mode_creep_actives.txt,bonus_movement_speed,50,AbilityValues,1372,{}
abilities,12_wave_bloodlust,True,game/scripts/npc/abilities/normal_mode_creep_actives.txt,duration,15.0,AbilityValues,1373,{}
abilities,13_wave_hurl_boulder,True,game/scripts/npc/abilities/normal_mode_creep_actives.txt,projectile_speed,1000,AbilityValues,1448,{}
abilities,13_wave_hurl_boulder,True,game/scripts/npc/abilities/normal_mode_creep_actives.txt,duration,2.0,AbilityValues,1449,{}
abilities,13_wave_hurl_boulder,True,game/scripts/npc/abilities/normal_mode_creep_actives.txt,damage,100,AbilityValues,1450,{}
abilities,14_wave_shadow_strike,True,game/scripts/npc/abilities/normal_mode_creep_actives.txt,duration,6,AbilityValues,1522,{}
abilities,14_wave_shadow_strike,True,game/scripts/npc/abilities/normal_mode_creep_actives.txt,initial_damage,100,AbilityValues,1523,{}
abilities,14_wave_shadow_strike,True,game/scripts/npc/abilities/normal_mode_creep_actives.txt,damage_every_3sec,100,AbilityValues,1524,{}
abilities,14_wave_shadow_strike,True,game/scripts/npc/abilities/normal_mode_creep_actives.txt,all_slow,-20,AbilityValues,1525,{}
abilities,14_wave_storm_bolt,True,game/scripts/npc/abilities/normal_mode_creep_actives.txt,projectile_speed,1000,AbilityValues,1646,{}
abilities,14_wave_storm_bolt,True,game/scripts/npc/abilities/normal_mode_creep_actives.txt,duration,4.0,AbilityValues,1647,{}
abilities,14_wave_storm_bolt,True,game/scripts/npc/abilities/normal_mode_creep_actives.txt,damage,750,AbilityValues,1648,{}
abilities,15_megaboss_illusions,True,game/scripts/npc/abilities/normal_mode_creep_actives.txt,illusion_duration,60,AbilityValues,1719,{}
abilities,15_megaboss_illusions,True,game/scripts/npc/abilities/normal_mode_creep_actives.txt,outgoing_damage,100,AbilityValues,1720,{}
abilities,15_megaboss_illusions,True,game/scripts/npc/abilities/normal_mode_creep_actives.txt,outgoing_damage_tooltip,100,AbilityValues,1721,{}
abilities,15_megaboss_illusions,True,game/scripts/npc/abilities/normal_mode_creep_actives.txt,incoming_damage,100,AbilityValues,1722,{}
abilities,15_megaboss_illusions,True,game/scripts/npc/abilities/normal_mode_creep_actives.txt,tooltip_incoming_damage_total_pct,100,AbilityValues,1723,{}
abilities,15_megaboss_illusions,True,game/scripts/npc/abilities/normal_mode_creep_actives.txt,images_count,2,AbilityValues,1724,{}
abilities,15_megaboss_illusions,True,game/scripts/npc/abilities/normal_mode_creep_actives.txt,invuln_duration,0.5,AbilityValues,1725,{}
abilities,15_megaboss_astral,True,game/scripts/npc/abilities/normal_mode_creep_actives.txt,reduce_spell_damage_pct,-40,AbilityValues,1805,{}
abilities,15_megaboss_astral,True,game/scripts/npc/abilities/normal_mode_creep_actives.txt,reduce_movement_speed,-100,AbilityValues,1806,{}
abilities,15_megaboss_astral,True,game/scripts/npc/abilities/normal_mode_creep_actives.txt,duration_on_hero,8.0,AbilityValues,1807,{}
abilities,15_megaboss_astral,True,game/scripts/npc/abilities/normal_mode_creep_actives.txt,duration_on_other,8.0,AbilityValues,1808,{}
abilities,15_megaboss_silence,True,game/scripts/npc/abilities/normal_mode_creep_actives.txt,radius,800,AbilityValues,1923,{}
abilities,15_megaboss_silence,True,game/scripts/npc/abilities/normal_mode_creep_actives.txt,duration,7,AbilityValues,1924,{}
abilities,wave_16_mana_burn,True,game/scripts/npc/abilities/normal_mode_creep_actives.txt,mana_burn,250,AbilityValues,2008,{}
abilities,wave_16_mana_burn,True,game/scripts/npc/abilities/normal_mode_creep_actives.txt,damage_per_mana,1,AbilityValues,2009,{}
abilities,16_wave_slow,True,game/scripts/npc/abilities/normal_mode_creep_actives.txt,attack_slow,-25,AbilityValues,2039,{}
abilities,16_wave_slow,True,game/scripts/npc/abilities/normal_mode_creep_actives.txt,movespeed_slow_pct,-50,AbilityValues,2040,{}
abilities,16_wave_slow,True,game/scripts/npc/abilities/normal_mode_creep_actives.txt,hero_duration,10,AbilityValues,2041,{}
abilities,16_wave_slow,True,game/scripts/npc/abilities/normal_mode_creep_actives.txt,duration,20,AbilityValues,2042,{}
abilities,17_wave_purge,True,game/scripts/npc/abilities/normal_mode_creep_actives.txt,duration,10,AbilityValues,2095,{}
abilities,17_wave_purge,True,game/scripts/npc/abilities/normal_mode_creep_actives.txt,duration_hero,10,AbilityValues,2096,{}
abilities,17_wave_purge,True,game/scripts/npc/abilities/normal_mode_creep_actives.txt,summoned_unit_damage,1000,AbilityValues,2097,{}
abilities,17_wave_purge,True,game/scripts/npc/abilities/normal_mode_creep_actives.txt,slow_per_stack,-20,AbilityValues,2098,{}
abilities,17_wave_purge,True,game/scripts/npc/abilities/normal_mode_creep_actives.txt,stack_multi,5,AbilityValues,2099,{}
abilities,17_wave_purge,True,game/scripts/npc/abilities/normal_mode_creep_actives.txt,think_interval,1,AbilityValues,2100,{}
abilities,18_wave_silence,True,game/scripts/npc/abilities/normal_mode_creep_actives.txt,radius,300,AbilityValues,2191,{}
abilities,18_wave_silence,True,game/scripts/npc/abilities/normal_mode_creep_actives.txt,duration,4,AbilityValues,2192,{}
abilities,19_wave_polymorph,True,game/scripts/npc/abilities/normal_mode_creep_actives.txt,duration,6,AbilityValues,2275,{}
abilities,19_wave_polymorph,True,game/scripts/npc/abilities/normal_mode_creep_actives.txt,movespeed,100,AbilityValues,2276,{}
abilities,19_wave_faerie_fire,True,game/scripts/npc/abilities/normal_mode_creep_actives.txt,duration,10,AbilityValues,2371,{}
abilities,19_wave_faerie_fire,True,game/scripts/npc/abilities/normal_mode_creep_actives.txt,hero_duration,10,AbilityValues,2372,{}
abilities,19_wave_faerie_fire,True,game/scripts/npc/abilities/normal_mode_creep_actives.txt,armor_reduction,-30,AbilityValues,2373,{}
abilities,orn_mutant_boss_slow,True,game/scripts/npc/abilities/normal_mode_creep_actives.txt,cripple_attack_slow,-25,AbilityValues,2439,{}
abilities,orn_mutant_boss_slow,True,game/scripts/npc/abilities/normal_mode_creep_actives.txt,cripple_movespeed_slow_pct,-75,AbilityValues,2440,{}
abilities,orn_mutant_boss_slow,True,game/scripts/npc/abilities/normal_mode_creep_actives.txt,duration,10,AbilityValues,2441,{}
abilities,true_sight,True,game/scripts/npc/abilities/normal_mode_creep_passives.txt,radius,1100,AbilityValues,15,{}
abilities,wave_1_poison,True,game/scripts/npc/abilities/normal_mode_creep_passives.txt,movement_slow,-15,AbilityValues,114,{}
abilities,wave_1_poison,True,game/scripts/npc/abilities/normal_mode_creep_passives.txt,attack_slow,-15,AbilityValues,115,{}
abilities,wave_1_poison,True,game/scripts/npc/abilities/normal_mode_creep_passives.txt,damage_per_second,0,AbilityValues,116,{}
abilities,wave_1_poison,True,game/scripts/npc/abilities/normal_mode_creep_passives.txt,duration,4,AbilityValues,117,{}
abilities,wave_2_aura_of_vengeance,True,game/scripts/npc/abilities/normal_mode_creep_passives.txt,damage_return,20,AbilityValues,137,{}
abilities,wave_2_aura_of_vengeance,True,game/scripts/npc/abilities/normal_mode_creep_passives.txt,radius,1000,AbilityValues,138,{}
abilities,wave_2_centaurs_revenge,True,game/scripts/npc/abilities/normal_mode_creep_passives.txt,damage_return,10,AbilityValues,153,{}
abilities,wave_3_evasion,True,game/scripts/npc/abilities/normal_mode_creep_passives.txt,evasion,25,AbilityValues,169,{}
abilities,4_wave_true_hit,True,game/scripts/npc/abilities/normal_mode_creep_passives.txt,strike_chance,15,AbilityValues,188,{}
abilities,4_wave_true_hit,True,game/scripts/npc/abilities/normal_mode_creep_passives.txt,damage,15,AbilityValues,189,{}
abilities,megaboss_5_bash,True,game/scripts/npc/abilities/normal_mode_creep_passives.txt,bash_chance,16,AbilityValues,273,{}
abilities,megaboss_5_bash,True,game/scripts/npc/abilities/normal_mode_creep_passives.txt,bash_duration,2.0,AbilityValues,274,{}
abilities,megaboss_5_bash,True,game/scripts/npc/abilities/normal_mode_creep_passives.txt,bash_damage,100,AbilityValues,275,{}
abilities,megaboss_5_crit,True,game/scripts/npc/abilities/normal_mode_creep_passives.txt,crit_multiplier,200,AbilityValues,294,{}
abilities,megaboss_5_crit,True,game/scripts/npc/abilities/normal_mode_creep_passives.txt,crit_chance,32,AbilityValues,295,{}
abilities,6_wave_spell_resist,True,game/scripts/npc/abilities/normal_mode_creep_passives.txt,resist,25,AbilityValues,314,{}
abilities,wave_6_assassin,True,game/scripts/npc/abilities/normal_mode_creep_passives.txt,crit_multiplier,150,AbilityValues,345,{}
abilities,wave_6_assassin,True,game/scripts/npc/abilities/normal_mode_creep_passives.txt,crit_chance,15,AbilityValues,346,{}
abilities,wave_6_assassin,True,game/scripts/npc/abilities/normal_mode_creep_passives.txt,evasion,15,AbilityValues,347,{}
abilities,wave_6_invisibility,True,game/scripts/npc/abilities/normal_mode_creep_passives.txt,delay,1,AbilityValues,370,{}
abilities,wave_6_invisibility,True,game/scripts/npc/abilities/normal_mode_creep_passives.txt,duration,60,AbilityValues,371,{}
abilities,7_wave_sharp_claws,True,game/scripts/npc/abilities/normal_mode_creep_passives.txt,armor_reduction,-5,AbilityValues,391,{}
abilities,7_wave_sharp_claws,True,game/scripts/npc/abilities/normal_mode_creep_passives.txt,duration,0.01,AbilityValues,392,{}
abilities,7_wave_plague,True,game/scripts/npc/abilities/normal_mode_creep_passives.txt,radius,250,AbilityValues,442,{}
abilities,7_wave_plague,True,game/scripts/npc/abilities/normal_mode_creep_passives.txt,immunity_time,2,AbilityValues,443,{}
abilities,7_wave_plague,True,game/scripts/npc/abilities/normal_mode_creep_passives.txt,damage,40,AbilityValues,444,{}
abilities,7_wave_plague,True,game/scripts/npc/abilities/normal_mode_creep_passives.txt,plague_time,10,AbilityValues,445,{}
abilities,wave_8_lifesteal_aura,True,game/scripts/npc/abilities/normal_mode_creep_passives.txt,aura_radius,1000,AbilityValues,524,{}
abilities,wave_8_lifesteal_aura,True,game/scripts/npc/abilities/normal_mode_creep_passives.txt,aura_lifesteal_percent,75,AbilityValues,525,{}
abilities,wave_8_cleave,True,game/scripts/npc/abilities/normal_mode_creep_passives.txt,cleave_percent,50,AbilityValues,545,{}
abilities,wave_8_cleave,True,game/scripts/npc/abilities/normal_mode_creep_passives.txt,cleave_start_width,150,AbilityValues,546,{}
abilities,wave_8_cleave,True,game/scripts/npc/abilities/normal_mode_creep_passives.txt,cleave_end_width,200,AbilityValues,547,{}
abilities,wave_8_cleave,True,game/scripts/npc/abilities/normal_mode_creep_passives.txt,cleave_length,200,AbilityValues,548,{}
abilities,wave_9_morphallaxis,True,game/scripts/npc/abilities/normal_mode_creep_passives.txt,chance,30,AbilityValues,562,{}
abilities,wave_9_incorporeity,True,game/scripts/npc/abilities/normal_mode_creep_passives.txt,melee_damage_reduction,-15,AbilityValues,576,{}
abilities,wave_9_incorporeity,True,game/scripts/npc/abilities/normal_mode_creep_passives.txt,ranged_damage_reduction,-25,AbilityValues,577,{}
abilities,fire_golem_10_wave_megaboss_immolation,True,game/scripts/npc/abilities/normal_mode_creep_passives.txt,radius,220,AbilityValues,601,{}
abilities,fire_golem_10_wave_megaboss_immolation,True,game/scripts/npc/abilities/normal_mode_creep_passives.txt,dps,10,AbilityValues,602,{}
abilities,megaboss_10_return,True,game/scripts/npc/abilities/normal_mode_creep_passives.txt,damage_return,15,AbilityValues,653,{}
abilities,wave_11_cleave,True,game/scripts/npc/abilities/normal_mode_creep_passives.txt,cleave_percent,100,AbilityValues,672,{}
abilities,wave_11_cleave,True,game/scripts/npc/abilities/normal_mode_creep_passives.txt,cleave_start_width,150,AbilityValues,673,{}
abilities,wave_11_cleave,True,game/scripts/npc/abilities/normal_mode_creep_passives.txt,cleave_end_width,200,AbilityValues,674,{}
abilities,wave_11_cleave,True,game/scripts/npc/abilities/normal_mode_creep_passives.txt,cleave_length,200,AbilityValues,675,{}
abilities,wave_11_mana_break,True,game/scripts/npc/abilities/normal_mode_creep_passives.txt,mana_per_hit,30,AbilityValues,695,{}
abilities,wave_11_mana_break,True,game/scripts/npc/abilities/normal_mode_creep_passives.txt,damage_per_mana,1.0,AbilityValues,696,{}
abilities,wave_12_bash,True,game/scripts/npc/abilities/normal_mode_creep_passives.txt,bash_chance,30,AbilityValues,711,{}
abilities,wave_12_bash,True,game/scripts/npc/abilities/normal_mode_creep_passives.txt,bash_duration,2.0,AbilityValues,712,{}
abilities,wave_12_bash,True,game/scripts/npc/abilities/normal_mode_creep_passives.txt,bash_damage,250,AbilityValues,713,{}
abilities,wave_12_crit,True,game/scripts/npc/abilities/normal_mode_creep_passives.txt,crit_multiplier,200,AbilityValues,734,{}
abilities,wave_12_crit,True,game/scripts/npc/abilities/normal_mode_creep_passives.txt,crit_chance,25,AbilityValues,735,{}
abilities,wave_13_command_aura,True,game/scripts/npc/abilities/normal_mode_creep_passives.txt,bonus_damage_pct,40,AbilityValues,757,{}
abilities,wave_13_command_aura,True,game/scripts/npc/abilities/normal_mode_creep_passives.txt,aura_radius,1000,AbilityValues,758,{}
abilities,megaboss_15_ghoul_purge,True,game/scripts/npc/abilities/normal_mode_creep_passives.txt,damage_threshold,2500,AbilityValues,778,{}
abilities,megaboss_15_mana_break,True,game/scripts/npc/abilities/normal_mode_creep_passives.txt,mana_per_hit,200,AbilityValues,799,{}
abilities,megaboss_15_mana_break,True,game/scripts/npc/abilities/normal_mode_creep_passives.txt,damage_per_mana,1.0,AbilityValues,800,{}
abilities,wave_17_evasion,True,game/scripts/npc/abilities/normal_mode_creep_passives.txt,evasion,90,AbilityValues,814,{}
abilities,wave_18_bash,True,game/scripts/npc/abilities/normal_mode_creep_passives.txt,bash_chance,100,AbilityValues,829,{}
abilities,wave_18_bash,True,game/scripts/npc/abilities/normal_mode_creep_passives.txt,bash_duration,0.5,AbilityValues,830,{}
abilities,wave_18_bash,True,game/scripts/npc/abilities/normal_mode_creep_passives.txt,bash_damage,100,AbilityValues,831,{}
abilities,orn_all_bonuses,True,game/scripts/npc/abilities/normal_mode_creep_passives.txt,evasion,50,AbilityValues,877,{}
abilities,orn_all_bonuses,True,game/scripts/npc/abilities/normal_mode_creep_passives.txt,bonus_attack_speed,725,AbilityValues,878,{}
abilities,orn_all_bonuses,True,game/scripts/npc/abilities/normal_mode_creep_passives.txt,bonus_movement_speed_percent,150,AbilityValues,879,{}
abilities,orn_cleave_manabreak_lifesteal,True,game/scripts/npc/abilities/normal_mode_creep_passives.txt,cleave_radius,180.0,AbilityValues,906,{}
abilities,orn_cleave_manabreak_lifesteal,True,game/scripts/npc/abilities/normal_mode_creep_passives.txt,cleave_damage,100,AbilityValues,907,{}
abilities,orn_cleave_manabreak_lifesteal,True,game/scripts/npc/abilities/normal_mode_creep_passives.txt,lifesteal_percent,30,AbilityValues,908,{}
abilities,orn_mana_break,True,game/scripts/npc/abilities/normal_mode_creep_passives.txt,mana_per_hit,150,AbilityValues,980,{}
abilities,orn_mana_break,True,game/scripts/npc/abilities/normal_mode_creep_passives.txt,damage_per_mana,1.0,AbilityValues,981,{}
abilities,orn_bash,True,game/scripts/npc/abilities/normal_mode_creep_passives.txt,bash_chance,20,AbilityValues,1004,{}
abilities,orn_bash,True,game/scripts/npc/abilities/normal_mode_creep_passives.txt,stun_hero_duration,2.0,AbilityValues,1005,{}
abilities,orn_crit,True,game/scripts/npc/abilities/normal_mode_creep_passives.txt,crit_mult,250,AbilityValues,1082,{}
abilities,orn_crit,True,game/scripts/npc/abilities/normal_mode_creep_passives.txt,crit_chance,25,AbilityValues,1083,{}
abilities,orn_return,True,game/scripts/npc/abilities/normal_mode_creep_passives.txt,damage_return,30,AbilityValues,1157,{}
abilities,alchemist_fire_potion,True,game/scripts/npc/abilities/npc_lia_hero_alchemist.txt,damage,"[30, 60, 120]",AbilityValues,34,{}
abilities,alchemist_fire_potion,True,game/scripts/npc/abilities/npc_lia_hero_alchemist.txt,self_damage,"[30, 60, 120]",AbilityValues,35,{}
abilities,alchemist_fire_potion,True,game/scripts/npc/abilities/npc_lia_hero_alchemist.txt,wave_count,2,AbilityValues,36,{}
abilities,alchemist_fire_potion,True,game/scripts/npc/abilities/npc_lia_hero_alchemist.txt,wave_count_scepter,4,AbilityValues,37,"{""value"": 4, ""RequiresScepter"": 1}"
abilities,alchemist_fire_potion,True,game/scripts/npc/abilities/npc_lia_hero_alchemist.txt,delay_between_waves,0.2,AbilityValues,42,{}
abilities,alchemist_fire_potion,True,game/scripts/npc/abilities/npc_lia_hero_alchemist.txt,delay_between_waves_scepters,0.1,AbilityValues,43,"{""value"": 0.1, ""RequiresScepter"": 1}"
abilities,alchemist_fire_potion,True,game/scripts/npc/abilities/npc_lia_hero_alchemist.txt,projectile_distance,500,AbilityValues,48,{}
abilities,alchemist_fire_potion,True,game/scripts/npc/abilities/npc_lia_hero_alchemist.txt,start_width,100,AbilityValues,49,{}
abilities,alchemist_fire_potion,True,game/scripts/npc/abilities/npc_lia_hero_alchemist.txt,end_width,300,AbilityValues,50,{}
abilities,alchemist_fire_potion,True,game/scripts/npc/abilities/npc_lia_hero_alchemist.txt,speed,1100,AbilityValues,51,{}
abilities,alchemist_fire_potion,True,game/scripts/npc/abilities/npc_lia_hero_alchemist.txt,manacost_scepter,"[140, 180, 220]",AbilityValues,52,"{""value"": [140, 180, 220], ""RequiresScepter"": 1}"
abilities,alchemist_swiftness_potion,True,game/scripts/npc/abilities/npc_lia_hero_alchemist.txt,damage,"[75, 150, 300]",AbilityValues,92,{}
abilities,alchemist_swiftness_potion,True,game/scripts/npc/abilities/npc_lia_hero_alchemist.txt,bonus_attack_speed,"[30, 50, 70]",AbilityValues,93,{}
abilities,alchemist_swiftness_potion,True,game/scripts/npc/abilities/npc_lia_hero_alchemist.txt,bonus_attack_speed_scepter,"[60, 100, 140]",AbilityValues,94,"{""value"": [60, 100, 140], ""RequiresScepter"": 1}"
abilities,alchemist_swiftness_potion,True,game/scripts/npc/abilities/npc_lia_hero_alchemist.txt,duration,7,AbilityValues,99,{}
abilities,alchemist_swiftness_potion,True,game/scripts/npc/abilities/npc_lia_hero_alchemist.txt,hit_width,120,AbilityValues,100,{}
abilities,alchemist_swiftness_potion,True,game/scripts/npc/abilities/npc_lia_hero_alchemist.txt,distance,450,AbilityValues,101,{}
abilities,alchemist_swiftness_potion,True,game/scripts/npc/abilities/npc_lia_hero_alchemist.txt,speed,850,AbilityValues,102,{}
abilities,alchemist_swiftness_potion,True,game/scripts/npc/abilities/npc_lia_hero_alchemist.txt,enemy_knockback_distance,250,AbilityValues,103,{}
abilities,alchemist_swiftness_potion,True,game/scripts/npc/abilities/npc_lia_hero_alchemist.txt,enemy_knockback_speed,500,AbilityValues,104,{}
abilities,alchemist_swiftness_potion,True,game/scripts/npc/abilities/npc_lia_hero_alchemist.txt,manacost_scepter,"[100, 140, 180]",AbilityValues,105,"{""value"": [100, 140, 180], ""RequiresScepter"": 1}"
abilities,alchemist_unity,True,game/scripts/npc/abilities/npc_lia_hero_alchemist.txt,bonus_stats_percentage,"[25, 50, 75]",AbilityValues,132,{}
abilities,alchemist_side_effect,True,game/scripts/npc/abilities/npc_lia_hero_alchemist.txt,damage_per_second,"[30, 45, 60]",AbilityValues,162,{}
abilities,alchemist_side_effect,True,game/scripts/npc/abilities/npc_lia_hero_alchemist.txt,radius,350,AbilityValues,163,{}
abilities,alchemist_side_effect,True,game/scripts/npc/abilities/npc_lia_hero_alchemist.txt,movespeed_slow_percentage,"[-10, -15, -20]",AbilityValues,164,{}
abilities,alchemist_side_effect,True,game/scripts/npc/abilities/npc_lia_hero_alchemist.txt,turn_rate_slow_percentage,"[-30, -40, -50]",AbilityValues,165,{}
abilities,alchemist_side_effect,True,game/scripts/npc/abilities/npc_lia_hero_alchemist.txt,duration,6,AbilityValues,166,{}
abilities,alchemist_side_effect,True,game/scripts/npc/abilities/npc_lia_hero_alchemist.txt,bonus_intelligence_explosion_damage_percentage,100,AbilityValues,167,"{""value"": 100, ""RequiresScepter"": 1}"
abilities,alchemist_side_effect,True,game/scripts/npc/abilities/npc_lia_hero_alchemist.txt,base_strength_burn_damage_percentage,100,AbilityValues,172,"{""value"": 100, ""RequiresScepter"": 1}"
abilities,alchemist_side_effect,True,game/scripts/npc/abilities/npc_lia_hero_alchemist.txt,stun_duration,1.5,AbilityValues,177,"{""value"": 1.5, ""RequiresScepter"": 1}"
abilities,alchemist_side_effect,True,game/scripts/npc/abilities/npc_lia_hero_alchemist.txt,burn_duration,3,AbilityValues,182,"{""value"": 3, ""RequiresScepter"": 1}"
abilities,alchemist_side_effect,True,game/scripts/npc/abilities/npc_lia_hero_alchemist.txt,potions_to_trigger,3,AbilityValues,187,{}
abilities,alchemist_side_effect,True,game/scripts/npc/abilities/npc_lia_hero_alchemist.txt,charge_delay,0.5,AbilityValues,188,{}
abilities,ancient_priestess_surge_of_intelligence,True,game/scripts/npc/abilities/npc_lia_hero_ancient_priestess.txt,radius_damage,500,AbilityValues,33,{}
abilities,ancient_priestess_surge_of_intelligence,True,game/scripts/npc/abilities/npc_lia_hero_ancient_priestess.txt,koef_damage,"[3, 6, 9]",AbilityValues,34,{}
abilities,ancient_priestess_spirit_link,True,game/scripts/npc/abilities/npc_lia_hero_ancient_priestess.txt,radius,800,AbilityValues,91,{}
abilities,ancient_priestess_spirit_link,True,game/scripts/npc/abilities/npc_lia_hero_ancient_priestess.txt,distribution_factor,0.5,AbilityValues,92,{}
abilities,ancient_priestess_spirit_link,True,game/scripts/npc/abilities/npc_lia_hero_ancient_priestess.txt,distribution_tooltip,50,AbilityValues,93,{}
abilities,ancient_priestess_spirit_link,True,game/scripts/npc/abilities/npc_lia_hero_ancient_priestess.txt,max_unit,"[3, 6, 9]",AbilityValues,94,{}
abilities,ancient_priestess_spirit_link,True,game/scripts/npc/abilities/npc_lia_hero_ancient_priestess.txt,heal_value,"[15, 25, 35]",AbilityValues,95,{}
abilities,ancient_priestess_spirit_link,True,game/scripts/npc/abilities/npc_lia_hero_ancient_priestess.txt,duration,15,AbilityValues,96,{}
abilities,ancient_priestess_mana_shield,True,game/scripts/npc/abilities/npc_lia_hero_ancient_priestess.txt,damage_per_mana,"[1, 2, 3]",AbilityValues,120,{}
abilities,ancient_priestess_mana_shield,True,game/scripts/npc/abilities/npc_lia_hero_ancient_priestess.txt,damage_per_mana_scepter,"[2, 3, 4]",AbilityValues,121,"{""value"": [2, 3, 4], ""RequiresScepter"": 1}"
abilities,ancient_priestess_mana_shield,True,game/scripts/npc/abilities/npc_lia_hero_ancient_priestess.txt,absorption_percent,75,AbilityValues,126,{}
abilities,ancient_priestess_mana_shield,True,game/scripts/npc/abilities/npc_lia_hero_ancient_priestess.txt,absorption_percent_scepter,100,AbilityValues,127,"{""value"": 100, ""RequiresScepter"": 1}"
abilities,ancient_priestess_mana_shield,True,game/scripts/npc/abilities/npc_lia_hero_ancient_priestess.txt,cooldown_scepter,5,AbilityValues,132,{}
abilities,ancient_priestess_ritual_protection,True,game/scripts/npc/abilities/npc_lia_hero_ancient_priestess.txt,damage_absorb,"[400, 500, 600]",AbilityValues,172,{}
abilities,ancient_priestess_ritual_protection,True,game/scripts/npc/abilities/npc_lia_hero_ancient_priestess.txt,damage_absorb_scepter,"[800, 1000, 1200]",AbilityValues,173,"{""value"": [800, 1000, 1200], ""RequiresScepter"": 1}"
abilities,ancient_priestess_ritual_protection,True,game/scripts/npc/abilities/npc_lia_hero_ancient_priestess.txt,radius,600,AbilityValues,178,{}
abilities,ancient_priestess_ritual_protection,True,game/scripts/npc/abilities/npc_lia_hero_ancient_priestess.txt,duration,15,AbilityValues,179,{}
abilities,android_war_stomp,True,game/scripts/npc/abilities/npc_lia_hero_android.txt,radius,500,AbilityValues,30,{}
abilities,android_war_stomp,True,game/scripts/npc/abilities/npc_lia_hero_android.txt,stun_duration,"[1.5, 2, 2.5]",AbilityValues,31,{}
abilities,android_war_stomp,True,game/scripts/npc/abilities/npc_lia_hero_android.txt,damage,"[60, 120, 240]",AbilityValues,32,{}
abilities,android_pocket_factory,True,game/scripts/npc/abilities/npc_lia_hero_android.txt,factory_duration,18,AbilityValues,132,{}
abilities,android_pocket_factory,True,game/scripts/npc/abilities/npc_lia_hero_android.txt,goblin_hp,"[125, 400, 700]",AbilityValues,133,{}
abilities,android_pocket_factory,True,game/scripts/npc/abilities/npc_lia_hero_android.txt,goblin_damage,"[10, 43, 76]",AbilityValues,134,{}
abilities,android_pocket_factory_spawn_goblin,True,game/scripts/npc/abilities/npc_lia_hero_android.txt,goblin_duration,10,AbilityValues,166,{}
abilities,android_pocket_factory_spawn_goblin,True,game/scripts/npc/abilities/npc_lia_hero_android.txt,spawn_ratio,2.0,AbilityValues,167,{}
abilities,android_clockwerk_goblin_kaboom,True,game/scripts/npc/abilities/npc_lia_hero_android.txt,small_radius,100,AbilityValues,208,{}
abilities,android_clockwerk_goblin_kaboom,True,game/scripts/npc/abilities/npc_lia_hero_android.txt,big_radius,250,AbilityValues,209,{}
abilities,android_clockwerk_goblin_kaboom,True,game/scripts/npc/abilities/npc_lia_hero_android.txt,big_radius_dmg,0.5,AbilityValues,210,{}
abilities,android_armor,True,game/scripts/npc/abilities/npc_lia_hero_android.txt,damage_block,"[20, 40, 80]",AbilityValues,261,{}
abilities,android_armor,True,game/scripts/npc/abilities/npc_lia_hero_android.txt,min_damage,15,AbilityValues,262,{}
abilities,android_cluster_rockets,True,game/scripts/npc/abilities/npc_lia_hero_android.txt,damage,"[60, 120, 240]",AbilityValues,303,{}
abilities,android_cluster_rockets,True,game/scripts/npc/abilities/npc_lia_hero_android.txt,projectile_count,"[6, 12, 18]",AbilityValues,304,{}
abilities,android_cluster_rockets,True,game/scripts/npc/abilities/npc_lia_hero_android.txt,stun_duration,1,AbilityValues,305,{}
abilities,android_cluster_rockets,True,game/scripts/npc/abilities/npc_lia_hero_android.txt,radius,"[250, 300, 350]",AbilityValues,306,{}
abilities,android_cluster_rockets,True,game/scripts/npc/abilities/npc_lia_hero_android.txt,projectile_speed,700,AbilityValues,307,{}
abilities,android_cluster_rockets,True,game/scripts/npc/abilities/npc_lia_hero_android.txt,projectile_radius,100,AbilityValues,308,{}
abilities,android_cluster_rockets,True,game/scripts/npc/abilities/npc_lia_hero_android.txt,projectile_interval,"[0.16, 0.084, 0.056]",AbilityValues,309,{}
abilities,android_pocket_factory_spawn_goblin1,True,game/scripts/npc/abilities/npc_lia_hero_android.txt,bash_chance,8,AbilityValues,323,{}
abilities,android_pocket_factory_spawn_goblin1,True,game/scripts/npc/abilities/npc_lia_hero_android.txt,stun_hero_duration,0.5,AbilityValues,324,{}
abilities,android_pocket_factory_spawn_goblin2,True,game/scripts/npc/abilities/npc_lia_hero_android.txt,bash_chance,10,AbilityValues,376,{}
abilities,android_pocket_factory_spawn_goblin2,True,game/scripts/npc/abilities/npc_lia_hero_android.txt,stun_hero_duration,0.5,AbilityValues,377,{}
abilities,android_pocket_factory_spawn_goblin3,True,game/scripts/npc/abilities/npc_lia_hero_android.txt,bash_chance,12,AbilityValues,429,{}
abilities,android_pocket_factory_spawn_goblin3,True,game/scripts/npc/abilities/npc_lia_hero_android.txt,stun_hero_duration,0.5,AbilityValues,430,{}
abilities,araman_curse,True,game/scripts/npc/abilities/npc_lia_hero_araman.txt,radius,"[400, 500, 600]",AbilityValues,88,{}
abilities,araman_curse,True,game/scripts/npc/abilities/npc_lia_hero_araman.txt,full_damage_radius,150,AbilityValues,89,{}
abilities,araman_curse,True,game/scripts/npc/abilities/npc_lia_hero_araman.txt,damage,"[100, 200, 400]",AbilityValues,90,{}
abilities,araman_curse,True,game/scripts/npc/abilities/npc_lia_hero_araman.txt,stun_chance,50,AbilityValues,91,{}
abilities,araman_curse,True,game/scripts/npc/abilities/npc_lia_hero_araman.txt,stun_duration,2,AbilityValues,92,{}
abilities,araman_armor_of_darkness,True,game/scripts/npc/abilities/npc_lia_hero_araman.txt,incoming_damage_percentage,"[-10, -15, -20]",AbilityValues,110,{}
abilities,araman_armor_of_darkness,True,game/scripts/npc/abilities/npc_lia_hero_araman.txt,bonus_armor,"[4, 8, 12]",AbilityValues,111,{}
abilities,araman_morale,True,game/scripts/npc/abilities/npc_lia_hero_araman.txt,radius,800,AbilityValues,132,{}
abilities,araman_morale,True,game/scripts/npc/abilities/npc_lia_hero_araman.txt,bonus_damage_percentage,"[20, 30, 40]",AbilityValues,133,{}
abilities,araman_power_of_scourge,True,game/scripts/npc/abilities/npc_lia_hero_araman.txt,bonus_attack_speed,"[50, 70, 90]",AbilityValues,162,{}
abilities,araman_power_of_scourge,True,game/scripts/npc/abilities/npc_lia_hero_araman.txt,bonus_move_speed,"[30, 50, 70]",AbilityValues,163,{}
abilities,araman_power_of_scourge,True,game/scripts/npc/abilities/npc_lia_hero_araman.txt,damage_per_attack,"[20, 30, 40]",AbilityValues,164,{}
abilities,araman_power_of_scourge,True,game/scripts/npc/abilities/npc_lia_hero_araman.txt,damage_stack_max,"[11, 13, 15]",AbilityValues,165,{}
abilities,araman_power_of_scourge,True,game/scripts/npc/abilities/npc_lia_hero_araman.txt,sum_damage_tooltip,"[220, 420, 600]",AbilityValues,166,{}
abilities,archmage_shooting_star,True,game/scripts/npc/abilities/npc_lia_hero_archmage.txt,initial_damage,"[100, 150, 200]",AbilityValues,45,{}
abilities,archmage_shooting_star,True,game/scripts/npc/abilities/npc_lia_hero_archmage.txt,initial_damage_scepter,"[150, 200, 250]",AbilityValues,46,"{""value"": [150, 200, 250], ""RequiresScepter"": 1}"
abilities,archmage_shooting_star,True,game/scripts/npc/abilities/npc_lia_hero_archmage.txt,damage_per_charge,"[20, 30, 40]",AbilityValues,51,{}
abilities,archmage_shooting_star,True,game/scripts/npc/abilities/npc_lia_hero_archmage.txt,damage_per_charge_scepter,"[30, 40, 50]",AbilityValues,52,"{""value"": [30, 40, 50], ""RequiresScepter"": 1}"
abilities,archmage_shooting_star,True,game/scripts/npc/abilities/npc_lia_hero_archmage.txt,manacost_per_charge,"[10, 15, 20]",AbilityValues,57,{}
abilities,archmage_shooting_star,True,game/scripts/npc/abilities/npc_lia_hero_archmage.txt,manacost_per_charge_scepter,"[20, 25, 30]",AbilityValues,58,"{""value"": [20, 25, 30], ""RequiresScepter"": 1}"
abilities,archmage_shooting_star,True,game/scripts/npc/abilities/npc_lia_hero_archmage.txt,charge_duration,35.0,AbilityValues,63,{}
abilities,archmage_shooting_star,True,game/scripts/npc/abilities/npc_lia_hero_archmage.txt,charge_limit,"[4, 6, 8]",AbilityValues,64,{}
abilities,archmage_shooting_star,True,game/scripts/npc/abilities/npc_lia_hero_archmage.txt,starfall_delay,0.57,AbilityValues,65,{}
abilities,archmage_shooting_star,True,game/scripts/npc/abilities/npc_lia_hero_archmage.txt,initial_manacost,"[50, 100, 150]",AbilityValues,66,{}
abilities,archmage_shooting_star,True,game/scripts/npc/abilities/npc_lia_hero_archmage.txt,initial_manacost_scepter,"[100, 150, 200]",AbilityValues,67,"{""value"": [100, 150, 200], ""RequiresScepter"": 1}"
abilities,archmage_shooting_star,True,game/scripts/npc/abilities/npc_lia_hero_archmage.txt,half_damage_radius,125,AbilityValues,72,{}
abilities,archmage_shooting_star,True,game/scripts/npc/abilities/npc_lia_hero_archmage.txt,anomaly_radius,450,AbilityValues,73,{}
abilities,archmage_shooting_star,True,game/scripts/npc/abilities/npc_lia_hero_archmage.txt,cooldown_scepter,2.5,AbilityValues,74,"{""value"": 2.5, ""RequiresScepter"": 1}"
abilities,archmage_polymorph,True,game/scripts/npc/abilities/npc_lia_hero_archmage.txt,duration,"[2, 3, 4]",AbilityValues,110,{}
abilities,archmage_polymorph,True,game/scripts/npc/abilities/npc_lia_hero_archmage.txt,hero_duration,"[1, 1.5, 2]",AbilityValues,111,{}
abilities,archmage_polymorph,True,game/scripts/npc/abilities/npc_lia_hero_archmage.txt,movespeed,100,AbilityValues,112,{}
abilities,archmage_polymorph,True,game/scripts/npc/abilities/npc_lia_hero_archmage.txt,anomaly_radius,450,AbilityValues,113,{}
abilities,archmage_polymorph,True,game/scripts/npc/abilities/npc_lia_hero_archmage.txt,illusion_damage,"[500, 1000, 1500]",AbilityValues,114,{}
abilities,archmage_anomaly,True,game/scripts/npc/abilities/npc_lia_hero_archmage.txt,duration,"[6, 8, 10]",AbilityValues,222,{}
abilities,archmage_anomaly,True,game/scripts/npc/abilities/npc_lia_hero_archmage.txt,duration_scepter,"[8, 10, 12]",AbilityValues,223,"{""value"": [8, 10, 12], ""RequiresScepter"": 1}"
abilities,archmage_anomaly,True,game/scripts/npc/abilities/npc_lia_hero_archmage.txt,radius,450,AbilityValues,228,{}
abilities,archmage_anomaly,True,game/scripts/npc/abilities/npc_lia_hero_archmage.txt,manacost_scepter,"[300, 350, 400]",AbilityValues,229,"{""value"": [300, 350, 400], ""RequiresScepter"": 1}"
abilities,archmage_magic_barrier,True,game/scripts/npc/abilities/npc_lia_hero_archmage.txt,lol,"[45, 65, 85]",AbilityValues,279,{}
abilities,archmage_magic_barrier,True,game/scripts/npc/abilities/npc_lia_hero_archmage.txt,lol1,5,AbilityValues,280,{}
abilities,beastmaster_dominate,True,game/scripts/npc/abilities/npc_lia_hero_beastmaster.txt,radius,"[100, 125, 150]",AbilityValues,27,{}
abilities,beastmaster_dominate,True,game/scripts/npc/abilities/npc_lia_hero_beastmaster.txt,duration,10,AbilityValues,28,{}
abilities,beastmaster_dominate,True,game/scripts/npc/abilities/npc_lia_hero_beastmaster.txt,damage,"[90, 180, 270]",AbilityValues,29,{}
abilities,beastmaster_brutality,True,game/scripts/npc/abilities/npc_lia_hero_beastmaster.txt,bonus_attack_speed,"[30, 50, 70]",AbilityValues,60,{}
abilities,beastmaster_brutality,True,game/scripts/npc/abilities/npc_lia_hero_beastmaster.txt,bonus_movement_speed,"[5, 10, 15]",AbilityValues,61,{}
abilities,beastmaster_brutality,True,game/scripts/npc/abilities/npc_lia_hero_beastmaster.txt,radius,400,AbilityValues,62,{}
abilities,beastmaster_brutality,True,game/scripts/npc/abilities/npc_lia_hero_beastmaster.txt,duration,8,AbilityValues,63,{}
abilities,beastmaster_help,True,game/scripts/npc/abilities/npc_lia_hero_beastmaster.txt,heal_percent,"[15, 30, 45]",AbilityValues,132,{}
abilities,beastmaster_beasts,True,game/scripts/npc/abilities/npc_lia_hero_beastmaster.txt,unit_count,"[2, 3, 4]",AbilityValues,167,{}
abilities,white_wolf_bm_howl,True,game/scripts/npc/abilities/npc_lia_hero_beastmaster.txt,bonus_damage,30,AbilityValues,209,{}
abilities,white_wolf_bm_howl,True,game/scripts/npc/abilities/npc_lia_hero_beastmaster.txt,radius,500,AbilityValues,210,{}
abilities,white_wolf_bm_howl,True,game/scripts/npc/abilities/npc_lia_hero_beastmaster.txt,duration,15,AbilityValues,211,{}
abilities,white_wolf_bm_crit,True,game/scripts/npc/abilities/npc_lia_hero_beastmaster.txt,crit_mult,200,AbilityValues,280,{}
abilities,white_wolf_bm_crit,True,game/scripts/npc/abilities/npc_lia_hero_beastmaster.txt,crit_chance,20,AbilityValues,281,{}
abilities,jungle_stalker_bm_rejuvenation,True,game/scripts/npc/abilities/npc_lia_hero_beastmaster.txt,heal,500,AbilityValues,359,{}
abilities,jungle_stalker_bm_rejuvenation,True,game/scripts/npc/abilities/npc_lia_hero_beastmaster.txt,duration,9,AbilityValues,360,{}
abilities,jungle_stalker_bm_crit,True,game/scripts/npc/abilities/npc_lia_hero_beastmaster.txt,crit_mult,250,AbilityValues,415,{}
abilities,jungle_stalker_bm_crit,True,game/scripts/npc/abilities/npc_lia_hero_beastmaster.txt,crit_chance,30,AbilityValues,416,{}
abilities,phoenix_bm_phoenix_fire,True,game/scripts/npc/abilities/npc_lia_hero_beastmaster.txt,damage,20,AbilityValues,547,{}
abilities,phoenix_bm_phoenix_fire,True,game/scripts/npc/abilities/npc_lia_hero_beastmaster.txt,damage_per_second,2,AbilityValues,548,{}
abilities,phoenix_bm_phoenix_fire,True,game/scripts/npc/abilities/npc_lia_hero_beastmaster.txt,duration_creep,10,AbilityValues,549,{}
abilities,phoenix_bm_phoenix_fire,True,game/scripts/npc/abilities/npc_lia_hero_beastmaster.txt,duration_hero,7,AbilityValues,550,{}
abilities,phoenix_bm_phoenix_fire,True,game/scripts/npc/abilities/npc_lia_hero_beastmaster.txt,radius,600,AbilityValues,551,{}
abilities,berserker_fire_spear,True,game/scripts/npc/abilities/npc_lia_hero_berserker.txt,damage_base,"[45, 90, 135]",AbilityValues,34,{}
abilities,berserker_fire_spear,True,game/scripts/npc/abilities/npc_lia_hero_berserker.txt,spear_speed,1200,AbilityValues,35,{}
abilities,berserker_fire_spear,True,game/scripts/npc/abilities/npc_lia_hero_berserker.txt,spear_width,100,AbilityValues,36,{}
abilities,berserker_fire_spear,True,game/scripts/npc/abilities/npc_lia_hero_berserker.txt,spear_range,"[600, 750, 900]",AbilityValues,37,{}
abilities,berserker_fire_spear,True,game/scripts/npc/abilities/npc_lia_hero_berserker.txt,vision_aoe,500,AbilityValues,38,{}
abilities,berserker_fire_spear,True,game/scripts/npc/abilities/npc_lia_hero_berserker.txt,slow_pct,45,AbilityValues,39,{}
abilities,berserker_fire_spear,True,game/scripts/npc/abilities/npc_lia_hero_berserker.txt,slow_duration,"[3, 4, 5]",AbilityValues,40,{}
abilities,berserker_fire_spear,True,game/scripts/npc/abilities/npc_lia_hero_berserker.txt,original_channel,1.5,AbilityValues,41,{}
abilities,berserker_fire_spear,True,game/scripts/npc/abilities/npc_lia_hero_berserker.txt,stats_percentage_max,100,AbilityValues,42,{}
abilities,berserker_frenzy_aura,True,game/scripts/npc/abilities/npc_lia_hero_berserker.txt,bonus_attack_speed,"[10, 20, 30]",AbilityValues,62,{}
abilities,berserker_frenzy_aura,True,game/scripts/npc/abilities/npc_lia_hero_berserker.txt,bonus_damage,"[15, 30, 45]",AbilityValues,63,{}
abilities,berserker_frenzy_aura,True,game/scripts/npc/abilities/npc_lia_hero_berserker.txt,aura_radius,700,AbilityValues,64,{}
abilities,berserker_desperation,True,game/scripts/npc/abilities/npc_lia_hero_berserker.txt,penalty_attack_speed,"[-15, -30, -45]",AbilityValues,85,{}
abilities,berserker_desperation,True,game/scripts/npc/abilities/npc_lia_hero_berserker.txt,aura_radius,500,AbilityValues,86,{}
abilities,berserker_madness,True,game/scripts/npc/abilities/npc_lia_hero_berserker.txt,bonus_all_stats,"[30, 60, 90]",AbilityValues,110,{}
abilities,berserker_madness,True,game/scripts/npc/abilities/npc_lia_hero_berserker.txt,duration,"[11, 12, 13]",AbilityValues,111,{}
abilities,berserker_madness,True,game/scripts/npc/abilities/npc_lia_hero_berserker.txt,reduced_delay,0.75,AbilityValues,112,{}
abilities,brewmaster_might,True,game/scripts/npc/abilities/npc_lia_hero_brewmaster.txt,duration,15,AbilityValues,25,{}
abilities,brewmaster_might,True,game/scripts/npc/abilities/npc_lia_hero_brewmaster.txt,bonus_movespeed_percentage,"[5, 10, 20]",AbilityValues,26,{}
abilities,brewmaster_might,True,game/scripts/npc/abilities/npc_lia_hero_brewmaster.txt,bonus_attackspeed,"[10, 20, 40]",AbilityValues,27,{}
abilities,brewmaster_might,True,game/scripts/npc/abilities/npc_lia_hero_brewmaster.txt,bonus_strength,"[15, 30, 45]",AbilityValues,28,{}
abilities,brewmaster_ferocity,True,game/scripts/npc/abilities/npc_lia_hero_brewmaster.txt,bonus_strength,"[1, 2, 3]",AbilityValues,94,{}
abilities,brewmaster_ferocity,True,game/scripts/npc/abilities/npc_lia_hero_brewmaster.txt,radius,375,AbilityValues,95,{}
abilities,brewmaster_punisment,True,game/scripts/npc/abilities/npc_lia_hero_brewmaster.txt,strength_percentage_return,"[0.6, 0.8, 1.0]",AbilityValues,138,{}
abilities,brewmaster_punisment,True,game/scripts/npc/abilities/npc_lia_hero_brewmaster.txt,strength_percentage_return_tooltip,"[60, 80, 100]",AbilityValues,139,{}
abilities,brewmaster_avatar,True,game/scripts/npc/abilities/npc_lia_hero_brewmaster.txt,bonus_damage,"[60, 120, 180]",AbilityValues,171,{}
abilities,brewmaster_avatar,True,game/scripts/npc/abilities/npc_lia_hero_brewmaster.txt,bonus_armor,"[10, 20, 30]",AbilityValues,172,{}
abilities,brewmaster_avatar,True,game/scripts/npc/abilities/npc_lia_hero_brewmaster.txt,bonus_health,"[400, 700, 1000]",AbilityValues,173,{}
abilities,brewmaster_avatar,True,game/scripts/npc/abilities/npc_lia_hero_brewmaster.txt,duration,10,AbilityValues,174,{}
abilities,butcher_rage,True,game/scripts/npc/abilities/npc_lia_hero_butcher.txt,hp_pct_to_dmg,"[8, 12, 16]",AbilityValues,34,{}
abilities,butcher_rage,True,game/scripts/npc/abilities/npc_lia_hero_butcher.txt,radius,225,AbilityValues,35,{}
abilities,butcher_rage,True,game/scripts/npc/abilities/npc_lia_hero_butcher.txt,duration,10,AbilityValues,36,{}
abilities,butcher_skin,True,game/scripts/npc/abilities/npc_lia_hero_butcher.txt,bonus_armor,"[5, 10, 15]",AbilityValues,56,{}
abilities,butcher_skin,True,game/scripts/npc/abilities/npc_lia_hero_butcher.txt,damage_return,"[4, 8, 12]",AbilityValues,57,{}
abilities,butcher_zombie,True,game/scripts/npc/abilities/npc_lia_hero_butcher.txt,zombie_base_health,"[200, 300, 400]",AbilityValues,86,{}
abilities,butcher_zombie,True,game/scripts/npc/abilities/npc_lia_hero_butcher.txt,zombie_butcher_heath_percent,"[10, 15, 20]",AbilityValues,87,{}
abilities,butcher_zombie,True,game/scripts/npc/abilities/npc_lia_hero_butcher.txt,zombie_base_damage,"[15, 40, 70]",AbilityValues,88,{}
abilities,butcher_zombie,True,game/scripts/npc/abilities/npc_lia_hero_butcher.txt,health_precent_for_zombie,"[20, 15, 10]",AbilityValues,89,{}
abilities,butcher_zombie,True,game/scripts/npc/abilities/npc_lia_hero_butcher.txt,zombie_limit,"[4, 5, 6]",AbilityValues,90,{}
abilities,butcher_zombie,True,game/scripts/npc/abilities/npc_lia_hero_butcher.txt,zombie_replenish_time,20,AbilityValues,91,{}
abilities,butcher_zombie,True,game/scripts/npc/abilities/npc_lia_hero_butcher.txt,circle_radius,100,AbilityValues,92,{}
abilities,butcher_howl_of_terror,True,game/scripts/npc/abilities/npc_lia_hero_butcher.txt,damage_penalty_percentage,"[-50, -60, -70]",AbilityValues,124,{}
abilities,butcher_howl_of_terror,True,game/scripts/npc/abilities/npc_lia_hero_butcher.txt,duration,"[14, 17, 20]",AbilityValues,125,{}
abilities,butcher_howl_of_terror,True,game/scripts/npc/abilities/npc_lia_hero_butcher.txt,radius,1500,AbilityValues,126,{}
abilities,butcher_zombie_bash,True,game/scripts/npc/abilities/npc_lia_hero_butcher.txt,bash_chance,10,AbilityValues,201,{}
abilities,butcher_zombie_bash,True,game/scripts/npc/abilities/npc_lia_hero_butcher.txt,bash_duration,0.5,AbilityValues,202,{}
abilities,butcher_zombie_bash,True,game/scripts/npc/abilities/npc_lia_hero_butcher.txt,bash_damage,50,AbilityValues,203,{}
abilities,dark_knight_dark_forces,True,game/scripts/npc/abilities/npc_lia_hero_dark_knight.txt,radius,200,AbilityValues,28,{}
abilities,dark_knight_dark_forces,True,game/scripts/npc/abilities/npc_lia_hero_dark_knight.txt,mana_percentage,"[10, 15, 20]",AbilityValues,29,{}
abilities,dark_knight_dark_forces,True,game/scripts/npc/abilities/npc_lia_hero_dark_knight.txt,coil_radius,175,AbilityValues,30,{}
abilities,dark_knight_dark_forces,True,game/scripts/npc/abilities/npc_lia_hero_dark_knight.txt,duration,5,AbilityValues,31,{}
abilities,dark_knight_dark_energy_zone,True,game/scripts/npc/abilities/npc_lia_hero_dark_knight.txt,duration,"[3, 5, 7]",AbilityValues,136,{}
abilities,dark_knight_dark_energy_zone,True,game/scripts/npc/abilities/npc_lia_hero_dark_knight.txt,mana_loss_reduction,100,AbilityValues,137,{}
abilities,dark_knight_dark_energy_zone,True,game/scripts/npc/abilities/npc_lia_hero_dark_knight.txt,radius,"[250, 275, 300]",AbilityValues,138,{}
abilities,dark_knight_incinerate,True,game/scripts/npc/abilities/npc_lia_hero_dark_knight.txt,damage_per_stack,"[6, 12, 24]",AbilityValues,166,{}
abilities,dark_knight_incinerate,True,game/scripts/npc/abilities/npc_lia_hero_dark_knight.txt,incineration_damage,"[50, 100, 200]",AbilityValues,167,{}
abilities,dark_knight_incinerate,True,game/scripts/npc/abilities/npc_lia_hero_dark_knight.txt,incineration_radius,100,AbilityValues,168,{}
abilities,dark_knight_incinerate,True,game/scripts/npc/abilities/npc_lia_hero_dark_knight.txt,kill_mana_per_stack,10,AbilityValues,169,{}
abilities,dark_knight_incinerate,True,game/scripts/npc/abilities/npc_lia_hero_dark_knight.txt,duration,6,AbilityValues,170,{}
abilities,dark_knight_speed,True,game/scripts/npc/abilities/npc_lia_hero_dark_knight.txt,bonus_attack_speed,"[20, 60, 100]",AbilityValues,189,{}
abilities,dark_knight_speed,True,game/scripts/npc/abilities/npc_lia_hero_dark_knight.txt,attack_speed_per_attack,15,AbilityValues,190,{}
abilities,dark_knight_speed,True,game/scripts/npc/abilities/npc_lia_hero_dark_knight.txt,max_attack_speed,75,AbilityValues,191,{}
abilities,dark_knight_speed,True,game/scripts/npc/abilities/npc_lia_hero_dark_knight.txt,duration,"[3, 4, 5]",AbilityValues,192,{}
abilities,dark_ranger_black_arrow,True,game/scripts/npc/abilities/npc_lia_hero_dark_ranger.txt,duration,2,AbilityValues,33,{}
abilities,dark_ranger_black_arrow,True,game/scripts/npc/abilities/npc_lia_hero_dark_ranger.txt,lifetime,"[4, 5, 6]",AbilityValues,34,{}
abilities,dark_ranger_magic_arrow,True,game/scripts/npc/abilities/npc_lia_hero_dark_ranger.txt,reduce_armor,"[-4, -8, -12]",AbilityValues,72,{}
abilities,dark_ranger_magic_arrow,True,game/scripts/npc/abilities/npc_lia_hero_dark_ranger.txt,main_damage,"[120, 200, 280]",AbilityValues,73,{}
abilities,dark_ranger_magic_arrow,True,game/scripts/npc/abilities/npc_lia_hero_dark_ranger.txt,other_damage,"[80, 160, 240]",AbilityValues,74,{}
abilities,dark_ranger_magic_arrow,True,game/scripts/npc/abilities/npc_lia_hero_dark_ranger.txt,dps_main,"[15, 25, 35]",AbilityValues,75,{}
abilities,dark_ranger_magic_arrow,True,game/scripts/npc/abilities/npc_lia_hero_dark_ranger.txt,dps_secondary,"[10, 20, 30]",AbilityValues,76,{}
abilities,dark_ranger_magic_arrow,True,game/scripts/npc/abilities/npc_lia_hero_dark_ranger.txt,duration,8.0,AbilityValues,77,{}
abilities,dark_ranger_magic_arrow,True,game/scripts/npc/abilities/npc_lia_hero_dark_ranger.txt,tick,0.5,AbilityValues,78,{}
abilities,dark_ranger_magic_arrow,True,game/scripts/npc/abilities/npc_lia_hero_dark_ranger.txt,acid_speed,1250.0,AbilityValues,79,{}
abilities,dark_ranger_magic_arrow,True,game/scripts/npc/abilities/npc_lia_hero_dark_ranger.txt,acid_vision,300.0,AbilityValues,80,{}
abilities,dark_ranger_magic_arrow,True,game/scripts/npc/abilities/npc_lia_hero_dark_ranger.txt,radius,250,AbilityValues,81,{}
abilities,dark_ranger_spiked_charm,True,game/scripts/npc/abilities/npc_lia_hero_dark_ranger.txt,radius,600,AbilityValues,202,{}
abilities,dark_ranger_spiked_charm,True,game/scripts/npc/abilities/npc_lia_hero_dark_ranger.txt,damage_return,"[10, 15, 20]",AbilityValues,203,{}
abilities,dark_ranger_spiked_charm,True,game/scripts/npc/abilities/npc_lia_hero_dark_ranger.txt,damage_return_constant,"[10, 15, 20]",AbilityValues,204,{}
abilities,dark_ranger_fury,True,game/scripts/npc/abilities/npc_lia_hero_dark_ranger.txt,transformation_time,0.35,AbilityValues,238,{}
abilities,dark_ranger_fury,True,game/scripts/npc/abilities/npc_lia_hero_dark_ranger.txt,bonus_damage,30,AbilityValues,239,{}
abilities,dark_ranger_fury,True,game/scripts/npc/abilities/npc_lia_hero_dark_ranger.txt,bonus_range,300,AbilityValues,240,{}
abilities,dark_ranger_fury,True,game/scripts/npc/abilities/npc_lia_hero_dark_ranger.txt,tooltip_attack_range,850,AbilityValues,241,{}
abilities,dark_ranger_fury,True,game/scripts/npc/abilities/npc_lia_hero_dark_ranger.txt,bonus_health,"[100, 200, 300]",AbilityValues,242,{}
abilities,dark_ranger_fury,True,game/scripts/npc/abilities/npc_lia_hero_dark_ranger.txt,duration,"[20, 25, 30]",AbilityValues,243,{}
abilities,demonologist_demonic_seal,True,game/scripts/npc/abilities/npc_lia_hero_demonologist.txt,initial_damage,"[10, 20, 30]",AbilityValues,35,{}
abilities,demonologist_demonic_seal,True,game/scripts/npc/abilities/npc_lia_hero_demonologist.txt,initial_damage_scepter,"[20, 40, 60]",AbilityValues,36,"{""value"": [20, 40, 60], ""RequiresScepter"": 1}"
abilities,demonologist_demonic_seal,True,game/scripts/npc/abilities/npc_lia_hero_demonologist.txt,additional_damage,6,AbilityValues,41,{}
abilities,demonologist_demonic_seal,True,game/scripts/npc/abilities/npc_lia_hero_demonologist.txt,additional_damage_scepter,12,AbilityValues,42,"{""value"": 12, ""RequiresScepter"": 1}"
abilities,demonologist_demonic_seal,True,game/scripts/npc/abilities/npc_lia_hero_demonologist.txt,initial_duration,2,AbilityValues,47,{}
abilities,demonologist_demonic_seal,True,game/scripts/npc/abilities/npc_lia_hero_demonologist.txt,additional_duration,0.5,AbilityValues,48,{}
abilities,demonologist_demonic_seal,True,game/scripts/npc/abilities/npc_lia_hero_demonologist.txt,radius,175,AbilityValues,49,{}
abilities,demonologist_demonic_seal,True,game/scripts/npc/abilities/npc_lia_hero_demonologist.txt,manacost_scepter,"[125, 175, 225]",AbilityValues,50,"{""value"": [125, 175, 225], ""RequiresScepter"": 1}"
abilities,demonologist_touch_of_darkness,True,game/scripts/npc/abilities/npc_lia_hero_demonologist.txt,damage_percentage,"[5, 7, 9]",AbilityValues,87,{}
abilities,demonologist_touch_of_darkness,True,game/scripts/npc/abilities/npc_lia_hero_demonologist.txt,radius,130,AbilityValues,88,{}
abilities,demonologist_touch_of_darkness,True,game/scripts/npc/abilities/npc_lia_hero_demonologist.txt,mana,"[20, 35, 50]",AbilityValues,89,{}
abilities,demonologist_mastery_of_demonology,True,game/scripts/npc/abilities/npc_lia_hero_demonologist.txt,bonus_health,"[100, 200, 300]",AbilityValues,126,{}
abilities,demonologist_mastery_of_demonology,True,game/scripts/npc/abilities/npc_lia_hero_demonologist.txt,bonus_damage,"[25, 50, 75]",AbilityValues,127,{}
abilities,demonologist_mastery_of_demonology,True,game/scripts/npc/abilities/npc_lia_hero_demonologist.txt,hp_percent_transfer,"[25, 35, 45]",AbilityValues,128,{}
abilities,demonologist_mastery_of_demonology_creep,True,game/scripts/npc/abilities/npc_lia_hero_demonologist.txt,bonus_health,"[100, 200, 300]",AbilityValues,196,{}
abilities,demonologist_mastery_of_demonology_creep,True,game/scripts/npc/abilities/npc_lia_hero_demonologist.txt,bonus_damage,"[25, 50, 75]",AbilityValues,197,{}
abilities,demonologist_mastery_of_demonology_creep,True,game/scripts/npc/abilities/npc_lia_hero_demonologist.txt,hp_percent_transfer,"[25, 35, 45]",AbilityValues,198,{}
abilities,demonologist_ritual_of_summoning,True,game/scripts/npc/abilities/npc_lia_hero_demonologist.txt,unit_count,"[4, 6, 8]",AbilityValues,259,{}
abilities,demonologist_ritual_of_summoning,True,game/scripts/npc/abilities/npc_lia_hero_demonologist.txt,boss_count,0,AbilityValues,260,{}
abilities,demonologist_ritual_of_summoning,True,game/scripts/npc/abilities/npc_lia_hero_demonologist.txt,boss_count_scepter,1,AbilityValues,261,"{""value"": 1, ""RequiresScepter"": 1}"
abilities,demonologist_ritual_of_summoning,True,game/scripts/npc/abilities/npc_lia_hero_demonologist.txt,intelligence_for_unit,40,AbilityValues,266,{}
abilities,demonologist_ritual_of_summoning,True,game/scripts/npc/abilities/npc_lia_hero_demonologist.txt,delay,1.5,AbilityValues,267,{}
abilities,demonologist_ritual_of_summoning,True,game/scripts/npc/abilities/npc_lia_hero_demonologist.txt,max_health_loss_percent_per_second,2,AbilityValues,268,{}
abilities,demonologist_ritual_of_summoning,True,game/scripts/npc/abilities/npc_lia_hero_demonologist.txt,health_loss_interval,0.25,AbilityValues,269,{}
abilities,demonologist_ritual_of_summoning,True,game/scripts/npc/abilities/npc_lia_hero_demonologist.txt,spawn_radius,245,AbilityValues,270,{}
abilities,demonologist_ritual_of_summoning,True,game/scripts/npc/abilities/npc_lia_hero_demonologist.txt,manacost_scepter,"[250, 300, 350]",AbilityValues,271,"{""value"": [250, 300, 350], ""RequiresScepter"": 1}"
abilities,dice_rage,True,game/scripts/npc/abilities/npc_lia_hero_dice.txt,bonus_attack_speed,"[30, 60, 90]",AbilityValues,32,{}
abilities,dice_rage,True,game/scripts/npc/abilities/npc_lia_hero_dice.txt,bonus_health,"[100, 200, 300]",AbilityValues,33,{}
abilities,dice_rage,True,game/scripts/npc/abilities/npc_lia_hero_dice.txt,duration,"[15.0, 20.0, 25.0]",AbilityValues,34,{}
abilities,dice_bash,True,game/scripts/npc/abilities/npc_lia_hero_dice.txt,bash_chance,"[15, 20, 25]",AbilityValues,85,{}
abilities,dice_bash,True,game/scripts/npc/abilities/npc_lia_hero_dice.txt,bash_stun,1.0,AbilityValues,86,{}
abilities,dice_bash,True,game/scripts/npc/abilities/npc_lia_hero_dice.txt,bash_damage,"[70, 140, 210]",AbilityValues,87,{}
abilities,dice_endurance_aura,True,game/scripts/npc/abilities/npc_lia_hero_dice.txt,radius,800,AbilityValues,133,{}
abilities,dice_endurance_aura,True,game/scripts/npc/abilities/npc_lia_hero_dice.txt,bonus_speed,"[10, 20, 30]",AbilityValues,134,{}
abilities,dice_endurance_aura,True,game/scripts/npc/abilities/npc_lia_hero_dice.txt,bonus_speed_tooltip,"[10, 20, 30]",AbilityValues,135,{}
abilities,dice_steelstorm,True,game/scripts/npc/abilities/npc_lia_hero_dice.txt,steelstorm_damage_tick,0.06,AbilityValues,198,{}
abilities,dice_steelstorm,True,game/scripts/npc/abilities/npc_lia_hero_dice.txt,steelstorm_radius,300,AbilityValues,199,{}
abilities,dice_steelstorm,True,game/scripts/npc/abilities/npc_lia_hero_dice.txt,duration,"[6.0, 8.0, 10.0]",AbilityValues,200,{}
abilities,earth_lord_earth_burn,True,game/scripts/npc/abilities/npc_lia_hero_earth_lord.txt,damage_per_second,"[40, 80, 120]",AbilityValues,38,{}
abilities,earth_lord_earth_burn,True,game/scripts/npc/abilities/npc_lia_hero_earth_lord.txt,damage_per_second_scepter,"[100, 140, 180]",AbilityValues,39,"{""value"": [100, 140, 180], ""RequiresScepter"": 1}"
abilities,earth_lord_earth_burn,True,game/scripts/npc/abilities/npc_lia_hero_earth_lord.txt,duration,4,AbilityValues,44,{}
abilities,earth_lord_earth_burn,True,game/scripts/npc/abilities/npc_lia_hero_earth_lord.txt,radius,"[150, 175, 200]",AbilityValues,45,{}
abilities,earth_lord_earth_burn,True,game/scripts/npc/abilities/npc_lia_hero_earth_lord.txt,manacost_scepter,"[100, 200, 300]",AbilityValues,46,"{""value"": [100, 200, 300], ""RequiresScepter"": 1}"
abilities,earth_lord_split_earth,True,game/scripts/npc/abilities/npc_lia_hero_earth_lord.txt,damage,"[100, 200, 300]",AbilityValues,89,{}
abilities,earth_lord_split_earth,True,game/scripts/npc/abilities/npc_lia_hero_earth_lord.txt,stun_duration,"[1, 2, 3]",AbilityValues,90,{}
abilities,earth_lord_split_earth,True,game/scripts/npc/abilities/npc_lia_hero_earth_lord.txt,radius,"[175, 200, 225]",AbilityValues,91,{}
abilities,earth_lord_split_earth,True,game/scripts/npc/abilities/npc_lia_hero_earth_lord.txt,cooldown_scepter,"[15, 14, 13]",AbilityValues,92,"{""value"": [15, 14, 13], ""RequiresScepter"": 1}"
abilities,earth_lord_split_earth,True,game/scripts/npc/abilities/npc_lia_hero_earth_lord.txt,manacost_scepter,"[150, 250, 350]",AbilityValues,97,"{""value"": [150, 250, 350], ""RequiresScepter"": 1}"
abilities,earth_lord_stone_skin,True,game/scripts/npc/abilities/npc_lia_hero_earth_lord.txt,bonus_armor,"[10, 15, 20]",AbilityValues,138,{}
abilities,earth_lord_stone_skin,True,game/scripts/npc/abilities/npc_lia_hero_earth_lord.txt,magical_resistance,"[20, 30, 40]",AbilityValues,139,{}
abilities,earth_lord_stone_skin,True,game/scripts/npc/abilities/npc_lia_hero_earth_lord.txt,chance,10,AbilityValues,140,{}
abilities,earth_lord_stone_skin,True,game/scripts/npc/abilities/npc_lia_hero_earth_lord.txt,damage_reduction,-40,AbilityValues,141,{}
abilities,earth_lord_stone_skin,True,game/scripts/npc/abilities/npc_lia_hero_earth_lord.txt,debuff_duration,4,AbilityValues,142,{}
abilities,earth_lord_stone_skin,True,game/scripts/npc/abilities/npc_lia_hero_earth_lord.txt,duration,"[12, 15, 18]",AbilityValues,143,{}
abilities,earth_lord_might_of_the_earth,True,game/scripts/npc/abilities/npc_lia_hero_earth_lord.txt,Damage,"[300, 600, 900]",AbilityValues,241,{}
abilities,earth_lord_might_of_the_earth,True,game/scripts/npc/abilities/npc_lia_hero_earth_lord.txt,armor_reduction,"[-10, -20, -30]",AbilityValues,242,{}
abilities,earth_lord_might_of_the_earth,True,game/scripts/npc/abilities/npc_lia_hero_earth_lord.txt,duration,10,AbilityValues,243,{}
abilities,earth_lord_might_of_the_earth,True,game/scripts/npc/abilities/npc_lia_hero_earth_lord.txt,radius,600,AbilityValues,244,{}
abilities,fallen_champion_shell,True,game/scripts/npc/abilities/npc_lia_hero_fallen_champion.txt,pr_damage,"[15, 20, 25]",AbilityValues,29,{}
abilities,fallen_champion_shell,True,game/scripts/npc/abilities/npc_lia_hero_fallen_champion.txt,radius,600,AbilityValues,30,{}
abilities,fallen_champion_return,True,game/scripts/npc/abilities/npc_lia_hero_fallen_champion.txt,radius,10,AbilityValues,149,{}
abilities,fallen_champion_return,True,game/scripts/npc/abilities/npc_lia_hero_fallen_champion.txt,damage_return,"[6, 12, 18]",AbilityValues,150,{}
abilities,fallen_champion_return,True,game/scripts/npc/abilities/npc_lia_hero_fallen_champion.txt,full_damage_chance,"[10, 13, 16]",AbilityValues,151,{}
abilities,fallen_champion_absorption,True,game/scripts/npc/abilities/npc_lia_hero_fallen_champion.txt,kills_for_bonus_str,"[6, 5, 4]",AbilityValues,170,{}
abilities,fallen_champion_absorption,True,game/scripts/npc/abilities/npc_lia_hero_fallen_champion.txt,str_for_kill_boss_hero,"[1, 2, 3]",AbilityValues,171,{}
abilities,fallen_champion_roar,True,game/scripts/npc/abilities/npc_lia_hero_fallen_champion.txt,radius,"[600, 900, 1200]",AbilityValues,205,{}
abilities,fallen_champion_roar,True,game/scripts/npc/abilities/npc_lia_hero_fallen_champion.txt,duration,"[5, 7, 9]",AbilityValues,206,{}
abilities,firelord_flame_strike,True,game/scripts/npc/abilities/npc_lia_hero_firelord.txt,first_strike_dps,"[50, 100, 150]",AbilityValues,43,{}
abilities,firelord_flame_strike,True,game/scripts/npc/abilities/npc_lia_hero_firelord.txt,first_strike_dps_scepter,"[150, 200, 250]",AbilityValues,44,"{""value"": [150, 200, 250], ""RequiresScepter"": 1}"
abilities,firelord_flame_strike,True,game/scripts/npc/abilities/npc_lia_hero_firelord.txt,first_strike_duration,2.8,AbilityValues,49,{}
abilities,firelord_flame_strike,True,game/scripts/npc/abilities/npc_lia_hero_firelord.txt,burn_dps,"[4, 6, 8]",AbilityValues,50,{}
abilities,firelord_flame_strike,True,game/scripts/npc/abilities/npc_lia_hero_firelord.txt,burn_duration,6,AbilityValues,51,{}
abilities,firelord_flame_strike,True,game/scripts/npc/abilities/npc_lia_hero_firelord.txt,radius,"[175, 200, 225]",AbilityValues,52,{}
abilities,firelord_flame_strike,True,game/scripts/npc/abilities/npc_lia_hero_firelord.txt,delay,1.33,AbilityValues,53,{}
abilities,firelord_flame_strike,True,game/scripts/npc/abilities/npc_lia_hero_firelord.txt,manacost_scepter,"[250, 275, 300]",AbilityValues,54,"{""value"": [250, 275, 300], ""RequiresScepter"": 1}"
abilities,firelord_summon_lava_spawn,True,game/scripts/npc/abilities/npc_lia_hero_firelord.txt,lava_spawn_count,"[1, 1, 2]",AbilityValues,89,{}
abilities,firelord_summon_lava_spawn,True,game/scripts/npc/abilities/npc_lia_hero_firelord.txt,lava_spawn_damage,"[15, 27, 45]",AbilityValues,90,{}
abilities,firelord_summon_lava_spawn,True,game/scripts/npc/abilities/npc_lia_hero_firelord.txt,lava_spawn_hp,"[450, 600, 750]",AbilityValues,91,{}
abilities,firelord_summon_lava_spawn,True,game/scripts/npc/abilities/npc_lia_hero_firelord.txt,lava_spawn_duration,60,AbilityValues,92,{}
abilities,firelord_summon_lava_spawn,True,game/scripts/npc/abilities/npc_lia_hero_firelord.txt,attacks_to_split,7,AbilityValues,93,{}
abilities,firelord_summon_lava_spawn,True,game/scripts/npc/abilities/npc_lia_hero_firelord.txt,lava_spawn_1_count,"[1, 0, 0]",AbilityValues,94,{}
abilities,firelord_summon_lava_spawn,True,game/scripts/npc/abilities/npc_lia_hero_firelord.txt,lava_spawn_2_count,"[0, 1, 0]",AbilityValues,95,{}
abilities,firelord_summon_lava_spawn,True,game/scripts/npc/abilities/npc_lia_hero_firelord.txt,lava_spawn_3_count,"[0, 0, 2]",AbilityValues,96,{}
abilities,firelord_summon_lava_spawn,True,game/scripts/npc/abilities/npc_lia_hero_firelord.txt,spawn_distance,200,AbilityValues,97,{}
abilities,firelord_fire_trap,True,game/scripts/npc/abilities/npc_lia_hero_firelord.txt,duration,60,AbilityValues,329,{}
abilities,firelord_fire_trap,True,game/scripts/npc/abilities/npc_lia_hero_firelord.txt,detonation_radius,"[300, 350, 400]",AbilityValues,330,{}
abilities,firelord_fire_trap,True,game/scripts/npc/abilities/npc_lia_hero_firelord.txt,stun_duration,"[3, 5, 7]",AbilityValues,331,{}
abilities,firelord_fire_trap,True,game/scripts/npc/abilities/npc_lia_hero_firelord.txt,stun_hero_duration,"[2, 3, 4]",AbilityValues,332,{}
abilities,firelord_fire_trap,True,game/scripts/npc/abilities/npc_lia_hero_firelord.txt,activation_delay,3,AbilityValues,333,{}
abilities,firelord_fire_trap,True,game/scripts/npc/abilities/npc_lia_hero_firelord.txt,detection_radius,"[250, 275, 300]",AbilityValues,334,{}
abilities,firelord_fire_serpent,True,game/scripts/npc/abilities/npc_lia_hero_firelord.txt,serpent_health,"[250, 500, 750]",AbilityValues,416,{}
abilities,firelord_fire_serpent,True,game/scripts/npc/abilities/npc_lia_hero_firelord.txt,serpent_health_scepter,"[500, 750, 1200]",AbilityValues,417,"{""value"": [500, 750, 1200], ""RequiresScepter"": 1}"
abilities,firelord_fire_serpent,True,game/scripts/npc/abilities/npc_lia_hero_firelord.txt,serpent_damage,"[20, 40, 60]",AbilityValues,422,{}
abilities,firelord_fire_serpent,True,game/scripts/npc/abilities/npc_lia_hero_firelord.txt,serpent_damage_scepter,"[40, 60, 160]",AbilityValues,423,"{""value"": [40, 60, 160], ""RequiresScepter"": 1}"
abilities,firelord_fire_serpent,True,game/scripts/npc/abilities/npc_lia_hero_firelord.txt,duration,60,AbilityValues,428,{}
abilities,firelord_fire_serpent,True,game/scripts/npc/abilities/npc_lia_hero_firelord.txt,manacost_scepter,"[250, 350, 450]",AbilityValues,429,"{""value"": [250, 350, 450], ""RequiresScepter"": 1}"
abilities,firelord_fire_serpent,True,game/scripts/npc/abilities/npc_lia_hero_firelord.txt,serpent_count,4,AbilityValues,434,{}
abilities,frost_lord_frost_breath,True,game/scripts/npc/abilities/npc_lia_hero_frost_lord.txt,damage,"[70, 140, 210]",AbilityValues,35,{}
abilities,frost_lord_frost_breath,True,game/scripts/npc/abilities/npc_lia_hero_frost_lord.txt,damage_scepter,"[225, 300, 375]",AbilityValues,36,"{""value"": [225, 300, 375], ""RequiresScepter"": 1}"
abilities,frost_lord_frost_breath,True,game/scripts/npc/abilities/npc_lia_hero_frost_lord.txt,damage_per_second,"[9, 18, 36]",AbilityValues,41,{}
abilities,frost_lord_frost_breath,True,game/scripts/npc/abilities/npc_lia_hero_frost_lord.txt,damage_per_second_scepter,"[15, 30, 45]",AbilityValues,42,"{""value"": [15, 30, 45], ""RequiresScepter"": 1}"
abilities,frost_lord_frost_breath,True,game/scripts/npc/abilities/npc_lia_hero_frost_lord.txt,start_width,150,AbilityValues,47,{}
abilities,frost_lord_frost_breath,True,game/scripts/npc/abilities/npc_lia_hero_frost_lord.txt,end_width,150,AbilityValues,48,{}
abilities,frost_lord_frost_breath,True,game/scripts/npc/abilities/npc_lia_hero_frost_lord.txt,projectile_distance,"[650, 700, 750]",AbilityValues,49,{}
abilities,frost_lord_frost_breath,True,game/scripts/npc/abilities/npc_lia_hero_frost_lord.txt,speed,950,AbilityValues,50,{}
abilities,frost_lord_frost_breath,True,game/scripts/npc/abilities/npc_lia_hero_frost_lord.txt,duration,"[4, 5, 6]",AbilityValues,51,{}
abilities,frost_lord_frost_breath,True,game/scripts/npc/abilities/npc_lia_hero_frost_lord.txt,duration_scepter,"[6, 7, 8]",AbilityValues,52,"{""value"": [6, 7, 8], ""RequiresScepter"": 1}"
abilities,frost_lord_frost_breath,True,game/scripts/npc/abilities/npc_lia_hero_frost_lord.txt,manacost_scepter,"[130, 160, 190]",AbilityValues,57,"{""value"": [130, 160, 190], ""RequiresScepter"": 1}"
abilities,frost_lord_cold,True,game/scripts/npc/abilities/npc_lia_hero_frost_lord.txt,damage,"[20, 30, 40]",AbilityValues,102,{}
abilities,frost_lord_cold,True,game/scripts/npc/abilities/npc_lia_hero_frost_lord.txt,add_damage,"[10, 20, 30]",AbilityValues,103,{}
abilities,frost_lord_cold,True,game/scripts/npc/abilities/npc_lia_hero_frost_lord.txt,movement_speed_slow,"[-20, -30, -40]",AbilityValues,104,{}
abilities,frost_lord_cold,True,game/scripts/npc/abilities/npc_lia_hero_frost_lord.txt,attack_speed_slow,"[-10, -20, -30]",AbilityValues,105,{}
abilities,frost_lord_cold,True,game/scripts/npc/abilities/npc_lia_hero_frost_lord.txt,duration,8,AbilityValues,106,{}
abilities,frost_lord_cold,True,game/scripts/npc/abilities/npc_lia_hero_frost_lord.txt,radius,300,AbilityValues,107,{}
abilities,frost_lord_freezing,True,game/scripts/npc/abilities/npc_lia_hero_frost_lord.txt,freezing_chance,18,AbilityValues,205,{}
abilities,frost_lord_freezing,True,game/scripts/npc/abilities/npc_lia_hero_frost_lord.txt,stun_duration,"[0.5, 1.0, 1.5]",AbilityValues,206,{}
abilities,frost_lord_freezing,True,game/scripts/npc/abilities/npc_lia_hero_frost_lord.txt,damage,"[50, 100, 150]",AbilityValues,207,{}
abilities,frost_lord_ice,True,game/scripts/npc/abilities/npc_lia_hero_frost_lord.txt,damage,"[100, 250, 400]",AbilityValues,246,{}
abilities,frost_lord_ice,True,game/scripts/npc/abilities/npc_lia_hero_frost_lord.txt,damage_scepter,"[175, 325, 475]",AbilityValues,247,"{""value"": [175, 325, 475], ""RequiresScepter"": 1}"
abilities,frost_lord_ice,True,game/scripts/npc/abilities/npc_lia_hero_frost_lord.txt,duration,"[3, 4, 5]",AbilityValues,252,{}
abilities,frost_lord_ice,True,game/scripts/npc/abilities/npc_lia_hero_frost_lord.txt,duration_scepter,"[4, 5, 6]",AbilityValues,253,"{""value"": [4, 5, 6], ""RequiresScepter"": 1}"
abilities,frost_lord_ice,True,game/scripts/npc/abilities/npc_lia_hero_frost_lord.txt,movement_slow,-50,AbilityValues,258,{}
abilities,frost_lord_ice,True,game/scripts/npc/abilities/npc_lia_hero_frost_lord.txt,slow_duration,4,AbilityValues,259,{}
abilities,frost_lord_ice,True,game/scripts/npc/abilities/npc_lia_hero_frost_lord.txt,radius,500,AbilityValues,260,{}
abilities,frost_lord_ice,True,game/scripts/npc/abilities/npc_lia_hero_frost_lord.txt,damage_radius,190,AbilityValues,261,{}
abilities,frost_lord_ice,True,game/scripts/npc/abilities/npc_lia_hero_frost_lord.txt,manacost_scepter,"[325, 375, 425]",AbilityValues,262,"{""value"": [325, 375, 425], ""RequiresScepter"": 1}"
abilities,furbolg_champion_furious_clap,True,game/scripts/npc/abilities/npc_lia_hero_furbolg_champion.txt,initial_damage,"[50, 60, 70]",AbilityValues,26,{}
abilities,furbolg_champion_furious_clap,True,game/scripts/npc/abilities/npc_lia_hero_furbolg_champion.txt,damage_per_strength,"[0.6, 0.8, 1.0]",AbilityValues,27,{}
abilities,furbolg_champion_furious_clap,True,game/scripts/npc/abilities/npc_lia_hero_furbolg_champion.txt,stun_duration,"[0.7, 1.0, 1.3]",AbilityValues,28,{}
abilities,furbolg_champion_furious_clap,True,game/scripts/npc/abilities/npc_lia_hero_furbolg_champion.txt,radius,250,AbilityValues,29,{}
abilities,furbolg_champion_furious_clap,True,game/scripts/npc/abilities/npc_lia_hero_furbolg_champion.txt,health_cost,50,AbilityValues,30,{}
abilities,furbolg_champion_sharp_claws,True,game/scripts/npc/abilities/npc_lia_hero_furbolg_champion.txt,attacks_required,4,AbilityValues,49,{}
abilities,furbolg_champion_sharp_claws,True,game/scripts/npc/abilities/npc_lia_hero_furbolg_champion.txt,damage_per_agility,"[1.2, 1.6, 2]",AbilityValues,50,{}
abilities,furbolg_champion_sharp_claws,True,game/scripts/npc/abilities/npc_lia_hero_furbolg_champion.txt,stun_duration,"[0.7, 1.0, 1.3]",AbilityValues,51,{}
abilities,furbolg_champion_swelling_rage,True,game/scripts/npc/abilities/npc_lia_hero_furbolg_champion.txt,health_lost_percentage_required,"[20, 17, 14]",AbilityValues,71,{}
abilities,furbolg_champion_bears_agility,True,game/scripts/npc/abilities/npc_lia_hero_furbolg_champion.txt,bonus_attack_speed,"[80, 160, 240]",AbilityValues,96,{}
abilities,furbolg_champion_bears_agility,True,game/scripts/npc/abilities/npc_lia_hero_furbolg_champion.txt,health_loss_per_attack,"[40, 60, 80]",AbilityValues,97,{}
abilities,furbolg_champion_bears_agility,True,game/scripts/npc/abilities/npc_lia_hero_furbolg_champion.txt,health_loss_limit_percentage,10,AbilityValues,98,{}
abilities,furbolg_champion_bears_agility,True,game/scripts/npc/abilities/npc_lia_hero_furbolg_champion.txt,duration,8,AbilityValues,99,{}
abilities,general_rumble,True,game/scripts/npc/abilities/npc_lia_hero_general.txt,radius,"[275, 275, 300]",AbilityValues,29,{}
abilities,general_rumble,True,game/scripts/npc/abilities/npc_lia_hero_general.txt,duration,6.0,AbilityValues,30,{}
abilities,general_rumble,True,game/scripts/npc/abilities/npc_lia_hero_general.txt,stomp_damage,"[40, 120, 240]",AbilityValues,31,{}
abilities,general_rumble,True,game/scripts/npc/abilities/npc_lia_hero_general.txt,attack_slow,"[-30, -50, -70]",AbilityValues,32,{}
abilities,general_dark_magic_flow,True,game/scripts/npc/abilities/npc_lia_hero_general.txt,projectile_speed,1250,AbilityValues,152,{}
abilities,general_dark_magic_flow,True,game/scripts/npc/abilities/npc_lia_hero_general.txt,projectile_stun,"[2.0, 2.5, 3.0]",AbilityValues,153,{}
abilities,general_dark_magic_flow,True,game/scripts/npc/abilities/npc_lia_hero_general.txt,bonus_armor,"[5, 10, 15]",AbilityValues,154,{}
abilities,general_dark_magic_flow,True,game/scripts/npc/abilities/npc_lia_hero_general.txt,duration,7.0,AbilityValues,155,{}
abilities,general_dark_magic_flow,True,game/scripts/npc/abilities/npc_lia_hero_general.txt,damage,"[100, 200, 300]",AbilityValues,156,{}
abilities,general_furious_strike,True,game/scripts/npc/abilities/npc_lia_hero_general.txt,bonus_damage,"[60, 120, 180]",AbilityValues,233,{}
abilities,general_furious_strike,True,game/scripts/npc/abilities/npc_lia_hero_general.txt,radius,150,AbilityValues,234,{}
abilities,general_magic_armor,True,game/scripts/npc/abilities/npc_lia_hero_general.txt,incoming_damage_percentage,"[-15, -30, -45]",AbilityValues,253,{}
abilities,ghoul_blood_thirst,True,game/scripts/npc/abilities/npc_lia_hero_ghoul.txt,bonus_damage,"[20, 40, 60]",AbilityValues,30,{}
abilities,ghoul_blood_thirst,True,game/scripts/npc/abilities/npc_lia_hero_ghoul.txt,bonus_armor,"[5, 10, 15]",AbilityValues,31,{}
abilities,ghoul_blood_thirst,True,game/scripts/npc/abilities/npc_lia_hero_ghoul.txt,bonus_health,"[100, 200, 300]",AbilityValues,32,{}
abilities,ghoul_blood_thirst,True,game/scripts/npc/abilities/npc_lia_hero_ghoul.txt,duration,"[4, 5, 6]",AbilityValues,33,{}
abilities,ghoul_devour,True,game/scripts/npc/abilities/npc_lia_hero_ghoul.txt,instant_heal,"[50, 100, 150]",AbilityValues,136,{}
abilities,ghoul_devour,True,game/scripts/npc/abilities/npc_lia_hero_ghoul.txt,heal_per_second,"[10, 20, 30]",AbilityValues,137,{}
abilities,ghoul_devour,True,game/scripts/npc/abilities/npc_lia_hero_ghoul.txt,heal_duration,10,AbilityValues,138,{}
abilities,ghoul_devour,True,game/scripts/npc/abilities/npc_lia_hero_ghoul.txt,movement_slow,"[-10, -20, -30]",AbilityValues,139,{}
abilities,ghoul_devour,True,game/scripts/npc/abilities/npc_lia_hero_ghoul.txt,attack_slow,"[-10, -20, -30]",AbilityValues,140,{}
abilities,ghoul_devour,True,game/scripts/npc/abilities/npc_lia_hero_ghoul.txt,slow_duration,8.0,AbilityValues,141,{}
abilities,ghoul_mortal_strike,True,game/scripts/npc/abilities/npc_lia_hero_ghoul.txt,crit_multiplier,"[200, 300, 400]",AbilityValues,228,{}
abilities,ghoul_mortal_strike,True,game/scripts/npc/abilities/npc_lia_hero_ghoul.txt,crit_chance,13,AbilityValues,229,{}
abilities,ghoul_persistence,True,game/scripts/npc/abilities/npc_lia_hero_ghoul.txt,bonus_strength,"[25, 50, 75]",AbilityValues,253,{}
abilities,ghoul_persistence,True,game/scripts/npc/abilities/npc_lia_hero_ghoul.txt,radius,500,AbilityValues,254,{}
abilities,ghoul_persistence,True,game/scripts/npc/abilities/npc_lia_hero_ghoul.txt,regen_mult,0.5,AbilityValues,255,{}
abilities,akron_explosion,True,game/scripts/npc/abilities/npc_lia_hero_golem.txt,radius,225,AbilityValues,36,{}
abilities,akron_explosion,True,game/scripts/npc/abilities/npc_lia_hero_golem.txt,hp_prc_dmg,10,AbilityValues,37,{}
abilities,akron_explosion,True,game/scripts/npc/abilities/npc_lia_hero_golem.txt,burn_damage,"[20, 40, 60]",AbilityValues,38,{}
abilities,akron_explosion,True,game/scripts/npc/abilities/npc_lia_hero_golem.txt,duration,3,AbilityValues,39,{}
abilities,akron_explosion,True,game/scripts/npc/abilities/npc_lia_hero_golem.txt,burn_damage_actual,"[5, 10, 15]",AbilityValues,40,{}
abilities,acron_battle_fevor,True,game/scripts/npc/abilities/npc_lia_hero_golem.txt,stack_armor,"[2, 4, 6]",AbilityValues,120,{}
abilities,acron_battle_fevor,True,game/scripts/npc/abilities/npc_lia_hero_golem.txt,stack_health_regen,"[3, 6, 9]",AbilityValues,121,{}
abilities,acron_battle_fevor,True,game/scripts/npc/abilities/npc_lia_hero_golem.txt,stack_duration,5,AbilityValues,122,{}
abilities,acron_battle_fevor,True,game/scripts/npc/abilities/npc_lia_hero_golem.txt,radius,500,AbilityValues,123,{}
abilities,acron_battle_fevor,True,game/scripts/npc/abilities/npc_lia_hero_golem.txt,magical_resistance_passive,"[20, 30, 40]",AbilityValues,124,{}
abilities,akron_firerage,True,game/scripts/npc/abilities/npc_lia_hero_golem.txt,radius,250,AbilityValues,156,{}
abilities,akron_firerage,True,game/scripts/npc/abilities/npc_lia_hero_golem.txt,damage,"[60, 120, 180]",AbilityValues,157,{}
abilities,akron_firerage,True,game/scripts/npc/abilities/npc_lia_hero_golem.txt,StackForExplosion,15,AbilityValues,158,{}
abilities,akron_firerage,True,game/scripts/npc/abilities/npc_lia_hero_golem.txt,stackTime,12,AbilityValues,159,{}
abilities,akron_firerage,True,game/scripts/npc/abilities/npc_lia_hero_golem.txt,heroStacks,5,AbilityValues,160,{}
abilities,acron_molten_fury,True,game/scripts/npc/abilities/npc_lia_hero_golem.txt,bonus_attack_speed,"[40, 60, 80]",AbilityValues,269,{}
abilities,acron_molten_fury,True,game/scripts/npc/abilities/npc_lia_hero_golem.txt,damage_reduction,"[-40, -60, -80]",AbilityValues,270,{}
abilities,acron_molten_fury,True,game/scripts/npc/abilities/npc_lia_hero_golem.txt,duration,"[4, 5, 6]",AbilityValues,271,{}
abilities,acron_molten_fury,True,game/scripts/npc/abilities/npc_lia_hero_golem.txt,radius,300,AbilityValues,272,{}
abilities,akron_ground_slam,True,game/scripts/npc/abilities/npc_lia_hero_golem.txt,Damage,"[150, 300, 450]",AbilityValues,450,{}
abilities,akron_ground_slam,True,game/scripts/npc/abilities/npc_lia_hero_golem.txt,slow_speed_attack_and_movement,"[-40, -60, -80]",AbilityValues,451,{}
abilities,akron_ground_slam,True,game/scripts/npc/abilities/npc_lia_hero_golem.txt,slow_tooltip,"[-40, -60, -80]",AbilityValues,452,{}
abilities,akron_ground_slam,True,game/scripts/npc/abilities/npc_lia_hero_golem.txt,duration,"[5, 10, 15]",AbilityValues,453,{}
abilities,akron_ground_slam,True,game/scripts/npc/abilities/npc_lia_hero_golem.txt,radius,1500,AbilityValues,454,{}
abilities,hermit_summon_water_elemental,True,game/scripts/npc/abilities/npc_lia_hero_hermit.txt,hit_points,"[300, 550, 800]",AbilityValues,21,{}
abilities,hermit_summon_water_elemental,True,game/scripts/npc/abilities/npc_lia_hero_hermit.txt,hit_points_scepter,"[550, 800, 1450]",AbilityValues,22,"{""value"": [550, 800, 1450], ""RequiresScepter"": 1}"
abilities,hermit_summon_water_elemental,True,game/scripts/npc/abilities/npc_lia_hero_hermit.txt,damage,"[15, 30, 60]",AbilityValues,27,{}
abilities,hermit_summon_water_elemental,True,game/scripts/npc/abilities/npc_lia_hero_hermit.txt,damage_scepter,"[30, 60, 120]",AbilityValues,28,"{""value"": [30, 60, 120], ""RequiresScepter"": 1}"
abilities,hermit_summon_water_elemental,True,game/scripts/npc/abilities/npc_lia_hero_hermit.txt,unit_count,2,AbilityValues,33,{}
abilities,hermit_summon_water_elemental,True,game/scripts/npc/abilities/npc_lia_hero_hermit.txt,unit_count_scepter,3,AbilityValues,34,"{""value"": 3, ""RequiresScepter"": 1}"
abilities,hermit_summon_water_elemental,True,game/scripts/npc/abilities/npc_lia_hero_hermit.txt,duration,60,AbilityValues,39,{}
abilities,hermit_summon_water_elemental,True,game/scripts/npc/abilities/npc_lia_hero_hermit.txt,manacost_scepter,"[150, 200, 250]",AbilityValues,40,"{""value"": [150, 200, 250], ""RequiresScepter"": 1}"
abilities,hermit_summon_water_elemental,True,game/scripts/npc/abilities/npc_lia_hero_hermit.txt,spawn_radius,200,AbilityValues,45,{}
abilities,hermit_astral,True,game/scripts/npc/abilities/npc_lia_hero_hermit.txt,reduce_spell_damage_pct,-40,AbilityValues,90,{}
abilities,hermit_astral,True,game/scripts/npc/abilities/npc_lia_hero_hermit.txt,reduce_movement_speed,"[-10, -20, -30]",AbilityValues,91,{}
abilities,hermit_astral,True,game/scripts/npc/abilities/npc_lia_hero_hermit.txt,duration_hero,"[3, 4, 5]",AbilityValues,92,{}
abilities,hermit_astral,True,game/scripts/npc/abilities/npc_lia_hero_hermit.txt,duration_other,"[4, 5, 6]",AbilityValues,93,{}
abilities,hermit_frost_arrows,True,game/scripts/npc/abilities/npc_lia_hero_hermit.txt,damage,"[20, 40, 60]",AbilityValues,131,{}
abilities,hermit_frost_arrows,True,game/scripts/npc/abilities/npc_lia_hero_hermit.txt,damage_scepter,"[50, 100, 150]",AbilityValues,132,"{""value"": [50, 100, 150], ""RequiresScepter"": 1}"
abilities,hermit_frost_arrows,True,game/scripts/npc/abilities/npc_lia_hero_hermit.txt,duration,3,AbilityValues,137,{}
abilities,hermit_frost_arrows,True,game/scripts/npc/abilities/npc_lia_hero_hermit.txt,duration_scepter,4,AbilityValues,138,"{""value"": 4, ""RequiresScepter"": 1}"
abilities,hermit_frost_arrows,True,game/scripts/npc/abilities/npc_lia_hero_hermit.txt,movespeed_slow_pct,"[-10, -20, -30]",AbilityValues,143,{}
abilities,hermit_frost_arrows,True,game/scripts/npc/abilities/npc_lia_hero_hermit.txt,movespeed_slow_scepter,"[-20, -30, -40]",AbilityValues,144,"{""value"": [-20, -30, -40], ""RequiresScepter"": 1}"
abilities,hermit_frost_arrows,True,game/scripts/npc/abilities/npc_lia_hero_hermit.txt,attack_slow,"[-20, -30, -40]",AbilityValues,149,{}
abilities,hermit_frost_arrows,True,game/scripts/npc/abilities/npc_lia_hero_hermit.txt,attack_slow_scepter,"[-40, -50, -60]",AbilityValues,150,"{""value"": [-40, -50, -60], ""RequiresScepter"": 1}"
abilities,hermit_frost_arrows,True,game/scripts/npc/abilities/npc_lia_hero_hermit.txt,manacost_scepter,"[45, 60, 75]",AbilityValues,155,"{""value"": [45, 60, 75], ""RequiresScepter"": 1}"
abilities,hermit_storm,True,game/scripts/npc/abilities/npc_lia_hero_hermit.txt,wave_damage,"[90, 190, 290]",AbilityValues,197,{}
abilities,hermit_storm,True,game/scripts/npc/abilities/npc_lia_hero_hermit.txt,waves_per_second,"[2, 3, 4]",AbilityValues,198,{}
abilities,hermit_storm,True,game/scripts/npc/abilities/npc_lia_hero_hermit.txt,duration,"[8, 12, 16]",AbilityValues,199,{}
abilities,hermit_storm,True,game/scripts/npc/abilities/npc_lia_hero_hermit.txt,hits_for_elemental,10,AbilityValues,200,"{""value"": 10, ""RequiresScepter"": 1}"
abilities,hermit_storm,True,game/scripts/npc/abilities/npc_lia_hero_hermit.txt,wave_speed,1150.0,AbilityValues,205,{}
abilities,hermit_storm,True,game/scripts/npc/abilities/npc_lia_hero_hermit.txt,wave_width,50,AbilityValues,206,{}
abilities,hermit_storm,True,game/scripts/npc/abilities/npc_lia_hero_hermit.txt,vision_aoe,400,AbilityValues,207,{}
abilities,hermit_storm,True,game/scripts/npc/abilities/npc_lia_hero_hermit.txt,damage_radius,200,AbilityValues,208,{}
abilities,hermit_storm,True,game/scripts/npc/abilities/npc_lia_hero_hermit.txt,delay_cause,0.2,AbilityValues,209,{}
abilities,hermit_storm,True,game/scripts/npc/abilities/npc_lia_hero_hermit.txt,radius,800,AbilityValues,210,{}
abilities,hermit_storm1,True,game/scripts/npc/abilities/npc_lia_hero_hermit.txt,wave_speed,1150.0,AbilityValues,271,{}
abilities,hermit_storm1,True,game/scripts/npc/abilities/npc_lia_hero_hermit.txt,wave_width,"[55, 48, 48]",AbilityValues,272,{}
abilities,hermit_storm1,True,game/scripts/npc/abilities/npc_lia_hero_hermit.txt,vision_aoe,400,AbilityValues,273,{}
abilities,hermit_storm1,True,game/scripts/npc/abilities/npc_lia_hero_hermit.txt,num_in_sec,"[3, 4, 5]",AbilityValues,274,{}
abilities,hermit_storm1,True,game/scripts/npc/abilities/npc_lia_hero_hermit.txt,radius_cause,200,AbilityValues,275,{}
abilities,hermit_storm1,True,game/scripts/npc/abilities/npc_lia_hero_hermit.txt,delay_cause,0.2,AbilityValues,276,{}
abilities,hermit_storm1,True,game/scripts/npc/abilities/npc_lia_hero_hermit.txt,for_tick,"[0.33, 0.25, 0.2]",AbilityValues,277,{}
abilities,hermit_storm1,True,game/scripts/npc/abilities/npc_lia_hero_hermit.txt,radius,400,AbilityValues,278,{}
abilities,hermit_storm1,True,game/scripts/npc/abilities/npc_lia_hero_hermit.txt,duration,"[8, 12, 16]",AbilityValues,279,{}
abilities,highlander_storm_bolt,True,game/scripts/npc/abilities/npc_lia_hero_highlander.txt,bolt_speed,1000,AbilityValues,27,{}
abilities,highlander_storm_bolt,True,game/scripts/npc/abilities/npc_lia_hero_highlander.txt,stun_main_target_duration,"[1.0, 2.0, 3.0]",AbilityValues,28,{}
abilities,highlander_storm_bolt,True,game/scripts/npc/abilities/npc_lia_hero_highlander.txt,stun_radius_duration,"[1.0, 1.5, 2.0]",AbilityValues,29,{}
abilities,highlander_storm_bolt,True,game/scripts/npc/abilities/npc_lia_hero_highlander.txt,damage_main_target_tooltip,"[150, 200, 250]",AbilityValues,30,{}
abilities,highlander_storm_bolt,True,game/scripts/npc/abilities/npc_lia_hero_highlander.txt,damage_radius,"[75, 125, 175]",AbilityValues,31,{}
abilities,highlander_storm_bolt,True,game/scripts/npc/abilities/npc_lia_hero_highlander.txt,radius,250,AbilityValues,32,{}
abilities,highlander_heavy_axe,True,game/scripts/npc/abilities/npc_lia_hero_highlander.txt,bonus_damage,"[50, 100, 150]",AbilityValues,99,{}
abilities,highlander_heavy_axe,True,game/scripts/npc/abilities/npc_lia_hero_highlander.txt,bonus_movement_speed_percentage,"[10, 15, 20]",AbilityValues,100,{}
abilities,highlander_heavy_axe,True,game/scripts/npc/abilities/npc_lia_hero_highlander.txt,duration,8,AbilityValues,101,{}
abilities,highlander_improved_armor,True,game/scripts/npc/abilities/npc_lia_hero_highlander.txt,bonus_armor,"[3, 6, 9]",AbilityValues,162,{}
abilities,highlander_improved_armor,True,game/scripts/npc/abilities/npc_lia_hero_highlander.txt,armor_per_attack,3,AbilityValues,163,{}
abilities,highlander_improved_armor,True,game/scripts/npc/abilities/npc_lia_hero_highlander.txt,duration,"[2, 3, 4]",AbilityValues,164,{}
abilities,highlander_improved_armor,True,game/scripts/npc/abilities/npc_lia_hero_highlander.txt,max_armor,"[21, 24, 27]",AbilityValues,165,{}
abilities,highlander_might_of_the_highlander,True,game/scripts/npc/abilities/npc_lia_hero_highlander.txt,damage,"[250, 500, 750]",AbilityValues,211,{}
abilities,highlander_might_of_the_highlander,True,game/scripts/npc/abilities/npc_lia_hero_highlander.txt,movement_speed_slow,"[-70, -80, -90]",AbilityValues,212,{}
abilities,highlander_might_of_the_highlander,True,game/scripts/npc/abilities/npc_lia_hero_highlander.txt,duration,"[5, 6, 7]",AbilityValues,213,{}
abilities,highlander_might_of_the_highlander,True,game/scripts/npc/abilities/npc_lia_hero_highlander.txt,radius,350,AbilityValues,214,{}
abilities,highlander_might_of_the_highlander,True,game/scripts/npc/abilities/npc_lia_hero_highlander.txt,aoe_tooltip,700,AbilityValues,215,{}
abilities,huntress_curse_of_elune,True,game/scripts/npc/abilities/npc_lia_hero_huntress.txt,damage_initial,"[20, 40, 60]",AbilityValues,29,{}
abilities,huntress_curse_of_elune,True,game/scripts/npc/abilities/npc_lia_hero_huntress.txt,damage_per_second,"[10, 20, 30]",AbilityValues,30,{}
abilities,huntress_curse_of_elune,True,game/scripts/npc/abilities/npc_lia_hero_huntress.txt,damage_hp_percentage_creeps,"[5, 10, 15]",AbilityValues,31,{}
abilities,huntress_curse_of_elune,True,game/scripts/npc/abilities/npc_lia_hero_huntress.txt,damage_hp_percentage_heroes,"[2, 4, 6]",AbilityValues,32,{}
abilities,huntress_curse_of_elune,True,game/scripts/npc/abilities/npc_lia_hero_huntress.txt,radius,230,AbilityValues,33,{}
abilities,huntress_curse_of_elune,True,game/scripts/npc/abilities/npc_lia_hero_huntress.txt,duration,4.0,AbilityValues,34,{}
abilities,huntress_moon_glaive,True,game/scripts/npc/abilities/npc_lia_hero_huntress.txt,range,"[400, 400, 400]",AbilityValues,60,{}
abilities,huntress_moon_glaive,True,game/scripts/npc/abilities/npc_lia_hero_huntress.txt,bounces,"[1, 2, 3]",AbilityValues,61,{}
abilities,huntress_moon_glaive,True,game/scripts/npc/abilities/npc_lia_hero_huntress.txt,damage_reduction_percentage,20,AbilityValues,62,{}
abilities,huntress_power_of_the_moon,True,game/scripts/npc/abilities/npc_lia_hero_huntress.txt,bonus_magic_resistance_percentage,"[10, 20, 30]",AbilityValues,81,{}
abilities,huntress_power_of_the_moon,True,game/scripts/npc/abilities/npc_lia_hero_huntress.txt,bonus_attack_speed,"[8, 16, 24]",AbilityValues,82,{}
abilities,huntress_power_of_the_moon,True,game/scripts/npc/abilities/npc_lia_hero_huntress.txt,bonus_movement_speed_percentage,"[5, 10, 15]",AbilityValues,83,{}
abilities,huntress_power_of_the_moon,True,game/scripts/npc/abilities/npc_lia_hero_huntress.txt,bonus_agility,"[5, 10, 15]",AbilityValues,84,{}
abilities,huntress_moon_rite,True,game/scripts/npc/abilities/npc_lia_hero_huntress.txt,bonus_attack_speed,"[40, 80, 120]",AbilityValues,109,{}
abilities,huntress_moon_rite,True,game/scripts/npc/abilities/npc_lia_hero_huntress.txt,bonus_damage,"[80, 160, 240]",AbilityValues,110,{}
abilities,huntress_moon_rite,True,game/scripts/npc/abilities/npc_lia_hero_huntress.txt,duration,9.0,AbilityValues,111,{}
abilities,illusionist_whiff_of_deception,True,game/scripts/npc/abilities/npc_lia_hero_illusionist.txt,radius,300,AbilityValues,62,{}
abilities,illusionist_whiff_of_deception,True,game/scripts/npc/abilities/npc_lia_hero_illusionist.txt,base_damage,75,AbilityValues,63,{}
abilities,illusionist_whiff_of_deception,True,game/scripts/npc/abilities/npc_lia_hero_illusionist.txt,value_p,"[0.6, 0.8, 1.0]",AbilityValues,64,{}
abilities,illusionist_mastery_of_deception,True,game/scripts/npc/abilities/npc_lia_hero_illusionist.txt,time,"[4, 6, 7]",AbilityValues,178,{}
abilities,illusionist_mastery_of_deception,True,game/scripts/npc/abilities/npc_lia_hero_illusionist.txt,bchance,20,AbilityValues,179,{}
abilities,illusionist_mastery_of_deception,True,game/scripts/npc/abilities/npc_lia_hero_illusionist.txt,outgoing_damage,"[-80, -70, -60]",AbilityValues,180,{}
abilities,illusionist_mastery_of_deception,True,game/scripts/npc/abilities/npc_lia_hero_illusionist.txt,incoming_damage,"[400, 300, 200]",AbilityValues,181,{}
abilities,illusionist_mastery_of_deception,True,game/scripts/npc/abilities/npc_lia_hero_illusionist.txt,outgoing_damage_tooltip,"[20, 30, 40]",AbilityValues,182,{}
abilities,illusionist_agility_paws,True,game/scripts/npc/abilities/npc_lia_hero_illusionist.txt,bonus_agility,"[1, 2, 3]",AbilityValues,206,{}
abilities,illusionist_agility_paws,True,game/scripts/npc/abilities/npc_lia_hero_illusionist.txt,prt_bonus,10,AbilityValues,207,{}
abilities,illusionist_agility_paws,True,game/scripts/npc/abilities/npc_lia_hero_illusionist.txt,max_bonus,200,AbilityValues,208,{}
abilities,illusionist_agility_paws,True,game/scripts/npc/abilities/npc_lia_hero_illusionist.txt,bonus_per_level,10,AbilityValues,209,{}
abilities,illusionist_mastery_of_illusions,True,game/scripts/npc/abilities/npc_lia_hero_illusionist.txt,duration_hero,3.0,AbilityValues,326,{}
abilities,illusionist_mastery_of_illusions,True,game/scripts/npc/abilities/npc_lia_hero_illusionist.txt,duration_other,3.0,AbilityValues,327,{}
abilities,illusionist_mastery_of_illusions,True,game/scripts/npc/abilities/npc_lia_hero_illusionist.txt,count_illusion,3,AbilityValues,328,{}
abilities,illusionist_mastery_of_illusions,True,game/scripts/npc/abilities/npc_lia_hero_illusionist.txt,life_illusion,"[8, 9, 10]",AbilityValues,329,{}
abilities,illusionist_mastery_of_illusions,True,game/scripts/npc/abilities/npc_lia_hero_illusionist.txt,outgoing_damage,"[-20, -10, 0]",AbilityValues,330,{}
abilities,illusionist_mastery_of_illusions,True,game/scripts/npc/abilities/npc_lia_hero_illusionist.txt,incoming_damage,"[200, 150, 100]",AbilityValues,331,{}
abilities,illusionist_mastery_of_illusions,True,game/scripts/npc/abilities/npc_lia_hero_illusionist.txt,outgoing_damage_tooltip,"[80, 90, 100]",AbilityValues,332,{}
abilities,keeper_of_the_grove_roots,True,game/scripts/npc/abilities/npc_lia_hero_keeper_of_the_grove.txt,damage_per_second,"[30, 60, 90]",AbilityValues,43,{}
abilities,keeper_of_the_grove_roots,True,game/scripts/npc/abilities/npc_lia_hero_keeper_of_the_grove.txt,root_duration,"[2, 3, 4]",AbilityValues,44,{}
abilities,keeper_of_the_grove_roots,True,game/scripts/npc/abilities/npc_lia_hero_keeper_of_the_grove.txt,root_hero_duration,"[1, 2, 3]",AbilityValues,45,{}
abilities,keeper_of_the_grove_roots,True,game/scripts/npc/abilities/npc_lia_hero_keeper_of_the_grove.txt,radius,290,AbilityValues,46,{}
abilities,keeper_of_the_grove_treants,True,game/scripts/npc/abilities/npc_lia_hero_keeper_of_the_grove.txt,treant_health,"[350, 700, 1400]",AbilityValues,146,{}
abilities,keeper_of_the_grove_treants,True,game/scripts/npc/abilities/npc_lia_hero_keeper_of_the_grove.txt,treant_damage,"[60, 125, 250]",AbilityValues,147,{}
abilities,keeper_of_the_grove_treants,True,game/scripts/npc/abilities/npc_lia_hero_keeper_of_the_grove.txt,unit_count,"[2, 2, 2]",AbilityValues,148,{}
abilities,keeper_of_the_grove_guardian_spirit,True,game/scripts/npc/abilities/npc_lia_hero_keeper_of_the_grove.txt,bonus_stats,"[15, 30, 45]",AbilityValues,195,{}
abilities,keeper_of_the_grove_guardian_spirit,True,game/scripts/npc/abilities/npc_lia_hero_keeper_of_the_grove.txt,bonus_stats_scepter,"[25, 50, 75]",AbilityValues,196,"{""value"": [25, 50, 75], ""RequiresScepter"": 1}"
abilities,keeper_of_the_grove_guardian_spirit,True,game/scripts/npc/abilities/npc_lia_hero_keeper_of_the_grove.txt,lifetime,"[10, 15, 20]",AbilityValues,201,{}
abilities,keeper_of_the_grove_guardian_spirit,True,game/scripts/npc/abilities/npc_lia_hero_keeper_of_the_grove.txt,lifetime_scepter,"[15, 20, 25]",AbilityValues,202,"{""value"": [15, 20, 25], ""RequiresScepter"": 1}"
abilities,keeper_of_the_grove_natures_curse,True,game/scripts/npc/abilities/npc_lia_hero_keeper_of_the_grove.txt,damage_per_second,"[60, 90, 120]",AbilityValues,247,{}
abilities,keeper_of_the_grove_natures_curse,True,game/scripts/npc/abilities/npc_lia_hero_keeper_of_the_grove.txt,damage_per_second_scepter,"[90, 120, 150]",AbilityValues,248,"{""value"": [90, 120, 150], ""RequiresScepter"": 1}"
abilities,keeper_of_the_grove_natures_curse,True,game/scripts/npc/abilities/npc_lia_hero_keeper_of_the_grove.txt,duration,10,AbilityValues,253,{}
abilities,keeper_of_the_grove_natures_curse,True,game/scripts/npc/abilities/npc_lia_hero_keeper_of_the_grove.txt,hero_duration,5,AbilityValues,254,{}
abilities,keeper_of_the_grove_natures_curse,True,game/scripts/npc/abilities/npc_lia_hero_keeper_of_the_grove.txt,radius,350,AbilityValues,255,{}
abilities,keeper_of_the_grove_natures_curse,True,game/scripts/npc/abilities/npc_lia_hero_keeper_of_the_grove.txt,cooldown_scepter,160,AbilityValues,256,"{""value"": 160, ""RequiresScepter"": 1}"
abilities,keeper_of_the_grove_treants_cyclone,True,game/scripts/npc/abilities/npc_lia_hero_keeper_of_the_grove.txt,duration,2.0,AbilityValues,336,{}
abilities,keeper_of_the_grove_treants_cyclone,True,game/scripts/npc/abilities/npc_lia_hero_keeper_of_the_grove.txt,damage,200,AbilityValues,337,{}
abilities,keeper_of_the_grove_treants_cyclone,True,game/scripts/npc/abilities/npc_lia_hero_keeper_of_the_grove.txt,cyclone_height,550,AbilityValues,338,{}
abilities,keeper_of_the_grove_treants_cyclone,True,game/scripts/npc/abilities/npc_lia_hero_keeper_of_the_grove.txt,cyclone_min_height,500,AbilityValues,339,{}
abilities,keeper_of_the_grove_treants_cyclone,True,game/scripts/npc/abilities/npc_lia_hero_keeper_of_the_grove.txt,cyclone_max_height,650,AbilityValues,340,{}
abilities,keeper_of_the_grove_guardian_spirit_narure_forces,True,game/scripts/npc/abilities/npc_lia_hero_keeper_of_the_grove.txt,bonus_armor,"[10, 20, 30]",AbilityValues,431,{}
abilities,keeper_of_the_grove_guardian_spirit_narure_forces,True,game/scripts/npc/abilities/npc_lia_hero_keeper_of_the_grove.txt,bonus_regen,"[75, 100, 125]",AbilityValues,432,{}
abilities,keeper_of_the_grove_guardian_spirit_narure_forces,True,game/scripts/npc/abilities/npc_lia_hero_keeper_of_the_grove.txt,radius,500,AbilityValues,433,{}
abilities,keeper_of_the_grove_guardian_spirit_narure_forces,True,game/scripts/npc/abilities/npc_lia_hero_keeper_of_the_grove.txt,duration,"[3, 4, 5]",AbilityValues,434,{}
abilities,knight_illusions,True,game/scripts/npc/abilities/npc_lia_hero_knight.txt,images_count,"[1, 2, 3]",AbilityValues,34,{}
abilities,knight_illusions,True,game/scripts/npc/abilities/npc_lia_hero_knight.txt,outgoing_damage,"[-85, -70, -55]",AbilityValues,35,{}
abilities,knight_illusions,True,game/scripts/npc/abilities/npc_lia_hero_knight.txt,outgoing_damage_tooltip,"[15, 30, 45]",AbilityValues,36,{}
abilities,knight_illusions,True,game/scripts/npc/abilities/npc_lia_hero_knight.txt,incoming_damage,"[145, 135, 125]",AbilityValues,37,{}
abilities,knight_illusions,True,game/scripts/npc/abilities/npc_lia_hero_knight.txt,radius_hide,128,AbilityValues,38,{}
abilities,knight_illusions,True,game/scripts/npc/abilities/npc_lia_hero_knight.txt,illusion_duration,"[60.0, 60.0, 60.0]",AbilityValues,39,{}
abilities,knight_illusions,True,game/scripts/npc/abilities/npc_lia_hero_knight.txt,invuln_duration,0.5,AbilityValues,40,{}
abilities,knight_illusions,True,game/scripts/npc/abilities/npc_lia_hero_knight.txt,radius_damage,350,AbilityValues,41,{}
abilities,knight_illusions,True,game/scripts/npc/abilities/npc_lia_hero_knight.txt,bonus_damage,"[60, 120, 180]",AbilityValues,42,{}
abilities,knight_dark_shield,True,game/scripts/npc/abilities/npc_lia_hero_knight.txt,damage_return,"[10, 20, 30]",AbilityValues,162,{}
abilities,knight_ancient_shield,True,game/scripts/npc/abilities/npc_lia_hero_knight.txt,ranged_damage_reduction,"[-30, -50, -70]",AbilityValues,180,{}
abilities,knight_ancient_shield,True,game/scripts/npc/abilities/npc_lia_hero_knight.txt,bonus_magic_resistance,"[20, 40, 60]",AbilityValues,181,{}
abilities,knight_ancient_shield,True,game/scripts/npc/abilities/npc_lia_hero_knight.txt,movement_speed_reduction,"[-30, -25, -20]",AbilityValues,182,{}
abilities,knight_ancient_shield,True,game/scripts/npc/abilities/npc_lia_hero_knight.txt,reflect_chance,30,AbilityValues,183,{}
abilities,knight_dark_gifts,True,game/scripts/npc/abilities/npc_lia_hero_knight.txt,bonus_movespeed_percentage,"[5, 10, 15]",AbilityValues,211,{}
abilities,knight_dark_gifts,True,game/scripts/npc/abilities/npc_lia_hero_knight.txt,bonus_attackspeed,"[30, 40, 50]",AbilityValues,212,{}
abilities,knight_dark_gifts,True,game/scripts/npc/abilities/npc_lia_hero_knight.txt,bonus_armor,"[40, 80, 120]",AbilityValues,213,{}
abilities,knight_dark_gifts,True,game/scripts/npc/abilities/npc_lia_hero_knight.txt,immun_magic,40,AbilityValues,214,{}
abilities,knight_dark_gifts,True,game/scripts/npc/abilities/npc_lia_hero_knight.txt,duration,"[15, 17.5, 20]",AbilityValues,215,{}
abilities,kret_acid,True,game/scripts/npc/abilities/npc_lia_hero_kret.txt,reduce_armor,"[-6, -8, -10]",AbilityValues,36,{}
abilities,kret_acid,True,game/scripts/npc/abilities/npc_lia_hero_kret.txt,main_damage,"[140, 280, 420]",AbilityValues,37,{}
abilities,kret_acid,True,game/scripts/npc/abilities/npc_lia_hero_kret.txt,other_damage,"[120, 240, 360]",AbilityValues,38,{}
abilities,kret_acid,True,game/scripts/npc/abilities/npc_lia_hero_kret.txt,reduce_ms,-25,AbilityValues,39,{}
abilities,kret_acid,True,game/scripts/npc/abilities/npc_lia_hero_kret.txt,duration,8.0,AbilityValues,40,{}
abilities,kret_acid,True,game/scripts/npc/abilities/npc_lia_hero_kret.txt,tick,0.5,AbilityValues,41,{}
abilities,kret_acid,True,game/scripts/npc/abilities/npc_lia_hero_kret.txt,acid_speed,1400.0,AbilityValues,42,{}
abilities,kret_acid,True,game/scripts/npc/abilities/npc_lia_hero_kret.txt,acid_vision,300.0,AbilityValues,43,{}
abilities,kret_acid,True,game/scripts/npc/abilities/npc_lia_hero_kret.txt,radius,250,AbilityValues,44,{}
abilities,kret_poisoning,True,game/scripts/npc/abilities/npc_lia_hero_kret.txt,chance,33,AbilityValues,169,{}
abilities,kret_poisoning,True,game/scripts/npc/abilities/npc_lia_hero_kret.txt,damage,"[50, 100, 150]",AbilityValues,170,{}
abilities,kret_poisoning,True,game/scripts/npc/abilities/npc_lia_hero_kret.txt,mana_burn,"[50, 100, 150]",AbilityValues,171,{}
abilities,kret_lust_for_life,True,game/scripts/npc/abilities/npc_lia_hero_kret.txt,bonus_health,"[100, 200, 300]",AbilityValues,189,{}
abilities,kret_lust_for_life,True,game/scripts/npc/abilities/npc_lia_hero_kret.txt,health_threshold,10,AbilityValues,190,{}
abilities,kret_lust_for_life,True,game/scripts/npc/abilities/npc_lia_hero_kret.txt,health_regen_percent,"[0.15, 0.25, 0.35]",AbilityValues,191,{}
abilities,kret_virus,True,game/scripts/npc/abilities/npc_lia_hero_kret.txt,main_damage,"[150, 300, 450]",AbilityValues,232,{}
abilities,kret_virus,True,game/scripts/npc/abilities/npc_lia_hero_kret.txt,other_damage,"[100, 200, 300]",AbilityValues,233,{}
abilities,kret_virus,True,game/scripts/npc/abilities/npc_lia_hero_kret.txt,reduce_ms,-50,AbilityValues,234,{}
abilities,kret_virus,True,game/scripts/npc/abilities/npc_lia_hero_kret.txt,duration,4.5,AbilityValues,235,{}
abilities,kret_virus,True,game/scripts/npc/abilities/npc_lia_hero_kret.txt,acid_speed,1300.0,AbilityValues,236,{}
abilities,kret_virus,True,game/scripts/npc/abilities/npc_lia_hero_kret.txt,acid_vision,500.0,AbilityValues,237,{}
abilities,kret_virus,True,game/scripts/npc/abilities/npc_lia_hero_kret.txt,radius,450,AbilityValues,238,{}
abilities,lord_of_lightning_chain_lightning,True,game/scripts/npc/abilities/npc_lia_hero_lord_of_lightning.txt,lightning_damage,"[85, 135, 200]",AbilityValues,34,{}
abilities,lord_of_lightning_chain_lightning,True,game/scripts/npc/abilities/npc_lia_hero_lord_of_lightning.txt,lightning_bounces,"[8, 9, 10]",AbilityValues,35,{}
abilities,lord_of_lightning_chain_lightning,True,game/scripts/npc/abilities/npc_lia_hero_lord_of_lightning.txt,lightning_bounces_scepter,"[12, 13, 14]",AbilityValues,36,"{""value"": [12, 13, 14], ""RequiresScepter"": 1}"
abilities,lord_of_lightning_chain_lightning,True,game/scripts/npc/abilities/npc_lia_hero_lord_of_lightning.txt,bounce_range,500,AbilityValues,41,{}
abilities,lord_of_lightning_chain_lightning,True,game/scripts/npc/abilities/npc_lia_hero_lord_of_lightning.txt,lightning_decay,"[-10, -10, -10]",AbilityValues,42,{}
abilities,lord_of_lightning_chain_lightning,True,game/scripts/npc/abilities/npc_lia_hero_lord_of_lightning.txt,lightning_decay_scepter,"[-15, -15, -15]",AbilityValues,43,"{""value"": [-15, -15, -15], ""RequiresScepter"": 1}"
abilities,lord_of_lightning_chain_lightning,True,game/scripts/npc/abilities/npc_lia_hero_lord_of_lightning.txt,time_between_bounces,0.2,AbilityValues,48,{}
abilities,lord_of_lightning_chain_lightning,True,game/scripts/npc/abilities/npc_lia_hero_lord_of_lightning.txt,lightning_damage_scepter,"[85, 135, 200]",AbilityValues,49,"{""value"": [85, 135, 200], ""RequiresScepter"": 1}"
abilities,lord_of_lightning_chain_lightning,True,game/scripts/npc/abilities/npc_lia_hero_lord_of_lightning.txt,cooldown_scepter,"[9, 8, 7]",AbilityValues,54,"{""value"": [9, 8, 7], ""RequiresScepter"": 1}"
abilities,lord_of_lightning_chain_lightning,True,game/scripts/npc/abilities/npc_lia_hero_lord_of_lightning.txt,manacost_scepter,"[150, 225, 300]",AbilityValues,59,"{""value"": [150, 225, 300], ""RequiresScepter"": 1}"
abilities,lord_of_lightning_lightning_shield,True,game/scripts/npc/abilities/npc_lia_hero_lord_of_lightning.txt,damage_per_second,"[20, 40, 80]",AbilityValues,103,{}
abilities,lord_of_lightning_lightning_shield,True,game/scripts/npc/abilities/npc_lia_hero_lord_of_lightning.txt,damage_per_second_scepter,"[40, 70, 100]",AbilityValues,104,"{""value"": [40, 70, 100], ""RequiresScepter"": 1}"
abilities,lord_of_lightning_lightning_shield,True,game/scripts/npc/abilities/npc_lia_hero_lord_of_lightning.txt,think_interval,0.33,AbilityValues,109,{}
abilities,lord_of_lightning_lightning_shield,True,game/scripts/npc/abilities/npc_lia_hero_lord_of_lightning.txt,radius,200,AbilityValues,110,{}
abilities,lord_of_lightning_lightning_shield,True,game/scripts/npc/abilities/npc_lia_hero_lord_of_lightning.txt,duration,8,AbilityValues,111,{}
abilities,lord_of_lightning_lightning_shield,True,game/scripts/npc/abilities/npc_lia_hero_lord_of_lightning.txt,manacost_scepter,"[200, 240, 280]",AbilityValues,112,"{""value"": [200, 240, 280], ""RequiresScepter"": 1}"
abilities,lord_of_lightning_holy_wrath,True,game/scripts/npc/abilities/npc_lia_hero_lord_of_lightning.txt,chance_dmg,"[11, 12, 13]",AbilityValues,145,{}
abilities,lord_of_lightning_holy_wrath,True,game/scripts/npc/abilities/npc_lia_hero_lord_of_lightning.txt,radius,800,AbilityValues,146,{}
abilities,lord_of_lightning_holy_wrath,True,game/scripts/npc/abilities/npc_lia_hero_lord_of_lightning.txt,damage_per_int,"[3, 4, 5]",AbilityValues,147,{}
abilities,lord_of_lightning_holy_wrath,True,game/scripts/npc/abilities/npc_lia_hero_lord_of_lightning.txt,radius_dop_dmg,200,AbilityValues,148,{}
abilities,lord_of_lightning_brain_storm,True,game/scripts/npc/abilities/npc_lia_hero_lord_of_lightning.txt,reduce_spell_damage_pct,-25,AbilityValues,243,{}
abilities,lord_of_lightning_brain_storm,True,game/scripts/npc/abilities/npc_lia_hero_lord_of_lightning.txt,phys_damage_resist,60,AbilityValues,244,{}
abilities,lord_of_lightning_brain_storm,True,game/scripts/npc/abilities/npc_lia_hero_lord_of_lightning.txt,magic_attacks_vulnerability,50,AbilityValues,245,{}
abilities,lord_of_lightning_brain_storm,True,game/scripts/npc/abilities/npc_lia_hero_lord_of_lightning.txt,movement_slow_percentage,-20,AbilityValues,246,{}
abilities,lord_of_lightning_brain_storm,True,game/scripts/npc/abilities/npc_lia_hero_lord_of_lightning.txt,attack_slow,-50,AbilityValues,247,{}
abilities,lord_of_lightning_brain_storm,True,game/scripts/npc/abilities/npc_lia_hero_lord_of_lightning.txt,duration,"[6, 8, 10]",AbilityValues,248,{}
abilities,lord_of_lightning_brain_storm,True,game/scripts/npc/abilities/npc_lia_hero_lord_of_lightning.txt,disarm_duration,"[2, 3, 4]",AbilityValues,249,{}
abilities,lord_of_lightning_brain_storm,True,game/scripts/npc/abilities/npc_lia_hero_lord_of_lightning.txt,radius,500,AbilityValues,250,{}
abilities,marksman_explosive_rounds,True,game/scripts/npc/abilities/npc_lia_hero_marksman.txt,dmg_per_shot,"[15, 30, 45]",AbilityValues,28,{}
abilities,marksman_explosive_rounds,True,game/scripts/npc/abilities/npc_lia_hero_marksman.txt,explosion_damage,"[40, 140, 240]",AbilityValues,29,{}
abilities,marksman_explosive_rounds,True,game/scripts/npc/abilities/npc_lia_hero_marksman.txt,duration,10,AbilityValues,30,{}
abilities,marksman_explosive_rounds,True,game/scripts/npc/abilities/npc_lia_hero_marksman.txt,shots_limit,4,AbilityValues,31,{}
abilities,marksman_explosive_rounds,True,game/scripts/npc/abilities/npc_lia_hero_marksman.txt,damage_radius,200,AbilityValues,32,{}
abilities,marksman_ricochet,True,game/scripts/npc/abilities/npc_lia_hero_marksman.txt,damage,"[50, 100, 150]",AbilityValues,68,{}
abilities,marksman_ricochet,True,game/scripts/npc/abilities/npc_lia_hero_marksman.txt,bounce_damage_pct,"[50, 60, 70]",AbilityValues,69,{}
abilities,marksman_ricochet,True,game/scripts/npc/abilities/npc_lia_hero_marksman.txt,attack_reduction,"[30, 50, 70]",AbilityValues,70,{}
abilities,marksman_ricochet,True,game/scripts/npc/abilities/npc_lia_hero_marksman.txt,attack_reduction_duration,5,AbilityValues,71,{}
abilities,marksman_ricochet,True,game/scripts/npc/abilities/npc_lia_hero_marksman.txt,bounce_count,"[6, 8, 10]",AbilityValues,72,{}
abilities,marksman_ricochet,True,game/scripts/npc/abilities/npc_lia_hero_marksman.txt,projectile_speed,700,AbilityValues,73,{}
abilities,marksman_ricochet,True,game/scripts/npc/abilities/npc_lia_hero_marksman.txt,bounce_range,500,AbilityValues,74,{}
abilities,marksman_marksmans_mastery,True,game/scripts/npc/abilities/npc_lia_hero_marksman.txt,bonus_damage_pct_creeps,"[4, 7, 10]",AbilityValues,92,{}
abilities,marksman_marksmans_mastery,True,game/scripts/npc/abilities/npc_lia_hero_marksman.txt,bonus_damage_pct_heroes,"[10, 15, 20]",AbilityValues,93,{}
abilities,marksman_marksmans_mastery,True,game/scripts/npc/abilities/npc_lia_hero_marksman.txt,bonus_range,"[75, 150, 225]",AbilityValues,94,{}
abilities,marksman_dragon_breath,True,game/scripts/npc/abilities/npc_lia_hero_marksman.txt,damage,"[200, 350, 500]",AbilityValues,132,{}
abilities,marksman_dragon_breath,True,game/scripts/npc/abilities/npc_lia_hero_marksman.txt,armor_reduction,"[10, 20, 30]",AbilityValues,133,{}
abilities,marksman_dragon_breath,True,game/scripts/npc/abilities/npc_lia_hero_marksman.txt,move_slow_pct,"[60, 70, 80]",AbilityValues,134,{}
abilities,marksman_dragon_breath,True,game/scripts/npc/abilities/npc_lia_hero_marksman.txt,slow_duration,5,AbilityValues,135,{}
abilities,marksman_dragon_breath,True,game/scripts/npc/abilities/npc_lia_hero_marksman.txt,aoe_radius,450,AbilityValues,136,{}
abilities,marksman_dragon_breath,True,game/scripts/npc/abilities/npc_lia_hero_marksman.txt,distance,450,AbilityValues,137,{}
abilities,marksman_dragon_breath,True,game/scripts/npc/abilities/npc_lia_hero_marksman.txt,speed,900,AbilityValues,138,{}
abilities,marksman_dragon_breath,True,game/scripts/npc/abilities/npc_lia_hero_marksman.txt,start_radius,150,AbilityValues,139,{}
abilities,marksman_dragon_breath,True,game/scripts/npc/abilities/npc_lia_hero_marksman.txt,end_radius,300,AbilityValues,140,{}
abilities,royal_naga_guard_sea_wave,True,game/scripts/npc/abilities/npc_lia_hero_naga_royal_guard.txt,start_radius,"[90, 90, 90]",AbilityValues,50,{}
abilities,royal_naga_guard_sea_wave,True,game/scripts/npc/abilities/npc_lia_hero_naga_royal_guard.txt,end_radius,"[100, 100, 100]",AbilityValues,51,{}
abilities,royal_naga_guard_sea_wave,True,game/scripts/npc/abilities/npc_lia_hero_naga_royal_guard.txt,range,"[700, 700, 700]",AbilityValues,52,{}
abilities,royal_naga_guard_sea_wave,True,game/scripts/npc/abilities/npc_lia_hero_naga_royal_guard.txt,speed,1050,AbilityValues,53,{}
abilities,naga_royal_guard_persistence,True,game/scripts/npc/abilities/npc_lia_hero_naga_royal_guard.txt,bonus_armor,"[3, 6, 9]",AbilityValues,105,{}
abilities,naga_royal_guard_persistence,True,game/scripts/npc/abilities/npc_lia_hero_naga_royal_guard.txt,bonus_strength,"[9, 18, 27]",AbilityValues,106,{}
abilities,naga_royal_guard_bash,True,game/scripts/npc/abilities/npc_lia_hero_naga_royal_guard.txt,bash_chance,25,AbilityValues,131,{}
abilities,naga_royal_guard_bash,True,game/scripts/npc/abilities/npc_lia_hero_naga_royal_guard.txt,bash_stun,"[1.0, 1.5, 2.0]",AbilityValues,132,{}
abilities,naga_royal_guard_crush,True,game/scripts/npc/abilities/npc_lia_hero_naga_royal_guard.txt,damage_per_second,"[100, 150, 200]",AbilityValues,188,{}
abilities,naga_royal_guard_crush,True,game/scripts/npc/abilities/npc_lia_hero_naga_royal_guard.txt,str_tooltip,100,AbilityValues,189,{}
abilities,naga_royal_guard_crush,True,game/scripts/npc/abilities/npc_lia_hero_naga_royal_guard.txt,bonus_move_speed_percentage,"[25, 50, 75]",AbilityValues,190,{}
abilities,naga_royal_guard_crush,True,game/scripts/npc/abilities/npc_lia_hero_naga_royal_guard.txt,duration,"[6.0, 9.0, 12.0]",AbilityValues,191,{}
abilities,naga_royal_guard_crush,True,game/scripts/npc/abilities/npc_lia_hero_naga_royal_guard.txt,radius,"[300, 300, 300]",AbilityValues,192,{}
abilities,naga_siren_fury,True,game/scripts/npc/abilities/npc_lia_hero_naga_siren.txt,stat_percentage,"[30, 50, 70]",AbilityValues,33,{}
abilities,naga_siren_fury,True,game/scripts/npc/abilities/npc_lia_hero_naga_siren.txt,constant_damage,"[10, 20, 30]",AbilityValues,34,{}
abilities,naga_siren_fury,True,game/scripts/npc/abilities/npc_lia_hero_naga_siren.txt,radius,250,AbilityValues,35,{}
abilities,naga_siren_fury,True,game/scripts/npc/abilities/npc_lia_hero_naga_siren.txt,duration,"[10.0, 12.5, 15.0]",AbilityValues,36,{}
abilities,naga_siren_eating,True,game/scripts/npc/abilities/npc_lia_hero_naga_siren.txt,heal_percentage,"[10, 15, 20]",AbilityValues,54,{}
abilities,naga_siren_art_of_battle,True,game/scripts/npc/abilities/npc_lia_hero_naga_siren.txt,evasion,"[5, 10, 15]",AbilityValues,89,{}
abilities,naga_siren_art_of_battle,True,game/scripts/npc/abilities/npc_lia_hero_naga_siren.txt,crit_chance,"[15, 30, 45]",AbilityValues,90,{}
abilities,naga_siren_art_of_battle,True,game/scripts/npc/abilities/npc_lia_hero_naga_siren.txt,crit_multiplier,150,AbilityValues,91,{}
abilities,naga_siren_song,True,game/scripts/npc/abilities/npc_lia_hero_naga_siren.txt,radius,650,AbilityValues,124,{}
abilities,naga_siren_song,True,game/scripts/npc/abilities/npc_lia_hero_naga_siren.txt,duration,"[4, 5, 6]",AbilityValues,125,{}
abilities,necromancer_stabbing_death,True,game/scripts/npc/abilities/npc_lia_hero_necromancer.txt,damage,"[100, 200, 300]",AbilityValues,33,{}
abilities,necromancer_stabbing_death,True,game/scripts/npc/abilities/npc_lia_hero_necromancer.txt,damage_scepter,"[300, 400, 500]",AbilityValues,34,"{""value"": [300, 400, 500], ""RequiresScepter"": 1}"
abilities,necromancer_stabbing_death,True,game/scripts/npc/abilities/npc_lia_hero_necromancer.txt,stun_duration,"[2, 3, 4]",AbilityValues,39,{}
abilities,necromancer_stabbing_death,True,game/scripts/npc/abilities/npc_lia_hero_necromancer.txt,width,125,AbilityValues,40,{}
abilities,necromancer_stabbing_death,True,game/scripts/npc/abilities/npc_lia_hero_necromancer.txt,length,550,AbilityValues,41,{}
abilities,necromancer_stabbing_death,True,game/scripts/npc/abilities/npc_lia_hero_necromancer.txt,speed,1833,AbilityValues,42,{}
abilities,necromancer_stabbing_death,True,game/scripts/npc/abilities/npc_lia_hero_necromancer.txt,flight_duration,0.5,AbilityValues,43,{}
abilities,necromancer_stabbing_death,True,game/scripts/npc/abilities/npc_lia_hero_necromancer.txt,manacost_scepter,"[200, 300, 400]",AbilityValues,44,"{""value"": [200, 300, 400], ""RequiresScepter"": 1}"
abilities,necromancer_walking_corpses,True,game/scripts/npc/abilities/npc_lia_hero_necromancer.txt,skeleton_health,"[275, 650, 1250]",AbilityValues,79,{}
abilities,necromancer_walking_corpses,True,game/scripts/npc/abilities/npc_lia_hero_necromancer.txt,skeleton_health_scepter,"[650, 1250, 1500]",AbilityValues,80,"{""value"": [650, 1250, 1500], ""RequiresScepter"": 1}"
abilities,necromancer_walking_corpses,True,game/scripts/npc/abilities/npc_lia_hero_necromancer.txt,skeleton_damage,"[15, 25, 50]",AbilityValues,85,{}
abilities,necromancer_walking_corpses,True,game/scripts/npc/abilities/npc_lia_hero_necromancer.txt,skeleton_damage_scepter,"[25, 50, 100]",AbilityValues,86,"{""value"": [25, 50, 100], ""RequiresScepter"": 1}"
abilities,necromancer_walking_corpses,True,game/scripts/npc/abilities/npc_lia_hero_necromancer.txt,skeleton_count,"[2, 3, 4]",AbilityValues,91,{}
abilities,necromancer_walking_corpses,True,game/scripts/npc/abilities/npc_lia_hero_necromancer.txt,duration,60,AbilityValues,92,{}
abilities,necromancer_walking_corpses,True,game/scripts/npc/abilities/npc_lia_hero_necromancer.txt,manacost_scepter,"[150, 300, 450]",AbilityValues,93,"{""value"": [150, 300, 450], ""RequiresScepter"": 1}"
abilities,necromancer_reincarnation,True,game/scripts/npc/abilities/npc_lia_hero_necromancer.txt,reincarnate_time,3,AbilityValues,125,{}
abilities,necromancer_skel_return,True,game/scripts/npc/abilities/npc_lia_hero_necromancer.txt,damage_return,50,AbilityValues,149,{}
abilities,necromancer_galvanization,True,game/scripts/npc/abilities/npc_lia_hero_necromancer.txt,duration,"[25, 30, 35]",AbilityValues,187,{}
abilities,necromancer_galvanization,True,game/scripts/npc/abilities/npc_lia_hero_necromancer.txt,radius,1000,AbilityValues,188,{}
abilities,necromancer_galvanization,True,game/scripts/npc/abilities/npc_lia_hero_necromancer.txt,max_units_resurrected,"[7, 10, 13]",AbilityValues,189,{}
abilities,paladin_blizzard,True,game/scripts/npc/abilities/npc_lia_hero_paladin.txt,wave_damage,"[30, 60, 120]",AbilityValues,32,{}
abilities,paladin_blizzard,True,game/scripts/npc/abilities/npc_lia_hero_paladin.txt,wave_damage_scepter,"[60, 120, 180]",AbilityValues,33,"{""value"": [60, 120, 180], ""RequiresScepter"": 1}"
abilities,paladin_blizzard,True,game/scripts/npc/abilities/npc_lia_hero_paladin.txt,wave_count_scepter,"[8, 10, 12]",AbilityValues,38,"{""value"": [8, 10, 12], ""RequiresScepter"": 1}"
abilities,paladin_blizzard,True,game/scripts/npc/abilities/npc_lia_hero_paladin.txt,stun,0.25,AbilityValues,43,{}
abilities,paladin_blizzard,True,game/scripts/npc/abilities/npc_lia_hero_paladin.txt,wave_interval,1.0,AbilityValues,44,{}
abilities,paladin_blizzard,True,game/scripts/npc/abilities/npc_lia_hero_paladin.txt,wave_count,"[6, 8, 10]",AbilityValues,45,{}
abilities,paladin_blizzard,True,game/scripts/npc/abilities/npc_lia_hero_paladin.txt,radius,"[175, 200, 225]",AbilityValues,46,{}
abilities,paladin_blizzard,True,game/scripts/npc/abilities/npc_lia_hero_paladin.txt,manacost_scepter,"[200, 275, 300]",AbilityValues,47,"{""value"": [200, 275, 300], ""RequiresScepter"": 1}"
abilities,paladin_grace,True,game/scripts/npc/abilities/npc_lia_hero_paladin.txt,primary_target_heal,"[200, 500, 800]",AbilityValues,95,{}
abilities,paladin_grace,True,game/scripts/npc/abilities/npc_lia_hero_paladin.txt,primary_target_heal_scepter,"[800, 1000, 1200]",AbilityValues,96,"{""value"": [800, 1000, 1200], ""RequiresScepter"": 1}"
abilities,paladin_grace,True,game/scripts/npc/abilities/npc_lia_hero_paladin.txt,nearby_allies_heal,"[150, 300, 450]",AbilityValues,101,{}
abilities,paladin_grace,True,game/scripts/npc/abilities/npc_lia_hero_paladin.txt,radius,400,AbilityValues,102,{}
abilities,paladin_grace,True,game/scripts/npc/abilities/npc_lia_hero_paladin.txt,manacost_scepter,"[160, 180, 200]",AbilityValues,103,"{""value"": [160, 180, 200], ""RequiresScepter"": 1}"
abilities,paladin_elect,True,game/scripts/npc/abilities/npc_lia_hero_paladin.txt,constant_regen,"[10, 0, 0]",AbilityValues,128,{}
abilities,paladin_elect,True,game/scripts/npc/abilities/npc_lia_hero_paladin.txt,regen_percentage,"[0, 1, 2]",AbilityValues,129,{}
abilities,paladin_elect,True,game/scripts/npc/abilities/npc_lia_hero_paladin.txt,aura_radius,800,AbilityValues,130,{}
abilities,paladin_impregnability,True,game/scripts/npc/abilities/npc_lia_hero_paladin.txt,radius,2400,AbilityValues,168,{}
abilities,paladin_impregnability,True,game/scripts/npc/abilities/npc_lia_hero_paladin.txt,damage_per_sec,"[40, 60, 80]",AbilityValues,169,{}
abilities,paladin_impregnability,True,game/scripts/npc/abilities/npc_lia_hero_paladin.txt,tick,0.5,AbilityValues,170,{}
abilities,paladin_impregnability,True,game/scripts/npc/abilities/npc_lia_hero_paladin.txt,duration,"[8, 14, 20]",AbilityValues,171,{}
abilities,pirate_magic_rum,True,game/scripts/npc/abilities/npc_lia_hero_pirate.txt,damage,"[20, 40, 60]",AbilityValues,43,{}
abilities,pirate_magic_rum,True,game/scripts/npc/abilities/npc_lia_hero_pirate.txt,miss_percentage,"[10, 20, 30]",AbilityValues,44,{}
abilities,pirate_magic_rum,True,game/scripts/npc/abilities/npc_lia_hero_pirate.txt,duration,6,AbilityValues,45,{}
abilities,pirate_magic_rum,True,game/scripts/npc/abilities/npc_lia_hero_pirate.txt,radius,250,AbilityValues,46,{}
abilities,pirate_poisoned_weapon,True,game/scripts/npc/abilities/npc_lia_hero_pirate.txt,damage_per_second,"[10, 25, 40]",AbilityValues,142,{}
abilities,pirate_poisoned_weapon,True,game/scripts/npc/abilities/npc_lia_hero_pirate.txt,movement_slow_percent,"[-10, -20, -30]",AbilityValues,143,{}
abilities,pirate_poisoned_weapon,True,game/scripts/npc/abilities/npc_lia_hero_pirate.txt,attack_slow,"[-10, -20, -30]",AbilityValues,144,{}
abilities,pirate_poisoned_weapon,True,game/scripts/npc/abilities/npc_lia_hero_pirate.txt,duration,4,AbilityValues,145,{}
abilities,pirate_poisoned_weapon,True,game/scripts/npc/abilities/npc_lia_hero_pirate.txt,radius,130,AbilityValues,146,{}
abilities,pirate_evasion,True,game/scripts/npc/abilities/npc_lia_hero_pirate.txt,evasion,"[15, 20, 25]",AbilityValues,164,{}
abilities,pirate_metamorphosis,True,game/scripts/npc/abilities/npc_lia_hero_pirate.txt,transformation_time,0.35,AbilityValues,197,{}
abilities,pirate_metamorphosis,True,game/scripts/npc/abilities/npc_lia_hero_pirate.txt,base_attack_time,1.67,AbilityValues,198,{}
abilities,pirate_metamorphosis,True,game/scripts/npc/abilities/npc_lia_hero_pirate.txt,bonus_range,450,AbilityValues,199,{}
abilities,pirate_metamorphosis,True,game/scripts/npc/abilities/npc_lia_hero_pirate.txt,tooltip_attack_range,550,AbilityValues,200,{}
abilities,pirate_metamorphosis,True,game/scripts/npc/abilities/npc_lia_hero_pirate.txt,bonus_health,"[100, 200, 300]",AbilityValues,201,{}
abilities,pirate_metamorphosis,True,game/scripts/npc/abilities/npc_lia_hero_pirate.txt,duration,"[15, 17, 20]",AbilityValues,202,{}
abilities,ranger_steel_hail,True,game/scripts/npc/abilities/npc_lia_hero_ranger.txt,arrow_count,6,AbilityValues,28,{}
abilities,ranger_steel_hail,True,game/scripts/npc/abilities/npc_lia_hero_ranger.txt,interval,0.33,AbilityValues,29,{}
abilities,ranger_steel_hail,True,game/scripts/npc/abilities/npc_lia_hero_ranger.txt,damage_base,"[15, 25, 35]",AbilityValues,30,{}
abilities,ranger_steel_hail,True,game/scripts/npc/abilities/npc_lia_hero_ranger.txt,attack_ratio,"[20, 30, 40]",AbilityValues,31,{}
abilities,ranger_steel_hail,True,game/scripts/npc/abilities/npc_lia_hero_ranger.txt,arrow_speed,1200,AbilityValues,32,{}
abilities,ranger_steel_hail,True,game/scripts/npc/abilities/npc_lia_hero_ranger.txt,arrow_width,125,AbilityValues,33,{}
abilities,ranger_steel_hail,True,game/scripts/npc/abilities/npc_lia_hero_ranger.txt,arrow_range,700,AbilityValues,34,{}
abilities,ranger_steel_hail,True,game/scripts/npc/abilities/npc_lia_hero_ranger.txt,extra_trap_dmg_pct,25,AbilityValues,35,{}
abilities,ranger_trap,True,game/scripts/npc/abilities/npc_lia_hero_ranger.txt,damage,"[50, 100, 150]",AbilityValues,72,{}
abilities,ranger_trap,True,game/scripts/npc/abilities/npc_lia_hero_ranger.txt,duration,"[6, 8, 10]",AbilityValues,73,{}
abilities,ranger_trap,True,game/scripts/npc/abilities/npc_lia_hero_ranger.txt,projectile_speed,900,AbilityValues,74,{}
abilities,ranger_trap,True,game/scripts/npc/abilities/npc_lia_hero_ranger.txt,damage_to_release,"[150, 300, 450]",AbilityValues,75,{}
abilities,ranger_trap,True,game/scripts/npc/abilities/npc_lia_hero_ranger.txt,radius,150,AbilityValues,76,{}
abilities,ranger_trap,True,game/scripts/npc/abilities/npc_lia_hero_ranger.txt,extra_sh_dmg_pct,25,AbilityValues,77,{}
abilities,ranger_aimed_shot,True,game/scripts/npc/abilities/npc_lia_hero_ranger.txt,bonus_damage_pct,"[25, 35, 45]",AbilityValues,97,{}
abilities,ranger_aimed_shot,True,game/scripts/npc/abilities/npc_lia_hero_ranger.txt,aura_radius,700,AbilityValues,98,{}
abilities,ranger_volley_of_arrows,True,game/scripts/npc/abilities/npc_lia_hero_ranger.txt,arrow_count,5,AbilityValues,133,{}
abilities,ranger_volley_of_arrows,True,game/scripts/npc/abilities/npc_lia_hero_ranger.txt,cone_angle,64,AbilityValues,134,{}
abilities,ranger_volley_of_arrows,True,game/scripts/npc/abilities/npc_lia_hero_ranger.txt,damage,"[150, 250, 350]",AbilityValues,135,{}
abilities,ranger_volley_of_arrows,True,game/scripts/npc/abilities/npc_lia_hero_ranger.txt,arrow_speed,1200,AbilityValues,136,{}
abilities,ranger_volley_of_arrows,True,game/scripts/npc/abilities/npc_lia_hero_ranger.txt,arrow_width,120,AbilityValues,137,{}
abilities,ranger_volley_of_arrows,True,game/scripts/npc/abilities/npc_lia_hero_ranger.txt,arrow_range,700,AbilityValues,138,{}
abilities,serpent_queen_ball_lightning,True,game/scripts/npc/abilities/npc_lia_hero_serpent_queen.txt,radius,800,AbilityValues,35,{}
abilities,serpent_queen_ball_lightning,True,game/scripts/npc/abilities/npc_lia_hero_serpent_queen.txt,locusts,"[9, 12, 15]",AbilityValues,36,{}
abilities,serpent_queen_ball_lightning,True,game/scripts/npc/abilities/npc_lia_hero_serpent_queen.txt,duration,20,AbilityValues,37,{}
abilities,serpent_queen_ball_lightning,True,game/scripts/npc/abilities/npc_lia_hero_serpent_queen.txt,locusts_speed,400,AbilityValues,38,{}
abilities,serpent_queen_ball_lightning,True,game/scripts/npc/abilities/npc_lia_hero_serpent_queen.txt,max_distance,2000,AbilityValues,39,{}
abilities,serpent_queen_ball_lightning,True,game/scripts/npc/abilities/npc_lia_hero_serpent_queen.txt,give_up_distance,900,AbilityValues,40,{}
abilities,serpent_queen_ball_lightning,True,game/scripts/npc/abilities/npc_lia_hero_serpent_queen.txt,delay_between_locusts,0.2,AbilityValues,41,{}
abilities,serpent_queen_ball_lightning,True,game/scripts/npc/abilities/npc_lia_hero_serpent_queen.txt,locust_damage,"[20, 40, 60]",AbilityValues,42,{}
abilities,serpent_queen_ball_lightning,True,game/scripts/npc/abilities/npc_lia_hero_serpent_queen.txt,locust_heal_threshold,"[1, 1, 1]",AbilityValues,43,{}
abilities,serpent_queen_ball_lightning,True,game/scripts/npc/abilities/npc_lia_hero_serpent_queen.txt,max_locusts_on_target,7,AbilityValues,44,{}
abilities,serpent_queen_heavenly_power,True,game/scripts/npc/abilities/npc_lia_hero_serpent_queen.txt,bonus_agility,"[25, 50, 75]",AbilityValues,176,{}
abilities,serpent_queen_heavenly_power,True,game/scripts/npc/abilities/npc_lia_hero_serpent_queen.txt,duration,"[4, 5, 6]",AbilityValues,177,{}
abilities,serpent_queen_accuracy,True,game/scripts/npc/abilities/npc_lia_hero_serpent_queen.txt,minibash_chance,"[50, 65, 80]",AbilityValues,229,{}
abilities,serpent_queen_accuracy,True,game/scripts/npc/abilities/npc_lia_hero_serpent_queen.txt,bash_stun,"[0.15, 0.2, 0.25]",AbilityValues,230,{}
abilities,serpent_queen_accuracy,True,game/scripts/npc/abilities/npc_lia_hero_serpent_queen.txt,bash_damage,"[30, 45, 60]",AbilityValues,231,{}
abilities,serpent_queen_anger,True,game/scripts/npc/abilities/npc_lia_hero_serpent_queen.txt,bonus_damage,"[75, 150, 225]",AbilityValues,285,{}
abilities,serpent_queen_anger,True,game/scripts/npc/abilities/npc_lia_hero_serpent_queen.txt,radius,1000,AbilityValues,286,{}
abilities,serpent_queen_anger,True,game/scripts/npc/abilities/npc_lia_hero_serpent_queen.txt,duration,"[20, 25, 30]",AbilityValues,287,{}
abilities,shadow_master_shadow,True,game/scripts/npc/abilities/npc_lia_hero_shadow_master.txt,shadow_lifetime,120,AbilityValues,27,{}
abilities,shadow_master_shadow,True,game/scripts/npc/abilities/npc_lia_hero_shadow_master.txt,shadow_attributes_perc,"[75, 125, 175]",AbilityValues,28,{}
abilities,shadow_master_steal_shadow,True,game/scripts/npc/abilities/npc_lia_hero_shadow_master.txt,damage_per_sec,"[12, 24, 36]",AbilityValues,86,{}
abilities,shadow_master_steal_shadow,True,game/scripts/npc/abilities/npc_lia_hero_shadow_master.txt,damage_shadow,"[30, 60, 90]",AbilityValues,87,{}
abilities,shadow_master_steal_shadow,True,game/scripts/npc/abilities/npc_lia_hero_shadow_master.txt,duration,10,AbilityValues,88,{}
abilities,shadow_master_steal_shadow,True,game/scripts/npc/abilities/npc_lia_hero_shadow_master.txt,radius,250,AbilityValues,89,{}
abilities,shadow_master_art_of_shadows,True,game/scripts/npc/abilities/npc_lia_hero_shadow_master.txt,max_shadows,"[4, 5, 6]",AbilityValues,151,{}
abilities,shadow_master_art_of_shadows,True,game/scripts/npc/abilities/npc_lia_hero_shadow_master.txt,shadow_lifetime,"[8, 10, 12]",AbilityValues,152,{}
abilities,shadow_master_art_of_shadows,True,game/scripts/npc/abilities/npc_lia_hero_shadow_master.txt,shadow_attributes_perc,"[75, 100, 125]",AbilityValues,153,{}
abilities,shadow_master_art_of_shadows,True,game/scripts/npc/abilities/npc_lia_hero_shadow_master.txt,spawn_chance,17,AbilityValues,154,{}
abilities,shadow_master_agility_of_shadows,True,game/scripts/npc/abilities/npc_lia_hero_shadow_master.txt,duration,"[5, 7, 9]",AbilityValues,176,{}
abilities,shadow_master_agility_of_shadows,True,game/scripts/npc/abilities/npc_lia_hero_shadow_master.txt,bonus_attack_speed,"[60, 120, 180]",AbilityValues,177,{}
abilities,shadow_master_agility_of_shadows,True,game/scripts/npc/abilities/npc_lia_hero_shadow_master.txt,chance,20,AbilityValues,178,{}
abilities,shaman_starfall_datadriven,True,game/scripts/npc/abilities/npc_lia_hero_shaman.txt,starfall_radius,"[350, 375, 400]",AbilityValues,56,{}
abilities,shaman_starfall_datadriven,True,game/scripts/npc/abilities/npc_lia_hero_shaman.txt,starfall_delay,0.6,AbilityValues,57,{}
abilities,shaman_starfall_datadriven,True,game/scripts/npc/abilities/npc_lia_hero_shaman.txt,regen_percentage,"[8, 10, 12]",AbilityValues,58,{}
abilities,shaman_starfall_datadriven,True,game/scripts/npc/abilities/npc_lia_hero_shaman.txt,tick,0.1,AbilityValues,59,{}
abilities,shaman_starfall_datadriven,True,game/scripts/npc/abilities/npc_lia_hero_shaman.txt,duration,3,AbilityValues,60,{}
abilities,shaman_madness_datadriven,True,game/scripts/npc/abilities/npc_lia_hero_shaman.txt,bonus_movespeed_percentage,"[20, 40, 60]",AbilityValues,215,{}
abilities,shaman_madness_datadriven,True,game/scripts/npc/abilities/npc_lia_hero_shaman.txt,bonus_attackspeed,"[50, 100, 150]",AbilityValues,216,{}
abilities,shaman_madness_datadriven,True,game/scripts/npc/abilities/npc_lia_hero_shaman.txt,duration,10,AbilityValues,217,{}
abilities,shaman_resourcefulness,True,game/scripts/npc/abilities/npc_lia_hero_shaman.txt,ms_percentage,"[5, 10, 15]",AbilityValues,269,{}
abilities,shaman_resourcefulness,True,game/scripts/npc/abilities/npc_lia_hero_shaman.txt,kills_for_bonus_agility,"[6, 5, 4]",AbilityValues,270,{}
abilities,shaman_ancient_forces,True,game/scripts/npc/abilities/npc_lia_hero_shaman.txt,bonus_damage_percentage,"[50, 75, 100]",AbilityValues,290,{}
abilities,skeleton_mage_aqua_vitae,True,game/scripts/npc/abilities/npc_lia_hero_skeleton_mage.txt,damage,"[20, 40, 60]",AbilityValues,45,{}
abilities,skeleton_mage_aqua_vitae,True,game/scripts/npc/abilities/npc_lia_hero_skeleton_mage.txt,heal,"[40, 55, 70]",AbilityValues,46,{}
abilities,skeleton_mage_aqua_vitae,True,game/scripts/npc/abilities/npc_lia_hero_skeleton_mage.txt,duration,8,AbilityValues,47,{}
abilities,skeleton_mage_aqua_vitae,True,game/scripts/npc/abilities/npc_lia_hero_skeleton_mage.txt,radius,250,AbilityValues,48,{}
abilities,skeleton_mage_light_magic,True,game/scripts/npc/abilities/npc_lia_hero_skeleton_mage.txt,damage_constant,"[60, 150, 0]",AbilityValues,138,{}
abilities,skeleton_mage_light_magic,True,game/scripts/npc/abilities/npc_lia_hero_skeleton_mage.txt,damage_constant_scepter,"[150, 300, 0]",AbilityValues,139,"{""value"": [150, 300, 0], ""RequiresScepter"": 1}"
abilities,skeleton_mage_light_magic,True,game/scripts/npc/abilities/npc_lia_hero_skeleton_mage.txt,damage_percentage,"[0, 0, 20]",AbilityValues,144,{}
abilities,skeleton_mage_light_magic,True,game/scripts/npc/abilities/npc_lia_hero_skeleton_mage.txt,damage_percentage_scepter,"[0, 0, 25]",AbilityValues,145,"{""value"": [0, 0, 25], ""RequiresScepter"": 1}"
abilities,skeleton_mage_light_magic,True,game/scripts/npc/abilities/npc_lia_hero_skeleton_mage.txt,heal_constant,"[100, 300, 0]",AbilityValues,150,{}
abilities,skeleton_mage_light_magic,True,game/scripts/npc/abilities/npc_lia_hero_skeleton_mage.txt,heal_constant_scepter,"[300, 500, 0]",AbilityValues,151,"{""value"": [300, 500, 0], ""RequiresScepter"": 1}"
abilities,skeleton_mage_light_magic,True,game/scripts/npc/abilities/npc_lia_hero_skeleton_mage.txt,heal_percentage,"[0, 0, 25]",AbilityValues,156,{}
abilities,skeleton_mage_light_magic,True,game/scripts/npc/abilities/npc_lia_hero_skeleton_mage.txt,heal_percentage_scepter,"[0, 0, 35]",AbilityValues,157,"{""value"": [0, 0, 35], ""RequiresScepter"": 1}"
abilities,skeleton_mage_light_magic,True,game/scripts/npc/abilities/npc_lia_hero_skeleton_mage.txt,radius,500,AbilityValues,162,{}
abilities,skeleton_mage_light_magic,True,game/scripts/npc/abilities/npc_lia_hero_skeleton_mage.txt,manacost_scepter,"[80, 160, 240]",AbilityValues,163,"{""value"": [80, 160, 240], ""RequiresScepter"": 1}"
abilities,skeleton_mage_dark_magic,True,game/scripts/npc/abilities/npc_lia_hero_skeleton_mage.txt,damage_return,"[30, 40, 50]",AbilityValues,189,{}
abilities,skeleton_mage_dark_magic,True,game/scripts/npc/abilities/npc_lia_hero_skeleton_mage.txt,damage_return_scepter,"[50, 60, 70]",AbilityValues,190,{}
abilities,skeleton_mage_dark_magic,True,game/scripts/npc/abilities/npc_lia_hero_skeleton_mage.txt,cooldown,1.5,AbilityValues,191,{}
abilities,skeleton_mage_death_energy,True,game/scripts/npc/abilities/npc_lia_hero_skeleton_mage.txt,damage_initial,"[150, 300, 450]",AbilityValues,304,{}
abilities,skeleton_mage_death_energy,True,game/scripts/npc/abilities/npc_lia_hero_skeleton_mage.txt,damage_percentage,"[3, 4, 5]",AbilityValues,305,{}
abilities,skeleton_mage_death_energy,True,game/scripts/npc/abilities/npc_lia_hero_skeleton_mage.txt,movement_speed_slow_percentage,-50,AbilityValues,306,{}
abilities,skeleton_mage_death_energy,True,game/scripts/npc/abilities/npc_lia_hero_skeleton_mage.txt,duration,7,AbilityValues,307,{}
abilities,skeleton_mage_death_energy,True,game/scripts/npc/abilities/npc_lia_hero_skeleton_mage.txt,radius,450,AbilityValues,308,{}
abilities,skeleton_thief_wind_walk,True,game/scripts/npc/abilities/npc_lia_hero_skeleton_thief.txt,bonus_movespeed,"[10, 20, 30]",AbilityValues,22,{}
abilities,skeleton_thief_wind_walk,True,game/scripts/npc/abilities/npc_lia_hero_skeleton_thief.txt,bonus_damage,"[80, 160, 240]",AbilityValues,23,{}
abilities,skeleton_thief_wind_walk,True,game/scripts/npc/abilities/npc_lia_hero_skeleton_thief.txt,duration,8,AbilityValues,24,{}
abilities,skeleton_thief_fury,True,game/scripts/npc/abilities/npc_lia_hero_skeleton_thief.txt,bonus_attackspeed,"[150, 250, 350]",AbilityValues,201,{}
abilities,skeleton_thief_fury,True,game/scripts/npc/abilities/npc_lia_hero_skeleton_thief.txt,duration,"[2.0, 3.0, 4.0]",AbilityValues,202,{}
abilities,skeleton_thief_shield_of_death,True,game/scripts/npc/abilities/npc_lia_hero_skeleton_thief.txt,damage_return,"[10, 50, 100]",AbilityValues,274,{}
abilities,skeleton_thief_shield_of_death,True,game/scripts/npc/abilities/npc_lia_hero_skeleton_thief.txt,chance_additional_damage,20,AbilityValues,275,{}
abilities,skeleton_thief_shield_of_death,True,game/scripts/npc/abilities/npc_lia_hero_skeleton_thief.txt,additional_damage,"[100, 150, 200]",AbilityValues,276,{}
abilities,skeleton_thief_concentration,True,game/scripts/npc/abilities/npc_lia_hero_skeleton_thief.txt,crit_mult,"[150, 175, 200]",AbilityValues,295,{}
abilities,skeleton_thief_concentration,True,game/scripts/npc/abilities/npc_lia_hero_skeleton_thief.txt,crit_chance,"[7, 10, 13]",AbilityValues,296,{}
abilities,skeleton_thief_concentration,True,game/scripts/npc/abilities/npc_lia_hero_skeleton_thief.txt,crit_chance_cap,50,AbilityValues,297,{}
abilities,skeleton_thief_obsession,True,game/scripts/npc/abilities/npc_lia_hero_skeleton_thief.txt,bonus_damage,"[150, 275, 400]",AbilityValues,393,{}
abilities,skeleton_thief_obsession,True,game/scripts/npc/abilities/npc_lia_hero_skeleton_thief.txt,attacks_required,4,AbilityValues,394,{}
abilities,speedwarden_speed_burst,True,game/scripts/npc/abilities/npc_lia_hero_speedwarden.txt,radius,250,AbilityValues,31,{}
abilities,speedwarden_speed_burst,True,game/scripts/npc/abilities/npc_lia_hero_speedwarden.txt,base_damage,"[50, 150, 250]",AbilityValues,32,{}
abilities,speedwarden_speed_burst,True,game/scripts/npc/abilities/npc_lia_hero_speedwarden.txt,damage_pct,"[30, 45, 60]",AbilityValues,33,{}
abilities,speedwarden_mad_charge,True,game/scripts/npc/abilities/npc_lia_hero_speedwarden.txt,distance_per_charge,1000,AbilityValues,50,{}
abilities,speedwarden_mad_charge,True,game/scripts/npc/abilities/npc_lia_hero_speedwarden.txt,distance_per_charge_swiftness,500,AbilityValues,51,{}
abilities,speedwarden_mad_charge,True,game/scripts/npc/abilities/npc_lia_hero_speedwarden.txt,speed_pct,"[10, 20, 30]",AbilityValues,52,{}
abilities,speedwarden_mad_charge,True,game/scripts/npc/abilities/npc_lia_hero_speedwarden.txt,max_charges,5,AbilityValues,53,{}
abilities,speedwarden_mad_charge,True,game/scripts/npc/abilities/npc_lia_hero_speedwarden.txt,charge_duration,20,AbilityValues,54,{}
abilities,speedwarden_time_strike,True,game/scripts/npc/abilities/npc_lia_hero_speedwarden.txt,radius,325,AbilityValues,79,{}
abilities,speedwarden_time_strike,True,game/scripts/npc/abilities/npc_lia_hero_speedwarden.txt,slow_pct,"[15, 20, 25]",AbilityValues,80,{}
abilities,speedwarden_time_strike,True,game/scripts/npc/abilities/npc_lia_hero_speedwarden.txt,damage_pct,"[15, 20, 25]",AbilityValues,81,{}
abilities,speedwarden_time_strike,True,game/scripts/npc/abilities/npc_lia_hero_speedwarden.txt,base_chance,"[30, 40, 50]",AbilityValues,82,{}
abilities,speedwarden_time_strike,True,game/scripts/npc/abilities/npc_lia_hero_speedwarden.txt,chance_per_charge,10,AbilityValues,83,{}
abilities,speedwarden_time_strike,True,game/scripts/npc/abilities/npc_lia_hero_speedwarden.txt,strike_delay,0.3,AbilityValues,84,{}
abilities,speedwarden_wardens_swiftness,True,game/scripts/npc/abilities/npc_lia_hero_speedwarden.txt,duration,"[6, 8, 10]",AbilityValues,111,{}
abilities,speedwarden_wardens_swiftness,True,game/scripts/npc/abilities/npc_lia_hero_speedwarden.txt,distance_per_charge_red,500,AbilityValues,112,{}
abilities,speedwarden_wardens_swiftness,True,game/scripts/npc/abilities/npc_lia_hero_speedwarden.txt,burst_cd_red_pct,50,AbilityValues,113,{}
abilities,spider_queen_killer_instinct,True,game/scripts/npc/abilities/npc_lia_hero_spider_queen.txt,damage,"[100, 175, 250]",AbilityValues,24,{}
abilities,spider_queen_killer_instinct,True,game/scripts/npc/abilities/npc_lia_hero_spider_queen.txt,attacks_count,"[2, 3, 4]",AbilityValues,25,{}
abilities,spider_queen_killer_instinct,True,game/scripts/npc/abilities/npc_lia_hero_spider_queen.txt,duration,6,AbilityValues,26,{}
abilities,spider_queen_killer_instinct,True,game/scripts/npc/abilities/npc_lia_hero_spider_queen.txt,full_radius,180,AbilityValues,27,{}
abilities,spider_queen_killer_instinct,True,game/scripts/npc/abilities/npc_lia_hero_spider_queen.txt,half_radius,240,AbilityValues,28,{}
abilities,spider_queen_spider_yarn,True,game/scripts/npc/abilities/npc_lia_hero_spider_queen.txt,damage_per_second,"[15, 30, 45]",AbilityValues,56,{}
abilities,spider_queen_spider_yarn,True,game/scripts/npc/abilities/npc_lia_hero_spider_queen.txt,miss_chance,"[10, 20, 30]",AbilityValues,57,{}
abilities,spider_queen_spider_yarn,True,game/scripts/npc/abilities/npc_lia_hero_spider_queen.txt,movement_slow_percentage,"[-10, -20, -30]",AbilityValues,58,{}
abilities,spider_queen_spider_yarn,True,game/scripts/npc/abilities/npc_lia_hero_spider_queen.txt,base_duration,8,AbilityValues,59,{}
abilities,spider_queen_spider_yarn,True,game/scripts/npc/abilities/npc_lia_hero_spider_queen.txt,bonus_duration_per_spider,2,AbilityValues,60,{}
abilities,spider_queen_spider_yarn,True,game/scripts/npc/abilities/npc_lia_hero_spider_queen.txt,radius,300,AbilityValues,61,{}
abilities,spider_queen_infection,True,game/scripts/npc/abilities/npc_lia_hero_spider_queen.txt,infection_chance,40,AbilityValues,87,{}
abilities,spider_queen_infection,True,game/scripts/npc/abilities/npc_lia_hero_spider_queen.txt,spider_hp_tooltip,"[150, 350, 550]",AbilityValues,88,{}
abilities,spider_queen_infection,True,game/scripts/npc/abilities/npc_lia_hero_spider_queen.txt,spider_dmg_tooltip,"[11, 24, 51]",AbilityValues,89,{}
abilities,spider_queen_infection,True,game/scripts/npc/abilities/npc_lia_hero_spider_queen.txt,spider_duration,30,AbilityValues,90,{}
abilities,spider_queen_infection,True,game/scripts/npc/abilities/npc_lia_hero_spider_queen.txt,spider_max_count,"[2, 4, 6]",AbilityValues,91,{}
abilities,spider_queen_thick_cover,True,game/scripts/npc/abilities/npc_lia_hero_spider_queen.txt,bonus_health_regen,"[25, 50, 75]",AbilityValues,110,{}
abilities,spider_queen_thick_cover,True,game/scripts/npc/abilities/npc_lia_hero_spider_queen.txt,bonus_base_agility,"[10, 20, 30]",AbilityValues,111,{}
abilities,minotaur_thunder_strike,True,game/scripts/npc/abilities/npc_lia_hero_taur.txt,damage,"[50, 100, 150]",AbilityValues,32,{}
abilities,minotaur_thunder_strike,True,game/scripts/npc/abilities/npc_lia_hero_taur.txt,movespeed_slow_percentage,"[-30, -45, -60]",AbilityValues,33,{}
abilities,minotaur_thunder_strike,True,game/scripts/npc/abilities/npc_lia_hero_taur.txt,attack_speed_slow,"[-30, -45, -60]",AbilityValues,34,{}
abilities,minotaur_thunder_strike,True,game/scripts/npc/abilities/npc_lia_hero_taur.txt,slow_duration,3,AbilityValues,35,{}
abilities,minotaur_thunder_strike,True,game/scripts/npc/abilities/npc_lia_hero_taur.txt,radius,300,AbilityValues,36,{}
abilities,minotaur_fear,True,game/scripts/npc/abilities/npc_lia_hero_taur.txt,base_armor_reduction,"[-3, -6, -9]",AbilityValues,57,{}
abilities,minotaur_fear,True,game/scripts/npc/abilities/npc_lia_hero_taur.txt,armor_reduction_per_spirit,-3,AbilityValues,58,{}
abilities,minotaur_fear,True,game/scripts/npc/abilities/npc_lia_hero_taur.txt,aura_radius,700,AbilityValues,59,{}
abilities,minotaur_demonic_power,True,game/scripts/npc/abilities/npc_lia_hero_taur.txt,cleave_percent,"[20, 30, 40]",AbilityValues,83,{}
abilities,minotaur_demonic_power,True,game/scripts/npc/abilities/npc_lia_hero_taur.txt,cleave_start_width,"[150, 175, 200]",AbilityValues,84,{}
abilities,minotaur_demonic_power,True,game/scripts/npc/abilities/npc_lia_hero_taur.txt,cleave_end_width,"[225, 250, 275]",AbilityValues,85,{}
abilities,minotaur_demonic_power,True,game/scripts/npc/abilities/npc_lia_hero_taur.txt,cleave_length,"[225, 250, 275]",AbilityValues,86,{}
abilities,minotaur_guardian_spirits,True,game/scripts/npc/abilities/npc_lia_hero_taur.txt,illusion_duration,45.0,AbilityValues,116,{}
abilities,minotaur_guardian_spirits,True,game/scripts/npc/abilities/npc_lia_hero_taur.txt,outgoing_damage_percentage,"[60, 80, 100]",AbilityValues,117,{}
abilities,minotaur_guardian_spirits,True,game/scripts/npc/abilities/npc_lia_hero_taur.txt,incoming_damage_percentage,"[175, 150, 125]",AbilityValues,118,{}
abilities,minotaur_guardian_spirits,True,game/scripts/npc/abilities/npc_lia_hero_taur.txt,images_count,"[2, 3, 4]",AbilityValues,119,{}
abilities,minotaur_guardian_spirits,True,game/scripts/npc/abilities/npc_lia_hero_taur.txt,invulnerability_duration,0.3,AbilityValues,120,{}
abilities,minotaur_guardian_spirits1,True,game/scripts/npc/abilities/npc_lia_hero_taur.txt,illusion_duration,"[45.0, 45.0, 45.0]",AbilityValues,153,{}
abilities,minotaur_guardian_spirits1,True,game/scripts/npc/abilities/npc_lia_hero_taur.txt,outgoing_damage,"[-40, -20, 0]",AbilityValues,154,{}
abilities,minotaur_guardian_spirits1,True,game/scripts/npc/abilities/npc_lia_hero_taur.txt,outgoing_damage_tooltip,"[60, 80, 100]",AbilityValues,155,{}
abilities,minotaur_guardian_spirits1,True,game/scripts/npc/abilities/npc_lia_hero_taur.txt,incoming_damage,"[175, 150, 125]",AbilityValues,156,{}
abilities,minotaur_guardian_spirits1,True,game/scripts/npc/abilities/npc_lia_hero_taur.txt,tooltip_incoming_damage_total_pct,"[75, 50, 25]",AbilityValues,157,{}
abilities,minotaur_guardian_spirits1,True,game/scripts/npc/abilities/npc_lia_hero_taur.txt,images_count,"[2, 3, 4]",AbilityValues,158,{}
abilities,minotaur_guardian_spirits1,True,game/scripts/npc/abilities/npc_lia_hero_taur.txt,invuln_duration,0.3,AbilityValues,159,{}
abilities,tauren_champion_crushing_totem,True,game/scripts/npc/abilities/npc_lia_hero_tauren_champion.txt,bonus_attack_speed,"[30, 50, 70]",AbilityValues,33,{}
abilities,tauren_champion_crushing_totem,True,game/scripts/npc/abilities/npc_lia_hero_tauren_champion.txt,attacks_count,"[2, 3, 4]",AbilityValues,34,{}
abilities,tauren_champion_crushing_totem,True,game/scripts/npc/abilities/npc_lia_hero_tauren_champion.txt,cleave_percent,"[60, 70, 80]",AbilityValues,35,{}
abilities,tauren_champion_crushing_totem,True,game/scripts/npc/abilities/npc_lia_hero_tauren_champion.txt,cleave_start_width,200,AbilityValues,36,{}
abilities,tauren_champion_crushing_totem,True,game/scripts/npc/abilities/npc_lia_hero_tauren_champion.txt,cleave_end_width,250,AbilityValues,37,{}
abilities,tauren_champion_crushing_totem,True,game/scripts/npc/abilities/npc_lia_hero_tauren_champion.txt,cleave_length,300,AbilityValues,38,{}
abilities,tauren_champion_crushing_totem,True,game/scripts/npc/abilities/npc_lia_hero_tauren_champion.txt,duration,10,AbilityValues,39,{}
abilities,tauren_champion_champions_jump,True,game/scripts/npc/abilities/npc_lia_hero_tauren_champion.txt,land_damage,"[100, 175, 250]",AbilityValues,73,{}
abilities,tauren_champion_champions_jump,True,game/scripts/npc/abilities/npc_lia_hero_tauren_champion.txt,max_distance,400,AbilityValues,74,{}
abilities,tauren_champion_champions_jump,True,game/scripts/npc/abilities/npc_lia_hero_tauren_champion.txt,radius,225,AbilityValues,75,{}
abilities,tauren_champion_champions_jump,True,game/scripts/npc/abilities/npc_lia_hero_tauren_champion.txt,stun_duration,1.5,AbilityValues,76,{}
abilities,tauren_champion_champions_jump,True,game/scripts/npc/abilities/npc_lia_hero_tauren_champion.txt,duration,0.5,AbilityValues,77,{}
abilities,tauren_champion_accumulated_rage,True,game/scripts/npc/abilities/npc_lia_hero_tauren_champion.txt,max_damage_blocked_percent,"[5, 10, 15]",AbilityValues,104,{}
abilities,tauren_champion_accumulated_rage,True,game/scripts/npc/abilities/npc_lia_hero_tauren_champion.txt,min_damage_blocked_percent,5,AbilityValues,105,{}
abilities,tauren_champion_accumulated_rage,True,game/scripts/npc/abilities/npc_lia_hero_tauren_champion.txt,absorption_count,"[3, 4, 5]",AbilityValues,106,{}
abilities,tauren_champion_accumulated_rage,True,game/scripts/npc/abilities/npc_lia_hero_tauren_champion.txt,health_lost_threshold_percent,12,AbilityValues,107,{}
abilities,tauren_champion_accumulated_rage,True,game/scripts/npc/abilities/npc_lia_hero_tauren_champion.txt,damage_per_stack,"[7, 14, 21]",AbilityValues,108,{}
abilities,tauren_champion_accumulated_rage,True,game/scripts/npc/abilities/npc_lia_hero_tauren_champion.txt,shield_cooldown,12,AbilityValues,109,{}
abilities,tauren_champion_finish_off,True,game/scripts/npc/abilities/npc_lia_hero_tauren_champion.txt,crit_multiplier,"[250, 275, 300]",AbilityValues,135,{}
abilities,tauren_champion_finish_off,True,game/scripts/npc/abilities/npc_lia_hero_tauren_champion.txt,attack_count,3,AbilityValues,136,{}
abilities,tauren_champion_finish_off,True,game/scripts/npc/abilities/npc_lia_hero_tauren_champion.txt,duration,15,AbilityValues,137,{}
abilities,time_lord_death,True,game/scripts/npc/abilities/npc_lia_hero_time_lord.txt,radius,"[150, 175, 200]",AbilityValues,32,{}
abilities,time_lord_death,True,game/scripts/npc/abilities/npc_lia_hero_time_lord.txt,cooldown_scepter,"[11, 10, 9]",AbilityValues,33,"{""value"": [11, 10, 9], ""RequiresScepter"": 1}"
abilities,time_lord_timelapse,True,game/scripts/npc/abilities/npc_lia_hero_time_lord.txt,damage_radius,300,AbilityValues,73,{}
abilities,time_lord_timelapse,True,game/scripts/npc/abilities/npc_lia_hero_time_lord.txt,damage,"[50, 100, 150]",AbilityValues,74,{}
abilities,time_lord_timelapse,True,game/scripts/npc/abilities/npc_lia_hero_time_lord.txt,cooldown_scepter,"[8, 7, 6]",AbilityValues,75,"{""value"": [8, 7, 6], ""RequiresScepter"": 1}"
abilities,time_lord_timelapse,True,game/scripts/npc/abilities/npc_lia_hero_time_lord.txt,time,5,AbilityValues,80,{}
abilities,time_lord_wisdom_flow,True,game/scripts/npc/abilities/npc_lia_hero_time_lord.txt,bonus_intellect,1,AbilityValues,103,{}
abilities,time_lord_wisdom_flow,True,game/scripts/npc/abilities/npc_lia_hero_time_lord.txt,stack_interval,"[60, 40, 20]",AbilityValues,104,{}
abilities,time_lord_stop_time,True,game/scripts/npc/abilities/npc_lia_hero_time_lord.txt,hero_stop,"[3, 4, 5]",AbilityValues,221,{}
abilities,time_lord_stop_time,True,game/scripts/npc/abilities/npc_lia_hero_time_lord.txt,other_stop,"[4, 6, 8]",AbilityValues,222,{}
abilities,time_lord_stop_time,True,game/scripts/npc/abilities/npc_lia_hero_time_lord.txt,bonus_movespeed_percentage,"[20, 40, 60]",AbilityValues,223,{}
abilities,time_lord_stop_time,True,game/scripts/npc/abilities/npc_lia_hero_time_lord.txt,bonus_attackspeed,"[200, 250, 300]",AbilityValues,224,{}
abilities,time_lord_stop_time,True,game/scripts/npc/abilities/npc_lia_hero_time_lord.txt,bonus_duration,"[4, 6, 8]",AbilityValues,225,{}
abilities,treant_butterfly_flock,True,game/scripts/npc/abilities/npc_lia_hero_treant.txt,damage,"[80, 160, 240]",AbilityValues,32,{}
abilities,treant_butterfly_flock,True,game/scripts/npc/abilities/npc_lia_hero_treant.txt,knockback_duration,1,AbilityValues,33,{}
abilities,treant_butterfly_flock,True,game/scripts/npc/abilities/npc_lia_hero_treant.txt,projectile_distance,"[500, 600, 700]",AbilityValues,34,{}
abilities,treant_butterfly_flock,True,game/scripts/npc/abilities/npc_lia_hero_treant.txt,start_width,125,AbilityValues,35,{}
abilities,treant_butterfly_flock,True,game/scripts/npc/abilities/npc_lia_hero_treant.txt,end_width,125,AbilityValues,36,{}
abilities,treant_butterfly_flock,True,game/scripts/npc/abilities/npc_lia_hero_treant.txt,speed,650,AbilityValues,37,{}
abilities,treant_take_root,True,game/scripts/npc/abilities/npc_lia_hero_treant.txt,damage_per_second,50,AbilityValues,75,{}
abilities,treant_take_root,True,game/scripts/npc/abilities/npc_lia_hero_treant.txt,root_duration,"[2, 3, 4]",AbilityValues,76,{}
abilities,treant_take_root,True,game/scripts/npc/abilities/npc_lia_hero_treant.txt,health_regeneration,"[10, 20, 30]",AbilityValues,77,{}
abilities,treant_take_root,True,game/scripts/npc/abilities/npc_lia_hero_treant.txt,manacost_per_second,10,AbilityValues,78,{}
abilities,treant_take_root,True,game/scripts/npc/abilities/npc_lia_hero_treant.txt,radius,400,AbilityValues,79,{}
abilities,treant_craving_for_nature,True,game/scripts/npc/abilities/npc_lia_hero_treant.txt,damage,"[50, 100, 150]",AbilityValues,115,{}
abilities,treant_craving_for_nature,True,game/scripts/npc/abilities/npc_lia_hero_treant.txt,root_damage_multiplier,2,AbilityValues,116,{}
abilities,treant_craving_for_nature,True,game/scripts/npc/abilities/npc_lia_hero_treant.txt,tick_time,0.03,AbilityValues,117,{}
abilities,treant_craving_for_nature,True,game/scripts/npc/abilities/npc_lia_hero_treant.txt,distance_per_tick,20,AbilityValues,118,{}
abilities,treant_craving_for_nature,True,game/scripts/npc/abilities/npc_lia_hero_treant.txt,radius,400,AbilityValues,119,{}
abilities,treant_sharp_thorns,True,game/scripts/npc/abilities/npc_lia_hero_treant.txt,damage,"[150, 250, 350]",AbilityValues,157,{}
abilities,treant_sharp_thorns,True,game/scripts/npc/abilities/npc_lia_hero_treant.txt,distance_to_damage_percentage,"[25, 50, 75]",AbilityValues,158,{}
abilities,treant_sharp_thorns,True,game/scripts/npc/abilities/npc_lia_hero_treant.txt,duration,10,AbilityValues,159,{}
abilities,treant_sharp_thorns,True,game/scripts/npc/abilities/npc_lia_hero_treant.txt,radius,400,AbilityValues,160,{}
abilities,treant_sharp_thorns,True,game/scripts/npc/abilities/npc_lia_hero_treant.txt,check_interval,0.1,AbilityValues,161,{}
abilities,troll_cutthroat_boomeang_axe,True,game/scripts/npc/abilities/npc_lia_hero_troll_cutthroat.txt,damage_percentage,50,AbilityValues,33,{}
abilities,troll_cutthroat_boomeang_axe,True,game/scripts/npc/abilities/npc_lia_hero_troll_cutthroat.txt,strength_into_damage_percentage,150,AbilityValues,34,{}
abilities,troll_cutthroat_boomeang_axe,True,game/scripts/npc/abilities/npc_lia_hero_troll_cutthroat.txt,max_targets,"[6, 7, 8]",AbilityValues,35,{}
abilities,troll_cutthroat_boomeang_axe,True,game/scripts/npc/abilities/npc_lia_hero_troll_cutthroat.txt,axe_speed,600,AbilityValues,36,{}
abilities,troll_cutthroat_boomeang_axe,True,game/scripts/npc/abilities/npc_lia_hero_troll_cutthroat.txt,radius,600,AbilityValues,37,{}
abilities,troll_cutthroat_boomeang_axe,True,game/scripts/npc/abilities/npc_lia_hero_troll_cutthroat.txt,return_speed,1000,AbilityValues,38,{}
abilities,troll_cutthroat_boomeang_axe,True,game/scripts/npc/abilities/npc_lia_hero_troll_cutthroat.txt,ability_cast_range,"[300, 400, 500]",AbilityValues,39,{}
abilities,troll_cutthroat_vulnerability,True,game/scripts/npc/abilities/npc_lia_hero_troll_cutthroat.txt,crit_multiplier,200,AbilityValues,101,{}
abilities,troll_cutthroat_vulnerability,True,game/scripts/npc/abilities/npc_lia_hero_troll_cutthroat.txt,crit_chance,"[14, 17, 20]",AbilityValues,102,{}
abilities,troll_cutthroat_vulnerability,True,game/scripts/npc/abilities/npc_lia_hero_troll_cutthroat.txt,armor_reduction,"[-4, -7, -10]",AbilityValues,103,{}
abilities,troll_cutthroat_vulnerability,True,game/scripts/npc/abilities/npc_lia_hero_troll_cutthroat.txt,duration,5,AbilityValues,104,{}
abilities,troll_cutthroat_enchanted_axes,True,game/scripts/npc/abilities/npc_lia_hero_troll_cutthroat.txt,damage,"[50, 100, 150]",AbilityValues,143,{}
abilities,troll_cutthroat_enchanted_axes,True,game/scripts/npc/abilities/npc_lia_hero_troll_cutthroat.txt,str_prc_dmg,75,AbilityValues,144,{}
abilities,troll_cutthroat_enchanted_axes,True,game/scripts/npc/abilities/npc_lia_hero_troll_cutthroat.txt,hit_radius,100,AbilityValues,145,{}
abilities,troll_cutthroat_enchanted_axes,True,game/scripts/npc/abilities/npc_lia_hero_troll_cutthroat.txt,max_range,450.0,AbilityValues,146,{}
abilities,troll_cutthroat_enchanted_axes,True,game/scripts/npc/abilities/npc_lia_hero_troll_cutthroat.txt,axe_movement_speed,1400,AbilityValues,147,{}
abilities,troll_cutthroat_enchanted_axes,True,game/scripts/npc/abilities/npc_lia_hero_troll_cutthroat.txt,bonus_movement_speed,30,AbilityValues,148,{}
abilities,troll_cutthroat_enchanted_axes,True,game/scripts/npc/abilities/npc_lia_hero_troll_cutthroat.txt,blind_pct,"[60, 60, 60, 60]",AbilityValues,149,{}
abilities,troll_cutthroat_enchanted_axes,True,game/scripts/npc/abilities/npc_lia_hero_troll_cutthroat.txt,whirl_duration,3.0,AbilityValues,150,{}
abilities,troll_cutthroat_enchanted_axes,True,game/scripts/npc/abilities/npc_lia_hero_troll_cutthroat.txt,axe_turn_rate,360,AbilityValues,151,{}
abilities,troll_cutthroat_enchanted_axes,True,game/scripts/npc/abilities/npc_lia_hero_troll_cutthroat.txt,start_radius,1,AbilityValues,152,{}
abilities,troll_cutthroat_enchanted_axes,True,game/scripts/npc/abilities/npc_lia_hero_troll_cutthroat.txt,think_interval,0.06,AbilityValues,153,{}
abilities,troll_cutthroat_battle_trance,True,game/scripts/npc/abilities/npc_lia_hero_troll_cutthroat.txt,bonus_attack_speed,"[50, 100, 150]",AbilityValues,282,{}
abilities,troll_cutthroat_battle_trance,True,game/scripts/npc/abilities/npc_lia_hero_troll_cutthroat.txt,damage_reduction,-25,AbilityValues,283,{}
abilities,troll_cutthroat_battle_trance,True,game/scripts/npc/abilities/npc_lia_hero_troll_cutthroat.txt,bonus_strength,"[20, 40, 60]",AbilityValues,284,{}
abilities,troll_cutthroat_battle_trance,True,game/scripts/npc/abilities/npc_lia_hero_troll_cutthroat.txt,duration,"[9, 12, 15]",AbilityValues,285,{}
abilities,valkyrie_rage,True,game/scripts/npc/abilities/npc_lia_hero_valkyrie.txt,damage,"[20, 40, 60]",AbilityValues,33,{}
abilities,valkyrie_rage,True,game/scripts/npc/abilities/npc_lia_hero_valkyrie.txt,bonus_agility,"[15, 30, 45]",AbilityValues,34,{}
abilities,valkyrie_rage,True,game/scripts/npc/abilities/npc_lia_hero_valkyrie.txt,radius,260,AbilityValues,35,{}
abilities,valkyrie_rage,True,game/scripts/npc/abilities/npc_lia_hero_valkyrie.txt,duration,"[8, 12, 16]",AbilityValues,36,{}
abilities,valkyrie_rage1,True,game/scripts/npc/abilities/npc_lia_hero_valkyrie.txt,bonus_damage,"[20, 40, 60]",AbilityValues,68,{}
abilities,valkyrie_rage1,True,game/scripts/npc/abilities/npc_lia_hero_valkyrie.txt,bonus_agility,"[15, 30, 45]",AbilityValues,69,{}
abilities,valkyrie_rage1,True,game/scripts/npc/abilities/npc_lia_hero_valkyrie.txt,radius,260,AbilityValues,70,{}
abilities,valkyrie_rage1,True,game/scripts/npc/abilities/npc_lia_hero_valkyrie.txt,duration,"[8.0, 12.0, 16.0]",AbilityValues,71,{}
abilities,valkyrie_true_hit,True,game/scripts/npc/abilities/npc_lia_hero_valkyrie.txt,main_target_percent,"[2, 4, 6]",AbilityValues,174,{}
abilities,valkyrie_true_hit,True,game/scripts/npc/abilities/npc_lia_hero_valkyrie.txt,secondary_target_percent,2,AbilityValues,175,{}
abilities,valkyrie_true_hit,True,game/scripts/npc/abilities/npc_lia_hero_valkyrie.txt,radius,275,AbilityValues,176,{}
abilities,valkyrie_agility,True,game/scripts/npc/abilities/npc_lia_hero_valkyrie.txt,aura_radius,700,AbilityValues,229,{}
abilities,valkyrie_agility,True,game/scripts/npc/abilities/npc_lia_hero_valkyrie.txt,bonus_attack_speed,"[15, 30, 45]",AbilityValues,230,{}
abilities,valkyrie_fury,True,game/scripts/npc/abilities/npc_lia_hero_valkyrie.txt,bonus_attack_speed,"[150, 200, 250]",AbilityValues,263,{}
abilities,valkyrie_fury,True,game/scripts/npc/abilities/npc_lia_hero_valkyrie.txt,duration,10.0,AbilityValues,264,{}
abilities,vampire_life_drain,True,game/scripts/npc/abilities/npc_lia_hero_vampire.txt,damage_per_second,"[5, 10, 15]",AbilityValues,45,{}
abilities,vampire_life_drain,True,game/scripts/npc/abilities/npc_lia_hero_vampire.txt,damage_multiplier,2,AbilityValues,46,{}
abilities,vampire_life_drain,True,game/scripts/npc/abilities/npc_lia_hero_vampire.txt,radius,375,AbilityValues,47,{}
abilities,vampire_life_drain,True,game/scripts/npc/abilities/npc_lia_hero_vampire.txt,duration,"[6, 7, 8]",AbilityValues,48,{}
abilities,vampire_lifesteal,True,game/scripts/npc/abilities/npc_lia_hero_vampire.txt,lifesteal_percentage,"[20, 25, 30]",AbilityValues,121,{}
abilities,vampire_lifesteal,True,game/scripts/npc/abilities/npc_lia_hero_vampire.txt,thirst_points_max,"[10, 15, 20]",AbilityValues,122,{}
abilities,vampire_thirst,True,game/scripts/npc/abilities/npc_lia_hero_vampire.txt,thirst_points_bonus,"[3, 5, 7]",AbilityValues,142,{}
abilities,vampire_thirst,True,game/scripts/npc/abilities/npc_lia_hero_vampire.txt,attack_speed_bonus,"[20, 50, 80]",AbilityValues,143,{}
abilities,vampire_thirst,True,game/scripts/npc/abilities/npc_lia_hero_vampire.txt,radius,500,AbilityValues,144,{}
abilities,vampire_thirst,True,game/scripts/npc/abilities/npc_lia_hero_vampire.txt,activation_health_percent,30,AbilityValues,145,{}
abilities,vampire_transformation,True,game/scripts/npc/abilities/npc_lia_hero_vampire.txt,transformation_time,0.35,AbilityValues,220,{}
abilities,vampire_transformation,True,game/scripts/npc/abilities/npc_lia_hero_vampire.txt,base_attack_time,1.6,AbilityValues,221,{}
abilities,vampire_transformation,True,game/scripts/npc/abilities/npc_lia_hero_vampire.txt,bonus_movement_speed,50,AbilityValues,222,{}
abilities,vampire_transformation,True,game/scripts/npc/abilities/npc_lia_hero_vampire.txt,bonus_range,250,AbilityValues,223,{}
abilities,vampire_transformation,True,game/scripts/npc/abilities/npc_lia_hero_vampire.txt,tooltip_attack_range,350,AbilityValues,224,{}
abilities,vampire_transformation,True,game/scripts/npc/abilities/npc_lia_hero_vampire.txt,tp_regen_mult,"[3, 4, 5]",AbilityValues,225,{}
abilities,vampire_transformation,True,game/scripts/npc/abilities/npc_lia_hero_vampire.txt,tp_aoe_dmg_mult,"[10, 20, 30]",AbilityValues,226,{}
abilities,vampire_transformation,True,game/scripts/npc/abilities/npc_lia_hero_vampire.txt,tp_transformation_dmg_mult,"[16, 32, 48]",AbilityValues,227,{}
abilities,vampire_transformation,True,game/scripts/npc/abilities/npc_lia_hero_vampire.txt,tp_attack_heal_mult,"[6, 8, 10]",AbilityValues,228,{}
abilities,vampire_transformation,True,game/scripts/npc/abilities/npc_lia_hero_vampire.txt,aoe_dmg_radius,150,AbilityValues,229,{}
abilities,vampire_transformation,True,game/scripts/npc/abilities/npc_lia_hero_vampire.txt,bonus_health,"[100, 200, 300]",AbilityValues,230,{}
abilities,vampire_transformation,True,game/scripts/npc/abilities/npc_lia_hero_vampire.txt,duration,20,AbilityValues,231,{}
abilities,vampire_transformation,True,game/scripts/npc/abilities/npc_lia_hero_vampire.txt,init_dmg_aoe,300,AbilityValues,232,{}
abilities,vowen_from_blood_steal_blood,True,game/scripts/npc/abilities/npc_lia_hero_vowen_from_blood.txt,damage,"[75, 150, 300]",AbilityValues,34,{}
abilities,vowen_from_blood_steal_blood,True,game/scripts/npc/abilities/npc_lia_hero_vowen_from_blood.txt,damage_scepter,"[150, 300, 600]",AbilityValues,35,"{""value"": [150, 300, 600], ""RequiresScepter"": 1}"
abilities,vowen_from_blood_steal_blood,True,game/scripts/npc/abilities/npc_lia_hero_vowen_from_blood.txt,heal_per_target,45,AbilityValues,40,{}
abilities,vowen_from_blood_steal_blood,True,game/scripts/npc/abilities/npc_lia_hero_vowen_from_blood.txt,bounces,"[5, 7, 9]",AbilityValues,41,{}
abilities,vowen_from_blood_steal_blood,True,game/scripts/npc/abilities/npc_lia_hero_vowen_from_blood.txt,bounces_scepter,"[6, 8, 10]",AbilityValues,42,"{""value"": [6, 8, 10], ""RequiresScepter"": 1}"
abilities,vowen_from_blood_steal_blood,True,game/scripts/npc/abilities/npc_lia_hero_vowen_from_blood.txt,bounce_range,800,AbilityValues,47,{}
abilities,vowen_from_blood_steal_blood,True,game/scripts/npc/abilities/npc_lia_hero_vowen_from_blood.txt,manacost_scepter,"[200, 250, 300]",AbilityValues,48,"{""value"": [200, 250, 300], ""RequiresScepter"": 1}"
abilities,vowen_from_blood_steal_blood,True,game/scripts/npc/abilities/npc_lia_hero_vowen_from_blood.txt,projectile_speed,800,AbilityValues,53,{}
abilities,vowen_from_blood_spiritual_flame,True,game/scripts/npc/abilities/npc_lia_hero_vowen_from_blood.txt,bonus_damage_percentage,"[25, 50, 75]",AbilityValues,89,{}
abilities,vowen_from_blood_spiritual_flame,True,game/scripts/npc/abilities/npc_lia_hero_vowen_from_blood.txt,bonus_damage_percentage_scepter,"[50, 75, 100]",AbilityValues,90,"{""value"": [50, 75, 100], ""RequiresScepter"": 1}"
abilities,vowen_from_blood_spiritual_flame,True,game/scripts/npc/abilities/npc_lia_hero_vowen_from_blood.txt,bonus_health_regen,"[10, 20, 30]",AbilityValues,95,{}
abilities,vowen_from_blood_spiritual_flame,True,game/scripts/npc/abilities/npc_lia_hero_vowen_from_blood.txt,bonus_health_regen_scepter,"[20, 40, 60]",AbilityValues,96,"{""value"": [20, 40, 60], ""RequiresScepter"": 1}"
abilities,vowen_from_blood_spiritual_flame,True,game/scripts/npc/abilities/npc_lia_hero_vowen_from_blood.txt,duration,20,AbilityValues,101,{}
abilities,vowen_from_blood_spiritual_flame,True,game/scripts/npc/abilities/npc_lia_hero_vowen_from_blood.txt,manacost_scepter,"[200, 250, 300]",AbilityValues,102,"{""value"": [200, 250, 300], ""RequiresScepter"": 1}"
abilities,vowen_from_blood_soul_burn,True,game/scripts/npc/abilities/npc_lia_hero_vowen_from_blood.txt,damage,"[10, 20, 40]",AbilityValues,141,{}
abilities,vowen_from_blood_soul_burn,True,game/scripts/npc/abilities/npc_lia_hero_vowen_from_blood.txt,damage_penalty_percentage,"[-20, -30, -40]",AbilityValues,142,{}
abilities,vowen_from_blood_soul_burn,True,game/scripts/npc/abilities/npc_lia_hero_vowen_from_blood.txt,bonus_attack_speed,400,AbilityValues,143,{}
abilities,vowen_from_blood_soul_burn,True,game/scripts/npc/abilities/npc_lia_hero_vowen_from_blood.txt,buff_duration,"[2, 3, 4]",AbilityValues,144,{}
abilities,vowen_from_blood_soul_burn,True,game/scripts/npc/abilities/npc_lia_hero_vowen_from_blood.txt,duration_hero,4,AbilityValues,145,{}
abilities,vowen_from_blood_soul_burn,True,game/scripts/npc/abilities/npc_lia_hero_vowen_from_blood.txt,duration_creep,10,AbilityValues,146,{}
abilities,vowen_from_blood_chaos,True,game/scripts/npc/abilities/npc_lia_hero_vowen_from_blood.txt,damage,"[300, 600, 900]",AbilityValues,244,{}
abilities,vowen_from_blood_chaos,True,game/scripts/npc/abilities/npc_lia_hero_vowen_from_blood.txt,damage_penalty_percentage,"[-60, -70, -80]",AbilityValues,245,{}
abilities,vowen_from_blood_chaos,True,game/scripts/npc/abilities/npc_lia_hero_vowen_from_blood.txt,duration,10,AbilityValues,246,{}
abilities,vowen_from_blood_chaos,True,game/scripts/npc/abilities/npc_lia_hero_vowen_from_blood.txt,radius,475,AbilityValues,247,{}
abilities,walking_dead_decay,True,game/scripts/npc/abilities/npc_lia_hero_walking_dead.txt,damage_per_second,"[15, 25, 35]",AbilityValues,36,{}
abilities,walking_dead_decay,True,game/scripts/npc/abilities/npc_lia_hero_walking_dead.txt,movespeed_slow_percentage,"[20, 30, 40]",AbilityValues,37,{}
abilities,walking_dead_decay,True,game/scripts/npc/abilities/npc_lia_hero_walking_dead.txt,decay_duration,9,AbilityValues,38,{}
abilities,walking_dead_decay,True,game/scripts/npc/abilities/npc_lia_hero_walking_dead.txt,active_regeneration_reduction_percentage,-100,AbilityValues,39,{}
abilities,walking_dead_decay,True,game/scripts/npc/abilities/npc_lia_hero_walking_dead.txt,health_regeneration,"[30, 50, 70]",AbilityValues,40,{}
abilities,walking_dead_decay,True,game/scripts/npc/abilities/npc_lia_hero_walking_dead.txt,regeneration_duration,6,AbilityValues,41,{}
abilities,walking_dead_decay,True,game/scripts/npc/abilities/npc_lia_hero_walking_dead.txt,radius,275,AbilityValues,42,{}
abilities,walking_dead_decay,True,game/scripts/npc/abilities/npc_lia_hero_walking_dead.txt,tick_interval,0.25,AbilityValues,43,{}
abilities,walking_dead_rot_curse,True,game/scripts/npc/abilities/npc_lia_hero_walking_dead.txt,health_steal_per_second,"[40, 60, 80]",AbilityValues,80,{}
abilities,walking_dead_rot_curse,True,game/scripts/npc/abilities/npc_lia_hero_walking_dead.txt,damage_per_second,"[20, 40, 60]",AbilityValues,81,{}
abilities,walking_dead_rot_curse,True,game/scripts/npc/abilities/npc_lia_hero_walking_dead.txt,radius,200,AbilityValues,82,{}
abilities,walking_dead_rot_curse,True,game/scripts/npc/abilities/npc_lia_hero_walking_dead.txt,duration,5,AbilityValues,83,{}
abilities,walking_dead_rot_curse,True,game/scripts/npc/abilities/npc_lia_hero_walking_dead.txt,stun_duration,2,AbilityValues,84,{}
abilities,walking_dead_rot_curse,True,game/scripts/npc/abilities/npc_lia_hero_walking_dead.txt,tick_interval,1,AbilityValues,85,{}
abilities,walking_dead_rot_curse,True,game/scripts/npc/abilities/npc_lia_hero_walking_dead.txt,break_distance,800,AbilityValues,86,{}
abilities,walking_dead_vitality,True,game/scripts/npc/abilities/npc_lia_hero_walking_dead.txt,incoming_damage_reduction,"[-10, -15, -20]",AbilityValues,110,{}
abilities,walking_dead_vitality,True,game/scripts/npc/abilities/npc_lia_hero_walking_dead.txt,health_regen_per_charge,"[2, 4, 6]",AbilityValues,111,{}
abilities,walking_dead_vitality,True,game/scripts/npc/abilities/npc_lia_hero_walking_dead.txt,charge_duration,5,AbilityValues,112,{}
abilities,walking_dead_cemetery_power,True,game/scripts/npc/abilities/npc_lia_hero_walking_dead.txt,bonus_base_strength,"[30, 40, 50]",AbilityValues,145,{}
abilities,walking_dead_cemetery_power,True,game/scripts/npc/abilities/npc_lia_hero_walking_dead.txt,heal_to_damage_percentage,"[40, 50, 60]",AbilityValues,146,{}
abilities,walking_dead_cemetery_power,True,game/scripts/npc/abilities/npc_lia_hero_walking_dead.txt,radius,350,AbilityValues,147,{}
abilities,walking_dead_cemetery_power,True,game/scripts/npc/abilities/npc_lia_hero_walking_dead.txt,duration,10,AbilityValues,148,{}
abilities,wanderer_spirit_of_the_plains,True,game/scripts/npc/abilities/npc_lia_hero_wanderer.txt,spirit_health,"[500, 800, 1100]",AbilityValues,74,{}
abilities,wanderer_spirit_of_the_plains,True,game/scripts/npc/abilities/npc_lia_hero_wanderer.txt,spirit_damage,"[25, 45, 100]",AbilityValues,75,{}
abilities,wanderer_spirit_of_the_plains,True,game/scripts/npc/abilities/npc_lia_hero_wanderer.txt,duration,"[20, 25, 30]",AbilityValues,76,{}
abilities,wanderer_the_flow_of_life,True,game/scripts/npc/abilities/npc_lia_hero_wanderer.txt,bonus_health_regen,"[20, 40, 80]",AbilityValues,120,{}
abilities,wanderer_the_flow_of_life,True,game/scripts/npc/abilities/npc_lia_hero_wanderer.txt,bonus_health_regen_scepter,"[40, 80, 160]",AbilityValues,121,"{""value"": [40, 80, 160], ""RequiresScepter"": 1}"
abilities,wanderer_the_flow_of_life,True,game/scripts/npc/abilities/npc_lia_hero_wanderer.txt,bonus_mana_regen,"[20, 30, 40]",AbilityValues,126,{}
abilities,wanderer_the_flow_of_life,True,game/scripts/npc/abilities/npc_lia_hero_wanderer.txt,bonus_mana_regen_scepter,"[40, 60, 80]",AbilityValues,127,"{""value"": [40, 60, 80], ""RequiresScepter"": 1}"
abilities,wanderer_the_flow_of_life,True,game/scripts/npc/abilities/npc_lia_hero_wanderer.txt,duration,5,AbilityValues,132,{}
abilities,wanderer_the_flow_of_life,True,game/scripts/npc/abilities/npc_lia_hero_wanderer.txt,cooldown_scepter,7,AbilityValues,133,"{""value"": 7, ""RequiresScepter"": 1}"
abilities,wanderer_arcane_aura,True,game/scripts/npc/abilities/npc_lia_hero_wanderer.txt,regen_mana_constant,"[2, 4, 0]",AbilityValues,172,{}
abilities,wanderer_arcane_aura,True,game/scripts/npc/abilities/npc_lia_hero_wanderer.txt,regen_mana_percent,"[0, 0, 1]",AbilityValues,173,{}
abilities,wanderer_arcane_aura,True,game/scripts/npc/abilities/npc_lia_hero_wanderer.txt,damage,"[100, 200, 300]",AbilityValues,174,{}
abilities,wanderer_arcane_aura,True,game/scripts/npc/abilities/npc_lia_hero_wanderer.txt,movement_slow_percentage,-50,AbilityValues,175,{}
abilities,wanderer_arcane_aura,True,game/scripts/npc/abilities/npc_lia_hero_wanderer.txt,slow_duration,4,AbilityValues,176,{}
abilities,wanderer_arcane_aura,True,game/scripts/npc/abilities/npc_lia_hero_wanderer.txt,enemy_effect_radius,550,AbilityValues,177,{}
abilities,wanderer_arcane_aura,True,game/scripts/npc/abilities/npc_lia_hero_wanderer.txt,aura_radius,800,AbilityValues,178,{}
abilities,wanderer_ghosts,True,game/scripts/npc/abilities/npc_lia_hero_wanderer.txt,ghost_health,"[1000, 1500, 2000]",AbilityValues,204,{}
abilities,wanderer_ghosts,True,game/scripts/npc/abilities/npc_lia_hero_wanderer.txt,ghost_health_scepter,"[1500, 2000, 2500]",AbilityValues,205,"{""value"": [1500, 2000, 2500], ""RequiresScepter"": 1}"
abilities,wanderer_ghosts,True,game/scripts/npc/abilities/npc_lia_hero_wanderer.txt,ghost_damage,"[135, 185, 255]",AbilityValues,210,{}
abilities,wanderer_ghosts,True,game/scripts/npc/abilities/npc_lia_hero_wanderer.txt,ghost_damage_scepter,"[185, 255, 325]",AbilityValues,211,"{""value"": [185, 255, 325], ""RequiresScepter"": 1}"
abilities,wanderer_ghosts,True,game/scripts/npc/abilities/npc_lia_hero_wanderer.txt,duration,120,AbilityValues,216,{}
abilities,wanderer_ghosts,True,game/scripts/npc/abilities/npc_lia_hero_wanderer.txt,manacost_scepter,"[600, 700, 800]",AbilityValues,217,"{""value"": [600, 700, 800], ""RequiresScepter"": 1}"
abilities,wanderer_ghosts,True,game/scripts/npc/abilities/npc_lia_hero_wanderer.txt,ghosts_count,2,AbilityValues,222,{}
abilities,warlock_storm,True,game/scripts/npc/abilities/npc_lia_hero_warlock.txt,damage,"[50, 100, 150]",AbilityValues,35,{}
abilities,warlock_storm,True,game/scripts/npc/abilities/npc_lia_hero_warlock.txt,damage_scepter,"[150, 200, 250]",AbilityValues,36,"{""value"": [150, 200, 250], ""RequiresScepter"": 1}"
abilities,warlock_storm,True,game/scripts/npc/abilities/npc_lia_hero_warlock.txt,radius,250,AbilityValues,41,{}
abilities,warlock_storm,True,game/scripts/npc/abilities/npc_lia_hero_warlock.txt,manacost_scepter,"[100, 125, 150]",AbilityValues,42,"{""value"": [100, 125, 150], ""RequiresScepter"": 1}"
abilities,warlock_sacrifice,True,game/scripts/npc/abilities/npc_lia_hero_warlock.txt,radius,9999,AbilityValues,140,{}
abilities,warlock_sacrifice,True,game/scripts/npc/abilities/npc_lia_hero_warlock.txt,tick_interval,0.05,AbilityValues,141,{}
abilities,warlock_sacrifice,True,game/scripts/npc/abilities/npc_lia_hero_warlock.txt,duration_invulnerable,"[3.0, 6.0, 9.0]",AbilityValues,142,{}
abilities,warlock_sacrifice,True,game/scripts/npc/abilities/npc_lia_hero_warlock.txt,barrier_reduction,2.7,AbilityValues,143,{}
abilities,warlock_sacrifice,True,game/scripts/npc/abilities/npc_lia_hero_warlock.txt,change_per_teak,2.5,AbilityValues,144,{}
abilities,warlock_magic_splash,True,game/scripts/npc/abilities/npc_lia_hero_warlock.txt,damage,"[60, 120, 180]",AbilityValues,165,{}
abilities,warlock_magic_splash,True,game/scripts/npc/abilities/npc_lia_hero_warlock.txt,radius,"[400, 450, 500]",AbilityValues,166,{}
abilities,warlock_firestorm,True,game/scripts/npc/abilities/npc_lia_hero_warlock.txt,wave_damage,"[90, 120, 150]",AbilityValues,228,{}
abilities,warlock_firestorm,True,game/scripts/npc/abilities/npc_lia_hero_warlock.txt,wave_damage_scepter,"[180, 210, 240]",AbilityValues,229,"{""value"": [180, 210, 240], ""RequiresScepter"": 1}"
abilities,warlock_firestorm,True,game/scripts/npc/abilities/npc_lia_hero_warlock.txt,burn_damage,"[20, 40, 60]",AbilityValues,234,{}
abilities,warlock_firestorm,True,game/scripts/npc/abilities/npc_lia_hero_warlock.txt,burn_damage_scepter,"[40, 60, 80]",AbilityValues,235,"{""value"": [40, 60, 80], ""RequiresScepter"": 1}"
abilities,warlock_firestorm,True,game/scripts/npc/abilities/npc_lia_hero_warlock.txt,burn_interval,1.0,AbilityValues,240,{}
abilities,warlock_firestorm,True,game/scripts/npc/abilities/npc_lia_hero_warlock.txt,wave_interval,1.0,AbilityValues,241,{}
abilities,warlock_firestorm,True,game/scripts/npc/abilities/npc_lia_hero_warlock.txt,burn_duration,10,AbilityValues,242,{}
abilities,warlock_firestorm,True,game/scripts/npc/abilities/npc_lia_hero_warlock.txt,wave_count,6,AbilityValues,243,{}
abilities,warlock_firestorm,True,game/scripts/npc/abilities/npc_lia_hero_warlock.txt,channel_time,6.1,AbilityValues,244,{}
abilities,warlock_firestorm,True,game/scripts/npc/abilities/npc_lia_hero_warlock.txt,radius,"[280, 290, 300]",AbilityValues,245,{}
abilities,warlock_firestorm,True,game/scripts/npc/abilities/npc_lia_hero_warlock.txt,radius_scepter,325,AbilityValues,246,"{""value"": 325, ""RequiresScepter"": 1}"
abilities,warlock_firestorm,True,game/scripts/npc/abilities/npc_lia_hero_warlock.txt,manacost_scepter,"[350, 400, 450]",AbilityValues,251,"{""value"": [350, 400, 450], ""RequiresScepter"": 1}"
abilities,warrior_of_light_fetters,True,game/scripts/npc/abilities/npc_lia_hero_warrior_of_light.txt,penalty_ms,"[-20, -30, -40]",AbilityValues,35,{}
abilities,warrior_of_light_fetters,True,game/scripts/npc/abilities/npc_lia_hero_warrior_of_light.txt,damage_for_attack,"[30, 60, 120]",AbilityValues,36,{}
abilities,warrior_of_light_fetters,True,game/scripts/npc/abilities/npc_lia_hero_warrior_of_light.txt,duration,9.0,AbilityValues,37,{}
abilities,warrior_of_light_fetters,True,game/scripts/npc/abilities/npc_lia_hero_warrior_of_light.txt,radius,300,AbilityValues,38,{}
abilities,warrior_of_light_will_light,True,game/scripts/npc/abilities/npc_lia_hero_warrior_of_light.txt,absord_proc,"[0.1, 0.2, 0.3]",AbilityValues,107,{}
abilities,warrior_of_light_will_light,True,game/scripts/npc/abilities/npc_lia_hero_warrior_of_light.txt,AuraRadius,500,AbilityValues,108,{}
abilities,warrior_of_light_will_light,True,game/scripts/npc/abilities/npc_lia_hero_warrior_of_light.txt,absord_proc_tooltip,"[10, 20, 30]",AbilityValues,109,{}
abilities,warrior_of_light_holy_power,True,game/scripts/npc/abilities/npc_lia_hero_warrior_of_light.txt,block_chance,"[15, 20, 25]",AbilityValues,127,{}
abilities,warrior_of_light_divine_protection,True,game/scripts/npc/abilities/npc_lia_hero_warrior_of_light.txt,armor,1000,AbilityValues,162,{}
abilities,warrior_of_light_divine_protection,True,game/scripts/npc/abilities/npc_lia_hero_warrior_of_light.txt,attack_damage_proc,0,AbilityValues,163,{}
abilities,warrior_of_light_divine_protection,True,game/scripts/npc/abilities/npc_lia_hero_warrior_of_light.txt,duration,"[8, 10, 12]",AbilityValues,164,{}
abilities,warrior_of_light_divine_protection,True,game/scripts/npc/abilities/npc_lia_hero_warrior_of_light.txt,radius,1000,AbilityValues,165,{}
abilities,witch_doctor_negative_energy,True,game/scripts/npc/abilities/npc_lia_hero_witch_doctor.txt,damage,"[100, 200, 300]",AbilityValues,33,{}
abilities,witch_doctor_negative_energy,True,game/scripts/npc/abilities/npc_lia_hero_witch_doctor.txt,damage_scepter,"[300, 400, 500]",AbilityValues,34,"{""value"": [300, 400, 500], ""RequiresScepter"": 1}"
abilities,witch_doctor_negative_energy,True,game/scripts/npc/abilities/npc_lia_hero_witch_doctor.txt,projectile_distance,650,AbilityValues,39,{}
abilities,witch_doctor_negative_energy,True,game/scripts/npc/abilities/npc_lia_hero_witch_doctor.txt,start_width,80,AbilityValues,40,{}
abilities,witch_doctor_negative_energy,True,game/scripts/npc/abilities/npc_lia_hero_witch_doctor.txt,end_width,200,AbilityValues,41,{}
abilities,witch_doctor_negative_energy,True,game/scripts/npc/abilities/npc_lia_hero_witch_doctor.txt,speed,1100,AbilityValues,42,{}
abilities,witch_doctor_frost_armor,True,game/scripts/npc/abilities/npc_lia_hero_witch_doctor.txt,armor_bonus,"[5, 10, 15]",AbilityValues,80,{}
abilities,witch_doctor_frost_armor,True,game/scripts/npc/abilities/npc_lia_hero_witch_doctor.txt,armor_bonus_scepter,"[20, 25, 30]",AbilityValues,81,"{""value"": [20, 25, 30], ""RequiresScepter"": 1}"
abilities,witch_doctor_frost_armor,True,game/scripts/npc/abilities/npc_lia_hero_witch_doctor.txt,duration,"[10, 15, 20]",AbilityValues,86,{}
abilities,witch_doctor_frost_armor,True,game/scripts/npc/abilities/npc_lia_hero_witch_doctor.txt,duration_scepter,30,AbilityValues,87,"{""value"": 30, ""RequiresScepter"": 1}"
abilities,witch_doctor_frost_armor,True,game/scripts/npc/abilities/npc_lia_hero_witch_doctor.txt,movement_slow_percent,-40,AbilityValues,92,{}
abilities,witch_doctor_frost_armor,True,game/scripts/npc/abilities/npc_lia_hero_witch_doctor.txt,attack_slow,-25,AbilityValues,93,{}
abilities,witch_doctor_frost_armor,True,game/scripts/npc/abilities/npc_lia_hero_witch_doctor.txt,slow_duration,5.0,AbilityValues,94,{}
abilities,witch_doctor_frost_armor,True,game/scripts/npc/abilities/npc_lia_hero_witch_doctor.txt,manacost_scepter,"[150, 175, 200]",AbilityValues,95,"{""value"": [150, 175, 200], ""RequiresScepter"": 1}"
abilities,witch_doctor_discharge,True,game/scripts/npc/abilities/npc_lia_hero_witch_doctor.txt,damage,"[90, 180, 270]",AbilityValues,144,{}
abilities,witch_doctor_discharge,True,game/scripts/npc/abilities/npc_lia_hero_witch_doctor.txt,heal,"[150, 300, 450]",AbilityValues,145,{}
abilities,witch_doctor_discharge,True,game/scripts/npc/abilities/npc_lia_hero_witch_doctor.txt,radius,300,AbilityValues,146,{}
abilities,witch_doctor_discharge,True,game/scripts/npc/abilities/npc_lia_hero_witch_doctor.txt,distance,320,AbilityValues,147,{}
abilities,witch_doctor_discharge,True,game/scripts/npc/abilities/npc_lia_hero_witch_doctor.txt,speed,300,AbilityValues,148,{}
abilities,witch_doctor_discharge,True,game/scripts/npc/abilities/npc_lia_hero_witch_doctor.txt,air_time,1.2,AbilityValues,149,{}
abilities,troll_defender_armor_aura,True,game/scripts/npc/abilities/purchasable_units_skills.txt,radius,7000,AbilityValues,35,{}
abilities,troll_defender_armor_aura,True,game/scripts/npc/abilities/purchasable_units_skills.txt,bonus_armor,30,AbilityValues,36,{}
abilities,doom_spawn_cripple,True,game/scripts/npc/abilities/purchasable_units_skills.txt,cripple_damage_decrease_pct,-40,AbilityValues,84,{}
abilities,doom_spawn_cripple,True,game/scripts/npc/abilities/purchasable_units_skills.txt,cripple_attack_slow,-40,AbilityValues,85,{}
abilities,doom_spawn_cripple,True,game/scripts/npc/abilities/purchasable_units_skills.txt,cripple_movespeed_slow_pct,-60,AbilityValues,86,{}
abilities,doom_spawn_cripple,True,game/scripts/npc/abilities/purchasable_units_skills.txt,duration,10,AbilityValues,87,{}
abilities,doom_spawn_stomp,True,game/scripts/npc/abilities/purchasable_units_skills.txt,radius,250,AbilityValues,144,{}
abilities,doom_spawn_stomp,True,game/scripts/npc/abilities/purchasable_units_skills.txt,stun_duration,3.0,AbilityValues,145,{}
abilities,doom_spawn_stomp,True,game/scripts/npc/abilities/purchasable_units_skills.txt,stomp_damage,100,AbilityValues,146,{}
abilities,hell_beast_bloodlust,True,game/scripts/npc/abilities/purchasable_units_skills.txt,bonus_attack_speed,50,AbilityValues,246,{}
abilities,hell_beast_bloodlust,True,game/scripts/npc/abilities/purchasable_units_skills.txt,bonus_movement_speed,10,AbilityValues,247,{}
abilities,hell_beast_bloodlust,True,game/scripts/npc/abilities/purchasable_units_skills.txt,duration,20.0,AbilityValues,248,{}
abilities,hell_beast_sleep,True,game/scripts/npc/abilities/purchasable_units_skills.txt,duration_hero,4,AbilityValues,310,{}
abilities,hell_beast_sleep,True,game/scripts/npc/abilities/purchasable_units_skills.txt,duration_creep,12,AbilityValues,311,{}
abilities,hell_beast_sleep,True,game/scripts/npc/abilities/purchasable_units_skills.txt,duration_invul,2,AbilityValues,312,{}
abilities,boar_poison,True,game/scripts/npc/abilities/purchasable_units_skills.txt,movement_slow,-25,AbilityValues,335,{}
abilities,boar_poison,True,game/scripts/npc/abilities/purchasable_units_skills.txt,attack_slow,-25,AbilityValues,336,{}
abilities,boar_poison,True,game/scripts/npc/abilities/purchasable_units_skills.txt,duration,3,AbilityValues,337,{}
abilities,troll_healer_heal,True,game/scripts/npc/abilities/purchasable_units_skills.txt,value_heal,50,AbilityValues,417,{}
abilities,troll_healer_heal,True,game/scripts/npc/abilities/purchasable_units_skills.txt,value_heal_percent,5,AbilityValues,418,{}
abilities,troll_healer_heal,True,game/scripts/npc/abilities/purchasable_units_skills.txt,radius,400,AbilityValues,419,{}
abilities,shadow_return_to_owner,True,game/scripts/npc/abilities/shadow_abilities.txt,owner_health_restore,200,AbilityValues,16,{}
abilities,shadow_shadow_mastery,True,game/scripts/npc/abilities/shadow_abilities.txt,damage_agility_percent,150,AbilityValues,49,{}
abilities,shadow_world_of_shadows,True,game/scripts/npc/abilities/shadow_abilities.txt,bonus_movespeed,30,AbilityValues,85,{}
abilities,shadow_world_of_shadows,True,game/scripts/npc/abilities/shadow_abilities.txt,bonus_damage,200,AbilityValues,86,{}
abilities,shadow_world_of_shadows,True,game/scripts/npc/abilities/shadow_abilities.txt,duration,8,AbilityValues,87,{}
abilities,spherical_staff_fire_golem_immolation,True,game/scripts/npc/abilities/spherical_staff_fire_golem_immolation.txt,radius,220,AbilityValues,23,{}
abilities,spherical_staff_fire_golem_immolation,True,game/scripts/npc/abilities/spherical_staff_fire_golem_immolation.txt,dps,45,AbilityValues,24,{}
abilities,spirit_of_the_plains_fog,True,game/scripts/npc/abilities/wanderer_abilities.txt,cloud_duration,7,AbilityValues,29,{}
abilities,spirit_of_the_plains_fog,True,game/scripts/npc/abilities/wanderer_abilities.txt,radius,400,AbilityValues,30,{}
abilities,spirit_of_the_plains_fog,True,game/scripts/npc/abilities/wanderer_abilities.txt,miss,100,AbilityValues,31,{}
abilities,spirit_of_the_plains_fog,True,game/scripts/npc/abilities/wanderer_abilities.txt,slow_speed_movement,-45,AbilityValues,32,{}
abilities,spirit_of_the_plains_slow,True,game/scripts/npc/abilities/wanderer_abilities.txt,cripple_attack_slow,-45,AbilityValues,112,{}
abilities,spirit_of_the_plains_slow,True,game/scripts/npc/abilities/wanderer_abilities.txt,cripple_movespeed_slow_pct,-70,AbilityValues,113,{}
abilities,spirit_of_the_plains_slow,True,game/scripts/npc/abilities/wanderer_abilities.txt,duration,7,AbilityValues,114,{}
abilities,essence_of_the_ghost_aura1,True,game/scripts/npc/abilities/wanderer_abilities.txt,radius,1000,AbilityValues,167,{}
abilities,essence_of_the_ghost_aura1,True,game/scripts/npc/abilities/wanderer_abilities.txt,regen_hp,1.2,AbilityValues,168,{}
abilities,essence_of_the_ghost_aura1,True,game/scripts/npc/abilities/wanderer_abilities.txt,move_speed_bonus,5,AbilityValues,169,{}
abilities,essence_of_the_ghost_aura2,True,game/scripts/npc/abilities/wanderer_abilities.txt,radius,1000,AbilityValues,210,{}
abilities,essence_of_the_ghost_aura2,True,game/scripts/npc/abilities/wanderer_abilities.txt,regen_hp,2.4,AbilityValues,211,{}
abilities,essence_of_the_ghost_aura2,True,game/scripts/npc/abilities/wanderer_abilities.txt,move_speed_bonus,10,AbilityValues,212,{}
abilities,essence_of_the_ghost_aura3,True,game/scripts/npc/abilities/wanderer_abilities.txt,radius,1000,AbilityValues,255,{}
abilities,essence_of_the_ghost_aura3,True,game/scripts/npc/abilities/wanderer_abilities.txt,regen_hp,3.6,AbilityValues,256,{}
abilities,essence_of_the_ghost_aura3,True,game/scripts/npc/abilities/wanderer_abilities.txt,move_speed_bonus,15,AbilityValues,257,{}
abilities,essence_of_the_ghost_aura4,True,game/scripts/npc/abilities/wanderer_abilities.txt,radius,1000,AbilityValues,298,{}
abilities,essence_of_the_ghost_aura4,True,game/scripts/npc/abilities/wanderer_abilities.txt,regen_hp,6,AbilityValues,299,{}
abilities,essence_of_the_ghost_aura4,True,game/scripts/npc/abilities/wanderer_abilities.txt,move_speed_bonus,20,AbilityValues,300,{}
abilities,water_elemental_4_orb,True,game/scripts/npc/abilities/water_elemental.txt,extra_dmg,5,AbilityValues,16,{}
abilities,water_elemental_4_orb,True,game/scripts/npc/abilities/water_elemental.txt,duration,4.0,AbilityValues,17,{}
abilities,water_elemental_4_orb,True,game/scripts/npc/abilities/water_elemental.txt,reduce_armor,-9,AbilityValues,18,{}
items,item_lia_alanith_spear,True,game/scripts/npc/items/item_lia_alanith_spear.txt,bonus_damage,25,AbilityValues,42,{}
items,item_lia_alanith_spear,True,game/scripts/npc/items/item_lia_alanith_spear.txt,lifesteal_percent,17,AbilityValues,43,{}
items,item_lia_amulet,True,game/scripts/npc/items/item_lia_amulet.txt,bonus_health,100,AbilityValues,24,{}
items,item_lia_amulet_of_spell_shield,True,game/scripts/npc/items/item_lia_amulet_of_spell_shield.txt,block_cooldown,30.0,AbilityValues,22,{}
items,item_lia_ancient_glove,True,game/scripts/npc/items/item_lia_ancient_glove.txt,crit_chance,15,AbilityValues,24,{}
items,item_lia_ancient_glove,True,game/scripts/npc/items/item_lia_ancient_glove.txt,crit_mult,150,AbilityValues,25,{}
items,item_lia_anti_magic_potion,True,game/scripts/npc/items/item_lia_anti_magic_potion.txt,duration,6,AbilityValues,28,{}
items,item_lia_armor_of_the_red_mist,True,game/scripts/npc/items/item_lia_armor_of_the_red_mist.txt,bonus_armor,20,AbilityValues,53,{}
items,item_lia_armor_of_the_red_mist,True,game/scripts/npc/items/item_lia_armor_of_the_red_mist.txt,bonus_health,700,AbilityValues,54,{}
items,item_lia_armor_of_the_red_mist,True,game/scripts/npc/items/item_lia_armor_of_the_red_mist.txt,damage_blocked,60,AbilityValues,55,{}
items,item_lia_armor_of_the_red_mist,True,game/scripts/npc/items/item_lia_armor_of_the_red_mist.txt,bonus_magic_resist_percentage,30,AbilityValues,56,{}
items,item_lia_armor_of_the_red_mist,True,game/scripts/npc/items/item_lia_armor_of_the_red_mist.txt,damage,400,AbilityValues,57,{}
items,item_lia_armor_of_the_red_mist,True,game/scripts/npc/items/item_lia_armor_of_the_red_mist.txt,active_armor,25,AbilityValues,58,{}
items,item_lia_armor_of_the_red_mist,True,game/scripts/npc/items/item_lia_armor_of_the_red_mist.txt,radius,400,AbilityValues,59,{}
items,item_lia_armor_of_the_red_mist,True,game/scripts/npc/items/item_lia_armor_of_the_red_mist.txt,duration,5.0,AbilityValues,60,{}
items,item_lia_armor_of_the_red_mist,True,game/scripts/npc/items/item_lia_armor_of_the_red_mist.txt,duration_hero_tooltip,2.5,AbilityValues,61,{}
items,item_lia_axe,True,game/scripts/npc/items/item_lia_axe.txt,bonus_strength,6,AbilityValues,24,{}
items,item_lia_banner_of_victory,True,game/scripts/npc/items/item_lia_banner_of_victory.txt,aura_radius,800,AbilityValues,39,{}
items,item_lia_banner_of_victory,True,game/scripts/npc/items/item_lia_banner_of_victory.txt,aura_lifesteal_percent,12,AbilityValues,40,{}
items,item_lia_banner_of_victory,True,game/scripts/npc/items/item_lia_banner_of_victory.txt,aura_armor,5,AbilityValues,41,{}
items,item_lia_battle_axe,True,game/scripts/npc/items/item_lia_battle_axe.txt,bonus_damage,16,AbilityValues,40,{}
items,item_lia_battle_axe,True,game/scripts/npc/items/item_lia_battle_axe.txt,bonus_strength,18,AbilityValues,41,{}
items,item_lia_battle_axe,True,game/scripts/npc/items/item_lia_battle_axe.txt,bonus_armor,4,AbilityValues,42,{}
items,item_lia_battle_axe,True,game/scripts/npc/items/item_lia_battle_axe.txt,bash_chance,16,AbilityValues,43,{}
items,item_lia_battle_axe,True,game/scripts/npc/items/item_lia_battle_axe.txt,bash_damage,80,AbilityValues,44,{}
items,item_lia_battle_axe,True,game/scripts/npc/items/item_lia_battle_axe.txt,bash_stun,1.25,AbilityValues,45,{}
items,item_lia_battle_javelin,True,game/scripts/npc/items/item_lia_battle_javelin.txt,bonus_damage,45,AbilityValues,39,{}
items,item_lia_battle_javelin,True,game/scripts/npc/items/item_lia_battle_javelin.txt,bonus_attack_speed,35,AbilityValues,40,{}
items,item_lia_battle_javelin,True,game/scripts/npc/items/item_lia_battle_javelin.txt,pierce_chance,15,AbilityValues,41,{}
items,item_lia_blade_of_incorporeality,True,game/scripts/npc/items/item_lia_blade_of_incorporeality.txt,bonus_damage,35,AbilityValues,47,{}
items,item_lia_blade_of_incorporeality,True,game/scripts/npc/items/item_lia_blade_of_incorporeality.txt,bonus_attack_speed,40,AbilityValues,48,{}
items,item_lia_blade_of_incorporeality,True,game/scripts/npc/items/item_lia_blade_of_incorporeality.txt,bonus_agility,20,AbilityValues,49,{}
items,item_lia_blade_of_incorporeality,True,game/scripts/npc/items/item_lia_blade_of_incorporeality.txt,bonus_armor,10,AbilityValues,50,{}
items,item_lia_blade_of_incorporeality,True,game/scripts/npc/items/item_lia_blade_of_incorporeality.txt,evasion,15,AbilityValues,51,{}
items,item_lia_blade_of_incorporeality,True,game/scripts/npc/items/item_lia_blade_of_incorporeality.txt,active_evasion,75,AbilityValues,52,{}
items,item_lia_blade_of_incorporeality,True,game/scripts/npc/items/item_lia_blade_of_incorporeality.txt,active_duration,4,AbilityValues,53,{}
items,item_lia_blood_blade,True,game/scripts/npc/items/item_lia_blood_blade.txt,bonus_damage,70,AbilityValues,50,{}
items,item_lia_blood_blade,True,game/scripts/npc/items/item_lia_blood_blade.txt,lifesteal_percent,22,AbilityValues,51,{}
items,item_lia_blood_blade,True,game/scripts/npc/items/item_lia_blood_blade.txt,healtsteal_percent,8,AbilityValues,52,{}
items,item_lia_blood_blade,True,game/scripts/npc/items/item_lia_blood_blade.txt,healtsteal_radius,525,AbilityValues,53,{}
items,item_lia_blood_blade,True,game/scripts/npc/items/item_lia_blood_blade.txt,healtsteal_limit,1500,AbilityValues,54,{}
items,item_lia_blood_blade,True,game/scripts/npc/items/item_lia_blood_blade.txt,healtsteal_max_damage,250,AbilityValues,55,{}
items,item_lia_blood_moon,True,game/scripts/npc/items/item_lia_blood_moon.txt,bonus_damage,100,AbilityValues,40,{}
items,item_lia_blood_moon,True,game/scripts/npc/items/item_lia_blood_moon.txt,bonus_strength,50,AbilityValues,41,{}
items,item_lia_blood_moon,True,game/scripts/npc/items/item_lia_blood_moon.txt,bonus_attack_speed,40,AbilityValues,42,{}
items,item_lia_blood_moon,True,game/scripts/npc/items/item_lia_blood_moon.txt,cleave_percent,30,AbilityValues,43,{}
items,item_lia_blood_moon,True,game/scripts/npc/items/item_lia_blood_moon.txt,cleave_start_width,150,AbilityValues,44,{}
items,item_lia_blood_moon,True,game/scripts/npc/items/item_lia_blood_moon.txt,cleave_end_width,200,AbilityValues,45,{}
items,item_lia_blood_moon,True,game/scripts/npc/items/item_lia_blood_moon.txt,cleave_length,200,AbilityValues,46,{}
items,item_lia_boar,True,game/scripts/npc/items/item_lia_boar.txt,duration,35,AbilityValues,40,{}
items,item_lia_book_of_the_dead,True,game/scripts/npc/items/item_lia_book_of_the_dead.txt,duration,30,AbilityValues,41,{}
items,item_lia_boots,True,game/scripts/npc/items/item_lia_boots.txt,bonus_movement_speed,50,AbilityValues,23,{}
items,item_lia_boots_of_invisibility,True,game/scripts/npc/items/item_lia_boots_of_invisibility.txt,bonus_movement_speed,50,AbilityValues,52,{}
items,item_lia_boots_of_invisibility,True,game/scripts/npc/items/item_lia_boots_of_invisibility.txt,duration,6,AbilityValues,53,{}
items,item_lia_boots_of_invisibility,True,game/scripts/npc/items/item_lia_boots_of_invisibility.txt,invis_movespeed_percent,10,AbilityValues,54,{}
items,item_lia_boots_of_invisibility,True,game/scripts/npc/items/item_lia_boots_of_invisibility.txt,invis_damage,50,AbilityValues,55,{}
items,item_lia_bounty_hunters_crossbow,True,game/scripts/npc/items/item_lia_bounty_hunters_crossbow.txt,bonus_damage,100,AbilityValues,46,{}
items,item_lia_bounty_hunters_crossbow,True,game/scripts/npc/items/item_lia_bounty_hunters_crossbow.txt,bonus_attack_speed,35,AbilityValues,47,{}
items,item_lia_bounty_hunters_crossbow,True,game/scripts/npc/items/item_lia_bounty_hunters_crossbow.txt,pierce_chance,25,AbilityValues,48,{}
items,item_lia_bounty_hunters_crossbow,True,game/scripts/npc/items/item_lia_bounty_hunters_crossbow.txt,active_pierce_chance,50,AbilityValues,49,{}
items,item_lia_bounty_hunters_crossbow,True,game/scripts/npc/items/item_lia_bounty_hunters_crossbow.txt,active_duration,5,AbilityValues,50,{}
items,item_lia_claws,True,game/scripts/npc/items/item_lia_claws.txt,bonus_damage,16,AbilityValues,27,{}
items,item_lia_crown_of_death,True,game/scripts/npc/items/item_lia_crown_of_death.txt,bonus_magic_resist_percentage,25,AbilityValues,72,{}
items,item_lia_crown_of_death,True,game/scripts/npc/items/item_lia_crown_of_death.txt,bonus_health,200,AbilityValues,73,{}
items,item_lia_crown_of_death,True,game/scripts/npc/items/item_lia_crown_of_death.txt,damage,275,AbilityValues,74,{}
items,item_lia_crown_of_death,True,game/scripts/npc/items/item_lia_crown_of_death.txt,range_tooltip,500,AbilityValues,75,{}
items,item_lia_crusher,True,game/scripts/npc/items/item_lia_crusher.txt,bonus_damage,75,AbilityValues,54,{}
items,item_lia_crusher,True,game/scripts/npc/items/item_lia_crusher.txt,bonus_attack_speed,45,AbilityValues,55,{}
items,item_lia_crusher,True,game/scripts/npc/items/item_lia_crusher.txt,bonus_agility,25,AbilityValues,56,{}
items,item_lia_crusher,True,game/scripts/npc/items/item_lia_crusher.txt,lightning_chance,22,AbilityValues,57,{}
items,item_lia_crusher,True,game/scripts/npc/items/item_lia_crusher.txt,crit_mult,190,AbilityValues,58,{}
items,item_lia_crusher,True,game/scripts/npc/items/item_lia_crusher.txt,lightning_damage,400,AbilityValues,59,{}
items,item_lia_crusher,True,game/scripts/npc/items/item_lia_crusher.txt,lightning_bounces,8,AbilityValues,60,{}
items,item_lia_crusher,True,game/scripts/npc/items/item_lia_crusher.txt,bounce_range,700,AbilityValues,61,{}
items,item_lia_crusher,True,game/scripts/npc/items/item_lia_crusher.txt,lightning_decay,0,AbilityValues,62,{}
items,item_lia_crusher,True,game/scripts/npc/items/item_lia_crusher.txt,time_between_bounces,0.2,AbilityValues,63,{}
items,item_lia_crusher,True,game/scripts/npc/items/item_lia_crusher.txt,lightning_cooldown,4,AbilityValues,64,{}
items,item_lia_demon_edge,True,game/scripts/npc/items/item_lia_demon_edge.txt,bonus_damage,55,AbilityValues,52,{}
items,item_lia_demonic_figurine,True,game/scripts/npc/items/item_lia_demonic_figure.txt,duration,60,AbilityValues,53,{}
items,item_lia_divine_armor,True,game/scripts/npc/items/item_lia_divine_armor.txt,bonus_armor,30,AbilityValues,63,{}
items,item_lia_divine_armor,True,game/scripts/npc/items/item_lia_divine_armor.txt,bonus_health,700,AbilityValues,64,{}
items,item_lia_divine_armor,True,game/scripts/npc/items/item_lia_divine_armor.txt,bonus_health_regen,25,AbilityValues,65,{}
items,item_lia_divine_armor,True,game/scripts/npc/items/item_lia_divine_armor.txt,evasion_percent,20,AbilityValues,66,{}
items,item_lia_dust_of_appearance,True,game/scripts/npc/items/item_lia_dust_of_appearance.txt,duration,8,AbilityValues,32,{}
items,item_lia_dust_of_appearance,True,game/scripts/npc/items/item_lia_dust_of_appearance.txt,radius,1000,AbilityValues,33,{}
items,item_lia_dust_of_appearance,True,game/scripts/npc/items/item_lia_dust_of_appearance.txt,movespeed,0,AbilityValues,34,{}
items,item_lia_dwarf_armor,True,game/scripts/npc/items/item_lia_dwarf_armor.txt,bonus_armor,10,AbilityValues,53,{}
items,item_lia_dwarf_armor,True,game/scripts/npc/items/item_lia_dwarf_armor.txt,bonus_health,175,AbilityValues,54,{}
items,item_lia_enchanted_shield,True,game/scripts/npc/items/item_lia_enchanted_shield.txt,bonus_armor,"[13, 16]",AbilityValues,65,{}
items,item_lia_enchanted_shield,True,game/scripts/npc/items/item_lia_enchanted_shield.txt,bonus_health,"[325, 525]",AbilityValues,66,{}
items,item_lia_enchanted_shield,True,game/scripts/npc/items/item_lia_enchanted_shield.txt,block_chance,50,AbilityValues,67,{}
items,item_lia_enchanted_shield,True,game/scripts/npc/items/item_lia_enchanted_shield.txt,damage_block,"[75, 100]",AbilityValues,68,{}
items,item_lia_enchanted_shield_2,True,game/scripts/npc/items/item_lia_enchanted_shield.txt,bonus_armor,16,AbilityValues,97,{}
items,item_lia_enchanted_shield_2,True,game/scripts/npc/items/item_lia_enchanted_shield.txt,bonus_health,525,AbilityValues,98,{}
items,item_lia_enchanted_shield_2,True,game/scripts/npc/items/item_lia_enchanted_shield.txt,block_chance,50,AbilityValues,99,{}
items,item_lia_enchanted_shield_2,True,game/scripts/npc/items/item_lia_enchanted_shield.txt,damage_block,100,AbilityValues,100,{}
items,item_lia_ferus_shield,True,game/scripts/npc/items/item_lia_ferus_shield.txt,bonus_health,550,AbilityValues,50,{}
items,item_lia_ferus_shield,True,game/scripts/npc/items/item_lia_ferus_shield.txt,aura_radius,800,AbilityValues,51,{}
items,item_lia_ferus_shield,True,game/scripts/npc/items/item_lia_ferus_shield.txt,aura_lifesteal_percent,15,AbilityValues,52,{}
items,item_lia_ferus_shield,True,game/scripts/npc/items/item_lia_ferus_shield.txt,aura_regen,15,AbilityValues,53,{}
items,item_lia_ferus_shield,True,game/scripts/npc/items/item_lia_ferus_shield.txt,aura_armor,13,AbilityValues,54,{}
items,item_lia_ferus_shield,True,game/scripts/npc/items/item_lia_ferus_shield.txt,panic_duration,4,AbilityValues,55,{}
items,item_lia_ferus_shield,True,game/scripts/npc/items/item_lia_ferus_shield.txt,panic_radius,350,AbilityValues,56,{}
items,item_lia_fire_gloves,True,game/scripts/npc/items/item_lia_fire_gloves.txt,bonus_mana,"[350, 500]",AbilityValues,78,{}
items,item_lia_fire_gloves,True,game/scripts/npc/items/item_lia_fire_gloves.txt,bonus_damage,"[30, 50]",AbilityValues,79,{}
items,item_lia_fire_gloves,True,game/scripts/npc/items/item_lia_fire_gloves.txt,bonus_attack_speed,"[30, 45]",AbilityValues,80,{}
items,item_lia_fire_gloves,True,game/scripts/npc/items/item_lia_fire_gloves.txt,damage_per_second,"[80, 100]",AbilityValues,81,{}
items,item_lia_fire_gloves,True,game/scripts/npc/items/item_lia_fire_gloves.txt,mana_cost_per_second,"[10, 15]",AbilityValues,82,{}
items,item_lia_fire_gloves,True,game/scripts/npc/items/item_lia_fire_gloves.txt,radius,220,AbilityValues,83,{}
items,item_lia_fire_gloves_2,True,game/scripts/npc/items/item_lia_fire_gloves.txt,bonus_mana,500,AbilityValues,124,{}
items,item_lia_fire_gloves_2,True,game/scripts/npc/items/item_lia_fire_gloves.txt,bonus_damage,50,AbilityValues,125,{}
items,item_lia_fire_gloves_2,True,game/scripts/npc/items/item_lia_fire_gloves.txt,bonus_attack_speed,45,AbilityValues,126,{}
items,item_lia_fire_gloves_2,True,game/scripts/npc/items/item_lia_fire_gloves.txt,damage_per_second,100,AbilityValues,127,{}
items,item_lia_fire_gloves_2,True,game/scripts/npc/items/item_lia_fire_gloves.txt,mana_cost_per_second,15,AbilityValues,128,{}
items,item_lia_fire_gloves_2,True,game/scripts/npc/items/item_lia_fire_gloves.txt,radius,220,AbilityValues,129,{}
items,item_lia_fire_rod,True,game/scripts/npc/items/item_lia_fire_rod.txt,bonus_damage,75,AbilityValues,57,{}
items,item_lia_fire_rod,True,game/scripts/npc/items/item_lia_fire_rod.txt,bonus_mana,350,AbilityValues,58,{}
items,item_lia_fire_rod,True,game/scripts/npc/items/item_lia_fire_rod.txt,radius,180,AbilityValues,59,{}
items,item_lia_fire_rod,True,game/scripts/npc/items/item_lia_fire_rod.txt,wave_width,200,AbilityValues,60,{}
items,item_lia_fire_rod,True,game/scripts/npc/items/item_lia_fire_rod.txt,wave_range,700,AbilityValues,61,{}
items,item_lia_fire_rod,True,game/scripts/npc/items/item_lia_fire_rod.txt,wave_speed,900,AbilityValues,62,{}
items,item_lia_fire_rod,True,game/scripts/npc/items/item_lia_fire_rod.txt,wave_damage,600,AbilityValues,63,{}
items,item_lia_fire_sword,True,game/scripts/npc/items/item_lia_fire_sword.txt,bonus_damage,16,AbilityValues,97,{}
items,item_lia_fire_sword,True,game/scripts/npc/items/item_lia_fire_sword.txt,crit_chance,20,AbilityValues,98,{}
items,item_lia_fire_sword,True,game/scripts/npc/items/item_lia_fire_sword.txt,crit_mult,170,AbilityValues,99,{}
items,item_lia_ghost_blade,True,game/scripts/npc/items/item_lia_ghost_blade.txt,bonus_damage,30,AbilityValues,40,{}
items,item_lia_ghost_blade,True,game/scripts/npc/items/item_lia_ghost_blade.txt,bonus_agility,25,AbilityValues,41,{}
items,item_lia_ghost_blade,True,game/scripts/npc/items/item_lia_ghost_blade.txt,bonus_strength,25,AbilityValues,42,{}
items,item_lia_ghost_blade,True,game/scripts/npc/items/item_lia_ghost_blade.txt,bonus_armor,6,AbilityValues,43,{}
items,item_lia_ghost_blade,True,game/scripts/npc/items/item_lia_ghost_blade.txt,bonus_attack_speed,50,AbilityValues,44,{}
items,item_lia_ghost_blade,True,game/scripts/npc/items/item_lia_ghost_blade.txt,bash_chance,18,AbilityValues,45,{}
items,item_lia_ghost_blade,True,game/scripts/npc/items/item_lia_ghost_blade.txt,bash_damage,175,AbilityValues,46,{}
items,item_lia_ghost_blade,True,game/scripts/npc/items/item_lia_ghost_blade.txt,bash_stun,1.5,AbilityValues,47,{}
items,item_lia_ghost_blade,True,game/scripts/npc/items/item_lia_ghost_blade.txt,crit_mult,175,AbilityValues,48,{}
items,item_lia_glove_of_pain,True,game/scripts/npc/items/item_lia_glove_of_pain.txt,bonus_mana,400,AbilityValues,150,{}
items,item_lia_glove_of_pain,True,game/scripts/npc/items/item_lia_glove_of_pain.txt,bonus_intelligence,20,AbilityValues,151,{}
items,item_lia_glove_of_pain,True,game/scripts/npc/items/item_lia_glove_of_pain.txt,aura_radius,1000,AbilityValues,152,{}
items,item_lia_glove_of_pain,True,game/scripts/npc/items/item_lia_glove_of_pain.txt,aura_mana_regen,8,AbilityValues,153,{}
items,item_lia_glove_of_pain,True,game/scripts/npc/items/item_lia_glove_of_pain.txt,duration,8,AbilityValues,154,{}
items,item_lia_glove_of_pain,True,game/scripts/npc/items/item_lia_glove_of_pain.txt,damage,175,AbilityValues,155,{}
items,item_lia_glove_of_pain,True,game/scripts/npc/items/item_lia_glove_of_pain.txt,radius,275,AbilityValues,156,{}
items,item_lia_glove_of_pain,True,game/scripts/npc/items/item_lia_glove_of_pain.txt,think_interval,1.0,AbilityValues,157,{}
items,item_lia_gloves_of_haste,True,game/scripts/npc/items/item_lia_gloves_of_haste.txt,bonus_attack_speed,15,AbilityValues,22,{}
items,item_lia_gloves_of_strength,True,game/scripts/npc/items/item_lia_gloves_of_strength.txt,bonus_strength,12,AbilityValues,21,{}
items,item_lia_hammer,True,game/scripts/npc/items/item_lia_hammer.txt,bonus_damage,35,AbilityValues,41,{}
items,item_lia_hammer,True,game/scripts/npc/items/item_lia_hammer.txt,bonus_strength,15,AbilityValues,42,{}
items,item_lia_hammer,True,game/scripts/npc/items/item_lia_hammer.txt,bonus_agility,15,AbilityValues,43,{}
items,item_lia_hammer,True,game/scripts/npc/items/item_lia_hammer.txt,bonus_intelligence,15,AbilityValues,44,{}
items,item_lia_hammer,True,game/scripts/npc/items/item_lia_hammer.txt,minibash_chance,30,AbilityValues,45,{}
items,item_lia_hammer,True,game/scripts/npc/items/item_lia_hammer.txt,bash_damage,175,AbilityValues,46,{}
items,item_lia_hammer,True,game/scripts/npc/items/item_lia_hammer.txt,bash_stun,0.01,AbilityValues,47,{}
items,item_lia_hammer_of_titans,True,game/scripts/npc/items/item_lia_hammer_of_titans.txt,bonus_damage,80,AbilityValues,40,{}
items,item_lia_hammer_of_titans,True,game/scripts/npc/items/item_lia_hammer_of_titans.txt,bonus_strength,25,AbilityValues,41,{}
items,item_lia_hammer_of_titans,True,game/scripts/npc/items/item_lia_hammer_of_titans.txt,bonus_agility,25,AbilityValues,42,{}
items,item_lia_hammer_of_titans,True,game/scripts/npc/items/item_lia_hammer_of_titans.txt,bonus_intelligence,25,AbilityValues,43,{}
items,item_lia_hammer_of_titans,True,game/scripts/npc/items/item_lia_hammer_of_titans.txt,minibash_chance,30,AbilityValues,44,{}
items,item_lia_hammer_of_titans,True,game/scripts/npc/items/item_lia_hammer_of_titans.txt,bash_damage,275,AbilityValues,45,{}
items,item_lia_hammer_of_titans,True,game/scripts/npc/items/item_lia_hammer_of_titans.txt,bash_stun,0.01,AbilityValues,46,{}
items,item_lia_hammer_of_titans,True,game/scripts/npc/items/item_lia_hammer_of_titans.txt,cleave_percent,50,AbilityValues,47,{}
items,item_lia_hammer_of_titans,True,game/scripts/npc/items/item_lia_hammer_of_titans.txt,splash_percent_ranged,20,AbilityValues,48,{}
items,item_lia_hammer_of_titans,True,game/scripts/npc/items/item_lia_hammer_of_titans.txt,cleave_start_width,150,AbilityValues,49,{}
items,item_lia_hammer_of_titans,True,game/scripts/npc/items/item_lia_hammer_of_titans.txt,cleave_end_width,200,AbilityValues,50,{}
items,item_lia_hammer_of_titans,True,game/scripts/npc/items/item_lia_hammer_of_titans.txt,cleave_length,200,AbilityValues,51,{}
items,item_lia_hammer_of_titans,True,game/scripts/npc/items/item_lia_hammer_of_titans.txt,splash_radius,200,AbilityValues,52,{}
items,item_lia_hammer_of_titans,True,game/scripts/npc/items/item_lia_hammer_of_titans.txt,attack_speed_slow,-30,AbilityValues,53,{}
items,item_lia_hammer_of_titans,True,game/scripts/npc/items/item_lia_hammer_of_titans.txt,movement_slow_percentage,-30,AbilityValues,54,{}
items,item_lia_hammer_of_titans,True,game/scripts/npc/items/item_lia_hammer_of_titans.txt,slow_duration,3,AbilityValues,55,{}
items,item_lia_healing_ward,True,game/scripts/npc/items/item_lia_healing_ward.txt,heal_percent_tooltip,3,AbilityValues,29,{}
items,item_lia_healing_ward,True,game/scripts/npc/items/item_lia_healing_ward.txt,duration,30,AbilityValues,30,{}
items,item_lia_health_elixir,True,game/scripts/npc/items/item_lia_health_elixir.txt,heal_amount,800,AbilityValues,37,{}
items,item_lia_health_stone_potion,True,game/scripts/npc/items/item_lia_health_stone_potion.txt,bonus_health_regen,5,AbilityValues,33,{}
items,item_lia_health_stone_potion,True,game/scripts/npc/items/item_lia_health_stone_potion.txt,heal_amount,400,AbilityValues,34,{}
items,item_lia_hell_gloves,True,game/scripts/npc/items/item_lia_hell_gloves.txt,bonus_attack_speed,30,AbilityValues,54,{}
items,item_lia_hell_gloves,True,game/scripts/npc/items/item_lia_hell_gloves.txt,bonus_damage,60,AbilityValues,55,{}
items,item_lia_hell_gloves,True,game/scripts/npc/items/item_lia_hell_gloves.txt,bonus_strength,30,AbilityValues,56,{}
items,item_lia_hell_mask,True,game/scripts/npc/items/item_lia_hell_mask.txt,bonus_mana_regen,0.6,AbilityValues,67,{}
items,item_lia_hell_mask,True,game/scripts/npc/items/item_lia_hell_mask.txt,bonus_intelligence,8,AbilityValues,68,{}
items,item_lia_hell_mask,True,game/scripts/npc/items/item_lia_hell_mask.txt,creep_duration,80,AbilityValues,69,{}
items,item_lia_helm,True,game/scripts/npc/items/item_lia_helm.txt,bonus_armor,6,AbilityValues,22,{}
items,item_lia_huge_axe,True,game/scripts/npc/items/item_lia_huge_axe.txt,bonus_damage,32,AbilityValues,40,{}
items,item_lia_huge_axe,True,game/scripts/npc/items/item_lia_huge_axe.txt,bonus_strength,15,AbilityValues,41,{}
items,item_lia_huge_axe,True,game/scripts/npc/items/item_lia_huge_axe.txt,cleave_percent,25,AbilityValues,42,{}
items,item_lia_huge_axe,True,game/scripts/npc/items/item_lia_huge_axe.txt,cleave_start_width,150,AbilityValues,43,{}
items,item_lia_huge_axe,True,game/scripts/npc/items/item_lia_huge_axe.txt,cleave_end_width,200,AbilityValues,44,{}
items,item_lia_huge_axe,True,game/scripts/npc/items/item_lia_huge_axe.txt,cleave_length,200,AbilityValues,45,{}
items,item_lia_hyper_boots,True,game/scripts/npc/items/item_lia_hyper_boots.txt,bonus_movement_speed,60,AbilityValues,57,{}
items,item_lia_hyper_boots,True,game/scripts/npc/items/item_lia_hyper_boots.txt,max_distance,750,AbilityValues,58,{}
items,item_lia_hyper_boots,True,game/scripts/npc/items/item_lia_hyper_boots.txt,radius,250,AbilityValues,59,{}
items,item_lia_hyper_boots,True,game/scripts/npc/items/item_lia_hyper_boots.txt,stun_duration,1,AbilityValues,60,{}
items,item_lia_hyper_boots,True,game/scripts/npc/items/item_lia_hyper_boots.txt,damage,100,AbilityValues,61,{}
items,item_lia_hyper_boots,True,game/scripts/npc/items/item_lia_hyper_boots.txt,charge_speed,2500,AbilityValues,62,{}
items,item_lia_hyper_boots,True,game/scripts/npc/items/item_lia_hyper_boots.txt,cast_range,500,AbilityValues,63,{}
items,item_lia_hyper_boots_old,True,game/scripts/npc/items/item_lia_hyper_boots.txt,bonus_movement_speed,20,AbilityValues,166,{}
items,item_lia_hyper_boots_old,True,game/scripts/npc/items/item_lia_hyper_boots.txt,max_distance,750,AbilityValues,167,{}
items,item_lia_hyper_boots_old,True,game/scripts/npc/items/item_lia_hyper_boots.txt,radius,250,AbilityValues,168,{}
items,item_lia_hyper_boots_old,True,game/scripts/npc/items/item_lia_hyper_boots.txt,stun_duration,1,AbilityValues,169,{}
items,item_lia_hyper_boots_old,True,game/scripts/npc/items/item_lia_hyper_boots.txt,damage,100,AbilityValues,170,{}
items,item_lia_hyper_boots_old,True,game/scripts/npc/items/item_lia_hyper_boots.txt,charge_speed,2500,AbilityValues,171,{}
items,item_lia_hyper_boots_old,True,game/scripts/npc/items/item_lia_hyper_boots.txt,cast_range,500,AbilityValues,172,{}
items,item_lia_ice_sword,True,game/scripts/npc/items/item_lia_ice_sword.txt,bonus_mana,600,AbilityValues,53,{}
items,item_lia_ice_sword,True,game/scripts/npc/items/item_lia_ice_sword.txt,bonus_damage,60,AbilityValues,54,{}
items,item_lia_ice_sword,True,game/scripts/npc/items/item_lia_ice_sword.txt,aura_radius,900,AbilityValues,55,{}
items,item_lia_ice_sword,True,game/scripts/npc/items/item_lia_ice_sword.txt,aura_attack_speed,25,AbilityValues,56,{}
items,item_lia_ice_sword,True,game/scripts/npc/items/item_lia_ice_sword.txt,aura_movement_speed,15,AbilityValues,57,{}
items,item_lia_ice_sword,True,game/scripts/npc/items/item_lia_ice_sword.txt,orb_movespeed_slow,-40,AbilityValues,58,{}
items,item_lia_ice_sword,True,game/scripts/npc/items/item_lia_ice_sword.txt,orb_attack_slow,-25,AbilityValues,59,{}
items,item_lia_ice_sword,True,game/scripts/npc/items/item_lia_ice_sword.txt,orb_duration,3,AbilityValues,60,{}
items,item_lia_ice_sword,True,game/scripts/npc/items/item_lia_ice_sword.txt,freeze_duration,3,AbilityValues,61,{}
items,item_lia_ice_sword,True,game/scripts/npc/items/item_lia_ice_sword.txt,freeze_damage,200,AbilityValues,62,{}
items,item_lia_ice_sword,True,game/scripts/npc/items/item_lia_ice_sword.txt,freeze_radius,500,AbilityValues,63,{}
items,item_lia_knight_cuirass,True,game/scripts/npc/items/item_lia_knight_cuirass.txt,bonus_armor,20,AbilityValues,42,{}
items,item_lia_knight_cuirass,True,game/scripts/npc/items/item_lia_knight_cuirass.txt,bonus_health,650,AbilityValues,43,{}
items,item_lia_knight_cuirass,True,game/scripts/npc/items/item_lia_knight_cuirass.txt,bonus_health_regen,25,AbilityValues,44,{}
items,item_lia_knight_cuirass,True,game/scripts/npc/items/item_lia_knight_cuirass.txt,damage_return,25,AbilityValues,45,{}
items,item_lia_knight_cuirass,True,game/scripts/npc/items/item_lia_knight_cuirass.txt,damage_return_abi,50,AbilityValues,46,{}
items,item_lia_knight_cuirass,True,game/scripts/npc/items/item_lia_knight_cuirass.txt,duration,5,AbilityValues,47,{}
items,item_lia_knight_shield,True,game/scripts/npc/items/item_lia_knight_shield.txt,bonus_armor,5,AbilityValues,40,{}
items,item_lia_knight_shield,True,game/scripts/npc/items/item_lia_knight_shield.txt,bonus_health,200,AbilityValues,41,{}
items,item_lia_knight_shield,True,game/scripts/npc/items/item_lia_knight_shield.txt,damage_return,20,AbilityValues,42,{}
items,item_lia_lightning_bow,True,game/scripts/npc/items/item_lia_lightning_bow.txt,bonus_attack_speed,80,AbilityValues,53,{}
items,item_lia_lightning_bow,True,game/scripts/npc/items/item_lia_lightning_bow.txt,bonus_agility,90,AbilityValues,54,{}
items,item_lia_lightning_bow,True,game/scripts/npc/items/item_lia_lightning_bow.txt,crit_chance,25,AbilityValues,55,{}
items,item_lia_lightning_bow,True,game/scripts/npc/items/item_lia_lightning_bow.txt,crit_mult,200,AbilityValues,56,{}
items,item_lia_lightning_bow,True,game/scripts/npc/items/item_lia_lightning_bow.txt,heaven_wrath_damage,500,AbilityValues,57,{}
items,item_lia_lightning_bow,True,game/scripts/npc/items/item_lia_lightning_bow.txt,heaven_wrath_duration,8,AbilityValues,58,{}
items,item_lia_lightning_bow,True,game/scripts/npc/items/item_lia_lightning_bow.txt,heaven_wrath_radius,600,AbilityValues,59,{}
items,item_lia_lightning_bow,True,game/scripts/npc/items/item_lia_lightning_bow.txt,heaven_wrath_time_between_lightings,0.5,AbilityValues,60,{}
items,item_lia_lightning_bow,True,game/scripts/npc/items/item_lia_lightning_bow.txt,heaven_wrath_min_health_heroes,35,AbilityValues,61,{}
items,item_lia_lightning_spear,True,game/scripts/npc/items/item_lia_lightning_spear.txt,bonus_damage,45,AbilityValues,55,{}
items,item_lia_lightning_spear,True,game/scripts/npc/items/item_lia_lightning_spear.txt,crit_chance,22,AbilityValues,56,{}
items,item_lia_lightning_spear,True,game/scripts/npc/items/item_lia_lightning_spear.txt,crit_mult,190,AbilityValues,57,{}
items,item_lia_lightning_spear,True,game/scripts/npc/items/item_lia_lightning_spear.txt,lightning_damage,400,AbilityValues,58,{}
items,item_lia_lightning_spear,True,game/scripts/npc/items/item_lia_lightning_spear.txt,lightning_bounces,8,AbilityValues,59,{}
items,item_lia_lightning_spear,True,game/scripts/npc/items/item_lia_lightning_spear.txt,bounce_range,700,AbilityValues,60,{}
items,item_lia_lightning_spear,True,game/scripts/npc/items/item_lia_lightning_spear.txt,lightning_decay,0,AbilityValues,61,{}
items,item_lia_lightning_spear,True,game/scripts/npc/items/item_lia_lightning_spear.txt,time_between_bounces,0.2,AbilityValues,62,{}
items,item_lia_lunar_necklace,True,game/scripts/npc/items/item_lia_lunar_necklace.txt,bonus_health,300,AbilityValues,50,{}
items,item_lia_lunar_necklace,True,game/scripts/npc/items/item_lia_lunar_necklace.txt,bonus_mana,300,AbilityValues,51,{}
items,item_lia_lunar_necklace,True,game/scripts/npc/items/item_lia_lunar_necklace.txt,bonus_all_stats,35,AbilityValues,52,{}
items,item_lia_lunar_necklace,True,game/scripts/npc/items/item_lia_lunar_necklace.txt,duration,6,AbilityValues,53,{}
items,item_lia_lunar_necklace,True,game/scripts/npc/items/item_lia_lunar_necklace.txt,stat_percent,75,AbilityValues,54,{}
items,item_lia_lunar_necklace,True,game/scripts/npc/items/item_lia_lunar_necklace.txt,bonus_magic_resist_percentage_active,20,AbilityValues,55,{}
items,item_lia_lunar_necklace,True,game/scripts/npc/items/item_lia_lunar_necklace.txt,stat_bonus_max,75,AbilityValues,56,{}
items,item_lia_magic_bow,True,game/scripts/npc/items/item_lia_magic_bow.txt,bonus_attack_speed,40,AbilityValues,54,{}
items,item_lia_magic_bow,True,game/scripts/npc/items/item_lia_magic_bow.txt,bonus_damage,50,AbilityValues,55,{}
items,item_lia_magic_bow,True,game/scripts/npc/items/item_lia_magic_bow.txt,bonus_agility,30,AbilityValues,56,{}
items,item_lia_magic_helm,True,game/scripts/npc/items/item_lia_magic_helm.txt,bonus_armor,8,AbilityValues,53,{}
items,item_lia_magic_helm,True,game/scripts/npc/items/item_lia_magic_helm.txt,evasion_percent,15,AbilityValues,54,{}
items,item_lia_magic_necklace,True,game/scripts/npc/items/item_lia_magic_necklace.txt,bonus_all_stats,25,AbilityValues,54,{}
items,item_lia_magic_staff,True,game/scripts/npc/items/item_lia_magic_staff.txt,bonus_intelligence,24,AbilityValues,53,{}
items,item_lia_magic_staff,True,game/scripts/npc/items/item_lia_magic_staff.txt,bonus_mana_regen,0.4,AbilityValues,54,{}
items,item_lia_magician_armor,True,game/scripts/npc/items/item_lia_magician_armor.txt,bonus_armor,15,AbilityValues,40,{}
items,item_lia_magician_armor,True,game/scripts/npc/items/item_lia_magician_armor.txt,bonus_health,450,AbilityValues,41,{}
items,item_lia_magician_armor,True,game/scripts/npc/items/item_lia_magician_armor.txt,bonus_intelligence,40,AbilityValues,42,{}
items,item_lia_magician_armor,True,game/scripts/npc/items/item_lia_magician_armor.txt,bonus_mana_regeneration,4,AbilityValues,43,{}
items,item_lia_magician_armor,True,game/scripts/npc/items/item_lia_magician_armor.txt,bonus_spell_damage_percentage,15,AbilityValues,44,{}
items,item_lia_magician_armor,True,game/scripts/npc/items/item_lia_magician_armor.txt,bonus_debuff_duration_percentage,10,AbilityValues,45,{}
items,item_lia_mana_elixir,True,game/scripts/npc/items/item_lia_mana_elixir.txt,mana_amount,500,AbilityValues,34,{}
items,item_lia_mana_staff,True,game/scripts/npc/items/item_lia_mana_staff.txt,bonus_mana,300,AbilityValues,79,{}
items,item_lia_mana_staff,True,game/scripts/npc/items/item_lia_mana_staff.txt,bonus_intelligence,15,AbilityValues,80,{}
items,item_lia_mana_staff,True,game/scripts/npc/items/item_lia_mana_staff.txt,aura_radius,1000,AbilityValues,81,{}
items,item_lia_mana_staff,True,game/scripts/npc/items/item_lia_mana_staff.txt,aura_mana_regen,4.0,AbilityValues,82,{}
items,item_lia_mana_stone,True,game/scripts/npc/items/item_lia_mana_stone.txt,bonus_mana,150,AbilityValues,21,{}
items,item_lia_mana_stone_potion,True,game/scripts/npc/items/item_lia_mana_stone_potion.txt,bonus_mana_regen,0.25,AbilityValues,32,{}
items,item_lia_mana_stone_potion,True,game/scripts/npc/items/item_lia_mana_stone_potion.txt,mana_amount,250,AbilityValues,33,{}
items,item_lia_mantle,True,game/scripts/npc/items/item_lia_mantle.txt,bonus_intelligence,6,AbilityValues,21,{}
items,item_lia_mask,True,game/scripts/npc/items/item_lia_mask.txt,bonus_mana_regen,0.2,AbilityValues,22,{}
items,item_lia_mask_of_death,True,game/scripts/npc/items/item_lia_mask_of_death.txt,lifesteal_percent,10,AbilityValues,21,{}
items,item_lia_mithril_armor,True,game/scripts/npc/items/item_lia_mithril_armor.txt,bonus_armor,16,AbilityValues,53,{}
items,item_lia_mithril_armor,True,game/scripts/npc/items/item_lia_mithril_armor.txt,bonus_health,250,AbilityValues,54,{}
items,item_lia_mithril_armor,True,game/scripts/npc/items/item_lia_mithril_armor.txt,damage_blocked,45,AbilityValues,55,{}
items,item_lia_mithril_armor,True,game/scripts/npc/items/item_lia_mithril_armor.txt,radius,400,AbilityValues,56,{}
items,item_lia_mithril_armor,True,game/scripts/npc/items/item_lia_mithril_armor.txt,duration,5.0,AbilityValues,57,{}
items,item_lia_necklace,True,game/scripts/npc/items/item_lia_necklace.txt,bonus_agility,6,AbilityValues,23,{}
items,item_lia_orb_of_fire,True,game/scripts/npc/items/item_lia_orb_of_fire.txt,bonus_damage,15,AbilityValues,24,{}
items,item_lia_orb_of_fire,True,game/scripts/npc/items/item_lia_orb_of_fire.txt,radius,180,AbilityValues,25,{}
items,item_lia_orb_of_frost,True,game/scripts/npc/items/item_lia_orb_of_frost.txt,bonus_mana,400,AbilityValues,40,{}
items,item_lia_orb_of_frost,True,game/scripts/npc/items/item_lia_orb_of_frost.txt,bonus_damage,30,AbilityValues,41,{}
items,item_lia_orb_of_frost,True,game/scripts/npc/items/item_lia_orb_of_frost.txt,aura_radius,900,AbilityValues,42,{}
items,item_lia_orb_of_frost,True,game/scripts/npc/items/item_lia_orb_of_frost.txt,aura_attack_speed,20,AbilityValues,43,{}
items,item_lia_orb_of_frost,True,game/scripts/npc/items/item_lia_orb_of_frost.txt,aura_movement_speed,10,AbilityValues,44,{}
items,item_lia_orb_of_frost,True,game/scripts/npc/items/item_lia_orb_of_frost.txt,orb_movespeed_slow,-40,AbilityValues,45,{}
items,item_lia_orb_of_frost,True,game/scripts/npc/items/item_lia_orb_of_frost.txt,orb_attack_slow,-25,AbilityValues,46,{}
items,item_lia_orb_of_frost,True,game/scripts/npc/items/item_lia_orb_of_frost.txt,orb_duration,3,AbilityValues,47,{}
items,item_lia_pantilus_blade,True,game/scripts/npc/items/item_lia_pantilus_blade.txt,bonus_attack_speed,35,AbilityValues,54,{}
items,item_lia_pantilus_blade,True,game/scripts/npc/items/item_lia_pantilus_blade.txt,bonus_damage,30,AbilityValues,55,{}
items,item_lia_pantilus_blade,True,game/scripts/npc/items/item_lia_pantilus_blade.txt,bonus_agility,15,AbilityValues,56,{}
items,item_lia_poleaxe_of_rage,True,game/scripts/npc/items/item_lia_poleaxe_of_rage.txt,bonus_damage,40,AbilityValues,139,{}
items,item_lia_poleaxe_of_rage,True,game/scripts/npc/items/item_lia_poleaxe_of_rage.txt,crit_chance,25,AbilityValues,140,{}
items,item_lia_poleaxe_of_rage,True,game/scripts/npc/items/item_lia_poleaxe_of_rage.txt,crit_mult,220,AbilityValues,141,{}
items,item_lia_poleaxe_of_rage,True,game/scripts/npc/items/item_lia_poleaxe_of_rage.txt,berserk_bonus_attack_speed,250,AbilityValues,142,{}
items,item_lia_poleaxe_of_rage,True,game/scripts/npc/items/item_lia_poleaxe_of_rage.txt,berserk_bonus_movement_speed_percentage,20,AbilityValues,143,{}
items,item_lia_poleaxe_of_rage,True,game/scripts/npc/items/item_lia_poleaxe_of_rage.txt,berserk_extra_incoming_damage_percentage,10,AbilityValues,144,{}
items,item_lia_poleaxe_of_rage,True,game/scripts/npc/items/item_lia_poleaxe_of_rage.txt,berserk_duration,8.0,AbilityValues,145,{}
items,item_lia_potion_of_invisibility,True,game/scripts/npc/items/item_lia_potion_of_invisibility.txt,duration,7,AbilityValues,29,{}
items,item_lia_potion_of_invulnerability,True,game/scripts/npc/items/item_lia_potion_of_invulnerability.txt,duration,2,AbilityValues,29,{}
items,item_lia_pure_light,True,game/scripts/npc/items/item_lia_pure_light.txt,bonus_mana,350,AbilityValues,52,{}
items,item_lia_pure_light,True,game/scripts/npc/items/item_lia_pure_light.txt,bonus_intelligence,25,AbilityValues,53,{}
items,item_lia_pure_light,True,game/scripts/npc/items/item_lia_pure_light.txt,aura_mana_regen,15,AbilityValues,54,{}
items,item_lia_pure_light,True,game/scripts/npc/items/item_lia_pure_light.txt,aura_health_regen,15,AbilityValues,55,{}
items,item_lia_pure_light,True,game/scripts/npc/items/item_lia_pure_light.txt,aura_radius,1000,AbilityValues,56,{}
items,item_lia_pure_light,True,game/scripts/npc/items/item_lia_pure_light.txt,totem_damage_reduction,60,AbilityValues,57,{}
items,item_lia_pure_light,True,game/scripts/npc/items/item_lia_pure_light.txt,totem_duration,6,AbilityValues,58,{}
items,item_lia_pure_light,True,game/scripts/npc/items/item_lia_pure_light.txt,totem_targets,3,AbilityValues,59,{}
items,item_lia_pure_light,True,game/scripts/npc/items/item_lia_pure_light.txt,totem_radius,600,AbilityValues,60,{}
items,item_lia_blade_of_rage_agi,True,game/scripts/npc/items/item_lia_rage_sword_agi.txt,bonus_attack_speed,55,AbilityValues,47,{}
items,item_lia_blade_of_rage_agi,True,game/scripts/npc/items/item_lia_rage_sword_agi.txt,bonus_damage,50,AbilityValues,48,{}
items,item_lia_blade_of_rage_agi,True,game/scripts/npc/items/item_lia_rage_sword_agi.txt,bonus_agility,25,AbilityValues,49,{}
items,item_lia_blade_of_rage_agi,True,game/scripts/npc/items/item_lia_rage_sword_agi.txt,duration,5,AbilityValues,50,{}
items,item_lia_blade_of_rage_agi,True,game/scripts/npc/items/item_lia_rage_sword_agi.txt,agi_percent,75,AbilityValues,51,{}
items,item_lia_blade_of_rage_int,True,game/scripts/npc/items/item_lia_rage_sword_int.txt,bonus_attack_speed,55,AbilityValues,47,{}
items,item_lia_blade_of_rage_int,True,game/scripts/npc/items/item_lia_rage_sword_int.txt,bonus_damage,50,AbilityValues,48,{}
items,item_lia_blade_of_rage_int,True,game/scripts/npc/items/item_lia_rage_sword_int.txt,bonus_intellect,25,AbilityValues,49,{}
items,item_lia_blade_of_rage_int,True,game/scripts/npc/items/item_lia_rage_sword_int.txt,duration,5,AbilityValues,50,{}
items,item_lia_blade_of_rage_int,True,game/scripts/npc/items/item_lia_rage_sword_int.txt,int_percent,75,AbilityValues,51,{}
items,item_lia_blade_of_rage_str,True,game/scripts/npc/items/item_lia_rage_sword_str.txt,bonus_attack_speed,55,AbilityValues,47,{}
items,item_lia_blade_of_rage_str,True,game/scripts/npc/items/item_lia_rage_sword_str.txt,bonus_damage,50,AbilityValues,48,{}
items,item_lia_blade_of_rage_str,True,game/scripts/npc/items/item_lia_rage_sword_str.txt,bonus_strength,25,AbilityValues,49,{}
items,item_lia_blade_of_rage_str,True,game/scripts/npc/items/item_lia_rage_sword_str.txt,duration,5,AbilityValues,50,{}
items,item_lia_blade_of_rage_str,True,game/scripts/npc/items/item_lia_rage_sword_str.txt,str_percent,75,AbilityValues,51,{}
items,item_lia_ring_of_protection,True,game/scripts/npc/items/item_lia_ring_of_protection.txt,bonus_armor,3,AbilityValues,21,{}
items,item_lia_ring_of_regeneration,True,game/scripts/npc/items/item_lia_ring_of_regeneration.txt,bonus_health_regen,3,AbilityValues,22,{}
items,item_lia_rune_of_healing,True,game/scripts/npc/items/item_lia_rune_of_healing.txt,heal,450,AbilityValues,69,{}
items,item_lia_rune_of_healing,True,game/scripts/npc/items/item_lia_rune_of_healing.txt,radius,2000,AbilityValues,70,{}
items,item_lia_rune_of_lifesteal,True,game/scripts/npc/items/item_lia_rune_of_lifesteal.txt,duration,15,AbilityValues,34,{}
items,item_lia_rune_of_lifesteal,True,game/scripts/npc/items/item_lia_rune_of_lifesteal.txt,bonus_damage,50,AbilityValues,35,{}
items,item_lia_rune_of_lifesteal,True,game/scripts/npc/items/item_lia_rune_of_lifesteal.txt,lifesteal_percent,100,AbilityValues,36,{}
items,item_lia_rune_of_mana,True,game/scripts/npc/items/item_lia_rune_of_mana.txt,mana,250,AbilityValues,70,{}
items,item_lia_rune_of_mana,True,game/scripts/npc/items/item_lia_rune_of_mana.txt,radius,2000,AbilityValues,71,{}
items,item_lia_rune_of_protection,True,game/scripts/npc/items/item_lia_rune_of_protection.txt,radius,1400,AbilityValues,41,{}
items,item_lia_rune_of_restoration,True,game/scripts/npc/items/item_lia_rune_of_restoration.txt,mana,300,AbilityValues,77,{}
items,item_lia_rune_of_restoration,True,game/scripts/npc/items/item_lia_rune_of_restoration.txt,heal,300,AbilityValues,78,{}
items,item_lia_rune_of_restoration,True,game/scripts/npc/items/item_lia_rune_of_restoration.txt,radius,2000,AbilityValues,79,{}
items,item_lia_rune_of_speed,True,game/scripts/npc/items/item_lia_rune_of_speed.txt,radius,2000,AbilityValues,33,{}
items,item_lia_rune_of_speed,True,game/scripts/npc/items/item_lia_rune_of_speed.txt,duration,15,AbilityValues,34,{}
items,item_lia_rune_of_speed,True,game/scripts/npc/items/item_lia_rune_of_speed.txt,speed_bonus,200,AbilityValues,35,{}
items,item_lia_runed_bracers,True,game/scripts/npc/items/item_lia_runed_bracers.txt,bonus_magic_resist_percentage,20,AbilityValues,21,{}
items,item_lia_runed_gloves,True,game/scripts/npc/items/item_lia_runed_gloves.txt,bonus_attack_speed,20,AbilityValues,53,{}
items,item_lia_runed_gloves,True,game/scripts/npc/items/item_lia_runed_gloves.txt,bonus_damage,20,AbilityValues,54,{}
items,item_lia_staff_of_power,True,game/scripts/npc/items/item_lia_scepter_of_power.txt,bonus_mana_regen,1.5,AbilityValues,44,{}
items,item_lia_staff_of_power,True,game/scripts/npc/items/item_lia_scepter_of_power.txt,block_cooldown,20,AbilityValues,45,{}
items,item_lia_scroll_of_restoration,True,game/scripts/npc/items/item_lia_scroll_of_restoration.txt,health_restored,500,AbilityValues,27,{}
items,item_lia_scroll_of_restoration,True,game/scripts/npc/items/item_lia_scroll_of_restoration.txt,mana_restored,250,AbilityValues,28,{}
items,item_lia_scroll_of_restoration,True,game/scripts/npc/items/item_lia_scroll_of_restoration.txt,radius,1000,AbilityValues,29,{}
items,item_lia_scroll_of_secret_knowledge,True,game/scripts/npc/items/item_lia_scroll_of_secret_knowledge.txt,bonus_armor,100,AbilityValues,27,{}
items,item_lia_scroll_of_secret_knowledge,True,game/scripts/npc/items/item_lia_scroll_of_secret_knowledge.txt,duration,6,AbilityValues,28,{}
items,item_lia_scroll_of_secret_knowledge,True,game/scripts/npc/items/item_lia_scroll_of_secret_knowledge.txt,radius,600,AbilityValues,29,{}
items,item_lia_seal_of_power_shop,True,game/scripts/npc/items/item_lia_seal_of_power.txt,bonus_damage,50,AbilityValues,39,{}
items,item_lia_seal_of_power_shop,True,game/scripts/npc/items/item_lia_seal_of_power.txt,bonus_armor,15,AbilityValues,40,{}
items,item_lia_seal_of_power_shop,True,game/scripts/npc/items/item_lia_seal_of_power.txt,damage_needed_for_one_armor,20,AbilityValues,41,{}
items,item_lia_seal_of_power_shop,True,game/scripts/npc/items/item_lia_seal_of_power.txt,armor_needed_for_one_damage,0.5,AbilityValues,42,{}
items,item_lia_seal_of_power_shop,True,game/scripts/npc/items/item_lia_seal_of_power.txt,damage_limit,200,AbilityValues,43,{}
items,item_lia_seal_of_power_shop,True,game/scripts/npc/items/item_lia_seal_of_power.txt,armor_limit,30,AbilityValues,44,{}
items,item_lia_seal_of_power_shop,True,game/scripts/npc/items/item_lia_seal_of_power.txt,stats_lose_percent,25,AbilityValues,45,{}
items,item_lia_seal_of_power_shop,True,game/scripts/npc/items/item_lia_seal_of_power.txt,armor_for_dmg_tooltip,1,AbilityValues,46,{}
items,item_lia_seal_of_power_shop,True,game/scripts/npc/items/item_lia_seal_of_power.txt,dmg_tooltip,2,AbilityValues,47,{}
items,item_lia_seal_of_power_shop,True,game/scripts/npc/items/item_lia_seal_of_power.txt,armor_tooltip,2,AbilityValues,48,{}
items,item_lia_shield_of_death,True,game/scripts/npc/items/item_lia_shield_of_death.txt,bonus_magic_resist_percentage,30,AbilityValues,103,{}
items,item_lia_shield_of_death,True,game/scripts/npc/items/item_lia_shield_of_death.txt,bonus_health,450,AbilityValues,104,{}
items,item_lia_shield_of_death,True,game/scripts/npc/items/item_lia_shield_of_death.txt,damage,350,AbilityValues,105,{}
items,item_lia_shield_of_death,True,game/scripts/npc/items/item_lia_shield_of_death.txt,radius,300,AbilityValues,106,{}
items,item_lia_shield_of_death,True,game/scripts/npc/items/item_lia_shield_of_death.txt,active_armor,20,AbilityValues,107,{}
items,item_lia_shield_of_death,True,game/scripts/npc/items/item_lia_shield_of_death.txt,duration,6.0,AbilityValues,108,{}
items,item_lia_shield_of_endurance,True,game/scripts/npc/items/item_lia_shield_of_endurance.txt,bonus_armor,5,AbilityValues,54,{}
items,item_lia_shield_of_endurance,True,game/scripts/npc/items/item_lia_shield_of_endurance.txt,bonus_health,250,AbilityValues,55,{}
items,item_lia_shield_of_endurance,True,game/scripts/npc/items/item_lia_shield_of_endurance.txt,bonus_health_regen,10,AbilityValues,56,{}
items,item_lia_spear,True,game/scripts/npc/items/item_lia_spear.txt,bonus_damage,24,AbilityValues,23,{}
items,item_lia_spellbreaker,True,game/scripts/npc/items/item_lia_spellbreaker.txt,bonus_armor,20,AbilityValues,44,{}
items,item_lia_spellbreaker,True,game/scripts/npc/items/item_lia_spellbreaker.txt,bonus_health,600,AbilityValues,45,{}
items,item_lia_spellbreaker,True,game/scripts/npc/items/item_lia_spellbreaker.txt,block_chance,50,AbilityValues,46,{}
items,item_lia_spellbreaker,True,game/scripts/npc/items/item_lia_spellbreaker.txt,damage_block,125,AbilityValues,47,{}
items,item_lia_spellbreaker,True,game/scripts/npc/items/item_lia_spellbreaker.txt,bonus_mana_regen,1.5,AbilityValues,48,{}
items,item_lia_spellbreaker,True,game/scripts/npc/items/item_lia_spellbreaker.txt,block_cooldown,15.0,AbilityValues,49,{}
items,item_ultimate_scepter,True,game/scripts/npc/items/item_lia_spherical_staff.txt,bonus_mana_regen,1,AbilityValues,58,{}
items,item_ultimate_scepter,True,game/scripts/npc/items/item_lia_spherical_staff.txt,bonus_int,30,AbilityValues,59,{}
items,item_ultimate_scepter,True,game/scripts/npc/items/item_lia_spherical_staff.txt,infernal_duration,60,AbilityValues,60,{}
items,item_ultimate_scepter,True,game/scripts/npc/items/item_lia_spherical_staff.txt,stun_duration,2.7,AbilityValues,61,{}
items,item_ultimate_scepter,True,game/scripts/npc/items/item_lia_spherical_staff.txt,radius,220,AbilityValues,62,{}
items,item_ultimate_scepter,True,game/scripts/npc/items/item_lia_spherical_staff.txt,damage,300,AbilityValues,63,{}
items,item_ultimate_scepter,True,game/scripts/npc/items/item_lia_spherical_staff.txt,bonus_all_stats,0,AbilityValues,68,{}
items,item_ultimate_scepter,True,game/scripts/npc/items/item_lia_spherical_staff.txt,bonus_health,0,AbilityValues,69,{}
items,item_ultimate_scepter,True,game/scripts/npc/items/item_lia_spherical_staff.txt,bonus_mana,0,AbilityValues,70,{}
items,item_lia_spider_ring,True,game/scripts/npc/items/item_lia_spider_ring.txt,armor_reduction,3,AbilityValues,24,{}
items,item_lia_spider_ring,True,game/scripts/npc/items/item_lia_spider_ring.txt,duration,6,AbilityValues,25,{}
items,item_lia_staff,True,game/scripts/npc/items/item_lia_staff.txt,bonus_intelligence,12,AbilityValues,21,{}
items,item_lia_staff_of_help,True,game/scripts/npc/items/item_lia_staff_of_help.txt,bonus_mana_regen,"[0.5, 0.8]",AbilityValues,74,{}
items,item_lia_staff_of_help,True,game/scripts/npc/items/item_lia_staff_of_help.txt,bonus_intelligence,"[20, 25]",AbilityValues,75,{}
items,item_lia_staff_of_help,True,game/scripts/npc/items/item_lia_staff_of_help.txt,bonus_armor_aura,"[7, 10]",AbilityValues,76,{}
items,item_lia_staff_of_help,True,game/scripts/npc/items/item_lia_staff_of_help.txt,radius_aura,1000,AbilityValues,77,{}
items,item_lia_staff_of_help,True,game/scripts/npc/items/item_lia_staff_of_help.txt,healing,"[500, 700]",AbilityValues,78,{}
items,item_lia_staff_of_help,True,game/scripts/npc/items/item_lia_staff_of_help.txt,max_bounces,"[8, 10]",AbilityValues,79,{}
items,item_lia_staff_of_help,True,game/scripts/npc/items/item_lia_staff_of_help.txt,bounce_range,1000,AbilityValues,80,{}
items,item_lia_staff_of_help_2,True,game/scripts/npc/items/item_lia_staff_of_help.txt,bonus_mana_regen,0.8,AbilityValues,167,{}
items,item_lia_staff_of_help_2,True,game/scripts/npc/items/item_lia_staff_of_help.txt,bonus_intelligence,25,AbilityValues,168,{}
items,item_lia_staff_of_help_2,True,game/scripts/npc/items/item_lia_staff_of_help.txt,bonus_armor_aura,10,AbilityValues,169,{}
items,item_lia_staff_of_help_2,True,game/scripts/npc/items/item_lia_staff_of_help.txt,radius_aura,1000,AbilityValues,170,{}
items,item_lia_staff_of_help_2,True,game/scripts/npc/items/item_lia_staff_of_help.txt,healing,700,AbilityValues,171,{}
items,item_lia_staff_of_help_2,True,game/scripts/npc/items/item_lia_staff_of_help.txt,max_bounces,10,AbilityValues,172,{}
items,item_lia_staff_of_help_2,True,game/scripts/npc/items/item_lia_staff_of_help.txt,bounce_range,1000,AbilityValues,173,{}
items,item_lia_staff_of_illusions,True,game/scripts/npc/items/item_lia_staff_of_illusions.txt,bonus_intelligence,28,AbilityValues,71,{}
items,item_lia_staff_of_illusions,True,game/scripts/npc/items/item_lia_staff_of_illusions.txt,bonus_mana_regen,1.4,AbilityValues,72,{}
items,item_lia_staff_of_illusions,True,game/scripts/npc/items/item_lia_staff_of_illusions.txt,bonus_mana,250,AbilityValues,73,{}
items,item_lia_staff_of_illusions,True,game/scripts/npc/items/item_lia_staff_of_illusions.txt,illusion_outgoing_damage,100,AbilityValues,74,{}
items,item_lia_staff_of_illusions,True,game/scripts/npc/items/item_lia_staff_of_illusions.txt,illusion_incoming_damage,200,AbilityValues,75,{}
items,item_lia_staff_of_illusions,True,game/scripts/npc/items/item_lia_staff_of_illusions.txt,illusion_outgoing_damage_tooltip,100,AbilityValues,76,{}
items,item_lia_staff_of_illusions,True,game/scripts/npc/items/item_lia_staff_of_illusions.txt,illusion_duration,10,AbilityValues,77,{}
items,item_lia_staff_of_life,True,game/scripts/npc/items/item_lia_staff_of_life.txt,bonus_intelligence,25,AbilityValues,55,{}
items,item_lia_staff_of_life,True,game/scripts/npc/items/item_lia_staff_of_life.txt,bonus_mana_regen,1.0,AbilityValues,56,{}
items,item_lia_staff_of_life,True,game/scripts/npc/items/item_lia_staff_of_life.txt,bonus_armor,5,AbilityValues,57,{}
items,item_lia_staff_of_life,True,game/scripts/npc/items/item_lia_staff_of_life.txt,ability_radius,300,AbilityValues,58,{}
items,item_lia_staff_of_life,True,game/scripts/npc/items/item_lia_staff_of_life.txt,restore_limit,700,AbilityValues,59,{}
items,item_lia_staff_of_life,True,game/scripts/npc/items/item_lia_staff_of_life.txt,ability_duration,10,AbilityValues,60,{}
items,item_lia_staff_of_light,True,game/scripts/npc/items/item_lia_staff_of_light.txt,bonus_intelligence,35,AbilityValues,188,{}
items,item_lia_staff_of_light,True,game/scripts/npc/items/item_lia_staff_of_light.txt,bonus_mana_regen,1.2,AbilityValues,189,{}
items,item_lia_staff_of_light,True,game/scripts/npc/items/item_lia_staff_of_light.txt,ability_radius,300,AbilityValues,190,{}
items,item_lia_staff_of_light,True,game/scripts/npc/items/item_lia_staff_of_light.txt,ability_damage,50,AbilityValues,191,{}
items,item_lia_staff_of_light,True,game/scripts/npc/items/item_lia_staff_of_light.txt,ability_duration,10,AbilityValues,192,{}
items,item_lia_staff_of_light,True,game/scripts/npc/items/item_lia_staff_of_light.txt,aura_radius,550,AbilityValues,193,{}
items,item_lia_staff_of_light,True,game/scripts/npc/items/item_lia_staff_of_light.txt,aura_health_regen,40,AbilityValues,194,{}
items,item_lia_staff_of_light,True,game/scripts/npc/items/item_lia_staff_of_light.txt,aura_health_perc_max,50,AbilityValues,195,{}
items,item_lia_steel_sword,True,game/scripts/npc/items/item_lia_steel_sword.txt,bonus_damage,12,AbilityValues,20,{}
items,item_lia_stormwind_horn,True,game/scripts/npc/items/item_lia_stormwind_horn.txt,radius,900,AbilityValues,26,{}
items,item_lia_stormwind_horn,True,game/scripts/npc/items/item_lia_stormwind_horn.txt,bonus_attack_speed,15,AbilityValues,27,{}
items,item_lia_stormwind_horn,True,game/scripts/npc/items/item_lia_stormwind_horn.txt,bonus_movement_speed_percent,10,AbilityValues,28,{}
items,item_lia_stormwind_horn,True,game/scripts/npc/items/item_lia_stormwind_horn.txt,regen,0,AbilityValues,29,{}
items,item_lia_sword_of_solidarity,True,game/scripts/npc/items/item_lia_sword_of_solidarity.txt,bonus_damage,"[50, 90]",AbilityValues,107,{}
items,item_lia_sword_of_solidarity,True,game/scripts/npc/items/item_lia_sword_of_solidarity.txt,bonus_armor,"[5, 10]",AbilityValues,108,{}
items,item_lia_sword_of_solidarity,True,game/scripts/npc/items/item_lia_sword_of_solidarity.txt,bonus_health_regen,"[5, 15]",AbilityValues,109,{}
items,item_lia_sword_of_solidarity,True,game/scripts/npc/items/item_lia_sword_of_solidarity.txt,replenish_amount,"[200, 400]",AbilityValues,110,{}
items,item_lia_sword_of_solidarity,True,game/scripts/npc/items/item_lia_sword_of_solidarity.txt,active_armor,"[14, 24]",AbilityValues,111,{}
items,item_lia_sword_of_solidarity,True,game/scripts/npc/items/item_lia_sword_of_solidarity.txt,replenish_radius,800,AbilityValues,112,{}
items,item_lia_sword_of_solidarity,True,game/scripts/npc/items/item_lia_sword_of_solidarity.txt,duration,16.0,AbilityValues,113,{}
items,item_lia_sword_of_solidarity_2,True,game/scripts/npc/items/item_lia_sword_of_solidarity.txt,bonus_damage,90,AbilityValues,182,{}
items,item_lia_sword_of_solidarity_2,True,game/scripts/npc/items/item_lia_sword_of_solidarity.txt,bonus_armor,10,AbilityValues,183,{}
items,item_lia_sword_of_solidarity_2,True,game/scripts/npc/items/item_lia_sword_of_solidarity.txt,replenish_radius,800,AbilityValues,184,{}
items,item_lia_sword_of_solidarity_2,True,game/scripts/npc/items/item_lia_sword_of_solidarity.txt,bonus_health_regen,15,AbilityValues,185,{}
items,item_lia_sword_of_solidarity_2,True,game/scripts/npc/items/item_lia_sword_of_solidarity.txt,replenish_amount,400,AbilityValues,186,{}
items,item_lia_sword_of_solidarity_2,True,game/scripts/npc/items/item_lia_sword_of_solidarity.txt,active_armor,24,AbilityValues,187,{}
items,item_lia_sword_of_solidarity_2,True,game/scripts/npc/items/item_lia_sword_of_solidarity.txt,duration,16.0,AbilityValues,188,{}
items,item_lia_thugs_dagger,True,game/scripts/npc/items/item_lia_thugs_dagger.txt,bonus_agility,12,AbilityValues,23,{}
items,item_lia_totem_of_persistence,True,game/scripts/npc/items/item_lia_totem_of_persistence.txt,bonus_magic_resist_percentage,40,AbilityValues,44,{}
items,item_lia_totem_of_persistence,True,game/scripts/npc/items/item_lia_totem_of_persistence.txt,bonus_mana_regen,1.75,AbilityValues,45,{}
items,item_lia_totem_of_persistence,True,game/scripts/npc/items/item_lia_totem_of_persistence.txt,bonus_armor,15,AbilityValues,46,{}
items,item_lia_totem_of_persistence,True,game/scripts/npc/items/item_lia_totem_of_persistence.txt,bonus_health,250,AbilityValues,47,{}
items,item_lia_totem_of_persistence,True,game/scripts/npc/items/item_lia_totem_of_persistence.txt,duration,6.0,AbilityValues,48,{}
items,item_lia_troll_defender,True,game/scripts/npc/items/item_lia_troll_defender.txt,duration,45,AbilityValues,39,{}
items,item_lia_troll_healer,True,game/scripts/npc/items/item_lia_troll_healer.txt,duration,45,AbilityValues,40,{}
items,item_lia_widow_boots,True,game/scripts/npc/items/item_lia_widow_boots.txt,bonus_attack_damage,60,AbilityValues,52,{}
items,item_lia_widow_boots,True,game/scripts/npc/items/item_lia_widow_boots.txt,bonus_movement_speed,60,AbilityValues,53,{}
items,item_lia_widow_boots,True,game/scripts/npc/items/item_lia_widow_boots.txt,armor_reduction,3,AbilityValues,54,{}
items,item_lia_widow_boots,True,game/scripts/npc/items/item_lia_widow_boots.txt,max_stacks,5,AbilityValues,55,{}
items,item_lia_widow_boots,True,game/scripts/npc/items/item_lia_widow_boots.txt,debuff_duration,6,AbilityValues,56,{}
items,item_lia_widow_boots,True,game/scripts/npc/items/item_lia_widow_boots.txt,invis_duration,6,AbilityValues,57,{}
items,item_lia_widow_boots,True,game/scripts/npc/items/item_lia_widow_boots.txt,invis_movespeed_percent,30,AbilityValues,58,{}
items,item_lia_widow_boots,True,game/scripts/npc/items/item_lia_widow_boots.txt,invis_bonus_damage,100,AbilityValues,59,{}
