from_category,from_id,to_id,key_path,source,line,meaning
heroes,npc_dota_hero_alchemist,alchemist_fire_potion,Ability1[1],game/scripts/npc/heroes/npc_lia_hero_alchemist.txt,11,Literal KV reference; not proof that an event or ability is used.
heroes,npc_dota_hero_alchemist,alchemist_swiftness_potion,Ability2[1],game/scripts/npc/heroes/npc_lia_hero_alchemist.txt,12,Literal KV reference; not proof that an event or ability is used.
heroes,npc_dota_hero_alchemist,alchemist_unity,Ability3[1],game/scripts/npc/heroes/npc_lia_hero_alchemist.txt,13,Literal KV reference; not proof that an event or ability is used.
heroes,npc_dota_hero_alchemist,alchemist_side_effect,Ability6[1],game/scripts/npc/heroes/npc_lia_hero_alchemist.txt,16,Literal KV reference; not proof that an event or ability is used.
heroes,npc_dota_hero_mirana,ancient_priestess_surge_of_intelligence,Ability1[1],game/scripts/npc/heroes/npc_lia_hero_ancient_priestess.txt,11,Literal KV reference; not proof that an event or ability is used.
heroes,npc_dota_hero_mirana,ancient_priestess_spirit_link,Ability2[1],game/scripts/npc/heroes/npc_lia_hero_ancient_priestess.txt,12,Literal KV reference; not proof that an event or ability is used.
heroes,npc_dota_hero_mirana,ancient_priestess_mana_shield,Ability3[1],game/scripts/npc/heroes/npc_lia_hero_ancient_priestess.txt,13,Literal KV reference; not proof that an event or ability is used.
heroes,npc_dota_hero_mirana,ancient_priestess_ritual_protection,Ability6[1],game/scripts/npc/heroes/npc_lia_hero_ancient_priestess.txt,16,Literal KV reference; not proof that an event or ability is used.
heroes,npc_dota_hero_shredder,android_war_stomp,Ability1[1],game/scripts/npc/heroes/npc_lia_hero_android.txt,11,Literal KV reference; not proof that an event or ability is used.
heroes,npc_dota_hero_shredder,android_pocket_factory,Ability2[1],game/scripts/npc/heroes/npc_lia_hero_android.txt,12,Literal KV reference; not proof that an event or ability is used.
heroes,npc_dota_hero_shredder,android_armor,Ability3[1],game/scripts/npc/heroes/npc_lia_hero_android.txt,13,Literal KV reference; not proof that an event or ability is used.
heroes,npc_dota_hero_shredder,android_cluster_rockets,Ability6[1],game/scripts/npc/heroes/npc_lia_hero_android.txt,16,Literal KV reference; not proof that an event or ability is used.
heroes,npc_dota_hero_night_stalker,araman_curse,Ability1[1],game/scripts/npc/heroes/npc_lia_hero_araman.txt,11,Literal KV reference; not proof that an event or ability is used.
heroes,npc_dota_hero_night_stalker,araman_armor_of_darkness,Ability2[1],game/scripts/npc/heroes/npc_lia_hero_araman.txt,12,Literal KV reference; not proof that an event or ability is used.
heroes,npc_dota_hero_night_stalker,araman_morale,Ability3[1],game/scripts/npc/heroes/npc_lia_hero_araman.txt,13,Literal KV reference; not proof that an event or ability is used.
heroes,npc_dota_hero_night_stalker,araman_power_of_scourge,Ability6[1],game/scripts/npc/heroes/npc_lia_hero_araman.txt,16,Literal KV reference; not proof that an event or ability is used.
heroes,npc_dota_hero_keeper_of_the_light,archmage_shooting_star,Ability1[1],game/scripts/npc/heroes/npc_lia_hero_archmage.txt,13,Literal KV reference; not proof that an event or ability is used.
heroes,npc_dota_hero_keeper_of_the_light,archmage_polymorph,Ability2[1],game/scripts/npc/heroes/npc_lia_hero_archmage.txt,14,Literal KV reference; not proof that an event or ability is used.
heroes,npc_dota_hero_keeper_of_the_light,archmage_magic_barrier,Ability3[1],game/scripts/npc/heroes/npc_lia_hero_archmage.txt,15,Literal KV reference; not proof that an event or ability is used.
heroes,npc_dota_hero_keeper_of_the_light,archmage_anomaly,Ability6[1],game/scripts/npc/heroes/npc_lia_hero_archmage.txt,18,Literal KV reference; not proof that an event or ability is used.
heroes,npc_dota_hero_beastmaster,beastmaster_dominate,Ability1[1],game/scripts/npc/heroes/npc_lia_hero_beastmaster.txt,11,Literal KV reference; not proof that an event or ability is used.
heroes,npc_dota_hero_beastmaster,beastmaster_brutality,Ability2[1],game/scripts/npc/heroes/npc_lia_hero_beastmaster.txt,12,Literal KV reference; not proof that an event or ability is used.
heroes,npc_dota_hero_beastmaster,beastmaster_help,Ability3[1],game/scripts/npc/heroes/npc_lia_hero_beastmaster.txt,13,Literal KV reference; not proof that an event or ability is used.
heroes,npc_dota_hero_beastmaster,beastmaster_beasts,Ability6[1],game/scripts/npc/heroes/npc_lia_hero_beastmaster.txt,16,Literal KV reference; not proof that an event or ability is used.
heroes,npc_dota_hero_huskar,berserker_fire_spear,Ability1[1],game/scripts/npc/heroes/npc_lia_hero_berserker.txt,16,Literal KV reference; not proof that an event or ability is used.
heroes,npc_dota_hero_huskar,berserker_frenzy_aura,Ability2[1],game/scripts/npc/heroes/npc_lia_hero_berserker.txt,17,Literal KV reference; not proof that an event or ability is used.
heroes,npc_dota_hero_huskar,berserker_desperation,Ability3[1],game/scripts/npc/heroes/npc_lia_hero_berserker.txt,18,Literal KV reference; not proof that an event or ability is used.
heroes,npc_dota_hero_huskar,berserker_madness,Ability6[1],game/scripts/npc/heroes/npc_lia_hero_berserker.txt,21,Literal KV reference; not proof that an event or ability is used.
heroes,npc_dota_hero_brewmaster,brewmaster_might,Ability1[1],game/scripts/npc/heroes/npc_lia_hero_brewmaster.txt,11,Literal KV reference; not proof that an event or ability is used.
heroes,npc_dota_hero_brewmaster,brewmaster_ferocity,Ability2[1],game/scripts/npc/heroes/npc_lia_hero_brewmaster.txt,12,Literal KV reference; not proof that an event or ability is used.
heroes,npc_dota_hero_brewmaster,brewmaster_punisment,Ability3[1],game/scripts/npc/heroes/npc_lia_hero_brewmaster.txt,13,Literal KV reference; not proof that an event or ability is used.
heroes,npc_dota_hero_brewmaster,brewmaster_avatar,Ability6[1],game/scripts/npc/heroes/npc_lia_hero_brewmaster.txt,16,Literal KV reference; not proof that an event or ability is used.
heroes,npc_dota_hero_pudge,butcher_rage,Ability1[1],game/scripts/npc/heroes/npc_lia_hero_butcher.txt,11,Literal KV reference; not proof that an event or ability is used.
heroes,npc_dota_hero_pudge,butcher_skin,Ability2[1],game/scripts/npc/heroes/npc_lia_hero_butcher.txt,12,Literal KV reference; not proof that an event or ability is used.
heroes,npc_dota_hero_pudge,butcher_zombie,Ability3[1],game/scripts/npc/heroes/npc_lia_hero_butcher.txt,13,Literal KV reference; not proof that an event or ability is used.
heroes,npc_dota_hero_pudge,butcher_howl_of_terror,Ability6[1],game/scripts/npc/heroes/npc_lia_hero_butcher.txt,16,Literal KV reference; not proof that an event or ability is used.
heroes,npc_dota_hero_abaddon,dark_knight_dark_forces,Ability1[1],game/scripts/npc/heroes/npc_lia_hero_dark_knight.txt,11,Literal KV reference; not proof that an event or ability is used.
heroes,npc_dota_hero_abaddon,dark_knight_dark_energy_zone,Ability2[1],game/scripts/npc/heroes/npc_lia_hero_dark_knight.txt,12,Literal KV reference; not proof that an event or ability is used.
heroes,npc_dota_hero_abaddon,dark_knight_incinerate,Ability3[1],game/scripts/npc/heroes/npc_lia_hero_dark_knight.txt,13,Literal KV reference; not proof that an event or ability is used.
heroes,npc_dota_hero_abaddon,dark_knight_speed,Ability6[1],game/scripts/npc/heroes/npc_lia_hero_dark_knight.txt,16,Literal KV reference; not proof that an event or ability is used.
heroes,npc_dota_hero_drow_ranger,dark_ranger_black_arrow,Ability1[1],game/scripts/npc/heroes/npc_lia_hero_dark_ranger.txt,11,Literal KV reference; not proof that an event or ability is used.
heroes,npc_dota_hero_drow_ranger,dark_ranger_magic_arrow,Ability2[1],game/scripts/npc/heroes/npc_lia_hero_dark_ranger.txt,12,Literal KV reference; not proof that an event or ability is used.
heroes,npc_dota_hero_drow_ranger,dark_ranger_spiked_charm,Ability3[1],game/scripts/npc/heroes/npc_lia_hero_dark_ranger.txt,13,Literal KV reference; not proof that an event or ability is used.
heroes,npc_dota_hero_drow_ranger,dark_ranger_fury,Ability6[1],game/scripts/npc/heroes/npc_lia_hero_dark_ranger.txt,16,Literal KV reference; not proof that an event or ability is used.
heroes,npc_dota_hero_shadow_demon,demonologist_demonic_seal,Ability1[1],game/scripts/npc/heroes/npc_lia_hero_demonologist.txt,13,Literal KV reference; not proof that an event or ability is used.
heroes,npc_dota_hero_shadow_demon,demonologist_touch_of_darkness,Ability2[1],game/scripts/npc/heroes/npc_lia_hero_demonologist.txt,14,Literal KV reference; not proof that an event or ability is used.
heroes,npc_dota_hero_shadow_demon,demonologist_mastery_of_demonology,Ability3[1],game/scripts/npc/heroes/npc_lia_hero_demonologist.txt,15,Literal KV reference; not proof that an event or ability is used.
heroes,npc_dota_hero_shadow_demon,demonologist_ritual_of_summoning,Ability6[1],game/scripts/npc/heroes/npc_lia_hero_demonologist.txt,18,Literal KV reference; not proof that an event or ability is used.
heroes,npc_dota_hero_axe,dice_rage,Ability1[1],game/scripts/npc/heroes/npc_lia_hero_dice.txt,11,Literal KV reference; not proof that an event or ability is used.
heroes,npc_dota_hero_axe,dice_bash,Ability2[1],game/scripts/npc/heroes/npc_lia_hero_dice.txt,12,Literal KV reference; not proof that an event or ability is used.
heroes,npc_dota_hero_axe,dice_endurance_aura,Ability3[1],game/scripts/npc/heroes/npc_lia_hero_dice.txt,13,Literal KV reference; not proof that an event or ability is used.
heroes,npc_dota_hero_axe,dice_steelstorm,Ability6[1],game/scripts/npc/heroes/npc_lia_hero_dice.txt,16,Literal KV reference; not proof that an event or ability is used.
heroes,npc_dota_hero_warlock,earth_lord_earth_burn,Ability1[1],game/scripts/npc/heroes/npc_lia_hero_earth_lord.txt,11,Literal KV reference; not proof that an event or ability is used.
heroes,npc_dota_hero_warlock,earth_lord_split_earth,Ability2[1],game/scripts/npc/heroes/npc_lia_hero_earth_lord.txt,12,Literal KV reference; not proof that an event or ability is used.
heroes,npc_dota_hero_warlock,earth_lord_stone_skin,Ability3[1],game/scripts/npc/heroes/npc_lia_hero_earth_lord.txt,13,Literal KV reference; not proof that an event or ability is used.
heroes,npc_dota_hero_warlock,earth_lord_might_of_the_earth,Ability6[1],game/scripts/npc/heroes/npc_lia_hero_earth_lord.txt,16,Literal KV reference; not proof that an event or ability is used.
heroes,npc_dota_hero_nyx_assassin,fallen_champion_shell,Ability1[1],game/scripts/npc/heroes/npc_lia_hero_fallen_champion.txt,11,Literal KV reference; not proof that an event or ability is used.
heroes,npc_dota_hero_nyx_assassin,fallen_champion_return,Ability2[1],game/scripts/npc/heroes/npc_lia_hero_fallen_champion.txt,12,Literal KV reference; not proof that an event or ability is used.
heroes,npc_dota_hero_nyx_assassin,fallen_champion_absorption,Ability3[1],game/scripts/npc/heroes/npc_lia_hero_fallen_champion.txt,13,Literal KV reference; not proof that an event or ability is used.
heroes,npc_dota_hero_nyx_assassin,fallen_champion_roar,Ability6[1],game/scripts/npc/heroes/npc_lia_hero_fallen_champion.txt,16,Literal KV reference; not proof that an event or ability is used.
heroes,npc_dota_hero_invoker,firelord_flame_strike,Ability1[1],game/scripts/npc/heroes/npc_lia_hero_firelord.txt,17,Literal KV reference; not proof that an event or ability is used.
heroes,npc_dota_hero_invoker,firelord_summon_lava_spawn,Ability2[1],game/scripts/npc/heroes/npc_lia_hero_firelord.txt,18,Literal KV reference; not proof that an event or ability is used.
heroes,npc_dota_hero_invoker,firelord_fire_trap,Ability3[1],game/scripts/npc/heroes/npc_lia_hero_firelord.txt,19,Literal KV reference; not proof that an event or ability is used.
heroes,npc_dota_hero_invoker,firelord_fire_serpent,Ability6[1],game/scripts/npc/heroes/npc_lia_hero_firelord.txt,22,Literal KV reference; not proof that an event or ability is used.
heroes,npc_dota_hero_lich,frost_lord_frost_breath,Ability1[1],game/scripts/npc/heroes/npc_lia_hero_frost_lord.txt,12,Literal KV reference; not proof that an event or ability is used.
heroes,npc_dota_hero_lich,frost_lord_cold,Ability2[1],game/scripts/npc/heroes/npc_lia_hero_frost_lord.txt,13,Literal KV reference; not proof that an event or ability is used.
heroes,npc_dota_hero_lich,frost_lord_freezing,Ability3[1],game/scripts/npc/heroes/npc_lia_hero_frost_lord.txt,14,Literal KV reference; not proof that an event or ability is used.
heroes,npc_dota_hero_lich,frost_lord_ice,Ability6[1],game/scripts/npc/heroes/npc_lia_hero_frost_lord.txt,17,Literal KV reference; not proof that an event or ability is used.
heroes,npc_dota_hero_ursa,furbolg_champion_furious_clap,Ability1[1],game/scripts/npc/heroes/npc_lia_hero_furbolg_champion.txt,11,Literal KV reference; not proof that an event or ability is used.
heroes,npc_dota_hero_ursa,furbolg_champion_sharp_claws,Ability2[1],game/scripts/npc/heroes/npc_lia_hero_furbolg_champion.txt,12,Literal KV reference; not proof that an event or ability is used.
heroes,npc_dota_hero_ursa,furbolg_champion_swelling_rage,Ability3[1],game/scripts/npc/heroes/npc_lia_hero_furbolg_champion.txt,13,Literal KV reference; not proof that an event or ability is used.
heroes,npc_dota_hero_ursa,furbolg_champion_bears_agility,Ability6[1],game/scripts/npc/heroes/npc_lia_hero_furbolg_champion.txt,16,Literal KV reference; not proof that an event or ability is used.
heroes,npc_dota_hero_chaos_knight,general_rumble,Ability1[1],game/scripts/npc/heroes/npc_lia_hero_general.txt,11,Literal KV reference; not proof that an event or ability is used.
heroes,npc_dota_hero_chaos_knight,general_dark_magic_flow,Ability2[1],game/scripts/npc/heroes/npc_lia_hero_general.txt,12,Literal KV reference; not proof that an event or ability is used.
heroes,npc_dota_hero_chaos_knight,general_furious_strike,Ability3[1],game/scripts/npc/heroes/npc_lia_hero_general.txt,13,Literal KV reference; not proof that an event or ability is used.
heroes,npc_dota_hero_chaos_knight,general_magic_armor,Ability6[1],game/scripts/npc/heroes/npc_lia_hero_general.txt,16,Literal KV reference; not proof that an event or ability is used.
heroes,npc_dota_hero_life_stealer,ghoul_blood_thirst,Ability1[1],game/scripts/npc/heroes/npc_lia_hero_ghoul.txt,11,Literal KV reference; not proof that an event or ability is used.
heroes,npc_dota_hero_life_stealer,ghoul_devour,Ability2[1],game/scripts/npc/heroes/npc_lia_hero_ghoul.txt,12,Literal KV reference; not proof that an event or ability is used.
heroes,npc_dota_hero_life_stealer,ghoul_mortal_strike,Ability3[1],game/scripts/npc/heroes/npc_lia_hero_ghoul.txt,13,Literal KV reference; not proof that an event or ability is used.
heroes,npc_dota_hero_life_stealer,ghoul_persistence,Ability6[1],game/scripts/npc/heroes/npc_lia_hero_ghoul.txt,16,Literal KV reference; not proof that an event or ability is used.
heroes,npc_dota_hero_wisp,akron_explosion,Ability1[1],game/scripts/npc/heroes/npc_lia_hero_golem.txt,26,Literal KV reference; not proof that an event or ability is used.
heroes,npc_dota_hero_wisp,acron_battle_fevor,Ability2[1],game/scripts/npc/heroes/npc_lia_hero_golem.txt,27,Literal KV reference; not proof that an event or ability is used.
heroes,npc_dota_hero_wisp,akron_firerage,Ability3[1],game/scripts/npc/heroes/npc_lia_hero_golem.txt,28,Literal KV reference; not proof that an event or ability is used.
heroes,npc_dota_hero_wisp,acron_molten_fury,Ability6[1],game/scripts/npc/heroes/npc_lia_hero_golem.txt,31,Literal KV reference; not proof that an event or ability is used.
heroes,npc_dota_hero_bane,hermit_summon_water_elemental,Ability1[1],game/scripts/npc/heroes/npc_lia_hero_hermit.txt,11,Literal KV reference; not proof that an event or ability is used.
heroes,npc_dota_hero_bane,hermit_astral,Ability2[1],game/scripts/npc/heroes/npc_lia_hero_hermit.txt,12,Literal KV reference; not proof that an event or ability is used.
heroes,npc_dota_hero_bane,hermit_frost_arrows,Ability3[1],game/scripts/npc/heroes/npc_lia_hero_hermit.txt,13,Literal KV reference; not proof that an event or ability is used.
heroes,npc_dota_hero_bane,hermit_storm,Ability6[1],game/scripts/npc/heroes/npc_lia_hero_hermit.txt,16,Literal KV reference; not proof that an event or ability is used.
heroes,npc_dota_hero_tusk,highlander_storm_bolt,Ability1[1],game/scripts/npc/heroes/npc_lia_hero_highlander.txt,11,Literal KV reference; not proof that an event or ability is used.
heroes,npc_dota_hero_tusk,highlander_heavy_axe,Ability2[1],game/scripts/npc/heroes/npc_lia_hero_highlander.txt,12,Literal KV reference; not proof that an event or ability is used.
heroes,npc_dota_hero_tusk,highlander_improved_armor,Ability3[1],game/scripts/npc/heroes/npc_lia_hero_highlander.txt,13,Literal KV reference; not proof that an event or ability is used.
heroes,npc_dota_hero_tusk,highlander_might_of_the_highlander,Ability6[1],game/scripts/npc/heroes/npc_lia_hero_highlander.txt,16,Literal KV reference; not proof that an event or ability is used.
heroes,npc_dota_hero_luna,huntress_curse_of_elune,Ability1[1],game/scripts/npc/heroes/npc_lia_hero_huntress.txt,11,Literal KV reference; not proof that an event or ability is used.
heroes,npc_dota_hero_luna,huntress_power_of_the_moon,Ability2[1],game/scripts/npc/heroes/npc_lia_hero_huntress.txt,12,Literal KV reference; not proof that an event or ability is used.
heroes,npc_dota_hero_luna,huntress_moon_glaive,Ability3[1],game/scripts/npc/heroes/npc_lia_hero_huntress.txt,13,Literal KV reference; not proof that an event or ability is used.
heroes,npc_dota_hero_luna,huntress_moon_rite,Ability6[1],game/scripts/npc/heroes/npc_lia_hero_huntress.txt,16,Literal KV reference; not proof that an event or ability is used.
heroes,npc_dota_hero_arc_warden,illusionist_whiff_of_deception,Ability1[1],game/scripts/npc/heroes/npc_lia_hero_illusionist.txt,11,Literal KV reference; not proof that an event or ability is used.
heroes,npc_dota_hero_arc_warden,illusionist_mastery_of_deception,Ability2[1],game/scripts/npc/heroes/npc_lia_hero_illusionist.txt,12,Literal KV reference; not proof that an event or ability is used.
heroes,npc_dota_hero_arc_warden,illusionist_agility_paws,Ability3[1],game/scripts/npc/heroes/npc_lia_hero_illusionist.txt,13,Literal KV reference; not proof that an event or ability is used.
heroes,npc_dota_hero_arc_warden,illusionist_mastery_of_illusions,Ability6[1],game/scripts/npc/heroes/npc_lia_hero_illusionist.txt,16,Literal KV reference; not proof that an event or ability is used.
heroes,npc_dota_hero_leshrac,keeper_of_the_grove_roots,Ability1[1],game/scripts/npc/heroes/npc_lia_hero_keeper_of_the_grove.txt,12,Literal KV reference; not proof that an event or ability is used.
heroes,npc_dota_hero_leshrac,keeper_of_the_grove_treants,Ability2[1],game/scripts/npc/heroes/npc_lia_hero_keeper_of_the_grove.txt,13,Literal KV reference; not proof that an event or ability is used.
heroes,npc_dota_hero_leshrac,keeper_of_the_grove_guardian_spirit,Ability3[1],game/scripts/npc/heroes/npc_lia_hero_keeper_of_the_grove.txt,14,Literal KV reference; not proof that an event or ability is used.
heroes,npc_dota_hero_leshrac,keeper_of_the_grove_natures_curse,Ability6[1],game/scripts/npc/heroes/npc_lia_hero_keeper_of_the_grove.txt,17,Literal KV reference; not proof that an event or ability is used.
heroes,npc_dota_hero_dragon_knight,knight_illusions,Ability1[1],game/scripts/npc/heroes/npc_lia_hero_knight.txt,11,Literal KV reference; not proof that an event or ability is used.
heroes,npc_dota_hero_dragon_knight,knight_ancient_shield,Ability2[1],game/scripts/npc/heroes/npc_lia_hero_knight.txt,12,Literal KV reference; not proof that an event or ability is used.
heroes,npc_dota_hero_dragon_knight,knight_dark_shield,Ability3[1],game/scripts/npc/heroes/npc_lia_hero_knight.txt,13,Literal KV reference; not proof that an event or ability is used.
heroes,npc_dota_hero_dragon_knight,knight_dark_gifts,Ability6[1],game/scripts/npc/heroes/npc_lia_hero_knight.txt,16,Literal KV reference; not proof that an event or ability is used.
heroes,npc_dota_hero_slark,kret_acid,Ability1[1],game/scripts/npc/heroes/npc_lia_hero_kret.txt,11,Literal KV reference; not proof that an event or ability is used.
heroes,npc_dota_hero_slark,kret_poisoning,Ability2[1],game/scripts/npc/heroes/npc_lia_hero_kret.txt,12,Literal KV reference; not proof that an event or ability is used.
heroes,npc_dota_hero_slark,kret_lust_for_life,Ability3[1],game/scripts/npc/heroes/npc_lia_hero_kret.txt,13,Literal KV reference; not proof that an event or ability is used.
heroes,npc_dota_hero_slark,kret_virus,Ability6[1],game/scripts/npc/heroes/npc_lia_hero_kret.txt,16,Literal KV reference; not proof that an event or ability is used.
heroes,npc_dota_hero_disruptor,lord_of_lightning_chain_lightning,Ability1[1],game/scripts/npc/heroes/npc_lia_hero_lord_of_lightning.txt,12,Literal KV reference; not proof that an event or ability is used.
heroes,npc_dota_hero_disruptor,lord_of_lightning_lightning_shield,Ability2[1],game/scripts/npc/heroes/npc_lia_hero_lord_of_lightning.txt,13,Literal KV reference; not proof that an event or ability is used.
heroes,npc_dota_hero_disruptor,lord_of_lightning_holy_wrath,Ability3[1],game/scripts/npc/heroes/npc_lia_hero_lord_of_lightning.txt,14,Literal KV reference; not proof that an event or ability is used.
heroes,npc_dota_hero_disruptor,lord_of_lightning_brain_storm,Ability6[1],game/scripts/npc/heroes/npc_lia_hero_lord_of_lightning.txt,17,Literal KV reference; not proof that an event or ability is used.
heroes,npc_dota_hero_sniper,marksman_explosive_rounds,Ability1[1],game/scripts/npc/heroes/npc_lia_hero_marksman.txt,11,Literal KV reference; not proof that an event or ability is used.
heroes,npc_dota_hero_sniper,marksman_ricochet,Ability2[1],game/scripts/npc/heroes/npc_lia_hero_marksman.txt,12,Literal KV reference; not proof that an event or ability is used.
heroes,npc_dota_hero_sniper,marksman_marksmans_mastery,Ability3[1],game/scripts/npc/heroes/npc_lia_hero_marksman.txt,13,Literal KV reference; not proof that an event or ability is used.
heroes,npc_dota_hero_sniper,marksman_dragon_breath,Ability6[1],game/scripts/npc/heroes/npc_lia_hero_marksman.txt,16,Literal KV reference; not proof that an event or ability is used.
heroes,npc_dota_hero_elder_titan,minotaur_thunder_strike,Ability1[1],game/scripts/npc/heroes/npc_lia_hero_minotaur.txt,11,Literal KV reference; not proof that an event or ability is used.
heroes,npc_dota_hero_elder_titan,minotaur_fear,Ability2[1],game/scripts/npc/heroes/npc_lia_hero_minotaur.txt,12,Literal KV reference; not proof that an event or ability is used.
heroes,npc_dota_hero_elder_titan,minotaur_demonic_power,Ability3[1],game/scripts/npc/heroes/npc_lia_hero_minotaur.txt,13,Literal KV reference; not proof that an event or ability is used.
heroes,npc_dota_hero_elder_titan,minotaur_guardian_spirits,Ability6[1],game/scripts/npc/heroes/npc_lia_hero_minotaur.txt,16,Literal KV reference; not proof that an event or ability is used.
heroes,npc_dota_hero_slardar,royal_naga_guard_sea_wave,Ability1[1],game/scripts/npc/heroes/npc_lia_hero_naga_royal_guard.txt,11,Literal KV reference; not proof that an event or ability is used.
heroes,npc_dota_hero_slardar,naga_royal_guard_persistence,Ability2[1],game/scripts/npc/heroes/npc_lia_hero_naga_royal_guard.txt,12,Literal KV reference; not proof that an event or ability is used.
heroes,npc_dota_hero_slardar,naga_royal_guard_bash,Ability3[1],game/scripts/npc/heroes/npc_lia_hero_naga_royal_guard.txt,13,Literal KV reference; not proof that an event or ability is used.
heroes,npc_dota_hero_slardar,naga_royal_guard_crush,Ability6[1],game/scripts/npc/heroes/npc_lia_hero_naga_royal_guard.txt,16,Literal KV reference; not proof that an event or ability is used.
heroes,npc_dota_hero_naga_siren,naga_siren_fury,Ability1[1],game/scripts/npc/heroes/npc_lia_hero_naga_siren.txt,11,Literal KV reference; not proof that an event or ability is used.
heroes,npc_dota_hero_naga_siren,naga_siren_eating,Ability2[1],game/scripts/npc/heroes/npc_lia_hero_naga_siren.txt,12,Literal KV reference; not proof that an event or ability is used.
heroes,npc_dota_hero_naga_siren,naga_siren_art_of_battle,Ability3[1],game/scripts/npc/heroes/npc_lia_hero_naga_siren.txt,13,Literal KV reference; not proof that an event or ability is used.
heroes,npc_dota_hero_naga_siren,naga_siren_song,Ability6[1],game/scripts/npc/heroes/npc_lia_hero_naga_siren.txt,16,Literal KV reference; not proof that an event or ability is used.
heroes,npc_dota_hero_abyssal_underlord,necromancer_stabbing_death,Ability1[1],game/scripts/npc/heroes/npc_lia_hero_necromancer.txt,11,Literal KV reference; not proof that an event or ability is used.
heroes,npc_dota_hero_abyssal_underlord,necromancer_walking_corpses,Ability2[1],game/scripts/npc/heroes/npc_lia_hero_necromancer.txt,12,Literal KV reference; not proof that an event or ability is used.
heroes,npc_dota_hero_abyssal_underlord,necromancer_reincarnation,Ability3[1],game/scripts/npc/heroes/npc_lia_hero_necromancer.txt,13,Literal KV reference; not proof that an event or ability is used.
heroes,npc_dota_hero_abyssal_underlord,necromancer_galvanization,Ability6[1],game/scripts/npc/heroes/npc_lia_hero_necromancer.txt,16,Literal KV reference; not proof that an event or ability is used.
heroes,npc_dota_hero_chen,paladin_blizzard,Ability1[1],game/scripts/npc/heroes/npc_lia_hero_paladin.txt,12,Literal KV reference; not proof that an event or ability is used.
heroes,npc_dota_hero_chen,paladin_grace,Ability2[1],game/scripts/npc/heroes/npc_lia_hero_paladin.txt,13,Literal KV reference; not proof that an event or ability is used.
heroes,npc_dota_hero_chen,paladin_elect,Ability3[1],game/scripts/npc/heroes/npc_lia_hero_paladin.txt,14,Literal KV reference; not proof that an event or ability is used.
heroes,npc_dota_hero_chen,paladin_impregnability,Ability6[1],game/scripts/npc/heroes/npc_lia_hero_paladin.txt,17,Literal KV reference; not proof that an event or ability is used.
heroes,npc_dota_hero_antimage,pirate_magic_rum,Ability1[1],game/scripts/npc/heroes/npc_lia_hero_pirate.txt,11,Literal KV reference; not proof that an event or ability is used.
heroes,npc_dota_hero_antimage,pirate_poisoned_weapon,Ability2[1],game/scripts/npc/heroes/npc_lia_hero_pirate.txt,12,Literal KV reference; not proof that an event or ability is used.
heroes,npc_dota_hero_antimage,pirate_evasion,Ability3[1],game/scripts/npc/heroes/npc_lia_hero_pirate.txt,13,Literal KV reference; not proof that an event or ability is used.
heroes,npc_dota_hero_antimage,pirate_metamorphosis,Ability6[1],game/scripts/npc/heroes/npc_lia_hero_pirate.txt,16,Literal KV reference; not proof that an event or ability is used.
heroes,npc_dota_hero_windrunner,ranger_steel_hail,Ability1[1],game/scripts/npc/heroes/npc_lia_hero_ranger.txt,11,Literal KV reference; not proof that an event or ability is used.
heroes,npc_dota_hero_windrunner,ranger_trap,Ability2[1],game/scripts/npc/heroes/npc_lia_hero_ranger.txt,12,Literal KV reference; not proof that an event or ability is used.
heroes,npc_dota_hero_windrunner,ranger_aimed_shot,Ability3[1],game/scripts/npc/heroes/npc_lia_hero_ranger.txt,13,Literal KV reference; not proof that an event or ability is used.
heroes,npc_dota_hero_windrunner,ranger_volley_of_arrows,Ability6[1],game/scripts/npc/heroes/npc_lia_hero_ranger.txt,16,Literal KV reference; not proof that an event or ability is used.
heroes,npc_dota_hero_medusa,serpent_queen_ball_lightning,Ability1[1],game/scripts/npc/heroes/npc_lia_hero_serpent_queen.txt,11,Literal KV reference; not proof that an event or ability is used.
heroes,npc_dota_hero_medusa,serpent_queen_heavenly_power,Ability2[1],game/scripts/npc/heroes/npc_lia_hero_serpent_queen.txt,12,Literal KV reference; not proof that an event or ability is used.
heroes,npc_dota_hero_medusa,serpent_queen_accuracy,Ability3[1],game/scripts/npc/heroes/npc_lia_hero_serpent_queen.txt,13,Literal KV reference; not proof that an event or ability is used.
heroes,npc_dota_hero_medusa,serpent_queen_anger,Ability6[1],game/scripts/npc/heroes/npc_lia_hero_serpent_queen.txt,16,Literal KV reference; not proof that an event or ability is used.
heroes,npc_dota_hero_terrorblade,shadow_master_shadow,Ability1[1],game/scripts/npc/heroes/npc_lia_hero_shadow_master.txt,11,Literal KV reference; not proof that an event or ability is used.
heroes,npc_dota_hero_terrorblade,shadow_master_steal_shadow,Ability2[1],game/scripts/npc/heroes/npc_lia_hero_shadow_master.txt,12,Literal KV reference; not proof that an event or ability is used.
heroes,npc_dota_hero_terrorblade,shadow_master_art_of_shadows,Ability3[1],game/scripts/npc/heroes/npc_lia_hero_shadow_master.txt,13,Literal KV reference; not proof that an event or ability is used.
heroes,npc_dota_hero_terrorblade,shadow_master_agility_of_shadows,Ability6[1],game/scripts/npc/heroes/npc_lia_hero_shadow_master.txt,16,Literal KV reference; not proof that an event or ability is used.
heroes,npc_dota_hero_bloodseeker,shaman_starfall_datadriven,Ability1[1],game/scripts/npc/heroes/npc_lia_hero_shaman.txt,11,Literal KV reference; not proof that an event or ability is used.
heroes,npc_dota_hero_bloodseeker,shaman_madness_datadriven,Ability2[1],game/scripts/npc/heroes/npc_lia_hero_shaman.txt,12,Literal KV reference; not proof that an event or ability is used.
heroes,npc_dota_hero_bloodseeker,shaman_resourcefulness,Ability3[1],game/scripts/npc/heroes/npc_lia_hero_shaman.txt,13,Literal KV reference; not proof that an event or ability is used.
heroes,npc_dota_hero_bloodseeker,shaman_ancient_forces,Ability6[1],game/scripts/npc/heroes/npc_lia_hero_shaman.txt,16,Literal KV reference; not proof that an event or ability is used.
heroes,npc_dota_hero_pugna,skeleton_mage_aqua_vitae,Ability1[1],game/scripts/npc/heroes/npc_lia_hero_skeleton_mage.txt,11,Literal KV reference; not proof that an event or ability is used.
heroes,npc_dota_hero_pugna,skeleton_mage_light_magic,Ability2[1],game/scripts/npc/heroes/npc_lia_hero_skeleton_mage.txt,12,Literal KV reference; not proof that an event or ability is used.
heroes,npc_dota_hero_pugna,skeleton_mage_dark_magic,Ability3[1],game/scripts/npc/heroes/npc_lia_hero_skeleton_mage.txt,13,Literal KV reference; not proof that an event or ability is used.
heroes,npc_dota_hero_pugna,skeleton_mage_death_energy,Ability6[1],game/scripts/npc/heroes/npc_lia_hero_skeleton_mage.txt,16,Literal KV reference; not proof that an event or ability is used.
heroes,npc_dota_hero_skeleton_king,skeleton_thief_wind_walk,Ability1[1],game/scripts/npc/heroes/npc_lia_hero_skeleton_thief.txt,11,Literal KV reference; not proof that an event or ability is used.
heroes,npc_dota_hero_skeleton_king,skeleton_thief_fury,Ability2[1],game/scripts/npc/heroes/npc_lia_hero_skeleton_thief.txt,12,Literal KV reference; not proof that an event or ability is used.
heroes,npc_dota_hero_skeleton_king,skeleton_thief_concentration,Ability3[1],game/scripts/npc/heroes/npc_lia_hero_skeleton_thief.txt,13,Literal KV reference; not proof that an event or ability is used.
heroes,npc_dota_hero_skeleton_king,skeleton_thief_obsession,Ability6[1],game/scripts/npc/heroes/npc_lia_hero_skeleton_thief.txt,16,Literal KV reference; not proof that an event or ability is used.
heroes,npc_dota_hero_faceless_void,speedwarden_speed_burst,Ability1[1],game/scripts/npc/heroes/npc_lia_hero_speedwarden.txt,11,Literal KV reference; not proof that an event or ability is used.
heroes,npc_dota_hero_faceless_void,speedwarden_mad_charge,Ability2[1],game/scripts/npc/heroes/npc_lia_hero_speedwarden.txt,12,Literal KV reference; not proof that an event or ability is used.
heroes,npc_dota_hero_faceless_void,speedwarden_time_strike,Ability3[1],game/scripts/npc/heroes/npc_lia_hero_speedwarden.txt,13,Literal KV reference; not proof that an event or ability is used.
heroes,npc_dota_hero_faceless_void,speedwarden_wardens_swiftness,Ability6[1],game/scripts/npc/heroes/npc_lia_hero_speedwarden.txt,16,Literal KV reference; not proof that an event or ability is used.
heroes,npc_dota_hero_broodmother,spider_queen_killer_instinct,Ability1[1],game/scripts/npc/heroes/npc_lia_hero_spider_queen.txt,11,Literal KV reference; not proof that an event or ability is used.
heroes,npc_dota_hero_broodmother,spider_queen_spider_yarn,Ability2[1],game/scripts/npc/heroes/npc_lia_hero_spider_queen.txt,12,Literal KV reference; not proof that an event or ability is used.
heroes,npc_dota_hero_broodmother,spider_queen_infection,Ability3[1],game/scripts/npc/heroes/npc_lia_hero_spider_queen.txt,13,Literal KV reference; not proof that an event or ability is used.
heroes,npc_dota_hero_broodmother,spider_queen_thick_cover,Ability6[1],game/scripts/npc/heroes/npc_lia_hero_spider_queen.txt,16,Literal KV reference; not proof that an event or ability is used.
heroes,npc_dota_hero_earthshaker,tauren_champion_crushing_totem,Ability1[1],game/scripts/npc/heroes/npc_lia_hero_tauren_champion.txt,11,Literal KV reference; not proof that an event or ability is used.
heroes,npc_dota_hero_earthshaker,tauren_champion_champions_jump,Ability2[1],game/scripts/npc/heroes/npc_lia_hero_tauren_champion.txt,12,Literal KV reference; not proof that an event or ability is used.
heroes,npc_dota_hero_earthshaker,tauren_champion_accumulated_rage,Ability3[1],game/scripts/npc/heroes/npc_lia_hero_tauren_champion.txt,13,Literal KV reference; not proof that an event or ability is used.
heroes,npc_dota_hero_earthshaker,tauren_champion_finish_off,Ability6[1],game/scripts/npc/heroes/npc_lia_hero_tauren_champion.txt,16,Literal KV reference; not proof that an event or ability is used.
heroes,npc_dota_hero_spirit_breaker,time_lord_death,Ability1[1],game/scripts/npc/heroes/npc_lia_hero_time_lord.txt,11,Literal KV reference; not proof that an event or ability is used.
heroes,npc_dota_hero_spirit_breaker,time_lord_timelapse,Ability2[1],game/scripts/npc/heroes/npc_lia_hero_time_lord.txt,12,Literal KV reference; not proof that an event or ability is used.
heroes,npc_dota_hero_spirit_breaker,time_lord_wisdom_flow,Ability3[1],game/scripts/npc/heroes/npc_lia_hero_time_lord.txt,13,Literal KV reference; not proof that an event or ability is used.
heroes,npc_dota_hero_spirit_breaker,time_lord_stop_time,Ability6[1],game/scripts/npc/heroes/npc_lia_hero_time_lord.txt,16,Literal KV reference; not proof that an event or ability is used.
heroes,npc_dota_hero_treant,treant_butterfly_flock,Ability1[1],game/scripts/npc/heroes/npc_lia_hero_treant.txt,11,Literal KV reference; not proof that an event or ability is used.
heroes,npc_dota_hero_treant,treant_take_root,Ability2[1],game/scripts/npc/heroes/npc_lia_hero_treant.txt,12,Literal KV reference; not proof that an event or ability is used.
heroes,npc_dota_hero_treant,treant_craving_for_nature,Ability3[1],game/scripts/npc/heroes/npc_lia_hero_treant.txt,13,Literal KV reference; not proof that an event or ability is used.
heroes,npc_dota_hero_treant,treant_sharp_thorns,Ability6[1],game/scripts/npc/heroes/npc_lia_hero_treant.txt,16,Literal KV reference; not proof that an event or ability is used.
heroes,npc_dota_hero_troll_warlord,troll_cutthroat_boomeang_axe,Ability1[1],game/scripts/npc/heroes/npc_lia_hero_troll_cutthroat.txt,11,Literal KV reference; not proof that an event or ability is used.
heroes,npc_dota_hero_troll_warlord,troll_cutthroat_vulnerability,Ability2[1],game/scripts/npc/heroes/npc_lia_hero_troll_cutthroat.txt,12,Literal KV reference; not proof that an event or ability is used.
heroes,npc_dota_hero_troll_warlord,troll_cutthroat_enchanted_axes,Ability3[1],game/scripts/npc/heroes/npc_lia_hero_troll_cutthroat.txt,13,Literal KV reference; not proof that an event or ability is used.
heroes,npc_dota_hero_troll_warlord,troll_cutthroat_battle_trance,Ability6[1],game/scripts/npc/heroes/npc_lia_hero_troll_cutthroat.txt,16,Literal KV reference; not proof that an event or ability is used.
heroes,npc_dota_hero_troll_warlord,troll_cutthroat_boomeang_axe_return,Ability7[1],game/scripts/npc/heroes/npc_lia_hero_troll_cutthroat.txt,17,Literal KV reference; not proof that an event or ability is used.
heroes,npc_dota_hero_phantom_assassin,valkyrie_rage,Ability1[1],game/scripts/npc/heroes/npc_lia_hero_valkyrie.txt,11,Literal KV reference; not proof that an event or ability is used.
heroes,npc_dota_hero_phantom_assassin,valkyrie_true_hit,Ability2[1],game/scripts/npc/heroes/npc_lia_hero_valkyrie.txt,12,Literal KV reference; not proof that an event or ability is used.
heroes,npc_dota_hero_phantom_assassin,valkyrie_agility,Ability3[1],game/scripts/npc/heroes/npc_lia_hero_valkyrie.txt,13,Literal KV reference; not proof that an event or ability is used.
heroes,npc_dota_hero_phantom_assassin,valkyrie_fury,Ability6[1],game/scripts/npc/heroes/npc_lia_hero_valkyrie.txt,16,Literal KV reference; not proof that an event or ability is used.
heroes,npc_dota_hero_lycan,vampire_life_drain,Ability1[1],game/scripts/npc/heroes/npc_lia_hero_vampire.txt,11,Literal KV reference; not proof that an event or ability is used.
heroes,npc_dota_hero_lycan,vampire_lifesteal,Ability2[1],game/scripts/npc/heroes/npc_lia_hero_vampire.txt,12,Literal KV reference; not proof that an event or ability is used.
heroes,npc_dota_hero_lycan,vampire_thirst,Ability3[1],game/scripts/npc/heroes/npc_lia_hero_vampire.txt,13,Literal KV reference; not proof that an event or ability is used.
heroes,npc_dota_hero_lycan,vampire_transformation,Ability6[1],game/scripts/npc/heroes/npc_lia_hero_vampire.txt,16,Literal KV reference; not proof that an event or ability is used.
heroes,npc_dota_hero_nevermore,vowen_from_blood_steal_blood,Ability1[1],game/scripts/npc/heroes/npc_lia_hero_vowen_from_blood.txt,17,Literal KV reference; not proof that an event or ability is used.
heroes,npc_dota_hero_nevermore,vowen_from_blood_spiritual_flame,Ability2[1],game/scripts/npc/heroes/npc_lia_hero_vowen_from_blood.txt,18,Literal KV reference; not proof that an event or ability is used.
heroes,npc_dota_hero_nevermore,vowen_from_blood_soul_burn,Ability3[1],game/scripts/npc/heroes/npc_lia_hero_vowen_from_blood.txt,19,Literal KV reference; not proof that an event or ability is used.
heroes,npc_dota_hero_nevermore,vowen_from_blood_chaos,Ability6[1],game/scripts/npc/heroes/npc_lia_hero_vowen_from_blood.txt,22,Literal KV reference; not proof that an event or ability is used.
heroes,npc_dota_hero_undying,walking_dead_decay,Ability1[1],game/scripts/npc/heroes/npc_lia_hero_walking_dead.txt,11,Literal KV reference; not proof that an event or ability is used.
heroes,npc_dota_hero_undying,walking_dead_rot_curse,Ability2[1],game/scripts/npc/heroes/npc_lia_hero_walking_dead.txt,12,Literal KV reference; not proof that an event or ability is used.
heroes,npc_dota_hero_undying,walking_dead_vitality,Ability3[1],game/scripts/npc/heroes/npc_lia_hero_walking_dead.txt,13,Literal KV reference; not proof that an event or ability is used.
heroes,npc_dota_hero_undying,walking_dead_cemetery_power,Ability6[1],game/scripts/npc/heroes/npc_lia_hero_walking_dead.txt,16,Literal KV reference; not proof that an event or ability is used.
heroes,npc_dota_hero_silencer,wanderer_spirit_of_the_plains,Ability1[1],game/scripts/npc/heroes/npc_lia_hero_wanderer.txt,11,Literal KV reference; not proof that an event or ability is used.
heroes,npc_dota_hero_silencer,wanderer_the_flow_of_life,Ability2[1],game/scripts/npc/heroes/npc_lia_hero_wanderer.txt,12,Literal KV reference; not proof that an event or ability is used.
heroes,npc_dota_hero_silencer,wanderer_arcane_aura,Ability3[1],game/scripts/npc/heroes/npc_lia_hero_wanderer.txt,13,Literal KV reference; not proof that an event or ability is used.
heroes,npc_dota_hero_silencer,wanderer_ghosts,Ability6[1],game/scripts/npc/heroes/npc_lia_hero_wanderer.txt,16,Literal KV reference; not proof that an event or ability is used.
heroes,npc_dota_hero_lion,warlock_storm,Ability1[1],game/scripts/npc/heroes/npc_lia_hero_warlock.txt,11,Literal KV reference; not proof that an event or ability is used.
heroes,npc_dota_hero_lion,warlock_sacrifice,Ability2[1],game/scripts/npc/heroes/npc_lia_hero_warlock.txt,12,Literal KV reference; not proof that an event or ability is used.
heroes,npc_dota_hero_lion,warlock_magic_splash,Ability3[1],game/scripts/npc/heroes/npc_lia_hero_warlock.txt,13,Literal KV reference; not proof that an event or ability is used.
heroes,npc_dota_hero_lion,warlock_firestorm,Ability6[1],game/scripts/npc/heroes/npc_lia_hero_warlock.txt,16,Literal KV reference; not proof that an event or ability is used.
heroes,npc_dota_hero_omniknight,warrior_of_light_fetters,Ability1[1],game/scripts/npc/heroes/npc_lia_hero_warrior_of_light.txt,11,Literal KV reference; not proof that an event or ability is used.
heroes,npc_dota_hero_omniknight,warrior_of_light_will_light,Ability2[1],game/scripts/npc/heroes/npc_lia_hero_warrior_of_light.txt,12,Literal KV reference; not proof that an event or ability is used.
heroes,npc_dota_hero_omniknight,warrior_of_light_holy_power,Ability3[1],game/scripts/npc/heroes/npc_lia_hero_warrior_of_light.txt,13,Literal KV reference; not proof that an event or ability is used.
heroes,npc_dota_hero_omniknight,warrior_of_light_divine_protection,Ability6[1],game/scripts/npc/heroes/npc_lia_hero_warrior_of_light.txt,16,Literal KV reference; not proof that an event or ability is used.
heroes,npc_dota_hero_shadow_shaman,witch_doctor_negative_energy,Ability1[1],game/scripts/npc/heroes/npc_lia_hero_witch_doctor.txt,12,Literal KV reference; not proof that an event or ability is used.
heroes,npc_dota_hero_shadow_shaman,witch_doctor_frost_armor,Ability2[1],game/scripts/npc/heroes/npc_lia_hero_witch_doctor.txt,13,Literal KV reference; not proof that an event or ability is used.
heroes,npc_dota_hero_shadow_shaman,witch_doctor_discharge,Ability3[1],game/scripts/npc/heroes/npc_lia_hero_witch_doctor.txt,14,Literal KV reference; not proof that an event or ability is used.
heroes,npc_dota_hero_shadow_shaman,witch_doctor_regeneration,Ability6[1],game/scripts/npc/heroes/npc_lia_hero_witch_doctor.txt,17,Literal KV reference; not proof that an event or ability is used.
abilities,1_wave_stomp_extreme,1_wave_stomp,OnSpellStart[1]/ActOnTargets[1]/Action[1]/ApplyModifier[1]/ModifierName[1],game/scripts/npc/abilities/extreme_mode_creep_actives.txt,75,Literal KV reference; not proof that an event or ability is used.
abilities,10_wave_fire_golem,fire_golem_10_wave,OnSpellStart[1]/DelayedAction[1]/Action[1]/SpawnUnit[1]/UnitName[1],game/scripts/npc/abilities/normal_mode_creep_actives.txt,979,Literal KV reference; not proof that an event or ability is used.
abilities,firelord_summon_lava_spawn,firelord_lava_spawn1,OnSpellStart[1]/SpawnUnit[1]/UnitName[1],game/scripts/npc/abilities/npc_lia_hero_firelord.txt,110,Literal KV reference; not proof that an event or ability is used.
abilities,firelord_summon_lava_spawn,firelord_lava_spawn2,OnSpellStart[1]/SpawnUnit[2]/UnitName[1],game/scripts/npc/abilities/npc_lia_hero_firelord.txt,160,Literal KV reference; not proof that an event or ability is used.
abilities,firelord_summon_lava_spawn,firelord_lava_spawn3,OnSpellStart[1]/SpawnUnit[3]/UnitName[1],game/scripts/npc/abilities/npc_lia_hero_firelord.txt,210,Literal KV reference; not proof that an event or ability is used.
items,item_recipe_lia_alanith_spear,item_lia_alanith_spear,ItemResult[1],game/scripts/npc/items/item_lia_alanith_spear.txt,17,Literal KV reference; not proof that an event or ability is used.
items,item_recipe_lia_alanith_spear,item_lia_spear,ItemRequirements[1]/01[1],game/scripts/npc/items/item_lia_alanith_spear.txt,20,Literal KV reference; not proof that an event or ability is used.
items,item_recipe_lia_alanith_spear,item_lia_mask_of_death,ItemRequirements[1]/01[1],game/scripts/npc/items/item_lia_alanith_spear.txt,20,Literal KV reference; not proof that an event or ability is used.
items,item_recipe_lia_armor_of_the_red_mist,item_lia_armor_of_the_red_mist,ItemResult[1],game/scripts/npc/items/item_lia_armor_of_the_red_mist.txt,15,Literal KV reference; not proof that an event or ability is used.
items,item_recipe_lia_armor_of_the_red_mist,item_lia_shield_of_death,ItemRequirements[1]/01[1],game/scripts/npc/items/item_lia_armor_of_the_red_mist.txt,18,Literal KV reference; not proof that an event or ability is used.
items,item_recipe_lia_armor_of_the_red_mist,item_lia_mithril_armor,ItemRequirements[1]/01[1],game/scripts/npc/items/item_lia_armor_of_the_red_mist.txt,18,Literal KV reference; not proof that an event or ability is used.
items,item_recipe_lia_banner_of_victory,item_lia_banner_of_victory,ItemResult[1],game/scripts/npc/items/item_lia_banner_of_victory.txt,15,Literal KV reference; not proof that an event or ability is used.
items,item_recipe_lia_banner_of_victory,item_lia_helm,ItemRequirements[1]/01[1],game/scripts/npc/items/item_lia_banner_of_victory.txt,18,Literal KV reference; not proof that an event or ability is used.
items,item_recipe_lia_banner_of_victory,item_lia_mask_of_death,ItemRequirements[1]/01[1],game/scripts/npc/items/item_lia_banner_of_victory.txt,18,Literal KV reference; not proof that an event or ability is used.
items,item_recipe_lia_battle_axe,item_lia_battle_axe,ItemResult[1],game/scripts/npc/items/item_lia_battle_axe.txt,15,Literal KV reference; not proof that an event or ability is used.
items,item_recipe_lia_battle_axe,item_lia_ring_of_protection,ItemRequirements[1]/01[1],game/scripts/npc/items/item_lia_battle_axe.txt,18,Literal KV reference; not proof that an event or ability is used.
items,item_recipe_lia_battle_axe,item_lia_axe,ItemRequirements[1]/01[1],game/scripts/npc/items/item_lia_battle_axe.txt,18,Literal KV reference; not proof that an event or ability is used.
items,item_recipe_lia_battle_axe,item_lia_gloves_of_strength,ItemRequirements[1]/01[1],game/scripts/npc/items/item_lia_battle_axe.txt,18,Literal KV reference; not proof that an event or ability is used.
items,item_recipe_lia_battle_javelin,item_lia_battle_javelin,ItemResult[1],game/scripts/npc/items/item_lia_battle_javelin.txt,15,Literal KV reference; not proof that an event or ability is used.
items,item_recipe_lia_battle_javelin,item_lia_runed_gloves,ItemRequirements[1]/01[1],game/scripts/npc/items/item_lia_battle_javelin.txt,18,Literal KV reference; not proof that an event or ability is used.
items,item_recipe_lia_battle_javelin,item_lia_spear,ItemRequirements[1]/01[1],game/scripts/npc/items/item_lia_battle_javelin.txt,18,Literal KV reference; not proof that an event or ability is used.
items,item_recipe_lia_battle_javelin,item_lia_gloves_of_haste,ItemRequirements[1]/01[1],game/scripts/npc/items/item_lia_battle_javelin.txt,18,Literal KV reference; not proof that an event or ability is used.
items,item_recipe_lia_blade_of_incorporeality,item_lia_blade_of_incorporeality,ItemResult[1],game/scripts/npc/items/item_lia_blade_of_incorporeality.txt,15,Literal KV reference; not proof that an event or ability is used.
items,item_recipe_lia_blade_of_incorporeality,item_lia_pantilus_blade,ItemRequirements[1]/01[1],game/scripts/npc/items/item_lia_blade_of_incorporeality.txt,18,Literal KV reference; not proof that an event or ability is used.
items,item_recipe_lia_blade_of_incorporeality,item_lia_magic_helm,ItemRequirements[1]/01[1],game/scripts/npc/items/item_lia_blade_of_incorporeality.txt,18,Literal KV reference; not proof that an event or ability is used.
items,item_recipe_lia_blood_blade,item_lia_blood_blade,ItemResult[1],game/scripts/npc/items/item_lia_blood_blade.txt,16,Literal KV reference; not proof that an event or ability is used.
items,item_recipe_lia_blood_blade,item_lia_alanith_spear,ItemRequirements[1]/01[1],game/scripts/npc/items/item_lia_blood_blade.txt,19,Literal KV reference; not proof that an event or ability is used.
items,item_recipe_lia_blood_blade,item_lia_steel_sword,ItemRequirements[1]/01[1],game/scripts/npc/items/item_lia_blood_blade.txt,19,Literal KV reference; not proof that an event or ability is used.
items,item_recipe_lia_blood_moon,item_lia_blood_moon,ItemResult[1],game/scripts/npc/items/item_lia_blood_moon.txt,16,Literal KV reference; not proof that an event or ability is used.
items,item_recipe_lia_blood_moon,item_lia_huge_axe,ItemRequirements[1]/01[1],game/scripts/npc/items/item_lia_blood_moon.txt,19,Literal KV reference; not proof that an event or ability is used.
items,item_recipe_lia_blood_moon,item_lia_hell_gloves,ItemRequirements[1]/01[1],game/scripts/npc/items/item_lia_blood_moon.txt,19,Literal KV reference; not proof that an event or ability is used.
items,item_recipe_lia_boots_of_invisibility,item_lia_boots_of_invisibility,ItemResult[1],game/scripts/npc/items/item_lia_boots_of_invisibility.txt,16,Literal KV reference; not proof that an event or ability is used.
items,item_recipe_lia_boots_of_invisibility,item_lia_boots,ItemRequirements[1]/01[1],game/scripts/npc/items/item_lia_boots_of_invisibility.txt,19,Literal KV reference; not proof that an event or ability is used.
items,item_recipe_lia_bounty_hunters_crossbow,item_lia_bounty_hunters_crossbow,ItemResult[1],game/scripts/npc/items/item_lia_bounty_hunters_crossbow.txt,15,Literal KV reference; not proof that an event or ability is used.
items,item_recipe_lia_bounty_hunters_crossbow,item_lia_battle_javelin,ItemRequirements[1]/01[1],game/scripts/npc/items/item_lia_bounty_hunters_crossbow.txt,18,Literal KV reference; not proof that an event or ability is used.
items,item_recipe_lia_bounty_hunters_crossbow,item_lia_demon_edge,ItemRequirements[1]/01[1],game/scripts/npc/items/item_lia_bounty_hunters_crossbow.txt,18,Literal KV reference; not proof that an event or ability is used.
items,item_recipe_lia_crown_of_death,item_lia_crown_of_death,ItemResult[1],game/scripts/npc/items/item_lia_crown_of_death.txt,16,Literal KV reference; not proof that an event or ability is used.
items,item_recipe_lia_crown_of_death,item_lia_runed_bracers,ItemRequirements[1]/01[1],game/scripts/npc/items/item_lia_crown_of_death.txt,19,Literal KV reference; not proof that an event or ability is used.
items,item_recipe_lia_crown_of_death,item_lia_amulet,ItemRequirements[1]/01[1],game/scripts/npc/items/item_lia_crown_of_death.txt,19,Literal KV reference; not proof that an event or ability is used.
items,item_recipe_lia_crusher,item_lia_crusher,ItemResult[1],game/scripts/npc/items/item_lia_crusher.txt,16,Literal KV reference; not proof that an event or ability is used.
items,item_recipe_lia_crusher,item_lia_pantilus_blade,ItemRequirements[1]/01[1],game/scripts/npc/items/item_lia_crusher.txt,19,Literal KV reference; not proof that an event or ability is used.
items,item_recipe_lia_crusher,item_lia_lightning_spear,ItemRequirements[1]/01[1],game/scripts/npc/items/item_lia_crusher.txt,19,Literal KV reference; not proof that an event or ability is used.
items,item_recipe_lia_demon_edge,item_lia_demon_edge,ItemResult[1],game/scripts/npc/items/item_lia_demon_edge.txt,16,Literal KV reference; not proof that an event or ability is used.
items,item_recipe_lia_demon_edge,item_lia_steel_sword,ItemRequirements[1]/01[1],game/scripts/npc/items/item_lia_demon_edge.txt,19,Literal KV reference; not proof that an event or ability is used.
items,item_recipe_lia_demon_edge,item_lia_claws,ItemRequirements[1]/01[1],game/scripts/npc/items/item_lia_demon_edge.txt,19,Literal KV reference; not proof that an event or ability is used.
items,item_recipe_lia_demon_edge,item_lia_spear,ItemRequirements[1]/01[1],game/scripts/npc/items/item_lia_demon_edge.txt,19,Literal KV reference; not proof that an event or ability is used.
items,item_lia_demonic_figurine,npc_doom_guard_spawn,OnSpellStart[1]/SpawnUnit[1]/UnitName[1],game/scripts/npc/items/item_lia_demonic_figure.txt,45,Literal KV reference; not proof that an event or ability is used.
items,item_recipe_lia_divine_armor,item_lia_divine_armor,ItemResult[1],game/scripts/npc/items/item_lia_divine_armor.txt,16,Literal KV reference; not proof that an event or ability is used.
items,item_recipe_lia_divine_armor,item_lia_shield_of_endurance,ItemRequirements[1]/01[1],game/scripts/npc/items/item_lia_divine_armor.txt,19,Literal KV reference; not proof that an event or ability is used.
items,item_recipe_lia_divine_armor,item_lia_dwarf_armor,ItemRequirements[1]/01[1],game/scripts/npc/items/item_lia_divine_armor.txt,19,Literal KV reference; not proof that an event or ability is used.
items,item_recipe_lia_divine_armor,item_lia_magic_helm,ItemRequirements[1]/01[1],game/scripts/npc/items/item_lia_divine_armor.txt,19,Literal KV reference; not proof that an event or ability is used.
items,item_lia_dust_of_appearance,item_dust,BaseClass[1],game/scripts/npc/items/item_lia_dust_of_appearance.txt,5,Literal KV reference; not proof that an event or ability is used.
items,item_recipe_lia_dwarf_armor,item_lia_dwarf_armor,ItemResult[1],game/scripts/npc/items/item_lia_dwarf_armor.txt,16,Literal KV reference; not proof that an event or ability is used.
items,item_recipe_lia_dwarf_armor,item_lia_helm,ItemRequirements[1]/01[1],game/scripts/npc/items/item_lia_dwarf_armor.txt,19,Literal KV reference; not proof that an event or ability is used.
items,item_recipe_lia_dwarf_armor,item_lia_amulet,ItemRequirements[1]/01[1],game/scripts/npc/items/item_lia_dwarf_armor.txt,19,Literal KV reference; not proof that an event or ability is used.
items,item_recipe_lia_enchanted_shield,item_lia_enchanted_shield,ItemResult[1],game/scripts/npc/items/item_lia_enchanted_shield.txt,16,Literal KV reference; not proof that an event or ability is used.
items,item_recipe_lia_enchanted_shield,item_lia_dwarf_armor,ItemRequirements[1]/01[1],game/scripts/npc/items/item_lia_enchanted_shield.txt,19,Literal KV reference; not proof that an event or ability is used.
items,item_recipe_lia_enchanted_shield,item_lia_amulet,ItemRequirements[1]/01[1],game/scripts/npc/items/item_lia_enchanted_shield.txt,19,Literal KV reference; not proof that an event or ability is used.
items,item_recipe_lia_enchanted_shield_2,item_lia_enchanted_shield_2,ItemResult[1],game/scripts/npc/items/item_lia_enchanted_shield.txt,34,Literal KV reference; not proof that an event or ability is used.
items,item_recipe_lia_enchanted_shield_2,item_recipe_lia_enchanted_shield,ItemRequirements[1]/01[1],game/scripts/npc/items/item_lia_enchanted_shield.txt,37,Literal KV reference; not proof that an event or ability is used.
items,item_recipe_lia_enchanted_shield_2,item_lia_enchanted_shield,ItemRequirements[1]/01[1],game/scripts/npc/items/item_lia_enchanted_shield.txt,37,Literal KV reference; not proof that an event or ability is used.
items,item_lia_enchanted_shield,item_lia_enchanted_shield_2,UpgradesItems[1],game/scripts/npc/items/item_lia_enchanted_shield.txt,51,Literal KV reference; not proof that an event or ability is used.
items,item_lia_enchanted_shield,item_recipe_lia_enchanted_shield,UpgradeRecipe[1],game/scripts/npc/items/item_lia_enchanted_shield.txt,52,Literal KV reference; not proof that an event or ability is used.
items,item_lia_enchanted_shield_2,item_lia_enchanted_shield,UpgradesItems[1],game/scripts/npc/items/item_lia_enchanted_shield.txt,85,Literal KV reference; not proof that an event or ability is used.
items,item_lia_enchanted_shield_2,item_recipe_lia_enchanted_shield,UpgradeRecipe[1],game/scripts/npc/items/item_lia_enchanted_shield.txt,86,Literal KV reference; not proof that an event or ability is used.
items,item_recipe_lia_ferus_shield,item_lia_ferus_shield,ItemResult[1],game/scripts/npc/items/item_lia_ferus_shield.txt,16,Literal KV reference; not proof that an event or ability is used.
items,item_recipe_lia_ferus_shield,item_lia_shield_of_endurance,ItemRequirements[1]/01[1],game/scripts/npc/items/item_lia_ferus_shield.txt,19,Literal KV reference; not proof that an event or ability is used.
items,item_recipe_lia_ferus_shield,item_lia_banner_of_victory,ItemRequirements[1]/01[1],game/scripts/npc/items/item_lia_ferus_shield.txt,19,Literal KV reference; not proof that an event or ability is used.
items,item_recipe_lia_fire_gloves,item_lia_fire_gloves,ItemResult[1],game/scripts/npc/items/item_lia_fire_gloves.txt,16,Literal KV reference; not proof that an event or ability is used.
items,item_recipe_lia_fire_gloves,item_lia_runed_gloves,ItemRequirements[1]/01[1],game/scripts/npc/items/item_lia_fire_gloves.txt,19,Literal KV reference; not proof that an event or ability is used.
items,item_recipe_lia_fire_gloves,item_lia_mana_stone,ItemRequirements[1]/01[1],game/scripts/npc/items/item_lia_fire_gloves.txt,19,Literal KV reference; not proof that an event or ability is used.
items,item_recipe_lia_fire_gloves_2,item_lia_fire_gloves_2,ItemResult[1],game/scripts/npc/items/item_lia_fire_gloves.txt,34,Literal KV reference; not proof that an event or ability is used.
items,item_recipe_lia_fire_gloves_2,item_recipe_lia_fire_gloves,ItemRequirements[1]/01[1],game/scripts/npc/items/item_lia_fire_gloves.txt,37,Literal KV reference; not proof that an event or ability is used.
items,item_recipe_lia_fire_gloves_2,item_lia_fire_gloves,ItemRequirements[1]/01[1],game/scripts/npc/items/item_lia_fire_gloves.txt,37,Literal KV reference; not proof that an event or ability is used.
items,item_lia_fire_gloves,item_lia_fire_gloves_2,UpgradesItems[1],game/scripts/npc/items/item_lia_fire_gloves.txt,54,Literal KV reference; not proof that an event or ability is used.
items,item_lia_fire_gloves,item_recipe_lia_fire_gloves,UpgradeRecipe[1],game/scripts/npc/items/item_lia_fire_gloves.txt,55,Literal KV reference; not proof that an event or ability is used.
items,item_lia_fire_gloves_2,item_lia_fire_gloves,UpgradesItems[1],game/scripts/npc/items/item_lia_fire_gloves.txt,100,Literal KV reference; not proof that an event or ability is used.
items,item_lia_fire_gloves_2,item_recipe_lia_fire_gloves,UpgradeRecipe[1],game/scripts/npc/items/item_lia_fire_gloves.txt,101,Literal KV reference; not proof that an event or ability is used.
items,item_recipe_lia_fire_rod,item_lia_fire_rod,ItemResult[1],game/scripts/npc/items/item_lia_fire_rod.txt,16,Literal KV reference; not proof that an event or ability is used.
items,item_recipe_lia_fire_rod,item_lia_orb_of_fire,ItemRequirements[1]/01[1],game/scripts/npc/items/item_lia_fire_rod.txt,19,Literal KV reference; not proof that an event or ability is used.
items,item_recipe_lia_fire_rod,item_lia_spear,ItemRequirements[1]/01[1],game/scripts/npc/items/item_lia_fire_rod.txt,19,Literal KV reference; not proof that an event or ability is used.
items,item_recipe_lia_fire_rod,item_lia_mana_stone,ItemRequirements[1]/01[1],game/scripts/npc/items/item_lia_fire_rod.txt,19,Literal KV reference; not proof that an event or ability is used.
items,item_recipe_lia_fire_sword,item_lia_fire_sword,ItemResult[1],game/scripts/npc/items/item_lia_fire_sword.txt,16,Literal KV reference; not proof that an event or ability is used.
items,item_recipe_lia_fire_sword,item_lia_steel_sword,ItemRequirements[1]/01[1],game/scripts/npc/items/item_lia_fire_sword.txt,19,Literal KV reference; not proof that an event or ability is used.
items,item_recipe_lia_fire_sword,item_lia_ancient_glove,ItemRequirements[1]/01[1],game/scripts/npc/items/item_lia_fire_sword.txt,19,Literal KV reference; not proof that an event or ability is used.
items,item_recipe_lia_ghost_blade,item_lia_ghost_blade,ItemResult[1],game/scripts/npc/items/item_lia_ghost_blade.txt,16,Literal KV reference; not proof that an event or ability is used.
items,item_recipe_lia_ghost_blade,item_lia_pantilus_blade,ItemRequirements[1]/01[1],game/scripts/npc/items/item_lia_ghost_blade.txt,19,Literal KV reference; not proof that an event or ability is used.
items,item_recipe_lia_ghost_blade,item_lia_battle_axe,ItemRequirements[1]/01[1],game/scripts/npc/items/item_lia_ghost_blade.txt,19,Literal KV reference; not proof that an event or ability is used.
items,item_recipe_lia_glove_of_pain,item_lia_glove_of_pain,ItemResult[1],game/scripts/npc/items/item_lia_glove_of_pain.txt,16,Literal KV reference; not proof that an event or ability is used.
items,item_recipe_lia_glove_of_pain,item_lia_mana_staff,ItemRequirements[1]/01[1],game/scripts/npc/items/item_lia_glove_of_pain.txt,19,Literal KV reference; not proof that an event or ability is used.
items,item_recipe_lia_glove_of_pain,item_lia_mask,ItemRequirements[1]/01[1],game/scripts/npc/items/item_lia_glove_of_pain.txt,19,Literal KV reference; not proof that an event or ability is used.
items,item_recipe_lia_hammer,item_lia_hammer,ItemResult[1],game/scripts/npc/items/item_lia_hammer.txt,16,Literal KV reference; not proof that an event or ability is used.
items,item_recipe_lia_hammer,item_lia_spear,ItemRequirements[1]/01[1],game/scripts/npc/items/item_lia_hammer.txt,19,Literal KV reference; not proof that an event or ability is used.
items,item_recipe_lia_hammer,item_lia_axe,ItemRequirements[1]/01[1],game/scripts/npc/items/item_lia_hammer.txt,19,Literal KV reference; not proof that an event or ability is used.
items,item_recipe_lia_hammer,item_lia_necklace,ItemRequirements[1]/01[1],game/scripts/npc/items/item_lia_hammer.txt,19,Literal KV reference; not proof that an event or ability is used.
items,item_recipe_lia_hammer,item_lia_mantle,ItemRequirements[1]/01[1],game/scripts/npc/items/item_lia_hammer.txt,19,Literal KV reference; not proof that an event or ability is used.
items,item_recipe_lia_hammer_of_titans,item_lia_hammer_of_titans,ItemResult[1],game/scripts/npc/items/item_lia_hammer_of_titans.txt,16,Literal KV reference; not proof that an event or ability is used.
items,item_recipe_lia_hammer_of_titans,item_lia_huge_axe,ItemRequirements[1]/01[1],game/scripts/npc/items/item_lia_hammer_of_titans.txt,19,Literal KV reference; not proof that an event or ability is used.
items,item_recipe_lia_hammer_of_titans,item_lia_hammer,ItemRequirements[1]/01[1],game/scripts/npc/items/item_lia_hammer_of_titans.txt,19,Literal KV reference; not proof that an event or ability is used.
items,item_recipe_lia_hell_gloves,item_lia_hell_gloves,ItemResult[1],game/scripts/npc/items/item_lia_hell_gloves.txt,16,Literal KV reference; not proof that an event or ability is used.
items,item_recipe_lia_hell_gloves,item_lia_runed_gloves,ItemRequirements[1]/01[1],game/scripts/npc/items/item_lia_hell_gloves.txt,19,Literal KV reference; not proof that an event or ability is used.
items,item_recipe_lia_hell_gloves,item_lia_gloves_of_strength,ItemRequirements[1]/01[1],game/scripts/npc/items/item_lia_hell_gloves.txt,19,Literal KV reference; not proof that an event or ability is used.
items,item_recipe_lia_hell_mask,item_lia_hell_mask,ItemResult[1],game/scripts/npc/items/item_lia_hell_mask.txt,16,Literal KV reference; not proof that an event or ability is used.
items,item_recipe_lia_hell_mask,item_lia_mask,ItemRequirements[1]/01[1],game/scripts/npc/items/item_lia_hell_mask.txt,19,Literal KV reference; not proof that an event or ability is used.
items,item_recipe_lia_hell_mask,item_lia_mantle,ItemRequirements[1]/01[1],game/scripts/npc/items/item_lia_hell_mask.txt,19,Literal KV reference; not proof that an event or ability is used.
items,item_recipe_lia_huge_axe,item_lia_huge_axe,ItemResult[1],game/scripts/npc/items/item_lia_huge_axe.txt,16,Literal KV reference; not proof that an event or ability is used.
items,item_recipe_lia_huge_axe,item_lia_axe,ItemRequirements[1]/01[1],game/scripts/npc/items/item_lia_huge_axe.txt,19,Literal KV reference; not proof that an event or ability is used.
items,item_recipe_lia_huge_axe,item_lia_claws,ItemRequirements[1]/01[1],game/scripts/npc/items/item_lia_huge_axe.txt,19,Literal KV reference; not proof that an event or ability is used.
items,item_recipe_lia_huge_axe,item_lia_orb_of_fire,ItemRequirements[1]/01[1],game/scripts/npc/items/item_lia_huge_axe.txt,19,Literal KV reference; not proof that an event or ability is used.
items,item_recipe_lia_hyper_boots,item_lia_hyper_boots,ItemResult[1],game/scripts/npc/items/item_lia_hyper_boots.txt,16,Literal KV reference; not proof that an event or ability is used.
items,item_recipe_lia_hyper_boots,item_lia_boots,ItemRequirements[1]/01[1],game/scripts/npc/items/item_lia_hyper_boots.txt,19,Literal KV reference; not proof that an event or ability is used.
items,item_recipe_lia_ice_sword,item_lia_ice_sword,ItemResult[1],game/scripts/npc/items/item_lia_ice_sword.txt,16,Literal KV reference; not proof that an event or ability is used.
items,item_recipe_lia_ice_sword,item_lia_orb_of_frost,ItemRequirements[1]/01[1],game/scripts/npc/items/item_lia_ice_sword.txt,19,Literal KV reference; not proof that an event or ability is used.
items,item_recipe_lia_ice_sword,item_lia_steel_sword,ItemRequirements[1]/01[1],game/scripts/npc/items/item_lia_ice_sword.txt,19,Literal KV reference; not proof that an event or ability is used.
items,item_recipe_lia_knight_cuirass,item_lia_knight_cuirass,ItemResult[1],game/scripts/npc/items/item_lia_knight_cuirass.txt,16,Literal KV reference; not proof that an event or ability is used.
items,item_recipe_lia_knight_cuirass,item_lia_knight_shield,ItemRequirements[1]/01[1],game/scripts/npc/items/item_lia_knight_cuirass.txt,19,Literal KV reference; not proof that an event or ability is used.
items,item_recipe_lia_knight_cuirass,item_lia_shield_of_endurance,ItemRequirements[1]/01[1],game/scripts/npc/items/item_lia_knight_cuirass.txt,19,Literal KV reference; not proof that an event or ability is used.
items,item_recipe_lia_knight_shield,item_lia_knight_shield,ItemResult[1],game/scripts/npc/items/item_lia_knight_shield.txt,16,Literal KV reference; not proof that an event or ability is used.
items,item_recipe_lia_knight_shield,item_lia_claws,ItemRequirements[1]/01[1],game/scripts/npc/items/item_lia_knight_shield.txt,19,Literal KV reference; not proof that an event or ability is used.
items,item_recipe_lia_knight_shield,item_lia_ring_of_protection,ItemRequirements[1]/01[1],game/scripts/npc/items/item_lia_knight_shield.txt,19,Literal KV reference; not proof that an event or ability is used.
items,item_recipe_lia_knight_shield,item_lia_amulet,ItemRequirements[1]/01[1],game/scripts/npc/items/item_lia_knight_shield.txt,19,Literal KV reference; not proof that an event or ability is used.
items,item_recipe_lia_lightning_bow,item_lia_lightning_bow,ItemResult[1],game/scripts/npc/items/item_lia_lightning_bow.txt,16,Literal KV reference; not proof that an event or ability is used.
items,item_recipe_lia_lightning_bow,item_lia_lightning_spear,ItemRequirements[1]/01[1],game/scripts/npc/items/item_lia_lightning_bow.txt,19,Literal KV reference; not proof that an event or ability is used.
items,item_recipe_lia_lightning_bow,item_lia_magic_bow,ItemRequirements[1]/01[1],game/scripts/npc/items/item_lia_lightning_bow.txt,19,Literal KV reference; not proof that an event or ability is used.
items,item_recipe_lia_lightning_spear,item_lia_lightning_spear,ItemResult[1],game/scripts/npc/items/item_lia_lightning_spear.txt,16,Literal KV reference; not proof that an event or ability is used.
items,item_recipe_lia_lightning_spear,item_lia_fire_sword,ItemRequirements[1]/01[1],game/scripts/npc/items/item_lia_lightning_spear.txt,19,Literal KV reference; not proof that an event or ability is used.
items,item_recipe_lia_lightning_spear,item_lia_ancient_glove,ItemRequirements[1]/01[1],game/scripts/npc/items/item_lia_lightning_spear.txt,19,Literal KV reference; not proof that an event or ability is used.
items,item_recipe_lia_lightning_spear,item_lia_spear,ItemRequirements[1]/01[1],game/scripts/npc/items/item_lia_lightning_spear.txt,19,Literal KV reference; not proof that an event or ability is used.
items,item_recipe_lia_lunar_necklace,item_lia_lunar_necklace,ItemResult[1],game/scripts/npc/items/item_lia_lunar_necklace.txt,16,Literal KV reference; not proof that an event or ability is used.
items,item_recipe_lia_lunar_necklace,item_lia_magic_necklace,ItemRequirements[1]/01[1],game/scripts/npc/items/item_lia_lunar_necklace.txt,19,Literal KV reference; not proof that an event or ability is used.
items,item_recipe_lia_lunar_necklace,item_lia_amulet,ItemRequirements[1]/01[1],game/scripts/npc/items/item_lia_lunar_necklace.txt,19,Literal KV reference; not proof that an event or ability is used.
items,item_recipe_lia_lunar_necklace,item_lia_mana_stone,ItemRequirements[1]/01[1],game/scripts/npc/items/item_lia_lunar_necklace.txt,19,Literal KV reference; not proof that an event or ability is used.
items,item_recipe_lia_magic_bow,item_lia_magic_bow,ItemResult[1],game/scripts/npc/items/item_lia_magic_bow.txt,16,Literal KV reference; not proof that an event or ability is used.
items,item_recipe_lia_magic_bow,item_lia_runed_gloves,ItemRequirements[1]/01[1],game/scripts/npc/items/item_lia_magic_bow.txt,19,Literal KV reference; not proof that an event or ability is used.
items,item_recipe_lia_magic_bow,item_lia_spear,ItemRequirements[1]/01[1],game/scripts/npc/items/item_lia_magic_bow.txt,19,Literal KV reference; not proof that an event or ability is used.
items,item_recipe_lia_magic_bow,item_lia_thugs_dagger,ItemRequirements[1]/01[1],game/scripts/npc/items/item_lia_magic_bow.txt,19,Literal KV reference; not proof that an event or ability is used.
items,item_recipe_lia_magic_helm,item_lia_magic_helm,ItemResult[1],game/scripts/npc/items/item_lia_magic_helm.txt,16,Literal KV reference; not proof that an event or ability is used.
items,item_recipe_lia_magic_helm,item_lia_helm,ItemRequirements[1]/01[1],game/scripts/npc/items/item_lia_magic_helm.txt,19,Literal KV reference; not proof that an event or ability is used.
items,item_recipe_lia_magic_necklace,item_lia_magic_necklace,ItemResult[1],game/scripts/npc/items/item_lia_magic_necklace.txt,16,Literal KV reference; not proof that an event or ability is used.
items,item_recipe_lia_magic_necklace,item_lia_staff,ItemRequirements[1]/01[1],game/scripts/npc/items/item_lia_magic_necklace.txt,19,Literal KV reference; not proof that an event or ability is used.
items,item_recipe_lia_magic_necklace,item_lia_thugs_dagger,ItemRequirements[1]/01[1],game/scripts/npc/items/item_lia_magic_necklace.txt,19,Literal KV reference; not proof that an event or ability is used.
items,item_recipe_lia_magic_necklace,item_lia_gloves_of_strength,ItemRequirements[1]/01[1],game/scripts/npc/items/item_lia_magic_necklace.txt,19,Literal KV reference; not proof that an event or ability is used.
items,item_recipe_lia_magic_staff,item_lia_magic_staff,ItemResult[1],game/scripts/npc/items/item_lia_magic_staff.txt,16,Literal KV reference; not proof that an event or ability is used.
items,item_recipe_lia_magic_staff,item_lia_staff,ItemRequirements[1]/01[1],game/scripts/npc/items/item_lia_magic_staff.txt,19,Literal KV reference; not proof that an event or ability is used.
items,item_recipe_lia_magic_staff,item_lia_staff,ItemRequirements[1]/01[1],game/scripts/npc/items/item_lia_magic_staff.txt,19,Literal KV reference; not proof that an event or ability is used.
items,item_recipe_lia_magic_staff,item_lia_mask,ItemRequirements[1]/01[1],game/scripts/npc/items/item_lia_magic_staff.txt,19,Literal KV reference; not proof that an event or ability is used.
items,item_recipe_lia_magician_armor,item_lia_magician_armor,ItemResult[1],game/scripts/npc/items/item_lia_magician_armor.txt,16,Literal KV reference; not proof that an event or ability is used.
items,item_recipe_lia_magician_armor,item_lia_dwarf_armor,ItemRequirements[1]/01[1],game/scripts/npc/items/item_lia_magician_armor.txt,19,Literal KV reference; not proof that an event or ability is used.
items,item_recipe_lia_magician_armor,item_lia_magic_staff,ItemRequirements[1]/01[1],game/scripts/npc/items/item_lia_magician_armor.txt,19,Literal KV reference; not proof that an event or ability is used.
items,item_recipe_lia_magician_armor,item_lia_amulet,ItemRequirements[1]/01[1],game/scripts/npc/items/item_lia_magician_armor.txt,19,Literal KV reference; not proof that an event or ability is used.
items,item_recipe_lia_mana_staff,item_lia_mana_staff,ItemResult[1],game/scripts/npc/items/item_lia_mana_staff.txt,16,Literal KV reference; not proof that an event or ability is used.
items,item_recipe_lia_mana_staff,item_lia_staff,ItemRequirements[1]/01[1],game/scripts/npc/items/item_lia_mana_staff.txt,19,Literal KV reference; not proof that an event or ability is used.
items,item_recipe_lia_mana_staff,item_lia_mana_stone,ItemRequirements[1]/01[1],game/scripts/npc/items/item_lia_mana_staff.txt,19,Literal KV reference; not proof that an event or ability is used.
items,item_recipe_lia_mithril_armor,item_lia_mithril_armor,ItemResult[1],game/scripts/npc/items/item_lia_mithril_armor.txt,16,Literal KV reference; not proof that an event or ability is used.
items,item_recipe_lia_mithril_armor,item_lia_dwarf_armor,ItemRequirements[1]/01[1],game/scripts/npc/items/item_lia_mithril_armor.txt,19,Literal KV reference; not proof that an event or ability is used.
items,item_recipe_lia_mithril_armor,item_lia_ring_of_protection,ItemRequirements[1]/01[1],game/scripts/npc/items/item_lia_mithril_armor.txt,19,Literal KV reference; not proof that an event or ability is used.
items,item_recipe_lia_mithril_armor,item_lia_ring_of_protection,ItemRequirements[1]/01[1],game/scripts/npc/items/item_lia_mithril_armor.txt,19,Literal KV reference; not proof that an event or ability is used.
items,item_recipe_lia_orb_of_frost,item_lia_orb_of_frost,ItemResult[1],game/scripts/npc/items/item_lia_orb_of_frost.txt,16,Literal KV reference; not proof that an event or ability is used.
items,item_recipe_lia_orb_of_frost,item_lia_mana_stone,ItemRequirements[1]/01[1],game/scripts/npc/items/item_lia_orb_of_frost.txt,19,Literal KV reference; not proof that an event or ability is used.
items,item_recipe_lia_orb_of_frost,item_lia_stormwind_horn,ItemRequirements[1]/01[1],game/scripts/npc/items/item_lia_orb_of_frost.txt,19,Literal KV reference; not proof that an event or ability is used.
items,item_recipe_lia_pantilus_blade,item_lia_pantilus_blade,ItemResult[1],game/scripts/npc/items/item_lia_pantilus_blade.txt,16,Literal KV reference; not proof that an event or ability is used.
items,item_recipe_lia_pantilus_blade,item_lia_steel_sword,ItemRequirements[1]/01[1],game/scripts/npc/items/item_lia_pantilus_blade.txt,19,Literal KV reference; not proof that an event or ability is used.
items,item_recipe_lia_pantilus_blade,item_lia_gloves_of_haste,ItemRequirements[1]/01[1],game/scripts/npc/items/item_lia_pantilus_blade.txt,19,Literal KV reference; not proof that an event or ability is used.
items,item_recipe_lia_pantilus_blade,item_lia_gloves_of_haste,ItemRequirements[1]/01[1],game/scripts/npc/items/item_lia_pantilus_blade.txt,19,Literal KV reference; not proof that an event or ability is used.
items,item_recipe_lia_pantilus_blade,item_lia_necklace,ItemRequirements[1]/01[1],game/scripts/npc/items/item_lia_pantilus_blade.txt,19,Literal KV reference; not proof that an event or ability is used.
items,item_recipe_lia_poleaxe_of_rage,item_lia_poleaxe_of_rage,ItemResult[1],game/scripts/npc/items/item_lia_poleaxe_of_rage.txt,16,Literal KV reference; not proof that an event or ability is used.
items,item_recipe_lia_poleaxe_of_rage,item_lia_fire_sword,ItemRequirements[1]/01[1],game/scripts/npc/items/item_lia_poleaxe_of_rage.txt,19,Literal KV reference; not proof that an event or ability is used.
items,item_recipe_lia_poleaxe_of_rage,item_lia_fire_sword,ItemRequirements[1]/01[1],game/scripts/npc/items/item_lia_poleaxe_of_rage.txt,19,Literal KV reference; not proof that an event or ability is used.
items,item_lia_potion_of_invulnerability,invulnerability,ItemAliases[1],game/scripts/npc/items/item_lia_potion_of_invulnerability.txt,22,Literal KV reference; not proof that an event or ability is used.
items,item_recipe_lia_pure_light,item_lia_pure_light,ItemResult[1],game/scripts/npc/items/item_lia_pure_light.txt,16,Literal KV reference; not proof that an event or ability is used.
items,item_recipe_lia_pure_light,item_lia_mana_staff,ItemRequirements[1]/01[1],game/scripts/npc/items/item_lia_pure_light.txt,19,Literal KV reference; not proof that an event or ability is used.
items,item_recipe_lia_pure_light,item_lia_ring_of_regeneration,ItemRequirements[1]/01[1],game/scripts/npc/items/item_lia_pure_light.txt,19,Literal KV reference; not proof that an event or ability is used.
items,item_recipe_lia_blade_of_rage_agi,item_lia_blade_of_rage_agi,ItemResult[1],game/scripts/npc/items/item_lia_rage_sword_agi.txt,16,Literal KV reference; not proof that an event or ability is used.
items,item_recipe_lia_blade_of_rage_agi,item_lia_steel_sword,ItemRequirements[1]/01[1],game/scripts/npc/items/item_lia_rage_sword_agi.txt,19,Literal KV reference; not proof that an event or ability is used.
items,item_recipe_lia_blade_of_rage_agi,item_lia_runed_gloves,ItemRequirements[1]/01[1],game/scripts/npc/items/item_lia_rage_sword_agi.txt,19,Literal KV reference; not proof that an event or ability is used.
items,item_recipe_lia_blade_of_rage_agi,item_lia_thugs_dagger,ItemRequirements[1]/01[1],game/scripts/npc/items/item_lia_rage_sword_agi.txt,19,Literal KV reference; not proof that an event or ability is used.
items,item_recipe_lia_blade_of_rage_int,item_lia_blade_of_rage_int,ItemResult[1],game/scripts/npc/items/item_lia_rage_sword_int.txt,16,Literal KV reference; not proof that an event or ability is used.
items,item_recipe_lia_blade_of_rage_int,item_lia_steel_sword,ItemRequirements[1]/01[1],game/scripts/npc/items/item_lia_rage_sword_int.txt,19,Literal KV reference; not proof that an event or ability is used.
items,item_recipe_lia_blade_of_rage_int,item_lia_runed_gloves,ItemRequirements[1]/01[1],game/scripts/npc/items/item_lia_rage_sword_int.txt,19,Literal KV reference; not proof that an event or ability is used.
items,item_recipe_lia_blade_of_rage_int,item_lia_staff,ItemRequirements[1]/01[1],game/scripts/npc/items/item_lia_rage_sword_int.txt,19,Literal KV reference; not proof that an event or ability is used.
items,item_recipe_lia_blade_of_rage_str,item_lia_blade_of_rage_str,ItemResult[1],game/scripts/npc/items/item_lia_rage_sword_str.txt,16,Literal KV reference; not proof that an event or ability is used.
items,item_recipe_lia_blade_of_rage_str,item_lia_steel_sword,ItemRequirements[1]/01[1],game/scripts/npc/items/item_lia_rage_sword_str.txt,19,Literal KV reference; not proof that an event or ability is used.
items,item_recipe_lia_blade_of_rage_str,item_lia_runed_gloves,ItemRequirements[1]/01[1],game/scripts/npc/items/item_lia_rage_sword_str.txt,19,Literal KV reference; not proof that an event or ability is used.
items,item_recipe_lia_blade_of_rage_str,item_lia_gloves_of_strength,ItemRequirements[1]/01[1],game/scripts/npc/items/item_lia_rage_sword_str.txt,19,Literal KV reference; not proof that an event or ability is used.
items,item_recipe_lia_runed_gloves,item_lia_runed_gloves,ItemResult[1],game/scripts/npc/items/item_lia_runed_gloves.txt,16,Literal KV reference; not proof that an event or ability is used.
items,item_recipe_lia_runed_gloves,item_lia_claws,ItemRequirements[1]/01[1],game/scripts/npc/items/item_lia_runed_gloves.txt,19,Literal KV reference; not proof that an event or ability is used.
items,item_recipe_lia_runed_gloves,item_lia_gloves_of_haste,ItemRequirements[1]/01[1],game/scripts/npc/items/item_lia_runed_gloves.txt,19,Literal KV reference; not proof that an event or ability is used.
items,item_recipe_lia_staff_of_power,item_lia_staff_of_power,ItemResult[1],game/scripts/npc/items/item_lia_scepter_of_power.txt,16,Literal KV reference; not proof that an event or ability is used.
items,item_recipe_lia_staff_of_power,item_lia_mask,ItemRequirements[1]/01[1],game/scripts/npc/items/item_lia_scepter_of_power.txt,19,Literal KV reference; not proof that an event or ability is used.
items,item_recipe_lia_staff_of_power,item_lia_amulet_of_spell_shield,ItemRequirements[1]/01[1],game/scripts/npc/items/item_lia_scepter_of_power.txt,19,Literal KV reference; not proof that an event or ability is used.
items,item_recipe_lia_seal_of_power_shop,item_lia_seal_of_power_shop,ItemResult[1],game/scripts/npc/items/item_lia_seal_of_power.txt,15,Literal KV reference; not proof that an event or ability is used.
items,item_recipe_lia_seal_of_power_shop,item_lia_spear,ItemRequirements[1]/01[1],game/scripts/npc/items/item_lia_seal_of_power.txt,18,Literal KV reference; not proof that an event or ability is used.
items,item_recipe_lia_seal_of_power_shop,item_lia_helm,ItemRequirements[1]/01[1],game/scripts/npc/items/item_lia_seal_of_power.txt,18,Literal KV reference; not proof that an event or ability is used.
items,item_recipe_lia_shield_of_death,item_lia_shield_of_death,ItemResult[1],game/scripts/npc/items/item_lia_shield_of_death.txt,16,Literal KV reference; not proof that an event or ability is used.
items,item_recipe_lia_shield_of_death,item_lia_crown_of_death,ItemRequirements[1]/01[1],game/scripts/npc/items/item_lia_shield_of_death.txt,19,Literal KV reference; not proof that an event or ability is used.
items,item_recipe_lia_shield_of_death,item_lia_amulet,ItemRequirements[1]/01[1],game/scripts/npc/items/item_lia_shield_of_death.txt,19,Literal KV reference; not proof that an event or ability is used.
items,item_recipe_lia_shield_of_endurance,item_lia_shield_of_endurance,ItemResult[1],game/scripts/npc/items/item_lia_shield_of_endurance.txt,16,Literal KV reference; not proof that an event or ability is used.
items,item_recipe_lia_shield_of_endurance,item_lia_ring_of_protection,ItemRequirements[1]/01[1],game/scripts/npc/items/item_lia_shield_of_endurance.txt,19,Literal KV reference; not proof that an event or ability is used.
items,item_recipe_lia_shield_of_endurance,item_lia_ring_of_regeneration,ItemRequirements[1]/01[1],game/scripts/npc/items/item_lia_shield_of_endurance.txt,19,Literal KV reference; not proof that an event or ability is used.
items,item_recipe_lia_shield_of_endurance,item_lia_amulet,ItemRequirements[1]/01[1],game/scripts/npc/items/item_lia_shield_of_endurance.txt,19,Literal KV reference; not proof that an event or ability is used.
items,item_recipe_lia_spellbreaker,item_lia_spellbreaker,ItemResult[1],game/scripts/npc/items/item_lia_spellbreaker.txt,16,Literal KV reference; not proof that an event or ability is used.
items,item_recipe_lia_spellbreaker,item_lia_enchanted_shield_2,ItemRequirements[1]/01[1],game/scripts/npc/items/item_lia_spellbreaker.txt,19,Literal KV reference; not proof that an event or ability is used.
items,item_recipe_lia_spellbreaker,item_lia_staff_of_power,ItemRequirements[1]/01[1],game/scripts/npc/items/item_lia_spellbreaker.txt,19,Literal KV reference; not proof that an event or ability is used.
items,item_recipe_ultimate_scepter,item_ultimate_scepter,ItemResult[1],game/scripts/npc/items/item_lia_spherical_staff.txt,16,Literal KV reference; not proof that an event or ability is used.
items,item_recipe_ultimate_scepter,item_lia_hell_mask,ItemRequirements[1]/01[1],game/scripts/npc/items/item_lia_spherical_staff.txt,19,Literal KV reference; not proof that an event or ability is used.
items,item_recipe_ultimate_scepter,item_lia_staff,ItemRequirements[1]/01[1],game/scripts/npc/items/item_lia_spherical_staff.txt,19,Literal KV reference; not proof that an event or ability is used.
items,item_recipe_lia_staff_of_help,item_lia_staff_of_help,ItemResult[1],game/scripts/npc/items/item_lia_staff_of_help.txt,16,Literal KV reference; not proof that an event or ability is used.
items,item_recipe_lia_staff_of_help,item_lia_mask,ItemRequirements[1]/01[1],game/scripts/npc/items/item_lia_staff_of_help.txt,19,Literal KV reference; not proof that an event or ability is used.
items,item_recipe_lia_staff_of_help,item_lia_staff,ItemRequirements[1]/01[1],game/scripts/npc/items/item_lia_staff_of_help.txt,19,Literal KV reference; not proof that an event or ability is used.
items,item_recipe_lia_staff_of_help,item_lia_ring_of_protection,ItemRequirements[1]/01[1],game/scripts/npc/items/item_lia_staff_of_help.txt,19,Literal KV reference; not proof that an event or ability is used.
items,item_recipe_lia_staff_of_help_2,item_lia_staff_of_help_2,ItemResult[1],game/scripts/npc/items/item_lia_staff_of_help.txt,34,Literal KV reference; not proof that an event or ability is used.
items,item_recipe_lia_staff_of_help_2,item_recipe_lia_staff_of_help,ItemRequirements[1]/01[1],game/scripts/npc/items/item_lia_staff_of_help.txt,37,Literal KV reference; not proof that an event or ability is used.
items,item_recipe_lia_staff_of_help_2,item_lia_staff_of_help,ItemRequirements[1]/01[1],game/scripts/npc/items/item_lia_staff_of_help.txt,37,Literal KV reference; not proof that an event or ability is used.
items,item_lia_staff_of_help,item_lia_staff_of_help_2,UpgradesItems[1],game/scripts/npc/items/item_lia_staff_of_help.txt,53,Literal KV reference; not proof that an event or ability is used.
items,item_lia_staff_of_help,item_recipe_lia_staff_of_help,UpgradeRecipe[1],game/scripts/npc/items/item_lia_staff_of_help.txt,54,Literal KV reference; not proof that an event or ability is used.
items,item_lia_staff_of_help_2,item_lia_staff_of_help,UpgradesItems[1],game/scripts/npc/items/item_lia_staff_of_help.txt,147,Literal KV reference; not proof that an event or ability is used.
items,item_lia_staff_of_help_2,item_recipe_lia_staff_of_help,UpgradeRecipe[1],game/scripts/npc/items/item_lia_staff_of_help.txt,148,Literal KV reference; not proof that an event or ability is used.
items,item_recipe_lia_staff_of_illusions,item_lia_staff_of_illusions,ItemResult[1],game/scripts/npc/items/item_lia_staff_of_illusions.txt,16,Literal KV reference; not proof that an event or ability is used.
items,item_recipe_lia_staff_of_illusions,item_lia_magic_staff,ItemRequirements[1]/01[1],game/scripts/npc/items/item_lia_staff_of_illusions.txt,19,Literal KV reference; not proof that an event or ability is used.
items,item_recipe_lia_staff_of_illusions,item_lia_mana_stone,ItemRequirements[1]/01[1],game/scripts/npc/items/item_lia_staff_of_illusions.txt,19,Literal KV reference; not proof that an event or ability is used.
items,item_recipe_lia_staff_of_life,item_lia_staff_of_life,ItemResult[1],game/scripts/npc/items/item_lia_staff_of_life.txt,16,Literal KV reference; not proof that an event or ability is used.
items,item_recipe_lia_staff_of_life,item_lia_magic_staff,ItemRequirements[1]/01[1],game/scripts/npc/items/item_lia_staff_of_life.txt,19,Literal KV reference; not proof that an event or ability is used.
items,item_recipe_lia_staff_of_life,item_lia_ring_of_protection,ItemRequirements[1]/01[1],game/scripts/npc/items/item_lia_staff_of_life.txt,19,Literal KV reference; not proof that an event or ability is used.
items,item_recipe_lia_staff_of_light,item_lia_staff_of_light,ItemResult[1],game/scripts/npc/items/item_lia_staff_of_light.txt,16,Literal KV reference; not proof that an event or ability is used.
items,item_recipe_lia_staff_of_light,item_lia_magic_staff,ItemRequirements[1]/01[1],game/scripts/npc/items/item_lia_staff_of_light.txt,19,Literal KV reference; not proof that an event or ability is used.
items,item_recipe_lia_staff_of_light,item_lia_ring_of_regeneration,ItemRequirements[1]/01[1],game/scripts/npc/items/item_lia_staff_of_light.txt,19,Literal KV reference; not proof that an event or ability is used.
items,item_recipe_lia_sword_of_solidarity,item_lia_sword_of_solidarity,ItemResult[1],game/scripts/npc/items/item_lia_sword_of_solidarity.txt,16,Literal KV reference; not proof that an event or ability is used.
items,item_recipe_lia_sword_of_solidarity,item_lia_steel_sword,ItemRequirements[1]/01[1],game/scripts/npc/items/item_lia_sword_of_solidarity.txt,19,Literal KV reference; not proof that an event or ability is used.
items,item_recipe_lia_sword_of_solidarity,item_lia_ring_of_regeneration,ItemRequirements[1]/01[1],game/scripts/npc/items/item_lia_sword_of_solidarity.txt,19,Literal KV reference; not proof that an event or ability is used.
items,item_recipe_lia_sword_of_solidarity,item_lia_ring_of_protection,ItemRequirements[1]/01[1],game/scripts/npc/items/item_lia_sword_of_solidarity.txt,19,Literal KV reference; not proof that an event or ability is used.
items,item_recipe_lia_sword_of_solidarity_2,item_lia_sword_of_solidarity_2,ItemResult[1],game/scripts/npc/items/item_lia_sword_of_solidarity.txt,34,Literal KV reference; not proof that an event or ability is used.
items,item_recipe_lia_sword_of_solidarity_2,item_lia_sword_of_solidarity,ItemRequirements[1]/01[1],game/scripts/npc/items/item_lia_sword_of_solidarity.txt,37,Literal KV reference; not proof that an event or ability is used.
items,item_recipe_lia_sword_of_solidarity_2,item_recipe_lia_sword_of_solidarity,ItemRequirements[1]/01[1],game/scripts/npc/items/item_lia_sword_of_solidarity.txt,37,Literal KV reference; not proof that an event or ability is used.
items,item_lia_sword_of_solidarity,item_recipe_lia_sword_of_solidarity,UpgradeRecipe[1],game/scripts/npc/items/item_lia_sword_of_solidarity.txt,58,Literal KV reference; not proof that an event or ability is used.
items,item_lia_sword_of_solidarity_2,item_lia_sword_of_solidarity,UpgradesItems[1],game/scripts/npc/items/item_lia_sword_of_solidarity.txt,133,Literal KV reference; not proof that an event or ability is used.
items,item_lia_sword_of_solidarity_2,item_recipe_lia_sword_of_solidarity,UpgradeRecipe[1],game/scripts/npc/items/item_lia_sword_of_solidarity.txt,134,Literal KV reference; not proof that an event or ability is used.
items,item_recipe_lia_totem_of_persistence,item_lia_totem_of_persistence,ItemResult[1],game/scripts/npc/items/item_lia_totem_of_persistence.txt,16,Literal KV reference; not proof that an event or ability is used.
items,item_recipe_lia_totem_of_persistence,item_lia_dwarf_armor,ItemRequirements[1]/01[1],game/scripts/npc/items/item_lia_totem_of_persistence.txt,19,Literal KV reference; not proof that an event or ability is used.
items,item_recipe_lia_totem_of_persistence,item_lia_staff_of_power,ItemRequirements[1]/01[1],game/scripts/npc/items/item_lia_totem_of_persistence.txt,19,Literal KV reference; not proof that an event or ability is used.
items,item_recipe_lia_totem_of_persistence,item_lia_runed_bracers,ItemRequirements[1]/01[1],game/scripts/npc/items/item_lia_totem_of_persistence.txt,19,Literal KV reference; not proof that an event or ability is used.
items,item_recipe_lia_widow_boots,item_lia_widow_boots,ItemResult[1],game/scripts/npc/items/item_lia_widow_boots.txt,15,Literal KV reference; not proof that an event or ability is used.
items,item_recipe_lia_widow_boots,item_lia_boots_of_invisibility,ItemRequirements[1]/01[1],game/scripts/npc/items/item_lia_widow_boots.txt,18,Literal KV reference; not proof that an event or ability is used.
items,item_recipe_lia_widow_boots,item_lia_demon_edge,ItemRequirements[1]/01[1],game/scripts/npc/items/item_lia_widow_boots.txt,18,Literal KV reference; not proof that an event or ability is used.
items,item_recipe_lia_widow_boots,item_lia_spider_ring,ItemRequirements[1]/01[1],game/scripts/npc/items/item_lia_widow_boots.txt,18,Literal KV reference; not proof that an event or ability is used.
units,fire_golem_10_wave,spell_immunity,Ability1[1],game/scripts/npc/units/10_wave_megaboss.txt,18,Literal KV reference; not proof that an event or ability is used.
units,fire_golem_10_wave,fire_golem_10_wave_megaboss_immolation,Ability2[1],game/scripts/npc/units/10_wave_megaboss.txt,19,Literal KV reference; not proof that an event or ability is used.
units,10_wave_megaboss,10_wave_rejuvenation,Creature[1]/DefensiveAbilities[1]/Ability1[1]/Name[1],game/scripts/npc/units/10_wave_megaboss.txt,124,Literal KV reference; not proof that an event or ability is used.
units,10_wave_megaboss,10_wave_antimagic,Creature[1]/DefensiveAbilities[1]/Ability2[1]/Name[1],game/scripts/npc/units/10_wave_megaboss.txt,131,Literal KV reference; not proof that an event or ability is used.
units,10_wave_megaboss,10_wave_fire_golem,Creature[1]/OffensiveAbilities[1]/Ability1[1]/Name[1],game/scripts/npc/units/10_wave_megaboss.txt,142,Literal KV reference; not proof that an event or ability is used.
units,10_wave_megaboss,10_wave_slow,Creature[1]/OffensiveAbilities[1]/Ability2[1]/Name[1],game/scripts/npc/units/10_wave_megaboss.txt,150,Literal KV reference; not proof that an event or ability is used.
units,10_wave_megaboss,10_wave_fire_golem,Ability1[1],game/scripts/npc/units/10_wave_megaboss.txt,155,Literal KV reference; not proof that an event or ability is used.
units,10_wave_megaboss,10_wave_rejuvenation,Ability2[1],game/scripts/npc/units/10_wave_megaboss.txt,156,Literal KV reference; not proof that an event or ability is used.
units,10_wave_megaboss,10_wave_antimagic,Ability3[1],game/scripts/npc/units/10_wave_megaboss.txt,157,Literal KV reference; not proof that an event or ability is used.
units,10_wave_megaboss,10_wave_slow,Ability4[1],game/scripts/npc/units/10_wave_megaboss.txt,158,Literal KV reference; not proof that an event or ability is used.
units,10_wave_megaboss,megaboss_10_return,Ability5[1],game/scripts/npc/units/10_wave_megaboss.txt,159,Literal KV reference; not proof that an event or ability is used.
units,10_wave_megaboss,true_sight,Ability6[1],game/scripts/npc/units/10_wave_megaboss.txt,160,Literal KV reference; not proof that an event or ability is used.
units,15_wave_megaboss,15_megaboss_illusions,Ability1[1],game/scripts/npc/units/15_wave_megaboss.txt,17,Literal KV reference; not proof that an event or ability is used.
units,15_wave_megaboss,15_megaboss_silence,Ability2[1],game/scripts/npc/units/15_wave_megaboss.txt,18,Literal KV reference; not proof that an event or ability is used.
units,15_wave_megaboss,15_megaboss_astral,Ability3[1],game/scripts/npc/units/15_wave_megaboss.txt,19,Literal KV reference; not proof that an event or ability is used.
units,15_wave_megaboss,megaboss_15_mana_break,Ability4[1],game/scripts/npc/units/15_wave_megaboss.txt,20,Literal KV reference; not proof that an event or ability is used.
units,15_wave_megaboss,true_sight,Ability5[1],game/scripts/npc/units/15_wave_megaboss.txt,21,Literal KV reference; not proof that an event or ability is used.
units,15_wave_megaboss,megaboss_15_ghoul_purge,Ability6[1],game/scripts/npc/units/15_wave_megaboss.txt,22,Literal KV reference; not proof that an event or ability is used.
units,5_wave_megaboss,5_megaboss_firestorm,Ability1[1],game/scripts/npc/units/5_wave_megaboss.txt,17,Literal KV reference; not proof that an event or ability is used.
units,5_wave_megaboss,5_megaboss_stomp,Ability2[1],game/scripts/npc/units/5_wave_megaboss.txt,18,Literal KV reference; not proof that an event or ability is used.
units,5_wave_megaboss,megaboss_5_bash,Ability3[1],game/scripts/npc/units/5_wave_megaboss.txt,19,Literal KV reference; not proof that an event or ability is used.
units,5_wave_megaboss,megaboss_5_crit,Ability4[1],game/scripts/npc/units/5_wave_megaboss.txt,20,Literal KV reference; not proof that an event or ability is used.
units,5_wave_megaboss,true_sight,Ability5[1],game/scripts/npc/units/5_wave_megaboss.txt,21,Literal KV reference; not proof that an event or ability is used.
units,5_wave_megaboss,5_megaboss_stomp,Creature[1]/OffensiveAbilities[1]/Ability1[1]/Name[1],game/scripts/npc/units/5_wave_megaboss.txt,106,Literal KV reference; not proof that an event or ability is used.
units,5_wave_megaboss,5_megaboss_firestorm,Creature[1]/OffensiveAbilities[1]/Ability2[1]/Name[1],game/scripts/npc/units/5_wave_megaboss.txt,113,Literal KV reference; not proof that an event or ability is used.
units,android_clockwerk_goblin1,android_pocket_factory_spawn_goblin1,Ability2[1],game/scripts/npc/units/android_units.txt,15,Literal KV reference; not proof that an event or ability is used.
units,android_clockwerk_goblin2,android_pocket_factory_spawn_goblin2,Ability2[1],game/scripts/npc/units/android_units.txt,94,Literal KV reference; not proof that an event or ability is used.
units,android_clockwerk_goblin3,android_pocket_factory_spawn_goblin3,Ability2[1],game/scripts/npc/units/android_units.txt,173,Literal KV reference; not proof that an event or ability is used.
units,white_wolf_bm,white_wolf_bm_howl,Ability1[1],game/scripts/npc/units/beastmaster_creeps.txt,17,Literal KV reference; not proof that an event or ability is used.
units,white_wolf_bm,white_wolf_bm_crit,Ability2[1],game/scripts/npc/units/beastmaster_creeps.txt,18,Literal KV reference; not proof that an event or ability is used.
units,jungle_stalker_bm,jungle_stalker_bm_rejuvenation,Ability1[1],game/scripts/npc/units/beastmaster_creeps.txt,77,Literal KV reference; not proof that an event or ability is used.
units,jungle_stalker_bm,jungle_stalker_bm_crit,Ability2[1],game/scripts/npc/units/beastmaster_creeps.txt,78,Literal KV reference; not proof that an event or ability is used.
units,phoenix_bm,spell_immunity,Ability1[1],game/scripts/npc/units/beastmaster_creeps.txt,138,Literal KV reference; not proof that an event or ability is used.
units,phoenix_bm,phoenix_bm_spawn_egg,Ability2[1],game/scripts/npc/units/beastmaster_creeps.txt,139,Literal KV reference; not proof that an event or ability is used.
units,phoenix_bm,phoenix_bm_phoenix_fire,Ability3[1],game/scripts/npc/units/beastmaster_creeps.txt,140,Literal KV reference; not proof that an event or ability is used.
units,phoenix_egg_bm,spell_immunity,Ability1[1],game/scripts/npc/units/beastmaster_creeps.txt,200,Literal KV reference; not proof that an event or ability is used.
units,phoenix_egg_bm,phoenix_egg_bm_spawn_phoenix,Ability2[1],game/scripts/npc/units/beastmaster_creeps.txt,201,Literal KV reference; not proof that an event or ability is used.
units,butcher_zombie_1,butcher_skin,Ability1[1],game/scripts/npc/units/butcher_zombies.txt,11,Literal KV reference; not proof that an event or ability is used.
units,butcher_zombie_2,butcher_skin,Ability1[1],game/scripts/npc/units/butcher_zombies.txt,68,Literal KV reference; not proof that an event or ability is used.
units,butcher_zombie_3,butcher_zombie_bash,Ability1[1],game/scripts/npc/units/butcher_zombies.txt,125,Literal KV reference; not proof that an event or ability is used.
units,butcher_zombie_3,butcher_skin,Ability2[1],game/scripts/npc/units/butcher_zombies.txt,126,Literal KV reference; not proof that an event or ability is used.
units,camera_guy,camera_passive,Ability1[1],game/scripts/npc/units/camera_guy.txt,9,Literal KV reference; not proof that an event or ability is used.
units,arena_rock,barrel_no_health_bar,Ability1[1],game/scripts/npc/units/decorations.txt,12,Literal KV reference; not proof that an event or ability is used.
units,arena_rock_2,barrel_no_health_bar,Ability1[1],game/scripts/npc/units/decorations.txt,58,Literal KV reference; not proof that an event or ability is used.
units,arena_rock_3,barrel_no_health_bar,Ability1[1],game/scripts/npc/units/decorations.txt,104,Literal KV reference; not proof that an event or ability is used.
units,arena_rock_4,barrel_no_health_bar,Ability1[1],game/scripts/npc/units/decorations.txt,149,Literal KV reference; not proof that an event or ability is used.
units,arena_rock_5,barrel_no_health_bar,Ability1[1],game/scripts/npc/units/decorations.txt,194,Literal KV reference; not proof that an event or ability is used.
units,arena_center_box,barrel_no_health_bar,Ability1[1],game/scripts/npc/units/decorations.txt,240,Literal KV reference; not proof that an event or ability is used.
units,barricades,barrel_no_health_bar,Ability1[1],game/scripts/npc/units/decorations.txt,288,Literal KV reference; not proof that an event or ability is used.
units,barricades_small,barrel_no_health_bar,Ability1[1],game/scripts/npc/units/decorations.txt,336,Literal KV reference; not proof that an event or ability is used.
units,barricades_big,barrel_no_health_bar,Ability1[1],game/scripts/npc/units/decorations.txt,384,Literal KV reference; not proof that an event or ability is used.
units,npc_dota_creature_barrel,barrel_no_health_bar,Ability1[1],game/scripts/npc/units/decorations.txt,435,Literal KV reference; not proof that an event or ability is used.
units,small_barrel,barrel_no_health_bar,Ability1[1],game/scripts/npc/units/decorations.txt,481,Literal KV reference; not proof that an event or ability is used.
units,small_barrel_side,barrel_no_health_bar,Ability1[1],game/scripts/npc/units/decorations.txt,527,Literal KV reference; not proof that an event or ability is used.
units,big_barrel,barrel_no_health_bar,Ability1[1],game/scripts/npc/units/decorations.txt,574,Literal KV reference; not proof that an event or ability is used.
units,tnt_barrel,barrel_no_health_bar,Ability1[1],game/scripts/npc/units/decorations.txt,620,Literal KV reference; not proof that an event or ability is used.
units,tnt_barrel,barrel_explosion,Ability2[1],game/scripts/npc/units/decorations.txt,621,Literal KV reference; not proof that an event or ability is used.
units,tnt_barrel,barrel_invulnerability,Ability3[1],game/scripts/npc/units/decorations.txt,622,Literal KV reference; not proof that an event or ability is used.
units,barricades_halloween,barrel_no_health_bar,Ability1[1],game/scripts/npc/units/decorations.txt,668,Literal KV reference; not proof that an event or ability is used.
units,barricades_halloween2,barrel_no_health_bar,Ability1[1],game/scripts/npc/units/decorations.txt,716,Literal KV reference; not proof that an event or ability is used.
units,barricades_halloween3,barrel_no_health_bar,Ability1[1],game/scripts/npc/units/decorations.txt,764,Literal KV reference; not proof that an event or ability is used.
units,dummy_unit,dummy_passive,Ability1[1],game/scripts/npc/units/dummy_unit.txt,12,Literal KV reference; not proof that an event or ability is used.
units,dummy_unit_vulnerable,dummy_passive_vulnerable,Ability1[1],game/scripts/npc/units/dummy_unit.txt,24,Literal KV reference; not proof that an event or ability is used.
units,dummy_unit_building,dummy_passive,Ability1[1],game/scripts/npc/units/dummy_unit.txt,37,Literal KV reference; not proof that an event or ability is used.
units,dummy_unit_anomaly,dummy_passive,Ability1[1],game/scripts/npc/units/dummy_unit.txt,49,Literal KV reference; not proof that an event or ability is used.
units,dummy_unit_side_effect,dummy_passive,Ability1[1],game/scripts/npc/units/dummy_unit.txt,61,Literal KV reference; not proof that an event or ability is used.
units,dummy_unit_phase_hero,dummy_passive_nofly,Ability1[1],game/scripts/npc/units/dummy_unit.txt,73,Literal KV reference; not proof that an event or ability is used.
units,dummy_unit_pure_light,dummy_passive,Ability1[1],game/scripts/npc/units/dummy_unit.txt,86,Literal KV reference; not proof that an event or ability is used.
units,1_wave_boss_extreme,1_wave_stomp_extreme,Ability1[1],game/scripts/npc/units/extreme_mode_bosses.txt,17,Literal KV reference; not proof that an event or ability is used.
units,1_wave_boss_extreme,wave_1_poison_extreme,Ability2[1],game/scripts/npc/units/extreme_mode_bosses.txt,18,Literal KV reference; not proof that an event or ability is used.
units,2_wave_boss_extreme,wave_2_centaurs_revenge_extreme,Ability1[1],game/scripts/npc/units/extreme_mode_bosses.txt,81,Literal KV reference; not proof that an event or ability is used.
units,2_wave_boss_extreme,2_wave_war_stomp_extreme,Ability2[1],game/scripts/npc/units/extreme_mode_bosses.txt,82,Literal KV reference; not proof that an event or ability is used.
units,2_wave_boss_extreme,wave_2_aura_of_vengeance_extreme,Ability3[1],game/scripts/npc/units/extreme_mode_bosses.txt,83,Literal KV reference; not proof that an event or ability is used.
units,2_wave_boss_extreme,second_wave_wave_of_force_extreme,Ability4[1],game/scripts/npc/units/extreme_mode_bosses.txt,84,Literal KV reference; not proof that an event or ability is used.
units,3_wave_boss_extreme,wave_3_evasion_extreme,Ability1[1],game/scripts/npc/units/extreme_mode_bosses.txt,145,Literal KV reference; not proof that an event or ability is used.
units,3_wave_boss_extreme,3_wave_rejuvenation_extreme,Ability2[1],game/scripts/npc/units/extreme_mode_bosses.txt,146,Literal KV reference; not proof that an event or ability is used.
units,4_wave_boss_extreme,4_wave_death_coil,Ability1[1],game/scripts/npc/units/extreme_mode_bosses.txt,208,Literal KV reference; not proof that an event or ability is used.
units,4_wave_boss_extreme,4_wave_ensnare_extreme,Ability2[1],game/scripts/npc/units/extreme_mode_bosses.txt,209,Literal KV reference; not proof that an event or ability is used.
units,4_wave_boss_extreme,4_wave_true_hit_extreme,Ability3[1],game/scripts/npc/units/extreme_mode_bosses.txt,210,Literal KV reference; not proof that an event or ability is used.
units,6_wave_boss_extreme,6_wave_curse,Ability1[1],game/scripts/npc/units/extreme_mode_bosses.txt,267,Literal KV reference; not proof that an event or ability is used.
units,6_wave_boss_extreme,6_wave_cripple,Ability2[1],game/scripts/npc/units/extreme_mode_bosses.txt,268,Literal KV reference; not proof that an event or ability is used.
units,6_wave_boss_extreme,wave_6_invisibility,Ability3[1],game/scripts/npc/units/extreme_mode_bosses.txt,269,Literal KV reference; not proof that an event or ability is used.
units,7_wave_boss_extreme,7_wave_howl_of_terror_extreme,Ability1[1],game/scripts/npc/units/extreme_mode_bosses.txt,332,Literal KV reference; not proof that an event or ability is used.
units,7_wave_boss_extreme,7_wave_plague,Ability2[1],game/scripts/npc/units/extreme_mode_bosses.txt,333,Literal KV reference; not proof that an event or ability is used.
units,7_wave_boss_extreme,7_wave_sharp_claws_extreme,Ability3[1],game/scripts/npc/units/extreme_mode_bosses.txt,334,Literal KV reference; not proof that an event or ability is used.
units,8_wave_boss_extreme,wave_8_cleave,Ability1[1],game/scripts/npc/units/extreme_mode_bosses.txt,397,Literal KV reference; not proof that an event or ability is used.
units,8_wave_boss_extreme,custom_spell_immunity,Ability2[1],game/scripts/npc/units/extreme_mode_bosses.txt,398,Literal KV reference; not proof that an event or ability is used.
units,8_wave_boss_extreme,wave_8_lifesteal_aura,Ability3[1],game/scripts/npc/units/extreme_mode_bosses.txt,399,Literal KV reference; not proof that an event or ability is used.
units,8_wave_boss_extreme,8_wave_storm_bolt,Ability4[1],game/scripts/npc/units/extreme_mode_bosses.txt,400,Literal KV reference; not proof that an event or ability is used.
units,8_wave_boss_extreme,wave_8_lifesteal_extreme,Ability5[1],game/scripts/npc/units/extreme_mode_bosses.txt,401,Literal KV reference; not proof that an event or ability is used.
units,9_wave_boss_extreme,9_wave_frost_nova,Ability1[1],game/scripts/npc/units/extreme_mode_bosses.txt,480,Literal KV reference; not proof that an event or ability is used.
units,9_wave_boss_extreme,wave_9_morphallaxis,Ability2[1],game/scripts/npc/units/extreme_mode_bosses.txt,481,Literal KV reference; not proof that an event or ability is used.
units,11_wave_boss_extreme,wave_11_mana_break_extreme,Ability1[1],game/scripts/npc/units/extreme_mode_bosses.txt,542,Literal KV reference; not proof that an event or ability is used.
units,12_wave_boss_extreme,wave_12_bash,Ability1[1],game/scripts/npc/units/extreme_mode_bosses.txt,606,Literal KV reference; not proof that an event or ability is used.
units,12_wave_boss_extreme,12_wave_bloodlust_extreme,Ability2[1],game/scripts/npc/units/extreme_mode_bosses.txt,607,Literal KV reference; not proof that an event or ability is used.
units,12_wave_boss_extreme,12_wave_roots_extreme,Ability3[1],game/scripts/npc/units/extreme_mode_bosses.txt,608,Literal KV reference; not proof that an event or ability is used.
units,13_wave_boss_extreme,custom_spell_immunity,Ability1[1],game/scripts/npc/units/extreme_mode_bosses.txt,670,Literal KV reference; not proof that an event or ability is used.
units,13_wave_boss_extreme,wave_13_command_aura_extreme,Ability2[1],game/scripts/npc/units/extreme_mode_bosses.txt,671,Literal KV reference; not proof that an event or ability is used.
units,14_wave_boss_extreme,14_wave_storm_bolt_extreme,Ability1[1],game/scripts/npc/units/extreme_mode_bosses.txt,738,Literal KV reference; not proof that an event or ability is used.
units,16_wave_boss_extreme,wave_16_mana_burn_extreme,Ability1[1],game/scripts/npc/units/extreme_mode_bosses.txt,809,Literal KV reference; not proof that an event or ability is used.
units,16_wave_boss_extreme,16_wave_slow_extreme,Ability2[1],game/scripts/npc/units/extreme_mode_bosses.txt,810,Literal KV reference; not proof that an event or ability is used.
units,17_wave_boss_extreme,wave_17_evasion_extreme,Ability1[1],game/scripts/npc/units/extreme_mode_bosses.txt,872,Literal KV reference; not proof that an event or ability is used.
units,18_wave_boss_extreme,wave_18_bash_extreme,Ability1[1],game/scripts/npc/units/extreme_mode_bosses.txt,949,Literal KV reference; not proof that an event or ability is used.
units,19_wave_boss_extreme,19_wave_polymorph_extreme,Ability1[1],game/scripts/npc/units/extreme_mode_bosses.txt,1013,Literal KV reference; not proof that an event or ability is used.
units,1_wave_creep_extreme,wave_1_poison_extreme,Ability1[1],game/scripts/npc/units/extreme_mode_creeps.txt,16,Literal KV reference; not proof that an event or ability is used.
units,2_wave_creep_extreme,wave_2_centaurs_revenge_extreme,Ability1[1],game/scripts/npc/units/extreme_mode_creeps.txt,81,Literal KV reference; not proof that an event or ability is used.
units,3_wave_creep_extreme,wave_3_evasion_extreme,Ability1[1],game/scripts/npc/units/extreme_mode_creeps.txt,146,Literal KV reference; not proof that an event or ability is used.
units,4_wave_creep_extreme,4_wave_true_hit_extreme,Ability1[1],game/scripts/npc/units/extreme_mode_creeps.txt,211,Literal KV reference; not proof that an event or ability is used.
units,6_wave_creep_extreme,wave_6_assassin_extreme,Ability1[1],game/scripts/npc/units/extreme_mode_creeps.txt,273,Literal KV reference; not proof that an event or ability is used.
units,6_wave_creep_extreme,wave_6_invisibility,Ability2[1],game/scripts/npc/units/extreme_mode_creeps.txt,274,Literal KV reference; not proof that an event or ability is used.
units,7_wave_creep_extreme,7_wave_plague,Ability1[1],game/scripts/npc/units/extreme_mode_creeps.txt,338,Literal KV reference; not proof that an event or ability is used.
units,7_wave_creep_extreme,7_wave_sharp_claws_extreme,Ability2[1],game/scripts/npc/units/extreme_mode_creeps.txt,339,Literal KV reference; not proof that an event or ability is used.
units,8_wave_creep_extreme,wave_8_cleave,Ability1[1],game/scripts/npc/units/extreme_mode_creeps.txt,403,Literal KV reference; not proof that an event or ability is used.
units,8_wave_creep_extreme,wave_8_lifesteal_extreme,Ability2[1],game/scripts/npc/units/extreme_mode_creeps.txt,404,Literal KV reference; not proof that an event or ability is used.
units,8_wave_creep_extreme,custom_spell_immunity,Ability3[1],game/scripts/npc/units/extreme_mode_creeps.txt,405,Literal KV reference; not proof that an event or ability is used.
units,11_wave_creep_extreme,11_wave_immolation_extreme,Ability1[1],game/scripts/npc/units/extreme_mode_creeps.txt,534,Literal KV reference; not proof that an event or ability is used.
units,11_wave_creep_extreme,wave_11_mana_break_extreme_creeps,Ability2[1],game/scripts/npc/units/extreme_mode_creeps.txt,535,Literal KV reference; not proof that an event or ability is used.
units,11_wave_creep_extreme,wave_11_cleave,Ability3[1],game/scripts/npc/units/extreme_mode_creeps.txt,536,Literal KV reference; not proof that an event or ability is used.
units,12_wave_creep_extreme,12_wave_stomp,Ability1[1],game/scripts/npc/units/extreme_mode_creeps.txt,599,Literal KV reference; not proof that an event or ability is used.
units,12_wave_creep_extreme,wave_12_crit_extreme,Ability2[1],game/scripts/npc/units/extreme_mode_creeps.txt,600,Literal KV reference; not proof that an event or ability is used.
units,13_wave_creep_extreme,13_wave_hurl_boulder,Ability1[1],game/scripts/npc/units/extreme_mode_creeps.txt,662,Literal KV reference; not proof that an event or ability is used.
units,13_wave_creep_extreme,custom_spell_immunity,Ability2[1],game/scripts/npc/units/extreme_mode_creeps.txt,663,Literal KV reference; not proof that an event or ability is used.
units,14_wave_creep_extreme,14_wave_shadow_strike_extreme,Ability1[1],game/scripts/npc/units/extreme_mode_creeps.txt,730,Literal KV reference; not proof that an event or ability is used.
units,16_wave_creep_extreme,wave_16_mana_burn_extreme,Ability1[1],game/scripts/npc/units/extreme_mode_creeps.txt,802,Literal KV reference; not proof that an event or ability is used.
units,16_wave_creep_extreme,wave_16_evasion_extreme,Ability2[1],game/scripts/npc/units/extreme_mode_creeps.txt,803,Literal KV reference; not proof that an event or ability is used.
units,17_wave_creep_extreme,17_wave_purge_extreme,Ability1[1],game/scripts/npc/units/extreme_mode_creeps.txt,865,Literal KV reference; not proof that an event or ability is used.
units,18_wave_creep_extreme,18_wave_silence_extreme,Ability1[1],game/scripts/npc/units/extreme_mode_creeps.txt,931,Literal KV reference; not proof that an event or ability is used.
units,19_wave_creep_extreme,19_wave_faerie_fire_extreme,Ability1[1],game/scripts/npc/units/extreme_mode_creeps.txt,1004,Literal KV reference; not proof that an event or ability is used.
units,npc_water_elemental_4,water_elemental_4_orb,Ability1[1],game/scripts/npc/units/hermit_water_elementals.txt,288,Literal KV reference; not proof that an event or ability is used.
units,item_lia_healing_ward_unit,healing_ward_ability,Ability1[1],game/scripts/npc/units/item_lia_healing_ward_unit.txt,19,Literal KV reference; not proof that an event or ability is used.
units,keeper_of_the_grove_treant_2,keeper_of_the_grove_treants_unity,Ability1[1],game/scripts/npc/units/keeper_of_the_grove_units.txt,76,Literal KV reference; not proof that an event or ability is used.
units,keeper_of_the_grove_treant_2,keeper_of_the_grove_treants_cyclone,Ability2[1],game/scripts/npc/units/keeper_of_the_grove_units.txt,77,Literal KV reference; not proof that an event or ability is used.
units,keeper_of_the_grove_treant_3,keeper_of_the_grove_treants_unity,Ability1[1],game/scripts/npc/units/keeper_of_the_grove_units.txt,138,Literal KV reference; not proof that an event or ability is used.
units,keeper_of_the_grove_treant_3,keeper_of_the_grove_treants_cyclone,Ability2[1],game/scripts/npc/units/keeper_of_the_grove_units.txt,139,Literal KV reference; not proof that an event or ability is used.
units,keeper_of_the_grove_treant_3,keeper_of_the_grove_treants_reborn,Ability3[1],game/scripts/npc/units/keeper_of_the_grove_units.txt,140,Literal KV reference; not proof that an event or ability is used.
units,keeper_of_the_grove_guardian_spirit,keeper_of_the_grove_guardian_spirit_narure_forces,Ability1[1],game/scripts/npc/units/keeper_of_the_grove_units.txt,263,Literal KV reference; not proof that an event or ability is used.
units,necromancer_skeleton4,necromancer_skel_return,Ability1[1],game/scripts/npc/units/necromancer_creeps.txt,180,Literal KV reference; not proof that an event or ability is used.
units,1_wave_boss,1_wave_stomp,Ability1[1],game/scripts/npc/units/normal_mode_bosses.txt,17,Literal KV reference; not proof that an event or ability is used.
units,1_wave_boss,wave_1_poison,Ability2[1],game/scripts/npc/units/normal_mode_bosses.txt,18,Literal KV reference; not proof that an event or ability is used.
units,2_wave_boss,second_wave_wave_of_force,Ability1[1],game/scripts/npc/units/normal_mode_bosses.txt,81,Literal KV reference; not proof that an event or ability is used.
units,2_wave_boss,wave_2_aura_of_vengeance,Ability2[1],game/scripts/npc/units/normal_mode_bosses.txt,82,Literal KV reference; not proof that an event or ability is used.
units,2_wave_boss,wave_2_centaurs_revenge,Ability3[1],game/scripts/npc/units/normal_mode_bosses.txt,83,Literal KV reference; not proof that an event or ability is used.
units,3_wave_boss,wave_3_evasion,Ability1[1],game/scripts/npc/units/normal_mode_bosses.txt,145,Literal KV reference; not proof that an event or ability is used.
units,3_wave_boss,3_wave_rejuvenation,Ability2[1],game/scripts/npc/units/normal_mode_bosses.txt,146,Literal KV reference; not proof that an event or ability is used.
units,4_wave_boss,4_wave_death_coil,Ability1[1],game/scripts/npc/units/normal_mode_bosses.txt,208,Literal KV reference; not proof that an event or ability is used.
units,6_wave_boss,6_wave_cripple,Ability1[1],game/scripts/npc/units/normal_mode_bosses.txt,267,Literal KV reference; not proof that an event or ability is used.
units,6_wave_boss,wave_6_invisibility,Ability2[1],game/scripts/npc/units/normal_mode_bosses.txt,268,Literal KV reference; not proof that an event or ability is used.
units,7_wave_boss,7_wave_howl_of_terror,Ability1[1],game/scripts/npc/units/normal_mode_bosses.txt,332,Literal KV reference; not proof that an event or ability is used.
units,7_wave_boss,7_wave_plague,Ability2[1],game/scripts/npc/units/normal_mode_bosses.txt,333,Literal KV reference; not proof that an event or ability is used.
units,8_wave_boss,wave_8_cleave,Ability1[1],game/scripts/npc/units/normal_mode_bosses.txt,397,Literal KV reference; not proof that an event or ability is used.
units,8_wave_boss,custom_spell_immunity,Ability2[1],game/scripts/npc/units/normal_mode_bosses.txt,398,Literal KV reference; not proof that an event or ability is used.
units,8_wave_boss,wave_8_lifesteal_aura,Ability3[1],game/scripts/npc/units/normal_mode_bosses.txt,399,Literal KV reference; not proof that an event or ability is used.
units,8_wave_boss,8_wave_storm_bolt,Ability4[1],game/scripts/npc/units/normal_mode_bosses.txt,400,Literal KV reference; not proof that an event or ability is used.
units,9_wave_boss,9_wave_frost_nova,Ability1[1],game/scripts/npc/units/normal_mode_bosses.txt,480,Literal KV reference; not proof that an event or ability is used.
units,9_wave_boss,wave_9_morphallaxis,Ability2[1],game/scripts/npc/units/normal_mode_bosses.txt,481,Literal KV reference; not proof that an event or ability is used.
units,11_wave_boss,wave_11_mana_break,Ability1[1],game/scripts/npc/units/normal_mode_bosses.txt,542,Literal KV reference; not proof that an event or ability is used.
units,12_wave_boss,wave_12_bash,Ability1[1],game/scripts/npc/units/normal_mode_bosses.txt,606,Literal KV reference; not proof that an event or ability is used.
units,12_wave_boss,12_wave_bloodlust,Ability2[1],game/scripts/npc/units/normal_mode_bosses.txt,607,Literal KV reference; not proof that an event or ability is used.
units,12_wave_boss,12_wave_roots,Ability3[1],game/scripts/npc/units/normal_mode_bosses.txt,608,Literal KV reference; not proof that an event or ability is used.
units,13_wave_boss,custom_spell_immunity,Ability1[1],game/scripts/npc/units/normal_mode_bosses.txt,671,Literal KV reference; not proof that an event or ability is used.
units,13_wave_boss,wave_13_command_aura,Ability2[1],game/scripts/npc/units/normal_mode_bosses.txt,672,Literal KV reference; not proof that an event or ability is used.
units,14_wave_boss,14_wave_storm_bolt,Ability1[1],game/scripts/npc/units/normal_mode_bosses.txt,739,Literal KV reference; not proof that an event or ability is used.
units,16_wave_boss,wave_16_mana_burn,Ability1[1],game/scripts/npc/units/normal_mode_bosses.txt,811,Literal KV reference; not proof that an event or ability is used.
units,16_wave_boss,16_wave_slow,Ability2[1],game/scripts/npc/units/normal_mode_bosses.txt,812,Literal KV reference; not proof that an event or ability is used.
units,17_wave_boss,wave_17_evasion,Ability1[1],game/scripts/npc/units/normal_mode_bosses.txt,874,Literal KV reference; not proof that an event or ability is used.
units,18_wave_boss,wave_18_bash,Ability1[1],game/scripts/npc/units/normal_mode_bosses.txt,951,Literal KV reference; not proof that an event or ability is used.
units,19_wave_boss,19_wave_polymorph,Ability1[1],game/scripts/npc/units/normal_mode_bosses.txt,1015,Literal KV reference; not proof that an event or ability is used.
units,1_wave_creep,wave_1_poison,Ability1[1],game/scripts/npc/units/normal_mode_creeps.txt,17,Literal KV reference; not proof that an event or ability is used.
units,2_wave_creep,wave_2_centaurs_revenge,Ability1[1],game/scripts/npc/units/normal_mode_creeps.txt,82,Literal KV reference; not proof that an event or ability is used.
units,3_wave_creep,wave_3_evasion,Ability1[1],game/scripts/npc/units/normal_mode_creeps.txt,147,Literal KV reference; not proof that an event or ability is used.
units,4_wave_creep,4_wave_true_hit,Ability1[1],game/scripts/npc/units/normal_mode_creeps.txt,212,Literal KV reference; not proof that an event or ability is used.
units,6_wave_creep,wave_6_assassin,Ability1[1],game/scripts/npc/units/normal_mode_creeps.txt,272,Literal KV reference; not proof that an event or ability is used.
units,6_wave_creep,wave_6_invisibility,Ability2[1],game/scripts/npc/units/normal_mode_creeps.txt,273,Literal KV reference; not proof that an event or ability is used.
units,7_wave_creep,7_wave_plague,Ability1[1],game/scripts/npc/units/normal_mode_creeps.txt,337,Literal KV reference; not proof that an event or ability is used.
units,7_wave_creep,7_wave_sharp_claws,Ability2[1],game/scripts/npc/units/normal_mode_creeps.txt,338,Literal KV reference; not proof that an event or ability is used.
units,8_wave_creep,wave_8_cleave,Ability1[1],game/scripts/npc/units/normal_mode_creeps.txt,402,Literal KV reference; not proof that an event or ability is used.
units,11_wave_creep,11_wave_immolation,Ability1[1],game/scripts/npc/units/normal_mode_creeps.txt,533,Literal KV reference; not proof that an event or ability is used.
units,11_wave_creep,wave_11_cleave,Ability2[1],game/scripts/npc/units/normal_mode_creeps.txt,534,Literal KV reference; not proof that an event or ability is used.
units,12_wave_creep,12_wave_stomp,Ability1[1],game/scripts/npc/units/normal_mode_creeps.txt,598,Literal KV reference; not proof that an event or ability is used.
units,12_wave_creep,wave_12_crit,Ability2[1],game/scripts/npc/units/normal_mode_creeps.txt,599,Literal KV reference; not proof that an event or ability is used.
units,13_wave_creep,13_wave_hurl_boulder,Ability1[1],game/scripts/npc/units/normal_mode_creeps.txt,664,Literal KV reference; not proof that an event or ability is used.
units,14_wave_creep,14_wave_shadow_strike,Ability1[1],game/scripts/npc/units/normal_mode_creeps.txt,732,Literal KV reference; not proof that an event or ability is used.
units,16_wave_creep,wave_16_mana_burn,Ability1[1],game/scripts/npc/units/normal_mode_creeps.txt,805,Literal KV reference; not proof that an event or ability is used.
units,17_wave_creep,17_wave_purge,Ability1[1],game/scripts/npc/units/normal_mode_creeps.txt,868,Literal KV reference; not proof that an event or ability is used.
units,18_wave_creep,18_wave_silence,Ability1[1],game/scripts/npc/units/normal_mode_creeps.txt,936,Literal KV reference; not proof that an event or ability is used.
units,19_wave_creep,19_wave_faerie_fire,Ability1[1],game/scripts/npc/units/normal_mode_creeps.txt,1009,Literal KV reference; not proof that an event or ability is used.
units,orn_megaboss,true_sight,Ability1[1],game/scripts/npc/units/orn_megaboss.txt,42,Literal KV reference; not proof that an event or ability is used.
units,orn_megaboss,orn_all_bonuses,Ability2[1],game/scripts/npc/units/orn_megaboss.txt,43,Literal KV reference; not proof that an event or ability is used.
units,orn_megaboss,orn_cleave_manabreak_lifesteal,Ability3[1],game/scripts/npc/units/orn_megaboss.txt,44,Literal KV reference; not proof that an event or ability is used.
units,orn_megaboss,orn_return,Ability4[1],game/scripts/npc/units/orn_megaboss.txt,45,Literal KV reference; not proof that an event or ability is used.
units,orn_megaboss,orn_bash,Ability5[1],game/scripts/npc/units/orn_megaboss.txt,46,Literal KV reference; not proof that an event or ability is used.
units,orn_megaboss,orn_crit,Ability6[1],game/scripts/npc/units/orn_megaboss.txt,47,Literal KV reference; not proof that an event or ability is used.
units,orn_megaboss,orn_mana_break,Ability7[1],game/scripts/npc/units/orn_megaboss.txt,48,Literal KV reference; not proof that an event or ability is used.
units,npc_lia_troll_defender,invulnerability,Ability1[1],game/scripts/npc/units/purchasable_units.txt,153,Literal KV reference; not proof that an event or ability is used.
units,npc_lia_troll_defender,troll_defender_armor_aura,Ability2[1],game/scripts/npc/units/purchasable_units.txt,154,Literal KV reference; not proof that an event or ability is used.
units,npc_lia_troll_healer,spell_immunity,Ability1[1],game/scripts/npc/units/purchasable_units.txt,221,Literal KV reference; not proof that an event or ability is used.
units,npc_lia_troll_healer,troll_healer_heal,Ability2[1],game/scripts/npc/units/purchasable_units.txt,222,Literal KV reference; not proof that an event or ability is used.
units,npc_doom_guard_spawn,doom_spawn_cripple,Ability1[1],game/scripts/npc/units/purchasable_units.txt,280,Literal KV reference; not proof that an event or ability is used.
units,npc_doom_guard_spawn,doom_spawn_stomp,Ability2[1],game/scripts/npc/units/purchasable_units.txt,281,Literal KV reference; not proof that an event or ability is used.
units,hell_beast,hell_beast_bloodlust,Ability1[1],game/scripts/npc/units/purchasable_units.txt,386,Literal KV reference; not proof that an event or ability is used.
units,hell_beast,hell_beast_sleep,Ability2[1],game/scripts/npc/units/purchasable_units.txt,387,Literal KV reference; not proof that an event or ability is used.
units,spherical_staff_fire_golem,spell_immunity,Ability1[1],game/scripts/npc/units/purchasable_units.txt,455,Literal KV reference; not proof that an event or ability is used.
units,spherical_staff_fire_golem,spherical_staff_fire_golem_immolation,Ability2[1],game/scripts/npc/units/purchasable_units.txt,456,Literal KV reference; not proof that an event or ability is used.
units,npc_lia_boar,invulnerability,Ability1[1],game/scripts/npc/units/purchasable_units.txt,511,Literal KV reference; not proof that an event or ability is used.
units,npc_lia_boar,boar_poison,Ability2[1],game/scripts/npc/units/purchasable_units.txt,512,Literal KV reference; not proof that an event or ability is used.
units,shadow_master_shadow,shadow_return_to_owner,Ability1[1],game/scripts/npc/units/shadow_master_shadow.txt,11,Literal KV reference; not proof that an event or ability is used.
units,shadow_master_shadow,shadow_shadow_mastery,Ability2[1],game/scripts/npc/units/shadow_master_shadow.txt,12,Literal KV reference; not proof that an event or ability is used.
units,shadow_master_shadow,shadow_world_of_shadows,Ability3[1],game/scripts/npc/units/shadow_master_shadow.txt,13,Literal KV reference; not proof that an event or ability is used.
units,spirit_of_the_plains1,spirit_of_the_plains_fog,Ability1[1],game/scripts/npc/units/wanderer_creeps.txt,23,Literal KV reference; not proof that an event or ability is used.
units,spirit_of_the_plains2,spirit_of_the_plains_fog,Ability1[1],game/scripts/npc/units/wanderer_creeps.txt,98,Literal KV reference; not proof that an event or ability is used.
units,spirit_of_the_plains3,spirit_of_the_plains_fog,Ability1[1],game/scripts/npc/units/wanderer_creeps.txt,171,Literal KV reference; not proof that an event or ability is used.
units,spirit_of_the_plains3,spirit_of_the_plains_slow,Ability3[1],game/scripts/npc/units/wanderer_creeps.txt,173,Literal KV reference; not proof that an event or ability is used.
units,ghost_1,essence_of_the_ghost_aura1,Ability1[1],game/scripts/npc/units/wanderer_creeps.txt,253,Literal KV reference; not proof that an event or ability is used.
units,ghost_2,essence_of_the_ghost_aura2,Ability1[1],game/scripts/npc/units/wanderer_creeps.txt,331,Literal KV reference; not proof that an event or ability is used.
units,ghost_3,essence_of_the_ghost_aura3,Ability1[1],game/scripts/npc/units/wanderer_creeps.txt,411,Literal KV reference; not proof that an event or ability is used.
units,ghost_4,essence_of_the_ghost_aura4,Ability1[1],game/scripts/npc/units/wanderer_creeps.txt,492,Literal KV reference; not proof that an event or ability is used.
