category,entity,source,line,key_path,target_raw,target,exists_exact_case,included
heroes,npc_dota_hero_troll_warlord,game/scripts/npc/heroes/npc_lia_hero_troll_cutthroat.txt,76,vscripts[1],heroes/TrollCutthroat/MeleeAnimation.lua,game/scripts/vscripts/heroes/TrollCutthroat/MeleeAnimation.lua,True,True
heroes,npc_dota_hero_silencer,game/scripts/npc/heroes/npc_lia_hero_wanderer.txt,77,vscripts[1],heroes/Wanderer/cancel.lua,game/scripts/vscripts/heroes/Wanderer/cancel.lua,True,True
abilities,barrel_no_health_bar,game/scripts/npc/abilities/barrel_no_health_bar.txt,37,OnOwnerDied[1]/RunScript[1]/ScriptFile[1],abilities\Destructable.lua,game/scripts/vscripts/abilities/Destructable.lua,True,True
abilities,barrel_explosion,game/scripts/npc/abilities/barrel_no_health_bar.txt,105,OnOwnerDied[1]/RunScript[1]/ScriptFile[1],abilities\ExplosiveBarrels.lua,game/scripts/vscripts/abilities/ExplosiveBarrels.lua,True,True
abilities,barrel_invulnerability,game/scripts/npc/abilities/barrel_no_health_bar.txt,122,ScriptFile[1],abilities\barrel_invulnerability.lua,game/scripts/vscripts/abilities/barrel_invulnerability.lua,True,True
abilities,dummy_passive,game/scripts/npc/abilities/dummy_passive.txt,6,ScriptFile[1],abilities/dummy_passive.lua,game/scripts/vscripts/abilities/dummy_passive.lua,True,True
abilities,dummy_passive_nofly,game/scripts/npc/abilities/dummy_passive.txt,14,ScriptFile[1],abilities/dummy_passive_nofly.lua,game/scripts/vscripts/abilities/dummy_passive_nofly.lua,True,True
abilities,second_wave_wave_of_force_extreme,game/scripts/npc/abilities/extreme_mode_creep_actives.txt,196,ScriptFile[1],abilities/second_wave_wave_of_force_extreme.lua,game/scripts/vscripts/abilities/second_wave_wave_of_force_extreme.lua,True,True
abilities,4_wave_ensnare_extreme,game/scripts/npc/abilities/extreme_mode_creep_actives.txt,370,OnProjectileHitUnit[1]/RunScript[1]/ScriptFile[1],abilities/4_wave_ensnare.lua,game/scripts/vscripts/abilities/4_wave_ensnare.lua,True,True
abilities,6_wave_curse,game/scripts/npc/abilities/extreme_mode_creep_actives.txt,431,OnSpellStart[1]/RunScript[1]/ScriptFile[1],abilities/6_wave_curse.lua,game/scripts/vscripts/abilities/6_wave_curse.lua,True,True
abilities,11_wave_immolation_extreme,game/scripts/npc/abilities/extreme_mode_creep_actives.txt,597,Modifiers[1]/modifier_immolation[1]/OnIntervalThink[1]/RunScript[1]/ScriptFile[1],abilities/6_wave_immolation.lua,game/scripts/vscripts/abilities/6_wave_immolation.lua,True,True
abilities,12_wave_roots_extreme,game/scripts/npc/abilities/extreme_mode_creep_actives.txt,648,OnSpellStart[1]/RunScript[1]/ScriptFile[1],abilities/12_wave_roots.lua,game/scripts/vscripts/abilities/12_wave_roots.lua,True,True
abilities,14_wave_shadow_strike_extreme,game/scripts/npc/abilities/extreme_mode_creep_actives.txt,846,OnProjectileHitUnit[1]/RunScript[1]/ScriptFile[1],abilities/14_wave_shadow_strike.lua,game/scripts/vscripts/abilities/14_wave_shadow_strike.lua,True,True
abilities,14_wave_storm_bolt_extreme,game/scripts/npc/abilities/extreme_mode_creep_actives.txt,962,OnProjectileHitUnit[1]/RunScript[1]/ScriptFile[1],abilities/8_wave_storm_bolt.lua,game/scripts/vscripts/abilities/8_wave_storm_bolt.lua,True,True
abilities,wave_16_mana_burn_extreme,game/scripts/npc/abilities/extreme_mode_creep_actives.txt,971,ScriptFile[1],abilities/wave_16_mana_burn_extreme.lua,game/scripts/vscripts/abilities/wave_16_mana_burn_extreme.lua,True,True
abilities,16_wave_slow_extreme,game/scripts/npc/abilities/extreme_mode_creep_actives.txt,1037,OnSpellStart[1]/RunScript[1]/ScriptFile[1],abilities/GhostSlow.lua,game/scripts/vscripts/abilities/GhostSlow.lua,True,True
abilities,17_wave_purge_extreme,game/scripts/npc/abilities/extreme_mode_creep_actives.txt,1101,OnSpellStart[1]/RunScript[1]/ScriptFile[1],abilities/Purge.lua,game/scripts/vscripts/abilities/Purge.lua,True,True
abilities,17_wave_purge_extreme,game/scripts/npc/abilities/extreme_mode_creep_actives.txt,1117,Modifiers[1]/modifier_purge[1]/OnCreated[1]/RunScript[1]/ScriptFile[1],abilities/Purge.lua,game/scripts/vscripts/abilities/Purge.lua,True,True
abilities,17_wave_purge_extreme,game/scripts/npc/abilities/extreme_mode_creep_actives.txt,1148,Modifiers[1]/modifier_purge_slow[1]/OnIntervalThink[1]/RunScript[1]/ScriptFile[1],abilities/Purge.lua,game/scripts/vscripts/abilities/Purge.lua,True,True
abilities,19_wave_faerie_fire_extreme,game/scripts/npc/abilities/extreme_mode_creep_actives.txt,1275,OnSpellStart[1]/RunScript[1]/ScriptFile[1],abilities/FaerieFire.lua,game/scripts/vscripts/abilities/FaerieFire.lua,True,True
abilities,19_wave_faerie_fire_extreme,game/scripts/npc/abilities/extreme_mode_creep_actives.txt,1300,Modifiers[1]/modifier_faerie_fire[1]/OnIntervalThink[1]/RunScript[1]/ScriptFile[1],abilities/FaerieFire.lua,game/scripts/vscripts/abilities/FaerieFire.lua,True,True
abilities,19_wave_polymorph_extreme,game/scripts/npc/abilities/extreme_mode_creep_actives.txt,1346,OnSpellStart[1]/RunScript[1]/ScriptFile[1],abilities/Polymorph.lua,game/scripts/vscripts/abilities/Polymorph.lua,True,True
abilities,19_wave_polymorph_extreme,game/scripts/npc/abilities/extreme_mode_creep_actives.txt,1362,Modifiers[1]/modifier_hex[1]/OnCreated[1]/RunScript[1]/ScriptFile[1],abilities/Polymorph.lua,game/scripts/vscripts/abilities/Polymorph.lua,True,True
abilities,19_wave_polymorph_extreme,game/scripts/npc/abilities/extreme_mode_creep_actives.txt,1370,Modifiers[1]/modifier_hex[1]/OnCreated[1]/RunScript[2]/ScriptFile[1],abilities/Polymorph.lua,game/scripts/vscripts/abilities/Polymorph.lua,True,True
abilities,19_wave_polymorph_extreme,game/scripts/npc/abilities/extreme_mode_creep_actives.txt,1379,Modifiers[1]/modifier_hex[1]/OnDestroy[1]/RunScript[1]/ScriptFile[1],abilities/Polymorph.lua,game/scripts/vscripts/abilities/Polymorph.lua,True,True
abilities,19_wave_polymorph_extreme,game/scripts/npc/abilities/extreme_mode_creep_actives.txt,1386,Modifiers[1]/modifier_hex[1]/OnDestroy[1]/RunScript[2]/ScriptFile[1],abilities/Polymorph.lua,game/scripts/vscripts/abilities/Polymorph.lua,True,True
abilities,orn_mutant_boss_slow,game/scripts/npc/abilities/extreme_mode_creep_actives.txt,1439,OnSpellStart[1]/RunScript[1]/ScriptFile[1],abilities/10_wave_slow.lua,game/scripts/vscripts/abilities/10_wave_slow.lua,True,True
abilities,wave_1_poison_extreme,game/scripts/npc/abilities/extreme_mode_creep_passives.txt,8,ScriptFile[1],abilities/wave_1_poison_extreme,game/scripts/vscripts/abilities/wave_1_poison_extreme.lua,True,True
abilities,wave_2_aura_of_vengeance_extreme,game/scripts/npc/abilities/extreme_mode_creep_passives.txt,33,ScriptFile[1],abilities/wave_2_aura_of_vengeance_extreme.lua,game/scripts/vscripts/abilities/wave_2_aura_of_vengeance_extreme.lua,True,True
abilities,wave_2_centaurs_revenge_extreme,game/scripts/npc/abilities/extreme_mode_creep_passives.txt,54,ScriptFile[1],abilities/wave_2_centaurs_revenge_extreme.lua,game/scripts/vscripts/abilities/wave_2_centaurs_revenge_extreme.lua,True,True
abilities,wave_2_centaur_chieftain_aura_extreme,game/scripts/npc/abilities/extreme_mode_creep_passives.txt,115,ScriptFile[1],abilities/wave_2_centaur_chieftain_aura_extreme.lua,game/scripts/vscripts/abilities/wave_2_centaur_chieftain_aura_extreme.lua,True,True
abilities,wave_3_evasion_extreme,game/scripts/npc/abilities/extreme_mode_creep_passives.txt,134,ScriptFile[1],abilities/wave_3_evasion_extreme.lua,game/scripts/vscripts/abilities/wave_3_evasion_extreme.lua,True,True
abilities,4_wave_true_hit_extreme,game/scripts/npc/abilities/extreme_mode_creep_passives.txt,205,Modifiers[1]/modifier_4_wave_true_hit_damage[1]/OnAttackLanded[1]/RunScript[1]/ScriptFile[1],abilities/4_wave_true_hit,game/scripts/vscripts/abilities/4_wave_true_hit.lua,True,True
abilities,wave_6_assassin_extreme,game/scripts/npc/abilities/extreme_mode_creep_passives.txt,232,ScriptFile[1],abilities/wave_6_assassin_extreme.lua,game/scripts/vscripts/abilities/wave_6_assassin_extreme.lua,True,True
abilities,7_wave_sharp_claws_extreme,game/scripts/npc/abilities/extreme_mode_creep_passives.txt,282,Modifiers[1]/modifier_7_wave_sharp_claws[1]/OnAttackLanded[1]/RunScript[1]/ScriptFile[1],abilities/7_wave_sharp_claws.lua,game/scripts/vscripts/abilities/7_wave_sharp_claws.lua,True,True
abilities,wave_8_lifesteal_extreme,game/scripts/npc/abilities/extreme_mode_creep_passives.txt,306,ScriptFile[1],abilities/wave_8_lifesteal_extreme.lua,game/scripts/vscripts/abilities/wave_8_lifesteal_extreme.lua,True,True
abilities,wave_9_incorporeity_extreme,game/scripts/npc/abilities/extreme_mode_creep_passives.txt,322,ScriptFile[1],abilities/wave_9_incorporeity_extreme.lua,game/scripts/vscripts/abilities/wave_9_incorporeity_extreme.lua,True,True
abilities,wave_11_mana_break_extreme,game/scripts/npc/abilities/extreme_mode_creep_passives.txt,337,ScriptFile[1],abilities/wave_11_mana_break_extreme.lua,game/scripts/vscripts/abilities/wave_11_mana_break_extreme.lua,True,True
abilities,wave_11_mana_break_extreme_creeps,game/scripts/npc/abilities/extreme_mode_creep_passives.txt,358,ScriptFile[1],abilities/wave_11_mana_break_extreme_creeps.lua,game/scripts/vscripts/abilities/wave_11_mana_break_extreme_creeps.lua,True,True
abilities,wave_12_crit_extreme,game/scripts/npc/abilities/extreme_mode_creep_passives.txt,382,ScriptFile[1],abilities/wave_12_crit_extreme.lua,game/scripts/vscripts/abilities/wave_12_crit_extreme.lua,True,True
abilities,wave_13_command_aura_extreme,game/scripts/npc/abilities/extreme_mode_creep_passives.txt,403,ScriptFile[1],abilities/wave_13_command_aura_extreme.lua,game/scripts/vscripts/abilities/wave_13_command_aura_extreme.lua,True,True
abilities,wave_16_evasion_extreme,game/scripts/npc/abilities/extreme_mode_creep_passives.txt,424,ScriptFile[1],abilities/wave_16_evasion_extreme.lua,game/scripts/vscripts/abilities/wave_16_evasion_extreme.lua,True,True
abilities,wave_17_evasion_extreme,game/scripts/npc/abilities/extreme_mode_creep_passives.txt,438,ScriptFile[1],abilities/wave_17_evasion_extreme.lua,game/scripts/vscripts/abilities/wave_17_evasion_extreme.lua,True,True
abilities,wave_18_bash_extreme,game/scripts/npc/abilities/extreme_mode_creep_passives.txt,453,ScriptFile[1],abilities/wave_18_bash_extreme.lua,game/scripts/vscripts/abilities/wave_18_bash_extreme.lua,True,True
abilities,second_wave_wave_of_force,game/scripts/npc/abilities/normal_mode_creep_actives.txt,112,ScriptFile[1],abilities/second_wave_wave_of_force.lua,game/scripts/vscripts/abilities/second_wave_wave_of_force.lua,True,True
abilities,4_wave_death_coil,game/scripts/npc/abilities/normal_mode_creep_actives.txt,278,OnProjectileHitUnit[1]/RunScript[1]/ScriptFile[1],abilities/4_wave_death_coil.lua,game/scripts/vscripts/abilities/4_wave_death_coil.lua,True,True
abilities,5_megaboss_firestorm,game/scripts/npc/abilities/normal_mode_creep_actives.txt,344,OnSpellStart[1]/RunScript[1]/ScriptFile[1],abilities/5_wave_firestorm.lua,game/scripts/vscripts/abilities/5_wave_firestorm.lua,True,True
abilities,5_megaboss_firestorm,game/scripts/npc/abilities/normal_mode_creep_actives.txt,361,Modifiers[1]/modifier_rain_of_fire_thinker[1]/OnCreated[1]/RunScript[1]/ScriptFile[1],abilities/5_wave_firestorm.lua,game/scripts/vscripts/abilities/5_wave_firestorm.lua,True,True
abilities,5_megaboss_firestorm,game/scripts/npc/abilities/normal_mode_creep_actives.txt,383,Modifiers[1]/modifier_rain_of_fire_thinker[1]/OnIntervalThink[1]/RunScript[1]/ScriptFile[1],abilities/5_wave_firestorm.lua,game/scripts/vscripts/abilities/5_wave_firestorm.lua,True,True
abilities,6_wave_cripple,game/scripts/npc/abilities/normal_mode_creep_actives.txt,567,OnSpellStart[1]/RunScript[1]/ScriptFile[1],abilities/6_wave_cripple.lua,game/scripts/vscripts/abilities/6_wave_cripple.lua,True,True
abilities,8_wave_storm_bolt,game/scripts/npc/abilities/normal_mode_creep_actives.txt,737,OnProjectileHitUnit[1]/RunScript[1]/ScriptFile[1],abilities/8_wave_storm_bolt.lua,game/scripts/vscripts/abilities/8_wave_storm_bolt.lua,True,True
abilities,9_wave_frost_nova,game/scripts/npc/abilities/normal_mode_creep_actives.txt,783,OnSpellStart[1]/RunScript[1]/ScriptFile[1],abilities/9_wave_frost_nova.lua,game/scripts/vscripts/abilities/9_wave_frost_nova.lua,True,True
abilities,10_wave_slow,game/scripts/npc/abilities/normal_mode_creep_actives.txt,907,OnSpellStart[1]/RunScript[1]/ScriptFile[1],abilities/10_wave_slow.lua,game/scripts/vscripts/abilities/10_wave_slow.lua,True,True
abilities,11_wave_immolation,game/scripts/npc/abilities/normal_mode_creep_actives.txt,1165,Modifiers[1]/modifier_immolation[1]/OnIntervalThink[1]/RunScript[1]/ScriptFile[1],abilities/6_wave_immolation.lua,game/scripts/vscripts/abilities/6_wave_immolation.lua,True,True
abilities,12_wave_roots,game/scripts/npc/abilities/normal_mode_creep_actives.txt,1294,OnSpellStart[1]/RunScript[1]/ScriptFile[1],abilities/12_wave_roots.lua,game/scripts/vscripts/abilities/12_wave_roots.lua,True,True
abilities,13_wave_hurl_boulder,game/scripts/npc/abilities/normal_mode_creep_actives.txt,1481,OnProjectileHitUnit[1]/RunScript[1]/ScriptFile[1],abilities/13_wave_hurl_boulder.lua,game/scripts/vscripts/abilities/13_wave_hurl_boulder.lua,True,True
abilities,14_wave_shadow_strike,game/scripts/npc/abilities/normal_mode_creep_actives.txt,1569,OnProjectileHitUnit[1]/RunScript[1]/ScriptFile[1],abilities/14_wave_shadow_strike.lua,game/scripts/vscripts/abilities/14_wave_shadow_strike.lua,True,True
abilities,14_wave_storm_bolt,game/scripts/npc/abilities/normal_mode_creep_actives.txt,1684,OnProjectileHitUnit[1]/RunScript[1]/ScriptFile[1],abilities/8_wave_storm_bolt.lua,game/scripts/vscripts/abilities/8_wave_storm_bolt.lua,True,True
abilities,15_megaboss_illusions,game/scripts/npc/abilities/normal_mode_creep_actives.txt,1765,Modifiers[1]/modifier_15_wave_illusions[1]/OnDestroy[1]/RunScript[1]/ScriptFile[1],abilities/15_wave_illusions.lua,game/scripts/vscripts/abilities/15_wave_illusions.lua,True,True
abilities,15_megaboss_astral,game/scripts/npc/abilities/normal_mode_creep_actives.txt,1821,OnSpellStart[1]/RunScript[1]/ScriptFile[1],abilities/15_wave_astral.lua,game/scripts/vscripts/abilities/15_wave_astral.lua,True,True
abilities,15_megaboss_astral,game/scripts/npc/abilities/normal_mode_creep_actives.txt,1839,Modifiers[1]/modifier_decrepify_units_by_hero[1]/OnAttackLanded[1]/RunScript[1]/ScriptFile[1],heroes\Hermit\hermit_astral.lua,game/scripts/vscripts/heroes/Hermit/hermit_astral.lua,True,True
abilities,wave_16_mana_burn,game/scripts/npc/abilities/normal_mode_creep_actives.txt,1989,ScriptFile[1],abilities/wave_16_mana_burn.lua,game/scripts/vscripts/abilities/wave_16_mana_burn.lua,True,True
abilities,16_wave_slow,game/scripts/npc/abilities/normal_mode_creep_actives.txt,2049,OnSpellStart[1]/RunScript[1]/ScriptFile[1],abilities/GhostSlow.lua,game/scripts/vscripts/abilities/GhostSlow.lua,True,True
abilities,17_wave_purge,game/scripts/npc/abilities/normal_mode_creep_actives.txt,2113,OnSpellStart[1]/RunScript[1]/ScriptFile[1],abilities/Purge.lua,game/scripts/vscripts/abilities/Purge.lua,True,True
abilities,17_wave_purge,game/scripts/npc/abilities/normal_mode_creep_actives.txt,2129,Modifiers[1]/modifier_purge[1]/OnCreated[1]/RunScript[1]/ScriptFile[1],abilities/Purge.lua,game/scripts/vscripts/abilities/Purge.lua,True,True
abilities,17_wave_purge,game/scripts/npc/abilities/normal_mode_creep_actives.txt,2160,Modifiers[1]/modifier_purge_slow[1]/OnIntervalThink[1]/RunScript[1]/ScriptFile[1],abilities/Purge.lua,game/scripts/vscripts/abilities/Purge.lua,True,True
abilities,19_wave_polymorph,game/scripts/npc/abilities/normal_mode_creep_actives.txt,2290,OnSpellStart[1]/RunScript[1]/ScriptFile[1],abilities/Polymorph.lua,game/scripts/vscripts/abilities/Polymorph.lua,True,True
abilities,19_wave_polymorph,game/scripts/npc/abilities/normal_mode_creep_actives.txt,2306,Modifiers[1]/modifier_hex[1]/OnCreated[1]/RunScript[1]/ScriptFile[1],abilities/Polymorph.lua,game/scripts/vscripts/abilities/Polymorph.lua,True,True
abilities,19_wave_polymorph,game/scripts/npc/abilities/normal_mode_creep_actives.txt,2314,Modifiers[1]/modifier_hex[1]/OnCreated[1]/RunScript[2]/ScriptFile[1],abilities/Polymorph.lua,game/scripts/vscripts/abilities/Polymorph.lua,True,True
abilities,19_wave_polymorph,game/scripts/npc/abilities/normal_mode_creep_actives.txt,2323,Modifiers[1]/modifier_hex[1]/OnDestroy[1]/RunScript[1]/ScriptFile[1],abilities/Polymorph.lua,game/scripts/vscripts/abilities/Polymorph.lua,True,True
abilities,19_wave_polymorph,game/scripts/npc/abilities/normal_mode_creep_actives.txt,2330,Modifiers[1]/modifier_hex[1]/OnDestroy[1]/RunScript[2]/ScriptFile[1],abilities/Polymorph.lua,game/scripts/vscripts/abilities/Polymorph.lua,True,True
abilities,19_wave_faerie_fire,game/scripts/npc/abilities/normal_mode_creep_actives.txt,2385,OnSpellStart[1]/RunScript[1]/ScriptFile[1],abilities/FaerieFire.lua,game/scripts/vscripts/abilities/FaerieFire.lua,True,True
abilities,19_wave_faerie_fire,game/scripts/npc/abilities/normal_mode_creep_actives.txt,2410,Modifiers[1]/modifier_faerie_fire[1]/OnIntervalThink[1]/RunScript[1]/ScriptFile[1],abilities/FaerieFire.lua,game/scripts/vscripts/abilities/FaerieFire.lua,True,True
abilities,orn_mutant_boss_slow,game/scripts/npc/abilities/normal_mode_creep_actives.txt,2448,OnSpellStart[1]/RunScript[1]/ScriptFile[1],abilities/10_wave_slow.lua,game/scripts/vscripts/abilities/10_wave_slow.lua,True,True
abilities,wave_1_poison,game/scripts/npc/abilities/normal_mode_creep_passives.txt,99,ScriptFile[1],abilities/wave_1_poison,game/scripts/vscripts/abilities/wave_1_poison.lua,True,True
abilities,wave_2_aura_of_vengeance,game/scripts/npc/abilities/normal_mode_creep_passives.txt,124,ScriptFile[1],abilities/wave_2_aura_of_vengeance.lua,game/scripts/vscripts/abilities/wave_2_aura_of_vengeance.lua,True,True
abilities,wave_2_centaurs_revenge,game/scripts/npc/abilities/normal_mode_creep_passives.txt,146,ScriptFile[1],abilities/wave_2_centaurs_revenge.lua,game/scripts/vscripts/abilities/wave_2_centaurs_revenge.lua,True,True
abilities,wave_3_evasion,game/scripts/npc/abilities/normal_mode_creep_passives.txt,162,ScriptFile[1],abilities/wave_3_evasion.lua,game/scripts/vscripts/abilities/wave_3_evasion.lua,True,True
abilities,4_wave_true_hit,game/scripts/npc/abilities/normal_mode_creep_passives.txt,210,Modifiers[1]/modifier_4_wave_true_hit[1]/OnAttackStart[1]/Random[1]/OnSuccess[1]/RunScript[1]/ScriptFile[1],abilities/4_wave_true_hit,game/scripts/vscripts/abilities/4_wave_true_hit.lua,True,True
abilities,4_wave_true_hit,game/scripts/npc/abilities/normal_mode_creep_passives.txt,233,Modifiers[1]/modifier_4_wave_true_hit_damage[1]/OnAttackLanded[1]/RunScript[1]/ScriptFile[1],abilities/4_wave_true_hit,game/scripts/vscripts/abilities/4_wave_true_hit.lua,True,True
abilities,megaboss_5_bash,game/scripts/npc/abilities/normal_mode_creep_passives.txt,258,ScriptFile[1],abilities/megaboss_5_bash.lua,game/scripts/vscripts/abilities/megaboss_5_bash.lua,True,True
abilities,megaboss_5_crit,game/scripts/npc/abilities/normal_mode_creep_passives.txt,284,ScriptFile[1],abilities/megaboss_5_crit.lua,game/scripts/vscripts/abilities/megaboss_5_crit.lua,True,True
abilities,wave_6_assassin,game/scripts/npc/abilities/normal_mode_creep_passives.txt,335,ScriptFile[1],abilities/wave_6_assassin.lua,game/scripts/vscripts/abilities/wave_6_assassin.lua,True,True
abilities,wave_6_invisibility,game/scripts/npc/abilities/normal_mode_creep_passives.txt,362,ScriptFile[1],abilities/wave_6_invisibility.lua,game/scripts/vscripts/abilities/wave_6_invisibility.lua,True,True
abilities,7_wave_sharp_claws,game/scripts/npc/abilities/normal_mode_creep_passives.txt,405,Modifiers[1]/modifier_7_wave_sharp_claws[1]/OnAttackLanded[1]/RunScript[1]/ScriptFile[1],abilities/7_wave_sharp_claws.lua,game/scripts/vscripts/abilities/7_wave_sharp_claws.lua,True,True
abilities,7_wave_plague,game/scripts/npc/abilities/normal_mode_creep_passives.txt,470,Modifiers[1]/modifier_plague_aura_datadriven[1]/OnCreated[1]/RunScript[1]/ScriptFile[1],abilities\plague.lua,game/scripts/vscripts/abilities/plague.lua,True,True
abilities,7_wave_plague,game/scripts/npc/abilities/normal_mode_creep_passives.txt,481,Modifiers[1]/modifier_plague_aura_datadriven[1]/OnDestroy[1]/RunScript[1]/ScriptFile[1],abilities\plague.lua,game/scripts/vscripts/abilities/plague.lua,True,True
abilities,7_wave_plague,game/scripts/npc/abilities/normal_mode_creep_passives.txt,502,Modifiers[1]/modifier_plague_damage_datadriven[1]/OnIntervalThink[1]/RunScript[1]/ScriptFile[1],abilities\plague.lua,game/scripts/vscripts/abilities/plague.lua,True,True
abilities,wave_8_lifesteal_aura,game/scripts/npc/abilities/normal_mode_creep_passives.txt,516,ScriptFile[1],abilities/wave_8_lifesteal_aura.lua,game/scripts/vscripts/abilities/wave_8_lifesteal_aura.lua,True,True
abilities,wave_8_cleave,game/scripts/npc/abilities/normal_mode_creep_passives.txt,533,ScriptFile[1],abilities/wave_8_cleave.lua,game/scripts/vscripts/abilities/wave_8_cleave.lua,True,True
abilities,wave_9_morphallaxis,game/scripts/npc/abilities/normal_mode_creep_passives.txt,555,ScriptFile[1],abilities/wave_9_morphallaxis.lua,game/scripts/vscripts/abilities/wave_9_morphallaxis.lua,True,True
abilities,wave_9_incorporeity,game/scripts/npc/abilities/normal_mode_creep_passives.txt,569,ScriptFile[1],abilities/wave_9_incorporeity.lua,game/scripts/vscripts/abilities/wave_9_incorporeity.lua,True,True
abilities,megaboss_10_return,game/scripts/npc/abilities/normal_mode_creep_passives.txt,646,ScriptFile[1],abilities\megaboss_10_return.lua,game/scripts/vscripts/abilities/megaboss_10_return.lua,True,True
abilities,wave_11_cleave,game/scripts/npc/abilities/normal_mode_creep_passives.txt,660,ScriptFile[1],abilities/wave_11_cleave.lua,game/scripts/vscripts/abilities/wave_11_cleave.lua,True,True
abilities,wave_11_mana_break,game/scripts/npc/abilities/normal_mode_creep_passives.txt,682,ScriptFile[1],abilities/wave_11_mana_break.lua,game/scripts/vscripts/abilities/wave_11_mana_break.lua,True,True
abilities,wave_12_bash,game/scripts/npc/abilities/normal_mode_creep_passives.txt,703,ScriptFile[1],abilities/wave_12_bash.lua,game/scripts/vscripts/abilities/wave_12_bash.lua,True,True
abilities,wave_12_crit,game/scripts/npc/abilities/normal_mode_creep_passives.txt,724,ScriptFile[1],abilities/wave_12_crit.lua,game/scripts/vscripts/abilities/wave_12_crit.lua,True,True
abilities,wave_13_command_aura,game/scripts/npc/abilities/normal_mode_creep_passives.txt,744,ScriptFile[1],abilities/wave_13_command_aura.lua,game/scripts/vscripts/abilities/wave_13_command_aura.lua,True,True
abilities,megaboss_15_ghoul_purge,game/scripts/npc/abilities/normal_mode_creep_passives.txt,765,ScriptFile[1],abilities/megaboss_15_ghoul_purge.lua,game/scripts/vscripts/abilities/megaboss_15_ghoul_purge.lua,True,True
abilities,megaboss_15_mana_break,game/scripts/npc/abilities/normal_mode_creep_passives.txt,786,ScriptFile[1],abilities/megaboss_15_mana_break.lua,game/scripts/vscripts/abilities/megaboss_15_mana_break.lua,True,True
abilities,wave_17_evasion,game/scripts/npc/abilities/normal_mode_creep_passives.txt,807,ScriptFile[1],abilities/wave_17_evasion.lua,game/scripts/vscripts/abilities/wave_17_evasion.lua,True,True
abilities,wave_18_bash,game/scripts/npc/abilities/normal_mode_creep_passives.txt,821,ScriptFile[1],abilities/wave_18_bash.lua,game/scripts/vscripts/abilities/wave_18_bash.lua,True,True
abilities,wave_18_death,game/scripts/npc/abilities/normal_mode_creep_passives.txt,860,Modifiers[1]/orn_main_bonuses[1]/OnDeath[1]/RunScript[1]/ScriptFile[1],abilities/wave_18_death.lua,game/scripts/vscripts/abilities/wave_18_death.lua,True,True
abilities,orn_mana_break,game/scripts/npc/abilities/normal_mode_creep_passives.txt,967,ScriptFile[1],abilities/orn_mana_break.lua,game/scripts/vscripts/abilities/orn_mana_break.lua,True,True
abilities,orn_return,game/scripts/npc/abilities/normal_mode_creep_passives.txt,1150,ScriptFile[1],abilities\orn_return.lua,game/scripts/vscripts/abilities/orn_return.lua,True,True
abilities,alchemist_fire_potion,game/scripts/npc/abilities/npc_lia_hero_alchemist.txt,6,ScriptFile[1],heroes/Alchemist/alchemist_fire_potion.lua,game/scripts/vscripts/heroes/Alchemist/alchemist_fire_potion.lua,True,True
abilities,alchemist_swiftness_potion,game/scripts/npc/abilities/npc_lia_hero_alchemist.txt,63,ScriptFile[1],heroes/Alchemist/alchemist_swiftness_potion.lua,game/scripts/vscripts/heroes/Alchemist/alchemist_swiftness_potion.lua,True,True
abilities,alchemist_unity,game/scripts/npc/abilities/npc_lia_hero_alchemist.txt,118,ScriptFile[1],heroes\Alchemist\alchemist_unity.lua,game/scripts/vscripts/heroes/Alchemist/alchemist_unity.lua,True,True
abilities,alchemist_side_effect,game/scripts/npc/abilities/npc_lia_hero_alchemist.txt,139,ScriptFile[1],heroes\Alchemist\alchemist_side_effect.lua,game/scripts/vscripts/heroes/Alchemist/alchemist_side_effect.lua,True,True
abilities,ancient_priestess_surge_of_intelligence,game/scripts/npc/abilities/npc_lia_hero_ancient_priestess.txt,43,OnSpellStart[1]/RunScript[1]/ScriptFile[1],heroes/AncientPriestess/surge_of_intelligence.lua,game/scripts/vscripts/heroes/AncientPriestess/surge_of_intelligence.lua,True,True
abilities,ancient_priestess_spirit_link,game/scripts/npc/abilities/npc_lia_hero_ancient_priestess.txt,66,ScriptFile[1],heroes\AncientPriestess\ancient_priestess_spirit_link.lua,game/scripts/vscripts/heroes/AncientPriestess/ancient_priestess_spirit_link.lua,True,True
abilities,ancient_priestess_mana_shield,game/scripts/npc/abilities/npc_lia_hero_ancient_priestess.txt,104,ScriptFile[1],heroes\AncientPriestess\ancient_priestess_mana_shield.lua,game/scripts/vscripts/heroes/AncientPriestess/ancient_priestess_mana_shield.lua,True,True
abilities,ancient_priestess_ritual_protection,game/scripts/npc/abilities/npc_lia_hero_ancient_priestess.txt,147,ScriptFile[1],heroes\AncientPriestess\ancient_priestess_ritual_protection.lua,game/scripts/vscripts/heroes/AncientPriestess/ancient_priestess_ritual_protection.lua,True,True
abilities,android_pocket_factory,game/scripts/npc/abilities/npc_lia_hero_android.txt,146,OnSpellStart[1]/RunScript[1]/ScriptFile[1],heroes/Android/PocketFactory.lua,game/scripts/vscripts/heroes/Android/PocketFactory.lua,True,True
abilities,android_pocket_factory_spawn_goblin,game/scripts/npc/abilities/npc_lia_hero_android.txt,181,Modifiers[1]/modifier_spawn_goblin[1]/OnCreated[1]/RunScript[1]/ScriptFile[1],heroes/Android/PocketFactory.lua,game/scripts/vscripts/heroes/Android/PocketFactory.lua,True,True
abilities,android_clockwerk_goblin_kaboom,game/scripts/npc/abilities/npc_lia_hero_android.txt,217,OnOwnerDied[1]/RunScript[1]/ScriptFile[1],heroes\Android\Kaboom.lua,game/scripts/vscripts/heroes/Android/Kaboom.lua,True,True
abilities,android_clockwerk_goblin_kaboom,game/scripts/npc/abilities/npc_lia_hero_android.txt,226,OnSpellStart[1]/RunScript[1]/ScriptFile[1],heroes\Android\Kaboom.lua,game/scripts/vscripts/heroes/Android/Kaboom.lua,True,True
abilities,android_armor,game/scripts/npc/abilities/npc_lia_hero_android.txt,250,ScriptFile[1],heroes\Android\android_armor.lua,game/scripts/vscripts/heroes/Android/android_armor.lua,True,True
abilities,android_cluster_rockets,game/scripts/npc/abilities/npc_lia_hero_android.txt,269,ScriptFile[1],heroes/Android/android_cluster_rockets.lua,game/scripts/vscripts/heroes/Android/android_cluster_rockets.lua,True,True
abilities,araman_curse,game/scripts/npc/abilities/npc_lia_hero_araman.txt,32,OnSpellStart[1]/RunScript[1]/ScriptFile[1],heroes/Araman/Curse.lua,game/scripts/vscripts/heroes/Araman/Curse.lua,True,True
abilities,araman_armor_of_darkness,game/scripts/npc/abilities/npc_lia_hero_araman.txt,99,ScriptFile[1],heroes/Araman/araman_armor_of_darkness.lua,game/scripts/vscripts/heroes/Araman/araman_armor_of_darkness.lua,True,True
abilities,araman_morale,game/scripts/npc/abilities/npc_lia_hero_araman.txt,118,ScriptFile[1],heroes/Araman/araman_morale.lua,game/scripts/vscripts/heroes/Araman/araman_morale.lua,True,True
abilities,araman_power_of_scourge,game/scripts/npc/abilities/npc_lia_hero_araman.txt,142,ScriptFile[1],heroes/Araman/araman_power_of_scourge.lua,game/scripts/vscripts/heroes/Araman/araman_power_of_scourge.lua,True,True
abilities,archmage_shooting_star,game/scripts/npc/abilities/npc_lia_hero_archmage.txt,14,ScriptFile[1],heroes/Archmage/archmage_shooting_star.lua,game/scripts/vscripts/heroes/Archmage/archmage_shooting_star.lua,True,True
abilities,archmage_polymorph,game/scripts/npc/abilities/npc_lia_hero_archmage.txt,128,OnSpellStart[1]/RunScript[1]/ScriptFile[1],heroes/Archmage/Polymorph.lua,game/scripts/vscripts/heroes/Archmage/Polymorph.lua,True,True
abilities,archmage_polymorph,game/scripts/npc/abilities/npc_lia_hero_archmage.txt,144,Modifiers[1]/modifier_hex_archmage[1]/OnCreated[1]/RunScript[1]/ScriptFile[1],heroes/Archmage/Polymorph.lua,game/scripts/vscripts/heroes/Archmage/Polymorph.lua,True,True
abilities,archmage_polymorph,game/scripts/npc/abilities/npc_lia_hero_archmage.txt,152,Modifiers[1]/modifier_hex_archmage[1]/OnCreated[1]/RunScript[2]/ScriptFile[1],heroes/Archmage/Polymorph.lua,game/scripts/vscripts/heroes/Archmage/Polymorph.lua,True,True
abilities,archmage_polymorph,game/scripts/npc/abilities/npc_lia_hero_archmage.txt,161,Modifiers[1]/modifier_hex_archmage[1]/OnDestroy[1]/RunScript[1]/ScriptFile[1],heroes/Archmage/Polymorph.lua,game/scripts/vscripts/heroes/Archmage/Polymorph.lua,True,True
abilities,archmage_polymorph,game/scripts/npc/abilities/npc_lia_hero_archmage.txt,168,Modifiers[1]/modifier_hex_archmage[1]/OnDestroy[1]/RunScript[2]/ScriptFile[1],heroes/Archmage/Polymorph.lua,game/scripts/vscripts/heroes/Archmage/Polymorph.lua,True,True
abilities,archmage_anomaly,game/scripts/npc/abilities/npc_lia_hero_archmage.txt,194,ScriptFile[1],heroes/Archmage/archmage_anomaly.lua,game/scripts/vscripts/heroes/Archmage/archmage_anomaly.lua,True,True
abilities,archmage_magic_barrier,game/scripts/npc/abilities/npc_lia_hero_archmage.txt,241,ScriptFile[1],heroes/Archmage/archmage_magic_barrier.lua,game/scripts/vscripts/heroes/Archmage/archmage_magic_barrier.lua,True,True
abilities,beastmaster_dominate,game/scripts/npc/abilities/npc_lia_hero_beastmaster.txt,6,ScriptFile[1],heroes/Beastmaster/beastmaster_dominate.lua,game/scripts/vscripts/heroes/Beastmaster/beastmaster_dominate.lua,True,True
abilities,beastmaster_help,game/scripts/npc/abilities/npc_lia_hero_beastmaster.txt,122,ScriptFile[1],heroes\Beastmaster\beastmaster_help.lua,game/scripts/vscripts/heroes/Beastmaster/beastmaster_help.lua,True,True
abilities,beastmaster_beasts,game/scripts/npc/abilities/npc_lia_hero_beastmaster.txt,179,OnSpellStart[1]/RunScript[1]/ScriptFile[1],heroes/Beastmaster/Beasts.lua,game/scripts/vscripts/heroes/Beastmaster/Beasts.lua,True,True
abilities,phoenix_bm_spawn_egg,game/scripts/npc/abilities/npc_lia_hero_beastmaster.txt,492,OnOwnerDied[1]/RunScript[1]/ScriptFile[1],heroes/Beastmaster/Phoenix.lua,game/scripts/vscripts/heroes/Beastmaster/Phoenix.lua,True,True
abilities,phoenix_bm_spawn_egg,game/scripts/npc/abilities/npc_lia_hero_beastmaster.txt,517,Modifiers[1]/modifier_phoenix_damage[1]/OnAttackLanded[1]/RunScript[1]/ScriptFile[1],heroes/Beastmaster/PhoenixSplash.lua,game/scripts/vscripts/heroes/Beastmaster/PhoenixSplash.lua,True,True
abilities,phoenix_bm_phoenix_fire,game/scripts/npc/abilities/npc_lia_hero_beastmaster.txt,579,Modifiers[1]/modifier_phoenix_bm_phoenix_fire_start[1]/OnIntervalThink[1]/ActOnTargets[1]/Action[1]/RunScript[1]/ScriptFile[1],heroes/Beastmaster/PhoenixBurn.lua,game/scripts/vscripts/heroes/Beastmaster/PhoenixBurn.lua,True,True
abilities,phoenix_egg_bm_spawn_phoenix,game/scripts/npc/abilities/npc_lia_hero_beastmaster.txt,645,Modifiers[1]/modifier_phoenix_egg_bm_spawn_phoenix[1]/OnIntervalThink[1]/RunScript[1]/ScriptFile[1],heroes/Beastmaster/Phoenix.lua,game/scripts/vscripts/heroes/Beastmaster/Phoenix.lua,True,True
abilities,berserker_fire_spear,game/scripts/npc/abilities/npc_lia_hero_berserker.txt,6,ScriptFile[1],heroes/Berserker/berserker_fire_spear.lua,game/scripts/vscripts/heroes/Berserker/berserker_fire_spear.lua,True,True
abilities,berserker_frenzy_aura,game/scripts/npc/abilities/npc_lia_hero_berserker.txt,49,ScriptFile[1],heroes/Berserker/berserker_frenzy_aura.lua,game/scripts/vscripts/heroes/Berserker/berserker_frenzy_aura.lua,True,True
abilities,berserker_desperation,game/scripts/npc/abilities/npc_lia_hero_berserker.txt,71,ScriptFile[1],heroes/Berserker/berserker_desperation.lua,game/scripts/vscripts/heroes/Berserker/berserker_desperation.lua,True,True
abilities,berserker_madness,game/scripts/npc/abilities/npc_lia_hero_berserker.txt,93,ScriptFile[1],heroes/Berserker/berserker_madness.lua,game/scripts/vscripts/heroes/Berserker/berserker_madness.lua,True,True
abilities,brewmaster_ferocity,game/scripts/npc/abilities/npc_lia_hero_brewmaster.txt,79,ScriptFile[1],heroes\Brewer\brewmaster_ferocity,game/scripts/vscripts/heroes/Brewer/brewmaster_ferocity.lua,True,True
abilities,brewmaster_punisment,game/scripts/npc/abilities/npc_lia_hero_brewmaster.txt,126,Modifiers[1]/drunken_punches_datadriven[1]/OnAttacked[1]/RunScript[1]/ScriptFile[1],heroes/Brewer/drunken_punches.lua,game/scripts/vscripts/heroes/Brewer/drunken_punches.lua,True,True
abilities,brewmaster_avatar,game/scripts/npc/abilities/npc_lia_hero_brewmaster.txt,193,OnSpellStart[1]/RunScript[1]/ScriptFile[1],heroes\Brewer\Avatar.lua,game/scripts/vscripts/heroes/Brewer/Avatar.lua,True,True
abilities,butcher_rage,game/scripts/npc/abilities/npc_lia_hero_butcher.txt,6,ScriptFile[1],heroes\Butcher\butcher_rage.lua,game/scripts/vscripts/heroes/Butcher/butcher_rage.lua,True,True
abilities,butcher_skin,game/scripts/npc/abilities/npc_lia_hero_butcher.txt,43,ScriptFile[1],heroes\Butcher\butcher_skin.lua,game/scripts/vscripts/heroes/Butcher/butcher_skin.lua,True,True
abilities,butcher_zombie,game/scripts/npc/abilities/npc_lia_hero_butcher.txt,64,ScriptFile[1],heroes\Butcher\butcher_zombie.lua,game/scripts/vscripts/heroes/Butcher/butcher_zombie.lua,True,True
abilities,butcher_howl_of_terror,game/scripts/npc/abilities/npc_lia_hero_butcher.txt,159,OnSpellStart[1]/ActOnTargets[1]/Action[1]/RunScript[1]/ScriptFile[1],heroes/Butcher/HowlOfTerror.lua,game/scripts/vscripts/heroes/Butcher/HowlOfTerror.lua,True,True
abilities,butcher_zombie_bash,game/scripts/npc/abilities/npc_lia_hero_butcher.txt,192,ScriptFile[1],heroes\Butcher\butcher_zombie_bash.lua,game/scripts/vscripts/heroes/Butcher/butcher_zombie_bash.lua,True,True
abilities,dark_knight_dark_forces,game/scripts/npc/abilities/npc_lia_hero_dark_knight.txt,73,Modifiers[1]/modifier_dark_knight_dark_forces[1]/OnIntervalThink[1]/RunScript[1]/ScriptFile[1],heroes/DarkKnight/DarkForces.lua,game/scripts/vscripts/heroes/DarkKnight/DarkForces.lua,True,True
abilities,dark_knight_dark_forces,game/scripts/npc/abilities/npc_lia_hero_dark_knight.txt,85,Modifiers[1]/modifier_dark_knight_dark_forces_thinker[1]/OnCreated[1]/RunScript[1]/ScriptFile[1],heroes/DarkKnight/DarkForces.lua,game/scripts/vscripts/heroes/DarkKnight/DarkForces.lua,True,True
abilities,dark_knight_dark_energy_zone,game/scripts/npc/abilities/npc_lia_hero_dark_knight.txt,111,ScriptFile[1],heroes/DarkKnight/dark_knight_dark_energy_zone.lua,game/scripts/vscripts/heroes/DarkKnight/dark_knight_dark_energy_zone.lua,True,True
abilities,dark_knight_incinerate,game/scripts/npc/abilities/npc_lia_hero_dark_knight.txt,145,ScriptFile[1],heroes/DarkKnight/dark_knight_incinerate.lua,game/scripts/vscripts/heroes/DarkKnight/dark_knight_incinerate.lua,True,True
abilities,dark_knight_speed,game/scripts/npc/abilities/npc_lia_hero_dark_knight.txt,177,ScriptFile[1],heroes\DarkKnight\dark_knight_speed.lua,game/scripts/vscripts/heroes/DarkKnight/dark_knight_speed.lua,True,True
abilities,dark_ranger_black_arrow,game/scripts/npc/abilities/npc_lia_hero_dark_ranger.txt,6,ScriptFile[1],heroes/DarkRanger/dark_ranger_black_arrow,game/scripts/vscripts/heroes/DarkRanger/dark_ranger_black_arrow.lua,True,True
abilities,dark_ranger_magic_arrow,game/scripts/npc/abilities/npc_lia_hero_dark_ranger.txt,115,OnProjectileHitUnit[1]/RunScript[1]/ScriptFile[1],heroes\DarkRanger\MagicArrow.lua,game/scripts/vscripts/heroes/DarkRanger/MagicArrow.lua,True,True
abilities,dark_ranger_magic_arrow,game/scripts/npc/abilities/npc_lia_hero_dark_ranger.txt,141,Modifiers[1]/modifier_dark_ranger_magic_arrow_all_target[1]/OnIntervalThink[1]/RunScript[1]/ScriptFile[1],heroes\DarkRanger\MagicArrow.lua,game/scripts/vscripts/heroes/DarkRanger/MagicArrow.lua,True,True
abilities,dark_ranger_magic_arrow,game/scripts/npc/abilities/npc_lia_hero_dark_ranger.txt,166,Modifiers[1]/modifier_dark_ranger_magic_arrow_main_target[1]/OnIntervalThink[1]/RunScript[1]/ScriptFile[1],heroes\DarkRanger\MagicArrow.lua,game/scripts/vscripts/heroes/DarkRanger/MagicArrow.lua,True,True
abilities,dark_ranger_spiked_charm,game/scripts/npc/abilities/npc_lia_hero_dark_ranger.txt,185,ScriptFile[1],heroes\DarkRanger\dark_ranger_spiked_charm.lua,game/scripts/vscripts/heroes/DarkRanger/dark_ranger_spiked_charm.lua,True,True
abilities,demonologist_demonic_seal,game/scripts/npc/abilities/npc_lia_hero_demonologist.txt,6,ScriptFile[1],heroes/Demonologist/demonologist_demonic_seal.lua,game/scripts/vscripts/heroes/Demonologist/demonologist_demonic_seal.lua,True,True
abilities,demonologist_touch_of_darkness,game/scripts/npc/abilities/npc_lia_hero_demonologist.txt,61,ScriptFile[1],heroes/Demonologist/demonologist_touch_of_darkness.lua,game/scripts/vscripts/heroes/Demonologist/demonologist_touch_of_darkness.lua,True,True
abilities,demonologist_mastery_of_demonology,game/scripts/npc/abilities/npc_lia_hero_demonologist.txt,135,OnSpellStart[1]/RunScript[1]/ScriptFile[1],heroes/Demonologist/MasteryOfDemonology.lua,game/scripts/vscripts/heroes/Demonologist/MasteryOfDemonology.lua,True,True
abilities,demonologist_mastery_of_demonology,game/scripts/npc/abilities/npc_lia_hero_demonologist.txt,163,Modifiers[1]/modifier_mastery_of_demonology[1]/OnCreated[1]/RunScript[1]/ScriptFile[1],heroes/Demonologist/MasteryOfDemonology.lua,game/scripts/vscripts/heroes/Demonologist/MasteryOfDemonology.lua,True,True
abilities,demonologist_mastery_of_demonology_creep,game/scripts/npc/abilities/npc_lia_hero_demonologist.txt,205,OnSpellStart[1]/RunScript[1]/ScriptFile[1],heroes/Demonologist/MasteryOfDemonology.lua,game/scripts/vscripts/heroes/Demonologist/MasteryOfDemonology.lua,True,True
abilities,demonologist_ritual_of_summoning,game/scripts/npc/abilities/npc_lia_hero_demonologist.txt,229,ScriptFile[1],heroes/Demonologist/demonologist_ritual_of_summoning.lua,game/scripts/vscripts/heroes/Demonologist/demonologist_ritual_of_summoning.lua,True,True
abilities,dice_bash,game/scripts/npc/abilities/npc_lia_hero_dice.txt,108,Modifiers[1]/modifier_dice_bash[1]/OnAttackLanded[1]/Random[1]/OnSuccess[1]/RunScript[1]/ScriptFile[1],heroes\Dice\Bash.lua,game/scripts/vscripts/heroes/Dice/Bash.lua,True,True
abilities,dice_steelstorm,game/scripts/npc/abilities/npc_lia_hero_dice.txt,260,Modifiers[1]/modifier_steelstorm[1]/OnIntervalThink[1]/RunScript[1]/ScriptFile[1],heroes\Dice\Steelstorm.lua,game/scripts/vscripts/heroes/Dice/Steelstorm.lua,True,True
abilities,dice_steelstorm,game/scripts/npc/abilities/npc_lia_hero_dice.txt,274,Modifiers[1]/modifier_steelstorm[1]/OnDestroy[1]/RunScript[1]/ScriptFile[1],heroes/Dice/bladestorm.lua,game/scripts/vscripts/heroes/Dice/bladestorm.lua,True,True
abilities,earth_lord_earth_burn,game/scripts/npc/abilities/npc_lia_hero_earth_lord.txt,6,ScriptFile[1],heroes/EarthLord/earth_lord_earth_burn.lua,game/scripts/vscripts/heroes/EarthLord/earth_lord_earth_burn.lua,True,True
abilities,earth_lord_split_earth,game/scripts/npc/abilities/npc_lia_hero_earth_lord.txt,57,ScriptFile[1],heroes/EarthLord/earth_lord_split_earth.lua,game/scripts/vscripts/heroes/EarthLord/earth_lord_split_earth.lua,True,True
abilities,earth_lord_stone_skin,game/scripts/npc/abilities/npc_lia_hero_earth_lord.txt,188,Modifiers[1]/modifier_earth_lord_stone_skin[1]/OnAttacked[1]/RunScript[1]/ScriptFile[1],heroes\EarthLord\StoneSkin.lua,game/scripts/vscripts/heroes/EarthLord/StoneSkin.lua,True,True
abilities,fallen_champion_shell,game/scripts/npc/abilities/npc_lia_hero_fallen_champion.txt,62,OnSpellStart[1]/RunScript[1]/ScriptFile[1],heroes/FallenChampion/fallen_champion_shell.lua,game/scripts/vscripts/heroes/FallenChampion/fallen_champion_shell.lua,True,True
abilities,fallen_champion_shell,game/scripts/npc/abilities/npc_lia_hero_fallen_champion.txt,86,Modifiers[1]/modifier_fallen_champion_shell[1]/OnCreated[1]/RunScript[1]/ScriptFile[1],heroes/FallenChampion/fallen_champion_shell.lua,game/scripts/vscripts/heroes/FallenChampion/fallen_champion_shell.lua,True,True
abilities,fallen_champion_shell,game/scripts/npc/abilities/npc_lia_hero_fallen_champion.txt,95,Modifiers[1]/modifier_fallen_champion_shell[1]/OnTakeDamage[1]/RunScript[1]/ScriptFile[1],heroes/FallenChampion/fallen_champion_shell.lua,game/scripts/vscripts/heroes/FallenChampion/fallen_champion_shell.lua,True,True
abilities,fallen_champion_shell,game/scripts/npc/abilities/npc_lia_hero_fallen_champion.txt,105,Modifiers[1]/modifier_fallen_champion_shell[1]/OnDeath[1]/RunScript[1]/ScriptFile[1],heroes/FallenChampion/fallen_champion_shell.lua,game/scripts/vscripts/heroes/FallenChampion/fallen_champion_shell.lua,True,True
abilities,fallen_champion_shell,game/scripts/npc/abilities/npc_lia_hero_fallen_champion.txt,123,Modifiers[1]/modifier_fallen_champion_shell[1]/OnIntervalThink[1]/RunScript[1]/ScriptFile[1],heroes/FallenChampion/fallen_champion_shell.lua,game/scripts/vscripts/heroes/FallenChampion/fallen_champion_shell.lua,True,True
abilities,fallen_champion_return,game/scripts/npc/abilities/npc_lia_hero_fallen_champion.txt,135,ScriptFile[1],heroes\FallenChampion\fallen_champion_return.lua,game/scripts/vscripts/heroes/FallenChampion/fallen_champion_return.lua,True,True
abilities,fallen_champion_absorption,game/scripts/npc/abilities/npc_lia_hero_fallen_champion.txt,160,ScriptFile[1],heroes\FallenChampion\fallen_champion_absorption.lua,game/scripts/vscripts/heroes/FallenChampion/fallen_champion_absorption.lua,True,True
abilities,fallen_champion_roar,game/scripts/npc/abilities/npc_lia_hero_fallen_champion.txt,288,Modifiers[1]/modifier_fallen_champion_roar[1]/OnIntervalThink[1]/RunScript[1]/ScriptFile[1],heroes/FallenChampion/roar.lua,game/scripts/vscripts/heroes/FallenChampion/roar.lua,True,True
abilities,fallen_champion_roar,game/scripts/npc/abilities/npc_lia_hero_fallen_champion.txt,297,Modifiers[1]/modifier_fallen_champion_roar[1]/OnDestroy[1]/RunScript[1]/ScriptFile[1],heroes/FallenChampion/roar.lua,game/scripts/vscripts/heroes/FallenChampion/roar.lua,True,True
abilities,firelord_flame_strike,game/scripts/npc/abilities/npc_lia_hero_firelord.txt,6,ScriptFile[1],heroes\Firelord\firelord_flame_strike.lua,game/scripts/vscripts/heroes/Firelord/firelord_flame_strike.lua,True,True
abilities,firelord_summon_lava_spawn,game/scripts/npc/abilities/npc_lia_hero_firelord.txt,116,OnSpellStart[1]/SpawnUnit[1]/Target[1]/ScriptSelectPoints[1]/ScriptFile[1],heroes/firelord/summon_lava_spawn.lua,game/scripts/vscripts/heroes/Firelord/summon_lava_spawn.lua,False,True
abilities,firelord_summon_lava_spawn,game/scripts/npc/abilities/npc_lia_hero_firelord.txt,133,OnSpellStart[1]/SpawnUnit[1]/OnSpawn[1]/RunScript[1]/ScriptFile[1],heroes/Firelord/summon_lava_spawn.lua,game/scripts/vscripts/heroes/Firelord/summon_lava_spawn.lua,True,True
abilities,firelord_summon_lava_spawn,game/scripts/npc/abilities/npc_lia_hero_firelord.txt,166,OnSpellStart[1]/SpawnUnit[2]/Target[1]/ScriptSelectPoints[1]/ScriptFile[1],heroes/Firelord/summon_lava_spawn.lua,game/scripts/vscripts/heroes/Firelord/summon_lava_spawn.lua,True,True
abilities,firelord_summon_lava_spawn,game/scripts/npc/abilities/npc_lia_hero_firelord.txt,183,OnSpellStart[1]/SpawnUnit[2]/OnSpawn[1]/RunScript[1]/ScriptFile[1],heroes/Firelord/summon_lava_spawn.lua,game/scripts/vscripts/heroes/Firelord/summon_lava_spawn.lua,True,True
abilities,firelord_summon_lava_spawn,game/scripts/npc/abilities/npc_lia_hero_firelord.txt,216,OnSpellStart[1]/SpawnUnit[3]/Target[1]/ScriptSelectPoints[1]/ScriptFile[1],heroes/Firelord/summon_lava_spawn.lua,game/scripts/vscripts/heroes/Firelord/summon_lava_spawn.lua,True,True
abilities,firelord_summon_lava_spawn,game/scripts/npc/abilities/npc_lia_hero_firelord.txt,233,OnSpellStart[1]/SpawnUnit[3]/OnSpawn[1]/RunScript[1]/ScriptFile[1],heroes/firelord/summon_lava_spawn.lua,game/scripts/vscripts/heroes/Firelord/summon_lava_spawn.lua,False,True
abilities,firelord_summon_lava_spawn,game/scripts/npc/abilities/npc_lia_hero_firelord.txt,299,Modifiers[1]/modifier_lava_spawn_replicate[1]/OnAttackLanded[1]/RunScript[1]/ScriptFile[1],heroes/firelord/summon_lava_spawn.lua,game/scripts/vscripts/heroes/Firelord/summon_lava_spawn.lua,False,True
abilities,firelord_fire_trap,game/scripts/npc/abilities/npc_lia_hero_firelord.txt,348,OnSpellStart[1]/RunScript[1]/ScriptFile[1],heroes/Firelord/FireTrap.lua,game/scripts/vscripts/heroes/Firelord/FireTrap.lua,True,True
abilities,firelord_fire_trap,game/scripts/npc/abilities/npc_lia_hero_firelord.txt,365,Modifiers[1]/modifier_stasis_ward[1]/OnDestroy[1]/RunScript[1]/ScriptFile[1],heroes/Firelord/FireTrap.lua,game/scripts/vscripts/heroes/Firelord/FireTrap.lua,True,True
abilities,firelord_fire_trap,game/scripts/npc/abilities/npc_lia_hero_firelord.txt,380,Modifiers[1]/modifier_stasis_ward_trigger[1]/OnIntervalThink[1]/RunScript[1]/ScriptFile[1],heroes/Firelord/FireTrap.lua,game/scripts/vscripts/heroes/Firelord/FireTrap.lua,True,True
abilities,firelord_fire_serpent,game/scripts/npc/abilities/npc_lia_hero_firelord.txt,391,ScriptFile[1],heroes\Firelord\firelord_fire_serpent.lua,game/scripts/vscripts/heroes/Firelord/firelord_fire_serpent.lua,True,True
abilities,frost_lord_frost_breath,game/scripts/npc/abilities/npc_lia_hero_frost_lord.txt,6,ScriptFile[1],heroes/FrostLord/frost_lord_frost_breath.lua,game/scripts/vscripts/heroes/FrostLord/frost_lord_frost_breath.lua,True,True
abilities,frost_lord_cold,game/scripts/npc/abilities/npc_lia_hero_frost_lord.txt,173,Modifiers[1]/modifier_frost_lord_cold[1]/OnIntervalThink[1]/RunScript[1]/ScriptFile[1],heroes/FrostLord/Cold.lua,game/scripts/vscripts/heroes/FrostLord/Cold.lua,True,True
abilities,frost_lord_freezing,game/scripts/npc/abilities/npc_lia_hero_frost_lord.txt,184,ScriptFile[1],heroes/FrostLord/frost_lord_freezing.lua,game/scripts/vscripts/heroes/FrostLord/frost_lord_freezing.lua,True,True
abilities,frost_lord_ice,game/scripts/npc/abilities/npc_lia_hero_frost_lord.txt,214,ScriptFile[1],heroes/FrostLord/frost_lord_ice.lua,game/scripts/vscripts/heroes/FrostLord/frost_lord_ice.lua,True,True
abilities,furbolg_champion_furious_clap,game/scripts/npc/abilities/npc_lia_hero_furbolg_champion.txt,6,ScriptFile[1],heroes\FurbolgChampion\furbolg_champion_furious_clap.lua,game/scripts/vscripts/heroes/FurbolgChampion/furbolg_champion_furious_clap.lua,True,True
abilities,furbolg_champion_sharp_claws,game/scripts/npc/abilities/npc_lia_hero_furbolg_champion.txt,37,ScriptFile[1],heroes\FurbolgChampion\furbolg_champion_sharp_claws.lua,game/scripts/vscripts/heroes/FurbolgChampion/furbolg_champion_sharp_claws.lua,True,True
abilities,furbolg_champion_swelling_rage,game/scripts/npc/abilities/npc_lia_hero_furbolg_champion.txt,58,ScriptFile[1],heroes\FurbolgChampion\furbolg_champion_swelling_rage.lua,game/scripts/vscripts/heroes/FurbolgChampion/furbolg_champion_swelling_rage.lua,True,True
abilities,furbolg_champion_bears_agility,game/scripts/npc/abilities/npc_lia_hero_furbolg_champion.txt,78,ScriptFile[1],heroes\FurbolgChampion\furbolg_champion_bears_agility.lua,game/scripts/vscripts/heroes/FurbolgChampion/furbolg_champion_bears_agility.lua,True,True
abilities,general_dark_magic_flow,game/scripts/npc/abilities/npc_lia_hero_general.txt,197,OnProjectileHitUnit[1]/RunScript[1]/ScriptFile[1],heroes/General/DarkMagicFlow.lua,game/scripts/vscripts/heroes/General/DarkMagicFlow.lua,True,True
abilities,general_furious_strike,game/scripts/npc/abilities/npc_lia_hero_general.txt,219,ScriptFile[1],heroes/General/general_furious_strike.lua,game/scripts/vscripts/heroes/General/general_furious_strike.lua,True,True
abilities,general_magic_armor,game/scripts/npc/abilities/npc_lia_hero_general.txt,241,ScriptFile[1],heroes/General/general_magic_armor.lua,game/scripts/vscripts/heroes/General/general_magic_armor.lua,True,True
abilities,ghoul_blood_thirst,game/scripts/npc/abilities/npc_lia_hero_ghoul.txt,61,OnSpellStart[1]/RunScript[1]/ScriptFile[1],heroes\Ghoul\BloodThirst.lua,game/scripts/vscripts/heroes/Ghoul/BloodThirst.lua,True,True
abilities,ghoul_devour,game/scripts/npc/abilities/npc_lia_hero_ghoul.txt,161,OnSpellStart[1]/RunScript[1]/ScriptFile[1],heroes/Ghoul/Devour.lua,game/scripts/vscripts/heroes/Ghoul/Devour.lua,True,True
abilities,ghoul_mortal_strike,game/scripts/npc/abilities/npc_lia_hero_ghoul.txt,210,ScriptFile[1],heroes/Ghoul/ghoul_mortal_strike.lua,game/scripts/vscripts/heroes/Ghoul/ghoul_mortal_strike.lua,True,True
abilities,ghoul_persistence,game/scripts/npc/abilities/npc_lia_hero_ghoul.txt,238,ScriptFile[1],heroes\Ghoul\ghoul_persistence.lua,game/scripts/vscripts/heroes/Ghoul/ghoul_persistence.lua,True,True
abilities,akron_explosion,game/scripts/npc/abilities/npc_lia_hero_golem.txt,47,OnSpellStart[1]/RunScript[1]/ScriptFile[1],heroes\Acron\Explosion.lua,game/scripts/vscripts/heroes/Acron/Explosion.lua,True,True
abilities,acron_battle_fevor,game/scripts/npc/abilities/npc_lia_hero_golem.txt,95,ScriptFile[1],heroes\Acron\acron_battle_fevor.lua,game/scripts/vscripts/heroes/Acron/acron_battle_fevor.lua,True,True
abilities,akron_firerage,game/scripts/npc/abilities/npc_lia_hero_golem.txt,174,Modifiers[1]/modifier_firerage_datadriven[1]/OnAttacked[1]/RunScript[1]/ScriptFile[1],heroes/Acron/firerage.lua,game/scripts/vscripts/heroes/Acron/firerage.lua,True,True
abilities,acron_molten_fury,game/scripts/npc/abilities/npc_lia_hero_golem.txt,253,OnSpellStart[1]/RunScript[1]/ScriptFile[1],heroes/Acron/BattleFevor.lua,game/scripts/vscripts/heroes/Acron/BattleFevor.lua,True,True
abilities,hermit_summon_water_elemental,game/scripts/npc/abilities/npc_lia_hero_hermit.txt,6,ScriptFile[1],heroes/Hermit/hermit_summon_water_elemental.lua,game/scripts/vscripts/heroes/Hermit/hermit_summon_water_elemental.lua,True,True
abilities,hermit_astral,game/scripts/npc/abilities/npc_lia_hero_hermit.txt,61,ScriptFile[1],heroes\Hermit\hermit_astral.lua,game/scripts/vscripts/heroes/Hermit/hermit_astral.lua,True,True
abilities,hermit_frost_arrows,game/scripts/npc/abilities/npc_lia_hero_hermit.txt,106,ScriptFile[1],heroes/Hermit/hermit_frost_arrows.lua,game/scripts/vscripts/heroes/Hermit/hermit_frost_arrows.lua,True,True
abilities,hermit_storm,game/scripts/npc/abilities/npc_lia_hero_hermit.txt,166,ScriptFile[1],heroes/Hermit/hermit_storm.lua,game/scripts/vscripts/heroes/Hermit/hermit_storm.lua,True,True
abilities,hermit_storm1,game/scripts/npc/abilities/npc_lia_hero_hermit.txt,373,Modifiers[1]/modifier_storm_hero[1]/OnIntervalThink[1]/RunScript[1]/ScriptFile[1],heroes\Hermit\hermit_storm.lua,game/scripts/vscripts/heroes/Hermit/hermit_storm.lua,True,True
abilities,highlander_storm_bolt,game/scripts/npc/abilities/npc_lia_hero_highlander.txt,67,OnProjectileHitUnit[1]/RunScript[1]/ScriptFile[1],heroes\Highlander\StormBolt.lua,game/scripts/vscripts/heroes/Highlander/StormBolt.lua,True,True
abilities,highlander_improved_armor,game/scripts/npc/abilities/npc_lia_hero_highlander.txt,151,ScriptFile[1],heroes\Highlander\highlander_improved_armor.lua,game/scripts/vscripts/heroes/Highlander/highlander_improved_armor.lua,True,True
abilities,huntress_curse_of_elune,game/scripts/npc/abilities/npc_lia_hero_huntress.txt,6,ScriptFile[1],heroes/Huntress/huntress_curse_of_elune.lua,game/scripts/vscripts/heroes/Huntress/huntress_curse_of_elune.lua,True,True
abilities,huntress_moon_glaive,game/scripts/npc/abilities/npc_lia_hero_huntress.txt,41,ScriptFile[1],heroes\Huntress\huntress_moon_glaive.lua,game/scripts/vscripts/heroes/Huntress/huntress_moon_glaive.lua,True,True
abilities,huntress_power_of_the_moon,game/scripts/npc/abilities/npc_lia_hero_huntress.txt,70,ScriptFile[1],heroes/Huntress/huntress_power_of_the_moon.lua,game/scripts/vscripts/heroes/Huntress/huntress_power_of_the_moon.lua,True,True
abilities,huntress_moon_rite,game/scripts/npc/abilities/npc_lia_hero_huntress.txt,91,ScriptFile[1],heroes/Huntress/huntress_moon_rite.lua,game/scripts/vscripts/heroes/Huntress/huntress_moon_rite.lua,True,True
abilities,illusionist_whiff_of_deception,game/scripts/npc/abilities/npc_lia_hero_illusionist.txt,33,OnSpellStart[1]/RunScript[1]/ScriptFile[1],heroes\Illusionist\illusionist_whiff_of_deception.lua,game/scripts/vscripts/heroes/Illusionist/illusionist_whiff_of_deception.lua,True,True
abilities,illusionist_whiff_of_deception,game/scripts/npc/abilities/npc_lia_hero_illusionist.txt,79,Modifiers[1]/modifier_illusionist_whiff_of_deception[1]/OnDestroy[1]/RunScript[1]/ScriptFile[1],heroes/Illusionist/illusionist_whiff_of_deception.lua,game/scripts/vscripts/heroes/Illusionist/illusionist_whiff_of_deception.lua,True,True
abilities,illusionist_mastery_of_deception,game/scripts/npc/abilities/npc_lia_hero_illusionist.txt,104,OnUpgrade[1]/RunScript[1]/ScriptFile[1],heroes/Illusionist/illusionist_mastery_of_deception.lua,game/scripts/vscripts/heroes/Illusionist/illusionist_mastery_of_deception.lua,True,True
abilities,illusionist_mastery_of_deception,game/scripts/npc/abilities/npc_lia_hero_illusionist.txt,164,Modifiers[1]/modifier_illusionist_mastery_of_deception[1]/OnAttacked[1]/Random[1]/OnSuccess[1]/RunScript[1]/ScriptFile[1],heroes/Illusionist/illusionist_mastery_of_deception.lua,game/scripts/vscripts/heroes/Illusionist/illusionist_mastery_of_deception.lua,True,True
abilities,illusionist_agility_paws,game/scripts/npc/abilities/npc_lia_hero_illusionist.txt,247,Modifiers[1]/modifier_illusionist_agility_paws_i[1]/OnRespawn[1]/RunScript[1]/ScriptFile[1],heroes/Illusionist/illusionist_agility_paws.lua,game/scripts/vscripts/heroes/Illusionist/illusionist_agility_paws.lua,True,True
abilities,illusionist_agility_paws,game/scripts/npc/abilities/npc_lia_hero_illusionist.txt,270,Modifiers[1]/modifier_illusionist_agility_paws[1]/OnDestroy[1]/Random[1]/OnSuccess[1]/RunScript[1]/ScriptFile[1],heroes/Illusionist/illusionist_agility_paws.lua,game/scripts/vscripts/heroes/Illusionist/illusionist_agility_paws.lua,True,True
abilities,illusionist_agility_paws,game/scripts/npc/abilities/npc_lia_hero_illusionist.txt,280,Modifiers[1]/modifier_illusionist_agility_paws[1]/OnDestroy[1]/Random[1]/OnFailure[1]/RunScript[1]/ScriptFile[1],heroes/Illusionist/illusionist_agility_paws.lua,game/scripts/vscripts/heroes/Illusionist/illusionist_agility_paws.lua,True,True
abilities,illusionist_mastery_of_illusions,game/scripts/npc/abilities/npc_lia_hero_illusionist.txt,345,OnSpellStart[1]/RunScript[1]/ScriptFile[1],heroes\Illusionist\illusionist_mastery_of_illusions.lua,game/scripts/vscripts/heroes/Illusionist/illusionist_mastery_of_illusions.lua,True,True
abilities,keeper_of_the_grove_roots,game/scripts/npc/abilities/npc_lia_hero_keeper_of_the_grove.txt,59,OnSpellStart[1]/RunScript[1]/ScriptFile[1],heroes/KeeperOfTheGrove/Roots.lua,game/scripts/vscripts/heroes/KeeperOfTheGrove/Roots.lua,True,True
abilities,keeper_of_the_grove_treants,game/scripts/npc/abilities/npc_lia_hero_keeper_of_the_grove.txt,160,OnSpellStart[1]/RunScript[1]/ScriptFile[1],heroes/KeeperOfTheGrove/Treants.lua,game/scripts/vscripts/heroes/KeeperOfTheGrove/Treants.lua,True,True
abilities,keeper_of_the_grove_guardian_spirit,game/scripts/npc/abilities/npc_lia_hero_keeper_of_the_grove.txt,172,ScriptFile[1],heroes\KeeperOfTheGrove\keeper_of_the_grove_guardian_spirit.lua,game/scripts/vscripts/heroes/KeeperOfTheGrove/keeper_of_the_grove_guardian_spirit.lua,True,True
abilities,keeper_of_the_grove_natures_curse,game/scripts/npc/abilities/npc_lia_hero_keeper_of_the_grove.txt,214,ScriptFile[1],heroes/KeeperOfTheGrove/keeper_of_the_grove_natures_curse.lua,game/scripts/vscripts/heroes/KeeperOfTheGrove/keeper_of_the_grove_natures_curse.lua,True,True
abilities,keeper_of_the_grove_treants_unity,game/scripts/npc/abilities/npc_lia_hero_keeper_of_the_grove.txt,279,OnSpellStart[1]/RunScript[1]/ScriptFile[1],heroes/KeeperOfTheGrove/Unity.lua,game/scripts/vscripts/heroes/KeeperOfTheGrove/Unity.lua,True,True
abilities,keeper_of_the_grove_treants_reborn,game/scripts/npc/abilities/npc_lia_hero_keeper_of_the_grove.txt,303,OnOwnerDied[1]/RunScript[1]/ScriptFile[1],heroes/KeeperOfTheGrove/Reborn.lua,game/scripts/vscripts/heroes/KeeperOfTheGrove/Reborn.lua,True,True
abilities,keeper_of_the_grove_treants_cyclone,game/scripts/npc/abilities/npc_lia_hero_keeper_of_the_grove.txt,347,OnSpellStart[1]/RunScript[1]/ScriptFile[1],heroes/KeeperOfTheGrove/Cyclone.lua,game/scripts/vscripts/heroes/KeeperOfTheGrove/Cyclone.lua,True,True
abilities,keeper_of_the_grove_treants_cyclone,game/scripts/npc/abilities/npc_lia_hero_keeper_of_the_grove.txt,374,Modifiers[1]/modifier_keeper_of_the_grove_treants_cyclone[1]/OnCreated[1]/RunScript[1]/ScriptFile[1],heroes/KeeperOfTheGrove/Cyclone.lua,game/scripts/vscripts/heroes/KeeperOfTheGrove/Cyclone.lua,True,True
abilities,keeper_of_the_grove_treants_cyclone,game/scripts/npc/abilities/npc_lia_hero_keeper_of_the_grove.txt,390,Modifiers[1]/modifier_keeper_of_the_grove_treants_cyclone[1]/OnDestroy[1]/RunScript[1]/ScriptFile[1],heroes/KeeperOfTheGrove/Cyclone.lua,game/scripts/vscripts/heroes/KeeperOfTheGrove/Cyclone.lua,True,True
abilities,keeper_of_the_grove_treants_cyclone,game/scripts/npc/abilities/npc_lia_hero_keeper_of_the_grove.txt,400,Modifiers[1]/modifier_keeper_of_the_grove_treants_cyclone[1]/OnIntervalThink[1]/RunScript[1]/ScriptFile[1],heroes/KeeperOfTheGrove/Cyclone.lua,game/scripts/vscripts/heroes/KeeperOfTheGrove/Cyclone.lua,True,True
abilities,knight_illusions,game/scripts/npc/abilities/npc_lia_hero_knight.txt,128,Modifiers[1]/modifier_knight_illusions[1]/OnCreated[1]/RunScript[1]/ScriptFile[1],heroes/Knight/illusions.lua,game/scripts/vscripts/heroes/Knight/illusions.lua,True,True
abilities,knight_illusions,game/scripts/npc/abilities/npc_lia_hero_knight.txt,138,Modifiers[1]/modifier_knight_illusions[1]/OnDestroy[1]/RunScript[1]/ScriptFile[1],heroes/Knight/illusions.lua,game/scripts/vscripts/heroes/Knight/illusions.lua,True,True
abilities,knight_dark_shield,game/scripts/npc/abilities/npc_lia_hero_knight.txt,149,ScriptFile[1],heroes/Knight/knight_dark_shield.lua,game/scripts/vscripts/heroes/Knight/knight_dark_shield.lua,True,True
abilities,knight_ancient_shield,game/scripts/npc/abilities/npc_lia_hero_knight.txt,169,ScriptFile[1],heroes/Knight/knight_ancient_shield.lua,game/scripts/vscripts/heroes/Knight/knight_ancient_shield.lua,True,True
abilities,knight_dark_gifts,game/scripts/npc/abilities/npc_lia_hero_knight.txt,268,Modifiers[1]/modifier_knight_dark_gifts[1]/OnCreated[1]/RunScript[1]/ScriptFile[1],heroes/Knight/dark_gifts.lua,game/scripts/vscripts/heroes/Knight/dark_gifts.lua,True,True
abilities,kret_acid,game/scripts/npc/abilities/npc_lia_hero_kret.txt,77,OnProjectileHitUnit[1]/RunScript[1]/ScriptFile[1],heroes\Kret\Acid.lua,game/scripts/vscripts/heroes/Kret/Acid.lua,True,True
abilities,kret_acid,game/scripts/npc/abilities/npc_lia_hero_kret.txt,103,Modifiers[1]/modifier_kret_acid_all_target[1]/OnIntervalThink[1]/RunScript[1]/ScriptFile[1],heroes\Kret\Acid.lua,game/scripts/vscripts/heroes/Kret/Acid.lua,True,True
abilities,kret_acid,game/scripts/npc/abilities/npc_lia_hero_kret.txt,129,Modifiers[1]/modifier_kret_acid_main_target[1]/OnIntervalThink[1]/RunScript[1]/ScriptFile[1],heroes\Kret\Acid.lua,game/scripts/vscripts/heroes/Kret/Acid.lua,True,True
abilities,kret_poisoning,game/scripts/npc/abilities/npc_lia_hero_kret.txt,149,ScriptFile[1],heroes/Kret/kret_poisoning.lua,game/scripts/vscripts/heroes/Kret/kret_poisoning.lua,True,True
abilities,kret_lust_for_life,game/scripts/npc/abilities/npc_lia_hero_kret.txt,178,ScriptFile[1],heroes/Kret/kret_lust_for_life.lua,game/scripts/vscripts/heroes/Kret/kret_lust_for_life.lua,True,True
abilities,kret_virus,game/scripts/npc/abilities/npc_lia_hero_kret.txt,272,OnProjectileHitUnit[1]/RunScript[1]/ScriptFile[1],heroes\Kret\Virus.lua,game/scripts/vscripts/heroes/Kret/Virus.lua,True,True
abilities,lord_of_lightning_chain_lightning,game/scripts/npc/abilities/npc_lia_hero_lord_of_lightning.txt,6,ScriptFile[1],heroes\LightningLord\lord_of_lightning_chain_lightning.lua,game/scripts/vscripts/heroes/LightningLord/lord_of_lightning_chain_lightning.lua,True,True
abilities,lord_of_lightning_lightning_shield,game/scripts/npc/abilities/npc_lia_hero_lord_of_lightning.txt,70,ScriptFile[1],heroes\LightningLord\lord_of_lightning_lightning_shield.lua,game/scripts/vscripts/heroes/LightningLord/lord_of_lightning_lightning_shield.lua,True,True
abilities,lord_of_lightning_holy_wrath,game/scripts/npc/abilities/npc_lia_hero_lord_of_lightning.txt,197,Modifiers[1]/modifier_lord_of_lightning_holy_wrath_aura[1]/OnAttacked[1]/Random[1]/OnSuccess[1]/RunScript[1]/ScriptFile[1],heroes/LightningLord/holy_wrath.lua,game/scripts/vscripts/heroes/LightningLord/holy_wrath.lua,True,True
abilities,lord_of_lightning_brain_storm,game/scripts/npc/abilities/npc_lia_hero_lord_of_lightning.txt,211,ScriptFile[1],heroes/LightningLord/lord_of_lightning_brain_storm.lua,game/scripts/vscripts/heroes/LightningLord/lord_of_lightning_brain_storm.lua,True,True
abilities,marksman_explosive_rounds,game/scripts/npc/abilities/npc_lia_hero_marksman.txt,6,ScriptFile[1],heroes/Marksman/marksman_explosive_rounds.lua,game/scripts/vscripts/heroes/Marksman/marksman_explosive_rounds.lua,True,True
abilities,marksman_ricochet,game/scripts/npc/abilities/npc_lia_hero_marksman.txt,39,ScriptFile[1],heroes/Marksman/marksman_ricochet.lua,game/scripts/vscripts/heroes/Marksman/marksman_ricochet.lua,True,True
abilities,marksman_marksmans_mastery,game/scripts/npc/abilities/npc_lia_hero_marksman.txt,81,ScriptFile[1],heroes/Marksman/marksman_marksmans_mastery.lua,game/scripts/vscripts/heroes/Marksman/marksman_marksmans_mastery.lua,True,True
abilities,marksman_dragon_breath,game/scripts/npc/abilities/npc_lia_hero_marksman.txt,101,ScriptFile[1],heroes/Marksman/marksman_dragon_breath.lua,game/scripts/vscripts/heroes/Marksman/marksman_dragon_breath.lua,True,True
abilities,naga_royal_guard_persistence,game/scripts/npc/abilities/npc_lia_hero_naga_royal_guard.txt,94,ScriptFile[1],heroes/NagaRoyalGuard/naga_royal_guard_persistence.lua,game/scripts/vscripts/heroes/NagaRoyalGuard/naga_royal_guard_persistence.lua,True,True
abilities,naga_royal_guard_bash,game/scripts/npc/abilities/npc_lia_hero_naga_royal_guard.txt,153,Modifiers[1]/modifier_naga_royal_guard_bash[1]/OnAttackLanded[1]/Random[1]/OnSuccess[1]/RunScript[1]/ScriptFile[1],heroes\NagaRoyalGuard\Bash.lua,game/scripts/vscripts/heroes/NagaRoyalGuard/Bash.lua,True,True
abilities,naga_royal_guard_crush,game/scripts/npc/abilities/npc_lia_hero_naga_royal_guard.txt,241,Modifiers[1]/modifier_crush_bonus_movespeed[1]/OnIntervalThink[1]/RunScript[1]/ScriptFile[1],heroes/NagaRoyalGuard/crush.lua,game/scripts/vscripts/heroes/NagaRoyalGuard/crush.lua,True,True
abilities,naga_siren_fury,game/scripts/npc/abilities/npc_lia_hero_naga_siren.txt,8,ScriptFile[1],heroes/NagaSiren/naga_siren_fury.lua,game/scripts/vscripts/heroes/NagaSiren/naga_siren_fury.lua,True,True
abilities,naga_siren_eating,game/scripts/npc/abilities/npc_lia_hero_naga_siren.txt,66,Modifiers[1]/modifier_naga_siren_eating[1]/OnKill[1]/RunScript[1]/ScriptFile[1],heroes/NagaSiren/Eating.lua,game/scripts/vscripts/heroes/NagaSiren/Eating.lua,True,True
abilities,naga_siren_art_of_battle,game/scripts/npc/abilities/npc_lia_hero_naga_siren.txt,78,ScriptFile[1],heroes/NagaSiren/naga_siren_art_of_battle.lua,game/scripts/vscripts/heroes/NagaSiren/naga_siren_art_of_battle.lua,True,True
abilities,naga_siren_song,game/scripts/npc/abilities/npc_lia_hero_naga_siren.txt,182,Modifiers[1]/modifier_naga_siren_song_aura[1]/OnDestroy[1]/RunScript[1]/ScriptFile[1],heroes/NagaSiren/Song.lua,game/scripts/vscripts/heroes/NagaSiren/Song.lua,True,True
abilities,necromancer_stabbing_death,game/scripts/npc/abilities/npc_lia_hero_necromancer.txt,6,ScriptFile[1],heroes/Necromancer/necromancer_stabbing_death.lua,game/scripts/vscripts/heroes/Necromancer/necromancer_stabbing_death.lua,True,True
abilities,necromancer_walking_corpses,game/scripts/npc/abilities/npc_lia_hero_necromancer.txt,55,ScriptFile[1],heroes\Necromancer\necromancer_walking_corpses.lua,game/scripts/vscripts/heroes/Necromancer/necromancer_walking_corpses.lua,True,True
abilities,necromancer_reincarnation,game/scripts/npc/abilities/npc_lia_hero_necromancer.txt,106,ScriptFile[1],heroes\Necromancer\necromancer_reincarnation.lua,game/scripts/vscripts/heroes/Necromancer/necromancer_reincarnation.lua,True,True
abilities,necromancer_skel_return,game/scripts/npc/abilities/npc_lia_hero_necromancer.txt,140,ScriptFile[1],heroes\Necromancer\necromancer_skel_return.lua,game/scripts/vscripts/heroes/Necromancer/necromancer_skel_return.lua,True,True
abilities,necromancer_galvanization,game/scripts/npc/abilities/npc_lia_hero_necromancer.txt,196,OnAbilityPhaseStart[1]/RunScript[1]/ScriptFile[1],heroes/Necromancer/galvanization.lua,game/scripts/vscripts/heroes/Necromancer/galvanization.lua,True,True
abilities,necromancer_galvanization,game/scripts/npc/abilities/npc_lia_hero_necromancer.txt,218,OnSpellStart[1]/RunScript[1]/ScriptFile[1],heroes/Necromancer/galvanization.lua,game/scripts/vscripts/heroes/Necromancer/galvanization.lua,True,True
abilities,paladin_blizzard,game/scripts/npc/abilities/npc_lia_hero_paladin.txt,6,ScriptFile[1],heroes\Paladin\paladin_blizzard.lua,game/scripts/vscripts/heroes/Paladin/paladin_blizzard.lua,True,True
abilities,paladin_grace,game/scripts/npc/abilities/npc_lia_hero_paladin.txt,67,ScriptFile[1],heroes\Paladin\paladin_grace.lua,game/scripts/vscripts/heroes/Paladin/paladin_grace.lua,True,True
abilities,paladin_elect,game/scripts/npc/abilities/npc_lia_hero_paladin.txt,114,ScriptFile[1],heroes/Paladin/paladin_elect.lua,game/scripts/vscripts/heroes/Paladin/paladin_elect.lua,True,True
abilities,paladin_impregnability,game/scripts/npc/abilities/npc_lia_hero_paladin.txt,228,Modifiers[1]/modifier_impregnability_new[1]/OnIntervalThink[1]/RunScript[1]/ScriptFile[1],heroes\Paladin\impregnability.lua,game/scripts/vscripts/heroes/Paladin/impregnability.lua,True,True
abilities,paladin_impregnability,game/scripts/npc/abilities/npc_lia_hero_paladin.txt,237,Modifiers[1]/modifier_impregnability_new[1]/OnDestroy[1]/RunScript[1]/ScriptFile[1],heroes\Paladin\impregnability.lua,game/scripts/vscripts/heroes/Paladin/impregnability.lua,True,True
abilities,pirate_poisoned_weapon,game/scripts/npc/abilities/npc_lia_hero_pirate.txt,124,ScriptFile[1],heroes/Pirate/pirate_poisoned_weapon.lua,game/scripts/vscripts/heroes/Pirate/pirate_poisoned_weapon.lua,True,True
abilities,pirate_evasion,game/scripts/npc/abilities/npc_lia_hero_pirate.txt,153,ScriptFile[1],heroes/Pirate/pirate_evasion.lua,game/scripts/vscripts/heroes/Pirate/pirate_evasion.lua,True,True
abilities,pirate_metamorphosis,game/scripts/npc/abilities/npc_lia_hero_pirate.txt,262,Modifiers[1]/modifier_metamorphosis[1]/OnCreated[1]/RunScript[1]/ScriptFile[1],heroes/Pirate/Metamorphosis.lua,game/scripts/vscripts/heroes/Pirate/Metamorphosis.lua,True,True
abilities,pirate_metamorphosis,game/scripts/npc/abilities/npc_lia_hero_pirate.txt,293,Modifiers[1]/modifier_metamorphosis[1]/OnAttackLanded[1]/RunScript[1]/ScriptFile[1],heroes/Pirate/Metamorphosis.lua,game/scripts/vscripts/heroes/Pirate/Metamorphosis.lua,True,True
abilities,pirate_metamorphosis,game/scripts/npc/abilities/npc_lia_hero_pirate.txt,303,Modifiers[1]/modifier_metamorphosis[1]/OnDestroy[1]/RunScript[1]/ScriptFile[1],heroes/Pirate/Metamorphosis.lua,game/scripts/vscripts/heroes/Pirate/Metamorphosis.lua,True,True
abilities,ranger_steel_hail,game/scripts/npc/abilities/npc_lia_hero_ranger.txt,6,ScriptFile[1],heroes/Ranger/ranger_steel_hail.lua,game/scripts/vscripts/heroes/Ranger/ranger_steel_hail.lua,True,True
abilities,ranger_trap,game/scripts/npc/abilities/npc_lia_hero_ranger.txt,42,ScriptFile[1],heroes/Ranger/ranger_trap,game/scripts/vscripts/heroes/Ranger/ranger_trap.lua,True,True
abilities,ranger_aimed_shot,game/scripts/npc/abilities/npc_lia_hero_ranger.txt,84,ScriptFile[1],heroes/Ranger/ranger_aimed_shot.lua,game/scripts/vscripts/heroes/Ranger/ranger_aimed_shot.lua,True,True
abilities,ranger_volley_of_arrows,game/scripts/npc/abilities/npc_lia_hero_ranger.txt,105,ScriptFile[1],heroes/Ranger/ranger_volley_of_arrows.lua,game/scripts/vscripts/heroes/Ranger/ranger_volley_of_arrows.lua,True,True
abilities,serpent_queen_ball_lightning,game/scripts/npc/abilities/npc_lia_hero_serpent_queen.txt,82,Modifiers[1]/modifier_locust_swarm[1]/OnCreated[1]/RunScript[1]/ScriptFile[1],heroes/SerpentQueen/BallLightning.lua,game/scripts/vscripts/heroes/SerpentQueen/BallLightning.lua,True,True
abilities,serpent_queen_ball_lightning,game/scripts/npc/abilities/npc_lia_hero_serpent_queen.txt,96,Modifiers[1]/modifier_locust_swarm[1]/OnDeath[1]/RunScript[1]/ScriptFile[1],heroes/SerpentQueen/BallLightning.lua,game/scripts/vscripts/heroes/SerpentQueen/BallLightning.lua,True,True
abilities,serpent_queen_ball_lightning,game/scripts/npc/abilities/npc_lia_hero_serpent_queen.txt,105,Modifiers[1]/modifier_locust_swarm[1]/OnDestroy[1]/RunScript[1]/ScriptFile[1],heroes/SerpentQueen/BallLightning.lua,game/scripts/vscripts/heroes/SerpentQueen/BallLightning.lua,True,True
abilities,serpent_queen_ball_lightning,game/scripts/npc/abilities/npc_lia_hero_serpent_queen.txt,117,Modifiers[1]/modifier_locust[1]/OnCreated[1]/RunScript[1]/ScriptFile[1],heroes/SerpentQueen/BallLightning.lua,game/scripts/vscripts/heroes/SerpentQueen/BallLightning.lua,True,True
abilities,serpent_queen_ball_lightning,game/scripts/npc/abilities/npc_lia_hero_serpent_queen.txt,140,Modifiers[1]/modifier_locust[1]/OnDeath[1]/RunScript[1]/ScriptFile[1],heroes/SerpentQueen/BallLightning.lua,game/scripts/vscripts/heroes/SerpentQueen/BallLightning.lua,True,True
abilities,serpent_queen_accuracy,game/scripts/npc/abilities/npc_lia_hero_serpent_queen.txt,247,Modifiers[1]/serpent_queen_accuracy[1]/OnAttackLanded[1]/RunScript[1]/ScriptFile[1],heroes\SerpentQueen\Accuracy.lua,game/scripts/vscripts/heroes/SerpentQueen/Accuracy.lua,True,True
abilities,shadow_master_shadow,game/scripts/npc/abilities/npc_lia_hero_shadow_master.txt,35,OnOwnerDied[1]/RunScript[1]/ScriptFile[1],heroes\ShadowMaster\Shadow.lua,game/scripts/vscripts/heroes/ShadowMaster/Shadow.lua,True,True
abilities,shadow_master_shadow,game/scripts/npc/abilities/npc_lia_hero_shadow_master.txt,44,OnAbilityPhaseStart[1]/RunScript[1]/ScriptFile[1],heroes\ShadowMaster\Shadow.lua,game/scripts/vscripts/heroes/ShadowMaster/Shadow.lua,True,True
abilities,shadow_master_shadow,game/scripts/npc/abilities/npc_lia_hero_shadow_master.txt,53,OnSpellStart[1]/RunScript[1]/ScriptFile[1],heroes\ShadowMaster\Shadow.lua,game/scripts/vscripts/heroes/ShadowMaster/Shadow.lua,True,True
abilities,shadow_master_steal_shadow,game/scripts/npc/abilities/npc_lia_hero_shadow_master.txt,101,OnSpellStart[1]/RunScript[1]/ScriptFile[1],heroes/ShadowMaster/StealShadow.lua,game/scripts/vscripts/heroes/ShadowMaster/StealShadow.lua,True,True
abilities,shadow_master_art_of_shadows,game/scripts/npc/abilities/npc_lia_hero_shadow_master.txt,140,ScriptFile[1],heroes/ShadowMaster/shadow_master_art_of_shadows.lua,game/scripts/vscripts/heroes/ShadowMaster/shadow_master_art_of_shadows.lua,True,True
abilities,shadow_master_agility_of_shadows,game/scripts/npc/abilities/npc_lia_hero_shadow_master.txt,197,Modifiers[1]/modifier_agility_of_shadows[1]/OnAttacked[1]/Random[1]/OnSuccess[1]/RunScript[1]/ScriptFile[1],heroes/ShadowMaster/AgilityOfShadows.lua,game/scripts/vscripts/heroes/ShadowMaster/AgilityOfShadows.lua,True,True
abilities,shaman_starfall_datadriven,game/scripts/npc/abilities/npc_lia_hero_shaman.txt,171,Modifiers[1]/starfall_regen[1]/OnIntervalThink[1]/RunScript[1]/ScriptFile[1],heroes\Shaman\starfall.lua,game/scripts/vscripts/heroes/Shaman/starfall.lua,True,True
abilities,shaman_resourcefulness,game/scripts/npc/abilities/npc_lia_hero_shaman.txt,259,ScriptFile[1],heroes\Shaman\shaman_resourcefulness.lua,game/scripts/vscripts/heroes/Shaman/shaman_resourcefulness.lua,True,True
abilities,shaman_ancient_forces,game/scripts/npc/abilities/npc_lia_hero_shaman.txt,277,ScriptFile[1],heroes/Shaman/shaman_ancient_forces.lua,game/scripts/vscripts/heroes/Shaman/shaman_ancient_forces.lua,True,True
abilities,skeleton_mage_aqua_vitae,game/scripts/npc/abilities/npc_lia_hero_skeleton_mage.txt,98,Modifiers[1]/modifier_skeleton_mage_aqua_vitae_all[1]/OnIntervalThink[1]/RunScript[1]/ScriptFile[1],heroes/SkeletonMage/aqua_vitae.lua,game/scripts/vscripts/heroes/SkeletonMage/aqua_vitae.lua,True,True
abilities,skeleton_mage_light_magic,game/scripts/npc/abilities/npc_lia_hero_skeleton_mage.txt,112,ScriptFile[1],heroes\SkeletonMage\skeleton_mage_light_magic.lua,game/scripts/vscripts/heroes/SkeletonMage/skeleton_mage_light_magic.lua,True,True
abilities,skeleton_mage_dark_magic,game/scripts/npc/abilities/npc_lia_hero_skeleton_mage.txt,174,ScriptFile[1],heroes\SkeletonMage\skeleton_mage_dark_magic.lua,game/scripts/vscripts/heroes/SkeletonMage/skeleton_mage_dark_magic.lua,True,True
abilities,skeleton_mage_death_energy,game/scripts/npc/abilities/npc_lia_hero_skeleton_mage.txt,286,Modifiers[1]/modifier_skeleton_mage_death_energy_damage[1]/OnIntervalThink[1]/RunScript[1]/ScriptFile[1],heroes/SkeletonMage/DeathEnergy.lua,game/scripts/vscripts/heroes/SkeletonMage/DeathEnergy.lua,True,True
abilities,skeleton_thief_wind_walk,game/scripts/npc/abilities/npc_lia_hero_skeleton_thief.txt,168,Modifiers[1]/modifier_skeleton_thief_wind_walk[1]/OnDestroy[1]/RunScript[1]/ScriptFile[1],heroes/SkeletonThief/WindWalk.lua,game/scripts/vscripts/heroes/SkeletonThief/WindWalk.lua,True,True
abilities,skeleton_thief_fury,game/scripts/npc/abilities/npc_lia_hero_skeleton_thief.txt,221,OnSpellStart[1]/RunScript[1]/ScriptFile[1],heroes\SkeletonThief\Fury.lua,game/scripts/vscripts/heroes/SkeletonThief/Fury.lua,True,True
abilities,skeleton_thief_shield_of_death,game/scripts/npc/abilities/npc_lia_hero_skeleton_thief.txt,262,ScriptFile[1],heroes\SkeletonThief\skeleton_thief_shield_of_death.lua,game/scripts/vscripts/heroes/SkeletonThief/skeleton_thief_shield_of_death.lua,True,True
abilities,skeleton_thief_concentration,game/scripts/npc/abilities/npc_lia_hero_skeleton_thief.txt,304,OnUpgrade[1]/RunScript[1]/ScriptFile[1],heroes/SkeletonThief/Concentration.lua,game/scripts/vscripts/heroes/SkeletonThief/Concentration.lua,True,True
abilities,skeleton_thief_concentration,game/scripts/npc/abilities/npc_lia_hero_skeleton_thief.txt,328,Modifiers[1]/modifier_skeleton_thief_concentration_attack[1]/OnAttackStart[1]/RunScript[1]/ScriptFile[1],heroes/SkeletonThief/Concentration.lua,game/scripts/vscripts/heroes/SkeletonThief/Concentration.lua,True,True
abilities,skeleton_thief_concentration,game/scripts/npc/abilities/npc_lia_hero_skeleton_thief.txt,342,Modifiers[1]/modifier_skeleton_thief_concentration_chance[1]/OnIntervalThink[1]/RunScript[1]/ScriptFile[1],heroes/SkeletonThief/Concentration.lua,game/scripts/vscripts/heroes/SkeletonThief/Concentration.lua,True,True
abilities,skeleton_thief_concentration,game/scripts/npc/abilities/npc_lia_hero_skeleton_thief.txt,352,Modifiers[1]/modifier_skeleton_thief_concentration_chance[1]/OnTakeDamage[1]/RunScript[1]/ScriptFile[1],heroes/SkeletonThief/Concentration.lua,game/scripts/vscripts/heroes/SkeletonThief/Concentration.lua,True,True
abilities,skeleton_thief_concentration,game/scripts/npc/abilities/npc_lia_hero_skeleton_thief.txt,370,Modifiers[1]/modifier_skeleton_thief_concentration_crit[1]/OnAttackLanded[1]/RunScript[1]/ScriptFile[1],heroes/SkeletonThief/Concentration.lua,game/scripts/vscripts/heroes/SkeletonThief/Concentration.lua,True,True
abilities,skeleton_thief_obsession,game/scripts/npc/abilities/npc_lia_hero_skeleton_thief.txt,381,ScriptFile[1],heroes\SkeletonThief\skeleton_thief_obsession.lua,game/scripts/vscripts/heroes/SkeletonThief/skeleton_thief_obsession.lua,True,True
abilities,speedwarden_speed_burst,game/scripts/npc/abilities/npc_lia_hero_speedwarden.txt,6,ScriptFile[1],heroes/Speedwarden/speedwarden_speed_burst.lua,game/scripts/vscripts/heroes/Speedwarden/speedwarden_speed_burst.lua,True,True
abilities,speedwarden_mad_charge,game/scripts/npc/abilities/npc_lia_hero_speedwarden.txt,40,ScriptFile[1],heroes/Speedwarden/speedwarden_mad_charge.lua,game/scripts/vscripts/heroes/Speedwarden/speedwarden_mad_charge.lua,True,True
abilities,speedwarden_time_strike,game/scripts/npc/abilities/npc_lia_hero_speedwarden.txt,61,ScriptFile[1],heroes/Speedwarden/speedwarden_time_strike.lua,game/scripts/vscripts/heroes/Speedwarden/speedwarden_time_strike.lua,True,True
abilities,speedwarden_wardens_swiftness,game/scripts/npc/abilities/npc_lia_hero_speedwarden.txt,91,ScriptFile[1],heroes/Speedwarden/speedwarden_wardens_swiftness.lua,game/scripts/vscripts/heroes/Speedwarden/speedwarden_wardens_swiftness.lua,True,True
abilities,spider_queen_killer_instinct,game/scripts/npc/abilities/npc_lia_hero_spider_queen.txt,6,ScriptFile[1],heroes/SpiderQueen/spider_queen_killer_instinct.lua,game/scripts/vscripts/heroes/SpiderQueen/spider_queen_killer_instinct.lua,True,True
abilities,spider_queen_spider_yarn,game/scripts/npc/abilities/npc_lia_hero_spider_queen.txt,35,ScriptFile[1],heroes/SpiderQueen/spider_queen_spider_yarn.lua,game/scripts/vscripts/heroes/SpiderQueen/spider_queen_spider_yarn.lua,True,True
abilities,spider_queen_infection,game/scripts/npc/abilities/npc_lia_hero_spider_queen.txt,68,ScriptFile[1],heroes/SpiderQueen/spider_queen_infection.lua,game/scripts/vscripts/heroes/SpiderQueen/spider_queen_infection.lua,True,True
abilities,spider_queen_thick_cover,game/scripts/npc/abilities/npc_lia_hero_spider_queen.txt,98,ScriptFile[1],heroes/SpiderQueen/spider_queen_thick_cover.lua,game/scripts/vscripts/heroes/SpiderQueen/spider_queen_thick_cover.lua,True,True
abilities,minotaur_thunder_strike,game/scripts/npc/abilities/npc_lia_hero_taur.txt,6,ScriptFile[1],heroes\Minotaur\minotaur_thunder_strike.lua,game/scripts/vscripts/heroes/Minotaur/minotaur_thunder_strike.lua,True,True
abilities,minotaur_fear,game/scripts/npc/abilities/npc_lia_hero_taur.txt,43,ScriptFile[1],heroes/Minotaur/minotaur_fear.lua,game/scripts/vscripts/heroes/Minotaur/minotaur_fear.lua,True,True
abilities,minotaur_demonic_power,game/scripts/npc/abilities/npc_lia_hero_taur.txt,66,ScriptFile[1],heroes/Minotaur/minotaur_demonic_power.lua,game/scripts/vscripts/heroes/Minotaur/minotaur_demonic_power.lua,True,True
abilities,minotaur_guardian_spirits,game/scripts/npc/abilities/npc_lia_hero_taur.txt,93,ScriptFile[1],heroes\Minotaur\minotaur_guardian_spirits.lua,game/scripts/vscripts/heroes/Minotaur/minotaur_guardian_spirits.lua,True,True
abilities,minotaur_guardian_spirits1,game/scripts/npc/abilities/npc_lia_hero_taur.txt,204,Modifiers[1]/modifier_minotaur_guardian_spirits[1]/OnDestroy[1]/RunScript[1]/ScriptFile[1],heroes/Minotaur/ancestral_spirits.lua,game/scripts/vscripts/heroes/Minotaur/ancestral_spirits.lua,True,True
abilities,tauren_champion_crushing_totem,game/scripts/npc/abilities/npc_lia_hero_tauren_champion.txt,6,ScriptFile[1],heroes\TaurenChampion\tauren_champion_crushing_totem.lua,game/scripts/vscripts/heroes/TaurenChampion/tauren_champion_crushing_totem.lua,True,True
abilities,tauren_champion_champions_jump,game/scripts/npc/abilities/npc_lia_hero_tauren_champion.txt,46,ScriptFile[1],heroes\TaurenChampion\tauren_champion_champions_jump.lua,game/scripts/vscripts/heroes/TaurenChampion/tauren_champion_champions_jump.lua,True,True
abilities,tauren_champion_accumulated_rage,game/scripts/npc/abilities/npc_lia_hero_tauren_champion.txt,84,ScriptFile[1],heroes\TaurenChampion\tauren_champion_accumulated_rage.lua,game/scripts/vscripts/heroes/TaurenChampion/tauren_champion_accumulated_rage.lua,True,True
abilities,tauren_champion_finish_off,game/scripts/npc/abilities/npc_lia_hero_tauren_champion.txt,116,ScriptFile[1],heroes\TaurenChampion\tauren_champion_finish_off.lua,game/scripts/vscripts/heroes/TaurenChampion/tauren_champion_finish_off.lua,True,True
abilities,time_lord_death,game/scripts/npc/abilities/npc_lia_hero_time_lord.txt,6,ScriptFile[1],heroes/TimeLord/time_lord_death.lua,game/scripts/vscripts/heroes/TimeLord/time_lord_death.lua,True,True
abilities,time_lord_timelapse,game/scripts/npc/abilities/npc_lia_hero_time_lord.txt,46,ScriptFile[1],heroes\TimeLord\time_lord_timelapse,game/scripts/vscripts/heroes/TimeLord/time_lord_timelapse.lua,True,True
abilities,time_lord_wisdom_flow,game/scripts/npc/abilities/npc_lia_hero_time_lord.txt,117,Modifiers[1]/modifier_time_lord_wisdom_flow[1]/OnCreated[1]/RunScript[1]/ScriptFile[1],heroes/TimeLord/WisdomFlow.lua,game/scripts/vscripts/heroes/TimeLord/WisdomFlow.lua,True,True
abilities,time_lord_wisdom_flow,game/scripts/npc/abilities/npc_lia_hero_time_lord.txt,126,Modifiers[1]/modifier_time_lord_wisdom_flow[1]/OnDeath[1]/RunScript[1]/ScriptFile[1],heroes/TimeLord/WisdomFlow.lua,game/scripts/vscripts/heroes/TimeLord/WisdomFlow.lua,True,True
abilities,time_lord_wisdom_flow,game/scripts/npc/abilities/npc_lia_hero_time_lord.txt,136,Modifiers[1]/modifier_time_lord_wisdom_flow[1]/OnIntervalThink[1]/RunScript[1]/ScriptFile[1],heroes/TimeLord/WisdomFlow.lua,game/scripts/vscripts/heroes/TimeLord/WisdomFlow.lua,True,True
abilities,time_lord_stop_time,game/scripts/npc/abilities/npc_lia_hero_time_lord.txt,169,OnSpellStart[1]/RunScript[1]/ScriptFile[1],heroes\TimeLord\StopTime.lua,game/scripts/vscripts/heroes/TimeLord/StopTime.lua,True,True
abilities,treant_butterfly_flock,game/scripts/npc/abilities/npc_lia_hero_treant.txt,6,ScriptFile[1],heroes/Treant/treant_butterfly_flock.lua,game/scripts/vscripts/heroes/Treant/treant_butterfly_flock.lua,True,True
abilities,treant_take_root,game/scripts/npc/abilities/npc_lia_hero_treant.txt,44,ScriptFile[1],heroes/Treant/treant_take_root.lua,game/scripts/vscripts/heroes/Treant/treant_take_root.lua,True,True
abilities,treant_craving_for_nature,game/scripts/npc/abilities/npc_lia_hero_treant.txt,86,ScriptFile[1],heroes/Treant/treant_craving_for_nature.lua,game/scripts/vscripts/heroes/Treant/treant_craving_for_nature.lua,True,True
abilities,treant_sharp_thorns,game/scripts/npc/abilities/npc_lia_hero_treant.txt,126,ScriptFile[1],heroes/Treant/treant_sharp_thorns.lua,game/scripts/vscripts/heroes/Treant/treant_sharp_thorns.lua,True,True
abilities,troll_cutthroat_boomeang_axe,game/scripts/npc/abilities/npc_lia_hero_troll_cutthroat.txt,6,ScriptFile[1],heroes/TrollCutthroat/troll_cutthroat_boomeang_axe.lua,game/scripts/vscripts/heroes/TrollCutthroat/troll_cutthroat_boomeang_axe.lua,True,True
abilities,troll_cutthroat_vulnerability,game/scripts/npc/abilities/npc_lia_hero_troll_cutthroat.txt,83,ScriptFile[1],heroes/TrollCutthroat/troll_cutthroat_vulnerability.lua,game/scripts/vscripts/heroes/TrollCutthroat/troll_cutthroat_vulnerability.lua,True,True
abilities,troll_cutthroat_enchanted_axes,game/scripts/npc/abilities/npc_lia_hero_troll_cutthroat.txt,160,OnUpgrade[1]/RunScript[1]/ScriptFile[1],heroes/TrollCutthroat/EnchantedAxes.lua,game/scripts/vscripts/heroes/TrollCutthroat/EnchantedAxes.lua,True,True
abilities,troll_cutthroat_enchanted_axes,game/scripts/npc/abilities/npc_lia_hero_troll_cutthroat.txt,175,OnSpellStart[1]/RunScript[1]/ScriptFile[1],heroes/TrollCutthroat/EnchantedAxes.lua,game/scripts/vscripts/heroes/TrollCutthroat/EnchantedAxes.lua,True,True
abilities,troll_cutthroat_enchanted_axes,game/scripts/npc/abilities/npc_lia_hero_troll_cutthroat.txt,207,Modifiers[1]/modifier_whirling_axes_melee_think_datadriven[1]/OnIntervalThink[1]/RunScript[1]/ScriptFile[1],heroes/TrollCutthroat/EnchantedAxes.lua,game/scripts/vscripts/heroes/TrollCutthroat/EnchantedAxes.lua,True,True
abilities,troll_cutthroat_enchanted_axes,game/scripts/npc/abilities/npc_lia_hero_troll_cutthroat.txt,230,Modifiers[1]/modifier_whirling_axes_melee_aura_datadriven[1]/OnCreated[1]/RunScript[1]/ScriptFile[1],heroes/TrollCutthroat/EnchantedAxes.lua,game/scripts/vscripts/heroes/TrollCutthroat/EnchantedAxes.lua,True,True
abilities,troll_cutthroat_enchanted_axes,game/scripts/npc/abilities/npc_lia_hero_troll_cutthroat.txt,255,Modifiers[1]/modifier_whirling_axes_melee_phase[1]/OnDestroy[1]/RunScript[1]/ScriptFile[1],heroes/TrollCutthroat/EnchantedAxes.lua,game/scripts/vscripts/heroes/TrollCutthroat/EnchantedAxes.lua,True,True
abilities,troll_cutthroat_battle_trance,game/scripts/npc/abilities/npc_lia_hero_troll_cutthroat.txt,266,ScriptFile[1],heroes\TrollCutthroat\troll_cutthroat_battle_trance.lua,game/scripts/vscripts/heroes/TrollCutthroat/troll_cutthroat_battle_trance.lua,True,True
abilities,valkyrie_rage,game/scripts/npc/abilities/npc_lia_hero_valkyrie.txt,6,ScriptFile[1],heroes\Valkyrie\valkyrie_rage.lua,game/scripts/vscripts/heroes/Valkyrie/valkyrie_rage.lua,True,True
abilities,valkyrie_true_hit,game/scripts/npc/abilities/npc_lia_hero_valkyrie.txt,195,Modifiers[1]/modifier_true_hit[1]/OnAttackStart[1]/RunScript[1]/ScriptFile[1],heroes/Valkyrie/TrueHit.lua,game/scripts/vscripts/heroes/Valkyrie/TrueHit.lua,True,True
abilities,valkyrie_agility,game/scripts/npc/abilities/npc_lia_hero_valkyrie.txt,215,ScriptFile[1],heroes/Valkyrie/valkyrie_agility.lua,game/scripts/vscripts/heroes/Valkyrie/valkyrie_agility.lua,True,True
abilities,vampire_life_drain,game/scripts/npc/abilities/npc_lia_hero_vampire.txt,55,OnSpellStart[1]/RunScript[1]/ScriptFile[1],heroes/Vampire/LifeDrain.lua,game/scripts/vscripts/heroes/Vampire/LifeDrain.lua,True,True
abilities,vampire_life_drain,game/scripts/npc/abilities/npc_lia_hero_vampire.txt,92,Modifiers[1]/modifier_vampire_life_drain[1]/OnIntervalThink[1]/RunScript[1]/ScriptFile[1],heroes/Vampire/LifeDrain.lua,game/scripts/vscripts/heroes/Vampire/LifeDrain.lua,True,True
abilities,vampire_lifesteal,game/scripts/npc/abilities/npc_lia_hero_vampire.txt,111,ScriptFile[1],heroes\Vampire\vampire_lifesteal.lua,game/scripts/vscripts/heroes/Vampire/vampire_lifesteal.lua,True,True
abilities,vampire_thirst,game/scripts/npc/abilities/npc_lia_hero_vampire.txt,160,Modifiers[1]/modifier_vampire_thirst[1]/OnIntervalThink[1]/RunScript[1]/ScriptFile[1],heroes\Vampire\Thirst.lua,game/scripts/vscripts/heroes/Vampire/Thirst.lua,True,True
abilities,vampire_transformation,game/scripts/npc/abilities/npc_lia_hero_vampire.txt,263,OnSpellStart[1]/RunScript[1]/ScriptFile[1],heroes/Vampire/Transformation.lua,game/scripts/vscripts/heroes/Vampire/Transformation.lua,True,True
abilities,vampire_transformation,game/scripts/npc/abilities/npc_lia_hero_vampire.txt,291,Modifiers[1]/modifier_vampire_transformation[1]/OnCreated[1]/RunScript[1]/ScriptFile[1],heroes/Vampire/Transformation.lua,game/scripts/vscripts/heroes/Vampire/Transformation.lua,True,True
abilities,vampire_transformation,game/scripts/npc/abilities/npc_lia_hero_vampire.txt,323,Modifiers[1]/modifier_vampire_transformation[1]/OnOrbImpact[1]/RunScript[1]/ScriptFile[1],heroes/Vampire/Transformation.lua,game/scripts/vscripts/heroes/Vampire/Transformation.lua,True,True
abilities,vampire_transformation,game/scripts/npc/abilities/npc_lia_hero_vampire.txt,340,Modifiers[1]/modifier_vampire_transformation[1]/OnDestroy[1]/RunScript[1]/ScriptFile[1],heroes/Vampire/Transformation.lua,game/scripts/vscripts/heroes/Vampire/Transformation.lua,True,True
abilities,vowen_from_blood_steal_blood,game/scripts/npc/abilities/npc_lia_hero_vowen_from_blood.txt,6,ScriptFile[1],heroes\VowenFromBlood\vowen_from_blood_steal_blood.lua,game/scripts/vscripts/heroes/VowenFromBlood/vowen_from_blood_steal_blood.lua,True,True
abilities,vowen_from_blood_spiritual_flame,game/scripts/npc/abilities/npc_lia_hero_vowen_from_blood.txt,60,ScriptFile[1],heroes\VowenFromBlood\vowen_from_blood_spiritual_flame.lua,game/scripts/vscripts/heroes/VowenFromBlood/vowen_from_blood_spiritual_flame.lua,True,True
abilities,vowen_from_blood_soul_burn,game/scripts/npc/abilities/npc_lia_hero_vowen_from_blood.txt,153,OnSpellStart[1]/RunScript[1]/ScriptFile[1],heroes\VowenFromBlood\SoulBurn.lua,game/scripts/vscripts/heroes/VowenFromBlood/SoulBurn.lua,True,True
abilities,walking_dead_decay,game/scripts/npc/abilities/npc_lia_hero_walking_dead.txt,6,ScriptFile[1],heroes/WalkingDead/walking_dead_decay.lua,game/scripts/vscripts/heroes/WalkingDead/walking_dead_decay.lua,True,True
abilities,walking_dead_rot_curse,game/scripts/npc/abilities/npc_lia_hero_walking_dead.txt,56,ScriptFile[1],heroes/WalkingDead/walking_dead_rot_curse.lua,game/scripts/vscripts/heroes/WalkingDead/walking_dead_rot_curse.lua,True,True
abilities,walking_dead_vitality,game/scripts/npc/abilities/npc_lia_hero_walking_dead.txt,93,ScriptFile[1],heroes\WalkingDead\walking_dead_vitality.lua,game/scripts/vscripts/heroes/WalkingDead/walking_dead_vitality.lua,True,True
abilities,walking_dead_cemetery_power,game/scripts/npc/abilities/npc_lia_hero_walking_dead.txt,119,ScriptFile[1],heroes\WalkingDead\walking_dead_cemetery_power.lua,game/scripts/vscripts/heroes/WalkingDead/walking_dead_cemetery_power.lua,True,True
abilities,wanderer_cancel_standard_aura,game/scripts/npc/abilities/npc_lia_hero_wanderer.txt,23,Modifiers[1]/modifier_wanderer_cancel_standard_aura[1]/OnCreated[1]/RunScript[1]/ScriptFile[1],heroes\Wanderer\cancel_standard_aura.lua,game/scripts/vscripts/heroes/Wanderer/cancel_standard_aura.lua,True,True
abilities,wanderer_cancel_standard_aura,game/scripts/npc/abilities/npc_lia_hero_wanderer.txt,33,Modifiers[1]/modifier_wanderer_cancel_standard_aura[1]/OnIntervalThink[1]/RunScript[1]/ScriptFile[1],heroes\Wanderer\cancel_standard_aura.lua,game/scripts/vscripts/heroes/Wanderer/cancel_standard_aura.lua,True,True
abilities,wanderer_spirit_of_the_plains,game/scripts/npc/abilities/npc_lia_hero_wanderer.txt,83,OnSpellStart[1]/RunScript[1]/ScriptFile[1],heroes\Wanderer\spirit.lua,game/scripts/vscripts/heroes/Wanderer/spirit.lua,True,True
abilities,wanderer_the_flow_of_life,game/scripts/npc/abilities/npc_lia_hero_wanderer.txt,100,ScriptFile[1],heroes\Wanderer\wanderer_the_flow_of_life.lua,game/scripts/vscripts/heroes/Wanderer/wanderer_the_flow_of_life.lua,True,True
abilities,wanderer_arcane_aura,game/scripts/npc/abilities/npc_lia_hero_wanderer.txt,150,ScriptFile[1],heroes/Wanderer/wanderer_arcane_aura.lua,game/scripts/vscripts/heroes/Wanderer/wanderer_arcane_aura.lua,True,True
abilities,wanderer_ghosts,game/scripts/npc/abilities/npc_lia_hero_wanderer.txt,185,ScriptFile[1],heroes\Wanderer\wanderer_ghosts.lua,game/scripts/vscripts/heroes/Wanderer/wanderer_ghosts.lua,True,True
abilities,warlock_storm,game/scripts/npc/abilities/npc_lia_hero_warlock.txt,6,ScriptFile[1],heroes/Warlock/warlock_storm.lua,game/scripts/vscripts/heroes/Warlock/warlock_storm.lua,True,True
abilities,warlock_sacrifice,game/scripts/npc/abilities/npc_lia_hero_warlock.txt,107,Modifiers[1]/modifier_sacrifice[1]/OnIntervalThink[1]/RunScript[1]/ScriptFile[1],heroes/Warlock/sacrifice.lua,game/scripts/vscripts/heroes/Warlock/sacrifice.lua,True,True
abilities,warlock_magic_splash,game/scripts/npc/abilities/npc_lia_hero_warlock.txt,185,Modifiers[1]/modifier_magic_splash[1]/OnAbilityExecuted[1]/RunScript[1]/ScriptFile[1],heroes\Warlock\MagicSplash.lua,game/scripts/vscripts/heroes/Warlock/magicSplash.lua,False,True
abilities,warlock_firestorm,game/scripts/npc/abilities/npc_lia_hero_warlock.txt,196,ScriptFile[1],heroes/Warlock/warlock_firestorm.lua,game/scripts/vscripts/heroes/Warlock/warlock_firestorm.lua,True,True
abilities,warrior_of_light_will_light,game/scripts/npc/abilities/npc_lia_hero_warrior_of_light.txt,92,ScriptFile[1],heroes\WarriorOfLight\warrior_of_light_will_light.lua,game/scripts/vscripts/heroes/WarriorOfLight/warrior_of_light_will_light.lua,True,True
abilities,warrior_of_light_holy_power,game/scripts/npc/abilities/npc_lia_hero_warrior_of_light.txt,116,ScriptFile[1],heroes/WarriorOfLight/warrior_of_light_holy_power.lua,game/scripts/vscripts/heroes/WarriorOfLight/warrior_of_light_holy_power.lua,True,True
abilities,witch_doctor_negative_energy,game/scripts/npc/abilities/npc_lia_hero_witch_doctor.txt,6,ScriptFile[1],heroes/WitchDoctor/witch_doctor_negative_energy.lua,game/scripts/vscripts/heroes/WitchDoctor/witch_doctor_negative_energy.lua,True,True
abilities,witch_doctor_frost_armor,game/scripts/npc/abilities/npc_lia_hero_witch_doctor.txt,49,ScriptFile[1],heroes/WitchDoctor/witch_doctor_frost_armor.lua,game/scripts/vscripts/heroes/WitchDoctor/witch_doctor_frost_armor.lua,True,True
abilities,witch_doctor_discharge,game/scripts/npc/abilities/npc_lia_hero_witch_doctor.txt,179,OnSpellStart[1]/RunScript[1]/ScriptFile[1],heroes/WitchDoctor/Discharge.lua,game/scripts/vscripts/heroes/WitchDoctor/Discharge.lua,True,True
abilities,witch_doctor_regeneration,game/scripts/npc/abilities/npc_lia_hero_witch_doctor.txt,223,OnSpellStart[1]/RunScript[1]/ScriptFile[1],heroes/WitchDoctor/Regeneration.lua,game/scripts/vscripts/heroes/WitchDoctor/Regeneration.lua,True,True
abilities,doom_spawn_cripple,game/scripts/npc/abilities/purchasable_units_skills.txt,94,OnSpellStart[1]/RunScript[1]/ScriptFile[1],abilities/Cripple.lua,game/scripts/vscripts/abilities/Cripple.lua,True,True
abilities,hell_beast_sleep,game/scripts/npc/abilities/purchasable_units_skills.txt,292,ScriptFile[1],abilities\hell_beast_sleep.lua,game/scripts/vscripts/abilities/hell_beast_sleep.lua,True,True
abilities,troll_healer_heal,game/scripts/npc/abilities/purchasable_units_skills.txt,453,OnSpellStart[1]/RunScript[1]/ScriptFile[1],abilities/TrollHealer.lua,game/scripts/vscripts/abilities/TrollHealer.lua,True,True
abilities,shadow_return_to_owner,game/scripts/npc/abilities/shadow_abilities.txt,23,OnOwnerDied[1]/RunScript[1]/ScriptFile[1],heroes\ShadowMaster\ReturnToOwner.lua,game/scripts/vscripts/heroes/ShadowMaster/ReturnToOwner.lua,True,True
abilities,shadow_return_to_owner,game/scripts/npc/abilities/shadow_abilities.txt,33,OnSpellStart[1]/RunScript[1]/ScriptFile[1],heroes\ShadowMaster\ReturnToOwner.lua,game/scripts/vscripts/heroes/ShadowMaster/ReturnToOwner.lua,True,True
abilities,shadow_shadow_mastery,game/scripts/npc/abilities/shadow_abilities.txt,62,Modifiers[1]/modifier_shadow_mastery[1]/OnAttackLanded[1]/RunScript[1]/ScriptFile[1],heroes/ShadowMaster/ShadowMastery.lua,game/scripts/vscripts/heroes/ShadowMaster/ShadowMastery.lua,True,True
abilities,stats_bonus_fix,game/scripts/npc/abilities/stats_bonus_fix.txt,6,ScriptFile[1],heroes\stats_bonus_fix.lua,,False,True
abilities,spirit_of_the_plains_fog,game/scripts/npc/abilities/wanderer_abilities.txt,58,Modifiers[1]/modifier_cloud_thinker[1]/OnCreated[1]/RunScript[1]/ScriptFile[1],heroes\Wanderer\fog.lua,game/scripts/vscripts/heroes/Wanderer/fog.lua,True,True
items,item_lia_alanith_spear,game/scripts/npc/items/item_lia_alanith_spear.txt,28,ScriptFile[1],items/item_lia_alanith_spear,game/scripts/vscripts/items/item_lia_alanith_spear.lua,True,True
items,item_lia_amulet_of_spell_shield,game/scripts/npc/items/item_lia_amulet_of_spell_shield.txt,36,Modifiers[1]/modifier_item_lia_amulet_of_spell_shield[1]/OnCreated[1]/RunScript[1]/ScriptFile[1],items/SpellShield.lua,game/scripts/vscripts/items/SpellShield.lua,True,True
items,item_lia_amulet_of_spell_shield,game/scripts/npc/items/item_lia_amulet_of_spell_shield.txt,46,Modifiers[1]/modifier_item_lia_amulet_of_spell_shield[1]/OnDestroy[1]/RunScript[1]/ScriptFile[1],items/SpellShield.lua,game/scripts/vscripts/items/SpellShield.lua,True,True
items,item_lia_amulet_of_spell_shield,game/scripts/npc/items/item_lia_amulet_of_spell_shield.txt,60,Modifiers[1]/modifier_item_lia_amulet_of_spell_shield[1]/OnIntervalThink[1]/RunScript[1]/ScriptFile[1],items/SpellShield.lua,game/scripts/vscripts/items/SpellShield.lua,True,True
items,item_lia_anti_magic_potion,game/scripts/npc/items/item_lia_anti_magic_potion.txt,45,OnSpellStart[1]/RunScript[1]/ScriptFile[1],items\AntimagicPotion.lua,game/scripts/vscripts/items/AntimagicPotion.lua,True,True
items,item_lia_armor_of_the_red_mist,game/scripts/npc/items/item_lia_armor_of_the_red_mist.txt,25,ScriptFile[1],items\item_lia_armor_of_the_red_mist.lua,game/scripts/vscripts/items/item_lia_armor_of_the_red_mist.lua,True,True
items,item_lia_banner_of_victory,game/scripts/npc/items/item_lia_banner_of_victory.txt,26,ScriptFile[1],items\item_lia_banner_of_victory.lua,game/scripts/vscripts/items/item_lia_banner_of_victory.lua,True,True
items,item_lia_battle_axe,game/scripts/npc/items/item_lia_battle_axe.txt,73,Modifiers[1]/modifier_item_lia_battle_axe[1]/OnAttackLanded[1]/Random[1]/OnSuccess[1]/RunScript[1]/ScriptFile[1],items\BattleAxe.lua,game/scripts/vscripts/items/BattleAxe.lua,True,True
items,item_lia_battle_javelin,game/scripts/npc/items/item_lia_battle_javelin.txt,26,ScriptFile[1],items\item_lia_battle_javelin.lua,game/scripts/vscripts/items/item_lia_battle_javelin.lua,True,True
items,item_lia_blade_of_incorporeality,game/scripts/npc/items/item_lia_blade_of_incorporeality.txt,26,ScriptFile[1],items\item_lia_blade_of_incorporeality.lua,game/scripts/vscripts/items/item_lia_blade_of_incorporeality.lua,True,True
items,item_lia_blood_blade,game/scripts/npc/items/item_lia_blood_blade.txt,28,ScriptFile[1],items/item_lia_blood_blade,game/scripts/vscripts/items/item_lia_blood_blade.lua,True,True
items,item_lia_blood_moon,game/scripts/npc/items/item_lia_blood_moon.txt,27,ScriptFile[1],items\item_lia_blood_moon.lua,game/scripts/vscripts/items/item_lia_blood_moon.lua,True,True
items,item_lia_boar,game/scripts/npc/items/item_lia_boar.txt,33,OnSpellStart[1]/RunScript[1]/ScriptFile[1],items\Boar.lua,game/scripts/vscripts/items/Boar.lua,True,True
items,item_lia_book_of_the_dead,game/scripts/npc/items/item_lia_book_of_the_dead.txt,35,OnSpellStart[1]/RunScript[1]/ScriptFile[1],items\BookOfTheDeath.lua,game/scripts/vscripts/items/BookOfTheDeath.lua,True,True
items,item_lia_boots_of_invisibility,game/scripts/npc/items/item_lia_boots_of_invisibility.txt,27,ScriptFile[1],items\item_lia_boots_of_invisibility.lua,game/scripts/vscripts/items/item_lia_boots_of_invisibility.lua,True,True
items,item_lia_bounty_hunters_crossbow,game/scripts/npc/items/item_lia_bounty_hunters_crossbow.txt,26,ScriptFile[1],items\item_lia_bounty_hunters_crossbow.lua,game/scripts/vscripts/items/item_lia_bounty_hunters_crossbow.lua,True,True
items,item_lia_crown_of_death,game/scripts/npc/items/item_lia_crown_of_death.txt,49,OnSpellStart[1]/RunScript[1]/ScriptFile[1],items/item_crown_of_death.lua,game/scripts/vscripts/items/item_crown_of_death.lua,True,True
items,item_lia_crusher,game/scripts/npc/items/item_lia_crusher.txt,71,OnSpellStart[1]/RunScript[1]/ScriptFile[1],items/Crusher.lua,game/scripts/vscripts/items/Crusher.lua,True,True
items,item_lia_crusher,game/scripts/npc/items/item_lia_crusher.txt,111,Modifiers[1]/modifier_item_lia_crusher[1]/OnAttackStart[1]/Random[1]/OnSuccess[1]/RunScript[1]/ScriptFile[1],items/Crusher.lua,game/scripts/vscripts/items/Crusher.lua,True,True
items,item_lia_crusher,game/scripts/npc/items/item_lia_crusher.txt,147,Modifiers[1]/modifier_item_lia_crusher_accuracy[1]/OnAttackLanded[1]/RunScript[1]/ScriptFile[1],items/Crusher.lua,game/scripts/vscripts/items/Crusher.lua,True,True
items,item_lia_demonic_figurine,game/scripts/npc/items/item_lia_demonic_figure.txt,40,OnSpellStart[1]/SpawnUnit[1]/Target[1]/ScriptSelectPoints[1]/ScriptFile[1],abilities/SummonLocation.lua,game/scripts/vscripts/abilities/SummonLocation.lua,True,True
items,item_lia_divine_armor,game/scripts/npc/items/item_lia_divine_armor.txt,40,OnEquip[1]/RunScript[1]/ScriptFile[1],items\onlyone.lua,game/scripts/vscripts/items/onlyone.lua,True,True
items,item_lia_enchanted_shield,game/scripts/npc/items/item_lia_enchanted_shield.txt,44,ScriptFile[1],items\item_lia_enchanted_shield.lua,game/scripts/vscripts/items/item_lia_enchanted_shield.lua,True,True
items,item_lia_enchanted_shield_2,game/scripts/npc/items/item_lia_enchanted_shield.txt,76,ScriptFile[1],items\item_lia_enchanted_shield.lua,game/scripts/vscripts/items/item_lia_enchanted_shield.lua,True,True
items,item_lia_ferus_shield,game/scripts/npc/items/item_lia_ferus_shield.txt,27,ScriptFile[1],items\item_lia_ferus_shield.lua,game/scripts/vscripts/items/item_lia_ferus_shield.lua,True,True
items,item_lia_fire_gloves,game/scripts/npc/items/item_lia_fire_gloves.txt,44,ScriptFile[1],items\item_lia_fire_gloves.lua,game/scripts/vscripts/items/item_lia_fire_gloves.lua,True,True
items,item_lia_fire_gloves_2,game/scripts/npc/items/item_lia_fire_gloves.txt,90,ScriptFile[1],items\item_lia_fire_gloves.lua,game/scripts/vscripts/items/item_lia_fire_gloves.lua,True,True
items,item_lia_fire_rod,game/scripts/npc/items/item_lia_fire_rod.txt,27,ScriptFile[1],items/item_lia_fire_rod,game/scripts/vscripts/items/item_lia_fire_rod.lua,True,True
items,item_lia_ghost_blade,game/scripts/npc/items/item_lia_ghost_blade.txt,79,Modifiers[1]/modifier_item_lia_ghost_blade[1]/OnAttackLanded[1]/Random[1]/OnSuccess[1]/RunScript[1]/ScriptFile[1],items\BattleAxe.lua,game/scripts/vscripts/items/BattleAxe.lua,True,True
items,item_lia_glove_of_pain,game/scripts/npc/items/item_lia_glove_of_pain.txt,141,Modifiers[1]/modifier_heavenly_punishment[1]/OnIntervalThink[1]/RunScript[1]/ScriptFile[1],items/GloveOfPain.lua,game/scripts/vscripts/items/GloveOfPain.lua,True,True
items,item_lia_hammer,game/scripts/npc/items/item_lia_hammer.txt,77,Modifiers[1]/modifier_item_lia_hammer[1]/OnAttackLanded[1]/Random[1]/OnSuccess[1]/RunScript[1]/ScriptFile[1],items\Hammer.lua,game/scripts/vscripts/items/Hammer.lua,True,True
items,item_lia_hammer_of_titans,game/scripts/npc/items/item_lia_hammer_of_titans.txt,27,ScriptFile[1],items\item_lia_hammer_of_titans.lua,game/scripts/vscripts/items/item_lia_hammer_of_titans.lua,True,True
items,item_lia_healing_ward,game/scripts/npc/items/item_lia_healing_ward.txt,6,ScriptFile[1],items\item_lia_healing_ward.lua,game/scripts/vscripts/items/item_lia_healing_ward.lua,True,True
items,item_lia_healing_ward,game/scripts/npc/items/item_lia_healing_ward.txt,37,OnSpellStart[1]/RunScript[1]/ScriptFile[1],items\HealingWard.lua,game/scripts/vscripts/items/HealingWard.lua,True,True
items,item_lia_health_elixir,game/scripts/npc/items/item_lia_health_elixir.txt,8,ScriptFile[1],items\item_lia_health_elixir.lua,game/scripts/vscripts/items/item_lia_health_elixir.lua,True,True
items,item_lia_health_stone_potion,game/scripts/npc/items/item_lia_health_stone_potion.txt,8,ScriptFile[1],items\item_lia_health_stone_potion.lua,game/scripts/vscripts/items/item_lia_health_stone_potion.lua,True,True
items,item_lia_hell_mask,game/scripts/npc/items/item_lia_hell_mask.txt,44,OnSpellStart[1]/RunScript[1]/ScriptFile[1],items\HellMask.lua,game/scripts/vscripts/items/HellMask.lua,True,True
items,item_lia_huge_axe,game/scripts/npc/items/item_lia_huge_axe.txt,27,ScriptFile[1],items\item_lia_huge_axe.lua,game/scripts/vscripts/items/item_lia_huge_axe.lua,True,True
items,item_lia_hyper_boots,game/scripts/npc/items/item_lia_hyper_boots.txt,27,ScriptFile[1],items\item_lia_hyper_boots.lua,game/scripts/vscripts/items/item_lia_hyper_boots.lua,True,True
items,item_lia_hyper_boots_old,game/scripts/npc/items/item_lia_hyper_boots.txt,102,OnAbilityPhaseStart[1]/RunScript[1]/ScriptFile[1],items/HyperBoots.lua,game/scripts/vscripts/items/HyperBoots.lua,True,True
items,item_lia_hyper_boots_old,game/scripts/npc/items/item_lia_hyper_boots.txt,117,OnSpellStart[1]/RunScript[1]/ScriptFile[1],items/HyperBoots.lua,game/scripts/vscripts/items/HyperBoots.lua,True,True
items,item_lia_hyper_boots_old,game/scripts/npc/items/item_lia_hyper_boots.txt,129,OnSpellStart[1]/ApplyMotionController[1]/ScriptFile[1],items/HyperBoots.lua,game/scripts/vscripts/items/HyperBoots.lua,True,True
items,item_lia_ice_sword,game/scripts/npc/items/item_lia_ice_sword.txt,27,ScriptFile[1],items/item_lia_ice_sword,game/scripts/vscripts/items/item_lia_ice_sword.lua,True,True
items,item_lia_knight_cuirass,game/scripts/npc/items/item_lia_knight_cuirass.txt,27,ScriptFile[1],items\item_lia_knight_cuirass.lua,game/scripts/vscripts/items/item_lia_knight_cuirass.lua,True,True
items,item_lia_knight_shield,game/scripts/npc/items/item_lia_knight_shield.txt,27,ScriptFile[1],items\item_lia_knight_shield.lua,game/scripts/vscripts/items/item_lia_knight_shield.lua,True,True
items,item_lia_lightning_bow,game/scripts/npc/items/item_lia_lightning_bow.txt,147,Modifiers[1]/item_lighting_bow_heaven_wrath_modifier[1]/OnIntervalThink[1]/RunScript[1]/ScriptFile[1],items\LightningBow.lua,game/scripts/vscripts/items/LightningBow.lua,True,True
items,item_lia_lightning_spear,game/scripts/npc/items/item_lia_lightning_spear.txt,69,OnSpellStart[1]/RunScript[1]/ScriptFile[1],items/LightningSpear.lua,game/scripts/vscripts/items/LightningSpear.lua,True,True
items,item_lia_lunar_necklace,game/scripts/npc/items/item_lia_lunar_necklace.txt,27,ScriptFile[1],items\item_lia_lunar_necklace.lua,game/scripts/vscripts/items/item_lia_lunar_necklace.lua,True,True
items,item_lia_magician_armor,game/scripts/npc/items/item_lia_magician_armor.txt,27,ScriptFile[1],items\item_lia_magician_armor.lua,game/scripts/vscripts/items/item_lia_magician_armor.lua,True,True
items,item_lia_mana_elixir,game/scripts/npc/items/item_lia_mana_elixir.txt,7,ScriptFile[1],items\item_lia_mana_elixir.lua,game/scripts/vscripts/items/item_lia_mana_elixir.lua,True,True
items,item_lia_mana_stone_potion,game/scripts/npc/items/item_lia_mana_stone_potion.txt,7,ScriptFile[1],items\item_lia_mana_stone_potion.lua,game/scripts/vscripts/items/item_lia_mana_stone_potion.lua,True,True
items,item_lia_mask_of_death,game/scripts/npc/items/item_lia_mask_of_death.txt,7,ScriptFile[1],items/item_lia_mask_of_death,game/scripts/vscripts/items/item_lia_mask_of_death.lua,True,True
items,item_lia_mithril_armor,game/scripts/npc/items/item_lia_mithril_armor.txt,26,ScriptFile[1],items\item_lia_mithril_armor.lua,game/scripts/vscripts/items/item_lia_mithril_armor.lua,True,True
items,item_lia_orb_of_fire,game/scripts/npc/items/item_lia_orb_of_fire.txt,6,ScriptFile[1],items/item_lia_orb_of_fire,game/scripts/vscripts/items/item_lia_orb_of_fire.lua,True,True
items,item_lia_orb_of_frost,game/scripts/npc/items/item_lia_orb_of_frost.txt,27,ScriptFile[1],items/item_lia_orb_of_frost,game/scripts/vscripts/items/item_lia_orb_of_frost.lua,True,True
items,item_lia_potion_of_invisibility,game/scripts/npc/items/item_lia_potion_of_invisibility.txt,113,Modifiers[1]/modifier_lia_potion_of_invisibility_windwalk[1]/OnDestroy[1]/RunScript[1]/ScriptFile[1],heroes/TrollCutthroat/EnchantedAxes.lua,game/scripts/vscripts/heroes/TrollCutthroat/EnchantedAxes.lua,True,True
items,item_lia_potion_of_invulnerability,game/scripts/npc/items/item_lia_potion_of_invulnerability.txt,42,OnSpellStart[1]/RunScript[1]/ScriptFile[1],items\PotionOfInvulnerability.lua,game/scripts/vscripts/items/PotionOfInvulnerability.lua,True,True
items,item_lia_pure_light,game/scripts/npc/items/item_lia_pure_light.txt,27,ScriptFile[1],items\item_lia_pure_light.lua,game/scripts/vscripts/items/item_lia_pure_light.lua,True,True
items,item_lia_blade_of_rage_agi,game/scripts/npc/items/item_lia_rage_sword_agi.txt,27,ScriptFile[1],items\item_lia_blade_of_rage_agi.lua,game/scripts/vscripts/items/item_lia_blade_of_rage_agi.lua,True,True
items,item_lia_blade_of_rage_int,game/scripts/npc/items/item_lia_rage_sword_int.txt,27,ScriptFile[1],items\item_lia_blade_of_rage_int.lua,game/scripts/vscripts/items/item_lia_blade_of_rage_int.lua,True,True
items,item_lia_blade_of_rage_str,game/scripts/npc/items/item_lia_rage_sword_str.txt,27,ScriptFile[1],items\item_lia_blade_of_rage_str.lua,game/scripts/vscripts/items/item_lia_blade_of_rage_str.lua,True,True
items,item_lia_rune_gold,game/scripts/npc/items/item_lia_rune_gold.txt,31,OnSpellStart[1]/RunScript[1]/ScriptFile[1],items\runes.lua,game/scripts/vscripts/items/runes.lua,True,True
items,item_lia_rune_lumber,game/scripts/npc/items/item_lia_rune_lumber.txt,31,OnSpellStart[1]/RunScript[1]/ScriptFile[1],items\runes.lua,game/scripts/vscripts/items/runes.lua,True,True
items,item_lia_rune_of_agility,game/scripts/npc/items/item_lia_rune_of_agility.txt,38,OnSpellStart[1]/RunScript[1]/ScriptFile[1],items\runes.lua,game/scripts/vscripts/items/runes.lua,True,True
items,item_lia_rune_of_intellect,game/scripts/npc/items/item_lia_rune_of_intellect.txt,38,OnSpellStart[1]/RunScript[1]/ScriptFile[1],items\runes.lua,game/scripts/vscripts/items/runes.lua,True,True
items,item_lia_rune_of_luck,game/scripts/npc/items/item_lia_rune_of_luck.txt,32,OnSpellStart[1]/RunScript[1]/ScriptFile[1],items\runes.lua,game/scripts/vscripts/items/runes.lua,True,True
items,item_lia_rune_of_mana,game/scripts/npc/items/item_lia_rune_of_mana.txt,49,OnSpellStart[1]/ActOnTargets[1]/Action[1]/RunScript[1]/ScriptFile[1],items/mana.lua,game/scripts/vscripts/items/mana.lua,True,True
items,item_lia_rune_of_protection,game/scripts/npc/items/item_lia_rune_of_protection.txt,34,OnSpellStart[1]/RunScript[1]/ScriptFile[1],items\runes.lua,game/scripts/vscripts/items/runes.lua,True,True
items,item_lia_rune_of_restoration,game/scripts/npc/items/item_lia_rune_of_restoration.txt,51,OnSpellStart[1]/ActOnTargets[1]/Action[1]/RunScript[1]/ScriptFile[1],items/mana.lua,game/scripts/vscripts/items/mana.lua,True,True
items,item_lia_rune_of_strength,game/scripts/npc/items/item_lia_rune_of_strength.txt,39,OnSpellStart[1]/RunScript[1]/ScriptFile[1],items\runes.lua,game/scripts/vscripts/items/runes.lua,True,True
items,item_lia_staff_of_power,game/scripts/npc/items/item_lia_scepter_of_power.txt,65,Modifiers[1]/modifier_item_lia_scepter_of_power[1]/OnCreated[1]/RunScript[1]/ScriptFile[1],items/ScepterOfPower.lua,game/scripts/vscripts/items/ScepterOfPower.lua,True,True
items,item_lia_staff_of_power,game/scripts/npc/items/item_lia_scepter_of_power.txt,75,Modifiers[1]/modifier_item_lia_scepter_of_power[1]/OnDestroy[1]/RunScript[1]/ScriptFile[1],items/ScepterOfPower.lua,game/scripts/vscripts/items/ScepterOfPower.lua,True,True
items,item_lia_staff_of_power,game/scripts/npc/items/item_lia_scepter_of_power.txt,89,Modifiers[1]/modifier_item_lia_scepter_of_power[1]/OnIntervalThink[1]/RunScript[1]/ScriptFile[1],items/ScepterOfPower.lua,game/scripts/vscripts/items/ScepterOfPower.lua,True,True
items,item_lia_scroll_of_restoration,game/scripts/npc/items/item_lia_scroll_of_restoration.txt,60,OnSpellStart[1]/ActOnTargets[1]/Action[1]/RunScript[1]/ScriptFile[1],items/mana.lua,game/scripts/vscripts/items/mana.lua,True,True
items,item_lia_seal_of_power_shop,game/scripts/npc/items/item_lia_seal_of_power.txt,25,ScriptFile[1],items/SealOfPower.lua,game/scripts/vscripts/items/SealOfPower.lua,True,True
items,item_lia_shield_of_death,game/scripts/npc/items/item_lia_shield_of_death.txt,69,OnSpellStart[1]/RunScript[1]/ScriptFile[1],items/shield_of_death.lua,game/scripts/vscripts/items/shield_of_death.lua,True,True
items,item_lia_spellbreaker,game/scripts/npc/items/item_lia_spellbreaker.txt,27,ScriptFile[1],items\item_lia_spellbreaker.lua,game/scripts/vscripts/items/item_lia_spellbreaker.lua,True,True
items,item_ultimate_scepter,game/scripts/npc/items/item_lia_spherical_staff.txt,27,ScriptFile[1],items\item_lia_spherical_staff.lua,game/scripts/vscripts/items/item_lia_spherical_staff.lua,True,True
items,item_lia_spider_ring,game/scripts/npc/items/item_lia_spider_ring.txt,6,ScriptFile[1],items/item_lia_spider_ring.lua,game/scripts/vscripts/items/item_lia_spider_ring.lua,True,True
items,item_lia_staff_of_help,game/scripts/npc/items/item_lia_staff_of_help.txt,98,OnSpellStart[1]/RunScript[1]/ScriptFile[1],items/StaffOfHelp.lua,game/scripts/vscripts/items/StaffOfHelp.lua,True,True
items,item_lia_staff_of_help_2,game/scripts/npc/items/item_lia_staff_of_help.txt,191,OnSpellStart[1]/RunScript[1]/ScriptFile[1],items/StaffOfHelp.lua,game/scripts/vscripts/items/StaffOfHelp.lua,True,True
items,item_lia_staff_of_illusions,game/scripts/npc/items/item_lia_staff_of_illusions.txt,49,OnSpellStart[1]/RunScript[1]/ScriptFile[1],items\StaffOfIllusions,game/scripts/vscripts/items/StaffOfIllusions.lua,True,True
items,item_lia_staff_of_life,game/scripts/npc/items/item_lia_staff_of_life.txt,27,ScriptFile[1],items\item_lia_staff_of_life.lua,game/scripts/vscripts/items/item_lia_staff_of_life.lua,True,True
items,item_lia_staff_of_light,game/scripts/npc/items/item_lia_staff_of_light.txt,56,OnSpellStart[1]/RunScript[1]/ScriptFile[1],items\StaffOfLight.lua,game/scripts/vscripts/items/StaffOfLight.lua,True,True
items,item_lia_staff_of_light,game/scripts/npc/items/item_lia_staff_of_light.txt,151,Modifiers[1]/item_staff_of_light_ability_damage_modifier[1]/OnDestroy[1]/RunScript[1]/ScriptFile[1],items\StaffOfLight.lua,game/scripts/vscripts/items/StaffOfLight.lua,True,True
items,item_lia_staff_of_light,game/scripts/npc/items/item_lia_staff_of_light.txt,164,Modifiers[1]/item_staff_of_light_aura_modifier[1]/OnIntervalThink[1]/RunScript[1]/ScriptFile[1],items\StaffOfLight.lua,game/scripts/vscripts/items/StaffOfLight.lua,True,True
items,item_lia_sword_of_solidarity,game/scripts/npc/items/item_lia_sword_of_solidarity.txt,67,OnSpellStart[1]/RunScript[1]/ScriptFile[1],items/SwordOfSolidarity.lua,game/scripts/vscripts/items/SwordOfSolidarity.lua,True,True
items,item_lia_sword_of_solidarity_2,game/scripts/npc/items/item_lia_sword_of_solidarity.txt,143,OnSpellStart[1]/RunScript[1]/ScriptFile[1],items/SwordOfSolidarity.lua,game/scripts/vscripts/items/SwordOfSolidarity.lua,True,True
items,item_lia_totem_of_persistence,game/scripts/npc/items/item_lia_totem_of_persistence.txt,64,OnSpellStart[1]/RunScript[1]/ScriptFile[1],items\TotemOfPersistence.lua,game/scripts/vscripts/items/TotemOfPersistence.lua,True,True
items,item_lia_troll_defender,game/scripts/npc/items/item_lia_troll_defender.txt,32,OnSpellStart[1]/RunScript[1]/ScriptFile[1],items\TrollDefender.lua,game/scripts/vscripts/items/TrollDefender.lua,True,True
items,item_lia_troll_healer,game/scripts/npc/items/item_lia_troll_healer.txt,33,OnSpellStart[1]/RunScript[1]/ScriptFile[1],items\TrollHealer.lua,game/scripts/vscripts/items/TrollHealer.lua,True,True
items,item_lia_widow_boots,game/scripts/npc/items/item_lia_widow_boots.txt,25,ScriptFile[1],items/item_lia_widow_boots.lua,game/scripts/vscripts/items/item_lia_widow_boots.lua,True,True
units,fire_golem_10_wave,game/scripts/npc/units/10_wave_megaboss.txt,65,vscripts[1],units\Megaboss10Spawn.lua,game/scripts/vscripts/units/Megaboss10Spawn.lua,True,True
units,10_wave_megaboss,game/scripts/npc/units/10_wave_megaboss.txt,205,vscripts[1],units\Megaboss10Stats.lua,game/scripts/vscripts/units/Megaboss10Stats.lua,True,True
units,15_wave_megaboss,game/scripts/npc/units/15_wave_megaboss.txt,87,vscripts[1],AI\15_megaboss.lua,game/scripts/vscripts/AI/15_megaboss.lua,True,True
units,5_wave_megaboss,game/scripts/npc/units/5_wave_megaboss.txt,67,vscripts[1],units\Megaboss5Stats.lua,game/scripts/vscripts/units/Megaboss5Stats.lua,True,True
units,arena_rock,game/scripts/npc/units/decorations.txt,46,vscripts[1],destrSpawn.lua,game/scripts/vscripts/destrSpawn.lua,True,True
units,arena_rock_2,game/scripts/npc/units/decorations.txt,92,vscripts[1],destrSpawn.lua,game/scripts/vscripts/destrSpawn.lua,True,True
units,arena_rock_3,game/scripts/npc/units/decorations.txt,138,vscripts[1],destrSpawn.lua,game/scripts/vscripts/destrSpawn.lua,True,True
units,arena_rock_4,game/scripts/npc/units/decorations.txt,183,vscripts[1],destrSpawn.lua,game/scripts/vscripts/destrSpawn.lua,True,True
units,arena_rock_5,game/scripts/npc/units/decorations.txt,228,vscripts[1],destrSpawn.lua,game/scripts/vscripts/destrSpawn.lua,True,True
units,arena_center_box,game/scripts/npc/units/decorations.txt,274,vscripts[1],destrSpawn.lua,game/scripts/vscripts/destrSpawn.lua,True,True
units,barricades,game/scripts/npc/units/decorations.txt,322,vscripts[1],destrSpawn.lua,game/scripts/vscripts/destrSpawn.lua,True,True
units,barricades_small,game/scripts/npc/units/decorations.txt,370,vscripts[1],destrSpawn.lua,game/scripts/vscripts/destrSpawn.lua,True,True
units,barricades_big,game/scripts/npc/units/decorations.txt,418,vscripts[1],destrSpawn.lua,game/scripts/vscripts/destrSpawn.lua,True,True
units,npc_dota_creature_barrel,game/scripts/npc/units/decorations.txt,469,vscripts[1],destrSpawn.lua,game/scripts/vscripts/destrSpawn.lua,True,True
units,small_barrel,game/scripts/npc/units/decorations.txt,515,vscripts[1],destrSpawn.lua,game/scripts/vscripts/destrSpawn.lua,True,True
units,small_barrel_side,game/scripts/npc/units/decorations.txt,562,vscripts[1],destrSpawn.lua,game/scripts/vscripts/destrSpawn.lua,True,True
units,big_barrel,game/scripts/npc/units/decorations.txt,608,vscripts[1],destrSpawn.lua,game/scripts/vscripts/destrSpawn.lua,True,True
units,tnt_barrel,game/scripts/npc/units/decorations.txt,654,vscripts[1],destrSpawn.lua,game/scripts/vscripts/destrSpawn.lua,True,True
units,barricades_halloween,game/scripts/npc/units/decorations.txt,702,vscripts[1],destrSpawn.lua,game/scripts/vscripts/destrSpawn.lua,True,True
units,barricades_halloween2,game/scripts/npc/units/decorations.txt,750,vscripts[1],destrSpawn.lua,game/scripts/vscripts/destrSpawn.lua,True,True
units,barricades_halloween3,game/scripts/npc/units/decorations.txt,798,vscripts[1],destrSpawn.lua,game/scripts/vscripts/destrSpawn.lua,True,True
units,1_wave_boss_extreme,game/scripts/npc/units/extreme_mode_bosses.txt,65,vscripts[1],AI\1_wave_bosses_extreme.lua,game/scripts/vscripts/AI/1_wave_bosses_extreme.lua,True,True
units,2_wave_boss_extreme,game/scripts/npc/units/extreme_mode_bosses.txt,129,vscripts[1],AI\2_wave_bosses_extreme.lua,game/scripts/vscripts/AI/2_wave_bosses_extreme.lua,True,True
units,3_wave_boss_extreme,game/scripts/npc/units/extreme_mode_bosses.txt,192,vscripts[1],AI\3_wave_bosses_extreme.lua,game/scripts/vscripts/AI/3_wave_bosses_extreme.lua,True,True
units,4_wave_boss_extreme,game/scripts/npc/units/extreme_mode_bosses.txt,256,vscripts[1],AI\4_wave_bosses_extreme.lua,game/scripts/vscripts/AI/4_wave_bosses_extreme.lua,True,True
units,6_wave_boss_extreme,game/scripts/npc/units/extreme_mode_bosses.txt,314,vscripts[1],AI\6_wave_bosses_extreme.lua,game/scripts/vscripts/AI/6_wave_bosses_extreme.lua,True,True
units,7_wave_boss_extreme,game/scripts/npc/units/extreme_mode_bosses.txt,379,vscripts[1],AI\7_wave_bosses_extreme.lua,game/scripts/vscripts/AI/7_wave_bosses_extreme.lua,True,True
units,8_wave_boss_extreme,game/scripts/npc/units/extreme_mode_bosses.txt,443,vscripts[1],AI\8_wave_bosses.lua,game/scripts/vscripts/AI/8_wave_bosses.lua,True,True
units,9_wave_boss_extreme,game/scripts/npc/units/extreme_mode_bosses.txt,524,vscripts[1],AI\9_wave_bosses.lua,game/scripts/vscripts/AI/9_wave_bosses.lua,True,True
units,11_wave_boss_extreme,game/scripts/npc/units/extreme_mode_bosses.txt,588,vscripts[1],AI\attack_wave_only.lua,game/scripts/vscripts/AI/attack_wave_only.lua,True,True
units,12_wave_boss_extreme,game/scripts/npc/units/extreme_mode_bosses.txt,652,vscripts[1],AI\12_wave_bosses_extreme.lua,game/scripts/vscripts/AI/12_wave_bosses_extreme.lua,True,True
units,13_wave_boss_extreme,game/scripts/npc/units/extreme_mode_bosses.txt,716,vscripts[1],AI\attack_wave_only.lua,game/scripts/vscripts/AI/attack_wave_only.lua,True,True
units,14_wave_boss_extreme,game/scripts/npc/units/extreme_mode_bosses.txt,789,vscripts[1],AI\14_wave_bosses_extreme.lua,game/scripts/vscripts/AI/14_wave_bosses_extreme.lua,True,True
units,16_wave_boss_extreme,game/scripts/npc/units/extreme_mode_bosses.txt,854,vscripts[1],AI\16_wave_bosses_extreme.lua,game/scripts/vscripts/AI/16_wave_bosses_extreme.lua,True,True
units,17_wave_boss_extreme,game/scripts/npc/units/extreme_mode_bosses.txt,919,vscripts[1],AI\attack_wave_only.lua,game/scripts/vscripts/AI/attack_wave_only.lua,True,True
units,18_wave_boss_extreme,game/scripts/npc/units/extreme_mode_bosses.txt,995,vscripts[1],AI\attack_wave_only.lua,game/scripts/vscripts/AI/attack_wave_only.lua,True,True
units,19_wave_boss_extreme,game/scripts/npc/units/extreme_mode_bosses.txt,1061,vscripts[1],AI\19_wave_bosses_extreme.lua,game/scripts/vscripts/AI/19_wave_bosses_extreme.lua,True,True
units,1_wave_creep_extreme,game/scripts/npc/units/extreme_mode_creeps.txt,65,vscripts[1],AI\attack_wave_only.lua,game/scripts/vscripts/AI/attack_wave_only.lua,True,True
units,2_wave_creep_extreme,game/scripts/npc/units/extreme_mode_creeps.txt,130,vscripts[1],AI\attack_wave_only.lua,game/scripts/vscripts/AI/attack_wave_only.lua,True,True
units,3_wave_creep_extreme,game/scripts/npc/units/extreme_mode_creeps.txt,195,vscripts[1],AI\attack_wave_only.lua,game/scripts/vscripts/AI/attack_wave_only.lua,True,True
units,4_wave_creep_extreme,game/scripts/npc/units/extreme_mode_creeps.txt,260,vscripts[1],AI\attack_wave_only.lua,game/scripts/vscripts/AI/attack_wave_only.lua,True,True
units,6_wave_creep_extreme,game/scripts/npc/units/extreme_mode_creeps.txt,320,vscripts[1],AI\6_wave_creeps.lua,game/scripts/vscripts/AI/6_wave_creeps.lua,True,True
units,7_wave_creep_extreme,game/scripts/npc/units/extreme_mode_creeps.txt,385,vscripts[1],AI\attack_wave_only.lua,game/scripts/vscripts/AI/attack_wave_only.lua,True,True
units,8_wave_creep_extreme,game/scripts/npc/units/extreme_mode_creeps.txt,450,vscripts[1],AI\attack_wave_only.lua,game/scripts/vscripts/AI/attack_wave_only.lua,True,True
units,9_wave_creep_extreme,game/scripts/npc/units/extreme_mode_creeps.txt,516,vscripts[1],AI\attack_wave_only.lua,game/scripts/vscripts/AI/attack_wave_only.lua,True,True
units,11_wave_creep_extreme,game/scripts/npc/units/extreme_mode_creeps.txt,581,vscripts[1],AI\11_wave_creeps_extreme.lua,game/scripts/vscripts/AI/11_wave_creeps_extreme.lua,True,True
units,12_wave_creep_extreme,game/scripts/npc/units/extreme_mode_creeps.txt,646,vscripts[1],AI\12_wave_creeps.lua,game/scripts/vscripts/AI/12_wave_creeps.lua,True,True
units,13_wave_creep_extreme,game/scripts/npc/units/extreme_mode_creeps.txt,709,vscripts[1],AI\13_wave_creeps.lua,game/scripts/vscripts/AI/13_wave_creeps.lua,True,True
units,14_wave_creep_extreme,game/scripts/npc/units/extreme_mode_creeps.txt,782,vscripts[1],AI\14_wave_creeps_extreme.lua,game/scripts/vscripts/AI/14_wave_creeps_extreme.lua,True,True
units,16_wave_creep_extreme,game/scripts/npc/units/extreme_mode_creeps.txt,847,vscripts[1],AI\16_wave_creeps_extreme.lua,game/scripts/vscripts/AI/16_wave_creeps_extreme.lua,True,True
units,17_wave_creep_extreme,game/scripts/npc/units/extreme_mode_creeps.txt,912,vscripts[1],AI\17_wave_creeps_extreme.lua,game/scripts/vscripts/AI/17_wave_creeps_extreme.lua,True,True
units,18_wave_creep_extreme,game/scripts/npc/units/extreme_mode_creeps.txt,978,vscripts[1],AI\18_wave_creeps_extreme.lua,game/scripts/vscripts/AI/18_wave_creeps_extreme.lua,True,True
units,19_wave_creep_extreme,game/scripts/npc/units/extreme_mode_creeps.txt,1051,vscripts[1],AI\19_wave_creeps_extreme.lua,game/scripts/vscripts/AI/19_wave_creeps_extreme.lua,True,True
units,item_lia_healing_ward_unit,game/scripts/npc/units/item_lia_healing_ward_unit.txt,86,vscripts[1],units\item_lia_healing_ward_unit.lua,game/scripts/vscripts/units/item_lia_healing_ward_unit.lua,True,True
units,1_wave_boss,game/scripts/npc/units/normal_mode_bosses.txt,65,vscripts[1],AI\1_wave_bosses.lua,game/scripts/vscripts/AI/1_wave_bosses.lua,True,True
units,2_wave_boss,game/scripts/npc/units/normal_mode_bosses.txt,129,vscripts[1],AI\2_wave_bosses.lua,game/scripts/vscripts/AI/2_wave_bosses.lua,True,True
units,3_wave_boss,game/scripts/npc/units/normal_mode_bosses.txt,192,vscripts[1],AI\3_wave_bosses.lua,game/scripts/vscripts/AI/3_wave_bosses.lua,True,True
units,4_wave_boss,game/scripts/npc/units/normal_mode_bosses.txt,256,vscripts[1],AI\4_wave_bosses.lua,game/scripts/vscripts/AI/4_wave_bosses.lua,True,True
units,6_wave_boss,game/scripts/npc/units/normal_mode_bosses.txt,314,vscripts[1],AI\6_wave_bosses.lua,game/scripts/vscripts/AI/6_wave_bosses.lua,True,True
units,7_wave_boss,game/scripts/npc/units/normal_mode_bosses.txt,379,vscripts[1],AI\7_wave_bosses.lua,game/scripts/vscripts/AI/7_wave_bosses.lua,True,True
units,8_wave_boss,game/scripts/npc/units/normal_mode_bosses.txt,443,vscripts[1],AI\8_wave_bosses.lua,game/scripts/vscripts/AI/8_wave_bosses.lua,True,True
units,9_wave_boss,game/scripts/npc/units/normal_mode_bosses.txt,524,vscripts[1],AI\9_wave_bosses.lua,game/scripts/vscripts/AI/9_wave_bosses.lua,True,True
units,11_wave_boss,game/scripts/npc/units/normal_mode_bosses.txt,588,vscripts[1],AI\attack_wave_only.lua,game/scripts/vscripts/AI/attack_wave_only.lua,True,True
units,12_wave_boss,game/scripts/npc/units/normal_mode_bosses.txt,652,vscripts[1],AI\12_wave_bosses.lua,game/scripts/vscripts/AI/12_wave_bosses.lua,True,True
units,13_wave_boss,game/scripts/npc/units/normal_mode_bosses.txt,717,vscripts[1],AI\attack_wave_only.lua,game/scripts/vscripts/AI/attack_wave_only.lua,True,True
units,14_wave_boss,game/scripts/npc/units/normal_mode_bosses.txt,790,vscripts[1],AI\14_wave_bosses.lua,game/scripts/vscripts/AI/14_wave_bosses.lua,True,True
units,16_wave_boss,game/scripts/npc/units/normal_mode_bosses.txt,856,vscripts[1],AI\16_wave_bosses.lua,game/scripts/vscripts/AI/16_wave_bosses.lua,True,True
units,17_wave_boss,game/scripts/npc/units/normal_mode_bosses.txt,921,vscripts[1],AI\attack_wave_only.lua,game/scripts/vscripts/AI/attack_wave_only.lua,True,True
units,18_wave_boss,game/scripts/npc/units/normal_mode_bosses.txt,997,vscripts[1],AI\attack_wave_only.lua,game/scripts/vscripts/AI/attack_wave_only.lua,True,True
units,19_wave_boss,game/scripts/npc/units/normal_mode_bosses.txt,1063,vscripts[1],AI\19_wave_bosses.lua,game/scripts/vscripts/AI/19_wave_bosses.lua,True,True
units,1_wave_creep,game/scripts/npc/units/normal_mode_creeps.txt,66,vscripts[1],AI\attack_wave_only.lua,game/scripts/vscripts/AI/attack_wave_only.lua,True,True
units,2_wave_creep,game/scripts/npc/units/normal_mode_creeps.txt,131,vscripts[1],AI\attack_wave_only.lua,game/scripts/vscripts/AI/attack_wave_only.lua,True,True
units,3_wave_creep,game/scripts/npc/units/normal_mode_creeps.txt,196,vscripts[1],AI\attack_wave_only.lua,game/scripts/vscripts/AI/attack_wave_only.lua,True,True
units,4_wave_creep,game/scripts/npc/units/normal_mode_creeps.txt,261,vscripts[1],AI\attack_wave_only.lua,game/scripts/vscripts/AI/attack_wave_only.lua,True,True
units,6_wave_creep,game/scripts/npc/units/normal_mode_creeps.txt,319,vscripts[1],AI\6_wave_creeps.lua,game/scripts/vscripts/AI/6_wave_creeps.lua,True,True
units,7_wave_creep,game/scripts/npc/units/normal_mode_creeps.txt,384,vscripts[1],AI\attack_wave_only.lua,game/scripts/vscripts/AI/attack_wave_only.lua,True,True
units,8_wave_creep,game/scripts/npc/units/normal_mode_creeps.txt,449,vscripts[1],AI\attack_wave_only.lua,game/scripts/vscripts/AI/attack_wave_only.lua,True,True
units,9_wave_creep,game/scripts/npc/units/normal_mode_creeps.txt,515,vscripts[1],AI\attack_wave_only.lua,game/scripts/vscripts/AI/attack_wave_only.lua,True,True
units,11_wave_creep,game/scripts/npc/units/normal_mode_creeps.txt,580,vscripts[1],AI\11_wave_creeps.lua,game/scripts/vscripts/AI/11_wave_creeps.lua,True,True
units,12_wave_creep,game/scripts/npc/units/normal_mode_creeps.txt,647,vscripts[1],AI\12_wave_creeps.lua,game/scripts/vscripts/AI/12_wave_creeps.lua,True,True
units,13_wave_creep,game/scripts/npc/units/normal_mode_creeps.txt,711,vscripts[1],AI\13_wave_creeps.lua,game/scripts/vscripts/AI/13_wave_creeps.lua,True,True
units,14_wave_creep,game/scripts/npc/units/normal_mode_creeps.txt,784,vscripts[1],AI\14_wave_creeps.lua,game/scripts/vscripts/AI/14_wave_creeps.lua,True,True
units,16_wave_creep,game/scripts/npc/units/normal_mode_creeps.txt,850,vscripts[1],AI\16_wave_creeps.lua,game/scripts/vscripts/AI/16_wave_creeps.lua,True,True
units,17_wave_creep,game/scripts/npc/units/normal_mode_creeps.txt,915,vscripts[1],AI\17_wave_creeps.lua,game/scripts/vscripts/AI/17_wave_creeps.lua,True,True
units,18_wave_creep,game/scripts/npc/units/normal_mode_creeps.txt,983,vscripts[1],AI\18_wave_creeps.lua,game/scripts/vscripts/AI/18_wave_creeps.lua,True,True
units,19_wave_creep,game/scripts/npc/units/normal_mode_creeps.txt,1056,vscripts[1],AI\19_wave_creeps.lua,game/scripts/vscripts/AI/19_wave_creeps.lua,True,True
units,orn_megaboss,game/scripts/npc/units/orn_megaboss.txt,91,vscripts[1],units\MegabossOrnStats.lua,game/scripts/vscripts/units/MegabossOrnStats.lua,True,True
units,npc_lia_troll_healer,game/scripts/npc/units/purchasable_units.txt,263,vscripts[1],AI\TrollHealer.lua,game/scripts/vscripts/AI/TrollHealer.lua,True,True
units,shadow_master_shadow,game/scripts/npc/units/shadow_master_shadow.txt,51,vscripts[1],heroes/ShadowMaster/PaintBlack.lua,game/scripts/vscripts/heroes/ShadowMaster/PaintBlack.lua,True,True
