category,entity,special,key_path,source,line,declared_in_entity
abilities,attribute_bonuses,attribute_bonus_per_level,Modifiers[1]/modifier_attribute_bonuses[1]/Properties[1]/MODIFIER_PROPERTY_STATS_STRENGTH_BONUS[1],game/scripts/npc/abilities/attribute_bonus.txt,29,True
abilities,attribute_bonuses,attribute_bonus_per_level,Modifiers[1]/modifier_attribute_bonuses[1]/Properties[1]/MODIFIER_PROPERTY_STATS_AGILITY_BONUS[1],game/scripts/npc/abilities/attribute_bonus.txt,30,True
abilities,attribute_bonuses,attribute_bonus_per_level,Modifiers[1]/modifier_attribute_bonuses[1]/Properties[1]/MODIFIER_PROPERTY_STATS_INTELLECT_BONUS[1],game/scripts/npc/abilities/attribute_bonus.txt,31,True
abilities,1_wave_stomp_extreme,radius,OnSpellStart[1]/FireEffect[1]/EffectRadius[1],game/scripts/npc/abilities/extreme_mode_creep_actives.txt,40,True
abilities,1_wave_stomp_extreme,radius,OnSpellStart[1]/FireEffect[1]/ControlPoints[1]/01[1],game/scripts/npc/abilities/extreme_mode_creep_actives.txt,44,True
abilities,1_wave_stomp_extreme,radius,OnSpellStart[1]/FireEffect[1]/ControlPoints[1]/01[1],game/scripts/npc/abilities/extreme_mode_creep_actives.txt,44,True
abilities,1_wave_stomp_extreme,radius,OnSpellStart[1]/ActOnTargets[1]/Target[1]/Radius[1],game/scripts/npc/abilities/extreme_mode_creep_actives.txt,58,True
abilities,1_wave_stomp_extreme,stomp_damage,OnSpellStart[1]/ActOnTargets[1]/Action[1]/Damage[1]/Damage[1],game/scripts/npc/abilities/extreme_mode_creep_actives.txt,69,True
abilities,1_wave_stomp_extreme,duration,Modifiers[1]/1_wave_stomp[1]/Duration[1],game/scripts/npc/abilities/extreme_mode_creep_actives.txt,87,True
abilities,1_wave_stomp_extreme,slow_movement_and_attack_speed,Modifiers[1]/1_wave_stomp[1]/Properties[1]/MODIFIER_PROPERTY_ATTACKSPEED_BONUS_CONSTANT[1],game/scripts/npc/abilities/extreme_mode_creep_actives.txt,91,True
abilities,1_wave_stomp_extreme,slow_movement_and_attack_speed,Modifiers[1]/1_wave_stomp[1]/Properties[1]/MODIFIER_PROPERTY_MOVESPEED_BONUS_PERCENTAGE[1],game/scripts/npc/abilities/extreme_mode_creep_actives.txt,92,True
abilities,2_wave_war_stomp_extreme,radius,OnSpellStart[1]/FireEffect[1]/EffectRadius[1],game/scripts/npc/abilities/extreme_mode_creep_actives.txt,141,True
abilities,2_wave_war_stomp_extreme,radius,OnSpellStart[1]/FireEffect[1]/ControlPoints[1]/01[1],game/scripts/npc/abilities/extreme_mode_creep_actives.txt,145,True
abilities,2_wave_war_stomp_extreme,radius,OnSpellStart[1]/FireEffect[1]/ControlPoints[1]/01[1],game/scripts/npc/abilities/extreme_mode_creep_actives.txt,145,True
abilities,2_wave_war_stomp_extreme,radius,OnSpellStart[1]/ActOnTargets[1]/Target[1]/Radius[1],game/scripts/npc/abilities/extreme_mode_creep_actives.txt,159,True
abilities,2_wave_war_stomp_extreme,damage,OnSpellStart[1]/ActOnTargets[1]/Action[1]/Damage[1]/Damage[1],game/scripts/npc/abilities/extreme_mode_creep_actives.txt,170,True
abilities,2_wave_war_stomp_extreme,stun_duration,OnSpellStart[1]/ActOnTargets[1]/Action[1]/ApplyModifier[1]/Duration[1],game/scripts/npc/abilities/extreme_mode_creep_actives.txt,177,True
abilities,3_wave_rejuvenation_extreme,duration,OnSpellStart[1]/ApplyModifier[1]/Duration[1],game/scripts/npc/abilities/extreme_mode_creep_actives.txt,265,True
abilities,3_wave_rejuvenation_extreme,duration,Modifiers[1]/3_wave_rejuvenation_extreme[1]/Duration[1],game/scripts/npc/abilities/extreme_mode_creep_actives.txt,274,True
abilities,3_wave_rejuvenation_extreme,heal,Modifiers[1]/3_wave_rejuvenation_extreme[1]/OnIntervalThink[1]/Heal[1]/HealAmount[1],game/scripts/npc/abilities/extreme_mode_creep_actives.txt,285,True
abilities,4_wave_ensnare_extreme,net_speed,OnSpellStart[1]/TrackingProjectile[1]/MoveSpeed[1],game/scripts/npc/abilities/extreme_mode_creep_actives.txt,347,True
abilities,4_wave_ensnare_extreme,duration,Modifiers[1]/modifier_4_wave_ensnare_extreme[1]/Duration[1],game/scripts/npc/abilities/extreme_mode_creep_actives.txt,383,True
abilities,6_wave_curse,duration,Modifiers[1]/modifier_6_wave_curse[1]/Duration[1],game/scripts/npc/abilities/extreme_mode_creep_actives.txt,440,True
abilities,7_wave_howl_of_terror_extreme,radius,OnSpellStart[1]/AttachEffect[1]/EffectRadius[1],game/scripts/npc/abilities/extreme_mode_creep_actives.txt,489,True
abilities,7_wave_howl_of_terror_extreme,radius,OnSpellStart[1]/ApplyModifier[1]/Target[1]/Radius[1],game/scripts/npc/abilities/extreme_mode_creep_actives.txt,502,True
abilities,7_wave_howl_of_terror_extreme,duration,OnSpellStart[1]/ApplyModifier[1]/Duration[1],game/scripts/npc/abilities/extreme_mode_creep_actives.txt,505,True
abilities,7_wave_howl_of_terror_extreme,damage_penalty_percentage,Modifiers[1]/modifier_7_wave_howl_of_terror_extreme[1]/Properties[1]/MODIFIER_PROPERTY_BASEDAMAGEOUTGOING_PERCENTAGE[1],game/scripts/npc/abilities/extreme_mode_creep_actives.txt,524,True
abilities,11_wave_immolation_extreme,radius,Modifiers[1]/modifier_immolation[1]/OnIntervalThink[1]/RunScript[1]/Target[1]/Radius[1],game/scripts/npc/abilities/extreme_mode_creep_actives.txt,602,True
abilities,12_wave_roots_extreme,hero_duration,Modifiers[1]/modifier_entangling_roots[1]/Duration[1],game/scripts/npc/abilities/extreme_mode_creep_actives.txt,657,True
abilities,12_wave_roots_extreme,damage_per_second,Modifiers[1]/modifier_entangling_roots[1]/OnIntervalThink[1]/Damage[1]/Damage[1],game/scripts/npc/abilities/extreme_mode_creep_actives.txt,695,True
abilities,12_wave_bloodlust_extreme,duration,OnSpellStart[1]/ApplyModifier[1]/Duration[1],game/scripts/npc/abilities/extreme_mode_creep_actives.txt,741,True
abilities,12_wave_bloodlust_extreme,bonus_attack_speed,Modifiers[1]/modifier_12_wave_bloodlust[1]/Properties[1]/MODIFIER_PROPERTY_ATTACKSPEED_BONUS_CONSTANT[1],game/scripts/npc/abilities/extreme_mode_creep_actives.txt,751,True
abilities,12_wave_bloodlust_extreme,bonus_movement_speed,Modifiers[1]/modifier_12_wave_bloodlust[1]/Properties[1]/MODIFIER_PROPERTY_MOVESPEED_BONUS_PERCENTAGE[1],game/scripts/npc/abilities/extreme_mode_creep_actives.txt,752,True
abilities,14_wave_shadow_strike_extreme,duration,Modifiers[1]/modifier_shadow_strike[1]/Duration[1],game/scripts/npc/abilities/extreme_mode_creep_actives.txt,855,True
abilities,14_wave_shadow_strike_extreme,all_slow,Modifiers[1]/modifier_shadow_strike[1]/Properties[1]/MODIFIER_PROPERTY_MOVESPEED_BONUS_PERCENTAGE[1],game/scripts/npc/abilities/extreme_mode_creep_actives.txt,861,True
abilities,14_wave_shadow_strike_extreme,all_slow,Modifiers[1]/modifier_shadow_strike[1]/Properties[1]/MODIFIER_PROPERTY_ATTACKSPEED_BONUS_CONSTANT[1],game/scripts/npc/abilities/extreme_mode_creep_actives.txt,862,True
abilities,14_wave_shadow_strike_extreme,initial_damage,Modifiers[1]/modifier_shadow_strike[1]/OnCreated[1]/Damage[1]/Damage[1],game/scripts/npc/abilities/extreme_mode_creep_actives.txt,879,True
abilities,14_wave_shadow_strike_extreme,damage_every_3sec,Modifiers[1]/modifier_shadow_strike[1]/OnIntervalThink[1]/Damage[1]/Damage[1],game/scripts/npc/abilities/extreme_mode_creep_actives.txt,889,True
abilities,14_wave_storm_bolt_extreme,projectile_speed,OnSpellStart[1]/TrackingProjectile[1]/MoveSpeed[1],game/scripts/npc/abilities/extreme_mode_creep_actives.txt,946,True
abilities,16_wave_slow_extreme,cripple_movespeed_slow_pct,Modifiers[1]/modifier_16_wave_slow[1]/Properties[1]/MODIFIER_PROPERTY_MOVESPEED_BONUS_PERCENTAGE[1],game/scripts/npc/abilities/extreme_mode_creep_actives.txt,1056,False
abilities,16_wave_slow_extreme,cripple_attack_slow,Modifiers[1]/modifier_16_wave_slow[1]/Properties[1]/MODIFIER_PROPERTY_ATTACKSPEED_BONUS_CONSTANT[1],game/scripts/npc/abilities/extreme_mode_creep_actives.txt,1057,False
abilities,17_wave_purge_extreme,slow_per_stack,Modifiers[1]/modifier_purge_slow[1]/Properties[1]/MODIFIER_PROPERTY_MOVESPEED_BONUS_PERCENTAGE[1],game/scripts/npc/abilities/extreme_mode_creep_actives.txt,1140,True
abilities,17_wave_purge_extreme,think_interval,Modifiers[1]/modifier_purge_slow[1]/ThinkInterval[1],game/scripts/npc/abilities/extreme_mode_creep_actives.txt,1143,True
abilities,18_wave_silence_extreme,radius,OnSpellStart[1]/FireEffect[1]/EffectRadius[1],game/scripts/npc/abilities/extreme_mode_creep_actives.txt,1195,True
abilities,18_wave_silence_extreme,radius,OnSpellStart[1]/FireEffect[1]/ControlPoints[1]/01[1],game/scripts/npc/abilities/extreme_mode_creep_actives.txt,1199,True
abilities,18_wave_silence_extreme,radius,OnSpellStart[1]/FireEffect[1]/ControlPoints[1]/01[1],game/scripts/npc/abilities/extreme_mode_creep_actives.txt,1199,True
abilities,18_wave_silence_extreme,radius,OnSpellStart[1]/ActOnTargets[1]/Target[1]/Radius[1],game/scripts/npc/abilities/extreme_mode_creep_actives.txt,1208,True
abilities,18_wave_silence_extreme,duration,Modifiers[1]/modifier_18_wave_silence[1]/Duration[1],game/scripts/npc/abilities/extreme_mode_creep_actives.txt,1229,True
abilities,19_wave_faerie_fire_extreme,armor_reduction,Modifiers[1]/modifier_faerie_fire[1]/Properties[1]/MODIFIER_PROPERTY_PHYSICAL_ARMOR_BONUS[1],game/scripts/npc/abilities/extreme_mode_creep_actives.txt,1292,True
abilities,19_wave_polymorph_extreme,duration,Modifiers[1]/modifier_hex[1]/Duration[1],game/scripts/npc/abilities/extreme_mode_creep_actives.txt,1356,True
abilities,19_wave_polymorph_extreme,movespeed,Modifiers[1]/modifier_hex[1]/Properties[1]/MODIFIER_PROPERTY_MOVESPEED_BASE_OVERRIDE[1],game/scripts/npc/abilities/extreme_mode_creep_actives.txt,1393,True
abilities,orn_mutant_boss_slow,duration,Modifiers[1]/modifier_10_wave_slow[1]/Duration[1],game/scripts/npc/abilities/extreme_mode_creep_actives.txt,1448,True
abilities,orn_mutant_boss_slow,cripple_movespeed_slow_pct,Modifiers[1]/modifier_10_wave_slow[1]/Properties[1]/MODIFIER_PROPERTY_MOVESPEED_BONUS_PERCENTAGE[1],game/scripts/npc/abilities/extreme_mode_creep_actives.txt,1459,True
abilities,orn_mutant_boss_slow,cripple_attack_slow,Modifiers[1]/modifier_10_wave_slow[1]/Properties[1]/MODIFIER_PROPERTY_ATTACKSPEED_BONUS_CONSTANT[1],game/scripts/npc/abilities/extreme_mode_creep_actives.txt,1460,True
abilities,2_wave_centaur_chieftain_aura_extreme,radius,Modifiers[1]/modifier_2_wave_centaur_chieftain_aura[1]/Aura_Radius[1],game/scripts/npc/abilities/extreme_mode_creep_passives.txt,90,True
abilities,2_wave_centaur_chieftain_aura_extreme,bonus_attack_speed,Modifiers[1]/modifier_2_wave_centaur_chieftain_aura_buff[1]/Properties[1]/MODIFIER_PROPERTY_ATTACKSPEED_BONUS_CONSTANT[1],game/scripts/npc/abilities/extreme_mode_creep_passives.txt,100,True
abilities,2_wave_centaur_chieftain_aura_extreme,bonus_movement_speed_percentage,Modifiers[1]/modifier_2_wave_centaur_chieftain_aura_buff[1]/Properties[1]/MODIFIER_PROPERTY_MOVESPEED_BONUS_PERCENTAGE[1],game/scripts/npc/abilities/extreme_mode_creep_passives.txt,101,True
abilities,4_wave_true_hit_extreme,strike_chance,Modifiers[1]/modifier_4_wave_true_hit[1]/OnAttackStart[1]/Random[1]/Chance[1],game/scripts/npc/abilities/extreme_mode_creep_passives.txt,175,True
abilities,7_wave_sharp_claws_extreme,armor_reduction,Modifiers[1]/modifier_7_wave_sharp_claws_debuff[1]/Properties[1]/MODIFIER_PROPERTY_PHYSICAL_ARMOR_BONUS[1],game/scripts/npc/abilities/extreme_mode_creep_passives.txt,295,True
abilities,healing_ward_ability,heal_percent,Modifiers[1]/modifier_healing_ward_ability_effect[1]/Properties[1]/MODIFIER_PROPERTY_HEALTH_REGEN_PERCENTAGE[1],game/scripts/npc/abilities/healing_ward_ability.txt,49,True
abilities,1_wave_stomp,radius,OnSpellStart[1]/FireEffect[1]/EffectRadius[1],game/scripts/npc/abilities/normal_mode_creep_actives.txt,40,True
abilities,1_wave_stomp,radius,OnSpellStart[1]/FireEffect[1]/ControlPoints[1]/01[1],game/scripts/npc/abilities/normal_mode_creep_actives.txt,44,True
abilities,1_wave_stomp,radius,OnSpellStart[1]/FireEffect[1]/ControlPoints[1]/01[1],game/scripts/npc/abilities/normal_mode_creep_actives.txt,44,True
abilities,1_wave_stomp,radius,OnSpellStart[1]/ActOnTargets[1]/Target[1]/Radius[1],game/scripts/npc/abilities/normal_mode_creep_actives.txt,59,True
abilities,1_wave_stomp,stomp_damage,OnSpellStart[1]/ActOnTargets[1]/Action[1]/Damage[1]/Damage[1],game/scripts/npc/abilities/normal_mode_creep_actives.txt,70,True
abilities,1_wave_stomp,duration,Modifiers[1]/1_wave_stomp[1]/Duration[1],game/scripts/npc/abilities/normal_mode_creep_actives.txt,88,True
abilities,1_wave_stomp,slow_movement_and_attack_speed,Modifiers[1]/1_wave_stomp[1]/Properties[1]/MODIFIER_PROPERTY_ATTACKSPEED_BONUS_CONSTANT[1],game/scripts/npc/abilities/normal_mode_creep_actives.txt,92,True
abilities,1_wave_stomp,slow_movement_and_attack_speed,Modifiers[1]/1_wave_stomp[1]/Properties[1]/MODIFIER_PROPERTY_MOVESPEED_BONUS_PERCENTAGE[1],game/scripts/npc/abilities/normal_mode_creep_actives.txt,93,True
abilities,3_wave_rejuvenation,duration,OnSpellStart[1]/ApplyModifier[1]/Duration[1],game/scripts/npc/abilities/normal_mode_creep_actives.txt,182,True
abilities,3_wave_rejuvenation,duration,Modifiers[1]/3_wave_rejuvenation[1]/Duration[1],game/scripts/npc/abilities/normal_mode_creep_actives.txt,191,True
abilities,3_wave_rejuvenation,heal,Modifiers[1]/3_wave_rejuvenation[1]/OnIntervalThink[1]/Heal[1]/HealAmount[1],game/scripts/npc/abilities/normal_mode_creep_actives.txt,202,True
abilities,4_wave_death_coil,projectile_speed,OnSpellStart[1]/TrackingProjectile[1]/MoveSpeed[1],game/scripts/npc/abilities/normal_mode_creep_actives.txt,267,True
abilities,5_megaboss_firestorm,radius,Modifiers[1]/modifier_rain_of_fire_thinker[1]/OnCreated[1]/ApplyModifier[1]/Target[1]/Radius[1],game/scripts/npc/abilities/normal_mode_creep_actives.txt,370,True
abilities,5_megaboss_firestorm,radius,Modifiers[1]/modifier_rain_of_fire_thinker[1]/OnIntervalThink[1]/ApplyModifier[1]/Target[1]/Radius[1],game/scripts/npc/abilities/normal_mode_creep_actives.txt,392,True
abilities,5_megaboss_firestorm,burn_duration,Modifiers[1]/modifier_rain_of_fire_burn[1]/Duration[1],game/scripts/npc/abilities/normal_mode_creep_actives.txt,412,True
abilities,5_megaboss_firestorm,burn_interval,Modifiers[1]/modifier_rain_of_fire_burn[1]/ThinkInterval[1],game/scripts/npc/abilities/normal_mode_creep_actives.txt,423,True
abilities,5_megaboss_firestorm,burn_damage,Modifiers[1]/modifier_rain_of_fire_burn[1]/OnIntervalThink[1]/Damage[1]/Damage[1],game/scripts/npc/abilities/normal_mode_creep_actives.txt,430,True
abilities,5_megaboss_stomp,radius,OnSpellStart[1]/FireEffect[1]/EffectRadius[1],game/scripts/npc/abilities/normal_mode_creep_actives.txt,476,True
abilities,5_megaboss_stomp,radius,OnSpellStart[1]/FireEffect[1]/ControlPoints[1]/01[1],game/scripts/npc/abilities/normal_mode_creep_actives.txt,480,True
abilities,5_megaboss_stomp,radius,OnSpellStart[1]/FireEffect[1]/ControlPoints[1]/01[1],game/scripts/npc/abilities/normal_mode_creep_actives.txt,480,True
abilities,5_megaboss_stomp,radius,OnSpellStart[1]/ActOnTargets[1]/Target[1]/Radius[1],game/scripts/npc/abilities/normal_mode_creep_actives.txt,494,True
abilities,5_megaboss_stomp,stomp_damage,OnSpellStart[1]/ActOnTargets[1]/Action[1]/Damage[1]/Damage[1],game/scripts/npc/abilities/normal_mode_creep_actives.txt,505,True
abilities,5_megaboss_stomp,stun_duration,Modifiers[1]/modifier_5_megaboss_stomp[1]/Duration[1],game/scripts/npc/abilities/normal_mode_creep_actives.txt,522,True
abilities,6_wave_cripple,duration,Modifiers[1]/modifier_6_wave_cripple[1]/Duration[1],game/scripts/npc/abilities/normal_mode_creep_actives.txt,576,True
abilities,6_wave_cripple,cripple_movespeed_slow_pct,Modifiers[1]/modifier_6_wave_cripple[1]/Properties[1]/MODIFIER_PROPERTY_MOVESPEED_BONUS_PERCENTAGE[1],game/scripts/npc/abilities/normal_mode_creep_actives.txt,587,True
abilities,6_wave_cripple,cripple_attack_slow,Modifiers[1]/modifier_6_wave_cripple[1]/Properties[1]/MODIFIER_PROPERTY_ATTACKSPEED_BONUS_CONSTANT[1],game/scripts/npc/abilities/normal_mode_creep_actives.txt,588,True
abilities,6_wave_cripple,cripple_damage_decrease_pct,Modifiers[1]/modifier_6_wave_cripple[1]/Properties[1]/MODIFIER_PROPERTY_BASEDAMAGEOUTGOING_PERCENTAGE[1],game/scripts/npc/abilities/normal_mode_creep_actives.txt,589,True
abilities,7_wave_howl_of_terror,radius,OnSpellStart[1]/AttachEffect[1]/EffectRadius[1],game/scripts/npc/abilities/normal_mode_creep_actives.txt,628,True
abilities,7_wave_howl_of_terror,radius,OnSpellStart[1]/ApplyModifier[1]/Target[1]/Radius[1],game/scripts/npc/abilities/normal_mode_creep_actives.txt,641,True
abilities,7_wave_howl_of_terror,duration,OnSpellStart[1]/ApplyModifier[1]/Duration[1],game/scripts/npc/abilities/normal_mode_creep_actives.txt,644,True
abilities,7_wave_howl_of_terror,damage_penalty_percentage,Modifiers[1]/modifier_7_wave_howl_of_terror[1]/Properties[1]/MODIFIER_PROPERTY_BASEDAMAGEOUTGOING_PERCENTAGE[1],game/scripts/npc/abilities/normal_mode_creep_actives.txt,662,True
abilities,8_wave_storm_bolt,projectile_speed,OnSpellStart[1]/TrackingProjectile[1]/MoveSpeed[1],game/scripts/npc/abilities/normal_mode_creep_actives.txt,726,True
abilities,9_wave_frost_nova,radius,OnSpellStart[1]/RunScript[1]/Target[1]/Radius[1],game/scripts/npc/abilities/normal_mode_creep_actives.txt,788,True
abilities,9_wave_frost_nova,slow_movement_speed,Modifiers[1]/modifier_9_wave_frost_nova_slow[1]/Properties[1]/MODIFIER_PROPERTY_MOVESPEED_BONUS_PERCENTAGE[1],game/scripts/npc/abilities/normal_mode_creep_actives.txt,806,True
abilities,9_wave_frost_nova,slow_attack_speed,Modifiers[1]/modifier_9_wave_frost_nova_slow[1]/Properties[1]/MODIFIER_PROPERTY_ATTACKSPEED_BONUS_CONSTANT[1],game/scripts/npc/abilities/normal_mode_creep_actives.txt,807,True
abilities,10_wave_antimagic,duration,OnSpellStart[1]/ApplyModifier[1]/Duration[1],game/scripts/npc/abilities/normal_mode_creep_actives.txt,852,True
abilities,10_wave_slow,duration,Modifiers[1]/modifier_10_wave_slow[1]/Duration[1],game/scripts/npc/abilities/normal_mode_creep_actives.txt,916,True
abilities,10_wave_slow,cripple_movespeed_slow_pct,Modifiers[1]/modifier_10_wave_slow[1]/Properties[1]/MODIFIER_PROPERTY_MOVESPEED_BONUS_PERCENTAGE[1],game/scripts/npc/abilities/normal_mode_creep_actives.txt,927,True
abilities,10_wave_slow,cripple_attack_slow,Modifiers[1]/modifier_10_wave_slow[1]/Properties[1]/MODIFIER_PROPERTY_ATTACKSPEED_BONUS_CONSTANT[1],game/scripts/npc/abilities/normal_mode_creep_actives.txt,928,True
abilities,10_wave_fire_golem,radius,AOERadius[1],game/scripts/npc/abilities/normal_mode_creep_actives.txt,947,True
abilities,10_wave_fire_golem,infernal_duration,OnSpellStart[1]/DelayedAction[1]/Action[1]/SpawnUnit[1]/Duration[1],game/scripts/npc/abilities/normal_mode_creep_actives.txt,982,True
abilities,10_wave_fire_golem,radius,OnSpellStart[1]/DelayedAction[1]/Action[1]/DestroyTrees[1]/Radius[1],game/scripts/npc/abilities/normal_mode_creep_actives.txt,1006,True
abilities,10_wave_fire_golem,radius,OnSpellStart[1]/DelayedAction[1]/Action[1]/ApplyModifier[1]/Target[1]/Radius[1],game/scripts/npc/abilities/normal_mode_creep_actives.txt,1015,True
abilities,10_wave_fire_golem,stun_duration,OnSpellStart[1]/DelayedAction[1]/Action[1]/ApplyModifier[1]/Duration[1],game/scripts/npc/abilities/normal_mode_creep_actives.txt,1019,True
abilities,10_wave_fire_golem,damage,OnSpellStart[1]/DelayedAction[1]/Action[1]/Damage[1]/Damage[1],game/scripts/npc/abilities/normal_mode_creep_actives.txt,1025,True
abilities,10_wave_fire_golem,radius,OnSpellStart[1]/DelayedAction[1]/Action[1]/Damage[1]/Target[1]/Radius[1],game/scripts/npc/abilities/normal_mode_creep_actives.txt,1029,True
abilities,10_wave_rejuvenation,duration,OnSpellStart[1]/ApplyModifier[1]/Duration[1],game/scripts/npc/abilities/normal_mode_creep_actives.txt,1073,True
abilities,10_wave_rejuvenation,duration,Modifiers[1]/10_wave_rejuvenation[1]/Duration[1],game/scripts/npc/abilities/normal_mode_creep_actives.txt,1082,True
abilities,10_wave_rejuvenation,heal,Modifiers[1]/10_wave_rejuvenation[1]/OnIntervalThink[1]/Heal[1]/HealAmount[1],game/scripts/npc/abilities/normal_mode_creep_actives.txt,1093,True
abilities,11_wave_immolation,radius,Modifiers[1]/modifier_immolation[1]/OnIntervalThink[1]/RunScript[1]/Target[1]/Radius[1],game/scripts/npc/abilities/normal_mode_creep_actives.txt,1170,True
abilities,12_wave_stomp,radius,OnSpellStart[1]/FireEffect[1]/EffectRadius[1],game/scripts/npc/abilities/normal_mode_creep_actives.txt,1215,True
abilities,12_wave_stomp,radius,OnSpellStart[1]/FireEffect[1]/ControlPoints[1]/01[1],game/scripts/npc/abilities/normal_mode_creep_actives.txt,1219,True
abilities,12_wave_stomp,radius,OnSpellStart[1]/FireEffect[1]/ControlPoints[1]/01[1],game/scripts/npc/abilities/normal_mode_creep_actives.txt,1219,True
abilities,12_wave_stomp,radius,OnSpellStart[1]/ActOnTargets[1]/Target[1]/Radius[1],game/scripts/npc/abilities/normal_mode_creep_actives.txt,1233,True
abilities,12_wave_stomp,stomp_damage,OnSpellStart[1]/ActOnTargets[1]/Action[1]/Damage[1]/Damage[1],game/scripts/npc/abilities/normal_mode_creep_actives.txt,1244,True
abilities,12_wave_stomp,stun_duration,OnSpellStart[1]/ActOnTargets[1]/Action[1]/ApplyModifier[1]/Duration[1],game/scripts/npc/abilities/normal_mode_creep_actives.txt,1251,True
abilities,12_wave_roots,hero_duration,Modifiers[1]/modifier_entangling_roots[1]/Duration[1],game/scripts/npc/abilities/normal_mode_creep_actives.txt,1303,True
abilities,12_wave_roots,damage_per_second,Modifiers[1]/modifier_entangling_roots[1]/OnIntervalThink[1]/Damage[1]/Damage[1],game/scripts/npc/abilities/normal_mode_creep_actives.txt,1341,True
abilities,12_wave_bloodlust,duration,OnSpellStart[1]/ApplyModifier[1]/Duration[1],game/scripts/npc/abilities/normal_mode_creep_actives.txt,1387,True
abilities,12_wave_bloodlust,bonus_attack_speed,Modifiers[1]/modifier_12_wave_bloodlust[1]/Properties[1]/MODIFIER_PROPERTY_ATTACKSPEED_BONUS_CONSTANT[1],game/scripts/npc/abilities/normal_mode_creep_actives.txt,1396,True
abilities,12_wave_bloodlust,bonus_movement_speed,Modifiers[1]/modifier_12_wave_bloodlust[1]/Properties[1]/MODIFIER_PROPERTY_MOVESPEED_BONUS_PERCENTAGE[1],game/scripts/npc/abilities/normal_mode_creep_actives.txt,1397,True
abilities,13_wave_hurl_boulder,projectile_speed,OnSpellStart[1]/TrackingProjectile[1]/MoveSpeed[1],game/scripts/npc/abilities/normal_mode_creep_actives.txt,1470,True
abilities,14_wave_shadow_strike,duration,Modifiers[1]/modifier_shadow_strike[1]/Duration[1],game/scripts/npc/abilities/normal_mode_creep_actives.txt,1578,True
abilities,14_wave_shadow_strike,all_slow,Modifiers[1]/modifier_shadow_strike[1]/Properties[1]/MODIFIER_PROPERTY_MOVESPEED_BONUS_PERCENTAGE[1],game/scripts/npc/abilities/normal_mode_creep_actives.txt,1583,True
abilities,14_wave_shadow_strike,all_slow,Modifiers[1]/modifier_shadow_strike[1]/Properties[1]/MODIFIER_PROPERTY_ATTACKSPEED_BONUS_CONSTANT[1],game/scripts/npc/abilities/normal_mode_creep_actives.txt,1584,True
abilities,14_wave_shadow_strike,initial_damage,Modifiers[1]/modifier_shadow_strike[1]/OnCreated[1]/Damage[1]/Damage[1],game/scripts/npc/abilities/normal_mode_creep_actives.txt,1601,True
abilities,14_wave_shadow_strike,damage_every_3sec,Modifiers[1]/modifier_shadow_strike[1]/OnIntervalThink[1]/Damage[1]/Damage[1],game/scripts/npc/abilities/normal_mode_creep_actives.txt,1611,True
abilities,14_wave_storm_bolt,projectile_speed,OnSpellStart[1]/TrackingProjectile[1]/MoveSpeed[1],game/scripts/npc/abilities/normal_mode_creep_actives.txt,1668,True
abilities,15_megaboss_illusions,invuln_duration,Modifiers[1]/modifier_15_wave_illusions[1]/Duration[1],game/scripts/npc/abilities/normal_mode_creep_actives.txt,1749,True
abilities,15_megaboss_astral,duration_on_other,Modifiers[1]/modifier_decrepify_units_by_hero[1]/Duration[1],game/scripts/npc/abilities/normal_mode_creep_actives.txt,1833,True
abilities,15_megaboss_astral,duration_on_other,Modifiers[1]/modifier_decrepify_other[1]/Duration[1],game/scripts/npc/abilities/normal_mode_creep_actives.txt,1858,True
abilities,15_megaboss_astral,reduce_spell_damage_pct,Modifiers[1]/modifier_decrepify_other[1]/Properties[1]/MODIFIER_PROPERTY_MAGICAL_RESISTANCE_DECREPIFY_UNIQUE[1],game/scripts/npc/abilities/normal_mode_creep_actives.txt,1865,True
abilities,15_megaboss_astral,reduce_movement_speed,Modifiers[1]/modifier_decrepify_other[1]/Properties[1]/MODIFIER_PROPERTY_MOVESPEED_BONUS_PERCENTAGE[1],game/scripts/npc/abilities/normal_mode_creep_actives.txt,1866,True
abilities,15_megaboss_astral,duration_on_hero,Modifiers[1]/modifier_decrepify_hero[1]/Duration[1],game/scripts/npc/abilities/normal_mode_creep_actives.txt,1881,True
abilities,15_megaboss_astral,reduce_spell_damage_pct,Modifiers[1]/modifier_decrepify_hero[1]/Properties[1]/MODIFIER_PROPERTY_MAGICAL_RESISTANCE_DECREPIFY_UNIQUE[1],game/scripts/npc/abilities/normal_mode_creep_actives.txt,1888,True
abilities,15_megaboss_astral,reduce_movement_speed,Modifiers[1]/modifier_decrepify_hero[1]/Properties[1]/MODIFIER_PROPERTY_MOVESPEED_BONUS_PERCENTAGE[1],game/scripts/npc/abilities/normal_mode_creep_actives.txt,1889,True
abilities,15_megaboss_silence,radius,OnSpellStart[1]/FireEffect[1]/EffectRadius[1],game/scripts/npc/abilities/normal_mode_creep_actives.txt,1939,True
abilities,15_megaboss_silence,radius,OnSpellStart[1]/FireEffect[1]/ControlPoints[1]/01[1],game/scripts/npc/abilities/normal_mode_creep_actives.txt,1943,True
abilities,15_megaboss_silence,radius,OnSpellStart[1]/FireEffect[1]/ControlPoints[1]/01[1],game/scripts/npc/abilities/normal_mode_creep_actives.txt,1943,True
abilities,15_megaboss_silence,radius,OnSpellStart[1]/ActOnTargets[1]/Target[1]/Radius[1],game/scripts/npc/abilities/normal_mode_creep_actives.txt,1951,True
abilities,15_megaboss_silence,duration,Modifiers[1]/mod_15_megaboss_silence[1]/Duration[1],game/scripts/npc/abilities/normal_mode_creep_actives.txt,1973,True
abilities,16_wave_slow,attack_slow,Modifiers[1]/modifier_16_wave_slow[1]/Properties[1]/MODIFIER_PROPERTY_MOVESPEED_BONUS_PERCENTAGE[1],game/scripts/npc/abilities/normal_mode_creep_actives.txt,2068,True
abilities,16_wave_slow,movespeed_slow_pct,Modifiers[1]/modifier_16_wave_slow[1]/Properties[1]/MODIFIER_PROPERTY_ATTACKSPEED_BONUS_CONSTANT[1],game/scripts/npc/abilities/normal_mode_creep_actives.txt,2069,True
abilities,17_wave_purge,slow_per_stack,Modifiers[1]/modifier_purge_slow[1]/Properties[1]/MODIFIER_PROPERTY_MOVESPEED_BONUS_PERCENTAGE[1],game/scripts/npc/abilities/normal_mode_creep_actives.txt,2152,True
abilities,17_wave_purge,think_interval,Modifiers[1]/modifier_purge_slow[1]/ThinkInterval[1],game/scripts/npc/abilities/normal_mode_creep_actives.txt,2155,True
abilities,18_wave_silence,radius,OnSpellStart[1]/FireEffect[1]/EffectRadius[1],game/scripts/npc/abilities/normal_mode_creep_actives.txt,2207,True
abilities,18_wave_silence,radius,OnSpellStart[1]/FireEffect[1]/ControlPoints[1]/01[1],game/scripts/npc/abilities/normal_mode_creep_actives.txt,2211,True
abilities,18_wave_silence,radius,OnSpellStart[1]/FireEffect[1]/ControlPoints[1]/01[1],game/scripts/npc/abilities/normal_mode_creep_actives.txt,2211,True
abilities,18_wave_silence,radius,OnSpellStart[1]/ActOnTargets[1]/Target[1]/Radius[1],game/scripts/npc/abilities/normal_mode_creep_actives.txt,2219,True
abilities,18_wave_silence,duration,Modifiers[1]/modifier_18_wave_silence[1]/Duration[1],game/scripts/npc/abilities/normal_mode_creep_actives.txt,2241,True
abilities,19_wave_polymorph,duration,Modifiers[1]/modifier_hex[1]/Duration[1],game/scripts/npc/abilities/normal_mode_creep_actives.txt,2300,True
abilities,19_wave_polymorph,movespeed,Modifiers[1]/modifier_hex[1]/Properties[1]/MODIFIER_PROPERTY_MOVESPEED_BASE_OVERRIDE[1],game/scripts/npc/abilities/normal_mode_creep_actives.txt,2337,True
abilities,19_wave_faerie_fire,armor_reduction,Modifiers[1]/modifier_faerie_fire[1]/Properties[1]/MODIFIER_PROPERTY_PHYSICAL_ARMOR_BONUS[1],game/scripts/npc/abilities/normal_mode_creep_actives.txt,2402,True
abilities,orn_mutant_boss_slow,duration,Modifiers[1]/modifier_10_wave_slow[1]/Duration[1],game/scripts/npc/abilities/normal_mode_creep_actives.txt,2457,True
abilities,orn_mutant_boss_slow,cripple_movespeed_slow_pct,Modifiers[1]/modifier_10_wave_slow[1]/Properties[1]/MODIFIER_PROPERTY_MOVESPEED_BONUS_PERCENTAGE[1],game/scripts/npc/abilities/normal_mode_creep_actives.txt,2468,True
abilities,orn_mutant_boss_slow,cripple_attack_slow,Modifiers[1]/modifier_10_wave_slow[1]/Properties[1]/MODIFIER_PROPERTY_ATTACKSPEED_BONUS_CONSTANT[1],game/scripts/npc/abilities/normal_mode_creep_actives.txt,2469,True
abilities,true_sight,radius,Modifiers[1]/modifier_truesight_datadriven[1]/OnIntervalThink[1]/ActOnTargets[1]/Target[1]/Radius[1],game/scripts/npc/abilities/normal_mode_creep_passives.txt,33,True
abilities,4_wave_true_hit,strike_chance,Modifiers[1]/modifier_4_wave_true_hit[1]/OnAttackStart[1]/Random[1]/Chance[1],game/scripts/npc/abilities/normal_mode_creep_passives.txt,203,True
abilities,6_wave_spell_resist,resist,Modifiers[1]/6_wave_resist[1]/Properties[1]/MODIFIER_PROPERTY_MAGICAL_RESISTANCE_BONUS[1],game/scripts/npc/abilities/normal_mode_creep_passives.txt,324,True
abilities,7_wave_sharp_claws,armor_reduction,Modifiers[1]/modifier_7_wave_sharp_claws_debuff[1]/Properties[1]/MODIFIER_PROPERTY_PHYSICAL_ARMOR_BONUS[1],game/scripts/npc/abilities/normal_mode_creep_passives.txt,418,True
abilities,7_wave_plague,radius,Modifiers[1]/modifier_plague_datadriven[1]/Aura_Radius[1],game/scripts/npc/abilities/normal_mode_creep_passives.txt,455,True
abilities,7_wave_plague,immunity_time,Modifiers[1]/modifier_plague_aura_datadriven[1]/OnCreated[1]/RunScript[1]/immunity_time[1],game/scripts/npc/abilities/normal_mode_creep_passives.txt,472,True
abilities,7_wave_plague,plague_time,Modifiers[1]/modifier_plague_aura_datadriven[1]/OnDestroy[1]/RunScript[1]/plague_time[1],game/scripts/npc/abilities/normal_mode_creep_passives.txt,484,True
abilities,fire_golem_10_wave_megaboss_immolation,radius,Modifiers[1]/modifier_inferno_immolation[1]/Aura_Radius[1],game/scripts/npc/abilities/normal_mode_creep_passives.txt,618,True
abilities,fire_golem_10_wave_megaboss_immolation,dps,Modifiers[1]/modifier_inferno_immolation_burn[1]/OnIntervalThink[1]/Damage[1]/Damage[1],game/scripts/npc/abilities/normal_mode_creep_passives.txt,635,True
abilities,orn_all_bonuses,evasion,Modifiers[1]/orn_main_bonuses[1]/Properties[1]/MODIFIER_PROPERTY_EVASION_CONSTANT[1],game/scripts/npc/abilities/normal_mode_creep_passives.txt,890,True
abilities,orn_cleave_manabreak_lifesteal,cleave_damage,Modifiers[1]/modifier_orn_cleave[1]/OnAttackLanded[1]/CleaveAttack[1]/CleavePercent[1],game/scripts/npc/abilities/normal_mode_creep_passives.txt,922,True
abilities,orn_cleave_manabreak_lifesteal,cleave_radius,Modifiers[1]/modifier_orn_cleave[1]/OnAttackLanded[1]/CleaveAttack[1]/CleaveRadius[1],game/scripts/npc/abilities/normal_mode_creep_passives.txt,923,True
abilities,orn_cleave_manabreak_lifesteal,lifesteal_percent,Modifiers[1]/modifier_orn_lifesteal[1]/OnDealDamage[1]/Lifesteal[1]/LifestealPercent[1],game/scripts/npc/abilities/normal_mode_creep_passives.txt,957,True
abilities,orn_bash,bash_chance,Modifiers[1]/modifier_bash_orn[1]/OnAttackLanded[1]/Random[1]/Chance[1],game/scripts/npc/abilities/normal_mode_creep_passives.txt,1019,True
abilities,orn_bash,stun_hero_duration,Modifiers[1]/modifier_bash_orn[1]/OnAttackLanded[1]/Random[1]/OnSuccess[1]/ApplyModifier[1]/Duration[1],game/scripts/npc/abilities/normal_mode_creep_passives.txt,1038,True
abilities,orn_bash,AbilityDamage,Modifiers[1]/modifier_bash_orn[1]/OnAttackLanded[1]/Random[1]/OnSuccess[1]/Damage[1]/Damage[1],game/scripts/npc/abilities/normal_mode_creep_passives.txt,1045,True
abilities,orn_crit,crit_chance,Modifiers[1]/modifier_orn_crit[1]/OnAttackStart[1]/Random[1]/Chance[1],game/scripts/npc/abilities/normal_mode_creep_passives.txt,1108,True
abilities,orn_crit,crit_mult,Modifiers[1]/modifier_orn_crit_crit[1]/Properties[1]/MODIFIER_PROPERTY_PREATTACK_CRITICALSTRIKE[1],game/scripts/npc/abilities/normal_mode_creep_passives.txt,1132,True
abilities,ancient_priestess_surge_of_intelligence,radius_damage,OnSpellStart[1]/RunScript[1]/Target[1]/Radius[1],game/scripts/npc/abilities/npc_lia_hero_ancient_priestess.txt,48,True
abilities,android_war_stomp,radius,OnSpellStart[1]/FireEffect[1]/EffectRadius[1],game/scripts/npc/abilities/npc_lia_hero_android.txt,48,True
abilities,android_war_stomp,radius,OnSpellStart[1]/FireEffect[1]/ControlPoints[1]/01[1],game/scripts/npc/abilities/npc_lia_hero_android.txt,52,True
abilities,android_war_stomp,radius,OnSpellStart[1]/FireEffect[1]/ControlPoints[1]/01[1],game/scripts/npc/abilities/npc_lia_hero_android.txt,52,True
abilities,android_war_stomp,radius,OnSpellStart[1]/ActOnTargets[1]/Target[1]/Radius[1],game/scripts/npc/abilities/npc_lia_hero_android.txt,66,True
abilities,android_war_stomp,damage,OnSpellStart[1]/ActOnTargets[1]/Action[1]/Damage[1]/Damage[1],game/scripts/npc/abilities/npc_lia_hero_android.txt,77,True
abilities,android_war_stomp,stun_duration,OnSpellStart[1]/ActOnTargets[1]/Action[1]/ApplyModifier[1]/Duration[1],game/scripts/npc/abilities/npc_lia_hero_android.txt,84,True
abilities,android_pocket_factory_spawn_goblin1,bash_chance,Modifiers[1]/modifier_bash[1]/OnAttackLanded[1]/Random[1]/Chance[1],game/scripts/npc/abilities/npc_lia_hero_android.txt,338,True
abilities,android_pocket_factory_spawn_goblin1,stun_hero_duration,Modifiers[1]/modifier_bash[1]/OnAttackLanded[1]/Random[1]/OnSuccess[1]/ApplyModifier[1]/Duration[1],game/scripts/npc/abilities/npc_lia_hero_android.txt,357,True
abilities,android_pocket_factory_spawn_goblin2,bash_chance,Modifiers[1]/modifier_bash[1]/OnAttackLanded[1]/Random[1]/Chance[1],game/scripts/npc/abilities/npc_lia_hero_android.txt,391,True
abilities,android_pocket_factory_spawn_goblin2,stun_hero_duration,Modifiers[1]/modifier_bash[1]/OnAttackLanded[1]/Random[1]/OnSuccess[1]/ApplyModifier[1]/Duration[1],game/scripts/npc/abilities/npc_lia_hero_android.txt,410,True
abilities,android_pocket_factory_spawn_goblin3,bash_chance,Modifiers[1]/modifier_bash[1]/OnAttackLanded[1]/Random[1]/Chance[1],game/scripts/npc/abilities/npc_lia_hero_android.txt,444,True
abilities,android_pocket_factory_spawn_goblin3,stun_hero_duration,Modifiers[1]/modifier_bash[1]/OnAttackLanded[1]/Random[1]/OnSuccess[1]/ApplyModifier[1]/Duration[1],game/scripts/npc/abilities/npc_lia_hero_android.txt,463,True
abilities,araman_curse,radius,OnSpellStart[1]/RunScript[1]/Target[1]/Radius[1],game/scripts/npc/abilities/npc_lia_hero_araman.txt,39,True
abilities,araman_curse,stun_chance,OnSpellStart[1]/Random[1]/Chance[1],game/scripts/npc/abilities/npc_lia_hero_araman.txt,63,True
abilities,araman_curse,radius,OnSpellStart[1]/Random[1]/OnSuccess[1]/ApplyModifier[1]/Target[1]/Radius[1],game/scripts/npc/abilities/npc_lia_hero_araman.txt,74,True
abilities,araman_curse,stun_duration,OnSpellStart[1]/Random[1]/OnSuccess[1]/ApplyModifier[1]/Duration[1],game/scripts/npc/abilities/npc_lia_hero_araman.txt,78,True
abilities,archmage_polymorph,duration,Modifiers[1]/modifier_hex_archmage[1]/Duration[1],game/scripts/npc/abilities/npc_lia_hero_archmage.txt,138,True
abilities,archmage_polymorph,movespeed,Modifiers[1]/modifier_hex_archmage[1]/Properties[1]/MODIFIER_PROPERTY_MOVESPEED_BASE_OVERRIDE[1],game/scripts/npc/abilities/npc_lia_hero_archmage.txt,175,True
abilities,beastmaster_dominate,radius,AoERadius[1],game/scripts/npc/abilities/npc_lia_hero_beastmaster.txt,18,True
abilities,beastmaster_brutality,radius,OnSpellStart[1]/ActOnTargets[1]/Target[1]/Radius[1],game/scripts/npc/abilities/npc_lia_hero_beastmaster.txt,73,True
abilities,beastmaster_brutality,duration,Modifiers[1]/modifier_beastmaster_brutality[1]/Duration[1],game/scripts/npc/abilities/npc_lia_hero_beastmaster.txt,105,True
abilities,beastmaster_brutality,bonus_movement_speed,Modifiers[1]/modifier_beastmaster_brutality[1]/Properties[1]/MODIFIER_PROPERTY_MOVESPEED_BONUS_PERCENTAGE[1],game/scripts/npc/abilities/npc_lia_hero_beastmaster.txt,112,True
abilities,beastmaster_brutality,bonus_attack_speed,Modifiers[1]/modifier_beastmaster_brutality[1]/Properties[1]/MODIFIER_PROPERTY_ATTACKSPEED_BONUS_CONSTANT[1],game/scripts/npc/abilities/npc_lia_hero_beastmaster.txt,113,True
abilities,beastmaster_beasts,unit_count,OnSpellStart[1]/RunScript[1]/unit_count[1],game/scripts/npc/abilities/npc_lia_hero_beastmaster.txt,182,True
abilities,white_wolf_bm_howl,radius,OnSpellStart[1]/ActOnTargets[1]/Target[1]/Radius[1],game/scripts/npc/abilities/npc_lia_hero_beastmaster.txt,221,True
abilities,white_wolf_bm_howl,AbilityDuration,Modifiers[1]/modifier_white_wolf_bm_howl[1]/Duration[1],game/scripts/npc/abilities/npc_lia_hero_beastmaster.txt,253,True
abilities,white_wolf_bm_howl,bonus_damage,Modifiers[1]/modifier_white_wolf_bm_howl[1]/Properties[1]/MODIFIER_PROPERTY_BASEDAMAGEOUTGOING_PERCENTAGE[1],game/scripts/npc/abilities/npc_lia_hero_beastmaster.txt,260,True
abilities,white_wolf_bm_crit,crit_chance,Modifiers[1]/modifier_white_wolf_bm_crit[1]/OnAttackStart[1]/Random[1]/Chance[1],game/scripts/npc/abilities/npc_lia_hero_beastmaster.txt,306,True
abilities,white_wolf_bm_crit,crit_mult,Modifiers[1]/modifier_white_wolf_bm_crit_crit[1]/Properties[1]/MODIFIER_PROPERTY_PREATTACK_CRITICALSTRIKE[1],game/scripts/npc/abilities/npc_lia_hero_beastmaster.txt,324,True
abilities,jungle_stalker_bm_rejuvenation,duration,OnSpellStart[1]/ApplyModifier[1]/Duration[1],game/scripts/npc/abilities/npc_lia_hero_beastmaster.txt,374,True
abilities,jungle_stalker_bm_rejuvenation,duration,Modifiers[1]/jungle_stalker_bm_rejuvenation[1]/Duration[1],game/scripts/npc/abilities/npc_lia_hero_beastmaster.txt,383,True
abilities,jungle_stalker_bm_crit,crit_chance,Modifiers[1]/modifier_jungle_stalker_bm_crit[1]/OnAttackStart[1]/Random[1]/Chance[1],game/scripts/npc/abilities/npc_lia_hero_beastmaster.txt,441,True
abilities,jungle_stalker_bm_crit,crit_mult,Modifiers[1]/modifier_jungle_stalker_bm_crit_crit[1]/Properties[1]/MODIFIER_PROPERTY_PREATTACK_CRITICALSTRIKE[1],game/scripts/npc/abilities/npc_lia_hero_beastmaster.txt,459,True
abilities,phoenix_bm_phoenix_fire,radius,Modifiers[1]/modifier_phoenix_bm_phoenix_fire_start[1]/OnIntervalThink[1]/ActOnTargets[1]/Target[1]/Radius[1],game/scripts/npc/abilities/npc_lia_hero_beastmaster.txt,569,True
abilities,phoenix_bm_phoenix_fire,duration_creep,Modifiers[1]/modifier_phoenix_bm_phoenix_fire_start[1]/OnIntervalThink[1]/ActOnTargets[1]/Action[1]/ApplyModifier[1]/Duration[1],game/scripts/npc/abilities/npc_lia_hero_beastmaster.txt,587,True
abilities,phoenix_bm_phoenix_fire,damage_per_second,Modifiers[1]/modifier_phoenix_bm_phoenix_fire[1]/OnIntervalThink[1]/Damage[1]/Damage[1],game/scripts/npc/abilities/npc_lia_hero_beastmaster.txt,612,True
abilities,brewmaster_might,duration,OnSpellStart[1]/ApplyModifier[1]/Duration[1],game/scripts/npc/abilities/npc_lia_hero_brewmaster.txt,43,True
abilities,brewmaster_might,bonus_movespeed_percentage,Modifiers[1]/modifier_brewmaster_might[1]/Properties[1]/MODIFIER_PROPERTY_MOVESPEED_BONUS_PERCENTAGE[1],game/scripts/npc/abilities/npc_lia_hero_brewmaster.txt,64,True
abilities,brewmaster_might,bonus_strength,Modifiers[1]/modifier_brewmaster_might[1]/Properties[1]/MODIFIER_PROPERTY_STATS_STRENGTH_BONUS[1],game/scripts/npc/abilities/npc_lia_hero_brewmaster.txt,65,True
abilities,brewmaster_might,bonus_attackspeed,Modifiers[1]/modifier_brewmaster_might[1]/Properties[1]/MODIFIER_PROPERTY_ATTACKSPEED_BONUS_CONSTANT[1],game/scripts/npc/abilities/npc_lia_hero_brewmaster.txt,66,True
abilities,brewmaster_punisment,strength_percentage_return,Modifiers[1]/drunken_punches_datadriven[1]/OnAttacked[1]/RunScript[1]/Coefficient[1],game/scripts/npc/abilities/npc_lia_hero_brewmaster.txt,128,True
abilities,brewmaster_avatar,duration,OnSpellStart[1]/ApplyModifier[1]/Duration[1],game/scripts/npc/abilities/npc_lia_hero_brewmaster.txt,189,True
abilities,brewmaster_avatar,bonus_damage,Modifiers[1]/modifier_power_of_the_mountains[1]/Properties[1]/MODIFIER_PROPERTY_PREATTACK_BONUS_DAMAGE[1],game/scripts/npc/abilities/npc_lia_hero_brewmaster.txt,210,True
abilities,brewmaster_avatar,bonus_armor,Modifiers[1]/modifier_power_of_the_mountains[1]/Properties[1]/MODIFIER_PROPERTY_PHYSICAL_ARMOR_BONUS[1],game/scripts/npc/abilities/npc_lia_hero_brewmaster.txt,211,True
abilities,brewmaster_avatar,bonus_health,Modifiers[1]/modifier_power_of_the_mountains[1]/Properties[1]/MODIFIER_PROPERTY_HEALTH_BONUS[1],game/scripts/npc/abilities/npc_lia_hero_brewmaster.txt,212,True
abilities,butcher_howl_of_terror,radius,OnSpellStart[1]/AttachEffect[1]/EffectRadius[1],game/scripts/npc/abilities/npc_lia_hero_butcher.txt,140,True
abilities,butcher_howl_of_terror,radius,OnSpellStart[1]/ActOnTargets[1]/Target[1]/Radius[1],game/scripts/npc/abilities/npc_lia_hero_butcher.txt,149,True
abilities,butcher_howl_of_terror,damage_penalty_percentage,Modifiers[1]/modifier_butcher_howl_of_terror[1]/Properties[1]/MODIFIER_PROPERTY_BASEDAMAGEOUTGOING_PERCENTAGE[1],game/scripts/npc/abilities/npc_lia_hero_butcher.txt,181,True
abilities,dark_knight_dark_forces,duration,OnSpellStart[1]/ApplyModifier[1]/Duration[1],game/scripts/npc/abilities/npc_lia_hero_dark_knight.txt,51,True
abilities,dark_knight_dark_forces,coil_radius,Modifiers[1]/modifier_dark_knight_dark_forces_thinker[1]/OnCreated[1]/RunScript[1]/Target[1]/Radius[1],game/scripts/npc/abilities/npc_lia_hero_dark_knight.txt,90,True
abilities,dark_ranger_magic_arrow,acid_vision,OnSpellStart[1]/TrackingProjectile[1]/VisionRadius[1],game/scripts/npc/abilities/npc_lia_hero_dark_ranger.txt,103,True
abilities,dark_ranger_magic_arrow,acid_speed,OnSpellStart[1]/TrackingProjectile[1]/MoveSpeed[1],game/scripts/npc/abilities/npc_lia_hero_dark_ranger.txt,104,True
abilities,dark_ranger_magic_arrow,radius,OnProjectileHitUnit[1]/RunScript[1]/Target[1]/Radius[1],game/scripts/npc/abilities/npc_lia_hero_dark_ranger.txt,120,True
abilities,dark_ranger_magic_arrow,duration,Modifiers[1]/modifier_dark_ranger_magic_arrow_all_target[1]/Duration[1],game/scripts/npc/abilities/npc_lia_hero_dark_ranger.txt,134,True
abilities,dark_ranger_magic_arrow,tick,Modifiers[1]/modifier_dark_ranger_magic_arrow_all_target[1]/ThinkInterval[1],game/scripts/npc/abilities/npc_lia_hero_dark_ranger.txt,136,True
abilities,dark_ranger_magic_arrow,reduce_armor,Modifiers[1]/modifier_dark_ranger_magic_arrow_all_target[1]/Properties[1]/MODIFIER_PROPERTY_PHYSICAL_ARMOR_BONUS[1],game/scripts/npc/abilities/npc_lia_hero_dark_ranger.txt,147,True
abilities,dark_ranger_magic_arrow,duration,Modifiers[1]/modifier_dark_ranger_magic_arrow_main_target[1]/Duration[1],game/scripts/npc/abilities/npc_lia_hero_dark_ranger.txt,159,True
abilities,dark_ranger_magic_arrow,tick,Modifiers[1]/modifier_dark_ranger_magic_arrow_main_target[1]/ThinkInterval[1],game/scripts/npc/abilities/npc_lia_hero_dark_ranger.txt,161,True
abilities,dark_ranger_magic_arrow,reduce_armor,Modifiers[1]/modifier_dark_ranger_magic_arrow_main_target[1]/Properties[1]/MODIFIER_PROPERTY_PHYSICAL_ARMOR_BONUS[1],game/scripts/npc/abilities/npc_lia_hero_dark_ranger.txt,173,True
abilities,dark_ranger_fury,duration,Modifiers[1]/dark_ranger_fury[1]/Duration[1],game/scripts/npc/abilities/npc_lia_hero_dark_ranger.txt,292,True
abilities,dark_ranger_fury,bonus_range,Modifiers[1]/dark_ranger_fury[1]/Properties[1]/MODIFIER_PROPERTY_ATTACK_RANGE_BONUS[1],game/scripts/npc/abilities/npc_lia_hero_dark_ranger.txt,301,True
abilities,dark_ranger_fury,bonus_health,Modifiers[1]/dark_ranger_fury[1]/Properties[1]/MODIFIER_PROPERTY_HEALTH_BONUS[1],game/scripts/npc/abilities/npc_lia_hero_dark_ranger.txt,302,True
abilities,dark_ranger_fury,bonus_damage,Modifiers[1]/dark_ranger_fury[1]/Properties[1]/MODIFIER_PROPERTY_BASEATTACK_BONUSDAMAGE[1],game/scripts/npc/abilities/npc_lia_hero_dark_ranger.txt,303,True
abilities,demonologist_mastery_of_demonology_creep,bonus_damage,Modifiers[1]/modifier_mastery_of_demonology_buff[1]/Properties[1]/MODIFIER_PROPERTY_PREATTACK_BONUS_DAMAGE[1],game/scripts/npc/abilities/npc_lia_hero_demonologist.txt,220,True
abilities,dice_rage,duration,OnSpellStart[1]/ApplyModifier[1]/Duration[1],game/scripts/npc/abilities/npc_lia_hero_dice.txt,48,True
abilities,dice_rage,bonus_attack_speed,Modifiers[1]/modifier_dice_rage[1]/Properties[1]/MODIFIER_PROPERTY_ATTACKSPEED_BONUS_CONSTANT[1],game/scripts/npc/abilities/npc_lia_hero_dice.txt,60,True
abilities,dice_rage,bonus_health,Modifiers[1]/modifier_dice_rage[1]/Properties[1]/MODIFIER_PROPERTY_HEALTH_BONUS[1],game/scripts/npc/abilities/npc_lia_hero_dice.txt,61,True
abilities,dice_bash,bash_chance,Modifiers[1]/modifier_dice_bash[1]/OnAttackLanded[1]/Random[1]/Chance[1],game/scripts/npc/abilities/npc_lia_hero_dice.txt,101,True
abilities,dice_endurance_aura,radius,Modifiers[1]/modifier_dice_endurance_aura[1]/Aura_Radius[1],game/scripts/npc/abilities/npc_lia_hero_dice.txt,151,True
abilities,dice_endurance_aura,bonus_speed,Modifiers[1]/modifier_dice_endurance_aura_buff[1]/Properties[1]/MODIFIER_PROPERTY_ATTACKSPEED_BONUS_CONSTANT[1],game/scripts/npc/abilities/npc_lia_hero_dice.txt,161,True
abilities,dice_endurance_aura,bonus_speed,Modifiers[1]/modifier_dice_endurance_aura_buff[1]/Properties[1]/MODIFIER_PROPERTY_MOVESPEED_BONUS_PERCENTAGE[1],game/scripts/npc/abilities/npc_lia_hero_dice.txt,162,True
abilities,dice_steelstorm,duration,OnSpellStart[1]/ApplyModifier[1]/Duration[1],game/scripts/npc/abilities/npc_lia_hero_dice.txt,213,True
abilities,dice_steelstorm,steelstorm_radius,Modifiers[1]/modifier_steelstorm[1]/OnCreated[1]/AttachEffect[1]/ControlPoints[1]/05[1],game/scripts/npc/abilities/npc_lia_hero_dice.txt,241,True
abilities,dice_steelstorm,steelstorm_damage_tick,Modifiers[1]/modifier_steelstorm[1]/ThinkInterval[1],game/scripts/npc/abilities/npc_lia_hero_dice.txt,255,True
abilities,earth_lord_split_earth,radius,AoERadius[1],game/scripts/npc/abilities/npc_lia_hero_earth_lord.txt,70,True
abilities,earth_lord_stone_skin,duration,OnSpellStart[1]/ApplyModifier[1]/Duration[1],game/scripts/npc/abilities/npc_lia_hero_earth_lord.txt,154,True
abilities,earth_lord_stone_skin,bonus_armor,Modifiers[1]/modifier_earth_lord_stone_skin[1]/Properties[1]/MODIFIER_PROPERTY_PHYSICAL_ARMOR_BONUS[1],game/scripts/npc/abilities/npc_lia_hero_earth_lord.txt,180,True
abilities,earth_lord_stone_skin,magical_resistance,Modifiers[1]/modifier_earth_lord_stone_skin[1]/Properties[1]/MODIFIER_PROPERTY_MAGICAL_RESISTANCE_BONUS[1],game/scripts/npc/abilities/npc_lia_hero_earth_lord.txt,181,True
abilities,earth_lord_stone_skin,attack_damage,Modifiers[1]/modifier_earth_lord_stone_skin[1]/OnAttacked[1]/RunScript[1]/attack_damage[1],game/scripts/npc/abilities/npc_lia_hero_earth_lord.txt,190,False
abilities,earth_lord_stone_skin,debuff_duration,Modifiers[1]/modifier_earth_lord_stone_skin_melee_damage_reduction[1]/Duration[1],game/scripts/npc/abilities/npc_lia_hero_earth_lord.txt,199,True
abilities,earth_lord_stone_skin,damage_reduction,Modifiers[1]/modifier_earth_lord_stone_skin_melee_damage_reduction[1]/Properties[1]/MODIFIER_PROPERTY_DAMAGEOUTGOING_PERCENTAGE[1],game/scripts/npc/abilities/npc_lia_hero_earth_lord.txt,203,True
abilities,earth_lord_might_of_the_earth,radius,OnSpellStart[1]/ActOnTargets[1]/Target[1]/Radius[1],game/scripts/npc/abilities/npc_lia_hero_earth_lord.txt,256,True
abilities,earth_lord_might_of_the_earth,Damage,OnSpellStart[1]/ActOnTargets[1]/Action[1]/Damage[1]/Damage[1],game/scripts/npc/abilities/npc_lia_hero_earth_lord.txt,267,True
abilities,earth_lord_might_of_the_earth,radius,OnSpellStart[1]/AttachEffect[1]/EffectRadius[1],game/scripts/npc/abilities/npc_lia_hero_earth_lord.txt,288,True
abilities,earth_lord_might_of_the_earth,duration,Modifiers[1]/modifier_earth_lord_might_of_the_earth[1]/Duration[1],game/scripts/npc/abilities/npc_lia_hero_earth_lord.txt,300,True
abilities,earth_lord_might_of_the_earth,armor_reduction,Modifiers[1]/modifier_earth_lord_might_of_the_earth[1]/Properties[1]/MODIFIER_PROPERTY_PHYSICAL_ARMOR_BONUS[1],game/scripts/npc/abilities/npc_lia_hero_earth_lord.txt,304,True
abilities,fallen_champion_shell,radius,OnSpellStart[1]/FireEffect[1]/EffectRadius[1],game/scripts/npc/abilities/npc_lia_hero_fallen_champion.txt,46,True
abilities,fallen_champion_shell,radius,OnSpellStart[1]/FireEffect[1]/ControlPoints[1]/01[1],game/scripts/npc/abilities/npc_lia_hero_fallen_champion.txt,50,True
abilities,fallen_champion_shell,radius,OnSpellStart[1]/FireEffect[1]/ControlPoints[1]/01[1],game/scripts/npc/abilities/npc_lia_hero_fallen_champion.txt,50,True
abilities,fallen_champion_shell,radius,OnSpellStart[1]/RunScript[1]/Target[1]/Radius[1],game/scripts/npc/abilities/npc_lia_hero_fallen_champion.txt,67,True
abilities,fallen_champion_shell,attack_damage,Modifiers[1]/modifier_fallen_champion_shell[1]/OnTakeDamage[1]/RunScript[1]/Dmg[1],game/scripts/npc/abilities/npc_lia_hero_fallen_champion.txt,97,False
abilities,fallen_champion_shell,radius,Modifiers[1]/modifier_fallen_champion_shell[1]/OnDeath[1]/RunScript[1]/Target[1]/Radius[1],game/scripts/npc/abilities/npc_lia_hero_fallen_champion.txt,110,True
abilities,fallen_champion_roar,radius,OnSpellStart[1]/FireEffect[1]/EffectRadius[1],game/scripts/npc/abilities/npc_lia_hero_fallen_champion.txt,221,True
abilities,fallen_champion_roar,radius,OnSpellStart[1]/FireEffect[1]/ControlPoints[1]/01[1],game/scripts/npc/abilities/npc_lia_hero_fallen_champion.txt,225,True
abilities,fallen_champion_roar,radius,OnSpellStart[1]/FireEffect[1]/ControlPoints[1]/01[1],game/scripts/npc/abilities/npc_lia_hero_fallen_champion.txt,225,True
abilities,fallen_champion_roar,duration,OnSpellStart[1]/ApplyModifier[1]/Duration[1],game/scripts/npc/abilities/npc_lia_hero_fallen_champion.txt,237,True
abilities,fallen_champion_roar,radius,OnSpellStart[1]/ActOnTargets[1]/Target[1]/Radius[1],game/scripts/npc/abilities/npc_lia_hero_fallen_champion.txt,245,True
abilities,fallen_champion_roar,duration,OnSpellStart[1]/ActOnTargets[1]/Action[1]/ApplyModifier[1]/Duration[1],game/scripts/npc/abilities/npc_lia_hero_fallen_champion.txt,255,True
abilities,firelord_summon_lava_spawn,spawn_distance,OnSpellStart[1]/SpawnUnit[1]/Target[1]/ScriptSelectPoints[1]/distance[1],game/scripts/npc/abilities/npc_lia_hero_firelord.txt,120,True
abilities,firelord_summon_lava_spawn,lava_spawn_duration,OnSpellStart[1]/SpawnUnit[1]/Duration[1],game/scripts/npc/abilities/npc_lia_hero_firelord.txt,124,True
abilities,firelord_summon_lava_spawn,lava_spawn_1_count,OnSpellStart[1]/SpawnUnit[1]/UnitCount[1],game/scripts/npc/abilities/npc_lia_hero_firelord.txt,125,True
abilities,firelord_summon_lava_spawn,spawn_distance,OnSpellStart[1]/SpawnUnit[2]/Target[1]/ScriptSelectPoints[1]/distance[1],game/scripts/npc/abilities/npc_lia_hero_firelord.txt,170,True
abilities,firelord_summon_lava_spawn,lava_spawn_duration,OnSpellStart[1]/SpawnUnit[2]/Duration[1],game/scripts/npc/abilities/npc_lia_hero_firelord.txt,174,True
abilities,firelord_summon_lava_spawn,lava_spawn_2_count,OnSpellStart[1]/SpawnUnit[2]/UnitCount[1],game/scripts/npc/abilities/npc_lia_hero_firelord.txt,175,True
abilities,firelord_summon_lava_spawn,spawn_distance,OnSpellStart[1]/SpawnUnit[3]/Target[1]/ScriptSelectPoints[1]/distance[1],game/scripts/npc/abilities/npc_lia_hero_firelord.txt,220,True
abilities,firelord_summon_lava_spawn,lava_spawn_duration,OnSpellStart[1]/SpawnUnit[3]/Duration[1],game/scripts/npc/abilities/npc_lia_hero_firelord.txt,224,True
abilities,firelord_summon_lava_spawn,lava_spawn_3_count,OnSpellStart[1]/SpawnUnit[3]/UnitCount[1],game/scripts/npc/abilities/npc_lia_hero_firelord.txt,225,True
abilities,firelord_fire_trap,activation_delay,Modifiers[1]/modifier_stasis_ward[1]/Duration[1],game/scripts/npc/abilities/npc_lia_hero_firelord.txt,360,True
abilities,frost_lord_cold,radius,OnSpellStart[1]/FireEffect[1]/ControlPoints[1]/01[1],game/scripts/npc/abilities/npc_lia_hero_frost_lord.txt,119,True
abilities,frost_lord_cold,radius,OnSpellStart[1]/ActOnTargets[1]/Target[1]/Radius[1],game/scripts/npc/abilities/npc_lia_hero_frost_lord.txt,134,True
abilities,frost_lord_cold,duration,OnSpellStart[1]/ActOnTargets[1]/Action[1]/ApplyModifier[1]/Duration[1],game/scripts/npc/abilities/npc_lia_hero_frost_lord.txt,145,True
abilities,frost_lord_cold,duration,Modifiers[1]/modifier_frost_lord_cold[1]/Duration[1],game/scripts/npc/abilities/npc_lia_hero_frost_lord.txt,157,True
abilities,frost_lord_cold,movement_speed_slow,Modifiers[1]/modifier_frost_lord_cold[1]/Properties[1]/MODIFIER_PROPERTY_MOVESPEED_BONUS_PERCENTAGE[1],game/scripts/npc/abilities/npc_lia_hero_frost_lord.txt,164,True
abilities,frost_lord_cold,attack_speed_slow,Modifiers[1]/modifier_frost_lord_cold[1]/Properties[1]/MODIFIER_PROPERTY_ATTACKSPEED_BONUS_CONSTANT[1],game/scripts/npc/abilities/npc_lia_hero_frost_lord.txt,165,True
abilities,general_rumble,radius,OnSpellStart[1]/FireEffect[1]/EffectRadius[1],game/scripts/npc/abilities/npc_lia_hero_general.txt,47,True
abilities,general_rumble,radius,OnSpellStart[1]/FireEffect[1]/ControlPoints[1]/01[1],game/scripts/npc/abilities/npc_lia_hero_general.txt,51,True
abilities,general_rumble,radius,OnSpellStart[1]/FireEffect[1]/ControlPoints[1]/01[1],game/scripts/npc/abilities/npc_lia_hero_general.txt,51,True
abilities,general_rumble,radius,OnSpellStart[1]/ActOnTargets[1]/Target[1]/Radius[1],game/scripts/npc/abilities/npc_lia_hero_general.txt,65,True
abilities,general_rumble,stomp_damage,OnSpellStart[1]/ActOnTargets[1]/Action[1]/Damage[1]/Damage[1],game/scripts/npc/abilities/npc_lia_hero_general.txt,76,True
abilities,general_rumble,duration,Modifiers[1]/modifier_general_rumble[1]/Duration[1],game/scripts/npc/abilities/npc_lia_hero_general.txt,94,True
abilities,general_rumble,attack_slow,Modifiers[1]/modifier_general_rumble[1]/Properties[1]/MODIFIER_PROPERTY_ATTACKSPEED_BONUS_CONSTANT[1],game/scripts/npc/abilities/npc_lia_hero_general.txt,98,True
abilities,general_dark_magic_flow,projectile_speed,OnSpellStart[1]/TrackingProjectile[1]/MoveSpeed[1],game/scripts/npc/abilities/npc_lia_hero_general.txt,177,True
abilities,general_dark_magic_flow,duration,OnSpellStart[1]/ApplyModifier[1]/Duration[1],game/scripts/npc/abilities/npc_lia_hero_general.txt,188,True
abilities,general_dark_magic_flow,bonus_armor,Modifiers[1]/modifier_dark_magic_flow[1]/Properties[1]/MODIFIER_PROPERTY_PHYSICAL_ARMOR_BONUS[1],game/scripts/npc/abilities/npc_lia_hero_general.txt,210,True
abilities,ghoul_blood_thirst,duration,OnSpellStart[1]/ApplyModifier[1]/Duration[1],game/scripts/npc/abilities/npc_lia_hero_ghoul.txt,57,True
abilities,ghoul_blood_thirst,bonus_damage,Modifiers[1]/modifier_ghoul_blood_thirst[1]/Properties[1]/MODIFIER_PROPERTY_PREATTACK_BONUS_DAMAGE[1],game/scripts/npc/abilities/npc_lia_hero_ghoul.txt,78,True
abilities,ghoul_blood_thirst,bonus_armor,Modifiers[1]/modifier_ghoul_blood_thirst[1]/Properties[1]/MODIFIER_PROPERTY_PHYSICAL_ARMOR_BONUS[1],game/scripts/npc/abilities/npc_lia_hero_ghoul.txt,79,True
abilities,ghoul_blood_thirst,bonus_health,Modifiers[1]/modifier_ghoul_blood_thirst[1]/Properties[1]/MODIFIER_PROPERTY_HEALTH_BONUS[1],game/scripts/npc/abilities/npc_lia_hero_ghoul.txt,80,True
abilities,ghoul_devour,instant_heal,OnSpellStart[1]/RunScript[1]/instant_heal[1],game/scripts/npc/abilities/npc_lia_hero_ghoul.txt,163,True
abilities,ghoul_devour,heal_duration,Modifiers[1]/modifier_ghoul_devour_heal[1]/Duration[1],game/scripts/npc/abilities/npc_lia_hero_ghoul.txt,176,True
abilities,ghoul_devour,heal_per_second,Modifiers[1]/modifier_ghoul_devour_heal[1]/OnIntervalThink[1]/Heal[1]/HealAmount[1],game/scripts/npc/abilities/npc_lia_hero_ghoul.txt,184,True
abilities,ghoul_devour,slow_duration,Modifiers[1]/modifier_ghoul_devour_slow[1]/Duration[1],game/scripts/npc/abilities/npc_lia_hero_ghoul.txt,192,True
abilities,ghoul_devour,movement_slow,Modifiers[1]/modifier_ghoul_devour_slow[1]/Properties[1]/MODIFIER_PROPERTY_ATTACKSPEED_BONUS_CONSTANT[1],game/scripts/npc/abilities/npc_lia_hero_ghoul.txt,200,True
abilities,ghoul_devour,attack_slow,Modifiers[1]/modifier_ghoul_devour_slow[1]/Properties[1]/MODIFIER_PROPERTY_MOVESPEED_BONUS_PERCENTAGE[1],game/scripts/npc/abilities/npc_lia_hero_ghoul.txt,201,True
abilities,akron_explosion,duration,Modifiers[1]/modifier_akron_explosion_burn[1]/Duration[1],game/scripts/npc/abilities/npc_lia_hero_golem.txt,74,True
abilities,akron_explosion,burn_damage_actual,Modifiers[1]/modifier_akron_explosion_burn[1]/OnIntervalThink[1]/Damage[1]/Damage[1],game/scripts/npc/abilities/npc_lia_hero_golem.txt,83,True
abilities,akron_firerage,radius,AoERadius[1],game/scripts/npc/abilities/npc_lia_hero_golem.txt,139,True
abilities,akron_firerage,radius,AbilityCastRange[1],game/scripts/npc/abilities/npc_lia_hero_golem.txt,140,True
abilities,akron_firerage,StackForExplosion,Modifiers[1]/modifier_firerage_datadriven[1]/OnAttacked[1]/RunScript[1]/Stack[1],game/scripts/npc/abilities/npc_lia_hero_golem.txt,176,True
abilities,akron_firerage,damage,Modifiers[1]/modifier_firerage_explosion[1]/OnCreated[1]/Damage[1]/Damage[1],game/scripts/npc/abilities/npc_lia_hero_golem.txt,201,True
abilities,akron_firerage,radius,Modifiers[1]/modifier_firerage_explosion[1]/OnCreated[1]/Damage[1]/Target[1]/Radius[1],game/scripts/npc/abilities/npc_lia_hero_golem.txt,206,True
abilities,acron_molten_fury,radius,OnSpellStart[1]/RunScript[1]/Target[1]/Radius[1],game/scripts/npc/abilities/npc_lia_hero_golem.txt,258,True
abilities,acron_molten_fury,duration,Modifiers[1]/modifier_akron_battle_fevor_aura[1]/Duration[1],game/scripts/npc/abilities/npc_lia_hero_golem.txt,281,True
abilities,acron_molten_fury,radius,Modifiers[1]/modifier_akron_battle_fevor_aura[1]/Aura_Radius[1],game/scripts/npc/abilities/npc_lia_hero_golem.txt,287,True
abilities,acron_molten_fury,bonus_attack_speed,Modifiers[1]/modifier_akron_battle_fevor[1]/Properties[1]/MODIFIER_PROPERTY_ATTACKSPEED_BONUS_CONSTANT[1],game/scripts/npc/abilities/npc_lia_hero_golem.txt,303,True
abilities,acron_molten_fury,damage_reduction,Modifiers[1]/modifier_akron_battle_fevor[1]/Properties[1]/MODIFIER_PROPERTY_DAMAGEOUTGOING_PERCENTAGE[1],game/scripts/npc/abilities/npc_lia_hero_golem.txt,304,True
abilities,akron_ground_slam,radius,AoERadius[1],game/scripts/npc/abilities/npc_lia_hero_golem.txt,376,True
abilities,akron_ground_slam,radius,OnSpellStart[1]/ActOnTargets[1]/Target[1]/Radius[1],game/scripts/npc/abilities/npc_lia_hero_golem.txt,392,True
abilities,akron_ground_slam,Damage,OnSpellStart[1]/ActOnTargets[1]/Action[1]/Damage[1]/Damage[1],game/scripts/npc/abilities/npc_lia_hero_golem.txt,403,True
abilities,akron_ground_slam,radius,OnSpellStart[1]/AttachEffect[1]/EffectRadius[1],game/scripts/npc/abilities/npc_lia_hero_golem.txt,424,True
abilities,akron_ground_slam,duration,Modifiers[1]/modifier_eruption_datadriven[1]/Duration[1],game/scripts/npc/abilities/npc_lia_hero_golem.txt,436,True
abilities,akron_ground_slam,slow_speed_attack_and_movement,Modifiers[1]/modifier_eruption_datadriven[1]/Properties[1]/MODIFIER_PROPERTY_MOVESPEED_BONUS_PERCENTAGE[1],game/scripts/npc/abilities/npc_lia_hero_golem.txt,440,True
abilities,hermit_storm1,AbilityDuration,OnSpellStart[1]/ApplyModifier[1]/Duration[1],game/scripts/npc/abilities/npc_lia_hero_hermit.txt,298,True
abilities,hermit_storm1,delay_cause,OnProjectileHitUnit[1]/DelayedAction[1]/Delay[1],game/scripts/npc/abilities/npc_lia_hero_hermit.txt,308,True
abilities,hermit_storm1,radius_cause,OnProjectileHitUnit[1]/DelayedAction[1]/Action[1]/Damage[1]/Target[1]/Radius[1],game/scripts/npc/abilities/npc_lia_hero_hermit.txt,317,True
abilities,hermit_storm1,AbilityDamage,OnProjectileHitUnit[1]/DelayedAction[1]/Action[1]/Damage[1]/Damage[1],game/scripts/npc/abilities/npc_lia_hero_hermit.txt,323,True
abilities,hermit_storm1,for_tick,Modifiers[1]/modifier_storm_hero[1]/ThinkInterval[1],game/scripts/npc/abilities/npc_lia_hero_hermit.txt,368,True
abilities,highlander_storm_bolt,radius,OnSpellStart[1]/TrackingProjectile[1]/VisionRadius[1],game/scripts/npc/abilities/npc_lia_hero_highlander.txt,51,True
abilities,highlander_storm_bolt,bolt_speed,OnSpellStart[1]/TrackingProjectile[1]/MoveSpeed[1],game/scripts/npc/abilities/npc_lia_hero_highlander.txt,52,True
abilities,highlander_heavy_axe,duration,Modifiers[1]/modifier_highlander_heavy_axe[1]/Duration[1],game/scripts/npc/abilities/npc_lia_hero_highlander.txt,122,True
abilities,highlander_heavy_axe,bonus_movement_speed_percentage,Modifiers[1]/modifier_highlander_heavy_axe[1]/Properties[1]/MODIFIER_PROPERTY_MOVESPEED_BONUS_PERCENTAGE[1],game/scripts/npc/abilities/npc_lia_hero_highlander.txt,141,True
abilities,highlander_heavy_axe,bonus_damage,Modifiers[1]/modifier_highlander_heavy_axe[1]/Properties[1]/MODIFIER_PROPERTY_PREATTACK_BONUS_DAMAGE[1],game/scripts/npc/abilities/npc_lia_hero_highlander.txt,142,True
abilities,highlander_might_of_the_highlander,radius,OnSpellStart[1]/FireEffect[1]/ControlPoints[1]/01[1],game/scripts/npc/abilities/npc_lia_hero_highlander.txt,227,True
abilities,highlander_might_of_the_highlander,radius,OnSpellStart[1]/ActOnTargets[1]/Target[1]/Radius[1],game/scripts/npc/abilities/npc_lia_hero_highlander.txt,243,True
abilities,highlander_might_of_the_highlander,damage,OnSpellStart[1]/ActOnTargets[1]/Action[1]/Damage[1]/Damage[1],game/scripts/npc/abilities/npc_lia_hero_highlander.txt,254,True
abilities,highlander_might_of_the_highlander,duration,Modifiers[1]/modifier_highlander_might_of_the_highlander[1]/Duration[1],game/scripts/npc/abilities/npc_lia_hero_highlander.txt,270,True
abilities,highlander_might_of_the_highlander,movement_speed_slow,Modifiers[1]/modifier_highlander_might_of_the_highlander[1]/Properties[1]/MODIFIER_PROPERTY_MOVESPEED_BONUS_PERCENTAGE[1],game/scripts/npc/abilities/npc_lia_hero_highlander.txt,277,True
abilities,illusionist_whiff_of_deception,radius,OnSpellStart[1]/RunScript[1]/Target[1]/Radius[1],game/scripts/npc/abilities/npc_lia_hero_illusionist.txt,38,True
abilities,illusionist_mastery_of_deception,bchance,Modifiers[1]/modifier_illusionist_mastery_of_deception[1]/OnAttacked[1]/Random[1]/Chance[1],game/scripts/npc/abilities/npc_lia_hero_illusionist.txt,156,True
abilities,illusionist_agility_paws,prt_bonus,Modifiers[1]/modifier_illusionist_agility_paws[1]/OnDestroy[1]/Random[1]/Chance[1],game/scripts/npc/abilities/npc_lia_hero_illusionist.txt,263,True
abilities,keeper_of_the_grove_roots,radius,AoERadius[1],game/scripts/npc/abilities/npc_lia_hero_keeper_of_the_grove.txt,30,True
abilities,keeper_of_the_grove_roots,radius,OnSpellStart[1]/RunScript[1]/Target[1]/Radius[1],game/scripts/npc/abilities/npc_lia_hero_keeper_of_the_grove.txt,64,True
abilities,keeper_of_the_grove_roots,radius,OnSpellStart[1]/Damage[1]/Target[1]/Radius[1],game/scripts/npc/abilities/npc_lia_hero_keeper_of_the_grove.txt,74,True
abilities,keeper_of_the_grove_roots,damage_per_second,OnSpellStart[1]/Damage[1]/Damage[1],game/scripts/npc/abilities/npc_lia_hero_keeper_of_the_grove.txt,79,True
abilities,keeper_of_the_grove_roots,damage_per_second,Modifiers[1]/modifier_keeper_of_the_grove_roots_damage[1]/OnIntervalThink[1]/Damage[1]/Damage[1],game/scripts/npc/abilities/npc_lia_hero_keeper_of_the_grove.txt,109,True
abilities,keeper_of_the_grove_treants_cyclone,damage,Modifiers[1]/modifier_keeper_of_the_grove_treants_cyclone[1]/OnDestroy[1]/Damage[1]/Damage[1],game/scripts/npc/abilities/npc_lia_hero_keeper_of_the_grove.txt,385,True
abilities,keeper_of_the_grove_guardian_spirit_narure_forces,radius,OnSpellStart[1]/ActOnTargets[1]/Target[1]/Radius[1],game/scripts/npc/abilities/npc_lia_hero_keeper_of_the_grove.txt,444,True
abilities,keeper_of_the_grove_guardian_spirit_narure_forces,duration,Modifiers[1]/modifier_guardian_spirit_narure_forces[1]/Duration[1],game/scripts/npc/abilities/npc_lia_hero_keeper_of_the_grove.txt,476,True
abilities,keeper_of_the_grove_guardian_spirit_narure_forces,bonus_armor,Modifiers[1]/modifier_guardian_spirit_narure_forces[1]/Properties[1]/MODIFIER_PROPERTY_PHYSICAL_ARMOR_BONUS[1],game/scripts/npc/abilities/npc_lia_hero_keeper_of_the_grove.txt,483,True
abilities,keeper_of_the_grove_guardian_spirit_narure_forces,bonus_regen,Modifiers[1]/modifier_guardian_spirit_narure_forces[1]/Properties[1]/MODIFIER_PROPERTY_HEALTH_REGEN_CONSTANT[1],game/scripts/npc/abilities/npc_lia_hero_keeper_of_the_grove.txt,484,True
abilities,knight_illusions,invuln_duration,Modifiers[1]/modifier_knight_illusions[1]/Duration[1],game/scripts/npc/abilities/npc_lia_hero_knight.txt,70,True
abilities,knight_illusions,radius_damage,Modifiers[1]/modifier_knight_illusions[1]/OnCreated[1]/Damage[1]/Target[1]/Radius[1],game/scripts/npc/abilities/npc_lia_hero_knight.txt,95,True
abilities,knight_illusions,bonus_damage,Modifiers[1]/modifier_knight_illusions[1]/OnCreated[1]/Damage[1]/Damage[1],game/scripts/npc/abilities/npc_lia_hero_knight.txt,101,True
abilities,knight_illusions,radius_damage,Modifiers[1]/modifier_knight_illusions[1]/OnCreated[1]/ActOnTargets[1]/Target[1]/Radius[1],game/scripts/npc/abilities/npc_lia_hero_knight.txt,109,True
abilities,knight_dark_gifts,duration,Modifiers[1]/modifier_knight_dark_gifts[1]/Duration[1],game/scripts/npc/abilities/npc_lia_hero_knight.txt,247,True
abilities,knight_dark_gifts,bonus_movespeed_percentage,Modifiers[1]/modifier_knight_dark_gifts[1]/Properties[1]/MODIFIER_PROPERTY_MOVESPEED_BONUS_PERCENTAGE[1],game/scripts/npc/abilities/npc_lia_hero_knight.txt,258,True
abilities,knight_dark_gifts,bonus_armor,Modifiers[1]/modifier_knight_dark_gifts[1]/Properties[1]/MODIFIER_PROPERTY_PHYSICAL_ARMOR_BONUS[1],game/scripts/npc/abilities/npc_lia_hero_knight.txt,259,True
abilities,knight_dark_gifts,bonus_attackspeed,Modifiers[1]/modifier_knight_dark_gifts[1]/Properties[1]/MODIFIER_PROPERTY_ATTACKSPEED_BONUS_CONSTANT[1],game/scripts/npc/abilities/npc_lia_hero_knight.txt,260,True
abilities,knight_dark_gifts,immun_magic,Modifiers[1]/modifier_knight_dark_gifts[1]/Properties[1]/MODIFIER_PROPERTY_MAGICAL_RESISTANCE_BONUS[1],game/scripts/npc/abilities/npc_lia_hero_knight.txt,261,True
abilities,kret_acid,acid_vision,OnSpellStart[1]/TrackingProjectile[1]/VisionRadius[1],game/scripts/npc/abilities/npc_lia_hero_kret.txt,66,True
abilities,kret_acid,acid_speed,OnSpellStart[1]/TrackingProjectile[1]/MoveSpeed[1],game/scripts/npc/abilities/npc_lia_hero_kret.txt,67,True
abilities,kret_acid,radius,OnProjectileHitUnit[1]/RunScript[1]/Target[1]/Radius[1],game/scripts/npc/abilities/npc_lia_hero_kret.txt,82,True
abilities,kret_acid,duration,Modifiers[1]/modifier_kret_acid_all_target[1]/Duration[1],game/scripts/npc/abilities/npc_lia_hero_kret.txt,96,True
abilities,kret_acid,tick,Modifiers[1]/modifier_kret_acid_all_target[1]/ThinkInterval[1],game/scripts/npc/abilities/npc_lia_hero_kret.txt,98,True
abilities,kret_acid,reduce_ms,Modifiers[1]/modifier_kret_acid_all_target[1]/Properties[1]/MODIFIER_PROPERTY_MOVESPEED_BONUS_PERCENTAGE[1],game/scripts/npc/abilities/npc_lia_hero_kret.txt,109,True
abilities,kret_acid,reduce_armor,Modifiers[1]/modifier_kret_acid_all_target[1]/Properties[1]/MODIFIER_PROPERTY_PHYSICAL_ARMOR_BONUS[1],game/scripts/npc/abilities/npc_lia_hero_kret.txt,110,True
abilities,kret_acid,duration,Modifiers[1]/modifier_kret_acid_main_target[1]/Duration[1],game/scripts/npc/abilities/npc_lia_hero_kret.txt,122,True
abilities,kret_acid,tick,Modifiers[1]/modifier_kret_acid_main_target[1]/ThinkInterval[1],game/scripts/npc/abilities/npc_lia_hero_kret.txt,124,True
abilities,kret_acid,reduce_ms,Modifiers[1]/modifier_kret_acid_main_target[1]/Properties[1]/MODIFIER_PROPERTY_MOVESPEED_BONUS_PERCENTAGE[1],game/scripts/npc/abilities/npc_lia_hero_kret.txt,136,True
abilities,kret_acid,reduce_armor,Modifiers[1]/modifier_kret_acid_main_target[1]/Properties[1]/MODIFIER_PROPERTY_PHYSICAL_ARMOR_BONUS[1],game/scripts/npc/abilities/npc_lia_hero_kret.txt,137,True
abilities,kret_virus,acid_vision,OnSpellStart[1]/TrackingProjectile[1]/VisionRadius[1],game/scripts/npc/abilities/npc_lia_hero_kret.txt,260,True
abilities,kret_virus,acid_speed,OnSpellStart[1]/TrackingProjectile[1]/MoveSpeed[1],game/scripts/npc/abilities/npc_lia_hero_kret.txt,261,True
abilities,kret_virus,radius,OnProjectileHitUnit[1]/RunScript[1]/Target[1]/Radius[1],game/scripts/npc/abilities/npc_lia_hero_kret.txt,277,True
abilities,kret_virus,duration,Modifiers[1]/modifier_kret_virus_main_target[1]/Duration[1],game/scripts/npc/abilities/npc_lia_hero_kret.txt,292,True
abilities,kret_virus,main_damage,Modifiers[1]/modifier_kret_virus_main_target[1]/OnDestroy[1]/Damage[1]/Damage[1],game/scripts/npc/abilities/npc_lia_hero_kret.txt,309,True
abilities,kret_virus,reduce_ms,Modifiers[1]/modifier_kret_virus_main_target[1]/Properties[1]/MODIFIER_PROPERTY_MOVESPEED_BONUS_PERCENTAGE[1],game/scripts/npc/abilities/npc_lia_hero_kret.txt,315,True
abilities,lord_of_lightning_holy_wrath,radius,Modifiers[1]/modifier_lord_of_lightning_holy_wrath[1]/Aura_Radius[1],game/scripts/npc/abilities/npc_lia_hero_lord_of_lightning.txt,164,True
abilities,lord_of_lightning_holy_wrath,chance_dmg,Modifiers[1]/modifier_lord_of_lightning_holy_wrath_aura[1]/OnAttacked[1]/Random[1]/Chance[1],game/scripts/npc/abilities/npc_lia_hero_lord_of_lightning.txt,177,True
abilities,royal_naga_guard_sea_wave,speed,OnSpellStart[1]/LinearProjectile[1]/MoveSpeed[1],game/scripts/npc/abilities/npc_lia_hero_naga_royal_guard.txt,62,True
abilities,royal_naga_guard_sea_wave,start_radius,OnSpellStart[1]/LinearProjectile[1]/StartRadius[1],game/scripts/npc/abilities/npc_lia_hero_naga_royal_guard.txt,63,True
abilities,royal_naga_guard_sea_wave,end_radius,OnSpellStart[1]/LinearProjectile[1]/EndRadius[1],game/scripts/npc/abilities/npc_lia_hero_naga_royal_guard.txt,65,True
abilities,royal_naga_guard_sea_wave,range,OnSpellStart[1]/LinearProjectile[1]/FixedDistance[1],game/scripts/npc/abilities/npc_lia_hero_naga_royal_guard.txt,66,True
abilities,royal_naga_guard_sea_wave,AbilityDamage,OnProjectileHitUnit[1]/Damage[1]/Damage[1],game/scripts/npc/abilities/npc_lia_hero_naga_royal_guard.txt,86,True
abilities,naga_royal_guard_bash,bash_chance,Modifiers[1]/modifier_naga_royal_guard_bash[1]/OnAttackLanded[1]/Random[1]/Chance[1],game/scripts/npc/abilities/npc_lia_hero_naga_royal_guard.txt,146,True
abilities,naga_royal_guard_crush,duration,Modifiers[1]/modifier_crush_bonus_movespeed[1]/Duration[1],game/scripts/npc/abilities/npc_lia_hero_naga_royal_guard.txt,210,True
abilities,naga_royal_guard_crush,bonus_move_speed_percentage,Modifiers[1]/modifier_crush_bonus_movespeed[1]/Properties[1]/MODIFIER_PROPERTY_MOVESPEED_BONUS_PERCENTAGE[1],game/scripts/npc/abilities/npc_lia_hero_naga_royal_guard.txt,215,True
abilities,naga_royal_guard_crush,radius,Modifiers[1]/modifier_crush_bonus_movespeed[1]/OnIntervalThink[1]/RunScript[1]/Target[1]/Radius[1],game/scripts/npc/abilities/npc_lia_hero_naga_royal_guard.txt,246,True
abilities,naga_siren_song,duration,Modifiers[1]/modifier_naga_siren_song_aura[1]/Duration[1],game/scripts/npc/abilities/npc_lia_hero_naga_siren.txt,168,True
abilities,naga_siren_song,radius,Modifiers[1]/modifier_naga_siren_song_aura[1]/Aura_Radius[1],game/scripts/npc/abilities/npc_lia_hero_naga_siren.txt,174,True
abilities,paladin_blizzard,radius,AOERadius[1],game/scripts/npc/abilities/npc_lia_hero_paladin.txt,26,True
abilities,paladin_impregnability,tick,Modifiers[1]/modifier_impregnability_new[1]/ThinkInterval[1],game/scripts/npc/abilities/npc_lia_hero_paladin.txt,222,True
abilities,paladin_impregnability,duration,Modifiers[1]/modifier_impregnability_aura_inv[1]/Duration[1],game/scripts/npc/abilities/npc_lia_hero_paladin.txt,251,True
abilities,pirate_magic_rum,radius,OnSpellStart[1]/FireEffect[1]/ControlPoints[1]/01[1],game/scripts/npc/abilities/npc_lia_hero_pirate.txt,58,True
abilities,pirate_magic_rum,radius,OnSpellStart[1]/ApplyModifier[1]/Target[1]/Radius[1],game/scripts/npc/abilities/npc_lia_hero_pirate.txt,79,True
abilities,pirate_magic_rum,duration,Modifiers[1]/modifier_pirate_magic_rum[1]/Duration[1],game/scripts/npc/abilities/npc_lia_hero_pirate.txt,92,True
abilities,pirate_magic_rum,miss_percentage,Modifiers[1]/modifier_pirate_magic_rum[1]/Properties[1]/MODIFIER_PROPERTY_MISS_PERCENTAGE[1],game/scripts/npc/abilities/npc_lia_hero_pirate.txt,98,True
abilities,pirate_magic_rum,damage,Modifiers[1]/modifier_pirate_magic_rum[1]/OnIntervalThink[1]/Damage[1]/Damage[1],game/scripts/npc/abilities/npc_lia_hero_pirate.txt,113,True
abilities,pirate_metamorphosis,duration,Modifiers[1]/modifier_metamorphosis[1]/Duration[1],game/scripts/npc/abilities/npc_lia_hero_pirate.txt,251,True
abilities,pirate_metamorphosis,bonus_range,Modifiers[1]/modifier_metamorphosis[1]/Properties[1]/MODIFIER_PROPERTY_ATTACK_RANGE_BONUS[1],game/scripts/npc/abilities/npc_lia_hero_pirate.txt,283,True
abilities,pirate_metamorphosis,bonus_health,Modifiers[1]/modifier_metamorphosis[1]/Properties[1]/MODIFIER_PROPERTY_HEALTH_BONUS[1],game/scripts/npc/abilities/npc_lia_hero_pirate.txt,284,True
abilities,pirate_metamorphosis,base_attack_time,Modifiers[1]/modifier_metamorphosis[1]/Properties[1]/MODIFIER_PROPERTY_BASE_ATTACK_TIME_CONSTANT[1],game/scripts/npc/abilities/npc_lia_hero_pirate.txt,285,True
abilities,pirate_metamorphosis,attack_damage,Modifiers[1]/modifier_metamorphosis[1]/OnAttackLanded[1]/RunScript[1]/attack_damage[1],game/scripts/npc/abilities/npc_lia_hero_pirate.txt,295,False
abilities,serpent_queen_ball_lightning,duration,OnSpellStart[1]/ApplyModifier[1]/Duration[1],game/scripts/npc/abilities/npc_lia_hero_serpent_queen.txt,63,True
abilities,serpent_queen_heavenly_power,duration,Modifiers[1]/modifier_serpent_queen_heavenly_power[1]/Duration[1],game/scripts/npc/abilities/npc_lia_hero_serpent_queen.txt,197,True
abilities,serpent_queen_heavenly_power,bonus_agility,Modifiers[1]/modifier_serpent_queen_heavenly_power[1]/Properties[1]/MODIFIER_PROPERTY_STATS_AGILITY_BONUS[1],game/scripts/npc/abilities/npc_lia_hero_serpent_queen.txt,202,True
abilities,serpent_queen_anger,radius,OnSpellStart[1]/ActOnTargets[1]/Target[1]/Radius[1],game/scripts/npc/abilities/npc_lia_hero_serpent_queen.txt,297,True
abilities,serpent_queen_anger,AbilityDuration,Modifiers[1]/modifier_serpent_queen_anger[1]/Duration[1],game/scripts/npc/abilities/npc_lia_hero_serpent_queen.txt,327,True
abilities,serpent_queen_anger,bonus_damage,Modifiers[1]/modifier_serpent_queen_anger[1]/Properties[1]/MODIFIER_PROPERTY_PREATTACK_BONUS_DAMAGE[1],game/scripts/npc/abilities/npc_lia_hero_serpent_queen.txt,334,True
abilities,shadow_master_steal_shadow,radius,OnSpellStart[1]/RunScript[1]/Target[1]/Radius[1],game/scripts/npc/abilities/npc_lia_hero_shadow_master.txt,106,True
abilities,shadow_master_steal_shadow,damage_per_sec,Modifiers[1]/modifier_steal_shadow[1]/OnIntervalThink[1]/Damage[1]/Damage[1],game/scripts/npc/abilities/npc_lia_hero_shadow_master.txt,130,True
abilities,shadow_master_agility_of_shadows,chance,Modifiers[1]/modifier_agility_of_shadows[1]/OnAttacked[1]/Random[1]/Chance[1],game/scripts/npc/abilities/npc_lia_hero_shadow_master.txt,192,True
abilities,shadow_master_agility_of_shadows,bonus_attack_speed,Modifiers[1]/modifier_art_of_shadows_buff[1]/Properties[1]/MODIFIER_PROPERTY_ATTACKSPEED_BONUS_CONSTANT[1],game/scripts/npc/abilities/npc_lia_hero_shadow_master.txt,215,True
abilities,shaman_starfall_datadriven,starfall_radius,OnSpellStart[1]/ActOnTargets[1]/Target[1]/Radius[1],game/scripts/npc/abilities/npc_lia_hero_shaman.txt,101,True
abilities,shaman_starfall_datadriven,starfall_delay,OnSpellStart[1]/ActOnTargets[1]/Action[1]/DelayedAction[1]/Delay[1],game/scripts/npc/abilities/npc_lia_hero_shaman.txt,117,True
abilities,shaman_starfall_datadriven,AbilityDamage,OnSpellStart[1]/ActOnTargets[1]/Action[1]/DelayedAction[1]/Action[1]/Damage[1]/Damage[1],game/scripts/npc/abilities/npc_lia_hero_shaman.txt,131,True
abilities,shaman_starfall_datadriven,AbilityDuration,Modifiers[1]/starfall_regen[1]/Duration[1],game/scripts/npc/abilities/npc_lia_hero_shaman.txt,164,True
abilities,shaman_starfall_datadriven,tick,Modifiers[1]/starfall_regen[1]/ThinkInterval[1],game/scripts/npc/abilities/npc_lia_hero_shaman.txt,166,True
abilities,shaman_starfall_datadriven,regen_percentage,Modifiers[1]/starfall_regen[1]/OnIntervalThink[1]/RunScript[1]/regen_percentage[1],game/scripts/npc/abilities/npc_lia_hero_shaman.txt,173,True
abilities,shaman_starfall_datadriven,tick,Modifiers[1]/starfall_regen[1]/OnIntervalThink[1]/RunScript[1]/tick[1],game/scripts/npc/abilities/npc_lia_hero_shaman.txt,174,True
abilities,shaman_madness_datadriven,duration,OnSpellStart[1]/ApplyModifier[1]/Duration[1],game/scripts/npc/abilities/npc_lia_hero_shaman.txt,228,True
abilities,shaman_madness_datadriven,bonus_movespeed_percentage,Modifiers[1]/madness_datadriven[1]/Properties[1]/MODIFIER_PROPERTY_MOVESPEED_BONUS_PERCENTAGE[1],game/scripts/npc/abilities/npc_lia_hero_shaman.txt,245,True
abilities,shaman_madness_datadriven,bonus_attackspeed,Modifiers[1]/madness_datadriven[1]/Properties[1]/MODIFIER_PROPERTY_ATTACKSPEED_BONUS_CONSTANT[1],game/scripts/npc/abilities/npc_lia_hero_shaman.txt,246,True
abilities,skeleton_mage_aqua_vitae,radius,OnSpellStart[1]/FireEffect[1]/ControlPoints[1]/01[1],game/scripts/npc/abilities/npc_lia_hero_skeleton_mage.txt,60,True
abilities,skeleton_mage_aqua_vitae,radius,OnSpellStart[1]/ApplyModifier[1]/Target[1]/Radius[1],game/scripts/npc/abilities/npc_lia_hero_skeleton_mage.txt,77,True
abilities,skeleton_mage_aqua_vitae,duration,Modifiers[1]/modifier_skeleton_mage_aqua_vitae_all[1]/Duration[1],game/scripts/npc/abilities/npc_lia_hero_skeleton_mage.txt,89,True
abilities,skeleton_mage_aqua_vitae,damage,Modifiers[1]/modifier_skeleton_mage_aqua_vitae_all[1]/OnIntervalThink[1]/RunScript[1]/damage[1],game/scripts/npc/abilities/npc_lia_hero_skeleton_mage.txt,100,True
abilities,skeleton_mage_aqua_vitae,heal,Modifiers[1]/modifier_skeleton_mage_aqua_vitae_all[1]/OnIntervalThink[1]/RunScript[1]/heal[1],game/scripts/npc/abilities/npc_lia_hero_skeleton_mage.txt,101,True
abilities,skeleton_mage_death_energy,radius,OnSpellStart[1]/Damage[1]/Target[1]/Radius[1],game/scripts/npc/abilities/npc_lia_hero_skeleton_mage.txt,232,True
abilities,skeleton_mage_death_energy,damage_initial,OnSpellStart[1]/Damage[1]/Damage[1],game/scripts/npc/abilities/npc_lia_hero_skeleton_mage.txt,237,True
abilities,skeleton_mage_death_energy,radius,OnSpellStart[1]/ApplyModifier[1]/Target[1]/Radius[1],game/scripts/npc/abilities/npc_lia_hero_skeleton_mage.txt,245,True
abilities,skeleton_mage_death_energy,radius,OnSpellStart[1]/AttachEffect[1]/ControlPoints[1]/01[1],game/scripts/npc/abilities/npc_lia_hero_skeleton_mage.txt,262,True
abilities,skeleton_mage_death_energy,duration,Modifiers[1]/modifier_skeleton_mage_death_energy_damage[1]/Duration[1],game/scripts/npc/abilities/npc_lia_hero_skeleton_mage.txt,272,True
abilities,skeleton_mage_death_energy,movement_speed_slow_percentage,Modifiers[1]/modifier_skeleton_mage_death_energy_damage[1]/Properties[1]/MODIFIER_PROPERTY_MOVESPEED_BONUS_PERCENTAGE[1],game/scripts/npc/abilities/npc_lia_hero_skeleton_mage.txt,278,True
abilities,skeleton_mage_death_energy,radius,Modifiers[1]/modifier_skeleton_mage_death_energy_damage[1]/OnIntervalThink[1]/RunScript[1]/Target[1]/Radius[1],game/scripts/npc/abilities/npc_lia_hero_skeleton_mage.txt,291,True
abilities,skeleton_thief_wind_walk,duration,OnSpellStart[1]/ApplyModifier[1]/Duration[1],game/scripts/npc/abilities/npc_lia_hero_skeleton_thief.txt,58,True
abilities,skeleton_thief_wind_walk,duration,Modifiers[1]/modifier_skeleton_thief_wind_walk[1]/Duration[1],game/scripts/npc/abilities/npc_lia_hero_skeleton_thief.txt,68,True
abilities,skeleton_thief_wind_walk,duration,Modifiers[1]/modifier_skeleton_thief_wind_walk[1]/OnCreated[1]/ApplyModifier[1]/Duration[1],game/scripts/npc/abilities/npc_lia_hero_skeleton_thief.txt,83,True
abilities,skeleton_thief_wind_walk,bonus_movespeed,Modifiers[1]/modifier_skeleton_thief_wind_walk[1]/Properties[1]/MODIFIER_PROPERTY_MOVESPEED_BONUS_PERCENTAGE[1],game/scripts/npc/abilities/npc_lia_hero_skeleton_thief.txt,89,True
abilities,skeleton_thief_wind_walk,bonus_damage,Modifiers[1]/modifier_skeleton_thief_wind_walk[1]/OnAttackLanded[1]/Damage[1]/Damage[1],game/scripts/npc/abilities/npc_lia_hero_skeleton_thief.txt,124,True
abilities,skeleton_thief_wind_walk,bonus_damage,Modifiers[1]/modifier_skeleton_thief_wind_walk[1]/OnAttackLanded[1]/FireEffect[1]/ControlPoints[1]/01[1],game/scripts/npc/abilities/npc_lia_hero_skeleton_thief.txt,134,True
abilities,skeleton_thief_fury,duration,OnSpellStart[1]/ApplyModifier[1]/Duration[1],game/scripts/npc/abilities/npc_lia_hero_skeleton_thief.txt,217,True
abilities,skeleton_thief_fury,bonus_attackspeed,Modifiers[1]/modifier_skeleton_thief_fury[1]/Properties[1]/MODIFIER_PROPERTY_ATTACKSPEED_BONUS_CONSTANT[1],game/scripts/npc/abilities/npc_lia_hero_skeleton_thief.txt,240,True
abilities,skeleton_thief_concentration,crit_mult,Modifiers[1]/modifier_skeleton_thief_concentration_crit[1]/Properties[1]/MODIFIER_PROPERTY_PREATTACK_CRITICALSTRIKE[1],game/scripts/npc/abilities/npc_lia_hero_skeleton_thief.txt,363,True
abilities,minotaur_guardian_spirits1,invuln_duration,Modifiers[1]/modifier_minotaur_guardian_spirits[1]/Duration[1],game/scripts/npc/abilities/npc_lia_hero_taur.txt,187,True
abilities,time_lord_wisdom_flow,stack_interval,AbilityCooldown[1],game/scripts/npc/abilities/npc_lia_hero_time_lord.txt,99,True
abilities,time_lord_stop_time,bonus_movespeed_percentage,Modifiers[1]/modifier_time_lock_bonus[1]/Properties[1]/MODIFIER_PROPERTY_MOVESPEED_BONUS_PERCENTAGE[1],game/scripts/npc/abilities/npc_lia_hero_time_lord.txt,211,True
abilities,time_lord_stop_time,bonus_attackspeed,Modifiers[1]/modifier_time_lock_bonus[1]/Properties[1]/MODIFIER_PROPERTY_ATTACKSPEED_BONUS_CONSTANT[1],game/scripts/npc/abilities/npc_lia_hero_time_lord.txt,212,True
abilities,troll_cutthroat_enchanted_axes,whirl_duration,OnSpellStart[1]/ApplyModifier[1]/Duration[1],game/scripts/npc/abilities/npc_lia_hero_troll_cutthroat.txt,184,True
abilities,troll_cutthroat_enchanted_axes,hit_radius,Modifiers[1]/modifier_whirling_axes_melee_think_datadriven[1]/Aura_Radius[1],game/scripts/npc/abilities/npc_lia_hero_troll_cutthroat.txt,196,True
abilities,troll_cutthroat_enchanted_axes,think_interval,Modifiers[1]/modifier_whirling_axes_melee_think_datadriven[1]/ThinkInterval[1],game/scripts/npc/abilities/npc_lia_hero_troll_cutthroat.txt,202,True
abilities,troll_cutthroat_enchanted_axes,bonus_movement_speed,Modifiers[1]/modifier_whirling_axes_melee_phase[1]/Properties[1]/MODIFIER_PROPERTY_MOVESPEED_BONUS_PERCENTAGE[1],game/scripts/npc/abilities/npc_lia_hero_troll_cutthroat.txt,248,True
abilities,valkyrie_rage1,AbilityDuration,OnSpellStart[1]/ApplyModifier[1]/Duration[1],game/scripts/npc/abilities/npc_lia_hero_valkyrie.txt,83,True
abilities,valkyrie_rage1,bonus_agility,Modifiers[1]/modifier_valkyrie_rage[1]/Properties[1]/MODIFIER_PROPERTY_STATS_AGILITY_BONUS[1],game/scripts/npc/abilities/npc_lia_hero_valkyrie.txt,108,True
abilities,valkyrie_rage1,radius,Modifiers[1]/modifier_valkyrie_rage[1]/OnOrbImpact[1]/ActOnTargets[1]/Target[1]/Radius[1],game/scripts/npc/abilities/npc_lia_hero_valkyrie.txt,122,True
abilities,valkyrie_rage1,bonus_damage,Modifiers[1]/modifier_valkyrie_rage[1]/OnOrbImpact[1]/ActOnTargets[1]/Action[1]/Damage[1]/Damage[1],game/scripts/npc/abilities/npc_lia_hero_valkyrie.txt,137,True
abilities,valkyrie_true_hit,radius,Modifiers[1]/modifier_true_hit[1]/OnAttackStart[1]/RunScript[1]/Target[1]/Radius[1],game/scripts/npc/abilities/npc_lia_hero_valkyrie.txt,200,True
abilities,valkyrie_true_hit,bonus_damage,Modifiers[1]/modifier_true_hit[1]/OnAttackStart[1]/RunScript[1]/Damage[1],game/scripts/npc/abilities/npc_lia_hero_valkyrie.txt,205,False
abilities,valkyrie_fury,duration,OnSpellStart[1]/ApplyModifier[1]/Duration[1],game/scripts/npc/abilities/npc_lia_hero_valkyrie.txt,273,True
abilities,valkyrie_fury,bonus_attack_speed,Modifiers[1]/modifier_valkyrie_fury_buff[1]/Properties[1]/MODIFIER_PROPERTY_ATTACKSPEED_BONUS_CONSTANT[1],game/scripts/npc/abilities/npc_lia_hero_valkyrie.txt,282,True
abilities,vampire_life_drain,radius,OnSpellStart[1]/RunScript[1]/Target[1]/Radius[1],game/scripts/npc/abilities/npc_lia_hero_vampire.txt,60,True
abilities,vampire_life_drain,duration,Modifiers[1]/modifier_vampire_life_drain[1]/Duration[1],game/scripts/npc/abilities/npc_lia_hero_vampire.txt,84,True
abilities,vampire_life_drain,radius,Modifiers[1]/modifier_vampire_life_drain[1]/OnIntervalThink[1]/RunScript[1]/Target[1]/Radius[1],game/scripts/npc/abilities/npc_lia_hero_vampire.txt,97,True
abilities,vampire_thirst,radius,Modifiers[1]/modifier_vampire_thirst[1]/OnIntervalThink[1]/RunScript[1]/Target[1]/Radius[1],game/scripts/npc/abilities/npc_lia_hero_vampire.txt,165,True
abilities,vampire_thirst,attack_speed_bonus,Modifiers[1]/modifier_vampire_thirst_bonus[1]/Properties[1]/MODIFIER_PROPERTY_ATTACKSPEED_BONUS_CONSTANT[1],game/scripts/npc/abilities/npc_lia_hero_vampire.txt,182,True
abilities,vampire_transformation,init_dmg_aoe,OnSpellStart[1]/RunScript[1]/Target[1]/Radius[1],game/scripts/npc/abilities/npc_lia_hero_vampire.txt,268,True
abilities,vampire_transformation,duration,Modifiers[1]/modifier_vampire_transformation[1]/Duration[1],game/scripts/npc/abilities/npc_lia_hero_vampire.txt,280,True
abilities,vampire_transformation,bonus_range,Modifiers[1]/modifier_vampire_transformation[1]/Properties[1]/MODIFIER_PROPERTY_ATTACK_RANGE_BONUS[1],game/scripts/npc/abilities/npc_lia_hero_vampire.txt,308,True
abilities,vampire_transformation,bonus_health,Modifiers[1]/modifier_vampire_transformation[1]/Properties[1]/MODIFIER_PROPERTY_HEALTH_BONUS[1],game/scripts/npc/abilities/npc_lia_hero_vampire.txt,309,True
abilities,vampire_transformation,base_attack_time,Modifiers[1]/modifier_vampire_transformation[1]/Properties[1]/MODIFIER_PROPERTY_BASE_ATTACK_TIME_CONSTANT[1],game/scripts/npc/abilities/npc_lia_hero_vampire.txt,310,True
abilities,vampire_transformation,bonus_movement_speed,Modifiers[1]/modifier_vampire_transformation[1]/Properties[1]/MODIFIER_PROPERTY_MOVESPEED_BONUS_CONSTANT[1],game/scripts/npc/abilities/npc_lia_hero_vampire.txt,311,True
abilities,vampire_transformation,aoe_dmg_radius,Modifiers[1]/modifier_vampire_transformation[1]/OnOrbImpact[1]/RunScript[1]/Target[1]/Radius[1],game/scripts/npc/abilities/npc_lia_hero_vampire.txt,328,True
abilities,vowen_from_blood_soul_burn,bonus_attack_speed,Modifiers[1]/voven_from_blood_soul_burn_buff[1]/Properties[1]/MODIFIER_PROPERTY_ATTACKSPEED_BONUS_CONSTANT[1],game/scripts/npc/abilities/npc_lia_hero_vowen_from_blood.txt,165,True
abilities,vowen_from_blood_soul_burn,damage_penalty_percentage,Modifiers[1]/voven_from_blood_soul_burn_debuff[1]/Properties[1]/MODIFIER_PROPERTY_BASEDAMAGEOUTGOING_PERCENTAGE[1],game/scripts/npc/abilities/npc_lia_hero_vowen_from_blood.txt,174,True
abilities,vowen_from_blood_soul_burn,damage,Modifiers[1]/voven_from_blood_soul_burn_debuff[1]/OnIntervalThink[1]/Damage[1]/Damage[1],game/scripts/npc/abilities/npc_lia_hero_vowen_from_blood.txt,193,True
abilities,vowen_from_blood_chaos,radius,OnSpellStart[1]/FireEffect[1]/ControlPoints[1]/01[1],game/scripts/npc/abilities/npc_lia_hero_vowen_from_blood.txt,260,True
abilities,vowen_from_blood_chaos,radius,OnSpellStart[1]/FireEffect[1]/ControlPoints[1]/02[1],game/scripts/npc/abilities/npc_lia_hero_vowen_from_blood.txt,261,True
abilities,vowen_from_blood_chaos,radius,OnSpellStart[1]/FireEffect[1]/ControlPoints[1]/03[1],game/scripts/npc/abilities/npc_lia_hero_vowen_from_blood.txt,262,True
abilities,vowen_from_blood_chaos,radius,OnSpellStart[1]/ActOnTargets[1]/Target[1]/Radius[1],game/scripts/npc/abilities/npc_lia_hero_vowen_from_blood.txt,278,True
abilities,vowen_from_blood_chaos,damage,OnSpellStart[1]/ActOnTargets[1]/Action[1]/Damage[1]/Damage[1],game/scripts/npc/abilities/npc_lia_hero_vowen_from_blood.txt,289,True
abilities,vowen_from_blood_chaos,duration,Modifiers[1]/modifier_vowen_from_blood_chaos[1]/Duration[1],game/scripts/npc/abilities/npc_lia_hero_vowen_from_blood.txt,305,True
abilities,vowen_from_blood_chaos,damage_penalty_percentage,Modifiers[1]/modifier_vowen_from_blood_chaos[1]/Properties[1]/MODIFIER_PROPERTY_BASEDAMAGEOUTGOING_PERCENTAGE[1],game/scripts/npc/abilities/npc_lia_hero_vowen_from_blood.txt,312,True
abilities,wanderer_spirit_of_the_plains,duration,OnSpellStart[1]/RunScript[1]/durat[1],game/scripts/npc/abilities/npc_lia_hero_wanderer.txt,85,True
abilities,warlock_sacrifice,tick_interval,Modifiers[1]/modifier_sacrifice[1]/ThinkInterval[1],game/scripts/npc/abilities/npc_lia_hero_warlock.txt,98,True
abilities,warlock_sacrifice,radius,Modifiers[1]/modifier_sacrifice[1]/OnIntervalThink[1]/RunScript[1]/radius[1],game/scripts/npc/abilities/npc_lia_hero_warlock.txt,109,True
abilities,warlock_sacrifice,barrier_reduction,Modifiers[1]/modifier_sacrifice[1]/OnIntervalThink[1]/RunScript[1]/barrier_reduction[1],game/scripts/npc/abilities/npc_lia_hero_warlock.txt,110,True
abilities,warlock_sacrifice,change_per_teak,Modifiers[1]/modifier_sacrifice[1]/OnIntervalThink[1]/RunScript[1]/change_per_teak[1],game/scripts/npc/abilities/npc_lia_hero_warlock.txt,111,True
abilities,warlock_sacrifice,duration_invulnerable,Modifiers[1]/modifier_sacrifice_invulnerability[1]/Duration[1],game/scripts/npc/abilities/npc_lia_hero_warlock.txt,119,True
abilities,warrior_of_light_fetters,radius,OnSpellStart[1]/ApplyModifier[1]/Target[1]/Radius[1],game/scripts/npc/abilities/npc_lia_hero_warrior_of_light.txt,55,True
abilities,warrior_of_light_fetters,duration,Modifiers[1]/warrior_of_light_fetters[1]/Duration[1],game/scripts/npc/abilities/npc_lia_hero_warrior_of_light.txt,67,True
abilities,warrior_of_light_fetters,damage_for_attack,Modifiers[1]/warrior_of_light_fetters[1]/OnAttackStart[1]/Damage[1]/Damage[1],game/scripts/npc/abilities/npc_lia_hero_warrior_of_light.txt,76,True
abilities,warrior_of_light_fetters,penalty_ms,Modifiers[1]/warrior_of_light_fetters[1]/Properties[1]/MODIFIER_PROPERTY_MOVESPEED_BONUS_PERCENTAGE[1],game/scripts/npc/abilities/npc_lia_hero_warrior_of_light.txt,81,True
abilities,warrior_of_light_divine_protection,radius,OnSpellStart[1]/ActOnTargets[1]/Target[1]/Radius[1],game/scripts/npc/abilities/npc_lia_hero_warrior_of_light.txt,185,True
abilities,warrior_of_light_divine_protection,duration,Modifiers[1]/modifier_divine_protection_datadriven[1]/Duration[1],game/scripts/npc/abilities/npc_lia_hero_warrior_of_light.txt,211,True
abilities,warrior_of_light_divine_protection,armor,Modifiers[1]/modifier_divine_protection_datadriven[1]/Properties[1]/MODIFIER_PROPERTY_PHYSICAL_ARMOR_BONUS[1],game/scripts/npc/abilities/npc_lia_hero_warrior_of_light.txt,218,True
abilities,warrior_of_light_divine_protection,attack_damage_proc,Modifiers[1]/modifier_divine_protection_datadriven[1]/Properties[1]/MODIFIER_PROPERTY_DAMAGEOUTGOING_PERCENTAGE[1],game/scripts/npc/abilities/npc_lia_hero_warrior_of_light.txt,219,True
abilities,witch_doctor_discharge,radius,OnSpellStart[1]/Knockback[1]/Target[1]/Radius[1],game/scripts/npc/abilities/npc_lia_hero_witch_doctor.txt,165,True
abilities,witch_doctor_discharge,distance,OnSpellStart[1]/Knockback[1]/Distance[1],game/scripts/npc/abilities/npc_lia_hero_witch_doctor.txt,171,True
abilities,witch_doctor_discharge,air_time,OnSpellStart[1]/Knockback[1]/Duration[1],game/scripts/npc/abilities/npc_lia_hero_witch_doctor.txt,172,True
abilities,witch_doctor_discharge,radius,OnSpellStart[1]/RunScript[1]/Target[1]/Radius[1],game/scripts/npc/abilities/npc_lia_hero_witch_doctor.txt,184,True
abilities,troll_defender_armor_aura,radius,Modifiers[1]/modifier_troll_armor[1]/Aura_Radius[1],game/scripts/npc/abilities/purchasable_units_skills.txt,47,True
abilities,troll_defender_armor_aura,bonus_armor,Modifiers[1]/modifier_troll_aura[1]/Properties[1]/MODIFIER_PROPERTY_PHYSICAL_ARMOR_BONUS[1],game/scripts/npc/abilities/purchasable_units_skills.txt,57,True
abilities,doom_spawn_cripple,duration,Modifiers[1]/modifier_item_rod_of_atos_datadriven_cripple[1]/Duration[1],game/scripts/npc/abilities/purchasable_units_skills.txt,103,True
abilities,doom_spawn_cripple,cripple_movespeed_slow_pct,Modifiers[1]/modifier_item_rod_of_atos_datadriven_cripple[1]/Properties[1]/MODIFIER_PROPERTY_MOVESPEED_BONUS_PERCENTAGE[1],game/scripts/npc/abilities/purchasable_units_skills.txt,115,True
abilities,doom_spawn_cripple,cripple_attack_slow,Modifiers[1]/modifier_item_rod_of_atos_datadriven_cripple[1]/Properties[1]/MODIFIER_PROPERTY_ATTACKSPEED_BONUS_CONSTANT[1],game/scripts/npc/abilities/purchasable_units_skills.txt,116,True
abilities,doom_spawn_cripple,cripple_damage_decrease_pct,Modifiers[1]/modifier_item_rod_of_atos_datadriven_cripple[1]/Properties[1]/MODIFIER_PROPERTY_BASEDAMAGEOUTGOING_PERCENTAGE[1],game/scripts/npc/abilities/purchasable_units_skills.txt,117,True
abilities,doom_spawn_stomp,radius,OnSpellStart[1]/FireEffect[1]/EffectRadius[1],game/scripts/npc/abilities/purchasable_units_skills.txt,162,True
abilities,doom_spawn_stomp,radius,OnSpellStart[1]/FireEffect[1]/ControlPoints[1]/01[1],game/scripts/npc/abilities/purchasable_units_skills.txt,166,True
abilities,doom_spawn_stomp,radius,OnSpellStart[1]/FireEffect[1]/ControlPoints[1]/01[1],game/scripts/npc/abilities/purchasable_units_skills.txt,166,True
abilities,doom_spawn_stomp,radius,OnSpellStart[1]/ActOnTargets[1]/Target[1]/Radius[1],game/scripts/npc/abilities/purchasable_units_skills.txt,180,True
abilities,doom_spawn_stomp,stomp_damage,OnSpellStart[1]/ActOnTargets[1]/Action[1]/Damage[1]/Damage[1],game/scripts/npc/abilities/purchasable_units_skills.txt,191,True
abilities,doom_spawn_stomp,stun_duration,Modifiers[1]/modifier_doom_spawn_stomp[1]/Duration[1],game/scripts/npc/abilities/purchasable_units_skills.txt,208,True
abilities,hell_beast_bloodlust,duration,OnSpellStart[1]/ApplyModifier[1]/Duration[1],game/scripts/npc/abilities/purchasable_units_skills.txt,262,True
abilities,hell_beast_bloodlust,bonus_attack_speed,Modifiers[1]/modifier_bloodlust_hell_beast[1]/Properties[1]/MODIFIER_PROPERTY_ATTACKSPEED_BONUS_CONSTANT[1],game/scripts/npc/abilities/purchasable_units_skills.txt,272,True
abilities,hell_beast_bloodlust,bonus_movement_speed,Modifiers[1]/modifier_bloodlust_hell_beast[1]/Properties[1]/MODIFIER_PROPERTY_MOVESPEED_BONUS_PERCENTAGE[1],game/scripts/npc/abilities/purchasable_units_skills.txt,273,True
abilities,boar_poison,duration,Modifiers[1]/modifier_poisoned_weapon_debuff[1]/Duration[1],game/scripts/npc/abilities/purchasable_units_skills.txt,375,True
abilities,boar_poison,movement_slow,Modifiers[1]/modifier_poisoned_weapon_debuff[1]/Properties[1]/MODIFIER_PROPERTY_MOVESPEED_BONUS_PERCENTAGE[1],game/scripts/npc/abilities/purchasable_units_skills.txt,382,True
abilities,boar_poison,attack_slow,Modifiers[1]/modifier_poisoned_weapon_debuff[1]/Properties[1]/MODIFIER_PROPERTY_ATTACKSPEED_BONUS_CONSTANT[1],game/scripts/npc/abilities/purchasable_units_skills.txt,383,True
abilities,troll_healer_heal,radius,OnSpellStart[1]/ActOnTargets[1]/Target[1]/Radius[1],game/scripts/npc/abilities/purchasable_units_skills.txt,435,True
abilities,troll_healer_heal,radius,OnSpellStart[1]/RunScript[1]/Target[1]/Radius[1],game/scripts/npc/abilities/purchasable_units_skills.txt,458,True
abilities,troll_healer_heal,value_heal,OnSpellStart[1]/Heal[1]/HealAmount[1],game/scripts/npc/abilities/purchasable_units_skills.txt,467,True
abilities,shadow_return_to_owner,owner_health_restore,OnOwnerDied[1]/RunScript[1]/owner_health_restore[1],game/scripts/npc/abilities/shadow_abilities.txt,25,True
abilities,shadow_world_of_shadows,duration,OnSpellStart[1]/ApplyModifier[1]/Duration[1],game/scripts/npc/abilities/shadow_abilities.txt,113,True
abilities,shadow_world_of_shadows,duration,Modifiers[1]/modifier_world_of_shadows[1]/Duration[1],game/scripts/npc/abilities/shadow_abilities.txt,123,True
abilities,shadow_world_of_shadows,duration,Modifiers[1]/modifier_world_of_shadows[1]/OnCreated[1]/ApplyModifier[1]/Duration[1],game/scripts/npc/abilities/shadow_abilities.txt,138,True
abilities,shadow_world_of_shadows,bonus_movespeed,Modifiers[1]/modifier_world_of_shadows[1]/Properties[1]/MODIFIER_PROPERTY_MOVESPEED_BONUS_PERCENTAGE[1],game/scripts/npc/abilities/shadow_abilities.txt,144,True
abilities,shadow_world_of_shadows,bonus_damage,Modifiers[1]/modifier_world_of_shadows[1]/OnAttackLanded[1]/Damage[1]/Damage[1],game/scripts/npc/abilities/shadow_abilities.txt,171,True
abilities,shadow_world_of_shadows,bonus_damage,Modifiers[1]/modifier_world_of_shadows[1]/OnAttackLanded[1]/FireEffect[1]/ControlPoints[1]/01[1],game/scripts/npc/abilities/shadow_abilities.txt,181,True
abilities,spherical_staff_fire_golem_immolation,radius,Modifiers[1]/modifier_inferno_immolation[1]/Aura_Radius[1],game/scripts/npc/abilities/spherical_staff_fire_golem_immolation.txt,40,True
abilities,spherical_staff_fire_golem_immolation,dps,Modifiers[1]/modifier_inferno_immolation_burn[1]/OnIntervalThink[1]/Damage[1]/Damage[1],game/scripts/npc/abilities/spherical_staff_fire_golem_immolation.txt,56,True
abilities,spirit_of_the_plains_fog,radius,AOERadius[1],game/scripts/npc/abilities/wanderer_abilities.txt,10,True
abilities,spirit_of_the_plains_fog,radius,Modifiers[1]/modifier_cloud_thinker[1]/Aura_Radius[1],game/scripts/npc/abilities/wanderer_abilities.txt,49,True
abilities,spirit_of_the_plains_fog,cloud_duration,Modifiers[1]/modifier_cloud_thinker[1]/Duration[1],game/scripts/npc/abilities/wanderer_abilities.txt,52,True
abilities,spirit_of_the_plains_fog,radius,Modifiers[1]/modifier_cloud_thinker[1]/OnCreated[1]/AttachEffect[1]/ControlPoints[1]/01[1],game/scripts/npc/abilities/wanderer_abilities.txt,70,True
abilities,spirit_of_the_plains_fog,miss,Modifiers[1]/modifier_cloud_miss[1]/Properties[1]/MODIFIER_PROPERTY_MISS_PERCENTAGE[1],game/scripts/npc/abilities/wanderer_abilities.txt,84,True
abilities,spirit_of_the_plains_fog,slow_speed_movement,Modifiers[1]/modifier_cloud_miss[1]/Properties[1]/MODIFIER_PROPERTY_MOVESPEED_BONUS_PERCENTAGE[1],game/scripts/npc/abilities/wanderer_abilities.txt,85,True
abilities,spirit_of_the_plains_slow,duration,Modifiers[1]/modifier_spirit_of_the_plains_slow[1]/Duration[1],game/scripts/npc/abilities/wanderer_abilities.txt,136,True
abilities,spirit_of_the_plains_slow,cripple_movespeed_slow_pct,Modifiers[1]/modifier_spirit_of_the_plains_slow[1]/Properties[1]/MODIFIER_PROPERTY_MOVESPEED_BONUS_PERCENTAGE[1],game/scripts/npc/abilities/wanderer_abilities.txt,148,True
abilities,spirit_of_the_plains_slow,cripple_attack_slow,Modifiers[1]/modifier_spirit_of_the_plains_slow[1]/Properties[1]/MODIFIER_PROPERTY_ATTACKSPEED_BONUS_CONSTANT[1],game/scripts/npc/abilities/wanderer_abilities.txt,149,True
abilities,essence_of_the_ghost_aura1,radius,Modifiers[1]/modifier_essence_of_the_ghost_aura1[1]/Aura_Radius[1],game/scripts/npc/abilities/wanderer_abilities.txt,179,True
abilities,essence_of_the_ghost_aura1,move_speed_bonus,Modifiers[1]/modifier_essence_of_the_ghost_aura1_mod[1]/Properties[1]/MODIFIER_PROPERTY_MOVESPEED_BONUS_PERCENTAGE[1],game/scripts/npc/abilities/wanderer_abilities.txt,191,True
abilities,essence_of_the_ghost_aura1,regen_hp,Modifiers[1]/modifier_essence_of_the_ghost_aura1_mod[1]/Properties[1]/MODIFIER_PROPERTY_HEALTH_REGEN_CONSTANT[1],game/scripts/npc/abilities/wanderer_abilities.txt,192,True
abilities,essence_of_the_ghost_aura2,radius,Modifiers[1]/modifier_essence_of_the_ghost_aura1[1]/Aura_Radius[1],game/scripts/npc/abilities/wanderer_abilities.txt,222,True
abilities,essence_of_the_ghost_aura2,move_speed_bonus,Modifiers[1]/modifier_essence_of_the_ghost_aura1_mod[1]/Properties[1]/MODIFIER_PROPERTY_MOVESPEED_BONUS_PERCENTAGE[1],game/scripts/npc/abilities/wanderer_abilities.txt,234,True
abilities,essence_of_the_ghost_aura2,regen_hp,Modifiers[1]/modifier_essence_of_the_ghost_aura1_mod[1]/Properties[1]/MODIFIER_PROPERTY_HEALTH_REGEN_CONSTANT[1],game/scripts/npc/abilities/wanderer_abilities.txt,235,True
abilities,essence_of_the_ghost_aura3,radius,Modifiers[1]/modifier_essence_of_the_ghost_aura1[1]/Aura_Radius[1],game/scripts/npc/abilities/wanderer_abilities.txt,267,True
abilities,essence_of_the_ghost_aura3,move_speed_bonus,Modifiers[1]/modifier_essence_of_the_ghost_aura1_mod[1]/Properties[1]/MODIFIER_PROPERTY_MOVESPEED_BONUS_PERCENTAGE[1],game/scripts/npc/abilities/wanderer_abilities.txt,279,True
abilities,essence_of_the_ghost_aura3,regen_hp,Modifiers[1]/modifier_essence_of_the_ghost_aura1_mod[1]/Properties[1]/MODIFIER_PROPERTY_HEALTH_REGEN_CONSTANT[1],game/scripts/npc/abilities/wanderer_abilities.txt,280,True
abilities,essence_of_the_ghost_aura4,radius,Modifiers[1]/modifier_essence_of_the_ghost_aura1[1]/Aura_Radius[1],game/scripts/npc/abilities/wanderer_abilities.txt,310,True
abilities,essence_of_the_ghost_aura4,move_speed_bonus,Modifiers[1]/modifier_essence_of_the_ghost_aura1_mod[1]/Properties[1]/MODIFIER_PROPERTY_MOVESPEED_BONUS_PERCENTAGE[1],game/scripts/npc/abilities/wanderer_abilities.txt,322,True
abilities,essence_of_the_ghost_aura4,regen_hp,Modifiers[1]/modifier_essence_of_the_ghost_aura1_mod[1]/Properties[1]/MODIFIER_PROPERTY_HEALTH_REGEN_CONSTANT[1],game/scripts/npc/abilities/wanderer_abilities.txt,323,True
abilities,water_elemental_4_orb,duration,Modifiers[1]/modifier_water_elemental_4_orb[1]/OnOrbImpact[1]/ApplyModifier[1]/Duration[1],game/scripts/npc/abilities/water_elemental.txt,41,True
abilities,water_elemental_4_orb,extra_dmg,Modifiers[1]/modifier_water_elemental_4_orb[1]/OnOrbImpact[1]/Damage[1]/Damage[1],game/scripts/npc/abilities/water_elemental.txt,48,True
abilities,water_elemental_4_orb,reduce_armor,Modifiers[1]/modifier_water_elemental_4_orb_hit[1]/Properties[1]/MODIFIER_PROPERTY_PHYSICAL_ARMOR_BONUS[1],game/scripts/npc/abilities/water_elemental.txt,60,True
items,item_lia_amulet,bonus_health,Modifiers[1]/modifier_item_lia_amulet[1]/Properties[1]/MODIFIER_PROPERTY_HEALTH_BONUS[1],game/scripts/npc/items/item_lia_amulet.txt,37,True
items,item_lia_amulet_of_spell_shield,block_cooldown,Modifiers[1]/modifier_item_lia_amulet_of_spell_shield[1]/OnCreated[1]/RunScript[1]/Duration[1],game/scripts/npc/items/item_lia_amulet_of_spell_shield.txt,38,True
items,item_lia_amulet_of_spell_shield,block_cooldown,Modifiers[1]/modifier_item_lia_amulet_of_spell_shield[1]/OnDestroy[1]/RunScript[1]/Duration[1],game/scripts/npc/items/item_lia_amulet_of_spell_shield.txt,48,True
items,item_lia_ancient_glove,crit_chance,Modifiers[1]/modifier_item_lia_ancient_glove[1]/OnAttackStart[1]/Random[1]/Chance[1],game/scripts/npc/items/item_lia_ancient_glove.txt,44,True
items,item_lia_ancient_glove,crit_mult,Modifiers[1]/modifier_item_lia_ancient_glove_crit[1]/Properties[1]/MODIFIER_PROPERTY_PREATTACK_CRITICALSTRIKE[1],game/scripts/npc/items/item_lia_ancient_glove.txt,63,True
items,item_lia_anti_magic_potion,duration,OnSpellStart[1]/ApplyModifier[1]/Duration[1],game/scripts/npc/items/item_lia_anti_magic_potion.txt,41,True
items,item_lia_axe,bonus_strength,Modifiers[1]/modifier_item_lia_axe[1]/Properties[1]/MODIFIER_PROPERTY_STATS_STRENGTH_BONUS[1],game/scripts/npc/items/item_lia_axe.txt,37,True
items,item_lia_battle_axe,bonus_strength,Modifiers[1]/modifier_item_lia_battle_axe[1]/Properties[1]/MODIFIER_PROPERTY_STATS_STRENGTH_BONUS[1],game/scripts/npc/items/item_lia_battle_axe.txt,59,True
items,item_lia_battle_axe,bonus_armor,Modifiers[1]/modifier_item_lia_battle_axe[1]/Properties[1]/MODIFIER_PROPERTY_PHYSICAL_ARMOR_BONUS[1],game/scripts/npc/items/item_lia_battle_axe.txt,60,True
items,item_lia_battle_axe,bash_chance,Modifiers[1]/modifier_item_lia_battle_axe[1]/OnAttackLanded[1]/Random[1]/Chance[1],game/scripts/npc/items/item_lia_battle_axe.txt,67,True
items,item_lia_boots,bonus_movement_speed,Modifiers[1]/modifier_item_lia_boots[1]/Properties[1]/MODIFIER_PROPERTY_MOVESPEED_BONUS_UNIQUE[1],game/scripts/npc/items/item_lia_boots.txt,36,True
items,item_lia_claws,bonus_damage,Modifiers[1]/modifier_item_lia_claws[1]/Properties[1]/MODIFIER_PROPERTY_PREATTACK_BONUS_DAMAGE[1],game/scripts/npc/items/item_lia_claws.txt,40,True
items,item_lia_crown_of_death,damage,OnSpellStart[1]/RunScript[1]/Damage[1],game/scripts/npc/items/item_lia_crown_of_death.txt,51,True
items,item_lia_crown_of_death,bonus_magic_resist_percentage,Modifiers[1]/modifier_item_lia_crown_of_death[1]/Properties[1]/MODIFIER_PROPERTY_MAGICAL_RESISTANCE_BONUS[1],game/scripts/npc/items/item_lia_crown_of_death.txt,65,True
items,item_lia_crown_of_death,bonus_health,Modifiers[1]/modifier_item_lia_crown_of_death[1]/Properties[1]/MODIFIER_PROPERTY_HEALTH_BONUS[1],game/scripts/npc/items/item_lia_crown_of_death.txt,66,True
items,item_lia_crusher,bonus_damage,Modifiers[1]/modifier_item_lia_crusher[1]/Properties[1]/MODIFIER_PROPERTY_PREATTACK_BONUS_DAMAGE[1],game/scripts/npc/items/item_lia_crusher.txt,86,True
items,item_lia_crusher,bonus_agility,Modifiers[1]/modifier_item_lia_crusher[1]/Properties[1]/MODIFIER_PROPERTY_STATS_AGILITY_BONUS[1],game/scripts/npc/items/item_lia_crusher.txt,87,True
items,item_lia_crusher,bonus_attack_speed,Modifiers[1]/modifier_item_lia_crusher[1]/Properties[1]/MODIFIER_PROPERTY_ATTACKSPEED_BONUS_CONSTANT[1],game/scripts/npc/items/item_lia_crusher.txt,88,True
items,item_lia_crusher,lightning_chance,Modifiers[1]/modifier_item_lia_crusher[1]/OnAttackStart[1]/Random[1]/Chance[1],game/scripts/npc/items/item_lia_crusher.txt,105,True
items,item_lia_crusher,crit_mult,Modifiers[1]/modifier_item_lia_crusher_accuracy[1]/Properties[1]/MODIFIER_PROPERTY_PREATTACK_CRITICALSTRIKE[1],game/scripts/npc/items/item_lia_crusher.txt,140,True
items,item_lia_demon_edge,bonus_damage,Modifiers[1]/modifier_item_lia_demon_edge[1]/Properties[1]/MODIFIER_PROPERTY_PREATTACK_BONUS_DAMAGE[1],game/scripts/npc/items/item_lia_demon_edge.txt,46,True
items,item_lia_divine_armor,bonus_armor,Modifiers[1]/modifier_item_lia_divine_armor[1]/Properties[1]/MODIFIER_PROPERTY_PHYSICAL_ARMOR_BONUS[1],game/scripts/npc/items/item_lia_divine_armor.txt,54,True
items,item_lia_divine_armor,bonus_health,Modifiers[1]/modifier_item_lia_divine_armor[1]/Properties[1]/MODIFIER_PROPERTY_HEALTH_BONUS[1],game/scripts/npc/items/item_lia_divine_armor.txt,55,True
items,item_lia_divine_armor,bonus_health_regen,Modifiers[1]/modifier_item_lia_divine_armor[1]/Properties[1]/MODIFIER_PROPERTY_HEALTH_REGEN_CONSTANT[1],game/scripts/npc/items/item_lia_divine_armor.txt,56,True
items,item_lia_divine_armor,evasion_percent,Modifiers[1]/modifier_item_lia_divine_armor[1]/Properties[1]/MODIFIER_PROPERTY_EVASION_CONSTANT[1],game/scripts/npc/items/item_lia_divine_armor.txt,57,True
items,item_lia_dwarf_armor,bonus_armor,Modifiers[1]/modifier_item_lia_dwarf_armor[1]/Properties[1]/MODIFIER_PROPERTY_PHYSICAL_ARMOR_BONUS[1],game/scripts/npc/items/item_lia_dwarf_armor.txt,46,True
items,item_lia_dwarf_armor,bonus_health,Modifiers[1]/modifier_item_lia_dwarf_armor[1]/Properties[1]/MODIFIER_PROPERTY_HEALTH_BONUS[1],game/scripts/npc/items/item_lia_dwarf_armor.txt,47,True
items,item_lia_fire_sword,bonus_damage,Modifiers[1]/modifier_item_lia_fire_sword[1]/Properties[1]/MODIFIER_PROPERTY_PREATTACK_BONUS_DAMAGE[1],game/scripts/npc/items/item_lia_fire_sword.txt,45,True
items,item_lia_fire_sword,crit_chance,Modifiers[1]/modifier_item_lia_fire_sword[1]/OnAttackStart[1]/Random[1]/Chance[1],game/scripts/npc/items/item_lia_fire_sword.txt,56,True
items,item_lia_fire_sword,crit_mult,Modifiers[1]/modifier_item_lia_fire_sword_crit[1]/Properties[1]/MODIFIER_PROPERTY_PREATTACK_CRITICALSTRIKE[1],game/scripts/npc/items/item_lia_fire_sword.txt,74,True
items,item_lia_ghost_blade,bonus_damage,Modifiers[1]/modifier_item_lia_ghost_blade[1]/Properties[1]/MODIFIER_PROPERTY_PREATTACK_BONUS_DAMAGE[1],game/scripts/npc/items/item_lia_ghost_blade.txt,61,True
items,item_lia_ghost_blade,bonus_strength,Modifiers[1]/modifier_item_lia_ghost_blade[1]/Properties[1]/MODIFIER_PROPERTY_STATS_STRENGTH_BONUS[1],game/scripts/npc/items/item_lia_ghost_blade.txt,62,True
items,item_lia_ghost_blade,bonus_agility,Modifiers[1]/modifier_item_lia_ghost_blade[1]/Properties[1]/MODIFIER_PROPERTY_STATS_AGILITY_BONUS[1],game/scripts/npc/items/item_lia_ghost_blade.txt,63,True
items,item_lia_ghost_blade,bonus_armor,Modifiers[1]/modifier_item_lia_ghost_blade[1]/Properties[1]/MODIFIER_PROPERTY_PHYSICAL_ARMOR_BONUS[1],game/scripts/npc/items/item_lia_ghost_blade.txt,64,True
items,item_lia_ghost_blade,bonus_attack_speed,Modifiers[1]/modifier_item_lia_ghost_blade[1]/Properties[1]/MODIFIER_PROPERTY_ATTACKSPEED_BONUS_CONSTANT[1],game/scripts/npc/items/item_lia_ghost_blade.txt,65,True
items,item_lia_ghost_blade,bash_chance,Modifiers[1]/modifier_item_lia_ghost_blade[1]/OnAttackLanded[1]/Random[1]/Chance[1],game/scripts/npc/items/item_lia_ghost_blade.txt,72,True
items,item_lia_glove_of_pain,duration,OnSpellStart[1]/ApplyModifier[1]/Duration[1],game/scripts/npc/items/item_lia_glove_of_pain.txt,61,True
items,item_lia_glove_of_pain,aura_radius,Modifiers[1]/modifier_item_lia_glove_of_pain[1]/Aura_Radius[1],game/scripts/npc/items/item_lia_glove_of_pain.txt,74,True
items,item_lia_glove_of_pain,bonus_mana,Modifiers[1]/modifier_item_lia_glove_of_pain[1]/Properties[1]/MODIFIER_PROPERTY_MANA_BONUS[1],game/scripts/npc/items/item_lia_glove_of_pain.txt,82,True
items,item_lia_glove_of_pain,bonus_intelligence,Modifiers[1]/modifier_item_lia_glove_of_pain[1]/Properties[1]/MODIFIER_PROPERTY_STATS_INTELLECT_BONUS[1],game/scripts/npc/items/item_lia_glove_of_pain.txt,83,True
items,item_lia_glove_of_pain,think_interval,Modifiers[1]/modifier_heavenly_punishment[1]/ThinkInterval[1],game/scripts/npc/items/item_lia_glove_of_pain.txt,136,True
items,item_lia_gloves_of_haste,bonus_attack_speed,Modifiers[1]/modifier_item_lia_gloves_of_haste[1]/Properties[1]/MODIFIER_PROPERTY_ATTACKSPEED_BONUS_CONSTANT[1],game/scripts/npc/items/item_lia_gloves_of_haste.txt,35,True
items,item_lia_gloves_of_strength,bonus_strength,Modifiers[1]/modifier_item_lia_gloves_of_strength[1]/Properties[1]/MODIFIER_PROPERTY_STATS_STRENGTH_BONUS[1],game/scripts/npc/items/item_lia_gloves_of_strength.txt,34,True
items,item_lia_hammer,bonus_damage,Modifiers[1]/modifier_item_lia_hammer[1]/Properties[1]/MODIFIER_PROPERTY_PREATTACK_BONUS_DAMAGE[1],game/scripts/npc/items/item_lia_hammer.txt,60,True
items,item_lia_hammer,bonus_strength,Modifiers[1]/modifier_item_lia_hammer[1]/Properties[1]/MODIFIER_PROPERTY_STATS_STRENGTH_BONUS[1],game/scripts/npc/items/item_lia_hammer.txt,61,True
items,item_lia_hammer,bonus_agility,Modifiers[1]/modifier_item_lia_hammer[1]/Properties[1]/MODIFIER_PROPERTY_STATS_AGILITY_BONUS[1],game/scripts/npc/items/item_lia_hammer.txt,62,True
items,item_lia_hammer,bonus_intelligence,Modifiers[1]/modifier_item_lia_hammer[1]/Properties[1]/MODIFIER_PROPERTY_STATS_INTELLECT_BONUS[1],game/scripts/npc/items/item_lia_hammer.txt,63,True
items,item_lia_hammer,minibash_chance,Modifiers[1]/modifier_item_lia_hammer[1]/OnAttackLanded[1]/Random[1]/Chance[1],game/scripts/npc/items/item_lia_hammer.txt,70,True
items,item_lia_hell_gloves,bonus_strength,Modifiers[1]/modifier_item_lia_hell_gloves[1]/Properties[1]/MODIFIER_PROPERTY_STATS_STRENGTH_BONUS[1],game/scripts/npc/items/item_lia_hell_gloves.txt,46,True
items,item_lia_hell_gloves,bonus_attack_speed,Modifiers[1]/modifier_item_lia_hell_gloves[1]/Properties[1]/MODIFIER_PROPERTY_ATTACKSPEED_BONUS_CONSTANT[1],game/scripts/npc/items/item_lia_hell_gloves.txt,47,True
items,item_lia_hell_gloves,bonus_damage,Modifiers[1]/modifier_item_lia_hell_gloves[1]/Properties[1]/MODIFIER_PROPERTY_PREATTACK_BONUS_DAMAGE[1],game/scripts/npc/items/item_lia_hell_gloves.txt,48,True
items,item_lia_hell_mask,bonus_mana_regen,Modifiers[1]/modifier_item_lia_hell_mask[1]/Properties[1]/MODIFIER_PROPERTY_MANA_REGEN_CONSTANT[1],game/scripts/npc/items/item_lia_hell_mask.txt,60,True
items,item_lia_hell_mask,bonus_intelligence,Modifiers[1]/modifier_item_lia_hell_mask[1]/Properties[1]/MODIFIER_PROPERTY_STATS_INTELLECT_BONUS[1],game/scripts/npc/items/item_lia_hell_mask.txt,61,True
items,item_lia_helm,bonus_armor,Modifiers[1]/modifier_item_lia_helm[1]/Properties[1]/MODIFIER_PROPERTY_PHYSICAL_ARMOR_BONUS[1],game/scripts/npc/items/item_lia_helm.txt,35,True
items,item_lia_hyper_boots_old,bonus_movement_speed,Modifiers[1]/modifier_item_hyper_boots[1]/Properties[1]/MODIFIER_PROPERTY_MOVESPEED_BONUS_UNIQUE[1],game/scripts/npc/items/item_lia_hyper_boots.txt,144,True
items,item_lia_lightning_bow,heaven_wrath_duration,OnSpellStart[1]/ApplyModifier[1]/Duration[1],game/scripts/npc/items/item_lia_lightning_bow.txt,74,True
items,item_lia_lightning_bow,bonus_agility,Modifiers[1]/modifier_item_lia_lightning_bow[1]/Properties[1]/MODIFIER_PROPERTY_STATS_AGILITY_BONUS[1],game/scripts/npc/items/item_lia_lightning_bow.txt,88,True
items,item_lia_lightning_bow,bonus_attack_speed,Modifiers[1]/modifier_item_lia_lightning_bow[1]/Properties[1]/MODIFIER_PROPERTY_ATTACKSPEED_BONUS_CONSTANT[1],game/scripts/npc/items/item_lia_lightning_bow.txt,89,True
items,item_lia_lightning_bow,crit_chance,Modifiers[1]/modifier_item_lia_lightning_bow[1]/OnAttackStart[1]/Random[1]/Chance[1],game/scripts/npc/items/item_lia_lightning_bow.txt,100,True
items,item_lia_lightning_bow,heaven_wrath_duration,Modifiers[1]/modifier_item_lia_lightning_bow[1]/OnAttackStart[1]/Random[1]/OnSuccess[1]/ApplyModifier[1]/Duration[1],game/scripts/npc/items/item_lia_lightning_bow.txt,111,True
items,item_lia_lightning_bow,crit_mult,Modifiers[1]/modifier_item_lia_lightning_bow_crit[1]/Properties[1]/MODIFIER_PROPERTY_PREATTACK_CRITICALSTRIKE[1],game/scripts/npc/items/item_lia_lightning_bow.txt,123,True
items,item_lia_lightning_bow,heaven_wrath_time_between_lightings,Modifiers[1]/item_lighting_bow_heaven_wrath_modifier[1]/ThinkInterval[1],game/scripts/npc/items/item_lia_lightning_bow.txt,142,True
items,item_lia_lightning_bow,heaven_wrath_radius,Modifiers[1]/item_lighting_bow_heaven_wrath_modifier[1]/OnIntervalThink[1]/RunScript[1]/Target[1]/Radius[1],game/scripts/npc/items/item_lia_lightning_bow.txt,152,True
items,item_lia_lightning_bow,heaven_wrath_damage,Modifiers[1]/item_lighting_bow_heaven_wrath_modifier[1]/OnIntervalThink[1]/RunScript[1]/heaven_wrath_damage[1],game/scripts/npc/items/item_lia_lightning_bow.txt,156,True
items,item_lia_lightning_bow,heaven_wrath_min_health_heroes,Modifiers[1]/item_lighting_bow_heaven_wrath_modifier[1]/OnIntervalThink[1]/RunScript[1]/heaven_wrath_min_health_heroes[1],game/scripts/npc/items/item_lia_lightning_bow.txt,157,True
items,item_lia_lightning_spear,bonus_damage,Modifiers[1]/modifier_item_lia_lightning_spear[1]/Properties[1]/MODIFIER_PROPERTY_PREATTACK_BONUS_DAMAGE[1],game/scripts/npc/items/item_lia_lightning_spear.txt,84,True
items,item_lia_lightning_spear,crit_chance,Modifiers[1]/modifier_item_lia_lightning_spear[1]/OnAttackStart[1]/Random[1]/Chance[1],game/scripts/npc/items/item_lia_lightning_spear.txt,95,True
items,item_lia_lightning_spear,crit_mult,Modifiers[1]/modifier_item_lia_lightning_spear_crit[1]/Properties[1]/MODIFIER_PROPERTY_PREATTACK_CRITICALSTRIKE[1],game/scripts/npc/items/item_lia_lightning_spear.txt,113,True
items,item_lia_magic_bow,bonus_attack_speed,Modifiers[1]/modifier_item_lia_magic_bow[1]/Properties[1]/MODIFIER_PROPERTY_ATTACKSPEED_BONUS_CONSTANT[1],game/scripts/npc/items/item_lia_magic_bow.txt,46,True
items,item_lia_magic_bow,bonus_damage,Modifiers[1]/modifier_item_lia_magic_bow[1]/Properties[1]/MODIFIER_PROPERTY_PREATTACK_BONUS_DAMAGE[1],game/scripts/npc/items/item_lia_magic_bow.txt,47,True
items,item_lia_magic_bow,bonus_agility,Modifiers[1]/modifier_item_lia_magic_bow[1]/Properties[1]/MODIFIER_PROPERTY_STATS_AGILITY_BONUS[1],game/scripts/npc/items/item_lia_magic_bow.txt,48,True
items,item_lia_magic_helm,bonus_armor,Modifiers[1]/modifier_item_lia_magic_helm[1]/Properties[1]/MODIFIER_PROPERTY_PHYSICAL_ARMOR_BONUS[1],game/scripts/npc/items/item_lia_magic_helm.txt,46,True
items,item_lia_magic_helm,evasion_percent,Modifiers[1]/modifier_item_lia_magic_helm[1]/Properties[1]/MODIFIER_PROPERTY_EVASION_CONSTANT[1],game/scripts/npc/items/item_lia_magic_helm.txt,47,True
items,item_lia_magic_necklace,bonus_all_stats,Modifiers[1]/modifier_item_lia_magic_necklace[1]/Properties[1]/MODIFIER_PROPERTY_STATS_STRENGTH_BONUS[1],game/scripts/npc/items/item_lia_magic_necklace.txt,46,True
items,item_lia_magic_necklace,bonus_all_stats,Modifiers[1]/modifier_item_lia_magic_necklace[1]/Properties[1]/MODIFIER_PROPERTY_STATS_AGILITY_BONUS[1],game/scripts/npc/items/item_lia_magic_necklace.txt,47,True
items,item_lia_magic_necklace,bonus_all_stats,Modifiers[1]/modifier_item_lia_magic_necklace[1]/Properties[1]/MODIFIER_PROPERTY_STATS_INTELLECT_BONUS[1],game/scripts/npc/items/item_lia_magic_necklace.txt,48,True
items,item_lia_magic_staff,bonus_intelligence,Modifiers[1]/modifier_item_lia_magic_staff[1]/Properties[1]/MODIFIER_PROPERTY_STATS_INTELLECT_BONUS[1],game/scripts/npc/items/item_lia_magic_staff.txt,46,True
items,item_lia_magic_staff,bonus_mana_regen_percentage,Modifiers[1]/modifier_item_lia_magic_staff[1]/Properties[1]/MODIFIER_PROPERTY_MANA_REGEN_CONSTANT[1],game/scripts/npc/items/item_lia_magic_staff.txt,47,False
items,item_lia_mana_staff,aura_radius,Modifiers[1]/modifier_item_lia_mana_staff[1]/Aura_Radius[1],game/scripts/npc/items/item_lia_mana_staff.txt,47,True
items,item_lia_mana_staff,bonus_mana,Modifiers[1]/modifier_item_lia_mana_staff[1]/Properties[1]/MODIFIER_PROPERTY_MANA_BONUS[1],game/scripts/npc/items/item_lia_mana_staff.txt,55,True
items,item_lia_mana_staff,bonus_intelligence,Modifiers[1]/modifier_item_lia_mana_staff[1]/Properties[1]/MODIFIER_PROPERTY_STATS_INTELLECT_BONUS[1],game/scripts/npc/items/item_lia_mana_staff.txt,56,True
items,item_lia_mana_stone,bonus_mana,Modifiers[1]/modifier_item_lia_mana_stone[1]/Properties[1]/MODIFIER_PROPERTY_MANA_BONUS[1],game/scripts/npc/items/item_lia_mana_stone.txt,34,True
items,item_lia_mantle,bonus_intelligence,Modifiers[1]/modifier_item_lia_mantle[1]/Properties[1]/MODIFIER_PROPERTY_STATS_INTELLECT_BONUS[1],game/scripts/npc/items/item_lia_mantle.txt,34,True
items,item_lia_mask,bonus_mana_regen,Modifiers[1]/modifier_item_lia_mask[1]/Properties[1]/MODIFIER_PROPERTY_MANA_REGEN_CONSTANT[1],game/scripts/npc/items/item_lia_mask.txt,35,True
items,item_lia_necklace,bonus_agility,Modifiers[1]/modifier_item_lia_necklace[1]/Properties[1]/MODIFIER_PROPERTY_STATS_AGILITY_BONUS[1],game/scripts/npc/items/item_lia_necklace.txt,36,True
items,item_lia_pantilus_blade,bonus_agility,Modifiers[1]/modifier_item_lia_pantilus_blade[1]/Properties[1]/MODIFIER_PROPERTY_STATS_AGILITY_BONUS[1],game/scripts/npc/items/item_lia_pantilus_blade.txt,46,True
items,item_lia_pantilus_blade,bonus_attack_speed,Modifiers[1]/modifier_item_lia_pantilus_blade[1]/Properties[1]/MODIFIER_PROPERTY_ATTACKSPEED_BONUS_CONSTANT[1],game/scripts/npc/items/item_lia_pantilus_blade.txt,47,True
items,item_lia_pantilus_blade,bonus_damage,Modifiers[1]/modifier_item_lia_pantilus_blade[1]/Properties[1]/MODIFIER_PROPERTY_PREATTACK_BONUS_DAMAGE[1],game/scripts/npc/items/item_lia_pantilus_blade.txt,48,True
items,item_lia_poleaxe_of_rage,bonus_damage,Modifiers[1]/modifier_item_lia_poleaxe_of_rage[1]/Properties[1]/MODIFIER_PROPERTY_PREATTACK_BONUS_DAMAGE[1],game/scripts/npc/items/item_lia_poleaxe_of_rage.txt,70,True
items,item_lia_poleaxe_of_rage,crit_chance,Modifiers[1]/modifier_item_lia_poleaxe_of_rage[1]/OnAttackStart[1]/Random[1]/Chance[1],game/scripts/npc/items/item_lia_poleaxe_of_rage.txt,82,True
items,item_lia_poleaxe_of_rage,crit_mult,Modifiers[1]/modifier_item_lia_poleaxe_of_rage_crit[1]/Properties[1]/MODIFIER_PROPERTY_PREATTACK_CRITICALSTRIKE[1],game/scripts/npc/items/item_lia_poleaxe_of_rage.txt,100,True
items,item_lia_poleaxe_of_rage,berserk_duration,Modifiers[1]/modifier_item_poleaxe_of_rage_berserk[1]/Duration[1],game/scripts/npc/items/item_lia_poleaxe_of_rage.txt,122,True
items,item_lia_poleaxe_of_rage,berserk_bonus_movement_speed_percentage,Modifiers[1]/modifier_item_poleaxe_of_rage_berserk[1]/Properties[1]/MODIFIER_PROPERTY_MOVESPEED_BONUS_PERCENTAGE[1],game/scripts/npc/items/item_lia_poleaxe_of_rage.txt,131,True
items,item_lia_poleaxe_of_rage,berserk_bonus_attack_speed,Modifiers[1]/modifier_item_poleaxe_of_rage_berserk[1]/Properties[1]/MODIFIER_PROPERTY_ATTACKSPEED_BONUS_CONSTANT[1],game/scripts/npc/items/item_lia_poleaxe_of_rage.txt,132,True
items,item_lia_poleaxe_of_rage,berserk_extra_incoming_damage_percentage,Modifiers[1]/modifier_item_poleaxe_of_rage_berserk[1]/Properties[1]/MODIFIER_PROPERTY_INCOMING_DAMAGE_PERCENTAGE[1],game/scripts/npc/items/item_lia_poleaxe_of_rage.txt,133,True
items,item_lia_potion_of_invisibility,duration,OnSpellStart[1]/ApplyModifier[1]/Duration[1],game/scripts/npc/items/item_lia_potion_of_invisibility.txt,58,True
items,item_lia_potion_of_invisibility,duration,OnSpellStart[1]/ApplyModifier[2]/Duration[1],game/scripts/npc/items/item_lia_potion_of_invisibility.txt,65,True
items,item_lia_potion_of_invulnerability,duration,OnSpellStart[1]/ApplyModifier[1]/Duration[1],game/scripts/npc/items/item_lia_potion_of_invulnerability.txt,38,True
items,item_lia_ring_of_protection,bonus_armor,Modifiers[1]/modifier_item_lia_ring_of_protection[1]/Properties[1]/MODIFIER_PROPERTY_PHYSICAL_ARMOR_BONUS[1],game/scripts/npc/items/item_lia_ring_of_protection.txt,34,True
items,item_lia_ring_of_regeneration,bonus_health_regen,Modifiers[1]/modifier_item_lia_ring_of_regeneration[1]/Properties[1]/MODIFIER_PROPERTY_HEALTH_REGEN_CONSTANT[1],game/scripts/npc/items/item_lia_ring_of_regeneration.txt,35,True
items,item_lia_rune_of_healing,radius,OnSpellStart[1]/ActOnTargets[1]/Target[1]/Radius[1],game/scripts/npc/items/item_lia_rune_of_healing.txt,40,True
items,item_lia_rune_of_healing,heal,OnSpellStart[1]/ActOnTargets[1]/Action[1]/Heal[1]/HealAmount[1],game/scripts/npc/items/item_lia_rune_of_healing.txt,51,True
items,item_lia_rune_of_mana,radius,OnSpellStart[1]/ActOnTargets[1]/Target[1]/Radius[1],game/scripts/npc/items/item_lia_rune_of_mana.txt,39,True
items,item_lia_rune_of_mana,mana,OnSpellStart[1]/ActOnTargets[1]/Action[1]/RunScript[1]/mana_amount[1],game/scripts/npc/items/item_lia_rune_of_mana.txt,51,True
items,item_lia_rune_of_restoration,radius,OnSpellStart[1]/ActOnTargets[1]/Target[1]/Radius[1],game/scripts/npc/items/item_lia_rune_of_restoration.txt,41,True
items,item_lia_rune_of_restoration,mana,OnSpellStart[1]/ActOnTargets[1]/Action[1]/RunScript[1]/mana_amount[1],game/scripts/npc/items/item_lia_rune_of_restoration.txt,53,True
items,item_lia_rune_of_restoration,heal,OnSpellStart[1]/ActOnTargets[1]/Action[1]/Heal[1]/HealAmount[1],game/scripts/npc/items/item_lia_rune_of_restoration.txt,58,True
items,item_lia_rune_of_speed,radius,OnSpellStart[1]/ApplyModifier[1]/Target[1]/Radius[1],game/scripts/npc/items/item_lia_rune_of_speed.txt,49,True
items,item_lia_rune_of_speed,duration,Modifiers[1]/modifier_rune_of_speed[1]/Duration[1],game/scripts/npc/items/item_lia_rune_of_speed.txt,69,True
items,item_lia_rune_of_speed,speed_bonus,Modifiers[1]/modifier_rune_of_speed[1]/Properties[1]/MODIFIER_PROPERTY_MOVESPEED_BONUS_PERCENTAGE[1],game/scripts/npc/items/item_lia_rune_of_speed.txt,77,True
items,item_lia_runed_bracers,bonus_magic_resist_percentage,Modifiers[1]/modifier_item_lia_runed_bracers[1]/Properties[1]/MODIFIER_PROPERTY_MAGICAL_RESISTANCE_BONUS[1],game/scripts/npc/items/item_lia_runed_bracers.txt,34,True
items,item_lia_runed_gloves,bonus_attack_speed,Modifiers[1]/modifier_item_lia_runed_gloves[1]/Properties[1]/MODIFIER_PROPERTY_ATTACKSPEED_BONUS_CONSTANT[1],game/scripts/npc/items/item_lia_runed_gloves.txt,46,True
items,item_lia_runed_gloves,bonus_damage,Modifiers[1]/modifier_item_lia_runed_gloves[1]/Properties[1]/MODIFIER_PROPERTY_PREATTACK_BONUS_DAMAGE[1],game/scripts/npc/items/item_lia_runed_gloves.txt,47,True
items,item_lia_staff_of_power,bonus_mana_regen,Modifiers[1]/modifier_item_lia_scepter_of_power[1]/Properties[1]/MODIFIER_PROPERTY_MANA_REGEN_CONSTANT[1],game/scripts/npc/items/item_lia_scepter_of_power.txt,58,True
items,item_lia_staff_of_power,block_cooldown,Modifiers[1]/modifier_item_lia_scepter_of_power[1]/OnCreated[1]/RunScript[1]/Duration[1],game/scripts/npc/items/item_lia_scepter_of_power.txt,67,True
items,item_lia_staff_of_power,block_cooldown,Modifiers[1]/modifier_item_lia_scepter_of_power[1]/OnDestroy[1]/RunScript[1]/Duration[1],game/scripts/npc/items/item_lia_scepter_of_power.txt,77,True
items,item_lia_scroll_of_restoration,radius,OnSpellStart[1]/ActOnTargets[1]/Target[1]/Radius[1],game/scripts/npc/items/item_lia_scroll_of_restoration.txt,45,True
items,item_lia_scroll_of_restoration,health_restored,OnSpellStart[1]/ActOnTargets[1]/Action[1]/Heal[1]/HealAmount[1],game/scripts/npc/items/item_lia_scroll_of_restoration.txt,56,True
items,item_lia_scroll_of_restoration,mana_restored,OnSpellStart[1]/ActOnTargets[1]/Action[1]/RunScript[1]/mana_amount[1],game/scripts/npc/items/item_lia_scroll_of_restoration.txt,62,True
items,item_lia_scroll_of_secret_knowledge,radius,OnSpellStart[1]/ActOnTargets[1]/Target[1]/Radius[1],game/scripts/npc/items/item_lia_scroll_of_secret_knowledge.txt,39,True
items,item_lia_scroll_of_secret_knowledge,duration,Modifiers[1]/modifier_item_lia_scroll_of_secret_knowledge[1]/Duration[1],game/scripts/npc/items/item_lia_scroll_of_secret_knowledge.txt,75,True
items,item_lia_scroll_of_secret_knowledge,bonus_armor,Modifiers[1]/modifier_item_lia_scroll_of_secret_knowledge[1]/Properties[1]/MODIFIER_PROPERTY_PHYSICAL_ARMOR_BONUS[1],game/scripts/npc/items/item_lia_scroll_of_secret_knowledge.txt,82,True
items,item_lia_shield_of_death,radius,OnSpellStart[1]/Damage[1]/Target[1]/Radius[1],game/scripts/npc/items/item_lia_shield_of_death.txt,78,True
items,item_lia_shield_of_death,damage,OnSpellStart[1]/Damage[1]/Damage[1],game/scripts/npc/items/item_lia_shield_of_death.txt,82,True
items,item_lia_shield_of_death,bonus_magic_resist_percentage,Modifiers[1]/modifier_item_lia_shield_of_death[1]/Properties[1]/MODIFIER_PROPERTY_MAGICAL_RESISTANCE_BONUS[1],game/scripts/npc/items/item_lia_shield_of_death.txt,96,True
items,item_lia_shield_of_death,bonus_health,Modifiers[1]/modifier_item_lia_shield_of_death[1]/Properties[1]/MODIFIER_PROPERTY_HEALTH_BONUS[1],game/scripts/npc/items/item_lia_shield_of_death.txt,97,True
items,item_lia_shield_of_endurance,bonus_armor,Modifiers[1]/modifier_item_lia_shield_of_endurance[1]/Properties[1]/MODIFIER_PROPERTY_PHYSICAL_ARMOR_BONUS[1],game/scripts/npc/items/item_lia_shield_of_endurance.txt,46,True
items,item_lia_shield_of_endurance,bonus_health,Modifiers[1]/modifier_item_lia_shield_of_endurance[1]/Properties[1]/MODIFIER_PROPERTY_HEALTH_BONUS[1],game/scripts/npc/items/item_lia_shield_of_endurance.txt,47,True
items,item_lia_shield_of_endurance,bonus_health_regen,Modifiers[1]/modifier_item_lia_shield_of_endurance[1]/Properties[1]/MODIFIER_PROPERTY_HEALTH_REGEN_CONSTANT[1],game/scripts/npc/items/item_lia_shield_of_endurance.txt,48,True
items,item_lia_spear,bonus_damage,Modifiers[1]/modifier_item_lia_spear[1]/Properties[1]/MODIFIER_PROPERTY_PREATTACK_BONUS_DAMAGE[1],game/scripts/npc/items/item_lia_spear.txt,36,True
items,item_ultimate_scepter,radius,AoERadius[1],game/scripts/npc/items/item_lia_spherical_staff.txt,48,True
items,item_lia_staff,bonus_intelligence,Modifiers[1]/modifier_item_lia_staff[1]/Properties[1]/MODIFIER_PROPERTY_STATS_INTELLECT_BONUS[1],game/scripts/npc/items/item_lia_staff.txt,34,True
items,item_lia_staff_of_help,radius_aura,Modifiers[1]/modifier_item_lia_staff_of_help[1]/Aura_Radius[1],game/scripts/npc/items/item_lia_staff_of_help.txt,111,True
items,item_lia_staff_of_help,bonus_intelligence,Modifiers[1]/modifier_item_lia_staff_of_help[1]/Properties[1]/MODIFIER_PROPERTY_STATS_INTELLECT_BONUS[1],game/scripts/npc/items/item_lia_staff_of_help.txt,117,True
items,item_lia_staff_of_help,bonus_mana_regen,Modifiers[1]/modifier_item_lia_staff_of_help[1]/Properties[1]/MODIFIER_PROPERTY_MANA_REGEN_CONSTANT[1],game/scripts/npc/items/item_lia_staff_of_help.txt,118,True
items,item_lia_staff_of_help_2,radius_aura,Modifiers[1]/modifier_item_lia_staff_of_help_2[1]/Aura_Radius[1],game/scripts/npc/items/item_lia_staff_of_help.txt,204,True
items,item_lia_staff_of_help_2,bonus_intelligence,Modifiers[1]/modifier_item_lia_staff_of_help_2[1]/Properties[1]/MODIFIER_PROPERTY_STATS_INTELLECT_BONUS[1],game/scripts/npc/items/item_lia_staff_of_help.txt,210,True
items,item_lia_staff_of_help_2,bonus_mana_regen,Modifiers[1]/modifier_item_lia_staff_of_help_2[1]/Properties[1]/MODIFIER_PROPERTY_MANA_REGEN_CONSTANT[1],game/scripts/npc/items/item_lia_staff_of_help.txt,211,True
items,item_lia_staff_of_illusions,bonus_intelligence,Modifiers[1]/modifier_item_lia_staff_of_illusions[1]/Properties[1]/MODIFIER_PROPERTY_STATS_INTELLECT_BONUS[1],game/scripts/npc/items/item_lia_staff_of_illusions.txt,63,True
items,item_lia_staff_of_illusions,bonus_mana_regen,Modifiers[1]/modifier_item_lia_staff_of_illusions[1]/Properties[1]/MODIFIER_PROPERTY_MANA_REGEN_CONSTANT[1],game/scripts/npc/items/item_lia_staff_of_illusions.txt,64,True
items,item_lia_staff_of_illusions,bonus_mana,Modifiers[1]/modifier_item_lia_staff_of_illusions[1]/Properties[1]/MODIFIER_PROPERTY_MANA_BONUS[1],game/scripts/npc/items/item_lia_staff_of_illusions.txt,65,True
items,item_lia_staff_of_life,ability_radius,AoERadius[1],game/scripts/npc/items/item_lia_staff_of_life.txt,43,True
items,item_lia_staff_of_light,ability_radius,AoERadius[1],game/scripts/npc/items/item_lia_staff_of_light.txt,44,True
items,item_lia_staff_of_light,ability_radius,OnSpellStart[1]/RunScript[1]/Target[1]/Radius[1],game/scripts/npc/items/item_lia_staff_of_light.txt,61,True
items,item_lia_staff_of_light,aura_radius,Modifiers[1]/modifier_item_lia_staff_of_light[1]/Aura_Radius[1],game/scripts/npc/items/item_lia_staff_of_light.txt,76,True
items,item_lia_staff_of_light,bonus_intelligence,Modifiers[1]/modifier_item_lia_staff_of_light[1]/Properties[1]/MODIFIER_PROPERTY_STATS_INTELLECT_BONUS[1],game/scripts/npc/items/item_lia_staff_of_light.txt,82,True
items,item_lia_staff_of_light,bonus_mana_regen,Modifiers[1]/modifier_item_lia_staff_of_light[1]/Properties[1]/MODIFIER_PROPERTY_MANA_REGEN_CONSTANT[1],game/scripts/npc/items/item_lia_staff_of_light.txt,83,True
items,item_lia_staff_of_light,ability_duration,Modifiers[1]/item_staff_of_light_ability_heal_modifier[1]/Duration[1],game/scripts/npc/items/item_lia_staff_of_light.txt,89,True
items,item_lia_staff_of_light,aura_radius,Modifiers[1]/item_staff_of_light_ability_heal_modifier[1]/OnIntervalThink[1]/Heal[1]/Target[1]/Radius[1],game/scripts/npc/items/item_lia_staff_of_light.txt,98,True
items,item_lia_staff_of_light,ability_damage,Modifiers[1]/item_staff_of_light_ability_heal_modifier[1]/OnIntervalThink[1]/Heal[1]/HealAmount[1],game/scripts/npc/items/item_lia_staff_of_light.txt,102,True
items,item_lia_staff_of_light,ability_radius,Modifiers[1]/item_staff_of_light_ability_heal_modifier[1]/OnIntervalThink[1]/FireEffect[1]/ControlPoints[1]/01[1],game/scripts/npc/items/item_lia_staff_of_light.txt,111,True
items,item_lia_staff_of_light,ability_radius,Modifiers[1]/item_staff_of_light_ability_heal_modifier[1]/OnIntervalThink[1]/FireEffect[1]/ControlPoints[1]/01[1],game/scripts/npc/items/item_lia_staff_of_light.txt,111,True
items,item_lia_staff_of_light,ability_radius,Modifiers[1]/item_staff_of_light_ability_heal_modifier[1]/OnIntervalThink[1]/FireEffect[1]/ControlPoints[1]/01[1],game/scripts/npc/items/item_lia_staff_of_light.txt,111,True
items,item_lia_staff_of_light,ability_duration,Modifiers[1]/item_staff_of_light_ability_damage_modifier[1]/Duration[1],game/scripts/npc/items/item_lia_staff_of_light.txt,118,True
items,item_lia_staff_of_light,ability_damage,Modifiers[1]/item_staff_of_light_ability_damage_modifier[1]/OnIntervalThink[1]/Damage[1]/Damage[1],game/scripts/npc/items/item_lia_staff_of_light.txt,130,True
items,item_lia_staff_of_light,aura_health_perc_max,Modifiers[1]/item_staff_of_light_aura_modifier[1]/OnIntervalThink[1]/RunScript[1]/aura_health_perc_max[1],game/scripts/npc/items/item_lia_staff_of_light.txt,166,True
items,item_lia_staff_of_light,aura_health_regen,Modifiers[1]/item_staff_of_light_aura_regen_modifier[1]/Properties[1]/MODIFIER_PROPERTY_HEALTH_REGEN_CONSTANT[1],game/scripts/npc/items/item_lia_staff_of_light.txt,182,True
items,item_lia_steel_sword,bonus_damage,Modifiers[1]/modifier_item_lia_steel_sword[1]/Properties[1]/MODIFIER_PROPERTY_PREATTACK_BONUS_DAMAGE[1],game/scripts/npc/items/item_lia_steel_sword.txt,33,True
items,item_lia_stormwind_horn,bonus_movement_speed_percent,Modifiers[1]/horn_aura_armor[1]/Properties[1]/MODIFIER_PROPERTY_MOVESPEED_BONUS_PERCENTAGE_UNIQUE[1],game/scripts/npc/items/item_lia_stormwind_horn.txt,53,True
items,item_lia_stormwind_horn,bonus_attack_speed,Modifiers[1]/horn_aura_armor[1]/Properties[1]/MODIFIER_PROPERTY_ATTACKSPEED_BONUS_CONSTANT[1],game/scripts/npc/items/item_lia_stormwind_horn.txt,54,True
items,item_lia_sword_of_solidarity,replenish_amount,OnSpellStart[1]/RunScript[1]/HealAmount[1],game/scripts/npc/items/item_lia_sword_of_solidarity.txt,69,True
items,item_lia_sword_of_solidarity,replenish_radius,OnSpellStart[1]/RunScript[1]/HealRadius[1],game/scripts/npc/items/item_lia_sword_of_solidarity.txt,70,True
items,item_lia_sword_of_solidarity,bonus_damage,Modifiers[1]/modifier_item_lia_sword_of_solidarity[1]/Properties[1]/MODIFIER_PROPERTY_PREATTACK_BONUS_DAMAGE[1],game/scripts/npc/items/item_lia_sword_of_solidarity.txt,85,True
items,item_lia_sword_of_solidarity,bonus_health_regen,Modifiers[1]/modifier_item_lia_sword_of_solidarity[1]/Properties[1]/MODIFIER_PROPERTY_HEALTH_REGEN_CONSTANT[1],game/scripts/npc/items/item_lia_sword_of_solidarity.txt,86,True
items,item_lia_sword_of_solidarity,bonus_armor,Modifiers[1]/modifier_item_lia_sword_of_solidarity[1]/Properties[1]/MODIFIER_PROPERTY_PHYSICAL_ARMOR_BONUS[1],game/scripts/npc/items/item_lia_sword_of_solidarity.txt,87,True
items,item_lia_sword_of_solidarity,duration,Modifiers[1]/modifier_sword_or_solidarity_armor[1]/Duration[1],game/scripts/npc/items/item_lia_sword_of_solidarity.txt,92,True
items,item_lia_sword_of_solidarity,active_armor,Modifiers[1]/modifier_sword_or_solidarity_armor[1]/Properties[1]/MODIFIER_PROPERTY_PHYSICAL_ARMOR_BONUS_UNIQUE_ACTIVE[1],game/scripts/npc/items/item_lia_sword_of_solidarity.txt,101,True
items,item_lia_sword_of_solidarity_2,replenish_amount,OnSpellStart[1]/RunScript[1]/HealAmount[1],game/scripts/npc/items/item_lia_sword_of_solidarity.txt,145,True
items,item_lia_sword_of_solidarity_2,replenish_radius,OnSpellStart[1]/RunScript[1]/HealRadius[1],game/scripts/npc/items/item_lia_sword_of_solidarity.txt,146,True
items,item_lia_sword_of_solidarity_2,bonus_damage,Modifiers[1]/modifier_item_lia_sword_of_solidarity_2[1]/Properties[1]/MODIFIER_PROPERTY_PREATTACK_BONUS_DAMAGE[1],game/scripts/npc/items/item_lia_sword_of_solidarity.txt,159,True
items,item_lia_sword_of_solidarity_2,bonus_health_regen,Modifiers[1]/modifier_item_lia_sword_of_solidarity_2[1]/Properties[1]/MODIFIER_PROPERTY_HEALTH_REGEN_CONSTANT[1],game/scripts/npc/items/item_lia_sword_of_solidarity.txt,160,True
items,item_lia_sword_of_solidarity_2,bonus_armor,Modifiers[1]/modifier_item_lia_sword_of_solidarity_2[1]/Properties[1]/MODIFIER_PROPERTY_PHYSICAL_ARMOR_BONUS[1],game/scripts/npc/items/item_lia_sword_of_solidarity.txt,161,True
items,item_lia_sword_of_solidarity_2,duration,Modifiers[1]/modifier_sword_or_solidarity_armor_2[1]/Duration[1],game/scripts/npc/items/item_lia_sword_of_solidarity.txt,166,True
items,item_lia_sword_of_solidarity_2,active_armor,Modifiers[1]/modifier_sword_or_solidarity_armor_2[1]/Properties[1]/MODIFIER_PROPERTY_PHYSICAL_ARMOR_BONUS_UNIQUE_ACTIVE[1],game/scripts/npc/items/item_lia_sword_of_solidarity.txt,175,True
items,item_lia_thugs_dagger,bonus_agility,Modifiers[1]/modifier_item_lia_thugs_dagger[1]/Properties[1]/MODIFIER_PROPERTY_STATS_AGILITY_BONUS[1],game/scripts/npc/items/item_lia_thugs_dagger.txt,36,True
items,item_lia_totem_of_persistence,bonus_magic_resist_percentage,Modifiers[1]/modifier_item_lia_totem_of_persistence[1]/Properties[1]/MODIFIER_PROPERTY_MAGICAL_RESISTANCE_BONUS[1],game/scripts/npc/items/item_lia_totem_of_persistence.txt,79,True
items,item_lia_totem_of_persistence,bonus_mana_regen,Modifiers[1]/modifier_item_lia_totem_of_persistence[1]/Properties[1]/MODIFIER_PROPERTY_MANA_REGEN_CONSTANT[1],game/scripts/npc/items/item_lia_totem_of_persistence.txt,80,True
items,item_lia_totem_of_persistence,bonus_armor,Modifiers[1]/modifier_item_lia_totem_of_persistence[1]/Properties[1]/MODIFIER_PROPERTY_PHYSICAL_ARMOR_BONUS[1],game/scripts/npc/items/item_lia_totem_of_persistence.txt,81,True
items,item_lia_totem_of_persistence,bonus_health,Modifiers[1]/modifier_item_lia_totem_of_persistence[1]/Properties[1]/MODIFIER_PROPERTY_HEALTH_BONUS[1],game/scripts/npc/items/item_lia_totem_of_persistence.txt,82,True
items,item_lia_totem_of_persistence,duration,Modifiers[1]/modifier_item_totem_of_persistence_active[1]/Duration[1],game/scripts/npc/items/item_lia_totem_of_persistence.txt,88,True
