source,line,end_line,function,call,receiver,args,lexical_conditions,special,resolution
game/scripts/vscripts/abilities/13_wave_hurl_boulder.lua,13,13,StormBolt,GetSpecialValueFor,ability,"[""\""damage\""""]",[],damage,literal
game/scripts/vscripts/abilities/13_wave_hurl_boulder.lua,14,14,StormBolt,GetSpecialValueFor,ability,"[""\""duration\""""]",[],duration,literal
game/scripts/vscripts/abilities/15_wave_astral.lua,9,9,Banish,GetSpecialValueFor,ability,"[""\""duration_on_hero\""""]",[],duration_on_hero,literal
game/scripts/vscripts/abilities/15_wave_illusions.lua,5,5,Illusions,GetSpecialValueFor,ability,"[""\""images_count\""""]",[],images_count,literal
game/scripts/vscripts/abilities/15_wave_illusions.lua,6,6,Illusions,GetSpecialValueFor,ability,"[""\""illusion_duration\""""]",[],illusion_duration,literal
game/scripts/vscripts/abilities/15_wave_illusions.lua,7,7,Illusions,GetSpecialValueFor,ability,"[""\""illusion_outgoing_damage\""""]",[],illusion_outgoing_damage,literal
game/scripts/vscripts/abilities/15_wave_illusions.lua,8,8,Illusions,GetSpecialValueFor,ability,"[""\""illusion_incoming_damage\""""]",[],illusion_incoming_damage,literal
game/scripts/vscripts/abilities/4_wave_death_coil.lua,8,8,DeathCoil,GetSpecialValueFor,ability,"[""\""damage\""""]",[],damage,literal
game/scripts/vscripts/abilities/4_wave_true_hit.lua,17,17,DealDamageOrNot,GetSpecialValueFor,ability,"[""\""damage\""""]",[],damage,literal
game/scripts/vscripts/abilities/5_wave_firestorm.lua,11,11,RainOfFireStart,GetSpecialValueFor,ability,"[""\""duration\""""]",[],duration,literal
game/scripts/vscripts/abilities/5_wave_firestorm.lua,35,35,RainOfFireWave,GetSpecialValueFor,ability,"[""\""radius\""""]",[],radius,literal
game/scripts/vscripts/abilities/5_wave_firestorm.lua,36,36,RainOfFireWave,GetLevelSpecialValueFor,ability,"[""\""wave_damage\"""", ""ability:GetLevel() - 1""]",[],wave_damage,literal
game/scripts/vscripts/abilities/6_wave_immolation.lua,11,11,Immolation,GetLevelSpecialValueFor,ability,"[""\""damage_per_second\"""", ""ability:GetLevel() - 1""]",[],damage_per_second,literal
game/scripts/vscripts/abilities/6_wave_immolation.lua,12,12,Immolation,GetLevelSpecialValueFor,ability,"[""\""mana_cost_per_second\"""", ""ability:GetLevel() - 1""]",[],mana_cost_per_second,literal
game/scripts/vscripts/abilities/7_wave_sharp_claws.lua,8,8,SharpClaws,GetSpecialValueFor,ability,"[""\""duration\""""]",[],duration,literal
game/scripts/vscripts/abilities/8_wave_storm_bolt.lua,11,11,StormBolt,GetSpecialValueFor,ability,"[""\""damage\""""]",[],damage,literal
game/scripts/vscripts/abilities/8_wave_storm_bolt.lua,12,12,StormBolt,GetSpecialValueFor,ability,"[""\""duration\""""]",[],duration,literal
game/scripts/vscripts/abilities/9_wave_frost_nova.lua,11,11,FrostNova,GetSpecialValueFor,ability,"[""\""aoe_damage\""""]",[],aoe_damage,literal
game/scripts/vscripts/abilities/9_wave_frost_nova.lua,13,13,FrostNova,GetSpecialValueFor,ability,"[""\""aoe_damage\""""]",[],aoe_damage,literal
game/scripts/vscripts/abilities/9_wave_frost_nova.lua,14,14,FrostNova,GetSpecialValueFor,ability,"[""\""slow_hero_duration\""""]",[],slow_hero_duration,literal
game/scripts/vscripts/abilities/FaerieFire.lua,6,6,ApplyFaerieFire,GetSpecialValueFor,ability,"[""\""duration\""""]",[],duration,literal
game/scripts/vscripts/abilities/FaerieFire.lua,13,13,ApplyFaerieFire,GetSpecialValueFor,ability,"[""\""hero_duration\""""]","[""target:IsHero() or target:IsConsideredHero()""]",hero_duration,literal
game/scripts/vscripts/abilities/GhostSlow.lua,5,5,Slow,GetSpecialValueFor,ability,"[""\""hero_duration\""""]",[],hero_duration,literal
game/scripts/vscripts/abilities/GhostSlow.lua,6,6,Slow,GetSpecialValueFor,ability,"[""\""duration\""""]",[],duration,literal
game/scripts/vscripts/abilities/hell_beast_sleep.lua,22,22,hell_beast_sleep:OnSpellStart,GetSpecialValueFor,self,"[""\""duration_invul\""""]",[],duration_invul,literal
game/scripts/vscripts/abilities/hell_beast_sleep.lua,23,23,hell_beast_sleep:OnSpellStart,GetSpecialValueFor,self,"[""\""duration_hero\""""]",[],duration_hero,literal
game/scripts/vscripts/abilities/hell_beast_sleep.lua,23,23,hell_beast_sleep:OnSpellStart,GetSpecialValueFor,self,"[""\""duration_creep\""""]",[],duration_creep,literal
game/scripts/vscripts/abilities/ManaBurn.lua,13,13,ManaBurn,GetLevelSpecialValueFor,ability,"[""\""mana_burn\"""", ""ability:GetLevel() - 1""]",[],mana_burn,literal
game/scripts/vscripts/abilities/ManaBurn.lua,14,14,ManaBurn,GetLevelSpecialValueFor,ability,"[""\""damage_per_mana\"""", ""ability:GetLevel() - 1""]",[],damage_per_mana,literal
game/scripts/vscripts/abilities/megaboss_15_ghoul_purge.lua,53,53,modifier_megaboss_15_ghoul_purge:OnCreated,GetSpecialValueFor,self:GetAbility(),"[""\""damage_threshold\""""]",[],damage_threshold,literal
game/scripts/vscripts/abilities/megaboss_5_bash.lua,31,31,modifier_megaboss_5_bash:OnCreated,GetSpecialValueFor,self:GetAbility(),"[""\""bash_chance\""""]",[],bash_chance,literal
game/scripts/vscripts/abilities/megaboss_5_bash.lua,32,32,modifier_megaboss_5_bash:OnCreated,GetSpecialValueFor,self:GetAbility(),"[""\""bash_damage\""""]",[],bash_damage,literal
game/scripts/vscripts/abilities/megaboss_5_bash.lua,33,33,modifier_megaboss_5_bash:OnCreated,GetSpecialValueFor,self:GetAbility(),"[""\""bash_duration\""""]",[],bash_duration,literal
game/scripts/vscripts/abilities/megaboss_5_bash.lua,36,36,modifier_megaboss_5_bash:OnCreated,GetSpecialValueFor,self:GetAbility(),"[""\""bash_chance\""""]","[""IsServer()""]",bash_chance,literal
game/scripts/vscripts/abilities/megaboss_5_bash.lua,64,64,modifier_megaboss_5_bash:OnAttackLanded,GetSpecialValueFor,self:GetAbility(),"[""\""bash_damage\""""]","[""IsServer()"", ""self:GetParent() == params.attacker"", ""hTarget ~= nil and self.pseudo:Trigger()""]",bash_damage,literal
game/scripts/vscripts/abilities/megaboss_5_bash.lua,69,69,modifier_megaboss_5_bash:OnAttackLanded,GetSpecialValueFor,self:GetAbility(),"[""\""bash_duration\""""]","[""IsServer()"", ""self:GetParent() == params.attacker"", ""hTarget ~= nil and self.pseudo:Trigger()""]",bash_duration,literal
game/scripts/vscripts/abilities/megaboss_5_crit.lua,31,31,modifier_megaboss_5_crit:OnCreated,GetSpecialValueFor,self:GetAbility(),"[""\""crit_chance\""""]",[],crit_chance,literal
game/scripts/vscripts/abilities/megaboss_5_crit.lua,32,32,modifier_megaboss_5_crit:OnCreated,GetSpecialValueFor,self:GetAbility(),"[""\""crit_multiplier\""""]",[],crit_multiplier,literal
game/scripts/vscripts/abilities/megaboss_5_crit.lua,35,35,modifier_megaboss_5_crit:OnCreated,GetSpecialValueFor,self:GetAbility(),"[""\""crit_chance\""""]","[""IsServer()""]",crit_chance,literal
game/scripts/vscripts/abilities/modifier_19_wave_polymorph_lua.lua,34,34,modifier_19_wave_polymorph_lua:OnCreated,GetSpecialValueFor,self:GetAbility(),"[""\""illusion_damage\""""]",[],illusion_damage,literal
game/scripts/vscripts/abilities/modifier_megaboss_10_return.lua,37,37,modifier_megaboss_10_return:OnTakeDamage,GetSpecialValueFor,self:GetAbility(),"[""\""damage_return\""""]","[""self.attack_record == params.record""]",damage_return,literal
game/scripts/vscripts/abilities/modifier_orn_return.lua,37,37,modifier_orn_return:OnTakeDamage,GetSpecialValueFor,self:GetAbility(),"[""\""damage_return\""""]","[""self.attack_record == params.record""]",damage_return,literal
game/scripts/vscripts/abilities/modifier_wave_13_command_aura.lua,48,48,modifier_wave_13_command_aura:OnCreated,GetSpecialValueFor,self:GetAbility(),"[""\""aura_radius\""""]",[],aura_radius,literal
game/scripts/vscripts/abilities/modifier_wave_13_command_aura.lua,60,60,modifier_wave_13_command_aura_effect:OnCreated,GetSpecialValueFor,self:GetAbility(),"[""\""bonus_damage_pct\""""]",[],bonus_damage_pct,literal
game/scripts/vscripts/abilities/modifier_wave_1_poison.lua,12,12,modifier_wave_1_poison:OnCreated,GetSpecialValueFor,self:GetAbility(),"[""\""duration\""""]",[],duration,literal
game/scripts/vscripts/abilities/modifier_wave_1_poison.lua,78,78,modifier_wave_1_poison_debuff:OnCreated,GetSpecialValueFor,self:GetAbility(),"[""\""movement_slow\""""]",[],movement_slow,literal
game/scripts/vscripts/abilities/modifier_wave_1_poison.lua,79,79,modifier_wave_1_poison_debuff:OnCreated,GetSpecialValueFor,self:GetAbility(),"[""\""attack_slow\""""]",[],attack_slow,literal
game/scripts/vscripts/abilities/modifier_wave_1_poison.lua,80,80,modifier_wave_1_poison_debuff:OnCreated,GetSpecialValueFor,self:GetAbility(),"[""\""damage_per_second\""""]",[],damage_per_second,literal
game/scripts/vscripts/abilities/modifier_wave_2_aura_of_vengeance.lua,46,46,modifier_wave_2_aura_of_vengeance:OnCreated,GetSpecialValueFor,self:GetAbility(),"[""\""radius\""""]",[],radius,literal
game/scripts/vscripts/abilities/modifier_wave_2_aura_of_vengeance.lua,52,52,modifier_wave_2_aura_of_vengeance:OnRefresh,GetSpecialValueFor,self:GetAbility(),"[""\""radius\""""]",[],radius,literal
game/scripts/vscripts/abilities/modifier_wave_2_aura_of_vengeance_aura.lua,49,49,modifier_wave_2_aura_of_vengeance_aura:OnCreated,GetSpecialValueFor,self:GetAbility(),"[""\""damage_return\""""]",[],damage_return,literal
game/scripts/vscripts/abilities/modifier_wave_2_centaur_chieftain_aura.lua,48,48,modifier_wave_2_centaur_chieftain_aura:OnCreated,GetSpecialValueFor,self:GetAbility(),"[""\""aura_radius\""""]",[],aura_radius,literal
game/scripts/vscripts/abilities/modifier_wave_2_centaur_chieftain_aura.lua,57,57,modifier_wave_2_centaur_chieftain_aura:OnRefresh,GetSpecialValueFor,self:GetAbility(),"[""\""aura_radius\""""]",[],aura_radius,literal
game/scripts/vscripts/abilities/modifier_wave_2_centaur_chieftain_aura_effect.lua,6,6,modifier_wave_2_centaur_chieftain_aura_effect:OnCreated,GetSpecialValueFor,self:GetAbility(),"[""\""bonus_movement_speed_percentage\""""]",[],bonus_movement_speed_percentage,literal
game/scripts/vscripts/abilities/modifier_wave_2_centaur_chieftain_aura_effect.lua,7,7,modifier_wave_2_centaur_chieftain_aura_effect:OnCreated,GetSpecialValueFor,self:GetAbility(),"[""\""bonus_attack_speed\""""]",[],bonus_attack_speed,literal
game/scripts/vscripts/abilities/modifier_wave_2_centaur_chieftain_aura_effect.lua,13,13,modifier_wave_2_centaur_chieftain_aura_effect:OnRefresh,GetSpecialValueFor,self:GetAbility(),"[""\""bonus_movement_speed_percentage\""""]",[],bonus_movement_speed_percentage,literal
game/scripts/vscripts/abilities/modifier_wave_2_centaur_chieftain_aura_effect.lua,14,14,modifier_wave_2_centaur_chieftain_aura_effect:OnRefresh,GetSpecialValueFor,self:GetAbility(),"[""\""bonus_attack_speed\""""]",[],bonus_attack_speed,literal
game/scripts/vscripts/abilities/modifiers/modifier_mana_break.lua,18,18,modifier_mana_break:OnCreated,GetSpecialValueFor,self:GetAbility(),"[""\""mana_per_hit\""""]",[],mana_per_hit,literal
game/scripts/vscripts/abilities/modifiers/modifier_mana_break.lua,19,19,modifier_mana_break:OnCreated,GetSpecialValueFor,self:GetAbility(),"[""\""damage_per_mana\""""]",[],damage_per_mana,literal
game/scripts/vscripts/abilities/Polymorph.lua,12,12,Polymorph,GetSpecialValueFor,ability,"[""\""duration\""""]",[],duration,literal
game/scripts/vscripts/abilities/Polymorph.lua,55,55,HideWearables,GetLevelSpecialValueFor,ability,"[""\""duration\"""", ""ability:GetLevel() - 1""]",[],duration,literal
game/scripts/vscripts/abilities/Purge.lua,33,33,PurgeStart,GetSpecialValueFor,ability,"[""'summoned_unit_damage'""]","[""bRemovePositiveBuffs"", ""target:IsSummoned() or target:IsDominated()""]",summoned_unit_damage,literal
game/scripts/vscripts/abilities/Purge.lua,40,40,PurgeStart,GetSpecialValueFor,ability,"[""'duration_hero'""]","[""bRemovePositiveBuffs"", ""target:IsHero() or target:IsConsideredHero()""]",duration_hero,literal
game/scripts/vscripts/abilities/Purge.lua,42,42,PurgeStart,GetSpecialValueFor,ability,"[""'duration'""]","[""bRemovePositiveBuffs"", ""NOT (target:IsHero() or target:IsConsideredHero())""]",duration,literal
game/scripts/vscripts/abilities/Purge.lua,55,55,ApplyPurge,GetSpecialValueFor,ability,"[""'stack_multi'""]",[],stack_multi,literal
game/scripts/vscripts/abilities/second_wave_wave_of_force.lua,7,7,second_wave_wave_of_force:OnSpellStart,GetSpecialValueFor,self,"[""\""attack_speed\""""]","[""IsServer()""]",attack_speed,literal
game/scripts/vscripts/abilities/second_wave_wave_of_force.lua,8,8,second_wave_wave_of_force:OnSpellStart,GetSpecialValueFor,self,"[""\""attack_width_initial\""""]","[""IsServer()""]",attack_width_initial,literal
game/scripts/vscripts/abilities/second_wave_wave_of_force.lua,9,9,second_wave_wave_of_force:OnSpellStart,GetSpecialValueFor,self,"[""\""attack_width_end\""""]","[""IsServer()""]",attack_width_end,literal
game/scripts/vscripts/abilities/second_wave_wave_of_force.lua,10,10,second_wave_wave_of_force:OnSpellStart,GetSpecialValueFor,self,"[""\""attack_distance\""""]","[""IsServer()""]",attack_distance,literal
game/scripts/vscripts/abilities/second_wave_wave_of_force.lua,11,11,second_wave_wave_of_force:OnSpellStart,GetSpecialValueFor,self,"[""\""max_health_damage\""""]","[""IsServer()""]",max_health_damage,literal
game/scripts/vscripts/abilities/second_wave_wave_of_force_extreme.lua,7,7,second_wave_wave_of_force_extreme:OnSpellStart,GetSpecialValueFor,self,"[""\""attack_speed\""""]","[""IsServer()""]",attack_speed,literal
game/scripts/vscripts/abilities/second_wave_wave_of_force_extreme.lua,8,8,second_wave_wave_of_force_extreme:OnSpellStart,GetSpecialValueFor,self,"[""\""attack_width_initial\""""]","[""IsServer()""]",attack_width_initial,literal
game/scripts/vscripts/abilities/second_wave_wave_of_force_extreme.lua,9,9,second_wave_wave_of_force_extreme:OnSpellStart,GetSpecialValueFor,self,"[""\""attack_width_end\""""]","[""IsServer()""]",attack_width_end,literal
game/scripts/vscripts/abilities/second_wave_wave_of_force_extreme.lua,10,10,second_wave_wave_of_force_extreme:OnSpellStart,GetSpecialValueFor,self,"[""\""attack_distance\""""]","[""IsServer()""]",attack_distance,literal
game/scripts/vscripts/abilities/second_wave_wave_of_force_extreme.lua,11,11,second_wave_wave_of_force_extreme:OnSpellStart,GetSpecialValueFor,self,"[""\""max_health_damage\""""]","[""IsServer()""]",max_health_damage,literal
game/scripts/vscripts/abilities/TrollHealer.lua,6,6,Heal,GetSpecialValueFor,ability,"[""\""value_heal_percent\""""]",[],value_heal_percent,literal
game/scripts/vscripts/abilities/wave_11_cleave.lua,28,28,modifier_wave_11_cleave:OnCreated,GetSpecialValueFor,self.ability,"[""\""cleave_percent\""""]",[],cleave_percent,literal
game/scripts/vscripts/abilities/wave_11_cleave.lua,29,29,modifier_wave_11_cleave:OnCreated,GetSpecialValueFor,self.ability,"[""\""cleave_start_width\""""]",[],cleave_start_width,literal
game/scripts/vscripts/abilities/wave_11_cleave.lua,30,30,modifier_wave_11_cleave:OnCreated,GetSpecialValueFor,self.ability,"[""\""cleave_end_width\""""]",[],cleave_end_width,literal
game/scripts/vscripts/abilities/wave_11_cleave.lua,31,31,modifier_wave_11_cleave:OnCreated,GetSpecialValueFor,self.ability,"[""\""cleave_length\""""]",[],cleave_length,literal
game/scripts/vscripts/abilities/wave_12_bash.lua,31,31,modifier_wave_12_bash:OnCreated,GetSpecialValueFor,self:GetAbility(),"[""\""bash_chance\""""]",[],bash_chance,literal
game/scripts/vscripts/abilities/wave_12_bash.lua,32,32,modifier_wave_12_bash:OnCreated,GetSpecialValueFor,self:GetAbility(),"[""\""bash_damage\""""]",[],bash_damage,literal
game/scripts/vscripts/abilities/wave_12_bash.lua,33,33,modifier_wave_12_bash:OnCreated,GetSpecialValueFor,self:GetAbility(),"[""\""bash_duration\""""]",[],bash_duration,literal
game/scripts/vscripts/abilities/wave_12_bash.lua,36,36,modifier_wave_12_bash:OnCreated,GetSpecialValueFor,self:GetAbility(),"[""\""bash_chance\""""]","[""IsServer()""]",bash_chance,literal
game/scripts/vscripts/abilities/wave_12_bash.lua,64,64,modifier_wave_12_bash:OnAttackLanded,GetSpecialValueFor,self:GetAbility(),"[""\""bash_damage\""""]","[""IsServer()"", ""self:GetParent() == params.attacker"", ""hTarget ~= nil and self.pseudo:Trigger()""]",bash_damage,literal
game/scripts/vscripts/abilities/wave_12_bash.lua,69,69,modifier_wave_12_bash:OnAttackLanded,GetSpecialValueFor,self:GetAbility(),"[""\""bash_duration\""""]","[""IsServer()"", ""self:GetParent() == params.attacker"", ""hTarget ~= nil and self.pseudo:Trigger()""]",bash_duration,literal
game/scripts/vscripts/abilities/wave_12_crit.lua,31,31,modifier_wave_12_crit:OnCreated,GetSpecialValueFor,self:GetAbility(),"[""\""crit_chance\""""]",[],crit_chance,literal
game/scripts/vscripts/abilities/wave_12_crit.lua,32,32,modifier_wave_12_crit:OnCreated,GetSpecialValueFor,self:GetAbility(),"[""\""crit_multiplier\""""]",[],crit_multiplier,literal
game/scripts/vscripts/abilities/wave_12_crit.lua,35,35,modifier_wave_12_crit:OnCreated,GetSpecialValueFor,self:GetAbility(),"[""\""crit_chance\""""]","[""IsServer()""]",crit_chance,literal
game/scripts/vscripts/abilities/wave_12_crit_extreme.lua,31,31,modifier_wave_12_crit_extreme:OnCreated,GetSpecialValueFor,self:GetAbility(),"[""\""crit_chance\""""]",[],crit_chance,literal
game/scripts/vscripts/abilities/wave_12_crit_extreme.lua,32,32,modifier_wave_12_crit_extreme:OnCreated,GetSpecialValueFor,self:GetAbility(),"[""\""crit_multiplier\""""]",[],crit_multiplier,literal
game/scripts/vscripts/abilities/wave_12_crit_extreme.lua,35,35,modifier_wave_12_crit_extreme:OnCreated,GetSpecialValueFor,self:GetAbility(),"[""\""crit_chance\""""]","[""IsServer()""]",crit_chance,literal
game/scripts/vscripts/abilities/wave_16_evasion_extreme.lua,23,23,modifier_wave_16_evasion_extreme:OnCreated,GetSpecialValueFor,self:GetAbility(),"[""\""evasion\""""]",[],evasion,literal
game/scripts/vscripts/abilities/wave_16_mana_burn.lua,22,22,wave_16_mana_burn:OnSpellStart,GetSpecialValueFor,self,"[""\""mana_burn\""""]","[""IsServer()""]",mana_burn,literal
game/scripts/vscripts/abilities/wave_16_mana_burn.lua,23,23,wave_16_mana_burn:OnSpellStart,GetSpecialValueFor,self,"[""\""damage_per_mana\""""]","[""IsServer()""]",damage_per_mana,literal
game/scripts/vscripts/abilities/wave_16_mana_burn_extreme.lua,22,22,wave_16_mana_burn_extreme:OnSpellStart,GetSpecialValueFor,self,"[""\""mana_burn\""""]","[""IsServer()""]",mana_burn,literal
game/scripts/vscripts/abilities/wave_16_mana_burn_extreme.lua,23,23,wave_16_mana_burn_extreme:OnSpellStart,GetSpecialValueFor,self,"[""\""damage_per_mana\""""]","[""IsServer()""]",damage_per_mana,literal
game/scripts/vscripts/abilities/wave_17_evasion.lua,23,23,modifier_wave_17_evasion:OnCreated,GetSpecialValueFor,self:GetAbility(),"[""\""evasion\""""]",[],evasion,literal
game/scripts/vscripts/abilities/wave_17_evasion_extreme.lua,23,23,modifier_wave_17_evasion_extreme:OnCreated,GetSpecialValueFor,self:GetAbility(),"[""\""evasion\""""]",[],evasion,literal
game/scripts/vscripts/abilities/wave_18_bash.lua,31,31,modifier_wave_18_bash:OnCreated,GetSpecialValueFor,self:GetAbility(),"[""\""bash_chance\""""]",[],bash_chance,literal
game/scripts/vscripts/abilities/wave_18_bash.lua,32,32,modifier_wave_18_bash:OnCreated,GetSpecialValueFor,self:GetAbility(),"[""\""bash_damage\""""]",[],bash_damage,literal
game/scripts/vscripts/abilities/wave_18_bash.lua,33,33,modifier_wave_18_bash:OnCreated,GetSpecialValueFor,self:GetAbility(),"[""\""bash_duration\""""]",[],bash_duration,literal
game/scripts/vscripts/abilities/wave_18_bash.lua,36,36,modifier_wave_18_bash:OnCreated,GetSpecialValueFor,self:GetAbility(),"[""\""bash_chance\""""]","[""IsServer()""]",bash_chance,literal
game/scripts/vscripts/abilities/wave_18_bash.lua,64,64,modifier_wave_18_bash:OnAttackLanded,GetSpecialValueFor,self:GetAbility(),"[""\""bash_damage\""""]","[""IsServer()"", ""self:GetParent() == params.attacker"", ""hTarget ~= nil and self.pseudo:Trigger()""]",bash_damage,literal
game/scripts/vscripts/abilities/wave_18_bash.lua,69,69,modifier_wave_18_bash:OnAttackLanded,GetSpecialValueFor,self:GetAbility(),"[""\""bash_duration\""""]","[""IsServer()"", ""self:GetParent() == params.attacker"", ""hTarget ~= nil and self.pseudo:Trigger()""]",bash_duration,literal
game/scripts/vscripts/abilities/wave_18_bash_extreme.lua,31,31,modifier_wave_18_bash_extreme:OnCreated,GetSpecialValueFor,self:GetAbility(),"[""\""bash_chance\""""]",[],bash_chance,literal
game/scripts/vscripts/abilities/wave_18_bash_extreme.lua,32,32,modifier_wave_18_bash_extreme:OnCreated,GetSpecialValueFor,self:GetAbility(),"[""\""bash_damage\""""]",[],bash_damage,literal
game/scripts/vscripts/abilities/wave_18_bash_extreme.lua,33,33,modifier_wave_18_bash_extreme:OnCreated,GetSpecialValueFor,self:GetAbility(),"[""\""bash_duration\""""]",[],bash_duration,literal
game/scripts/vscripts/abilities/wave_18_bash_extreme.lua,36,36,modifier_wave_18_bash_extreme:OnCreated,GetSpecialValueFor,self:GetAbility(),"[""\""bash_chance\""""]","[""IsServer()""]",bash_chance,literal
game/scripts/vscripts/abilities/wave_18_bash_extreme.lua,64,64,modifier_wave_18_bash_extreme:OnAttackLanded,GetSpecialValueFor,self:GetAbility(),"[""\""bash_damage\""""]","[""IsServer()"", ""self:GetParent() == params.attacker"", ""hTarget ~= nil and self.pseudo:Trigger()""]",bash_damage,literal
game/scripts/vscripts/abilities/wave_18_bash_extreme.lua,69,69,modifier_wave_18_bash_extreme:OnAttackLanded,GetSpecialValueFor,self:GetAbility(),"[""\""bash_duration\""""]","[""IsServer()"", ""self:GetParent() == params.attacker"", ""hTarget ~= nil and self.pseudo:Trigger()""]",bash_duration,literal
game/scripts/vscripts/abilities/wave_2_centaurs_revenge.lua,51,51,modifier_2_wave_centaurs_revenge:OnTakeDamage,GetSpecialValueFor,self:GetAbility(),"[""\""damage_return\""""]","[""self.attack_record == params.record""]",damage_return,literal
game/scripts/vscripts/abilities/wave_2_centaurs_revenge_extreme.lua,52,52,modifier_2_wave_centaurs_revenge:OnTakeDamage,GetSpecialValueFor,self:GetAbility(),"[""\""damage_return\""""]","[""self.attack_record == params.record""]",damage_return,literal
game/scripts/vscripts/abilities/wave_3_evasion.lua,23,23,modifier_wave_3_evasion:OnCreated,GetSpecialValueFor,self:GetAbility(),"[""\""evasion\""""]",[],evasion,literal
game/scripts/vscripts/abilities/wave_3_evasion_extreme.lua,23,23,modifier_wave_3_evasion_extreme:OnCreated,GetSpecialValueFor,self:GetAbility(),"[""\""evasion\""""]",[],evasion,literal
game/scripts/vscripts/abilities/wave_6_assassin.lua,31,31,modifier_wave_6_assassin:OnCreated,GetSpecialValueFor,self:GetAbility(),"[""\""crit_chance\""""]",[],crit_chance,literal
game/scripts/vscripts/abilities/wave_6_assassin.lua,32,32,modifier_wave_6_assassin:OnCreated,GetSpecialValueFor,self:GetAbility(),"[""\""crit_multiplier\""""]",[],crit_multiplier,literal
game/scripts/vscripts/abilities/wave_6_assassin.lua,33,33,modifier_wave_6_assassin:OnCreated,GetSpecialValueFor,self:GetAbility(),"[""\""evasion\""""]",[],evasion,literal
game/scripts/vscripts/abilities/wave_6_assassin.lua,36,36,modifier_wave_6_assassin:OnCreated,GetSpecialValueFor,self:GetAbility(),"[""\""crit_chance\""""]","[""IsServer()""]",crit_chance,literal
game/scripts/vscripts/abilities/wave_6_assassin_extreme.lua,31,31,modifier_wave_6_assassin_extreme:OnCreated,GetSpecialValueFor,self:GetAbility(),"[""\""crit_chance\""""]",[],crit_chance,literal
game/scripts/vscripts/abilities/wave_6_assassin_extreme.lua,32,32,modifier_wave_6_assassin_extreme:OnCreated,GetSpecialValueFor,self:GetAbility(),"[""\""crit_multiplier\""""]",[],crit_multiplier,literal
game/scripts/vscripts/abilities/wave_6_assassin_extreme.lua,33,33,modifier_wave_6_assassin_extreme:OnCreated,GetSpecialValueFor,self:GetAbility(),"[""\""evasion\""""]",[],evasion,literal
game/scripts/vscripts/abilities/wave_6_assassin_extreme.lua,36,36,modifier_wave_6_assassin_extreme:OnCreated,GetSpecialValueFor,self:GetAbility(),"[""\""crit_chance\""""]","[""IsServer()""]",crit_chance,literal
game/scripts/vscripts/abilities/wave_6_invisibility.lua,31,31,modifier_wave_6_invisibility:OnCreated,GetSpecialValueFor,self:GetAbility(),"[""\""delay\""""]","[""IsServer()""]",delay,literal
game/scripts/vscripts/abilities/wave_6_invisibility.lua,32,32,modifier_wave_6_invisibility:OnCreated,GetSpecialValueFor,self:GetAbility(),"[""\""duration\""""]","[""IsServer()""]",duration,literal
game/scripts/vscripts/abilities/wave_8_cleave.lua,28,28,modifier_wave_8_cleave:OnCreated,GetSpecialValueFor,self.ability,"[""\""cleave_percent\""""]",[],cleave_percent,literal
game/scripts/vscripts/abilities/wave_8_cleave.lua,29,29,modifier_wave_8_cleave:OnCreated,GetSpecialValueFor,self.ability,"[""\""cleave_start_width\""""]",[],cleave_start_width,literal
game/scripts/vscripts/abilities/wave_8_cleave.lua,30,30,modifier_wave_8_cleave:OnCreated,GetSpecialValueFor,self.ability,"[""\""cleave_end_width\""""]",[],cleave_end_width,literal
game/scripts/vscripts/abilities/wave_8_cleave.lua,31,31,modifier_wave_8_cleave:OnCreated,GetSpecialValueFor,self.ability,"[""\""cleave_length\""""]",[],cleave_length,literal
game/scripts/vscripts/abilities/wave_8_lifesteal_aura.lua,58,58,modifier_wave_8_lifesteal_aura:OnCreated,GetSpecialValueFor,self:GetAbility(),"[""\""aura_radius\""""]",[],aura_radius,literal
game/scripts/vscripts/abilities/wave_8_lifesteal_aura.lua,95,95,modifier_wave_8_lifesteal_aura_effect:OnCreated,GetSpecialValueFor,self:GetAbility(),"[""\""aura_lifesteal_percent\""""]",[],aura_lifesteal_percent,literal
game/scripts/vscripts/abilities/wave_8_lifesteal_extreme.lua,52,52,modifier_wave_8_lifesteal_extreme_effect:OnCreated,GetSpecialValueFor,self:GetAbility(),"[""\""lifesteal_percent\""""]",[],lifesteal_percent,literal
game/scripts/vscripts/abilities/wave_9_incorporeity.lua,42,42,modifier_wave_9_incorporeity:OnCreated,GetSpecialValueFor,self:GetAbility(),"[""\""melee_damage_reduction\""""]",[],melee_damage_reduction,literal
game/scripts/vscripts/abilities/wave_9_incorporeity.lua,43,43,modifier_wave_9_incorporeity:OnCreated,GetSpecialValueFor,self:GetAbility(),"[""\""ranged_damage_reduction\""""]",[],ranged_damage_reduction,literal
game/scripts/vscripts/abilities/wave_9_incorporeity_extreme.lua,42,42,modifier_wave_9_incorporeity_extreme:OnCreated,GetSpecialValueFor,self:GetAbility(),"[""\""melee_damage_reduction\""""]",[],melee_damage_reduction,literal
game/scripts/vscripts/abilities/wave_9_incorporeity_extreme.lua,43,43,modifier_wave_9_incorporeity_extreme:OnCreated,GetSpecialValueFor,self:GetAbility(),"[""\""ranged_damage_reduction\""""]",[],ranged_damage_reduction,literal
game/scripts/vscripts/abilities/wave_9_morphallaxis.lua,31,31,modifier_wave_9_morphallaxis:OnCreated,GetSpecialValueFor,self:GetAbility(),"[""\""chance\""""]",[],chance,literal
game/scripts/vscripts/filtering.lua,140,140,LiA:FilterDamage,GetSpecialValueFor,b_abil,"[""\""piercing_damage_reduction\""""]","[""damagetype == DAMAGE_TYPE_PHYSICAL"", ""victim:HasModifier(\""modifier_ancient_shield_defend\"") and attack_type == \""pierce\""""]",piercing_damage_reduction,literal
game/scripts/vscripts/heroes/Acron/acron_battle_fevor.lua,15,15,acron_battle_fevor:OnExplosion,GetSpecialValueFor,self,"[""\""radius\""""]",[],radius,literal
game/scripts/vscripts/heroes/Acron/acron_battle_fevor.lua,57,57,modifier_acron_battle_fevor:OnCreated,GetSpecialValueFor,self:GetAbility(),"[""\""magical_resistance_passive\""""]",[],magical_resistance_passive,literal
game/scripts/vscripts/heroes/Acron/acron_battle_fevor.lua,61,61,modifier_acron_battle_fevor:OnRefresh,GetSpecialValueFor,self:GetAbility(),"[""\""magical_resistance_passive\""""]",[],magical_resistance_passive,literal
game/scripts/vscripts/heroes/Acron/acron_battle_fevor.lua,90,90,modifier_acron_battle_fevor_buff:OnCreated,GetSpecialValueFor,self:GetAbility(),"[""\""stack_armor\""""]",[],stack_armor,literal
game/scripts/vscripts/heroes/Acron/acron_battle_fevor.lua,91,91,modifier_acron_battle_fevor_buff:OnCreated,GetSpecialValueFor,self:GetAbility(),"[""\""stack_health_regen\""""]",[],stack_health_regen,literal
game/scripts/vscripts/heroes/Acron/acron_battle_fevor.lua,92,92,modifier_acron_battle_fevor_buff:OnCreated,GetSpecialValueFor,self:GetAbility(),"[""\""stack_duration\""""]",[],stack_duration,literal
game/scripts/vscripts/heroes/Acron/acron_battle_fevor.lua,111,111,modifier_acron_battle_fevor_buff:OnRefresh,GetSpecialValueFor,self:GetAbility(),"[""\""stack_armor\""""]",[],stack_armor,literal
game/scripts/vscripts/heroes/Acron/acron_battle_fevor.lua,112,112,modifier_acron_battle_fevor_buff:OnRefresh,GetSpecialValueFor,self:GetAbility(),"[""\""stack_health_regen\""""]",[],stack_health_regen,literal
game/scripts/vscripts/heroes/Acron/acron_battle_fevor.lua,113,113,modifier_acron_battle_fevor_buff:OnRefresh,GetSpecialValueFor,self:GetAbility(),"[""\""stack_duration\""""]",[],stack_duration,literal
game/scripts/vscripts/heroes/Acron/Explosion.lua,4,4,Explosion,GetSpecialValueFor,ability,"[""\""hp_prc_dmg\""""]",[],hp_prc_dmg,literal
game/scripts/vscripts/heroes/Acron/Explosion.lua,5,5,Explosion,GetSpecialValueFor,ability,"[""\""radius\""""]",[],radius,literal
game/scripts/vscripts/heroes/Acron/firerage.lua,5,5,StackCountIncrease,GetSpecialValueFor,ability,"[""\""stackTime\""""]",[],stackTime,literal
game/scripts/vscripts/heroes/Acron/firerage.lua,18,18,StackCountIncrease,GetSpecialValueFor,ability,"[""\""heroStacks\""""]","[""keys.attacker:IsRealHero() or string.find(keys.attacker:GetUnitName(), \""megaboss\"")""]",heroStacks,literal
game/scripts/vscripts/heroes/Alchemist/alchemist_fire_potion.lua,4,4,alchemist_fire_potion:OnSpellStart,GetSpecialValueFor,self,"[""\""speed\""""]",[],speed,literal
game/scripts/vscripts/heroes/Alchemist/alchemist_fire_potion.lua,5,5,alchemist_fire_potion:OnSpellStart,GetSpecialValueFor,self,"[""\""projectile_distance\""""]",[],projectile_distance,literal
game/scripts/vscripts/heroes/Alchemist/alchemist_fire_potion.lua,6,6,alchemist_fire_potion:OnSpellStart,GetSpecialValueFor,self,"[""\""start_width\""""]",[],start_width,literal
game/scripts/vscripts/heroes/Alchemist/alchemist_fire_potion.lua,7,7,alchemist_fire_potion:OnSpellStart,GetSpecialValueFor,self,"[""\""end_width\""""]",[],end_width,literal
game/scripts/vscripts/heroes/Alchemist/alchemist_fire_potion.lua,8,8,alchemist_fire_potion:OnSpellStart,GetSpecialValueFor,self,"[""\""self_damage\""""]",[],self_damage,literal
game/scripts/vscripts/heroes/Alchemist/alchemist_fire_potion.lua,12,12,alchemist_fire_potion:OnSpellStart,GetSpecialValueFor,self,"[""\""wave_count_scepter\""""]","[""self.caster:HasScepter()""]",wave_count_scepter,literal
game/scripts/vscripts/heroes/Alchemist/alchemist_fire_potion.lua,13,13,alchemist_fire_potion:OnSpellStart,GetSpecialValueFor,self,"[""\""delay_between_waves_scepters\""""]","[""self.caster:HasScepter()""]",delay_between_waves_scepters,literal
game/scripts/vscripts/heroes/Alchemist/alchemist_fire_potion.lua,16,16,alchemist_fire_potion:OnSpellStart,GetSpecialValueFor,self,"[""\""wave_count\""""]","[""NOT (self.caster:HasScepter())""]",wave_count,literal
game/scripts/vscripts/heroes/Alchemist/alchemist_fire_potion.lua,17,17,alchemist_fire_potion:OnSpellStart,GetSpecialValueFor,self,"[""\""delay_between_waves\""""]","[""NOT (self.caster:HasScepter())""]",delay_between_waves,literal
game/scripts/vscripts/heroes/Alchemist/alchemist_fire_potion.lua,105,105,alchemist_fire_potion:OnProjectileHit,GetSpecialValueFor,self,"[""\""damage\""""]","[""hTarget ~= nil and (not hTarget:IsMagicImmune()) and (not hTarget:IsInvulnerable())""]",damage,literal
game/scripts/vscripts/heroes/Alchemist/alchemist_swiftness_potion.lua,8,8,alchemist_swiftness_potion:OnSpellStart,GetSpecialValueFor,self,"[""\""speed\""""]",[],speed,literal
game/scripts/vscripts/heroes/Alchemist/alchemist_swiftness_potion.lua,9,9,alchemist_swiftness_potion:OnSpellStart,GetSpecialValueFor,self,"[""\""distance\""""]",[],distance,literal
game/scripts/vscripts/heroes/Alchemist/alchemist_swiftness_potion.lua,10,10,alchemist_swiftness_potion:OnSpellStart,GetSpecialValueFor,self,"[""\""hit_width\""""]",[],hit_width,literal
game/scripts/vscripts/heroes/Alchemist/alchemist_swiftness_potion.lua,11,11,alchemist_swiftness_potion:OnSpellStart,GetSpecialValueFor,self,"[""\""damage\""""]",[],damage,literal
game/scripts/vscripts/heroes/Alchemist/modifier_alchemist_side_effect.lua,12,12,modifier_alchemist_side_effect:OnCreated,GetSpecialValueFor,self:GetAbility(),"[""\""duration\""""]",[],duration,literal
game/scripts/vscripts/heroes/Alchemist/modifier_alchemist_side_effect.lua,13,13,modifier_alchemist_side_effect:OnCreated,GetSpecialValueFor,self:GetAbility(),"[""\""charge_delay\""""]",[],charge_delay,literal
game/scripts/vscripts/heroes/Alchemist/modifier_alchemist_side_effect.lua,15,15,modifier_alchemist_side_effect:OnCreated,GetSpecialValueFor,self:GetAbility(),"[""\""potions_to_trigger\""""]",[],potions_to_trigger,literal
game/scripts/vscripts/heroes/Alchemist/modifier_alchemist_side_effect_debuff.lua,17,17,modifier_alchemist_side_effect_debuff:OnCreated,GetSpecialValueFor,self:GetAbility(),"[""\""movespeed_slow_percentage\""""]",[],movespeed_slow_percentage,literal
game/scripts/vscripts/heroes/Alchemist/modifier_alchemist_side_effect_debuff.lua,18,18,modifier_alchemist_side_effect_debuff:OnCreated,GetSpecialValueFor,self:GetAbility(),"[""\""turn_rate_slow_percentage\""""]",[],turn_rate_slow_percentage,literal
game/scripts/vscripts/heroes/Alchemist/modifier_alchemist_side_effect_thinker.lua,51,51,modifier_alchemist_side_effect_thinker:OnCreated,GetSpecialValueFor,self:GetAbility(),"[""\""damage_per_second\""""]","[""IsServer()""]",damage_per_second,literal
game/scripts/vscripts/heroes/Alchemist/modifier_alchemist_side_effect_thinker.lua,52,52,modifier_alchemist_side_effect_thinker:OnCreated,GetSpecialValueFor,self:GetAbility(),"[""\""stun_duration\""""]","[""IsServer()""]",stun_duration,literal
game/scripts/vscripts/heroes/Alchemist/modifier_alchemist_side_effect_thinker.lua,53,53,modifier_alchemist_side_effect_thinker:OnCreated,GetSpecialValueFor,self:GetAbility(),"[""\""burn_duration\""""]","[""IsServer()""]",burn_duration,literal
game/scripts/vscripts/heroes/Alchemist/modifier_alchemist_side_effect_thinker.lua,55,55,modifier_alchemist_side_effect_thinker:OnCreated,GetSpecialValueFor,self:GetAbility(),"[""\""radius\""""]","[""IsServer()""]",radius,literal
game/scripts/vscripts/heroes/Alchemist/modifier_alchemist_side_effect_thinker.lua,94,94,modifier_alchemist_side_effect_thinker:SideEffectExplosion,GetSpecialValueFor,self:GetAbility(),"[""\""base_strength_burn_damage_percentage\""""]","[""IsServer()""]",base_strength_burn_damage_percentage,literal
game/scripts/vscripts/heroes/Alchemist/modifier_alchemist_side_effect_thinker.lua,95,95,modifier_alchemist_side_effect_thinker:SideEffectExplosion,GetSpecialValueFor,self:GetAbility(),"[""\""bonus_intelligence_explosion_damage_percentage\""""]","[""IsServer()""]",bonus_intelligence_explosion_damage_percentage,literal
game/scripts/vscripts/heroes/Alchemist/modifier_alchemist_swiftness_potion_buff.lua,30,30,modifier_alchemist_swiftness_potion_buff:OnCreated,GetSpecialValueFor,self:GetAbility(),"[""\""bonus_attack_speed_scepter\""""]","[""self:GetCaster():HasScepter()""]",bonus_attack_speed_scepter,literal
game/scripts/vscripts/heroes/Alchemist/modifier_alchemist_swiftness_potion_buff.lua,32,32,modifier_alchemist_swiftness_potion_buff:OnCreated,GetSpecialValueFor,self:GetAbility(),"[""\""bonus_attack_speed\""""]","[""NOT (self:GetCaster():HasScepter())""]",bonus_attack_speed,literal
game/scripts/vscripts/heroes/Alchemist/modifier_alchemist_swiftness_potion_caster.lua,20,20,modifier_alchemist_swiftness_potion_caster:OnCreated,GetSpecialValueFor,self:GetAbility(),"[""\""hit_width\""""]","[""IsServer()""]",hit_width,literal
game/scripts/vscripts/heroes/Alchemist/modifier_alchemist_swiftness_potion_caster.lua,21,21,modifier_alchemist_swiftness_potion_caster:OnCreated,GetSpecialValueFor,self:GetAbility(),"[""\""enemy_knockback_distance\""""]","[""IsServer()""]",enemy_knockback_distance,literal
game/scripts/vscripts/heroes/Alchemist/modifier_alchemist_swiftness_potion_caster.lua,22,22,modifier_alchemist_swiftness_potion_caster:OnCreated,GetSpecialValueFor,self:GetAbility(),"[""\""enemy_knockback_speed\""""]","[""IsServer()""]",enemy_knockback_speed,literal
game/scripts/vscripts/heroes/Alchemist/modifier_alchemist_swiftness_potion_caster.lua,24,24,modifier_alchemist_swiftness_potion_caster:OnCreated,GetSpecialValueFor,self:GetAbility(),"[""\""stun_duration\""""]","[""IsServer()""]",stun_duration,literal
game/scripts/vscripts/heroes/Alchemist/modifier_alchemist_swiftness_potion_caster.lua,25,25,modifier_alchemist_swiftness_potion_caster:OnCreated,GetSpecialValueFor,self:GetAbility(),"[""\""duration\""""]","[""IsServer()""]",duration,literal
game/scripts/vscripts/heroes/Alchemist/modifier_alchemist_swiftness_potion_caster.lua,26,26,modifier_alchemist_swiftness_potion_caster:OnCreated,GetSpecialValueFor,self:GetAbility(),"[""\""damage\""""]","[""IsServer()""]",damage,literal
game/scripts/vscripts/heroes/Alchemist/modifier_alchemist_unity.lua,12,12,modifier_alchemist_unity:OnCreated,GetSpecialValueFor,self:GetAbility(),"[""\""bonus_stats_percentage\""""]",[],bonus_stats_percentage,literal
game/scripts/vscripts/heroes/Alchemist/modifier_alchemist_unity.lua,19,19,modifier_alchemist_unity:OnRefresh,GetSpecialValueFor,self:GetAbility(),"[""\""bonus_stats_percentage\""""]",[],bonus_stats_percentage,literal
game/scripts/vscripts/heroes/AncientPriestess/ancient_priestess_ritual_protection.lua,7,7,ancient_priestess_ritual_protection:OnSpellStart,GetSpecialValueFor,self,"[""\""duration\""""]",[],duration,literal
game/scripts/vscripts/heroes/AncientPriestess/ancient_priestess_ritual_protection.lua,8,8,ancient_priestess_ritual_protection:OnSpellStart,GetSpecialValueFor,self,"[""\""radius\""""]",[],radius,literal
game/scripts/vscripts/heroes/AncientPriestess/ancient_priestess_spirit_link.lua,23,23,ancient_priestess_spirit_link:OnSpellStart,GetSpecialValueFor,self,"[""\""max_unit\""""]",[],max_unit,literal
game/scripts/vscripts/heroes/AncientPriestess/ancient_priestess_spirit_link.lua,24,24,ancient_priestess_spirit_link:OnSpellStart,GetSpecialValueFor,self,"[""\""duration\""""]",[],duration,literal
game/scripts/vscripts/heroes/AncientPriestess/ancient_priestess_spirit_link.lua,25,25,ancient_priestess_spirit_link:OnSpellStart,GetSpecialValueFor,self,"[""\""radius\""""]",[],radius,literal
game/scripts/vscripts/heroes/AncientPriestess/modifier_ancient_priestess_mana_shield.lua,19,19,modifier_ancient_priestess_mana_shield:GetBlockDamage,GetSpecialValueFor,self:GetAbility(),"[""\""absorption_percent_scepter\""""]","[""self:GetCaster():HasScepter()""]",absorption_percent_scepter,literal
game/scripts/vscripts/heroes/AncientPriestess/modifier_ancient_priestess_mana_shield.lua,20,20,modifier_ancient_priestess_mana_shield:GetBlockDamage,GetSpecialValueFor,self:GetAbility(),"[""\""damage_per_mana_scepter\""""]","[""self:GetCaster():HasScepter()""]",damage_per_mana_scepter,literal
game/scripts/vscripts/heroes/AncientPriestess/modifier_ancient_priestess_mana_shield.lua,22,22,modifier_ancient_priestess_mana_shield:GetBlockDamage,GetSpecialValueFor,self:GetAbility(),"[""\""absorption_percent\""""]","[""NOT (self:GetCaster():HasScepter())""]",absorption_percent,literal
game/scripts/vscripts/heroes/AncientPriestess/modifier_ancient_priestess_mana_shield.lua,23,23,modifier_ancient_priestess_mana_shield:GetBlockDamage,GetSpecialValueFor,self:GetAbility(),"[""\""damage_per_mana\""""]","[""NOT (self:GetCaster():HasScepter())""]",damage_per_mana,literal
game/scripts/vscripts/heroes/AncientPriestess/modifier_ancient_priestess_ritual_protection.lua,49,49,modifier_ancient_priestess_ritual_protection:OnCreated,GetSpecialValueFor,self:GetAbility(),"[""\""damage_absorb_scepter\""""]","[""IsServer()"", ""self:GetCaster():HasScepter()""]",damage_absorb_scepter,literal
game/scripts/vscripts/heroes/AncientPriestess/modifier_ancient_priestess_ritual_protection.lua,51,51,modifier_ancient_priestess_ritual_protection:OnCreated,GetSpecialValueFor,self:GetAbility(),"[""\""damage_absorb\""""]","[""IsServer()"", ""NOT (self:GetCaster():HasScepter())""]",damage_absorb,literal
game/scripts/vscripts/heroes/AncientPriestess/modifier_ancient_priestess_spirit_link.lua,36,36,modifier_ancient_priestess_spirit_link:OnCreated,GetSpecialValueFor,self:GetAbility(),"[""\""heal_value\""""]",[],heal_value,literal
game/scripts/vscripts/heroes/AncientPriestess/modifier_ancient_priestess_spirit_link.lua,37,37,modifier_ancient_priestess_spirit_link:OnCreated,GetSpecialValueFor,self:GetAbility(),"[""\""distribution_factor\""""]",[],distribution_factor,literal
game/scripts/vscripts/heroes/AncientPriestess/surge_of_intelligence.lua,5,5,Damage,GetSpecialValueFor,ability,"[""'koef_damage'""]",[],koef_damage,literal
game/scripts/vscripts/heroes/Android/android_cluster_rockets.lua,6,6,android_cluster_rockets:GetAOERadius,GetSpecialValueFor,self,"[""\""radius\""""]",[],radius,literal
game/scripts/vscripts/heroes/Android/android_cluster_rockets.lua,14,14,android_cluster_rockets:OnSpellStart,GetSpecialValueFor,self,"[""\""projectile_interval\""""]",[],projectile_interval,literal
game/scripts/vscripts/heroes/Android/android_cluster_rockets.lua,14,14,android_cluster_rockets:OnSpellStart,GetSpecialValueFor,self,"[""\""projectile_count\""""]",[],projectile_count,literal
game/scripts/vscripts/heroes/Android/android_cluster_rockets.lua,21,21,android_cluster_rockets:OnProjectileHit,GetSpecialValueFor,self,"[""\""projectile_radius\""""]",[],projectile_radius,literal
game/scripts/vscripts/heroes/Android/android_cluster_rockets.lua,22,22,android_cluster_rockets:OnProjectileHit,GetSpecialValueFor,self,"[""\""stun_duration\""""]",[],stun_duration,literal
game/scripts/vscripts/heroes/Android/android_cluster_rockets.lua,26,26,android_cluster_rockets:OnProjectileHit,GetSpecialValueFor,self,"[""\""damage\""""]",[],damage,literal
game/scripts/vscripts/heroes/Android/android_cluster_rockets.lua,71,71,modifier_cluster_rockets:OnCreated,GetSpecialValueFor,ability,"[""\""projectile_interval\""""]",[],projectile_interval,literal
game/scripts/vscripts/heroes/Android/android_cluster_rockets.lua,88,88,modifier_cluster_rockets:FireRocket,GetSpecialValueFor,ability,"[""\""radius\""""]",[],radius,literal
game/scripts/vscripts/heroes/Android/android_cluster_rockets.lua,89,89,modifier_cluster_rockets:FireRocket,GetSpecialValueFor,ability,"[""\""projectile_speed\""""]",[],projectile_speed,literal
game/scripts/vscripts/heroes/Android/Kaboom.lua,6,6,Kaboom,GetSpecialValueFor,ability,"[""\""small_radius\""""]",[],small_radius,literal
game/scripts/vscripts/heroes/Android/Kaboom.lua,7,7,Kaboom,GetSpecialValueFor,ability,"[""\""big_radius\""""]",[],big_radius,literal
game/scripts/vscripts/heroes/Android/modifier_android_armor.lua,16,16,modifier_android_armor:OnCreated,GetSpecialValueFor,self:GetAbility(),"[""\""damage_block\""""]",[],damage_block,literal
game/scripts/vscripts/heroes/Android/modifier_android_armor.lua,17,17,modifier_android_armor:OnCreated,GetSpecialValueFor,self:GetAbility(),"[""\""min_damage\""""]",[],min_damage,literal
game/scripts/vscripts/heroes/Android/modifier_android_armor.lua,21,21,modifier_android_armor:OnRefresh,GetSpecialValueFor,self:GetAbility(),"[""\""damage_block\""""]",[],damage_block,literal
game/scripts/vscripts/heroes/Android/modifier_android_armor.lua,22,22,modifier_android_armor:OnRefresh,GetSpecialValueFor,self:GetAbility(),"[""\""min_damage\""""]",[],min_damage,literal
game/scripts/vscripts/heroes/Android/PocketFactory.lua,11,11,BuildPocketFactory,GetLevelSpecialValueFor,ability,"[""\""factory_duration\"""", ""ability:GetLevel() - 1""]",[],factory_duration,literal
game/scripts/vscripts/heroes/Android/PocketFactory.lua,52,52,StartGoblinSpawn,GetLevelSpecialValueFor,ability,"[""\""spawn_ratio\"""", ""ability:GetLevel() - 1""]",[],spawn_ratio,literal
game/scripts/vscripts/heroes/Android/PocketFactory.lua,53,53,StartGoblinSpawn,GetLevelSpecialValueFor,ability,"[""\""goblin_duration\"""", ""ability:GetLevel() - 1""]",[],goblin_duration,literal
game/scripts/vscripts/heroes/Araman/Curse.lua,6,6,Curse,GetSpecialValueFor,ability,"[""\""full_damage_radius\""""]",[],full_damage_radius,literal
game/scripts/vscripts/heroes/Araman/Curse.lua,7,7,Curse,GetSpecialValueFor,ability,"[""\""radius\""""]",[],radius,literal
game/scripts/vscripts/heroes/Araman/Curse.lua,8,8,Curse,GetSpecialValueFor,ability,"[""\""damage\""""]",[],damage,literal
game/scripts/vscripts/heroes/Araman/modifier_araman_armor_of_darkness.lua,12,12,modifier_araman_armor_of_darkness:OnCreated,GetSpecialValueFor,self:GetAbility(),"[""\""incoming_damage_percentage\""""]",[],incoming_damage_percentage,literal
game/scripts/vscripts/heroes/Araman/modifier_araman_armor_of_darkness.lua,13,13,modifier_araman_armor_of_darkness:OnCreated,GetSpecialValueFor,self:GetAbility(),"[""\""bonus_armor\""""]",[],bonus_armor,literal
game/scripts/vscripts/heroes/Araman/modifier_araman_armor_of_darkness.lua,17,17,modifier_araman_armor_of_darkness:OnRefresh,GetSpecialValueFor,self:GetAbility(),"[""\""incoming_damage_percentage\""""]",[],incoming_damage_percentage,literal
game/scripts/vscripts/heroes/Araman/modifier_araman_armor_of_darkness.lua,18,18,modifier_araman_armor_of_darkness:OnRefresh,GetSpecialValueFor,self:GetAbility(),"[""\""bonus_armor\""""]",[],bonus_armor,literal
game/scripts/vscripts/heroes/Araman/modifier_araman_morale_aura.lua,52,52,modifier_araman_morale_aura:OnCreated,GetSpecialValueFor,self:GetAbility(),"[""\""radius\""""]",[],radius,literal
game/scripts/vscripts/heroes/Araman/modifier_araman_morale_aura.lua,58,58,modifier_araman_morale_aura:OnRefresh,GetSpecialValueFor,self:GetAbility(),"[""\""radius\""""]",[],radius,literal
game/scripts/vscripts/heroes/Araman/modifier_araman_morale_effect.lua,12,12,modifier_araman_morale_effect:OnCreated,GetSpecialValueFor,self:GetAbility(),"[""\""bonus_damage_percentage\""""]",[],bonus_damage_percentage,literal
game/scripts/vscripts/heroes/Araman/modifier_araman_morale_effect.lua,16,16,modifier_araman_morale_effect:OnRefresh,GetSpecialValueFor,self:GetAbility(),"[""\""bonus_damage_percentage\""""]",[],bonus_damage_percentage,literal
game/scripts/vscripts/heroes/Araman/modifier_araman_power_of_scourge.lua,46,46,modifier_araman_power_of_scourge:OnCreated,GetSpecialValueFor,self:GetAbility(),"[""\""damage_stack_max\""""]",[],damage_stack_max,literal
game/scripts/vscripts/heroes/Araman/modifier_araman_power_of_scourge.lua,49,49,modifier_araman_power_of_scourge:OnCreated,GetSpecialValueFor,self:GetAbility(),"[""\""damage_per_attack\""""]",[],damage_per_attack,literal
game/scripts/vscripts/heroes/Araman/modifier_araman_power_of_scourge.lua,52,52,modifier_araman_power_of_scourge:OnCreated,GetSpecialValueFor,self:GetAbility(),"[""\""bonus_attack_speed\""""]",[],bonus_attack_speed,literal
game/scripts/vscripts/heroes/Araman/modifier_araman_power_of_scourge.lua,53,53,modifier_araman_power_of_scourge:OnCreated,GetSpecialValueFor,self:GetAbility(),"[""\""bonus_move_speed\""""]",[],bonus_move_speed,literal
game/scripts/vscripts/heroes/Archmage/archmage_anomaly.lua,7,7,archmage_anomaly:GetAOERadius,GetSpecialValueFor,self,"[""\""radius\""""]",[],radius,literal
game/scripts/vscripts/heroes/Archmage/archmage_anomaly.lua,12,12,archmage_anomaly:GetManaCost,GetLevelSpecialValueFor,self,"[""\""manacost_scepter\"""", ""iLevel""]","[""self:GetCaster():HasScepter()""]",manacost_scepter,literal
game/scripts/vscripts/heroes/Archmage/archmage_anomaly.lua,21,21,archmage_anomaly:OnSpellStart,GetSpecialValueFor,self,"[""\""duration_scepter\""""]","[""caster:HasScepter()""]",duration_scepter,literal
game/scripts/vscripts/heroes/Archmage/archmage_anomaly.lua,23,23,archmage_anomaly:OnSpellStart,GetSpecialValueFor,self,"[""\""duration\""""]","[""NOT (caster:HasScepter())""]",duration,literal
game/scripts/vscripts/heroes/Archmage/archmage_shooting_star.lua,14,14,archmage_shooting_star:GetCooldown,GetLevelSpecialValueFor,self,"[""\""cooldown_scepter\"""", ""iLevel""]","[""self:GetCaster():HasScepter()""]",cooldown_scepter,literal
game/scripts/vscripts/heroes/Archmage/archmage_shooting_star.lua,23,23,archmage_shooting_star:OnUpgrade,GetSpecialValueFor,self,"[""\""charge_limit\""""]",[],charge_limit,literal
game/scripts/vscripts/heroes/Archmage/archmage_shooting_star.lua,38,38,archmage_shooting_star:GetManaCost,GetSpecialValueFor,self,"[""\""manacost_per_charge_scepter\""""]","[""caster:HasScepter()""]",manacost_per_charge_scepter,literal
game/scripts/vscripts/heroes/Archmage/archmage_shooting_star.lua,39,39,archmage_shooting_star:GetManaCost,GetSpecialValueFor,self,"[""\""initial_manacost_scepter\""""]","[""caster:HasScepter()""]",initial_manacost_scepter,literal
game/scripts/vscripts/heroes/Archmage/archmage_shooting_star.lua,42,42,archmage_shooting_star:GetManaCost,GetSpecialValueFor,self,"[""\""manacost_per_charge\""""]","[""NOT (caster:HasScepter())""]",manacost_per_charge,literal
game/scripts/vscripts/heroes/Archmage/archmage_shooting_star.lua,44,44,archmage_shooting_star:GetManaCost,GetSpecialValueFor,self,"[""\""charge_limit\""""]",[],charge_limit,literal
game/scripts/vscripts/heroes/Archmage/archmage_shooting_star.lua,67,67,archmage_shooting_star:OnSpellStart,GetSpecialValueFor,self,"[""\""damage_per_charge_scepter\""""]","[""caster:HasScepter()""]",damage_per_charge_scepter,literal
game/scripts/vscripts/heroes/Archmage/archmage_shooting_star.lua,68,68,archmage_shooting_star:OnSpellStart,GetSpecialValueFor,self,"[""\""initial_damage_scepter\""""]","[""caster:HasScepter()""]",initial_damage_scepter,literal
game/scripts/vscripts/heroes/Archmage/archmage_shooting_star.lua,70,70,archmage_shooting_star:OnSpellStart,GetSpecialValueFor,self,"[""\""damage_per_charge\""""]","[""NOT (caster:HasScepter())""]",damage_per_charge,literal
game/scripts/vscripts/heroes/Archmage/archmage_shooting_star.lua,71,71,archmage_shooting_star:OnSpellStart,GetSpecialValueFor,self,"[""\""initial_damage\""""]","[""NOT (caster:HasScepter())""]",initial_damage,literal
game/scripts/vscripts/heroes/Archmage/archmage_shooting_star.lua,74,74,archmage_shooting_star:OnSpellStart,GetSpecialValueFor,self,"[""\""charge_limit\""""]",[],charge_limit,literal
game/scripts/vscripts/heroes/Archmage/archmage_shooting_star.lua,75,75,archmage_shooting_star:OnSpellStart,GetSpecialValueFor,self,"[""\""charge_duration\""""]",[],charge_duration,literal
game/scripts/vscripts/heroes/Archmage/archmage_shooting_star.lua,76,76,archmage_shooting_star:OnSpellStart,GetSpecialValueFor,self,"[""\""anomaly_radius\""""]",[],anomaly_radius,literal
game/scripts/vscripts/heroes/Archmage/archmage_shooting_star.lua,79,79,archmage_shooting_star:OnSpellStart,GetSpecialValueFor,self,"[""\""half_damage_radius\""""]",[],half_damage_radius,literal
game/scripts/vscripts/heroes/Archmage/archmage_shooting_star.lua,86,86,archmage_shooting_star:OnSpellStart,GetSpecialValueFor,self,"[""\""starfall_delay\""""]",[],starfall_delay,literal
game/scripts/vscripts/heroes/Archmage/archmage_shooting_star_staff.lua,15,15,archmage_shooting_star_staff:OnUpgrade,GetSpecialValueFor,self,"[""\""charge_limit\""""]",[],charge_limit,literal
game/scripts/vscripts/heroes/Archmage/archmage_shooting_star_staff.lua,28,28,archmage_shooting_star_staff:GetManaCost,GetSpecialValueFor,self,"[""\""charge_limit\""""]",[],charge_limit,literal
game/scripts/vscripts/heroes/Archmage/archmage_shooting_star_staff.lua,29,29,archmage_shooting_star_staff:GetManaCost,GetSpecialValueFor,self,"[""\""manacost_per_charge\""""]",[],manacost_per_charge,literal
game/scripts/vscripts/heroes/Archmage/archmage_shooting_star_staff.lua,48,48,archmage_shooting_star_staff:OnSpellStart,GetSpecialValueFor,self,"[""\""damage_per_charge\""""]",[],damage_per_charge,literal
game/scripts/vscripts/heroes/Archmage/archmage_shooting_star_staff.lua,49,49,archmage_shooting_star_staff:OnSpellStart,GetSpecialValueFor,self,"[""\""initial_damage\""""]",[],initial_damage,literal
game/scripts/vscripts/heroes/Archmage/archmage_shooting_star_staff.lua,50,50,archmage_shooting_star_staff:OnSpellStart,GetSpecialValueFor,self,"[""\""charge_limit\""""]",[],charge_limit,literal
game/scripts/vscripts/heroes/Archmage/archmage_shooting_star_staff.lua,51,51,archmage_shooting_star_staff:OnSpellStart,GetSpecialValueFor,self,"[""\""charge_duration\""""]",[],charge_duration,literal
game/scripts/vscripts/heroes/Archmage/archmage_shooting_star_staff.lua,52,52,archmage_shooting_star_staff:OnSpellStart,GetSpecialValueFor,self,"[""\""anomaly_radius\""""]",[],anomaly_radius,literal
game/scripts/vscripts/heroes/Archmage/archmage_shooting_star_staff.lua,56,56,archmage_shooting_star_staff:OnSpellStart,GetSpecialValueFor,self,"[""\""half_damage_radius\""""]",[],half_damage_radius,literal
game/scripts/vscripts/heroes/Archmage/archmage_shooting_star_staff.lua,63,63,archmage_shooting_star_staff:OnSpellStart,GetSpecialValueFor,self,"[""\""starfall_delay\""""]",[],starfall_delay,literal
game/scripts/vscripts/heroes/Archmage/modifier_archmage_anomaly_thinker.lua,54,54,modifier_archmage_anomaly_thinker:OnCreated,GetSpecialValueFor,self:GetAbility(),"[""\""radius\""""]",[],radius,literal
game/scripts/vscripts/heroes/Archmage/modifier_archmage_magic_barrier.lua,26,26,modifier_archmage_magic_barrier:OnCreated,GetSpecialValueFor,self:GetAbility(),"[""\""lol\""""]",[],lol,literal
game/scripts/vscripts/heroes/Archmage/modifier_archmage_magic_barrier.lua,27,27,modifier_archmage_magic_barrier:OnCreated,GetSpecialValueFor,self:GetAbility(),"[""\""lol1\""""]",[],lol1,literal
game/scripts/vscripts/heroes/Archmage/modifier_archmage_magic_barrier.lua,36,36,modifier_archmage_magic_barrier:OnRefresh,GetSpecialValueFor,self:GetAbility(),"[""\""lol\""""]",[],lol,literal
game/scripts/vscripts/heroes/Archmage/modifier_archmage_magic_barrier.lua,37,37,modifier_archmage_magic_barrier:OnRefresh,GetSpecialValueFor,self:GetAbility(),"[""\""lol1\""""]",[],lol1,literal
game/scripts/vscripts/heroes/Archmage/modifier_archmage_polymorph_lua.lua,34,34,modifier_archmage_polymorph_lua:OnCreated,GetSpecialValueFor,self:GetAbility(),"[""\""illusion_damage\""""]",[],illusion_damage,literal
game/scripts/vscripts/heroes/Archmage/modifier_archmage_shooting_star_stacks.lua,41,41,modifier_archmage_shooting_star_stacks:OnTooltip,GetSpecialValueFor,self:GetAbility(),"[""\""damage_per_charge_scepter\""""]","[""self:GetParent():HasScepter()""]",damage_per_charge_scepter,literal
game/scripts/vscripts/heroes/Archmage/modifier_archmage_shooting_star_stacks.lua,42,42,modifier_archmage_shooting_star_stacks:OnTooltip,GetSpecialValueFor,self:GetAbility(),"[""\""initial_damage_scepter\""""]","[""self:GetParent():HasScepter()""]",initial_damage_scepter,literal
game/scripts/vscripts/heroes/Archmage/modifier_archmage_shooting_star_stacks.lua,44,44,modifier_archmage_shooting_star_stacks:OnTooltip,GetSpecialValueFor,self:GetAbility(),"[""\""damage_per_charge\""""]","[""NOT (self:GetParent():HasScepter())""]",damage_per_charge,literal
game/scripts/vscripts/heroes/Archmage/modifier_archmage_shooting_star_stacks.lua,45,45,modifier_archmage_shooting_star_stacks:OnTooltip,GetSpecialValueFor,self:GetAbility(),"[""\""initial_damage\""""]","[""NOT (self:GetParent():HasScepter())""]",initial_damage,literal
game/scripts/vscripts/heroes/Archmage/Polymorph.lua,5,5,Polymorph,GetSpecialValueFor,ability,"[""\""anomaly_radius\""""]",[],anomaly_radius,literal
game/scripts/vscripts/heroes/Archmage/Polymorph.lua,38,38,Polymorph,GetSpecialValueFor,ability,"[""\""hero_duration\""""]","[""target:HasModifier(\""modifier_archmage_anomaly_effect\"")"", ""v:GetUnitName() == \""dummy_unit_anomaly\"" and v:GetOwner() == caster"", ""target:IsHero()""]",hero_duration,literal
game/scripts/vscripts/heroes/Archmage/Polymorph.lua,40,40,Polymorph,GetSpecialValueFor,ability,"[""\""duration\""""]","[""target:HasModifier(\""modifier_archmage_anomaly_effect\"")"", ""v:GetUnitName() == \""dummy_unit_anomaly\"" and v:GetOwner() == caster"", ""NOT (target:IsHero())""]",duration,literal
game/scripts/vscripts/heroes/Archmage/Polymorph.lua,53,53,Polymorph,GetSpecialValueFor,ability,"[""\""hero_duration\""""]","[""NOT (target:HasModifier(\""modifier_archmage_anomaly_effect\""))"", ""target:IsHero()""]",hero_duration,literal
game/scripts/vscripts/heroes/Archmage/Polymorph.lua,55,55,Polymorph,GetSpecialValueFor,ability,"[""\""duration\""""]","[""NOT (target:HasModifier(\""modifier_archmage_anomaly_effect\""))"", ""NOT (target:IsHero())""]",duration,literal
game/scripts/vscripts/heroes/Archmage/Polymorph.lua,101,101,HideWearables,GetLevelSpecialValueFor,ability,"[""\""duration\"""", ""ability:GetLevel() - 1""]",[],duration,literal
game/scripts/vscripts/heroes/Archmage/ShootingStar.lua,7,7,ShootingStar,GetSpecialValueFor,ability,"[""\""initial_damage\""""]",[],initial_damage,literal
game/scripts/vscripts/heroes/Archmage/ShootingStar.lua,8,8,ShootingStar,GetSpecialValueFor,ability,"[""\""damage_per_charge\""""]",[],damage_per_charge,literal
game/scripts/vscripts/heroes/Archmage/ShootingStar.lua,9,9,ShootingStar,GetSpecialValueFor,ability,"[""\""manacost_per_charge\""""]",[],manacost_per_charge,literal
game/scripts/vscripts/heroes/Archmage/ShootingStar.lua,10,10,ShootingStar,GetSpecialValueFor,ability,"[""\""charge_duration\""""]",[],charge_duration,literal
game/scripts/vscripts/heroes/Archmage/ShootingStar.lua,11,11,ShootingStar,GetSpecialValueFor,ability,"[""\""charge_limit\""""]",[],charge_limit,literal
game/scripts/vscripts/heroes/Beastmaster/beastmaster_dominate.lua,5,5,beastmaster_dominate:GetAOERadius,GetSpecialValueFor,self,"[""\""radius\""""]",[],radius,literal
game/scripts/vscripts/heroes/Beastmaster/beastmaster_dominate.lua,9,9,beastmaster_dominate:OnSpellStart,GetSpecialValueFor,self,"[""\""radius\""""]",[],radius,literal
game/scripts/vscripts/heroes/Beastmaster/beastmaster_dominate.lua,12,12,beastmaster_dominate:OnSpellStart,GetSpecialValueFor,self,"[""\""duration\""""]",[],duration,literal
game/scripts/vscripts/heroes/Beastmaster/beastmaster_dominate.lua,13,13,beastmaster_dominate:OnSpellStart,GetSpecialValueFor,self,"[""\""damage\""""]",[],damage,literal
game/scripts/vscripts/heroes/Beastmaster/Beasts.lua,7,7,SummonBeasts,GetLevelSpecialValueFor,ability,"[""\""unit_count\"""", ""ability:GetLevel() - 1""]",[],unit_count,literal
game/scripts/vscripts/heroes/Beastmaster/Dominate.lua,4,4,Dominate,GetSpecialValueFor,keys.ability,"[""\""duration\""""]",[],duration,literal
game/scripts/vscripts/heroes/Beastmaster/Dominate.lua,52,52,Dominate,GetSpecialValueFor,keys.ability,"[""\""damage\""""]","[""NOT (not string.find(v:GetUnitName(), \""boss\"") and not v:IsIllusion() and not v:IsHero())""]",damage,literal
game/scripts/vscripts/heroes/Beastmaster/modifier_beastmaster_help.lua,18,18,modifier_beastmaster_help:OnDeath,GetSpecialValueFor,self:GetAbility(),"[""\""heal_percent\""""]","[""IsServer()"", ""params.unit:GetPlayerOwnerID() == self:GetParent():GetPlayerOwnerID() and not params.unit:IsIllusion() and not params.unit:IsHero()""]",heal_percent,literal
game/scripts/vscripts/heroes/Beastmaster/PhoenixBurn.lua,9,9,PhoenixBurn,GetLevelSpecialValueFor,ability,"[""\""radius\"""", ""ability_level""]",[],radius,literal
game/scripts/vscripts/heroes/Berserker/berserker_fire_spear.lua,13,13,berserker_fire_spear:GetChannelTime,GetSpecialValueFor,self,"[""\""original_channel\""""]","[""IsServer()""]",original_channel,literal
game/scripts/vscripts/heroes/Berserker/berserker_fire_spear.lua,63,63,berserker_fire_spear:ThrowSpear,GetSpecialValueFor,self,"[""\""damage_base\""""]",[],damage_base,literal
game/scripts/vscripts/heroes/Berserker/berserker_fire_spear.lua,64,64,berserker_fire_spear:ThrowSpear,GetSpecialValueFor,self,"[""\""spear_speed\""""]",[],spear_speed,literal
game/scripts/vscripts/heroes/Berserker/berserker_fire_spear.lua,65,65,berserker_fire_spear:ThrowSpear,GetSpecialValueFor,self,"[""\""spear_width\""""]",[],spear_width,literal
game/scripts/vscripts/heroes/Berserker/berserker_fire_spear.lua,66,66,berserker_fire_spear:ThrowSpear,GetSpecialValueFor,self,"[""\""spear_range\""""]",[],spear_range,literal
game/scripts/vscripts/heroes/Berserker/berserker_fire_spear.lua,67,67,berserker_fire_spear:ThrowSpear,GetSpecialValueFor,self,"[""\""vision_aoe\""""]",[],vision_aoe,literal
game/scripts/vscripts/heroes/Berserker/berserker_fire_spear.lua,68,68,berserker_fire_spear:ThrowSpear,GetSpecialValueFor,self,"[""\""slow_pct\""""]",[],slow_pct,literal
game/scripts/vscripts/heroes/Berserker/berserker_fire_spear.lua,69,69,berserker_fire_spear:ThrowSpear,GetSpecialValueFor,self,"[""\""slow_duration\""""]",[],slow_duration,literal
game/scripts/vscripts/heroes/Berserker/berserker_frenzy_aura.lua,41,41,modifier_berserker_frenzy_aura_aura:OnCreated,GetSpecialValueFor,self:GetAbility(),"[""\""aura_radius\""""]",[],aura_radius,literal
game/scripts/vscripts/heroes/Berserker/berserker_frenzy_aura.lua,45,45,modifier_berserker_frenzy_aura_aura:OnRefresh,GetSpecialValueFor,self:GetAbility(),"[""\""aura_radius\""""]",[],aura_radius,literal
game/scripts/vscripts/heroes/Berserker/berserker_frenzy_aura.lua,56,56,modifier_berserker_frenzy_aura_effect:OnCreated,GetSpecialValueFor,self:GetAbility(),"[""\""bonus_attack_speed\""""]",[],bonus_attack_speed,literal
game/scripts/vscripts/heroes/Berserker/berserker_frenzy_aura.lua,57,57,modifier_berserker_frenzy_aura_effect:OnCreated,GetSpecialValueFor,self:GetAbility(),"[""\""bonus_damage\""""]",[],bonus_damage,literal
game/scripts/vscripts/heroes/Berserker/berserker_frenzy_aura.lua,61,61,modifier_berserker_frenzy_aura_effect:OnRefresh,GetSpecialValueFor,self:GetAbility(),"[""\""bonus_attack_speed\""""]",[],bonus_attack_speed,literal
game/scripts/vscripts/heroes/Berserker/berserker_frenzy_aura.lua,62,62,modifier_berserker_frenzy_aura_effect:OnRefresh,GetSpecialValueFor,self:GetAbility(),"[""\""bonus_damage\""""]",[],bonus_damage,literal
game/scripts/vscripts/heroes/Berserker/berserker_madness.lua,9,9,berserker_madness:OnSpellStart,GetSpecialValueFor,ab,"[""\""bonus_all_stats\""""]",[],bonus_all_stats,literal
game/scripts/vscripts/heroes/Berserker/berserker_madness.lua,10,10,berserker_madness:OnSpellStart,GetSpecialValueFor,ab,"[""\""duration\""""]",[],duration,literal
game/scripts/vscripts/heroes/Berserker/berserker_madness.lua,11,11,berserker_madness:OnSpellStart,GetSpecialValueFor,ab,"[""\""reduced_delay\""""]",[],reduced_delay,literal
game/scripts/vscripts/heroes/Berserker/modifier_berserker_desperation_aura.lua,51,51,modifier_berserker_desperation_aura:OnCreated,GetSpecialValueFor,self:GetAbility(),"[""\""aura_radius\""""]",[],aura_radius,literal
game/scripts/vscripts/heroes/Berserker/modifier_berserker_desperation_aura.lua,57,57,modifier_berserker_desperation_aura:OnRefresh,GetSpecialValueFor,self:GetAbility(),"[""\""aura_radius\""""]",[],aura_radius,literal
game/scripts/vscripts/heroes/Berserker/modifier_berserker_desperation_effect.lua,12,12,modifier_berserker_desperation_effect:OnCreated,GetSpecialValueFor,self:GetAbility(),"[""\""penalty_attack_speed\""""]",[],penalty_attack_speed,literal
game/scripts/vscripts/heroes/Berserker/modifier_berserker_desperation_effect.lua,16,16,modifier_berserker_desperation_effect:OnRefresh,GetSpecialValueFor,self:GetAbility(),"[""\""penalty_attack_speed\""""]",[],penalty_attack_speed,literal
game/scripts/vscripts/heroes/Berserker/modifier_berserker_frenzy_aura.lua,12,12,modifier_berserker_frenzy_aura:OnCreated,GetSpecialValueFor,self:GetAbility(),"[""\""bonus_attack_speed\""""]",[],bonus_attack_speed,literal
game/scripts/vscripts/heroes/Berserker/modifier_berserker_frenzy_aura.lua,13,13,modifier_berserker_frenzy_aura:OnCreated,GetSpecialValueFor,self:GetAbility(),"[""\""bonus_damage\""""]",[],bonus_damage,literal
game/scripts/vscripts/heroes/Berserker/modifier_berserker_frenzy_aura.lua,17,17,modifier_berserker_frenzy_aura:OnRefresh,GetSpecialValueFor,self:GetAbility(),"[""\""bonus_attack_speed\""""]",[],bonus_attack_speed,literal
game/scripts/vscripts/heroes/Berserker/modifier_berserker_frenzy_aura.lua,18,18,modifier_berserker_frenzy_aura:OnRefresh,GetSpecialValueFor,self:GetAbility(),"[""\""bonus_damage\""""]",[],bonus_damage,literal
game/scripts/vscripts/heroes/Brewer/modifier_brewmaster_ferocity_lua.lua,12,12,modifier_brewmaster_ferocity_lua:OnCreated,GetSpecialValueFor,self:GetAbility(),"[""\""radius\""""]",[],radius,literal
game/scripts/vscripts/heroes/Brewer/modifier_brewmaster_ferocity_lua.lua,41,41,modifier_brewmaster_ferocity_lua:OnIntervalThink,GetSpecialValueFor,self:GetAbility(),"[""\""bonus_strength\""""]","[""IsServer() and self:GetParent():IsAlive()""]",bonus_strength,literal
game/scripts/vscripts/heroes/Butcher/butcher_rage.lua,6,6,butcher_rage:OnSpellStart,GetSpecialValueFor,self,"[""\""duration\""""]","[""IsServer()""]",duration,literal
game/scripts/vscripts/heroes/Butcher/butcher_zombie.lua,53,53,butcher_zombie:OnSpellStart,GetSpecialValueFor,self,"[""\""zombie_base_health\""""]","[""IsServer()""]",zombie_base_health,literal
game/scripts/vscripts/heroes/Butcher/butcher_zombie.lua,53,53,butcher_zombie:OnSpellStart,GetSpecialValueFor,self,"[""\""zombie_butcher_heath_percent\""""]","[""IsServer()""]",zombie_butcher_heath_percent,literal
game/scripts/vscripts/heroes/Butcher/butcher_zombie.lua,54,54,butcher_zombie:OnSpellStart,GetSpecialValueFor,self,"[""\""zombie_butcher_damage_percent\""""]","[""IsServer()""]",zombie_butcher_damage_percent,literal
game/scripts/vscripts/heroes/Butcher/butcher_zombie.lua,55,55,butcher_zombie:OnSpellStart,GetSpecialValueFor,self,"[""\""zombie_butcher_damage_percent\""""]","[""IsServer()""]",zombie_butcher_damage_percent,literal
game/scripts/vscripts/heroes/Butcher/butcher_zombie.lua,56,56,butcher_zombie:OnSpellStart,GetSpecialValueFor,self,"[""\""circle_radius\""""]","[""IsServer()""]",circle_radius,literal
game/scripts/vscripts/heroes/Butcher/butcher_zombie_bash.lua,31,31,modifier_butcher_zombie_bash:OnCreated,GetSpecialValueFor,self:GetAbility(),"[""\""bash_chance\""""]",[],bash_chance,literal
game/scripts/vscripts/heroes/Butcher/butcher_zombie_bash.lua,32,32,modifier_butcher_zombie_bash:OnCreated,GetSpecialValueFor,self:GetAbility(),"[""\""bash_damage\""""]",[],bash_damage,literal
game/scripts/vscripts/heroes/Butcher/butcher_zombie_bash.lua,33,33,modifier_butcher_zombie_bash:OnCreated,GetSpecialValueFor,self:GetAbility(),"[""\""bash_duration\""""]",[],bash_duration,literal
game/scripts/vscripts/heroes/Butcher/butcher_zombie_bash.lua,36,36,modifier_butcher_zombie_bash:OnCreated,GetSpecialValueFor,self:GetAbility(),"[""\""bash_chance\""""]","[""IsServer()""]",bash_chance,literal
game/scripts/vscripts/heroes/Butcher/butcher_zombie_bash.lua,64,64,modifier_butcher_zombie_bash:OnAttackLanded,GetSpecialValueFor,self:GetAbility(),"[""\""bash_damage\""""]","[""IsServer()"", ""self:GetParent() == params.attacker"", ""hTarget ~= nil and self.pseudo:Trigger()""]",bash_damage,literal
game/scripts/vscripts/heroes/Butcher/butcher_zombie_bash.lua,69,69,modifier_butcher_zombie_bash:OnAttackLanded,GetSpecialValueFor,self:GetAbility(),"[""\""bash_duration\""""]","[""IsServer()"", ""self:GetParent() == params.attacker"", ""hTarget ~= nil and self.pseudo:Trigger()""]",bash_duration,literal
game/scripts/vscripts/heroes/Butcher/HowlOfTerror.lua,5,5,HowlOfTerror,GetSpecialValueFor,ability,"[""\""duration\""""]",[],duration,literal
game/scripts/vscripts/heroes/Butcher/modifier_butcher_rage.lua,17,17,modifier_butcher_rage:OnRefresh,GetSpecialValueFor,self.ability,"[""\""hp_pct_to_dmg\""""]",[],hp_pct_to_dmg,literal
game/scripts/vscripts/heroes/Butcher/modifier_butcher_rage.lua,18,18,modifier_butcher_rage:OnRefresh,GetSpecialValueFor,self.ability,"[""\""radius\""""]",[],radius,literal
game/scripts/vscripts/heroes/Butcher/modifier_butcher_skin.lua,26,26,modifier_butcher_skin:OnCreated,GetSpecialValueFor,self:GetAbility(),"[""\""bonus_armor\""""]",[],bonus_armor,literal
game/scripts/vscripts/heroes/Butcher/modifier_butcher_skin.lua,30,30,modifier_butcher_skin:OnRefresh,GetSpecialValueFor,self:GetAbility(),"[""\""bonus_armor\""""]",[],bonus_armor,literal
game/scripts/vscripts/heroes/Butcher/modifier_butcher_skin.lua,55,55,modifier_butcher_skin:OnTakeDamage,GetSpecialValueFor,self:GetAbility(),"[""\""damage_return\""""]","[""self.attack_record == params.record""]",damage_return,literal
game/scripts/vscripts/heroes/Butcher/modifier_butcher_zombie.lua,17,17,modifier_butcher_zombie:OnCreated,GetSpecialValueFor,self:GetAbility(),"[""\""zombie_limit\""""]","[""IsServer()""]",zombie_limit,literal
game/scripts/vscripts/heroes/Butcher/modifier_butcher_zombie.lua,18,18,modifier_butcher_zombie:OnCreated,GetSpecialValueFor,self:GetAbility(),"[""\""zombie_replenish_time\""""]","[""IsServer()""]",zombie_replenish_time,literal
game/scripts/vscripts/heroes/Butcher/modifier_butcher_zombie.lua,19,19,modifier_butcher_zombie:OnCreated,GetSpecialValueFor,self:GetAbility(),"[""\""health_precent_for_zombie\""""]","[""IsServer()""]",health_precent_for_zombie,literal
game/scripts/vscripts/heroes/Butcher/modifier_butcher_zombie.lua,44,44,modifier_butcher_zombie:OnRefresh,GetSpecialValueFor,self:GetAbility(),"[""\""zombie_limit\""""]",[],zombie_limit,literal
game/scripts/vscripts/heroes/Butcher/modifier_butcher_zombie.lua,45,45,modifier_butcher_zombie:OnRefresh,GetSpecialValueFor,self:GetAbility(),"[""\""health_precent_for_zombie\""""]",[],health_precent_for_zombie,literal
game/scripts/vscripts/heroes/Butcher/modifier_butcher_zombie_bonus_stats.lua,19,19,modifier_butcher_zombie_bonus_stats:OnCreated,GetSpecialValueFor,self:GetAbility(),"[""\""zombie_butcher_heath_percent\""""]","[""IsServer()""]",zombie_butcher_heath_percent,literal
game/scripts/vscripts/heroes/DarkKnight/dark_knight_dark_energy_zone.lua,7,7,dark_knight_dark_energy_zone:GetAOERadius,GetSpecialValueFor,self,"[""\""radius\""""]",[],radius,literal
game/scripts/vscripts/heroes/DarkKnight/dark_knight_dark_energy_zone.lua,16,16,dark_knight_dark_energy_zone:OnSpellStart,GetSpecialValueFor,self,"[""\""duration\""""]",[],duration,literal
game/scripts/vscripts/heroes/DarkKnight/dark_knight_incinerate.lua,32,32,modifier_dark_knight_incinerate:OnCreated,GetSpecialValueFor,ability,"[""\""damage_per_stack\""""]",[],damage_per_stack,literal
game/scripts/vscripts/heroes/DarkKnight/dark_knight_incinerate.lua,33,33,modifier_dark_knight_incinerate:OnCreated,GetSpecialValueFor,ability,"[""\""duration\""""]",[],duration,literal
game/scripts/vscripts/heroes/DarkKnight/dark_knight_incinerate.lua,37,37,modifier_dark_knight_incinerate:OnRefresh,GetSpecialValueFor,self:GetAbility(),"[""\""damage_per_stack\""""]",[],damage_per_stack,literal
game/scripts/vscripts/heroes/DarkKnight/dark_knight_incinerate.lua,87,87,modifier_dark_knight_incinerate_debuff:OnDeath,GetSpecialValueFor,ability,"[""\""incineration_damage\""""]","[""params.unit == parent""]",incineration_damage,literal
game/scripts/vscripts/heroes/DarkKnight/dark_knight_incinerate.lua,88,88,modifier_dark_knight_incinerate_debuff:OnDeath,GetSpecialValueFor,ability,"[""\""incineration_radius\""""]","[""params.unit == parent""]",incineration_radius,literal
game/scripts/vscripts/heroes/DarkKnight/dark_knight_incinerate.lua,89,89,modifier_dark_knight_incinerate_debuff:OnDeath,GetSpecialValueFor,ability,"[""\""kill_mana_per_stack\""""]","[""params.unit == parent""]",kill_mana_per_stack,literal
game/scripts/vscripts/heroes/DarkKnight/DarkForces.lua,5,5,DarkForces,GetSpecialValueFor,ability,"[""\""mana_percentage\""""]",[],mana_percentage,literal
game/scripts/vscripts/heroes/DarkKnight/Incinerate.lua,25,25,Incinerate,GetLevelSpecialValueFor,ability,"[""\""bonus_reset_time\"""", ""ability:GetLevel() - 1""]",[],bonus_reset_time,literal
game/scripts/vscripts/heroes/DarkKnight/Incinerate.lua,26,26,Incinerate,GetLevelSpecialValueFor,ability,"[""\""damage_per_stack\"""", ""ability:GetLevel() - 1""]",[],damage_per_stack,literal
game/scripts/vscripts/heroes/DarkKnight/modifier_dark_knight_dark_energy_zone_effect.lua,14,14,modifier_dark_knight_dark_energy_zone_effect:OnCreated,GetSpecialValueFor,self:GetAbility(),"[""\""mana_loss_reduction\""""]",[],mana_loss_reduction,literal
game/scripts/vscripts/heroes/DarkKnight/modifier_dark_knight_dark_energy_zone_thinker.lua,60,60,modifier_dark_knight_dark_energy_zone_thinker:OnCreated,GetSpecialValueFor,self:GetAbility(),"[""\""radius\""""]",[],radius,literal
game/scripts/vscripts/heroes/DarkKnight/modifier_dark_knight_speed.lua,21,21,modifier_dark_knight_speed:OnCreated,GetSpecialValueFor,self:GetAbility(),"[""\""bonus_attack_speed\""""]",[],bonus_attack_speed,literal
game/scripts/vscripts/heroes/DarkKnight/modifier_dark_knight_speed.lua,22,22,modifier_dark_knight_speed:OnCreated,GetSpecialValueFor,self:GetAbility(),"[""\""attack_speed_per_attack\""""]",[],attack_speed_per_attack,literal
game/scripts/vscripts/heroes/DarkKnight/modifier_dark_knight_speed.lua,23,23,modifier_dark_knight_speed:OnCreated,GetSpecialValueFor,self:GetAbility(),"[""\""duration\""""]",[],duration,literal
game/scripts/vscripts/heroes/DarkKnight/modifier_dark_knight_speed.lua,24,24,modifier_dark_knight_speed:OnCreated,GetSpecialValueFor,self:GetAbility(),"[""\""max_attack_speed\""""]",[],max_attack_speed,literal
game/scripts/vscripts/heroes/DarkKnight/modifier_dark_knight_speed.lua,38,38,modifier_dark_knight_speed:OnRefresh,GetSpecialValueFor,self:GetAbility(),"[""\""bonus_attack_speed\""""]",[],bonus_attack_speed,literal
game/scripts/vscripts/heroes/DarkKnight/modifier_dark_knight_speed.lua,39,39,modifier_dark_knight_speed:OnRefresh,GetSpecialValueFor,self:GetAbility(),"[""\""duration\""""]",[],duration,literal
game/scripts/vscripts/heroes/DarkRanger/BloodFeud.lua,6,6,OnDeath,GetSpecialValueFor,ability,"[""\""duration\""""]",[],duration,literal
game/scripts/vscripts/heroes/DarkRanger/BloodFeud.lua,7,7,OnDeath,GetSpecialValueFor,ability,"[""\""hero_kill_duration\""""]",[],hero_kill_duration,literal
game/scripts/vscripts/heroes/DarkRanger/BloodFeud.lua,8,8,OnDeath,GetSpecialValueFor,ability,"[""\""megaboss_duration_percentage\""""]",[],megaboss_duration_percentage,literal
game/scripts/vscripts/heroes/DarkRanger/BloodFeud.lua,31,31,CreepKillerAttacked,GetSpecialValueFor,ability,"[""\""bonus_attack_speed_duration\""""]",[],bonus_attack_speed_duration,literal
game/scripts/vscripts/heroes/DarkRanger/BloodFeud.lua,48,48,HeroKillerAttacked,GetSpecialValueFor,ability,"[""\""bonus_attack_speed_hero_kill_duration\""""]",[],bonus_attack_speed_hero_kill_duration,literal
game/scripts/vscripts/heroes/DarkRanger/dark_ranger_black_arrow.lua,33,33,modifier_dark_ranger_black_arrow:OnRefresh,GetSpecialValueFor,self.ability,"[""\""duration\""""]",[],duration,literal
game/scripts/vscripts/heroes/DarkRanger/dark_ranger_black_arrow.lua,83,83,modifier_dark_ranger_black_arrow_debuff:OnDestroy,GetSpecialValueFor,ability,"[""\""lifetime\""""]","[""not parent:IsAlive()""]",lifetime,literal
game/scripts/vscripts/heroes/DarkRanger/MagicArrow.lua,21,21,Damage,GetSpecialValueFor,event.ability,"[""\""main_damage\""""]",[],main_damage,literal
game/scripts/vscripts/heroes/DarkRanger/MagicArrow.lua,21,21,Damage,GetSpecialValueFor,event.ability,"[""\""duration\""""]",[],duration,literal
game/scripts/vscripts/heroes/DarkRanger/MagicArrow.lua,27,27,DamageOther,GetSpecialValueFor,event.ability,"[""\""other_damage\""""]",[],other_damage,literal
game/scripts/vscripts/heroes/DarkRanger/MagicArrow.lua,27,27,DamageOther,GetSpecialValueFor,event.ability,"[""\""duration\""""]",[],duration,literal
game/scripts/vscripts/heroes/DarkRanger/modifier_dark_ranger_spiked_charm.lua,50,50,modifier_dark_ranger_spiked_charm:OnCreated,GetSpecialValueFor,self:GetAbility(),"[""\""radius\""""]",[],radius,literal
game/scripts/vscripts/heroes/DarkRanger/modifier_dark_ranger_spiked_charm.lua,56,56,modifier_dark_ranger_spiked_charm:OnRefresh,GetSpecialValueFor,self:GetAbility(),"[""\""radius\""""]",[],radius,literal
game/scripts/vscripts/heroes/DarkRanger/modifier_dark_ranger_spiked_charm_aura.lua,38,38,modifier_dark_ranger_spiked_charm_aura:OnTakeDamage,GetSpecialValueFor,self:GetAbility(),"[""\""damage_return\""""]","[""self.attack_record == params.record""]",damage_return,literal
game/scripts/vscripts/heroes/DarkRanger/modifier_dark_ranger_spiked_charm_aura.lua,38,38,modifier_dark_ranger_spiked_charm_aura:OnTakeDamage,GetSpecialValueFor,self:GetAbility(),"[""\""damage_return_constant\""""]","[""self.attack_record == params.record""]",damage_return_constant,literal
game/scripts/vscripts/heroes/Demonologist/ArrowOfDarkness.lua,6,6,ArrowOfDarkness,GetSpecialValueFor,ability,"[""\""damage_percentage\""""]",[],damage_percentage,literal
game/scripts/vscripts/heroes/Demonologist/demonologist_demonic_seal.lua,6,6,demonologist_demonic_seal:GetManaCost,GetLevelSpecialValueFor,self,"[""\""manacost_scepter\"""", ""iLevel""]","[""self:GetCaster():HasScepter()""]",manacost_scepter,literal
game/scripts/vscripts/heroes/Demonologist/demonologist_demonic_seal.lua,13,13,demonologist_demonic_seal:GetAOERadius,GetSpecialValueFor,self,"[""\""radius\""""]",[],radius,literal
game/scripts/vscripts/heroes/Demonologist/demonologist_demonic_seal.lua,17,17,demonologist_demonic_seal:OnSpellStart,GetSpecialValueFor,self,"[""\""radius\""""]",[],radius,literal
game/scripts/vscripts/heroes/Demonologist/demonologist_demonic_seal.lua,20,20,demonologist_demonic_seal:OnSpellStart,GetSpecialValueFor,self,"[""\""initial_duration\""""]",[],initial_duration,literal
game/scripts/vscripts/heroes/Demonologist/demonologist_demonic_seal.lua,21,21,demonologist_demonic_seal:OnSpellStart,GetSpecialValueFor,self,"[""\""additional_duration\""""]",[],additional_duration,literal
game/scripts/vscripts/heroes/Demonologist/demonologist_ritual_of_summoning.lua,7,7,demonologist_ritual_of_summoning:GetManaCost,GetLevelSpecialValueFor,self,"[""\""manacost_scepter\"""", ""iLevel""]","[""self:GetCaster():HasScepter()""]",manacost_scepter,literal
game/scripts/vscripts/heroes/Demonologist/demonologist_ritual_of_summoning.lua,14,14,demonologist_ritual_of_summoning:GetAOERadius,GetSpecialValueFor,self,"[""\""spawn_radius\""""]",[],spawn_radius,literal
game/scripts/vscripts/heroes/Demonologist/demonologist_ritual_of_summoning.lua,19,19,demonologist_ritual_of_summoning:OnSpellStart,GetSpecialValueFor,self,"[""\""delay\""""]",[],delay,literal
game/scripts/vscripts/heroes/Demonologist/demonologist_touch_of_darkness.lua,21,21,modifier_demonologist_touch_of_darkness:OnCreated,GetSpecialValueFor,self.ability,"[""\""damage_percentage\""""]",[],damage_percentage,literal
game/scripts/vscripts/heroes/Demonologist/demonologist_touch_of_darkness.lua,22,22,modifier_demonologist_touch_of_darkness:OnCreated,GetSpecialValueFor,self.ability,"[""\""radius\""""]",[],radius,literal
game/scripts/vscripts/heroes/Demonologist/demonologist_touch_of_darkness.lua,26,26,modifier_demonologist_touch_of_darkness:OnRefresh,GetSpecialValueFor,self.ability,"[""\""damage_percentage\""""]",[],damage_percentage,literal
game/scripts/vscripts/heroes/Demonologist/MasteryOfDemonology.lua,5,5,OnSpellStart,GetSpecialValueFor,ability,"[""\""hp_percent_transfer\""""]",[],hp_percent_transfer,literal
game/scripts/vscripts/heroes/Demonologist/MasteryOfDemonology.lua,38,38,GiveAbility,GetSpecialValueFor,ability,"[""\""bonus_health\""""]","[""target:GetOwner() == caster"", ""not target:IsIllusion()"", ""not target:HasAbility(\""demonologist_mastery_of_demonology_creep\"")""]",bonus_health,literal
game/scripts/vscripts/heroes/Demonologist/MasteryOfDemonology.lua,39,39,GiveAbility,GetSpecialValueFor,ability,"[""\""bonus_health\""""]","[""target:GetOwner() == caster"", ""not target:IsIllusion()"", ""not target:HasAbility(\""demonologist_mastery_of_demonology_creep\"")""]",bonus_health,literal
game/scripts/vscripts/heroes/Demonologist/modifier_demonologist_demonic_seal_debuff.lua,14,14,modifier_demonologist_demonic_seal_debuff:OnCreated,GetSpecialValueFor,self:GetAbility(),"[""\""initial_damage_scepter\""""]","[""IsServer()"", ""self:GetCaster():HasScepter()""]",initial_damage_scepter,literal
game/scripts/vscripts/heroes/Demonologist/modifier_demonologist_demonic_seal_debuff.lua,15,15,modifier_demonologist_demonic_seal_debuff:OnCreated,GetSpecialValueFor,self:GetAbility(),"[""\""additional_damage_scepter\""""]","[""IsServer()"", ""self:GetCaster():HasScepter()""]",additional_damage_scepter,literal
game/scripts/vscripts/heroes/Demonologist/modifier_demonologist_demonic_seal_debuff.lua,17,17,modifier_demonologist_demonic_seal_debuff:OnCreated,GetSpecialValueFor,self:GetAbility(),"[""\""initial_damage\""""]","[""IsServer()"", ""NOT (self:GetCaster():HasScepter())""]",initial_damage,literal
game/scripts/vscripts/heroes/Demonologist/modifier_demonologist_demonic_seal_debuff.lua,18,18,modifier_demonologist_demonic_seal_debuff:OnCreated,GetSpecialValueFor,self:GetAbility(),"[""\""additional_damage\""""]","[""IsServer()"", ""NOT (self:GetCaster():HasScepter())""]",additional_damage,literal
game/scripts/vscripts/heroes/Demonologist/modifier_demonologist_ritual_of_summoning_creep_debuff.lua,18,18,modifier_demonologist_ritual_of_summoning_creep_debuff:OnCreated,GetSpecialValueFor,self:GetAbility(),"[""\""health_loss_interval\""""]","[""IsServer()""]",health_loss_interval,literal
game/scripts/vscripts/heroes/Demonologist/modifier_demonologist_ritual_of_summoning_creep_debuff.lua,19,19,modifier_demonologist_ritual_of_summoning_creep_debuff:OnCreated,GetSpecialValueFor,self:GetAbility(),"[""\""max_health_loss_percent_per_second\""""]","[""IsServer()""]",max_health_loss_percent_per_second,literal
game/scripts/vscripts/heroes/Demonologist/modifier_demonologist_ritual_of_summoning_thinker.lua,22,22,modifier_demonologist_ritual_of_summoning_thinker:OnCreated,GetSpecialValueFor,self:GetAbility(),"[""\""spawn_radius\""""]","[""IsServer()""]",spawn_radius,literal
game/scripts/vscripts/heroes/Demonologist/modifier_demonologist_ritual_of_summoning_thinker.lua,38,38,modifier_demonologist_ritual_of_summoning_thinker:OnDestroy,GetSpecialValueFor,ability,"[""\""unit_count\""""]","[""IsServer()""]",unit_count,literal
game/scripts/vscripts/heroes/Demonologist/modifier_demonologist_ritual_of_summoning_thinker.lua,39,39,modifier_demonologist_ritual_of_summoning_thinker:OnDestroy,GetSpecialValueFor,ability,"[""\""intelligence_for_unit\""""]","[""IsServer()""]",intelligence_for_unit,literal
game/scripts/vscripts/heroes/Demonologist/modifier_demonologist_ritual_of_summoning_thinker.lua,43,43,modifier_demonologist_ritual_of_summoning_thinker:OnDestroy,GetSpecialValueFor,ability,"[""\""boss_count_scepter\""""]","[""IsServer()"", ""caster:HasScepter()""]",boss_count_scepter,literal
game/scripts/vscripts/heroes/Demonologist/modifier_demonologist_ritual_of_summoning_thinker.lua,45,45,modifier_demonologist_ritual_of_summoning_thinker:OnDestroy,GetSpecialValueFor,ability,"[""\""boss_count\""""]","[""IsServer()"", ""NOT (caster:HasScepter())""]",boss_count,literal
game/scripts/vscripts/heroes/Dice/Bash.lua,20,20,Bash,GetSpecialValueFor,ability,"[""\""bash_damage\""""]","[""IsActiveBash(modifier)""]",bash_damage,literal
game/scripts/vscripts/heroes/Dice/Bash.lua,25,25,Bash,GetSpecialValueFor,ability,"[""\""bash_stun\""""]","[""IsActiveBash(modifier)""]",bash_stun,literal
game/scripts/vscripts/heroes/Dice/Bash.lua,35,35,IsActiveBash,GetSpecialValueFor,ability,"[""\""bash_chance\""""]",[],bash_chance,literal
game/scripts/vscripts/heroes/Dice/Bash.lua,40,40,IsActiveBash,GetSpecialValueFor,modAbility,"[""\""bash_chance\""""]",[],bash_chance,literal
game/scripts/vscripts/heroes/Dice/Bash.lua,41,41,IsActiveBash,GetSpecialValueFor,modAbility,"[""\""bash_chance\""""]","[""modAbility and modAbility ~= ability and modAbility:GetSpecialValueFor(\""bash_chance\"")""]",bash_chance,literal
game/scripts/vscripts/heroes/Dice/Steelstorm.lua,5,5,Damage,GetSpecialValueFor,ability,"[""\""steelstorm_damage_tick\""""]",[],steelstorm_damage_tick,literal
game/scripts/vscripts/heroes/Dice/Steelstorm.lua,10,10,Damage,GetSpecialValueFor,ability,"[""\""steelstorm_radius\""""]",[],steelstorm_radius,literal
game/scripts/vscripts/heroes/EarthLord/earth_lord_earth_burn.lua,6,6,earth_lord_earth_burn:GetManaCost,GetLevelSpecialValueFor,self,"[""\""manacost_scepter\"""", ""iLevel""]","[""self:GetCaster():HasScepter()""]",manacost_scepter,literal
game/scripts/vscripts/heroes/EarthLord/earth_lord_earth_burn.lua,13,13,earth_lord_earth_burn:GetAOERadius,GetSpecialValueFor,self,"[""\""radius\""""]",[],radius,literal
game/scripts/vscripts/heroes/EarthLord/earth_lord_earth_burn.lua,18,18,earth_lord_earth_burn:OnSpellStart,GetSpecialValueFor,self,"[""\""duration\""""]","[""IsServer()""]",duration,literal
game/scripts/vscripts/heroes/EarthLord/earth_lord_split_earth.lua,6,6,earth_lord_split_earth:GetManaCost,GetLevelSpecialValueFor,self,"[""\""manacost_scepter\"""", ""iLevel""]","[""self:GetCaster():HasScepter()""]",manacost_scepter,literal
game/scripts/vscripts/heroes/EarthLord/earth_lord_split_earth.lua,13,13,earth_lord_split_earth:GetAOERadius,GetSpecialValueFor,self,"[""\""radius\""""]",[],radius,literal
game/scripts/vscripts/heroes/EarthLord/earth_lord_split_earth.lua,18,18,earth_lord_split_earth:GetCooldown,GetLevelSpecialValueFor,self,"[""\""cooldown_scepter\"""", ""iLevel""]","[""self:GetCaster():HasScepter()""]",cooldown_scepter,literal
game/scripts/vscripts/heroes/EarthLord/earth_lord_split_earth.lua,26,26,earth_lord_split_earth:OnSpellStart,GetSpecialValueFor,self,"[""\""stun_duration\""""]","[""IsServer()""]",stun_duration,literal
game/scripts/vscripts/heroes/EarthLord/earth_lord_split_earth.lua,27,27,earth_lord_split_earth:OnSpellStart,GetSpecialValueFor,self,"[""\""radius\""""]","[""IsServer()""]",radius,literal
game/scripts/vscripts/heroes/EarthLord/earth_lord_split_earth.lua,29,29,earth_lord_split_earth:OnSpellStart,GetSpecialValueFor,self,"[""\""damage\""""]","[""IsServer()""]",damage,literal
game/scripts/vscripts/heroes/EarthLord/modifier_earth_lord_earth_burn_thinker.lua,16,16,modifier_earth_lord_earth_burn_thinker:OnCreated,GetSpecialValueFor,self:GetAbility(),"[""\""damage_per_second_scepter\""""]","[""IsServer()"", ""caster:HasScepter()""]",damage_per_second_scepter,literal
game/scripts/vscripts/heroes/EarthLord/modifier_earth_lord_earth_burn_thinker.lua,18,18,modifier_earth_lord_earth_burn_thinker:OnCreated,GetSpecialValueFor,self:GetAbility(),"[""\""damage_per_second\""""]","[""IsServer()"", ""NOT (caster:HasScepter())""]",damage_per_second,literal
game/scripts/vscripts/heroes/EarthLord/modifier_earth_lord_earth_burn_thinker.lua,21,21,modifier_earth_lord_earth_burn_thinker:OnCreated,GetSpecialValueFor,self:GetAbility(),"[""\""radius\""""]","[""IsServer()""]",radius,literal
game/scripts/vscripts/heroes/EarthLord/StoneSkin.lua,6,6,OnAttacked,GetSpecialValueFor,ability,"[""\""chance\""""]",[],chance,literal
game/scripts/vscripts/heroes/FallenChampion/fallen_champion_shell.lua,44,44,shell_cast,GetSpecialValueFor,ability,"[""\""pr_damage\""""]",[],pr_damage,literal
game/scripts/vscripts/heroes/FallenChampion/fallen_champion_shell.lua,45,45,shell_cast,GetSpecialValueFor,ability,"[""\""radius\""""]",[],radius,literal
game/scripts/vscripts/heroes/FallenChampion/modifier_fallen_champion_absorption.lua,55,55,modifier_fallen_champion_absorption:OnDeath,GetSpecialValueFor,ability,"[""\""str_for_kill_boss_hero\""""]","[""IsServer()"", ""params.attacker == self:GetParent() and params.attacker:GetTeam() ~= params.unit:GetTeam() and not self:GetParent():IsIllusion() and not params.unit:IsIllusion()"", ""string.find(params.unit:GetUnitName(), \""boss\"") or params.unit:IsHero()""]",str_for_kill_boss_hero,literal
game/scripts/vscripts/heroes/FallenChampion/modifier_fallen_champion_absorption.lua,65,65,modifier_fallen_champion_absorption:OnDeath,GetSpecialValueFor,ability,"[""\""kills_for_bonus_str\""""]","[""IsServer()"", ""params.attacker == self:GetParent() and params.attacker:GetTeam() ~= params.unit:GetTeam() and not self:GetParent():IsIllusion() and not params.unit:IsIllusion()"", ""NOT (string.find(params.unit:GetUnitName(), \""boss\"") or params.unit:IsHero())""]",kills_for_bonus_str,literal
game/scripts/vscripts/heroes/FallenChampion/modifier_fallen_champion_return.lua,43,43,modifier_fallen_champion_return:OnTakeDamage,GetSpecialValueFor,self:GetAbility(),"[""\""full_damage_chance\""""]","[""self.attack_record == params.record""]",full_damage_chance,literal
game/scripts/vscripts/heroes/FallenChampion/modifier_fallen_champion_return.lua,47,47,modifier_fallen_champion_return:OnTakeDamage,GetSpecialValueFor,self:GetAbility(),"[""\""damage_return\""""]","[""self.attack_record == params.record"", ""NOT (RollPercentage(self:GetAbility():GetSpecialValueFor(\""full_damage_chance\"")))""]",damage_return,literal
game/scripts/vscripts/heroes/Firelord/firelord_fire_serpent.lua,5,5,firelord_fire_serpent:GetManaCost,GetLevelSpecialValueFor,self,"[""\""manacost_scepter\"""", ""iLevel""]","[""self:GetCaster():HasScepter()""]",manacost_scepter,literal
game/scripts/vscripts/heroes/Firelord/firelord_fire_serpent.lua,13,13,firelord_fire_serpent:OnSpellStart,GetSpecialValueFor,self,"[""\""duration\""""]",[],duration,literal
game/scripts/vscripts/heroes/Firelord/firelord_fire_serpent.lua,14,14,firelord_fire_serpent:OnSpellStart,GetSpecialValueFor,self,"[""\""serpent_count\""""]",[],serpent_count,literal
game/scripts/vscripts/heroes/Firelord/firelord_flame_strike.lua,6,6,firelord_flame_strike:GetAOERadius,GetSpecialValueFor,self,"[""\""radius\""""]",[],radius,literal
game/scripts/vscripts/heroes/Firelord/firelord_flame_strike.lua,11,11,firelord_flame_strike:GetManaCost,GetLevelSpecialValueFor,self,"[""\""manacost_scepter\"""", ""iLevel""]","[""self:GetCaster():HasScepter()""]",manacost_scepter,literal
game/scripts/vscripts/heroes/Firelord/firelord_flame_strike.lua,30,30,firelord_flame_strike:OnChannelFinish,GetSpecialValueFor,self,"[""\""first_strike_duration\""""]","[""not bInterrupted""]",first_strike_duration,literal
game/scripts/vscripts/heroes/Firelord/firelord_flame_strike.lua,30,30,firelord_flame_strike:OnChannelFinish,GetSpecialValueFor,self,"[""\""burn_duration\""""]","[""not bInterrupted""]",burn_duration,literal
game/scripts/vscripts/heroes/Firelord/FireSerpent.lua,9,9,DealSplashDamage,GetLevelSpecialValueFor,ability,"[""\""full_splash_radius\"""", ""ability:GetLevel() - 1""]",[],full_splash_radius,literal
game/scripts/vscripts/heroes/Firelord/FireSerpent.lua,10,10,DealSplashDamage,GetLevelSpecialValueFor,ability,"[""\""mid_splash_radius\"""", ""ability:GetLevel() - 1""]",[],mid_splash_radius,literal
game/scripts/vscripts/heroes/Firelord/FireSerpent.lua,11,11,DealSplashDamage,GetLevelSpecialValueFor,ability,"[""\""min_splash_radius\"""", ""ability:GetLevel() - 1""]",[],min_splash_radius,literal
game/scripts/vscripts/heroes/Firelord/FireSerpent.lua,14,14,DealSplashDamage,GetLevelSpecialValueFor,ability,"[""\""splash_full\"""", ""ability:GetLevel() - 1""]",[],splash_full,literal
game/scripts/vscripts/heroes/Firelord/FireSerpent.lua,15,15,DealSplashDamage,GetLevelSpecialValueFor,ability,"[""\""splash_medium\"""", ""ability:GetLevel() - 1""]",[],splash_medium,literal
game/scripts/vscripts/heroes/Firelord/FireSerpent.lua,16,16,DealSplashDamage,GetLevelSpecialValueFor,ability,"[""\""splash_small\"""", ""ability:GetLevel() - 1""]",[],splash_small,literal
game/scripts/vscripts/heroes/Firelord/FireTrap.lua,6,6,StasisStart,GetSpecialValueFor,ability,"[""'duration'""]",[],duration,literal
game/scripts/vscripts/heroes/Firelord/FireTrap.lua,26,26,StasisThink,GetSpecialValueFor,ability,"[""'detection_radius'""]","[""stasis""]",detection_radius,literal
game/scripts/vscripts/heroes/Firelord/FireTrap.lua,34,34,StasisThink/anonymous@32,GetSpecialValueFor,ability,"[""'detonation_radius'""]","[""stasis"", ""enemy:HasGroundMovementCapability()"", ""stasis:IsAlive()""]",detonation_radius,literal
game/scripts/vscripts/heroes/Firelord/FireTrap.lua,40,40,StasisThink/anonymous@32,GetSpecialValueFor,ability,"[""'stun_hero_duration'""]","[""stasis"", ""enemy:HasGroundMovementCapability()"", ""stasis:IsAlive()"", ""enemy:IsHero()""]",stun_hero_duration,literal
game/scripts/vscripts/heroes/Firelord/FireTrap.lua,42,42,StasisThink/anonymous@32,GetSpecialValueFor,ability,"[""'stun_duration'""]","[""stasis"", ""enemy:HasGroundMovementCapability()"", ""stasis:IsAlive()"", ""NOT (enemy:IsHero())""]",stun_duration,literal
game/scripts/vscripts/heroes/Firelord/modifier_firelord_flame_strike_burn.lua,17,17,modifier_firelord_flame_strike_burn:OnIntervalThink,GetSpecialValueFor,self:GetAbility(),"[""\""burn_dps\""""]","[""IsServer()""]",burn_dps,literal
game/scripts/vscripts/heroes/Firelord/modifier_firelord_flame_strike_thinker.lua,13,13,modifier_firelord_flame_strike_thinker:OnCreated,GetSpecialValueFor,self:GetAbility(),"[""\""radius\""""]","[""IsServer()""]",radius,literal
game/scripts/vscripts/heroes/Firelord/modifier_firelord_flame_strike_thinker.lua,25,25,modifier_firelord_flame_strike_thinker:OnIntervalThink,GetSpecialValueFor,ability,"[""caster:HasScepter() and \""first_strike_dps_scepter\"" or \""first_strike_dps\""""]","[""IsServer()""]",,dynamic
game/scripts/vscripts/heroes/Firelord/modifier_firelord_flame_strike_thinker.lua,26,26,modifier_firelord_flame_strike_thinker:OnIntervalThink,GetSpecialValueFor,ability,"[""\""burn_duration\""""]","[""IsServer()""]",burn_duration,literal
game/scripts/vscripts/heroes/Firelord/modifier_firelord_flame_strike_thinker.lua,27,27,modifier_firelord_flame_strike_thinker:OnIntervalThink,GetSpecialValueFor,ability,"[""\""first_strike_duration\""""]","[""IsServer()""]",first_strike_duration,literal
game/scripts/vscripts/heroes/Firelord/modifier_firelord_flame_strike_thinker.lua,28,28,modifier_firelord_flame_strike_thinker:OnIntervalThink,GetSpecialValueFor,ability,"[""\""radius\""""]","[""IsServer()""]",radius,literal
game/scripts/vscripts/heroes/Firelord/summon_lava_spawn.lua,47,47,LavaSpawnAttackCounter,GetLevelSpecialValueFor,ability,"[""\""attacks_to_split\"""", ""ability:GetLevel() - 1""]",[],attacks_to_split,literal
game/scripts/vscripts/heroes/Firelord/summon_lava_spawn.lua,48,48,LavaSpawnAttackCounter,GetLevelSpecialValueFor,ability,"[""\""lava_spawn_duration\"""", ""ability:GetLevel() - 1""]",[],lava_spawn_duration,literal
game/scripts/vscripts/heroes/FrostLord/Cold.lua,5,5,Cold,GetLevelSpecialValueFor,ability,"[""\""damage\"""", ""ability:GetLevel() - 1""]",[],damage,literal
game/scripts/vscripts/heroes/FrostLord/Cold.lua,6,6,Cold,GetLevelSpecialValueFor,ability,"[""\""add_damage\"""", ""ability:GetLevel() - 1""]",[],add_damage,literal
game/scripts/vscripts/heroes/FrostLord/frost_lord_frost_breath.lua,6,6,frost_lord_frost_breath:GetManaCost,GetLevelSpecialValueFor,self,"[""\""manacost_scepter\"""", ""iLevel""]","[""self:GetCaster():HasScepter()""]",manacost_scepter,literal
game/scripts/vscripts/heroes/FrostLord/frost_lord_frost_breath.lua,14,14,frost_lord_frost_breath:OnSpellStart,GetSpecialValueFor,self,"[""\""speed\""""]",[],speed,literal
game/scripts/vscripts/heroes/FrostLord/frost_lord_frost_breath.lua,15,15,frost_lord_frost_breath:OnSpellStart,GetSpecialValueFor,self,"[""\""projectile_distance\""""]",[],projectile_distance,literal
game/scripts/vscripts/heroes/FrostLord/frost_lord_frost_breath.lua,16,16,frost_lord_frost_breath:OnSpellStart,GetSpecialValueFor,self,"[""\""start_width\""""]",[],start_width,literal
game/scripts/vscripts/heroes/FrostLord/frost_lord_frost_breath.lua,17,17,frost_lord_frost_breath:OnSpellStart,GetSpecialValueFor,self,"[""\""end_width\""""]",[],end_width,literal
game/scripts/vscripts/heroes/FrostLord/frost_lord_frost_breath.lua,52,52,frost_lord_frost_breath:OnProjectileHit,GetSpecialValueFor,self,"[""\""damage_scepter\""""]","[""hTarget ~= nil and (not hTarget:IsMagicImmune()) and (not hTarget:IsInvulnerable())"", ""self:GetCaster():HasScepter()""]",damage_scepter,literal
game/scripts/vscripts/heroes/FrostLord/frost_lord_frost_breath.lua,53,53,frost_lord_frost_breath:OnProjectileHit,GetSpecialValueFor,self,"[""\""duration_scepter\""""]","[""hTarget ~= nil and (not hTarget:IsMagicImmune()) and (not hTarget:IsInvulnerable())"", ""self:GetCaster():HasScepter()""]",duration_scepter,literal
game/scripts/vscripts/heroes/FrostLord/frost_lord_frost_breath.lua,55,55,frost_lord_frost_breath:OnProjectileHit,GetSpecialValueFor,self,"[""\""damage\""""]","[""hTarget ~= nil and (not hTarget:IsMagicImmune()) and (not hTarget:IsInvulnerable())"", ""NOT (self:GetCaster():HasScepter())""]",damage,literal
game/scripts/vscripts/heroes/FrostLord/frost_lord_frost_breath.lua,56,56,frost_lord_frost_breath:OnProjectileHit,GetSpecialValueFor,self,"[""\""duration\""""]","[""hTarget ~= nil and (not hTarget:IsMagicImmune()) and (not hTarget:IsInvulnerable())"", ""NOT (self:GetCaster():HasScepter())""]",duration,literal
game/scripts/vscripts/heroes/FrostLord/frost_lord_ice.lua,7,7,frost_lord_ice:GetManaCost,GetLevelSpecialValueFor,self,"[""\""manacost_scepter\"""", ""iLevel""]","[""self:GetCaster():HasScepter()""]",manacost_scepter,literal
game/scripts/vscripts/heroes/FrostLord/frost_lord_ice.lua,16,16,frost_lord_ice:OnSpellStart,GetSpecialValueFor,self,"[""\""duration_scepter\""""]","[""IsServer()"", ""self:GetCaster():HasScepter()""]",duration_scepter,literal
game/scripts/vscripts/heroes/FrostLord/frost_lord_ice.lua,18,18,frost_lord_ice:OnSpellStart,GetSpecialValueFor,self,"[""\""duration\""""]","[""IsServer()"", ""NOT (self:GetCaster():HasScepter())""]",duration,literal
game/scripts/vscripts/heroes/FrostLord/Ice.lua,6,6,Ice,GetSpecialValueFor,ability,"[""\""damage\""""]",[],damage,literal
game/scripts/vscripts/heroes/FrostLord/Ice.lua,7,7,Ice,GetSpecialValueFor,ability,"[""\""damage_radius\""""]",[],damage_radius,literal
game/scripts/vscripts/heroes/FrostLord/modifier_frost_lord_freezing.lua,18,18,modifier_frost_lord_freezing:OnCreated,GetSpecialValueFor,self:GetAbility(),"[""\""freezing_chance\""""]",[],freezing_chance,literal
game/scripts/vscripts/heroes/FrostLord/modifier_frost_lord_freezing.lua,19,19,modifier_frost_lord_freezing:OnCreated,GetSpecialValueFor,self:GetAbility(),"[""\""stun_duration\""""]",[],stun_duration,literal
game/scripts/vscripts/heroes/FrostLord/modifier_frost_lord_freezing.lua,20,20,modifier_frost_lord_freezing:OnCreated,GetSpecialValueFor,self:GetAbility(),"[""\""damage\""""]",[],damage,literal
game/scripts/vscripts/heroes/FrostLord/modifier_frost_lord_freezing.lua,30,30,modifier_frost_lord_freezing:OnRefresh,GetSpecialValueFor,self:GetAbility(),"[""\""freezing_chance\""""]",[],freezing_chance,literal
game/scripts/vscripts/heroes/FrostLord/modifier_frost_lord_freezing.lua,31,31,modifier_frost_lord_freezing:OnRefresh,GetSpecialValueFor,self:GetAbility(),"[""\""stun_duration\""""]",[],stun_duration,literal
game/scripts/vscripts/heroes/FrostLord/modifier_frost_lord_freezing.lua,32,32,modifier_frost_lord_freezing:OnRefresh,GetSpecialValueFor,self:GetAbility(),"[""\""damage\""""]",[],damage,literal
game/scripts/vscripts/heroes/FrostLord/modifier_frost_lord_frost_breath_debuff.lua,14,14,modifier_frost_lord_frost_breath_debuff:OnCreated,GetSpecialValueFor,self:GetAbility(),"[""\""damage_per_second_scepter\""""]","[""IsServer()"", ""self:GetCaster():HasScepter()""]",damage_per_second_scepter,literal
game/scripts/vscripts/heroes/FrostLord/modifier_frost_lord_frost_breath_debuff.lua,16,16,modifier_frost_lord_frost_breath_debuff:OnCreated,GetSpecialValueFor,self:GetAbility(),"[""\""damage_per_second\""""]","[""IsServer()"", ""NOT (self:GetCaster():HasScepter())""]",damage_per_second,literal
game/scripts/vscripts/heroes/FrostLord/modifier_frost_lord_ice_debuff.lua,13,13,modifier_frost_lord_ice_debuff:OnCreated,GetSpecialValueFor,self:GetAbility(),"[""\""movement_slow_percentage\""""]",[],movement_slow_percentage,literal
game/scripts/vscripts/heroes/FrostLord/modifier_frost_lord_ice_debuff.lua,17,17,modifier_frost_lord_ice_debuff:OnRefresh,GetSpecialValueFor,self:GetAbility(),"[""\""movement_slow_percentage\""""]",[],movement_slow_percentage,literal
game/scripts/vscripts/heroes/FrostLord/modifier_frost_lord_ice_thinker.lua,23,23,modifier_frost_lord_ice_thinker:OnCreated,GetSpecialValueFor,self:GetAbility(),"[""\""damage_scepter\""""]","[""IsServer()"", ""self:GetCaster():HasScepter()""]",damage_scepter,literal
game/scripts/vscripts/heroes/FrostLord/modifier_frost_lord_ice_thinker.lua,25,25,modifier_frost_lord_ice_thinker:OnCreated,GetSpecialValueFor,self:GetAbility(),"[""\""damage\""""]","[""IsServer()"", ""NOT (self:GetCaster():HasScepter())""]",damage,literal
game/scripts/vscripts/heroes/FrostLord/modifier_frost_lord_ice_thinker.lua,28,28,modifier_frost_lord_ice_thinker:OnCreated,GetSpecialValueFor,self:GetAbility(),"[""\""movement_slow_repcentage\""""]","[""IsServer()""]",movement_slow_repcentage,literal
game/scripts/vscripts/heroes/FrostLord/modifier_frost_lord_ice_thinker.lua,29,29,modifier_frost_lord_ice_thinker:OnCreated,GetSpecialValueFor,self:GetAbility(),"[""\""slow_duration\""""]","[""IsServer()""]",slow_duration,literal
game/scripts/vscripts/heroes/FrostLord/modifier_frost_lord_ice_thinker.lua,30,30,modifier_frost_lord_ice_thinker:OnCreated,GetSpecialValueFor,self:GetAbility(),"[""\""radius\""""]","[""IsServer()""]",radius,literal
game/scripts/vscripts/heroes/FrostLord/modifier_frost_lord_ice_thinker.lua,31,31,modifier_frost_lord_ice_thinker:OnCreated,GetSpecialValueFor,self:GetAbility(),"[""\""damage_radius\""""]","[""IsServer()""]",damage_radius,literal
game/scripts/vscripts/heroes/FurbolgChampion/furbolg_champion_bears_agility.lua,6,6,furbolg_champion_bears_agility:OnSpellStart,GetSpecialValueFor,self,"[""\""duration\""""]",[],duration,literal
game/scripts/vscripts/heroes/FurbolgChampion/furbolg_champion_furious_clap.lua,10,10,furbolg_champion_furious_clap:OnSpellStart,GetSpecialValueFor,self,"[""\""initial_damage\""""]",[],initial_damage,literal
game/scripts/vscripts/heroes/FurbolgChampion/furbolg_champion_furious_clap.lua,10,10,furbolg_champion_furious_clap:OnSpellStart,GetSpecialValueFor,self,"[""\""damage_per_strength\""""]",[],damage_per_strength,literal
game/scripts/vscripts/heroes/FurbolgChampion/furbolg_champion_furious_clap.lua,11,11,furbolg_champion_furious_clap:OnSpellStart,GetSpecialValueFor,self,"[""\""stun_duration\""""]",[],stun_duration,literal
game/scripts/vscripts/heroes/FurbolgChampion/furbolg_champion_furious_clap.lua,12,12,furbolg_champion_furious_clap:OnSpellStart,GetSpecialValueFor,self,"[""\""radius\""""]",[],radius,literal
game/scripts/vscripts/heroes/FurbolgChampion/furbolg_champion_furious_clap.lua,13,13,furbolg_champion_furious_clap:OnSpellStart,GetSpecialValueFor,self,"[""\""health_cost\""""]",[],health_cost,literal
game/scripts/vscripts/heroes/FurbolgChampion/modifier_furbolg_champion_bears_agility.lua,12,12,modifier_furbolg_champion_bears_agility:OnCreated,GetSpecialValueFor,self:GetAbility(),"[""\""bonus_attack_speed\""""]",[],bonus_attack_speed,literal
game/scripts/vscripts/heroes/FurbolgChampion/modifier_furbolg_champion_bears_agility.lua,13,13,modifier_furbolg_champion_bears_agility:OnCreated,GetSpecialValueFor,self:GetAbility(),"[""\""health_loss_per_attack\""""]",[],health_loss_per_attack,literal
game/scripts/vscripts/heroes/FurbolgChampion/modifier_furbolg_champion_bears_agility.lua,14,14,modifier_furbolg_champion_bears_agility:OnCreated,GetSpecialValueFor,self:GetAbility(),"[""\""health_loss_limit_percentage\""""]",[],health_loss_limit_percentage,literal
game/scripts/vscripts/heroes/FurbolgChampion/modifier_furbolg_champion_sharp_claws.lua,12,12,modifier_furbolg_champion_sharp_claws:OnCreated,GetSpecialValueFor,self:GetAbility(),"[""\""attacks_required\""""]",[],attacks_required,literal
game/scripts/vscripts/heroes/FurbolgChampion/modifier_furbolg_champion_sharp_claws.lua,13,13,modifier_furbolg_champion_sharp_claws:OnCreated,GetSpecialValueFor,self:GetAbility(),"[""\""damage_per_agility\""""]",[],damage_per_agility,literal
game/scripts/vscripts/heroes/FurbolgChampion/modifier_furbolg_champion_sharp_claws.lua,14,14,modifier_furbolg_champion_sharp_claws:OnCreated,GetSpecialValueFor,self:GetAbility(),"[""\""stun_duration\""""]",[],stun_duration,literal
game/scripts/vscripts/heroes/FurbolgChampion/modifier_furbolg_champion_sharp_claws.lua,19,19,modifier_furbolg_champion_sharp_claws:OnRefresh,GetSpecialValueFor,self:GetAbility(),"[""\""attacks_required\""""]",[],attacks_required,literal
game/scripts/vscripts/heroes/FurbolgChampion/modifier_furbolg_champion_sharp_claws.lua,20,20,modifier_furbolg_champion_sharp_claws:OnRefresh,GetSpecialValueFor,self:GetAbility(),"[""\""damage_per_agility\""""]",[],damage_per_agility,literal
game/scripts/vscripts/heroes/FurbolgChampion/modifier_furbolg_champion_sharp_claws.lua,21,21,modifier_furbolg_champion_sharp_claws:OnRefresh,GetSpecialValueFor,self:GetAbility(),"[""\""stun_duration\""""]",[],stun_duration,literal
game/scripts/vscripts/heroes/FurbolgChampion/modifier_furbolg_champion_swelling_rage.lua,12,12,modifier_furbolg_champion_swelling_rage:OnCreated,GetSpecialValueFor,self:GetAbility(),"[""\""health_lost_percentage_required\""""]",[],health_lost_percentage_required,literal
game/scripts/vscripts/heroes/FurbolgChampion/modifier_furbolg_champion_swelling_rage.lua,17,17,modifier_furbolg_champion_swelling_rage:OnRefresh,GetSpecialValueFor,self:GetAbility(),"[""\""health_lost_percentage_required\""""]",[],health_lost_percentage_required,literal
game/scripts/vscripts/heroes/General/DarkMagicFlow.lua,9,9,DarkMagicFlow,GetSpecialValueFor,ability,"[""\""damage\""""]",[],damage,literal
game/scripts/vscripts/heroes/General/DarkMagicFlow.lua,10,10,DarkMagicFlow,GetSpecialValueFor,ability,"[""\""projectile_stun\""""]",[],projectile_stun,literal
game/scripts/vscripts/heroes/General/modifier_general_furious_strike.lua,12,12,modifier_general_furious_strike:OnCreated,GetSpecialValueFor,self:GetAbility(),"[""\""bonus_damage\""""]",[],bonus_damage,literal
game/scripts/vscripts/heroes/General/modifier_general_furious_strike.lua,13,13,modifier_general_furious_strike:OnCreated,GetSpecialValueFor,self:GetAbility(),"[""\""radius\""""]",[],radius,literal
game/scripts/vscripts/heroes/General/modifier_general_furious_strike.lua,17,17,modifier_general_furious_strike:OnRefresh,GetSpecialValueFor,self:GetAbility(),"[""\""bonus_damage\""""]",[],bonus_damage,literal
game/scripts/vscripts/heroes/General/modifier_general_furious_strike.lua,18,18,modifier_general_furious_strike:OnRefresh,GetSpecialValueFor,self:GetAbility(),"[""\""radius\""""]",[],radius,literal
game/scripts/vscripts/heroes/General/modifier_general_magic_armor.lua,13,13,modifier_general_magic_armor:OnCreated,GetSpecialValueFor,self:GetAbility(),"[""\""incoming_damage_percentage\""""]",[],incoming_damage_percentage,literal
game/scripts/vscripts/heroes/General/modifier_general_magic_armor.lua,17,17,modifier_general_magic_armor:OnRefresh,GetSpecialValueFor,self:GetAbility(),"[""\""incoming_damage_percentage\""""]",[],incoming_damage_percentage,literal
game/scripts/vscripts/heroes/Ghoul/modifier_ghoul_mortal_strike.lua,19,19,modifier_ghoul_mortal_strike:OnCreated,GetSpecialValueFor,self:GetAbility(),"[""\""crit_chance\""""]",[],crit_chance,literal
game/scripts/vscripts/heroes/Ghoul/modifier_ghoul_mortal_strike.lua,20,20,modifier_ghoul_mortal_strike:OnCreated,GetSpecialValueFor,self:GetAbility(),"[""\""crit_multiplier\""""]",[],crit_multiplier,literal
game/scripts/vscripts/heroes/Ghoul/modifier_ghoul_mortal_strike.lua,31,31,modifier_ghoul_mortal_strike:OnRefresh,GetSpecialValueFor,self:GetAbility(),"[""\""crit_multiplier\""""]",[],crit_multiplier,literal
game/scripts/vscripts/heroes/Ghoul/modifier_ghoul_persistence.lua,50,50,modifier_ghoul_persistence:OnCreated,GetSpecialValueFor,self:GetAbility(),"[""\""radius\""""]",[],radius,literal
game/scripts/vscripts/heroes/Ghoul/modifier_ghoul_persistence.lua,51,51,modifier_ghoul_persistence:OnCreated,GetSpecialValueFor,self:GetAbility(),"[""\""bonus_strength\""""]",[],bonus_strength,literal
game/scripts/vscripts/heroes/Ghoul/modifier_ghoul_persistence.lua,57,57,modifier_ghoul_persistence:OnRefresh,GetSpecialValueFor,self:GetAbility(),"[""\""radius\""""]",[],radius,literal
game/scripts/vscripts/heroes/Ghoul/modifier_ghoul_persistence.lua,58,58,modifier_ghoul_persistence:OnRefresh,GetSpecialValueFor,self:GetAbility(),"[""\""bonus_strength\""""]",[],bonus_strength,literal
game/scripts/vscripts/heroes/Ghoul/modifier_ghoul_persistence_effect.lua,22,22,modifier_ghoul_persistence_effect:OnCreated,GetSpecialValueFor,self:GetAbility(),"[""\""regen_mult\""""]",[],regen_mult,literal
game/scripts/vscripts/heroes/Ghoul/modifier_ghoul_persistence_effect.lua,37,37,modifier_ghoul_persistence_effect:OnRefresh,GetSpecialValueFor,self:GetAbility(),"[""\""regen_mult\""""]",[],regen_mult,literal
game/scripts/vscripts/heroes/Hermit/hermit_astral.lua,29,29,hermit_astral:OnSpellStart,GetSpecialValueFor,self,"[""\""duration_hero\""""]",[],duration_hero,literal
game/scripts/vscripts/heroes/Hermit/hermit_astral.lua,29,29,hermit_astral:OnSpellStart,GetSpecialValueFor,self,"[""\""duration_other\""""]",[],duration_other,literal
game/scripts/vscripts/heroes/Hermit/hermit_astral.lua,78,78,modifier_hermit_decrepify:OnCreated,GetSpecialValueFor,self:GetAbility(),"[""\""reduce_spell_damage_pct\""""]",[],reduce_spell_damage_pct,literal
game/scripts/vscripts/heroes/Hermit/hermit_astral.lua,79,79,modifier_hermit_decrepify:OnCreated,GetSpecialValueFor,self:GetAbility(),"[""\""reduce_movement_speed\""""]",[],reduce_movement_speed,literal
game/scripts/vscripts/heroes/Hermit/hermit_astral.lua,94,94,modifier_hermit_decrepify:OnRefresh,GetSpecialValueFor,self:GetAbility(),"[""\""reduce_spell_damage_pct\""""]",[],reduce_spell_damage_pct,literal
game/scripts/vscripts/heroes/Hermit/hermit_astral.lua,95,95,modifier_hermit_decrepify:OnRefresh,GetSpecialValueFor,self:GetAbility(),"[""\""reduce_movement_speed\""""]",[],reduce_movement_speed,literal
game/scripts/vscripts/heroes/Hermit/hermit_frost_arrows.lua,12,12,hermit_frost_arrows:GetManaCost,GetSpecialValueFor,self,"[""\""manacost_scepter\""""]","[""self:GetCaster():HasItemInInventory(\""item_lia_spherical_staff\"")""]",manacost_scepter,literal
game/scripts/vscripts/heroes/Hermit/hermit_frost_arrows.lua,51,51,modifier_hermit_frost_arrows:OnOrbImpact,GetSpecialValueFor,self.ability,"[""\""damage_scepter\""""]","[""self:GetCaster():HasScepter()""]",damage_scepter,literal
game/scripts/vscripts/heroes/Hermit/hermit_frost_arrows.lua,52,52,modifier_hermit_frost_arrows:OnOrbImpact,GetSpecialValueFor,self.ability,"[""\""duration_scepter\""""]","[""self:GetCaster():HasScepter()""]",duration_scepter,literal
game/scripts/vscripts/heroes/Hermit/hermit_frost_arrows.lua,54,54,modifier_hermit_frost_arrows:OnOrbImpact,GetSpecialValueFor,self.ability,"[""\""damage\""""]","[""NOT (self:GetCaster():HasScepter())""]",damage,literal
game/scripts/vscripts/heroes/Hermit/hermit_frost_arrows.lua,55,55,modifier_hermit_frost_arrows:OnOrbImpact,GetSpecialValueFor,self.ability,"[""\""duration\""""]","[""NOT (self:GetCaster():HasScepter())""]",duration,literal
game/scripts/vscripts/heroes/Hermit/hermit_frost_arrows.lua,88,88,modifier_hermit_frost_arrows_debuff:OnCreated,GetSpecialValueFor,self.ability,"[""\""movespeed_slow_pct_scepter\""""]","[""self:GetCaster():HasScepter()""]",movespeed_slow_pct_scepter,literal
game/scripts/vscripts/heroes/Hermit/hermit_frost_arrows.lua,89,89,modifier_hermit_frost_arrows_debuff:OnCreated,GetSpecialValueFor,self.ability,"[""\""attack_slow_scepter\""""]","[""self:GetCaster():HasScepter()""]",attack_slow_scepter,literal
game/scripts/vscripts/heroes/Hermit/hermit_frost_arrows.lua,91,91,modifier_hermit_frost_arrows_debuff:OnCreated,GetSpecialValueFor,self.ability,"[""\""movespeed_slow_pct\""""]","[""NOT (self:GetCaster():HasScepter())""]",movespeed_slow_pct,literal
game/scripts/vscripts/heroes/Hermit/hermit_frost_arrows.lua,92,92,modifier_hermit_frost_arrows_debuff:OnCreated,GetSpecialValueFor,self.ability,"[""\""attack_slow\""""]","[""NOT (self:GetCaster():HasScepter())""]",attack_slow,literal
game/scripts/vscripts/heroes/Hermit/hermit_storm.lua,21,21,hermit_storm:GetChannelTime,GetSpecialValueFor,self,"[""\""duration\""""]",[],duration,literal
game/scripts/vscripts/heroes/Hermit/hermit_storm.lua,35,35,hermit_storm:OnSpellStart,GetSpecialValueFor,self,"[""\""wave_damage\""""]",[],wave_damage,literal
game/scripts/vscripts/heroes/Hermit/hermit_storm.lua,36,36,hermit_storm:OnSpellStart,GetSpecialValueFor,self,"[""\""damage_radius\""""]",[],damage_radius,literal
game/scripts/vscripts/heroes/Hermit/hermit_storm.lua,40,40,hermit_storm:OnSpellStart,GetSpecialValueFor,self,"[""\""hits_for_elemental\""""]","[""self.caster:HasScepter()""]",hits_for_elemental,literal
game/scripts/vscripts/heroes/Hermit/hermit_storm.lua,77,77,hermit_storm:OnProjectileHit,GetSpecialValueFor,water_elemental_ability,"[""\""duration\""""]","[""hTarget ~= nil"", ""self.caster:HasScepter() and water_elemental_ability and water_elemental_ability:GetLevel() > 0"", ""self.hits_counter == self.hits_for_elemental""]",duration,literal
game/scripts/vscripts/heroes/Hermit/hermit_summon_water_elemental.lua,5,5,hermit_summon_water_elemental:GetManaCost,GetLevelSpecialValueFor,self,"[""\""manacost_scepter\"""", ""iLevel""]","[""self:GetCaster():HasScepter()""]",manacost_scepter,literal
game/scripts/vscripts/heroes/Hermit/hermit_summon_water_elemental.lua,12,12,hermit_summon_water_elemental:OnSpellStart,GetSpecialValueFor,self,"[""\""duration\""""]",[],duration,literal
game/scripts/vscripts/heroes/Hermit/hermit_summon_water_elemental.lua,13,13,hermit_summon_water_elemental:OnSpellStart,GetSpecialValueFor,self,"[""\""unit_count\""""]",[],unit_count,literal
game/scripts/vscripts/heroes/Hermit/hermit_summon_water_elemental.lua,14,14,hermit_summon_water_elemental:OnSpellStart,GetSpecialValueFor,self,"[""\""spawn_radius\""""]",[],spawn_radius,literal
game/scripts/vscripts/heroes/Hermit/hermit_summon_water_elemental.lua,19,19,hermit_summon_water_elemental:OnSpellStart,GetSpecialValueFor,self,"[""\""unit_count_scepter\""""]","[""self.caster:HasScepter()""]",unit_count_scepter,literal
game/scripts/vscripts/heroes/Hermit/hermit_summon_water_elemental.lua,22,22,hermit_summon_water_elemental:OnSpellStart,GetSpecialValueFor,self,"[""\""unit_count\""""]","[""NOT (self.caster:HasScepter())""]",unit_count,literal
game/scripts/vscripts/heroes/Hermit/modifier_hermit_storm_channel.lua,17,17,modifier_hermit_storm_channel:OnCreated,GetSpecialValueFor,self.ability,"[""\""waves_per_second\""""]","[""IsServer()""]",waves_per_second,literal
game/scripts/vscripts/heroes/Hermit/modifier_hermit_storm_channel.lua,18,18,modifier_hermit_storm_channel:OnCreated,GetSpecialValueFor,self.ability,"[""\""wave_speed\""""]","[""IsServer()""]",wave_speed,literal
game/scripts/vscripts/heroes/Hermit/modifier_hermit_storm_channel.lua,19,19,modifier_hermit_storm_channel:OnCreated,GetSpecialValueFor,self.ability,"[""\""wave_width\""""]","[""IsServer()""]",wave_width,literal
game/scripts/vscripts/heroes/Hermit/modifier_hermit_storm_channel.lua,20,20,modifier_hermit_storm_channel:OnCreated,GetSpecialValueFor,self.ability,"[""\""vision_aoe\""""]","[""IsServer()""]",vision_aoe,literal
game/scripts/vscripts/heroes/Hermit/modifier_hermit_storm_channel.lua,21,21,modifier_hermit_storm_channel:OnCreated,GetSpecialValueFor,self.ability,"[""\""radius\""""]","[""IsServer()""]",radius,literal
game/scripts/vscripts/heroes/Highlander/modifier_highlander_improved_armor.lua,29,29,modifier_highlander_improved_armor:OnCreated,GetSpecialValueFor,self:GetAbility(),"[""\""bonus_armor\""""]",[],bonus_armor,literal
game/scripts/vscripts/heroes/Highlander/modifier_highlander_improved_armor.lua,30,30,modifier_highlander_improved_armor:OnCreated,GetSpecialValueFor,self:GetAbility(),"[""\""armor_per_attack\""""]",[],armor_per_attack,literal
game/scripts/vscripts/heroes/Highlander/modifier_highlander_improved_armor.lua,31,31,modifier_highlander_improved_armor:OnCreated,GetSpecialValueFor,self:GetAbility(),"[""\""duration\""""]",[],duration,literal
game/scripts/vscripts/heroes/Highlander/modifier_highlander_improved_armor.lua,32,32,modifier_highlander_improved_armor:OnCreated,GetSpecialValueFor,self:GetAbility(),"[""\""max_armor\""""]",[],max_armor,literal
game/scripts/vscripts/heroes/Highlander/modifier_highlander_improved_armor.lua,38,38,modifier_highlander_improved_armor:OnRefresh,GetSpecialValueFor,self:GetAbility(),"[""\""bonus_armor\""""]",[],bonus_armor,literal
game/scripts/vscripts/heroes/Highlander/modifier_highlander_improved_armor.lua,39,39,modifier_highlander_improved_armor:OnRefresh,GetSpecialValueFor,self:GetAbility(),"[""\""duration\""""]",[],duration,literal
game/scripts/vscripts/heroes/Highlander/StormBolt.lua,10,10,StormBolt,GetSpecialValueFor,ability,"[""\""damage_main_target_tooltip\""""]",[],damage_main_target_tooltip,literal
game/scripts/vscripts/heroes/Highlander/StormBolt.lua,11,11,StormBolt,GetSpecialValueFor,ability,"[""\""damage_radius\""""]",[],damage_radius,literal
game/scripts/vscripts/heroes/Highlander/StormBolt.lua,13,13,StormBolt,GetSpecialValueFor,ability,"[""\""stun_main_target_duration\""""]",[],stun_main_target_duration,literal
game/scripts/vscripts/heroes/Highlander/StormBolt.lua,14,14,StormBolt,GetSpecialValueFor,ability,"[""\""stun_radius_duration\""""]",[],stun_radius_duration,literal
game/scripts/vscripts/heroes/Highlander/StormBolt.lua,16,16,StormBolt,GetSpecialValueFor,ability,"[""\""radius\""""]",[],radius,literal
game/scripts/vscripts/heroes/Huntress/huntress_curse_of_elune.lua,5,5,huntress_curse_of_elune:GetAOERadius,GetSpecialValueFor,self,"[""\""radius\""""]",[],radius,literal
game/scripts/vscripts/heroes/Huntress/huntress_curse_of_elune.lua,9,9,huntress_curse_of_elune:OnSpellStart,GetSpecialValueFor,self,"[""\""radius\""""]",[],radius,literal
game/scripts/vscripts/heroes/Huntress/huntress_curse_of_elune.lua,12,12,huntress_curse_of_elune:OnSpellStart,GetSpecialValueFor,self,"[""\""duration\""""]",[],duration,literal
game/scripts/vscripts/heroes/Huntress/huntress_moon_glaive.lua,10,10,huntress_moon_glaive:OnProjectileHit_ExtraData,GetSpecialValueFor,self,"[""\""damage_reduction_percentage\""""]","[""hTarget ~= nil and (not hTarget:IsInvulnerable())""]",damage_reduction_percentage,literal
game/scripts/vscripts/heroes/Huntress/huntress_moon_glaive.lua,11,11,huntress_moon_glaive:OnProjectileHit_ExtraData,GetSpecialValueFor,self,"[""\""range\""""]","[""hTarget ~= nil and (not hTarget:IsInvulnerable())""]",range,literal
game/scripts/vscripts/heroes/Huntress/huntress_moon_glaive.lua,12,12,huntress_moon_glaive:OnProjectileHit_ExtraData,GetSpecialValueFor,self,"[""\""bounces\""""]","[""hTarget ~= nil and (not hTarget:IsInvulnerable())""]",bounces,literal
game/scripts/vscripts/heroes/Huntress/huntress_moon_rite.lua,6,6,huntress_moon_rite:OnSpellStart,GetSpecialValueFor,self,"[""\""duration\""""]","[""IsServer()""]",duration,literal
game/scripts/vscripts/heroes/Huntress/modifier_huntress_curse_of_elune.lua,14,14,modifier_huntress_curse_of_elune:OnCreated,GetSpecialValueFor,self:GetAbility(),"[""\""damage_initial\""""]","[""IsServer()""]",damage_initial,literal
game/scripts/vscripts/heroes/Huntress/modifier_huntress_curse_of_elune.lua,15,15,modifier_huntress_curse_of_elune:OnCreated,GetSpecialValueFor,self:GetAbility(),"[""\""damage_per_second\""""]","[""IsServer()""]",damage_per_second,literal
game/scripts/vscripts/heroes/Huntress/modifier_huntress_curse_of_elune.lua,17,17,modifier_huntress_curse_of_elune:OnCreated,GetSpecialValueFor,self:GetAbility(),"[""\""damage_hp_percentage_creeps\""""]","[""IsServer()"", ""not string.find(self.parent:GetUnitName(), \""megaboss\"") and not self.parent:IsHero()""]",damage_hp_percentage_creeps,literal
game/scripts/vscripts/heroes/Huntress/modifier_huntress_curse_of_elune.lua,19,19,modifier_huntress_curse_of_elune:OnCreated,GetSpecialValueFor,self:GetAbility(),"[""\""damage_hp_percentage_heroes\""""]","[""IsServer()"", ""NOT (not string.find(self.parent:GetUnitName(), \""megaboss\"") and not self.parent:IsHero())""]",damage_hp_percentage_heroes,literal
game/scripts/vscripts/heroes/Huntress/modifier_huntress_moon_glaive.lua,12,12,modifier_huntress_moon_glaive:OnCreated,GetSpecialValueFor,self:GetAbility(),"[""\""range\""""]",[],range,literal
game/scripts/vscripts/heroes/Huntress/modifier_huntress_moon_glaive.lua,13,13,modifier_huntress_moon_glaive:OnCreated,GetSpecialValueFor,self:GetAbility(),"[""\""bounces\""""]",[],bounces,literal
game/scripts/vscripts/heroes/Huntress/modifier_huntress_moon_glaive.lua,14,14,modifier_huntress_moon_glaive:OnCreated,GetSpecialValueFor,self:GetAbility(),"[""\""damage_reduction_percentage\""""]",[],damage_reduction_percentage,literal
game/scripts/vscripts/heroes/Huntress/modifier_huntress_moon_glaive.lua,22,22,modifier_huntress_moon_glaive:OnRefresh,GetSpecialValueFor,self:GetAbility(),"[""\""range\""""]",[],range,literal
game/scripts/vscripts/heroes/Huntress/modifier_huntress_moon_glaive.lua,23,23,modifier_huntress_moon_glaive:OnRefresh,GetSpecialValueFor,self:GetAbility(),"[""\""bounces\""""]",[],bounces,literal
game/scripts/vscripts/heroes/Huntress/modifier_huntress_moon_glaive.lua,24,24,modifier_huntress_moon_glaive:OnRefresh,GetSpecialValueFor,self:GetAbility(),"[""\""damage_reduction_percentage\""""]",[],damage_reduction_percentage,literal
game/scripts/vscripts/heroes/Huntress/modifier_huntress_moon_rite.lua,12,12,modifier_huntress_moon_rite:OnCreated,GetSpecialValueFor,self:GetAbility(),"[""\""bonus_damage\""""]",[],bonus_damage,literal
game/scripts/vscripts/heroes/Huntress/modifier_huntress_moon_rite.lua,13,13,modifier_huntress_moon_rite:OnCreated,GetSpecialValueFor,self:GetAbility(),"[""\""bonus_attack_speed\""""]",[],bonus_attack_speed,literal
game/scripts/vscripts/heroes/Huntress/modifier_huntress_power_of_the_moon.lua,12,12,modifier_huntress_power_of_the_moon:OnCreated,GetSpecialValueFor,self:GetAbility(),"[""\""bonus_magic_resistance_percentage\""""]",[],bonus_magic_resistance_percentage,literal
game/scripts/vscripts/heroes/Huntress/modifier_huntress_power_of_the_moon.lua,13,13,modifier_huntress_power_of_the_moon:OnCreated,GetSpecialValueFor,self:GetAbility(),"[""\""bonus_attack_speed\""""]",[],bonus_attack_speed,literal
game/scripts/vscripts/heroes/Huntress/modifier_huntress_power_of_the_moon.lua,14,14,modifier_huntress_power_of_the_moon:OnCreated,GetSpecialValueFor,self:GetAbility(),"[""\""bonus_movement_speed_percentage\""""]",[],bonus_movement_speed_percentage,literal
game/scripts/vscripts/heroes/Huntress/modifier_huntress_power_of_the_moon.lua,15,15,modifier_huntress_power_of_the_moon:OnCreated,GetSpecialValueFor,self:GetAbility(),"[""\""bonus_agility\""""]",[],bonus_agility,literal
game/scripts/vscripts/heroes/Huntress/modifier_huntress_power_of_the_moon.lua,19,19,modifier_huntress_power_of_the_moon:OnRefresh,GetSpecialValueFor,self:GetAbility(),"[""\""bonus_magic_resistance_percentage\""""]",[],bonus_magic_resistance_percentage,literal
game/scripts/vscripts/heroes/Huntress/modifier_huntress_power_of_the_moon.lua,20,20,modifier_huntress_power_of_the_moon:OnRefresh,GetSpecialValueFor,self:GetAbility(),"[""\""bonus_attack_speed\""""]",[],bonus_attack_speed,literal
game/scripts/vscripts/heroes/Huntress/modifier_huntress_power_of_the_moon.lua,21,21,modifier_huntress_power_of_the_moon:OnRefresh,GetSpecialValueFor,self:GetAbility(),"[""\""bonus_movement_speed_percentage\""""]",[],bonus_movement_speed_percentage,literal
game/scripts/vscripts/heroes/Huntress/modifier_huntress_power_of_the_moon.lua,22,22,modifier_huntress_power_of_the_moon:OnRefresh,GetSpecialValueFor,self:GetAbility(),"[""\""bonus_agility\""""]",[],bonus_agility,literal
game/scripts/vscripts/heroes/Illusionist/illusionist_mastery_of_deception.lua,27,27,illusions,GetSpecialValueFor,ability,"[""\""time\""""]",[],time,literal
game/scripts/vscripts/heroes/Illusionist/illusionist_mastery_of_deception.lua,28,28,illusions,GetSpecialValueFor,ability,"[""\""outgoing_damage\""""]",[],outgoing_damage,literal
game/scripts/vscripts/heroes/Illusionist/illusionist_mastery_of_deception.lua,29,29,illusions,GetSpecialValueFor,ability,"[""\""incoming_damage\""""]",[],incoming_damage,literal
game/scripts/vscripts/heroes/Illusionist/illusionist_mastery_of_deception.lua,49,49,illusions,GetLevelSpecialValueFor,ability2,"[""\""bonus_agility\"""", ""ability2:GetLevel() - 1""]","[""ability2:GetLevel() > 0""]",bonus_agility,literal
game/scripts/vscripts/heroes/Illusionist/illusionist_mastery_of_deception.lua,50,50,illusions,GetLevelSpecialValueFor,ability2,"[""\""bonus_per_level\"""", ""ability2:GetLevel() - 1""]","[""ability2:GetLevel() > 0""]",bonus_per_level,literal
game/scripts/vscripts/heroes/Illusionist/illusionist_mastery_of_illusions.lua,16,16,AddModifier,GetSpecialValueFor,ability,"[""\""duration_hero\""""]","[""target:IsHero()""]",duration_hero,literal
game/scripts/vscripts/heroes/Illusionist/illusionist_mastery_of_illusions.lua,18,18,AddModifier,GetSpecialValueFor,ability,"[""\""duration_other\""""]","[""NOT (target:IsHero())""]",duration_other,literal
game/scripts/vscripts/heroes/Illusionist/illusionist_mastery_of_illusions.lua,31,31,AddModifier,GetSpecialValueFor,ability2,"[""\""bonus_agility\""""]",[],bonus_agility,literal
game/scripts/vscripts/heroes/Illusionist/illusionist_mastery_of_illusions.lua,32,32,AddModifier,GetSpecialValueFor,ability2,"[""\""max_bonus\""""]",[],max_bonus,literal
game/scripts/vscripts/heroes/Illusionist/illusionist_mastery_of_illusions.lua,39,39,AddModifier,GetSpecialValueFor,ability,"[""\""count_illusion\""""]",[],count_illusion,literal
game/scripts/vscripts/heroes/Illusionist/illusionist_mastery_of_illusions.lua,40,40,AddModifier,GetSpecialValueFor,ability,"[""\""life_illusion\""""]",[],life_illusion,literal
game/scripts/vscripts/heroes/Illusionist/illusionist_mastery_of_illusions.lua,41,41,AddModifier,GetSpecialValueFor,ability,"[""\""outgoing_damage\""""]",[],outgoing_damage,literal
game/scripts/vscripts/heroes/Illusionist/illusionist_mastery_of_illusions.lua,42,42,AddModifier,GetSpecialValueFor,ability,"[""\""incoming_damage\""""]",[],incoming_damage,literal
game/scripts/vscripts/heroes/Illusionist/illusionist_whiff_of_deception.lua,4,4,startd,GetSpecialValueFor,ability,"[""\""value_p\""""]",[],value_p,literal
game/scripts/vscripts/heroes/Illusionist/illusionist_whiff_of_deception.lua,5,5,startd,GetSpecialValueFor,ability,"[""\""radius\""""]",[],radius,literal
game/scripts/vscripts/heroes/Illusionist/illusionist_whiff_of_deception.lua,6,6,startd,GetSpecialValueFor,ability,"[""\""base_damage\""""]",[],base_damage,literal
game/scripts/vscripts/heroes/KeeperOfTheGrove/Cyclone.lua,10,10,TornadoHeight,GetLevelSpecialValueFor,ability,"[""\""duration_hero\"""", ""ability:GetLevel() - 1""]",[],duration_hero,literal
game/scripts/vscripts/heroes/KeeperOfTheGrove/Cyclone.lua,11,11,TornadoHeight,GetLevelSpecialValueFor,ability,"[""\""duration_unit\"""", ""ability:GetLevel() - 1""]",[],duration_unit,literal
game/scripts/vscripts/heroes/KeeperOfTheGrove/Cyclone.lua,12,12,TornadoHeight,GetLevelSpecialValueFor,ability,"[""\""cyclone_height\"""", ""ability:GetLevel() - 1""]",[],cyclone_height,literal
game/scripts/vscripts/heroes/KeeperOfTheGrove/Cyclone.lua,13,13,TornadoHeight,GetLevelSpecialValueFor,ability,"[""\""cyclone_min_height\"""", ""ability:GetLevel() - 1""]",[],cyclone_min_height,literal
game/scripts/vscripts/heroes/KeeperOfTheGrove/Cyclone.lua,14,14,TornadoHeight,GetLevelSpecialValueFor,ability,"[""\""cyclone_max_height\"""", ""ability:GetLevel() - 1""]",[],cyclone_max_height,literal
game/scripts/vscripts/heroes/KeeperOfTheGrove/Cyclone.lua,111,111,Cyclone,GetSpecialValueFor,ability,"[""\""duration\""""]",[],duration,literal
game/scripts/vscripts/heroes/KeeperOfTheGrove/keeper_of_the_grove_guardian_spirit.lua,7,7,keeper_of_the_grove_guardian_spirit:OnSpellStart,GetSpecialValueFor,self,"[""caster:HasScepter() and \""lifetime_scepter\"" or \""lifetime\""""]",[],,dynamic
game/scripts/vscripts/heroes/KeeperOfTheGrove/keeper_of_the_grove_guardian_spirit.lua,8,8,keeper_of_the_grove_guardian_spirit:OnSpellStart,GetSpecialValueFor,self,"[""caster:HasScepter() and \""bonus_stats_scepter\"" or \""bonus_stats\""""]",[],,dynamic
game/scripts/vscripts/heroes/KeeperOfTheGrove/keeper_of_the_grove_natures_curse.lua,7,7,keeper_of_the_grove_natures_curse:GetCooldown,GetLevelSpecialValueFor,self,"[""\""cooldown_scepter\"""", ""iLevel""]","[""self:GetCaster():HasScepter()""]",cooldown_scepter,literal
game/scripts/vscripts/heroes/KeeperOfTheGrove/keeper_of_the_grove_natures_curse.lua,14,14,keeper_of_the_grove_natures_curse:GetAOERadius,GetSpecialValueFor,self,"[""\""radius\""""]",[],radius,literal
game/scripts/vscripts/heroes/KeeperOfTheGrove/keeper_of_the_grove_natures_curse.lua,18,18,keeper_of_the_grove_natures_curse:OnAbilityPhaseStart,GetSpecialValueFor,self,"[""\""radius\""""]",[],radius,literal
game/scripts/vscripts/heroes/KeeperOfTheGrove/keeper_of_the_grove_natures_curse.lua,47,47,keeper_of_the_grove_natures_curse:OnSpellStart,GetSpecialValueFor,self,"[""\""duration\""""]",[],duration,literal
game/scripts/vscripts/heroes/KeeperOfTheGrove/keeper_of_the_grove_natures_curse.lua,48,48,keeper_of_the_grove_natures_curse:OnSpellStart,GetSpecialValueFor,self,"[""\""hero_duration\""""]",[],hero_duration,literal
game/scripts/vscripts/heroes/KeeperOfTheGrove/modifier_keeper_of_the_grove_natures_curse_damage.lua,13,13,modifier_keeper_of_the_grove_natures_curse_damage:OnCreated,GetSpecialValueFor,self:GetAbility(),"[""\""damage_per_second_scepter\""""]","[""self:GetCaster():HasScepter()""]",damage_per_second_scepter,literal
game/scripts/vscripts/heroes/KeeperOfTheGrove/modifier_keeper_of_the_grove_natures_curse_damage.lua,15,15,modifier_keeper_of_the_grove_natures_curse_damage:OnCreated,GetSpecialValueFor,self:GetAbility(),"[""\""damage_per_second\""""]","[""NOT (self:GetCaster():HasScepter())""]",damage_per_second,literal
game/scripts/vscripts/heroes/KeeperOfTheGrove/NaturesCurse.lua,5,5,NaturesCurse,GetLevelSpecialValueFor,ability,"[""\""duration\"""", ""ability:GetLevel() - 1""]",[],duration,literal
game/scripts/vscripts/heroes/KeeperOfTheGrove/NaturesCurse.lua,6,6,NaturesCurse,GetLevelSpecialValueFor,ability,"[""\""hero_duration\"""", ""ability:GetLevel() - 1""]",[],hero_duration,literal
game/scripts/vscripts/heroes/KeeperOfTheGrove/NaturesCurse.lua,30,30,Disarm,GetLevelSpecialValueFor,ability,"[""\""duration\"""", ""ability:GetLevel() - 1""]",[],duration,literal
game/scripts/vscripts/heroes/KeeperOfTheGrove/NaturesCurse.lua,31,31,Disarm,GetLevelSpecialValueFor,ability,"[""\""hero_duration\"""", ""ability:GetLevel() - 1""]",[],hero_duration,literal
game/scripts/vscripts/heroes/KeeperOfTheGrove/Roots.lua,5,5,Roots,GetLevelSpecialValueFor,ability,"[""\""root_duration\"""", ""ability:GetLevel() - 1""]",[],root_duration,literal
game/scripts/vscripts/heroes/KeeperOfTheGrove/Roots.lua,6,6,Roots,GetLevelSpecialValueFor,ability,"[""\""root_hero_duration\"""", ""ability:GetLevel() - 1""]",[],root_hero_duration,literal
game/scripts/vscripts/heroes/KeeperOfTheGrove/Treants.lua,7,7,SummonTreants,GetSpecialValueFor,ability,"[""\""unit_count\""""]",[],unit_count,literal
game/scripts/vscripts/heroes/Knight/dark_gifts.lua,4,4,makeEffect,GetLevelSpecialValueFor,ability,"[""\""duration\"""", ""ability:GetLevel() - 1""]",[],duration,literal
game/scripts/vscripts/heroes/Knight/illusions.lua,4,4,illusions,GetSpecialValueFor,ability,"[""\""images_count\""""]",[],images_count,literal
game/scripts/vscripts/heroes/Knight/illusions.lua,5,5,illusions,GetSpecialValueFor,ability,"[""\""illusion_duration\""""]",[],illusion_duration,literal
game/scripts/vscripts/heroes/Knight/illusions.lua,6,6,illusions,GetSpecialValueFor,ability,"[""\""outgoing_damage\""""]",[],outgoing_damage,literal
game/scripts/vscripts/heroes/Knight/illusions.lua,7,7,illusions,GetSpecialValueFor,ability,"[""\""incoming_damage\""""]",[],incoming_damage,literal
game/scripts/vscripts/heroes/Knight/illusions.lua,8,8,illusions,GetSpecialValueFor,ability,"[""\""radius_hide\""""]",[],radius_hide,literal
game/scripts/vscripts/heroes/Knight/illusions.lua,59,59,illusions,GetLevelSpecialValueFor,abilityM,"[""\""duration\"""", ""abilityM:GetLevel() - 1""]",[],duration,literal
game/scripts/vscripts/heroes/Knight/modifier_knight_ancient_shield.lua,12,12,modifier_knight_ancient_shield:OnCreated,GetSpecialValueFor,self:GetAbility(),"[""\""ranged_damage_reduction\""""]",[],ranged_damage_reduction,literal
game/scripts/vscripts/heroes/Knight/modifier_knight_ancient_shield.lua,13,13,modifier_knight_ancient_shield:OnCreated,GetSpecialValueFor,self:GetAbility(),"[""\""bonus_magic_resistance\""""]",[],bonus_magic_resistance,literal
game/scripts/vscripts/heroes/Knight/modifier_knight_ancient_shield.lua,14,14,modifier_knight_ancient_shield:OnCreated,GetSpecialValueFor,self:GetAbility(),"[""\""movement_speed_reduction\""""]",[],movement_speed_reduction,literal
game/scripts/vscripts/heroes/Knight/modifier_knight_ancient_shield.lua,15,15,modifier_knight_ancient_shield:OnCreated,GetSpecialValueFor,self:GetAbility(),"[""\""reflect_chance\""""]",[],reflect_chance,literal
game/scripts/vscripts/heroes/Knight/modifier_knight_ancient_shield.lua,24,24,modifier_knight_ancient_shield:OnRefresh,GetSpecialValueFor,self:GetAbility(),"[""\""incoming_damage_percentage\""""]",[],incoming_damage_percentage,literal
game/scripts/vscripts/heroes/Knight/modifier_knight_dark_shield.lua,42,42,modifier_knight_dark_shield:OnTakeDamage,GetSpecialValueFor,self:GetAbility(),"[""\""damage_return\""""]","[""self.attack_record == params.record""]",damage_return,literal
game/scripts/vscripts/heroes/Kret/Acid.lua,22,22,Damage,GetSpecialValueFor,event.ability,"[""\""main_damage\""""]",[],main_damage,literal
game/scripts/vscripts/heroes/Kret/Acid.lua,22,22,Damage,GetSpecialValueFor,event.ability,"[""\""duration\""""]",[],duration,literal
game/scripts/vscripts/heroes/Kret/Acid.lua,28,28,DamageOther,GetSpecialValueFor,event.ability,"[""\""other_damage\""""]",[],other_damage,literal
game/scripts/vscripts/heroes/Kret/Acid.lua,28,28,DamageOther,GetSpecialValueFor,event.ability,"[""\""duration\""""]",[],duration,literal
game/scripts/vscripts/heroes/Kret/modifier_kret_lust_for_life.lua,13,13,modifier_kret_lust_for_life:OnCreated,GetSpecialValueFor,self:GetAbility(),"[""\""bonus_health\""""]",[],bonus_health,literal
game/scripts/vscripts/heroes/Kret/modifier_kret_lust_for_life.lua,14,14,modifier_kret_lust_for_life:OnCreated,GetSpecialValueFor,self:GetAbility(),"[""\""health_threshold\""""]",[],health_threshold,literal
game/scripts/vscripts/heroes/Kret/modifier_kret_lust_for_life.lua,15,15,modifier_kret_lust_for_life:OnCreated,GetSpecialValueFor,self:GetAbility(),"[""\""health_regen_percent\""""]",[],health_regen_percent,literal
game/scripts/vscripts/heroes/Kret/modifier_kret_lust_for_life.lua,19,19,modifier_kret_lust_for_life:OnRefresh,GetSpecialValueFor,self:GetAbility(),"[""\""bonus_health\""""]",[],bonus_health,literal
game/scripts/vscripts/heroes/Kret/modifier_kret_lust_for_life.lua,20,20,modifier_kret_lust_for_life:OnRefresh,GetSpecialValueFor,self:GetAbility(),"[""\""health_threshold\""""]",[],health_threshold,literal
game/scripts/vscripts/heroes/Kret/modifier_kret_lust_for_life.lua,21,21,modifier_kret_lust_for_life:OnRefresh,GetSpecialValueFor,self:GetAbility(),"[""\""health_regen_percent\""""]",[],health_regen_percent,literal
game/scripts/vscripts/heroes/Kret/modifier_kret_poisoning.lua,12,12,modifier_kret_poisoning:OnCreated,GetSpecialValueFor,self:GetAbility(),"[""\""damage\""""]",[],damage,literal
game/scripts/vscripts/heroes/Kret/modifier_kret_poisoning.lua,13,13,modifier_kret_poisoning:OnCreated,GetSpecialValueFor,self:GetAbility(),"[""\""mana_burn\""""]",[],mana_burn,literal
game/scripts/vscripts/heroes/Kret/modifier_kret_poisoning.lua,14,14,modifier_kret_poisoning:OnCreated,GetSpecialValueFor,self:GetAbility(),"[""\""chance\""""]",[],chance,literal
game/scripts/vscripts/heroes/Kret/modifier_kret_poisoning.lua,22,22,modifier_kret_poisoning:OnRefresh,GetSpecialValueFor,self:GetAbility(),"[""\""damage\""""]",[],damage,literal
game/scripts/vscripts/heroes/Kret/modifier_kret_poisoning.lua,23,23,modifier_kret_poisoning:OnRefresh,GetSpecialValueFor,self:GetAbility(),"[""\""mana_burn\""""]",[],mana_burn,literal
game/scripts/vscripts/heroes/Kret/Virus.lua,12,12,Virus,GetSpecialValueFor,ability,"[""\""main_damage\""""]",[],main_damage,literal
game/scripts/vscripts/heroes/Kret/Virus.lua,15,15,Virus,GetSpecialValueFor,ability,"[""\""other_damage\""""]","[""unit ~= target""]",other_damage,literal
game/scripts/vscripts/heroes/LightningLord/holy_wrath.lua,13,13,damageTo,GetSpecialValueFor,ability,"[""\""damage_per_int\""""]",[],damage_per_int,literal
game/scripts/vscripts/heroes/LightningLord/holy_wrath.lua,14,14,damageTo,GetSpecialValueFor,ability,"[""\""radius_dop_dmg\""""]",[],radius_dop_dmg,literal
game/scripts/vscripts/heroes/LightningLord/lord_of_lightning_brain_storm.lua,14,14,lord_of_lightning_brain_storm:GetAOERadius,GetSpecialValueFor,self,"[""\""radius\""""]",[],radius,literal
game/scripts/vscripts/heroes/LightningLord/lord_of_lightning_brain_storm.lua,19,19,lord_of_lightning_brain_storm:OnSpellStart,GetSpecialValueFor,self,"[""\""radius\""""]",[],radius,literal
game/scripts/vscripts/heroes/LightningLord/lord_of_lightning_brain_storm.lua,21,21,lord_of_lightning_brain_storm:OnSpellStart,GetSpecialValueFor,self,"[""\""duration\""""]",[],duration,literal
game/scripts/vscripts/heroes/LightningLord/lord_of_lightning_brain_storm.lua,22,22,lord_of_lightning_brain_storm:OnSpellStart,GetSpecialValueFor,self,"[""\""disarm_duration\""""]",[],disarm_duration,literal
game/scripts/vscripts/heroes/LightningLord/lord_of_lightning_chain_lightning.lua,5,5,lord_of_lightning_chain_lightning:GetManaCost,GetLevelSpecialValueFor,self,"[""\""manacost_scepter\"""", ""iLevel""]","[""self:GetCaster():HasScepter()""]",manacost_scepter,literal
game/scripts/vscripts/heroes/LightningLord/lord_of_lightning_chain_lightning.lua,14,14,lord_of_lightning_chain_lightning:GetCooldown,GetLevelSpecialValueFor,self,"[""\""cooldown_scepter\"""", ""iLevel""]","[""self:GetCaster():HasScepter()""]",cooldown_scepter,literal
game/scripts/vscripts/heroes/LightningLord/lord_of_lightning_chain_lightning.lua,25,25,lord_of_lightning_chain_lightning:OnSpellStart,GetSpecialValueFor,self,"[""caster:HasScepter() and \""lightning_damage_scepter\"" or \""lightning_damage\""""]",[],,dynamic
game/scripts/vscripts/heroes/LightningLord/lord_of_lightning_chain_lightning.lua,26,26,lord_of_lightning_chain_lightning:OnSpellStart,GetSpecialValueFor,self,"[""caster:HasScepter() and \""lightning_bounces_scepter\"" or \""lightning_bounces\""""]",[],,dynamic
game/scripts/vscripts/heroes/LightningLord/lord_of_lightning_chain_lightning.lua,27,27,lord_of_lightning_chain_lightning:OnSpellStart,GetSpecialValueFor,self,"[""caster:HasScepter() and \""lightning_decay_scepter\"" or \""lightning_decay\""""]",[],,dynamic
game/scripts/vscripts/heroes/LightningLord/lord_of_lightning_chain_lightning.lua,29,29,lord_of_lightning_chain_lightning:OnSpellStart,GetSpecialValueFor,self,"[""\""bounce_range\""""]",[],bounce_range,literal
game/scripts/vscripts/heroes/LightningLord/lord_of_lightning_chain_lightning.lua,30,30,lord_of_lightning_chain_lightning:OnSpellStart,GetSpecialValueFor,self,"[""\""time_between_bounces\""""]",[],time_between_bounces,literal
game/scripts/vscripts/heroes/LightningLord/lord_of_lightning_lightning_shield.lua,7,7,lord_of_lightning_lightning_shield:GetManaCost,GetLevelSpecialValueFor,self,"[""\""manacost_scepter\"""", ""iLevel""]","[""self:GetCaster():HasScepter()""]",manacost_scepter,literal
game/scripts/vscripts/heroes/LightningLord/lord_of_lightning_lightning_shield.lua,17,17,lord_of_lightning_lightning_shield:OnSpellStart,GetSpecialValueFor,self,"[""\""duration\""""]",[],duration,literal
game/scripts/vscripts/heroes/LightningLord/modifier_lord_of_lightning_brain_storm_debuff.lua,18,18,modifier_lord_of_lightning_brain_storm_debuff:OnCreated,GetSpecialValueFor,self:GetAbility(),"[""\""movement_slow_percentage\""""]",[],movement_slow_percentage,literal
game/scripts/vscripts/heroes/LightningLord/modifier_lord_of_lightning_brain_storm_debuff.lua,19,19,modifier_lord_of_lightning_brain_storm_debuff:OnCreated,GetSpecialValueFor,self:GetAbility(),"[""\""attack_slow\""""]",[],attack_slow,literal
game/scripts/vscripts/heroes/LightningLord/modifier_lord_of_lightning_brain_storm_debuff.lua,29,29,modifier_lord_of_lightning_brain_storm_debuff:OnRefresh,GetSpecialValueFor,self:GetAbility(),"[""\""movement_slow_percentage\""""]",[],movement_slow_percentage,literal
game/scripts/vscripts/heroes/LightningLord/modifier_lord_of_lightning_brain_storm_debuff.lua,30,30,modifier_lord_of_lightning_brain_storm_debuff:OnRefresh,GetSpecialValueFor,self:GetAbility(),"[""\""attack_slow\""""]",[],attack_slow,literal
game/scripts/vscripts/heroes/LightningLord/modifier_lord_of_lightning_lightning_shield.lua,19,19,modifier_lord_of_lightning_lightning_shield:OnCreated,GetSpecialValueFor,self:GetAbility(),"[""\""think_interval\""""]","[""IsServer()""]",think_interval,literal
game/scripts/vscripts/heroes/LightningLord/modifier_lord_of_lightning_lightning_shield.lua,20,20,modifier_lord_of_lightning_lightning_shield:OnCreated,GetSpecialValueFor,self:GetAbility(),"[""\""radius\""""]","[""IsServer()""]",radius,literal
game/scripts/vscripts/heroes/LightningLord/modifier_lord_of_lightning_lightning_shield.lua,23,23,modifier_lord_of_lightning_lightning_shield:OnCreated,GetSpecialValueFor,self:GetAbility(),"[""special""]","[""IsServer()""]",,dynamic
game/scripts/vscripts/heroes/Marksman/marksman_dragon_breath.lua,20,20,marksman_dragon_breath:OnSpellStart,GetLevelSpecialValueFor,self,"[""\""damage\"""", ""lvl""]",[],damage,literal
game/scripts/vscripts/heroes/Marksman/marksman_dragon_breath.lua,21,21,marksman_dragon_breath:OnSpellStart,GetLevelSpecialValueFor,self,"[""\""armor_reduction\"""", ""lvl""]",[],armor_reduction,literal
game/scripts/vscripts/heroes/Marksman/marksman_dragon_breath.lua,22,22,marksman_dragon_breath:OnSpellStart,GetLevelSpecialValueFor,self,"[""\""move_slow_pct\"""", ""lvl""]",[],move_slow_pct,literal
game/scripts/vscripts/heroes/Marksman/marksman_dragon_breath.lua,23,23,marksman_dragon_breath:OnSpellStart,GetSpecialValueFor,self,"[""\""slow_duration\""""]",[],slow_duration,literal
game/scripts/vscripts/heroes/Marksman/marksman_dragon_breath.lua,24,24,marksman_dragon_breath:OnSpellStart,GetSpecialValueFor,self,"[""\""distance\""""]",[],distance,literal
game/scripts/vscripts/heroes/Marksman/marksman_dragon_breath.lua,25,25,marksman_dragon_breath:OnSpellStart,GetSpecialValueFor,self,"[""\""speed\""""]",[],speed,literal
game/scripts/vscripts/heroes/Marksman/marksman_dragon_breath.lua,26,26,marksman_dragon_breath:OnSpellStart,GetSpecialValueFor,self,"[""\""start_radius\""""]",[],start_radius,literal
game/scripts/vscripts/heroes/Marksman/marksman_dragon_breath.lua,27,27,marksman_dragon_breath:OnSpellStart,GetSpecialValueFor,self,"[""\""end_radius\""""]",[],end_radius,literal
game/scripts/vscripts/heroes/Marksman/marksman_explosive_rounds.lua,23,23,marksman_explosive_rounds:Explode,GetSpecialValueFor,ability,"[""\""explosion_damage\""""]",[],explosion_damage,literal
game/scripts/vscripts/heroes/Marksman/marksman_explosive_rounds.lua,24,24,marksman_explosive_rounds:Explode,GetSpecialValueFor,ability,"[""\""damage_radius\""""]",[],damage_radius,literal
game/scripts/vscripts/heroes/Marksman/marksman_explosive_rounds.lua,74,74,modifier_marksman_explosive_rounds:OnCreated,GetSpecialValueFor,ability,"[""\""dmg_per_shot\""""]",[],dmg_per_shot,literal
game/scripts/vscripts/heroes/Marksman/marksman_explosive_rounds.lua,75,75,modifier_marksman_explosive_rounds:OnCreated,GetSpecialValueFor,ability,"[""\""shots_limit\""""]",[],shots_limit,literal
game/scripts/vscripts/heroes/Marksman/marksman_explosive_rounds.lua,76,76,modifier_marksman_explosive_rounds:OnCreated,GetSpecialValueFor,ability,"[""\""duration\""""]",[],duration,literal
game/scripts/vscripts/heroes/Marksman/marksman_explosive_rounds.lua,81,81,modifier_marksman_explosive_rounds:OnRefresh,GetSpecialValueFor,self:GetAbility(),"[""\""dmg_per_shot\""""]",[],dmg_per_shot,literal
game/scripts/vscripts/heroes/Marksman/marksman_marksmans_mastery.lua,31,31,modifier_marksman_marksmans_mastery:OnRefresh,GetSpecialValueFor,ability,"[""\""bonus_range\""""]",[],bonus_range,literal
game/scripts/vscripts/heroes/Marksman/marksman_marksmans_mastery.lua,32,32,modifier_marksman_marksmans_mastery:OnRefresh,GetSpecialValueFor,ability,"[""\""bonus_damage_pct_creeps\""""]",[],bonus_damage_pct_creeps,literal
game/scripts/vscripts/heroes/Marksman/marksman_marksmans_mastery.lua,33,33,modifier_marksman_marksmans_mastery:OnRefresh,GetSpecialValueFor,ability,"[""\""bonus_damage_pct_heroes\""""]",[],bonus_damage_pct_heroes,literal
game/scripts/vscripts/heroes/Marksman/marksman_ricochet.lua,15,15,marksman_ricochet:OnSpellStart,GetSpecialValueFor,self,"[""\""damage\""""]",[],damage,literal
game/scripts/vscripts/heroes/Marksman/marksman_ricochet.lua,16,16,marksman_ricochet:OnSpellStart,GetSpecialValueFor,self,"[""\""attack_reduction\""""]",[],attack_reduction,literal
game/scripts/vscripts/heroes/Marksman/marksman_ricochet.lua,17,17,marksman_ricochet:OnSpellStart,GetSpecialValueFor,self,"[""\""attack_reduction_duration\""""]",[],attack_reduction_duration,literal
game/scripts/vscripts/heroes/Marksman/marksman_ricochet.lua,18,18,marksman_ricochet:OnSpellStart,GetSpecialValueFor,self,"[""\""bounce_count\""""]",[],bounce_count,literal
game/scripts/vscripts/heroes/Marksman/marksman_ricochet.lua,19,19,marksman_ricochet:OnSpellStart,GetSpecialValueFor,self,"[""\""bounce_damage_pct\""""]",[],bounce_damage_pct,literal
game/scripts/vscripts/heroes/Marksman/marksman_ricochet.lua,20,20,marksman_ricochet:OnSpellStart,GetSpecialValueFor,self,"[""\""projectile_speed\""""]",[],projectile_speed,literal
game/scripts/vscripts/heroes/Marksman/marksman_ricochet.lua,21,21,marksman_ricochet:OnSpellStart,GetSpecialValueFor,self,"[""\""bounce_range\""""]",[],bounce_range,literal
game/scripts/vscripts/heroes/Marksman/marksman_ricochet.lua,48,48,marksman_ricochet:OnProjectileHit,GetSpecialValueFor,self,"[""\""bounce_damage_pct\""""]",[],bounce_damage_pct,literal
game/scripts/vscripts/heroes/Marksman/marksman_ricochet.lua,49,49,marksman_ricochet:OnProjectileHit,GetSpecialValueFor,self,"[""\""damage\""""]",[],damage,literal
game/scripts/vscripts/heroes/Marksman/marksman_ricochet.lua,125,125,modifier_marksman_ricochet_slow:OnCreated,GetSpecialValueFor,ability,"[""\""attack_reduction\""""]",[],attack_reduction,literal
game/scripts/vscripts/heroes/Minotaur/ancestral_spirits.lua,4,4,AncestralSpirits,GetSpecialValueFor,ability,"[""\""images_count\""""]",[],images_count,literal
game/scripts/vscripts/heroes/Minotaur/ancestral_spirits.lua,5,5,AncestralSpirits,GetSpecialValueFor,ability,"[""\""illusion_duration\""""]",[],illusion_duration,literal
game/scripts/vscripts/heroes/Minotaur/ancestral_spirits.lua,6,6,AncestralSpirits,GetSpecialValueFor,ability,"[""\""outgoing_damage\""""]",[],outgoing_damage,literal
game/scripts/vscripts/heroes/Minotaur/ancestral_spirits.lua,7,7,AncestralSpirits,GetSpecialValueFor,ability,"[""\""incoming_damage\""""]",[],incoming_damage,literal
game/scripts/vscripts/heroes/Minotaur/minotaur_guardian_spirits.lua,9,9,minotaur_guardian_spirits:OnSpellStart,GetSpecialValueFor,self,"[""\""invulnerability_duration\""""]",[],invulnerability_duration,literal
game/scripts/vscripts/heroes/Minotaur/minotaur_thunder_strike.lua,45,45,minotaur_thunder_strike:OnSpellStart,GetSpecialValueFor,self,"[""\""radius\""""]",[],radius,literal
game/scripts/vscripts/heroes/Minotaur/minotaur_thunder_strike.lua,47,47,minotaur_thunder_strike:OnSpellStart,GetSpecialValueFor,self,"[""\""damage\""""]",[],damage,literal
game/scripts/vscripts/heroes/Minotaur/minotaur_thunder_strike.lua,48,48,minotaur_thunder_strike:OnSpellStart,GetSpecialValueFor,self,"[""\""slow_duration\""""]",[],slow_duration,literal
game/scripts/vscripts/heroes/Minotaur/modifier_minotaur_demonic_power.lua,16,16,modifier_minotaur_demonic_power:OnCreated,GetSpecialValueFor,self.ability,"[""\""cleave_percent\""""]",[],cleave_percent,literal
game/scripts/vscripts/heroes/Minotaur/modifier_minotaur_demonic_power.lua,17,17,modifier_minotaur_demonic_power:OnCreated,GetSpecialValueFor,self.ability,"[""\""cleave_start_width\""""]",[],cleave_start_width,literal
game/scripts/vscripts/heroes/Minotaur/modifier_minotaur_demonic_power.lua,18,18,modifier_minotaur_demonic_power:OnCreated,GetSpecialValueFor,self.ability,"[""\""cleave_end_width\""""]",[],cleave_end_width,literal
game/scripts/vscripts/heroes/Minotaur/modifier_minotaur_demonic_power.lua,19,19,modifier_minotaur_demonic_power:OnCreated,GetSpecialValueFor,self.ability,"[""\""cleave_length\""""]",[],cleave_length,literal
game/scripts/vscripts/heroes/Minotaur/modifier_minotaur_demonic_power.lua,23,23,modifier_minotaur_demonic_power:OnRefresh,GetSpecialValueFor,self.ability,"[""\""cleave_percent\""""]",[],cleave_percent,literal
game/scripts/vscripts/heroes/Minotaur/modifier_minotaur_demonic_power.lua,24,24,modifier_minotaur_demonic_power:OnRefresh,GetSpecialValueFor,self.ability,"[""\""cleave_start_width\""""]",[],cleave_start_width,literal
game/scripts/vscripts/heroes/Minotaur/modifier_minotaur_demonic_power.lua,25,25,modifier_minotaur_demonic_power:OnRefresh,GetSpecialValueFor,self.ability,"[""\""cleave_end_width\""""]",[],cleave_end_width,literal
game/scripts/vscripts/heroes/Minotaur/modifier_minotaur_demonic_power.lua,26,26,modifier_minotaur_demonic_power:OnRefresh,GetSpecialValueFor,self.ability,"[""\""cleave_length\""""]",[],cleave_length,literal
game/scripts/vscripts/heroes/Minotaur/modifier_minotaur_fear_aura.lua,55,55,modifier_minotaur_fear_aura:OnCreated,GetSpecialValueFor,self:GetAbility(),"[""\""aura_radius\""""]",[],aura_radius,literal
game/scripts/vscripts/heroes/Minotaur/modifier_minotaur_fear_aura.lua,61,61,modifier_minotaur_fear_aura:OnRefresh,GetSpecialValueFor,self:GetAbility(),"[""\""aura_radius\""""]",[],aura_radius,literal
game/scripts/vscripts/heroes/Minotaur/modifier_minotaur_fear_effect.lua,16,16,modifier_minotaur_fear_effect:OnCreated,GetSpecialValueFor,self:GetAbility(),"[""\""base_armor_reduction\""""]","[""IsServer()""]",base_armor_reduction,literal
game/scripts/vscripts/heroes/Minotaur/modifier_minotaur_fear_effect.lua,17,17,modifier_minotaur_fear_effect:OnCreated,GetSpecialValueFor,self:GetAbility(),"[""\""armor_reduction_per_spirit\""""]","[""IsServer()""]",armor_reduction_per_spirit,literal
game/scripts/vscripts/heroes/Minotaur/modifier_minotaur_fear_effect.lua,32,32,modifier_minotaur_fear_effect:OnRefresh,GetSpecialValueFor,self:GetAbility(),"[""\""base_armor_reduction\""""]","[""IsServer()""]",base_armor_reduction,literal
game/scripts/vscripts/heroes/Minotaur/modifier_minotaur_fear_effect.lua,33,33,modifier_minotaur_fear_effect:OnRefresh,GetSpecialValueFor,self:GetAbility(),"[""\""armor_reduction_per_spirit\""""]","[""IsServer()""]",armor_reduction_per_spirit,literal
game/scripts/vscripts/heroes/Minotaur/modifier_minotaur_guardian_spirits.lua,18,18,modifier_minotaur_guardian_spirits:OnCreated,GetSpecialValueFor,self.ability,"[""\""radius\""""]",[],radius,literal
game/scripts/vscripts/heroes/Minotaur/modifier_minotaur_guardian_spirits.lua,20,20,modifier_minotaur_guardian_spirits:OnCreated,GetSpecialValueFor,self.ability,"[""\""images_count\""""]",[],images_count,literal
game/scripts/vscripts/heroes/Minotaur/modifier_minotaur_guardian_spirits.lua,21,21,modifier_minotaur_guardian_spirits:OnCreated,GetSpecialValueFor,self.ability,"[""\""illusion_duration\""""]",[],illusion_duration,literal
game/scripts/vscripts/heroes/Minotaur/modifier_minotaur_guardian_spirits.lua,22,22,modifier_minotaur_guardian_spirits:OnCreated,GetSpecialValueFor,self.ability,"[""\""outgoing_damage_percentage\""""]",[],outgoing_damage_percentage,literal
game/scripts/vscripts/heroes/Minotaur/modifier_minotaur_guardian_spirits.lua,23,23,modifier_minotaur_guardian_spirits:OnCreated,GetSpecialValueFor,self.ability,"[""\""incoming_damage_percentage\""""]",[],incoming_damage_percentage,literal
game/scripts/vscripts/heroes/Minotaur/modifier_minotaur_thunder_strike.lua,18,18,modifier_minotaur_thunder_strike:OnCreated,GetSpecialValueFor,self:GetAbility(),"[""\""movespeed_slow_percentage\""""]",[],movespeed_slow_percentage,literal
game/scripts/vscripts/heroes/Minotaur/modifier_minotaur_thunder_strike.lua,19,19,modifier_minotaur_thunder_strike:OnCreated,GetSpecialValueFor,self:GetAbility(),"[""\""attack_speed_slow\""""]",[],attack_speed_slow,literal
game/scripts/vscripts/heroes/NagaRoyalGuard/Bash.lua,20,20,Bash,GetSpecialValueFor,ability,"[""\""bash_damage\""""]","[""IsActiveBash(modifier)""]",bash_damage,literal
game/scripts/vscripts/heroes/NagaRoyalGuard/Bash.lua,25,25,Bash,GetSpecialValueFor,ability,"[""\""bash_stun\""""]","[""IsActiveBash(modifier)""]",bash_stun,literal
game/scripts/vscripts/heroes/NagaRoyalGuard/Bash.lua,34,34,IsActiveBash,GetSpecialValueFor,ability,"[""\""bash_chance\""""]",[],bash_chance,literal
game/scripts/vscripts/heroes/NagaRoyalGuard/Bash.lua,39,39,IsActiveBash,GetSpecialValueFor,modAbility,"[""\""bash_chance\""""]",[],bash_chance,literal
game/scripts/vscripts/heroes/NagaRoyalGuard/Bash.lua,40,40,IsActiveBash,GetSpecialValueFor,modAbility,"[""\""bash_chance\""""]","[""modAbility and modAbility ~= ability and modAbility:GetSpecialValueFor(\""bash_chance\"")""]",bash_chance,literal
game/scripts/vscripts/heroes/NagaRoyalGuard/crush.lua,10,10,Immolation,GetLevelSpecialValueFor,ability,"[""\""damage_per_second\"""", ""ability:GetLevel() - 1""]",[],damage_per_second,literal
game/scripts/vscripts/heroes/NagaRoyalGuard/modifier_naga_royal_guard_persistence.lua,12,12,modifier_naga_royal_guard_persistence:OnCreated,GetSpecialValueFor,self:GetAbility(),"[""\""bonus_strength\""""]",[],bonus_strength,literal
game/scripts/vscripts/heroes/NagaRoyalGuard/modifier_naga_royal_guard_persistence.lua,13,13,modifier_naga_royal_guard_persistence:OnCreated,GetSpecialValueFor,self:GetAbility(),"[""\""bonus_armor\""""]",[],bonus_armor,literal
game/scripts/vscripts/heroes/NagaRoyalGuard/modifier_naga_royal_guard_persistence.lua,17,17,modifier_naga_royal_guard_persistence:OnRefresh,GetSpecialValueFor,self:GetAbility(),"[""\""bonus_strength\""""]",[],bonus_strength,literal
game/scripts/vscripts/heroes/NagaRoyalGuard/modifier_naga_royal_guard_persistence.lua,18,18,modifier_naga_royal_guard_persistence:OnRefresh,GetSpecialValueFor,self:GetAbility(),"[""\""bonus_armor\""""]",[],bonus_armor,literal
game/scripts/vscripts/heroes/NagaSiren/Eating.lua,5,5,Heal,GetLevelSpecialValueFor,ability,"[""\""heal_percentage\"""", ""ability:GetLevel() - 1""]","[""ability:IsCooldownReady() and not event.caster:PassivesDisabled()""]",heal_percentage,literal
game/scripts/vscripts/heroes/NagaSiren/modifier_naga_siren_art_of_battle.lua,18,18,modifier_naga_siren_art_of_battle:OnCreated,GetSpecialValueFor,self:GetAbility(),"[""\""evasion\""""]",[],evasion,literal
game/scripts/vscripts/heroes/NagaSiren/modifier_naga_siren_art_of_battle.lua,19,19,modifier_naga_siren_art_of_battle:OnCreated,GetSpecialValueFor,self:GetAbility(),"[""\""crit_chance\""""]",[],crit_chance,literal
game/scripts/vscripts/heroes/NagaSiren/modifier_naga_siren_art_of_battle.lua,20,20,modifier_naga_siren_art_of_battle:OnCreated,GetSpecialValueFor,self:GetAbility(),"[""\""crit_multiplier\""""]",[],crit_multiplier,literal
game/scripts/vscripts/heroes/NagaSiren/modifier_naga_siren_art_of_battle.lua,31,31,modifier_naga_siren_art_of_battle:OnRefresh,GetSpecialValueFor,self:GetAbility(),"[""\""evasion\""""]",[],evasion,literal
game/scripts/vscripts/heroes/NagaSiren/modifier_naga_siren_art_of_battle.lua,32,32,modifier_naga_siren_art_of_battle:OnRefresh,GetSpecialValueFor,self:GetAbility(),"[""\""crit_chance\""""]",[],crit_chance,literal
game/scripts/vscripts/heroes/NagaSiren/modifier_naga_siren_art_of_battle.lua,33,33,modifier_naga_siren_art_of_battle:OnRefresh,GetSpecialValueFor,self:GetAbility(),"[""\""crit_multiplier\""""]",[],crit_multiplier,literal
game/scripts/vscripts/heroes/NagaSiren/modifier_naga_siren_fury.lua,16,16,modifier_naga_siren_fury:OnOrbImpact,GetSpecialValueFor,ability,"[""\""radius\""""]",[],radius,literal
game/scripts/vscripts/heroes/NagaSiren/modifier_naga_siren_fury.lua,18,18,modifier_naga_siren_fury:OnOrbImpact,GetSpecialValueFor,ability,"[""\""stat_percentage\""""]",[],stat_percentage,literal
game/scripts/vscripts/heroes/NagaSiren/modifier_naga_siren_fury.lua,18,18,modifier_naga_siren_fury:OnOrbImpact,GetSpecialValueFor,ability,"[""\""constant_damage\""""]",[],constant_damage,literal
game/scripts/vscripts/heroes/NagaSiren/naga_siren_fury.lua,8,8,naga_siren_fury:OnSpellStart,GetSpecialValueFor,self,"[""\""AbilityDuration\""""]",[],AbilityDuration,literal
game/scripts/vscripts/heroes/Necromancer/galvanization.lua,18,18,AnimateDead,GetLevelSpecialValueFor,ability,"[""\""duration\"""", ""ability:GetLevel() - 1""]",[],duration,literal
game/scripts/vscripts/heroes/Necromancer/galvanization.lua,19,19,AnimateDead,GetLevelSpecialValueFor,ability,"[""\""radius\"""", ""ability:GetLevel() - 1""]",[],radius,literal
game/scripts/vscripts/heroes/Necromancer/galvanization.lua,20,20,AnimateDead,GetLevelSpecialValueFor,ability,"[""\""max_units_resurrected\"""", ""ability:GetLevel() - 1""]",[],max_units_resurrected,literal
game/scripts/vscripts/heroes/Necromancer/modifier_necromancer_reincarnation.lua,24,24,modifier_necromancer_reincarnation:OnCreated,GetSpecialValueFor,self:GetAbility(),"[""\""reincarnate_time\""""]",[],reincarnate_time,literal
game/scripts/vscripts/heroes/Necromancer/modifier_necromancer_skel_return.lua,42,42,modifier_necromancer_skel_return:OnTakeDamage,GetSpecialValueFor,self:GetAbility(),"[""\""damage_return\""""]","[""self.attack_record == params.record""]",damage_return,literal
game/scripts/vscripts/heroes/Necromancer/modifier_necromancer_stabbing_death_motion.lua,32,32,modifier_necromancer_stabbing_death_motion:OnCreated,GetSpecialValueFor,self:GetAbility(),"[""\""damage_scepter\""""]","[""IsServer()"", ""self:GetCaster():HasScepter()""]",damage_scepter,literal
game/scripts/vscripts/heroes/Necromancer/modifier_necromancer_stabbing_death_motion.lua,34,34,modifier_necromancer_stabbing_death_motion:OnCreated,GetSpecialValueFor,self:GetAbility(),"[""\""damage\""""]","[""IsServer()"", ""NOT (self:GetCaster():HasScepter())""]",damage,literal
game/scripts/vscripts/heroes/Necromancer/modifier_necromancer_stabbing_death_motion.lua,51,51,modifier_necromancer_stabbing_death_motion:OnCreated,GetSpecialValueFor,self:GetAbility(),"[""\""flight_duration\""""]","[""IsServer()""]",flight_duration,literal
game/scripts/vscripts/heroes/Necromancer/necromancer_stabbing_death.lua,6,6,necromancer_stabbing_death:GetManaCost,GetLevelSpecialValueFor,self,"[""\""manacost_scepter\"""", ""iLevel""]","[""self:GetCaster():HasScepter()""]",manacost_scepter,literal
game/scripts/vscripts/heroes/Necromancer/necromancer_stabbing_death.lua,24,24,necromancer_stabbing_death:OnSpellStart,GetSpecialValueFor,self,"[""\""length\""""]","[""IsServer()""]",length,literal
game/scripts/vscripts/heroes/Necromancer/necromancer_stabbing_death.lua,25,25,necromancer_stabbing_death:OnSpellStart,GetSpecialValueFor,self,"[""\""speed\""""]","[""IsServer()""]",speed,literal
game/scripts/vscripts/heroes/Necromancer/necromancer_stabbing_death.lua,26,26,necromancer_stabbing_death:OnSpellStart,GetSpecialValueFor,self,"[""\""width\""""]","[""IsServer()""]",width,literal
game/scripts/vscripts/heroes/Necromancer/necromancer_stabbing_death.lua,27,27,necromancer_stabbing_death:OnSpellStart,GetSpecialValueFor,self,"[""\""stun_duration\""""]","[""IsServer()""]",stun_duration,literal
game/scripts/vscripts/heroes/Necromancer/necromancer_walking_corpses.lua,5,5,necromancer_walking_corpses:GetManaCost,GetLevelSpecialValueFor,self,"[""\""manacost_scepter\"""", ""iLevel""]","[""self:GetCaster():HasScepter()""]",manacost_scepter,literal
game/scripts/vscripts/heroes/Necromancer/necromancer_walking_corpses.lua,13,13,necromancer_walking_corpses:OnSpellStart,GetSpecialValueFor,self,"[""\""duration\""""]",[],duration,literal
game/scripts/vscripts/heroes/Necromancer/necromancer_walking_corpses.lua,14,14,necromancer_walking_corpses:OnSpellStart,GetSpecialValueFor,self,"[""\""skeleton_count\""""]",[],skeleton_count,literal
game/scripts/vscripts/heroes/Paladin/impregnability.lua,34,34,ApplyModifiersV2,GetSpecialValueFor,ability,"[""\""radius\""""]",[],radius,literal
game/scripts/vscripts/heroes/Paladin/impregnability.lua,35,35,ApplyModifiersV2,GetSpecialValueFor,ability,"[""\""damage_per_sec\""""]",[],damage_per_sec,literal
game/scripts/vscripts/heroes/Paladin/impregnability.lua,35,35,ApplyModifiersV2,GetSpecialValueFor,ability,"[""\""tick\""""]",[],tick,literal
game/scripts/vscripts/heroes/Paladin/modifier_paladin_blizzard_thinker.lua,4,4,modifier_paladin_blizzard_thinker:OnCreated,GetSpecialValueFor,self:GetAbility(),"[""\""wave_interval\""""]",[],wave_interval,literal
game/scripts/vscripts/heroes/Paladin/modifier_paladin_blizzard_thinker.lua,12,12,modifier_paladin_blizzard_thinker:OnIntervalThink,GetSpecialValueFor,ability,"[""caster:HasScepter() and \""wave_damage_scepter\"" or \""wave_damage\""""]",[],,dynamic
game/scripts/vscripts/heroes/Paladin/modifier_paladin_blizzard_thinker.lua,13,13,modifier_paladin_blizzard_thinker:OnIntervalThink,GetSpecialValueFor,ability,"[""\""stun\""""]",[],stun,literal
game/scripts/vscripts/heroes/Paladin/modifier_paladin_blizzard_thinker.lua,14,14,modifier_paladin_blizzard_thinker:OnIntervalThink,GetSpecialValueFor,ability,"[""\""radius\""""]",[],radius,literal
game/scripts/vscripts/heroes/Paladin/modifier_paladin_elect_aura.lua,50,50,modifier_paladin_elect_aura:OnCreated,GetSpecialValueFor,self:GetAbility(),"[""\""aura_radius\""""]",[],aura_radius,literal
game/scripts/vscripts/heroes/Paladin/modifier_paladin_elect_aura.lua,56,56,modifier_paladin_elect_aura:OnRefresh,GetSpecialValueFor,self:GetAbility(),"[""\""aura_radius\""""]",[],aura_radius,literal
game/scripts/vscripts/heroes/Paladin/modifier_paladin_elect_effect.lua,13,13,modifier_paladin_elect_effect:OnCreated,GetSpecialValueFor,self:GetAbility(),"[""\""constant_regen\""""]",[],constant_regen,literal
game/scripts/vscripts/heroes/Paladin/modifier_paladin_elect_effect.lua,14,14,modifier_paladin_elect_effect:OnCreated,GetSpecialValueFor,self:GetAbility(),"[""\""regen_percentage\""""]",[],regen_percentage,literal
game/scripts/vscripts/heroes/Paladin/modifier_paladin_elect_effect.lua,18,18,modifier_paladin_elect_effect:OnRefresh,GetSpecialValueFor,self:GetAbility(),"[""\""constant_regen\""""]",[],constant_regen,literal
game/scripts/vscripts/heroes/Paladin/modifier_paladin_elect_effect.lua,19,19,modifier_paladin_elect_effect:OnRefresh,GetSpecialValueFor,self:GetAbility(),"[""\""regen_percentage\""""]",[],regen_percentage,literal
game/scripts/vscripts/heroes/Paladin/paladin_blizzard.lua,5,5,paladin_blizzard:GetAOERadius,GetSpecialValueFor,self,"[""\""radius\""""]",[],radius,literal
game/scripts/vscripts/heroes/Paladin/paladin_blizzard.lua,11,11,paladin_blizzard:GetManaCost,GetLevelSpecialValueFor,self,"[""\""manacost_scepter\"""", ""iLevel""]","[""self:GetCaster():HasScepter()""]",manacost_scepter,literal
game/scripts/vscripts/heroes/Paladin/paladin_blizzard.lua,19,19,paladin_blizzard:OnSpellStart,GetSpecialValueFor,self,"[""caster:HasScepter() and \""wave_count_scepter\"" or \""wave_count\""""]",[],,dynamic
game/scripts/vscripts/heroes/Paladin/paladin_blizzard.lua,20,20,paladin_blizzard:OnSpellStart,GetSpecialValueFor,self,"[""\""wave_interval\""""]",[],wave_interval,literal
game/scripts/vscripts/heroes/Paladin/paladin_grace.lua,6,6,paladin_grace:GetManaCost,GetLevelSpecialValueFor,self,"[""\""manacost_scepter\"""", ""iLevel""]","[""self:GetCaster():HasScepter()""]",manacost_scepter,literal
game/scripts/vscripts/heroes/Paladin/paladin_grace.lua,13,13,paladin_grace:GetAOERadius,GetSpecialValueFor,self,"[""\""radius\""""]",[],radius,literal
game/scripts/vscripts/heroes/Paladin/paladin_grace.lua,22,22,paladin_grace:OnSpellStart,GetSpecialValueFor,self,"[""\""primary_target_heal_scepter\""""]","[""IsServer()"", ""caster:HasScepter()""]",primary_target_heal_scepter,literal
game/scripts/vscripts/heroes/Paladin/paladin_grace.lua,24,24,paladin_grace:OnSpellStart,GetSpecialValueFor,self,"[""\""primary_target_heal\""""]","[""IsServer()"", ""NOT (caster:HasScepter())""]",primary_target_heal,literal
game/scripts/vscripts/heroes/Paladin/paladin_grace.lua,27,27,paladin_grace:OnSpellStart,GetSpecialValueFor,self,"[""\""radius\""""]","[""IsServer()""]",radius,literal
game/scripts/vscripts/heroes/Paladin/paladin_grace.lua,28,28,paladin_grace:OnSpellStart,GetSpecialValueFor,self,"[""\""nearby_allies_heal\""""]","[""IsServer()""]",nearby_allies_heal,literal
game/scripts/vscripts/heroes/Pirate/Metamorphosis.lua,46,46,HideWearables,GetLevelSpecialValueFor,ability,"[""\""duration\"""", ""ability:GetLevel() - 1""]",[],duration,literal
game/scripts/vscripts/heroes/Pirate/modifier_pirate_evasion.lua,18,18,modifier_pirate_evasion:OnCreated,GetSpecialValueFor,self:GetAbility(),"[""\""evasion\""""]",[],evasion,literal
game/scripts/vscripts/heroes/Pirate/modifier_pirate_evasion.lua,24,24,modifier_pirate_evasion:OnRefresh,GetSpecialValueFor,self:GetAbility(),"[""\""evasion\""""]",[],evasion,literal
game/scripts/vscripts/heroes/Pirate/modifier_pirate_poisoned_weapon.lua,18,18,modifier_pirate_poisoned_weapon:OnCreated,GetSpecialValueFor,self:GetAbility(),"[""\""duration\""""]",[],duration,literal
game/scripts/vscripts/heroes/Pirate/modifier_pirate_poisoned_weapon.lua,19,19,modifier_pirate_poisoned_weapon:OnCreated,GetSpecialValueFor,self:GetAbility(),"[""\""radius\""""]",[],radius,literal
game/scripts/vscripts/heroes/Pirate/modifier_pirate_poisoned_weapon.lua,20,20,modifier_pirate_poisoned_weapon:OnCreated,GetSpecialValueFor,self:GetAbility(),"[""\""damage_per_second\""""]",[],damage_per_second,literal
game/scripts/vscripts/heroes/Pirate/modifier_pirate_poisoned_weapon.lua,26,26,modifier_pirate_poisoned_weapon:OnRefresh,GetSpecialValueFor,self:GetAbility(),"[""\""duration\""""]",[],duration,literal
game/scripts/vscripts/heroes/Pirate/modifier_pirate_poisoned_weapon.lua,27,27,modifier_pirate_poisoned_weapon:OnRefresh,GetSpecialValueFor,self:GetAbility(),"[""\""radius\""""]",[],radius,literal
game/scripts/vscripts/heroes/Pirate/modifier_pirate_poisoned_weapon.lua,28,28,modifier_pirate_poisoned_weapon:OnRefresh,GetSpecialValueFor,self:GetAbility(),"[""\""damage_per_second\""""]",[],damage_per_second,literal
game/scripts/vscripts/heroes/Pirate/modifier_pirate_poisoned_weapon_debuff.lua,18,18,modifier_pirate_poisoned_weapon_debuff:OnCreated,GetSpecialValueFor,self:GetAbility(),"[""\""movement_slow_percent\""""]",[],movement_slow_percent,literal
game/scripts/vscripts/heroes/Pirate/modifier_pirate_poisoned_weapon_debuff.lua,19,19,modifier_pirate_poisoned_weapon_debuff:OnCreated,GetSpecialValueFor,self:GetAbility(),"[""\""attack_slow\""""]",[],attack_slow,literal
game/scripts/vscripts/heroes/Pirate/modifier_pirate_poisoned_weapon_debuff.lua,20,20,modifier_pirate_poisoned_weapon_debuff:OnCreated,GetSpecialValueFor,self:GetAbility(),"[""\""damage_per_second\""""]",[],damage_per_second,literal
game/scripts/vscripts/heroes/Pirate/modifier_pirate_poisoned_weapon_debuff.lua,30,30,modifier_pirate_poisoned_weapon_debuff:OnRefresh,GetSpecialValueFor,self:GetAbility(),"[""\""movement_slow_percent\""""]",[],movement_slow_percent,literal
game/scripts/vscripts/heroes/Pirate/modifier_pirate_poisoned_weapon_debuff.lua,31,31,modifier_pirate_poisoned_weapon_debuff:OnRefresh,GetSpecialValueFor,self:GetAbility(),"[""\""attack_slow\""""]",[],attack_slow,literal
game/scripts/vscripts/heroes/Pirate/modifier_pirate_poisoned_weapon_debuff.lua,32,32,modifier_pirate_poisoned_weapon_debuff:OnRefresh,GetSpecialValueFor,self:GetAbility(),"[""\""damage_per_second\""""]",[],damage_per_second,literal
game/scripts/vscripts/heroes/Ranger/ranger_aimed_shot.lua,41,41,modifier_ranger_aimed_shot_aura:OnCreated,GetSpecialValueFor,self:GetAbility(),"[""\""aura_radius\""""]",[],aura_radius,literal
game/scripts/vscripts/heroes/Ranger/ranger_aimed_shot.lua,45,45,modifier_ranger_aimed_shot_aura:OnRefresh,GetSpecialValueFor,self:GetAbility(),"[""\""aura_radius\""""]",[],aura_radius,literal
game/scripts/vscripts/heroes/Ranger/ranger_aimed_shot.lua,56,56,modifier_ranger_aimed_shot_effect:OnCreated,GetSpecialValueFor,self:GetAbility(),"[""\""bonus_damage_pct\""""]",[],bonus_damage_pct,literal
game/scripts/vscripts/heroes/Ranger/ranger_aimed_shot.lua,60,60,modifier_ranger_aimed_shot_effect:OnRefresh,GetSpecialValueFor,self:GetAbility(),"[""\""bonus_damage_pct\""""]",[],bonus_damage_pct,literal
game/scripts/vscripts/heroes/Ranger/ranger_steel_hail.lua,9,9,ranger_steel_hail:OnSpellStart,GetSpecialValueFor,self,"[""\""arrow_count\""""]",[],arrow_count,literal
game/scripts/vscripts/heroes/Ranger/ranger_steel_hail.lua,10,10,ranger_steel_hail:OnSpellStart,GetSpecialValueFor,self,"[""\""interval\""""]",[],interval,literal
game/scripts/vscripts/heroes/Ranger/ranger_steel_hail.lua,11,11,ranger_steel_hail:OnSpellStart,GetSpecialValueFor,self,"[""\""damage_base\""""]",[],damage_base,literal
game/scripts/vscripts/heroes/Ranger/ranger_steel_hail.lua,12,12,ranger_steel_hail:OnSpellStart,GetSpecialValueFor,self,"[""\""attack_ratio\""""]",[],attack_ratio,literal
game/scripts/vscripts/heroes/Ranger/ranger_steel_hail.lua,13,13,ranger_steel_hail:OnSpellStart,GetSpecialValueFor,self,"[""\""arrow_speed\""""]",[],arrow_speed,literal
game/scripts/vscripts/heroes/Ranger/ranger_steel_hail.lua,14,14,ranger_steel_hail:OnSpellStart,GetSpecialValueFor,self,"[""\""arrow_width\""""]",[],arrow_width,literal
game/scripts/vscripts/heroes/Ranger/ranger_steel_hail.lua,15,15,ranger_steel_hail:OnSpellStart,GetSpecialValueFor,self,"[""\""arrow_range\""""]",[],arrow_range,literal
game/scripts/vscripts/heroes/Ranger/ranger_steel_hail.lua,70,70,ranger_steel_hail:OnProjectileHit,GetSpecialValueFor,self,"[""\""attack_ratio\""""]",[],attack_ratio,literal
game/scripts/vscripts/heroes/Ranger/ranger_steel_hail.lua,71,71,ranger_steel_hail:OnProjectileHit,GetSpecialValueFor,self,"[""\""damage_base\""""]",[],damage_base,literal
game/scripts/vscripts/heroes/Ranger/ranger_steel_hail.lua,77,77,ranger_steel_hail:OnProjectileHit,GetSpecialValueFor,self,"[""\""extra_trap_dmg_pct\""""]","[""trapped""]",extra_trap_dmg_pct,literal
game/scripts/vscripts/heroes/Ranger/ranger_trap.lua,15,15,ranger_trap:GetAOERadius,GetSpecialValueFor,self,"[""\""radius\""""]",[],radius,literal
game/scripts/vscripts/heroes/Ranger/ranger_trap.lua,19,19,ranger_trap:ThrowNet,GetSpecialValueFor,self,"[""\""projectile_speed\""""]",[],projectile_speed,literal
game/scripts/vscripts/heroes/Ranger/ranger_trap.lua,41,41,ranger_trap:OnProjectileHit,GetSpecialValueFor,self,"[""\""radius\""""]",[],radius,literal
game/scripts/vscripts/heroes/Ranger/ranger_trap.lua,42,42,ranger_trap:OnProjectileHit,GetSpecialValueFor,self,"[""\""damage\""""]",[],damage,literal
game/scripts/vscripts/heroes/Ranger/ranger_trap.lua,72,72,ranger_trap:ApplyTrap,GetSpecialValueFor,self,"[""\""duration\""""]",[],duration,literal
game/scripts/vscripts/heroes/Ranger/ranger_trap.lua,99,99,modifier_ranger_trap_debuff:OnCreated,GetSpecialValueFor,self:GetAbility(),"[""\""damage_to_release\""""]",[],damage_to_release,literal
game/scripts/vscripts/heroes/Ranger/ranger_trap.lua,124,124,modifier_ranger_trap_debuff:OnRefresh,GetSpecialValueFor,self:GetAbility(),"[""\""damage_to_release\""""]",[],damage_to_release,literal
game/scripts/vscripts/heroes/Ranger/ranger_volley_of_arrows.lua,9,9,ranger_volley_of_arrows:OnSpellStart,GetSpecialValueFor,self,"[""\""arrow_count\""""]",[],arrow_count,literal
game/scripts/vscripts/heroes/Ranger/ranger_volley_of_arrows.lua,10,10,ranger_volley_of_arrows:OnSpellStart,GetSpecialValueFor,self,"[""\""cone_angle\""""]",[],cone_angle,literal
game/scripts/vscripts/heroes/Ranger/ranger_volley_of_arrows.lua,11,11,ranger_volley_of_arrows:OnSpellStart,GetSpecialValueFor,self,"[""\""damage\""""]",[],damage,literal
game/scripts/vscripts/heroes/Ranger/ranger_volley_of_arrows.lua,12,12,ranger_volley_of_arrows:OnSpellStart,GetSpecialValueFor,self,"[""\""arrow_speed\""""]",[],arrow_speed,literal
game/scripts/vscripts/heroes/Ranger/ranger_volley_of_arrows.lua,13,13,ranger_volley_of_arrows:OnSpellStart,GetSpecialValueFor,self,"[""\""arrow_width\""""]",[],arrow_width,literal
game/scripts/vscripts/heroes/Ranger/ranger_volley_of_arrows.lua,14,14,ranger_volley_of_arrows:OnSpellStart,GetSpecialValueFor,self,"[""\""arrow_range\""""]",[],arrow_range,literal
game/scripts/vscripts/heroes/SerpentQueen/Accuracy.lua,17,17,Bash,GetSpecialValueFor,ability,"[""\""bash_damage\""""]","[""ability:IsCooldownReady()""]",bash_damage,literal
game/scripts/vscripts/heroes/SerpentQueen/Accuracy.lua,23,23,Bash,GetSpecialValueFor,ability,"[""\""bash_stun\""""]","[""ability:IsCooldownReady()""]",bash_stun,literal
game/scripts/vscripts/heroes/SerpentQueen/BallLightning.lua,10,10,LocustSwarmStart,GetLevelSpecialValueFor,ability,"[""\""radius\"""", ""ability:GetLevel() - 1""]",[],radius,literal
game/scripts/vscripts/heroes/SerpentQueen/BallLightning.lua,11,11,LocustSwarmStart,GetLevelSpecialValueFor,ability,"[""\""duration\"""", ""ability:GetLevel() - 1""]",[],duration,literal
game/scripts/vscripts/heroes/SerpentQueen/BallLightning.lua,12,12,LocustSwarmStart,GetLevelSpecialValueFor,ability,"[""\""locusts\"""", ""ability:GetLevel() - 1""]",[],locusts,literal
game/scripts/vscripts/heroes/SerpentQueen/BallLightning.lua,13,13,LocustSwarmStart,GetLevelSpecialValueFor,ability,"[""\""delay_between_locusts\"""", ""ability:GetLevel() - 1""]",[],delay_between_locusts,literal
game/scripts/vscripts/heroes/SerpentQueen/BallLightning.lua,46,46,LocustSwarmPhysics,GetLevelSpecialValueFor,ability,"[""\""radius\"""", ""ability:GetLevel() - 1""]",[],radius,literal
game/scripts/vscripts/heroes/SerpentQueen/BallLightning.lua,47,47,LocustSwarmPhysics,GetLevelSpecialValueFor,ability,"[""\""duration\"""", ""ability:GetLevel() - 1""]",[],duration,literal
game/scripts/vscripts/heroes/SerpentQueen/BallLightning.lua,48,48,LocustSwarmPhysics,GetLevelSpecialValueFor,ability,"[""\""locusts_speed\"""", ""ability:GetLevel() - 1""]",[],locusts_speed,literal
game/scripts/vscripts/heroes/SerpentQueen/BallLightning.lua,49,49,LocustSwarmPhysics,GetLevelSpecialValueFor,ability,"[""\""locust_damage\"""", ""ability:GetLevel() - 1""]",[],locust_damage,literal
game/scripts/vscripts/heroes/SerpentQueen/BallLightning.lua,51,51,LocustSwarmPhysics,GetLevelSpecialValueFor,ability,"[""\""max_locusts_on_target\"""", ""ability:GetLevel() - 1""]",[],max_locusts_on_target,literal
game/scripts/vscripts/heroes/SerpentQueen/BallLightning.lua,52,52,LocustSwarmPhysics,GetLevelSpecialValueFor,ability,"[""\""max_distance\"""", ""ability:GetLevel() - 1""]",[],max_distance,literal
game/scripts/vscripts/heroes/SerpentQueen/BallLightning.lua,53,53,LocustSwarmPhysics,GetLevelSpecialValueFor,ability,"[""\""give_up_distance\"""", ""ability:GetLevel() - 1""]",[],give_up_distance,literal
game/scripts/vscripts/heroes/SerpentQueen/HeavenlyPower.lua,2,2,AddAgility,GetSpecialValueFor,event.ability,"[""\""bonus_agility\""""]",[],bonus_agility,literal
game/scripts/vscripts/heroes/ShadowMaster/AgilityOfShadows.lua,9,9,ApplyBuffs,GetSpecialValueFor,ability,"[""\""duration\""""]",[],duration,literal
game/scripts/vscripts/heroes/ShadowMaster/ArtOfShadows.lua,11,11,ArtOfShadows,GetSpecialValueFor,ability,"[""\""max_shadows\""""]",[],max_shadows,literal
game/scripts/vscripts/heroes/ShadowMaster/ArtOfShadows.lua,21,21,ArtOfShadows,GetSpecialValueFor,ability,"[""\""shadow_lifetime\""""]",[],shadow_lifetime,literal
game/scripts/vscripts/heroes/ShadowMaster/ArtOfShadows.lua,22,22,ArtOfShadows,GetSpecialValueFor,ability,"[""\""shadow_attributes_perc\""""]",[],shadow_attributes_perc,literal
game/scripts/vscripts/heroes/ShadowMaster/Shadow.lua,22,22,SpawnShadow,GetSpecialValueFor,ability,"[""\""shadow_lifetime\""""]",[],shadow_lifetime,literal
game/scripts/vscripts/heroes/ShadowMaster/Shadow.lua,23,23,SpawnShadow,GetSpecialValueFor,ability,"[""\""shadow_attributes_perc\""""]",[],shadow_attributes_perc,literal
game/scripts/vscripts/heroes/ShadowMaster/shadow_master_art_of_shadows.lua,31,31,shadow_master_art_of_shadows:AddShadow,GetSpecialValueFor,self,"[""\""max_shadows\""""]",[],max_shadows,literal
game/scripts/vscripts/heroes/ShadowMaster/shadow_master_art_of_shadows.lua,72,72,modifier_shadow_master_art_of_shadows:OnCreated,GetSpecialValueFor,self.ability,"[""\""max_shadows\""""]",[],max_shadows,literal
game/scripts/vscripts/heroes/ShadowMaster/shadow_master_art_of_shadows.lua,73,73,modifier_shadow_master_art_of_shadows:OnCreated,GetSpecialValueFor,self.ability,"[""\""shadow_lifetime\""""]",[],shadow_lifetime,literal
game/scripts/vscripts/heroes/ShadowMaster/shadow_master_art_of_shadows.lua,74,74,modifier_shadow_master_art_of_shadows:OnCreated,GetSpecialValueFor,self.ability,"[""\""shadow_attributes_perc\""""]",[],shadow_attributes_perc,literal
game/scripts/vscripts/heroes/ShadowMaster/shadow_master_art_of_shadows.lua,75,75,modifier_shadow_master_art_of_shadows:OnCreated,GetSpecialValueFor,self.ability,"[""\""spawn_chance\""""]",[],spawn_chance,literal
game/scripts/vscripts/heroes/ShadowMaster/shadow_master_art_of_shadows.lua,91,91,modifier_shadow_master_art_of_shadows:OnRefresh,GetSpecialValueFor,self.ability,"[""\""max_shadows\""""]",[],max_shadows,literal
game/scripts/vscripts/heroes/ShadowMaster/shadow_master_art_of_shadows.lua,92,92,modifier_shadow_master_art_of_shadows:OnRefresh,GetSpecialValueFor,self.ability,"[""\""shadow_lifetime\""""]",[],shadow_lifetime,literal
game/scripts/vscripts/heroes/ShadowMaster/shadow_master_art_of_shadows.lua,93,93,modifier_shadow_master_art_of_shadows:OnRefresh,GetSpecialValueFor,self.ability,"[""\""shadow_attributes_perc\""""]",[],shadow_attributes_perc,literal
game/scripts/vscripts/heroes/ShadowMaster/ShadowMastery.lua,6,6,OnAttackLanded,GetSpecialValueFor,ability,"[""\""damage_agility_percent\""""]",[],damage_agility_percent,literal
game/scripts/vscripts/heroes/ShadowMaster/ShadowMastery.lua,21,21,OnAttackLanded,GetSpecialValueFor,abiStealShadow,"[""\""damage_shadow\""""]","[""modStealShadow""]",damage_shadow,literal
game/scripts/vscripts/heroes/ShadowMaster/StealShadow.lua,6,6,StealShadow,GetSpecialValueFor,ability,"[""\""duration\""""]",[],duration,literal
game/scripts/vscripts/heroes/Shaman/modifier_shaman_ancient_forces.lua,18,18,modifier_shaman_ancient_forces:OnCreated,GetSpecialValueFor,self:GetAbility(),"[""\""bonus_damage_percentage\""""]",[],bonus_damage_percentage,literal
game/scripts/vscripts/heroes/Shaman/modifier_shaman_ancient_forces.lua,24,24,modifier_shaman_ancient_forces:OnRefresh,GetSpecialValueFor,self:GetAbility(),"[""\""bonus_damage_percentage\""""]",[],bonus_damage_percentage,literal
game/scripts/vscripts/heroes/Shaman/modifier_shaman_resourcefulness.lua,51,51,modifier_shaman_resourcefulness:GetModifierMoveSpeedBonus_Percentage,GetSpecialValueFor,self:GetAbility(),"[""\""ms_percentage\""""]",[],ms_percentage,literal
game/scripts/vscripts/heroes/Shaman/modifier_shaman_resourcefulness.lua,63,63,modifier_shaman_resourcefulness:OnDeath,GetSpecialValueFor,ability,"[""\""kills_for_bonus_agility\""""]","[""IsServer()"", ""params.attacker == self:GetParent() and params.attacker:GetTeam() ~= params.unit:GetTeam() and not self:GetParent():IsIllusion() and not params.unit:IsIllusion()""]",kills_for_bonus_agility,literal
game/scripts/vscripts/heroes/SkeletonMage/DeathEnergy.lua,8,8,DealDamage,GetLevelSpecialValueFor,ability,"[""\""damage_percentage\"""", ""ability:GetLevel() - 1""]",[],damage_percentage,literal
game/scripts/vscripts/heroes/SkeletonMage/LightMagic.lua,9,9,DealDamageAndHeal,GetLevelSpecialValueFor,ability,"[""\""damage_percentage\"""", ""ability:GetLevel() - 1""]","[""v:GetTeamNumber() ~= caster:GetTeamNumber()""]",damage_percentage,literal
game/scripts/vscripts/heroes/SkeletonMage/LightMagic.lua,10,10,DealDamageAndHeal,GetLevelSpecialValueFor,ability,"[""\""damage_constant\"""", ""ability:GetLevel() - 1""]","[""v:GetTeamNumber() ~= caster:GetTeamNumber()""]",damage_constant,literal
game/scripts/vscripts/heroes/SkeletonMage/LightMagic.lua,14,14,DealDamageAndHeal,GetLevelSpecialValueFor,ability,"[""\""heal_percentage\"""", ""ability:GetLevel() - 1""]","[""NOT (v:GetTeamNumber() ~= caster:GetTeamNumber())""]",heal_percentage,literal
game/scripts/vscripts/heroes/SkeletonMage/LightMagic.lua,15,15,DealDamageAndHeal,GetLevelSpecialValueFor,ability,"[""\""heal_constant\"""", ""ability:GetLevel() - 1""]","[""NOT (v:GetTeamNumber() ~= caster:GetTeamNumber())""]",heal_constant,literal
game/scripts/vscripts/heroes/SkeletonMage/modifier_skeleton_mage_dark_magic.lua,30,30,modifier_skeleton_mage_dark_magic:OnTakeDamage,GetSpecialValueFor,self:GetAbility(),"[""\""damage_return_scepter\""""]","[""params.unit == self:GetParent() and not self:GetParent():IsIllusion() and not (params.damage_flags % (2 * DOTA_DAMAGE_FLAG_REFLECTION) >= DOTA_DAMAGE_FLAG_REFLECTION)"", ""self:GetParent():HasScepter()""]",damage_return_scepter,literal
game/scripts/vscripts/heroes/SkeletonMage/modifier_skeleton_mage_dark_magic.lua,32,32,modifier_skeleton_mage_dark_magic:OnTakeDamage,GetSpecialValueFor,self:GetAbility(),"[""\""damage_return\""""]","[""params.unit == self:GetParent() and not self:GetParent():IsIllusion() and not (params.damage_flags % (2 * DOTA_DAMAGE_FLAG_REFLECTION) >= DOTA_DAMAGE_FLAG_REFLECTION)"", ""NOT (self:GetParent():HasScepter())""]",damage_return,literal
game/scripts/vscripts/heroes/SkeletonMage/modifier_skeleton_mage_dark_magic.lua,45,45,modifier_skeleton_mage_dark_magic:OnTakeDamage,GetSpecialValueFor,self:GetAbility(),"[""\""cooldown\""""]","[""params.unit == self:GetParent() and not self:GetParent():IsIllusion() and not (params.damage_flags % (2 * DOTA_DAMAGE_FLAG_REFLECTION) >= DOTA_DAMAGE_FLAG_REFLECTION)""]",cooldown,literal
game/scripts/vscripts/heroes/SkeletonMage/skeleton_mage_light_magic.lua,5,5,skeleton_mage_light_magic:GetManaCost,GetSpecialValueFor,self,"[""\""manacost_scepter\""""]","[""self:GetCaster():HasScepter()""]",manacost_scepter,literal
game/scripts/vscripts/heroes/SkeletonMage/skeleton_mage_light_magic.lua,13,13,skeleton_mage_light_magic:OnSpellStart,GetSpecialValueFor,self,"[""\""radius\""""]",[],radius,literal
game/scripts/vscripts/heroes/SkeletonMage/skeleton_mage_light_magic.lua,16,16,skeleton_mage_light_magic:OnSpellStart,GetSpecialValueFor,self,"[""\""damage_constant_scepter\""""]","[""self:GetCaster():HasScepter()""]",damage_constant_scepter,literal
game/scripts/vscripts/heroes/SkeletonMage/skeleton_mage_light_magic.lua,17,17,skeleton_mage_light_magic:OnSpellStart,GetSpecialValueFor,self,"[""\""damage_percentage_scepter\""""]","[""self:GetCaster():HasScepter()""]",damage_percentage_scepter,literal
game/scripts/vscripts/heroes/SkeletonMage/skeleton_mage_light_magic.lua,18,18,skeleton_mage_light_magic:OnSpellStart,GetSpecialValueFor,self,"[""\""heal_constant_scepter\""""]","[""self:GetCaster():HasScepter()""]",heal_constant_scepter,literal
game/scripts/vscripts/heroes/SkeletonMage/skeleton_mage_light_magic.lua,19,19,skeleton_mage_light_magic:OnSpellStart,GetSpecialValueFor,self,"[""\""heal_percentage_scepter\""""]","[""self:GetCaster():HasScepter()""]",heal_percentage_scepter,literal
game/scripts/vscripts/heroes/SkeletonMage/skeleton_mage_light_magic.lua,21,21,skeleton_mage_light_magic:OnSpellStart,GetSpecialValueFor,self,"[""\""damage_constant\""""]","[""NOT (self:GetCaster():HasScepter())""]",damage_constant,literal
game/scripts/vscripts/heroes/SkeletonMage/skeleton_mage_light_magic.lua,22,22,skeleton_mage_light_magic:OnSpellStart,GetSpecialValueFor,self,"[""\""damage_percentage\""""]","[""NOT (self:GetCaster():HasScepter())""]",damage_percentage,literal
game/scripts/vscripts/heroes/SkeletonMage/skeleton_mage_light_magic.lua,23,23,skeleton_mage_light_magic:OnSpellStart,GetSpecialValueFor,self,"[""\""heal_constant\""""]","[""NOT (self:GetCaster():HasScepter())""]",heal_constant,literal
game/scripts/vscripts/heroes/SkeletonMage/skeleton_mage_light_magic.lua,24,24,skeleton_mage_light_magic:OnSpellStart,GetSpecialValueFor,self,"[""\""heal_percentage\""""]","[""NOT (self:GetCaster():HasScepter())""]",heal_percentage,literal
game/scripts/vscripts/heroes/SkeletonThief/Concentration.lua,5,5,OnUpgrade,GetLevelSpecialValueFor,ability,"[""\""crit_chance\"""", ""level - 1""]",[],crit_chance,literal
game/scripts/vscripts/heroes/SkeletonThief/Concentration.lua,25,25,Recalculate,GetSpecialValueFor,ability,"[""\""crit_chance\""""]",[],crit_chance,literal
game/scripts/vscripts/heroes/SkeletonThief/Concentration.lua,26,26,Recalculate,GetSpecialValueFor,ability,"[""\""crit_chance_cap\""""]",[],crit_chance_cap,literal
game/scripts/vscripts/heroes/SkeletonThief/Concentration.lua,54,54,OnAttackStart,GetSpecialValueFor,ability,"[""\""crit_chance\""""]",[],crit_chance,literal
game/scripts/vscripts/heroes/SkeletonThief/Concentration.lua,72,72,OnAttackLanded,GetSpecialValueFor,ability,"[""\""crit_chance\""""]",[],crit_chance,literal
game/scripts/vscripts/heroes/SkeletonThief/modifier_skeleton_thief_obsession.lua,12,12,modifier_skeleton_thief_obsession:OnCreated,GetSpecialValueFor,self:GetAbility(),"[""\""attacks_required\""""]",[],attacks_required,literal
game/scripts/vscripts/heroes/SkeletonThief/modifier_skeleton_thief_obsession.lua,13,13,modifier_skeleton_thief_obsession:OnCreated,GetSpecialValueFor,self:GetAbility(),"[""\""bonus_damage\""""]",[],bonus_damage,literal
game/scripts/vscripts/heroes/SkeletonThief/modifier_skeleton_thief_obsession.lua,17,17,modifier_skeleton_thief_obsession:OnRefresh,GetSpecialValueFor,self:GetAbility(),"[""\""attacks_required\""""]",[],attacks_required,literal
game/scripts/vscripts/heroes/SkeletonThief/modifier_skeleton_thief_obsession.lua,18,18,modifier_skeleton_thief_obsession:OnRefresh,GetSpecialValueFor,self:GetAbility(),"[""\""bonus_damage\""""]",[],bonus_damage,literal
game/scripts/vscripts/heroes/SkeletonThief/modifier_skeleton_thief_shield_of_death.lua,21,21,modifier_skeleton_thief_shield_of_death:OnAttackLanded,GetSpecialValueFor,self:GetAbility(),"[""\""damage_return\""""]","[""params.target == self:GetParent() and (not self:GetParent():IsIllusion()) and not params.ranged_attack""]",damage_return,literal
game/scripts/vscripts/heroes/SkeletonThief/modifier_skeleton_thief_shield_of_death.lua,22,22,modifier_skeleton_thief_shield_of_death:OnAttackLanded,GetSpecialValueFor,self:GetAbility(),"[""\""chance_additional_damage\""""]","[""params.target == self:GetParent() and (not self:GetParent():IsIllusion()) and not params.ranged_attack""]",chance_additional_damage,literal
game/scripts/vscripts/heroes/SkeletonThief/modifier_skeleton_thief_shield_of_death.lua,23,23,modifier_skeleton_thief_shield_of_death:OnAttackLanded,GetSpecialValueFor,self:GetAbility(),"[""\""additional_damage\""""]","[""params.target == self:GetParent() and (not self:GetParent():IsIllusion()) and not params.ranged_attack""]",additional_damage,literal
game/scripts/vscripts/heroes/SkeletonThief/Obsession.lua,6,6,Obsession,GetLevelSpecialValueFor,ability,"[""\""damage\"""", ""level - 1""]",[],damage,literal
game/scripts/vscripts/heroes/SkeletonThief/Obsession.lua,7,7,Obsession,GetLevelSpecialValueFor,ability,"[""\""number_of_attacks\"""", ""level - 1""]",[],number_of_attacks,literal
game/scripts/vscripts/heroes/Speedwarden/speedwarden_mad_charge.lua,29,29,modifier_speedwarden_mad_charge:OnCreated,GetSpecialValueFor,ability,"[""\""speed_pct\""""]",[],speed_pct,literal
game/scripts/vscripts/heroes/Speedwarden/speedwarden_mad_charge.lua,30,30,modifier_speedwarden_mad_charge:OnCreated,GetSpecialValueFor,ability,"[""\""max_charges\""""]",[],max_charges,literal
game/scripts/vscripts/heroes/Speedwarden/speedwarden_mad_charge.lua,31,31,modifier_speedwarden_mad_charge:OnCreated,GetSpecialValueFor,ability,"[""\""charge_duration\""""]",[],charge_duration,literal
game/scripts/vscripts/heroes/Speedwarden/speedwarden_mad_charge.lua,43,43,modifier_speedwarden_mad_charge:GetRequiredDistance,GetSpecialValueFor,self:GetAbility(),"[""\""distance_per_charge_swiftness\""""]","[""self:GetCaster():HasModifier(\""modifier_speedwarden_wardens_swiftness\"")""]",distance_per_charge_swiftness,literal
game/scripts/vscripts/heroes/Speedwarden/speedwarden_mad_charge.lua,45,45,modifier_speedwarden_mad_charge:GetRequiredDistance,GetSpecialValueFor,self:GetAbility(),"[""\""distance_per_charge\""""]",[],distance_per_charge,literal
game/scripts/vscripts/heroes/Speedwarden/speedwarden_mad_charge.lua,87,87,modifier_speedwarden_mad_charge_buff:OnCreated,GetSpecialValueFor,self:GetAbility(),"[""\""speed_pct\""""]",[],speed_pct,literal
game/scripts/vscripts/heroes/Speedwarden/speedwarden_mad_charge.lua,92,92,modifier_speedwarden_mad_charge_buff:OnRefresh,GetSpecialValueFor,self:GetAbility(),"[""\""speed_pct\""""]",[],speed_pct,literal
game/scripts/vscripts/heroes/Speedwarden/speedwarden_speed_burst.lua,14,14,speedwarden_speed_burst:OnSpellStart,GetSpecialValueFor,self,"[""\""radius\""""]",[],radius,literal
game/scripts/vscripts/heroes/Speedwarden/speedwarden_speed_burst.lua,15,15,speedwarden_speed_burst:OnSpellStart,GetSpecialValueFor,self,"[""\""base_damage\""""]",[],base_damage,literal
game/scripts/vscripts/heroes/Speedwarden/speedwarden_speed_burst.lua,16,16,speedwarden_speed_burst:OnSpellStart,GetSpecialValueFor,self,"[""\""damage_pct\""""]",[],damage_pct,literal
game/scripts/vscripts/heroes/Speedwarden/speedwarden_time_strike.lua,21,21,speedwarden_time_strike:DealTimeStrikeDamage,GetSpecialValueFor,self,"[""\""damage_pct\""""]",[],damage_pct,literal
game/scripts/vscripts/heroes/Speedwarden/speedwarden_time_strike.lua,24,24,speedwarden_time_strike:DealTimeStrikeDamage,GetSpecialValueFor,self,"[""\""base_chance\""""]",[],base_chance,literal
game/scripts/vscripts/heroes/Speedwarden/speedwarden_time_strike.lua,25,25,speedwarden_time_strike:DealTimeStrikeDamage,GetSpecialValueFor,self,"[""\""chance_per_charge\""""]",[],chance_per_charge,literal
game/scripts/vscripts/heroes/Speedwarden/speedwarden_time_strike.lua,49,49,speedwarden_time_strike:DealTimeStrikeDamage,GetSpecialValueFor,self,"[""\""strike_delay\""""]","[""NOT (not ultimate)""]",strike_delay,literal
game/scripts/vscripts/heroes/Speedwarden/speedwarden_time_strike.lua,74,74,modifier_speedwarden_time_strike:OnCreated,GetSpecialValueFor,ability,"[""\""radius\""""]",[],radius,literal
game/scripts/vscripts/heroes/Speedwarden/speedwarden_time_strike.lua,114,114,modifier_speedwarden_time_strike_slow:OnCreated,GetSpecialValueFor,self:GetAbility(),"[""\""slow_pct\""""]",[],slow_pct,literal
game/scripts/vscripts/heroes/Speedwarden/speedwarden_wardens_swiftness.lua,12,12,speedwarden_wardens_swiftness:OnSpellStart,GetSpecialValueFor,self,"[""\""duration\""""]",[],duration,literal
game/scripts/vscripts/heroes/SpiderQueen/modifier_spider_queen_infection.lua,12,12,modifier_spider_queen_infection:OnCreated,GetSpecialValueFor,self:GetAbility(),"[""\""infection_chance\""""]",[],infection_chance,literal
game/scripts/vscripts/heroes/SpiderQueen/modifier_spider_queen_infection.lua,19,19,modifier_spider_queen_infection:OnRefresh,GetSpecialValueFor,self:GetAbility(),"[""\""infection_chance\""""]",[],infection_chance,literal
game/scripts/vscripts/heroes/SpiderQueen/modifier_spider_queen_killer_instinct.lua,12,12,modifier_spider_queen_killer_instinct:OnCreated,GetSpecialValueFor,self:GetAbility(),"[""\""damage\""""]",[],damage,literal
game/scripts/vscripts/heroes/SpiderQueen/modifier_spider_queen_killer_instinct.lua,13,13,modifier_spider_queen_killer_instinct:OnCreated,GetSpecialValueFor,self:GetAbility(),"[""\""full_radius\""""]",[],full_radius,literal
game/scripts/vscripts/heroes/SpiderQueen/modifier_spider_queen_killer_instinct.lua,14,14,modifier_spider_queen_killer_instinct:OnCreated,GetSpecialValueFor,self:GetAbility(),"[""\""half_radius\""""]",[],half_radius,literal
game/scripts/vscripts/heroes/SpiderQueen/modifier_spider_queen_killer_instinct.lua,15,15,modifier_spider_queen_killer_instinct:OnCreated,GetSpecialValueFor,self:GetAbility(),"[""\""attacks_count\""""]",[],attacks_count,literal
game/scripts/vscripts/heroes/SpiderQueen/modifier_spider_queen_killer_instinct.lua,25,25,modifier_spider_queen_killer_instinct:OnRefresh,GetSpecialValueFor,self:GetAbility(),"[""\""damage\""""]",[],damage,literal
game/scripts/vscripts/heroes/SpiderQueen/modifier_spider_queen_killer_instinct.lua,26,26,modifier_spider_queen_killer_instinct:OnRefresh,GetSpecialValueFor,self:GetAbility(),"[""\""full_radius\""""]",[],full_radius,literal
game/scripts/vscripts/heroes/SpiderQueen/modifier_spider_queen_killer_instinct.lua,27,27,modifier_spider_queen_killer_instinct:OnRefresh,GetSpecialValueFor,self:GetAbility(),"[""\""half_radius\""""]",[],half_radius,literal
game/scripts/vscripts/heroes/SpiderQueen/modifier_spider_queen_killer_instinct.lua,28,28,modifier_spider_queen_killer_instinct:OnRefresh,GetSpecialValueFor,self:GetAbility(),"[""\""attacks_count\""""]",[],attacks_count,literal
game/scripts/vscripts/heroes/SpiderQueen/modifier_spider_queen_spider_yarn_debuff.lua,17,17,modifier_spider_queen_spider_yarn_debuff:OnCreated,GetSpecialValueFor,self:GetAbility(),"[""\""miss_chance\""""]",[],miss_chance,literal
game/scripts/vscripts/heroes/SpiderQueen/modifier_spider_queen_spider_yarn_debuff.lua,18,18,modifier_spider_queen_spider_yarn_debuff:OnCreated,GetSpecialValueFor,self:GetAbility(),"[""\""movement_slow_percentage\""""]",[],movement_slow_percentage,literal
game/scripts/vscripts/heroes/SpiderQueen/modifier_spider_queen_spider_yarn_thinker.lua,42,42,modifier_spider_queen_spider_yarn_thinker:OnCreated,GetSpecialValueFor,self.ability,"[""\""damage_per_second\""""]","[""IsServer()""]",damage_per_second,literal
game/scripts/vscripts/heroes/SpiderQueen/modifier_spider_queen_spider_yarn_thinker.lua,44,44,modifier_spider_queen_spider_yarn_thinker:OnCreated,GetSpecialValueFor,self.ability,"[""\""radius\""""]","[""IsServer()""]",radius,literal
game/scripts/vscripts/heroes/SpiderQueen/modifier_spider_queen_spider_yarn_thinker.lua,45,45,modifier_spider_queen_spider_yarn_thinker:OnCreated,GetSpecialValueFor,self.ability,"[""\""bonus_duration_per_spider\""""]","[""IsServer()""]",bonus_duration_per_spider,literal
game/scripts/vscripts/heroes/SpiderQueen/modifier_spider_queen_thick_cover.lua,12,12,modifier_spider_queen_thick_cover:OnCreated,GetSpecialValueFor,self:GetAbility(),"[""\""bonus_health_regen\""""]",[],bonus_health_regen,literal
game/scripts/vscripts/heroes/SpiderQueen/modifier_spider_queen_thick_cover.lua,16,16,modifier_spider_queen_thick_cover:OnRefresh,GetSpecialValueFor,self:GetAbility(),"[""\""bonus_health_regen\""""]",[],bonus_health_regen,literal
game/scripts/vscripts/heroes/SpiderQueen/spider_queen_infection.lua,11,11,spider_queen_infection:OnAbilityPhaseStart,GetSpecialValueFor,self,"[""\""spider_max_count\""""]","[""IsServer()""]",spider_max_count,literal
game/scripts/vscripts/heroes/SpiderQueen/spider_queen_infection.lua,34,34,spider_queen_infection:SpawnSpider,GetSpecialValueFor,self,"[""\""spider_max_count\""""]","[""IsServer()""]",spider_max_count,literal
game/scripts/vscripts/heroes/SpiderQueen/spider_queen_infection.lua,39,39,spider_queen_infection:SpawnSpider,GetSpecialValueFor,self,"[""\""spider_duration\""""]","[""IsServer()""]",spider_duration,literal
game/scripts/vscripts/heroes/SpiderQueen/spider_queen_killer_instinct.lua,5,5,spider_queen_killer_instinct:OnSpellStart,GetSpecialValueFor,self,"[""\""duration\""""]",[],duration,literal
game/scripts/vscripts/heroes/SpiderQueen/spider_queen_spider_yarn.lua,6,6,spider_queen_spider_yarn:GetAOERadius,GetSpecialValueFor,self,"[""\""radius\""""]",[],radius,literal
game/scripts/vscripts/heroes/SpiderQueen/spider_queen_spider_yarn.lua,19,19,spider_queen_spider_yarn:OnSpellStart,GetSpecialValueFor,self,"[""\""base_duration\""""]",[],base_duration,literal
game/scripts/vscripts/heroes/SpiderQueen/spider_queen_thick_cover.lua,9,9,spider_queen_thick_cover:OnUpgrade,GetLevelSpecialValueFor,self,"[""\""bonus_base_agility\"""", ""0""]",[],bonus_base_agility,literal
game/scripts/vscripts/heroes/TaurenChampion/modifier_tauren_champion_accumulated_rage_block.lua,13,13,modifier_tauren_champion_accumulated_rage_block:OnCreated,GetSpecialValueFor,self:GetAbility(),"[""\""max_damage_blocked_percent\""""]",[],max_damage_blocked_percent,literal
game/scripts/vscripts/heroes/TaurenChampion/modifier_tauren_champion_accumulated_rage_block.lua,14,14,modifier_tauren_champion_accumulated_rage_block:OnCreated,GetSpecialValueFor,self:GetAbility(),"[""\""min_damage_blocked_percent\""""]",[],min_damage_blocked_percent,literal
game/scripts/vscripts/heroes/TaurenChampion/modifier_tauren_champion_accumulated_rage_block.lua,15,15,modifier_tauren_champion_accumulated_rage_block:OnCreated,GetSpecialValueFor,self:GetAbility(),"[""\""absorption_count\""""]",[],absorption_count,literal
game/scripts/vscripts/heroes/TaurenChampion/modifier_tauren_champion_accumulated_rage_block.lua,16,16,modifier_tauren_champion_accumulated_rage_block:OnCreated,GetSpecialValueFor,self:GetAbility(),"[""\""shield_cooldown\""""]",[],shield_cooldown,literal
game/scripts/vscripts/heroes/TaurenChampion/modifier_tauren_champion_accumulated_rage_block.lua,26,26,modifier_tauren_champion_accumulated_rage_block:OnRefresh,GetSpecialValueFor,self:GetAbility(),"[""\""max_damage_blocked_percent\""""]",[],max_damage_blocked_percent,literal
game/scripts/vscripts/heroes/TaurenChampion/modifier_tauren_champion_accumulated_rage_block.lua,27,27,modifier_tauren_champion_accumulated_rage_block:OnRefresh,GetSpecialValueFor,self:GetAbility(),"[""\""min_damage_blocked_percent\""""]",[],min_damage_blocked_percent,literal
game/scripts/vscripts/heroes/TaurenChampion/modifier_tauren_champion_accumulated_rage_block.lua,28,28,modifier_tauren_champion_accumulated_rage_block:OnRefresh,GetSpecialValueFor,self:GetAbility(),"[""\""absorption_count\""""]",[],absorption_count,literal
game/scripts/vscripts/heroes/TaurenChampion/modifier_tauren_champion_accumulated_rage_block.lua,29,29,modifier_tauren_champion_accumulated_rage_block:OnRefresh,GetSpecialValueFor,self:GetAbility(),"[""\""shield_cooldown\""""]",[],shield_cooldown,literal
game/scripts/vscripts/heroes/TaurenChampion/modifier_tauren_champion_accumulated_rage_damage.lua,18,18,modifier_tauren_champion_accumulated_rage_damage:OnCreated,GetSpecialValueFor,self:GetAbility(),"[""\""damage_per_stack\""""]",[],damage_per_stack,literal
game/scripts/vscripts/heroes/TaurenChampion/modifier_tauren_champion_accumulated_rage_damage.lua,19,19,modifier_tauren_champion_accumulated_rage_damage:OnCreated,GetSpecialValueFor,self:GetAbility(),"[""\""health_lost_threshold_percent\""""]",[],health_lost_threshold_percent,literal
game/scripts/vscripts/heroes/TaurenChampion/modifier_tauren_champion_accumulated_rage_damage.lua,28,28,modifier_tauren_champion_accumulated_rage_damage:OnRefresh,GetSpecialValueFor,self:GetAbility(),"[""\""damage_per_stack\""""]",[],damage_per_stack,literal
game/scripts/vscripts/heroes/TaurenChampion/modifier_tauren_champion_accumulated_rage_damage.lua,29,29,modifier_tauren_champion_accumulated_rage_damage:OnRefresh,GetSpecialValueFor,self:GetAbility(),"[""\""health_lost_threshold_percent\""""]",[],health_lost_threshold_percent,literal
game/scripts/vscripts/heroes/TaurenChampion/modifier_tauren_champion_champions_jump.lua,48,48,modifier_tauren_champion_champions_jump:OnCreated,GetSpecialValueFor,self:GetAbility(),"[""\""duration\""""]","[""IsServer()""]",duration,literal
game/scripts/vscripts/heroes/TaurenChampion/modifier_tauren_champion_champions_jump.lua,72,72,modifier_tauren_champion_champions_jump:OnDestroy,GetSpecialValueFor,self:GetAbility(),"[""\""radius\""""]","[""IsServer()""]",radius,literal
game/scripts/vscripts/heroes/TaurenChampion/modifier_tauren_champion_champions_jump.lua,73,73,modifier_tauren_champion_champions_jump:OnDestroy,GetSpecialValueFor,self:GetAbility(),"[""\""stun_duration\""""]","[""IsServer()""]",stun_duration,literal
game/scripts/vscripts/heroes/TaurenChampion/modifier_tauren_champion_champions_jump.lua,74,74,modifier_tauren_champion_champions_jump:OnDestroy,GetSpecialValueFor,self:GetAbility(),"[""\""land_damage\""""]","[""IsServer()""]",land_damage,literal
game/scripts/vscripts/heroes/TaurenChampion/modifier_tauren_champion_crushing_totem.lua,15,15,modifier_tauren_champion_crushing_totem:OnCreated,GetSpecialValueFor,self.ability,"[""\""bonus_attack_speed\""""]",[],bonus_attack_speed,literal
game/scripts/vscripts/heroes/TaurenChampion/modifier_tauren_champion_crushing_totem.lua,16,16,modifier_tauren_champion_crushing_totem:OnCreated,GetSpecialValueFor,self.ability,"[""\""attacks_count\""""]",[],attacks_count,literal
game/scripts/vscripts/heroes/TaurenChampion/modifier_tauren_champion_crushing_totem.lua,17,17,modifier_tauren_champion_crushing_totem:OnCreated,GetSpecialValueFor,self.ability,"[""\""cleave_percent\""""]",[],cleave_percent,literal
game/scripts/vscripts/heroes/TaurenChampion/modifier_tauren_champion_crushing_totem.lua,18,18,modifier_tauren_champion_crushing_totem:OnCreated,GetSpecialValueFor,self.ability,"[""\""cleave_start_width\""""]",[],cleave_start_width,literal
game/scripts/vscripts/heroes/TaurenChampion/modifier_tauren_champion_crushing_totem.lua,19,19,modifier_tauren_champion_crushing_totem:OnCreated,GetSpecialValueFor,self.ability,"[""\""cleave_end_width\""""]",[],cleave_end_width,literal
game/scripts/vscripts/heroes/TaurenChampion/modifier_tauren_champion_crushing_totem.lua,20,20,modifier_tauren_champion_crushing_totem:OnCreated,GetSpecialValueFor,self.ability,"[""\""cleave_length\""""]",[],cleave_length,literal
game/scripts/vscripts/heroes/TaurenChampion/modifier_tauren_champion_finish_off.lua,12,12,modifier_tauren_champion_finish_off:OnCreated,GetSpecialValueFor,self:GetAbility(),"[""\""attack_count\""""]",[],attack_count,literal
game/scripts/vscripts/heroes/TaurenChampion/modifier_tauren_champion_finish_off.lua,13,13,modifier_tauren_champion_finish_off:OnCreated,GetSpecialValueFor,self:GetAbility(),"[""\""crit_multiplier\""""]",[],crit_multiplier,literal
game/scripts/vscripts/heroes/TaurenChampion/modifier_tauren_champion_finish_off.lua,14,14,modifier_tauren_champion_finish_off:OnCreated,GetSpecialValueFor,self:GetAbility(),"[""\""duration\""""]",[],duration,literal
game/scripts/vscripts/heroes/TaurenChampion/modifier_tauren_champion_finish_off.lua,19,19,modifier_tauren_champion_finish_off:OnRefresh,GetSpecialValueFor,self:GetAbility(),"[""\""attack_count\""""]",[],attack_count,literal
game/scripts/vscripts/heroes/TaurenChampion/modifier_tauren_champion_finish_off.lua,20,20,modifier_tauren_champion_finish_off:OnRefresh,GetSpecialValueFor,self:GetAbility(),"[""\""crit_multiplier\""""]",[],crit_multiplier,literal
game/scripts/vscripts/heroes/TaurenChampion/modifier_tauren_champion_finish_off.lua,21,21,modifier_tauren_champion_finish_off:OnRefresh,GetSpecialValueFor,self:GetAbility(),"[""\""duration\""""]",[],duration,literal
game/scripts/vscripts/heroes/TaurenChampion/tauren_champion_crushing_totem.lua,6,6,tauren_champion_crushing_totem:OnSpellStart,GetSpecialValueFor,self,"[""\""duration\""""]","[""IsServer()""]",duration,literal
game/scripts/vscripts/heroes/TimeLord/modifier_time_lord_timelapse.lua,14,14,modifier_time_lord_timelapse:OnCreated,GetSpecialValueFor,self:GetAbility(),"[""\""time\""""]","[""IsServer()""]",time,literal
game/scripts/vscripts/heroes/TimeLord/StopTime.lua,6,6,StopTime,GetSpecialValueFor,ability,"[""\""hero_stop\""""]",[],hero_stop,literal
game/scripts/vscripts/heroes/TimeLord/StopTime.lua,7,7,StopTime,GetSpecialValueFor,ability,"[""\""other_stop\""""]",[],other_stop,literal
game/scripts/vscripts/heroes/TimeLord/StopTime.lua,8,8,StopTime,GetSpecialValueFor,ability,"[""\""bonus_duration\""""]",[],bonus_duration,literal
game/scripts/vscripts/heroes/TimeLord/time_lord_death.lua,5,5,time_lord_death:GetCooldown,GetLevelSpecialValueFor,self,"[""\""cooldown_scepter\"""", ""iLevel""]","[""self:GetCaster():HasScepter()""]",cooldown_scepter,literal
game/scripts/vscripts/heroes/TimeLord/time_lord_death.lua,12,12,time_lord_death:GetAOERadius,GetSpecialValueFor,self,"[""\""radius\""""]",[],radius,literal
game/scripts/vscripts/heroes/TimeLord/time_lord_death.lua,16,16,time_lord_death:OnSpellStart,GetSpecialValueFor,self,"[""\""radius\""""]",[],radius,literal
game/scripts/vscripts/heroes/TimeLord/time_lord_timelapse.lua,11,11,time_lord_timelapse:GetCooldown,GetLevelSpecialValueFor,self,"[""\""cooldown_scepter\"""", ""iLevel""]","[""self:GetCaster():HasScepter()""]",cooldown_scepter,literal
game/scripts/vscripts/heroes/TimeLord/time_lord_timelapse.lua,20,20,time_lord_timelapse:OnSpellStart,GetSpecialValueFor,self,"[""\""damage\""""]",[],damage,literal
game/scripts/vscripts/heroes/TimeLord/time_lord_timelapse.lua,21,21,time_lord_timelapse:OnSpellStart,GetSpecialValueFor,self,"[""\""damage_radius\""""]",[],damage_radius,literal
game/scripts/vscripts/heroes/TimeLord/TimeLapse.lua,28,28,TimeLapse,GetSpecialValueFor,ability,"[""\""damage\""""]",[],damage,literal
game/scripts/vscripts/heroes/TimeLord/TimeLapse.lua,29,29,TimeLapse,GetSpecialValueFor,ability,"[""\""damage_radius\""""]",[],damage_radius,literal
game/scripts/vscripts/heroes/TimeLord/WisdomFlow.lua,5,5,AddIntellect,GetSpecialValueFor,ability,"[""\""stack_interval\""""]",[],stack_interval,literal
game/scripts/vscripts/heroes/TimeLord/WisdomFlow.lua,36,36,StartCooldown,GetSpecialValueFor,ability,"[""\""stack_interval\""""]",[],stack_interval,literal
game/scripts/vscripts/heroes/Treant/modifier_treant_craving_for_nature_movement.lua,39,39,modifier_treant_craving_for_nature_movement:OnDestroy,GetSpecialValueFor,self.ability,"[""\""damage\""""]","[""IsServer()""]",damage,literal
game/scripts/vscripts/heroes/Treant/modifier_treant_craving_for_nature_movement.lua,41,41,modifier_treant_craving_for_nature_movement:OnDestroy,GetSpecialValueFor,self.ability,"[""\""root_damage_multiplier\""""]","[""IsServer()"", ""self.unit:HasModifier(\""modifier_treant_take_root_root\"")""]",root_damage_multiplier,literal
game/scripts/vscripts/heroes/Treant/modifier_treant_sharp_thorns_debuff.lua,16,16,modifier_treant_sharp_thorns_debuff:OnCreated,GetSpecialValueFor,self.ability,"[""\""check_interval\""""]","[""IsServer()""]",check_interval,literal
game/scripts/vscripts/heroes/Treant/modifier_treant_sharp_thorns_debuff.lua,17,17,modifier_treant_sharp_thorns_debuff:OnCreated,GetSpecialValueFor,self.ability,"[""\""distance_to_damage_percentage\""""]","[""IsServer()""]",distance_to_damage_percentage,literal
game/scripts/vscripts/heroes/Treant/modifier_treant_take_root_root.lua,12,12,modifier_treant_take_root_root:OnCreated,GetSpecialValueFor,self:GetAbility(),"[""\""damage_per_second\""""]",[],damage_per_second,literal
game/scripts/vscripts/heroes/Treant/modifier_treant_take_root_self.lua,13,13,modifier_treant_take_root_self:OnCreated,GetSpecialValueFor,self:GetAbility(),"[""\""health_regeneration\""""]",[],health_regeneration,literal
game/scripts/vscripts/heroes/Treant/modifier_treant_take_root_self.lua,15,15,modifier_treant_take_root_self:OnCreated,GetSpecialValueFor,self:GetAbility(),"[""\""manacost_per_second\""""]",[],manacost_per_second,literal
game/scripts/vscripts/heroes/Treant/modifier_treant_take_root_self.lua,22,22,modifier_treant_take_root_self:OnRefresh,GetSpecialValueFor,self:GetAbility(),"[""\""health_regeneration\""""]",[],health_regeneration,literal
game/scripts/vscripts/heroes/Treant/treant_butterfly_flock.lua,4,4,treant_butterfly_flock:OnSpellStart,GetSpecialValueFor,self,"[""\""speed\""""]",[],speed,literal
game/scripts/vscripts/heroes/Treant/treant_butterfly_flock.lua,5,5,treant_butterfly_flock:OnSpellStart,GetSpecialValueFor,self,"[""\""projectile_distance\""""]",[],projectile_distance,literal
game/scripts/vscripts/heroes/Treant/treant_butterfly_flock.lua,6,6,treant_butterfly_flock:OnSpellStart,GetSpecialValueFor,self,"[""\""start_width\""""]",[],start_width,literal
game/scripts/vscripts/heroes/Treant/treant_butterfly_flock.lua,7,7,treant_butterfly_flock:OnSpellStart,GetSpecialValueFor,self,"[""\""end_width\""""]",[],end_width,literal
game/scripts/vscripts/heroes/Treant/treant_butterfly_flock.lua,42,42,treant_butterfly_flock:OnProjectileHit,GetSpecialValueFor,self,"[""\""damage\""""]","[""hTarget ~= nil and (not hTarget:IsMagicImmune()) and (not hTarget:IsInvulnerable())""]",damage,literal
game/scripts/vscripts/heroes/Treant/treant_craving_for_nature.lua,8,8,treant_craving_for_nature:OnSpellStart,GetSpecialValueFor,self,"[""\""radius\""""]","[""IsServer()""]",radius,literal
game/scripts/vscripts/heroes/Treant/treant_craving_for_nature.lua,9,9,treant_craving_for_nature:OnSpellStart,GetSpecialValueFor,self,"[""\""tick_time\""""]","[""IsServer()""]",tick_time,literal
game/scripts/vscripts/heroes/Treant/treant_craving_for_nature.lua,10,10,treant_craving_for_nature:OnSpellStart,GetSpecialValueFor,self,"[""\""distance_per_tick\""""]","[""IsServer()""]",distance_per_tick,literal
game/scripts/vscripts/heroes/Treant/treant_sharp_thorns.lua,6,6,treant_sharp_thorns:GetAOERadius,GetSpecialValueFor,self,"[""\""radius\""""]",[],radius,literal
game/scripts/vscripts/heroes/Treant/treant_sharp_thorns.lua,11,11,treant_sharp_thorns:OnSpellStart,GetSpecialValueFor,self,"[""\""duration\""""]","[""IsServer()""]",duration,literal
game/scripts/vscripts/heroes/Treant/treant_sharp_thorns.lua,12,12,treant_sharp_thorns:OnSpellStart,GetSpecialValueFor,self,"[""\""radius\""""]","[""IsServer()""]",radius,literal
game/scripts/vscripts/heroes/Treant/treant_sharp_thorns.lua,13,13,treant_sharp_thorns:OnSpellStart,GetSpecialValueFor,self,"[""\""damage\""""]","[""IsServer()""]",damage,literal
game/scripts/vscripts/heroes/Treant/treant_take_root.lua,7,7,treant_take_root:OnToggle,GetSpecialValueFor,self,"[""\""radius\""""]",[],radius,literal
game/scripts/vscripts/heroes/Treant/treant_take_root.lua,8,8,treant_take_root:OnToggle,GetSpecialValueFor,self,"[""\""root_duration\""""]",[],root_duration,literal
game/scripts/vscripts/heroes/TrollCutthroat/BoomerangAxe.lua,53,53,BoomerangAxes,GetSpecialValueFor,ability,"[""\""damage_pct\""""]",[],damage_pct,literal
game/scripts/vscripts/heroes/TrollCutthroat/BoomerangAxe.lua,54,54,BoomerangAxes,GetSpecialValueFor,ability,"[""\""str_prc_dmg\""""]",[],str_prc_dmg,literal
game/scripts/vscripts/heroes/TrollCutthroat/BoomerangAxe.lua,55,55,BoomerangAxes,GetSpecialValueFor,ability,"[""\""max_targets\""""]",[],max_targets,literal
game/scripts/vscripts/heroes/TrollCutthroat/BoomerangAxe.lua,56,56,BoomerangAxes,GetSpecialValueFor,ability,"[""\""time_between_bounces\""""]",[],time_between_bounces,literal
game/scripts/vscripts/heroes/TrollCutthroat/BoomerangAxe.lua,57,57,BoomerangAxes,GetSpecialValueFor,ability,"[""\""axe_speed\""""]",[],axe_speed,literal
game/scripts/vscripts/heroes/TrollCutthroat/BoomerangAxe.lua,58,58,BoomerangAxes,GetLevelSpecialValueFor,ability,"[""\""return_speed\"""", ""ability_level""]",[],return_speed,literal
game/scripts/vscripts/heroes/TrollCutthroat/BoomerangAxe.lua,59,59,BoomerangAxes,GetLevelSpecialValueFor,ability,"[""\""radius\"""", ""ability_level""]",[],radius,literal
game/scripts/vscripts/heroes/TrollCutthroat/BoomerangAxe.lua,60,60,BoomerangAxes,GetSpecialValueFor,ability,"[""\""stun_duration\""""]",[],stun_duration,literal
game/scripts/vscripts/heroes/TrollCutthroat/BoomerangAxe.lua,61,61,BoomerangAxes,GetSpecialValueFor,ability,"[""\""damage_pct\""""]",[],damage_pct,literal
game/scripts/vscripts/heroes/TrollCutthroat/BoomerangAxe.lua,85,85,BoomerangAxes,GetSpecialValueFor,vulnerability,"[""\""crit_chance\""""]","[""target ~= caster"", ""NOT (vulnerability_level < 1)""]",crit_chance,literal
game/scripts/vscripts/heroes/TrollCutthroat/BoomerangAxe.lua,86,86,BoomerangAxes,GetSpecialValueFor,vulnerability,"[""\""crit_mult\""""]","[""target ~= caster"", ""NOT (vulnerability_level < 1)""]",crit_mult,literal
game/scripts/vscripts/heroes/TrollCutthroat/EnchantedAxes.lua,28,28,WhirlingAxesMelee,GetLevelSpecialValueFor,ability,"[""\""start_radius\"""", ""ability_level""]",[],start_radius,literal
game/scripts/vscripts/heroes/TrollCutthroat/EnchantedAxes.lua,105,105,WhirlingAxesMeleeThink,GetLevelSpecialValueFor,ability,"[""\""axe_movement_speed\"""", ""ability_level""]",[],axe_movement_speed,literal
game/scripts/vscripts/heroes/TrollCutthroat/EnchantedAxes.lua,106,106,WhirlingAxesMeleeThink,GetLevelSpecialValueFor,ability,"[""\""max_range\"""", ""ability_level""]",[],max_range,literal
game/scripts/vscripts/heroes/TrollCutthroat/EnchantedAxes.lua,107,107,WhirlingAxesMeleeThink,GetLevelSpecialValueFor,ability,"[""\""whirl_duration\"""", ""ability_level""]",[],whirl_duration,literal
game/scripts/vscripts/heroes/TrollCutthroat/EnchantedAxes.lua,108,108,WhirlingAxesMeleeThink,GetLevelSpecialValueFor,ability,"[""\""axe_turn_rate\"""", ""ability_level""]",[],axe_turn_rate,literal
game/scripts/vscripts/heroes/TrollCutthroat/EnchantedAxes.lua,109,109,WhirlingAxesMeleeThink,GetLevelSpecialValueFor,ability,"[""\""hit_radius\"""", ""ability_level""]",[],hit_radius,literal
game/scripts/vscripts/heroes/TrollCutthroat/EnchantedAxes.lua,110,110,WhirlingAxesMeleeThink,GetLevelSpecialValueFor,ability,"[""\""think_interval\"""", ""ability_level""]",[],think_interval,literal
game/scripts/vscripts/heroes/TrollCutthroat/EnchantedAxes.lua,168,168,WhirlingAxesMeleeHit,GetLevelSpecialValueFor,ability,"[""\""damage\"""", ""ability_level""]",[],damage,literal
game/scripts/vscripts/heroes/TrollCutthroat/EnchantedAxes.lua,168,168,WhirlingAxesMeleeHit,GetSpecialValueFor,ability,"[""\""str_prc_dmg\""""]",[],str_prc_dmg,literal
game/scripts/vscripts/heroes/TrollCutthroat/modifier_troll_cutthroat_battle_trance.lua,13,13,modifier_troll_cutthroat_battle_trance:OnCreated,GetSpecialValueFor,self:GetAbility(),"[""\""bonus_attack_speed\""""]",[],bonus_attack_speed,literal
game/scripts/vscripts/heroes/TrollCutthroat/modifier_troll_cutthroat_battle_trance.lua,14,14,modifier_troll_cutthroat_battle_trance:OnCreated,GetSpecialValueFor,self:GetAbility(),"[""\""bonus_strength\""""]",[],bonus_strength,literal
game/scripts/vscripts/heroes/TrollCutthroat/modifier_troll_cutthroat_boomeang_axe_damage.lua,13,13,modifier_troll_cutthroat_boomeang_axe_damage:OnCreated,GetSpecialValueFor,self:GetAbility(),"[""\""damage_percentage\""""]",[],damage_percentage,literal
game/scripts/vscripts/heroes/TrollCutthroat/modifier_troll_cutthroat_boomeang_axe_damage.lua,14,14,modifier_troll_cutthroat_boomeang_axe_damage:OnCreated,GetSpecialValueFor,self:GetAbility(),"[""\""strength_into_damage_percentage\""""]",[],strength_into_damage_percentage,literal
game/scripts/vscripts/heroes/TrollCutthroat/modifier_troll_cutthroat_vulnerability.lua,19,19,modifier_troll_cutthroat_vulnerability:OnCreated,GetSpecialValueFor,self:GetAbility(),"[""\""crit_chance\""""]",[],crit_chance,literal
game/scripts/vscripts/heroes/TrollCutthroat/modifier_troll_cutthroat_vulnerability.lua,20,20,modifier_troll_cutthroat_vulnerability:OnCreated,GetSpecialValueFor,self:GetAbility(),"[""\""crit_multiplier\""""]",[],crit_multiplier,literal
game/scripts/vscripts/heroes/TrollCutthroat/modifier_troll_cutthroat_vulnerability.lua,21,21,modifier_troll_cutthroat_vulnerability:OnCreated,GetSpecialValueFor,self:GetAbility(),"[""\""duration\""""]",[],duration,literal
game/scripts/vscripts/heroes/TrollCutthroat/modifier_troll_cutthroat_vulnerability.lua,32,32,modifier_troll_cutthroat_vulnerability:OnRefresh,GetSpecialValueFor,self:GetAbility(),"[""\""crit_chance\""""]",[],crit_chance,literal
game/scripts/vscripts/heroes/TrollCutthroat/modifier_troll_cutthroat_vulnerability.lua,33,33,modifier_troll_cutthroat_vulnerability:OnRefresh,GetSpecialValueFor,self:GetAbility(),"[""\""crit_multiplier\""""]",[],crit_multiplier,literal
game/scripts/vscripts/heroes/TrollCutthroat/modifier_troll_cutthroat_vulnerability.lua,34,34,modifier_troll_cutthroat_vulnerability:OnRefresh,GetSpecialValueFor,self:GetAbility(),"[""\""duration\""""]",[],duration,literal
game/scripts/vscripts/heroes/TrollCutthroat/modifier_troll_cutthroat_vulnerability_debuff.lua,13,13,modifier_troll_cutthroat_vulnerability_debuff:OnCreated,GetSpecialValueFor,self:GetAbility(),"[""\""armor_reduction\""""]",[],armor_reduction,literal
game/scripts/vscripts/heroes/TrollCutthroat/troll_cutthroat_battle_trance.lua,6,6,troll_cutthroat_battle_trance:OnSpellStart,GetSpecialValueFor,self,"[""\""duration\""""]",[],duration,literal
game/scripts/vscripts/heroes/TrollCutthroat/troll_cutthroat_boomeang_axe.lua,9,9,troll_cutthroat_boomeang_axe:OnSpellStart,GetSpecialValueFor,self,"[""\""axe_speed\""""]",[],axe_speed,literal
game/scripts/vscripts/heroes/TrollCutthroat/troll_cutthroat_boomeang_axe.lua,10,10,troll_cutthroat_boomeang_axe:OnSpellStart,GetSpecialValueFor,self,"[""\""max_targets\""""]",[],max_targets,literal
game/scripts/vscripts/heroes/TrollCutthroat/troll_cutthroat_boomeang_axe.lua,11,11,troll_cutthroat_boomeang_axe:OnSpellStart,GetSpecialValueFor,self,"[""\""stun_duration\""""]",[],stun_duration,literal
game/scripts/vscripts/heroes/TrollCutthroat/troll_cutthroat_boomeang_axe.lua,12,12,troll_cutthroat_boomeang_axe:OnSpellStart,GetSpecialValueFor,self,"[""\""radius\""""]",[],radius,literal
game/scripts/vscripts/heroes/TrollCutthroat/troll_cutthroat_boomeang_axe.lua,13,13,troll_cutthroat_boomeang_axe:OnSpellStart,GetSpecialValueFor,self,"[""\""return_speed\""""]",[],return_speed,literal
game/scripts/vscripts/heroes/Valkyrie/modifier_valkyrie_agility_aura.lua,50,50,modifier_valkyrie_agility_aura:OnCreated,GetSpecialValueFor,self:GetAbility(),"[""\""aura_radius\""""]",[],aura_radius,literal
game/scripts/vscripts/heroes/Valkyrie/modifier_valkyrie_agility_aura.lua,56,56,modifier_valkyrie_agility_aura:OnRefresh,GetSpecialValueFor,self:GetAbility(),"[""\""aura_radius\""""]",[],aura_radius,literal
game/scripts/vscripts/heroes/Valkyrie/modifier_valkyrie_agility_effect.lua,13,13,modifier_valkyrie_agility_effect:OnCreated,GetSpecialValueFor,self:GetAbility(),"[""\""bonus_attack_speed\""""]",[],bonus_attack_speed,literal
game/scripts/vscripts/heroes/Valkyrie/modifier_valkyrie_agility_effect.lua,17,17,modifier_valkyrie_agility_effect:OnRefresh,GetSpecialValueFor,self:GetAbility(),"[""\""bonus_attack_speed\""""]",[],bonus_attack_speed,literal
game/scripts/vscripts/heroes/Valkyrie/modifier_valkyrie_rage.lua,11,11,modifier_valkyrie_rage:OnCreated,GetSpecialValueFor,self.ability,"[""\""damage\""""]",[],damage,literal
game/scripts/vscripts/heroes/Valkyrie/modifier_valkyrie_rage.lua,12,12,modifier_valkyrie_rage:OnCreated,GetSpecialValueFor,self.ability,"[""\""radius\""""]",[],radius,literal
game/scripts/vscripts/heroes/Valkyrie/TrueHit.lua,12,12,DealDamage,GetLevelSpecialValueFor,ability,"[""\""secondary_target_percent\"""", ""ability:GetLevel() - 1""]",[],secondary_target_percent,literal
game/scripts/vscripts/heroes/Valkyrie/TrueHit.lua,13,13,DealDamage,GetLevelSpecialValueFor,ability,"[""\""main_target_percent\"""", ""ability:GetLevel() - 1""]",[],main_target_percent,literal
game/scripts/vscripts/heroes/Valkyrie/valkyrie_rage.lua,6,6,valkyrie_rage:OnSpellStart,GetSpecialValueFor,self,"[""\""duration\""""]","[""IsServer()""]",duration,literal
game/scripts/vscripts/heroes/Vampire/LifeDrain.lua,6,6,LifeDrainFirstInstance,GetLevelSpecialValueFor,ability,"[""\""damage_per_second\"""", ""ability:GetLevel() - 1""]",[],damage_per_second,literal
game/scripts/vscripts/heroes/Vampire/modifier_vampire_lifesteal.lua,68,68,modifier_vampire_lifesteal:OnTakeDamage,GetSpecialValueFor,self:GetAbility(),"[""\""lifesteal_percentage\""""]","[""IsServer()"", ""params.record == self.lifesteal_record""]",lifesteal_percentage,literal
game/scripts/vscripts/heroes/Vampire/modifier_vampire_transformation_regen.lua,30,30,modifier_vampire_transformation_regen:OnCreated,GetSpecialValueFor,ability,"[""\""tp_regen_mult\""""]","[""ability""]",tp_regen_mult,literal
game/scripts/vscripts/heroes/Vampire/Thirst.lua,6,6,Thirst,GetSpecialValueFor,ability,"[""\""activation_health_percent\""""]",[],activation_health_percent,literal
game/scripts/vscripts/heroes/Vampire/Thirst.lua,7,7,Thirst,GetSpecialValueFor,ability,"[""\""thirst_points_bonus\""""]",[],thirst_points_bonus,literal
game/scripts/vscripts/heroes/Vampire/Transformation.lua,48,48,HideWearables,GetLevelSpecialValueFor,ability,"[""\""duration\"""", ""ability:GetLevel() - 1""]",[],duration,literal
game/scripts/vscripts/heroes/Vampire/Transformation.lua,100,100,DamageAndHeal,GetLevelSpecialValueFor,ability,"[""\""tp_aoe_dmg_mult\"""", ""ability:GetLevel() - 1""]",[],tp_aoe_dmg_mult,literal
game/scripts/vscripts/heroes/Vampire/Transformation.lua,102,102,DamageAndHeal,GetLevelSpecialValueFor,ability,"[""\""tp_attack_heal_mult\"""", ""ability:GetLevel() - 1""]",[],tp_attack_heal_mult,literal
game/scripts/vscripts/heroes/Vampire/Transformation.lua,116,116,InitialDamage,GetLevelSpecialValueFor,ability,"[""\""tp_transformation_dmg_mult\"""", ""ability:GetLevel() - 1""]",[],tp_transformation_dmg_mult,literal
game/scripts/vscripts/heroes/Vampire/Transformation.lua,119,119,InitialDamage,GetSpecialValueFor,ability,"[""\""duration\""""]",[],duration,literal
game/scripts/vscripts/heroes/Vampire/vampire_lifesteal.lua,9,9,vampire_lifesteal:OnUpgrade,GetSpecialValueFor,self,"[""\""thirst_points_max\""""]",[],thirst_points_max,literal
game/scripts/vscripts/heroes/VowenFromBlood/modifier_vowen_from_blood_spiritual_flame.lua,43,43,modifier_vowen_from_blood_spiritual_flame:OnCreated,GetSpecialValueFor,self:GetAbility(),"[""\""bonus_health_regen_scepter\""""]","[""self:GetCaster():HasScepter()""]",bonus_health_regen_scepter,literal
game/scripts/vscripts/heroes/VowenFromBlood/modifier_vowen_from_blood_spiritual_flame.lua,44,44,modifier_vowen_from_blood_spiritual_flame:OnCreated,GetSpecialValueFor,self:GetAbility(),"[""\""bonus_damage_percentage_scepter\""""]","[""self:GetCaster():HasScepter()""]",bonus_damage_percentage_scepter,literal
game/scripts/vscripts/heroes/VowenFromBlood/modifier_vowen_from_blood_spiritual_flame.lua,46,46,modifier_vowen_from_blood_spiritual_flame:OnCreated,GetSpecialValueFor,self:GetAbility(),"[""\""bonus_health_regen\""""]","[""NOT (self:GetCaster():HasScepter())""]",bonus_health_regen,literal
game/scripts/vscripts/heroes/VowenFromBlood/modifier_vowen_from_blood_spiritual_flame.lua,47,47,modifier_vowen_from_blood_spiritual_flame:OnCreated,GetSpecialValueFor,self:GetAbility(),"[""\""bonus_damage_percentage\""""]","[""NOT (self:GetCaster():HasScepter())""]",bonus_damage_percentage,literal
game/scripts/vscripts/heroes/VowenFromBlood/modifier_vowen_from_blood_spiritual_flame.lua,53,53,modifier_vowen_from_blood_spiritual_flame:OnRefresh,GetSpecialValueFor,self:GetAbility(),"[""\""bonus_health_regen_scepter\""""]","[""self:GetCaster():HasScepter()""]",bonus_health_regen_scepter,literal
game/scripts/vscripts/heroes/VowenFromBlood/modifier_vowen_from_blood_spiritual_flame.lua,54,54,modifier_vowen_from_blood_spiritual_flame:OnRefresh,GetSpecialValueFor,self:GetAbility(),"[""\""bonus_damage_percentage_scepter\""""]","[""self:GetCaster():HasScepter()""]",bonus_damage_percentage_scepter,literal
game/scripts/vscripts/heroes/VowenFromBlood/modifier_vowen_from_blood_spiritual_flame.lua,56,56,modifier_vowen_from_blood_spiritual_flame:OnRefresh,GetSpecialValueFor,self:GetAbility(),"[""\""bonus_health_regen\""""]","[""NOT (self:GetCaster():HasScepter())""]",bonus_health_regen,literal
game/scripts/vscripts/heroes/VowenFromBlood/modifier_vowen_from_blood_spiritual_flame.lua,57,57,modifier_vowen_from_blood_spiritual_flame:OnRefresh,GetSpecialValueFor,self:GetAbility(),"[""\""bonus_damage_percentage\""""]","[""NOT (self:GetCaster():HasScepter())""]",bonus_damage_percentage,literal
game/scripts/vscripts/heroes/VowenFromBlood/SoulBurn.lua,10,10,SoulBurn,GetSpecialValueFor,ability,"[""\""duration_hero\""""]",[],duration_hero,literal
game/scripts/vscripts/heroes/VowenFromBlood/SoulBurn.lua,11,11,SoulBurn,GetSpecialValueFor,ability,"[""\""duration_creep\""""]",[],duration_creep,literal
game/scripts/vscripts/heroes/VowenFromBlood/SoulBurn.lua,12,12,SoulBurn,GetSpecialValueFor,ability,"[""\""buff_duration\""""]",[],buff_duration,literal
game/scripts/vscripts/heroes/VowenFromBlood/StealBlood.lua,13,13,StealBlood,GetLevelSpecialValueFor,ability,"[""\""lightning_damage\"""", ""ability:GetLevel() - 1""]",[],lightning_damage,literal
game/scripts/vscripts/heroes/VowenFromBlood/StealBlood.lua,14,14,StealBlood,GetLevelSpecialValueFor,ability,"[""\""lightning_bounces\"""", ""ability:GetLevel() - 1""]",[],lightning_bounces,literal
game/scripts/vscripts/heroes/VowenFromBlood/StealBlood.lua,15,15,StealBlood,GetLevelSpecialValueFor,ability,"[""\""bounce_range\"""", ""ability:GetLevel() - 1""]",[],bounce_range,literal
game/scripts/vscripts/heroes/VowenFromBlood/StealBlood.lua,16,16,StealBlood,GetLevelSpecialValueFor,ability,"[""\""lightning_decay\"""", ""ability:GetLevel() - 1""]",[],lightning_decay,literal
game/scripts/vscripts/heroes/VowenFromBlood/StealBlood.lua,17,17,StealBlood,GetLevelSpecialValueFor,ability,"[""\""time_between_bounces\"""", ""ability:GetLevel() - 1""]",[],time_between_bounces,literal
game/scripts/vscripts/heroes/VowenFromBlood/StealBlood.lua,18,18,StealBlood,GetSpecialValueFor,ability,"[""\""heal_per_target\""""]",[],heal_per_target,literal
game/scripts/vscripts/heroes/VowenFromBlood/vowen_from_blood_spiritual_flame.lua,6,6,vowen_from_blood_spiritual_flame:GetManaCost,GetLevelSpecialValueFor,self,"[""\""manacost_scepter\"""", ""iLevel""]","[""self:GetCaster():HasScepter()""]",manacost_scepter,literal
game/scripts/vscripts/heroes/VowenFromBlood/vowen_from_blood_spiritual_flame.lua,13,13,vowen_from_blood_spiritual_flame:OnSpellStart,GetSpecialValueFor,self,"[""\""duration\""""]",[],duration,literal
game/scripts/vscripts/heroes/VowenFromBlood/vowen_from_blood_steal_blood.lua,5,5,vowen_from_blood_steal_blood:GetManaCost,GetLevelSpecialValueFor,self,"[""\""manacost_scepter\"""", ""iLevel""]","[""self:GetCaster():HasScepter()""]",manacost_scepter,literal
game/scripts/vscripts/heroes/VowenFromBlood/vowen_from_blood_steal_blood.lua,15,15,vowen_from_blood_steal_blood:OnSpellStart,GetSpecialValueFor,self,"[""\""projectile_speed\""""]",[],projectile_speed,literal
game/scripts/vscripts/heroes/VowenFromBlood/vowen_from_blood_steal_blood.lua,16,16,vowen_from_blood_steal_blood:OnSpellStart,GetSpecialValueFor,self,"[""\""bounce_range\""""]",[],bounce_range,literal
game/scripts/vscripts/heroes/VowenFromBlood/vowen_from_blood_steal_blood.lua,17,17,vowen_from_blood_steal_blood:OnSpellStart,GetSpecialValueFor,self,"[""\""heal_per_target\""""]",[],heal_per_target,literal
game/scripts/vscripts/heroes/VowenFromBlood/vowen_from_blood_steal_blood.lua,20,20,vowen_from_blood_steal_blood:OnSpellStart,GetSpecialValueFor,self,"[""\""damage_scepter\""""]","[""self:GetCaster():HasScepter()""]",damage_scepter,literal
game/scripts/vscripts/heroes/VowenFromBlood/vowen_from_blood_steal_blood.lua,21,21,vowen_from_blood_steal_blood:OnSpellStart,GetSpecialValueFor,self,"[""\""bounces_scepter\""""]","[""self:GetCaster():HasScepter()""]",bounces_scepter,literal
game/scripts/vscripts/heroes/VowenFromBlood/vowen_from_blood_steal_blood.lua,23,23,vowen_from_blood_steal_blood:OnSpellStart,GetSpecialValueFor,self,"[""\""damage\""""]","[""NOT (self:GetCaster():HasScepter())""]",damage,literal
game/scripts/vscripts/heroes/VowenFromBlood/vowen_from_blood_steal_blood.lua,24,24,vowen_from_blood_steal_blood:OnSpellStart,GetSpecialValueFor,self,"[""\""bounces\""""]","[""NOT (self:GetCaster():HasScepter())""]",bounces,literal
game/scripts/vscripts/heroes/WalkingDead/modifier_walking_dead_cemetery_power.lua,14,14,modifier_walking_dead_cemetery_power:OnCreated,GetSpecialValueFor,self:GetAbility(),"[""\""radius\""""]",[],radius,literal
game/scripts/vscripts/heroes/WalkingDead/modifier_walking_dead_cemetery_power.lua,15,15,modifier_walking_dead_cemetery_power:OnCreated,GetSpecialValueFor,self:GetAbility(),"[""\""bonus_base_strength\""""]",[],bonus_base_strength,literal
game/scripts/vscripts/heroes/WalkingDead/modifier_walking_dead_cemetery_power.lua,16,16,modifier_walking_dead_cemetery_power:OnCreated,GetSpecialValueFor,self:GetAbility(),"[""\""heal_to_damage_percentage\""""]",[],heal_to_damage_percentage,literal
game/scripts/vscripts/heroes/WalkingDead/modifier_walking_dead_decay_debuff.lua,16,16,modifier_walking_dead_decay_debuff:OnCreated,GetSpecialValueFor,self:GetAbility(),"[""\""movespeed_slow_percentage\""""]",[],movespeed_slow_percentage,literal
game/scripts/vscripts/heroes/WalkingDead/modifier_walking_dead_decay_regen.lua,13,13,modifier_walking_dead_decay_regen:OnCreated,GetSpecialValueFor,self:GetAbility(),"[""\""health_regeneration\""""]",[],health_regeneration,literal
game/scripts/vscripts/heroes/WalkingDead/modifier_walking_dead_decay_self.lua,38,38,modifier_walking_dead_decay_self:OnCreated,GetSpecialValueFor,self:GetAbility(),"[""\""radius\""""]",[],radius,literal
game/scripts/vscripts/heroes/WalkingDead/modifier_walking_dead_decay_self.lua,39,39,modifier_walking_dead_decay_self:OnCreated,GetSpecialValueFor,self:GetAbility(),"[""\""tick_interval\""""]",[],tick_interval,literal
game/scripts/vscripts/heroes/WalkingDead/modifier_walking_dead_decay_self.lua,40,40,modifier_walking_dead_decay_self:OnCreated,GetSpecialValueFor,self:GetAbility(),"[""\""active_regeneration_reduction_percentage\""""]",[],active_regeneration_reduction_percentage,literal
game/scripts/vscripts/heroes/WalkingDead/modifier_walking_dead_decay_self.lua,41,41,modifier_walking_dead_decay_self:OnCreated,GetSpecialValueFor,self:GetAbility(),"[""\""damage_per_second\""""]",[],damage_per_second,literal
game/scripts/vscripts/heroes/WalkingDead/modifier_walking_dead_rot_curse_enemy.lua,24,24,modifier_walking_dead_rot_curse_enemy:OnCreated,GetSpecialValueFor,self:GetAbility(),"[""\""damage_per_second\""""]","[""IsServer()""]",damage_per_second,literal
game/scripts/vscripts/heroes/WalkingDead/modifier_walking_dead_rot_curse_enemy.lua,25,25,modifier_walking_dead_rot_curse_enemy:OnCreated,GetSpecialValueFor,self:GetAbility(),"[""\""health_steal_per_second\""""]","[""IsServer()""]",health_steal_per_second,literal
game/scripts/vscripts/heroes/WalkingDead/modifier_walking_dead_rot_curse_enemy.lua,26,26,modifier_walking_dead_rot_curse_enemy:OnCreated,GetSpecialValueFor,self:GetAbility(),"[""\""tick_interval\""""]","[""IsServer()""]",tick_interval,literal
game/scripts/vscripts/heroes/WalkingDead/modifier_walking_dead_rot_curse_enemy.lua,27,27,modifier_walking_dead_rot_curse_enemy:OnCreated,GetSpecialValueFor,self:GetAbility(),"[""\""radius\""""]","[""IsServer()""]",radius,literal
game/scripts/vscripts/heroes/WalkingDead/modifier_walking_dead_rot_curse_enemy.lua,29,29,modifier_walking_dead_rot_curse_enemy:OnCreated,GetSpecialValueFor,self:GetAbility(),"[""\""break_distance\""""]","[""IsServer()""]",break_distance,literal
game/scripts/vscripts/heroes/WalkingDead/modifier_walking_dead_rot_curse_enemy.lua,30,30,modifier_walking_dead_rot_curse_enemy:OnCreated,GetSpecialValueFor,self:GetAbility(),"[""\""stun_duration\""""]","[""IsServer()""]",stun_duration,literal
game/scripts/vscripts/heroes/WalkingDead/modifier_walking_dead_vitality.lua,14,14,modifier_walking_dead_vitality:OnCreated,GetSpecialValueFor,self:GetAbility(),"[""\""incoming_damage_percentage\""""]",[],incoming_damage_percentage,literal
game/scripts/vscripts/heroes/WalkingDead/modifier_walking_dead_vitality.lua,15,15,modifier_walking_dead_vitality:OnCreated,GetSpecialValueFor,self:GetAbility(),"[""\""health_regen_per_charge\""""]",[],health_regen_per_charge,literal
game/scripts/vscripts/heroes/WalkingDead/modifier_walking_dead_vitality.lua,16,16,modifier_walking_dead_vitality:OnCreated,GetSpecialValueFor,self:GetAbility(),"[""\""charge_duration\""""]",[],charge_duration,literal
game/scripts/vscripts/heroes/WalkingDead/modifier_walking_dead_vitality.lua,22,22,modifier_walking_dead_vitality:OnRefresh,GetSpecialValueFor,self:GetAbility(),"[""\""incoming_damage_percentage\""""]",[],incoming_damage_percentage,literal
game/scripts/vscripts/heroes/WalkingDead/modifier_walking_dead_vitality.lua,23,23,modifier_walking_dead_vitality:OnRefresh,GetSpecialValueFor,self:GetAbility(),"[""\""health_regen_per_charge\""""]",[],health_regen_per_charge,literal
game/scripts/vscripts/heroes/WalkingDead/modifier_walking_dead_vitality_regen.lua,13,13,modifier_walking_dead_vitality_regen:OnCreated,GetSpecialValueFor,self:GetAbility(),"[""\""health_regeneration\""""]",[],health_regeneration,literal
game/scripts/vscripts/heroes/WalkingDead/walking_dead_cemetery_power.lua,6,6,walking_dead_cemetery_power:OnSpellStart,GetSpecialValueFor,self,"[""\""duration\""""]",[],duration,literal
game/scripts/vscripts/heroes/WalkingDead/walking_dead_decay.lua,8,8,walking_dead_decay:OnToggle,GetSpecialValueFor,self,"[""\""decay_duration\""""]",[],decay_duration,literal
game/scripts/vscripts/heroes/WalkingDead/walking_dead_decay.lua,12,12,walking_dead_decay:OnToggle,GetSpecialValueFor,self,"[""\""decay_duration\""""]","[""self:GetToggleState()""]",decay_duration,literal
game/scripts/vscripts/heroes/WalkingDead/walking_dead_decay.lua,17,17,walking_dead_decay:OnToggle,GetSpecialValueFor,self,"[""\""regeneration_duration\""""]","[""NOT (self:GetToggleState())""]",regeneration_duration,literal
game/scripts/vscripts/heroes/WalkingDead/walking_dead_rot_curse.lua,7,7,walking_dead_rot_curse:OnSpellStart,GetSpecialValueFor,self,"[""\""duration\""""]",[],duration,literal
game/scripts/vscripts/heroes/Wanderer/arcane_aura.lua,22,22,OnCast,GetSpecialValueFor,ability,"[""\""damage_val\""""]",[],damage_val,literal
game/scripts/vscripts/heroes/Wanderer/fog.lua,9,9,CloudSound,GetLevelSpecialValueFor,ability,"[""\""duration\"""", ""ability:GetLevel() - 1""]",[],duration,literal
game/scripts/vscripts/heroes/Wanderer/modifier_flow_of_life.lua,35,35,modifier_flow_of_life:OnCreated,GetSpecialValueFor,self:GetAbility(),"[""\""bonus_health_regen_scepter\""""]","[""self:GetCaster():HasScepter()""]",bonus_health_regen_scepter,literal
game/scripts/vscripts/heroes/Wanderer/modifier_flow_of_life.lua,36,36,modifier_flow_of_life:OnCreated,GetSpecialValueFor,self:GetAbility(),"[""\""bonus_mana_regen_scepter\""""]","[""self:GetCaster():HasScepter()""]",bonus_mana_regen_scepter,literal
game/scripts/vscripts/heroes/Wanderer/modifier_flow_of_life.lua,38,38,modifier_flow_of_life:OnCreated,GetSpecialValueFor,self:GetAbility(),"[""\""bonus_health_regen\""""]","[""NOT (self:GetCaster():HasScepter())""]",bonus_health_regen,literal
game/scripts/vscripts/heroes/Wanderer/modifier_flow_of_life.lua,39,39,modifier_flow_of_life:OnCreated,GetSpecialValueFor,self:GetAbility(),"[""\""bonus_mana_regen\""""]","[""NOT (self:GetCaster():HasScepter())""]",bonus_mana_regen,literal
game/scripts/vscripts/heroes/Wanderer/modifier_flow_of_life.lua,45,45,modifier_flow_of_life:OnRefresh,GetSpecialValueFor,self:GetAbility(),"[""\""bonus_health_regen_scepter\""""]","[""self:GetCaster():HasScepter()""]",bonus_health_regen_scepter,literal
game/scripts/vscripts/heroes/Wanderer/modifier_flow_of_life.lua,46,46,modifier_flow_of_life:OnRefresh,GetSpecialValueFor,self:GetAbility(),"[""\""bonus_mana_regen_scepter\""""]","[""self:GetCaster():HasScepter()""]",bonus_mana_regen_scepter,literal
game/scripts/vscripts/heroes/Wanderer/modifier_flow_of_life.lua,48,48,modifier_flow_of_life:OnRefresh,GetSpecialValueFor,self:GetAbility(),"[""\""bonus_health_regen\""""]","[""NOT (self:GetCaster():HasScepter())""]",bonus_health_regen,literal
game/scripts/vscripts/heroes/Wanderer/modifier_flow_of_life.lua,49,49,modifier_flow_of_life:OnRefresh,GetSpecialValueFor,self:GetAbility(),"[""\""bonus_mana_regen\""""]","[""NOT (self:GetCaster():HasScepter())""]",bonus_mana_regen,literal
game/scripts/vscripts/heroes/Wanderer/modifier_wanderer_arcane_aura.lua,50,50,modifier_wanderer_arcane_aura:OnCreated,GetSpecialValueFor,self:GetAbility(),"[""\""aura_radius\""""]",[],aura_radius,literal
game/scripts/vscripts/heroes/Wanderer/modifier_wanderer_arcane_aura.lua,51,51,modifier_wanderer_arcane_aura:OnCreated,GetSpecialValueFor,self:GetAbility(),"[""\""enemy_effect_radius\""""]",[],enemy_effect_radius,literal
game/scripts/vscripts/heroes/Wanderer/modifier_wanderer_arcane_aura.lua,52,52,modifier_wanderer_arcane_aura:OnCreated,GetSpecialValueFor,self:GetAbility(),"[""\""damage\""""]",[],damage,literal
game/scripts/vscripts/heroes/Wanderer/modifier_wanderer_arcane_aura.lua,53,53,modifier_wanderer_arcane_aura:OnCreated,GetSpecialValueFor,self:GetAbility(),"[""\""slow_duration\""""]",[],slow_duration,literal
game/scripts/vscripts/heroes/Wanderer/modifier_wanderer_arcane_aura.lua,59,59,modifier_wanderer_arcane_aura:OnRefresh,GetSpecialValueFor,self:GetAbility(),"[""\""aura_radius\""""]",[],aura_radius,literal
game/scripts/vscripts/heroes/Wanderer/modifier_wanderer_arcane_aura.lua,60,60,modifier_wanderer_arcane_aura:OnRefresh,GetSpecialValueFor,self:GetAbility(),"[""\""enemy_effect_radius\""""]",[],enemy_effect_radius,literal
game/scripts/vscripts/heroes/Wanderer/modifier_wanderer_arcane_aura.lua,61,61,modifier_wanderer_arcane_aura:OnRefresh,GetSpecialValueFor,self:GetAbility(),"[""\""damage\""""]",[],damage,literal
game/scripts/vscripts/heroes/Wanderer/modifier_wanderer_arcane_aura.lua,62,62,modifier_wanderer_arcane_aura:OnRefresh,GetSpecialValueFor,self:GetAbility(),"[""\""slow_duration\""""]",[],slow_duration,literal
game/scripts/vscripts/heroes/Wanderer/modifier_wanderer_arcane_aura_effect.lua,13,13,modifier_wanderer_arcane_aura_effect:OnCreated,GetSpecialValueFor,self:GetAbility(),"[""\""regen_mana_constant\""""]",[],regen_mana_constant,literal
game/scripts/vscripts/heroes/Wanderer/modifier_wanderer_arcane_aura_effect.lua,14,14,modifier_wanderer_arcane_aura_effect:OnCreated,GetSpecialValueFor,self:GetAbility(),"[""\""regen_mana_percent\""""]",[],regen_mana_percent,literal
game/scripts/vscripts/heroes/Wanderer/modifier_wanderer_arcane_aura_effect.lua,18,18,modifier_wanderer_arcane_aura_effect:OnRefresh,GetSpecialValueFor,self:GetAbility(),"[""\""regen_mana_constant\""""]",[],regen_mana_constant,literal
game/scripts/vscripts/heroes/Wanderer/modifier_wanderer_arcane_aura_effect.lua,19,19,modifier_wanderer_arcane_aura_effect:OnRefresh,GetSpecialValueFor,self:GetAbility(),"[""\""regen_mana_percent\""""]",[],regen_mana_percent,literal
game/scripts/vscripts/heroes/Wanderer/modifier_wanderer_arcane_aura_slow.lua,18,18,modifier_wanderer_arcane_aura_slow:OnCreated,GetSpecialValueFor,self:GetAbility(),"[""\""movement_slow_percentage\""""]",[],movement_slow_percentage,literal
game/scripts/vscripts/heroes/Wanderer/modifier_wanderer_arcane_aura_slow.lua,24,24,modifier_wanderer_arcane_aura_slow:OnRefresh,GetSpecialValueFor,self:GetAbility(),"[""\""movement_slow_percentage\""""]",[],movement_slow_percentage,literal
game/scripts/vscripts/heroes/Wanderer/wanderer_ghosts.lua,5,5,wanderer_ghosts:GetManaCost,GetLevelSpecialValueFor,self,"[""\""manacost_scepter\"""", ""iLevel""]","[""self:GetCaster():HasScepter()""]",manacost_scepter,literal
game/scripts/vscripts/heroes/Wanderer/wanderer_ghosts.lua,13,13,wanderer_ghosts:OnSpellStart,GetSpecialValueFor,self,"[""\""duration\""""]",[],duration,literal
game/scripts/vscripts/heroes/Wanderer/wanderer_ghosts.lua,14,14,wanderer_ghosts:OnSpellStart,GetSpecialValueFor,self,"[""\""ghosts_count\""""]",[],ghosts_count,literal
game/scripts/vscripts/heroes/Wanderer/wanderer_the_flow_of_life.lua,6,6,wanderer_the_flow_of_life:GetCooldown,GetLevelSpecialValueFor,self,"[""\""cooldown_scepter\"""", ""iLevel""]","[""self:GetCaster():HasScepter()""]",cooldown_scepter,literal
game/scripts/vscripts/heroes/Wanderer/wanderer_the_flow_of_life.lua,13,13,wanderer_the_flow_of_life:OnSpellStart,GetSpecialValueFor,self,"[""\""duration\""""]",[],duration,literal
game/scripts/vscripts/heroes/Warlock/firestorm.lua,35,35,RainOfFireWave,GetSpecialValueFor,ability,"[""\""radius\""""]",[],radius,literal
game/scripts/vscripts/heroes/Warlock/firestorm.lua,36,36,RainOfFireWave,GetLevelSpecialValueFor,ability,"[""\""wave_damage\"""", ""ability:GetLevel() - 1""]",[],wave_damage,literal
game/scripts/vscripts/heroes/Warlock/firestormOld.lua,14,14,firestormWave,GetLevelSpecialValueFor,ability,"[""\""radius\"""", ""(ability:GetLevel() - 1)""]",[],radius,literal
game/scripts/vscripts/heroes/Warlock/firestormOld.lua,15,15,firestormWave,GetLevelSpecialValueFor,ability,"[""\""exp_radius\"""", ""(ability:GetLevel() - 1)""]",[],exp_radius,literal
game/scripts/vscripts/heroes/Warlock/firestormOld.lua,24,24,firestormWave,GetLevelSpecialValueFor,ability,"[""\""wave_damage\"""", ""(ability:GetLevel() - 1)""]",[],wave_damage,literal
game/scripts/vscripts/heroes/Warlock/magicSplash.lua,15,15,MagicSplash,GetSpecialValueFor,ability,"[""\""damage\""""]",[],damage,literal
game/scripts/vscripts/heroes/Warlock/magicSplash.lua,16,16,MagicSplash,GetSpecialValueFor,ability,"[""\""radius\""""]",[],radius,literal
game/scripts/vscripts/heroes/Warlock/modifier_warlock_firestorm_burn.lua,12,12,modifier_warlock_firestorm_burn:OnCreated,GetSpecialValueFor,self:GetAbility(),"[""\""burn_interval\""""]",[],burn_interval,literal
game/scripts/vscripts/heroes/Warlock/modifier_warlock_firestorm_burn.lua,15,15,modifier_warlock_firestorm_burn:OnCreated,GetSpecialValueFor,self:GetAbility(),"[""\""burn_damage_scepter\""""]","[""self:GetCaster():HasScepter()""]",burn_damage_scepter,literal
game/scripts/vscripts/heroes/Warlock/modifier_warlock_firestorm_burn.lua,17,17,modifier_warlock_firestorm_burn:OnCreated,GetSpecialValueFor,self:GetAbility(),"[""\""burn_damage\""""]","[""NOT (self:GetCaster():HasScepter())""]",burn_damage,literal
game/scripts/vscripts/heroes/Warlock/modifier_warlock_firestorm_channel.lua,12,12,modifier_warlock_firestorm_channel:OnCreated,GetSpecialValueFor,self:GetAbility(),"[""\""wave_interval\""""]",[],wave_interval,literal
game/scripts/vscripts/heroes/Warlock/modifier_warlock_firestorm_channel.lua,13,13,modifier_warlock_firestorm_channel:OnCreated,GetSpecialValueFor,self:GetAbility(),"[""\""burn_duration\""""]",[],burn_duration,literal
game/scripts/vscripts/heroes/Warlock/modifier_warlock_firestorm_channel.lua,16,16,modifier_warlock_firestorm_channel:OnCreated,GetSpecialValueFor,self:GetAbility(),"[""\""wave_damage_scepter\""""]","[""self:GetCaster():HasScepter()""]",wave_damage_scepter,literal
game/scripts/vscripts/heroes/Warlock/modifier_warlock_firestorm_channel.lua,17,17,modifier_warlock_firestorm_channel:OnCreated,GetSpecialValueFor,self:GetAbility(),"[""\""radius_scepter\""""]","[""self:GetCaster():HasScepter()""]",radius_scepter,literal
game/scripts/vscripts/heroes/Warlock/modifier_warlock_firestorm_channel.lua,19,19,modifier_warlock_firestorm_channel:OnCreated,GetSpecialValueFor,self:GetAbility(),"[""\""wave_damage\""""]","[""NOT (self:GetCaster():HasScepter())""]",wave_damage,literal
game/scripts/vscripts/heroes/Warlock/modifier_warlock_firestorm_channel.lua,20,20,modifier_warlock_firestorm_channel:OnCreated,GetSpecialValueFor,self:GetAbility(),"[""\""radius\""""]","[""NOT (self:GetCaster():HasScepter())""]",radius,literal
game/scripts/vscripts/heroes/Warlock/warlock_firestorm.lua,7,7,warlock_firestorm:GetManaCost,GetLevelSpecialValueFor,self,"[""\""manacost_scepter\"""", ""iLevel""]","[""self:GetCaster():HasScepter()""]",manacost_scepter,literal
game/scripts/vscripts/heroes/Warlock/warlock_firestorm.lua,15,15,warlock_firestorm:GetAOERadius,GetSpecialValueFor,self,"[""\""radius_scepter\""""]","[""self:GetCaster():HasScepter()""]",radius_scepter,literal
game/scripts/vscripts/heroes/Warlock/warlock_firestorm.lua,18,18,warlock_firestorm:GetAOERadius,GetSpecialValueFor,self,"[""\""radius\""""]",[],radius,literal
game/scripts/vscripts/heroes/Warlock/warlock_firestorm.lua,22,22,warlock_firestorm:GetChannelTime,GetSpecialValueFor,self,"[""\""channel_time\""""]",[],channel_time,literal
game/scripts/vscripts/heroes/Warlock/warlock_firestorm.lua,34,34,warlock_firestorm:OnSpellStart,GetSpecialValueFor,self,"[""\""channel_time\""""]",[],channel_time,literal
game/scripts/vscripts/heroes/Warlock/warlock_storm.lua,5,5,warlock_storm:GetManaCost,GetLevelSpecialValueFor,self,"[""\""manacost_scepter\"""", ""iLevel""]","[""self:GetCaster():HasScepter()""]",manacost_scepter,literal
game/scripts/vscripts/heroes/Warlock/warlock_storm.lua,12,12,warlock_storm:GetAOERadius,GetSpecialValueFor,self,"[""\""radius\""""]",[],radius,literal
game/scripts/vscripts/heroes/Warlock/warlock_storm.lua,16,16,warlock_storm:OnSpellStart,GetSpecialValueFor,self,"[""\""radius\""""]",[],radius,literal
game/scripts/vscripts/heroes/Warlock/warlock_storm.lua,20,20,warlock_storm:OnSpellStart,GetSpecialValueFor,self,"[""\""damage_scepter\""""]","[""self:GetCaster():HasScepter()""]",damage_scepter,literal
game/scripts/vscripts/heroes/Warlock/warlock_storm.lua,22,22,warlock_storm:OnSpellStart,GetSpecialValueFor,self,"[""\""damage\""""]","[""NOT (self:GetCaster():HasScepter())""]",damage,literal
game/scripts/vscripts/heroes/WarriorOfLight/modifier_warrior_of_light_holy_power.lua,18,18,modifier_warrior_of_light_holy_power:OnCreated,GetSpecialValueFor,self:GetAbility(),"[""\""block_chance\""""]",[],block_chance,literal
game/scripts/vscripts/heroes/WarriorOfLight/modifier_warrior_of_light_holy_power.lua,28,28,modifier_warrior_of_light_holy_power:OnRefresh,GetSpecialValueFor,self:GetAbility(),"[""\""block_chance\""""]",[],block_chance,literal
game/scripts/vscripts/heroes/WarriorOfLight/modifier_warrior_of_light_will_light.lua,25,25,modifier_warrior_of_light_will_light:OnTakeDamage,GetSpecialValueFor,self:GetAbility(),"[""\""AuraRadius\""""]","[""params.unit == self:GetParent() and not params.unit:IsIllusion() and not (params.damage_flags % (2 * DOTA_DAMAGE_FLAG_REFLECTION) >= DOTA_DAMAGE_FLAG_REFLECTION)""]",AuraRadius,literal
game/scripts/vscripts/heroes/WarriorOfLight/modifier_warrior_of_light_will_light.lua,26,26,modifier_warrior_of_light_will_light:OnTakeDamage,GetSpecialValueFor,self:GetAbility(),"[""\""absord_proc\""""]","[""params.unit == self:GetParent() and not params.unit:IsIllusion() and not (params.damage_flags % (2 * DOTA_DAMAGE_FLAG_REFLECTION) >= DOTA_DAMAGE_FLAG_REFLECTION)""]",absord_proc,literal
game/scripts/vscripts/heroes/WitchDoctor/Discharge.lua,6,6,Discharge,GetSpecialValueFor,ability,"[""\""air_time\""""]",[],air_time,literal
game/scripts/vscripts/heroes/WitchDoctor/Discharge.lua,10,10,Discharge,GetLevelSpecialValueFor,ability,"[""\""damage\"""", ""ability:GetLevel() - 1""]","[""v:GetTeamNumber() ~= caster:GetTeamNumber()""]",damage,literal
game/scripts/vscripts/heroes/WitchDoctor/Discharge.lua,18,18,Discharge,GetLevelSpecialValueFor,ability,"[""\""heal\"""", ""ability:GetLevel() - 1""]","[""NOT (v:GetTeamNumber() ~= caster:GetTeamNumber())""]",heal,literal
game/scripts/vscripts/heroes/WitchDoctor/modifier_witch_doctor_frost_armor_buff.lua,12,12,modifier_witch_doctor_frost_armor_buff:OnCreated,GetSpecialValueFor,self:GetAbility(),"[""\""slow_duration\""""]",[],slow_duration,literal
game/scripts/vscripts/heroes/WitchDoctor/modifier_witch_doctor_frost_armor_buff.lua,15,15,modifier_witch_doctor_frost_armor_buff:OnCreated,GetSpecialValueFor,self:GetAbility(),"[""\""armor_bonus_scepter\""""]","[""self:GetCaster():HasScepter()""]",armor_bonus_scepter,literal
game/scripts/vscripts/heroes/WitchDoctor/modifier_witch_doctor_frost_armor_buff.lua,17,17,modifier_witch_doctor_frost_armor_buff:OnCreated,GetSpecialValueFor,self:GetAbility(),"[""\""armor_bonus\""""]","[""NOT (self:GetCaster():HasScepter())""]",armor_bonus,literal
game/scripts/vscripts/heroes/WitchDoctor/modifier_witch_doctor_frost_armor_buff.lua,23,23,modifier_witch_doctor_frost_armor_buff:OnRefresh,GetSpecialValueFor,self:GetAbility(),"[""\""armor_bonus_scepter\""""]","[""self:GetCaster():HasScepter()""]",armor_bonus_scepter,literal
game/scripts/vscripts/heroes/WitchDoctor/modifier_witch_doctor_frost_armor_buff.lua,25,25,modifier_witch_doctor_frost_armor_buff:OnRefresh,GetSpecialValueFor,self:GetAbility(),"[""\""armor_bonus\""""]","[""NOT (self:GetCaster():HasScepter())""]",armor_bonus,literal
game/scripts/vscripts/heroes/WitchDoctor/modifier_witch_doctor_frost_armor_debuff.lua,18,18,modifier_witch_doctor_frost_armor_debuff:OnCreated,GetSpecialValueFor,self:GetAbility(),"[""\""movement_slow_percent\""""]",[],movement_slow_percent,literal
game/scripts/vscripts/heroes/WitchDoctor/modifier_witch_doctor_frost_armor_debuff.lua,19,19,modifier_witch_doctor_frost_armor_debuff:OnCreated,GetSpecialValueFor,self:GetAbility(),"[""\""attack_slow\""""]",[],attack_slow,literal
game/scripts/vscripts/heroes/WitchDoctor/witch_doctor_frost_armor.lua,8,8,witch_doctor_frost_armor:GetManaCost,GetLevelSpecialValueFor,self,"[""\""manacost_scepter\"""", ""iLevel""]","[""self:GetCaster():HasScepter()""]",manacost_scepter,literal
game/scripts/vscripts/heroes/WitchDoctor/witch_doctor_frost_armor.lua,18,18,witch_doctor_frost_armor:OnSpellStart,GetSpecialValueFor,self,"[""\""duration_scepter\""""]","[""IsServer()"", ""self:GetCaster():HasScepter()""]",duration_scepter,literal
game/scripts/vscripts/heroes/WitchDoctor/witch_doctor_frost_armor.lua,20,20,witch_doctor_frost_armor:OnSpellStart,GetSpecialValueFor,self,"[""\""duration\""""]","[""IsServer()"", ""NOT (self:GetCaster():HasScepter())""]",duration,literal
game/scripts/vscripts/heroes/WitchDoctor/witch_doctor_negative_energy.lua,4,4,witch_doctor_negative_energy:OnSpellStart,GetSpecialValueFor,self,"[""\""speed\""""]",[],speed,literal
game/scripts/vscripts/heroes/WitchDoctor/witch_doctor_negative_energy.lua,5,5,witch_doctor_negative_energy:OnSpellStart,GetSpecialValueFor,self,"[""\""projectile_distance\""""]",[],projectile_distance,literal
game/scripts/vscripts/heroes/WitchDoctor/witch_doctor_negative_energy.lua,6,6,witch_doctor_negative_energy:OnSpellStart,GetSpecialValueFor,self,"[""\""start_width\""""]",[],start_width,literal
game/scripts/vscripts/heroes/WitchDoctor/witch_doctor_negative_energy.lua,7,7,witch_doctor_negative_energy:OnSpellStart,GetSpecialValueFor,self,"[""\""end_width\""""]",[],end_width,literal
game/scripts/vscripts/heroes/WitchDoctor/witch_doctor_negative_energy.lua,42,42,witch_doctor_negative_energy:OnProjectileHit,GetSpecialValueFor,self,"[""\""damage_scepter\""""]","[""hTarget ~= nil and (not hTarget:IsMagicImmune()) and (not hTarget:IsInvulnerable())"", ""self:GetCaster():HasScepter()""]",damage_scepter,literal
game/scripts/vscripts/heroes/WitchDoctor/witch_doctor_negative_energy.lua,44,44,witch_doctor_negative_energy:OnProjectileHit,GetSpecialValueFor,self,"[""\""damage\""""]","[""hTarget ~= nil and (not hTarget:IsMagicImmune()) and (not hTarget:IsInvulnerable())"", ""NOT (self:GetCaster():HasScepter())""]",damage,literal
game/scripts/vscripts/items/BattleAxe.lua,16,16,Bash,GetSpecialValueFor,ability,"[""\""bash_damage\""""]","[""IsActiveBash(modifier)""]",bash_damage,literal
game/scripts/vscripts/items/BattleAxe.lua,21,21,Bash,GetSpecialValueFor,ability,"[""\""bash_stun\""""]","[""IsActiveBash(modifier)""]",bash_stun,literal
game/scripts/vscripts/items/BattleAxe.lua,30,30,IsActiveBash,GetSpecialValueFor,ability,"[""\""bash_chance\""""]",[],bash_chance,literal
game/scripts/vscripts/items/BattleAxe.lua,35,35,IsActiveBash,GetSpecialValueFor,modAbility,"[""\""bash_chance\""""]",[],bash_chance,literal
game/scripts/vscripts/items/BattleAxe.lua,36,36,IsActiveBash,GetSpecialValueFor,modAbility,"[""\""bash_chance\""""]","[""modAbility and modAbility ~= ability and modAbility:GetSpecialValueFor(\""bash_chance\"")""]",bash_chance,literal
game/scripts/vscripts/items/Boar.lua,4,4,SpawnBoar,GetSpecialValueFor,event.ability,"[""\""duration\""""]",[],duration,literal
game/scripts/vscripts/items/BookOfTheDeath.lua,4,4,SpawnSkeletons,GetSpecialValueFor,event.ability,"[""\""duration\""""]",[],duration,literal
game/scripts/vscripts/items/Crusher.lua,19,19,ChainLightning,GetSpecialValueFor,ability,"[""\""lightning_cooldown\""""]","[""not target:IsMagicImmune()"", ""ability:IsCooldownReady()""]",lightning_cooldown,literal
game/scripts/vscripts/items/Crusher.lua,23,23,ChainLightning,GetLevelSpecialValueFor,ability,"[""\""lightning_damage\"""", ""ability:GetLevel() - 1""]","[""not target:IsMagicImmune()""]",lightning_damage,literal
game/scripts/vscripts/items/Crusher.lua,24,24,ChainLightning,GetLevelSpecialValueFor,ability,"[""\""lightning_bounces\"""", ""ability:GetLevel() - 1""]","[""not target:IsMagicImmune()""]",lightning_bounces,literal
game/scripts/vscripts/items/Crusher.lua,25,25,ChainLightning,GetLevelSpecialValueFor,ability,"[""\""bounce_range\"""", ""ability:GetLevel() - 1""]","[""not target:IsMagicImmune()""]",bounce_range,literal
game/scripts/vscripts/items/Crusher.lua,26,26,ChainLightning,GetLevelSpecialValueFor,ability,"[""\""lightning_decay\"""", ""ability:GetLevel() - 1""]","[""not target:IsMagicImmune()""]",lightning_decay,literal
game/scripts/vscripts/items/Crusher.lua,27,27,ChainLightning,GetLevelSpecialValueFor,ability,"[""\""time_between_bounces\"""", ""ability:GetLevel() - 1""]","[""not target:IsMagicImmune()""]",time_between_bounces,literal
game/scripts/vscripts/items/FireGloves.lua,16,16,Immolation,GetLevelSpecialValueFor,ability,"[""\""damage_per_second\"""", ""ability:GetLevel() - 1""]",[],damage_per_second,literal
game/scripts/vscripts/items/FireGloves.lua,17,17,Immolation,GetLevelSpecialValueFor,ability,"[""\""mana_cost_per_second\"""", ""ability:GetLevel() - 1""]",[],mana_cost_per_second,literal
game/scripts/vscripts/items/GloveOfPain.lua,12,12,HeavenlyPunishment,GetLevelSpecialValueFor,ability,"[""\""radius\"""", ""ability_level""]",[],radius,literal
game/scripts/vscripts/items/GloveOfPain.lua,13,13,HeavenlyPunishment,GetLevelSpecialValueFor,ability,"[""\""think_interval\"""", ""ability_level""]",[],think_interval,literal
game/scripts/vscripts/items/GloveOfPain.lua,14,14,HeavenlyPunishment,GetLevelSpecialValueFor,ability,"[""\""damage\"""", ""ability_level""]",[],damage,literal
game/scripts/vscripts/items/Hammer.lua,11,11,Bash,GetSpecialValueFor,ability,"[""\""bash_damage\""""]",[],bash_damage,literal
game/scripts/vscripts/items/Hammer.lua,17,17,Bash,GetSpecialValueFor,ability,"[""\""bash_stun\""""]",[],bash_stun,literal
game/scripts/vscripts/items/hammer_of_titans.lua,6,6,OnSuccess,GetSpecialValueFor,ability,"[""\""duration\""""]",[],duration,literal
game/scripts/vscripts/items/hammer_of_titans.lua,7,7,OnSuccess,GetSpecialValueFor,ability,"[""\""cleave_radius\""""]",[],cleave_radius,literal
game/scripts/vscripts/items/hammer_of_titans.lua,17,17,OnSuccess,GetSpecialValueFor,ability,"[""\""bash_damage\""""]",[],bash_damage,literal
game/scripts/vscripts/items/hammer_of_titans.lua,23,23,OnSuccess,GetSpecialValueFor,ability,"[""\""bash_stun\""""]",[],bash_stun,literal
game/scripts/vscripts/items/hammer_of_titans.lua,38,38,OnSuccess,GetSpecialValueFor,ability,"[""\""cleave_percent\""""]","[""caster:GetAttackCapability() == DOTA_UNIT_CAP_MELEE_ATTACK""]",cleave_percent,literal
game/scripts/vscripts/items/hammer_of_titans.lua,49,49,OnSuccess,GetSpecialValueFor,ability,"[""\""splash_percent_ranged\""""]","[""NOT (caster:GetAttackCapability() == DOTA_UNIT_CAP_MELEE_ATTACK)"", ""caster:GetAttackCapability() == DOTA_UNIT_CAP_RANGED_ATTACK""]",splash_percent_ranged,literal
game/scripts/vscripts/items/HellMask.lua,4,4,SpawnHellBeast,GetSpecialValueFor,event.ability,"[""\""creep_duration\""""]",[],creep_duration,literal
game/scripts/vscripts/items/HyperBoots.lua,22,22,LifeBreak,GetLevelSpecialValueFor,ability,"[""\""charge_speed\"""", ""(ability:GetLevel() - 1)""]",[],charge_speed,literal
game/scripts/vscripts/items/HyperBoots.lua,52,52,DoDamage,GetSpecialValueFor,ability,"[""\""damage\""""]",[],damage,literal
game/scripts/vscripts/items/HyperBoots.lua,54,54,DoDamage,GetSpecialValueFor,ability,"[""\""radius\""""]",[],radius,literal
game/scripts/vscripts/items/HyperBoots.lua,67,67,DoDamage,GetSpecialValueFor,ability,"[""\""stun_duration\""""]","[""v:GetTeamNumber() ~= caster:GetTeamNumber()""]",stun_duration,literal
game/scripts/vscripts/items/HyperBoots.lua,120,120,JumpHorizonal,GetLevelSpecialValueFor,ability,"[""\""max_distance\"""", ""ability:GetLevel() - 1""]",[],max_distance,literal
game/scripts/vscripts/items/item_lia_alanith_spear.lua,35,35,modifier_item_lia_alanith_spear:OnRefresh,GetSpecialValueFor,self.ability,"[""\""bonus_damage\""""]",[],bonus_damage,literal
game/scripts/vscripts/items/item_lia_alanith_spear.lua,36,36,modifier_item_lia_alanith_spear:OnRefresh,GetSpecialValueFor,self.ability,"[""\""lifesteal_percent\""""]",[],lifesteal_percent,literal
game/scripts/vscripts/items/item_lia_armor_of_the_red_mist.lua,12,12,item_lia_armor_of_the_red_mist:OnSpellStart,GetSpecialValueFor,self,"[""\""radius\""""]",[],radius,literal
game/scripts/vscripts/items/item_lia_armor_of_the_red_mist.lua,13,13,item_lia_armor_of_the_red_mist:OnSpellStart,GetSpecialValueFor,self,"[""\""duration\""""]",[],duration,literal
game/scripts/vscripts/items/item_lia_armor_of_the_red_mist.lua,31,31,item_lia_armor_of_the_red_mist:OnSpellStart,GetSpecialValueFor,self,"[""\""damage\""""]",[],damage,literal
game/scripts/vscripts/items/item_lia_banner_of_victory.lua,55,55,modifier_banner_of_victory:OnCreated,GetSpecialValueFor,self:GetAbility(),"[""\""aura_radius\""""]",[],aura_radius,literal
game/scripts/vscripts/items/item_lia_banner_of_victory.lua,97,97,modifier_banner_of_victory_aura_effect:OnCreated,GetSpecialValueFor,self:GetAbility(),"[""\""aura_lifesteal_percent\""""]",[],aura_lifesteal_percent,literal
game/scripts/vscripts/items/item_lia_banner_of_victory.lua,98,98,modifier_banner_of_victory_aura_effect:OnCreated,GetSpecialValueFor,self:GetAbility(),"[""\""aura_armor\""""]",[],aura_armor,literal
game/scripts/vscripts/items/item_lia_battle_javelin.lua,44,44,modifier_battle_javelin:OnCreated,GetSpecialValueFor,self:GetAbility(),"[""\""pierce_chance\""""]",[],pierce_chance,literal
game/scripts/vscripts/items/item_lia_battle_javelin.lua,45,45,modifier_battle_javelin:OnCreated,GetSpecialValueFor,self:GetAbility(),"[""\""bonus_damage\""""]",[],bonus_damage,literal
game/scripts/vscripts/items/item_lia_battle_javelin.lua,46,46,modifier_battle_javelin:OnCreated,GetSpecialValueFor,self:GetAbility(),"[""\""bonus_attack_speed\""""]",[],bonus_attack_speed,literal
game/scripts/vscripts/items/item_lia_blade_of_incorporeality.lua,11,11,item_lia_blade_of_incorporeality:OnSpellStart,GetSpecialValueFor,self,"[""\""active_duration\""""]","[""IsServer()""]",active_duration,literal
game/scripts/vscripts/items/item_lia_blade_of_incorporeality.lua,70,70,modifier_blade_of_incorporeality:OnCreated,GetSpecialValueFor,self:GetAbility(),"[""\""bonus_armor\""""]",[],bonus_armor,literal
game/scripts/vscripts/items/item_lia_blade_of_incorporeality.lua,71,71,modifier_blade_of_incorporeality:OnCreated,GetSpecialValueFor,self:GetAbility(),"[""\""bonus_agility\""""]",[],bonus_agility,literal
game/scripts/vscripts/items/item_lia_blade_of_incorporeality.lua,72,72,modifier_blade_of_incorporeality:OnCreated,GetSpecialValueFor,self:GetAbility(),"[""\""bonus_damage\""""]",[],bonus_damage,literal
game/scripts/vscripts/items/item_lia_blade_of_incorporeality.lua,73,73,modifier_blade_of_incorporeality:OnCreated,GetSpecialValueFor,self:GetAbility(),"[""\""bonus_attack_speed\""""]",[],bonus_attack_speed,literal
game/scripts/vscripts/items/item_lia_blade_of_incorporeality.lua,74,74,modifier_blade_of_incorporeality:OnCreated,GetSpecialValueFor,self:GetAbility(),"[""\""evasion\""""]",[],evasion,literal
game/scripts/vscripts/items/item_lia_blade_of_incorporeality.lua,75,75,modifier_blade_of_incorporeality:OnCreated,GetSpecialValueFor,self:GetAbility(),"[""\""active_evasion\""""]",[],active_evasion,literal
game/scripts/vscripts/items/item_lia_blade_of_incorporeality.lua,120,120,modifier_blade_of_incorporeality_active:OnCreated,GetSpecialValueFor,self:GetAbility(),"[""\""active_evasion\""""]",[],active_evasion,literal
game/scripts/vscripts/items/item_lia_blade_of_rage_agi.lua,10,10,item_lia_blade_of_rage_agi:OnSpellStart,GetSpecialValueFor,self,"[""\""duration\""""]",[],duration,literal
game/scripts/vscripts/items/item_lia_blade_of_rage_agi.lua,52,52,modifier_item_lia_blade_of_rage_agi:OnCreated,GetSpecialValueFor,self:GetAbility(),"[""\""bonus_damage\""""]",[],bonus_damage,literal
game/scripts/vscripts/items/item_lia_blade_of_rage_agi.lua,53,53,modifier_item_lia_blade_of_rage_agi:OnCreated,GetSpecialValueFor,self:GetAbility(),"[""\""bonus_agility\""""]",[],bonus_agility,literal
game/scripts/vscripts/items/item_lia_blade_of_rage_agi.lua,54,54,modifier_item_lia_blade_of_rage_agi:OnCreated,GetSpecialValueFor,self:GetAbility(),"[""\""bonus_attack_speed\""""]",[],bonus_attack_speed,literal
game/scripts/vscripts/items/item_lia_blade_of_rage_agi.lua,88,88,modifier_item_lia_blade_of_rage_agi_active:OnCreated,GetSpecialValueFor,self:GetAbility(),"[""\""agi_percent\""""]","[""IsServer()""]",agi_percent,literal
game/scripts/vscripts/items/item_lia_blade_of_rage_int.lua,10,10,item_lia_blade_of_rage_int:OnSpellStart,GetSpecialValueFor,self,"[""\""duration\""""]",[],duration,literal
game/scripts/vscripts/items/item_lia_blade_of_rage_int.lua,52,52,modifier_item_lia_blade_of_rage_int:OnCreated,GetSpecialValueFor,self:GetAbility(),"[""\""bonus_damage\""""]",[],bonus_damage,literal
game/scripts/vscripts/items/item_lia_blade_of_rage_int.lua,53,53,modifier_item_lia_blade_of_rage_int:OnCreated,GetSpecialValueFor,self:GetAbility(),"[""\""bonus_intellect\""""]",[],bonus_intellect,literal
game/scripts/vscripts/items/item_lia_blade_of_rage_int.lua,54,54,modifier_item_lia_blade_of_rage_int:OnCreated,GetSpecialValueFor,self:GetAbility(),"[""\""bonus_attack_speed\""""]",[],bonus_attack_speed,literal
game/scripts/vscripts/items/item_lia_blade_of_rage_int.lua,88,88,modifier_item_lia_blade_of_rage_int_active:OnCreated,GetSpecialValueFor,self:GetAbility(),"[""\""int_percent\""""]","[""IsServer()""]",int_percent,literal
game/scripts/vscripts/items/item_lia_blade_of_rage_str.lua,10,10,item_lia_blade_of_rage_str:OnSpellStart,GetSpecialValueFor,self,"[""\""duration\""""]",[],duration,literal
game/scripts/vscripts/items/item_lia_blade_of_rage_str.lua,52,52,modifier_item_lia_blade_of_rage_str:OnCreated,GetSpecialValueFor,self:GetAbility(),"[""\""bonus_damage\""""]",[],bonus_damage,literal
game/scripts/vscripts/items/item_lia_blade_of_rage_str.lua,53,53,modifier_item_lia_blade_of_rage_str:OnCreated,GetSpecialValueFor,self:GetAbility(),"[""\""bonus_strength\""""]",[],bonus_strength,literal
game/scripts/vscripts/items/item_lia_blade_of_rage_str.lua,54,54,modifier_item_lia_blade_of_rage_str:OnCreated,GetSpecialValueFor,self:GetAbility(),"[""\""bonus_attack_speed\""""]",[],bonus_attack_speed,literal
game/scripts/vscripts/items/item_lia_blade_of_rage_str.lua,88,88,modifier_item_lia_blade_of_rage_str_active:OnCreated,GetSpecialValueFor,self:GetAbility(),"[""\""str_percent\""""]","[""IsServer()""]",str_percent,literal
game/scripts/vscripts/items/item_lia_blood_blade.lua,12,12,item_lia_blood_blade:OnSpellStart,GetSpecialValueFor,self,"[""\""healtsteal_percent\""""]",[],healtsteal_percent,literal
game/scripts/vscripts/items/item_lia_blood_blade.lua,13,13,item_lia_blood_blade:OnSpellStart,GetSpecialValueFor,self,"[""\""healtsteal_radius\""""]",[],healtsteal_radius,literal
game/scripts/vscripts/items/item_lia_blood_blade.lua,14,14,item_lia_blood_blade:OnSpellStart,GetSpecialValueFor,self,"[""\""healtsteal_limit\""""]",[],healtsteal_limit,literal
game/scripts/vscripts/items/item_lia_blood_blade.lua,15,15,item_lia_blood_blade:OnSpellStart,GetSpecialValueFor,self,"[""\""healtsteal_max_damage\""""]",[],healtsteal_max_damage,literal
game/scripts/vscripts/items/item_lia_blood_blade.lua,76,76,modifier_item_lia_blood_blade:OnRefresh,GetSpecialValueFor,self.ability,"[""\""bonus_damage\""""]",[],bonus_damage,literal
game/scripts/vscripts/items/item_lia_blood_blade.lua,77,77,modifier_item_lia_blood_blade:OnRefresh,GetSpecialValueFor,self.ability,"[""\""lifesteal_percent\""""]",[],lifesteal_percent,literal
game/scripts/vscripts/items/item_lia_blood_moon.lua,29,29,modifier_item_lia_blood_moon:OnCreated,GetSpecialValueFor,self.ability,"[""\""bonus_damage\""""]",[],bonus_damage,literal
game/scripts/vscripts/items/item_lia_blood_moon.lua,30,30,modifier_item_lia_blood_moon:OnCreated,GetSpecialValueFor,self.ability,"[""\""bonus_strength\""""]",[],bonus_strength,literal
game/scripts/vscripts/items/item_lia_blood_moon.lua,31,31,modifier_item_lia_blood_moon:OnCreated,GetSpecialValueFor,self.ability,"[""\""bonus_attack_speed\""""]",[],bonus_attack_speed,literal
game/scripts/vscripts/items/item_lia_blood_moon.lua,82,82,modifier_item_lia_blood_moon_cleave:OnCreated,GetSpecialValueFor,self.ability,"[""\""cleave_percent\""""]",[],cleave_percent,literal
game/scripts/vscripts/items/item_lia_blood_moon.lua,83,83,modifier_item_lia_blood_moon_cleave:OnCreated,GetSpecialValueFor,self.ability,"[""\""cleave_start_width\""""]",[],cleave_start_width,literal
game/scripts/vscripts/items/item_lia_blood_moon.lua,84,84,modifier_item_lia_blood_moon_cleave:OnCreated,GetSpecialValueFor,self.ability,"[""\""cleave_end_width\""""]",[],cleave_end_width,literal
game/scripts/vscripts/items/item_lia_blood_moon.lua,85,85,modifier_item_lia_blood_moon_cleave:OnCreated,GetSpecialValueFor,self.ability,"[""\""cleave_length\""""]",[],cleave_length,literal
game/scripts/vscripts/items/item_lia_boots_of_invisibility.lua,13,13,item_lia_boots_of_invisibility:OnSpellStart,GetSpecialValueFor,self,"[""\""duration\""""]",[],duration,literal
game/scripts/vscripts/items/item_lia_boots_of_invisibility.lua,36,36,modifier_item_lia_boots_of_invisibility:OnCreated,GetSpecialValueFor,self:GetAbility(),"[""\""bonus_movement_speed\""""]",[],bonus_movement_speed,literal
game/scripts/vscripts/items/item_lia_boots_of_invisibility.lua,69,69,modifier_item_lia_boots_of_invisibility_active:GetModifierMoveSpeedBonus_Percentage,GetSpecialValueFor,self:GetAbility(),"[""\""invis_movespeed_percent\""""]",[],invis_movespeed_percent,literal
game/scripts/vscripts/items/item_lia_boots_of_invisibility.lua,85,85,modifier_item_lia_boots_of_invisibility_active:OnAttackLanded,GetSpecialValueFor,self:GetAbility(),"[""\""invis_damage\""""]","[""params.attacker == self:GetParent()""]",invis_damage,literal
game/scripts/vscripts/items/item_lia_bounty_hunters_crossbow.lua,12,12,item_lia_bounty_hunters_crossbow:OnSpellStart,GetSpecialValueFor,self,"[""\""active_duration\""""]","[""IsServer()""]",active_duration,literal
game/scripts/vscripts/items/item_lia_bounty_hunters_crossbow.lua,52,52,modifier_bounty_hunters_crossbow:OnCreated,GetSpecialValueFor,self:GetAbility(),"[""\""pierce_chance\""""]",[],pierce_chance,literal
game/scripts/vscripts/items/item_lia_bounty_hunters_crossbow.lua,53,53,modifier_bounty_hunters_crossbow:OnCreated,GetSpecialValueFor,self:GetAbility(),"[""\""bonus_damage\""""]",[],bonus_damage,literal
game/scripts/vscripts/items/item_lia_bounty_hunters_crossbow.lua,54,54,modifier_bounty_hunters_crossbow:OnCreated,GetSpecialValueFor,self:GetAbility(),"[""\""bonus_attack_speed\""""]",[],bonus_attack_speed,literal
game/scripts/vscripts/items/item_lia_bounty_hunters_crossbow.lua,55,55,modifier_bounty_hunters_crossbow:OnCreated,GetSpecialValueFor,self:GetAbility(),"[""\""bonus_agility\""""]",[],bonus_agility,literal
game/scripts/vscripts/items/item_lia_bounty_hunters_crossbow.lua,142,142,modifier_bounty_hunters_crossbow_true_strike_active:OnCreated,GetSpecialValueFor,self:GetAbility(),"[""\""active_pierce_chance\""""]",[],active_pierce_chance,literal
game/scripts/vscripts/items/item_lia_ferus_shield.lua,16,16,item_lia_ferus_shield:OnSpellStart,GetSpecialValueFor,self,"[""\""panic_radius\""""]",[],panic_radius,literal
game/scripts/vscripts/items/item_lia_ferus_shield.lua,23,23,item_lia_ferus_shield:OnSpellStart,GetSpecialValueFor,self,"[""\""panic_duration\""""]",[],panic_duration,literal
game/scripts/vscripts/items/item_lia_ferus_shield.lua,99,99,modifier_ferus_shield:OnCreated,GetSpecialValueFor,self:GetAbility(),"[""\""aura_radius\""""]",[],aura_radius,literal
game/scripts/vscripts/items/item_lia_ferus_shield.lua,100,100,modifier_ferus_shield:OnCreated,GetSpecialValueFor,self:GetAbility(),"[""\""bonus_damage\""""]",[],bonus_damage,literal
game/scripts/vscripts/items/item_lia_ferus_shield.lua,101,101,modifier_ferus_shield:OnCreated,GetSpecialValueFor,self:GetAbility(),"[""\""bonus_health\""""]",[],bonus_health,literal
game/scripts/vscripts/items/item_lia_ferus_shield.lua,148,148,modifier_ferus_shield_aura_effect:OnCreated,GetSpecialValueFor,self:GetAbility(),"[""\""aura_lifesteal_percent\""""]",[],aura_lifesteal_percent,literal
game/scripts/vscripts/items/item_lia_ferus_shield.lua,149,149,modifier_ferus_shield_aura_effect:OnCreated,GetSpecialValueFor,self:GetAbility(),"[""\""aura_armor\""""]",[],aura_armor,literal
game/scripts/vscripts/items/item_lia_ferus_shield.lua,150,150,modifier_ferus_shield_aura_effect:OnCreated,GetSpecialValueFor,self:GetAbility(),"[""\""aura_regen\""""]",[],aura_regen,literal
game/scripts/vscripts/items/item_lia_fire_rod.lua,10,10,item_lia_fire_rod:OnSpellStart,GetSpecialValueFor,self,"[""\""wave_range\""""]",[],wave_range,literal
game/scripts/vscripts/items/item_lia_fire_rod.lua,11,11,item_lia_fire_rod:OnSpellStart,GetSpecialValueFor,self,"[""\""wave_width\""""]",[],wave_width,literal
game/scripts/vscripts/items/item_lia_fire_rod.lua,12,12,item_lia_fire_rod:OnSpellStart,GetSpecialValueFor,self,"[""\""wave_speed\""""]",[],wave_speed,literal
game/scripts/vscripts/items/item_lia_fire_rod.lua,46,46,item_lia_fire_rod:OnProjectileHit,GetSpecialValueFor,self,"[""\""wave_damage\""""]","[""hTarget ~= nil and (not hTarget:IsMagicImmune()) and (not hTarget:IsInvulnerable())""]",wave_damage,literal
game/scripts/vscripts/items/item_lia_fire_rod.lua,86,86,modifier_item_lia_fire_rod:OnRefresh,GetSpecialValueFor,self.ability,"[""\""bonus_damage\""""]",[],bonus_damage,literal
game/scripts/vscripts/items/item_lia_fire_rod.lua,87,87,modifier_item_lia_fire_rod:OnRefresh,GetSpecialValueFor,self.ability,"[""\""bonus_mana\""""]",[],bonus_mana,literal
game/scripts/vscripts/items/item_lia_fire_rod.lua,88,88,modifier_item_lia_fire_rod:OnRefresh,GetSpecialValueFor,self.ability,"[""\""radius\""""]",[],radius,literal
game/scripts/vscripts/items/item_lia_hammer_of_titans.lua,29,29,modifier_item_lia_hammer_of_titans:OnCreated,GetSpecialValueFor,self.ability,"[""\""bonus_damage\""""]",[],bonus_damage,literal
game/scripts/vscripts/items/item_lia_hammer_of_titans.lua,30,30,modifier_item_lia_hammer_of_titans:OnCreated,GetSpecialValueFor,self.ability,"[""\""bonus_strength\""""]",[],bonus_strength,literal
game/scripts/vscripts/items/item_lia_hammer_of_titans.lua,31,31,modifier_item_lia_hammer_of_titans:OnCreated,GetSpecialValueFor,self.ability,"[""\""bonus_agility\""""]",[],bonus_agility,literal
game/scripts/vscripts/items/item_lia_hammer_of_titans.lua,32,32,modifier_item_lia_hammer_of_titans:OnCreated,GetSpecialValueFor,self.ability,"[""\""bonus_intelligence\""""]",[],bonus_intelligence,literal
game/scripts/vscripts/items/item_lia_hammer_of_titans.lua,34,34,modifier_item_lia_hammer_of_titans:OnCreated,GetSpecialValueFor,self.ability,"[""\""slow_duration\""""]",[],slow_duration,literal
game/scripts/vscripts/items/item_lia_hammer_of_titans.lua,38,38,modifier_item_lia_hammer_of_titans:OnCreated,GetSpecialValueFor,self.ability,"[""\""cleave_percent\""""]","[""IsServer()"", ""self.parent:GetAttackCapability() == DOTA_UNIT_CAP_MELEE_ATTACK""]",cleave_percent,literal
game/scripts/vscripts/items/item_lia_hammer_of_titans.lua,39,39,modifier_item_lia_hammer_of_titans:OnCreated,GetSpecialValueFor,self.ability,"[""\""cleave_start_width\""""]","[""IsServer()"", ""self.parent:GetAttackCapability() == DOTA_UNIT_CAP_MELEE_ATTACK""]",cleave_start_width,literal
game/scripts/vscripts/items/item_lia_hammer_of_titans.lua,40,40,modifier_item_lia_hammer_of_titans:OnCreated,GetSpecialValueFor,self.ability,"[""\""cleave_end_width\""""]","[""IsServer()"", ""self.parent:GetAttackCapability() == DOTA_UNIT_CAP_MELEE_ATTACK""]",cleave_end_width,literal
game/scripts/vscripts/items/item_lia_hammer_of_titans.lua,41,41,modifier_item_lia_hammer_of_titans:OnCreated,GetSpecialValueFor,self.ability,"[""\""cleave_length\""""]","[""IsServer()"", ""self.parent:GetAttackCapability() == DOTA_UNIT_CAP_MELEE_ATTACK""]",cleave_length,literal
game/scripts/vscripts/items/item_lia_hammer_of_titans.lua,43,43,modifier_item_lia_hammer_of_titans:OnCreated,GetSpecialValueFor,self.ability,"[""\""splash_percent_ranged\""""]","[""IsServer()"", ""NOT (self.parent:GetAttackCapability() == DOTA_UNIT_CAP_MELEE_ATTACK)"", ""self.parent:GetAttackCapability() == DOTA_UNIT_CAP_RANGED_ATTACK""]",splash_percent_ranged,literal
game/scripts/vscripts/items/item_lia_hammer_of_titans.lua,44,44,modifier_item_lia_hammer_of_titans:OnCreated,GetSpecialValueFor,self.ability,"[""\""splash_radius\""""]","[""IsServer()"", ""NOT (self.parent:GetAttackCapability() == DOTA_UNIT_CAP_MELEE_ATTACK)"", ""self.parent:GetAttackCapability() == DOTA_UNIT_CAP_RANGED_ATTACK""]",splash_radius,literal
game/scripts/vscripts/items/item_lia_hammer_of_titans.lua,47,47,modifier_item_lia_hammer_of_titans:OnCreated,GetSpecialValueFor,self:GetAbility(),"[""\""minibash_chance\""""]","[""IsServer()""]",minibash_chance,literal
game/scripts/vscripts/items/item_lia_hammer_of_titans.lua,129,129,modifier_item_lia_hammer_of_titans_debuff:OnCreated,GetSpecialValueFor,self:GetAbility(),"[""\""attack_speed_slow\""""]",[],attack_speed_slow,literal
game/scripts/vscripts/items/item_lia_hammer_of_titans.lua,130,130,modifier_item_lia_hammer_of_titans_debuff:OnCreated,GetSpecialValueFor,self:GetAbility(),"[""\""movement_slow_percentage\""""]",[],movement_slow_percentage,literal
game/scripts/vscripts/items/item_lia_healing_ward.lua,5,5,item_lia_healing_ward:OnSpellStart,GetSpecialValueFor,self,"[""\""duration\""""]",[],duration,literal
game/scripts/vscripts/items/item_lia_health_elixir.lua,15,15,item_lia_health_elixir:OnSpellStart,GetSpecialValueFor,self,"[""\""heal_amount\""""]",[],heal_amount,literal
game/scripts/vscripts/items/item_lia_health_stone_potion.lua,20,20,item_lia_health_stone_potion:OnSpellStart,GetSpecialValueFor,self,"[""\""heal_amount\""""]",[],heal_amount,literal
game/scripts/vscripts/items/item_lia_health_stone_potion.lua,63,63,modifier_item_lia_health_stone_potion:OnCreated,GetSpecialValueFor,self:GetAbility(),"[""\""bonus_health_regen\""""]",[],bonus_health_regen,literal
game/scripts/vscripts/items/item_lia_huge_axe.lua,29,29,modifier_item_lia_huge_axe:OnCreated,GetSpecialValueFor,self.ability,"[""\""bonus_damage\""""]",[],bonus_damage,literal
game/scripts/vscripts/items/item_lia_huge_axe.lua,30,30,modifier_item_lia_huge_axe:OnCreated,GetSpecialValueFor,self.ability,"[""\""bonus_strength\""""]",[],bonus_strength,literal
game/scripts/vscripts/items/item_lia_huge_axe.lua,76,76,modifier_item_lia_huge_axe_cleave:OnCreated,GetSpecialValueFor,self.ability,"[""\""cleave_percent\""""]",[],cleave_percent,literal
game/scripts/vscripts/items/item_lia_huge_axe.lua,77,77,modifier_item_lia_huge_axe_cleave:OnCreated,GetSpecialValueFor,self.ability,"[""\""cleave_start_width\""""]",[],cleave_start_width,literal
game/scripts/vscripts/items/item_lia_huge_axe.lua,78,78,modifier_item_lia_huge_axe_cleave:OnCreated,GetSpecialValueFor,self.ability,"[""\""cleave_end_width\""""]",[],cleave_end_width,literal
game/scripts/vscripts/items/item_lia_huge_axe.lua,79,79,modifier_item_lia_huge_axe_cleave:OnCreated,GetSpecialValueFor,self.ability,"[""\""cleave_length\""""]",[],cleave_length,literal
game/scripts/vscripts/items/item_lia_hyper_boots.lua,44,44,item_lia_hyper_boots:OnSpellStart,GetSpecialValueFor,self,"[""\""charge_speed\""""]","[""IsServer()""]",charge_speed,literal
game/scripts/vscripts/items/item_lia_hyper_boots.lua,104,104,modifier_hyper_boots_movespeed:OnCreated,GetSpecialValueFor,self:GetAbility(),"[""\""bonus_movement_speed\""""]",[],bonus_movement_speed,literal
game/scripts/vscripts/items/item_lia_ice_sword.lua,15,15,item_lia_ice_sword:OnSpellStart,GetSpecialValueFor,self,"[""\""freeze_duration\""""]",[],freeze_duration,literal
game/scripts/vscripts/items/item_lia_ice_sword.lua,16,16,item_lia_ice_sword:OnSpellStart,GetSpecialValueFor,self,"[""\""freeze_damage\""""]",[],freeze_damage,literal
game/scripts/vscripts/items/item_lia_ice_sword.lua,17,17,item_lia_ice_sword:OnSpellStart,GetSpecialValueFor,self,"[""\""freeze_radius\""""]",[],freeze_radius,literal
game/scripts/vscripts/items/item_lia_ice_sword.lua,61,61,modifier_item_lia_ice_sword:OnRefresh,GetSpecialValueFor,self.ability,"[""\""bonus_damage\""""]",[],bonus_damage,literal
game/scripts/vscripts/items/item_lia_ice_sword.lua,62,62,modifier_item_lia_ice_sword:OnRefresh,GetSpecialValueFor,self.ability,"[""\""bonus_mana\""""]",[],bonus_mana,literal
game/scripts/vscripts/items/item_lia_ice_sword.lua,63,63,modifier_item_lia_ice_sword:OnRefresh,GetSpecialValueFor,self.ability,"[""\""aura_radius\""""]",[],aura_radius,literal
game/scripts/vscripts/items/item_lia_ice_sword.lua,64,64,modifier_item_lia_ice_sword:OnRefresh,GetSpecialValueFor,self.ability,"[""\""orb_duration\""""]",[],orb_duration,literal
game/scripts/vscripts/items/item_lia_ice_sword.lua,130,130,modifier_item_lia_ice_sword_aura_effect:OnCreated,GetSpecialValueFor,self.ability,"[""\""aura_attack_speed\""""]",[],aura_attack_speed,literal
game/scripts/vscripts/items/item_lia_ice_sword.lua,131,131,modifier_item_lia_ice_sword_aura_effect:OnCreated,GetSpecialValueFor,self.ability,"[""\""aura_movement_speed\""""]",[],aura_movement_speed,literal
game/scripts/vscripts/items/item_lia_ice_sword.lua,157,157,modifier_item_lia_ice_sword_slow:OnCreated,GetSpecialValueFor,self.ability,"[""\""orb_movespeed_slow\""""]",[],orb_movespeed_slow,literal
game/scripts/vscripts/items/item_lia_ice_sword.lua,158,158,modifier_item_lia_ice_sword_slow:OnCreated,GetSpecialValueFor,self.ability,"[""\""orb_attack_slow\""""]",[],orb_attack_slow,literal
game/scripts/vscripts/items/item_lia_knight_cuirass.lua,11,11,item_lia_knight_cuirass:OnSpellStart,GetSpecialValueFor,self,"[""\""duration\""""]",[],duration,literal
game/scripts/vscripts/items/item_lia_knight_cuirass.lua,125,125,modifier_item_lia_knight_cuirass:OnCreated,GetSpecialValueFor,self:GetAbility(),"[""\""bonus_health\""""]",[],bonus_health,literal
game/scripts/vscripts/items/item_lia_knight_cuirass.lua,126,126,modifier_item_lia_knight_cuirass:OnCreated,GetSpecialValueFor,self:GetAbility(),"[""\""bonus_armor\""""]",[],bonus_armor,literal
game/scripts/vscripts/items/item_lia_knight_cuirass.lua,127,127,modifier_item_lia_knight_cuirass:OnCreated,GetSpecialValueFor,self:GetAbility(),"[""\""bonus_health_regen\""""]",[],bonus_health_regen,literal
game/scripts/vscripts/items/item_lia_knight_cuirass.lua,128,128,modifier_item_lia_knight_cuirass:OnCreated,GetSpecialValueFor,self:GetAbility(),"[""\""damage_return\""""]",[],damage_return,literal
game/scripts/vscripts/items/item_lia_knight_cuirass.lua,129,129,modifier_item_lia_knight_cuirass:OnCreated,GetSpecialValueFor,self:GetAbility(),"[""\""damage_return_abi\""""]",[],damage_return_abi,literal
game/scripts/vscripts/items/item_lia_knight_shield.lua,10,10,item_lia_knight_shield:OnSpellStart,GetSpecialValueFor,self,"[""\""duration\""""]",[],duration,literal
game/scripts/vscripts/items/item_lia_knight_shield.lua,112,112,modifier_item_lia_knight_shield:OnCreated,GetSpecialValueFor,self:GetAbility(),"[""\""bonus_health\""""]",[],bonus_health,literal
game/scripts/vscripts/items/item_lia_knight_shield.lua,113,113,modifier_item_lia_knight_shield:OnCreated,GetSpecialValueFor,self:GetAbility(),"[""\""bonus_armor\""""]",[],bonus_armor,literal
game/scripts/vscripts/items/item_lia_knight_shield.lua,115,115,modifier_item_lia_knight_shield:OnCreated,GetSpecialValueFor,self:GetAbility(),"[""\""damage_return\""""]",[],damage_return,literal
game/scripts/vscripts/items/item_lia_lunar_necklace.lua,12,12,item_lia_lunar_necklace:OnSpellStart,GetSpecialValueFor,self,"[""\""duration\""""]",[],duration,literal
game/scripts/vscripts/items/item_lia_lunar_necklace.lua,69,69,modifier_item_lia_lunar_necklace:OnCreated,GetSpecialValueFor,self:GetAbility(),"[""\""bonus_all_stats\""""]",[],bonus_all_stats,literal
game/scripts/vscripts/items/item_lia_lunar_necklace.lua,70,70,modifier_item_lia_lunar_necklace:OnCreated,GetSpecialValueFor,self:GetAbility(),"[""\""bonus_all_stats\""""]",[],bonus_all_stats,literal
game/scripts/vscripts/items/item_lia_lunar_necklace.lua,71,71,modifier_item_lia_lunar_necklace:OnCreated,GetSpecialValueFor,self:GetAbility(),"[""\""bonus_all_stats\""""]",[],bonus_all_stats,literal
game/scripts/vscripts/items/item_lia_lunar_necklace.lua,72,72,modifier_item_lia_lunar_necklace:OnCreated,GetSpecialValueFor,self:GetAbility(),"[""\""bonus_health\""""]",[],bonus_health,literal
game/scripts/vscripts/items/item_lia_lunar_necklace.lua,73,73,modifier_item_lia_lunar_necklace:OnCreated,GetSpecialValueFor,self:GetAbility(),"[""\""bonus_mana\""""]",[],bonus_mana,literal
game/scripts/vscripts/items/item_lia_lunar_necklace.lua,122,122,modifier_item_lia_lunar_necklace_active:OnCreated,GetSpecialValueFor,self:GetAbility(),"[""\""stat_percent\""""]","[""IsServer()""]",stat_percent,literal
game/scripts/vscripts/items/item_lia_lunar_necklace.lua,123,123,modifier_item_lia_lunar_necklace_active:OnCreated,GetSpecialValueFor,self:GetAbility(),"[""\""stat_bonus_max\""""]","[""IsServer()""]",stat_bonus_max,literal
game/scripts/vscripts/items/item_lia_lunar_necklace.lua,133,133,modifier_item_lia_lunar_necklace_active:OnCreated,GetSpecialValueFor,self:GetAbility(),"[""\""bonus_magic_resist_percentage_active\""""]","[""IsServer()""]",bonus_magic_resist_percentage_active,literal
game/scripts/vscripts/items/item_lia_magician_armor.lua,25,25,modifier_item_lia_magician_armor:OnCreated,GetSpecialValueFor,self:GetAbility(),"[""\""bonus_armor\""""]",[],bonus_armor,literal
game/scripts/vscripts/items/item_lia_magician_armor.lua,26,26,modifier_item_lia_magician_armor:OnCreated,GetSpecialValueFor,self:GetAbility(),"[""\""bonus_health\""""]",[],bonus_health,literal
game/scripts/vscripts/items/item_lia_magician_armor.lua,27,27,modifier_item_lia_magician_armor:OnCreated,GetSpecialValueFor,self:GetAbility(),"[""\""bonus_intelligence\""""]",[],bonus_intelligence,literal
game/scripts/vscripts/items/item_lia_magician_armor.lua,28,28,modifier_item_lia_magician_armor:OnCreated,GetSpecialValueFor,self:GetAbility(),"[""\""bonus_mana_regeneration\""""]",[],bonus_mana_regeneration,literal
game/scripts/vscripts/items/item_lia_magician_armor.lua,29,29,modifier_item_lia_magician_armor:OnCreated,GetSpecialValueFor,self:GetAbility(),"[""\""bonus_spell_damage_percentage\""""]",[],bonus_spell_damage_percentage,literal
game/scripts/vscripts/items/item_lia_magician_armor.lua,30,30,modifier_item_lia_magician_armor:OnCreated,GetSpecialValueFor,self:GetAbility(),"[""\""bonus_debuff_duration_percentage\""""]",[],bonus_debuff_duration_percentage,literal
game/scripts/vscripts/items/item_lia_mana_elixir.lua,15,15,item_lia_mana_elixir:OnSpellStart,GetSpecialValueFor,self,"[""\""mana_amount\""""]",[],mana_amount,literal
game/scripts/vscripts/items/item_lia_mana_stone_potion.lua,20,20,item_lia_mana_stone_potion:OnSpellStart,GetSpecialValueFor,self,"[""\""mana_amount\""""]",[],mana_amount,literal
game/scripts/vscripts/items/item_lia_mana_stone_potion.lua,63,63,modifier_item_lia_mana_stone_potion:OnCreated,GetSpecialValueFor,self:GetAbility(),"[""\""bonus_mana_regen\""""]",[],bonus_mana_regen,literal
game/scripts/vscripts/items/item_lia_mask_of_death.lua,34,34,modifier_item_lia_mask_of_death:OnRefresh,GetSpecialValueFor,self.ability,"[""\""lifesteal_percent\""""]",[],lifesteal_percent,literal
game/scripts/vscripts/items/item_lia_mithril_armor.lua,12,12,item_lia_mithril_armor:OnSpellStart,GetSpecialValueFor,self,"[""\""radius\""""]",[],radius,literal
game/scripts/vscripts/items/item_lia_mithril_armor.lua,13,13,item_lia_mithril_armor:OnSpellStart,GetSpecialValueFor,self,"[""\""duration\""""]",[],duration,literal
game/scripts/vscripts/items/item_lia_orb_of_fire.lua,32,32,modifier_item_lia_orb_of_fire:OnRefresh,GetSpecialValueFor,self.ability,"[""\""bonus_damage\""""]",[],bonus_damage,literal
game/scripts/vscripts/items/item_lia_orb_of_fire.lua,33,33,modifier_item_lia_orb_of_fire:OnRefresh,GetSpecialValueFor,self.ability,"[""\""radius\""""]",[],radius,literal
game/scripts/vscripts/items/item_lia_orb_of_frost.lua,35,35,modifier_item_lia_orb_of_frost:OnRefresh,GetSpecialValueFor,self.ability,"[""\""bonus_damage\""""]",[],bonus_damage,literal
game/scripts/vscripts/items/item_lia_orb_of_frost.lua,36,36,modifier_item_lia_orb_of_frost:OnRefresh,GetSpecialValueFor,self.ability,"[""\""bonus_mana\""""]",[],bonus_mana,literal
game/scripts/vscripts/items/item_lia_orb_of_frost.lua,37,37,modifier_item_lia_orb_of_frost:OnRefresh,GetSpecialValueFor,self.ability,"[""\""aura_radius\""""]",[],aura_radius,literal
game/scripts/vscripts/items/item_lia_orb_of_frost.lua,38,38,modifier_item_lia_orb_of_frost:OnRefresh,GetSpecialValueFor,self.ability,"[""\""orb_duration\""""]",[],orb_duration,literal
game/scripts/vscripts/items/item_lia_orb_of_frost.lua,104,104,modifier_item_lia_orb_of_frost_aura_effect:OnCreated,GetSpecialValueFor,self.ability,"[""\""aura_attack_speed\""""]",[],aura_attack_speed,literal
game/scripts/vscripts/items/item_lia_orb_of_frost.lua,105,105,modifier_item_lia_orb_of_frost_aura_effect:OnCreated,GetSpecialValueFor,self.ability,"[""\""aura_movement_speed\""""]",[],aura_movement_speed,literal
game/scripts/vscripts/items/item_lia_orb_of_frost.lua,131,131,modifier_item_lia_orb_of_frost_slow:OnCreated,GetSpecialValueFor,self.ability,"[""\""orb_movespeed_slow\""""]",[],orb_movespeed_slow,literal
game/scripts/vscripts/items/item_lia_orb_of_frost.lua,132,132,modifier_item_lia_orb_of_frost_slow:OnCreated,GetSpecialValueFor,self.ability,"[""\""orb_attack_slow\""""]",[],orb_attack_slow,literal
game/scripts/vscripts/items/item_lia_pure_light.lua,18,18,item_lia_pure_light:OnSpellStart,GetSpecialValueFor,self,"[""\""totem_duration\""""]",[],totem_duration,literal
game/scripts/vscripts/items/item_lia_spherical_staff.lua,9,9,item_ultimate_scepter:GetAOERadius,GetSpecialValueFor,self,"[""\""radius\""""]",[],radius,literal
game/scripts/vscripts/items/item_lia_spherical_staff.lua,16,16,item_ultimate_scepter:OnSpellStart,GetSpecialValueFor,self,"[""\""radius\""""]",[],radius,literal
game/scripts/vscripts/items/item_lia_spherical_staff.lua,17,17,item_ultimate_scepter:OnSpellStart,GetSpecialValueFor,self,"[""\""damage\""""]",[],damage,literal
game/scripts/vscripts/items/item_lia_spherical_staff.lua,18,18,item_ultimate_scepter:OnSpellStart,GetSpecialValueFor,self,"[""\""stun_duration\""""]",[],stun_duration,literal
game/scripts/vscripts/items/item_lia_spherical_staff.lua,19,19,item_ultimate_scepter:OnSpellStart,GetSpecialValueFor,self,"[""\""infernal_duration\""""]",[],infernal_duration,literal
game/scripts/vscripts/items/item_lia_spider_ring.lua,23,23,modifier_item_lia_spider_ring:OnCreated,GetSpecialValueFor,self.ability,"[""\""duration\""""]",[],duration,literal
game/scripts/vscripts/items/item_lia_spider_ring.lua,46,46,modifier_item_lia_spider_ring_debuff:OnCreated,GetSpecialValueFor,self:GetAbility(),"[""\""armor_reduction\""""]",[],armor_reduction,literal
game/scripts/vscripts/items/item_lia_staff_of_life.lua,11,11,item_lia_staff_of_life:GetAOERadius,GetSpecialValueFor,self,"[""\""ability_radius\""""]",[],ability_radius,literal
game/scripts/vscripts/items/item_lia_staff_of_life.lua,15,15,item_lia_staff_of_life:OnSpellStart,GetSpecialValueFor,self,"[""\""ability_radius\""""]",[],ability_radius,literal
game/scripts/vscripts/items/item_lia_staff_of_life.lua,17,17,item_lia_staff_of_life:OnSpellStart,GetSpecialValueFor,self,"[""\""ability_duration\""""]",[],ability_duration,literal
game/scripts/vscripts/items/item_lia_top_lover.lua,11,11,item_lia_top_lover:OnSpellStart,GetSpecialValueFor,self,"[""\""duration\""""]",[],duration,literal
game/scripts/vscripts/items/item_lia_top_lover.lua,52,52,modifier_item_lia_top_lover:OnCreated,GetSpecialValueFor,self:GetAbility(),"[""\""bonus_health\""""]",[],bonus_health,literal
game/scripts/vscripts/items/item_lia_top_lover.lua,53,53,modifier_item_lia_top_lover:OnCreated,GetSpecialValueFor,self:GetAbility(),"[""\""bonus_armor\""""]",[],bonus_armor,literal
game/scripts/vscripts/items/item_lia_top_lover.lua,54,54,modifier_item_lia_top_lover:OnCreated,GetSpecialValueFor,self:GetAbility(),"[""\""bonus_intelligence\""""]",[],bonus_intelligence,literal
game/scripts/vscripts/items/item_lia_top_lover.lua,55,55,modifier_item_lia_top_lover:OnCreated,GetSpecialValueFor,self:GetAbility(),"[""\""damage_return\""""]",[],damage_return,literal
game/scripts/vscripts/items/item_lia_top_lover.lua,56,56,modifier_item_lia_top_lover:OnCreated,GetSpecialValueFor,self:GetAbility(),"[""\""bonus_intelligence\""""]",[],bonus_intelligence,literal
game/scripts/vscripts/items/item_lia_top_lover.lua,57,57,modifier_item_lia_top_lover:OnCreated,GetSpecialValueFor,self:GetAbility(),"[""\""eros_charge_limit\""""]",[],eros_charge_limit,literal
game/scripts/vscripts/items/item_lia_top_lover.lua,58,58,modifier_item_lia_top_lover:OnCreated,GetSpecialValueFor,self:GetAbility(),"[""\""eros_dmg_per_charge\""""]",[],eros_dmg_per_charge,literal
game/scripts/vscripts/items/item_lia_top_lover.lua,59,59,modifier_item_lia_top_lover:OnCreated,GetSpecialValueFor,self:GetAbility(),"[""\""eros_duration\""""]",[],eros_duration,literal
game/scripts/vscripts/items/item_lia_top_lover.lua,202,202,modifier_item_lia_top_lover_ability:OnCreated,GetSpecialValueFor,self:GetAbility(),"[""\""damage_absorb\""""]","[""IsServer()""]",damage_absorb,literal
game/scripts/vscripts/items/item_lia_widow_boots.lua,16,16,item_lia_widow_boots:OnSpellStart,GetSpecialValueFor,self,"[""\""invis_duration\""""]",[],invis_duration,literal
game/scripts/vscripts/items/item_lia_widow_boots.lua,44,44,modifier_item_lia_widow_boots:OnCreated,GetSpecialValueFor,self.ability,"[""\""debuff_duration\""""]",[],debuff_duration,literal
game/scripts/vscripts/items/item_lia_widow_boots.lua,55,55,modifier_item_lia_widow_boots:GetModifierPreAttack_BonusDamage,GetSpecialValueFor,self:GetAbility(),"[""\""bonus_attack_damage\""""]",[],bonus_attack_damage,literal
game/scripts/vscripts/items/item_lia_widow_boots.lua,59,59,modifier_item_lia_widow_boots:GetModifierMoveSpeedBonus_Special_Boots,GetSpecialValueFor,self:GetAbility(),"[""\""bonus_movement_speed\""""]",[],bonus_movement_speed,literal
game/scripts/vscripts/items/item_lia_widow_boots.lua,84,84,modifier_item_lia_widow_boots_debuff:OnCreated,GetSpecialValueFor,self:GetAbility(),"[""\""armor_reduction\""""]",[],armor_reduction,literal
game/scripts/vscripts/items/item_lia_widow_boots.lua,91,91,modifier_item_lia_widow_boots_debuff:OnRefresh,GetSpecialValueFor,self:GetAbility(),"[""\""max_stacks\""""]",[],max_stacks,literal
game/scripts/vscripts/items/item_lia_widow_boots.lua,171,171,modifier_item_lia_widow_boots_active:OnIntervalThink,GetSpecialValueFor,ability,"[""\""debuff_duration\""""]","[""not unit:HasModifier(\""modifier_item_lia_widow_boots_pass_mark\"")""]",debuff_duration,literal
game/scripts/vscripts/items/item_lia_widow_boots.lua,187,187,modifier_item_lia_widow_boots_active:GetModifierMoveSpeedBonus_Percentage,GetSpecialValueFor,self:GetAbility(),"[""\""invis_movespeed_percent\""""]",[],invis_movespeed_percent,literal
game/scripts/vscripts/items/item_lia_widow_boots.lua,207,207,modifier_item_lia_widow_boots_active:OnAttackLanded,GetSpecialValueFor,self:GetAbility(),"[""\""invis_bonus_damage\""""]","[""params.target and IsValidEntity(params.target)""]",invis_bonus_damage,literal
game/scripts/vscripts/items/LightningSpear.lua,16,16,ChainLightning,GetLevelSpecialValueFor,ability,"[""\""lightning_damage\"""", ""ability:GetLevel() - 1""]",[],lightning_damage,literal
game/scripts/vscripts/items/LightningSpear.lua,17,17,ChainLightning,GetLevelSpecialValueFor,ability,"[""\""lightning_bounces\"""", ""ability:GetLevel() - 1""]",[],lightning_bounces,literal
game/scripts/vscripts/items/LightningSpear.lua,18,18,ChainLightning,GetLevelSpecialValueFor,ability,"[""\""bounce_range\"""", ""ability:GetLevel() - 1""]",[],bounce_range,literal
game/scripts/vscripts/items/LightningSpear.lua,19,19,ChainLightning,GetLevelSpecialValueFor,ability,"[""\""lightning_decay\"""", ""ability:GetLevel() - 1""]",[],lightning_decay,literal
game/scripts/vscripts/items/LightningSpear.lua,20,20,ChainLightning,GetLevelSpecialValueFor,ability,"[""\""time_between_bounces\"""", ""ability:GetLevel() - 1""]",[],time_between_bounces,literal
game/scripts/vscripts/items/modifier_armor_of_the_red_mist.lua,27,27,modifier_armor_of_the_red_mist:OnCreated,GetSpecialValueFor,self:GetAbility(),"[""\""bonus_health\""""]",[],bonus_health,literal
game/scripts/vscripts/items/modifier_armor_of_the_red_mist.lua,28,28,modifier_armor_of_the_red_mist:OnCreated,GetSpecialValueFor,self:GetAbility(),"[""\""bonus_armor\""""]",[],bonus_armor,literal
game/scripts/vscripts/items/modifier_armor_of_the_red_mist.lua,29,29,modifier_armor_of_the_red_mist:OnCreated,GetSpecialValueFor,self:GetAbility(),"[""\""damage_blocked\""""]",[],damage_blocked,literal
game/scripts/vscripts/items/modifier_armor_of_the_red_mist.lua,30,30,modifier_armor_of_the_red_mist:OnCreated,GetSpecialValueFor,self:GetAbility(),"[""\""bonus_magic_resist_percentage\""""]",[],bonus_magic_resist_percentage,literal
game/scripts/vscripts/items/modifier_armor_of_the_red_mist_buff.lua,20,20,modifier_armor_of_the_red_mist_buff:OnCreated,GetSpecialValueFor,self:GetAbility(),"[""\""active_armor\""""]",[],active_armor,literal
game/scripts/vscripts/items/modifier_fire_gloves.lua,36,36,modifier_fire_gloves:OnCreated,GetSpecialValueFor,self:GetAbility(),"[""\""bonus_damage\""""]",[],bonus_damage,literal
game/scripts/vscripts/items/modifier_fire_gloves.lua,37,37,modifier_fire_gloves:OnCreated,GetSpecialValueFor,self:GetAbility(),"[""\""bonus_mana\""""]",[],bonus_mana,literal
game/scripts/vscripts/items/modifier_fire_gloves.lua,38,38,modifier_fire_gloves:OnCreated,GetSpecialValueFor,self:GetAbility(),"[""\""bonus_attack_speed\""""]",[],bonus_attack_speed,literal
game/scripts/vscripts/items/modifier_fire_gloves_immolation.lua,23,23,modifier_fire_gloves_immolation:OnCreated,GetSpecialValueFor,self:GetAbility(),"[""\""mana_cost_per_second\""""]","[""IsServer()""]",mana_cost_per_second,literal
game/scripts/vscripts/items/modifier_fire_gloves_immolation.lua,24,24,modifier_fire_gloves_immolation:OnCreated,GetSpecialValueFor,self:GetAbility(),"[""\""damage_per_second\""""]","[""IsServer()""]",damage_per_second,literal
game/scripts/vscripts/items/modifier_fire_gloves_immolation.lua,25,25,modifier_fire_gloves_immolation:OnCreated,GetSpecialValueFor,self:GetAbility(),"[""\""radius\""""]","[""IsServer()""]",radius,literal
game/scripts/vscripts/items/modifier_item_lia_enchanted_shield.lua,26,26,modifier_item_lia_enchanted_shield:OnCreated,GetSpecialValueFor,self:GetAbility(),"[""\""bonus_health\""""]",[],bonus_health,literal
game/scripts/vscripts/items/modifier_item_lia_enchanted_shield.lua,27,27,modifier_item_lia_enchanted_shield:OnCreated,GetSpecialValueFor,self:GetAbility(),"[""\""bonus_armor\""""]",[],bonus_armor,literal
game/scripts/vscripts/items/modifier_item_lia_enchanted_shield.lua,28,28,modifier_item_lia_enchanted_shield:OnCreated,GetSpecialValueFor,self:GetAbility(),"[""\""damage_block\""""]",[],damage_block,literal
game/scripts/vscripts/items/modifier_item_lia_enchanted_shield.lua,31,31,modifier_item_lia_enchanted_shield:OnCreated,GetSpecialValueFor,self:GetAbility(),"[""\""block_chance\""""]","[""IsServer()""]",block_chance,literal
game/scripts/vscripts/items/modifier_item_lia_enchanted_shield.lua,36,36,modifier_item_lia_enchanted_shield:OnRefresh,GetSpecialValueFor,self:GetAbility(),"[""\""bonus_health\""""]",[],bonus_health,literal
game/scripts/vscripts/items/modifier_item_lia_enchanted_shield.lua,37,37,modifier_item_lia_enchanted_shield:OnRefresh,GetSpecialValueFor,self:GetAbility(),"[""\""bonus_armor\""""]",[],bonus_armor,literal
game/scripts/vscripts/items/modifier_item_lia_enchanted_shield.lua,38,38,modifier_item_lia_enchanted_shield:OnRefresh,GetSpecialValueFor,self:GetAbility(),"[""\""damage_block\""""]",[],damage_block,literal
game/scripts/vscripts/items/modifier_item_lia_enchanted_shield.lua,41,41,modifier_item_lia_enchanted_shield:OnRefresh,GetSpecialValueFor,self:GetAbility(),"[""\""block_chance\""""]","[""IsServer()""]",block_chance,literal
game/scripts/vscripts/items/modifier_item_shield_of_death_armor.lua,21,21,modifier_item_shield_of_death_armor:OnCreated,GetSpecialValueFor,self:GetAbility(),"[""\""active_armor\""""]",[],active_armor,literal
game/scripts/vscripts/items/modifier_mithril_armor.lua,26,26,modifier_mithril_armor:OnCreated,GetSpecialValueFor,self:GetAbility(),"[""\""bonus_health\""""]",[],bonus_health,literal
game/scripts/vscripts/items/modifier_mithril_armor.lua,27,27,modifier_mithril_armor:OnCreated,GetSpecialValueFor,self:GetAbility(),"[""\""bonus_armor\""""]",[],bonus_armor,literal
game/scripts/vscripts/items/modifier_mithril_armor.lua,28,28,modifier_mithril_armor:OnCreated,GetSpecialValueFor,self:GetAbility(),"[""\""damage_blocked\""""]",[],damage_blocked,literal
game/scripts/vscripts/items/modifier_pure_light.lua,59,59,modifier_pure_light:OnCreated,GetSpecialValueFor,self:GetAbility(),"[""\""bonus_mana\""""]",[],bonus_mana,literal
game/scripts/vscripts/items/modifier_pure_light.lua,60,60,modifier_pure_light:OnCreated,GetSpecialValueFor,self:GetAbility(),"[""\""bonus_intelligence\""""]",[],bonus_intelligence,literal
game/scripts/vscripts/items/modifier_pure_light.lua,61,61,modifier_pure_light:OnCreated,GetSpecialValueFor,self:GetAbility(),"[""\""aura_radius\""""]",[],aura_radius,literal
game/scripts/vscripts/items/modifier_pure_light_aura.lua,28,28,modifier_pure_light_aura:OnCreated,GetSpecialValueFor,self:GetAbility(),"[""\""aura_mana_regen\""""]",[],aura_mana_regen,literal
game/scripts/vscripts/items/modifier_pure_light_aura.lua,29,29,modifier_pure_light_aura:OnCreated,GetSpecialValueFor,self:GetAbility(),"[""\""aura_health_regen\""""]",[],aura_health_regen,literal
game/scripts/vscripts/items/modifier_pure_light_protection.lua,26,26,modifier_pure_light_protection:OnCreated,GetSpecialValueFor,self:GetAbility(),"[""\""totem_damage_reduction\""""]",[],totem_damage_reduction,literal
game/scripts/vscripts/items/modifier_pure_light_thinker.lua,42,42,modifier_pure_light_thinker:OnIntervalThink,GetSpecialValueFor,ability,"[""\""totem_radius\""""]","[""IsServer()""]",totem_radius,literal
game/scripts/vscripts/items/modifier_pure_light_thinker.lua,43,43,modifier_pure_light_thinker:OnIntervalThink,GetSpecialValueFor,ability,"[""\""totem_targets\""""]","[""IsServer()""]",totem_targets,literal
game/scripts/vscripts/items/modifier_spellbreaker.lua,29,29,modifier_spellbreaker:OnCreated,GetSpecialValueFor,ability,"[""\""bonus_health\""""]",[],bonus_health,literal
game/scripts/vscripts/items/modifier_spellbreaker.lua,30,30,modifier_spellbreaker:OnCreated,GetSpecialValueFor,ability,"[""\""bonus_armor\""""]",[],bonus_armor,literal
game/scripts/vscripts/items/modifier_spellbreaker.lua,31,31,modifier_spellbreaker:OnCreated,GetSpecialValueFor,ability,"[""\""damage_block\""""]",[],damage_block,literal
game/scripts/vscripts/items/modifier_spellbreaker.lua,32,32,modifier_spellbreaker:OnCreated,GetSpecialValueFor,ability,"[""\""bonus_mana_regen\""""]",[],bonus_mana_regen,literal
game/scripts/vscripts/items/modifier_spellbreaker.lua,35,35,modifier_spellbreaker:OnCreated,GetSpecialValueFor,ability,"[""\""block_chance\""""]","[""IsServer()""]",block_chance,literal
game/scripts/vscripts/items/modifier_spherical_staff.lua,43,43,modifier_spherical_staff:OnCreated,GetSpecialValueFor,self:GetAbility(),"[""\""bonus_mana_regen\""""]",[],bonus_mana_regen,literal
game/scripts/vscripts/items/modifier_spherical_staff.lua,44,44,modifier_spherical_staff:OnCreated,GetSpecialValueFor,self:GetAbility(),"[""\""bonus_int\""""]",[],bonus_int,literal
game/scripts/vscripts/items/modifiers/modifier_hyper_boots.lua,20,20,modifier_hyper_boots:OnCreated,GetSpecialValueFor,self:GetAbility(),"[""\""bonus_movement_speed\""""]","[""IsServer()""]",bonus_movement_speed,literal
game/scripts/vscripts/items/modifiers/modifier_hyper_boots.lua,34,34,modifier_hyper_boots:OnDestroy,GetSpecialValueFor,self:GetAbility(),"[""\""radius\""""]","[""IsServer()""]",radius,literal
game/scripts/vscripts/items/modifiers/modifier_hyper_boots.lua,35,35,modifier_hyper_boots:OnDestroy,GetSpecialValueFor,self:GetAbility(),"[""\""damage\""""]","[""IsServer()""]",damage,literal
game/scripts/vscripts/items/modifiers/modifier_hyper_boots.lua,36,36,modifier_hyper_boots:OnDestroy,GetSpecialValueFor,self:GetAbility(),"[""\""stun_duration\""""]","[""IsServer()""]",stun_duration,literal
game/scripts/vscripts/items/modifiers/modifier_staff_of_life.lua,36,36,modifier_staff_of_life:OnCreated,GetSpecialValueFor,self:GetAbility(),"[""\""bonus_armor\""""]",[],bonus_armor,literal
game/scripts/vscripts/items/modifiers/modifier_staff_of_life.lua,37,37,modifier_staff_of_life:OnCreated,GetSpecialValueFor,self:GetAbility(),"[""\""bonus_intelligence\""""]",[],bonus_intelligence,literal
game/scripts/vscripts/items/modifiers/modifier_staff_of_life.lua,38,38,modifier_staff_of_life:OnCreated,GetSpecialValueFor,self:GetAbility(),"[""\""bonus_mana_regen\""""]",[],bonus_mana_regen,literal
game/scripts/vscripts/items/modifiers/modifier_staff_of_life_effect.lua,32,32,modifier_staff_of_life_effect:OnCreated,GetSpecialValueFor,self:GetAbility(),"[""\""restore_limit\""""]","[""IsServer()""]",restore_limit,literal
game/scripts/vscripts/items/runes.lua,34,34,_G.RuneOfProtection,GetSpecialValueFor,event.ability,"[""\""radius\""""]",[],radius,literal
game/scripts/vscripts/items/runes.lua,97,97,item_lia_rune_of_lifesteal:OnSpellStart,GetSpecialValueFor,self,"[""\""duration\""""]",[],duration,literal
game/scripts/vscripts/items/runes.lua,147,147,modifier_item_lia_rune_of_lifesteal:OnCreated,GetSpecialValueFor,self:GetAbility(),"[""\""lifesteal_percent\""""]",[],lifesteal_percent,literal
game/scripts/vscripts/items/runes.lua,148,148,modifier_item_lia_rune_of_lifesteal:OnCreated,GetSpecialValueFor,self:GetAbility(),"[""\""bonus_damage\""""]",[],bonus_damage,literal
game/scripts/vscripts/items/SealOfPower.lua,30,30,modifier_item_lia_seal_of_power_shop:OnCreated,GetSpecialValueFor,a,"[""\""bonus_damage\""""]",[],bonus_damage,literal
game/scripts/vscripts/items/SealOfPower.lua,31,31,modifier_item_lia_seal_of_power_shop:OnCreated,GetSpecialValueFor,a,"[""\""bonus_armor\""""]",[],bonus_armor,literal
game/scripts/vscripts/items/SealOfPower.lua,32,32,modifier_item_lia_seal_of_power_shop:OnCreated,GetSpecialValueFor,a,"[""\""armor_needed_for_one_damage\""""]",[],armor_needed_for_one_damage,literal
game/scripts/vscripts/items/SealOfPower.lua,33,33,modifier_item_lia_seal_of_power_shop:OnCreated,GetSpecialValueFor,a,"[""\""damage_needed_for_one_armor\""""]",[],damage_needed_for_one_armor,literal
game/scripts/vscripts/items/SealOfPower.lua,34,34,modifier_item_lia_seal_of_power_shop:OnCreated,GetSpecialValueFor,a,"[""\""damage_limit\""""]",[],damage_limit,literal
game/scripts/vscripts/items/SealOfPower.lua,35,35,modifier_item_lia_seal_of_power_shop:OnCreated,GetSpecialValueFor,a,"[""\""armor_limit\""""]",[],armor_limit,literal
game/scripts/vscripts/items/SealOfPower.lua,36,36,modifier_item_lia_seal_of_power_shop:OnCreated,GetSpecialValueFor,a,"[""\""stats_lose_percent\""""]",[],stats_lose_percent,literal
game/scripts/vscripts/items/shield_of_death.lua,2,2,ApplyArmor,GetSpecialValueFor,event.ability,"[""\""duration\""""]",[],duration,literal
game/scripts/vscripts/items/StaffOfHelp.lua,11,11,HealingWave,GetLevelSpecialValueFor,ability,"[""\""max_bounces\"""", ""ability:GetLevel() - 1""]",[],max_bounces,literal
game/scripts/vscripts/items/StaffOfHelp.lua,12,12,HealingWave,GetLevelSpecialValueFor,ability,"[""\""healing\"""", ""ability:GetLevel() - 1""]",[],healing,literal
game/scripts/vscripts/items/StaffOfHelp.lua,13,13,HealingWave,GetSpecialValueFor,ability,"[""\""bounce_range\""""]",[],bounce_range,literal
game/scripts/vscripts/items/StaffOfIllusions.lua,7,7,MakeIllusion,GetLevelSpecialValueFor,ability,"[""\""illusion_duration\"""", ""ability:GetLevel() - 1""]",[],illusion_duration,literal
game/scripts/vscripts/items/StaffOfIllusions.lua,8,8,MakeIllusion,GetLevelSpecialValueFor,ability,"[""\""illusion_outgoing_damage\"""", ""ability:GetLevel() - 1""]",[],illusion_outgoing_damage,literal
game/scripts/vscripts/items/StaffOfIllusions.lua,9,9,MakeIllusion,GetLevelSpecialValueFor,ability,"[""\""illusion_incoming_damage\"""", ""ability:GetLevel() - 1""]",[],illusion_incoming_damage,literal
game/scripts/vscripts/items/StormwindHorn.lua,6,6,CalcRegeneration,GetSpecialValueFor,event.ability,"[""\""regen_percent\""""]",[],regen_percent,literal
game/scripts/vscripts/items/TrollDefender.lua,4,4,SpawnTroll,GetSpecialValueFor,event.ability,"[""\""duration\""""]",[],duration,literal
game/scripts/vscripts/items/TrollHealer.lua,4,4,SpawnTroll,GetSpecialValueFor,event.ability,"[""\""duration\""""]",[],duration,literal
game/scripts/vscripts/units/ManaBreak.lua,9,9,ManaBreak,GetSpecialValueFor,ability,"[""\""mana_per_hit\""""]",[],mana_per_hit,literal
game/scripts/vscripts/units/ManaBreak.lua,10,10,ManaBreak,GetSpecialValueFor,ability,"[""\""damage_per_burn\""""]",[],damage_per_burn,literal
game/scripts/vscripts/units/Megaboss5Firestorm.lua,14,14,firestormWave,GetLevelSpecialValueFor,ability,"[""\""radius\"""", ""(ability:GetLevel() - 1)""]",[],radius,literal
game/scripts/vscripts/units/Megaboss5Firestorm.lua,15,15,firestormWave,GetLevelSpecialValueFor,ability,"[""\""exp_radius\"""", ""(ability:GetLevel() - 1)""]",[],exp_radius,literal
game/scripts/vscripts/units/Megaboss5Firestorm.lua,24,24,firestormWave,GetLevelSpecialValueFor,ability,"[""\""wave_damage\"""", ""(ability:GetLevel() - 1)""]",[],wave_damage,literal
