category,id,parameter,values,origin,source,line,explicit_MaxLevel
heroes,npc_dota_hero_keeper_of_the_light,AbilityLayout,4,direct_field,game/scripts/npc/heroes/npc_lia_hero_archmage.txt,11,
heroes,npc_dota_hero_beastmaster,AbilityLayout,4,direct_field,game/scripts/npc/heroes/npc_lia_hero_beastmaster.txt,32,
heroes,npc_dota_hero_shadow_demon,AbilityLayout,4,direct_field,game/scripts/npc/heroes/npc_lia_hero_demonologist.txt,11,
heroes,npc_dota_hero_invoker,AbilityLayout,4,direct_field,game/scripts/npc/heroes/npc_lia_hero_firelord.txt,16,
heroes,npc_dota_hero_lich,AbilityLayout,4,direct_field,game/scripts/npc/heroes/npc_lia_hero_frost_lord.txt,11,
heroes,npc_dota_hero_leshrac,AbilityLayout,4,direct_field,game/scripts/npc/heroes/npc_lia_hero_keeper_of_the_grove.txt,11,
heroes,npc_dota_hero_disruptor,AbilityLayout,4,direct_field,game/scripts/npc/heroes/npc_lia_hero_lord_of_lightning.txt,11,
heroes,npc_dota_hero_chen,AbilityLayout,4,direct_field,game/scripts/npc/heroes/npc_lia_hero_paladin.txt,11,
heroes,npc_dota_hero_nevermore,AbilityLayout,4,direct_field,game/scripts/npc/heroes/npc_lia_hero_vowen_from_blood.txt,16,
heroes,npc_dota_hero_shadow_shaman,AbilityLayout,4,direct_field,game/scripts/npc/heroes/npc_lia_hero_witch_doctor.txt,11,
abilities,attribute_bonuses,attribute_bonus_per_level,"[3, 6, 9, 12, 15, 18, 21, 24, 27, 30]",AbilityValues,game/scripts/npc/abilities/attribute_bonus.txt,18,10
abilities,1_wave_stomp_extreme,AbilityCastPoint,0.2,direct_field,game/scripts/npc/abilities/extreme_mode_creep_actives.txt,13,
abilities,1_wave_stomp_extreme,AbilityCooldown,6.0,direct_field,game/scripts/npc/abilities/extreme_mode_creep_actives.txt,14,
abilities,1_wave_stomp_extreme,AbilityManaCost,100,direct_field,game/scripts/npc/abilities/extreme_mode_creep_actives.txt,15,
abilities,1_wave_stomp_extreme,stomp_damage,250,AbilityValues,game/scripts/npc/abilities/extreme_mode_creep_actives.txt,21,
abilities,1_wave_stomp_extreme,slow_movement_and_attack_speed,-40,AbilityValues,game/scripts/npc/abilities/extreme_mode_creep_actives.txt,22,
abilities,1_wave_stomp_extreme,slow_tooltip,-40,AbilityValues,game/scripts/npc/abilities/extreme_mode_creep_actives.txt,23,
abilities,1_wave_stomp_extreme,radius,250,AbilityValues,game/scripts/npc/abilities/extreme_mode_creep_actives.txt,24,
abilities,1_wave_stomp_extreme,duration,8,AbilityValues,game/scripts/npc/abilities/extreme_mode_creep_actives.txt,25,
abilities,2_wave_war_stomp_extreme,AbilityCooldown,7.0,direct_field,game/scripts/npc/abilities/extreme_mode_creep_actives.txt,109,3
abilities,2_wave_war_stomp_extreme,AbilityManaCost,70,direct_field,game/scripts/npc/abilities/extreme_mode_creep_actives.txt,110,3
abilities,2_wave_war_stomp_extreme,AbilityCastPoint,0.3,direct_field,game/scripts/npc/abilities/extreme_mode_creep_actives.txt,111,3
abilities,2_wave_war_stomp_extreme,AbilityCastRange,300,direct_field,game/scripts/npc/abilities/extreme_mode_creep_actives.txt,113,3
abilities,2_wave_war_stomp_extreme,damage,100,AbilityValues,game/scripts/npc/abilities/extreme_mode_creep_actives.txt,123,3
abilities,2_wave_war_stomp_extreme,stun_duration,2,AbilityValues,game/scripts/npc/abilities/extreme_mode_creep_actives.txt,124,3
abilities,2_wave_war_stomp_extreme,radius,300,AbilityValues,game/scripts/npc/abilities/extreme_mode_creep_actives.txt,125,3
abilities,second_wave_wave_of_force_extreme,AbilityCastRange,750,direct_field,game/scripts/npc/abilities/extreme_mode_creep_actives.txt,208,1
abilities,second_wave_wave_of_force_extreme,AbilityCastPoint,0.25,direct_field,game/scripts/npc/abilities/extreme_mode_creep_actives.txt,209,1
abilities,second_wave_wave_of_force_extreme,AbilityCooldown,8,direct_field,game/scripts/npc/abilities/extreme_mode_creep_actives.txt,213,1
abilities,second_wave_wave_of_force_extreme,AbilityManaCost,100,direct_field,game/scripts/npc/abilities/extreme_mode_creep_actives.txt,217,1
abilities,second_wave_wave_of_force_extreme,attack_speed,1050,AbilityValues,game/scripts/npc/abilities/extreme_mode_creep_actives.txt,223,1
abilities,second_wave_wave_of_force_extreme,attack_width_initial,150,AbilityValues,game/scripts/npc/abilities/extreme_mode_creep_actives.txt,224,1
abilities,second_wave_wave_of_force_extreme,attack_width_end,150,AbilityValues,game/scripts/npc/abilities/extreme_mode_creep_actives.txt,225,1
abilities,second_wave_wave_of_force_extreme,attack_distance,1150,AbilityValues,game/scripts/npc/abilities/extreme_mode_creep_actives.txt,226,1
abilities,second_wave_wave_of_force_extreme,max_health_damage,25,AbilityValues,game/scripts/npc/abilities/extreme_mode_creep_actives.txt,227,1
abilities,3_wave_rejuvenation_extreme,AbilityCooldown,5.0,direct_field,game/scripts/npc/abilities/extreme_mode_creep_actives.txt,241,
abilities,3_wave_rejuvenation_extreme,AbilityManaCost,125,direct_field,game/scripts/npc/abilities/extreme_mode_creep_actives.txt,242,
abilities,3_wave_rejuvenation_extreme,heal,167,AbilityValues,game/scripts/npc/abilities/extreme_mode_creep_actives.txt,248,
abilities,3_wave_rejuvenation_extreme,duration,6,AbilityValues,game/scripts/npc/abilities/extreme_mode_creep_actives.txt,249,
abilities,3_wave_rejuvenation_extreme,heal_tooltip,1000,AbilityValues,game/scripts/npc/abilities/extreme_mode_creep_actives.txt,250,
abilities,4_wave_ensnare_extreme,AbilityCastPoint,0.0,direct_field,game/scripts/npc/abilities/extreme_mode_creep_actives.txt,306,
abilities,4_wave_ensnare_extreme,AbilityCooldown,10,direct_field,game/scripts/npc/abilities/extreme_mode_creep_actives.txt,310,
abilities,4_wave_ensnare_extreme,AbilityManaCost,30,direct_field,game/scripts/npc/abilities/extreme_mode_creep_actives.txt,314,
abilities,4_wave_ensnare_extreme,AbilityCastRange,800,direct_field,game/scripts/npc/abilities/extreme_mode_creep_actives.txt,318,
abilities,4_wave_ensnare_extreme,duration,4,AbilityValues,game/scripts/npc/abilities/extreme_mode_creep_actives.txt,324,
abilities,4_wave_ensnare_extreme,creep_duration,15,AbilityValues,game/scripts/npc/abilities/extreme_mode_creep_actives.txt,325,
abilities,4_wave_ensnare_extreme,net_speed,1500,AbilityValues,game/scripts/npc/abilities/extreme_mode_creep_actives.txt,326,
abilities,6_wave_curse,AbilityCooldown,6,direct_field,game/scripts/npc/abilities/extreme_mode_creep_actives.txt,409,
abilities,6_wave_curse,AbilityCastRange,700,direct_field,game/scripts/npc/abilities/extreme_mode_creep_actives.txt,410,
abilities,6_wave_curse,AbilityCastPoint,0.3,direct_field,game/scripts/npc/abilities/extreme_mode_creep_actives.txt,411,
abilities,6_wave_curse,AbilityManaCost,80,direct_field,game/scripts/npc/abilities/extreme_mode_creep_actives.txt,412,
abilities,6_wave_curse,miss,40,AbilityValues,game/scripts/npc/abilities/extreme_mode_creep_actives.txt,423,
abilities,6_wave_curse,duration,10,AbilityValues,game/scripts/npc/abilities/extreme_mode_creep_actives.txt,424,
abilities,7_wave_howl_of_terror_extreme,AbilityCooldown,12.0,direct_field,game/scripts/npc/abilities/extreme_mode_creep_actives.txt,465,
abilities,7_wave_howl_of_terror_extreme,AbilityManaCost,100,direct_field,game/scripts/npc/abilities/extreme_mode_creep_actives.txt,467,
abilities,7_wave_howl_of_terror_extreme,damage_penalty_percentage,-75,AbilityValues,game/scripts/npc/abilities/extreme_mode_creep_actives.txt,478,
abilities,7_wave_howl_of_terror_extreme,duration,10.0,AbilityValues,game/scripts/npc/abilities/extreme_mode_creep_actives.txt,479,
abilities,7_wave_howl_of_terror_extreme,radius,800,AbilityValues,game/scripts/npc/abilities/extreme_mode_creep_actives.txt,480,
abilities,11_wave_immolation_extreme,AbilityCastRange,220,direct_field,game/scripts/npc/abilities/extreme_mode_creep_actives.txt,544,
abilities,11_wave_immolation_extreme,AbilityManaCost,25,direct_field,game/scripts/npc/abilities/extreme_mode_creep_actives.txt,545,
abilities,11_wave_immolation_extreme,damage_per_second,90,AbilityValues,game/scripts/npc/abilities/extreme_mode_creep_actives.txt,557,
abilities,11_wave_immolation_extreme,mana_cost_per_second,25,AbilityValues,game/scripts/npc/abilities/extreme_mode_creep_actives.txt,558,
abilities,11_wave_immolation_extreme,radius,220,AbilityValues,game/scripts/npc/abilities/extreme_mode_creep_actives.txt,559,
abilities,12_wave_roots_extreme,AbilityCastRange,600,direct_field,game/scripts/npc/abilities/extreme_mode_creep_actives.txt,623,
abilities,12_wave_roots_extreme,AbilityCastPoint,0.4,direct_field,game/scripts/npc/abilities/extreme_mode_creep_actives.txt,624,
abilities,12_wave_roots_extreme,AbilityCooldown,9.0,direct_field,game/scripts/npc/abilities/extreme_mode_creep_actives.txt,625,
abilities,12_wave_roots_extreme,AbilityManaCost,100,direct_field,game/scripts/npc/abilities/extreme_mode_creep_actives.txt,627,
abilities,12_wave_roots_extreme,damage_per_second,200,AbilityValues,game/scripts/npc/abilities/extreme_mode_creep_actives.txt,639,
abilities,12_wave_roots_extreme,hero_duration,5,AbilityValues,game/scripts/npc/abilities/extreme_mode_creep_actives.txt,640,
abilities,12_wave_roots_extreme,creep_duration,5,AbilityValues,game/scripts/npc/abilities/extreme_mode_creep_actives.txt,641,
abilities,12_wave_bloodlust_extreme,AbilityCastPoint,0.0,direct_field,game/scripts/npc/abilities/extreme_mode_creep_actives.txt,711,
abilities,12_wave_bloodlust_extreme,AbilityCooldown,20.0,direct_field,game/scripts/npc/abilities/extreme_mode_creep_actives.txt,713,
abilities,12_wave_bloodlust_extreme,AbilityManaCost,150,direct_field,game/scripts/npc/abilities/extreme_mode_creep_actives.txt,715,
abilities,12_wave_bloodlust_extreme,bonus_attack_speed,180,AbilityValues,game/scripts/npc/abilities/extreme_mode_creep_actives.txt,725,
abilities,12_wave_bloodlust_extreme,bonus_movement_speed,50,AbilityValues,game/scripts/npc/abilities/extreme_mode_creep_actives.txt,726,
abilities,12_wave_bloodlust_extreme,duration,15.0,AbilityValues,game/scripts/npc/abilities/extreme_mode_creep_actives.txt,727,
abilities,14_wave_shadow_strike_extreme,AbilityCastRange,350,direct_field,game/scripts/npc/abilities/extreme_mode_creep_actives.txt,777,
abilities,14_wave_shadow_strike_extreme,AbilityCastPoint,0.3,direct_field,game/scripts/npc/abilities/extreme_mode_creep_actives.txt,778,
abilities,14_wave_shadow_strike_extreme,AbilityCooldown,15.0,direct_field,game/scripts/npc/abilities/extreme_mode_creep_actives.txt,779,
abilities,14_wave_shadow_strike_extreme,AbilityManaCost,200,direct_field,game/scripts/npc/abilities/extreme_mode_creep_actives.txt,781,
abilities,14_wave_shadow_strike_extreme,duration,6,AbilityValues,game/scripts/npc/abilities/extreme_mode_creep_actives.txt,797,
abilities,14_wave_shadow_strike_extreme,initial_damage,150,AbilityValues,game/scripts/npc/abilities/extreme_mode_creep_actives.txt,798,
abilities,14_wave_shadow_strike_extreme,damage_every_3sec,150,AbilityValues,game/scripts/npc/abilities/extreme_mode_creep_actives.txt,799,
abilities,14_wave_shadow_strike_extreme,all_slow,-20,AbilityValues,game/scripts/npc/abilities/extreme_mode_creep_actives.txt,800,
abilities,14_wave_storm_bolt_extreme,AbilityCastRange,900,direct_field,game/scripts/npc/abilities/extreme_mode_creep_actives.txt,909,
abilities,14_wave_storm_bolt_extreme,AbilityCastPoint,0.0,direct_field,game/scripts/npc/abilities/extreme_mode_creep_actives.txt,910,
abilities,14_wave_storm_bolt_extreme,AbilityCooldown,10.0,direct_field,game/scripts/npc/abilities/extreme_mode_creep_actives.txt,914,
abilities,14_wave_storm_bolt_extreme,AbilityManaCost,500,direct_field,game/scripts/npc/abilities/extreme_mode_creep_actives.txt,918,
abilities,14_wave_storm_bolt_extreme,projectile_speed,1000,AbilityValues,game/scripts/npc/abilities/extreme_mode_creep_actives.txt,924,
abilities,14_wave_storm_bolt_extreme,duration,4.0,AbilityValues,game/scripts/npc/abilities/extreme_mode_creep_actives.txt,925,
abilities,14_wave_storm_bolt_extreme,damage,950,AbilityValues,game/scripts/npc/abilities/extreme_mode_creep_actives.txt,926,
abilities,wave_16_mana_burn_extreme,AbilityCastRange,500,direct_field,game/scripts/npc/abilities/extreme_mode_creep_actives.txt,978,
abilities,wave_16_mana_burn_extreme,AbilityCastPoint,0.3,direct_field,game/scripts/npc/abilities/extreme_mode_creep_actives.txt,979,
abilities,wave_16_mana_burn_extreme,AbilityCooldown,7.0,direct_field,game/scripts/npc/abilities/extreme_mode_creep_actives.txt,980,
abilities,wave_16_mana_burn_extreme,AbilityManaCost,90,direct_field,game/scripts/npc/abilities/extreme_mode_creep_actives.txt,981,
abilities,wave_16_mana_burn_extreme,mana_burn,350,AbilityValues,game/scripts/npc/abilities/extreme_mode_creep_actives.txt,990,
abilities,wave_16_mana_burn_extreme,damage_per_mana,1,AbilityValues,game/scripts/npc/abilities/extreme_mode_creep_actives.txt,991,
abilities,16_wave_slow_extreme,AbilityCooldown,8,direct_field,game/scripts/npc/abilities/extreme_mode_creep_actives.txt,1007,
abilities,16_wave_slow_extreme,AbilityCastRange,600,direct_field,game/scripts/npc/abilities/extreme_mode_creep_actives.txt,1008,
abilities,16_wave_slow_extreme,AbilityCastPoint,0.0,direct_field,game/scripts/npc/abilities/extreme_mode_creep_actives.txt,1009,
abilities,16_wave_slow_extreme,AbilityManaCost,50,direct_field,game/scripts/npc/abilities/extreme_mode_creep_actives.txt,1010,
abilities,16_wave_slow_extreme,attack_slow,-75,AbilityValues,game/scripts/npc/abilities/extreme_mode_creep_actives.txt,1021,
abilities,16_wave_slow_extreme,movespeed_slow_pct,-75,AbilityValues,game/scripts/npc/abilities/extreme_mode_creep_actives.txt,1022,
abilities,16_wave_slow_extreme,hero_duration,10,AbilityValues,game/scripts/npc/abilities/extreme_mode_creep_actives.txt,1023,
abilities,16_wave_slow_extreme,duration,20,AbilityValues,game/scripts/npc/abilities/extreme_mode_creep_actives.txt,1024,
abilities,17_wave_purge_extreme,AbilityCastRange,700,direct_field,game/scripts/npc/abilities/extreme_mode_creep_actives.txt,1076,
abilities,17_wave_purge_extreme,AbilityCastPoint,0,direct_field,game/scripts/npc/abilities/extreme_mode_creep_actives.txt,1077,
abilities,17_wave_purge_extreme,AbilityCooldown,12,direct_field,game/scripts/npc/abilities/extreme_mode_creep_actives.txt,1078,
abilities,17_wave_purge_extreme,AbilityManaCost,75,direct_field,game/scripts/npc/abilities/extreme_mode_creep_actives.txt,1079,
abilities,17_wave_purge_extreme,duration,10,AbilityValues,game/scripts/npc/abilities/extreme_mode_creep_actives.txt,1083,
abilities,17_wave_purge_extreme,duration_hero,10,AbilityValues,game/scripts/npc/abilities/extreme_mode_creep_actives.txt,1084,
abilities,17_wave_purge_extreme,summoned_unit_damage,2000,AbilityValues,game/scripts/npc/abilities/extreme_mode_creep_actives.txt,1085,
abilities,17_wave_purge_extreme,slow_per_stack,-20,AbilityValues,game/scripts/npc/abilities/extreme_mode_creep_actives.txt,1086,
abilities,17_wave_purge_extreme,stack_multi,5,AbilityValues,game/scripts/npc/abilities/extreme_mode_creep_actives.txt,1087,
abilities,17_wave_purge_extreme,think_interval,1,AbilityValues,game/scripts/npc/abilities/extreme_mode_creep_actives.txt,1088,
abilities,18_wave_silence_extreme,AbilityCastPoint,0.2,direct_field,game/scripts/npc/abilities/extreme_mode_creep_actives.txt,1170,
abilities,18_wave_silence_extreme,AbilityCooldown,20,direct_field,game/scripts/npc/abilities/extreme_mode_creep_actives.txt,1171,
abilities,18_wave_silence_extreme,AbilityManaCost,150,direct_field,game/scripts/npc/abilities/extreme_mode_creep_actives.txt,1172,
abilities,18_wave_silence_extreme,AbilityCastRange,700,direct_field,game/scripts/npc/abilities/extreme_mode_creep_actives.txt,1173,
abilities,18_wave_silence_extreme,radius,300,AbilityValues,game/scripts/npc/abilities/extreme_mode_creep_actives.txt,1179,
abilities,18_wave_silence_extreme,duration,7,AbilityValues,game/scripts/npc/abilities/extreme_mode_creep_actives.txt,1180,
abilities,19_wave_faerie_fire_extreme,AbilityCastRange,700,direct_field,game/scripts/npc/abilities/extreme_mode_creep_actives.txt,1254,1
abilities,19_wave_faerie_fire_extreme,AbilityCastPoint,0,direct_field,game/scripts/npc/abilities/extreme_mode_creep_actives.txt,1255,1
abilities,19_wave_faerie_fire_extreme,AbilityCooldown,4,direct_field,game/scripts/npc/abilities/extreme_mode_creep_actives.txt,1256,1
abilities,19_wave_faerie_fire_extreme,AbilityManaCost,100,direct_field,game/scripts/npc/abilities/extreme_mode_creep_actives.txt,1257,1
abilities,19_wave_faerie_fire_extreme,duration,10,AbilityValues,game/scripts/npc/abilities/extreme_mode_creep_actives.txt,1261,1
abilities,19_wave_faerie_fire_extreme,hero_duration,10,AbilityValues,game/scripts/npc/abilities/extreme_mode_creep_actives.txt,1262,1
abilities,19_wave_faerie_fire_extreme,armor_reduction,-60,AbilityValues,game/scripts/npc/abilities/extreme_mode_creep_actives.txt,1263,1
abilities,19_wave_polymorph_extreme,AbilityCastPoint,0.1,direct_field,game/scripts/npc/abilities/extreme_mode_creep_actives.txt,1318,1
abilities,19_wave_polymorph_extreme,AbilityCastRange,500,direct_field,game/scripts/npc/abilities/extreme_mode_creep_actives.txt,1319,1
abilities,19_wave_polymorph_extreme,AbilityCooldown,15,direct_field,game/scripts/npc/abilities/extreme_mode_creep_actives.txt,1320,1
abilities,19_wave_polymorph_extreme,AbilityManaCost,200,direct_field,game/scripts/npc/abilities/extreme_mode_creep_actives.txt,1321,1
abilities,19_wave_polymorph_extreme,duration,8,AbilityValues,game/scripts/npc/abilities/extreme_mode_creep_actives.txt,1331,1
abilities,19_wave_polymorph_extreme,movespeed,100,AbilityValues,game/scripts/npc/abilities/extreme_mode_creep_actives.txt,1332,1
abilities,orn_mutant_boss_slow,AbilityCooldown,99999,direct_field,game/scripts/npc/abilities/extreme_mode_creep_actives.txt,1421,
abilities,orn_mutant_boss_slow,AbilityCastRange,600,direct_field,game/scripts/npc/abilities/extreme_mode_creep_actives.txt,1422,
abilities,orn_mutant_boss_slow,AbilityCastPoint,0.0,direct_field,game/scripts/npc/abilities/extreme_mode_creep_actives.txt,1423,
abilities,orn_mutant_boss_slow,AbilityManaCost,0,direct_field,game/scripts/npc/abilities/extreme_mode_creep_actives.txt,1424,
abilities,orn_mutant_boss_slow,cripple_attack_slow,-25,AbilityValues,game/scripts/npc/abilities/extreme_mode_creep_actives.txt,1430,
abilities,orn_mutant_boss_slow,cripple_movespeed_slow_pct,-75,AbilityValues,game/scripts/npc/abilities/extreme_mode_creep_actives.txt,1431,
abilities,orn_mutant_boss_slow,duration,10,AbilityValues,game/scripts/npc/abilities/extreme_mode_creep_actives.txt,1432,
abilities,wave_1_poison_extreme,movement_slow,-25,AbilityValues,game/scripts/npc/abilities/extreme_mode_creep_passives.txt,23,
abilities,wave_1_poison_extreme,attack_slow,-25,AbilityValues,game/scripts/npc/abilities/extreme_mode_creep_passives.txt,24,
abilities,wave_1_poison_extreme,damage_per_second,10,AbilityValues,game/scripts/npc/abilities/extreme_mode_creep_passives.txt,25,
abilities,wave_1_poison_extreme,duration,4,AbilityValues,game/scripts/npc/abilities/extreme_mode_creep_passives.txt,26,
abilities,wave_2_aura_of_vengeance_extreme,AbilityCastRange,1000,direct_field,game/scripts/npc/abilities/extreme_mode_creep_passives.txt,42,1
abilities,wave_2_aura_of_vengeance_extreme,radius,1000,AbilityValues,game/scripts/npc/abilities/extreme_mode_creep_passives.txt,46,1
abilities,wave_2_aura_of_vengeance_extreme,damage_return,35,AbilityValues,game/scripts/npc/abilities/extreme_mode_creep_passives.txt,47,1
abilities,wave_2_centaurs_revenge_extreme,damage_return,20,AbilityValues,game/scripts/npc/abilities/extreme_mode_creep_passives.txt,61,
abilities,2_wave_centaur_chieftain_aura_extreme,radius,900,AbilityValues,game/scripts/npc/abilities/extreme_mode_creep_passives.txt,77,
abilities,2_wave_centaur_chieftain_aura_extreme,bonus_movement_speed_percentage,30,AbilityValues,game/scripts/npc/abilities/extreme_mode_creep_passives.txt,78,
abilities,2_wave_centaur_chieftain_aura_extreme,bonus_attack_speed,30,AbilityValues,game/scripts/npc/abilities/extreme_mode_creep_passives.txt,79,
abilities,wave_2_centaur_chieftain_aura_extreme,AbilityCastRange,900,direct_field,game/scripts/npc/abilities/extreme_mode_creep_passives.txt,119,
abilities,wave_2_centaur_chieftain_aura_extreme,aura_radius,900,AbilityValues,game/scripts/npc/abilities/extreme_mode_creep_passives.txt,125,
abilities,wave_2_centaur_chieftain_aura_extreme,bonus_movement_speed_percentage,30,AbilityValues,game/scripts/npc/abilities/extreme_mode_creep_passives.txt,126,
abilities,wave_2_centaur_chieftain_aura_extreme,bonus_attack_speed,30,AbilityValues,game/scripts/npc/abilities/extreme_mode_creep_passives.txt,127,
abilities,wave_3_evasion_extreme,evasion,25,AbilityValues,game/scripts/npc/abilities/extreme_mode_creep_passives.txt,141,
abilities,4_wave_true_hit_extreme,strike_chance,25,AbilityValues,game/scripts/npc/abilities/extreme_mode_creep_passives.txt,160,
abilities,4_wave_true_hit_extreme,damage,40,AbilityValues,game/scripts/npc/abilities/extreme_mode_creep_passives.txt,161,
abilities,wave_6_assassin_extreme,crit_multiplier,200,AbilityValues,game/scripts/npc/abilities/extreme_mode_creep_passives.txt,242,
abilities,wave_6_assassin_extreme,crit_chance,20,AbilityValues,game/scripts/npc/abilities/extreme_mode_creep_passives.txt,243,
abilities,wave_6_assassin_extreme,evasion,20,AbilityValues,game/scripts/npc/abilities/extreme_mode_creep_passives.txt,244,
abilities,7_wave_sharp_claws_extreme,armor_reduction,-10,AbilityValues,game/scripts/npc/abilities/extreme_mode_creep_passives.txt,268,
abilities,7_wave_sharp_claws_extreme,duration,0.01,AbilityValues,game/scripts/npc/abilities/extreme_mode_creep_passives.txt,269,
abilities,wave_8_lifesteal_extreme,lifesteal_percent,50,AbilityValues,game/scripts/npc/abilities/extreme_mode_creep_passives.txt,314,
abilities,wave_9_incorporeity_extreme,melee_damage_reduction,-25,AbilityValues,game/scripts/npc/abilities/extreme_mode_creep_passives.txt,329,
abilities,wave_9_incorporeity_extreme,ranged_damage_reduction,-40,AbilityValues,game/scripts/npc/abilities/extreme_mode_creep_passives.txt,330,
abilities,wave_11_mana_break_extreme,mana_per_hit,60,AbilityValues,game/scripts/npc/abilities/extreme_mode_creep_passives.txt,350,
abilities,wave_11_mana_break_extreme,damage_per_mana,1.0,AbilityValues,game/scripts/npc/abilities/extreme_mode_creep_passives.txt,351,
abilities,wave_11_mana_break_extreme_creeps,mana_per_hit,50,AbilityValues,game/scripts/npc/abilities/extreme_mode_creep_passives.txt,371,
abilities,wave_11_mana_break_extreme_creeps,damage_per_mana,1.0,AbilityValues,game/scripts/npc/abilities/extreme_mode_creep_passives.txt,372,
abilities,wave_12_crit_extreme,crit_multiplier,250,AbilityValues,game/scripts/npc/abilities/extreme_mode_creep_passives.txt,392,
abilities,wave_12_crit_extreme,crit_chance,35,AbilityValues,game/scripts/npc/abilities/extreme_mode_creep_passives.txt,393,
abilities,wave_13_command_aura_extreme,AbilityCastRange,1000,direct_field,game/scripts/npc/abilities/extreme_mode_creep_passives.txt,410,
abilities,wave_13_command_aura_extreme,bonus_damage_pct,60,AbilityValues,game/scripts/npc/abilities/extreme_mode_creep_passives.txt,416,
abilities,wave_13_command_aura_extreme,aura_radius,1000,AbilityValues,game/scripts/npc/abilities/extreme_mode_creep_passives.txt,417,
abilities,wave_16_evasion_extreme,evasion,35,AbilityValues,game/scripts/npc/abilities/extreme_mode_creep_passives.txt,431,
abilities,wave_17_evasion_extreme,evasion,99,AbilityValues,game/scripts/npc/abilities/extreme_mode_creep_passives.txt,445,
abilities,wave_18_bash_extreme,bash_chance,100,AbilityValues,game/scripts/npc/abilities/extreme_mode_creep_passives.txt,461,
abilities,wave_18_bash_extreme,bash_duration,1,AbilityValues,game/scripts/npc/abilities/extreme_mode_creep_passives.txt,462,
abilities,wave_18_bash_extreme,bash_damage,100,AbilityValues,game/scripts/npc/abilities/extreme_mode_creep_passives.txt,463,
abilities,healing_ward_ability,AbilityCastRange,500,direct_field,game/scripts/npc/abilities/healing_ward_ability.txt,10,1
abilities,healing_ward_ability,heal_percent,3.0,AbilityValues,game/scripts/npc/abilities/healing_ward_ability.txt,23,1
abilities,1_wave_stomp,AbilityCastPoint,0.2,direct_field,game/scripts/npc/abilities/normal_mode_creep_actives.txt,13,
abilities,1_wave_stomp,AbilityCooldown,6.0,direct_field,game/scripts/npc/abilities/normal_mode_creep_actives.txt,14,
abilities,1_wave_stomp,AbilityManaCost,100,direct_field,game/scripts/npc/abilities/normal_mode_creep_actives.txt,15,
abilities,1_wave_stomp,stomp_damage,150,AbilityValues,game/scripts/npc/abilities/normal_mode_creep_actives.txt,21,
abilities,1_wave_stomp,slow_movement_and_attack_speed,-40,AbilityValues,game/scripts/npc/abilities/normal_mode_creep_actives.txt,22,
abilities,1_wave_stomp,slow_tooltip,-40,AbilityValues,game/scripts/npc/abilities/normal_mode_creep_actives.txt,23,
abilities,1_wave_stomp,radius,250,AbilityValues,game/scripts/npc/abilities/normal_mode_creep_actives.txt,24,
abilities,1_wave_stomp,duration,4,AbilityValues,game/scripts/npc/abilities/normal_mode_creep_actives.txt,25,
abilities,second_wave_wave_of_force,AbilityCastRange,750,direct_field,game/scripts/npc/abilities/normal_mode_creep_actives.txt,124,1
abilities,second_wave_wave_of_force,AbilityCastPoint,0.25,direct_field,game/scripts/npc/abilities/normal_mode_creep_actives.txt,125,1
abilities,second_wave_wave_of_force,AbilityCooldown,8,direct_field,game/scripts/npc/abilities/normal_mode_creep_actives.txt,129,1
abilities,second_wave_wave_of_force,AbilityManaCost,100,direct_field,game/scripts/npc/abilities/normal_mode_creep_actives.txt,133,1
abilities,second_wave_wave_of_force,attack_speed,1050,AbilityValues,game/scripts/npc/abilities/normal_mode_creep_actives.txt,139,1
abilities,second_wave_wave_of_force,attack_width_initial,150,AbilityValues,game/scripts/npc/abilities/normal_mode_creep_actives.txt,140,1
abilities,second_wave_wave_of_force,attack_width_end,150,AbilityValues,game/scripts/npc/abilities/normal_mode_creep_actives.txt,141,1
abilities,second_wave_wave_of_force,attack_distance,1150,AbilityValues,game/scripts/npc/abilities/normal_mode_creep_actives.txt,142,1
abilities,second_wave_wave_of_force,max_health_damage,20,AbilityValues,game/scripts/npc/abilities/normal_mode_creep_actives.txt,143,1
abilities,3_wave_rejuvenation,AbilityCooldown,5.0,direct_field,game/scripts/npc/abilities/normal_mode_creep_actives.txt,158,
abilities,3_wave_rejuvenation,AbilityManaCost,125,direct_field,game/scripts/npc/abilities/normal_mode_creep_actives.txt,159,
abilities,3_wave_rejuvenation,heal,100,AbilityValues,game/scripts/npc/abilities/normal_mode_creep_actives.txt,165,
abilities,3_wave_rejuvenation,duration,6,AbilityValues,game/scripts/npc/abilities/normal_mode_creep_actives.txt,166,
abilities,3_wave_rejuvenation,heal_tooltip,600,AbilityValues,game/scripts/npc/abilities/normal_mode_creep_actives.txt,167,
abilities,4_wave_death_coil,AbilityCastRange,800,direct_field,game/scripts/npc/abilities/normal_mode_creep_actives.txt,227,
abilities,4_wave_death_coil,AbilityCastPoint,0.0,direct_field,game/scripts/npc/abilities/normal_mode_creep_actives.txt,228,
abilities,4_wave_death_coil,AbilityCooldown,10.0,direct_field,game/scripts/npc/abilities/normal_mode_creep_actives.txt,232,
abilities,4_wave_death_coil,AbilityDamage,500,direct_field,game/scripts/npc/abilities/normal_mode_creep_actives.txt,236,
abilities,4_wave_death_coil,AbilityManaCost,75,direct_field,game/scripts/npc/abilities/normal_mode_creep_actives.txt,240,
abilities,4_wave_death_coil,projectile_speed,1100,AbilityValues,game/scripts/npc/abilities/normal_mode_creep_actives.txt,246,
abilities,4_wave_death_coil,damage,500,AbilityValues,game/scripts/npc/abilities/normal_mode_creep_actives.txt,247,
abilities,5_megaboss_firestorm,AbilityCastRange,800,direct_field,game/scripts/npc/abilities/normal_mode_creep_actives.txt,296,
abilities,5_megaboss_firestorm,AbilityCastPoint,0.1,direct_field,game/scripts/npc/abilities/normal_mode_creep_actives.txt,297,
abilities,5_megaboss_firestorm,AbilityCooldown,16,direct_field,game/scripts/npc/abilities/normal_mode_creep_actives.txt,306,
abilities,5_megaboss_firestorm,AbilityManaCost,200,direct_field,game/scripts/npc/abilities/normal_mode_creep_actives.txt,308,
abilities,5_megaboss_firestorm,radius,300,AbilityValues,game/scripts/npc/abilities/normal_mode_creep_actives.txt,313,
abilities,5_megaboss_firestorm,wave_count,2,AbilityValues,game/scripts/npc/abilities/normal_mode_creep_actives.txt,314,
abilities,5_megaboss_firestorm,wave_damage,200,AbilityValues,game/scripts/npc/abilities/normal_mode_creep_actives.txt,315,
abilities,5_megaboss_firestorm,wave_interval,1.0,AbilityValues,game/scripts/npc/abilities/normal_mode_creep_actives.txt,316,
abilities,5_megaboss_firestorm,burn_damage,100,AbilityValues,game/scripts/npc/abilities/normal_mode_creep_actives.txt,317,
abilities,5_megaboss_firestorm,burn_interval,1.0,AbilityValues,game/scripts/npc/abilities/normal_mode_creep_actives.txt,318,
abilities,5_megaboss_firestorm,burn_duration,3.0,AbilityValues,game/scripts/npc/abilities/normal_mode_creep_actives.txt,319,
abilities,5_megaboss_firestorm,wave_num_exp,6,AbilityValues,game/scripts/npc/abilities/normal_mode_creep_actives.txt,320,
abilities,5_megaboss_firestorm,exp_radius,150,AbilityValues,game/scripts/npc/abilities/normal_mode_creep_actives.txt,321,
abilities,5_megaboss_firestorm,duration,3.0,AbilityValues,game/scripts/npc/abilities/normal_mode_creep_actives.txt,322,
abilities,5_megaboss_stomp,AbilityCooldown,10.0,direct_field,game/scripts/npc/abilities/normal_mode_creep_actives.txt,448,
abilities,5_megaboss_stomp,AbilityManaCost,150,direct_field,game/scripts/npc/abilities/normal_mode_creep_actives.txt,449,
abilities,5_megaboss_stomp,AbilityCastPoint,0.2,direct_field,game/scripts/npc/abilities/normal_mode_creep_actives.txt,450,
abilities,5_megaboss_stomp,radius,275,AbilityValues,game/scripts/npc/abilities/normal_mode_creep_actives.txt,458,
abilities,5_megaboss_stomp,stun_duration,4,AbilityValues,game/scripts/npc/abilities/normal_mode_creep_actives.txt,459,
abilities,5_megaboss_stomp,stomp_damage,300,AbilityValues,game/scripts/npc/abilities/normal_mode_creep_actives.txt,460,
abilities,6_wave_cripple,AbilityCooldown,10,direct_field,game/scripts/npc/abilities/normal_mode_creep_actives.txt,548,
abilities,6_wave_cripple,AbilityCastRange,700,direct_field,game/scripts/npc/abilities/normal_mode_creep_actives.txt,549,
abilities,6_wave_cripple,AbilityCastPoint,0.0,direct_field,game/scripts/npc/abilities/normal_mode_creep_actives.txt,550,
abilities,6_wave_cripple,AbilityManaCost,100,direct_field,game/scripts/npc/abilities/normal_mode_creep_actives.txt,551,
abilities,6_wave_cripple,cripple_damage_decrease_pct,-30,AbilityValues,game/scripts/npc/abilities/normal_mode_creep_actives.txt,557,
abilities,6_wave_cripple,cripple_attack_slow,-60,AbilityValues,game/scripts/npc/abilities/normal_mode_creep_actives.txt,558,
abilities,6_wave_cripple,cripple_movespeed_slow_pct,-60,AbilityValues,game/scripts/npc/abilities/normal_mode_creep_actives.txt,559,
abilities,6_wave_cripple,duration,10,AbilityValues,game/scripts/npc/abilities/normal_mode_creep_actives.txt,560,
abilities,7_wave_howl_of_terror,AbilityCooldown,12.0,direct_field,game/scripts/npc/abilities/normal_mode_creep_actives.txt,603,
abilities,7_wave_howl_of_terror,AbilityManaCost,100,direct_field,game/scripts/npc/abilities/normal_mode_creep_actives.txt,605,
abilities,7_wave_howl_of_terror,damage_penalty_percentage,-50,AbilityValues,game/scripts/npc/abilities/normal_mode_creep_actives.txt,617,
abilities,7_wave_howl_of_terror,duration,10.0,AbilityValues,game/scripts/npc/abilities/normal_mode_creep_actives.txt,618,
abilities,7_wave_howl_of_terror,radius,800,AbilityValues,game/scripts/npc/abilities/normal_mode_creep_actives.txt,619,
abilities,8_wave_storm_bolt,AbilityCastRange,1000,direct_field,game/scripts/npc/abilities/normal_mode_creep_actives.txt,685,
abilities,8_wave_storm_bolt,AbilityCastPoint,0.0,direct_field,game/scripts/npc/abilities/normal_mode_creep_actives.txt,686,
abilities,8_wave_storm_bolt,AbilityCooldown,5.0,direct_field,game/scripts/npc/abilities/normal_mode_creep_actives.txt,690,
abilities,8_wave_storm_bolt,AbilityDamage,400,direct_field,game/scripts/npc/abilities/normal_mode_creep_actives.txt,694,
abilities,8_wave_storm_bolt,AbilityManaCost,100,direct_field,game/scripts/npc/abilities/normal_mode_creep_actives.txt,698,
abilities,8_wave_storm_bolt,projectile_speed,1000,AbilityValues,game/scripts/npc/abilities/normal_mode_creep_actives.txt,704,
abilities,8_wave_storm_bolt,duration,3.0,AbilityValues,game/scripts/npc/abilities/normal_mode_creep_actives.txt,705,
abilities,8_wave_storm_bolt,damage,400,AbilityValues,game/scripts/npc/abilities/normal_mode_creep_actives.txt,706,
abilities,9_wave_frost_nova,AbilityCastRange,800,direct_field,game/scripts/npc/abilities/normal_mode_creep_actives.txt,755,
abilities,9_wave_frost_nova,AbilityCastPoint,0.3,direct_field,game/scripts/npc/abilities/normal_mode_creep_actives.txt,756,
abilities,9_wave_frost_nova,AbilityCooldown,12.0,direct_field,game/scripts/npc/abilities/normal_mode_creep_actives.txt,757,
abilities,9_wave_frost_nova,AbilityManaCost,125,direct_field,game/scripts/npc/abilities/normal_mode_creep_actives.txt,759,
abilities,9_wave_frost_nova,radius,200,AbilityValues,game/scripts/npc/abilities/normal_mode_creep_actives.txt,772,
abilities,9_wave_frost_nova,slow_movement_speed,-40,AbilityValues,game/scripts/npc/abilities/normal_mode_creep_actives.txt,773,
abilities,9_wave_frost_nova,slow_attack_speed,-25,AbilityValues,game/scripts/npc/abilities/normal_mode_creep_actives.txt,774,
abilities,9_wave_frost_nova,aoe_damage,400,AbilityValues,game/scripts/npc/abilities/normal_mode_creep_actives.txt,775,
abilities,9_wave_frost_nova,slow_hero_duration,6,AbilityValues,game/scripts/npc/abilities/normal_mode_creep_actives.txt,776,
abilities,10_wave_antimagic,AbilityCooldown,25,direct_field,game/scripts/npc/abilities/normal_mode_creep_actives.txt,821,
abilities,10_wave_antimagic,AbilityManaCost,300,direct_field,game/scripts/npc/abilities/normal_mode_creep_actives.txt,822,
abilities,10_wave_antimagic,AbilityCastPoint,0,direct_field,game/scripts/npc/abilities/normal_mode_creep_actives.txt,826,
abilities,10_wave_antimagic,duration,7,AbilityValues,game/scripts/npc/abilities/normal_mode_creep_actives.txt,836,
abilities,10_wave_slow,AbilityCooldown,5,direct_field,game/scripts/npc/abilities/normal_mode_creep_actives.txt,889,
abilities,10_wave_slow,AbilityCastRange,600,direct_field,game/scripts/npc/abilities/normal_mode_creep_actives.txt,890,
abilities,10_wave_slow,AbilityCastPoint,0.0,direct_field,game/scripts/npc/abilities/normal_mode_creep_actives.txt,891,
abilities,10_wave_slow,AbilityManaCost,150,direct_field,game/scripts/npc/abilities/normal_mode_creep_actives.txt,892,
abilities,10_wave_slow,cripple_attack_slow,-50,AbilityValues,game/scripts/npc/abilities/normal_mode_creep_actives.txt,898,
abilities,10_wave_slow,cripple_movespeed_slow_pct,-75,AbilityValues,game/scripts/npc/abilities/normal_mode_creep_actives.txt,899,
abilities,10_wave_slow,duration,10,AbilityValues,game/scripts/npc/abilities/normal_mode_creep_actives.txt,900,
abilities,10_wave_fire_golem,AbilityCastRange,1000,direct_field,game/scripts/npc/abilities/normal_mode_creep_actives.txt,942,
abilities,10_wave_fire_golem,AbilityCooldown,15.0,direct_field,game/scripts/npc/abilities/normal_mode_creep_actives.txt,943,
abilities,10_wave_fire_golem,AbilityManaCost,150,direct_field,game/scripts/npc/abilities/normal_mode_creep_actives.txt,944,
abilities,10_wave_fire_golem,infernal_duration,180,AbilityValues,game/scripts/npc/abilities/normal_mode_creep_actives.txt,957,
abilities,10_wave_fire_golem,stun_duration,2.0,AbilityValues,game/scripts/npc/abilities/normal_mode_creep_actives.txt,958,
abilities,10_wave_fire_golem,radius,250,AbilityValues,game/scripts/npc/abilities/normal_mode_creep_actives.txt,959,
abilities,10_wave_fire_golem,damage,200,AbilityValues,game/scripts/npc/abilities/normal_mode_creep_actives.txt,960,
abilities,10_wave_rejuvenation,AbilityCooldown,20.0,direct_field,game/scripts/npc/abilities/normal_mode_creep_actives.txt,1050,
abilities,10_wave_rejuvenation,AbilityManaCost,250,direct_field,game/scripts/npc/abilities/normal_mode_creep_actives.txt,1051,
abilities,10_wave_rejuvenation,heal,250,AbilityValues,game/scripts/npc/abilities/normal_mode_creep_actives.txt,1057,
abilities,10_wave_rejuvenation,duration,8,AbilityValues,game/scripts/npc/abilities/normal_mode_creep_actives.txt,1058,
abilities,11_wave_immolation,AbilityCastRange,220,direct_field,game/scripts/npc/abilities/normal_mode_creep_actives.txt,1112,
abilities,11_wave_immolation,AbilityManaCost,25,direct_field,game/scripts/npc/abilities/normal_mode_creep_actives.txt,1113,
abilities,11_wave_immolation,damage_per_second,60,AbilityValues,game/scripts/npc/abilities/normal_mode_creep_actives.txt,1125,
abilities,11_wave_immolation,mana_cost_per_second,25,AbilityValues,game/scripts/npc/abilities/normal_mode_creep_actives.txt,1126,
abilities,11_wave_immolation,radius,220,AbilityValues,game/scripts/npc/abilities/normal_mode_creep_actives.txt,1127,
abilities,12_wave_stomp,AbilityCooldown,10.0,direct_field,game/scripts/npc/abilities/normal_mode_creep_actives.txt,1190,
abilities,12_wave_stomp,AbilityManaCost,100,direct_field,game/scripts/npc/abilities/normal_mode_creep_actives.txt,1191,
abilities,12_wave_stomp,radius,200,AbilityValues,game/scripts/npc/abilities/normal_mode_creep_actives.txt,1197,
abilities,12_wave_stomp,stun_duration,2,AbilityValues,game/scripts/npc/abilities/normal_mode_creep_actives.txt,1198,
abilities,12_wave_stomp,stomp_damage,250,AbilityValues,game/scripts/npc/abilities/normal_mode_creep_actives.txt,1199,
abilities,12_wave_roots,AbilityCastRange,600,direct_field,game/scripts/npc/abilities/normal_mode_creep_actives.txt,1269,
abilities,12_wave_roots,AbilityCastPoint,0.4,direct_field,game/scripts/npc/abilities/normal_mode_creep_actives.txt,1270,
abilities,12_wave_roots,AbilityCooldown,9.0,direct_field,game/scripts/npc/abilities/normal_mode_creep_actives.txt,1271,
abilities,12_wave_roots,AbilityManaCost,100,direct_field,game/scripts/npc/abilities/normal_mode_creep_actives.txt,1273,
abilities,12_wave_roots,damage_per_second,90,AbilityValues,game/scripts/npc/abilities/normal_mode_creep_actives.txt,1285,
abilities,12_wave_roots,hero_duration,5,AbilityValues,game/scripts/npc/abilities/normal_mode_creep_actives.txt,1286,
abilities,12_wave_roots,creep_duration,5,AbilityValues,game/scripts/npc/abilities/normal_mode_creep_actives.txt,1287,
abilities,12_wave_bloodlust,AbilityCastPoint,0.0,direct_field,game/scripts/npc/abilities/normal_mode_creep_actives.txt,1357,
abilities,12_wave_bloodlust,AbilityCooldown,20.0,direct_field,game/scripts/npc/abilities/normal_mode_creep_actives.txt,1359,
abilities,12_wave_bloodlust,AbilityManaCost,150,direct_field,game/scripts/npc/abilities/normal_mode_creep_actives.txt,1361,
abilities,12_wave_bloodlust,bonus_attack_speed,90,AbilityValues,game/scripts/npc/abilities/normal_mode_creep_actives.txt,1371,
abilities,12_wave_bloodlust,bonus_movement_speed,50,AbilityValues,game/scripts/npc/abilities/normal_mode_creep_actives.txt,1372,
abilities,12_wave_bloodlust,duration,15.0,AbilityValues,game/scripts/npc/abilities/normal_mode_creep_actives.txt,1373,
abilities,13_wave_hurl_boulder,AbilityCastRange,600,direct_field,game/scripts/npc/abilities/normal_mode_creep_actives.txt,1429,
abilities,13_wave_hurl_boulder,AbilityCastPoint,0.3,direct_field,game/scripts/npc/abilities/normal_mode_creep_actives.txt,1430,
abilities,13_wave_hurl_boulder,AbilityCooldown,12,direct_field,game/scripts/npc/abilities/normal_mode_creep_actives.txt,1434,
abilities,13_wave_hurl_boulder,AbilityDamage,100,direct_field,game/scripts/npc/abilities/normal_mode_creep_actives.txt,1438,
abilities,13_wave_hurl_boulder,AbilityManaCost,100,direct_field,game/scripts/npc/abilities/normal_mode_creep_actives.txt,1442,
abilities,13_wave_hurl_boulder,projectile_speed,1000,AbilityValues,game/scripts/npc/abilities/normal_mode_creep_actives.txt,1448,
abilities,13_wave_hurl_boulder,duration,2.0,AbilityValues,game/scripts/npc/abilities/normal_mode_creep_actives.txt,1449,
abilities,13_wave_hurl_boulder,damage,100,AbilityValues,game/scripts/npc/abilities/normal_mode_creep_actives.txt,1450,
abilities,14_wave_shadow_strike,AbilityCastRange,350,direct_field,game/scripts/npc/abilities/normal_mode_creep_actives.txt,1502,
abilities,14_wave_shadow_strike,AbilityCastPoint,0.3,direct_field,game/scripts/npc/abilities/normal_mode_creep_actives.txt,1503,
abilities,14_wave_shadow_strike,AbilityCooldown,15.0,direct_field,game/scripts/npc/abilities/normal_mode_creep_actives.txt,1504,
abilities,14_wave_shadow_strike,AbilityManaCost,200,direct_field,game/scripts/npc/abilities/normal_mode_creep_actives.txt,1506,
abilities,14_wave_shadow_strike,duration,6,AbilityValues,game/scripts/npc/abilities/normal_mode_creep_actives.txt,1522,
abilities,14_wave_shadow_strike,initial_damage,100,AbilityValues,game/scripts/npc/abilities/normal_mode_creep_actives.txt,1523,
abilities,14_wave_shadow_strike,damage_every_3sec,100,AbilityValues,game/scripts/npc/abilities/normal_mode_creep_actives.txt,1524,
abilities,14_wave_shadow_strike,all_slow,-20,AbilityValues,game/scripts/npc/abilities/normal_mode_creep_actives.txt,1525,
abilities,14_wave_storm_bolt,AbilityCastRange,900,direct_field,game/scripts/npc/abilities/normal_mode_creep_actives.txt,1631,
abilities,14_wave_storm_bolt,AbilityCastPoint,0.0,direct_field,game/scripts/npc/abilities/normal_mode_creep_actives.txt,1632,
abilities,14_wave_storm_bolt,AbilityCooldown,10.0,direct_field,game/scripts/npc/abilities/normal_mode_creep_actives.txt,1636,
abilities,14_wave_storm_bolt,AbilityManaCost,500,direct_field,game/scripts/npc/abilities/normal_mode_creep_actives.txt,1640,
abilities,14_wave_storm_bolt,projectile_speed,1000,AbilityValues,game/scripts/npc/abilities/normal_mode_creep_actives.txt,1646,
abilities,14_wave_storm_bolt,duration,4.0,AbilityValues,game/scripts/npc/abilities/normal_mode_creep_actives.txt,1647,
abilities,14_wave_storm_bolt,damage,750,AbilityValues,game/scripts/npc/abilities/normal_mode_creep_actives.txt,1648,
abilities,15_megaboss_illusions,AbilityCastPoint,0.65,direct_field,game/scripts/npc/abilities/normal_mode_creep_actives.txt,1705,
abilities,15_megaboss_illusions,AbilityCooldown,10,direct_field,game/scripts/npc/abilities/normal_mode_creep_actives.txt,1709,
abilities,15_megaboss_illusions,AbilityManaCost,250,direct_field,game/scripts/npc/abilities/normal_mode_creep_actives.txt,1713,
abilities,15_megaboss_illusions,illusion_duration,60,AbilityValues,game/scripts/npc/abilities/normal_mode_creep_actives.txt,1719,
abilities,15_megaboss_illusions,outgoing_damage,100,AbilityValues,game/scripts/npc/abilities/normal_mode_creep_actives.txt,1720,
abilities,15_megaboss_illusions,outgoing_damage_tooltip,100,AbilityValues,game/scripts/npc/abilities/normal_mode_creep_actives.txt,1721,
abilities,15_megaboss_illusions,incoming_damage,100,AbilityValues,game/scripts/npc/abilities/normal_mode_creep_actives.txt,1722,
abilities,15_megaboss_illusions,tooltip_incoming_damage_total_pct,100,AbilityValues,game/scripts/npc/abilities/normal_mode_creep_actives.txt,1723,
abilities,15_megaboss_illusions,images_count,2,AbilityValues,game/scripts/npc/abilities/normal_mode_creep_actives.txt,1724,
abilities,15_megaboss_illusions,invuln_duration,0.5,AbilityValues,game/scripts/npc/abilities/normal_mode_creep_actives.txt,1725,
abilities,15_megaboss_astral,AbilityCastRange,800,direct_field,game/scripts/npc/abilities/normal_mode_creep_actives.txt,1789,
abilities,15_megaboss_astral,AbilityCastPoint,0.0,direct_field,game/scripts/npc/abilities/normal_mode_creep_actives.txt,1790,
abilities,15_megaboss_astral,AbilityCooldown,20,direct_field,game/scripts/npc/abilities/normal_mode_creep_actives.txt,1794,
abilities,15_megaboss_astral,AbilityManaCost,200,direct_field,game/scripts/npc/abilities/normal_mode_creep_actives.txt,1799,
abilities,15_megaboss_astral,reduce_spell_damage_pct,-40,AbilityValues,game/scripts/npc/abilities/normal_mode_creep_actives.txt,1805,
abilities,15_megaboss_astral,reduce_movement_speed,-100,AbilityValues,game/scripts/npc/abilities/normal_mode_creep_actives.txt,1806,
abilities,15_megaboss_astral,duration_on_hero,8.0,AbilityValues,game/scripts/npc/abilities/normal_mode_creep_actives.txt,1807,
abilities,15_megaboss_astral,duration_on_other,8.0,AbilityValues,game/scripts/npc/abilities/normal_mode_creep_actives.txt,1808,
abilities,15_megaboss_silence,AbilityCastPoint,0.2,direct_field,game/scripts/npc/abilities/normal_mode_creep_actives.txt,1915,
abilities,15_megaboss_silence,AbilityCooldown,14,direct_field,game/scripts/npc/abilities/normal_mode_creep_actives.txt,1916,
abilities,15_megaboss_silence,AbilityManaCost,200,direct_field,game/scripts/npc/abilities/normal_mode_creep_actives.txt,1917,
abilities,15_megaboss_silence,AbilityCastRange,1000,direct_field,game/scripts/npc/abilities/normal_mode_creep_actives.txt,1918,
abilities,15_megaboss_silence,radius,800,AbilityValues,game/scripts/npc/abilities/normal_mode_creep_actives.txt,1923,
abilities,15_megaboss_silence,duration,7,AbilityValues,game/scripts/npc/abilities/normal_mode_creep_actives.txt,1924,
abilities,wave_16_mana_burn,AbilityCastRange,500,direct_field,game/scripts/npc/abilities/normal_mode_creep_actives.txt,1996,
abilities,wave_16_mana_burn,AbilityCastPoint,0.3,direct_field,game/scripts/npc/abilities/normal_mode_creep_actives.txt,1997,
abilities,wave_16_mana_burn,AbilityCooldown,7.0,direct_field,game/scripts/npc/abilities/normal_mode_creep_actives.txt,1998,
abilities,wave_16_mana_burn,AbilityManaCost,90,direct_field,game/scripts/npc/abilities/normal_mode_creep_actives.txt,1999,
abilities,wave_16_mana_burn,mana_burn,250,AbilityValues,game/scripts/npc/abilities/normal_mode_creep_actives.txt,2008,
abilities,wave_16_mana_burn,damage_per_mana,1,AbilityValues,game/scripts/npc/abilities/normal_mode_creep_actives.txt,2009,
abilities,16_wave_slow,AbilityCooldown,8,direct_field,game/scripts/npc/abilities/normal_mode_creep_actives.txt,2025,
abilities,16_wave_slow,AbilityCastRange,600,direct_field,game/scripts/npc/abilities/normal_mode_creep_actives.txt,2026,
abilities,16_wave_slow,AbilityCastPoint,0.0,direct_field,game/scripts/npc/abilities/normal_mode_creep_actives.txt,2027,
abilities,16_wave_slow,AbilityManaCost,50,direct_field,game/scripts/npc/abilities/normal_mode_creep_actives.txt,2028,
abilities,16_wave_slow,attack_slow,-25,AbilityValues,game/scripts/npc/abilities/normal_mode_creep_actives.txt,2039,
abilities,16_wave_slow,movespeed_slow_pct,-50,AbilityValues,game/scripts/npc/abilities/normal_mode_creep_actives.txt,2040,
abilities,16_wave_slow,hero_duration,10,AbilityValues,game/scripts/npc/abilities/normal_mode_creep_actives.txt,2041,
abilities,16_wave_slow,duration,20,AbilityValues,game/scripts/npc/abilities/normal_mode_creep_actives.txt,2042,
abilities,17_wave_purge,AbilityCastRange,700,direct_field,game/scripts/npc/abilities/normal_mode_creep_actives.txt,2088,
abilities,17_wave_purge,AbilityCastPoint,0,direct_field,game/scripts/npc/abilities/normal_mode_creep_actives.txt,2089,
abilities,17_wave_purge,AbilityCooldown,12,direct_field,game/scripts/npc/abilities/normal_mode_creep_actives.txt,2090,
abilities,17_wave_purge,AbilityManaCost,75,direct_field,game/scripts/npc/abilities/normal_mode_creep_actives.txt,2091,
abilities,17_wave_purge,duration,10,AbilityValues,game/scripts/npc/abilities/normal_mode_creep_actives.txt,2095,
abilities,17_wave_purge,duration_hero,10,AbilityValues,game/scripts/npc/abilities/normal_mode_creep_actives.txt,2096,
abilities,17_wave_purge,summoned_unit_damage,1000,AbilityValues,game/scripts/npc/abilities/normal_mode_creep_actives.txt,2097,
abilities,17_wave_purge,slow_per_stack,-20,AbilityValues,game/scripts/npc/abilities/normal_mode_creep_actives.txt,2098,
abilities,17_wave_purge,stack_multi,5,AbilityValues,game/scripts/npc/abilities/normal_mode_creep_actives.txt,2099,
abilities,17_wave_purge,think_interval,1,AbilityValues,game/scripts/npc/abilities/normal_mode_creep_actives.txt,2100,
abilities,18_wave_silence,AbilityCastPoint,0.2,direct_field,game/scripts/npc/abilities/normal_mode_creep_actives.txt,2182,
abilities,18_wave_silence,AbilityCooldown,20,direct_field,game/scripts/npc/abilities/normal_mode_creep_actives.txt,2183,
abilities,18_wave_silence,AbilityManaCost,150,direct_field,game/scripts/npc/abilities/normal_mode_creep_actives.txt,2184,
abilities,18_wave_silence,AbilityCastRange,700,direct_field,game/scripts/npc/abilities/normal_mode_creep_actives.txt,2185,
abilities,18_wave_silence,radius,300,AbilityValues,game/scripts/npc/abilities/normal_mode_creep_actives.txt,2191,
abilities,18_wave_silence,duration,4,AbilityValues,game/scripts/npc/abilities/normal_mode_creep_actives.txt,2192,
abilities,19_wave_polymorph,AbilityCastPoint,0.1,direct_field,game/scripts/npc/abilities/normal_mode_creep_actives.txt,2262,1
abilities,19_wave_polymorph,AbilityCastRange,500,direct_field,game/scripts/npc/abilities/normal_mode_creep_actives.txt,2263,1
abilities,19_wave_polymorph,AbilityCooldown,15,direct_field,game/scripts/npc/abilities/normal_mode_creep_actives.txt,2264,1
abilities,19_wave_polymorph,AbilityManaCost,200,direct_field,game/scripts/npc/abilities/normal_mode_creep_actives.txt,2265,1
abilities,19_wave_polymorph,duration,6,AbilityValues,game/scripts/npc/abilities/normal_mode_creep_actives.txt,2275,1
abilities,19_wave_polymorph,movespeed,100,AbilityValues,game/scripts/npc/abilities/normal_mode_creep_actives.txt,2276,1
abilities,19_wave_faerie_fire,AbilityCastRange,700,direct_field,game/scripts/npc/abilities/normal_mode_creep_actives.txt,2364,1
abilities,19_wave_faerie_fire,AbilityCastPoint,0,direct_field,game/scripts/npc/abilities/normal_mode_creep_actives.txt,2365,1
abilities,19_wave_faerie_fire,AbilityCooldown,4,direct_field,game/scripts/npc/abilities/normal_mode_creep_actives.txt,2366,1
abilities,19_wave_faerie_fire,AbilityManaCost,100,direct_field,game/scripts/npc/abilities/normal_mode_creep_actives.txt,2367,1
abilities,19_wave_faerie_fire,duration,10,AbilityValues,game/scripts/npc/abilities/normal_mode_creep_actives.txt,2371,1
abilities,19_wave_faerie_fire,hero_duration,10,AbilityValues,game/scripts/npc/abilities/normal_mode_creep_actives.txt,2372,1
abilities,19_wave_faerie_fire,armor_reduction,-30,AbilityValues,game/scripts/npc/abilities/normal_mode_creep_actives.txt,2373,1
abilities,orn_mutant_boss_slow,AbilityCooldown,99999,direct_field,game/scripts/npc/abilities/normal_mode_creep_actives.txt,2430,
abilities,orn_mutant_boss_slow,AbilityCastRange,600,direct_field,game/scripts/npc/abilities/normal_mode_creep_actives.txt,2431,
abilities,orn_mutant_boss_slow,AbilityCastPoint,0.0,direct_field,game/scripts/npc/abilities/normal_mode_creep_actives.txt,2432,
abilities,orn_mutant_boss_slow,AbilityManaCost,0,direct_field,game/scripts/npc/abilities/normal_mode_creep_actives.txt,2433,
abilities,orn_mutant_boss_slow,cripple_attack_slow,-25,AbilityValues,game/scripts/npc/abilities/normal_mode_creep_actives.txt,2439,
abilities,orn_mutant_boss_slow,cripple_movespeed_slow_pct,-75,AbilityValues,game/scripts/npc/abilities/normal_mode_creep_actives.txt,2440,
abilities,orn_mutant_boss_slow,duration,10,AbilityValues,game/scripts/npc/abilities/normal_mode_creep_actives.txt,2441,
abilities,true_sight,radius,1100,AbilityValues,game/scripts/npc/abilities/normal_mode_creep_passives.txt,15,
abilities,wave_1_poison,movement_slow,-15,AbilityValues,game/scripts/npc/abilities/normal_mode_creep_passives.txt,114,
abilities,wave_1_poison,attack_slow,-15,AbilityValues,game/scripts/npc/abilities/normal_mode_creep_passives.txt,115,
abilities,wave_1_poison,damage_per_second,0,AbilityValues,game/scripts/npc/abilities/normal_mode_creep_passives.txt,116,
abilities,wave_1_poison,duration,4,AbilityValues,game/scripts/npc/abilities/normal_mode_creep_passives.txt,117,
abilities,wave_2_aura_of_vengeance,AbilityCastRange,1000,direct_field,game/scripts/npc/abilities/normal_mode_creep_passives.txt,133,1
abilities,wave_2_aura_of_vengeance,damage_return,20,AbilityValues,game/scripts/npc/abilities/normal_mode_creep_passives.txt,137,1
abilities,wave_2_aura_of_vengeance,radius,1000,AbilityValues,game/scripts/npc/abilities/normal_mode_creep_passives.txt,138,1
abilities,wave_2_centaurs_revenge,damage_return,10,AbilityValues,game/scripts/npc/abilities/normal_mode_creep_passives.txt,153,
abilities,wave_3_evasion,evasion,25,AbilityValues,game/scripts/npc/abilities/normal_mode_creep_passives.txt,169,
abilities,4_wave_true_hit,strike_chance,15,AbilityValues,game/scripts/npc/abilities/normal_mode_creep_passives.txt,188,
abilities,4_wave_true_hit,damage,15,AbilityValues,game/scripts/npc/abilities/normal_mode_creep_passives.txt,189,
abilities,megaboss_5_bash,bash_chance,16,AbilityValues,game/scripts/npc/abilities/normal_mode_creep_passives.txt,273,
abilities,megaboss_5_bash,bash_duration,2.0,AbilityValues,game/scripts/npc/abilities/normal_mode_creep_passives.txt,274,
abilities,megaboss_5_bash,bash_damage,100,AbilityValues,game/scripts/npc/abilities/normal_mode_creep_passives.txt,275,
abilities,megaboss_5_crit,crit_multiplier,200,AbilityValues,game/scripts/npc/abilities/normal_mode_creep_passives.txt,294,
abilities,megaboss_5_crit,crit_chance,32,AbilityValues,game/scripts/npc/abilities/normal_mode_creep_passives.txt,295,
abilities,6_wave_spell_resist,resist,25,AbilityValues,game/scripts/npc/abilities/normal_mode_creep_passives.txt,314,
abilities,wave_6_assassin,crit_multiplier,150,AbilityValues,game/scripts/npc/abilities/normal_mode_creep_passives.txt,345,
abilities,wave_6_assassin,crit_chance,15,AbilityValues,game/scripts/npc/abilities/normal_mode_creep_passives.txt,346,
abilities,wave_6_assassin,evasion,15,AbilityValues,game/scripts/npc/abilities/normal_mode_creep_passives.txt,347,
abilities,wave_6_invisibility,delay,1,AbilityValues,game/scripts/npc/abilities/normal_mode_creep_passives.txt,370,
abilities,wave_6_invisibility,duration,60,AbilityValues,game/scripts/npc/abilities/normal_mode_creep_passives.txt,371,
abilities,7_wave_sharp_claws,armor_reduction,-5,AbilityValues,game/scripts/npc/abilities/normal_mode_creep_passives.txt,391,
abilities,7_wave_sharp_claws,duration,0.01,AbilityValues,game/scripts/npc/abilities/normal_mode_creep_passives.txt,392,
abilities,7_wave_plague,radius,250,AbilityValues,game/scripts/npc/abilities/normal_mode_creep_passives.txt,442,
abilities,7_wave_plague,immunity_time,2,AbilityValues,game/scripts/npc/abilities/normal_mode_creep_passives.txt,443,
abilities,7_wave_plague,damage,40,AbilityValues,game/scripts/npc/abilities/normal_mode_creep_passives.txt,444,
abilities,7_wave_plague,plague_time,10,AbilityValues,game/scripts/npc/abilities/normal_mode_creep_passives.txt,445,
abilities,wave_8_lifesteal_aura,aura_radius,1000,AbilityValues,game/scripts/npc/abilities/normal_mode_creep_passives.txt,524,
abilities,wave_8_lifesteal_aura,aura_lifesteal_percent,75,AbilityValues,game/scripts/npc/abilities/normal_mode_creep_passives.txt,525,
abilities,wave_8_cleave,cleave_percent,50,AbilityValues,game/scripts/npc/abilities/normal_mode_creep_passives.txt,545,
abilities,wave_8_cleave,cleave_start_width,150,AbilityValues,game/scripts/npc/abilities/normal_mode_creep_passives.txt,546,
abilities,wave_8_cleave,cleave_end_width,200,AbilityValues,game/scripts/npc/abilities/normal_mode_creep_passives.txt,547,
abilities,wave_8_cleave,cleave_length,200,AbilityValues,game/scripts/npc/abilities/normal_mode_creep_passives.txt,548,
abilities,wave_9_morphallaxis,chance,30,AbilityValues,game/scripts/npc/abilities/normal_mode_creep_passives.txt,562,
abilities,wave_9_incorporeity,melee_damage_reduction,-15,AbilityValues,game/scripts/npc/abilities/normal_mode_creep_passives.txt,576,
abilities,wave_9_incorporeity,ranged_damage_reduction,-25,AbilityValues,game/scripts/npc/abilities/normal_mode_creep_passives.txt,577,
abilities,fire_golem_10_wave_megaboss_immolation,AbilityCastRange,220,direct_field,game/scripts/npc/abilities/normal_mode_creep_passives.txt,592,1
abilities,fire_golem_10_wave_megaboss_immolation,radius,220,AbilityValues,game/scripts/npc/abilities/normal_mode_creep_passives.txt,601,1
abilities,fire_golem_10_wave_megaboss_immolation,dps,10,AbilityValues,game/scripts/npc/abilities/normal_mode_creep_passives.txt,602,1
abilities,megaboss_10_return,damage_return,15,AbilityValues,game/scripts/npc/abilities/normal_mode_creep_passives.txt,653,
abilities,wave_11_cleave,cleave_percent,100,AbilityValues,game/scripts/npc/abilities/normal_mode_creep_passives.txt,672,
abilities,wave_11_cleave,cleave_start_width,150,AbilityValues,game/scripts/npc/abilities/normal_mode_creep_passives.txt,673,
abilities,wave_11_cleave,cleave_end_width,200,AbilityValues,game/scripts/npc/abilities/normal_mode_creep_passives.txt,674,
abilities,wave_11_cleave,cleave_length,200,AbilityValues,game/scripts/npc/abilities/normal_mode_creep_passives.txt,675,
abilities,wave_11_mana_break,mana_per_hit,30,AbilityValues,game/scripts/npc/abilities/normal_mode_creep_passives.txt,695,
abilities,wave_11_mana_break,damage_per_mana,1.0,AbilityValues,game/scripts/npc/abilities/normal_mode_creep_passives.txt,696,
abilities,wave_12_bash,bash_chance,30,AbilityValues,game/scripts/npc/abilities/normal_mode_creep_passives.txt,711,
abilities,wave_12_bash,bash_duration,2.0,AbilityValues,game/scripts/npc/abilities/normal_mode_creep_passives.txt,712,
abilities,wave_12_bash,bash_damage,250,AbilityValues,game/scripts/npc/abilities/normal_mode_creep_passives.txt,713,
abilities,wave_12_crit,crit_multiplier,200,AbilityValues,game/scripts/npc/abilities/normal_mode_creep_passives.txt,734,
abilities,wave_12_crit,crit_chance,25,AbilityValues,game/scripts/npc/abilities/normal_mode_creep_passives.txt,735,
abilities,wave_13_command_aura,AbilityCastRange,1000,direct_field,game/scripts/npc/abilities/normal_mode_creep_passives.txt,751,
abilities,wave_13_command_aura,bonus_damage_pct,40,AbilityValues,game/scripts/npc/abilities/normal_mode_creep_passives.txt,757,
abilities,wave_13_command_aura,aura_radius,1000,AbilityValues,game/scripts/npc/abilities/normal_mode_creep_passives.txt,758,
abilities,megaboss_15_ghoul_purge,damage_threshold,2500,AbilityValues,game/scripts/npc/abilities/normal_mode_creep_passives.txt,778,
abilities,megaboss_15_mana_break,mana_per_hit,200,AbilityValues,game/scripts/npc/abilities/normal_mode_creep_passives.txt,799,
abilities,megaboss_15_mana_break,damage_per_mana,1.0,AbilityValues,game/scripts/npc/abilities/normal_mode_creep_passives.txt,800,
abilities,wave_17_evasion,evasion,90,AbilityValues,game/scripts/npc/abilities/normal_mode_creep_passives.txt,814,
abilities,wave_18_bash,bash_chance,100,AbilityValues,game/scripts/npc/abilities/normal_mode_creep_passives.txt,829,
abilities,wave_18_bash,bash_duration,0.5,AbilityValues,game/scripts/npc/abilities/normal_mode_creep_passives.txt,830,
abilities,wave_18_bash,bash_damage,100,AbilityValues,game/scripts/npc/abilities/normal_mode_creep_passives.txt,831,
abilities,orn_all_bonuses,evasion,50,AbilityValues,game/scripts/npc/abilities/normal_mode_creep_passives.txt,877,
abilities,orn_all_bonuses,bonus_attack_speed,725,AbilityValues,game/scripts/npc/abilities/normal_mode_creep_passives.txt,878,
abilities,orn_all_bonuses,bonus_movement_speed_percent,150,AbilityValues,game/scripts/npc/abilities/normal_mode_creep_passives.txt,879,
abilities,orn_cleave_manabreak_lifesteal,cleave_radius,180.0,AbilityValues,game/scripts/npc/abilities/normal_mode_creep_passives.txt,906,
abilities,orn_cleave_manabreak_lifesteal,cleave_damage,100,AbilityValues,game/scripts/npc/abilities/normal_mode_creep_passives.txt,907,
abilities,orn_cleave_manabreak_lifesteal,lifesteal_percent,30,AbilityValues,game/scripts/npc/abilities/normal_mode_creep_passives.txt,908,
abilities,orn_mana_break,mana_per_hit,150,AbilityValues,game/scripts/npc/abilities/normal_mode_creep_passives.txt,980,
abilities,orn_mana_break,damage_per_mana,1.0,AbilityValues,game/scripts/npc/abilities/normal_mode_creep_passives.txt,981,
abilities,orn_bash,AbilityDamage,300,direct_field,game/scripts/npc/abilities/normal_mode_creep_passives.txt,993,
abilities,orn_bash,bash_chance,20,AbilityValues,game/scripts/npc/abilities/normal_mode_creep_passives.txt,1004,
abilities,orn_bash,stun_hero_duration,2.0,AbilityValues,game/scripts/npc/abilities/normal_mode_creep_passives.txt,1005,
abilities,orn_crit,crit_mult,250,AbilityValues,game/scripts/npc/abilities/normal_mode_creep_passives.txt,1082,
abilities,orn_crit,crit_chance,25,AbilityValues,game/scripts/npc/abilities/normal_mode_creep_passives.txt,1083,
abilities,orn_return,damage_return,30,AbilityValues,game/scripts/npc/abilities/normal_mode_creep_passives.txt,1157,
abilities,alchemist_fire_potion,AbilityCastRange,500,direct_field,game/scripts/npc/abilities/npc_lia_hero_alchemist.txt,19,3
abilities,alchemist_fire_potion,AbilityCastPoint,0.0,direct_field,game/scripts/npc/abilities/npc_lia_hero_alchemist.txt,20,3
abilities,alchemist_fire_potion,AbilityCooldown,8,direct_field,game/scripts/npc/abilities/npc_lia_hero_alchemist.txt,21,3
abilities,alchemist_fire_potion,AbilityManaCost,"[70, 90, 110]",direct_field,game/scripts/npc/abilities/npc_lia_hero_alchemist.txt,22,3
abilities,alchemist_fire_potion,damage,"[30, 60, 120]",AbilityValues,game/scripts/npc/abilities/npc_lia_hero_alchemist.txt,34,3
abilities,alchemist_fire_potion,self_damage,"[30, 60, 120]",AbilityValues,game/scripts/npc/abilities/npc_lia_hero_alchemist.txt,35,3
abilities,alchemist_fire_potion,wave_count,2,AbilityValues,game/scripts/npc/abilities/npc_lia_hero_alchemist.txt,36,3
abilities,alchemist_fire_potion,wave_count_scepter,4,AbilityValues,game/scripts/npc/abilities/npc_lia_hero_alchemist.txt,37,3
abilities,alchemist_fire_potion,delay_between_waves,0.2,AbilityValues,game/scripts/npc/abilities/npc_lia_hero_alchemist.txt,42,3
abilities,alchemist_fire_potion,delay_between_waves_scepters,0.1,AbilityValues,game/scripts/npc/abilities/npc_lia_hero_alchemist.txt,43,3
abilities,alchemist_fire_potion,projectile_distance,500,AbilityValues,game/scripts/npc/abilities/npc_lia_hero_alchemist.txt,48,3
abilities,alchemist_fire_potion,start_width,100,AbilityValues,game/scripts/npc/abilities/npc_lia_hero_alchemist.txt,49,3
abilities,alchemist_fire_potion,end_width,300,AbilityValues,game/scripts/npc/abilities/npc_lia_hero_alchemist.txt,50,3
abilities,alchemist_fire_potion,speed,1100,AbilityValues,game/scripts/npc/abilities/npc_lia_hero_alchemist.txt,51,3
abilities,alchemist_fire_potion,manacost_scepter,"[140, 180, 220]",AbilityValues,game/scripts/npc/abilities/npc_lia_hero_alchemist.txt,52,3
abilities,alchemist_swiftness_potion,AbilityCastRange,450,direct_field,game/scripts/npc/abilities/npc_lia_hero_alchemist.txt,76,3
abilities,alchemist_swiftness_potion,AbilityCastPoint,0.0,direct_field,game/scripts/npc/abilities/npc_lia_hero_alchemist.txt,77,3
abilities,alchemist_swiftness_potion,AbilityCooldown,8,direct_field,game/scripts/npc/abilities/npc_lia_hero_alchemist.txt,78,3
abilities,alchemist_swiftness_potion,AbilityManaCost,"[50, 70, 90]",direct_field,game/scripts/npc/abilities/npc_lia_hero_alchemist.txt,79,3
abilities,alchemist_swiftness_potion,damage,"[75, 150, 300]",AbilityValues,game/scripts/npc/abilities/npc_lia_hero_alchemist.txt,92,3
abilities,alchemist_swiftness_potion,bonus_attack_speed,"[30, 50, 70]",AbilityValues,game/scripts/npc/abilities/npc_lia_hero_alchemist.txt,93,3
abilities,alchemist_swiftness_potion,bonus_attack_speed_scepter,"[60, 100, 140]",AbilityValues,game/scripts/npc/abilities/npc_lia_hero_alchemist.txt,94,3
abilities,alchemist_swiftness_potion,duration,7,AbilityValues,game/scripts/npc/abilities/npc_lia_hero_alchemist.txt,99,3
abilities,alchemist_swiftness_potion,hit_width,120,AbilityValues,game/scripts/npc/abilities/npc_lia_hero_alchemist.txt,100,3
abilities,alchemist_swiftness_potion,distance,450,AbilityValues,game/scripts/npc/abilities/npc_lia_hero_alchemist.txt,101,3
abilities,alchemist_swiftness_potion,speed,850,AbilityValues,game/scripts/npc/abilities/npc_lia_hero_alchemist.txt,102,3
abilities,alchemist_swiftness_potion,enemy_knockback_distance,250,AbilityValues,game/scripts/npc/abilities/npc_lia_hero_alchemist.txt,103,3
abilities,alchemist_swiftness_potion,enemy_knockback_speed,500,AbilityValues,game/scripts/npc/abilities/npc_lia_hero_alchemist.txt,104,3
abilities,alchemist_swiftness_potion,manacost_scepter,"[100, 140, 180]",AbilityValues,game/scripts/npc/abilities/npc_lia_hero_alchemist.txt,105,3
abilities,alchemist_unity,bonus_stats_percentage,"[25, 50, 75]",AbilityValues,game/scripts/npc/abilities/npc_lia_hero_alchemist.txt,132,3
abilities,alchemist_side_effect,damage_per_second,"[30, 45, 60]",AbilityValues,game/scripts/npc/abilities/npc_lia_hero_alchemist.txt,162,3
abilities,alchemist_side_effect,radius,350,AbilityValues,game/scripts/npc/abilities/npc_lia_hero_alchemist.txt,163,3
abilities,alchemist_side_effect,movespeed_slow_percentage,"[-10, -15, -20]",AbilityValues,game/scripts/npc/abilities/npc_lia_hero_alchemist.txt,164,3
abilities,alchemist_side_effect,turn_rate_slow_percentage,"[-30, -40, -50]",AbilityValues,game/scripts/npc/abilities/npc_lia_hero_alchemist.txt,165,3
abilities,alchemist_side_effect,duration,6,AbilityValues,game/scripts/npc/abilities/npc_lia_hero_alchemist.txt,166,3
abilities,alchemist_side_effect,bonus_intelligence_explosion_damage_percentage,100,AbilityValues,game/scripts/npc/abilities/npc_lia_hero_alchemist.txt,167,3
abilities,alchemist_side_effect,base_strength_burn_damage_percentage,100,AbilityValues,game/scripts/npc/abilities/npc_lia_hero_alchemist.txt,172,3
abilities,alchemist_side_effect,stun_duration,1.5,AbilityValues,game/scripts/npc/abilities/npc_lia_hero_alchemist.txt,177,3
abilities,alchemist_side_effect,burn_duration,3,AbilityValues,game/scripts/npc/abilities/npc_lia_hero_alchemist.txt,182,3
abilities,alchemist_side_effect,potions_to_trigger,3,AbilityValues,game/scripts/npc/abilities/npc_lia_hero_alchemist.txt,187,3
abilities,alchemist_side_effect,charge_delay,0.5,AbilityValues,game/scripts/npc/abilities/npc_lia_hero_alchemist.txt,188,3
abilities,ancient_priestess_surge_of_intelligence,AbilityCooldown,16,direct_field,game/scripts/npc/abilities/npc_lia_hero_ancient_priestess.txt,17,3
abilities,ancient_priestess_surge_of_intelligence,AbilityManaCost,"[90, 180, 360]",direct_field,game/scripts/npc/abilities/npc_lia_hero_ancient_priestess.txt,18,3
abilities,ancient_priestess_surge_of_intelligence,AbilityCastRange,500,direct_field,game/scripts/npc/abilities/npc_lia_hero_ancient_priestess.txt,19,3
abilities,ancient_priestess_surge_of_intelligence,AbilityCastPoint,0.5,direct_field,game/scripts/npc/abilities/npc_lia_hero_ancient_priestess.txt,23,3
abilities,ancient_priestess_surge_of_intelligence,radius_damage,500,AbilityValues,game/scripts/npc/abilities/npc_lia_hero_ancient_priestess.txt,33,3
abilities,ancient_priestess_surge_of_intelligence,koef_damage,"[3, 6, 9]",AbilityValues,game/scripts/npc/abilities/npc_lia_hero_ancient_priestess.txt,34,3
abilities,ancient_priestess_spirit_link,AbilityCastRange,800,direct_field,game/scripts/npc/abilities/npc_lia_hero_ancient_priestess.txt,78,3
abilities,ancient_priestess_spirit_link,AbilityCastPoint,0,direct_field,game/scripts/npc/abilities/npc_lia_hero_ancient_priestess.txt,79,3
abilities,ancient_priestess_spirit_link,AbilityCooldown,20,direct_field,game/scripts/npc/abilities/npc_lia_hero_ancient_priestess.txt,80,3
abilities,ancient_priestess_spirit_link,AbilityManaCost,"[60, 70, 80]",direct_field,game/scripts/npc/abilities/npc_lia_hero_ancient_priestess.txt,81,3
abilities,ancient_priestess_spirit_link,radius,800,AbilityValues,game/scripts/npc/abilities/npc_lia_hero_ancient_priestess.txt,91,3
abilities,ancient_priestess_spirit_link,distribution_factor,0.5,AbilityValues,game/scripts/npc/abilities/npc_lia_hero_ancient_priestess.txt,92,3
abilities,ancient_priestess_spirit_link,distribution_tooltip,50,AbilityValues,game/scripts/npc/abilities/npc_lia_hero_ancient_priestess.txt,93,3
abilities,ancient_priestess_spirit_link,max_unit,"[3, 6, 9]",AbilityValues,game/scripts/npc/abilities/npc_lia_hero_ancient_priestess.txt,94,3
abilities,ancient_priestess_spirit_link,heal_value,"[15, 25, 35]",AbilityValues,game/scripts/npc/abilities/npc_lia_hero_ancient_priestess.txt,95,3
abilities,ancient_priestess_spirit_link,duration,15,AbilityValues,game/scripts/npc/abilities/npc_lia_hero_ancient_priestess.txt,96,3
abilities,ancient_priestess_mana_shield,AbilityManaCost,"[30, 60, 100]",direct_field,game/scripts/npc/abilities/npc_lia_hero_ancient_priestess.txt,113,3
abilities,ancient_priestess_mana_shield,AbilityCooldown,15,direct_field,game/scripts/npc/abilities/npc_lia_hero_ancient_priestess.txt,114,3
abilities,ancient_priestess_mana_shield,damage_per_mana,"[1, 2, 3]",AbilityValues,game/scripts/npc/abilities/npc_lia_hero_ancient_priestess.txt,120,3
abilities,ancient_priestess_mana_shield,damage_per_mana_scepter,"[2, 3, 4]",AbilityValues,game/scripts/npc/abilities/npc_lia_hero_ancient_priestess.txt,121,3
abilities,ancient_priestess_mana_shield,absorption_percent,75,AbilityValues,game/scripts/npc/abilities/npc_lia_hero_ancient_priestess.txt,126,3
abilities,ancient_priestess_mana_shield,absorption_percent_scepter,100,AbilityValues,game/scripts/npc/abilities/npc_lia_hero_ancient_priestess.txt,127,3
abilities,ancient_priestess_mana_shield,cooldown_scepter,5,AbilityValues,game/scripts/npc/abilities/npc_lia_hero_ancient_priestess.txt,132,3
abilities,ancient_priestess_ritual_protection,AbilityCastPoint,0,direct_field,game/scripts/npc/abilities/npc_lia_hero_ancient_priestess.txt,156,3
abilities,ancient_priestess_ritual_protection,AbilityCooldown,"[40, 35, 30]",direct_field,game/scripts/npc/abilities/npc_lia_hero_ancient_priestess.txt,157,3
abilities,ancient_priestess_ritual_protection,AbilityCastRange,600,direct_field,game/scripts/npc/abilities/npc_lia_hero_ancient_priestess.txt,158,3
abilities,ancient_priestess_ritual_protection,AbilityManaCost,150,direct_field,game/scripts/npc/abilities/npc_lia_hero_ancient_priestess.txt,159,3
abilities,ancient_priestess_ritual_protection,damage_absorb,"[400, 500, 600]",AbilityValues,game/scripts/npc/abilities/npc_lia_hero_ancient_priestess.txt,172,3
abilities,ancient_priestess_ritual_protection,damage_absorb_scepter,"[800, 1000, 1200]",AbilityValues,game/scripts/npc/abilities/npc_lia_hero_ancient_priestess.txt,173,3
abilities,ancient_priestess_ritual_protection,radius,600,AbilityValues,game/scripts/npc/abilities/npc_lia_hero_ancient_priestess.txt,178,3
abilities,ancient_priestess_ritual_protection,duration,15,AbilityValues,game/scripts/npc/abilities/npc_lia_hero_ancient_priestess.txt,179,3
abilities,android_war_stomp,AbilityCooldown,10.0,direct_field,game/scripts/npc/abilities/npc_lia_hero_android.txt,16,3
abilities,android_war_stomp,AbilityManaCost,"[60, 70, 80]",direct_field,game/scripts/npc/abilities/npc_lia_hero_android.txt,17,3
abilities,android_war_stomp,AbilityCastPoint,0.2,direct_field,game/scripts/npc/abilities/npc_lia_hero_android.txt,18,3
abilities,android_war_stomp,AbilityCastRange,500,direct_field,game/scripts/npc/abilities/npc_lia_hero_android.txt,20,3
abilities,android_war_stomp,radius,500,AbilityValues,game/scripts/npc/abilities/npc_lia_hero_android.txt,30,3
abilities,android_war_stomp,stun_duration,"[1.5, 2, 2.5]",AbilityValues,game/scripts/npc/abilities/npc_lia_hero_android.txt,31,3
abilities,android_war_stomp,damage,"[60, 120, 240]",AbilityValues,game/scripts/npc/abilities/npc_lia_hero_android.txt,32,3
abilities,android_pocket_factory,AbilityCastRange,500,direct_field,game/scripts/npc/abilities/npc_lia_hero_android.txt,104,3
abilities,android_pocket_factory,AbilityCastPoint,0.3,direct_field,game/scripts/npc/abilities/npc_lia_hero_android.txt,105,3
abilities,android_pocket_factory,AbilityCooldown,"[40, 35, 30]",direct_field,game/scripts/npc/abilities/npc_lia_hero_android.txt,106,3
abilities,android_pocket_factory,AbilityManaCost,"[75, 125, 175]",direct_field,game/scripts/npc/abilities/npc_lia_hero_android.txt,108,3
abilities,android_pocket_factory,factory_duration,18,AbilityValues,game/scripts/npc/abilities/npc_lia_hero_android.txt,132,3
abilities,android_pocket_factory,goblin_hp,"[125, 400, 700]",AbilityValues,game/scripts/npc/abilities/npc_lia_hero_android.txt,133,3
abilities,android_pocket_factory,goblin_damage,"[10, 43, 76]",AbilityValues,game/scripts/npc/abilities/npc_lia_hero_android.txt,134,3
abilities,android_pocket_factory_spawn_goblin,AbilityCooldown,2.0,direct_field,game/scripts/npc/abilities/npc_lia_hero_android.txt,162,1
abilities,android_pocket_factory_spawn_goblin,goblin_duration,10,AbilityValues,game/scripts/npc/abilities/npc_lia_hero_android.txt,166,1
abilities,android_pocket_factory_spawn_goblin,spawn_ratio,2.0,AbilityValues,game/scripts/npc/abilities/npc_lia_hero_android.txt,167,1
abilities,android_clockwerk_goblin_kaboom,AbilityCastRange,100,direct_field,game/scripts/npc/abilities/npc_lia_hero_android.txt,201,3
abilities,android_clockwerk_goblin_kaboom,AbilityCastPoint,0.0,direct_field,game/scripts/npc/abilities/npc_lia_hero_android.txt,202,3
abilities,android_clockwerk_goblin_kaboom,AbilityDamage,"[30, 60, 80]",direct_field,game/scripts/npc/abilities/npc_lia_hero_android.txt,204,3
abilities,android_clockwerk_goblin_kaboom,small_radius,100,AbilityValues,game/scripts/npc/abilities/npc_lia_hero_android.txt,208,3
abilities,android_clockwerk_goblin_kaboom,big_radius,250,AbilityValues,game/scripts/npc/abilities/npc_lia_hero_android.txt,209,3
abilities,android_clockwerk_goblin_kaboom,big_radius_dmg,0.5,AbilityValues,game/scripts/npc/abilities/npc_lia_hero_android.txt,210,3
abilities,android_armor,damage_block,"[20, 40, 80]",AbilityValues,game/scripts/npc/abilities/npc_lia_hero_android.txt,261,3
abilities,android_armor,min_damage,15,AbilityValues,game/scripts/npc/abilities/npc_lia_hero_android.txt,262,3
abilities,android_cluster_rockets,AbilityCastRange,1500,direct_field,game/scripts/npc/abilities/npc_lia_hero_android.txt,284,3
abilities,android_cluster_rockets,AbilityCastPoint,0.3,direct_field,game/scripts/npc/abilities/npc_lia_hero_android.txt,285,3
abilities,android_cluster_rockets,AbilityCooldown,40.0,direct_field,game/scripts/npc/abilities/npc_lia_hero_android.txt,286,3
abilities,android_cluster_rockets,AbilityManaCost,"[100, 175, 250]",direct_field,game/scripts/npc/abilities/npc_lia_hero_android.txt,288,3
abilities,android_cluster_rockets,AbilityChannelTime,1.01,direct_field,game/scripts/npc/abilities/npc_lia_hero_android.txt,290,3
abilities,android_cluster_rockets,damage,"[60, 120, 240]",AbilityValues,game/scripts/npc/abilities/npc_lia_hero_android.txt,303,3
abilities,android_cluster_rockets,projectile_count,"[6, 12, 18]",AbilityValues,game/scripts/npc/abilities/npc_lia_hero_android.txt,304,3
abilities,android_cluster_rockets,stun_duration,1,AbilityValues,game/scripts/npc/abilities/npc_lia_hero_android.txt,305,3
abilities,android_cluster_rockets,radius,"[250, 300, 350]",AbilityValues,game/scripts/npc/abilities/npc_lia_hero_android.txt,306,3
abilities,android_cluster_rockets,projectile_speed,700,AbilityValues,game/scripts/npc/abilities/npc_lia_hero_android.txt,307,3
abilities,android_cluster_rockets,projectile_radius,100,AbilityValues,game/scripts/npc/abilities/npc_lia_hero_android.txt,308,3
abilities,android_cluster_rockets,projectile_interval,"[0.16, 0.084, 0.056]",AbilityValues,game/scripts/npc/abilities/npc_lia_hero_android.txt,309,3
abilities,android_pocket_factory_spawn_goblin1,bash_chance,8,AbilityValues,game/scripts/npc/abilities/npc_lia_hero_android.txt,323,
abilities,android_pocket_factory_spawn_goblin1,stun_hero_duration,0.5,AbilityValues,game/scripts/npc/abilities/npc_lia_hero_android.txt,324,
abilities,android_pocket_factory_spawn_goblin2,bash_chance,10,AbilityValues,game/scripts/npc/abilities/npc_lia_hero_android.txt,376,
abilities,android_pocket_factory_spawn_goblin2,stun_hero_duration,0.5,AbilityValues,game/scripts/npc/abilities/npc_lia_hero_android.txt,377,
abilities,android_pocket_factory_spawn_goblin3,bash_chance,12,AbilityValues,game/scripts/npc/abilities/npc_lia_hero_android.txt,429,
abilities,android_pocket_factory_spawn_goblin3,stun_hero_duration,0.5,AbilityValues,game/scripts/npc/abilities/npc_lia_hero_android.txt,430,
abilities,araman_curse,AbilityCooldown,"[15, 13, 11]",direct_field,game/scripts/npc/abilities/npc_lia_hero_araman.txt,13,3
abilities,araman_curse,AbilityCastRange,"[400, 500, 600]",direct_field,game/scripts/npc/abilities/npc_lia_hero_araman.txt,14,3
abilities,araman_curse,AbilityManaCost,"[70, 90, 100]",direct_field,game/scripts/npc/abilities/npc_lia_hero_araman.txt,15,3
abilities,araman_curse,AbilityCastPoint,0.4,direct_field,game/scripts/npc/abilities/npc_lia_hero_araman.txt,16,3
abilities,araman_curse,radius,"[400, 500, 600]",AbilityValues,game/scripts/npc/abilities/npc_lia_hero_araman.txt,88,3
abilities,araman_curse,full_damage_radius,150,AbilityValues,game/scripts/npc/abilities/npc_lia_hero_araman.txt,89,3
abilities,araman_curse,damage,"[100, 200, 400]",AbilityValues,game/scripts/npc/abilities/npc_lia_hero_araman.txt,90,3
abilities,araman_curse,stun_chance,50,AbilityValues,game/scripts/npc/abilities/npc_lia_hero_araman.txt,91,3
abilities,araman_curse,stun_duration,2,AbilityValues,game/scripts/npc/abilities/npc_lia_hero_araman.txt,92,3
abilities,araman_armor_of_darkness,incoming_damage_percentage,"[-10, -15, -20]",AbilityValues,game/scripts/npc/abilities/npc_lia_hero_araman.txt,110,3
abilities,araman_armor_of_darkness,bonus_armor,"[4, 8, 12]",AbilityValues,game/scripts/npc/abilities/npc_lia_hero_araman.txt,111,3
abilities,araman_morale,AbilityCastRange,800,direct_field,game/scripts/npc/abilities/npc_lia_hero_araman.txt,128,3
abilities,araman_morale,radius,800,AbilityValues,game/scripts/npc/abilities/npc_lia_hero_araman.txt,132,3
abilities,araman_morale,bonus_damage_percentage,"[20, 30, 40]",AbilityValues,game/scripts/npc/abilities/npc_lia_hero_araman.txt,133,3
abilities,araman_power_of_scourge,AbilityCooldown,70.0,direct_field,game/scripts/npc/abilities/npc_lia_hero_araman.txt,151,3
abilities,araman_power_of_scourge,AbilityDuration,25.0,direct_field,game/scripts/npc/abilities/npc_lia_hero_araman.txt,152,3
abilities,araman_power_of_scourge,AbilityManaCost,"[100, 150, 200]",direct_field,game/scripts/npc/abilities/npc_lia_hero_araman.txt,153,3
abilities,araman_power_of_scourge,bonus_attack_speed,"[50, 70, 90]",AbilityValues,game/scripts/npc/abilities/npc_lia_hero_araman.txt,162,3
abilities,araman_power_of_scourge,bonus_move_speed,"[30, 50, 70]",AbilityValues,game/scripts/npc/abilities/npc_lia_hero_araman.txt,163,3
abilities,araman_power_of_scourge,damage_per_attack,"[20, 30, 40]",AbilityValues,game/scripts/npc/abilities/npc_lia_hero_araman.txt,164,3
abilities,araman_power_of_scourge,damage_stack_max,"[11, 13, 15]",AbilityValues,game/scripts/npc/abilities/npc_lia_hero_araman.txt,165,3
abilities,araman_power_of_scourge,sum_damage_tooltip,"[220, 420, 600]",AbilityValues,game/scripts/npc/abilities/npc_lia_hero_araman.txt,166,3
abilities,archmage_shooting_star,AbilityCastRange,700,direct_field,game/scripts/npc/abilities/npc_lia_hero_archmage.txt,21,3
abilities,archmage_shooting_star,AbilityCastPoint,0.0,direct_field,game/scripts/npc/abilities/npc_lia_hero_archmage.txt,22,3
abilities,archmage_shooting_star,AbilityCooldown,4,direct_field,game/scripts/npc/abilities/npc_lia_hero_archmage.txt,26,3
abilities,archmage_shooting_star,AbilityManaCost,"[50, 75, 100]",direct_field,game/scripts/npc/abilities/npc_lia_hero_archmage.txt,30,3
abilities,archmage_shooting_star,initial_damage,"[100, 150, 200]",AbilityValues,game/scripts/npc/abilities/npc_lia_hero_archmage.txt,45,3
abilities,archmage_shooting_star,initial_damage_scepter,"[150, 200, 250]",AbilityValues,game/scripts/npc/abilities/npc_lia_hero_archmage.txt,46,3
abilities,archmage_shooting_star,damage_per_charge,"[20, 30, 40]",AbilityValues,game/scripts/npc/abilities/npc_lia_hero_archmage.txt,51,3
abilities,archmage_shooting_star,damage_per_charge_scepter,"[30, 40, 50]",AbilityValues,game/scripts/npc/abilities/npc_lia_hero_archmage.txt,52,3
abilities,archmage_shooting_star,manacost_per_charge,"[10, 15, 20]",AbilityValues,game/scripts/npc/abilities/npc_lia_hero_archmage.txt,57,3
abilities,archmage_shooting_star,manacost_per_charge_scepter,"[20, 25, 30]",AbilityValues,game/scripts/npc/abilities/npc_lia_hero_archmage.txt,58,3
abilities,archmage_shooting_star,charge_duration,35.0,AbilityValues,game/scripts/npc/abilities/npc_lia_hero_archmage.txt,63,3
abilities,archmage_shooting_star,charge_limit,"[4, 6, 8]",AbilityValues,game/scripts/npc/abilities/npc_lia_hero_archmage.txt,64,3
abilities,archmage_shooting_star,starfall_delay,0.57,AbilityValues,game/scripts/npc/abilities/npc_lia_hero_archmage.txt,65,3
abilities,archmage_shooting_star,initial_manacost,"[50, 100, 150]",AbilityValues,game/scripts/npc/abilities/npc_lia_hero_archmage.txt,66,3
abilities,archmage_shooting_star,initial_manacost_scepter,"[100, 150, 200]",AbilityValues,game/scripts/npc/abilities/npc_lia_hero_archmage.txt,67,3
abilities,archmage_shooting_star,half_damage_radius,125,AbilityValues,game/scripts/npc/abilities/npc_lia_hero_archmage.txt,72,3
abilities,archmage_shooting_star,anomaly_radius,450,AbilityValues,game/scripts/npc/abilities/npc_lia_hero_archmage.txt,73,3
abilities,archmage_shooting_star,cooldown_scepter,2.5,AbilityValues,game/scripts/npc/abilities/npc_lia_hero_archmage.txt,74,3
abilities,archmage_polymorph,AbilityCastPoint,0.1,direct_field,game/scripts/npc/abilities/npc_lia_hero_archmage.txt,96,3
abilities,archmage_polymorph,AbilityCastRange,700,direct_field,game/scripts/npc/abilities/npc_lia_hero_archmage.txt,97,3
abilities,archmage_polymorph,AbilityCooldown,10,direct_field,game/scripts/npc/abilities/npc_lia_hero_archmage.txt,98,3
abilities,archmage_polymorph,AbilityManaCost,"[150, 200, 250]",direct_field,game/scripts/npc/abilities/npc_lia_hero_archmage.txt,99,3
abilities,archmage_polymorph,duration,"[2, 3, 4]",AbilityValues,game/scripts/npc/abilities/npc_lia_hero_archmage.txt,110,3
abilities,archmage_polymorph,hero_duration,"[1, 1.5, 2]",AbilityValues,game/scripts/npc/abilities/npc_lia_hero_archmage.txt,111,3
abilities,archmage_polymorph,movespeed,100,AbilityValues,game/scripts/npc/abilities/npc_lia_hero_archmage.txt,112,3
abilities,archmage_polymorph,anomaly_radius,450,AbilityValues,game/scripts/npc/abilities/npc_lia_hero_archmage.txt,113,3
abilities,archmage_polymorph,illusion_damage,"[500, 1000, 1500]",AbilityValues,game/scripts/npc/abilities/npc_lia_hero_archmage.txt,114,3
abilities,archmage_anomaly,AbilityCastRange,700,direct_field,game/scripts/npc/abilities/npc_lia_hero_archmage.txt,206,3
abilities,archmage_anomaly,AbilityCastPoint,0.3,direct_field,game/scripts/npc/abilities/npc_lia_hero_archmage.txt,207,3
abilities,archmage_anomaly,AbilityCooldown,60,direct_field,game/scripts/npc/abilities/npc_lia_hero_archmage.txt,208,3
abilities,archmage_anomaly,AbilityManaCost,"[250, 300, 350]",direct_field,game/scripts/npc/abilities/npc_lia_hero_archmage.txt,209,3
abilities,archmage_anomaly,duration,"[6, 8, 10]",AbilityValues,game/scripts/npc/abilities/npc_lia_hero_archmage.txt,222,3
abilities,archmage_anomaly,duration_scepter,"[8, 10, 12]",AbilityValues,game/scripts/npc/abilities/npc_lia_hero_archmage.txt,223,3
abilities,archmage_anomaly,radius,450,AbilityValues,game/scripts/npc/abilities/npc_lia_hero_archmage.txt,228,3
abilities,archmage_anomaly,manacost_scepter,"[300, 350, 400]",AbilityValues,game/scripts/npc/abilities/npc_lia_hero_archmage.txt,229,3
abilities,archmage_magic_barrier,AbilityCastRange,700,direct_field,game/scripts/npc/abilities/npc_lia_hero_archmage.txt,258,3
abilities,archmage_magic_barrier,AbilityCastPoint,0.0,direct_field,game/scripts/npc/abilities/npc_lia_hero_archmage.txt,259,3
abilities,archmage_magic_barrier,AbilityCooldown,5,direct_field,game/scripts/npc/abilities/npc_lia_hero_archmage.txt,263,3
abilities,archmage_magic_barrier,AbilityManaCost,0,direct_field,game/scripts/npc/abilities/npc_lia_hero_archmage.txt,267,3
abilities,archmage_magic_barrier,lol,"[45, 65, 85]",AbilityValues,game/scripts/npc/abilities/npc_lia_hero_archmage.txt,279,3
abilities,archmage_magic_barrier,lol1,5,AbilityValues,game/scripts/npc/abilities/npc_lia_hero_archmage.txt,280,3
abilities,beastmaster_dominate,AbilityCastRange,750,direct_field,game/scripts/npc/abilities/npc_lia_hero_beastmaster.txt,14,3
abilities,beastmaster_dominate,AbilityCastPoint,0.0,direct_field,game/scripts/npc/abilities/npc_lia_hero_beastmaster.txt,15,3
abilities,beastmaster_dominate,AbilityCooldown,"[26, 25, 24]",direct_field,game/scripts/npc/abilities/npc_lia_hero_beastmaster.txt,16,3
abilities,beastmaster_dominate,AbilityManaCost,100,direct_field,game/scripts/npc/abilities/npc_lia_hero_beastmaster.txt,17,3
abilities,beastmaster_dominate,radius,"[100, 125, 150]",AbilityValues,game/scripts/npc/abilities/npc_lia_hero_beastmaster.txt,27,3
abilities,beastmaster_dominate,duration,10,AbilityValues,game/scripts/npc/abilities/npc_lia_hero_beastmaster.txt,28,3
abilities,beastmaster_dominate,damage,"[90, 180, 270]",AbilityValues,game/scripts/npc/abilities/npc_lia_hero_beastmaster.txt,29,3
abilities,beastmaster_brutality,AbilityCastPoint,"[0.0, 0.0, 0.0, 0.0]",direct_field,game/scripts/npc/abilities/npc_lia_hero_beastmaster.txt,52,3
abilities,beastmaster_brutality,AbilityCooldown,"[24, 20, 16]",direct_field,game/scripts/npc/abilities/npc_lia_hero_beastmaster.txt,54,3
abilities,beastmaster_brutality,AbilityCastRange,400,direct_field,game/scripts/npc/abilities/npc_lia_hero_beastmaster.txt,55,3
abilities,beastmaster_brutality,AbilityManaCost,"[80, 90, 100]",direct_field,game/scripts/npc/abilities/npc_lia_hero_beastmaster.txt,56,3
abilities,beastmaster_brutality,bonus_attack_speed,"[30, 50, 70]",AbilityValues,game/scripts/npc/abilities/npc_lia_hero_beastmaster.txt,60,3
abilities,beastmaster_brutality,bonus_movement_speed,"[5, 10, 15]",AbilityValues,game/scripts/npc/abilities/npc_lia_hero_beastmaster.txt,61,3
abilities,beastmaster_brutality,radius,400,AbilityValues,game/scripts/npc/abilities/npc_lia_hero_beastmaster.txt,62,3
abilities,beastmaster_brutality,duration,8,AbilityValues,game/scripts/npc/abilities/npc_lia_hero_beastmaster.txt,63,3
abilities,beastmaster_help,heal_percent,"[15, 30, 45]",AbilityValues,game/scripts/npc/abilities/npc_lia_hero_beastmaster.txt,132,3
abilities,beastmaster_beasts,AbilityCastRange,400,direct_field,game/scripts/npc/abilities/npc_lia_hero_beastmaster.txt,148,3
abilities,beastmaster_beasts,AbilityCastPoint,0.3,direct_field,game/scripts/npc/abilities/npc_lia_hero_beastmaster.txt,149,3
abilities,beastmaster_beasts,AbilityCooldown,60,direct_field,game/scripts/npc/abilities/npc_lia_hero_beastmaster.txt,150,3
abilities,beastmaster_beasts,AbilityManaCost,120,direct_field,game/scripts/npc/abilities/npc_lia_hero_beastmaster.txt,152,3
abilities,beastmaster_beasts,unit_count,"[2, 3, 4]",AbilityValues,game/scripts/npc/abilities/npc_lia_hero_beastmaster.txt,167,3
abilities,white_wolf_bm_howl,AbilityCastPoint,0.0,direct_field,game/scripts/npc/abilities/npc_lia_hero_beastmaster.txt,200,
abilities,white_wolf_bm_howl,AbilityCooldown,20,direct_field,game/scripts/npc/abilities/npc_lia_hero_beastmaster.txt,202,
abilities,white_wolf_bm_howl,AbilityDuration,15,direct_field,game/scripts/npc/abilities/npc_lia_hero_beastmaster.txt,203,
abilities,white_wolf_bm_howl,AbilityCastRange,500,direct_field,game/scripts/npc/abilities/npc_lia_hero_beastmaster.txt,204,
abilities,white_wolf_bm_howl,AbilityManaCost,100,direct_field,game/scripts/npc/abilities/npc_lia_hero_beastmaster.txt,205,
abilities,white_wolf_bm_howl,bonus_damage,30,AbilityValues,game/scripts/npc/abilities/npc_lia_hero_beastmaster.txt,209,
abilities,white_wolf_bm_howl,radius,500,AbilityValues,game/scripts/npc/abilities/npc_lia_hero_beastmaster.txt,210,
abilities,white_wolf_bm_howl,duration,15,AbilityValues,game/scripts/npc/abilities/npc_lia_hero_beastmaster.txt,211,
abilities,white_wolf_bm_crit,crit_mult,200,AbilityValues,game/scripts/npc/abilities/npc_lia_hero_beastmaster.txt,280,
abilities,white_wolf_bm_crit,crit_chance,20,AbilityValues,game/scripts/npc/abilities/npc_lia_hero_beastmaster.txt,281,
abilities,jungle_stalker_bm_rejuvenation,AbilityCooldown,10.0,direct_field,game/scripts/npc/abilities/npc_lia_hero_beastmaster.txt,351,
abilities,jungle_stalker_bm_rejuvenation,AbilityManaCost,125,direct_field,game/scripts/npc/abilities/npc_lia_hero_beastmaster.txt,352,
abilities,jungle_stalker_bm_rejuvenation,AbilityCastRange,600,direct_field,game/scripts/npc/abilities/npc_lia_hero_beastmaster.txt,353,
abilities,jungle_stalker_bm_rejuvenation,heal,500,AbilityValues,game/scripts/npc/abilities/npc_lia_hero_beastmaster.txt,359,
abilities,jungle_stalker_bm_rejuvenation,duration,9,AbilityValues,game/scripts/npc/abilities/npc_lia_hero_beastmaster.txt,360,
abilities,jungle_stalker_bm_crit,crit_mult,250,AbilityValues,game/scripts/npc/abilities/npc_lia_hero_beastmaster.txt,415,
abilities,jungle_stalker_bm_crit,crit_chance,30,AbilityValues,game/scripts/npc/abilities/npc_lia_hero_beastmaster.txt,416,
abilities,phoenix_bm_phoenix_fire,damage,20,AbilityValues,game/scripts/npc/abilities/npc_lia_hero_beastmaster.txt,547,
abilities,phoenix_bm_phoenix_fire,damage_per_second,2,AbilityValues,game/scripts/npc/abilities/npc_lia_hero_beastmaster.txt,548,
abilities,phoenix_bm_phoenix_fire,duration_creep,10,AbilityValues,game/scripts/npc/abilities/npc_lia_hero_beastmaster.txt,549,
abilities,phoenix_bm_phoenix_fire,duration_hero,7,AbilityValues,game/scripts/npc/abilities/npc_lia_hero_beastmaster.txt,550,
abilities,phoenix_bm_phoenix_fire,radius,600,AbilityValues,game/scripts/npc/abilities/npc_lia_hero_beastmaster.txt,551,
abilities,berserker_fire_spear,AbilityCastPoint,0,direct_field,game/scripts/npc/abilities/npc_lia_hero_berserker.txt,8,3
abilities,berserker_fire_spear,AbilityChannelTime,1.5,direct_field,game/scripts/npc/abilities/npc_lia_hero_berserker.txt,9,3
abilities,berserker_fire_spear,AbilityCastRange,"[600, 750, 900]",direct_field,game/scripts/npc/abilities/npc_lia_hero_berserker.txt,10,3
abilities,berserker_fire_spear,AbilityCooldown,"[13, 12, 11]",direct_field,game/scripts/npc/abilities/npc_lia_hero_berserker.txt,11,3
abilities,berserker_fire_spear,AbilityManaCost,"[60, 70, 80]",direct_field,game/scripts/npc/abilities/npc_lia_hero_berserker.txt,12,3
abilities,berserker_fire_spear,damage_base,"[45, 90, 135]",AbilityValues,game/scripts/npc/abilities/npc_lia_hero_berserker.txt,34,3
abilities,berserker_fire_spear,spear_speed,1200,AbilityValues,game/scripts/npc/abilities/npc_lia_hero_berserker.txt,35,3
abilities,berserker_fire_spear,spear_width,100,AbilityValues,game/scripts/npc/abilities/npc_lia_hero_berserker.txt,36,3
abilities,berserker_fire_spear,spear_range,"[600, 750, 900]",AbilityValues,game/scripts/npc/abilities/npc_lia_hero_berserker.txt,37,3
abilities,berserker_fire_spear,vision_aoe,500,AbilityValues,game/scripts/npc/abilities/npc_lia_hero_berserker.txt,38,3
abilities,berserker_fire_spear,slow_pct,45,AbilityValues,game/scripts/npc/abilities/npc_lia_hero_berserker.txt,39,3
abilities,berserker_fire_spear,slow_duration,"[3, 4, 5]",AbilityValues,game/scripts/npc/abilities/npc_lia_hero_berserker.txt,40,3
abilities,berserker_fire_spear,original_channel,1.5,AbilityValues,game/scripts/npc/abilities/npc_lia_hero_berserker.txt,41,3
abilities,berserker_fire_spear,stats_percentage_max,100,AbilityValues,game/scripts/npc/abilities/npc_lia_hero_berserker.txt,42,3
abilities,berserker_frenzy_aura,AbilityCastRange,700,direct_field,game/scripts/npc/abilities/npc_lia_hero_berserker.txt,54,3
abilities,berserker_frenzy_aura,bonus_attack_speed,"[10, 20, 30]",AbilityValues,game/scripts/npc/abilities/npc_lia_hero_berserker.txt,62,3
abilities,berserker_frenzy_aura,bonus_damage,"[15, 30, 45]",AbilityValues,game/scripts/npc/abilities/npc_lia_hero_berserker.txt,63,3
abilities,berserker_frenzy_aura,aura_radius,700,AbilityValues,game/scripts/npc/abilities/npc_lia_hero_berserker.txt,64,3
abilities,berserker_desperation,AbilityCastRange,500,direct_field,game/scripts/npc/abilities/npc_lia_hero_berserker.txt,81,3
abilities,berserker_desperation,penalty_attack_speed,"[-15, -30, -45]",AbilityValues,game/scripts/npc/abilities/npc_lia_hero_berserker.txt,85,3
abilities,berserker_desperation,aura_radius,500,AbilityValues,game/scripts/npc/abilities/npc_lia_hero_berserker.txt,86,3
abilities,berserker_madness,AbilityCooldown,60,direct_field,game/scripts/npc/abilities/npc_lia_hero_berserker.txt,96,3
abilities,berserker_madness,AbilityManaCost,"[125, 150, 175]",direct_field,game/scripts/npc/abilities/npc_lia_hero_berserker.txt,97,3
abilities,berserker_madness,bonus_all_stats,"[30, 60, 90]",AbilityValues,game/scripts/npc/abilities/npc_lia_hero_berserker.txt,110,3
abilities,berserker_madness,duration,"[11, 12, 13]",AbilityValues,game/scripts/npc/abilities/npc_lia_hero_berserker.txt,111,3
abilities,berserker_madness,reduced_delay,0.75,AbilityValues,game/scripts/npc/abilities/npc_lia_hero_berserker.txt,112,3
abilities,brewmaster_might,AbilityCooldown,20.0,direct_field,game/scripts/npc/abilities/npc_lia_hero_brewmaster.txt,15,3
abilities,brewmaster_might,AbilityManaCost,"[60, 70, 80]",direct_field,game/scripts/npc/abilities/npc_lia_hero_brewmaster.txt,16,3
abilities,brewmaster_might,AbilityCastPoint,0.0,direct_field,game/scripts/npc/abilities/npc_lia_hero_brewmaster.txt,20,3
abilities,brewmaster_might,duration,15,AbilityValues,game/scripts/npc/abilities/npc_lia_hero_brewmaster.txt,25,3
abilities,brewmaster_might,bonus_movespeed_percentage,"[5, 10, 20]",AbilityValues,game/scripts/npc/abilities/npc_lia_hero_brewmaster.txt,26,3
abilities,brewmaster_might,bonus_attackspeed,"[10, 20, 40]",AbilityValues,game/scripts/npc/abilities/npc_lia_hero_brewmaster.txt,27,3
abilities,brewmaster_might,bonus_strength,"[15, 30, 45]",AbilityValues,game/scripts/npc/abilities/npc_lia_hero_brewmaster.txt,28,3
abilities,brewmaster_ferocity,bonus_strength,"[1, 2, 3]",AbilityValues,game/scripts/npc/abilities/npc_lia_hero_brewmaster.txt,94,3
abilities,brewmaster_ferocity,radius,375,AbilityValues,game/scripts/npc/abilities/npc_lia_hero_brewmaster.txt,95,3
abilities,brewmaster_punisment,strength_percentage_return,"[0.6, 0.8, 1.0]",AbilityValues,game/scripts/npc/abilities/npc_lia_hero_brewmaster.txt,138,3
abilities,brewmaster_punisment,strength_percentage_return_tooltip,"[60, 80, 100]",AbilityValues,game/scripts/npc/abilities/npc_lia_hero_brewmaster.txt,139,3
abilities,brewmaster_avatar,AbilityCooldown,"[180, 160, 140]",direct_field,game/scripts/npc/abilities/npc_lia_hero_brewmaster.txt,157,3
abilities,brewmaster_avatar,AbilityManaCost,"[100, 175, 250]",direct_field,game/scripts/npc/abilities/npc_lia_hero_brewmaster.txt,158,3
abilities,brewmaster_avatar,AbilityCastPoint,0,direct_field,game/scripts/npc/abilities/npc_lia_hero_brewmaster.txt,162,3
abilities,brewmaster_avatar,bonus_damage,"[60, 120, 180]",AbilityValues,game/scripts/npc/abilities/npc_lia_hero_brewmaster.txt,171,3
abilities,brewmaster_avatar,bonus_armor,"[10, 20, 30]",AbilityValues,game/scripts/npc/abilities/npc_lia_hero_brewmaster.txt,172,3
abilities,brewmaster_avatar,bonus_health,"[400, 700, 1000]",AbilityValues,game/scripts/npc/abilities/npc_lia_hero_brewmaster.txt,173,3
abilities,brewmaster_avatar,duration,10,AbilityValues,game/scripts/npc/abilities/npc_lia_hero_brewmaster.txt,174,3
abilities,butcher_rage,AbilityCastPoint,0.3,direct_field,game/scripts/npc/abilities/npc_lia_hero_butcher.txt,18,3
abilities,butcher_rage,AbilityCooldown,"[20.0, 18.0, 16.0]",direct_field,game/scripts/npc/abilities/npc_lia_hero_butcher.txt,20,3
abilities,butcher_rage,AbilityDuration,10.0,direct_field,game/scripts/npc/abilities/npc_lia_hero_butcher.txt,21,3
abilities,butcher_rage,AbilityCastRange,225,direct_field,game/scripts/npc/abilities/npc_lia_hero_butcher.txt,22,3
abilities,butcher_rage,AbilityManaCost,"[60, 70, 80]",direct_field,game/scripts/npc/abilities/npc_lia_hero_butcher.txt,23,3
abilities,butcher_rage,hp_pct_to_dmg,"[8, 12, 16]",AbilityValues,game/scripts/npc/abilities/npc_lia_hero_butcher.txt,34,3
abilities,butcher_rage,radius,225,AbilityValues,game/scripts/npc/abilities/npc_lia_hero_butcher.txt,35,3
abilities,butcher_rage,duration,10,AbilityValues,game/scripts/npc/abilities/npc_lia_hero_butcher.txt,36,3
abilities,butcher_skin,bonus_armor,"[5, 10, 15]",AbilityValues,game/scripts/npc/abilities/npc_lia_hero_butcher.txt,56,3
abilities,butcher_skin,damage_return,"[4, 8, 12]",AbilityValues,game/scripts/npc/abilities/npc_lia_hero_butcher.txt,57,3
abilities,butcher_zombie,AbilityCooldown,22,direct_field,game/scripts/npc/abilities/npc_lia_hero_butcher.txt,74,3
abilities,butcher_zombie,AbilityCastRange,300,direct_field,game/scripts/npc/abilities/npc_lia_hero_butcher.txt,75,3
abilities,butcher_zombie,AbilityCastPoint,0.3,direct_field,game/scripts/npc/abilities/npc_lia_hero_butcher.txt,76,3
abilities,butcher_zombie,zombie_base_health,"[200, 300, 400]",AbilityValues,game/scripts/npc/abilities/npc_lia_hero_butcher.txt,86,3
abilities,butcher_zombie,zombie_butcher_heath_percent,"[10, 15, 20]",AbilityValues,game/scripts/npc/abilities/npc_lia_hero_butcher.txt,87,3
abilities,butcher_zombie,zombie_base_damage,"[15, 40, 70]",AbilityValues,game/scripts/npc/abilities/npc_lia_hero_butcher.txt,88,3
abilities,butcher_zombie,health_precent_for_zombie,"[20, 15, 10]",AbilityValues,game/scripts/npc/abilities/npc_lia_hero_butcher.txt,89,3
abilities,butcher_zombie,zombie_limit,"[4, 5, 6]",AbilityValues,game/scripts/npc/abilities/npc_lia_hero_butcher.txt,90,3
abilities,butcher_zombie,zombie_replenish_time,20,AbilityValues,game/scripts/npc/abilities/npc_lia_hero_butcher.txt,91,3
abilities,butcher_zombie,circle_radius,100,AbilityValues,game/scripts/npc/abilities/npc_lia_hero_butcher.txt,92,3
abilities,butcher_howl_of_terror,AbilityCastRange,1500,direct_field,game/scripts/npc/abilities/npc_lia_hero_butcher.txt,105,3
abilities,butcher_howl_of_terror,AbilityCooldown,60.0,direct_field,game/scripts/npc/abilities/npc_lia_hero_butcher.txt,106,3
abilities,butcher_howl_of_terror,AbilityManaCost,"[100, 150, 200]",direct_field,game/scripts/npc/abilities/npc_lia_hero_butcher.txt,108,3
abilities,butcher_howl_of_terror,damage_penalty_percentage,"[-50, -60, -70]",AbilityValues,game/scripts/npc/abilities/npc_lia_hero_butcher.txt,124,3
abilities,butcher_howl_of_terror,duration,"[14, 17, 20]",AbilityValues,game/scripts/npc/abilities/npc_lia_hero_butcher.txt,125,3
abilities,butcher_howl_of_terror,radius,1500,AbilityValues,game/scripts/npc/abilities/npc_lia_hero_butcher.txt,126,3
abilities,butcher_zombie_bash,bash_chance,10,AbilityValues,game/scripts/npc/abilities/npc_lia_hero_butcher.txt,201,
abilities,butcher_zombie_bash,bash_duration,0.5,AbilityValues,game/scripts/npc/abilities/npc_lia_hero_butcher.txt,202,
abilities,butcher_zombie_bash,bash_damage,50,AbilityValues,game/scripts/npc/abilities/npc_lia_hero_butcher.txt,203,
abilities,dark_knight_dark_forces,AbilityCastPoint,0.0,direct_field,game/scripts/npc/abilities/npc_lia_hero_dark_knight.txt,19,3
abilities,dark_knight_dark_forces,AbilityCooldown,14,direct_field,game/scripts/npc/abilities/npc_lia_hero_dark_knight.txt,20,3
abilities,dark_knight_dark_forces,AbilityManaCost,"[60, 100, 140]",direct_field,game/scripts/npc/abilities/npc_lia_hero_dark_knight.txt,21,3
abilities,dark_knight_dark_forces,AbilityCastRange,300,direct_field,game/scripts/npc/abilities/npc_lia_hero_dark_knight.txt,22,3
abilities,dark_knight_dark_forces,radius,200,AbilityValues,game/scripts/npc/abilities/npc_lia_hero_dark_knight.txt,28,3
abilities,dark_knight_dark_forces,mana_percentage,"[10, 15, 20]",AbilityValues,game/scripts/npc/abilities/npc_lia_hero_dark_knight.txt,29,3
abilities,dark_knight_dark_forces,coil_radius,175,AbilityValues,game/scripts/npc/abilities/npc_lia_hero_dark_knight.txt,30,3
abilities,dark_knight_dark_forces,duration,5,AbilityValues,game/scripts/npc/abilities/npc_lia_hero_dark_knight.txt,31,3
abilities,dark_knight_dark_energy_zone,AbilityCastRange,500,direct_field,game/scripts/npc/abilities/npc_lia_hero_dark_knight.txt,122,3
abilities,dark_knight_dark_energy_zone,AbilityCastPoint,0.3,direct_field,game/scripts/npc/abilities/npc_lia_hero_dark_knight.txt,123,3
abilities,dark_knight_dark_energy_zone,AbilityCooldown,25,direct_field,game/scripts/npc/abilities/npc_lia_hero_dark_knight.txt,124,3
abilities,dark_knight_dark_energy_zone,AbilityManaCost,75,direct_field,game/scripts/npc/abilities/npc_lia_hero_dark_knight.txt,125,3
abilities,dark_knight_dark_energy_zone,duration,"[3, 5, 7]",AbilityValues,game/scripts/npc/abilities/npc_lia_hero_dark_knight.txt,136,3
abilities,dark_knight_dark_energy_zone,mana_loss_reduction,100,AbilityValues,game/scripts/npc/abilities/npc_lia_hero_dark_knight.txt,137,3
abilities,dark_knight_dark_energy_zone,radius,"[250, 275, 300]",AbilityValues,game/scripts/npc/abilities/npc_lia_hero_dark_knight.txt,138,3
abilities,dark_knight_incinerate,damage_per_stack,"[6, 12, 24]",AbilityValues,game/scripts/npc/abilities/npc_lia_hero_dark_knight.txt,166,3
abilities,dark_knight_incinerate,incineration_damage,"[50, 100, 200]",AbilityValues,game/scripts/npc/abilities/npc_lia_hero_dark_knight.txt,167,3
abilities,dark_knight_incinerate,incineration_radius,100,AbilityValues,game/scripts/npc/abilities/npc_lia_hero_dark_knight.txt,168,3
abilities,dark_knight_incinerate,kill_mana_per_stack,10,AbilityValues,game/scripts/npc/abilities/npc_lia_hero_dark_knight.txt,169,3
abilities,dark_knight_incinerate,duration,6,AbilityValues,game/scripts/npc/abilities/npc_lia_hero_dark_knight.txt,170,3
abilities,dark_knight_speed,bonus_attack_speed,"[20, 60, 100]",AbilityValues,game/scripts/npc/abilities/npc_lia_hero_dark_knight.txt,189,3
abilities,dark_knight_speed,attack_speed_per_attack,15,AbilityValues,game/scripts/npc/abilities/npc_lia_hero_dark_knight.txt,190,3
abilities,dark_knight_speed,max_attack_speed,75,AbilityValues,game/scripts/npc/abilities/npc_lia_hero_dark_knight.txt,191,3
abilities,dark_knight_speed,duration,"[3, 4, 5]",AbilityValues,game/scripts/npc/abilities/npc_lia_hero_dark_knight.txt,192,3
abilities,dark_ranger_black_arrow,AbilityCastRange,550,direct_field,game/scripts/npc/abilities/npc_lia_hero_dark_ranger.txt,19,3
abilities,dark_ranger_black_arrow,AbilityManaCost,"[6, 12, 18]",direct_field,game/scripts/npc/abilities/npc_lia_hero_dark_ranger.txt,21,3
abilities,dark_ranger_black_arrow,AbilityDamage,"[25, 50, 75]",direct_field,game/scripts/npc/abilities/npc_lia_hero_dark_ranger.txt,22,3
abilities,dark_ranger_black_arrow,duration,2,AbilityValues,game/scripts/npc/abilities/npc_lia_hero_dark_ranger.txt,33,3
abilities,dark_ranger_black_arrow,lifetime,"[4, 5, 6]",AbilityValues,game/scripts/npc/abilities/npc_lia_hero_dark_ranger.txt,34,3
abilities,dark_ranger_magic_arrow,AbilityCastRange,700,direct_field,game/scripts/npc/abilities/npc_lia_hero_dark_ranger.txt,56,3
abilities,dark_ranger_magic_arrow,AbilityCastPoint,0.0,direct_field,game/scripts/npc/abilities/npc_lia_hero_dark_ranger.txt,57,3
abilities,dark_ranger_magic_arrow,AbilityCooldown,"[13, 12, 11]",direct_field,game/scripts/npc/abilities/npc_lia_hero_dark_ranger.txt,59,3
abilities,dark_ranger_magic_arrow,AbilityManaCost,"[50, 60, 70]",direct_field,game/scripts/npc/abilities/npc_lia_hero_dark_ranger.txt,61,3
abilities,dark_ranger_magic_arrow,reduce_armor,"[-4, -8, -12]",AbilityValues,game/scripts/npc/abilities/npc_lia_hero_dark_ranger.txt,72,3
abilities,dark_ranger_magic_arrow,main_damage,"[120, 200, 280]",AbilityValues,game/scripts/npc/abilities/npc_lia_hero_dark_ranger.txt,73,3
abilities,dark_ranger_magic_arrow,other_damage,"[80, 160, 240]",AbilityValues,game/scripts/npc/abilities/npc_lia_hero_dark_ranger.txt,74,3
abilities,dark_ranger_magic_arrow,dps_main,"[15, 25, 35]",AbilityValues,game/scripts/npc/abilities/npc_lia_hero_dark_ranger.txt,75,3
abilities,dark_ranger_magic_arrow,dps_secondary,"[10, 20, 30]",AbilityValues,game/scripts/npc/abilities/npc_lia_hero_dark_ranger.txt,76,3
abilities,dark_ranger_magic_arrow,duration,8.0,AbilityValues,game/scripts/npc/abilities/npc_lia_hero_dark_ranger.txt,77,3
abilities,dark_ranger_magic_arrow,tick,0.5,AbilityValues,game/scripts/npc/abilities/npc_lia_hero_dark_ranger.txt,78,3
abilities,dark_ranger_magic_arrow,acid_speed,1250.0,AbilityValues,game/scripts/npc/abilities/npc_lia_hero_dark_ranger.txt,79,3
abilities,dark_ranger_magic_arrow,acid_vision,300.0,AbilityValues,game/scripts/npc/abilities/npc_lia_hero_dark_ranger.txt,80,3
abilities,dark_ranger_magic_arrow,radius,250,AbilityValues,game/scripts/npc/abilities/npc_lia_hero_dark_ranger.txt,81,3
abilities,dark_ranger_spiked_charm,AbilityCastRange,600,direct_field,game/scripts/npc/abilities/npc_lia_hero_dark_ranger.txt,198,3
abilities,dark_ranger_spiked_charm,radius,600,AbilityValues,game/scripts/npc/abilities/npc_lia_hero_dark_ranger.txt,202,3
abilities,dark_ranger_spiked_charm,damage_return,"[10, 15, 20]",AbilityValues,game/scripts/npc/abilities/npc_lia_hero_dark_ranger.txt,203,3
abilities,dark_ranger_spiked_charm,damage_return_constant,"[10, 15, 20]",AbilityValues,game/scripts/npc/abilities/npc_lia_hero_dark_ranger.txt,204,3
abilities,dark_ranger_fury,AbilityCastPoint,0.0,direct_field,game/scripts/npc/abilities/npc_lia_hero_dark_ranger.txt,224,3
abilities,dark_ranger_fury,AbilityCooldown,90.0,direct_field,game/scripts/npc/abilities/npc_lia_hero_dark_ranger.txt,228,3
abilities,dark_ranger_fury,AbilityManaCost,"[100, 125, 150]",direct_field,game/scripts/npc/abilities/npc_lia_hero_dark_ranger.txt,232,3
abilities,dark_ranger_fury,transformation_time,0.35,AbilityValues,game/scripts/npc/abilities/npc_lia_hero_dark_ranger.txt,238,3
abilities,dark_ranger_fury,bonus_damage,30,AbilityValues,game/scripts/npc/abilities/npc_lia_hero_dark_ranger.txt,239,3
abilities,dark_ranger_fury,bonus_range,300,AbilityValues,game/scripts/npc/abilities/npc_lia_hero_dark_ranger.txt,240,3
abilities,dark_ranger_fury,tooltip_attack_range,850,AbilityValues,game/scripts/npc/abilities/npc_lia_hero_dark_ranger.txt,241,3
abilities,dark_ranger_fury,bonus_health,"[100, 200, 300]",AbilityValues,game/scripts/npc/abilities/npc_lia_hero_dark_ranger.txt,242,3
abilities,dark_ranger_fury,duration,"[20, 25, 30]",AbilityValues,game/scripts/npc/abilities/npc_lia_hero_dark_ranger.txt,243,3
abilities,demonologist_demonic_seal,AbilityCastRange,700,direct_field,game/scripts/npc/abilities/npc_lia_hero_demonologist.txt,14,3
abilities,demonologist_demonic_seal,AbilityCastPoint,0.3,direct_field,game/scripts/npc/abilities/npc_lia_hero_demonologist.txt,15,3
abilities,demonologist_demonic_seal,AbilityCooldown,"[16, 15, 14]",direct_field,game/scripts/npc/abilities/npc_lia_hero_demonologist.txt,16,3
abilities,demonologist_demonic_seal,AbilityManaCost,"[100, 125, 150]",direct_field,game/scripts/npc/abilities/npc_lia_hero_demonologist.txt,17,3
abilities,demonologist_demonic_seal,initial_damage,"[10, 20, 30]",AbilityValues,game/scripts/npc/abilities/npc_lia_hero_demonologist.txt,35,3
abilities,demonologist_demonic_seal,initial_damage_scepter,"[20, 40, 60]",AbilityValues,game/scripts/npc/abilities/npc_lia_hero_demonologist.txt,36,3
abilities,demonologist_demonic_seal,additional_damage,6,AbilityValues,game/scripts/npc/abilities/npc_lia_hero_demonologist.txt,41,3
abilities,demonologist_demonic_seal,additional_damage_scepter,12,AbilityValues,game/scripts/npc/abilities/npc_lia_hero_demonologist.txt,42,3
abilities,demonologist_demonic_seal,initial_duration,2,AbilityValues,game/scripts/npc/abilities/npc_lia_hero_demonologist.txt,47,3
abilities,demonologist_demonic_seal,additional_duration,0.5,AbilityValues,game/scripts/npc/abilities/npc_lia_hero_demonologist.txt,48,3
abilities,demonologist_demonic_seal,radius,175,AbilityValues,game/scripts/npc/abilities/npc_lia_hero_demonologist.txt,49,3
abilities,demonologist_demonic_seal,manacost_scepter,"[125, 175, 225]",AbilityValues,game/scripts/npc/abilities/npc_lia_hero_demonologist.txt,50,3
abilities,demonologist_touch_of_darkness,AbilityCastRange,450,direct_field,game/scripts/npc/abilities/npc_lia_hero_demonologist.txt,74,3
abilities,demonologist_touch_of_darkness,AbilityManaCost,"[20, 35, 50]",direct_field,game/scripts/npc/abilities/npc_lia_hero_demonologist.txt,76,3
abilities,demonologist_touch_of_darkness,damage_percentage,"[5, 7, 9]",AbilityValues,game/scripts/npc/abilities/npc_lia_hero_demonologist.txt,87,3
abilities,demonologist_touch_of_darkness,radius,130,AbilityValues,game/scripts/npc/abilities/npc_lia_hero_demonologist.txt,88,3
abilities,demonologist_touch_of_darkness,mana,"[20, 35, 50]",AbilityValues,game/scripts/npc/abilities/npc_lia_hero_demonologist.txt,89,3
abilities,demonologist_mastery_of_demonology,AbilityCastRange,700,direct_field,game/scripts/npc/abilities/npc_lia_hero_demonologist.txt,109,3
abilities,demonologist_mastery_of_demonology,AbilityCastPoint,0.3,direct_field,game/scripts/npc/abilities/npc_lia_hero_demonologist.txt,110,3
abilities,demonologist_mastery_of_demonology,AbilityCooldown,12,direct_field,game/scripts/npc/abilities/npc_lia_hero_demonologist.txt,112,3
abilities,demonologist_mastery_of_demonology,AbilityManaCost,0,direct_field,game/scripts/npc/abilities/npc_lia_hero_demonologist.txt,114,3
abilities,demonologist_mastery_of_demonology,bonus_health,"[100, 200, 300]",AbilityValues,game/scripts/npc/abilities/npc_lia_hero_demonologist.txt,126,3
abilities,demonologist_mastery_of_demonology,bonus_damage,"[25, 50, 75]",AbilityValues,game/scripts/npc/abilities/npc_lia_hero_demonologist.txt,127,3
abilities,demonologist_mastery_of_demonology,hp_percent_transfer,"[25, 35, 45]",AbilityValues,game/scripts/npc/abilities/npc_lia_hero_demonologist.txt,128,3
abilities,demonologist_mastery_of_demonology_creep,AbilityCastRange,700,direct_field,game/scripts/npc/abilities/npc_lia_hero_demonologist.txt,187,3
abilities,demonologist_mastery_of_demonology_creep,AbilityCastPoint,0.3,direct_field,game/scripts/npc/abilities/npc_lia_hero_demonologist.txt,188,3
abilities,demonologist_mastery_of_demonology_creep,AbilityCooldown,12,direct_field,game/scripts/npc/abilities/npc_lia_hero_demonologist.txt,190,3
abilities,demonologist_mastery_of_demonology_creep,AbilityManaCost,0,direct_field,game/scripts/npc/abilities/npc_lia_hero_demonologist.txt,192,3
abilities,demonologist_mastery_of_demonology_creep,bonus_health,"[100, 200, 300]",AbilityValues,game/scripts/npc/abilities/npc_lia_hero_demonologist.txt,196,3
abilities,demonologist_mastery_of_demonology_creep,bonus_damage,"[25, 50, 75]",AbilityValues,game/scripts/npc/abilities/npc_lia_hero_demonologist.txt,197,3
abilities,demonologist_mastery_of_demonology_creep,hp_percent_transfer,"[25, 35, 45]",AbilityValues,game/scripts/npc/abilities/npc_lia_hero_demonologist.txt,198,3
abilities,demonologist_ritual_of_summoning,AbilityCastRange,700,direct_field,game/scripts/npc/abilities/npc_lia_hero_demonologist.txt,237,3
abilities,demonologist_ritual_of_summoning,AbilityCastPoint,0.3,direct_field,game/scripts/npc/abilities/npc_lia_hero_demonologist.txt,238,3
abilities,demonologist_ritual_of_summoning,AbilityCooldown,"[130, 110, 90]",direct_field,game/scripts/npc/abilities/npc_lia_hero_demonologist.txt,239,3
abilities,demonologist_ritual_of_summoning,AbilityManaCost,"[200, 250, 300]",direct_field,game/scripts/npc/abilities/npc_lia_hero_demonologist.txt,241,3
abilities,demonologist_ritual_of_summoning,unit_count,"[4, 6, 8]",AbilityValues,game/scripts/npc/abilities/npc_lia_hero_demonologist.txt,259,3
abilities,demonologist_ritual_of_summoning,boss_count,0,AbilityValues,game/scripts/npc/abilities/npc_lia_hero_demonologist.txt,260,3
abilities,demonologist_ritual_of_summoning,boss_count_scepter,1,AbilityValues,game/scripts/npc/abilities/npc_lia_hero_demonologist.txt,261,3
abilities,demonologist_ritual_of_summoning,intelligence_for_unit,40,AbilityValues,game/scripts/npc/abilities/npc_lia_hero_demonologist.txt,266,3
abilities,demonologist_ritual_of_summoning,delay,1.5,AbilityValues,game/scripts/npc/abilities/npc_lia_hero_demonologist.txt,267,3
abilities,demonologist_ritual_of_summoning,max_health_loss_percent_per_second,2,AbilityValues,game/scripts/npc/abilities/npc_lia_hero_demonologist.txt,268,3
abilities,demonologist_ritual_of_summoning,health_loss_interval,0.25,AbilityValues,game/scripts/npc/abilities/npc_lia_hero_demonologist.txt,269,3
abilities,demonologist_ritual_of_summoning,spawn_radius,245,AbilityValues,game/scripts/npc/abilities/npc_lia_hero_demonologist.txt,270,3
abilities,demonologist_ritual_of_summoning,manacost_scepter,"[250, 300, 350]",AbilityValues,game/scripts/npc/abilities/npc_lia_hero_demonologist.txt,271,3
abilities,dice_rage,AbilityCastRange,500,direct_field,game/scripts/npc/abilities/npc_lia_hero_dice.txt,13,3
abilities,dice_rage,AbilityCastPoint,0.0,direct_field,game/scripts/npc/abilities/npc_lia_hero_dice.txt,14,3
abilities,dice_rage,AbilityCooldown,10,direct_field,game/scripts/npc/abilities/npc_lia_hero_dice.txt,16,3
abilities,dice_rage,AbilityManaCost,"[40, 50, 60]",direct_field,game/scripts/npc/abilities/npc_lia_hero_dice.txt,18,3
abilities,dice_rage,bonus_attack_speed,"[30, 60, 90]",AbilityValues,game/scripts/npc/abilities/npc_lia_hero_dice.txt,32,3
abilities,dice_rage,bonus_health,"[100, 200, 300]",AbilityValues,game/scripts/npc/abilities/npc_lia_hero_dice.txt,33,3
abilities,dice_rage,duration,"[15.0, 20.0, 25.0]",AbilityValues,game/scripts/npc/abilities/npc_lia_hero_dice.txt,34,3
abilities,dice_bash,AbilityDamage,"[70, 140, 210]",direct_field,game/scripts/npc/abilities/npc_lia_hero_dice.txt,77,3
abilities,dice_bash,bash_chance,"[15, 20, 25]",AbilityValues,game/scripts/npc/abilities/npc_lia_hero_dice.txt,85,3
abilities,dice_bash,bash_stun,1.0,AbilityValues,game/scripts/npc/abilities/npc_lia_hero_dice.txt,86,3
abilities,dice_bash,bash_damage,"[70, 140, 210]",AbilityValues,game/scripts/npc/abilities/npc_lia_hero_dice.txt,87,3
abilities,dice_endurance_aura,AbilityCastRange,800,direct_field,game/scripts/npc/abilities/npc_lia_hero_dice.txt,129,3
abilities,dice_endurance_aura,radius,800,AbilityValues,game/scripts/npc/abilities/npc_lia_hero_dice.txt,133,3
abilities,dice_endurance_aura,bonus_speed,"[10, 20, 30]",AbilityValues,game/scripts/npc/abilities/npc_lia_hero_dice.txt,134,3
abilities,dice_endurance_aura,bonus_speed_tooltip,"[10, 20, 30]",AbilityValues,game/scripts/npc/abilities/npc_lia_hero_dice.txt,135,3
abilities,dice_steelstorm,AbilityCastRange,300,direct_field,game/scripts/npc/abilities/npc_lia_hero_dice.txt,183,3
abilities,dice_steelstorm,AbilityCastPoint,0.0,direct_field,game/scripts/npc/abilities/npc_lia_hero_dice.txt,184,3
abilities,dice_steelstorm,AbilityCooldown,"[180.0, 160.0, 140.0]",direct_field,game/scripts/npc/abilities/npc_lia_hero_dice.txt,185,3
abilities,dice_steelstorm,AbilityManaCost,"[100, 150, 200]",direct_field,game/scripts/npc/abilities/npc_lia_hero_dice.txt,187,3
abilities,dice_steelstorm,AbilityDamage,"[150, 300, 450]",direct_field,game/scripts/npc/abilities/npc_lia_hero_dice.txt,188,3
abilities,dice_steelstorm,steelstorm_damage_tick,0.06,AbilityValues,game/scripts/npc/abilities/npc_lia_hero_dice.txt,198,3
abilities,dice_steelstorm,steelstorm_radius,300,AbilityValues,game/scripts/npc/abilities/npc_lia_hero_dice.txt,199,3
abilities,dice_steelstorm,duration,"[6.0, 8.0, 10.0]",AbilityValues,game/scripts/npc/abilities/npc_lia_hero_dice.txt,200,3
abilities,earth_lord_earth_burn,AbilityCastRange,700,direct_field,game/scripts/npc/abilities/npc_lia_hero_earth_lord.txt,21,3
abilities,earth_lord_earth_burn,AbilityCastPoint,0.3,direct_field,game/scripts/npc/abilities/npc_lia_hero_earth_lord.txt,22,3
abilities,earth_lord_earth_burn,AbilityCooldown,16,direct_field,game/scripts/npc/abilities/npc_lia_hero_earth_lord.txt,24,3
abilities,earth_lord_earth_burn,AbilityManaCost,"[100, 150, 200]",direct_field,game/scripts/npc/abilities/npc_lia_hero_earth_lord.txt,26,3
abilities,earth_lord_earth_burn,damage_per_second,"[40, 80, 120]",AbilityValues,game/scripts/npc/abilities/npc_lia_hero_earth_lord.txt,38,3
abilities,earth_lord_earth_burn,damage_per_second_scepter,"[100, 140, 180]",AbilityValues,game/scripts/npc/abilities/npc_lia_hero_earth_lord.txt,39,3
abilities,earth_lord_earth_burn,duration,4,AbilityValues,game/scripts/npc/abilities/npc_lia_hero_earth_lord.txt,44,3
abilities,earth_lord_earth_burn,radius,"[150, 175, 200]",AbilityValues,game/scripts/npc/abilities/npc_lia_hero_earth_lord.txt,45,3
abilities,earth_lord_earth_burn,manacost_scepter,"[100, 200, 300]",AbilityValues,game/scripts/npc/abilities/npc_lia_hero_earth_lord.txt,46,3
abilities,earth_lord_split_earth,AbilityCastRange,700,direct_field,game/scripts/npc/abilities/npc_lia_hero_earth_lord.txt,72,3
abilities,earth_lord_split_earth,AbilityCastPoint,0.3,direct_field,game/scripts/npc/abilities/npc_lia_hero_earth_lord.txt,73,3
abilities,earth_lord_split_earth,AbilityCooldown,18,direct_field,game/scripts/npc/abilities/npc_lia_hero_earth_lord.txt,75,3
abilities,earth_lord_split_earth,AbilityManaCost,"[150, 200, 250]",direct_field,game/scripts/npc/abilities/npc_lia_hero_earth_lord.txt,77,3
abilities,earth_lord_split_earth,damage,"[100, 200, 300]",AbilityValues,game/scripts/npc/abilities/npc_lia_hero_earth_lord.txt,89,3
abilities,earth_lord_split_earth,stun_duration,"[1, 2, 3]",AbilityValues,game/scripts/npc/abilities/npc_lia_hero_earth_lord.txt,90,3
abilities,earth_lord_split_earth,radius,"[175, 200, 225]",AbilityValues,game/scripts/npc/abilities/npc_lia_hero_earth_lord.txt,91,3
abilities,earth_lord_split_earth,cooldown_scepter,"[15, 14, 13]",AbilityValues,game/scripts/npc/abilities/npc_lia_hero_earth_lord.txt,92,3
abilities,earth_lord_split_earth,manacost_scepter,"[150, 250, 350]",AbilityValues,game/scripts/npc/abilities/npc_lia_hero_earth_lord.txt,97,3
abilities,earth_lord_stone_skin,AbilityCooldown,8,direct_field,game/scripts/npc/abilities/npc_lia_hero_earth_lord.txt,120,3
abilities,earth_lord_stone_skin,AbilityCastPoint,0.2,direct_field,game/scripts/npc/abilities/npc_lia_hero_earth_lord.txt,122,3
abilities,earth_lord_stone_skin,AbilityCastRange,800,direct_field,game/scripts/npc/abilities/npc_lia_hero_earth_lord.txt,123,3
abilities,earth_lord_stone_skin,AbilityManaCost,"[100, 150, 200]",direct_field,game/scripts/npc/abilities/npc_lia_hero_earth_lord.txt,125,3
abilities,earth_lord_stone_skin,bonus_armor,"[10, 15, 20]",AbilityValues,game/scripts/npc/abilities/npc_lia_hero_earth_lord.txt,138,3
abilities,earth_lord_stone_skin,magical_resistance,"[20, 30, 40]",AbilityValues,game/scripts/npc/abilities/npc_lia_hero_earth_lord.txt,139,3
abilities,earth_lord_stone_skin,chance,10,AbilityValues,game/scripts/npc/abilities/npc_lia_hero_earth_lord.txt,140,3
abilities,earth_lord_stone_skin,damage_reduction,-40,AbilityValues,game/scripts/npc/abilities/npc_lia_hero_earth_lord.txt,141,3
abilities,earth_lord_stone_skin,debuff_duration,4,AbilityValues,game/scripts/npc/abilities/npc_lia_hero_earth_lord.txt,142,3
abilities,earth_lord_stone_skin,duration,"[12, 15, 18]",AbilityValues,game/scripts/npc/abilities/npc_lia_hero_earth_lord.txt,143,3
abilities,earth_lord_might_of_the_earth,AbilityCooldown,160,direct_field,game/scripts/npc/abilities/npc_lia_hero_earth_lord.txt,224,3
abilities,earth_lord_might_of_the_earth,AbilityCastPoint,0.2,direct_field,game/scripts/npc/abilities/npc_lia_hero_earth_lord.txt,226,3
abilities,earth_lord_might_of_the_earth,AbilityCastRange,600,direct_field,game/scripts/npc/abilities/npc_lia_hero_earth_lord.txt,227,3
abilities,earth_lord_might_of_the_earth,AbilityManaCost,"[150, 300, 450]",direct_field,game/scripts/npc/abilities/npc_lia_hero_earth_lord.txt,229,3
abilities,earth_lord_might_of_the_earth,Damage,"[300, 600, 900]",AbilityValues,game/scripts/npc/abilities/npc_lia_hero_earth_lord.txt,241,3
abilities,earth_lord_might_of_the_earth,armor_reduction,"[-10, -20, -30]",AbilityValues,game/scripts/npc/abilities/npc_lia_hero_earth_lord.txt,242,3
abilities,earth_lord_might_of_the_earth,duration,10,AbilityValues,game/scripts/npc/abilities/npc_lia_hero_earth_lord.txt,243,3
abilities,earth_lord_might_of_the_earth,radius,600,AbilityValues,game/scripts/npc/abilities/npc_lia_hero_earth_lord.txt,244,3
abilities,fallen_champion_shell,AbilityCooldown,"[12, 11, 10]",direct_field,game/scripts/npc/abilities/npc_lia_hero_fallen_champion.txt,15,3
abilities,fallen_champion_shell,AbilityManaCost,"[90, 130, 170]",direct_field,game/scripts/npc/abilities/npc_lia_hero_fallen_champion.txt,16,3
abilities,fallen_champion_shell,AbilityCastPoint,0.2,direct_field,game/scripts/npc/abilities/npc_lia_hero_fallen_champion.txt,17,3
abilities,fallen_champion_shell,AbilityCastRange,600,direct_field,game/scripts/npc/abilities/npc_lia_hero_fallen_champion.txt,19,3
abilities,fallen_champion_shell,pr_damage,"[15, 20, 25]",AbilityValues,game/scripts/npc/abilities/npc_lia_hero_fallen_champion.txt,29,3
abilities,fallen_champion_shell,radius,600,AbilityValues,game/scripts/npc/abilities/npc_lia_hero_fallen_champion.txt,30,3
abilities,fallen_champion_return,radius,10,AbilityValues,game/scripts/npc/abilities/npc_lia_hero_fallen_champion.txt,149,3
abilities,fallen_champion_return,damage_return,"[6, 12, 18]",AbilityValues,game/scripts/npc/abilities/npc_lia_hero_fallen_champion.txt,150,3
abilities,fallen_champion_return,full_damage_chance,"[10, 13, 16]",AbilityValues,game/scripts/npc/abilities/npc_lia_hero_fallen_champion.txt,151,3
abilities,fallen_champion_absorption,kills_for_bonus_str,"[6, 5, 4]",AbilityValues,game/scripts/npc/abilities/npc_lia_hero_fallen_champion.txt,170,3
abilities,fallen_champion_absorption,str_for_kill_boss_hero,"[1, 2, 3]",AbilityValues,game/scripts/npc/abilities/npc_lia_hero_fallen_champion.txt,171,3
abilities,fallen_champion_roar,AbilityCastRange,"[600, 900, 1200]",direct_field,game/scripts/npc/abilities/npc_lia_hero_fallen_champion.txt,189,3
abilities,fallen_champion_roar,AbilityCooldown,50,direct_field,game/scripts/npc/abilities/npc_lia_hero_fallen_champion.txt,200,3
abilities,fallen_champion_roar,AbilityManaCost,80,direct_field,game/scripts/npc/abilities/npc_lia_hero_fallen_champion.txt,201,3
abilities,fallen_champion_roar,radius,"[600, 900, 1200]",AbilityValues,game/scripts/npc/abilities/npc_lia_hero_fallen_champion.txt,205,3
abilities,fallen_champion_roar,duration,"[5, 7, 9]",AbilityValues,game/scripts/npc/abilities/npc_lia_hero_fallen_champion.txt,206,3
abilities,firelord_flame_strike,AbilityCastRange,800,direct_field,game/scripts/npc/abilities/npc_lia_hero_firelord.txt,21,3
abilities,firelord_flame_strike,AbilityCastPoint,0.5,direct_field,game/scripts/npc/abilities/npc_lia_hero_firelord.txt,22,3
abilities,firelord_flame_strike,AbilityCooldown,13,direct_field,game/scripts/npc/abilities/npc_lia_hero_firelord.txt,23,3
abilities,firelord_flame_strike,AbilityManaCost,"[150, 170, 190]",direct_field,game/scripts/npc/abilities/npc_lia_hero_firelord.txt,25,3
abilities,firelord_flame_strike,AbilityChannelTime,1.33,direct_field,game/scripts/npc/abilities/npc_lia_hero_firelord.txt,26,3
abilities,firelord_flame_strike,first_strike_dps,"[50, 100, 150]",AbilityValues,game/scripts/npc/abilities/npc_lia_hero_firelord.txt,43,3
abilities,firelord_flame_strike,first_strike_dps_scepter,"[150, 200, 250]",AbilityValues,game/scripts/npc/abilities/npc_lia_hero_firelord.txt,44,3
abilities,firelord_flame_strike,first_strike_duration,2.8,AbilityValues,game/scripts/npc/abilities/npc_lia_hero_firelord.txt,49,3
abilities,firelord_flame_strike,burn_dps,"[4, 6, 8]",AbilityValues,game/scripts/npc/abilities/npc_lia_hero_firelord.txt,50,3
abilities,firelord_flame_strike,burn_duration,6,AbilityValues,game/scripts/npc/abilities/npc_lia_hero_firelord.txt,51,3
abilities,firelord_flame_strike,radius,"[175, 200, 225]",AbilityValues,game/scripts/npc/abilities/npc_lia_hero_firelord.txt,52,3
abilities,firelord_flame_strike,delay,1.33,AbilityValues,game/scripts/npc/abilities/npc_lia_hero_firelord.txt,53,3
abilities,firelord_flame_strike,manacost_scepter,"[250, 275, 300]",AbilityValues,game/scripts/npc/abilities/npc_lia_hero_firelord.txt,54,3
abilities,firelord_summon_lava_spawn,AbilityCastPoint,0.5,direct_field,game/scripts/npc/abilities/npc_lia_hero_firelord.txt,73,3
abilities,firelord_summon_lava_spawn,AbilityCooldown,20,direct_field,game/scripts/npc/abilities/npc_lia_hero_firelord.txt,74,3
abilities,firelord_summon_lava_spawn,AbilityManaCost,"[120, 180, 240]",direct_field,game/scripts/npc/abilities/npc_lia_hero_firelord.txt,76,3
abilities,firelord_summon_lava_spawn,lava_spawn_count,"[1, 1, 2]",AbilityValues,game/scripts/npc/abilities/npc_lia_hero_firelord.txt,89,3
abilities,firelord_summon_lava_spawn,lava_spawn_damage,"[15, 27, 45]",AbilityValues,game/scripts/npc/abilities/npc_lia_hero_firelord.txt,90,3
abilities,firelord_summon_lava_spawn,lava_spawn_hp,"[450, 600, 750]",AbilityValues,game/scripts/npc/abilities/npc_lia_hero_firelord.txt,91,3
abilities,firelord_summon_lava_spawn,lava_spawn_duration,60,AbilityValues,game/scripts/npc/abilities/npc_lia_hero_firelord.txt,92,3
abilities,firelord_summon_lava_spawn,attacks_to_split,7,AbilityValues,game/scripts/npc/abilities/npc_lia_hero_firelord.txt,93,3
abilities,firelord_summon_lava_spawn,lava_spawn_1_count,"[1, 0, 0]",AbilityValues,game/scripts/npc/abilities/npc_lia_hero_firelord.txt,94,3
abilities,firelord_summon_lava_spawn,lava_spawn_2_count,"[0, 1, 0]",AbilityValues,game/scripts/npc/abilities/npc_lia_hero_firelord.txt,95,3
abilities,firelord_summon_lava_spawn,lava_spawn_3_count,"[0, 0, 2]",AbilityValues,game/scripts/npc/abilities/npc_lia_hero_firelord.txt,96,3
abilities,firelord_summon_lava_spawn,spawn_distance,200,AbilityValues,game/scripts/npc/abilities/npc_lia_hero_firelord.txt,97,3
abilities,firelord_fire_trap,AbilityCastRange,500,direct_field,game/scripts/npc/abilities/npc_lia_hero_firelord.txt,322,3
abilities,firelord_fire_trap,AbilityCastPoint,0,direct_field,game/scripts/npc/abilities/npc_lia_hero_firelord.txt,323,3
abilities,firelord_fire_trap,AbilityCooldown,25,direct_field,game/scripts/npc/abilities/npc_lia_hero_firelord.txt,324,3
abilities,firelord_fire_trap,AbilityManaCost,"[150, 200, 250]",direct_field,game/scripts/npc/abilities/npc_lia_hero_firelord.txt,325,3
abilities,firelord_fire_trap,duration,60,AbilityValues,game/scripts/npc/abilities/npc_lia_hero_firelord.txt,329,3
abilities,firelord_fire_trap,detonation_radius,"[300, 350, 400]",AbilityValues,game/scripts/npc/abilities/npc_lia_hero_firelord.txt,330,3
abilities,firelord_fire_trap,stun_duration,"[3, 5, 7]",AbilityValues,game/scripts/npc/abilities/npc_lia_hero_firelord.txt,331,3
abilities,firelord_fire_trap,stun_hero_duration,"[2, 3, 4]",AbilityValues,game/scripts/npc/abilities/npc_lia_hero_firelord.txt,332,3
abilities,firelord_fire_trap,activation_delay,3,AbilityValues,game/scripts/npc/abilities/npc_lia_hero_firelord.txt,333,3
abilities,firelord_fire_trap,detection_radius,"[250, 275, 300]",AbilityValues,game/scripts/npc/abilities/npc_lia_hero_firelord.txt,334,3
abilities,firelord_fire_serpent,AbilityCastRange,700,direct_field,game/scripts/npc/abilities/npc_lia_hero_firelord.txt,403,3
abilities,firelord_fire_serpent,AbilityCastPoint,0.3,direct_field,game/scripts/npc/abilities/npc_lia_hero_firelord.txt,404,3
abilities,firelord_fire_serpent,AbilityCooldown,20,direct_field,game/scripts/npc/abilities/npc_lia_hero_firelord.txt,405,3
abilities,firelord_fire_serpent,AbilityManaCost,"[150, 250, 350]",direct_field,game/scripts/npc/abilities/npc_lia_hero_firelord.txt,406,3
abilities,firelord_fire_serpent,serpent_health,"[250, 500, 750]",AbilityValues,game/scripts/npc/abilities/npc_lia_hero_firelord.txt,416,3
abilities,firelord_fire_serpent,serpent_health_scepter,"[500, 750, 1200]",AbilityValues,game/scripts/npc/abilities/npc_lia_hero_firelord.txt,417,3
abilities,firelord_fire_serpent,serpent_damage,"[20, 40, 60]",AbilityValues,game/scripts/npc/abilities/npc_lia_hero_firelord.txt,422,3
abilities,firelord_fire_serpent,serpent_damage_scepter,"[40, 60, 160]",AbilityValues,game/scripts/npc/abilities/npc_lia_hero_firelord.txt,423,3
abilities,firelord_fire_serpent,duration,60,AbilityValues,game/scripts/npc/abilities/npc_lia_hero_firelord.txt,428,3
abilities,firelord_fire_serpent,manacost_scepter,"[250, 350, 450]",AbilityValues,game/scripts/npc/abilities/npc_lia_hero_firelord.txt,429,3
abilities,firelord_fire_serpent,serpent_count,4,AbilityValues,game/scripts/npc/abilities/npc_lia_hero_firelord.txt,434,3
abilities,frost_lord_frost_breath,AbilityCastRange,"[650, 700, 750]",direct_field,game/scripts/npc/abilities/npc_lia_hero_frost_lord.txt,20,3
abilities,frost_lord_frost_breath,AbilityCastPoint,0.3,direct_field,game/scripts/npc/abilities/npc_lia_hero_frost_lord.txt,21,3
abilities,frost_lord_frost_breath,AbilityCooldown,14,direct_field,game/scripts/npc/abilities/npc_lia_hero_frost_lord.txt,22,3
abilities,frost_lord_frost_breath,AbilityManaCost,"[90, 110, 130]",direct_field,game/scripts/npc/abilities/npc_lia_hero_frost_lord.txt,23,3
abilities,frost_lord_frost_breath,damage,"[70, 140, 210]",AbilityValues,game/scripts/npc/abilities/npc_lia_hero_frost_lord.txt,35,3
abilities,frost_lord_frost_breath,damage_scepter,"[225, 300, 375]",AbilityValues,game/scripts/npc/abilities/npc_lia_hero_frost_lord.txt,36,3
abilities,frost_lord_frost_breath,damage_per_second,"[9, 18, 36]",AbilityValues,game/scripts/npc/abilities/npc_lia_hero_frost_lord.txt,41,3
abilities,frost_lord_frost_breath,damage_per_second_scepter,"[15, 30, 45]",AbilityValues,game/scripts/npc/abilities/npc_lia_hero_frost_lord.txt,42,3
abilities,frost_lord_frost_breath,start_width,150,AbilityValues,game/scripts/npc/abilities/npc_lia_hero_frost_lord.txt,47,3
abilities,frost_lord_frost_breath,end_width,150,AbilityValues,game/scripts/npc/abilities/npc_lia_hero_frost_lord.txt,48,3
abilities,frost_lord_frost_breath,projectile_distance,"[650, 700, 750]",AbilityValues,game/scripts/npc/abilities/npc_lia_hero_frost_lord.txt,49,3
abilities,frost_lord_frost_breath,speed,950,AbilityValues,game/scripts/npc/abilities/npc_lia_hero_frost_lord.txt,50,3
abilities,frost_lord_frost_breath,duration,"[4, 5, 6]",AbilityValues,game/scripts/npc/abilities/npc_lia_hero_frost_lord.txt,51,3
abilities,frost_lord_frost_breath,duration_scepter,"[6, 7, 8]",AbilityValues,game/scripts/npc/abilities/npc_lia_hero_frost_lord.txt,52,3
abilities,frost_lord_frost_breath,manacost_scepter,"[130, 160, 190]",AbilityValues,game/scripts/npc/abilities/npc_lia_hero_frost_lord.txt,57,3
abilities,frost_lord_cold,AbilityCastRange,700,direct_field,game/scripts/npc/abilities/npc_lia_hero_frost_lord.txt,91,3
abilities,frost_lord_cold,AbilityCastPoint,0.0,direct_field,game/scripts/npc/abilities/npc_lia_hero_frost_lord.txt,92,3
abilities,frost_lord_cold,AbilityCooldown,18,direct_field,game/scripts/npc/abilities/npc_lia_hero_frost_lord.txt,94,3
abilities,frost_lord_cold,AbilityManaCost,"[100, 140, 180]",direct_field,game/scripts/npc/abilities/npc_lia_hero_frost_lord.txt,96,3
abilities,frost_lord_cold,damage,"[20, 30, 40]",AbilityValues,game/scripts/npc/abilities/npc_lia_hero_frost_lord.txt,102,3
abilities,frost_lord_cold,add_damage,"[10, 20, 30]",AbilityValues,game/scripts/npc/abilities/npc_lia_hero_frost_lord.txt,103,3
abilities,frost_lord_cold,movement_speed_slow,"[-20, -30, -40]",AbilityValues,game/scripts/npc/abilities/npc_lia_hero_frost_lord.txt,104,3
abilities,frost_lord_cold,attack_speed_slow,"[-10, -20, -30]",AbilityValues,game/scripts/npc/abilities/npc_lia_hero_frost_lord.txt,105,3
abilities,frost_lord_cold,duration,8,AbilityValues,game/scripts/npc/abilities/npc_lia_hero_frost_lord.txt,106,3
abilities,frost_lord_cold,radius,300,AbilityValues,game/scripts/npc/abilities/npc_lia_hero_frost_lord.txt,107,3
abilities,frost_lord_freezing,freezing_chance,18,AbilityValues,game/scripts/npc/abilities/npc_lia_hero_frost_lord.txt,205,3
abilities,frost_lord_freezing,stun_duration,"[0.5, 1.0, 1.5]",AbilityValues,game/scripts/npc/abilities/npc_lia_hero_frost_lord.txt,206,3
abilities,frost_lord_freezing,damage,"[50, 100, 150]",AbilityValues,game/scripts/npc/abilities/npc_lia_hero_frost_lord.txt,207,3
abilities,frost_lord_ice,AbilityCastRange,500,direct_field,game/scripts/npc/abilities/npc_lia_hero_frost_lord.txt,228,3
abilities,frost_lord_ice,AbilityCastPoint,0.3,direct_field,game/scripts/npc/abilities/npc_lia_hero_frost_lord.txt,229,3
abilities,frost_lord_ice,AbilityCooldown,140,direct_field,game/scripts/npc/abilities/npc_lia_hero_frost_lord.txt,231,3
abilities,frost_lord_ice,AbilityManaCost,"[225, 275, 325]",direct_field,game/scripts/npc/abilities/npc_lia_hero_frost_lord.txt,233,3
abilities,frost_lord_ice,damage,"[100, 250, 400]",AbilityValues,game/scripts/npc/abilities/npc_lia_hero_frost_lord.txt,246,3
abilities,frost_lord_ice,damage_scepter,"[175, 325, 475]",AbilityValues,game/scripts/npc/abilities/npc_lia_hero_frost_lord.txt,247,3
abilities,frost_lord_ice,duration,"[3, 4, 5]",AbilityValues,game/scripts/npc/abilities/npc_lia_hero_frost_lord.txt,252,3
abilities,frost_lord_ice,duration_scepter,"[4, 5, 6]",AbilityValues,game/scripts/npc/abilities/npc_lia_hero_frost_lord.txt,253,3
abilities,frost_lord_ice,movement_slow,-50,AbilityValues,game/scripts/npc/abilities/npc_lia_hero_frost_lord.txt,258,3
abilities,frost_lord_ice,slow_duration,4,AbilityValues,game/scripts/npc/abilities/npc_lia_hero_frost_lord.txt,259,3
abilities,frost_lord_ice,radius,500,AbilityValues,game/scripts/npc/abilities/npc_lia_hero_frost_lord.txt,260,3
abilities,frost_lord_ice,damage_radius,190,AbilityValues,game/scripts/npc/abilities/npc_lia_hero_frost_lord.txt,261,3
abilities,frost_lord_ice,manacost_scepter,"[325, 375, 425]",AbilityValues,game/scripts/npc/abilities/npc_lia_hero_frost_lord.txt,262,3
abilities,furbolg_champion_furious_clap,AbilityCastPoint,0.3,direct_field,game/scripts/npc/abilities/npc_lia_hero_furbolg_champion.txt,19,3
abilities,furbolg_champion_furious_clap,AbilityCooldown,4,direct_field,game/scripts/npc/abilities/npc_lia_hero_furbolg_champion.txt,21,3
abilities,furbolg_champion_furious_clap,AbilityManaCost,"[50, 50, 50]",direct_field,game/scripts/npc/abilities/npc_lia_hero_furbolg_champion.txt,22,3
abilities,furbolg_champion_furious_clap,initial_damage,"[50, 60, 70]",AbilityValues,game/scripts/npc/abilities/npc_lia_hero_furbolg_champion.txt,26,3
abilities,furbolg_champion_furious_clap,damage_per_strength,"[0.6, 0.8, 1.0]",AbilityValues,game/scripts/npc/abilities/npc_lia_hero_furbolg_champion.txt,27,3
abilities,furbolg_champion_furious_clap,stun_duration,"[0.7, 1.0, 1.3]",AbilityValues,game/scripts/npc/abilities/npc_lia_hero_furbolg_champion.txt,28,3
abilities,furbolg_champion_furious_clap,radius,250,AbilityValues,game/scripts/npc/abilities/npc_lia_hero_furbolg_champion.txt,29,3
abilities,furbolg_champion_furious_clap,health_cost,50,AbilityValues,game/scripts/npc/abilities/npc_lia_hero_furbolg_champion.txt,30,3
abilities,furbolg_champion_sharp_claws,attacks_required,4,AbilityValues,game/scripts/npc/abilities/npc_lia_hero_furbolg_champion.txt,49,3
abilities,furbolg_champion_sharp_claws,damage_per_agility,"[1.2, 1.6, 2]",AbilityValues,game/scripts/npc/abilities/npc_lia_hero_furbolg_champion.txt,50,3
abilities,furbolg_champion_sharp_claws,stun_duration,"[0.7, 1.0, 1.3]",AbilityValues,game/scripts/npc/abilities/npc_lia_hero_furbolg_champion.txt,51,3
abilities,furbolg_champion_swelling_rage,AbilityCooldown,"[1, 0.85, 0.7]",direct_field,game/scripts/npc/abilities/npc_lia_hero_furbolg_champion.txt,67,3
abilities,furbolg_champion_swelling_rage,health_lost_percentage_required,"[20, 17, 14]",AbilityValues,game/scripts/npc/abilities/npc_lia_hero_furbolg_champion.txt,71,3
abilities,furbolg_champion_bears_agility,AbilityCastPoint,0.3,direct_field,game/scripts/npc/abilities/npc_lia_hero_furbolg_champion.txt,89,3
abilities,furbolg_champion_bears_agility,AbilityCooldown,60,direct_field,game/scripts/npc/abilities/npc_lia_hero_furbolg_champion.txt,91,3
abilities,furbolg_champion_bears_agility,AbilityManaCost,"[100, 100, 100]",direct_field,game/scripts/npc/abilities/npc_lia_hero_furbolg_champion.txt,92,3
abilities,furbolg_champion_bears_agility,bonus_attack_speed,"[80, 160, 240]",AbilityValues,game/scripts/npc/abilities/npc_lia_hero_furbolg_champion.txt,96,3
abilities,furbolg_champion_bears_agility,health_loss_per_attack,"[40, 60, 80]",AbilityValues,game/scripts/npc/abilities/npc_lia_hero_furbolg_champion.txt,97,3
abilities,furbolg_champion_bears_agility,health_loss_limit_percentage,10,AbilityValues,game/scripts/npc/abilities/npc_lia_hero_furbolg_champion.txt,98,3
abilities,furbolg_champion_bears_agility,duration,8,AbilityValues,game/scripts/npc/abilities/npc_lia_hero_furbolg_champion.txt,99,3
abilities,general_rumble,AbilityCastPoint,0.0,direct_field,game/scripts/npc/abilities/npc_lia_hero_general.txt,20,3
abilities,general_rumble,AbilityCooldown,10.0,direct_field,game/scripts/npc/abilities/npc_lia_hero_general.txt,21,3
abilities,general_rumble,AbilityManaCost,"[60, 80, 100]",direct_field,game/scripts/npc/abilities/npc_lia_hero_general.txt,22,3
abilities,general_rumble,AbilityCastRange,"[275, 275, 300]",direct_field,game/scripts/npc/abilities/npc_lia_hero_general.txt,23,3
abilities,general_rumble,radius,"[275, 275, 300]",AbilityValues,game/scripts/npc/abilities/npc_lia_hero_general.txt,29,3
abilities,general_rumble,duration,6.0,AbilityValues,game/scripts/npc/abilities/npc_lia_hero_general.txt,30,3
abilities,general_rumble,stomp_damage,"[40, 120, 240]",AbilityValues,game/scripts/npc/abilities/npc_lia_hero_general.txt,31,3
abilities,general_rumble,attack_slow,"[-30, -50, -70]",AbilityValues,game/scripts/npc/abilities/npc_lia_hero_general.txt,32,3
abilities,general_dark_magic_flow,AbilityCastRange,700,direct_field,game/scripts/npc/abilities/npc_lia_hero_general.txt,133,3
abilities,general_dark_magic_flow,AbilityCastPoint,0.0,direct_field,game/scripts/npc/abilities/npc_lia_hero_general.txt,134,3
abilities,general_dark_magic_flow,AbilityCooldown,"[10.0, 9.0, 8.0]",direct_field,game/scripts/npc/abilities/npc_lia_hero_general.txt,138,3
abilities,general_dark_magic_flow,AbilityDamage,"[100, 200, 300]",direct_field,game/scripts/npc/abilities/npc_lia_hero_general.txt,142,3
abilities,general_dark_magic_flow,AbilityManaCost,"[60, 65, 70]",direct_field,game/scripts/npc/abilities/npc_lia_hero_general.txt,146,3
abilities,general_dark_magic_flow,projectile_speed,1250,AbilityValues,game/scripts/npc/abilities/npc_lia_hero_general.txt,152,3
abilities,general_dark_magic_flow,projectile_stun,"[2.0, 2.5, 3.0]",AbilityValues,game/scripts/npc/abilities/npc_lia_hero_general.txt,153,3
abilities,general_dark_magic_flow,bonus_armor,"[5, 10, 15]",AbilityValues,game/scripts/npc/abilities/npc_lia_hero_general.txt,154,3
abilities,general_dark_magic_flow,duration,7.0,AbilityValues,game/scripts/npc/abilities/npc_lia_hero_general.txt,155,3
abilities,general_dark_magic_flow,damage,"[100, 200, 300]",AbilityValues,game/scripts/npc/abilities/npc_lia_hero_general.txt,156,3
abilities,general_furious_strike,bonus_damage,"[60, 120, 180]",AbilityValues,game/scripts/npc/abilities/npc_lia_hero_general.txt,233,3
abilities,general_furious_strike,radius,150,AbilityValues,game/scripts/npc/abilities/npc_lia_hero_general.txt,234,3
abilities,general_magic_armor,incoming_damage_percentage,"[-15, -30, -45]",AbilityValues,game/scripts/npc/abilities/npc_lia_hero_general.txt,253,3
abilities,ghoul_blood_thirst,AbilityCooldown,"[18, 16, 14]",direct_field,game/scripts/npc/abilities/npc_lia_hero_ghoul.txt,15,3
abilities,ghoul_blood_thirst,AbilityManaCost,"[40, 45, 50]",direct_field,game/scripts/npc/abilities/npc_lia_hero_ghoul.txt,16,3
abilities,ghoul_blood_thirst,AbilityCastPoint,0,direct_field,game/scripts/npc/abilities/npc_lia_hero_ghoul.txt,20,3
abilities,ghoul_blood_thirst,bonus_damage,"[20, 40, 60]",AbilityValues,game/scripts/npc/abilities/npc_lia_hero_ghoul.txt,30,3
abilities,ghoul_blood_thirst,bonus_armor,"[5, 10, 15]",AbilityValues,game/scripts/npc/abilities/npc_lia_hero_ghoul.txt,31,3
abilities,ghoul_blood_thirst,bonus_health,"[100, 200, 300]",AbilityValues,game/scripts/npc/abilities/npc_lia_hero_ghoul.txt,32,3
abilities,ghoul_blood_thirst,duration,"[4, 5, 6]",AbilityValues,game/scripts/npc/abilities/npc_lia_hero_ghoul.txt,33,3
abilities,ghoul_devour,AbilityCastRange,100,direct_field,game/scripts/npc/abilities/npc_lia_hero_ghoul.txt,121,3
abilities,ghoul_devour,AbilityCastPoint,0.0,direct_field,game/scripts/npc/abilities/npc_lia_hero_ghoul.txt,122,3
abilities,ghoul_devour,AbilityCooldown,4.0,direct_field,game/scripts/npc/abilities/npc_lia_hero_ghoul.txt,126,3
abilities,ghoul_devour,AbilityManaCost,"[20, 30, 40]",direct_field,game/scripts/npc/abilities/npc_lia_hero_ghoul.txt,130,3
abilities,ghoul_devour,instant_heal,"[50, 100, 150]",AbilityValues,game/scripts/npc/abilities/npc_lia_hero_ghoul.txt,136,3
abilities,ghoul_devour,heal_per_second,"[10, 20, 30]",AbilityValues,game/scripts/npc/abilities/npc_lia_hero_ghoul.txt,137,3
abilities,ghoul_devour,heal_duration,10,AbilityValues,game/scripts/npc/abilities/npc_lia_hero_ghoul.txt,138,3
abilities,ghoul_devour,movement_slow,"[-10, -20, -30]",AbilityValues,game/scripts/npc/abilities/npc_lia_hero_ghoul.txt,139,3
abilities,ghoul_devour,attack_slow,"[-10, -20, -30]",AbilityValues,game/scripts/npc/abilities/npc_lia_hero_ghoul.txt,140,3
abilities,ghoul_devour,slow_duration,8.0,AbilityValues,game/scripts/npc/abilities/npc_lia_hero_ghoul.txt,141,3
abilities,ghoul_mortal_strike,crit_multiplier,"[200, 300, 400]",AbilityValues,game/scripts/npc/abilities/npc_lia_hero_ghoul.txt,228,3
abilities,ghoul_mortal_strike,crit_chance,13,AbilityValues,game/scripts/npc/abilities/npc_lia_hero_ghoul.txt,229,3
abilities,ghoul_persistence,AbilityCastRange,500,direct_field,game/scripts/npc/abilities/npc_lia_hero_ghoul.txt,244,3
abilities,ghoul_persistence,bonus_strength,"[25, 50, 75]",AbilityValues,game/scripts/npc/abilities/npc_lia_hero_ghoul.txt,253,3
abilities,ghoul_persistence,radius,500,AbilityValues,game/scripts/npc/abilities/npc_lia_hero_ghoul.txt,254,3
abilities,ghoul_persistence,regen_mult,0.5,AbilityValues,game/scripts/npc/abilities/npc_lia_hero_ghoul.txt,255,3
abilities,akron_explosion,AbilityCooldown,20,direct_field,game/scripts/npc/abilities/npc_lia_hero_golem.txt,13,3
abilities,akron_explosion,AbilityCastRange,0,direct_field,game/scripts/npc/abilities/npc_lia_hero_golem.txt,23,3
abilities,akron_explosion,AbilityManaCost,0,direct_field,game/scripts/npc/abilities/npc_lia_hero_golem.txt,15,3
abilities,akron_explosion,AbilityCastPoint,0.2,direct_field,game/scripts/npc/abilities/npc_lia_hero_golem.txt,22,3
abilities,akron_explosion,radius,225,AbilityValues,game/scripts/npc/abilities/npc_lia_hero_golem.txt,36,3
abilities,akron_explosion,hp_prc_dmg,10,AbilityValues,game/scripts/npc/abilities/npc_lia_hero_golem.txt,37,3
abilities,akron_explosion,burn_damage,"[20, 40, 60]",AbilityValues,game/scripts/npc/abilities/npc_lia_hero_golem.txt,38,3
abilities,akron_explosion,duration,3,AbilityValues,game/scripts/npc/abilities/npc_lia_hero_golem.txt,39,3
abilities,akron_explosion,burn_damage_actual,"[5, 10, 15]",AbilityValues,game/scripts/npc/abilities/npc_lia_hero_golem.txt,40,3
abilities,acron_battle_fevor,AbilityCastRange,500,direct_field,game/scripts/npc/abilities/npc_lia_hero_golem.txt,106,3
abilities,acron_battle_fevor,stack_armor,"[2, 4, 6]",AbilityValues,game/scripts/npc/abilities/npc_lia_hero_golem.txt,120,3
abilities,acron_battle_fevor,stack_health_regen,"[3, 6, 9]",AbilityValues,game/scripts/npc/abilities/npc_lia_hero_golem.txt,121,3
abilities,acron_battle_fevor,stack_duration,5,AbilityValues,game/scripts/npc/abilities/npc_lia_hero_golem.txt,122,3
abilities,acron_battle_fevor,radius,500,AbilityValues,game/scripts/npc/abilities/npc_lia_hero_golem.txt,123,3
abilities,acron_battle_fevor,magical_resistance_passive,"[20, 30, 40]",AbilityValues,game/scripts/npc/abilities/npc_lia_hero_golem.txt,124,3
abilities,akron_firerage,radius,250,AbilityValues,game/scripts/npc/abilities/npc_lia_hero_golem.txt,156,3
abilities,akron_firerage,damage,"[60, 120, 180]",AbilityValues,game/scripts/npc/abilities/npc_lia_hero_golem.txt,157,3
abilities,akron_firerage,StackForExplosion,15,AbilityValues,game/scripts/npc/abilities/npc_lia_hero_golem.txt,158,3
abilities,akron_firerage,stackTime,12,AbilityValues,game/scripts/npc/abilities/npc_lia_hero_golem.txt,159,3
abilities,akron_firerage,heroStacks,5,AbilityValues,game/scripts/npc/abilities/npc_lia_hero_golem.txt,160,3
abilities,acron_molten_fury,AbilityCooldown,40,direct_field,game/scripts/npc/abilities/npc_lia_hero_golem.txt,225,3
abilities,acron_molten_fury,AbilityCastRange,0,direct_field,game/scripts/npc/abilities/npc_lia_hero_golem.txt,235,3
abilities,acron_molten_fury,AbilityManaCost,"[100, 150, 200]",direct_field,game/scripts/npc/abilities/npc_lia_hero_golem.txt,227,3
abilities,acron_molten_fury,AbilityCastPoint,0.2,direct_field,game/scripts/npc/abilities/npc_lia_hero_golem.txt,234,3
abilities,acron_molten_fury,bonus_attack_speed,"[40, 60, 80]",AbilityValues,game/scripts/npc/abilities/npc_lia_hero_golem.txt,269,3
abilities,acron_molten_fury,damage_reduction,"[-40, -60, -80]",AbilityValues,game/scripts/npc/abilities/npc_lia_hero_golem.txt,270,3
abilities,acron_molten_fury,duration,"[4, 5, 6]",AbilityValues,game/scripts/npc/abilities/npc_lia_hero_golem.txt,271,3
abilities,acron_molten_fury,radius,300,AbilityValues,game/scripts/npc/abilities/npc_lia_hero_golem.txt,272,3
abilities,akron_ground_slam,AbilityCooldown,80,direct_field,game/scripts/npc/abilities/npc_lia_hero_golem.txt,369,3
abilities,akron_ground_slam,AbilityCastPoint,0.2,direct_field,game/scripts/npc/abilities/npc_lia_hero_golem.txt,371,3
abilities,akron_ground_slam,AbilityCastRange,1500,direct_field,game/scripts/npc/abilities/npc_lia_hero_golem.txt,372,3
abilities,akron_ground_slam,AbilityManaCost,"[120, 140, 160]",direct_field,game/scripts/npc/abilities/npc_lia_hero_golem.txt,374,3
abilities,akron_ground_slam,Damage,"[150, 300, 450]",AbilityValues,game/scripts/npc/abilities/npc_lia_hero_golem.txt,450,3
abilities,akron_ground_slam,slow_speed_attack_and_movement,"[-40, -60, -80]",AbilityValues,game/scripts/npc/abilities/npc_lia_hero_golem.txt,451,3
abilities,akron_ground_slam,slow_tooltip,"[-40, -60, -80]",AbilityValues,game/scripts/npc/abilities/npc_lia_hero_golem.txt,452,3
abilities,akron_ground_slam,duration,"[5, 10, 15]",AbilityValues,game/scripts/npc/abilities/npc_lia_hero_golem.txt,453,3
abilities,akron_ground_slam,radius,1500,AbilityValues,game/scripts/npc/abilities/npc_lia_hero_golem.txt,454,3
abilities,hermit_summon_water_elemental,AbilityCooldown,"[20, 19, 18]",direct_field,game/scripts/npc/abilities/npc_lia_hero_hermit.txt,14,3
abilities,hermit_summon_water_elemental,AbilityManaCost,"[100, 125, 150]",direct_field,game/scripts/npc/abilities/npc_lia_hero_hermit.txt,15,3
abilities,hermit_summon_water_elemental,hit_points,"[300, 550, 800]",AbilityValues,game/scripts/npc/abilities/npc_lia_hero_hermit.txt,21,3
abilities,hermit_summon_water_elemental,hit_points_scepter,"[550, 800, 1450]",AbilityValues,game/scripts/npc/abilities/npc_lia_hero_hermit.txt,22,3
abilities,hermit_summon_water_elemental,damage,"[15, 30, 60]",AbilityValues,game/scripts/npc/abilities/npc_lia_hero_hermit.txt,27,3
abilities,hermit_summon_water_elemental,damage_scepter,"[30, 60, 120]",AbilityValues,game/scripts/npc/abilities/npc_lia_hero_hermit.txt,28,3
abilities,hermit_summon_water_elemental,unit_count,2,AbilityValues,game/scripts/npc/abilities/npc_lia_hero_hermit.txt,33,3
abilities,hermit_summon_water_elemental,unit_count_scepter,3,AbilityValues,game/scripts/npc/abilities/npc_lia_hero_hermit.txt,34,3
abilities,hermit_summon_water_elemental,duration,60,AbilityValues,game/scripts/npc/abilities/npc_lia_hero_hermit.txt,39,3
abilities,hermit_summon_water_elemental,manacost_scepter,"[150, 200, 250]",AbilityValues,game/scripts/npc/abilities/npc_lia_hero_hermit.txt,40,3
abilities,hermit_summon_water_elemental,spawn_radius,200,AbilityValues,game/scripts/npc/abilities/npc_lia_hero_hermit.txt,45,3
abilities,hermit_astral,AbilityCastRange,700,direct_field,game/scripts/npc/abilities/npc_lia_hero_hermit.txt,74,3
abilities,hermit_astral,AbilityCastPoint,0,direct_field,game/scripts/npc/abilities/npc_lia_hero_hermit.txt,75,3
abilities,hermit_astral,AbilityCooldown,"[16, 14, 12]",direct_field,game/scripts/npc/abilities/npc_lia_hero_hermit.txt,79,3
abilities,hermit_astral,AbilityManaCost,"[100, 200, 300]",direct_field,game/scripts/npc/abilities/npc_lia_hero_hermit.txt,84,3
abilities,hermit_astral,reduce_spell_damage_pct,-40,AbilityValues,game/scripts/npc/abilities/npc_lia_hero_hermit.txt,90,3
abilities,hermit_astral,reduce_movement_speed,"[-10, -20, -30]",AbilityValues,game/scripts/npc/abilities/npc_lia_hero_hermit.txt,91,3
abilities,hermit_astral,duration_hero,"[3, 4, 5]",AbilityValues,game/scripts/npc/abilities/npc_lia_hero_hermit.txt,92,3
abilities,hermit_astral,duration_other,"[4, 5, 6]",AbilityValues,game/scripts/npc/abilities/npc_lia_hero_hermit.txt,93,3
abilities,hermit_frost_arrows,AbilityCastRange,475,direct_field,game/scripts/npc/abilities/npc_lia_hero_hermit.txt,118,3
abilities,hermit_frost_arrows,AbilityManaCost,"[15, 30, 40]",direct_field,game/scripts/npc/abilities/npc_lia_hero_hermit.txt,120,3
abilities,hermit_frost_arrows,damage,"[20, 40, 60]",AbilityValues,game/scripts/npc/abilities/npc_lia_hero_hermit.txt,131,3
abilities,hermit_frost_arrows,damage_scepter,"[50, 100, 150]",AbilityValues,game/scripts/npc/abilities/npc_lia_hero_hermit.txt,132,3
abilities,hermit_frost_arrows,duration,3,AbilityValues,game/scripts/npc/abilities/npc_lia_hero_hermit.txt,137,3
abilities,hermit_frost_arrows,duration_scepter,4,AbilityValues,game/scripts/npc/abilities/npc_lia_hero_hermit.txt,138,3
abilities,hermit_frost_arrows,movespeed_slow_pct,"[-10, -20, -30]",AbilityValues,game/scripts/npc/abilities/npc_lia_hero_hermit.txt,143,3
abilities,hermit_frost_arrows,movespeed_slow_scepter,"[-20, -30, -40]",AbilityValues,game/scripts/npc/abilities/npc_lia_hero_hermit.txt,144,3
abilities,hermit_frost_arrows,attack_slow,"[-20, -30, -40]",AbilityValues,game/scripts/npc/abilities/npc_lia_hero_hermit.txt,149,3
abilities,hermit_frost_arrows,attack_slow_scepter,"[-40, -50, -60]",AbilityValues,game/scripts/npc/abilities/npc_lia_hero_hermit.txt,150,3
abilities,hermit_frost_arrows,manacost_scepter,"[45, 60, 75]",AbilityValues,game/scripts/npc/abilities/npc_lia_hero_hermit.txt,155,3
abilities,hermit_storm,AbilityCastRange,400,direct_field,game/scripts/npc/abilities/npc_lia_hero_hermit.txt,180,3
abilities,hermit_storm,AbilityCastPoint,"[0.3, 0.3, 0.3]",direct_field,game/scripts/npc/abilities/npc_lia_hero_hermit.txt,181,3
abilities,hermit_storm,AbilityCooldown,160,direct_field,game/scripts/npc/abilities/npc_lia_hero_hermit.txt,182,3
abilities,hermit_storm,AbilityDuration,"[8.0, 12.0, 16.0]",direct_field,game/scripts/npc/abilities/npc_lia_hero_hermit.txt,183,3
abilities,hermit_storm,AbilityChannelTime,"[8.0, 12.0, 16.0]",direct_field,game/scripts/npc/abilities/npc_lia_hero_hermit.txt,184,3
abilities,hermit_storm,AbilityManaCost,"[250, 300, 350]",direct_field,game/scripts/npc/abilities/npc_lia_hero_hermit.txt,185,3
abilities,hermit_storm,wave_damage,"[90, 190, 290]",AbilityValues,game/scripts/npc/abilities/npc_lia_hero_hermit.txt,197,3
abilities,hermit_storm,waves_per_second,"[2, 3, 4]",AbilityValues,game/scripts/npc/abilities/npc_lia_hero_hermit.txt,198,3
abilities,hermit_storm,duration,"[8, 12, 16]",AbilityValues,game/scripts/npc/abilities/npc_lia_hero_hermit.txt,199,3
abilities,hermit_storm,hits_for_elemental,10,AbilityValues,game/scripts/npc/abilities/npc_lia_hero_hermit.txt,200,3
abilities,hermit_storm,wave_speed,1150.0,AbilityValues,game/scripts/npc/abilities/npc_lia_hero_hermit.txt,205,3
abilities,hermit_storm,wave_width,50,AbilityValues,game/scripts/npc/abilities/npc_lia_hero_hermit.txt,206,3
abilities,hermit_storm,vision_aoe,400,AbilityValues,game/scripts/npc/abilities/npc_lia_hero_hermit.txt,207,3
abilities,hermit_storm,damage_radius,200,AbilityValues,game/scripts/npc/abilities/npc_lia_hero_hermit.txt,208,3
abilities,hermit_storm,delay_cause,0.2,AbilityValues,game/scripts/npc/abilities/npc_lia_hero_hermit.txt,209,3
abilities,hermit_storm,radius,800,AbilityValues,game/scripts/npc/abilities/npc_lia_hero_hermit.txt,210,3
abilities,hermit_storm1,AbilityCastRange,400,direct_field,game/scripts/npc/abilities/npc_lia_hero_hermit.txt,249,3
abilities,hermit_storm1,AbilityCastPoint,"[0.3, 0.3, 0.3]",direct_field,game/scripts/npc/abilities/npc_lia_hero_hermit.txt,251,3
abilities,hermit_storm1,AbilityCooldown,160,direct_field,game/scripts/npc/abilities/npc_lia_hero_hermit.txt,255,3
abilities,hermit_storm1,AbilityDuration,"[8.0, 12.0, 16.0]",direct_field,game/scripts/npc/abilities/npc_lia_hero_hermit.txt,256,3
abilities,hermit_storm1,AbilityChannelTime,"[8.0, 12.0, 16.0]",direct_field,game/scripts/npc/abilities/npc_lia_hero_hermit.txt,257,3
abilities,hermit_storm1,AbilityDamage,"[90, 190, 290]",direct_field,game/scripts/npc/abilities/npc_lia_hero_hermit.txt,261,3
abilities,hermit_storm1,AbilityManaCost,"[250, 300, 350]",direct_field,game/scripts/npc/abilities/npc_lia_hero_hermit.txt,265,3
abilities,hermit_storm1,wave_speed,1150.0,AbilityValues,game/scripts/npc/abilities/npc_lia_hero_hermit.txt,271,3
abilities,hermit_storm1,wave_width,"[55, 48, 48]",AbilityValues,game/scripts/npc/abilities/npc_lia_hero_hermit.txt,272,3
abilities,hermit_storm1,vision_aoe,400,AbilityValues,game/scripts/npc/abilities/npc_lia_hero_hermit.txt,273,3
abilities,hermit_storm1,num_in_sec,"[3, 4, 5]",AbilityValues,game/scripts/npc/abilities/npc_lia_hero_hermit.txt,274,3
abilities,hermit_storm1,radius_cause,200,AbilityValues,game/scripts/npc/abilities/npc_lia_hero_hermit.txt,275,3
abilities,hermit_storm1,delay_cause,0.2,AbilityValues,game/scripts/npc/abilities/npc_lia_hero_hermit.txt,276,3
abilities,hermit_storm1,for_tick,"[0.33, 0.25, 0.2]",AbilityValues,game/scripts/npc/abilities/npc_lia_hero_hermit.txt,277,3
abilities,hermit_storm1,radius,400,AbilityValues,game/scripts/npc/abilities/npc_lia_hero_hermit.txt,278,3
abilities,hermit_storm1,duration,"[8, 12, 16]",AbilityValues,game/scripts/npc/abilities/npc_lia_hero_hermit.txt,279,3
abilities,highlander_storm_bolt,AbilityCastRange,650,direct_field,game/scripts/npc/abilities/npc_lia_hero_highlander.txt,19,3
abilities,highlander_storm_bolt,AbilityCastPoint,0.3,direct_field,game/scripts/npc/abilities/npc_lia_hero_highlander.txt,20,3
abilities,highlander_storm_bolt,AbilityCooldown,15,direct_field,game/scripts/npc/abilities/npc_lia_hero_highlander.txt,21,3
abilities,highlander_storm_bolt,AbilityManaCost,"[55, 70, 85]",direct_field,game/scripts/npc/abilities/npc_lia_hero_highlander.txt,23,3
abilities,highlander_storm_bolt,bolt_speed,1000,AbilityValues,game/scripts/npc/abilities/npc_lia_hero_highlander.txt,27,3
abilities,highlander_storm_bolt,stun_main_target_duration,"[1.0, 2.0, 3.0]",AbilityValues,game/scripts/npc/abilities/npc_lia_hero_highlander.txt,28,3
abilities,highlander_storm_bolt,stun_radius_duration,"[1.0, 1.5, 2.0]",AbilityValues,game/scripts/npc/abilities/npc_lia_hero_highlander.txt,29,3
abilities,highlander_storm_bolt,damage_main_target_tooltip,"[150, 200, 250]",AbilityValues,game/scripts/npc/abilities/npc_lia_hero_highlander.txt,30,3
abilities,highlander_storm_bolt,damage_radius,"[75, 125, 175]",AbilityValues,game/scripts/npc/abilities/npc_lia_hero_highlander.txt,31,3
abilities,highlander_storm_bolt,radius,250,AbilityValues,game/scripts/npc/abilities/npc_lia_hero_highlander.txt,32,3
abilities,highlander_heavy_axe,AbilityCooldown,14,direct_field,game/scripts/npc/abilities/npc_lia_hero_highlander.txt,87,3
abilities,highlander_heavy_axe,AbilityManaCost,"[60, 80, 100]",direct_field,game/scripts/npc/abilities/npc_lia_hero_highlander.txt,88,3
abilities,highlander_heavy_axe,bonus_damage,"[50, 100, 150]",AbilityValues,game/scripts/npc/abilities/npc_lia_hero_highlander.txt,99,3
abilities,highlander_heavy_axe,bonus_movement_speed_percentage,"[10, 15, 20]",AbilityValues,game/scripts/npc/abilities/npc_lia_hero_highlander.txt,100,3
abilities,highlander_heavy_axe,duration,8,AbilityValues,game/scripts/npc/abilities/npc_lia_hero_highlander.txt,101,3
abilities,highlander_improved_armor,bonus_armor,"[3, 6, 9]",AbilityValues,game/scripts/npc/abilities/npc_lia_hero_highlander.txt,162,3
abilities,highlander_improved_armor,armor_per_attack,3,AbilityValues,game/scripts/npc/abilities/npc_lia_hero_highlander.txt,163,3
abilities,highlander_improved_armor,duration,"[2, 3, 4]",AbilityValues,game/scripts/npc/abilities/npc_lia_hero_highlander.txt,164,3
abilities,highlander_improved_armor,max_armor,"[21, 24, 27]",AbilityValues,game/scripts/npc/abilities/npc_lia_hero_highlander.txt,165,3
abilities,highlander_might_of_the_highlander,AbilityCastRange,700,direct_field,game/scripts/npc/abilities/npc_lia_hero_highlander.txt,200,3
abilities,highlander_might_of_the_highlander,AbilityCastPoint,0.0,direct_field,game/scripts/npc/abilities/npc_lia_hero_highlander.txt,201,3
abilities,highlander_might_of_the_highlander,AbilityCooldown,"[100, 90, 80]",direct_field,game/scripts/npc/abilities/npc_lia_hero_highlander.txt,203,3
abilities,highlander_might_of_the_highlander,AbilityManaCost,"[130, 150, 170]",direct_field,game/scripts/npc/abilities/npc_lia_hero_highlander.txt,205,3
abilities,highlander_might_of_the_highlander,damage,"[250, 500, 750]",AbilityValues,game/scripts/npc/abilities/npc_lia_hero_highlander.txt,211,3
abilities,highlander_might_of_the_highlander,movement_speed_slow,"[-70, -80, -90]",AbilityValues,game/scripts/npc/abilities/npc_lia_hero_highlander.txt,212,3
abilities,highlander_might_of_the_highlander,duration,"[5, 6, 7]",AbilityValues,game/scripts/npc/abilities/npc_lia_hero_highlander.txt,213,3
abilities,highlander_might_of_the_highlander,radius,350,AbilityValues,game/scripts/npc/abilities/npc_lia_hero_highlander.txt,214,3
abilities,highlander_might_of_the_highlander,aoe_tooltip,700,AbilityValues,game/scripts/npc/abilities/npc_lia_hero_highlander.txt,215,3
abilities,huntress_curse_of_elune,AbilityCastRange,700,direct_field,game/scripts/npc/abilities/npc_lia_hero_huntress.txt,21,3
abilities,huntress_curse_of_elune,AbilityCastPoint,0.3,direct_field,game/scripts/npc/abilities/npc_lia_hero_huntress.txt,22,3
abilities,huntress_curse_of_elune,AbilityCooldown,"[15.0, 14.0, 13.0]",direct_field,game/scripts/npc/abilities/npc_lia_hero_huntress.txt,24,3
abilities,huntress_curse_of_elune,AbilityManaCost,"[80, 100, 120]",direct_field,game/scripts/npc/abilities/npc_lia_hero_huntress.txt,25,3
abilities,huntress_curse_of_elune,damage_initial,"[20, 40, 60]",AbilityValues,game/scripts/npc/abilities/npc_lia_hero_huntress.txt,29,3
abilities,huntress_curse_of_elune,damage_per_second,"[10, 20, 30]",AbilityValues,game/scripts/npc/abilities/npc_lia_hero_huntress.txt,30,3
abilities,huntress_curse_of_elune,damage_hp_percentage_creeps,"[5, 10, 15]",AbilityValues,game/scripts/npc/abilities/npc_lia_hero_huntress.txt,31,3
abilities,huntress_curse_of_elune,damage_hp_percentage_heroes,"[2, 4, 6]",AbilityValues,game/scripts/npc/abilities/npc_lia_hero_huntress.txt,32,3
abilities,huntress_curse_of_elune,radius,230,AbilityValues,game/scripts/npc/abilities/npc_lia_hero_huntress.txt,33,3
abilities,huntress_curse_of_elune,duration,4.0,AbilityValues,game/scripts/npc/abilities/npc_lia_hero_huntress.txt,34,3
abilities,huntress_moon_glaive,range,"[400, 400, 400]",AbilityValues,game/scripts/npc/abilities/npc_lia_hero_huntress.txt,60,3
abilities,huntress_moon_glaive,bounces,"[1, 2, 3]",AbilityValues,game/scripts/npc/abilities/npc_lia_hero_huntress.txt,61,3
abilities,huntress_moon_glaive,damage_reduction_percentage,20,AbilityValues,game/scripts/npc/abilities/npc_lia_hero_huntress.txt,62,3
abilities,huntress_power_of_the_moon,bonus_magic_resistance_percentage,"[10, 20, 30]",AbilityValues,game/scripts/npc/abilities/npc_lia_hero_huntress.txt,81,3
abilities,huntress_power_of_the_moon,bonus_attack_speed,"[8, 16, 24]",AbilityValues,game/scripts/npc/abilities/npc_lia_hero_huntress.txt,82,3
abilities,huntress_power_of_the_moon,bonus_movement_speed_percentage,"[5, 10, 15]",AbilityValues,game/scripts/npc/abilities/npc_lia_hero_huntress.txt,83,3
abilities,huntress_power_of_the_moon,bonus_agility,"[5, 10, 15]",AbilityValues,game/scripts/npc/abilities/npc_lia_hero_huntress.txt,84,3
abilities,huntress_moon_rite,AbilityCooldown,90,direct_field,game/scripts/npc/abilities/npc_lia_hero_huntress.txt,96,3
abilities,huntress_moon_rite,AbilityManaCost,"[100, 125, 150]",direct_field,game/scripts/npc/abilities/npc_lia_hero_huntress.txt,97,3
abilities,huntress_moon_rite,AbilityCastPoint,0.5,direct_field,game/scripts/npc/abilities/npc_lia_hero_huntress.txt,104,3
abilities,huntress_moon_rite,bonus_attack_speed,"[40, 80, 120]",AbilityValues,game/scripts/npc/abilities/npc_lia_hero_huntress.txt,109,3
abilities,huntress_moon_rite,bonus_damage,"[80, 160, 240]",AbilityValues,game/scripts/npc/abilities/npc_lia_hero_huntress.txt,110,3
abilities,huntress_moon_rite,duration,9.0,AbilityValues,game/scripts/npc/abilities/npc_lia_hero_huntress.txt,111,3
abilities,illusionist_whiff_of_deception,AbilityCooldown,8,direct_field,game/scripts/npc/abilities/npc_lia_hero_illusionist.txt,13,3
abilities,illusionist_whiff_of_deception,AbilityCastRange,300,direct_field,game/scripts/npc/abilities/npc_lia_hero_illusionist.txt,14,3
abilities,illusionist_whiff_of_deception,AbilityManaCost,50,direct_field,game/scripts/npc/abilities/npc_lia_hero_illusionist.txt,15,3
abilities,illusionist_whiff_of_deception,AbilityCastPoint,0.2,direct_field,game/scripts/npc/abilities/npc_lia_hero_illusionist.txt,21,3
abilities,illusionist_whiff_of_deception,radius,300,AbilityValues,game/scripts/npc/abilities/npc_lia_hero_illusionist.txt,62,3
abilities,illusionist_whiff_of_deception,base_damage,75,AbilityValues,game/scripts/npc/abilities/npc_lia_hero_illusionist.txt,63,3
abilities,illusionist_whiff_of_deception,value_p,"[0.6, 0.8, 1.0]",AbilityValues,game/scripts/npc/abilities/npc_lia_hero_illusionist.txt,64,3
abilities,illusionist_mastery_of_deception,time,"[4, 6, 7]",AbilityValues,game/scripts/npc/abilities/npc_lia_hero_illusionist.txt,178,3
abilities,illusionist_mastery_of_deception,bchance,20,AbilityValues,game/scripts/npc/abilities/npc_lia_hero_illusionist.txt,179,3
abilities,illusionist_mastery_of_deception,outgoing_damage,"[-80, -70, -60]",AbilityValues,game/scripts/npc/abilities/npc_lia_hero_illusionist.txt,180,3
abilities,illusionist_mastery_of_deception,incoming_damage,"[400, 300, 200]",AbilityValues,game/scripts/npc/abilities/npc_lia_hero_illusionist.txt,181,3
abilities,illusionist_mastery_of_deception,outgoing_damage_tooltip,"[20, 30, 40]",AbilityValues,game/scripts/npc/abilities/npc_lia_hero_illusionist.txt,182,3
abilities,illusionist_agility_paws,bonus_agility,"[1, 2, 3]",AbilityValues,game/scripts/npc/abilities/npc_lia_hero_illusionist.txt,206,3
abilities,illusionist_agility_paws,prt_bonus,10,AbilityValues,game/scripts/npc/abilities/npc_lia_hero_illusionist.txt,207,3
abilities,illusionist_agility_paws,max_bonus,200,AbilityValues,game/scripts/npc/abilities/npc_lia_hero_illusionist.txt,208,3
abilities,illusionist_agility_paws,bonus_per_level,10,AbilityValues,game/scripts/npc/abilities/npc_lia_hero_illusionist.txt,209,3
abilities,illusionist_mastery_of_illusions,AbilityCastRange,"[700, 700, 700]",direct_field,game/scripts/npc/abilities/npc_lia_hero_illusionist.txt,310,3
abilities,illusionist_mastery_of_illusions,AbilityCastPoint,"[0.0, 0.0, 0.0]",direct_field,game/scripts/npc/abilities/npc_lia_hero_illusionist.txt,311,3
abilities,illusionist_mastery_of_illusions,AbilityCooldown,30.0,direct_field,game/scripts/npc/abilities/npc_lia_hero_illusionist.txt,315,3
abilities,illusionist_mastery_of_illusions,AbilityManaCost,"[100, 120, 140]",direct_field,game/scripts/npc/abilities/npc_lia_hero_illusionist.txt,320,3
abilities,illusionist_mastery_of_illusions,duration_hero,3.0,AbilityValues,game/scripts/npc/abilities/npc_lia_hero_illusionist.txt,326,3
abilities,illusionist_mastery_of_illusions,duration_other,3.0,AbilityValues,game/scripts/npc/abilities/npc_lia_hero_illusionist.txt,327,3
abilities,illusionist_mastery_of_illusions,count_illusion,3,AbilityValues,game/scripts/npc/abilities/npc_lia_hero_illusionist.txt,328,3
abilities,illusionist_mastery_of_illusions,life_illusion,"[8, 9, 10]",AbilityValues,game/scripts/npc/abilities/npc_lia_hero_illusionist.txt,329,3
abilities,illusionist_mastery_of_illusions,outgoing_damage,"[-20, -10, 0]",AbilityValues,game/scripts/npc/abilities/npc_lia_hero_illusionist.txt,330,3
abilities,illusionist_mastery_of_illusions,incoming_damage,"[200, 150, 100]",AbilityValues,game/scripts/npc/abilities/npc_lia_hero_illusionist.txt,331,3
abilities,illusionist_mastery_of_illusions,outgoing_damage_tooltip,"[80, 90, 100]",AbilityValues,game/scripts/npc/abilities/npc_lia_hero_illusionist.txt,332,3
abilities,keeper_of_the_grove_roots,AbilityCastRange,700,direct_field,game/scripts/npc/abilities/npc_lia_hero_keeper_of_the_grove.txt,32,3
abilities,keeper_of_the_grove_roots,AbilityCastPoint,0.0,direct_field,game/scripts/npc/abilities/npc_lia_hero_keeper_of_the_grove.txt,33,3
abilities,keeper_of_the_grove_roots,AbilityCooldown,"[18, 17, 16]",direct_field,game/scripts/npc/abilities/npc_lia_hero_keeper_of_the_grove.txt,35,3
abilities,keeper_of_the_grove_roots,AbilityManaCost,"[80, 180, 280]",direct_field,game/scripts/npc/abilities/npc_lia_hero_keeper_of_the_grove.txt,37,3
abilities,keeper_of_the_grove_roots,damage_per_second,"[30, 60, 90]",AbilityValues,game/scripts/npc/abilities/npc_lia_hero_keeper_of_the_grove.txt,43,3
abilities,keeper_of_the_grove_roots,root_duration,"[2, 3, 4]",AbilityValues,game/scripts/npc/abilities/npc_lia_hero_keeper_of_the_grove.txt,44,3
abilities,keeper_of_the_grove_roots,root_hero_duration,"[1, 2, 3]",AbilityValues,game/scripts/npc/abilities/npc_lia_hero_keeper_of_the_grove.txt,45,3
abilities,keeper_of_the_grove_roots,radius,290,AbilityValues,game/scripts/npc/abilities/npc_lia_hero_keeper_of_the_grove.txt,46,3
abilities,keeper_of_the_grove_treants,AbilityCastRange,400,direct_field,game/scripts/npc/abilities/npc_lia_hero_keeper_of_the_grove.txt,127,3
abilities,keeper_of_the_grove_treants,AbilityCastPoint,0.5,direct_field,game/scripts/npc/abilities/npc_lia_hero_keeper_of_the_grove.txt,128,3
abilities,keeper_of_the_grove_treants,AbilityCooldown,25,direct_field,game/scripts/npc/abilities/npc_lia_hero_keeper_of_the_grove.txt,129,3
abilities,keeper_of_the_grove_treants,AbilityManaCost,"[100, 150, 200]",direct_field,game/scripts/npc/abilities/npc_lia_hero_keeper_of_the_grove.txt,131,3
abilities,keeper_of_the_grove_treants,treant_health,"[350, 700, 1400]",AbilityValues,game/scripts/npc/abilities/npc_lia_hero_keeper_of_the_grove.txt,146,3
abilities,keeper_of_the_grove_treants,treant_damage,"[60, 125, 250]",AbilityValues,game/scripts/npc/abilities/npc_lia_hero_keeper_of_the_grove.txt,147,3
abilities,keeper_of_the_grove_treants,unit_count,"[2, 2, 2]",AbilityValues,game/scripts/npc/abilities/npc_lia_hero_keeper_of_the_grove.txt,148,3
abilities,keeper_of_the_grove_guardian_spirit,AbilityCooldown,40,direct_field,game/scripts/npc/abilities/npc_lia_hero_keeper_of_the_grove.txt,176,3
abilities,keeper_of_the_grove_guardian_spirit,bonus_stats,"[15, 30, 45]",AbilityValues,game/scripts/npc/abilities/npc_lia_hero_keeper_of_the_grove.txt,195,3
abilities,keeper_of_the_grove_guardian_spirit,bonus_stats_scepter,"[25, 50, 75]",AbilityValues,game/scripts/npc/abilities/npc_lia_hero_keeper_of_the_grove.txt,196,3
abilities,keeper_of_the_grove_guardian_spirit,lifetime,"[10, 15, 20]",AbilityValues,game/scripts/npc/abilities/npc_lia_hero_keeper_of_the_grove.txt,201,3
abilities,keeper_of_the_grove_guardian_spirit,lifetime_scepter,"[15, 20, 25]",AbilityValues,game/scripts/npc/abilities/npc_lia_hero_keeper_of_the_grove.txt,202,3
abilities,keeper_of_the_grove_natures_curse,AbilityCastRange,650,direct_field,game/scripts/npc/abilities/npc_lia_hero_keeper_of_the_grove.txt,224,3
abilities,keeper_of_the_grove_natures_curse,AbilityCastPoint,0.3,direct_field,game/scripts/npc/abilities/npc_lia_hero_keeper_of_the_grove.txt,225,3
abilities,keeper_of_the_grove_natures_curse,AbilityCooldown,220,direct_field,game/scripts/npc/abilities/npc_lia_hero_keeper_of_the_grove.txt,226,3
abilities,keeper_of_the_grove_natures_curse,AbilityManaCost,"[200, 250, 300]",direct_field,game/scripts/npc/abilities/npc_lia_hero_keeper_of_the_grove.txt,228,3
abilities,keeper_of_the_grove_natures_curse,damage_per_second,"[60, 90, 120]",AbilityValues,game/scripts/npc/abilities/npc_lia_hero_keeper_of_the_grove.txt,247,3
abilities,keeper_of_the_grove_natures_curse,damage_per_second_scepter,"[90, 120, 150]",AbilityValues,game/scripts/npc/abilities/npc_lia_hero_keeper_of_the_grove.txt,248,3
abilities,keeper_of_the_grove_natures_curse,duration,10,AbilityValues,game/scripts/npc/abilities/npc_lia_hero_keeper_of_the_grove.txt,253,3
abilities,keeper_of_the_grove_natures_curse,hero_duration,5,AbilityValues,game/scripts/npc/abilities/npc_lia_hero_keeper_of_the_grove.txt,254,3
abilities,keeper_of_the_grove_natures_curse,radius,350,AbilityValues,game/scripts/npc/abilities/npc_lia_hero_keeper_of_the_grove.txt,255,3
abilities,keeper_of_the_grove_natures_curse,cooldown_scepter,160,AbilityValues,game/scripts/npc/abilities/npc_lia_hero_keeper_of_the_grove.txt,256,3
abilities,keeper_of_the_grove_treants_unity,AbilityCooldown,0,direct_field,game/scripts/npc/abilities/npc_lia_hero_keeper_of_the_grove.txt,272,
abilities,keeper_of_the_grove_treants_unity,AbilityManaCost,0,direct_field,game/scripts/npc/abilities/npc_lia_hero_keeper_of_the_grove.txt,273,
abilities,keeper_of_the_grove_treants_cyclone,AbilityCastRange,400,direct_field,game/scripts/npc/abilities/npc_lia_hero_keeper_of_the_grove.txt,321,1
abilities,keeper_of_the_grove_treants_cyclone,AbilityCooldown,40.0,direct_field,game/scripts/npc/abilities/npc_lia_hero_keeper_of_the_grove.txt,325,1
abilities,keeper_of_the_grove_treants_cyclone,duration,2.0,AbilityValues,game/scripts/npc/abilities/npc_lia_hero_keeper_of_the_grove.txt,336,1
abilities,keeper_of_the_grove_treants_cyclone,damage,200,AbilityValues,game/scripts/npc/abilities/npc_lia_hero_keeper_of_the_grove.txt,337,1
abilities,keeper_of_the_grove_treants_cyclone,cyclone_height,550,AbilityValues,game/scripts/npc/abilities/npc_lia_hero_keeper_of_the_grove.txt,338,1
abilities,keeper_of_the_grove_treants_cyclone,cyclone_min_height,500,AbilityValues,game/scripts/npc/abilities/npc_lia_hero_keeper_of_the_grove.txt,339,1
abilities,keeper_of_the_grove_treants_cyclone,cyclone_max_height,650,AbilityValues,game/scripts/npc/abilities/npc_lia_hero_keeper_of_the_grove.txt,340,1
abilities,keeper_of_the_grove_guardian_spirit_narure_forces,AbilityCastPoint,0.0,direct_field,game/scripts/npc/abilities/npc_lia_hero_keeper_of_the_grove.txt,425,3
abilities,keeper_of_the_grove_guardian_spirit_narure_forces,AbilityCastRange,500,direct_field,game/scripts/npc/abilities/npc_lia_hero_keeper_of_the_grove.txt,426,3
abilities,keeper_of_the_grove_guardian_spirit_narure_forces,AbilityCooldown,"[7, 14, 21]",direct_field,game/scripts/npc/abilities/npc_lia_hero_keeper_of_the_grove.txt,427,3
abilities,keeper_of_the_grove_guardian_spirit_narure_forces,bonus_armor,"[10, 20, 30]",AbilityValues,game/scripts/npc/abilities/npc_lia_hero_keeper_of_the_grove.txt,431,3
abilities,keeper_of_the_grove_guardian_spirit_narure_forces,bonus_regen,"[75, 100, 125]",AbilityValues,game/scripts/npc/abilities/npc_lia_hero_keeper_of_the_grove.txt,432,3
abilities,keeper_of_the_grove_guardian_spirit_narure_forces,radius,500,AbilityValues,game/scripts/npc/abilities/npc_lia_hero_keeper_of_the_grove.txt,433,3
abilities,keeper_of_the_grove_guardian_spirit_narure_forces,duration,"[3, 4, 5]",AbilityValues,game/scripts/npc/abilities/npc_lia_hero_keeper_of_the_grove.txt,434,3
abilities,knight_illusions,AbilityCastPoint,0.5,direct_field,game/scripts/npc/abilities/npc_lia_hero_knight.txt,20,3
abilities,knight_illusions,AbilityCastRange,350,direct_field,game/scripts/npc/abilities/npc_lia_hero_knight.txt,21,3
abilities,knight_illusions,AbilityCooldown,14.0,direct_field,game/scripts/npc/abilities/npc_lia_hero_knight.txt,24,3
abilities,knight_illusions,AbilityManaCost,"[60, 80, 100]",direct_field,game/scripts/npc/abilities/npc_lia_hero_knight.txt,28,3
abilities,knight_illusions,images_count,"[1, 2, 3]",AbilityValues,game/scripts/npc/abilities/npc_lia_hero_knight.txt,34,3
abilities,knight_illusions,outgoing_damage,"[-85, -70, -55]",AbilityValues,game/scripts/npc/abilities/npc_lia_hero_knight.txt,35,3
abilities,knight_illusions,outgoing_damage_tooltip,"[15, 30, 45]",AbilityValues,game/scripts/npc/abilities/npc_lia_hero_knight.txt,36,3
abilities,knight_illusions,incoming_damage,"[145, 135, 125]",AbilityValues,game/scripts/npc/abilities/npc_lia_hero_knight.txt,37,3
abilities,knight_illusions,radius_hide,128,AbilityValues,game/scripts/npc/abilities/npc_lia_hero_knight.txt,38,3
abilities,knight_illusions,illusion_duration,"[60.0, 60.0, 60.0]",AbilityValues,game/scripts/npc/abilities/npc_lia_hero_knight.txt,39,3
abilities,knight_illusions,invuln_duration,0.5,AbilityValues,game/scripts/npc/abilities/npc_lia_hero_knight.txt,40,3
abilities,knight_illusions,radius_damage,350,AbilityValues,game/scripts/npc/abilities/npc_lia_hero_knight.txt,41,3
abilities,knight_illusions,bonus_damage,"[60, 120, 180]",AbilityValues,game/scripts/npc/abilities/npc_lia_hero_knight.txt,42,3
abilities,knight_dark_shield,damage_return,"[10, 20, 30]",AbilityValues,game/scripts/npc/abilities/npc_lia_hero_knight.txt,162,3
abilities,knight_ancient_shield,ranged_damage_reduction,"[-30, -50, -70]",AbilityValues,game/scripts/npc/abilities/npc_lia_hero_knight.txt,180,3
abilities,knight_ancient_shield,bonus_magic_resistance,"[20, 40, 60]",AbilityValues,game/scripts/npc/abilities/npc_lia_hero_knight.txt,181,3
abilities,knight_ancient_shield,movement_speed_reduction,"[-30, -25, -20]",AbilityValues,game/scripts/npc/abilities/npc_lia_hero_knight.txt,182,3
abilities,knight_ancient_shield,reflect_chance,30,AbilityValues,game/scripts/npc/abilities/npc_lia_hero_knight.txt,183,3
abilities,knight_dark_gifts,AbilityCooldown,80.0,direct_field,game/scripts/npc/abilities/npc_lia_hero_knight.txt,201,3
abilities,knight_dark_gifts,AbilityManaCost,"[100, 145, 190]",direct_field,game/scripts/npc/abilities/npc_lia_hero_knight.txt,202,3
abilities,knight_dark_gifts,AbilityCastPoint,0.5,direct_field,game/scripts/npc/abilities/npc_lia_hero_knight.txt,206,3
abilities,knight_dark_gifts,bonus_movespeed_percentage,"[5, 10, 15]",AbilityValues,game/scripts/npc/abilities/npc_lia_hero_knight.txt,211,3
abilities,knight_dark_gifts,bonus_attackspeed,"[30, 40, 50]",AbilityValues,game/scripts/npc/abilities/npc_lia_hero_knight.txt,212,3
abilities,knight_dark_gifts,bonus_armor,"[40, 80, 120]",AbilityValues,game/scripts/npc/abilities/npc_lia_hero_knight.txt,213,3
abilities,knight_dark_gifts,immun_magic,40,AbilityValues,game/scripts/npc/abilities/npc_lia_hero_knight.txt,214,3
abilities,knight_dark_gifts,duration,"[15, 17.5, 20]",AbilityValues,game/scripts/npc/abilities/npc_lia_hero_knight.txt,215,3
abilities,kret_acid,AbilityCastRange,600,direct_field,game/scripts/npc/abilities/npc_lia_hero_kret.txt,21,3
abilities,kret_acid,AbilityCastPoint,0.0,direct_field,game/scripts/npc/abilities/npc_lia_hero_kret.txt,22,3
abilities,kret_acid,AbilityCooldown,16.0,direct_field,game/scripts/npc/abilities/npc_lia_hero_kret.txt,24,3
abilities,kret_acid,AbilityManaCost,"[40, 50, 60]",direct_field,game/scripts/npc/abilities/npc_lia_hero_kret.txt,26,3
abilities,kret_acid,reduce_armor,"[-6, -8, -10]",AbilityValues,game/scripts/npc/abilities/npc_lia_hero_kret.txt,36,3
abilities,kret_acid,main_damage,"[140, 280, 420]",AbilityValues,game/scripts/npc/abilities/npc_lia_hero_kret.txt,37,3
abilities,kret_acid,other_damage,"[120, 240, 360]",AbilityValues,game/scripts/npc/abilities/npc_lia_hero_kret.txt,38,3
abilities,kret_acid,reduce_ms,-25,AbilityValues,game/scripts/npc/abilities/npc_lia_hero_kret.txt,39,3
abilities,kret_acid,duration,8.0,AbilityValues,game/scripts/npc/abilities/npc_lia_hero_kret.txt,40,3
abilities,kret_acid,tick,0.5,AbilityValues,game/scripts/npc/abilities/npc_lia_hero_kret.txt,41,3
abilities,kret_acid,acid_speed,1400.0,AbilityValues,game/scripts/npc/abilities/npc_lia_hero_kret.txt,42,3
abilities,kret_acid,acid_vision,300.0,AbilityValues,game/scripts/npc/abilities/npc_lia_hero_kret.txt,43,3
abilities,kret_acid,radius,250,AbilityValues,game/scripts/npc/abilities/npc_lia_hero_kret.txt,44,3
abilities,kret_poisoning,chance,33,AbilityValues,game/scripts/npc/abilities/npc_lia_hero_kret.txt,169,3
abilities,kret_poisoning,damage,"[50, 100, 150]",AbilityValues,game/scripts/npc/abilities/npc_lia_hero_kret.txt,170,3
abilities,kret_poisoning,mana_burn,"[50, 100, 150]",AbilityValues,game/scripts/npc/abilities/npc_lia_hero_kret.txt,171,3
abilities,kret_lust_for_life,bonus_health,"[100, 200, 300]",AbilityValues,game/scripts/npc/abilities/npc_lia_hero_kret.txt,189,3
abilities,kret_lust_for_life,health_threshold,10,AbilityValues,game/scripts/npc/abilities/npc_lia_hero_kret.txt,190,3
abilities,kret_lust_for_life,health_regen_percent,"[0.15, 0.25, 0.35]",AbilityValues,game/scripts/npc/abilities/npc_lia_hero_kret.txt,191,3
abilities,kret_virus,AbilityCastRange,500,direct_field,game/scripts/npc/abilities/npc_lia_hero_kret.txt,214,3
abilities,kret_virus,AbilityCastPoint,0.2,direct_field,game/scripts/npc/abilities/npc_lia_hero_kret.txt,215,3
abilities,kret_virus,AbilityCooldown,25.0,direct_field,game/scripts/npc/abilities/npc_lia_hero_kret.txt,217,3
abilities,kret_virus,AbilityManaCost,"[80, 100, 120]",direct_field,game/scripts/npc/abilities/npc_lia_hero_kret.txt,219,3
abilities,kret_virus,main_damage,"[150, 300, 450]",AbilityValues,game/scripts/npc/abilities/npc_lia_hero_kret.txt,232,3
abilities,kret_virus,other_damage,"[100, 200, 300]",AbilityValues,game/scripts/npc/abilities/npc_lia_hero_kret.txt,233,3
abilities,kret_virus,reduce_ms,-50,AbilityValues,game/scripts/npc/abilities/npc_lia_hero_kret.txt,234,3
abilities,kret_virus,duration,4.5,AbilityValues,game/scripts/npc/abilities/npc_lia_hero_kret.txt,235,3
abilities,kret_virus,acid_speed,1300.0,AbilityValues,game/scripts/npc/abilities/npc_lia_hero_kret.txt,236,3
abilities,kret_virus,acid_vision,500.0,AbilityValues,game/scripts/npc/abilities/npc_lia_hero_kret.txt,237,3
abilities,kret_virus,radius,450,AbilityValues,game/scripts/npc/abilities/npc_lia_hero_kret.txt,238,3
abilities,lord_of_lightning_chain_lightning,AbilityCastRange,700,direct_field,game/scripts/npc/abilities/npc_lia_hero_lord_of_lightning.txt,15,3
abilities,lord_of_lightning_chain_lightning,AbilityCooldown,"[10.0, 9.0, 8.0]",direct_field,game/scripts/npc/abilities/npc_lia_hero_lord_of_lightning.txt,17,3
abilities,lord_of_lightning_chain_lightning,AbilityManaCost,"[100, 175, 200]",direct_field,game/scripts/npc/abilities/npc_lia_hero_lord_of_lightning.txt,18,3
abilities,lord_of_lightning_chain_lightning,lightning_damage,"[85, 135, 200]",AbilityValues,game/scripts/npc/abilities/npc_lia_hero_lord_of_lightning.txt,34,3
abilities,lord_of_lightning_chain_lightning,lightning_bounces,"[8, 9, 10]",AbilityValues,game/scripts/npc/abilities/npc_lia_hero_lord_of_lightning.txt,35,3
abilities,lord_of_lightning_chain_lightning,lightning_bounces_scepter,"[12, 13, 14]",AbilityValues,game/scripts/npc/abilities/npc_lia_hero_lord_of_lightning.txt,36,3
abilities,lord_of_lightning_chain_lightning,bounce_range,500,AbilityValues,game/scripts/npc/abilities/npc_lia_hero_lord_of_lightning.txt,41,3
abilities,lord_of_lightning_chain_lightning,lightning_decay,"[-10, -10, -10]",AbilityValues,game/scripts/npc/abilities/npc_lia_hero_lord_of_lightning.txt,42,3
abilities,lord_of_lightning_chain_lightning,lightning_decay_scepter,"[-15, -15, -15]",AbilityValues,game/scripts/npc/abilities/npc_lia_hero_lord_of_lightning.txt,43,3
abilities,lord_of_lightning_chain_lightning,time_between_bounces,0.2,AbilityValues,game/scripts/npc/abilities/npc_lia_hero_lord_of_lightning.txt,48,3
abilities,lord_of_lightning_chain_lightning,lightning_damage_scepter,"[85, 135, 200]",AbilityValues,game/scripts/npc/abilities/npc_lia_hero_lord_of_lightning.txt,49,3
abilities,lord_of_lightning_chain_lightning,cooldown_scepter,"[9, 8, 7]",AbilityValues,game/scripts/npc/abilities/npc_lia_hero_lord_of_lightning.txt,54,3
abilities,lord_of_lightning_chain_lightning,manacost_scepter,"[150, 225, 300]",AbilityValues,game/scripts/npc/abilities/npc_lia_hero_lord_of_lightning.txt,59,3
abilities,lord_of_lightning_lightning_shield,AbilityCastRange,600,direct_field,game/scripts/npc/abilities/npc_lia_hero_lord_of_lightning.txt,85,3
abilities,lord_of_lightning_lightning_shield,AbilityCastPoint,0,direct_field,game/scripts/npc/abilities/npc_lia_hero_lord_of_lightning.txt,86,3
abilities,lord_of_lightning_lightning_shield,AbilityCooldown,"[16, 14, 12]",direct_field,game/scripts/npc/abilities/npc_lia_hero_lord_of_lightning.txt,87,3
abilities,lord_of_lightning_lightning_shield,AbilityManaCost,"[120, 180, 240]",direct_field,game/scripts/npc/abilities/npc_lia_hero_lord_of_lightning.txt,88,3
abilities,lord_of_lightning_lightning_shield,damage_per_second,"[20, 40, 80]",AbilityValues,game/scripts/npc/abilities/npc_lia_hero_lord_of_lightning.txt,103,3
abilities,lord_of_lightning_lightning_shield,damage_per_second_scepter,"[40, 70, 100]",AbilityValues,game/scripts/npc/abilities/npc_lia_hero_lord_of_lightning.txt,104,3
abilities,lord_of_lightning_lightning_shield,think_interval,0.33,AbilityValues,game/scripts/npc/abilities/npc_lia_hero_lord_of_lightning.txt,109,3
abilities,lord_of_lightning_lightning_shield,radius,200,AbilityValues,game/scripts/npc/abilities/npc_lia_hero_lord_of_lightning.txt,110,3
abilities,lord_of_lightning_lightning_shield,duration,8,AbilityValues,game/scripts/npc/abilities/npc_lia_hero_lord_of_lightning.txt,111,3
abilities,lord_of_lightning_lightning_shield,manacost_scepter,"[200, 240, 280]",AbilityValues,game/scripts/npc/abilities/npc_lia_hero_lord_of_lightning.txt,112,3
abilities,lord_of_lightning_holy_wrath,AbilityCastRange,800,direct_field,game/scripts/npc/abilities/npc_lia_hero_lord_of_lightning.txt,137,3
abilities,lord_of_lightning_holy_wrath,AbilityCooldown,2.0,direct_field,game/scripts/npc/abilities/npc_lia_hero_lord_of_lightning.txt,139,3
abilities,lord_of_lightning_holy_wrath,chance_dmg,"[11, 12, 13]",AbilityValues,game/scripts/npc/abilities/npc_lia_hero_lord_of_lightning.txt,145,3
abilities,lord_of_lightning_holy_wrath,radius,800,AbilityValues,game/scripts/npc/abilities/npc_lia_hero_lord_of_lightning.txt,146,3
abilities,lord_of_lightning_holy_wrath,damage_per_int,"[3, 4, 5]",AbilityValues,game/scripts/npc/abilities/npc_lia_hero_lord_of_lightning.txt,147,3
abilities,lord_of_lightning_holy_wrath,radius_dop_dmg,200,AbilityValues,game/scripts/npc/abilities/npc_lia_hero_lord_of_lightning.txt,148,3
abilities,lord_of_lightning_brain_storm,AbilityCastRange,800,direct_field,game/scripts/npc/abilities/npc_lia_hero_lord_of_lightning.txt,227,3
abilities,lord_of_lightning_brain_storm,AbilityCastPoint,0.3,direct_field,game/scripts/npc/abilities/npc_lia_hero_lord_of_lightning.txt,228,3
abilities,lord_of_lightning_brain_storm,AbilityCooldown,120,direct_field,game/scripts/npc/abilities/npc_lia_hero_lord_of_lightning.txt,230,3
abilities,lord_of_lightning_brain_storm,AbilityManaCost,"[150, 200, 250]",direct_field,game/scripts/npc/abilities/npc_lia_hero_lord_of_lightning.txt,231,3
abilities,lord_of_lightning_brain_storm,reduce_spell_damage_pct,-25,AbilityValues,game/scripts/npc/abilities/npc_lia_hero_lord_of_lightning.txt,243,3
abilities,lord_of_lightning_brain_storm,phys_damage_resist,60,AbilityValues,game/scripts/npc/abilities/npc_lia_hero_lord_of_lightning.txt,244,3
abilities,lord_of_lightning_brain_storm,magic_attacks_vulnerability,50,AbilityValues,game/scripts/npc/abilities/npc_lia_hero_lord_of_lightning.txt,245,3
abilities,lord_of_lightning_brain_storm,movement_slow_percentage,-20,AbilityValues,game/scripts/npc/abilities/npc_lia_hero_lord_of_lightning.txt,246,3
abilities,lord_of_lightning_brain_storm,attack_slow,-50,AbilityValues,game/scripts/npc/abilities/npc_lia_hero_lord_of_lightning.txt,247,3
abilities,lord_of_lightning_brain_storm,duration,"[6, 8, 10]",AbilityValues,game/scripts/npc/abilities/npc_lia_hero_lord_of_lightning.txt,248,3
abilities,lord_of_lightning_brain_storm,disarm_duration,"[2, 3, 4]",AbilityValues,game/scripts/npc/abilities/npc_lia_hero_lord_of_lightning.txt,249,3
abilities,lord_of_lightning_brain_storm,radius,500,AbilityValues,game/scripts/npc/abilities/npc_lia_hero_lord_of_lightning.txt,250,3
abilities,marksman_explosive_rounds,dmg_per_shot,"[15, 30, 45]",AbilityValues,game/scripts/npc/abilities/npc_lia_hero_marksman.txt,28,3
abilities,marksman_explosive_rounds,explosion_damage,"[40, 140, 240]",AbilityValues,game/scripts/npc/abilities/npc_lia_hero_marksman.txt,29,3
abilities,marksman_explosive_rounds,duration,10,AbilityValues,game/scripts/npc/abilities/npc_lia_hero_marksman.txt,30,3
abilities,marksman_explosive_rounds,shots_limit,4,AbilityValues,game/scripts/npc/abilities/npc_lia_hero_marksman.txt,31,3
abilities,marksman_explosive_rounds,damage_radius,200,AbilityValues,game/scripts/npc/abilities/npc_lia_hero_marksman.txt,32,3
abilities,marksman_ricochet,AbilityCastPoint,0.3,direct_field,game/scripts/npc/abilities/npc_lia_hero_marksman.txt,56,3
abilities,marksman_ricochet,AbilityCastRange,700,direct_field,game/scripts/npc/abilities/npc_lia_hero_marksman.txt,57,3
abilities,marksman_ricochet,AbilityCooldown,"[15, 14, 13]",direct_field,game/scripts/npc/abilities/npc_lia_hero_marksman.txt,58,3
abilities,marksman_ricochet,AbilityManaCost,"[40, 60, 80]",direct_field,game/scripts/npc/abilities/npc_lia_hero_marksman.txt,59,3
abilities,marksman_ricochet,damage,"[50, 100, 150]",AbilityValues,game/scripts/npc/abilities/npc_lia_hero_marksman.txt,68,3
abilities,marksman_ricochet,bounce_damage_pct,"[50, 60, 70]",AbilityValues,game/scripts/npc/abilities/npc_lia_hero_marksman.txt,69,3
abilities,marksman_ricochet,attack_reduction,"[30, 50, 70]",AbilityValues,game/scripts/npc/abilities/npc_lia_hero_marksman.txt,70,3
abilities,marksman_ricochet,attack_reduction_duration,5,AbilityValues,game/scripts/npc/abilities/npc_lia_hero_marksman.txt,71,3
abilities,marksman_ricochet,bounce_count,"[6, 8, 10]",AbilityValues,game/scripts/npc/abilities/npc_lia_hero_marksman.txt,72,3
abilities,marksman_ricochet,projectile_speed,700,AbilityValues,game/scripts/npc/abilities/npc_lia_hero_marksman.txt,73,3
abilities,marksman_ricochet,bounce_range,500,AbilityValues,game/scripts/npc/abilities/npc_lia_hero_marksman.txt,74,3
abilities,marksman_marksmans_mastery,bonus_damage_pct_creeps,"[4, 7, 10]",AbilityValues,game/scripts/npc/abilities/npc_lia_hero_marksman.txt,92,3
abilities,marksman_marksmans_mastery,bonus_damage_pct_heroes,"[10, 15, 20]",AbilityValues,game/scripts/npc/abilities/npc_lia_hero_marksman.txt,93,3
abilities,marksman_marksmans_mastery,bonus_range,"[75, 150, 225]",AbilityValues,game/scripts/npc/abilities/npc_lia_hero_marksman.txt,94,3
abilities,marksman_dragon_breath,AbilityCastPoint,0.5,direct_field,game/scripts/npc/abilities/npc_lia_hero_marksman.txt,117,3
abilities,marksman_dragon_breath,AbilityCastRange,450,direct_field,game/scripts/npc/abilities/npc_lia_hero_marksman.txt,118,3
abilities,marksman_dragon_breath,AbilityCooldown,60,direct_field,game/scripts/npc/abilities/npc_lia_hero_marksman.txt,119,3
abilities,marksman_dragon_breath,AbilityManaCost,125,direct_field,game/scripts/npc/abilities/npc_lia_hero_marksman.txt,120,3
abilities,marksman_dragon_breath,damage,"[200, 350, 500]",AbilityValues,game/scripts/npc/abilities/npc_lia_hero_marksman.txt,132,3
abilities,marksman_dragon_breath,armor_reduction,"[10, 20, 30]",AbilityValues,game/scripts/npc/abilities/npc_lia_hero_marksman.txt,133,3
abilities,marksman_dragon_breath,move_slow_pct,"[60, 70, 80]",AbilityValues,game/scripts/npc/abilities/npc_lia_hero_marksman.txt,134,3
abilities,marksman_dragon_breath,slow_duration,5,AbilityValues,game/scripts/npc/abilities/npc_lia_hero_marksman.txt,135,3
abilities,marksman_dragon_breath,aoe_radius,450,AbilityValues,game/scripts/npc/abilities/npc_lia_hero_marksman.txt,136,3
abilities,marksman_dragon_breath,distance,450,AbilityValues,game/scripts/npc/abilities/npc_lia_hero_marksman.txt,137,3
abilities,marksman_dragon_breath,speed,900,AbilityValues,game/scripts/npc/abilities/npc_lia_hero_marksman.txt,138,3
abilities,marksman_dragon_breath,start_radius,150,AbilityValues,game/scripts/npc/abilities/npc_lia_hero_marksman.txt,139,3
abilities,marksman_dragon_breath,end_radius,300,AbilityValues,game/scripts/npc/abilities/npc_lia_hero_marksman.txt,140,3
abilities,royal_naga_guard_sea_wave,AbilityCastRange,700,direct_field,game/scripts/npc/abilities/npc_lia_hero_naga_royal_guard.txt,31,3
abilities,royal_naga_guard_sea_wave,AbilityCastPoint,"[0.0, 0.0, 0.0, 0.0]",direct_field,game/scripts/npc/abilities/npc_lia_hero_naga_royal_guard.txt,32,3
abilities,royal_naga_guard_sea_wave,AbilityCooldown,"[13.0, 12.0, 11.0]",direct_field,game/scripts/npc/abilities/npc_lia_hero_naga_royal_guard.txt,36,3
abilities,royal_naga_guard_sea_wave,AbilityDamage,"[80, 160, 320]",direct_field,game/scripts/npc/abilities/npc_lia_hero_naga_royal_guard.txt,40,3
abilities,royal_naga_guard_sea_wave,AbilityManaCost,"[45, 60, 75]",direct_field,game/scripts/npc/abilities/npc_lia_hero_naga_royal_guard.txt,44,3
abilities,royal_naga_guard_sea_wave,start_radius,"[90, 90, 90]",AbilityValues,game/scripts/npc/abilities/npc_lia_hero_naga_royal_guard.txt,50,3
abilities,royal_naga_guard_sea_wave,end_radius,"[100, 100, 100]",AbilityValues,game/scripts/npc/abilities/npc_lia_hero_naga_royal_guard.txt,51,3
abilities,royal_naga_guard_sea_wave,range,"[700, 700, 700]",AbilityValues,game/scripts/npc/abilities/npc_lia_hero_naga_royal_guard.txt,52,3
abilities,royal_naga_guard_sea_wave,speed,1050,AbilityValues,game/scripts/npc/abilities/npc_lia_hero_naga_royal_guard.txt,53,3
abilities,naga_royal_guard_persistence,bonus_armor,"[3, 6, 9]",AbilityValues,game/scripts/npc/abilities/npc_lia_hero_naga_royal_guard.txt,105,3
abilities,naga_royal_guard_persistence,bonus_strength,"[9, 18, 27]",AbilityValues,game/scripts/npc/abilities/npc_lia_hero_naga_royal_guard.txt,106,3
abilities,naga_royal_guard_bash,bash_chance,25,AbilityValues,game/scripts/npc/abilities/npc_lia_hero_naga_royal_guard.txt,131,3
abilities,naga_royal_guard_bash,bash_stun,"[1.0, 1.5, 2.0]",AbilityValues,game/scripts/npc/abilities/npc_lia_hero_naga_royal_guard.txt,132,3
abilities,naga_royal_guard_crush,AbilityCooldown,"[180, 140, 100]",direct_field,game/scripts/npc/abilities/npc_lia_hero_naga_royal_guard.txt,172,3
abilities,naga_royal_guard_crush,AbilityManaCost,"[100, 120, 140]",direct_field,game/scripts/npc/abilities/npc_lia_hero_naga_royal_guard.txt,173,3
abilities,naga_royal_guard_crush,AbilityCastRange,300,direct_field,game/scripts/npc/abilities/npc_lia_hero_naga_royal_guard.txt,174,3
abilities,naga_royal_guard_crush,damage_per_second,"[100, 150, 200]",AbilityValues,game/scripts/npc/abilities/npc_lia_hero_naga_royal_guard.txt,188,3
abilities,naga_royal_guard_crush,str_tooltip,100,AbilityValues,game/scripts/npc/abilities/npc_lia_hero_naga_royal_guard.txt,189,3
abilities,naga_royal_guard_crush,bonus_move_speed_percentage,"[25, 50, 75]",AbilityValues,game/scripts/npc/abilities/npc_lia_hero_naga_royal_guard.txt,190,3
abilities,naga_royal_guard_crush,duration,"[6.0, 9.0, 12.0]",AbilityValues,game/scripts/npc/abilities/npc_lia_hero_naga_royal_guard.txt,191,3
abilities,naga_royal_guard_crush,radius,"[300, 300, 300]",AbilityValues,game/scripts/npc/abilities/npc_lia_hero_naga_royal_guard.txt,192,3
abilities,naga_siren_fury,AbilityCooldown,20,direct_field,game/scripts/npc/abilities/npc_lia_hero_naga_siren.txt,19,3
abilities,naga_siren_fury,AbilityDuration,"[10.0, 12.5, 15.0]",direct_field,game/scripts/npc/abilities/npc_lia_hero_naga_siren.txt,20,3
abilities,naga_siren_fury,AbilityCastRange,250,direct_field,game/scripts/npc/abilities/npc_lia_hero_naga_siren.txt,21,3
abilities,naga_siren_fury,AbilityManaCost,"[60, 70, 80]",direct_field,game/scripts/npc/abilities/npc_lia_hero_naga_siren.txt,22,3
abilities,naga_siren_fury,stat_percentage,"[30, 50, 70]",AbilityValues,game/scripts/npc/abilities/npc_lia_hero_naga_siren.txt,33,3
abilities,naga_siren_fury,constant_damage,"[10, 20, 30]",AbilityValues,game/scripts/npc/abilities/npc_lia_hero_naga_siren.txt,34,3
abilities,naga_siren_fury,radius,250,AbilityValues,game/scripts/npc/abilities/npc_lia_hero_naga_siren.txt,35,3
abilities,naga_siren_fury,duration,"[10.0, 12.5, 15.0]",AbilityValues,game/scripts/npc/abilities/npc_lia_hero_naga_siren.txt,36,3
abilities,naga_siren_eating,AbilityCooldown,0.5,direct_field,game/scripts/npc/abilities/npc_lia_hero_naga_siren.txt,46,3
abilities,naga_siren_eating,heal_percentage,"[10, 15, 20]",AbilityValues,game/scripts/npc/abilities/npc_lia_hero_naga_siren.txt,54,3
abilities,naga_siren_art_of_battle,evasion,"[5, 10, 15]",AbilityValues,game/scripts/npc/abilities/npc_lia_hero_naga_siren.txt,89,3
abilities,naga_siren_art_of_battle,crit_chance,"[15, 30, 45]",AbilityValues,game/scripts/npc/abilities/npc_lia_hero_naga_siren.txt,90,3
abilities,naga_siren_art_of_battle,crit_multiplier,150,AbilityValues,game/scripts/npc/abilities/npc_lia_hero_naga_siren.txt,91,3
abilities,naga_siren_song,AbilityCooldown,"[40, 40, 40]",direct_field,game/scripts/npc/abilities/npc_lia_hero_naga_siren.txt,117,3
abilities,naga_siren_song,AbilityCastRange,650,direct_field,game/scripts/npc/abilities/npc_lia_hero_naga_siren.txt,118,3
abilities,naga_siren_song,AbilityManaCost,"[80, 100, 120]",direct_field,game/scripts/npc/abilities/npc_lia_hero_naga_siren.txt,119,3
abilities,naga_siren_song,radius,650,AbilityValues,game/scripts/npc/abilities/npc_lia_hero_naga_siren.txt,124,3
abilities,naga_siren_song,duration,"[4, 5, 6]",AbilityValues,game/scripts/npc/abilities/npc_lia_hero_naga_siren.txt,125,3
abilities,necromancer_stabbing_death,AbilityCastRange,550,direct_field,game/scripts/npc/abilities/npc_lia_hero_necromancer.txt,18,3
abilities,necromancer_stabbing_death,AbilityCastPoint,0.4,direct_field,game/scripts/npc/abilities/npc_lia_hero_necromancer.txt,19,3
abilities,necromancer_stabbing_death,AbilityCooldown,"[15, 14, 13]",direct_field,game/scripts/npc/abilities/npc_lia_hero_necromancer.txt,20,3
abilities,necromancer_stabbing_death,AbilityManaCost,"[100, 175, 250]",direct_field,game/scripts/npc/abilities/npc_lia_hero_necromancer.txt,21,3
abilities,necromancer_stabbing_death,damage,"[100, 200, 300]",AbilityValues,game/scripts/npc/abilities/npc_lia_hero_necromancer.txt,33,3
abilities,necromancer_stabbing_death,damage_scepter,"[300, 400, 500]",AbilityValues,game/scripts/npc/abilities/npc_lia_hero_necromancer.txt,34,3
abilities,necromancer_stabbing_death,stun_duration,"[2, 3, 4]",AbilityValues,game/scripts/npc/abilities/npc_lia_hero_necromancer.txt,39,3
abilities,necromancer_stabbing_death,width,125,AbilityValues,game/scripts/npc/abilities/npc_lia_hero_necromancer.txt,40,3
abilities,necromancer_stabbing_death,length,550,AbilityValues,game/scripts/npc/abilities/npc_lia_hero_necromancer.txt,41,3
abilities,necromancer_stabbing_death,speed,1833,AbilityValues,game/scripts/npc/abilities/npc_lia_hero_necromancer.txt,42,3
abilities,necromancer_stabbing_death,flight_duration,0.5,AbilityValues,game/scripts/npc/abilities/npc_lia_hero_necromancer.txt,43,3
abilities,necromancer_stabbing_death,manacost_scepter,"[200, 300, 400]",AbilityValues,game/scripts/npc/abilities/npc_lia_hero_necromancer.txt,44,3
abilities,necromancer_walking_corpses,AbilityCooldown,25,direct_field,game/scripts/npc/abilities/npc_lia_hero_necromancer.txt,67,3
abilities,necromancer_walking_corpses,AbilityManaCost,"[100, 200, 300]",direct_field,game/scripts/npc/abilities/npc_lia_hero_necromancer.txt,68,3
abilities,necromancer_walking_corpses,AbilityCastPoint,0.3,direct_field,game/scripts/npc/abilities/npc_lia_hero_necromancer.txt,69,3
abilities,necromancer_walking_corpses,AbilityCastRange,300,direct_field,game/scripts/npc/abilities/npc_lia_hero_necromancer.txt,70,3
abilities,necromancer_walking_corpses,skeleton_health,"[275, 650, 1250]",AbilityValues,game/scripts/npc/abilities/npc_lia_hero_necromancer.txt,79,3
abilities,necromancer_walking_corpses,skeleton_health_scepter,"[650, 1250, 1500]",AbilityValues,game/scripts/npc/abilities/npc_lia_hero_necromancer.txt,80,3
abilities,necromancer_walking_corpses,skeleton_damage,"[15, 25, 50]",AbilityValues,game/scripts/npc/abilities/npc_lia_hero_necromancer.txt,85,3
abilities,necromancer_walking_corpses,skeleton_damage_scepter,"[25, 50, 100]",AbilityValues,game/scripts/npc/abilities/npc_lia_hero_necromancer.txt,86,3
abilities,necromancer_walking_corpses,skeleton_count,"[2, 3, 4]",AbilityValues,game/scripts/npc/abilities/npc_lia_hero_necromancer.txt,91,3
abilities,necromancer_walking_corpses,duration,60,AbilityValues,game/scripts/npc/abilities/npc_lia_hero_necromancer.txt,92,3
abilities,necromancer_walking_corpses,manacost_scepter,"[150, 300, 450]",AbilityValues,game/scripts/npc/abilities/npc_lia_hero_necromancer.txt,93,3
abilities,necromancer_reincarnation,AbilityCooldown,"[120, 100, 80]",direct_field,game/scripts/npc/abilities/npc_lia_hero_necromancer.txt,117,3
abilities,necromancer_reincarnation,AbilityManaCost,0,direct_field,game/scripts/npc/abilities/npc_lia_hero_necromancer.txt,121,3
abilities,necromancer_reincarnation,reincarnate_time,3,AbilityValues,game/scripts/npc/abilities/npc_lia_hero_necromancer.txt,125,3
abilities,necromancer_skel_return,damage_return,50,AbilityValues,game/scripts/npc/abilities/npc_lia_hero_necromancer.txt,149,
abilities,necromancer_galvanization,AbilityCastRange,1000,direct_field,game/scripts/npc/abilities/npc_lia_hero_necromancer.txt,171,3
abilities,necromancer_galvanization,AbilityCastPoint,0.453,direct_field,game/scripts/npc/abilities/npc_lia_hero_necromancer.txt,172,3
abilities,necromancer_galvanization,AbilityCooldown,"[200, 170, 140]",direct_field,game/scripts/npc/abilities/npc_lia_hero_necromancer.txt,174,3
abilities,necromancer_galvanization,AbilityManacost,"[250, 300, 350]",direct_field,game/scripts/npc/abilities/npc_lia_hero_necromancer.txt,175,3
abilities,necromancer_galvanization,duration,"[25, 30, 35]",AbilityValues,game/scripts/npc/abilities/npc_lia_hero_necromancer.txt,187,3
abilities,necromancer_galvanization,radius,1000,AbilityValues,game/scripts/npc/abilities/npc_lia_hero_necromancer.txt,188,3
abilities,necromancer_galvanization,max_units_resurrected,"[7, 10, 13]",AbilityValues,game/scripts/npc/abilities/npc_lia_hero_necromancer.txt,189,3
abilities,paladin_blizzard,AbilityCastRange,800,direct_field,game/scripts/npc/abilities/npc_lia_hero_paladin.txt,21,3
abilities,paladin_blizzard,AbilityCastPoint,0.5,direct_field,game/scripts/npc/abilities/npc_lia_hero_paladin.txt,22,3
abilities,paladin_blizzard,AbilityCooldown,"[19.0, 18.0, 17.0]",direct_field,game/scripts/npc/abilities/npc_lia_hero_paladin.txt,23,3
abilities,paladin_blizzard,AbilityManaCost,"[100, 175, 200]",direct_field,game/scripts/npc/abilities/npc_lia_hero_paladin.txt,24,3
abilities,paladin_blizzard,wave_damage,"[30, 60, 120]",AbilityValues,game/scripts/npc/abilities/npc_lia_hero_paladin.txt,32,3
abilities,paladin_blizzard,wave_damage_scepter,"[60, 120, 180]",AbilityValues,game/scripts/npc/abilities/npc_lia_hero_paladin.txt,33,3
abilities,paladin_blizzard,wave_count_scepter,"[8, 10, 12]",AbilityValues,game/scripts/npc/abilities/npc_lia_hero_paladin.txt,38,3
abilities,paladin_blizzard,stun,0.25,AbilityValues,game/scripts/npc/abilities/npc_lia_hero_paladin.txt,43,3
abilities,paladin_blizzard,wave_interval,1.0,AbilityValues,game/scripts/npc/abilities/npc_lia_hero_paladin.txt,44,3
abilities,paladin_blizzard,wave_count,"[6, 8, 10]",AbilityValues,game/scripts/npc/abilities/npc_lia_hero_paladin.txt,45,3
abilities,paladin_blizzard,radius,"[175, 200, 225]",AbilityValues,game/scripts/npc/abilities/npc_lia_hero_paladin.txt,46,3
abilities,paladin_blizzard,manacost_scepter,"[200, 275, 300]",AbilityValues,game/scripts/npc/abilities/npc_lia_hero_paladin.txt,47,3
abilities,paladin_grace,AbilityCastRange,800,direct_field,game/scripts/npc/abilities/npc_lia_hero_paladin.txt,80,3
abilities,paladin_grace,AbilityCastPoint,0.3,direct_field,game/scripts/npc/abilities/npc_lia_hero_paladin.txt,81,3
abilities,paladin_grace,AbilityCooldown,8.0,direct_field,game/scripts/npc/abilities/npc_lia_hero_paladin.txt,82,3
abilities,paladin_grace,AbilityManaCost,"[110, 130, 150]",direct_field,game/scripts/npc/abilities/npc_lia_hero_paladin.txt,83,3
abilities,paladin_grace,primary_target_heal,"[200, 500, 800]",AbilityValues,game/scripts/npc/abilities/npc_lia_hero_paladin.txt,95,3
abilities,paladin_grace,primary_target_heal_scepter,"[800, 1000, 1200]",AbilityValues,game/scripts/npc/abilities/npc_lia_hero_paladin.txt,96,3
abilities,paladin_grace,nearby_allies_heal,"[150, 300, 450]",AbilityValues,game/scripts/npc/abilities/npc_lia_hero_paladin.txt,101,3
abilities,paladin_grace,radius,400,AbilityValues,game/scripts/npc/abilities/npc_lia_hero_paladin.txt,102,3
abilities,paladin_grace,manacost_scepter,"[160, 180, 200]",AbilityValues,game/scripts/npc/abilities/npc_lia_hero_paladin.txt,103,3
abilities,paladin_elect,AbilityCastRange,800,direct_field,game/scripts/npc/abilities/npc_lia_hero_paladin.txt,124,3
abilities,paladin_elect,constant_regen,"[10, 0, 0]",AbilityValues,game/scripts/npc/abilities/npc_lia_hero_paladin.txt,128,3
abilities,paladin_elect,regen_percentage,"[0, 1, 2]",AbilityValues,game/scripts/npc/abilities/npc_lia_hero_paladin.txt,129,3
abilities,paladin_elect,aura_radius,800,AbilityValues,game/scripts/npc/abilities/npc_lia_hero_paladin.txt,130,3
abilities,paladin_impregnability,AbilityCastPoint,0.5,direct_field,game/scripts/npc/abilities/npc_lia_hero_paladin.txt,146,3
abilities,paladin_impregnability,AbilityCooldown,"[200.0, 190.0, 180.0]",direct_field,game/scripts/npc/abilities/npc_lia_hero_paladin.txt,156,3
abilities,paladin_impregnability,AbilityManaCost,"[200, 300, 400]",direct_field,game/scripts/npc/abilities/npc_lia_hero_paladin.txt,160,3
abilities,paladin_impregnability,AbilityCastRange,2400,direct_field,game/scripts/npc/abilities/npc_lia_hero_paladin.txt,161,3
abilities,paladin_impregnability,AbilityChannelTime,"[8, 14, 20]",direct_field,game/scripts/npc/abilities/npc_lia_hero_paladin.txt,162,3
abilities,paladin_impregnability,radius,2400,AbilityValues,game/scripts/npc/abilities/npc_lia_hero_paladin.txt,168,3
abilities,paladin_impregnability,damage_per_sec,"[40, 60, 80]",AbilityValues,game/scripts/npc/abilities/npc_lia_hero_paladin.txt,169,3
abilities,paladin_impregnability,tick,0.5,AbilityValues,game/scripts/npc/abilities/npc_lia_hero_paladin.txt,170,3
abilities,paladin_impregnability,duration,"[8, 14, 20]",AbilityValues,game/scripts/npc/abilities/npc_lia_hero_paladin.txt,171,3
abilities,pirate_magic_rum,AbilityCastRange,700,direct_field,game/scripts/npc/abilities/npc_lia_hero_pirate.txt,32,3
abilities,pirate_magic_rum,AbilityCastPoint,0.0,direct_field,game/scripts/npc/abilities/npc_lia_hero_pirate.txt,33,3
abilities,pirate_magic_rum,AbilityCooldown,"[14, 13, 12]",direct_field,game/scripts/npc/abilities/npc_lia_hero_pirate.txt,35,3
abilities,pirate_magic_rum,AbilityManaCost,"[60, 70, 80]",direct_field,game/scripts/npc/abilities/npc_lia_hero_pirate.txt,37,3
abilities,pirate_magic_rum,damage,"[20, 40, 60]",AbilityValues,game/scripts/npc/abilities/npc_lia_hero_pirate.txt,43,3
abilities,pirate_magic_rum,miss_percentage,"[10, 20, 30]",AbilityValues,game/scripts/npc/abilities/npc_lia_hero_pirate.txt,44,3
abilities,pirate_magic_rum,duration,6,AbilityValues,game/scripts/npc/abilities/npc_lia_hero_pirate.txt,45,3
abilities,pirate_magic_rum,radius,250,AbilityValues,game/scripts/npc/abilities/npc_lia_hero_pirate.txt,46,3
abilities,pirate_poisoned_weapon,damage_per_second,"[10, 25, 40]",AbilityValues,game/scripts/npc/abilities/npc_lia_hero_pirate.txt,142,3
abilities,pirate_poisoned_weapon,movement_slow_percent,"[-10, -20, -30]",AbilityValues,game/scripts/npc/abilities/npc_lia_hero_pirate.txt,143,3
abilities,pirate_poisoned_weapon,attack_slow,"[-10, -20, -30]",AbilityValues,game/scripts/npc/abilities/npc_lia_hero_pirate.txt,144,3
abilities,pirate_poisoned_weapon,duration,4,AbilityValues,game/scripts/npc/abilities/npc_lia_hero_pirate.txt,145,3
abilities,pirate_poisoned_weapon,radius,130,AbilityValues,game/scripts/npc/abilities/npc_lia_hero_pirate.txt,146,3
abilities,pirate_evasion,evasion,"[15, 20, 25]",AbilityValues,game/scripts/npc/abilities/npc_lia_hero_pirate.txt,164,3
abilities,pirate_metamorphosis,AbilityCastPoint,0.0,direct_field,game/scripts/npc/abilities/npc_lia_hero_pirate.txt,183,3
abilities,pirate_metamorphosis,AbilityCooldown,160.0,direct_field,game/scripts/npc/abilities/npc_lia_hero_pirate.txt,187,3
abilities,pirate_metamorphosis,AbilityManaCost,"[100, 150, 200]",direct_field,game/scripts/npc/abilities/npc_lia_hero_pirate.txt,191,3
abilities,pirate_metamorphosis,transformation_time,0.35,AbilityValues,game/scripts/npc/abilities/npc_lia_hero_pirate.txt,197,3
abilities,pirate_metamorphosis,base_attack_time,1.67,AbilityValues,game/scripts/npc/abilities/npc_lia_hero_pirate.txt,198,3
abilities,pirate_metamorphosis,bonus_range,450,AbilityValues,game/scripts/npc/abilities/npc_lia_hero_pirate.txt,199,3
abilities,pirate_metamorphosis,tooltip_attack_range,550,AbilityValues,game/scripts/npc/abilities/npc_lia_hero_pirate.txt,200,3
abilities,pirate_metamorphosis,bonus_health,"[100, 200, 300]",AbilityValues,game/scripts/npc/abilities/npc_lia_hero_pirate.txt,201,3
abilities,pirate_metamorphosis,duration,"[15, 17, 20]",AbilityValues,game/scripts/npc/abilities/npc_lia_hero_pirate.txt,202,3
abilities,ranger_steel_hail,AbilityCastPoint,0.3,direct_field,game/scripts/npc/abilities/npc_lia_hero_ranger.txt,8,3
abilities,ranger_steel_hail,AbilityCastRange,700,direct_field,game/scripts/npc/abilities/npc_lia_hero_ranger.txt,9,3
abilities,ranger_steel_hail,AbilityCooldown,"[16, 12, 8]",direct_field,game/scripts/npc/abilities/npc_lia_hero_ranger.txt,10,3
abilities,ranger_steel_hail,AbilityManaCost,"[50, 55, 60]",direct_field,game/scripts/npc/abilities/npc_lia_hero_ranger.txt,11,3
abilities,ranger_steel_hail,arrow_count,6,AbilityValues,game/scripts/npc/abilities/npc_lia_hero_ranger.txt,28,3
abilities,ranger_steel_hail,interval,0.33,AbilityValues,game/scripts/npc/abilities/npc_lia_hero_ranger.txt,29,3
abilities,ranger_steel_hail,damage_base,"[15, 25, 35]",AbilityValues,game/scripts/npc/abilities/npc_lia_hero_ranger.txt,30,3
abilities,ranger_steel_hail,attack_ratio,"[20, 30, 40]",AbilityValues,game/scripts/npc/abilities/npc_lia_hero_ranger.txt,31,3
abilities,ranger_steel_hail,arrow_speed,1200,AbilityValues,game/scripts/npc/abilities/npc_lia_hero_ranger.txt,32,3
abilities,ranger_steel_hail,arrow_width,125,AbilityValues,game/scripts/npc/abilities/npc_lia_hero_ranger.txt,33,3
abilities,ranger_steel_hail,arrow_range,700,AbilityValues,game/scripts/npc/abilities/npc_lia_hero_ranger.txt,34,3
abilities,ranger_steel_hail,extra_trap_dmg_pct,25,AbilityValues,game/scripts/npc/abilities/npc_lia_hero_ranger.txt,35,3
abilities,ranger_trap,AbilityCastPoint,0.3,direct_field,game/scripts/npc/abilities/npc_lia_hero_ranger.txt,55,3
abilities,ranger_trap,AbilityCastRange,1000,direct_field,game/scripts/npc/abilities/npc_lia_hero_ranger.txt,56,3
abilities,ranger_trap,AbilityCooldown,20,direct_field,game/scripts/npc/abilities/npc_lia_hero_ranger.txt,57,3
abilities,ranger_trap,AbilityManaCost,"[55, 65, 75]",direct_field,game/scripts/npc/abilities/npc_lia_hero_ranger.txt,58,3
abilities,ranger_trap,damage,"[50, 100, 150]",AbilityValues,game/scripts/npc/abilities/npc_lia_hero_ranger.txt,72,3
abilities,ranger_trap,duration,"[6, 8, 10]",AbilityValues,game/scripts/npc/abilities/npc_lia_hero_ranger.txt,73,3
abilities,ranger_trap,projectile_speed,900,AbilityValues,game/scripts/npc/abilities/npc_lia_hero_ranger.txt,74,3
abilities,ranger_trap,damage_to_release,"[150, 300, 450]",AbilityValues,game/scripts/npc/abilities/npc_lia_hero_ranger.txt,75,3
abilities,ranger_trap,radius,150,AbilityValues,game/scripts/npc/abilities/npc_lia_hero_ranger.txt,76,3
abilities,ranger_trap,extra_sh_dmg_pct,25,AbilityValues,game/scripts/npc/abilities/npc_lia_hero_ranger.txt,77,3
abilities,ranger_aimed_shot,AbilityCastRange,700,direct_field,game/scripts/npc/abilities/npc_lia_hero_ranger.txt,89,3
abilities,ranger_aimed_shot,bonus_damage_pct,"[25, 35, 45]",AbilityValues,game/scripts/npc/abilities/npc_lia_hero_ranger.txt,97,3
abilities,ranger_aimed_shot,aura_radius,700,AbilityValues,game/scripts/npc/abilities/npc_lia_hero_ranger.txt,98,3
abilities,ranger_volley_of_arrows,AbilityCastPoint,0.3,direct_field,game/scripts/npc/abilities/npc_lia_hero_ranger.txt,107,3
abilities,ranger_volley_of_arrows,AbilityCastRange,800,direct_field,game/scripts/npc/abilities/npc_lia_hero_ranger.txt,108,3
abilities,ranger_volley_of_arrows,AbilityCooldown,"[40, 35, 30]",direct_field,game/scripts/npc/abilities/npc_lia_hero_ranger.txt,109,3
abilities,ranger_volley_of_arrows,AbilityManaCost,50,direct_field,game/scripts/npc/abilities/npc_lia_hero_ranger.txt,110,3
abilities,ranger_volley_of_arrows,arrow_count,5,AbilityValues,game/scripts/npc/abilities/npc_lia_hero_ranger.txt,133,3
abilities,ranger_volley_of_arrows,cone_angle,64,AbilityValues,game/scripts/npc/abilities/npc_lia_hero_ranger.txt,134,3
abilities,ranger_volley_of_arrows,damage,"[150, 250, 350]",AbilityValues,game/scripts/npc/abilities/npc_lia_hero_ranger.txt,135,3
abilities,ranger_volley_of_arrows,arrow_speed,1200,AbilityValues,game/scripts/npc/abilities/npc_lia_hero_ranger.txt,136,3
abilities,ranger_volley_of_arrows,arrow_width,120,AbilityValues,game/scripts/npc/abilities/npc_lia_hero_ranger.txt,137,3
abilities,ranger_volley_of_arrows,arrow_range,700,AbilityValues,game/scripts/npc/abilities/npc_lia_hero_ranger.txt,138,3
abilities,serpent_queen_ball_lightning,AbilityCastRange,800,direct_field,game/scripts/npc/abilities/npc_lia_hero_serpent_queen.txt,20,3
abilities,serpent_queen_ball_lightning,AbilityCastPoint,0.3,direct_field,game/scripts/npc/abilities/npc_lia_hero_serpent_queen.txt,21,3
abilities,serpent_queen_ball_lightning,AbilityCooldown,"[35, 30, 25]",direct_field,game/scripts/npc/abilities/npc_lia_hero_serpent_queen.txt,22,3
abilities,serpent_queen_ball_lightning,AbilityManaCost,"[100, 125, 150]",direct_field,game/scripts/npc/abilities/npc_lia_hero_serpent_queen.txt,24,3
abilities,serpent_queen_ball_lightning,radius,800,AbilityValues,game/scripts/npc/abilities/npc_lia_hero_serpent_queen.txt,35,3
abilities,serpent_queen_ball_lightning,locusts,"[9, 12, 15]",AbilityValues,game/scripts/npc/abilities/npc_lia_hero_serpent_queen.txt,36,3
abilities,serpent_queen_ball_lightning,duration,20,AbilityValues,game/scripts/npc/abilities/npc_lia_hero_serpent_queen.txt,37,3
abilities,serpent_queen_ball_lightning,locusts_speed,400,AbilityValues,game/scripts/npc/abilities/npc_lia_hero_serpent_queen.txt,38,3
abilities,serpent_queen_ball_lightning,max_distance,2000,AbilityValues,game/scripts/npc/abilities/npc_lia_hero_serpent_queen.txt,39,3
abilities,serpent_queen_ball_lightning,give_up_distance,900,AbilityValues,game/scripts/npc/abilities/npc_lia_hero_serpent_queen.txt,40,3
abilities,serpent_queen_ball_lightning,delay_between_locusts,0.2,AbilityValues,game/scripts/npc/abilities/npc_lia_hero_serpent_queen.txt,41,3
abilities,serpent_queen_ball_lightning,locust_damage,"[20, 40, 60]",AbilityValues,game/scripts/npc/abilities/npc_lia_hero_serpent_queen.txt,42,3
abilities,serpent_queen_ball_lightning,locust_heal_threshold,"[1, 1, 1]",AbilityValues,game/scripts/npc/abilities/npc_lia_hero_serpent_queen.txt,43,3
abilities,serpent_queen_ball_lightning,max_locusts_on_target,7,AbilityValues,game/scripts/npc/abilities/npc_lia_hero_serpent_queen.txt,44,3
abilities,serpent_queen_heavenly_power,AbilityCooldown,20,direct_field,game/scripts/npc/abilities/npc_lia_hero_serpent_queen.txt,168,3
abilities,serpent_queen_heavenly_power,bonus_agility,"[25, 50, 75]",AbilityValues,game/scripts/npc/abilities/npc_lia_hero_serpent_queen.txt,176,3
abilities,serpent_queen_heavenly_power,duration,"[4, 5, 6]",AbilityValues,game/scripts/npc/abilities/npc_lia_hero_serpent_queen.txt,177,3
abilities,serpent_queen_accuracy,AbilityDamage,"[30, 45, 60]",direct_field,game/scripts/npc/abilities/npc_lia_hero_serpent_queen.txt,219,3
abilities,serpent_queen_accuracy,AbilityCooldown,1,direct_field,game/scripts/npc/abilities/npc_lia_hero_serpent_queen.txt,225,3
abilities,serpent_queen_accuracy,minibash_chance,"[50, 65, 80]",AbilityValues,game/scripts/npc/abilities/npc_lia_hero_serpent_queen.txt,229,3
abilities,serpent_queen_accuracy,bash_stun,"[0.15, 0.2, 0.25]",AbilityValues,game/scripts/npc/abilities/npc_lia_hero_serpent_queen.txt,230,3
abilities,serpent_queen_accuracy,bash_damage,"[30, 45, 60]",AbilityValues,game/scripts/npc/abilities/npc_lia_hero_serpent_queen.txt,231,3
abilities,serpent_queen_anger,AbilityCastPoint,"[0.0, 0.0, 0.0, 0.0]",direct_field,game/scripts/npc/abilities/npc_lia_hero_serpent_queen.txt,276,3
abilities,serpent_queen_anger,AbilityCastRange,1000,direct_field,game/scripts/npc/abilities/npc_lia_hero_serpent_queen.txt,277,3
abilities,serpent_queen_anger,AbilityCooldown,100,direct_field,game/scripts/npc/abilities/npc_lia_hero_serpent_queen.txt,278,3
abilities,serpent_queen_anger,AbilityDuration,"[20, 25, 30]",direct_field,game/scripts/npc/abilities/npc_lia_hero_serpent_queen.txt,279,3
abilities,serpent_queen_anger,AbilityManaCost,"[100, 125, 150]",direct_field,game/scripts/npc/abilities/npc_lia_hero_serpent_queen.txt,281,3
abilities,serpent_queen_anger,bonus_damage,"[75, 150, 225]",AbilityValues,game/scripts/npc/abilities/npc_lia_hero_serpent_queen.txt,285,3
abilities,serpent_queen_anger,radius,1000,AbilityValues,game/scripts/npc/abilities/npc_lia_hero_serpent_queen.txt,286,3
abilities,serpent_queen_anger,duration,"[20, 25, 30]",AbilityValues,game/scripts/npc/abilities/npc_lia_hero_serpent_queen.txt,287,3
abilities,shadow_master_shadow,AbilityCooldown,12,direct_field,game/scripts/npc/abilities/npc_lia_hero_shadow_master.txt,9,3
abilities,shadow_master_shadow,AbilityManaCost,"[30, 40, 50]",direct_field,game/scripts/npc/abilities/npc_lia_hero_shadow_master.txt,10,3
abilities,shadow_master_shadow,AbilityCastPoint,0.5,direct_field,game/scripts/npc/abilities/npc_lia_hero_shadow_master.txt,11,3
abilities,shadow_master_shadow,shadow_lifetime,120,AbilityValues,game/scripts/npc/abilities/npc_lia_hero_shadow_master.txt,27,3
abilities,shadow_master_shadow,shadow_attributes_perc,"[75, 125, 175]",AbilityValues,game/scripts/npc/abilities/npc_lia_hero_shadow_master.txt,28,3
abilities,shadow_master_steal_shadow,AbilityCooldown,15,direct_field,game/scripts/npc/abilities/npc_lia_hero_shadow_master.txt,67,3
abilities,shadow_master_steal_shadow,AbilityManaCost,"[60, 70, 80]",direct_field,game/scripts/npc/abilities/npc_lia_hero_shadow_master.txt,68,3
abilities,shadow_master_steal_shadow,AbilityCastPoint,0.3,direct_field,game/scripts/npc/abilities/npc_lia_hero_shadow_master.txt,69,3
abilities,shadow_master_steal_shadow,AbilityCastRange,500,direct_field,game/scripts/npc/abilities/npc_lia_hero_shadow_master.txt,70,3
abilities,shadow_master_steal_shadow,damage_per_sec,"[12, 24, 36]",AbilityValues,game/scripts/npc/abilities/npc_lia_hero_shadow_master.txt,86,3
abilities,shadow_master_steal_shadow,damage_shadow,"[30, 60, 90]",AbilityValues,game/scripts/npc/abilities/npc_lia_hero_shadow_master.txt,87,3
abilities,shadow_master_steal_shadow,duration,10,AbilityValues,game/scripts/npc/abilities/npc_lia_hero_shadow_master.txt,88,3
abilities,shadow_master_steal_shadow,radius,250,AbilityValues,game/scripts/npc/abilities/npc_lia_hero_shadow_master.txt,89,3
abilities,shadow_master_art_of_shadows,max_shadows,"[4, 5, 6]",AbilityValues,game/scripts/npc/abilities/npc_lia_hero_shadow_master.txt,151,3
abilities,shadow_master_art_of_shadows,shadow_lifetime,"[8, 10, 12]",AbilityValues,game/scripts/npc/abilities/npc_lia_hero_shadow_master.txt,152,3
abilities,shadow_master_art_of_shadows,shadow_attributes_perc,"[75, 100, 125]",AbilityValues,game/scripts/npc/abilities/npc_lia_hero_shadow_master.txt,153,3
abilities,shadow_master_art_of_shadows,spawn_chance,17,AbilityValues,game/scripts/npc/abilities/npc_lia_hero_shadow_master.txt,154,3
abilities,shadow_master_agility_of_shadows,duration,"[5, 7, 9]",AbilityValues,game/scripts/npc/abilities/npc_lia_hero_shadow_master.txt,176,3
abilities,shadow_master_agility_of_shadows,bonus_attack_speed,"[60, 120, 180]",AbilityValues,game/scripts/npc/abilities/npc_lia_hero_shadow_master.txt,177,3
abilities,shadow_master_agility_of_shadows,chance,20,AbilityValues,game/scripts/npc/abilities/npc_lia_hero_shadow_master.txt,178,3
abilities,shaman_starfall_datadriven,AbilityChannelTime,2.1,direct_field,game/scripts/npc/abilities/npc_lia_hero_shaman.txt,23,3
abilities,shaman_starfall_datadriven,AbilityCastPoint,0.3,direct_field,game/scripts/npc/abilities/npc_lia_hero_shaman.txt,37,3
abilities,shaman_starfall_datadriven,AbilityCastRange,"[350, 375, 400]",direct_field,game/scripts/npc/abilities/npc_lia_hero_shaman.txt,38,3
abilities,shaman_starfall_datadriven,AbilityCooldown,"[15.0, 14.0, 13.0]",direct_field,game/scripts/npc/abilities/npc_lia_hero_shaman.txt,41,3
abilities,shaman_starfall_datadriven,AbilityDuration,2.1,direct_field,game/scripts/npc/abilities/npc_lia_hero_shaman.txt,42,3
abilities,shaman_starfall_datadriven,AbilityDamage,"[100, 180, 260]",direct_field,game/scripts/npc/abilities/npc_lia_hero_shaman.txt,46,3
abilities,shaman_starfall_datadriven,AbilityManaCost,100,direct_field,game/scripts/npc/abilities/npc_lia_hero_shaman.txt,50,3
abilities,shaman_starfall_datadriven,starfall_radius,"[350, 375, 400]",AbilityValues,game/scripts/npc/abilities/npc_lia_hero_shaman.txt,56,3
abilities,shaman_starfall_datadriven,starfall_delay,0.6,AbilityValues,game/scripts/npc/abilities/npc_lia_hero_shaman.txt,57,3
abilities,shaman_starfall_datadriven,regen_percentage,"[8, 10, 12]",AbilityValues,game/scripts/npc/abilities/npc_lia_hero_shaman.txt,58,3
abilities,shaman_starfall_datadriven,tick,0.1,AbilityValues,game/scripts/npc/abilities/npc_lia_hero_shaman.txt,59,3
abilities,shaman_starfall_datadriven,duration,3,AbilityValues,game/scripts/npc/abilities/npc_lia_hero_shaman.txt,60,3
abilities,shaman_madness_datadriven,AbilityCooldown,20,direct_field,game/scripts/npc/abilities/npc_lia_hero_shaman.txt,199,3
abilities,shaman_madness_datadriven,AbilityManaCost,100,direct_field,game/scripts/npc/abilities/npc_lia_hero_shaman.txt,200,3
abilities,shaman_madness_datadriven,AbilityCastPoint,0.2,direct_field,game/scripts/npc/abilities/npc_lia_hero_shaman.txt,211,3
abilities,shaman_madness_datadriven,bonus_movespeed_percentage,"[20, 40, 60]",AbilityValues,game/scripts/npc/abilities/npc_lia_hero_shaman.txt,215,3
abilities,shaman_madness_datadriven,bonus_attackspeed,"[50, 100, 150]",AbilityValues,game/scripts/npc/abilities/npc_lia_hero_shaman.txt,216,3
abilities,shaman_madness_datadriven,duration,10,AbilityValues,game/scripts/npc/abilities/npc_lia_hero_shaman.txt,217,3
abilities,shaman_resourcefulness,ms_percentage,"[5, 10, 15]",AbilityValues,game/scripts/npc/abilities/npc_lia_hero_shaman.txt,269,3
abilities,shaman_resourcefulness,kills_for_bonus_agility,"[6, 5, 4]",AbilityValues,game/scripts/npc/abilities/npc_lia_hero_shaman.txt,270,3
abilities,shaman_ancient_forces,bonus_damage_percentage,"[50, 75, 100]",AbilityValues,game/scripts/npc/abilities/npc_lia_hero_shaman.txt,290,3
abilities,skeleton_mage_aqua_vitae,AbilityCastRange,700,direct_field,game/scripts/npc/abilities/npc_lia_hero_skeleton_mage.txt,34,3
abilities,skeleton_mage_aqua_vitae,AbilityCastPoint,0.0,direct_field,game/scripts/npc/abilities/npc_lia_hero_skeleton_mage.txt,35,3
abilities,skeleton_mage_aqua_vitae,AbilityCooldown,18.0,direct_field,game/scripts/npc/abilities/npc_lia_hero_skeleton_mage.txt,37,3
abilities,skeleton_mage_aqua_vitae,AbilityManaCost,"[100, 175, 250]",direct_field,game/scripts/npc/abilities/npc_lia_hero_skeleton_mage.txt,39,3
abilities,skeleton_mage_aqua_vitae,damage,"[20, 40, 60]",AbilityValues,game/scripts/npc/abilities/npc_lia_hero_skeleton_mage.txt,45,3
abilities,skeleton_mage_aqua_vitae,heal,"[40, 55, 70]",AbilityValues,game/scripts/npc/abilities/npc_lia_hero_skeleton_mage.txt,46,3
abilities,skeleton_mage_aqua_vitae,duration,8,AbilityValues,game/scripts/npc/abilities/npc_lia_hero_skeleton_mage.txt,47,3
abilities,skeleton_mage_aqua_vitae,radius,250,AbilityValues,game/scripts/npc/abilities/npc_lia_hero_skeleton_mage.txt,48,3
abilities,skeleton_mage_light_magic,AbilityCooldown,18,direct_field,game/scripts/npc/abilities/npc_lia_hero_skeleton_mage.txt,119,3
abilities,skeleton_mage_light_magic,AbilityCastRange,500,direct_field,game/scripts/npc/abilities/npc_lia_hero_skeleton_mage.txt,120,3
abilities,skeleton_mage_light_magic,AbilityManaCost,"[80, 120, 160]",direct_field,game/scripts/npc/abilities/npc_lia_hero_skeleton_mage.txt,121,3
abilities,skeleton_mage_light_magic,AbilityCastPoint,0.3,direct_field,game/scripts/npc/abilities/npc_lia_hero_skeleton_mage.txt,127,3
abilities,skeleton_mage_light_magic,damage_constant,"[60, 150, 0]",AbilityValues,game/scripts/npc/abilities/npc_lia_hero_skeleton_mage.txt,138,3
abilities,skeleton_mage_light_magic,damage_constant_scepter,"[150, 300, 0]",AbilityValues,game/scripts/npc/abilities/npc_lia_hero_skeleton_mage.txt,139,3
abilities,skeleton_mage_light_magic,damage_percentage,"[0, 0, 20]",AbilityValues,game/scripts/npc/abilities/npc_lia_hero_skeleton_mage.txt,144,3
abilities,skeleton_mage_light_magic,damage_percentage_scepter,"[0, 0, 25]",AbilityValues,game/scripts/npc/abilities/npc_lia_hero_skeleton_mage.txt,145,3
abilities,skeleton_mage_light_magic,heal_constant,"[100, 300, 0]",AbilityValues,game/scripts/npc/abilities/npc_lia_hero_skeleton_mage.txt,150,3
abilities,skeleton_mage_light_magic,heal_constant_scepter,"[300, 500, 0]",AbilityValues,game/scripts/npc/abilities/npc_lia_hero_skeleton_mage.txt,151,3
abilities,skeleton_mage_light_magic,heal_percentage,"[0, 0, 25]",AbilityValues,game/scripts/npc/abilities/npc_lia_hero_skeleton_mage.txt,156,3
abilities,skeleton_mage_light_magic,heal_percentage_scepter,"[0, 0, 35]",AbilityValues,game/scripts/npc/abilities/npc_lia_hero_skeleton_mage.txt,157,3
abilities,skeleton_mage_light_magic,radius,500,AbilityValues,game/scripts/npc/abilities/npc_lia_hero_skeleton_mage.txt,162,3
abilities,skeleton_mage_light_magic,manacost_scepter,"[80, 160, 240]",AbilityValues,game/scripts/npc/abilities/npc_lia_hero_skeleton_mage.txt,163,3
abilities,skeleton_mage_dark_magic,damage_return,"[30, 40, 50]",AbilityValues,game/scripts/npc/abilities/npc_lia_hero_skeleton_mage.txt,189,3
abilities,skeleton_mage_dark_magic,damage_return_scepter,"[50, 60, 70]",AbilityValues,game/scripts/npc/abilities/npc_lia_hero_skeleton_mage.txt,190,3
abilities,skeleton_mage_dark_magic,cooldown,1.5,AbilityValues,game/scripts/npc/abilities/npc_lia_hero_skeleton_mage.txt,191,3
abilities,skeleton_mage_death_energy,AbilityCooldown,100,direct_field,game/scripts/npc/abilities/npc_lia_hero_skeleton_mage.txt,205,3
abilities,skeleton_mage_death_energy,AbilityCastRange,450,direct_field,game/scripts/npc/abilities/npc_lia_hero_skeleton_mage.txt,206,3
abilities,skeleton_mage_death_energy,AbilityManaCost,"[100, 200, 300]",direct_field,game/scripts/npc/abilities/npc_lia_hero_skeleton_mage.txt,207,3
abilities,skeleton_mage_death_energy,AbilityCastPoint,1,direct_field,game/scripts/npc/abilities/npc_lia_hero_skeleton_mage.txt,214,3
abilities,skeleton_mage_death_energy,damage_initial,"[150, 300, 450]",AbilityValues,game/scripts/npc/abilities/npc_lia_hero_skeleton_mage.txt,304,3
abilities,skeleton_mage_death_energy,damage_percentage,"[3, 4, 5]",AbilityValues,game/scripts/npc/abilities/npc_lia_hero_skeleton_mage.txt,305,3
abilities,skeleton_mage_death_energy,movement_speed_slow_percentage,-50,AbilityValues,game/scripts/npc/abilities/npc_lia_hero_skeleton_mage.txt,306,3
abilities,skeleton_mage_death_energy,duration,7,AbilityValues,game/scripts/npc/abilities/npc_lia_hero_skeleton_mage.txt,307,3
abilities,skeleton_mage_death_energy,radius,450,AbilityValues,game/scripts/npc/abilities/npc_lia_hero_skeleton_mage.txt,308,3
abilities,skeleton_thief_wind_walk,AbilityCooldown,"[15, 14, 13]",direct_field,game/scripts/npc/abilities/npc_lia_hero_skeleton_thief.txt,17,3
abilities,skeleton_thief_wind_walk,AbilityManaCost,"[40, 50, 60]",direct_field,game/scripts/npc/abilities/npc_lia_hero_skeleton_thief.txt,18,3
abilities,skeleton_thief_wind_walk,bonus_movespeed,"[10, 20, 30]",AbilityValues,game/scripts/npc/abilities/npc_lia_hero_skeleton_thief.txt,22,3
abilities,skeleton_thief_wind_walk,bonus_damage,"[80, 160, 240]",AbilityValues,game/scripts/npc/abilities/npc_lia_hero_skeleton_thief.txt,23,3
abilities,skeleton_thief_wind_walk,duration,8,AbilityValues,game/scripts/npc/abilities/npc_lia_hero_skeleton_thief.txt,24,3
abilities,skeleton_thief_fury,AbilityCooldown,12.0,direct_field,game/scripts/npc/abilities/npc_lia_hero_skeleton_thief.txt,188,3
abilities,skeleton_thief_fury,AbilityManaCost,"[50, 60, 70]",direct_field,game/scripts/npc/abilities/npc_lia_hero_skeleton_thief.txt,189,3
abilities,skeleton_thief_fury,AbilityCastPoint,0.0,direct_field,game/scripts/npc/abilities/npc_lia_hero_skeleton_thief.txt,191,3
abilities,skeleton_thief_fury,AbilityCastRange,0,direct_field,game/scripts/npc/abilities/npc_lia_hero_skeleton_thief.txt,192,3
abilities,skeleton_thief_fury,bonus_attackspeed,"[150, 250, 350]",AbilityValues,game/scripts/npc/abilities/npc_lia_hero_skeleton_thief.txt,201,3
abilities,skeleton_thief_fury,duration,"[2.0, 3.0, 4.0]",AbilityValues,game/scripts/npc/abilities/npc_lia_hero_skeleton_thief.txt,202,3
abilities,skeleton_thief_shield_of_death,damage_return,"[10, 50, 100]",AbilityValues,game/scripts/npc/abilities/npc_lia_hero_skeleton_thief.txt,274,3
abilities,skeleton_thief_shield_of_death,chance_additional_damage,20,AbilityValues,game/scripts/npc/abilities/npc_lia_hero_skeleton_thief.txt,275,3
abilities,skeleton_thief_shield_of_death,additional_damage,"[100, 150, 200]",AbilityValues,game/scripts/npc/abilities/npc_lia_hero_skeleton_thief.txt,276,3
abilities,skeleton_thief_concentration,crit_mult,"[150, 175, 200]",AbilityValues,game/scripts/npc/abilities/npc_lia_hero_skeleton_thief.txt,295,3
abilities,skeleton_thief_concentration,crit_chance,"[7, 10, 13]",AbilityValues,game/scripts/npc/abilities/npc_lia_hero_skeleton_thief.txt,296,3
abilities,skeleton_thief_concentration,crit_chance_cap,50,AbilityValues,game/scripts/npc/abilities/npc_lia_hero_skeleton_thief.txt,297,3
abilities,skeleton_thief_obsession,bonus_damage,"[150, 275, 400]",AbilityValues,game/scripts/npc/abilities/npc_lia_hero_skeleton_thief.txt,393,3
abilities,skeleton_thief_obsession,attacks_required,4,AbilityValues,game/scripts/npc/abilities/npc_lia_hero_skeleton_thief.txt,394,3
abilities,speedwarden_speed_burst,AbilityCastPoint,0.3,direct_field,game/scripts/npc/abilities/npc_lia_hero_speedwarden.txt,11,3
abilities,speedwarden_speed_burst,AbilityCastRange,250,direct_field,game/scripts/npc/abilities/npc_lia_hero_speedwarden.txt,12,3
abilities,speedwarden_speed_burst,AbilityCooldown,"[9, 8, 7]",direct_field,game/scripts/npc/abilities/npc_lia_hero_speedwarden.txt,13,3
abilities,speedwarden_speed_burst,AbilityManaCost,"[50, 55, 60]",direct_field,game/scripts/npc/abilities/npc_lia_hero_speedwarden.txt,14,3
abilities,speedwarden_speed_burst,radius,250,AbilityValues,game/scripts/npc/abilities/npc_lia_hero_speedwarden.txt,31,3
abilities,speedwarden_speed_burst,base_damage,"[50, 150, 250]",AbilityValues,game/scripts/npc/abilities/npc_lia_hero_speedwarden.txt,32,3
abilities,speedwarden_speed_burst,damage_pct,"[30, 45, 60]",AbilityValues,game/scripts/npc/abilities/npc_lia_hero_speedwarden.txt,33,3
abilities,speedwarden_mad_charge,distance_per_charge,1000,AbilityValues,game/scripts/npc/abilities/npc_lia_hero_speedwarden.txt,50,3
abilities,speedwarden_mad_charge,distance_per_charge_swiftness,500,AbilityValues,game/scripts/npc/abilities/npc_lia_hero_speedwarden.txt,51,3
abilities,speedwarden_mad_charge,speed_pct,"[10, 20, 30]",AbilityValues,game/scripts/npc/abilities/npc_lia_hero_speedwarden.txt,52,3
abilities,speedwarden_mad_charge,max_charges,5,AbilityValues,game/scripts/npc/abilities/npc_lia_hero_speedwarden.txt,53,3
abilities,speedwarden_mad_charge,charge_duration,20,AbilityValues,game/scripts/npc/abilities/npc_lia_hero_speedwarden.txt,54,3
abilities,speedwarden_time_strike,radius,325,AbilityValues,game/scripts/npc/abilities/npc_lia_hero_speedwarden.txt,79,3
abilities,speedwarden_time_strike,slow_pct,"[15, 20, 25]",AbilityValues,game/scripts/npc/abilities/npc_lia_hero_speedwarden.txt,80,3
abilities,speedwarden_time_strike,damage_pct,"[15, 20, 25]",AbilityValues,game/scripts/npc/abilities/npc_lia_hero_speedwarden.txt,81,3
abilities,speedwarden_time_strike,base_chance,"[30, 40, 50]",AbilityValues,game/scripts/npc/abilities/npc_lia_hero_speedwarden.txt,82,3
abilities,speedwarden_time_strike,chance_per_charge,10,AbilityValues,game/scripts/npc/abilities/npc_lia_hero_speedwarden.txt,83,3
abilities,speedwarden_time_strike,strike_delay,0.3,AbilityValues,game/scripts/npc/abilities/npc_lia_hero_speedwarden.txt,84,3
abilities,speedwarden_wardens_swiftness,AbilityCastPoint,0.5,direct_field,game/scripts/npc/abilities/npc_lia_hero_speedwarden.txt,93,3
abilities,speedwarden_wardens_swiftness,AbilityCooldown,30,direct_field,game/scripts/npc/abilities/npc_lia_hero_speedwarden.txt,94,3
abilities,speedwarden_wardens_swiftness,AbilityManaCost,90,direct_field,game/scripts/npc/abilities/npc_lia_hero_speedwarden.txt,95,3
abilities,speedwarden_wardens_swiftness,duration,"[6, 8, 10]",AbilityValues,game/scripts/npc/abilities/npc_lia_hero_speedwarden.txt,111,3
abilities,speedwarden_wardens_swiftness,distance_per_charge_red,500,AbilityValues,game/scripts/npc/abilities/npc_lia_hero_speedwarden.txt,112,3
abilities,speedwarden_wardens_swiftness,burst_cd_red_pct,50,AbilityValues,game/scripts/npc/abilities/npc_lia_hero_speedwarden.txt,113,3
abilities,spider_queen_killer_instinct,AbilityCastPoint,"[0.2, 0.2, 0.2]",direct_field,game/scripts/npc/abilities/npc_lia_hero_spider_queen.txt,16,3
abilities,spider_queen_killer_instinct,AbilityCooldown,"[14, 13, 12]",direct_field,game/scripts/npc/abilities/npc_lia_hero_spider_queen.txt,19,3
abilities,spider_queen_killer_instinct,AbilityManaCost,"[40, 50, 60]",direct_field,game/scripts/npc/abilities/npc_lia_hero_spider_queen.txt,20,3
abilities,spider_queen_killer_instinct,damage,"[100, 175, 250]",AbilityValues,game/scripts/npc/abilities/npc_lia_hero_spider_queen.txt,24,3
abilities,spider_queen_killer_instinct,attacks_count,"[2, 3, 4]",AbilityValues,game/scripts/npc/abilities/npc_lia_hero_spider_queen.txt,25,3
abilities,spider_queen_killer_instinct,duration,6,AbilityValues,game/scripts/npc/abilities/npc_lia_hero_spider_queen.txt,26,3
abilities,spider_queen_killer_instinct,full_radius,180,AbilityValues,game/scripts/npc/abilities/npc_lia_hero_spider_queen.txt,27,3
abilities,spider_queen_killer_instinct,half_radius,240,AbilityValues,game/scripts/npc/abilities/npc_lia_hero_spider_queen.txt,28,3
abilities,spider_queen_spider_yarn,AbilityCastRange,500,direct_field,game/scripts/npc/abilities/npc_lia_hero_spider_queen.txt,47,3
abilities,spider_queen_spider_yarn,AbilityCastPoint,0.2,direct_field,game/scripts/npc/abilities/npc_lia_hero_spider_queen.txt,48,3
abilities,spider_queen_spider_yarn,AbilityCooldown,20,direct_field,game/scripts/npc/abilities/npc_lia_hero_spider_queen.txt,50,3
abilities,spider_queen_spider_yarn,AbilityManaCost,"[40, 60, 80]",direct_field,game/scripts/npc/abilities/npc_lia_hero_spider_queen.txt,51,3
abilities,spider_queen_spider_yarn,damage_per_second,"[15, 30, 45]",AbilityValues,game/scripts/npc/abilities/npc_lia_hero_spider_queen.txt,56,3
abilities,spider_queen_spider_yarn,miss_chance,"[10, 20, 30]",AbilityValues,game/scripts/npc/abilities/npc_lia_hero_spider_queen.txt,57,3
abilities,spider_queen_spider_yarn,movement_slow_percentage,"[-10, -20, -30]",AbilityValues,game/scripts/npc/abilities/npc_lia_hero_spider_queen.txt,58,3
abilities,spider_queen_spider_yarn,base_duration,8,AbilityValues,game/scripts/npc/abilities/npc_lia_hero_spider_queen.txt,59,3
abilities,spider_queen_spider_yarn,bonus_duration_per_spider,2,AbilityValues,game/scripts/npc/abilities/npc_lia_hero_spider_queen.txt,60,3
abilities,spider_queen_spider_yarn,radius,300,AbilityValues,game/scripts/npc/abilities/npc_lia_hero_spider_queen.txt,61,3
abilities,spider_queen_infection,AbilityCastPoint,"[0.2, 0.2, 0.2]",direct_field,game/scripts/npc/abilities/npc_lia_hero_spider_queen.txt,79,3
abilities,spider_queen_infection,AbilityCooldown,20,direct_field,game/scripts/npc/abilities/npc_lia_hero_spider_queen.txt,82,3
abilities,spider_queen_infection,AbilityManaCost,"[20, 25, 30]",direct_field,game/scripts/npc/abilities/npc_lia_hero_spider_queen.txt,83,3
abilities,spider_queen_infection,infection_chance,40,AbilityValues,game/scripts/npc/abilities/npc_lia_hero_spider_queen.txt,87,3
abilities,spider_queen_infection,spider_hp_tooltip,"[150, 350, 550]",AbilityValues,game/scripts/npc/abilities/npc_lia_hero_spider_queen.txt,88,3
abilities,spider_queen_infection,spider_dmg_tooltip,"[11, 24, 51]",AbilityValues,game/scripts/npc/abilities/npc_lia_hero_spider_queen.txt,89,3
abilities,spider_queen_infection,spider_duration,30,AbilityValues,game/scripts/npc/abilities/npc_lia_hero_spider_queen.txt,90,3
abilities,spider_queen_infection,spider_max_count,"[2, 4, 6]",AbilityValues,game/scripts/npc/abilities/npc_lia_hero_spider_queen.txt,91,3
abilities,spider_queen_thick_cover,bonus_health_regen,"[25, 50, 75]",AbilityValues,game/scripts/npc/abilities/npc_lia_hero_spider_queen.txt,110,3
abilities,spider_queen_thick_cover,bonus_base_agility,"[10, 20, 30]",AbilityValues,game/scripts/npc/abilities/npc_lia_hero_spider_queen.txt,111,3
abilities,minotaur_thunder_strike,AbilityCastPoint,"[0.5, 0.5, 0.5, 0.5]",direct_field,game/scripts/npc/abilities/npc_lia_hero_taur.txt,17,3
abilities,minotaur_thunder_strike,AbilityCooldown,"[10.0, 7.0, 4.0]",direct_field,game/scripts/npc/abilities/npc_lia_hero_taur.txt,18,3
abilities,minotaur_thunder_strike,AbilityManaCost,"[50, 70, 90]",direct_field,game/scripts/npc/abilities/npc_lia_hero_taur.txt,19,3
abilities,minotaur_thunder_strike,AbilityCastRange,"[250, 300, 350]",direct_field,game/scripts/npc/abilities/npc_lia_hero_taur.txt,20,3
abilities,minotaur_thunder_strike,damage,"[50, 100, 150]",AbilityValues,game/scripts/npc/abilities/npc_lia_hero_taur.txt,32,3
abilities,minotaur_thunder_strike,movespeed_slow_percentage,"[-30, -45, -60]",AbilityValues,game/scripts/npc/abilities/npc_lia_hero_taur.txt,33,3
abilities,minotaur_thunder_strike,attack_speed_slow,"[-30, -45, -60]",AbilityValues,game/scripts/npc/abilities/npc_lia_hero_taur.txt,34,3
abilities,minotaur_thunder_strike,slow_duration,3,AbilityValues,game/scripts/npc/abilities/npc_lia_hero_taur.txt,35,3
abilities,minotaur_thunder_strike,radius,300,AbilityValues,game/scripts/npc/abilities/npc_lia_hero_taur.txt,36,3
abilities,minotaur_fear,AbilityCastRange,700,direct_field,game/scripts/npc/abilities/npc_lia_hero_taur.txt,53,3
abilities,minotaur_fear,base_armor_reduction,"[-3, -6, -9]",AbilityValues,game/scripts/npc/abilities/npc_lia_hero_taur.txt,57,3
abilities,minotaur_fear,armor_reduction_per_spirit,-3,AbilityValues,game/scripts/npc/abilities/npc_lia_hero_taur.txt,58,3
abilities,minotaur_fear,aura_radius,700,AbilityValues,game/scripts/npc/abilities/npc_lia_hero_taur.txt,59,3
abilities,minotaur_demonic_power,cleave_percent,"[20, 30, 40]",AbilityValues,game/scripts/npc/abilities/npc_lia_hero_taur.txt,83,3
abilities,minotaur_demonic_power,cleave_start_width,"[150, 175, 200]",AbilityValues,game/scripts/npc/abilities/npc_lia_hero_taur.txt,84,3
abilities,minotaur_demonic_power,cleave_end_width,"[225, 250, 275]",AbilityValues,game/scripts/npc/abilities/npc_lia_hero_taur.txt,85,3
abilities,minotaur_demonic_power,cleave_length,"[225, 250, 275]",AbilityValues,game/scripts/npc/abilities/npc_lia_hero_taur.txt,86,3
abilities,minotaur_guardian_spirits,AbilityCastPoint,0.65,direct_field,game/scripts/npc/abilities/npc_lia_hero_taur.txt,103,3
abilities,minotaur_guardian_spirits,AbilityCooldown,"[120.0, 105.0, 90.0]",direct_field,game/scripts/npc/abilities/npc_lia_hero_taur.txt,104,3
abilities,minotaur_guardian_spirits,AbilityManaCost,"[120, 150, 180]",direct_field,game/scripts/npc/abilities/npc_lia_hero_taur.txt,105,3
abilities,minotaur_guardian_spirits,illusion_duration,45.0,AbilityValues,game/scripts/npc/abilities/npc_lia_hero_taur.txt,116,3
abilities,minotaur_guardian_spirits,outgoing_damage_percentage,"[60, 80, 100]",AbilityValues,game/scripts/npc/abilities/npc_lia_hero_taur.txt,117,3
abilities,minotaur_guardian_spirits,incoming_damage_percentage,"[175, 150, 125]",AbilityValues,game/scripts/npc/abilities/npc_lia_hero_taur.txt,118,3
abilities,minotaur_guardian_spirits,images_count,"[2, 3, 4]",AbilityValues,game/scripts/npc/abilities/npc_lia_hero_taur.txt,119,3
abilities,minotaur_guardian_spirits,invulnerability_duration,0.3,AbilityValues,game/scripts/npc/abilities/npc_lia_hero_taur.txt,120,3
abilities,minotaur_guardian_spirits1,AbilityCastPoint,0.65,direct_field,game/scripts/npc/abilities/npc_lia_hero_taur.txt,139,3
abilities,minotaur_guardian_spirits1,AbilityCooldown,"[120.0, 105.0, 90.0]",direct_field,game/scripts/npc/abilities/npc_lia_hero_taur.txt,143,3
abilities,minotaur_guardian_spirits1,AbilityManaCost,"[120, 150, 180]",direct_field,game/scripts/npc/abilities/npc_lia_hero_taur.txt,147,3
abilities,minotaur_guardian_spirits1,illusion_duration,"[45.0, 45.0, 45.0]",AbilityValues,game/scripts/npc/abilities/npc_lia_hero_taur.txt,153,3
abilities,minotaur_guardian_spirits1,outgoing_damage,"[-40, -20, 0]",AbilityValues,game/scripts/npc/abilities/npc_lia_hero_taur.txt,154,3
abilities,minotaur_guardian_spirits1,outgoing_damage_tooltip,"[60, 80, 100]",AbilityValues,game/scripts/npc/abilities/npc_lia_hero_taur.txt,155,3
abilities,minotaur_guardian_spirits1,incoming_damage,"[175, 150, 125]",AbilityValues,game/scripts/npc/abilities/npc_lia_hero_taur.txt,156,3
abilities,minotaur_guardian_spirits1,tooltip_incoming_damage_total_pct,"[75, 50, 25]",AbilityValues,game/scripts/npc/abilities/npc_lia_hero_taur.txt,157,3
abilities,minotaur_guardian_spirits1,images_count,"[2, 3, 4]",AbilityValues,game/scripts/npc/abilities/npc_lia_hero_taur.txt,158,3
abilities,minotaur_guardian_spirits1,invuln_duration,0.3,AbilityValues,game/scripts/npc/abilities/npc_lia_hero_taur.txt,159,3
abilities,tauren_champion_crushing_totem,AbilityCastPoint,0.3,direct_field,game/scripts/npc/abilities/npc_lia_hero_tauren_champion.txt,18,3
abilities,tauren_champion_crushing_totem,AbilityCooldown,10,direct_field,game/scripts/npc/abilities/npc_lia_hero_tauren_champion.txt,21,3
abilities,tauren_champion_crushing_totem,AbilityManaCost,"[75, 100, 125]",direct_field,game/scripts/npc/abilities/npc_lia_hero_tauren_champion.txt,22,3
abilities,tauren_champion_crushing_totem,bonus_attack_speed,"[30, 50, 70]",AbilityValues,game/scripts/npc/abilities/npc_lia_hero_tauren_champion.txt,33,3
abilities,tauren_champion_crushing_totem,attacks_count,"[2, 3, 4]",AbilityValues,game/scripts/npc/abilities/npc_lia_hero_tauren_champion.txt,34,3
abilities,tauren_champion_crushing_totem,cleave_percent,"[60, 70, 80]",AbilityValues,game/scripts/npc/abilities/npc_lia_hero_tauren_champion.txt,35,3
abilities,tauren_champion_crushing_totem,cleave_start_width,200,AbilityValues,game/scripts/npc/abilities/npc_lia_hero_tauren_champion.txt,36,3
abilities,tauren_champion_crushing_totem,cleave_end_width,250,AbilityValues,game/scripts/npc/abilities/npc_lia_hero_tauren_champion.txt,37,3
abilities,tauren_champion_crushing_totem,cleave_length,300,AbilityValues,game/scripts/npc/abilities/npc_lia_hero_tauren_champion.txt,38,3
abilities,tauren_champion_crushing_totem,duration,10,AbilityValues,game/scripts/npc/abilities/npc_lia_hero_tauren_champion.txt,39,3
abilities,tauren_champion_champions_jump,AbilityCastRange,400,direct_field,game/scripts/npc/abilities/npc_lia_hero_tauren_champion.txt,61,3
abilities,tauren_champion_champions_jump,AbilityCastPoint,0.3,direct_field,game/scripts/npc/abilities/npc_lia_hero_tauren_champion.txt,62,3
abilities,tauren_champion_champions_jump,AbilityCooldown,"[16, 14, 12]",direct_field,game/scripts/npc/abilities/npc_lia_hero_tauren_champion.txt,63,3
abilities,tauren_champion_champions_jump,AbilityManaCost,"[100, 125, 150]",direct_field,game/scripts/npc/abilities/npc_lia_hero_tauren_champion.txt,64,3
abilities,tauren_champion_champions_jump,land_damage,"[100, 175, 250]",AbilityValues,game/scripts/npc/abilities/npc_lia_hero_tauren_champion.txt,73,3
abilities,tauren_champion_champions_jump,max_distance,400,AbilityValues,game/scripts/npc/abilities/npc_lia_hero_tauren_champion.txt,74,3
abilities,tauren_champion_champions_jump,radius,225,AbilityValues,game/scripts/npc/abilities/npc_lia_hero_tauren_champion.txt,75,3
abilities,tauren_champion_champions_jump,stun_duration,1.5,AbilityValues,game/scripts/npc/abilities/npc_lia_hero_tauren_champion.txt,76,3
abilities,tauren_champion_champions_jump,duration,0.5,AbilityValues,game/scripts/npc/abilities/npc_lia_hero_tauren_champion.txt,77,3
abilities,tauren_champion_accumulated_rage,max_damage_blocked_percent,"[5, 10, 15]",AbilityValues,game/scripts/npc/abilities/npc_lia_hero_tauren_champion.txt,104,3
abilities,tauren_champion_accumulated_rage,min_damage_blocked_percent,5,AbilityValues,game/scripts/npc/abilities/npc_lia_hero_tauren_champion.txt,105,3
abilities,tauren_champion_accumulated_rage,absorption_count,"[3, 4, 5]",AbilityValues,game/scripts/npc/abilities/npc_lia_hero_tauren_champion.txt,106,3
abilities,tauren_champion_accumulated_rage,health_lost_threshold_percent,12,AbilityValues,game/scripts/npc/abilities/npc_lia_hero_tauren_champion.txt,107,3
abilities,tauren_champion_accumulated_rage,damage_per_stack,"[7, 14, 21]",AbilityValues,game/scripts/npc/abilities/npc_lia_hero_tauren_champion.txt,108,3
abilities,tauren_champion_accumulated_rage,shield_cooldown,12,AbilityValues,game/scripts/npc/abilities/npc_lia_hero_tauren_champion.txt,109,3
abilities,tauren_champion_finish_off,crit_multiplier,"[250, 275, 300]",AbilityValues,game/scripts/npc/abilities/npc_lia_hero_tauren_champion.txt,135,3
abilities,tauren_champion_finish_off,attack_count,3,AbilityValues,game/scripts/npc/abilities/npc_lia_hero_tauren_champion.txt,136,3
abilities,tauren_champion_finish_off,duration,15,AbilityValues,game/scripts/npc/abilities/npc_lia_hero_tauren_champion.txt,137,3
abilities,time_lord_death,AbilityCastRange,700,direct_field,game/scripts/npc/abilities/npc_lia_hero_time_lord.txt,12,3
abilities,time_lord_death,AbilityCastPoint,0.4,direct_field,game/scripts/npc/abilities/npc_lia_hero_time_lord.txt,13,3
abilities,time_lord_death,AbilityCooldown,"[18, 17, 16]",direct_field,game/scripts/npc/abilities/npc_lia_hero_time_lord.txt,14,3
abilities,time_lord_death,AbilityManaCost,"[150, 175, 200]",direct_field,game/scripts/npc/abilities/npc_lia_hero_time_lord.txt,15,3
abilities,time_lord_death,radius,"[150, 175, 200]",AbilityValues,game/scripts/npc/abilities/npc_lia_hero_time_lord.txt,32,3
abilities,time_lord_death,cooldown_scepter,"[11, 10, 9]",AbilityValues,game/scripts/npc/abilities/npc_lia_hero_time_lord.txt,33,3
abilities,time_lord_timelapse,AbilityCastPoint,0.3,direct_field,game/scripts/npc/abilities/npc_lia_hero_time_lord.txt,60,3
abilities,time_lord_timelapse,AbilityCooldown,"[13, 11, 9]",direct_field,game/scripts/npc/abilities/npc_lia_hero_time_lord.txt,61,3
abilities,time_lord_timelapse,AbilityManaCost,"[150, 200, 250]",direct_field,game/scripts/npc/abilities/npc_lia_hero_time_lord.txt,62,3
abilities,time_lord_timelapse,damage_radius,300,AbilityValues,game/scripts/npc/abilities/npc_lia_hero_time_lord.txt,73,3
abilities,time_lord_timelapse,damage,"[50, 100, 150]",AbilityValues,game/scripts/npc/abilities/npc_lia_hero_time_lord.txt,74,3
abilities,time_lord_timelapse,cooldown_scepter,"[8, 7, 6]",AbilityValues,game/scripts/npc/abilities/npc_lia_hero_time_lord.txt,75,3
abilities,time_lord_timelapse,time,5,AbilityValues,game/scripts/npc/abilities/npc_lia_hero_time_lord.txt,80,3
abilities,time_lord_wisdom_flow,bonus_intellect,1,AbilityValues,game/scripts/npc/abilities/npc_lia_hero_time_lord.txt,103,3
abilities,time_lord_wisdom_flow,stack_interval,"[60, 40, 20]",AbilityValues,game/scripts/npc/abilities/npc_lia_hero_time_lord.txt,104,3
abilities,time_lord_stop_time,AbilityCastPoint,0.3,direct_field,game/scripts/npc/abilities/npc_lia_hero_time_lord.txt,161,3
abilities,time_lord_stop_time,AbilityCooldown,200,direct_field,game/scripts/npc/abilities/npc_lia_hero_time_lord.txt,162,3
abilities,time_lord_stop_time,AbilityManaCost,"[200, 400, 600]",direct_field,game/scripts/npc/abilities/npc_lia_hero_time_lord.txt,163,3
abilities,time_lord_stop_time,hero_stop,"[3, 4, 5]",AbilityValues,game/scripts/npc/abilities/npc_lia_hero_time_lord.txt,221,3
abilities,time_lord_stop_time,other_stop,"[4, 6, 8]",AbilityValues,game/scripts/npc/abilities/npc_lia_hero_time_lord.txt,222,3
abilities,time_lord_stop_time,bonus_movespeed_percentage,"[20, 40, 60]",AbilityValues,game/scripts/npc/abilities/npc_lia_hero_time_lord.txt,223,3
abilities,time_lord_stop_time,bonus_attackspeed,"[200, 250, 300]",AbilityValues,game/scripts/npc/abilities/npc_lia_hero_time_lord.txt,224,3
abilities,time_lord_stop_time,bonus_duration,"[4, 6, 8]",AbilityValues,game/scripts/npc/abilities/npc_lia_hero_time_lord.txt,225,3
abilities,treant_butterfly_flock,AbilityCastRange,"[500, 600, 700]",direct_field,game/scripts/npc/abilities/npc_lia_hero_treant.txt,19,3
abilities,treant_butterfly_flock,AbilityCastPoint,0.4,direct_field,game/scripts/npc/abilities/npc_lia_hero_treant.txt,20,3
abilities,treant_butterfly_flock,AbilityCooldown,18,direct_field,game/scripts/npc/abilities/npc_lia_hero_treant.txt,21,3
abilities,treant_butterfly_flock,AbilityManaCost,"[100, 120, 140]",direct_field,game/scripts/npc/abilities/npc_lia_hero_treant.txt,22,3
abilities,treant_butterfly_flock,damage,"[80, 160, 240]",AbilityValues,game/scripts/npc/abilities/npc_lia_hero_treant.txt,32,3
abilities,treant_butterfly_flock,knockback_duration,1,AbilityValues,game/scripts/npc/abilities/npc_lia_hero_treant.txt,33,3
abilities,treant_butterfly_flock,projectile_distance,"[500, 600, 700]",AbilityValues,game/scripts/npc/abilities/npc_lia_hero_treant.txt,34,3
abilities,treant_butterfly_flock,start_width,125,AbilityValues,game/scripts/npc/abilities/npc_lia_hero_treant.txt,35,3
abilities,treant_butterfly_flock,end_width,125,AbilityValues,game/scripts/npc/abilities/npc_lia_hero_treant.txt,36,3
abilities,treant_butterfly_flock,speed,650,AbilityValues,game/scripts/npc/abilities/npc_lia_hero_treant.txt,37,3
abilities,treant_take_root,AbilityCastRange,400,direct_field,game/scripts/npc/abilities/npc_lia_hero_treant.txt,57,3
abilities,treant_take_root,AbilityCastPoint,0.3,direct_field,game/scripts/npc/abilities/npc_lia_hero_treant.txt,59,3
abilities,treant_take_root,AbilityCooldown,22,direct_field,game/scripts/npc/abilities/npc_lia_hero_treant.txt,61,3
abilities,treant_take_root,AbilityManaCost,25,direct_field,game/scripts/npc/abilities/npc_lia_hero_treant.txt,63,3
abilities,treant_take_root,damage_per_second,50,AbilityValues,game/scripts/npc/abilities/npc_lia_hero_treant.txt,75,3
abilities,treant_take_root,root_duration,"[2, 3, 4]",AbilityValues,game/scripts/npc/abilities/npc_lia_hero_treant.txt,76,3
abilities,treant_take_root,health_regeneration,"[10, 20, 30]",AbilityValues,game/scripts/npc/abilities/npc_lia_hero_treant.txt,77,3
abilities,treant_take_root,manacost_per_second,10,AbilityValues,game/scripts/npc/abilities/npc_lia_hero_treant.txt,78,3
abilities,treant_take_root,radius,400,AbilityValues,game/scripts/npc/abilities/npc_lia_hero_treant.txt,79,3
abilities,treant_craving_for_nature,AbilityCastRange,400,direct_field,game/scripts/npc/abilities/npc_lia_hero_treant.txt,99,3
abilities,treant_craving_for_nature,AbilityCastPoint,0.3,direct_field,game/scripts/npc/abilities/npc_lia_hero_treant.txt,101,3
abilities,treant_craving_for_nature,AbilityCooldown,"[30, 25, 20]",direct_field,game/scripts/npc/abilities/npc_lia_hero_treant.txt,103,3
abilities,treant_craving_for_nature,AbilityManaCost,120,direct_field,game/scripts/npc/abilities/npc_lia_hero_treant.txt,105,3
abilities,treant_craving_for_nature,damage,"[50, 100, 150]",AbilityValues,game/scripts/npc/abilities/npc_lia_hero_treant.txt,115,3
abilities,treant_craving_for_nature,root_damage_multiplier,2,AbilityValues,game/scripts/npc/abilities/npc_lia_hero_treant.txt,116,3
abilities,treant_craving_for_nature,tick_time,0.03,AbilityValues,game/scripts/npc/abilities/npc_lia_hero_treant.txt,117,3
abilities,treant_craving_for_nature,distance_per_tick,20,AbilityValues,game/scripts/npc/abilities/npc_lia_hero_treant.txt,118,3
abilities,treant_craving_for_nature,radius,400,AbilityValues,game/scripts/npc/abilities/npc_lia_hero_treant.txt,119,3
abilities,treant_sharp_thorns,AbilityCastRange,500,direct_field,game/scripts/npc/abilities/npc_lia_hero_treant.txt,136,3
abilities,treant_sharp_thorns,AbilityCastPoint,0.3,direct_field,game/scripts/npc/abilities/npc_lia_hero_treant.txt,137,3
abilities,treant_sharp_thorns,AbilityCooldown,"[120, 110, 100]",direct_field,game/scripts/npc/abilities/npc_lia_hero_treant.txt,138,3
abilities,treant_sharp_thorns,AbilityManaCost,"[250, 325, 400]",direct_field,game/scripts/npc/abilities/npc_lia_hero_treant.txt,139,3
abilities,treant_sharp_thorns,damage,"[150, 250, 350]",AbilityValues,game/scripts/npc/abilities/npc_lia_hero_treant.txt,157,3
abilities,treant_sharp_thorns,distance_to_damage_percentage,"[25, 50, 75]",AbilityValues,game/scripts/npc/abilities/npc_lia_hero_treant.txt,158,3
abilities,treant_sharp_thorns,duration,10,AbilityValues,game/scripts/npc/abilities/npc_lia_hero_treant.txt,159,3
abilities,treant_sharp_thorns,radius,400,AbilityValues,game/scripts/npc/abilities/npc_lia_hero_treant.txt,160,3
abilities,treant_sharp_thorns,check_interval,0.1,AbilityValues,game/scripts/npc/abilities/npc_lia_hero_treant.txt,161,3
abilities,troll_cutthroat_boomeang_axe,AbilityCastRange,"[300, 400, 500]",direct_field,game/scripts/npc/abilities/npc_lia_hero_troll_cutthroat.txt,16,3
abilities,troll_cutthroat_boomeang_axe,AbilityCastPoint,0.2,direct_field,game/scripts/npc/abilities/npc_lia_hero_troll_cutthroat.txt,17,3
abilities,troll_cutthroat_boomeang_axe,AbilityCooldown,"[20, 17, 14]",direct_field,game/scripts/npc/abilities/npc_lia_hero_troll_cutthroat.txt,18,3
abilities,troll_cutthroat_boomeang_axe,AbilityManaCost,"[100, 75, 50]",direct_field,game/scripts/npc/abilities/npc_lia_hero_troll_cutthroat.txt,19,3
abilities,troll_cutthroat_boomeang_axe,damage_percentage,50,AbilityValues,game/scripts/npc/abilities/npc_lia_hero_troll_cutthroat.txt,33,3
abilities,troll_cutthroat_boomeang_axe,strength_into_damage_percentage,150,AbilityValues,game/scripts/npc/abilities/npc_lia_hero_troll_cutthroat.txt,34,3
abilities,troll_cutthroat_boomeang_axe,max_targets,"[6, 7, 8]",AbilityValues,game/scripts/npc/abilities/npc_lia_hero_troll_cutthroat.txt,35,3
abilities,troll_cutthroat_boomeang_axe,axe_speed,600,AbilityValues,game/scripts/npc/abilities/npc_lia_hero_troll_cutthroat.txt,36,3
abilities,troll_cutthroat_boomeang_axe,radius,600,AbilityValues,game/scripts/npc/abilities/npc_lia_hero_troll_cutthroat.txt,37,3
abilities,troll_cutthroat_boomeang_axe,return_speed,1000,AbilityValues,game/scripts/npc/abilities/npc_lia_hero_troll_cutthroat.txt,38,3
abilities,troll_cutthroat_boomeang_axe,ability_cast_range,"[300, 400, 500]",AbilityValues,game/scripts/npc/abilities/npc_lia_hero_troll_cutthroat.txt,39,3
abilities,troll_cutthroat_boomeang_axe_return,AbilityCastPoint,0.0,direct_field,game/scripts/npc/abilities/npc_lia_hero_troll_cutthroat.txt,54,1
abilities,troll_cutthroat_vulnerability,crit_multiplier,200,AbilityValues,game/scripts/npc/abilities/npc_lia_hero_troll_cutthroat.txt,101,3
abilities,troll_cutthroat_vulnerability,crit_chance,"[14, 17, 20]",AbilityValues,game/scripts/npc/abilities/npc_lia_hero_troll_cutthroat.txt,102,3
abilities,troll_cutthroat_vulnerability,armor_reduction,"[-4, -7, -10]",AbilityValues,game/scripts/npc/abilities/npc_lia_hero_troll_cutthroat.txt,103,3
abilities,troll_cutthroat_vulnerability,duration,5,AbilityValues,game/scripts/npc/abilities/npc_lia_hero_troll_cutthroat.txt,104,3
abilities,troll_cutthroat_enchanted_axes,AbilityCastPoint,0.0,direct_field,game/scripts/npc/abilities/npc_lia_hero_troll_cutthroat.txt,128,3
abilities,troll_cutthroat_enchanted_axes,AbilityCastRange,450,direct_field,game/scripts/npc/abilities/npc_lia_hero_troll_cutthroat.txt,129,3
abilities,troll_cutthroat_enchanted_axes,AbilityCooldown,"[12, 9, 4]",direct_field,game/scripts/npc/abilities/npc_lia_hero_troll_cutthroat.txt,132,3
abilities,troll_cutthroat_enchanted_axes,damage,"[50, 100, 150]",AbilityValues,game/scripts/npc/abilities/npc_lia_hero_troll_cutthroat.txt,143,3
abilities,troll_cutthroat_enchanted_axes,str_prc_dmg,75,AbilityValues,game/scripts/npc/abilities/npc_lia_hero_troll_cutthroat.txt,144,3
abilities,troll_cutthroat_enchanted_axes,hit_radius,100,AbilityValues,game/scripts/npc/abilities/npc_lia_hero_troll_cutthroat.txt,145,3
abilities,troll_cutthroat_enchanted_axes,max_range,450.0,AbilityValues,game/scripts/npc/abilities/npc_lia_hero_troll_cutthroat.txt,146,3
abilities,troll_cutthroat_enchanted_axes,axe_movement_speed,1400,AbilityValues,game/scripts/npc/abilities/npc_lia_hero_troll_cutthroat.txt,147,3
abilities,troll_cutthroat_enchanted_axes,bonus_movement_speed,30,AbilityValues,game/scripts/npc/abilities/npc_lia_hero_troll_cutthroat.txt,148,3
abilities,troll_cutthroat_enchanted_axes,blind_pct,"[60, 60, 60, 60]",AbilityValues,game/scripts/npc/abilities/npc_lia_hero_troll_cutthroat.txt,149,3
abilities,troll_cutthroat_enchanted_axes,whirl_duration,3.0,AbilityValues,game/scripts/npc/abilities/npc_lia_hero_troll_cutthroat.txt,150,3
abilities,troll_cutthroat_enchanted_axes,axe_turn_rate,360,AbilityValues,game/scripts/npc/abilities/npc_lia_hero_troll_cutthroat.txt,151,3
abilities,troll_cutthroat_enchanted_axes,start_radius,1,AbilityValues,game/scripts/npc/abilities/npc_lia_hero_troll_cutthroat.txt,152,3
abilities,troll_cutthroat_enchanted_axes,think_interval,0.06,AbilityValues,game/scripts/npc/abilities/npc_lia_hero_troll_cutthroat.txt,153,3
abilities,troll_cutthroat_battle_trance,AbilityCastPoint,0.0,direct_field,game/scripts/npc/abilities/npc_lia_hero_troll_cutthroat.txt,276,3
abilities,troll_cutthroat_battle_trance,AbilityCooldown,80,direct_field,game/scripts/npc/abilities/npc_lia_hero_troll_cutthroat.txt,277,3
abilities,troll_cutthroat_battle_trance,AbilityManaCost,"[170, 200, 230]",direct_field,game/scripts/npc/abilities/npc_lia_hero_troll_cutthroat.txt,278,3
abilities,troll_cutthroat_battle_trance,bonus_attack_speed,"[50, 100, 150]",AbilityValues,game/scripts/npc/abilities/npc_lia_hero_troll_cutthroat.txt,282,3
abilities,troll_cutthroat_battle_trance,damage_reduction,-25,AbilityValues,game/scripts/npc/abilities/npc_lia_hero_troll_cutthroat.txt,283,3
abilities,troll_cutthroat_battle_trance,bonus_strength,"[20, 40, 60]",AbilityValues,game/scripts/npc/abilities/npc_lia_hero_troll_cutthroat.txt,284,3
abilities,troll_cutthroat_battle_trance,duration,"[9, 12, 15]",AbilityValues,game/scripts/npc/abilities/npc_lia_hero_troll_cutthroat.txt,285,3
abilities,valkyrie_rage,AbilityCastPoint,0.2,direct_field,game/scripts/npc/abilities/npc_lia_hero_valkyrie.txt,17,3
abilities,valkyrie_rage,AbilityCooldown,22.0,direct_field,game/scripts/npc/abilities/npc_lia_hero_valkyrie.txt,19,3
abilities,valkyrie_rage,AbilityDuration,"[8.0, 12.0, 16.0]",direct_field,game/scripts/npc/abilities/npc_lia_hero_valkyrie.txt,20,3
abilities,valkyrie_rage,AbilityCastRange,260,direct_field,game/scripts/npc/abilities/npc_lia_hero_valkyrie.txt,21,3
abilities,valkyrie_rage,AbilityManaCost,80,direct_field,game/scripts/npc/abilities/npc_lia_hero_valkyrie.txt,22,3
abilities,valkyrie_rage,damage,"[20, 40, 60]",AbilityValues,game/scripts/npc/abilities/npc_lia_hero_valkyrie.txt,33,3
abilities,valkyrie_rage,bonus_agility,"[15, 30, 45]",AbilityValues,game/scripts/npc/abilities/npc_lia_hero_valkyrie.txt,34,3
abilities,valkyrie_rage,radius,260,AbilityValues,game/scripts/npc/abilities/npc_lia_hero_valkyrie.txt,35,3
abilities,valkyrie_rage,duration,"[8, 12, 16]",AbilityValues,game/scripts/npc/abilities/npc_lia_hero_valkyrie.txt,36,3
abilities,valkyrie_rage1,AbilityCooldown,22.0,direct_field,game/scripts/npc/abilities/npc_lia_hero_valkyrie.txt,54,3
abilities,valkyrie_rage1,AbilityDuration,"[8.0, 12.0, 16.0]",direct_field,game/scripts/npc/abilities/npc_lia_hero_valkyrie.txt,55,3
abilities,valkyrie_rage1,AbilityCastRange,260,direct_field,game/scripts/npc/abilities/npc_lia_hero_valkyrie.txt,56,3
abilities,valkyrie_rage1,AbilityManaCost,80,direct_field,game/scripts/npc/abilities/npc_lia_hero_valkyrie.txt,57,3
abilities,valkyrie_rage1,bonus_damage,"[20, 40, 60]",AbilityValues,game/scripts/npc/abilities/npc_lia_hero_valkyrie.txt,68,3
abilities,valkyrie_rage1,bonus_agility,"[15, 30, 45]",AbilityValues,game/scripts/npc/abilities/npc_lia_hero_valkyrie.txt,69,3
abilities,valkyrie_rage1,radius,260,AbilityValues,game/scripts/npc/abilities/npc_lia_hero_valkyrie.txt,70,3
abilities,valkyrie_rage1,duration,"[8.0, 12.0, 16.0]",AbilityValues,game/scripts/npc/abilities/npc_lia_hero_valkyrie.txt,71,3
abilities,valkyrie_true_hit,main_target_percent,"[2, 4, 6]",AbilityValues,game/scripts/npc/abilities/npc_lia_hero_valkyrie.txt,174,3
abilities,valkyrie_true_hit,secondary_target_percent,2,AbilityValues,game/scripts/npc/abilities/npc_lia_hero_valkyrie.txt,175,3
abilities,valkyrie_true_hit,radius,275,AbilityValues,game/scripts/npc/abilities/npc_lia_hero_valkyrie.txt,176,3
abilities,valkyrie_agility,AbilityCastRange,700,direct_field,game/scripts/npc/abilities/npc_lia_hero_valkyrie.txt,225,3
abilities,valkyrie_agility,aura_radius,700,AbilityValues,game/scripts/npc/abilities/npc_lia_hero_valkyrie.txt,229,3
abilities,valkyrie_agility,bonus_attack_speed,"[15, 30, 45]",AbilityValues,game/scripts/npc/abilities/npc_lia_hero_valkyrie.txt,230,3
abilities,valkyrie_fury,AbilityCastRange,700,direct_field,game/scripts/npc/abilities/npc_lia_hero_valkyrie.txt,249,3
abilities,valkyrie_fury,AbilityCastPoint,0.0,direct_field,game/scripts/npc/abilities/npc_lia_hero_valkyrie.txt,250,3
abilities,valkyrie_fury,AbilityCooldown,"[35.0, 30.0, 25.0]",direct_field,game/scripts/npc/abilities/npc_lia_hero_valkyrie.txt,252,3
abilities,valkyrie_fury,AbilityManaCost,"[80, 90, 100]",direct_field,game/scripts/npc/abilities/npc_lia_hero_valkyrie.txt,254,3
abilities,valkyrie_fury,bonus_attack_speed,"[150, 200, 250]",AbilityValues,game/scripts/npc/abilities/npc_lia_hero_valkyrie.txt,263,3
abilities,valkyrie_fury,duration,10.0,AbilityValues,game/scripts/npc/abilities/npc_lia_hero_valkyrie.txt,264,3
abilities,vampire_life_drain,AbilityCastRange,375,direct_field,game/scripts/npc/abilities/npc_lia_hero_vampire.txt,30,3
abilities,vampire_life_drain,AbilityCastPoint,0.1,direct_field,game/scripts/npc/abilities/npc_lia_hero_vampire.txt,31,3
abilities,vampire_life_drain,AbilityCooldown,15,direct_field,game/scripts/npc/abilities/npc_lia_hero_vampire.txt,35,3
abilities,vampire_life_drain,AbilityManaCost,"[60, 70, 80]",direct_field,game/scripts/npc/abilities/npc_lia_hero_vampire.txt,39,3
abilities,vampire_life_drain,damage_per_second,"[5, 10, 15]",AbilityValues,game/scripts/npc/abilities/npc_lia_hero_vampire.txt,45,3
abilities,vampire_life_drain,damage_multiplier,2,AbilityValues,game/scripts/npc/abilities/npc_lia_hero_vampire.txt,46,3
abilities,vampire_life_drain,radius,375,AbilityValues,game/scripts/npc/abilities/npc_lia_hero_vampire.txt,47,3
abilities,vampire_life_drain,duration,"[6, 7, 8]",AbilityValues,game/scripts/npc/abilities/npc_lia_hero_vampire.txt,48,3
abilities,vampire_lifesteal,lifesteal_percentage,"[20, 25, 30]",AbilityValues,game/scripts/npc/abilities/npc_lia_hero_vampire.txt,121,3
abilities,vampire_lifesteal,thirst_points_max,"[10, 15, 20]",AbilityValues,game/scripts/npc/abilities/npc_lia_hero_vampire.txt,122,3
abilities,vampire_thirst,thirst_points_bonus,"[3, 5, 7]",AbilityValues,game/scripts/npc/abilities/npc_lia_hero_vampire.txt,142,3
abilities,vampire_thirst,attack_speed_bonus,"[20, 50, 80]",AbilityValues,game/scripts/npc/abilities/npc_lia_hero_vampire.txt,143,3
abilities,vampire_thirst,radius,500,AbilityValues,game/scripts/npc/abilities/npc_lia_hero_vampire.txt,144,3
abilities,vampire_thirst,activation_health_percent,30,AbilityValues,game/scripts/npc/abilities/npc_lia_hero_vampire.txt,145,3
abilities,vampire_transformation,AbilityCastPoint,0.0,direct_field,game/scripts/npc/abilities/npc_lia_hero_vampire.txt,206,3
abilities,vampire_transformation,AbilityCooldown,60,direct_field,game/scripts/npc/abilities/npc_lia_hero_vampire.txt,210,3
abilities,vampire_transformation,AbilityManaCost,"[100, 120, 140]",direct_field,game/scripts/npc/abilities/npc_lia_hero_vampire.txt,214,3
abilities,vampire_transformation,transformation_time,0.35,AbilityValues,game/scripts/npc/abilities/npc_lia_hero_vampire.txt,220,3
abilities,vampire_transformation,base_attack_time,1.6,AbilityValues,game/scripts/npc/abilities/npc_lia_hero_vampire.txt,221,3
abilities,vampire_transformation,bonus_movement_speed,50,AbilityValues,game/scripts/npc/abilities/npc_lia_hero_vampire.txt,222,3
abilities,vampire_transformation,bonus_range,250,AbilityValues,game/scripts/npc/abilities/npc_lia_hero_vampire.txt,223,3
abilities,vampire_transformation,tooltip_attack_range,350,AbilityValues,game/scripts/npc/abilities/npc_lia_hero_vampire.txt,224,3
abilities,vampire_transformation,tp_regen_mult,"[3, 4, 5]",AbilityValues,game/scripts/npc/abilities/npc_lia_hero_vampire.txt,225,3
abilities,vampire_transformation,tp_aoe_dmg_mult,"[10, 20, 30]",AbilityValues,game/scripts/npc/abilities/npc_lia_hero_vampire.txt,226,3
abilities,vampire_transformation,tp_transformation_dmg_mult,"[16, 32, 48]",AbilityValues,game/scripts/npc/abilities/npc_lia_hero_vampire.txt,227,3
abilities,vampire_transformation,tp_attack_heal_mult,"[6, 8, 10]",AbilityValues,game/scripts/npc/abilities/npc_lia_hero_vampire.txt,228,3
abilities,vampire_transformation,aoe_dmg_radius,150,AbilityValues,game/scripts/npc/abilities/npc_lia_hero_vampire.txt,229,3
abilities,vampire_transformation,bonus_health,"[100, 200, 300]",AbilityValues,game/scripts/npc/abilities/npc_lia_hero_vampire.txt,230,3
abilities,vampire_transformation,duration,20,AbilityValues,game/scripts/npc/abilities/npc_lia_hero_vampire.txt,231,3
abilities,vampire_transformation,init_dmg_aoe,300,AbilityValues,game/scripts/npc/abilities/npc_lia_hero_vampire.txt,232,3
abilities,vowen_from_blood_steal_blood,AbilityCastRange,800,direct_field,game/scripts/npc/abilities/npc_lia_hero_vowen_from_blood.txt,15,3
abilities,vowen_from_blood_steal_blood,AbilityCastPoint,0.3,direct_field,game/scripts/npc/abilities/npc_lia_hero_vowen_from_blood.txt,16,3
abilities,vowen_from_blood_steal_blood,AbilityCooldown,12.0,direct_field,game/scripts/npc/abilities/npc_lia_hero_vowen_from_blood.txt,17,3
abilities,vowen_from_blood_steal_blood,AbilityManaCost,"[100, 150, 200]",direct_field,game/scripts/npc/abilities/npc_lia_hero_vowen_from_blood.txt,18,3
abilities,vowen_from_blood_steal_blood,damage,"[75, 150, 300]",AbilityValues,game/scripts/npc/abilities/npc_lia_hero_vowen_from_blood.txt,34,3
abilities,vowen_from_blood_steal_blood,damage_scepter,"[150, 300, 600]",AbilityValues,game/scripts/npc/abilities/npc_lia_hero_vowen_from_blood.txt,35,3
abilities,vowen_from_blood_steal_blood,heal_per_target,45,AbilityValues,game/scripts/npc/abilities/npc_lia_hero_vowen_from_blood.txt,40,3
abilities,vowen_from_blood_steal_blood,bounces,"[5, 7, 9]",AbilityValues,game/scripts/npc/abilities/npc_lia_hero_vowen_from_blood.txt,41,3
abilities,vowen_from_blood_steal_blood,bounces_scepter,"[6, 8, 10]",AbilityValues,game/scripts/npc/abilities/npc_lia_hero_vowen_from_blood.txt,42,3
abilities,vowen_from_blood_steal_blood,bounce_range,800,AbilityValues,game/scripts/npc/abilities/npc_lia_hero_vowen_from_blood.txt,47,3
abilities,vowen_from_blood_steal_blood,manacost_scepter,"[200, 250, 300]",AbilityValues,game/scripts/npc/abilities/npc_lia_hero_vowen_from_blood.txt,48,3
abilities,vowen_from_blood_steal_blood,projectile_speed,800,AbilityValues,game/scripts/npc/abilities/npc_lia_hero_vowen_from_blood.txt,53,3
abilities,vowen_from_blood_spiritual_flame,AbilityCastRange,700,direct_field,game/scripts/npc/abilities/npc_lia_hero_vowen_from_blood.txt,75,3
abilities,vowen_from_blood_spiritual_flame,AbilityCastPoint,0.3,direct_field,game/scripts/npc/abilities/npc_lia_hero_vowen_from_blood.txt,76,3
abilities,vowen_from_blood_spiritual_flame,AbilityCooldown,"[15.0, 12.5, 10.0]",direct_field,game/scripts/npc/abilities/npc_lia_hero_vowen_from_blood.txt,78,3
abilities,vowen_from_blood_spiritual_flame,AbilityManaCost,"[100, 150, 200]",direct_field,game/scripts/npc/abilities/npc_lia_hero_vowen_from_blood.txt,80,3
abilities,vowen_from_blood_spiritual_flame,bonus_damage_percentage,"[25, 50, 75]",AbilityValues,game/scripts/npc/abilities/npc_lia_hero_vowen_from_blood.txt,89,3
abilities,vowen_from_blood_spiritual_flame,bonus_damage_percentage_scepter,"[50, 75, 100]",AbilityValues,game/scripts/npc/abilities/npc_lia_hero_vowen_from_blood.txt,90,3
abilities,vowen_from_blood_spiritual_flame,bonus_health_regen,"[10, 20, 30]",AbilityValues,game/scripts/npc/abilities/npc_lia_hero_vowen_from_blood.txt,95,3
abilities,vowen_from_blood_spiritual_flame,bonus_health_regen_scepter,"[20, 40, 60]",AbilityValues,game/scripts/npc/abilities/npc_lia_hero_vowen_from_blood.txt,96,3
abilities,vowen_from_blood_spiritual_flame,duration,20,AbilityValues,game/scripts/npc/abilities/npc_lia_hero_vowen_from_blood.txt,101,3
abilities,vowen_from_blood_spiritual_flame,manacost_scepter,"[200, 250, 300]",AbilityValues,game/scripts/npc/abilities/npc_lia_hero_vowen_from_blood.txt,102,3
abilities,vowen_from_blood_soul_burn,AbilityCastRange,700,direct_field,game/scripts/npc/abilities/npc_lia_hero_vowen_from_blood.txt,128,3
abilities,vowen_from_blood_soul_burn,AbilityCastPoint,0.0,direct_field,game/scripts/npc/abilities/npc_lia_hero_vowen_from_blood.txt,129,3
abilities,vowen_from_blood_soul_burn,AbilityCooldown,15.0,direct_field,game/scripts/npc/abilities/npc_lia_hero_vowen_from_blood.txt,131,3
abilities,vowen_from_blood_soul_burn,AbilityManaCost,"[80, 120, 160]",direct_field,game/scripts/npc/abilities/npc_lia_hero_vowen_from_blood.txt,133,3
abilities,vowen_from_blood_soul_burn,damage,"[10, 20, 40]",AbilityValues,game/scripts/npc/abilities/npc_lia_hero_vowen_from_blood.txt,141,3
abilities,vowen_from_blood_soul_burn,damage_penalty_percentage,"[-20, -30, -40]",AbilityValues,game/scripts/npc/abilities/npc_lia_hero_vowen_from_blood.txt,142,3
abilities,vowen_from_blood_soul_burn,bonus_attack_speed,400,AbilityValues,game/scripts/npc/abilities/npc_lia_hero_vowen_from_blood.txt,143,3
abilities,vowen_from_blood_soul_burn,buff_duration,"[2, 3, 4]",AbilityValues,game/scripts/npc/abilities/npc_lia_hero_vowen_from_blood.txt,144,3
abilities,vowen_from_blood_soul_burn,duration_hero,4,AbilityValues,game/scripts/npc/abilities/npc_lia_hero_vowen_from_blood.txt,145,3
abilities,vowen_from_blood_soul_burn,duration_creep,10,AbilityValues,game/scripts/npc/abilities/npc_lia_hero_vowen_from_blood.txt,146,3
abilities,vowen_from_blood_chaos,AbilityCastRange,1750,direct_field,game/scripts/npc/abilities/npc_lia_hero_vowen_from_blood.txt,233,3
abilities,vowen_from_blood_chaos,AbilityCastPoint,0.0,direct_field,game/scripts/npc/abilities/npc_lia_hero_vowen_from_blood.txt,234,3
abilities,vowen_from_blood_chaos,AbilityCooldown,140.0,direct_field,game/scripts/npc/abilities/npc_lia_hero_vowen_from_blood.txt,236,3
abilities,vowen_from_blood_chaos,AbilityManaCost,"[250, 300, 350]",direct_field,game/scripts/npc/abilities/npc_lia_hero_vowen_from_blood.txt,238,3
abilities,vowen_from_blood_chaos,damage,"[300, 600, 900]",AbilityValues,game/scripts/npc/abilities/npc_lia_hero_vowen_from_blood.txt,244,3
abilities,vowen_from_blood_chaos,damage_penalty_percentage,"[-60, -70, -80]",AbilityValues,game/scripts/npc/abilities/npc_lia_hero_vowen_from_blood.txt,245,3
abilities,vowen_from_blood_chaos,duration,10,AbilityValues,game/scripts/npc/abilities/npc_lia_hero_vowen_from_blood.txt,246,3
abilities,vowen_from_blood_chaos,radius,475,AbilityValues,game/scripts/npc/abilities/npc_lia_hero_vowen_from_blood.txt,247,3
abilities,walking_dead_decay,AbilityCastRange,275,direct_field,game/scripts/npc/abilities/npc_lia_hero_walking_dead.txt,19,3
abilities,walking_dead_decay,AbilityCastPoint,0.3,direct_field,game/scripts/npc/abilities/npc_lia_hero_walking_dead.txt,21,3
abilities,walking_dead_decay,AbilityCooldown,"[28, 24, 20]",direct_field,game/scripts/npc/abilities/npc_lia_hero_walking_dead.txt,23,3
abilities,walking_dead_decay,AbilityManaCost,0,direct_field,game/scripts/npc/abilities/npc_lia_hero_walking_dead.txt,25,3
abilities,walking_dead_decay,damage_per_second,"[15, 25, 35]",AbilityValues,game/scripts/npc/abilities/npc_lia_hero_walking_dead.txt,36,3
abilities,walking_dead_decay,movespeed_slow_percentage,"[20, 30, 40]",AbilityValues,game/scripts/npc/abilities/npc_lia_hero_walking_dead.txt,37,3
abilities,walking_dead_decay,decay_duration,9,AbilityValues,game/scripts/npc/abilities/npc_lia_hero_walking_dead.txt,38,3
abilities,walking_dead_decay,active_regeneration_reduction_percentage,-100,AbilityValues,game/scripts/npc/abilities/npc_lia_hero_walking_dead.txt,39,3
abilities,walking_dead_decay,health_regeneration,"[30, 50, 70]",AbilityValues,game/scripts/npc/abilities/npc_lia_hero_walking_dead.txt,40,3
abilities,walking_dead_decay,regeneration_duration,6,AbilityValues,game/scripts/npc/abilities/npc_lia_hero_walking_dead.txt,41,3
abilities,walking_dead_decay,radius,275,AbilityValues,game/scripts/npc/abilities/npc_lia_hero_walking_dead.txt,42,3
abilities,walking_dead_decay,tick_interval,0.25,AbilityValues,game/scripts/npc/abilities/npc_lia_hero_walking_dead.txt,43,3
abilities,walking_dead_rot_curse,AbilityCastRange,700,direct_field,game/scripts/npc/abilities/npc_lia_hero_walking_dead.txt,63,3
abilities,walking_dead_rot_curse,AbilityCastPoint,0.3,direct_field,game/scripts/npc/abilities/npc_lia_hero_walking_dead.txt,64,3
abilities,walking_dead_rot_curse,AbilityCooldown,"[23, 18, 13]",direct_field,game/scripts/npc/abilities/npc_lia_hero_walking_dead.txt,66,3
abilities,walking_dead_rot_curse,AbilityManaCost,"[60, 80, 100]",direct_field,game/scripts/npc/abilities/npc_lia_hero_walking_dead.txt,68,3
abilities,walking_dead_rot_curse,health_steal_per_second,"[40, 60, 80]",AbilityValues,game/scripts/npc/abilities/npc_lia_hero_walking_dead.txt,80,3
abilities,walking_dead_rot_curse,damage_per_second,"[20, 40, 60]",AbilityValues,game/scripts/npc/abilities/npc_lia_hero_walking_dead.txt,81,3
abilities,walking_dead_rot_curse,radius,200,AbilityValues,game/scripts/npc/abilities/npc_lia_hero_walking_dead.txt,82,3
abilities,walking_dead_rot_curse,duration,5,AbilityValues,game/scripts/npc/abilities/npc_lia_hero_walking_dead.txt,83,3
abilities,walking_dead_rot_curse,stun_duration,2,AbilityValues,game/scripts/npc/abilities/npc_lia_hero_walking_dead.txt,84,3
abilities,walking_dead_rot_curse,tick_interval,1,AbilityValues,game/scripts/npc/abilities/npc_lia_hero_walking_dead.txt,85,3
abilities,walking_dead_rot_curse,break_distance,800,AbilityValues,game/scripts/npc/abilities/npc_lia_hero_walking_dead.txt,86,3
abilities,walking_dead_vitality,incoming_damage_reduction,"[-10, -15, -20]",AbilityValues,game/scripts/npc/abilities/npc_lia_hero_walking_dead.txt,110,3
abilities,walking_dead_vitality,health_regen_per_charge,"[2, 4, 6]",AbilityValues,game/scripts/npc/abilities/npc_lia_hero_walking_dead.txt,111,3
abilities,walking_dead_vitality,charge_duration,5,AbilityValues,game/scripts/npc/abilities/npc_lia_hero_walking_dead.txt,112,3
abilities,walking_dead_cemetery_power,AbilityCastPoint,0.8,direct_field,game/scripts/npc/abilities/npc_lia_hero_walking_dead.txt,130,3
abilities,walking_dead_cemetery_power,AbilityCooldown,120,direct_field,game/scripts/npc/abilities/npc_lia_hero_walking_dead.txt,133,3
abilities,walking_dead_cemetery_power,AbilityManaCost,"[75, 100, 125]",direct_field,game/scripts/npc/abilities/npc_lia_hero_walking_dead.txt,134,3
abilities,walking_dead_cemetery_power,bonus_base_strength,"[30, 40, 50]",AbilityValues,game/scripts/npc/abilities/npc_lia_hero_walking_dead.txt,145,3
abilities,walking_dead_cemetery_power,heal_to_damage_percentage,"[40, 50, 60]",AbilityValues,game/scripts/npc/abilities/npc_lia_hero_walking_dead.txt,146,3
abilities,walking_dead_cemetery_power,radius,350,AbilityValues,game/scripts/npc/abilities/npc_lia_hero_walking_dead.txt,147,3
abilities,walking_dead_cemetery_power,duration,10,AbilityValues,game/scripts/npc/abilities/npc_lia_hero_walking_dead.txt,148,3
abilities,wanderer_spirit_of_the_plains,AbilityCastPoint,"[0.0, 0.0, 0.0, 0.0]",direct_field,game/scripts/npc/abilities/npc_lia_hero_wanderer.txt,66,3
abilities,wanderer_spirit_of_the_plains,AbilityCooldown,35,direct_field,game/scripts/npc/abilities/npc_lia_hero_wanderer.txt,68,3
abilities,wanderer_spirit_of_the_plains,AbilityManaCost,"[100, 150, 200]",direct_field,game/scripts/npc/abilities/npc_lia_hero_wanderer.txt,70,3
abilities,wanderer_spirit_of_the_plains,spirit_health,"[500, 800, 1100]",AbilityValues,game/scripts/npc/abilities/npc_lia_hero_wanderer.txt,74,3
abilities,wanderer_spirit_of_the_plains,spirit_damage,"[25, 45, 100]",AbilityValues,game/scripts/npc/abilities/npc_lia_hero_wanderer.txt,75,3
abilities,wanderer_spirit_of_the_plains,duration,"[20, 25, 30]",AbilityValues,game/scripts/npc/abilities/npc_lia_hero_wanderer.txt,76,3
abilities,wanderer_the_flow_of_life,AbilityCastRange,700,direct_field,game/scripts/npc/abilities/npc_lia_hero_wanderer.txt,113,3
abilities,wanderer_the_flow_of_life,AbilityCastPoint,0,direct_field,game/scripts/npc/abilities/npc_lia_hero_wanderer.txt,114,3
abilities,wanderer_the_flow_of_life,AbilityCooldown,10,direct_field,game/scripts/npc/abilities/npc_lia_hero_wanderer.txt,115,3
abilities,wanderer_the_flow_of_life,AbilityManaCost,"[100, 150, 200]",direct_field,game/scripts/npc/abilities/npc_lia_hero_wanderer.txt,116,3
abilities,wanderer_the_flow_of_life,bonus_health_regen,"[20, 40, 80]",AbilityValues,game/scripts/npc/abilities/npc_lia_hero_wanderer.txt,120,3
abilities,wanderer_the_flow_of_life,bonus_health_regen_scepter,"[40, 80, 160]",AbilityValues,game/scripts/npc/abilities/npc_lia_hero_wanderer.txt,121,3
abilities,wanderer_the_flow_of_life,bonus_mana_regen,"[20, 30, 40]",AbilityValues,game/scripts/npc/abilities/npc_lia_hero_wanderer.txt,126,3
abilities,wanderer_the_flow_of_life,bonus_mana_regen_scepter,"[40, 60, 80]",AbilityValues,game/scripts/npc/abilities/npc_lia_hero_wanderer.txt,127,3
abilities,wanderer_the_flow_of_life,duration,5,AbilityValues,game/scripts/npc/abilities/npc_lia_hero_wanderer.txt,132,3
abilities,wanderer_the_flow_of_life,cooldown_scepter,7,AbilityValues,game/scripts/npc/abilities/npc_lia_hero_wanderer.txt,133,3
abilities,wanderer_arcane_aura,AbilityCastRange,800,direct_field,game/scripts/npc/abilities/npc_lia_hero_wanderer.txt,163,3
abilities,wanderer_arcane_aura,regen_mana_constant,"[2, 4, 0]",AbilityValues,game/scripts/npc/abilities/npc_lia_hero_wanderer.txt,172,3
abilities,wanderer_arcane_aura,regen_mana_percent,"[0, 0, 1]",AbilityValues,game/scripts/npc/abilities/npc_lia_hero_wanderer.txt,173,3
abilities,wanderer_arcane_aura,damage,"[100, 200, 300]",AbilityValues,game/scripts/npc/abilities/npc_lia_hero_wanderer.txt,174,3
abilities,wanderer_arcane_aura,movement_slow_percentage,-50,AbilityValues,game/scripts/npc/abilities/npc_lia_hero_wanderer.txt,175,3
abilities,wanderer_arcane_aura,slow_duration,4,AbilityValues,game/scripts/npc/abilities/npc_lia_hero_wanderer.txt,176,3
abilities,wanderer_arcane_aura,enemy_effect_radius,550,AbilityValues,game/scripts/npc/abilities/npc_lia_hero_wanderer.txt,177,3
abilities,wanderer_arcane_aura,aura_radius,800,AbilityValues,game/scripts/npc/abilities/npc_lia_hero_wanderer.txt,178,3
abilities,wanderer_ghosts,AbilityCooldown,160,direct_field,game/scripts/npc/abilities/npc_lia_hero_wanderer.txt,197,3
abilities,wanderer_ghosts,AbilityManaCost,"[350, 450, 550]",direct_field,game/scripts/npc/abilities/npc_lia_hero_wanderer.txt,198,3
abilities,wanderer_ghosts,AbilityCastPoint,0.3,direct_field,game/scripts/npc/abilities/npc_lia_hero_wanderer.txt,199,3
abilities,wanderer_ghosts,AbilityCastRange,300,direct_field,game/scripts/npc/abilities/npc_lia_hero_wanderer.txt,200,3
abilities,wanderer_ghosts,ghost_health,"[1000, 1500, 2000]",AbilityValues,game/scripts/npc/abilities/npc_lia_hero_wanderer.txt,204,3
abilities,wanderer_ghosts,ghost_health_scepter,"[1500, 2000, 2500]",AbilityValues,game/scripts/npc/abilities/npc_lia_hero_wanderer.txt,205,3
abilities,wanderer_ghosts,ghost_damage,"[135, 185, 255]",AbilityValues,game/scripts/npc/abilities/npc_lia_hero_wanderer.txt,210,3
abilities,wanderer_ghosts,ghost_damage_scepter,"[185, 255, 325]",AbilityValues,game/scripts/npc/abilities/npc_lia_hero_wanderer.txt,211,3
abilities,wanderer_ghosts,duration,120,AbilityValues,game/scripts/npc/abilities/npc_lia_hero_wanderer.txt,216,3
abilities,wanderer_ghosts,manacost_scepter,"[600, 700, 800]",AbilityValues,game/scripts/npc/abilities/npc_lia_hero_wanderer.txt,217,3
abilities,wanderer_ghosts,ghosts_count,2,AbilityValues,game/scripts/npc/abilities/npc_lia_hero_wanderer.txt,222,3
abilities,warlock_storm,AbilityCastPoint,0.3,direct_field,game/scripts/npc/abilities/npc_lia_hero_warlock.txt,15,3
abilities,warlock_storm,AbilityCooldown,6,direct_field,game/scripts/npc/abilities/npc_lia_hero_warlock.txt,16,3
abilities,warlock_storm,AbilityManaCost,"[75, 100, 125]",direct_field,game/scripts/npc/abilities/npc_lia_hero_warlock.txt,17,3
abilities,warlock_storm,AbilityCastRange,700,direct_field,game/scripts/npc/abilities/npc_lia_hero_warlock.txt,18,3
abilities,warlock_storm,damage,"[50, 100, 150]",AbilityValues,game/scripts/npc/abilities/npc_lia_hero_warlock.txt,35,3
abilities,warlock_storm,damage_scepter,"[150, 200, 250]",AbilityValues,game/scripts/npc/abilities/npc_lia_hero_warlock.txt,36,3
abilities,warlock_storm,radius,250,AbilityValues,game/scripts/npc/abilities/npc_lia_hero_warlock.txt,41,3
abilities,warlock_storm,manacost_scepter,"[100, 125, 150]",AbilityValues,game/scripts/npc/abilities/npc_lia_hero_warlock.txt,42,3
abilities,warlock_sacrifice,AbilityCastPoint,0.3,direct_field,game/scripts/npc/abilities/npc_lia_hero_warlock.txt,62,3
abilities,warlock_sacrifice,AbilityCooldown,60,direct_field,game/scripts/npc/abilities/npc_lia_hero_warlock.txt,63,3
abilities,warlock_sacrifice,AbilityChannelTime,2,direct_field,game/scripts/npc/abilities/npc_lia_hero_warlock.txt,64,3
abilities,warlock_sacrifice,radius,9999,AbilityValues,game/scripts/npc/abilities/npc_lia_hero_warlock.txt,140,3
abilities,warlock_sacrifice,tick_interval,0.05,AbilityValues,game/scripts/npc/abilities/npc_lia_hero_warlock.txt,141,3
abilities,warlock_sacrifice,duration_invulnerable,"[3.0, 6.0, 9.0]",AbilityValues,game/scripts/npc/abilities/npc_lia_hero_warlock.txt,142,3
abilities,warlock_sacrifice,barrier_reduction,2.7,AbilityValues,game/scripts/npc/abilities/npc_lia_hero_warlock.txt,143,3
abilities,warlock_sacrifice,change_per_teak,2.5,AbilityValues,game/scripts/npc/abilities/npc_lia_hero_warlock.txt,144,3
abilities,warlock_magic_splash,AbilityCastRange,"[400, 450, 500]",direct_field,game/scripts/npc/abilities/npc_lia_hero_warlock.txt,156,3
abilities,warlock_magic_splash,damage,"[60, 120, 180]",AbilityValues,game/scripts/npc/abilities/npc_lia_hero_warlock.txt,165,3
abilities,warlock_magic_splash,radius,"[400, 450, 500]",AbilityValues,game/scripts/npc/abilities/npc_lia_hero_warlock.txt,166,3
abilities,warlock_firestorm,AbilityCastRange,700,direct_field,game/scripts/npc/abilities/npc_lia_hero_warlock.txt,206,3
abilities,warlock_firestorm,AbilityCastPoint,0.4,direct_field,game/scripts/npc/abilities/npc_lia_hero_warlock.txt,207,3
abilities,warlock_firestorm,AbilityCooldown,150.0,direct_field,game/scripts/npc/abilities/npc_lia_hero_warlock.txt,208,3
abilities,warlock_firestorm,AbilityManaCost,"[250, 300, 350]",direct_field,game/scripts/npc/abilities/npc_lia_hero_warlock.txt,209,3
abilities,warlock_firestorm,AbilityChannelTime,6.1,direct_field,game/scripts/npc/abilities/npc_lia_hero_warlock.txt,212,3
abilities,warlock_firestorm,wave_damage,"[90, 120, 150]",AbilityValues,game/scripts/npc/abilities/npc_lia_hero_warlock.txt,228,3
abilities,warlock_firestorm,wave_damage_scepter,"[180, 210, 240]",AbilityValues,game/scripts/npc/abilities/npc_lia_hero_warlock.txt,229,3
abilities,warlock_firestorm,burn_damage,"[20, 40, 60]",AbilityValues,game/scripts/npc/abilities/npc_lia_hero_warlock.txt,234,3
abilities,warlock_firestorm,burn_damage_scepter,"[40, 60, 80]",AbilityValues,game/scripts/npc/abilities/npc_lia_hero_warlock.txt,235,3
abilities,warlock_firestorm,burn_interval,1.0,AbilityValues,game/scripts/npc/abilities/npc_lia_hero_warlock.txt,240,3
abilities,warlock_firestorm,wave_interval,1.0,AbilityValues,game/scripts/npc/abilities/npc_lia_hero_warlock.txt,241,3
abilities,warlock_firestorm,burn_duration,10,AbilityValues,game/scripts/npc/abilities/npc_lia_hero_warlock.txt,242,3
abilities,warlock_firestorm,wave_count,6,AbilityValues,game/scripts/npc/abilities/npc_lia_hero_warlock.txt,243,3
abilities,warlock_firestorm,channel_time,6.1,AbilityValues,game/scripts/npc/abilities/npc_lia_hero_warlock.txt,244,3
abilities,warlock_firestorm,radius,"[280, 290, 300]",AbilityValues,game/scripts/npc/abilities/npc_lia_hero_warlock.txt,245,3
abilities,warlock_firestorm,radius_scepter,325,AbilityValues,game/scripts/npc/abilities/npc_lia_hero_warlock.txt,246,3
abilities,warlock_firestorm,manacost_scepter,"[350, 400, 450]",AbilityValues,game/scripts/npc/abilities/npc_lia_hero_warlock.txt,251,3
abilities,warrior_of_light_fetters,AbilityCastRange,700,direct_field,game/scripts/npc/abilities/npc_lia_hero_warrior_of_light.txt,24,3
abilities,warrior_of_light_fetters,AbilityCastPoint,0.0,direct_field,game/scripts/npc/abilities/npc_lia_hero_warrior_of_light.txt,25,3
abilities,warrior_of_light_fetters,AbilityCooldown,"[22.0, 20.0, 18.0]",direct_field,game/scripts/npc/abilities/npc_lia_hero_warrior_of_light.txt,27,3
abilities,warrior_of_light_fetters,AbilityManaCost,"[80, 110, 140]",direct_field,game/scripts/npc/abilities/npc_lia_hero_warrior_of_light.txt,29,3
abilities,warrior_of_light_fetters,penalty_ms,"[-20, -30, -40]",AbilityValues,game/scripts/npc/abilities/npc_lia_hero_warrior_of_light.txt,35,3
abilities,warrior_of_light_fetters,damage_for_attack,"[30, 60, 120]",AbilityValues,game/scripts/npc/abilities/npc_lia_hero_warrior_of_light.txt,36,3
abilities,warrior_of_light_fetters,duration,9.0,AbilityValues,game/scripts/npc/abilities/npc_lia_hero_warrior_of_light.txt,37,3
abilities,warrior_of_light_fetters,radius,300,AbilityValues,game/scripts/npc/abilities/npc_lia_hero_warrior_of_light.txt,38,3
abilities,warrior_of_light_will_light,AbilityCastRange,500,direct_field,game/scripts/npc/abilities/npc_lia_hero_warrior_of_light.txt,103,3
abilities,warrior_of_light_will_light,absord_proc,"[0.1, 0.2, 0.3]",AbilityValues,game/scripts/npc/abilities/npc_lia_hero_warrior_of_light.txt,107,3
abilities,warrior_of_light_will_light,AuraRadius,500,AbilityValues,game/scripts/npc/abilities/npc_lia_hero_warrior_of_light.txt,108,3
abilities,warrior_of_light_will_light,absord_proc_tooltip,"[10, 20, 30]",AbilityValues,game/scripts/npc/abilities/npc_lia_hero_warrior_of_light.txt,109,3
abilities,warrior_of_light_holy_power,block_chance,"[15, 20, 25]",AbilityValues,game/scripts/npc/abilities/npc_lia_hero_warrior_of_light.txt,127,3
abilities,warrior_of_light_divine_protection,AbilityCooldown,120,direct_field,game/scripts/npc/abilities/npc_lia_hero_warrior_of_light.txt,144,3
abilities,warrior_of_light_divine_protection,AbilityCastPoint,0.15,direct_field,game/scripts/npc/abilities/npc_lia_hero_warrior_of_light.txt,146,3
abilities,warrior_of_light_divine_protection,AbilityCastRange,1000,direct_field,game/scripts/npc/abilities/npc_lia_hero_warrior_of_light.txt,147,3
abilities,warrior_of_light_divine_protection,AbilityManaCost,"[150, 200, 250]",direct_field,game/scripts/npc/abilities/npc_lia_hero_warrior_of_light.txt,149,3
abilities,warrior_of_light_divine_protection,armor,1000,AbilityValues,game/scripts/npc/abilities/npc_lia_hero_warrior_of_light.txt,162,3
abilities,warrior_of_light_divine_protection,attack_damage_proc,0,AbilityValues,game/scripts/npc/abilities/npc_lia_hero_warrior_of_light.txt,163,3
abilities,warrior_of_light_divine_protection,duration,"[8, 10, 12]",AbilityValues,game/scripts/npc/abilities/npc_lia_hero_warrior_of_light.txt,164,3
abilities,warrior_of_light_divine_protection,radius,1000,AbilityValues,game/scripts/npc/abilities/npc_lia_hero_warrior_of_light.txt,165,3
abilities,witch_doctor_negative_energy,AbilityCastRange,650,direct_field,game/scripts/npc/abilities/npc_lia_hero_witch_doctor.txt,19,3
abilities,witch_doctor_negative_energy,AbilityCastPoint,0.3,direct_field,game/scripts/npc/abilities/npc_lia_hero_witch_doctor.txt,20,3
abilities,witch_doctor_negative_energy,AbilityCooldown,"[11, 10, 9]",direct_field,game/scripts/npc/abilities/npc_lia_hero_witch_doctor.txt,21,3
abilities,witch_doctor_negative_energy,AbilityManaCost,"[100, 175, 250]",direct_field,game/scripts/npc/abilities/npc_lia_hero_witch_doctor.txt,22,3
abilities,witch_doctor_negative_energy,damage,"[100, 200, 300]",AbilityValues,game/scripts/npc/abilities/npc_lia_hero_witch_doctor.txt,33,3
abilities,witch_doctor_negative_energy,damage_scepter,"[300, 400, 500]",AbilityValues,game/scripts/npc/abilities/npc_lia_hero_witch_doctor.txt,34,3
abilities,witch_doctor_negative_energy,projectile_distance,650,AbilityValues,game/scripts/npc/abilities/npc_lia_hero_witch_doctor.txt,39,3
abilities,witch_doctor_negative_energy,start_width,80,AbilityValues,game/scripts/npc/abilities/npc_lia_hero_witch_doctor.txt,40,3
abilities,witch_doctor_negative_energy,end_width,200,AbilityValues,game/scripts/npc/abilities/npc_lia_hero_witch_doctor.txt,41,3
abilities,witch_doctor_negative_energy,speed,1100,AbilityValues,game/scripts/npc/abilities/npc_lia_hero_witch_doctor.txt,42,3
abilities,witch_doctor_frost_armor,AbilityCastRange,800,direct_field,game/scripts/npc/abilities/npc_lia_hero_witch_doctor.txt,62,3
abilities,witch_doctor_frost_armor,AbilityCastPoint,0.4,direct_field,game/scripts/npc/abilities/npc_lia_hero_witch_doctor.txt,63,3
abilities,witch_doctor_frost_armor,AbilityCooldown,6.0,direct_field,game/scripts/npc/abilities/npc_lia_hero_witch_doctor.txt,64,3
abilities,witch_doctor_frost_armor,AbilityManaCost,"[100, 125, 150]",direct_field,game/scripts/npc/abilities/npc_lia_hero_witch_doctor.txt,66,3
abilities,witch_doctor_frost_armor,armor_bonus,"[5, 10, 15]",AbilityValues,game/scripts/npc/abilities/npc_lia_hero_witch_doctor.txt,80,3
abilities,witch_doctor_frost_armor,armor_bonus_scepter,"[20, 25, 30]",AbilityValues,game/scripts/npc/abilities/npc_lia_hero_witch_doctor.txt,81,3
abilities,witch_doctor_frost_armor,duration,"[10, 15, 20]",AbilityValues,game/scripts/npc/abilities/npc_lia_hero_witch_doctor.txt,86,3
abilities,witch_doctor_frost_armor,duration_scepter,30,AbilityValues,game/scripts/npc/abilities/npc_lia_hero_witch_doctor.txt,87,3
abilities,witch_doctor_frost_armor,movement_slow_percent,-40,AbilityValues,game/scripts/npc/abilities/npc_lia_hero_witch_doctor.txt,92,3
abilities,witch_doctor_frost_armor,attack_slow,-25,AbilityValues,game/scripts/npc/abilities/npc_lia_hero_witch_doctor.txt,93,3
abilities,witch_doctor_frost_armor,slow_duration,5.0,AbilityValues,game/scripts/npc/abilities/npc_lia_hero_witch_doctor.txt,94,3
abilities,witch_doctor_frost_armor,manacost_scepter,"[150, 175, 200]",AbilityValues,game/scripts/npc/abilities/npc_lia_hero_witch_doctor.txt,95,3
abilities,witch_doctor_discharge,AbilityCastRange,300,direct_field,game/scripts/npc/abilities/npc_lia_hero_witch_doctor.txt,129,3
abilities,witch_doctor_discharge,AbilityCastPoint,0.3,direct_field,game/scripts/npc/abilities/npc_lia_hero_witch_doctor.txt,130,3
abilities,witch_doctor_discharge,AbilityCooldown,"[16, 15, 14]",direct_field,game/scripts/npc/abilities/npc_lia_hero_witch_doctor.txt,134,3
abilities,witch_doctor_discharge,AbilityManaCost,"[80, 120, 160]",direct_field,game/scripts/npc/abilities/npc_lia_hero_witch_doctor.txt,138,3
abilities,witch_doctor_discharge,damage,"[90, 180, 270]",AbilityValues,game/scripts/npc/abilities/npc_lia_hero_witch_doctor.txt,144,3
abilities,witch_doctor_discharge,heal,"[150, 300, 450]",AbilityValues,game/scripts/npc/abilities/npc_lia_hero_witch_doctor.txt,145,3
abilities,witch_doctor_discharge,radius,300,AbilityValues,game/scripts/npc/abilities/npc_lia_hero_witch_doctor.txt,146,3
abilities,witch_doctor_discharge,distance,320,AbilityValues,game/scripts/npc/abilities/npc_lia_hero_witch_doctor.txt,147,3
abilities,witch_doctor_discharge,speed,300,AbilityValues,game/scripts/npc/abilities/npc_lia_hero_witch_doctor.txt,148,3
abilities,witch_doctor_discharge,air_time,1.2,AbilityValues,game/scripts/npc/abilities/npc_lia_hero_witch_doctor.txt,149,3
abilities,witch_doctor_regeneration,AbilityCooldown,"[120, 90, 60]",direct_field,game/scripts/npc/abilities/npc_lia_hero_witch_doctor.txt,199,3
abilities,witch_doctor_regeneration,AbilityManacost,"[200, 250, 300]",direct_field,game/scripts/npc/abilities/npc_lia_hero_witch_doctor.txt,200,3
abilities,witch_doctor_regeneration,AbilityCastPoint,0.1,direct_field,game/scripts/npc/abilities/npc_lia_hero_witch_doctor.txt,201,3
abilities,troll_defender_armor_aura,radius,7000,AbilityValues,game/scripts/npc/abilities/purchasable_units_skills.txt,35,
abilities,troll_defender_armor_aura,bonus_armor,30,AbilityValues,game/scripts/npc/abilities/purchasable_units_skills.txt,36,
abilities,doom_spawn_cripple,AbilityCooldown,10,direct_field,game/scripts/npc/abilities/purchasable_units_skills.txt,75,
abilities,doom_spawn_cripple,AbilityCastRange,600,direct_field,game/scripts/npc/abilities/purchasable_units_skills.txt,76,
abilities,doom_spawn_cripple,AbilityCastPoint,0.0,direct_field,game/scripts/npc/abilities/purchasable_units_skills.txt,77,
abilities,doom_spawn_cripple,AbilityManaCost,175,direct_field,game/scripts/npc/abilities/purchasable_units_skills.txt,78,
abilities,doom_spawn_cripple,cripple_damage_decrease_pct,-40,AbilityValues,game/scripts/npc/abilities/purchasable_units_skills.txt,84,
abilities,doom_spawn_cripple,cripple_attack_slow,-40,AbilityValues,game/scripts/npc/abilities/purchasable_units_skills.txt,85,
abilities,doom_spawn_cripple,cripple_movespeed_slow_pct,-60,AbilityValues,game/scripts/npc/abilities/purchasable_units_skills.txt,86,
abilities,doom_spawn_cripple,duration,10,AbilityValues,game/scripts/npc/abilities/purchasable_units_skills.txt,87,
abilities,doom_spawn_stomp,AbilityCastPoint,0.0,direct_field,game/scripts/npc/abilities/purchasable_units_skills.txt,136,
abilities,doom_spawn_stomp,AbilityCooldown,7.0,direct_field,game/scripts/npc/abilities/purchasable_units_skills.txt,137,
abilities,doom_spawn_stomp,AbilityManaCost,100,direct_field,game/scripts/npc/abilities/purchasable_units_skills.txt,138,
abilities,doom_spawn_stomp,radius,250,AbilityValues,game/scripts/npc/abilities/purchasable_units_skills.txt,144,
abilities,doom_spawn_stomp,stun_duration,3.0,AbilityValues,game/scripts/npc/abilities/purchasable_units_skills.txt,145,
abilities,doom_spawn_stomp,stomp_damage,100,AbilityValues,game/scripts/npc/abilities/purchasable_units_skills.txt,146,
abilities,hell_beast_bloodlust,AbilityCastRange,600,direct_field,game/scripts/npc/abilities/purchasable_units_skills.txt,231,
abilities,hell_beast_bloodlust,AbilityCastPoint,0.0,direct_field,game/scripts/npc/abilities/purchasable_units_skills.txt,232,
abilities,hell_beast_bloodlust,AbilityCooldown,9.0,direct_field,game/scripts/npc/abilities/purchasable_units_skills.txt,234,
abilities,hell_beast_bloodlust,AbilityManaCost,80,direct_field,game/scripts/npc/abilities/purchasable_units_skills.txt,236,
abilities,hell_beast_bloodlust,bonus_attack_speed,50,AbilityValues,game/scripts/npc/abilities/purchasable_units_skills.txt,246,
abilities,hell_beast_bloodlust,bonus_movement_speed,10,AbilityValues,game/scripts/npc/abilities/purchasable_units_skills.txt,247,
abilities,hell_beast_bloodlust,duration,20.0,AbilityValues,game/scripts/npc/abilities/purchasable_units_skills.txt,248,
abilities,hell_beast_sleep,AbilityCastRange,800,direct_field,game/scripts/npc/abilities/purchasable_units_skills.txt,300,
abilities,hell_beast_sleep,AbilityCastPoint,0.0,direct_field,game/scripts/npc/abilities/purchasable_units_skills.txt,301,
abilities,hell_beast_sleep,AbilityCooldown,12.0,direct_field,game/scripts/npc/abilities/purchasable_units_skills.txt,303,
abilities,hell_beast_sleep,AbilityManaCost,100,direct_field,game/scripts/npc/abilities/purchasable_units_skills.txt,305,
abilities,hell_beast_sleep,duration_hero,4,AbilityValues,game/scripts/npc/abilities/purchasable_units_skills.txt,310,
abilities,hell_beast_sleep,duration_creep,12,AbilityValues,game/scripts/npc/abilities/purchasable_units_skills.txt,311,
abilities,hell_beast_sleep,duration_invul,2,AbilityValues,game/scripts/npc/abilities/purchasable_units_skills.txt,312,
abilities,boar_poison,movement_slow,-25,AbilityValues,game/scripts/npc/abilities/purchasable_units_skills.txt,335,
abilities,boar_poison,attack_slow,-25,AbilityValues,game/scripts/npc/abilities/purchasable_units_skills.txt,336,
abilities,boar_poison,duration,3,AbilityValues,game/scripts/npc/abilities/purchasable_units_skills.txt,337,
abilities,troll_healer_heal,AbilityCastRange,500,direct_field,game/scripts/npc/abilities/purchasable_units_skills.txt,402,1
abilities,troll_healer_heal,AbilityCastPoint,0.3,direct_field,game/scripts/npc/abilities/purchasable_units_skills.txt,403,1
abilities,troll_healer_heal,AbilityCooldown,1.5,direct_field,game/scripts/npc/abilities/purchasable_units_skills.txt,404,1
abilities,troll_healer_heal,AbilityManaCost,5,direct_field,game/scripts/npc/abilities/purchasable_units_skills.txt,405,1
abilities,troll_healer_heal,value_heal,50,AbilityValues,game/scripts/npc/abilities/purchasable_units_skills.txt,417,1
abilities,troll_healer_heal,value_heal_percent,5,AbilityValues,game/scripts/npc/abilities/purchasable_units_skills.txt,418,1
abilities,troll_healer_heal,radius,400,AbilityValues,game/scripts/npc/abilities/purchasable_units_skills.txt,419,1
abilities,shadow_return_to_owner,AbilityCooldown,0,direct_field,game/scripts/npc/abilities/shadow_abilities.txt,9,1
abilities,shadow_return_to_owner,AbilityManacost,0,direct_field,game/scripts/npc/abilities/shadow_abilities.txt,10,1
abilities,shadow_return_to_owner,owner_health_restore,200,AbilityValues,game/scripts/npc/abilities/shadow_abilities.txt,16,1
abilities,shadow_shadow_mastery,damage_agility_percent,150,AbilityValues,game/scripts/npc/abilities/shadow_abilities.txt,49,1
abilities,shadow_world_of_shadows,AbilityCooldown,12,direct_field,game/scripts/npc/abilities/shadow_abilities.txt,80,1
abilities,shadow_world_of_shadows,AbilityManaCost,60,direct_field,game/scripts/npc/abilities/shadow_abilities.txt,81,1
abilities,shadow_world_of_shadows,bonus_movespeed,30,AbilityValues,game/scripts/npc/abilities/shadow_abilities.txt,85,1
abilities,shadow_world_of_shadows,bonus_damage,200,AbilityValues,game/scripts/npc/abilities/shadow_abilities.txt,86,1
abilities,shadow_world_of_shadows,duration,8,AbilityValues,game/scripts/npc/abilities/shadow_abilities.txt,87,1
abilities,spherical_staff_fire_golem_immolation,AbilityCastRange,220,direct_field,game/scripts/npc/abilities/spherical_staff_fire_golem_immolation.txt,14,1
abilities,spherical_staff_fire_golem_immolation,radius,220,AbilityValues,game/scripts/npc/abilities/spherical_staff_fire_golem_immolation.txt,23,1
abilities,spherical_staff_fire_golem_immolation,dps,45,AbilityValues,game/scripts/npc/abilities/spherical_staff_fire_golem_immolation.txt,24,1
abilities,spirit_of_the_plains_fog,AbilityCastPoint,0.2,direct_field,game/scripts/npc/abilities/wanderer_abilities.txt,14,
abilities,spirit_of_the_plains_fog,AbilityCastRange,1000,direct_field,game/scripts/npc/abilities/wanderer_abilities.txt,15,
abilities,spirit_of_the_plains_fog,AbilityCooldown,15.0,direct_field,game/scripts/npc/abilities/wanderer_abilities.txt,16,
abilities,spirit_of_the_plains_fog,AbilityManaCost,50,direct_field,game/scripts/npc/abilities/wanderer_abilities.txt,17,
abilities,spirit_of_the_plains_fog,cloud_duration,7,AbilityValues,game/scripts/npc/abilities/wanderer_abilities.txt,29,
abilities,spirit_of_the_plains_fog,radius,400,AbilityValues,game/scripts/npc/abilities/wanderer_abilities.txt,30,
abilities,spirit_of_the_plains_fog,miss,100,AbilityValues,game/scripts/npc/abilities/wanderer_abilities.txt,31,
abilities,spirit_of_the_plains_fog,slow_speed_movement,-45,AbilityValues,game/scripts/npc/abilities/wanderer_abilities.txt,32,
abilities,spirit_of_the_plains_slow,AbilityCooldown,6,direct_field,game/scripts/npc/abilities/wanderer_abilities.txt,103,
abilities,spirit_of_the_plains_slow,AbilityCastRange,600,direct_field,game/scripts/npc/abilities/wanderer_abilities.txt,104,
abilities,spirit_of_the_plains_slow,AbilityCastPoint,0.0,direct_field,game/scripts/npc/abilities/wanderer_abilities.txt,105,
abilities,spirit_of_the_plains_slow,AbilityManaCost,40,direct_field,game/scripts/npc/abilities/wanderer_abilities.txt,106,
abilities,spirit_of_the_plains_slow,cripple_attack_slow,-45,AbilityValues,game/scripts/npc/abilities/wanderer_abilities.txt,112,
abilities,spirit_of_the_plains_slow,cripple_movespeed_slow_pct,-70,AbilityValues,game/scripts/npc/abilities/wanderer_abilities.txt,113,
abilities,spirit_of_the_plains_slow,duration,7,AbilityValues,game/scripts/npc/abilities/wanderer_abilities.txt,114,
abilities,essence_of_the_ghost_aura1,radius,1000,AbilityValues,game/scripts/npc/abilities/wanderer_abilities.txt,167,
abilities,essence_of_the_ghost_aura1,regen_hp,1.2,AbilityValues,game/scripts/npc/abilities/wanderer_abilities.txt,168,
abilities,essence_of_the_ghost_aura1,move_speed_bonus,5,AbilityValues,game/scripts/npc/abilities/wanderer_abilities.txt,169,
abilities,essence_of_the_ghost_aura2,radius,1000,AbilityValues,game/scripts/npc/abilities/wanderer_abilities.txt,210,
abilities,essence_of_the_ghost_aura2,regen_hp,2.4,AbilityValues,game/scripts/npc/abilities/wanderer_abilities.txt,211,
abilities,essence_of_the_ghost_aura2,move_speed_bonus,10,AbilityValues,game/scripts/npc/abilities/wanderer_abilities.txt,212,
abilities,essence_of_the_ghost_aura3,radius,1000,AbilityValues,game/scripts/npc/abilities/wanderer_abilities.txt,255,
abilities,essence_of_the_ghost_aura3,regen_hp,3.6,AbilityValues,game/scripts/npc/abilities/wanderer_abilities.txt,256,
abilities,essence_of_the_ghost_aura3,move_speed_bonus,15,AbilityValues,game/scripts/npc/abilities/wanderer_abilities.txt,257,
abilities,essence_of_the_ghost_aura4,radius,1000,AbilityValues,game/scripts/npc/abilities/wanderer_abilities.txt,298,
abilities,essence_of_the_ghost_aura4,regen_hp,6,AbilityValues,game/scripts/npc/abilities/wanderer_abilities.txt,299,
abilities,essence_of_the_ghost_aura4,move_speed_bonus,20,AbilityValues,game/scripts/npc/abilities/wanderer_abilities.txt,300,
abilities,water_elemental_4_orb,AbilityCooldown,0,direct_field,game/scripts/npc/abilities/water_elemental.txt,9,1
abilities,water_elemental_4_orb,AbilityManacost,0,direct_field,game/scripts/npc/abilities/water_elemental.txt,10,1
abilities,water_elemental_4_orb,extra_dmg,5,AbilityValues,game/scripts/npc/abilities/water_elemental.txt,16,1
abilities,water_elemental_4_orb,duration,4.0,AbilityValues,game/scripts/npc/abilities/water_elemental.txt,17,1
abilities,water_elemental_4_orb,reduce_armor,-9,AbilityValues,game/scripts/npc/abilities/water_elemental.txt,18,1
items,item_lia_alanith_spear,bonus_damage,25,AbilityValues,game/scripts/npc/items/item_lia_alanith_spear.txt,42,
items,item_lia_alanith_spear,lifesteal_percent,17,AbilityValues,game/scripts/npc/items/item_lia_alanith_spear.txt,43,
items,item_lia_amulet,bonus_health,100,AbilityValues,game/scripts/npc/items/item_lia_amulet.txt,24,
items,item_lia_amulet_of_spell_shield,AbilityCooldown,30.0,direct_field,game/scripts/npc/items/item_lia_amulet_of_spell_shield.txt,16,
items,item_lia_amulet_of_spell_shield,block_cooldown,30.0,AbilityValues,game/scripts/npc/items/item_lia_amulet_of_spell_shield.txt,22,
items,item_lia_ancient_glove,crit_chance,15,AbilityValues,game/scripts/npc/items/item_lia_ancient_glove.txt,24,
items,item_lia_ancient_glove,crit_mult,150,AbilityValues,game/scripts/npc/items/item_lia_ancient_glove.txt,25,
items,item_lia_anti_magic_potion,AbilityCooldown,18,direct_field,game/scripts/npc/items/item_lia_anti_magic_potion.txt,12,
items,item_lia_anti_magic_potion,duration,6,AbilityValues,game/scripts/npc/items/item_lia_anti_magic_potion.txt,28,
items,item_lia_armor_of_the_red_mist,AbilityCooldown,14.0,direct_field,game/scripts/npc/items/item_lia_armor_of_the_red_mist.txt,41,
items,item_lia_armor_of_the_red_mist,AbilityManaCost,120,direct_field,game/scripts/npc/items/item_lia_armor_of_the_red_mist.txt,42,
items,item_lia_armor_of_the_red_mist,AbilityCastRange,400,direct_field,game/scripts/npc/items/item_lia_armor_of_the_red_mist.txt,44,
items,item_lia_armor_of_the_red_mist,bonus_armor,20,AbilityValues,game/scripts/npc/items/item_lia_armor_of_the_red_mist.txt,53,
items,item_lia_armor_of_the_red_mist,bonus_health,700,AbilityValues,game/scripts/npc/items/item_lia_armor_of_the_red_mist.txt,54,
items,item_lia_armor_of_the_red_mist,damage_blocked,60,AbilityValues,game/scripts/npc/items/item_lia_armor_of_the_red_mist.txt,55,
items,item_lia_armor_of_the_red_mist,bonus_magic_resist_percentage,30,AbilityValues,game/scripts/npc/items/item_lia_armor_of_the_red_mist.txt,56,
items,item_lia_armor_of_the_red_mist,damage,400,AbilityValues,game/scripts/npc/items/item_lia_armor_of_the_red_mist.txt,57,
items,item_lia_armor_of_the_red_mist,active_armor,25,AbilityValues,game/scripts/npc/items/item_lia_armor_of_the_red_mist.txt,58,
items,item_lia_armor_of_the_red_mist,radius,400,AbilityValues,game/scripts/npc/items/item_lia_armor_of_the_red_mist.txt,59,
items,item_lia_armor_of_the_red_mist,duration,5.0,AbilityValues,game/scripts/npc/items/item_lia_armor_of_the_red_mist.txt,60,
items,item_lia_armor_of_the_red_mist,duration_hero_tooltip,2.5,AbilityValues,game/scripts/npc/items/item_lia_armor_of_the_red_mist.txt,61,
items,item_lia_axe,bonus_strength,6,AbilityValues,game/scripts/npc/items/item_lia_axe.txt,24,
items,item_lia_banner_of_victory,aura_radius,800,AbilityValues,game/scripts/npc/items/item_lia_banner_of_victory.txt,39,
items,item_lia_banner_of_victory,aura_lifesteal_percent,12,AbilityValues,game/scripts/npc/items/item_lia_banner_of_victory.txt,40,
items,item_lia_banner_of_victory,aura_armor,5,AbilityValues,game/scripts/npc/items/item_lia_banner_of_victory.txt,41,
items,item_lia_battle_axe,bonus_damage,16,AbilityValues,game/scripts/npc/items/item_lia_battle_axe.txt,40,
items,item_lia_battle_axe,bonus_strength,18,AbilityValues,game/scripts/npc/items/item_lia_battle_axe.txt,41,
items,item_lia_battle_axe,bonus_armor,4,AbilityValues,game/scripts/npc/items/item_lia_battle_axe.txt,42,
items,item_lia_battle_axe,bash_chance,16,AbilityValues,game/scripts/npc/items/item_lia_battle_axe.txt,43,
items,item_lia_battle_axe,bash_damage,80,AbilityValues,game/scripts/npc/items/item_lia_battle_axe.txt,44,
items,item_lia_battle_axe,bash_stun,1.25,AbilityValues,game/scripts/npc/items/item_lia_battle_axe.txt,45,
items,item_lia_battle_javelin,bonus_damage,45,AbilityValues,game/scripts/npc/items/item_lia_battle_javelin.txt,39,
items,item_lia_battle_javelin,bonus_attack_speed,35,AbilityValues,game/scripts/npc/items/item_lia_battle_javelin.txt,40,
items,item_lia_battle_javelin,pierce_chance,15,AbilityValues,game/scripts/npc/items/item_lia_battle_javelin.txt,41,
items,item_lia_blade_of_incorporeality,AbilityCooldown,16,direct_field,game/scripts/npc/items/item_lia_blade_of_incorporeality.txt,37,
items,item_lia_blade_of_incorporeality,AbilityManaCost,80,direct_field,game/scripts/npc/items/item_lia_blade_of_incorporeality.txt,38,
items,item_lia_blade_of_incorporeality,bonus_damage,35,AbilityValues,game/scripts/npc/items/item_lia_blade_of_incorporeality.txt,47,
items,item_lia_blade_of_incorporeality,bonus_attack_speed,40,AbilityValues,game/scripts/npc/items/item_lia_blade_of_incorporeality.txt,48,
items,item_lia_blade_of_incorporeality,bonus_agility,20,AbilityValues,game/scripts/npc/items/item_lia_blade_of_incorporeality.txt,49,
items,item_lia_blade_of_incorporeality,bonus_armor,10,AbilityValues,game/scripts/npc/items/item_lia_blade_of_incorporeality.txt,50,
items,item_lia_blade_of_incorporeality,evasion,15,AbilityValues,game/scripts/npc/items/item_lia_blade_of_incorporeality.txt,51,
items,item_lia_blade_of_incorporeality,active_evasion,75,AbilityValues,game/scripts/npc/items/item_lia_blade_of_incorporeality.txt,52,
items,item_lia_blade_of_incorporeality,active_duration,4,AbilityValues,game/scripts/npc/items/item_lia_blade_of_incorporeality.txt,53,
items,item_lia_blood_blade,AbilityManaCost,100,direct_field,game/scripts/npc/items/item_lia_blood_blade.txt,39,
items,item_lia_blood_blade,AbilityCooldown,13,direct_field,game/scripts/npc/items/item_lia_blood_blade.txt,40,
items,item_lia_blood_blade,bonus_damage,70,AbilityValues,game/scripts/npc/items/item_lia_blood_blade.txt,50,
items,item_lia_blood_blade,lifesteal_percent,22,AbilityValues,game/scripts/npc/items/item_lia_blood_blade.txt,51,
items,item_lia_blood_blade,healtsteal_percent,8,AbilityValues,game/scripts/npc/items/item_lia_blood_blade.txt,52,
items,item_lia_blood_blade,healtsteal_radius,525,AbilityValues,game/scripts/npc/items/item_lia_blood_blade.txt,53,
items,item_lia_blood_blade,healtsteal_limit,1500,AbilityValues,game/scripts/npc/items/item_lia_blood_blade.txt,54,
items,item_lia_blood_blade,healtsteal_max_damage,250,AbilityValues,game/scripts/npc/items/item_lia_blood_blade.txt,55,
items,item_lia_blood_moon,bonus_damage,100,AbilityValues,game/scripts/npc/items/item_lia_blood_moon.txt,40,
items,item_lia_blood_moon,bonus_strength,50,AbilityValues,game/scripts/npc/items/item_lia_blood_moon.txt,41,
items,item_lia_blood_moon,bonus_attack_speed,40,AbilityValues,game/scripts/npc/items/item_lia_blood_moon.txt,42,
items,item_lia_blood_moon,cleave_percent,30,AbilityValues,game/scripts/npc/items/item_lia_blood_moon.txt,43,
items,item_lia_blood_moon,cleave_start_width,150,AbilityValues,game/scripts/npc/items/item_lia_blood_moon.txt,44,
items,item_lia_blood_moon,cleave_end_width,200,AbilityValues,game/scripts/npc/items/item_lia_blood_moon.txt,45,
items,item_lia_blood_moon,cleave_length,200,AbilityValues,game/scripts/npc/items/item_lia_blood_moon.txt,46,
items,item_lia_boar,AbilityCooldown,20,direct_field,game/scripts/npc/items/item_lia_boar.txt,20,
items,item_lia_boar,duration,35,AbilityValues,game/scripts/npc/items/item_lia_boar.txt,40,
items,item_lia_book_of_the_dead,AbilityCastRange,400,direct_field,game/scripts/npc/items/item_lia_book_of_the_dead.txt,20,
items,item_lia_book_of_the_dead,AbilityCooldown,20,direct_field,game/scripts/npc/items/item_lia_book_of_the_dead.txt,21,
items,item_lia_book_of_the_dead,AbilityManaCost,0,direct_field,game/scripts/npc/items/item_lia_book_of_the_dead.txt,22,
items,item_lia_book_of_the_dead,duration,30,AbilityValues,game/scripts/npc/items/item_lia_book_of_the_dead.txt,41,
items,item_lia_boots,bonus_movement_speed,50,AbilityValues,game/scripts/npc/items/item_lia_boots.txt,23,
items,item_lia_boots_of_invisibility,AbilityCastPoint,0,direct_field,game/scripts/npc/items/item_lia_boots_of_invisibility.txt,39,
items,item_lia_boots_of_invisibility,AbilityCooldown,18.0,direct_field,game/scripts/npc/items/item_lia_boots_of_invisibility.txt,40,
items,item_lia_boots_of_invisibility,AbilityManaCost,70,direct_field,game/scripts/npc/items/item_lia_boots_of_invisibility.txt,42,
items,item_lia_boots_of_invisibility,bonus_movement_speed,50,AbilityValues,game/scripts/npc/items/item_lia_boots_of_invisibility.txt,52,
items,item_lia_boots_of_invisibility,duration,6,AbilityValues,game/scripts/npc/items/item_lia_boots_of_invisibility.txt,53,
items,item_lia_boots_of_invisibility,invis_movespeed_percent,10,AbilityValues,game/scripts/npc/items/item_lia_boots_of_invisibility.txt,54,
items,item_lia_boots_of_invisibility,invis_damage,50,AbilityValues,game/scripts/npc/items/item_lia_boots_of_invisibility.txt,55,
items,item_lia_bounty_hunters_crossbow,AbilityCooldown,16,direct_field,game/scripts/npc/items/item_lia_bounty_hunters_crossbow.txt,37,
items,item_lia_bounty_hunters_crossbow,bonus_damage,100,AbilityValues,game/scripts/npc/items/item_lia_bounty_hunters_crossbow.txt,46,
items,item_lia_bounty_hunters_crossbow,bonus_attack_speed,35,AbilityValues,game/scripts/npc/items/item_lia_bounty_hunters_crossbow.txt,47,
items,item_lia_bounty_hunters_crossbow,pierce_chance,25,AbilityValues,game/scripts/npc/items/item_lia_bounty_hunters_crossbow.txt,48,
items,item_lia_bounty_hunters_crossbow,active_pierce_chance,50,AbilityValues,game/scripts/npc/items/item_lia_bounty_hunters_crossbow.txt,49,
items,item_lia_bounty_hunters_crossbow,active_duration,5,AbilityValues,game/scripts/npc/items/item_lia_bounty_hunters_crossbow.txt,50,
items,item_lia_claws,bonus_damage,16,AbilityValues,game/scripts/npc/items/item_lia_claws.txt,27,
items,item_lia_crown_of_death,AbilityCastRange,500,direct_field,game/scripts/npc/items/item_lia_crown_of_death.txt,39,
items,item_lia_crown_of_death,AbilityCastPoint,0.0,direct_field,game/scripts/npc/items/item_lia_crown_of_death.txt,40,
items,item_lia_crown_of_death,AbilityCooldown,12.0,direct_field,game/scripts/npc/items/item_lia_crown_of_death.txt,41,
items,item_lia_crown_of_death,AbilityManaCost,80,direct_field,game/scripts/npc/items/item_lia_crown_of_death.txt,42,
items,item_lia_crown_of_death,bonus_magic_resist_percentage,25,AbilityValues,game/scripts/npc/items/item_lia_crown_of_death.txt,72,
items,item_lia_crown_of_death,bonus_health,200,AbilityValues,game/scripts/npc/items/item_lia_crown_of_death.txt,73,
items,item_lia_crown_of_death,damage,275,AbilityValues,game/scripts/npc/items/item_lia_crown_of_death.txt,74,
items,item_lia_crown_of_death,range_tooltip,500,AbilityValues,game/scripts/npc/items/item_lia_crown_of_death.txt,75,
items,item_lia_crusher,AbilityCastRange,700,direct_field,game/scripts/npc/items/item_lia_crusher.txt,41,
items,item_lia_crusher,AbilityCooldown,8.0,direct_field,game/scripts/npc/items/item_lia_crusher.txt,42,
items,item_lia_crusher,AbilityManaCost,100,direct_field,game/scripts/npc/items/item_lia_crusher.txt,43,
items,item_lia_crusher,bonus_damage,75,AbilityValues,game/scripts/npc/items/item_lia_crusher.txt,54,
items,item_lia_crusher,bonus_attack_speed,45,AbilityValues,game/scripts/npc/items/item_lia_crusher.txt,55,
items,item_lia_crusher,bonus_agility,25,AbilityValues,game/scripts/npc/items/item_lia_crusher.txt,56,
items,item_lia_crusher,lightning_chance,22,AbilityValues,game/scripts/npc/items/item_lia_crusher.txt,57,
items,item_lia_crusher,crit_mult,190,AbilityValues,game/scripts/npc/items/item_lia_crusher.txt,58,
items,item_lia_crusher,lightning_damage,400,AbilityValues,game/scripts/npc/items/item_lia_crusher.txt,59,
items,item_lia_crusher,lightning_bounces,8,AbilityValues,game/scripts/npc/items/item_lia_crusher.txt,60,
items,item_lia_crusher,bounce_range,700,AbilityValues,game/scripts/npc/items/item_lia_crusher.txt,61,
items,item_lia_crusher,lightning_decay,0,AbilityValues,game/scripts/npc/items/item_lia_crusher.txt,62,
items,item_lia_crusher,time_between_bounces,0.2,AbilityValues,game/scripts/npc/items/item_lia_crusher.txt,63,
items,item_lia_crusher,lightning_cooldown,4,AbilityValues,game/scripts/npc/items/item_lia_crusher.txt,64,
items,item_lia_demon_edge,bonus_damage,55,AbilityValues,game/scripts/npc/items/item_lia_demon_edge.txt,52,
items,item_lia_demonic_figurine,AbilityCastRange,400,direct_field,game/scripts/npc/items/item_lia_demonic_figure.txt,20,
items,item_lia_demonic_figurine,AbilityCooldown,30,direct_field,game/scripts/npc/items/item_lia_demonic_figure.txt,21,
items,item_lia_demonic_figurine,AbilityManaCost,0,direct_field,game/scripts/npc/items/item_lia_demonic_figure.txt,22,
items,item_lia_demonic_figurine,duration,60,AbilityValues,game/scripts/npc/items/item_lia_demonic_figure.txt,53,
items,item_lia_divine_armor,bonus_armor,30,AbilityValues,game/scripts/npc/items/item_lia_divine_armor.txt,63,
items,item_lia_divine_armor,bonus_health,700,AbilityValues,game/scripts/npc/items/item_lia_divine_armor.txt,64,
items,item_lia_divine_armor,bonus_health_regen,25,AbilityValues,game/scripts/npc/items/item_lia_divine_armor.txt,65,
items,item_lia_divine_armor,evasion_percent,20,AbilityValues,game/scripts/npc/items/item_lia_divine_armor.txt,66,
items,item_lia_dust_of_appearance,AbilityCooldown,14,direct_field,game/scripts/npc/items/item_lia_dust_of_appearance.txt,9,
items,item_lia_dust_of_appearance,AbilityManaCost,0,direct_field,game/scripts/npc/items/item_lia_dust_of_appearance.txt,11,
items,item_lia_dust_of_appearance,duration,8,AbilityValues,game/scripts/npc/items/item_lia_dust_of_appearance.txt,32,
items,item_lia_dust_of_appearance,radius,1000,AbilityValues,game/scripts/npc/items/item_lia_dust_of_appearance.txt,33,
items,item_lia_dust_of_appearance,movespeed,0,AbilityValues,game/scripts/npc/items/item_lia_dust_of_appearance.txt,34,
items,item_lia_dwarf_armor,bonus_armor,10,AbilityValues,game/scripts/npc/items/item_lia_dwarf_armor.txt,53,
items,item_lia_dwarf_armor,bonus_health,175,AbilityValues,game/scripts/npc/items/item_lia_dwarf_armor.txt,54,
items,item_lia_enchanted_shield,bonus_armor,"[13, 16]",AbilityValues,game/scripts/npc/items/item_lia_enchanted_shield.txt,65,
items,item_lia_enchanted_shield,bonus_health,"[325, 525]",AbilityValues,game/scripts/npc/items/item_lia_enchanted_shield.txt,66,
items,item_lia_enchanted_shield,block_chance,50,AbilityValues,game/scripts/npc/items/item_lia_enchanted_shield.txt,67,
items,item_lia_enchanted_shield,damage_block,"[75, 100]",AbilityValues,game/scripts/npc/items/item_lia_enchanted_shield.txt,68,
items,item_lia_enchanted_shield_2,bonus_armor,16,AbilityValues,game/scripts/npc/items/item_lia_enchanted_shield.txt,97,
items,item_lia_enchanted_shield_2,bonus_health,525,AbilityValues,game/scripts/npc/items/item_lia_enchanted_shield.txt,98,
items,item_lia_enchanted_shield_2,block_chance,50,AbilityValues,game/scripts/npc/items/item_lia_enchanted_shield.txt,99,
items,item_lia_enchanted_shield_2,damage_block,100,AbilityValues,game/scripts/npc/items/item_lia_enchanted_shield.txt,100,
items,item_lia_ferus_shield,AbilityCooldown,25,direct_field,game/scripts/npc/items/item_lia_ferus_shield.txt,38,
items,item_lia_ferus_shield,AbilityManacost,250,direct_field,game/scripts/npc/items/item_lia_ferus_shield.txt,39,
items,item_lia_ferus_shield,AbilityCastRange,350,direct_field,game/scripts/npc/items/item_lia_ferus_shield.txt,40,
items,item_lia_ferus_shield,bonus_health,550,AbilityValues,game/scripts/npc/items/item_lia_ferus_shield.txt,50,
items,item_lia_ferus_shield,aura_radius,800,AbilityValues,game/scripts/npc/items/item_lia_ferus_shield.txt,51,
items,item_lia_ferus_shield,aura_lifesteal_percent,15,AbilityValues,game/scripts/npc/items/item_lia_ferus_shield.txt,52,
items,item_lia_ferus_shield,aura_regen,15,AbilityValues,game/scripts/npc/items/item_lia_ferus_shield.txt,53,
items,item_lia_ferus_shield,aura_armor,13,AbilityValues,game/scripts/npc/items/item_lia_ferus_shield.txt,54,
items,item_lia_ferus_shield,panic_duration,4,AbilityValues,game/scripts/npc/items/item_lia_ferus_shield.txt,55,
items,item_lia_ferus_shield,panic_radius,350,AbilityValues,game/scripts/npc/items/item_lia_ferus_shield.txt,56,
items,item_lia_fire_gloves,AbilityCastRange,220,direct_field,game/scripts/npc/items/item_lia_fire_gloves.txt,62,
items,item_lia_fire_gloves,AbilityManaCost,"[20, 30]",direct_field,game/scripts/npc/items/item_lia_fire_gloves.txt,64,
items,item_lia_fire_gloves,bonus_mana,"[350, 500]",AbilityValues,game/scripts/npc/items/item_lia_fire_gloves.txt,78,
items,item_lia_fire_gloves,bonus_damage,"[30, 50]",AbilityValues,game/scripts/npc/items/item_lia_fire_gloves.txt,79,
items,item_lia_fire_gloves,bonus_attack_speed,"[30, 45]",AbilityValues,game/scripts/npc/items/item_lia_fire_gloves.txt,80,
items,item_lia_fire_gloves,damage_per_second,"[80, 100]",AbilityValues,game/scripts/npc/items/item_lia_fire_gloves.txt,81,
items,item_lia_fire_gloves,mana_cost_per_second,"[10, 15]",AbilityValues,game/scripts/npc/items/item_lia_fire_gloves.txt,82,
items,item_lia_fire_gloves,radius,220,AbilityValues,game/scripts/npc/items/item_lia_fire_gloves.txt,83,
items,item_lia_fire_gloves_2,AbilityCastRange,220,direct_field,game/scripts/npc/items/item_lia_fire_gloves.txt,108,
items,item_lia_fire_gloves_2,AbilityManaCost,30,direct_field,game/scripts/npc/items/item_lia_fire_gloves.txt,110,
items,item_lia_fire_gloves_2,bonus_mana,500,AbilityValues,game/scripts/npc/items/item_lia_fire_gloves.txt,124,
items,item_lia_fire_gloves_2,bonus_damage,50,AbilityValues,game/scripts/npc/items/item_lia_fire_gloves.txt,125,
items,item_lia_fire_gloves_2,bonus_attack_speed,45,AbilityValues,game/scripts/npc/items/item_lia_fire_gloves.txt,126,
items,item_lia_fire_gloves_2,damage_per_second,100,AbilityValues,game/scripts/npc/items/item_lia_fire_gloves.txt,127,
items,item_lia_fire_gloves_2,mana_cost_per_second,15,AbilityValues,game/scripts/npc/items/item_lia_fire_gloves.txt,128,
items,item_lia_fire_gloves_2,radius,220,AbilityValues,game/scripts/npc/items/item_lia_fire_gloves.txt,129,
items,item_lia_fire_rod,AbilityManaCost,400,direct_field,game/scripts/npc/items/item_lia_fire_rod.txt,42,
items,item_lia_fire_rod,AbilityCooldown,18,direct_field,game/scripts/npc/items/item_lia_fire_rod.txt,43,
items,item_lia_fire_rod,AbilityCastRange,700,direct_field,game/scripts/npc/items/item_lia_fire_rod.txt,44,
items,item_lia_fire_rod,AbilityCastPoint,0.0,direct_field,game/scripts/npc/items/item_lia_fire_rod.txt,45,
items,item_lia_fire_rod,AbilityDamage,600,direct_field,game/scripts/npc/items/item_lia_fire_rod.txt,46,
items,item_lia_fire_rod,bonus_damage,75,AbilityValues,game/scripts/npc/items/item_lia_fire_rod.txt,57,
items,item_lia_fire_rod,bonus_mana,350,AbilityValues,game/scripts/npc/items/item_lia_fire_rod.txt,58,
items,item_lia_fire_rod,radius,180,AbilityValues,game/scripts/npc/items/item_lia_fire_rod.txt,59,
items,item_lia_fire_rod,wave_width,200,AbilityValues,game/scripts/npc/items/item_lia_fire_rod.txt,60,
items,item_lia_fire_rod,wave_range,700,AbilityValues,game/scripts/npc/items/item_lia_fire_rod.txt,61,
items,item_lia_fire_rod,wave_speed,900,AbilityValues,game/scripts/npc/items/item_lia_fire_rod.txt,62,
items,item_lia_fire_rod,wave_damage,600,AbilityValues,game/scripts/npc/items/item_lia_fire_rod.txt,63,
items,item_lia_fire_sword,bonus_damage,16,AbilityValues,game/scripts/npc/items/item_lia_fire_sword.txt,97,
items,item_lia_fire_sword,crit_chance,20,AbilityValues,game/scripts/npc/items/item_lia_fire_sword.txt,98,
items,item_lia_fire_sword,crit_mult,170,AbilityValues,game/scripts/npc/items/item_lia_fire_sword.txt,99,
items,item_lia_ghost_blade,bonus_damage,30,AbilityValues,game/scripts/npc/items/item_lia_ghost_blade.txt,40,
items,item_lia_ghost_blade,bonus_agility,25,AbilityValues,game/scripts/npc/items/item_lia_ghost_blade.txt,41,
items,item_lia_ghost_blade,bonus_strength,25,AbilityValues,game/scripts/npc/items/item_lia_ghost_blade.txt,42,
items,item_lia_ghost_blade,bonus_armor,6,AbilityValues,game/scripts/npc/items/item_lia_ghost_blade.txt,43,
items,item_lia_ghost_blade,bonus_attack_speed,50,AbilityValues,game/scripts/npc/items/item_lia_ghost_blade.txt,44,
items,item_lia_ghost_blade,bash_chance,18,AbilityValues,game/scripts/npc/items/item_lia_ghost_blade.txt,45,
items,item_lia_ghost_blade,bash_damage,175,AbilityValues,game/scripts/npc/items/item_lia_ghost_blade.txt,46,
items,item_lia_ghost_blade,bash_stun,1.5,AbilityValues,game/scripts/npc/items/item_lia_ghost_blade.txt,47,
items,item_lia_ghost_blade,crit_mult,175,AbilityValues,game/scripts/npc/items/item_lia_ghost_blade.txt,48,
items,item_lia_glove_of_pain,AbilityCastRange,800,direct_field,game/scripts/npc/items/item_lia_glove_of_pain.txt,42,
items,item_lia_glove_of_pain,AbilityCastPoint,0.0,direct_field,game/scripts/npc/items/item_lia_glove_of_pain.txt,43,
items,item_lia_glove_of_pain,AbilityCooldown,25.0,direct_field,game/scripts/npc/items/item_lia_glove_of_pain.txt,44,
items,item_lia_glove_of_pain,AbilityManaCost,350,direct_field,game/scripts/npc/items/item_lia_glove_of_pain.txt,45,
items,item_lia_glove_of_pain,bonus_mana,400,AbilityValues,game/scripts/npc/items/item_lia_glove_of_pain.txt,150,
items,item_lia_glove_of_pain,bonus_intelligence,20,AbilityValues,game/scripts/npc/items/item_lia_glove_of_pain.txt,151,
items,item_lia_glove_of_pain,aura_radius,1000,AbilityValues,game/scripts/npc/items/item_lia_glove_of_pain.txt,152,
items,item_lia_glove_of_pain,aura_mana_regen,8,AbilityValues,game/scripts/npc/items/item_lia_glove_of_pain.txt,153,
items,item_lia_glove_of_pain,duration,8,AbilityValues,game/scripts/npc/items/item_lia_glove_of_pain.txt,154,
items,item_lia_glove_of_pain,damage,175,AbilityValues,game/scripts/npc/items/item_lia_glove_of_pain.txt,155,
items,item_lia_glove_of_pain,radius,275,AbilityValues,game/scripts/npc/items/item_lia_glove_of_pain.txt,156,
items,item_lia_glove_of_pain,think_interval,1.0,AbilityValues,game/scripts/npc/items/item_lia_glove_of_pain.txt,157,
items,item_lia_gloves_of_haste,bonus_attack_speed,15,AbilityValues,game/scripts/npc/items/item_lia_gloves_of_haste.txt,22,
items,item_lia_gloves_of_strength,bonus_strength,12,AbilityValues,game/scripts/npc/items/item_lia_gloves_of_strength.txt,21,
items,item_lia_hammer,bonus_damage,35,AbilityValues,game/scripts/npc/items/item_lia_hammer.txt,41,
items,item_lia_hammer,bonus_strength,15,AbilityValues,game/scripts/npc/items/item_lia_hammer.txt,42,
items,item_lia_hammer,bonus_agility,15,AbilityValues,game/scripts/npc/items/item_lia_hammer.txt,43,
items,item_lia_hammer,bonus_intelligence,15,AbilityValues,game/scripts/npc/items/item_lia_hammer.txt,44,
items,item_lia_hammer,minibash_chance,30,AbilityValues,game/scripts/npc/items/item_lia_hammer.txt,45,
items,item_lia_hammer,bash_damage,175,AbilityValues,game/scripts/npc/items/item_lia_hammer.txt,46,
items,item_lia_hammer,bash_stun,0.01,AbilityValues,game/scripts/npc/items/item_lia_hammer.txt,47,
items,item_lia_hammer_of_titans,bonus_damage,80,AbilityValues,game/scripts/npc/items/item_lia_hammer_of_titans.txt,40,
items,item_lia_hammer_of_titans,bonus_strength,25,AbilityValues,game/scripts/npc/items/item_lia_hammer_of_titans.txt,41,
items,item_lia_hammer_of_titans,bonus_agility,25,AbilityValues,game/scripts/npc/items/item_lia_hammer_of_titans.txt,42,
items,item_lia_hammer_of_titans,bonus_intelligence,25,AbilityValues,game/scripts/npc/items/item_lia_hammer_of_titans.txt,43,
items,item_lia_hammer_of_titans,minibash_chance,30,AbilityValues,game/scripts/npc/items/item_lia_hammer_of_titans.txt,44,
items,item_lia_hammer_of_titans,bash_damage,275,AbilityValues,game/scripts/npc/items/item_lia_hammer_of_titans.txt,45,
items,item_lia_hammer_of_titans,bash_stun,0.01,AbilityValues,game/scripts/npc/items/item_lia_hammer_of_titans.txt,46,
items,item_lia_hammer_of_titans,cleave_percent,50,AbilityValues,game/scripts/npc/items/item_lia_hammer_of_titans.txt,47,
items,item_lia_hammer_of_titans,splash_percent_ranged,20,AbilityValues,game/scripts/npc/items/item_lia_hammer_of_titans.txt,48,
items,item_lia_hammer_of_titans,cleave_start_width,150,AbilityValues,game/scripts/npc/items/item_lia_hammer_of_titans.txt,49,
items,item_lia_hammer_of_titans,cleave_end_width,200,AbilityValues,game/scripts/npc/items/item_lia_hammer_of_titans.txt,50,
items,item_lia_hammer_of_titans,cleave_length,200,AbilityValues,game/scripts/npc/items/item_lia_hammer_of_titans.txt,51,
items,item_lia_hammer_of_titans,splash_radius,200,AbilityValues,game/scripts/npc/items/item_lia_hammer_of_titans.txt,52,
items,item_lia_hammer_of_titans,attack_speed_slow,-30,AbilityValues,game/scripts/npc/items/item_lia_hammer_of_titans.txt,53,
items,item_lia_hammer_of_titans,movement_slow_percentage,-30,AbilityValues,game/scripts/npc/items/item_lia_hammer_of_titans.txt,54,
items,item_lia_hammer_of_titans,slow_duration,3,AbilityValues,game/scripts/npc/items/item_lia_hammer_of_titans.txt,55,
items,item_lia_healing_ward,AbilityCastRange,500,direct_field,game/scripts/npc/items/item_lia_healing_ward.txt,11,
items,item_lia_healing_ward,AbilityCooldown,0,direct_field,game/scripts/npc/items/item_lia_healing_ward.txt,13,
items,item_lia_healing_ward,AbilityCastPoint,0.0,direct_field,game/scripts/npc/items/item_lia_healing_ward.txt,14,
items,item_lia_healing_ward,AbilityManaCost,0,direct_field,game/scripts/npc/items/item_lia_healing_ward.txt,15,
items,item_lia_healing_ward,heal_percent_tooltip,3,AbilityValues,game/scripts/npc/items/item_lia_healing_ward.txt,29,
items,item_lia_healing_ward,duration,30,AbilityValues,game/scripts/npc/items/item_lia_healing_ward.txt,30,
items,item_lia_health_elixir,AbilityCastRange,100,direct_field,game/scripts/npc/items/item_lia_health_elixir.txt,22,
items,item_lia_health_elixir,AbilityCastPoint,0.0,direct_field,game/scripts/npc/items/item_lia_health_elixir.txt,23,
items,item_lia_health_elixir,AbilityCooldown,40.0,direct_field,game/scripts/npc/items/item_lia_health_elixir.txt,24,
items,item_lia_health_elixir,heal_amount,800,AbilityValues,game/scripts/npc/items/item_lia_health_elixir.txt,37,
items,item_lia_health_stone_potion,AbilityCastRange,100,direct_field,game/scripts/npc/items/item_lia_health_stone_potion.txt,16,
items,item_lia_health_stone_potion,AbilityCastPoint,0.0,direct_field,game/scripts/npc/items/item_lia_health_stone_potion.txt,17,
items,item_lia_health_stone_potion,AbilityCooldown,40.0,direct_field,game/scripts/npc/items/item_lia_health_stone_potion.txt,18,
items,item_lia_health_stone_potion,bonus_health_regen,5,AbilityValues,game/scripts/npc/items/item_lia_health_stone_potion.txt,33,
items,item_lia_health_stone_potion,heal_amount,400,AbilityValues,game/scripts/npc/items/item_lia_health_stone_potion.txt,34,
items,item_lia_hell_gloves,bonus_attack_speed,30,AbilityValues,game/scripts/npc/items/item_lia_hell_gloves.txt,54,
items,item_lia_hell_gloves,bonus_damage,60,AbilityValues,game/scripts/npc/items/item_lia_hell_gloves.txt,55,
items,item_lia_hell_gloves,bonus_strength,30,AbilityValues,game/scripts/npc/items/item_lia_hell_gloves.txt,56,
items,item_lia_hell_mask,AbilityCooldown,30.0,direct_field,game/scripts/npc/items/item_lia_hell_mask.txt,37,
items,item_lia_hell_mask,AbilityManaCost,100,direct_field,game/scripts/npc/items/item_lia_hell_mask.txt,38,
items,item_lia_hell_mask,bonus_mana_regen,0.6,AbilityValues,game/scripts/npc/items/item_lia_hell_mask.txt,67,
items,item_lia_hell_mask,bonus_intelligence,8,AbilityValues,game/scripts/npc/items/item_lia_hell_mask.txt,68,
items,item_lia_hell_mask,creep_duration,80,AbilityValues,game/scripts/npc/items/item_lia_hell_mask.txt,69,
items,item_lia_helm,bonus_armor,6,AbilityValues,game/scripts/npc/items/item_lia_helm.txt,22,
items,item_lia_huge_axe,bonus_damage,32,AbilityValues,game/scripts/npc/items/item_lia_huge_axe.txt,40,
items,item_lia_huge_axe,bonus_strength,15,AbilityValues,game/scripts/npc/items/item_lia_huge_axe.txt,41,
items,item_lia_huge_axe,cleave_percent,25,AbilityValues,game/scripts/npc/items/item_lia_huge_axe.txt,42,
items,item_lia_huge_axe,cleave_start_width,150,AbilityValues,game/scripts/npc/items/item_lia_huge_axe.txt,43,
items,item_lia_huge_axe,cleave_end_width,200,AbilityValues,game/scripts/npc/items/item_lia_huge_axe.txt,44,
items,item_lia_huge_axe,cleave_length,200,AbilityValues,game/scripts/npc/items/item_lia_huge_axe.txt,45,
items,item_lia_hyper_boots,AbilityCastPoint,0,direct_field,game/scripts/npc/items/item_lia_hyper_boots.txt,42,
items,item_lia_hyper_boots,AbilityCooldown,18.0,direct_field,game/scripts/npc/items/item_lia_hyper_boots.txt,43,
items,item_lia_hyper_boots,AbilityCastRange,500,direct_field,game/scripts/npc/items/item_lia_hyper_boots.txt,45,
items,item_lia_hyper_boots,AbilityManaCost,50,direct_field,game/scripts/npc/items/item_lia_hyper_boots.txt,47,
items,item_lia_hyper_boots,bonus_movement_speed,60,AbilityValues,game/scripts/npc/items/item_lia_hyper_boots.txt,57,
items,item_lia_hyper_boots,max_distance,750,AbilityValues,game/scripts/npc/items/item_lia_hyper_boots.txt,58,
items,item_lia_hyper_boots,radius,250,AbilityValues,game/scripts/npc/items/item_lia_hyper_boots.txt,59,
items,item_lia_hyper_boots,stun_duration,1,AbilityValues,game/scripts/npc/items/item_lia_hyper_boots.txt,60,
items,item_lia_hyper_boots,damage,100,AbilityValues,game/scripts/npc/items/item_lia_hyper_boots.txt,61,
items,item_lia_hyper_boots,charge_speed,2500,AbilityValues,game/scripts/npc/items/item_lia_hyper_boots.txt,62,
items,item_lia_hyper_boots,cast_range,500,AbilityValues,game/scripts/npc/items/item_lia_hyper_boots.txt,63,
items,item_lia_hyper_boots_old,AbilityCastPoint,0,direct_field,game/scripts/npc/items/item_lia_hyper_boots.txt,85,
items,item_lia_hyper_boots_old,AbilityCooldown,18.0,direct_field,game/scripts/npc/items/item_lia_hyper_boots.txt,86,
items,item_lia_hyper_boots_old,AbilityCastRange,500,direct_field,game/scripts/npc/items/item_lia_hyper_boots.txt,88,
items,item_lia_hyper_boots_old,AbilityManaCost,50,direct_field,game/scripts/npc/items/item_lia_hyper_boots.txt,90,
items,item_lia_hyper_boots_old,bonus_movement_speed,20,AbilityValues,game/scripts/npc/items/item_lia_hyper_boots.txt,166,
items,item_lia_hyper_boots_old,max_distance,750,AbilityValues,game/scripts/npc/items/item_lia_hyper_boots.txt,167,
items,item_lia_hyper_boots_old,radius,250,AbilityValues,game/scripts/npc/items/item_lia_hyper_boots.txt,168,
items,item_lia_hyper_boots_old,stun_duration,1,AbilityValues,game/scripts/npc/items/item_lia_hyper_boots.txt,169,
items,item_lia_hyper_boots_old,damage,100,AbilityValues,game/scripts/npc/items/item_lia_hyper_boots.txt,170,
items,item_lia_hyper_boots_old,charge_speed,2500,AbilityValues,game/scripts/npc/items/item_lia_hyper_boots.txt,171,
items,item_lia_hyper_boots_old,cast_range,500,AbilityValues,game/scripts/npc/items/item_lia_hyper_boots.txt,172,
items,item_lia_ice_sword,AbilityCooldown,14.0,direct_field,game/scripts/npc/items/item_lia_ice_sword.txt,40,
items,item_lia_ice_sword,AbilityManaCost,275,direct_field,game/scripts/npc/items/item_lia_ice_sword.txt,41,
items,item_lia_ice_sword,bonus_mana,600,AbilityValues,game/scripts/npc/items/item_lia_ice_sword.txt,53,
items,item_lia_ice_sword,bonus_damage,60,AbilityValues,game/scripts/npc/items/item_lia_ice_sword.txt,54,
items,item_lia_ice_sword,aura_radius,900,AbilityValues,game/scripts/npc/items/item_lia_ice_sword.txt,55,
items,item_lia_ice_sword,aura_attack_speed,25,AbilityValues,game/scripts/npc/items/item_lia_ice_sword.txt,56,
items,item_lia_ice_sword,aura_movement_speed,15,AbilityValues,game/scripts/npc/items/item_lia_ice_sword.txt,57,
items,item_lia_ice_sword,orb_movespeed_slow,-40,AbilityValues,game/scripts/npc/items/item_lia_ice_sword.txt,58,
items,item_lia_ice_sword,orb_attack_slow,-25,AbilityValues,game/scripts/npc/items/item_lia_ice_sword.txt,59,
items,item_lia_ice_sword,orb_duration,3,AbilityValues,game/scripts/npc/items/item_lia_ice_sword.txt,60,
items,item_lia_ice_sword,freeze_duration,3,AbilityValues,game/scripts/npc/items/item_lia_ice_sword.txt,61,
items,item_lia_ice_sword,freeze_damage,200,AbilityValues,game/scripts/npc/items/item_lia_ice_sword.txt,62,
items,item_lia_ice_sword,freeze_radius,500,AbilityValues,game/scripts/npc/items/item_lia_ice_sword.txt,63,
items,item_lia_knight_cuirass,AbilityCooldown,30,direct_field,game/scripts/npc/items/item_lia_knight_cuirass.txt,37,
items,item_lia_knight_cuirass,AbilityManaCost,85,direct_field,game/scripts/npc/items/item_lia_knight_cuirass.txt,38,
items,item_lia_knight_cuirass,bonus_armor,20,AbilityValues,game/scripts/npc/items/item_lia_knight_cuirass.txt,42,
items,item_lia_knight_cuirass,bonus_health,650,AbilityValues,game/scripts/npc/items/item_lia_knight_cuirass.txt,43,
items,item_lia_knight_cuirass,bonus_health_regen,25,AbilityValues,game/scripts/npc/items/item_lia_knight_cuirass.txt,44,
items,item_lia_knight_cuirass,damage_return,25,AbilityValues,game/scripts/npc/items/item_lia_knight_cuirass.txt,45,
items,item_lia_knight_cuirass,damage_return_abi,50,AbilityValues,game/scripts/npc/items/item_lia_knight_cuirass.txt,46,
items,item_lia_knight_cuirass,duration,5,AbilityValues,game/scripts/npc/items/item_lia_knight_cuirass.txt,47,
items,item_lia_knight_shield,bonus_armor,5,AbilityValues,game/scripts/npc/items/item_lia_knight_shield.txt,40,
items,item_lia_knight_shield,bonus_health,200,AbilityValues,game/scripts/npc/items/item_lia_knight_shield.txt,41,
items,item_lia_knight_shield,damage_return,20,AbilityValues,game/scripts/npc/items/item_lia_knight_shield.txt,42,
items,item_lia_lightning_bow,AbilityCooldown,30.0,direct_field,game/scripts/npc/items/item_lia_lightning_bow.txt,42,
items,item_lia_lightning_bow,AbilityManaCost,120,direct_field,game/scripts/npc/items/item_lia_lightning_bow.txt,43,
items,item_lia_lightning_bow,bonus_attack_speed,80,AbilityValues,game/scripts/npc/items/item_lia_lightning_bow.txt,53,
items,item_lia_lightning_bow,bonus_agility,90,AbilityValues,game/scripts/npc/items/item_lia_lightning_bow.txt,54,
items,item_lia_lightning_bow,crit_chance,25,AbilityValues,game/scripts/npc/items/item_lia_lightning_bow.txt,55,
items,item_lia_lightning_bow,crit_mult,200,AbilityValues,game/scripts/npc/items/item_lia_lightning_bow.txt,56,
items,item_lia_lightning_bow,heaven_wrath_damage,500,AbilityValues,game/scripts/npc/items/item_lia_lightning_bow.txt,57,
items,item_lia_lightning_bow,heaven_wrath_duration,8,AbilityValues,game/scripts/npc/items/item_lia_lightning_bow.txt,58,
items,item_lia_lightning_bow,heaven_wrath_radius,600,AbilityValues,game/scripts/npc/items/item_lia_lightning_bow.txt,59,
items,item_lia_lightning_bow,heaven_wrath_time_between_lightings,0.5,AbilityValues,game/scripts/npc/items/item_lia_lightning_bow.txt,60,
items,item_lia_lightning_bow,heaven_wrath_min_health_heroes,35,AbilityValues,game/scripts/npc/items/item_lia_lightning_bow.txt,61,
items,item_lia_lightning_spear,AbilityCastRange,700,direct_field,game/scripts/npc/items/item_lia_lightning_spear.txt,40,
items,item_lia_lightning_spear,AbilityCooldown,8.0,direct_field,game/scripts/npc/items/item_lia_lightning_spear.txt,42,
items,item_lia_lightning_spear,AbilityManaCost,100,direct_field,game/scripts/npc/items/item_lia_lightning_spear.txt,43,
items,item_lia_lightning_spear,bonus_damage,45,AbilityValues,game/scripts/npc/items/item_lia_lightning_spear.txt,55,
items,item_lia_lightning_spear,crit_chance,22,AbilityValues,game/scripts/npc/items/item_lia_lightning_spear.txt,56,
items,item_lia_lightning_spear,crit_mult,190,AbilityValues,game/scripts/npc/items/item_lia_lightning_spear.txt,57,
items,item_lia_lightning_spear,lightning_damage,400,AbilityValues,game/scripts/npc/items/item_lia_lightning_spear.txt,58,
items,item_lia_lightning_spear,lightning_bounces,8,AbilityValues,game/scripts/npc/items/item_lia_lightning_spear.txt,59,
items,item_lia_lightning_spear,bounce_range,700,AbilityValues,game/scripts/npc/items/item_lia_lightning_spear.txt,60,
items,item_lia_lightning_spear,lightning_decay,0,AbilityValues,game/scripts/npc/items/item_lia_lightning_spear.txt,61,
items,item_lia_lightning_spear,time_between_bounces,0.2,AbilityValues,game/scripts/npc/items/item_lia_lightning_spear.txt,62,
items,item_lia_lunar_necklace,AbilityCooldown,24,direct_field,game/scripts/npc/items/item_lia_lunar_necklace.txt,39,
items,item_lia_lunar_necklace,AbilityManacost,60,direct_field,game/scripts/npc/items/item_lia_lunar_necklace.txt,40,
items,item_lia_lunar_necklace,bonus_health,300,AbilityValues,game/scripts/npc/items/item_lia_lunar_necklace.txt,50,
items,item_lia_lunar_necklace,bonus_mana,300,AbilityValues,game/scripts/npc/items/item_lia_lunar_necklace.txt,51,
items,item_lia_lunar_necklace,bonus_all_stats,35,AbilityValues,game/scripts/npc/items/item_lia_lunar_necklace.txt,52,
items,item_lia_lunar_necklace,duration,6,AbilityValues,game/scripts/npc/items/item_lia_lunar_necklace.txt,53,
items,item_lia_lunar_necklace,stat_percent,75,AbilityValues,game/scripts/npc/items/item_lia_lunar_necklace.txt,54,
items,item_lia_lunar_necklace,bonus_magic_resist_percentage_active,20,AbilityValues,game/scripts/npc/items/item_lia_lunar_necklace.txt,55,
items,item_lia_lunar_necklace,stat_bonus_max,75,AbilityValues,game/scripts/npc/items/item_lia_lunar_necklace.txt,56,
items,item_lia_magic_bow,bonus_attack_speed,40,AbilityValues,game/scripts/npc/items/item_lia_magic_bow.txt,54,
items,item_lia_magic_bow,bonus_damage,50,AbilityValues,game/scripts/npc/items/item_lia_magic_bow.txt,55,
items,item_lia_magic_bow,bonus_agility,30,AbilityValues,game/scripts/npc/items/item_lia_magic_bow.txt,56,
items,item_lia_magic_helm,bonus_armor,8,AbilityValues,game/scripts/npc/items/item_lia_magic_helm.txt,53,
items,item_lia_magic_helm,evasion_percent,15,AbilityValues,game/scripts/npc/items/item_lia_magic_helm.txt,54,
items,item_lia_magic_necklace,bonus_all_stats,25,AbilityValues,game/scripts/npc/items/item_lia_magic_necklace.txt,54,
items,item_lia_magic_staff,bonus_intelligence,24,AbilityValues,game/scripts/npc/items/item_lia_magic_staff.txt,53,
items,item_lia_magic_staff,bonus_mana_regen,0.4,AbilityValues,game/scripts/npc/items/item_lia_magic_staff.txt,54,
items,item_lia_magician_armor,bonus_armor,15,AbilityValues,game/scripts/npc/items/item_lia_magician_armor.txt,40,
items,item_lia_magician_armor,bonus_health,450,AbilityValues,game/scripts/npc/items/item_lia_magician_armor.txt,41,
items,item_lia_magician_armor,bonus_intelligence,40,AbilityValues,game/scripts/npc/items/item_lia_magician_armor.txt,42,
items,item_lia_magician_armor,bonus_mana_regeneration,4,AbilityValues,game/scripts/npc/items/item_lia_magician_armor.txt,43,
items,item_lia_magician_armor,bonus_spell_damage_percentage,15,AbilityValues,game/scripts/npc/items/item_lia_magician_armor.txt,44,
items,item_lia_magician_armor,bonus_debuff_duration_percentage,10,AbilityValues,game/scripts/npc/items/item_lia_magician_armor.txt,45,
items,item_lia_mana_elixir,AbilityCastRange,100,direct_field,game/scripts/npc/items/item_lia_mana_elixir.txt,19,
items,item_lia_mana_elixir,AbilityCastPoint,0.0,direct_field,game/scripts/npc/items/item_lia_mana_elixir.txt,20,
items,item_lia_mana_elixir,AbilityCooldown,40,direct_field,game/scripts/npc/items/item_lia_mana_elixir.txt,21,
items,item_lia_mana_elixir,mana_amount,500,AbilityValues,game/scripts/npc/items/item_lia_mana_elixir.txt,34,
items,item_lia_mana_staff,bonus_mana,300,AbilityValues,game/scripts/npc/items/item_lia_mana_staff.txt,79,
items,item_lia_mana_staff,bonus_intelligence,15,AbilityValues,game/scripts/npc/items/item_lia_mana_staff.txt,80,
items,item_lia_mana_staff,aura_radius,1000,AbilityValues,game/scripts/npc/items/item_lia_mana_staff.txt,81,
items,item_lia_mana_staff,aura_mana_regen,4.0,AbilityValues,game/scripts/npc/items/item_lia_mana_staff.txt,82,
items,item_lia_mana_stone,bonus_mana,150,AbilityValues,game/scripts/npc/items/item_lia_mana_stone.txt,21,
items,item_lia_mana_stone_potion,AbilityCastRange,100,direct_field,game/scripts/npc/items/item_lia_mana_stone_potion.txt,15,
items,item_lia_mana_stone_potion,AbilityCastPoint,0.0,direct_field,game/scripts/npc/items/item_lia_mana_stone_potion.txt,16,
items,item_lia_mana_stone_potion,AbilityCooldown,40.0,direct_field,game/scripts/npc/items/item_lia_mana_stone_potion.txt,17,
items,item_lia_mana_stone_potion,bonus_mana_regen,0.25,AbilityValues,game/scripts/npc/items/item_lia_mana_stone_potion.txt,32,
items,item_lia_mana_stone_potion,mana_amount,250,AbilityValues,game/scripts/npc/items/item_lia_mana_stone_potion.txt,33,
items,item_lia_mantle,bonus_intelligence,6,AbilityValues,game/scripts/npc/items/item_lia_mantle.txt,21,
items,item_lia_mask,bonus_mana_regen,0.2,AbilityValues,game/scripts/npc/items/item_lia_mask.txt,22,
items,item_lia_mask_of_death,lifesteal_percent,10,AbilityValues,game/scripts/npc/items/item_lia_mask_of_death.txt,21,
items,item_lia_mithril_armor,AbilityCooldown,14.0,direct_field,game/scripts/npc/items/item_lia_mithril_armor.txt,41,
items,item_lia_mithril_armor,AbilityManaCost,80,direct_field,game/scripts/npc/items/item_lia_mithril_armor.txt,42,
items,item_lia_mithril_armor,AbilityCastRange,400,direct_field,game/scripts/npc/items/item_lia_mithril_armor.txt,43,
items,item_lia_mithril_armor,bonus_armor,16,AbilityValues,game/scripts/npc/items/item_lia_mithril_armor.txt,53,
items,item_lia_mithril_armor,bonus_health,250,AbilityValues,game/scripts/npc/items/item_lia_mithril_armor.txt,54,
items,item_lia_mithril_armor,damage_blocked,45,AbilityValues,game/scripts/npc/items/item_lia_mithril_armor.txt,55,
items,item_lia_mithril_armor,radius,400,AbilityValues,game/scripts/npc/items/item_lia_mithril_armor.txt,56,
items,item_lia_mithril_armor,duration,5.0,AbilityValues,game/scripts/npc/items/item_lia_mithril_armor.txt,57,
items,item_lia_necklace,bonus_agility,6,AbilityValues,game/scripts/npc/items/item_lia_necklace.txt,23,
items,item_lia_orb_of_fire,bonus_damage,15,AbilityValues,game/scripts/npc/items/item_lia_orb_of_fire.txt,24,
items,item_lia_orb_of_fire,radius,180,AbilityValues,game/scripts/npc/items/item_lia_orb_of_fire.txt,25,
items,item_lia_orb_of_frost,bonus_mana,400,AbilityValues,game/scripts/npc/items/item_lia_orb_of_frost.txt,40,
items,item_lia_orb_of_frost,bonus_damage,30,AbilityValues,game/scripts/npc/items/item_lia_orb_of_frost.txt,41,
items,item_lia_orb_of_frost,aura_radius,900,AbilityValues,game/scripts/npc/items/item_lia_orb_of_frost.txt,42,
items,item_lia_orb_of_frost,aura_attack_speed,20,AbilityValues,game/scripts/npc/items/item_lia_orb_of_frost.txt,43,
items,item_lia_orb_of_frost,aura_movement_speed,10,AbilityValues,game/scripts/npc/items/item_lia_orb_of_frost.txt,44,
items,item_lia_orb_of_frost,orb_movespeed_slow,-40,AbilityValues,game/scripts/npc/items/item_lia_orb_of_frost.txt,45,
items,item_lia_orb_of_frost,orb_attack_slow,-25,AbilityValues,game/scripts/npc/items/item_lia_orb_of_frost.txt,46,
items,item_lia_orb_of_frost,orb_duration,3,AbilityValues,game/scripts/npc/items/item_lia_orb_of_frost.txt,47,
items,item_lia_pantilus_blade,bonus_attack_speed,35,AbilityValues,game/scripts/npc/items/item_lia_pantilus_blade.txt,54,
items,item_lia_pantilus_blade,bonus_damage,30,AbilityValues,game/scripts/npc/items/item_lia_pantilus_blade.txt,55,
items,item_lia_pantilus_blade,bonus_agility,15,AbilityValues,game/scripts/npc/items/item_lia_pantilus_blade.txt,56,
items,item_lia_poleaxe_of_rage,AbilityCastPoint,0.0,direct_field,game/scripts/npc/items/item_lia_poleaxe_of_rage.txt,37,
items,item_lia_poleaxe_of_rage,AbilityCooldown,16.0,direct_field,game/scripts/npc/items/item_lia_poleaxe_of_rage.txt,38,
items,item_lia_poleaxe_of_rage,AbilityManaCost,90,direct_field,game/scripts/npc/items/item_lia_poleaxe_of_rage.txt,39,
items,item_lia_poleaxe_of_rage,bonus_damage,40,AbilityValues,game/scripts/npc/items/item_lia_poleaxe_of_rage.txt,139,
items,item_lia_poleaxe_of_rage,crit_chance,25,AbilityValues,game/scripts/npc/items/item_lia_poleaxe_of_rage.txt,140,
items,item_lia_poleaxe_of_rage,crit_mult,220,AbilityValues,game/scripts/npc/items/item_lia_poleaxe_of_rage.txt,141,
items,item_lia_poleaxe_of_rage,berserk_bonus_attack_speed,250,AbilityValues,game/scripts/npc/items/item_lia_poleaxe_of_rage.txt,142,
items,item_lia_poleaxe_of_rage,berserk_bonus_movement_speed_percentage,20,AbilityValues,game/scripts/npc/items/item_lia_poleaxe_of_rage.txt,143,
items,item_lia_poleaxe_of_rage,berserk_extra_incoming_damage_percentage,10,AbilityValues,game/scripts/npc/items/item_lia_poleaxe_of_rage.txt,144,
items,item_lia_poleaxe_of_rage,berserk_duration,8.0,AbilityValues,game/scripts/npc/items/item_lia_poleaxe_of_rage.txt,145,
items,item_lia_potion_of_invisibility,AbilityCooldown,13,direct_field,game/scripts/npc/items/item_lia_potion_of_invisibility.txt,12,
items,item_lia_potion_of_invisibility,duration,7,AbilityValues,game/scripts/npc/items/item_lia_potion_of_invisibility.txt,29,
items,item_lia_potion_of_invulnerability,AbilityCooldown,40,direct_field,game/scripts/npc/items/item_lia_potion_of_invulnerability.txt,12,
items,item_lia_potion_of_invulnerability,duration,2,AbilityValues,game/scripts/npc/items/item_lia_potion_of_invulnerability.txt,29,
items,item_lia_pure_light,AbilityCooldown,30,direct_field,game/scripts/npc/items/item_lia_pure_light.txt,38,
items,item_lia_pure_light,AbilityManaCost,350,direct_field,game/scripts/npc/items/item_lia_pure_light.txt,39,
items,item_lia_pure_light,AbilityCastRange,600,direct_field,game/scripts/npc/items/item_lia_pure_light.txt,40,
items,item_lia_pure_light,bonus_mana,350,AbilityValues,game/scripts/npc/items/item_lia_pure_light.txt,52,
items,item_lia_pure_light,bonus_intelligence,25,AbilityValues,game/scripts/npc/items/item_lia_pure_light.txt,53,
items,item_lia_pure_light,aura_mana_regen,15,AbilityValues,game/scripts/npc/items/item_lia_pure_light.txt,54,
items,item_lia_pure_light,aura_health_regen,15,AbilityValues,game/scripts/npc/items/item_lia_pure_light.txt,55,
items,item_lia_pure_light,aura_radius,1000,AbilityValues,game/scripts/npc/items/item_lia_pure_light.txt,56,
items,item_lia_pure_light,totem_damage_reduction,60,AbilityValues,game/scripts/npc/items/item_lia_pure_light.txt,57,
items,item_lia_pure_light,totem_duration,6,AbilityValues,game/scripts/npc/items/item_lia_pure_light.txt,58,
items,item_lia_pure_light,totem_targets,3,AbilityValues,game/scripts/npc/items/item_lia_pure_light.txt,59,
items,item_lia_pure_light,totem_radius,600,AbilityValues,game/scripts/npc/items/item_lia_pure_light.txt,60,
items,item_lia_blade_of_rage_agi,AbilityCooldown,16,direct_field,game/scripts/npc/items/item_lia_rage_sword_agi.txt,37,
items,item_lia_blade_of_rage_agi,AbilityManacost,90,direct_field,game/scripts/npc/items/item_lia_rage_sword_agi.txt,38,
items,item_lia_blade_of_rage_agi,bonus_attack_speed,55,AbilityValues,game/scripts/npc/items/item_lia_rage_sword_agi.txt,47,
items,item_lia_blade_of_rage_agi,bonus_damage,50,AbilityValues,game/scripts/npc/items/item_lia_rage_sword_agi.txt,48,
items,item_lia_blade_of_rage_agi,bonus_agility,25,AbilityValues,game/scripts/npc/items/item_lia_rage_sword_agi.txt,49,
items,item_lia_blade_of_rage_agi,duration,5,AbilityValues,game/scripts/npc/items/item_lia_rage_sword_agi.txt,50,
items,item_lia_blade_of_rage_agi,agi_percent,75,AbilityValues,game/scripts/npc/items/item_lia_rage_sword_agi.txt,51,
items,item_lia_blade_of_rage_int,AbilityCooldown,16,direct_field,game/scripts/npc/items/item_lia_rage_sword_int.txt,37,
items,item_lia_blade_of_rage_int,AbilityManacost,90,direct_field,game/scripts/npc/items/item_lia_rage_sword_int.txt,38,
items,item_lia_blade_of_rage_int,bonus_attack_speed,55,AbilityValues,game/scripts/npc/items/item_lia_rage_sword_int.txt,47,
items,item_lia_blade_of_rage_int,bonus_damage,50,AbilityValues,game/scripts/npc/items/item_lia_rage_sword_int.txt,48,
items,item_lia_blade_of_rage_int,bonus_intellect,25,AbilityValues,game/scripts/npc/items/item_lia_rage_sword_int.txt,49,
items,item_lia_blade_of_rage_int,duration,5,AbilityValues,game/scripts/npc/items/item_lia_rage_sword_int.txt,50,
items,item_lia_blade_of_rage_int,int_percent,75,AbilityValues,game/scripts/npc/items/item_lia_rage_sword_int.txt,51,
items,item_lia_blade_of_rage_str,AbilityCooldown,16,direct_field,game/scripts/npc/items/item_lia_rage_sword_str.txt,37,
items,item_lia_blade_of_rage_str,AbilityManacost,90,direct_field,game/scripts/npc/items/item_lia_rage_sword_str.txt,38,
items,item_lia_blade_of_rage_str,bonus_attack_speed,55,AbilityValues,game/scripts/npc/items/item_lia_rage_sword_str.txt,47,
items,item_lia_blade_of_rage_str,bonus_damage,50,AbilityValues,game/scripts/npc/items/item_lia_rage_sword_str.txt,48,
items,item_lia_blade_of_rage_str,bonus_strength,25,AbilityValues,game/scripts/npc/items/item_lia_rage_sword_str.txt,49,
items,item_lia_blade_of_rage_str,duration,5,AbilityValues,game/scripts/npc/items/item_lia_rage_sword_str.txt,50,
items,item_lia_blade_of_rage_str,str_percent,75,AbilityValues,game/scripts/npc/items/item_lia_rage_sword_str.txt,51,
items,item_lia_ring_of_protection,bonus_armor,3,AbilityValues,game/scripts/npc/items/item_lia_ring_of_protection.txt,21,
items,item_lia_ring_of_regeneration,bonus_health_regen,3,AbilityValues,game/scripts/npc/items/item_lia_ring_of_regeneration.txt,22,
items,item_lia_rune_gold,AbilityCooldown,0,direct_field,game/scripts/npc/items/item_lia_rune_gold.txt,16,
items,item_lia_rune_lumber,AbilityCooldown,0,direct_field,game/scripts/npc/items/item_lia_rune_lumber.txt,16,
items,item_lia_rune_of_agility,AbilityCooldown,0,direct_field,game/scripts/npc/items/item_lia_rune_of_agility.txt,23,
items,item_lia_rune_of_healing,AbilityCooldown,0,direct_field,game/scripts/npc/items/item_lia_rune_of_healing.txt,17,
items,item_lia_rune_of_healing,heal,450,AbilityValues,game/scripts/npc/items/item_lia_rune_of_healing.txt,69,
items,item_lia_rune_of_healing,radius,2000,AbilityValues,game/scripts/npc/items/item_lia_rune_of_healing.txt,70,
items,item_lia_rune_of_intellect,AbilityCooldown,0,direct_field,game/scripts/npc/items/item_lia_rune_of_intellect.txt,23,
items,item_lia_rune_of_lifesteal,AbilityCooldown,0,direct_field,game/scripts/npc/items/item_lia_rune_of_lifesteal.txt,23,
items,item_lia_rune_of_lifesteal,duration,15,AbilityValues,game/scripts/npc/items/item_lia_rune_of_lifesteal.txt,34,
items,item_lia_rune_of_lifesteal,bonus_damage,50,AbilityValues,game/scripts/npc/items/item_lia_rune_of_lifesteal.txt,35,
items,item_lia_rune_of_lifesteal,lifesteal_percent,100,AbilityValues,game/scripts/npc/items/item_lia_rune_of_lifesteal.txt,36,
items,item_lia_rune_of_luck,AbilityCooldown,0,direct_field,game/scripts/npc/items/item_lia_rune_of_luck.txt,17,
items,item_lia_rune_of_mana,AbilityCooldown,0,direct_field,game/scripts/npc/items/item_lia_rune_of_mana.txt,16,
items,item_lia_rune_of_mana,mana,250,AbilityValues,game/scripts/npc/items/item_lia_rune_of_mana.txt,70,
items,item_lia_rune_of_mana,radius,2000,AbilityValues,game/scripts/npc/items/item_lia_rune_of_mana.txt,71,
items,item_lia_rune_of_protection,AbilityCooldown,0,direct_field,game/scripts/npc/items/item_lia_rune_of_protection.txt,18,
items,item_lia_rune_of_protection,radius,1400,AbilityValues,game/scripts/npc/items/item_lia_rune_of_protection.txt,41,
items,item_lia_rune_of_restoration,AbilityCooldown,0,direct_field,game/scripts/npc/items/item_lia_rune_of_restoration.txt,16,
items,item_lia_rune_of_restoration,mana,300,AbilityValues,game/scripts/npc/items/item_lia_rune_of_restoration.txt,77,
items,item_lia_rune_of_restoration,heal,300,AbilityValues,game/scripts/npc/items/item_lia_rune_of_restoration.txt,78,
items,item_lia_rune_of_restoration,radius,2000,AbilityValues,game/scripts/npc/items/item_lia_rune_of_restoration.txt,79,
items,item_lia_rune_of_speed,AbilityCooldown,0,direct_field,game/scripts/npc/items/item_lia_rune_of_speed.txt,22,
items,item_lia_rune_of_speed,radius,2000,AbilityValues,game/scripts/npc/items/item_lia_rune_of_speed.txt,33,
items,item_lia_rune_of_speed,duration,15,AbilityValues,game/scripts/npc/items/item_lia_rune_of_speed.txt,34,
items,item_lia_rune_of_speed,speed_bonus,200,AbilityValues,game/scripts/npc/items/item_lia_rune_of_speed.txt,35,
items,item_lia_rune_of_strength,AbilityCooldown,0,direct_field,game/scripts/npc/items/item_lia_rune_of_strength.txt,23,
items,item_lia_runed_bracers,bonus_magic_resist_percentage,20,AbilityValues,game/scripts/npc/items/item_lia_runed_bracers.txt,21,
items,item_lia_runed_gloves,bonus_attack_speed,20,AbilityValues,game/scripts/npc/items/item_lia_runed_gloves.txt,53,
items,item_lia_runed_gloves,bonus_damage,20,AbilityValues,game/scripts/npc/items/item_lia_runed_gloves.txt,54,
items,item_lia_staff_of_power,AbilityCooldown,20,direct_field,game/scripts/npc/items/item_lia_scepter_of_power.txt,38,
items,item_lia_staff_of_power,bonus_mana_regen,1.5,AbilityValues,game/scripts/npc/items/item_lia_scepter_of_power.txt,44,
items,item_lia_staff_of_power,block_cooldown,20,AbilityValues,game/scripts/npc/items/item_lia_scepter_of_power.txt,45,
items,item_lia_scroll_of_restoration,AbilityCooldown,25,direct_field,game/scripts/npc/items/item_lia_scroll_of_restoration.txt,11,
items,item_lia_scroll_of_restoration,health_restored,500,AbilityValues,game/scripts/npc/items/item_lia_scroll_of_restoration.txt,27,
items,item_lia_scroll_of_restoration,mana_restored,250,AbilityValues,game/scripts/npc/items/item_lia_scroll_of_restoration.txt,28,
items,item_lia_scroll_of_restoration,radius,1000,AbilityValues,game/scripts/npc/items/item_lia_scroll_of_restoration.txt,29,
items,item_lia_scroll_of_secret_knowledge,AbilityCooldown,12,direct_field,game/scripts/npc/items/item_lia_scroll_of_secret_knowledge.txt,11,
items,item_lia_scroll_of_secret_knowledge,bonus_armor,100,AbilityValues,game/scripts/npc/items/item_lia_scroll_of_secret_knowledge.txt,27,
items,item_lia_scroll_of_secret_knowledge,duration,6,AbilityValues,game/scripts/npc/items/item_lia_scroll_of_secret_knowledge.txt,28,
items,item_lia_scroll_of_secret_knowledge,radius,600,AbilityValues,game/scripts/npc/items/item_lia_scroll_of_secret_knowledge.txt,29,
items,item_lia_seal_of_power_shop,bonus_damage,50,AbilityValues,game/scripts/npc/items/item_lia_seal_of_power.txt,39,
items,item_lia_seal_of_power_shop,bonus_armor,15,AbilityValues,game/scripts/npc/items/item_lia_seal_of_power.txt,40,
items,item_lia_seal_of_power_shop,damage_needed_for_one_armor,20,AbilityValues,game/scripts/npc/items/item_lia_seal_of_power.txt,41,
items,item_lia_seal_of_power_shop,armor_needed_for_one_damage,0.5,AbilityValues,game/scripts/npc/items/item_lia_seal_of_power.txt,42,
items,item_lia_seal_of_power_shop,damage_limit,200,AbilityValues,game/scripts/npc/items/item_lia_seal_of_power.txt,43,
items,item_lia_seal_of_power_shop,armor_limit,30,AbilityValues,game/scripts/npc/items/item_lia_seal_of_power.txt,44,
items,item_lia_seal_of_power_shop,stats_lose_percent,25,AbilityValues,game/scripts/npc/items/item_lia_seal_of_power.txt,45,
items,item_lia_seal_of_power_shop,armor_for_dmg_tooltip,1,AbilityValues,game/scripts/npc/items/item_lia_seal_of_power.txt,46,
items,item_lia_seal_of_power_shop,dmg_tooltip,2,AbilityValues,game/scripts/npc/items/item_lia_seal_of_power.txt,47,
items,item_lia_seal_of_power_shop,armor_tooltip,2,AbilityValues,game/scripts/npc/items/item_lia_seal_of_power.txt,48,
items,item_lia_shield_of_death,AbilityCastPoint,0.0,direct_field,game/scripts/npc/items/item_lia_shield_of_death.txt,41,
items,item_lia_shield_of_death,AbilityCooldown,14.0,direct_field,game/scripts/npc/items/item_lia_shield_of_death.txt,42,
items,item_lia_shield_of_death,AbilityManaCost,120,direct_field,game/scripts/npc/items/item_lia_shield_of_death.txt,43,
items,item_lia_shield_of_death,AbilityCastRange,300,direct_field,game/scripts/npc/items/item_lia_shield_of_death.txt,45,
items,item_lia_shield_of_death,bonus_magic_resist_percentage,30,AbilityValues,game/scripts/npc/items/item_lia_shield_of_death.txt,103,
items,item_lia_shield_of_death,bonus_health,450,AbilityValues,game/scripts/npc/items/item_lia_shield_of_death.txt,104,
items,item_lia_shield_of_death,damage,350,AbilityValues,game/scripts/npc/items/item_lia_shield_of_death.txt,105,
items,item_lia_shield_of_death,radius,300,AbilityValues,game/scripts/npc/items/item_lia_shield_of_death.txt,106,
items,item_lia_shield_of_death,active_armor,20,AbilityValues,game/scripts/npc/items/item_lia_shield_of_death.txt,107,
items,item_lia_shield_of_death,duration,6.0,AbilityValues,game/scripts/npc/items/item_lia_shield_of_death.txt,108,
items,item_lia_shield_of_endurance,bonus_armor,5,AbilityValues,game/scripts/npc/items/item_lia_shield_of_endurance.txt,54,
items,item_lia_shield_of_endurance,bonus_health,250,AbilityValues,game/scripts/npc/items/item_lia_shield_of_endurance.txt,55,
items,item_lia_shield_of_endurance,bonus_health_regen,10,AbilityValues,game/scripts/npc/items/item_lia_shield_of_endurance.txt,56,
items,item_lia_spear,bonus_damage,24,AbilityValues,game/scripts/npc/items/item_lia_spear.txt,23,
items,item_lia_spellbreaker,AbilityCooldown,15.0,direct_field,game/scripts/npc/items/item_lia_spellbreaker.txt,34,
items,item_lia_spellbreaker,bonus_armor,20,AbilityValues,game/scripts/npc/items/item_lia_spellbreaker.txt,44,
items,item_lia_spellbreaker,bonus_health,600,AbilityValues,game/scripts/npc/items/item_lia_spellbreaker.txt,45,
items,item_lia_spellbreaker,block_chance,50,AbilityValues,game/scripts/npc/items/item_lia_spellbreaker.txt,46,
items,item_lia_spellbreaker,damage_block,125,AbilityValues,game/scripts/npc/items/item_lia_spellbreaker.txt,47,
items,item_lia_spellbreaker,bonus_mana_regen,1.5,AbilityValues,game/scripts/npc/items/item_lia_spellbreaker.txt,48,
items,item_lia_spellbreaker,block_cooldown,15.0,AbilityValues,game/scripts/npc/items/item_lia_spellbreaker.txt,49,
items,item_ultimate_scepter,AbilityCastRange,800,direct_field,game/scripts/npc/items/item_lia_spherical_staff.txt,43,
items,item_ultimate_scepter,AbilityCooldown,45.0,direct_field,game/scripts/npc/items/item_lia_spherical_staff.txt,44,
items,item_ultimate_scepter,AbilityManaCost,250,direct_field,game/scripts/npc/items/item_lia_spherical_staff.txt,45,
items,item_ultimate_scepter,bonus_mana_regen,1,AbilityValues,game/scripts/npc/items/item_lia_spherical_staff.txt,58,
items,item_ultimate_scepter,bonus_int,30,AbilityValues,game/scripts/npc/items/item_lia_spherical_staff.txt,59,
items,item_ultimate_scepter,infernal_duration,60,AbilityValues,game/scripts/npc/items/item_lia_spherical_staff.txt,60,
items,item_ultimate_scepter,stun_duration,2.7,AbilityValues,game/scripts/npc/items/item_lia_spherical_staff.txt,61,
items,item_ultimate_scepter,radius,220,AbilityValues,game/scripts/npc/items/item_lia_spherical_staff.txt,62,
items,item_ultimate_scepter,damage,300,AbilityValues,game/scripts/npc/items/item_lia_spherical_staff.txt,63,
items,item_ultimate_scepter,bonus_all_stats,0,AbilityValues,game/scripts/npc/items/item_lia_spherical_staff.txt,68,
items,item_ultimate_scepter,bonus_health,0,AbilityValues,game/scripts/npc/items/item_lia_spherical_staff.txt,69,
items,item_ultimate_scepter,bonus_mana,0,AbilityValues,game/scripts/npc/items/item_lia_spherical_staff.txt,70,
items,item_lia_spider_ring,armor_reduction,3,AbilityValues,game/scripts/npc/items/item_lia_spider_ring.txt,24,
items,item_lia_spider_ring,duration,6,AbilityValues,game/scripts/npc/items/item_lia_spider_ring.txt,25,
items,item_lia_staff,bonus_intelligence,12,AbilityValues,game/scripts/npc/items/item_lia_staff.txt,21,
items,item_lia_staff_of_help,AbilityCastRange,800,direct_field,game/scripts/npc/items/item_lia_staff_of_help.txt,61,
items,item_lia_staff_of_help,AbilityCastPoint,0.2,direct_field,game/scripts/npc/items/item_lia_staff_of_help.txt,62,
items,item_lia_staff_of_help,AbilityCooldown,12.0,direct_field,game/scripts/npc/items/item_lia_staff_of_help.txt,63,
items,item_lia_staff_of_help,AbilityManaCost,"[150, 300]",direct_field,game/scripts/npc/items/item_lia_staff_of_help.txt,65,
items,item_lia_staff_of_help,bonus_mana_regen,"[0.5, 0.8]",AbilityValues,game/scripts/npc/items/item_lia_staff_of_help.txt,74,
items,item_lia_staff_of_help,bonus_intelligence,"[20, 25]",AbilityValues,game/scripts/npc/items/item_lia_staff_of_help.txt,75,
items,item_lia_staff_of_help,bonus_armor_aura,"[7, 10]",AbilityValues,game/scripts/npc/items/item_lia_staff_of_help.txt,76,
items,item_lia_staff_of_help,radius_aura,1000,AbilityValues,game/scripts/npc/items/item_lia_staff_of_help.txt,77,
items,item_lia_staff_of_help,healing,"[500, 700]",AbilityValues,game/scripts/npc/items/item_lia_staff_of_help.txt,78,
items,item_lia_staff_of_help,max_bounces,"[8, 10]",AbilityValues,game/scripts/npc/items/item_lia_staff_of_help.txt,79,
items,item_lia_staff_of_help,bounce_range,1000,AbilityValues,game/scripts/npc/items/item_lia_staff_of_help.txt,80,
items,item_lia_staff_of_help_2,AbilityCastRange,800,direct_field,game/scripts/npc/items/item_lia_staff_of_help.txt,154,
items,item_lia_staff_of_help_2,AbilityCastPoint,0.2,direct_field,game/scripts/npc/items/item_lia_staff_of_help.txt,155,
items,item_lia_staff_of_help_2,AbilityCooldown,12.0,direct_field,game/scripts/npc/items/item_lia_staff_of_help.txt,156,
items,item_lia_staff_of_help_2,AbilityManaCost,300,direct_field,game/scripts/npc/items/item_lia_staff_of_help.txt,158,
items,item_lia_staff_of_help_2,bonus_mana_regen,0.8,AbilityValues,game/scripts/npc/items/item_lia_staff_of_help.txt,167,
items,item_lia_staff_of_help_2,bonus_intelligence,25,AbilityValues,game/scripts/npc/items/item_lia_staff_of_help.txt,168,
items,item_lia_staff_of_help_2,bonus_armor_aura,10,AbilityValues,game/scripts/npc/items/item_lia_staff_of_help.txt,169,
items,item_lia_staff_of_help_2,radius_aura,1000,AbilityValues,game/scripts/npc/items/item_lia_staff_of_help.txt,170,
items,item_lia_staff_of_help_2,healing,700,AbilityValues,game/scripts/npc/items/item_lia_staff_of_help.txt,171,
items,item_lia_staff_of_help_2,max_bounces,10,AbilityValues,game/scripts/npc/items/item_lia_staff_of_help.txt,172,
items,item_lia_staff_of_help_2,bounce_range,1000,AbilityValues,game/scripts/npc/items/item_lia_staff_of_help.txt,173,
items,item_lia_staff_of_illusions,AbilityCastRange,600,direct_field,game/scripts/npc/items/item_lia_staff_of_illusions.txt,40,
items,item_lia_staff_of_illusions,AbilityCooldown,18.0,direct_field,game/scripts/npc/items/item_lia_staff_of_illusions.txt,42,
items,item_lia_staff_of_illusions,AbilityManaCost,240,direct_field,game/scripts/npc/items/item_lia_staff_of_illusions.txt,43,
items,item_lia_staff_of_illusions,bonus_intelligence,28,AbilityValues,game/scripts/npc/items/item_lia_staff_of_illusions.txt,71,
items,item_lia_staff_of_illusions,bonus_mana_regen,1.4,AbilityValues,game/scripts/npc/items/item_lia_staff_of_illusions.txt,72,
items,item_lia_staff_of_illusions,bonus_mana,250,AbilityValues,game/scripts/npc/items/item_lia_staff_of_illusions.txt,73,
items,item_lia_staff_of_illusions,illusion_outgoing_damage,100,AbilityValues,game/scripts/npc/items/item_lia_staff_of_illusions.txt,74,
items,item_lia_staff_of_illusions,illusion_incoming_damage,200,AbilityValues,game/scripts/npc/items/item_lia_staff_of_illusions.txt,75,
items,item_lia_staff_of_illusions,illusion_outgoing_damage_tooltip,100,AbilityValues,game/scripts/npc/items/item_lia_staff_of_illusions.txt,76,
items,item_lia_staff_of_illusions,illusion_duration,10,AbilityValues,game/scripts/npc/items/item_lia_staff_of_illusions.txt,77,
items,item_lia_staff_of_life,AbilityCastRange,700,direct_field,game/scripts/npc/items/item_lia_staff_of_life.txt,40,
items,item_lia_staff_of_life,AbilityCooldown,15,direct_field,game/scripts/npc/items/item_lia_staff_of_life.txt,41,
items,item_lia_staff_of_life,AbilityManaCost,375,direct_field,game/scripts/npc/items/item_lia_staff_of_life.txt,42,
items,item_lia_staff_of_life,bonus_intelligence,25,AbilityValues,game/scripts/npc/items/item_lia_staff_of_life.txt,55,
items,item_lia_staff_of_life,bonus_mana_regen,1.0,AbilityValues,game/scripts/npc/items/item_lia_staff_of_life.txt,56,
items,item_lia_staff_of_life,bonus_armor,5,AbilityValues,game/scripts/npc/items/item_lia_staff_of_life.txt,57,
items,item_lia_staff_of_life,ability_radius,300,AbilityValues,game/scripts/npc/items/item_lia_staff_of_life.txt,58,
items,item_lia_staff_of_life,restore_limit,700,AbilityValues,game/scripts/npc/items/item_lia_staff_of_life.txt,59,
items,item_lia_staff_of_life,ability_duration,10,AbilityValues,game/scripts/npc/items/item_lia_staff_of_life.txt,60,
items,item_lia_staff_of_light,AbilityCastRange,600,direct_field,game/scripts/npc/items/item_lia_staff_of_light.txt,41,
items,item_lia_staff_of_light,AbilityCooldown,15,direct_field,game/scripts/npc/items/item_lia_staff_of_light.txt,42,
items,item_lia_staff_of_light,AbilityManaCost,300,direct_field,game/scripts/npc/items/item_lia_staff_of_light.txt,43,
items,item_lia_staff_of_light,bonus_intelligence,35,AbilityValues,game/scripts/npc/items/item_lia_staff_of_light.txt,188,
items,item_lia_staff_of_light,bonus_mana_regen,1.2,AbilityValues,game/scripts/npc/items/item_lia_staff_of_light.txt,189,
items,item_lia_staff_of_light,ability_radius,300,AbilityValues,game/scripts/npc/items/item_lia_staff_of_light.txt,190,
items,item_lia_staff_of_light,ability_damage,50,AbilityValues,game/scripts/npc/items/item_lia_staff_of_light.txt,191,
items,item_lia_staff_of_light,ability_duration,10,AbilityValues,game/scripts/npc/items/item_lia_staff_of_light.txt,192,
items,item_lia_staff_of_light,aura_radius,550,AbilityValues,game/scripts/npc/items/item_lia_staff_of_light.txt,193,
items,item_lia_staff_of_light,aura_health_regen,40,AbilityValues,game/scripts/npc/items/item_lia_staff_of_light.txt,194,
items,item_lia_staff_of_light,aura_health_perc_max,50,AbilityValues,game/scripts/npc/items/item_lia_staff_of_light.txt,195,
items,item_lia_steel_sword,bonus_damage,12,AbilityValues,game/scripts/npc/items/item_lia_steel_sword.txt,20,
items,item_lia_stormwind_horn,AbilityCastPoint,0.0,direct_field,game/scripts/npc/items/item_lia_stormwind_horn.txt,11,
items,item_lia_stormwind_horn,AbilityCastRange,900,direct_field,game/scripts/npc/items/item_lia_stormwind_horn.txt,12,
items,item_lia_stormwind_horn,radius,900,AbilityValues,game/scripts/npc/items/item_lia_stormwind_horn.txt,26,
items,item_lia_stormwind_horn,bonus_attack_speed,15,AbilityValues,game/scripts/npc/items/item_lia_stormwind_horn.txt,27,
items,item_lia_stormwind_horn,bonus_movement_speed_percent,10,AbilityValues,game/scripts/npc/items/item_lia_stormwind_horn.txt,28,
items,item_lia_stormwind_horn,regen,0,AbilityValues,game/scripts/npc/items/item_lia_stormwind_horn.txt,29,
items,item_lia_sword_of_solidarity,AbilityCooldown,28,direct_field,game/scripts/npc/items/item_lia_sword_of_solidarity.txt,53,
items,item_lia_sword_of_solidarity,bonus_damage,"[50, 90]",AbilityValues,game/scripts/npc/items/item_lia_sword_of_solidarity.txt,107,
items,item_lia_sword_of_solidarity,bonus_armor,"[5, 10]",AbilityValues,game/scripts/npc/items/item_lia_sword_of_solidarity.txt,108,
items,item_lia_sword_of_solidarity,bonus_health_regen,"[5, 15]",AbilityValues,game/scripts/npc/items/item_lia_sword_of_solidarity.txt,109,
items,item_lia_sword_of_solidarity,replenish_amount,"[200, 400]",AbilityValues,game/scripts/npc/items/item_lia_sword_of_solidarity.txt,110,
items,item_lia_sword_of_solidarity,active_armor,"[14, 24]",AbilityValues,game/scripts/npc/items/item_lia_sword_of_solidarity.txt,111,
items,item_lia_sword_of_solidarity,replenish_radius,800,AbilityValues,game/scripts/npc/items/item_lia_sword_of_solidarity.txt,112,
items,item_lia_sword_of_solidarity,duration,16.0,AbilityValues,game/scripts/npc/items/item_lia_sword_of_solidarity.txt,113,
items,item_lia_sword_of_solidarity_2,AbilityCooldown,28,direct_field,game/scripts/npc/items/item_lia_sword_of_solidarity.txt,129,
items,item_lia_sword_of_solidarity_2,bonus_damage,90,AbilityValues,game/scripts/npc/items/item_lia_sword_of_solidarity.txt,182,
items,item_lia_sword_of_solidarity_2,bonus_armor,10,AbilityValues,game/scripts/npc/items/item_lia_sword_of_solidarity.txt,183,
items,item_lia_sword_of_solidarity_2,replenish_radius,800,AbilityValues,game/scripts/npc/items/item_lia_sword_of_solidarity.txt,184,
items,item_lia_sword_of_solidarity_2,bonus_health_regen,15,AbilityValues,game/scripts/npc/items/item_lia_sword_of_solidarity.txt,185,
items,item_lia_sword_of_solidarity_2,replenish_amount,400,AbilityValues,game/scripts/npc/items/item_lia_sword_of_solidarity.txt,186,
items,item_lia_sword_of_solidarity_2,active_armor,24,AbilityValues,game/scripts/npc/items/item_lia_sword_of_solidarity.txt,187,
items,item_lia_sword_of_solidarity_2,duration,16.0,AbilityValues,game/scripts/npc/items/item_lia_sword_of_solidarity.txt,188,
items,item_lia_thugs_dagger,bonus_agility,12,AbilityValues,game/scripts/npc/items/item_lia_thugs_dagger.txt,23,
items,item_lia_totem_of_persistence,AbilityCooldown,22.0,direct_field,game/scripts/npc/items/item_lia_totem_of_persistence.txt,36,
items,item_lia_totem_of_persistence,bonus_magic_resist_percentage,40,AbilityValues,game/scripts/npc/items/item_lia_totem_of_persistence.txt,44,
items,item_lia_totem_of_persistence,bonus_mana_regen,1.75,AbilityValues,game/scripts/npc/items/item_lia_totem_of_persistence.txt,45,
items,item_lia_totem_of_persistence,bonus_armor,15,AbilityValues,game/scripts/npc/items/item_lia_totem_of_persistence.txt,46,
items,item_lia_totem_of_persistence,bonus_health,250,AbilityValues,game/scripts/npc/items/item_lia_totem_of_persistence.txt,47,
items,item_lia_totem_of_persistence,duration,6.0,AbilityValues,game/scripts/npc/items/item_lia_totem_of_persistence.txt,48,
items,item_lia_troll_defender,AbilityCooldown,20,direct_field,game/scripts/npc/items/item_lia_troll_defender.txt,19,
items,item_lia_troll_defender,duration,45,AbilityValues,game/scripts/npc/items/item_lia_troll_defender.txt,39,
items,item_lia_troll_healer,AbilityCooldown,20,direct_field,game/scripts/npc/items/item_lia_troll_healer.txt,20,
items,item_lia_troll_healer,duration,45,AbilityValues,game/scripts/npc/items/item_lia_troll_healer.txt,40,
items,item_lia_widow_boots,AbilityCastPoint,0,direct_field,game/scripts/npc/items/item_lia_widow_boots.txt,39,
items,item_lia_widow_boots,AbilityCooldown,18.0,direct_field,game/scripts/npc/items/item_lia_widow_boots.txt,40,
items,item_lia_widow_boots,AbilityManaCost,70,direct_field,game/scripts/npc/items/item_lia_widow_boots.txt,41,
items,item_lia_widow_boots,bonus_attack_damage,60,AbilityValues,game/scripts/npc/items/item_lia_widow_boots.txt,52,
items,item_lia_widow_boots,bonus_movement_speed,60,AbilityValues,game/scripts/npc/items/item_lia_widow_boots.txt,53,
items,item_lia_widow_boots,armor_reduction,3,AbilityValues,game/scripts/npc/items/item_lia_widow_boots.txt,54,
items,item_lia_widow_boots,max_stacks,5,AbilityValues,game/scripts/npc/items/item_lia_widow_boots.txt,55,
items,item_lia_widow_boots,debuff_duration,6,AbilityValues,game/scripts/npc/items/item_lia_widow_boots.txt,56,
items,item_lia_widow_boots,invis_duration,6,AbilityValues,game/scripts/npc/items/item_lia_widow_boots.txt,57,
items,item_lia_widow_boots,invis_movespeed_percent,30,AbilityValues,game/scripts/npc/items/item_lia_widow_boots.txt,58,
items,item_lia_widow_boots,invis_bonus_damage,100,AbilityValues,game/scripts/npc/items/item_lia_widow_boots.txt,59,
units,10_wave_megaboss,AbilityLayout,6,direct_field,game/scripts/npc/units/10_wave_megaboss.txt,163,
units,15_wave_megaboss,AbilityLayout,6,direct_field,game/scripts/npc/units/15_wave_megaboss.txt,26,
units,5_wave_megaboss,AbilityLayout,5,direct_field,game/scripts/npc/units/5_wave_megaboss.txt,26,
units,dummy_unit,AbilityLayout,4,direct_field,game/scripts/npc/units/dummy_unit.txt,11,
units,dummy_unit_vulnerable,AbilityLayout,4,direct_field,game/scripts/npc/units/dummy_unit.txt,23,
units,dummy_unit_building,AbilityLayout,4,direct_field,game/scripts/npc/units/dummy_unit.txt,36,
units,dummy_unit_anomaly,AbilityLayout,4,direct_field,game/scripts/npc/units/dummy_unit.txt,48,
units,dummy_unit_side_effect,AbilityLayout,4,direct_field,game/scripts/npc/units/dummy_unit.txt,60,
units,dummy_unit_phase_hero,AbilityLayout,4,direct_field,game/scripts/npc/units/dummy_unit.txt,72,
units,dummy_unit_pure_light,AbilityLayout,4,direct_field,game/scripts/npc/units/dummy_unit.txt,85,
units,orn_megaboss,AbilityLayout,7,direct_field,game/scripts/npc/units/orn_megaboss.txt,51,
