category,entity,special,declared_in_entity,declared_value,definition_source,definition_line,consumer_source,consumer_line,consumer_function,receiver,warning
abilities,second_wave_wave_of_force_extreme,attack_speed,True,1050,game/scripts/npc/abilities/extreme_mode_creep_actives.txt,223,game/scripts/vscripts/abilities/second_wave_wave_of_force_extreme.lua,7,second_wave_wave_of_force_extreme:OnSpellStart,self,File-link candidate only; receiver may be another ability. Missing declaration can inherit engine defaults or read another entity.
abilities,second_wave_wave_of_force_extreme,attack_width_initial,True,150,game/scripts/npc/abilities/extreme_mode_creep_actives.txt,224,game/scripts/vscripts/abilities/second_wave_wave_of_force_extreme.lua,8,second_wave_wave_of_force_extreme:OnSpellStart,self,File-link candidate only; receiver may be another ability. Missing declaration can inherit engine defaults or read another entity.
abilities,second_wave_wave_of_force_extreme,attack_width_end,True,150,game/scripts/npc/abilities/extreme_mode_creep_actives.txt,225,game/scripts/vscripts/abilities/second_wave_wave_of_force_extreme.lua,9,second_wave_wave_of_force_extreme:OnSpellStart,self,File-link candidate only; receiver may be another ability. Missing declaration can inherit engine defaults or read another entity.
abilities,second_wave_wave_of_force_extreme,attack_distance,True,1150,game/scripts/npc/abilities/extreme_mode_creep_actives.txt,226,game/scripts/vscripts/abilities/second_wave_wave_of_force_extreme.lua,10,second_wave_wave_of_force_extreme:OnSpellStart,self,File-link candidate only; receiver may be another ability. Missing declaration can inherit engine defaults or read another entity.
abilities,second_wave_wave_of_force_extreme,max_health_damage,True,25,game/scripts/npc/abilities/extreme_mode_creep_actives.txt,227,game/scripts/vscripts/abilities/second_wave_wave_of_force_extreme.lua,11,second_wave_wave_of_force_extreme:OnSpellStart,self,File-link candidate only; receiver may be another ability. Missing declaration can inherit engine defaults or read another entity.
abilities,11_wave_immolation_extreme,damage_per_second,True,90,game/scripts/npc/abilities/extreme_mode_creep_actives.txt,557,game/scripts/vscripts/abilities/6_wave_immolation.lua,11,Immolation,ability,File-link candidate only; receiver may be another ability. Missing declaration can inherit engine defaults or read another entity.
abilities,11_wave_immolation_extreme,mana_cost_per_second,True,25,game/scripts/npc/abilities/extreme_mode_creep_actives.txt,558,game/scripts/vscripts/abilities/6_wave_immolation.lua,12,Immolation,ability,File-link candidate only; receiver may be another ability. Missing declaration can inherit engine defaults or read another entity.
abilities,14_wave_storm_bolt_extreme,damage,True,950,game/scripts/npc/abilities/extreme_mode_creep_actives.txt,926,game/scripts/vscripts/abilities/8_wave_storm_bolt.lua,11,StormBolt,ability,File-link candidate only; receiver may be another ability. Missing declaration can inherit engine defaults or read another entity.
abilities,14_wave_storm_bolt_extreme,duration,True,4.0,game/scripts/npc/abilities/extreme_mode_creep_actives.txt,925,game/scripts/vscripts/abilities/8_wave_storm_bolt.lua,12,StormBolt,ability,File-link candidate only; receiver may be another ability. Missing declaration can inherit engine defaults or read another entity.
abilities,wave_16_mana_burn_extreme,mana_burn,True,350,game/scripts/npc/abilities/extreme_mode_creep_actives.txt,990,game/scripts/vscripts/abilities/wave_16_mana_burn_extreme.lua,22,wave_16_mana_burn_extreme:OnSpellStart,self,File-link candidate only; receiver may be another ability. Missing declaration can inherit engine defaults or read another entity.
abilities,wave_16_mana_burn_extreme,damage_per_mana,True,1,game/scripts/npc/abilities/extreme_mode_creep_actives.txt,991,game/scripts/vscripts/abilities/wave_16_mana_burn_extreme.lua,23,wave_16_mana_burn_extreme:OnSpellStart,self,File-link candidate only; receiver may be another ability. Missing declaration can inherit engine defaults or read another entity.
abilities,16_wave_slow_extreme,hero_duration,True,10,game/scripts/npc/abilities/extreme_mode_creep_actives.txt,1023,game/scripts/vscripts/abilities/GhostSlow.lua,5,Slow,ability,File-link candidate only; receiver may be another ability. Missing declaration can inherit engine defaults or read another entity.
abilities,16_wave_slow_extreme,duration,True,20,game/scripts/npc/abilities/extreme_mode_creep_actives.txt,1024,game/scripts/vscripts/abilities/GhostSlow.lua,6,Slow,ability,File-link candidate only; receiver may be another ability. Missing declaration can inherit engine defaults or read another entity.
abilities,17_wave_purge_extreme,summoned_unit_damage,True,2000,game/scripts/npc/abilities/extreme_mode_creep_actives.txt,1085,game/scripts/vscripts/abilities/Purge.lua,33,PurgeStart,ability,File-link candidate only; receiver may be another ability. Missing declaration can inherit engine defaults or read another entity.
abilities,17_wave_purge_extreme,duration_hero,True,10,game/scripts/npc/abilities/extreme_mode_creep_actives.txt,1084,game/scripts/vscripts/abilities/Purge.lua,40,PurgeStart,ability,File-link candidate only; receiver may be another ability. Missing declaration can inherit engine defaults or read another entity.
abilities,17_wave_purge_extreme,duration,True,10,game/scripts/npc/abilities/extreme_mode_creep_actives.txt,1083,game/scripts/vscripts/abilities/Purge.lua,42,PurgeStart,ability,File-link candidate only; receiver may be another ability. Missing declaration can inherit engine defaults or read another entity.
abilities,17_wave_purge_extreme,stack_multi,True,5,game/scripts/npc/abilities/extreme_mode_creep_actives.txt,1087,game/scripts/vscripts/abilities/Purge.lua,55,ApplyPurge,ability,File-link candidate only; receiver may be another ability. Missing declaration can inherit engine defaults or read another entity.
abilities,19_wave_faerie_fire_extreme,duration,True,10,game/scripts/npc/abilities/extreme_mode_creep_actives.txt,1261,game/scripts/vscripts/abilities/FaerieFire.lua,6,ApplyFaerieFire,ability,File-link candidate only; receiver may be another ability. Missing declaration can inherit engine defaults or read another entity.
abilities,19_wave_faerie_fire_extreme,hero_duration,True,10,game/scripts/npc/abilities/extreme_mode_creep_actives.txt,1262,game/scripts/vscripts/abilities/FaerieFire.lua,13,ApplyFaerieFire,ability,File-link candidate only; receiver may be another ability. Missing declaration can inherit engine defaults or read another entity.
abilities,19_wave_polymorph_extreme,duration,True,8,game/scripts/npc/abilities/extreme_mode_creep_actives.txt,1331,game/scripts/vscripts/abilities/Polymorph.lua,12,Polymorph,ability,File-link candidate only; receiver may be another ability. Missing declaration can inherit engine defaults or read another entity.
abilities,19_wave_polymorph_extreme,duration,True,8,game/scripts/npc/abilities/extreme_mode_creep_actives.txt,1331,game/scripts/vscripts/abilities/Polymorph.lua,55,HideWearables,ability,File-link candidate only; receiver may be another ability. Missing declaration can inherit engine defaults or read another entity.
abilities,19_wave_polymorph_extreme,illusion_damage,False,,game/scripts/npc/abilities/extreme_mode_creep_actives.txt,,game/scripts/vscripts/abilities/modifier_19_wave_polymorph_lua.lua,34,modifier_19_wave_polymorph_lua:OnCreated,self:GetAbility(),File-link candidate only; receiver may be another ability. Missing declaration can inherit engine defaults or read another entity.
abilities,wave_1_poison_extreme,duration,True,4,game/scripts/npc/abilities/extreme_mode_creep_passives.txt,26,game/scripts/vscripts/abilities/modifier_wave_1_poison.lua,12,modifier_wave_1_poison:OnCreated,self:GetAbility(),File-link candidate only; receiver may be another ability. Missing declaration can inherit engine defaults or read another entity.
abilities,wave_1_poison_extreme,movement_slow,True,-25,game/scripts/npc/abilities/extreme_mode_creep_passives.txt,23,game/scripts/vscripts/abilities/modifier_wave_1_poison.lua,78,modifier_wave_1_poison_debuff:OnCreated,self:GetAbility(),File-link candidate only; receiver may be another ability. Missing declaration can inherit engine defaults or read another entity.
abilities,wave_1_poison_extreme,attack_slow,True,-25,game/scripts/npc/abilities/extreme_mode_creep_passives.txt,24,game/scripts/vscripts/abilities/modifier_wave_1_poison.lua,79,modifier_wave_1_poison_debuff:OnCreated,self:GetAbility(),File-link candidate only; receiver may be another ability. Missing declaration can inherit engine defaults or read another entity.
abilities,wave_1_poison_extreme,damage_per_second,True,10,game/scripts/npc/abilities/extreme_mode_creep_passives.txt,25,game/scripts/vscripts/abilities/modifier_wave_1_poison.lua,80,modifier_wave_1_poison_debuff:OnCreated,self:GetAbility(),File-link candidate only; receiver may be another ability. Missing declaration can inherit engine defaults or read another entity.
abilities,wave_2_aura_of_vengeance_extreme,radius,True,1000,game/scripts/npc/abilities/extreme_mode_creep_passives.txt,46,game/scripts/vscripts/abilities/modifier_wave_2_aura_of_vengeance.lua,46,modifier_wave_2_aura_of_vengeance:OnCreated,self:GetAbility(),File-link candidate only; receiver may be another ability. Missing declaration can inherit engine defaults or read another entity.
abilities,wave_2_aura_of_vengeance_extreme,radius,True,1000,game/scripts/npc/abilities/extreme_mode_creep_passives.txt,46,game/scripts/vscripts/abilities/modifier_wave_2_aura_of_vengeance.lua,52,modifier_wave_2_aura_of_vengeance:OnRefresh,self:GetAbility(),File-link candidate only; receiver may be another ability. Missing declaration can inherit engine defaults or read another entity.
abilities,wave_2_aura_of_vengeance_extreme,damage_return,True,35,game/scripts/npc/abilities/extreme_mode_creep_passives.txt,47,game/scripts/vscripts/abilities/modifier_wave_2_aura_of_vengeance_aura.lua,49,modifier_wave_2_aura_of_vengeance_aura:OnCreated,self:GetAbility(),File-link candidate only; receiver may be another ability. Missing declaration can inherit engine defaults or read another entity.
abilities,wave_2_centaurs_revenge_extreme,damage_return,True,20,game/scripts/npc/abilities/extreme_mode_creep_passives.txt,61,game/scripts/vscripts/abilities/wave_2_centaurs_revenge_extreme.lua,52,modifier_2_wave_centaurs_revenge:OnTakeDamage,self:GetAbility(),File-link candidate only; receiver may be another ability. Missing declaration can inherit engine defaults or read another entity.
abilities,wave_2_centaur_chieftain_aura_extreme,aura_radius,True,900,game/scripts/npc/abilities/extreme_mode_creep_passives.txt,125,game/scripts/vscripts/abilities/modifier_wave_2_centaur_chieftain_aura.lua,48,modifier_wave_2_centaur_chieftain_aura:OnCreated,self:GetAbility(),File-link candidate only; receiver may be another ability. Missing declaration can inherit engine defaults or read another entity.
abilities,wave_2_centaur_chieftain_aura_extreme,aura_radius,True,900,game/scripts/npc/abilities/extreme_mode_creep_passives.txt,125,game/scripts/vscripts/abilities/modifier_wave_2_centaur_chieftain_aura.lua,57,modifier_wave_2_centaur_chieftain_aura:OnRefresh,self:GetAbility(),File-link candidate only; receiver may be another ability. Missing declaration can inherit engine defaults or read another entity.
abilities,wave_2_centaur_chieftain_aura_extreme,bonus_movement_speed_percentage,True,30,game/scripts/npc/abilities/extreme_mode_creep_passives.txt,126,game/scripts/vscripts/abilities/modifier_wave_2_centaur_chieftain_aura_effect.lua,6,modifier_wave_2_centaur_chieftain_aura_effect:OnCreated,self:GetAbility(),File-link candidate only; receiver may be another ability. Missing declaration can inherit engine defaults or read another entity.
abilities,wave_2_centaur_chieftain_aura_extreme,bonus_attack_speed,True,30,game/scripts/npc/abilities/extreme_mode_creep_passives.txt,127,game/scripts/vscripts/abilities/modifier_wave_2_centaur_chieftain_aura_effect.lua,7,modifier_wave_2_centaur_chieftain_aura_effect:OnCreated,self:GetAbility(),File-link candidate only; receiver may be another ability. Missing declaration can inherit engine defaults or read another entity.
abilities,wave_2_centaur_chieftain_aura_extreme,bonus_movement_speed_percentage,True,30,game/scripts/npc/abilities/extreme_mode_creep_passives.txt,126,game/scripts/vscripts/abilities/modifier_wave_2_centaur_chieftain_aura_effect.lua,13,modifier_wave_2_centaur_chieftain_aura_effect:OnRefresh,self:GetAbility(),File-link candidate only; receiver may be another ability. Missing declaration can inherit engine defaults or read another entity.
abilities,wave_2_centaur_chieftain_aura_extreme,bonus_attack_speed,True,30,game/scripts/npc/abilities/extreme_mode_creep_passives.txt,127,game/scripts/vscripts/abilities/modifier_wave_2_centaur_chieftain_aura_effect.lua,14,modifier_wave_2_centaur_chieftain_aura_effect:OnRefresh,self:GetAbility(),File-link candidate only; receiver may be another ability. Missing declaration can inherit engine defaults or read another entity.
abilities,wave_3_evasion_extreme,evasion,True,25,game/scripts/npc/abilities/extreme_mode_creep_passives.txt,141,game/scripts/vscripts/abilities/wave_3_evasion_extreme.lua,23,modifier_wave_3_evasion_extreme:OnCreated,self:GetAbility(),File-link candidate only; receiver may be another ability. Missing declaration can inherit engine defaults or read another entity.
abilities,4_wave_true_hit_extreme,damage,True,40,game/scripts/npc/abilities/extreme_mode_creep_passives.txt,161,game/scripts/vscripts/abilities/4_wave_true_hit.lua,17,DealDamageOrNot,ability,File-link candidate only; receiver may be another ability. Missing declaration can inherit engine defaults or read another entity.
abilities,wave_6_assassin_extreme,crit_chance,True,20,game/scripts/npc/abilities/extreme_mode_creep_passives.txt,243,game/scripts/vscripts/abilities/wave_6_assassin_extreme.lua,31,modifier_wave_6_assassin_extreme:OnCreated,self:GetAbility(),File-link candidate only; receiver may be another ability. Missing declaration can inherit engine defaults or read another entity.
abilities,wave_6_assassin_extreme,crit_multiplier,True,200,game/scripts/npc/abilities/extreme_mode_creep_passives.txt,242,game/scripts/vscripts/abilities/wave_6_assassin_extreme.lua,32,modifier_wave_6_assassin_extreme:OnCreated,self:GetAbility(),File-link candidate only; receiver may be another ability. Missing declaration can inherit engine defaults or read another entity.
abilities,wave_6_assassin_extreme,evasion,True,20,game/scripts/npc/abilities/extreme_mode_creep_passives.txt,244,game/scripts/vscripts/abilities/wave_6_assassin_extreme.lua,33,modifier_wave_6_assassin_extreme:OnCreated,self:GetAbility(),File-link candidate only; receiver may be another ability. Missing declaration can inherit engine defaults or read another entity.
abilities,wave_6_assassin_extreme,crit_chance,True,20,game/scripts/npc/abilities/extreme_mode_creep_passives.txt,243,game/scripts/vscripts/abilities/wave_6_assassin_extreme.lua,36,modifier_wave_6_assassin_extreme:OnCreated,self:GetAbility(),File-link candidate only; receiver may be another ability. Missing declaration can inherit engine defaults or read another entity.
abilities,7_wave_sharp_claws_extreme,duration,True,0.01,game/scripts/npc/abilities/extreme_mode_creep_passives.txt,269,game/scripts/vscripts/abilities/7_wave_sharp_claws.lua,8,SharpClaws,ability,File-link candidate only; receiver may be another ability. Missing declaration can inherit engine defaults or read another entity.
abilities,wave_8_lifesteal_extreme,lifesteal_percent,True,50,game/scripts/npc/abilities/extreme_mode_creep_passives.txt,314,game/scripts/vscripts/abilities/wave_8_lifesteal_extreme.lua,52,modifier_wave_8_lifesteal_extreme_effect:OnCreated,self:GetAbility(),File-link candidate only; receiver may be another ability. Missing declaration can inherit engine defaults or read another entity.
abilities,wave_9_incorporeity_extreme,melee_damage_reduction,True,-25,game/scripts/npc/abilities/extreme_mode_creep_passives.txt,329,game/scripts/vscripts/abilities/wave_9_incorporeity_extreme.lua,42,modifier_wave_9_incorporeity_extreme:OnCreated,self:GetAbility(),File-link candidate only; receiver may be another ability. Missing declaration can inherit engine defaults or read another entity.
abilities,wave_9_incorporeity_extreme,ranged_damage_reduction,True,-40,game/scripts/npc/abilities/extreme_mode_creep_passives.txt,330,game/scripts/vscripts/abilities/wave_9_incorporeity_extreme.lua,43,modifier_wave_9_incorporeity_extreme:OnCreated,self:GetAbility(),File-link candidate only; receiver may be another ability. Missing declaration can inherit engine defaults or read another entity.
abilities,wave_11_mana_break_extreme,mana_per_hit,True,60,game/scripts/npc/abilities/extreme_mode_creep_passives.txt,350,game/scripts/vscripts/abilities/modifiers/modifier_mana_break.lua,18,modifier_mana_break:OnCreated,self:GetAbility(),File-link candidate only; receiver may be another ability. Missing declaration can inherit engine defaults or read another entity.
abilities,wave_11_mana_break_extreme,damage_per_mana,True,1.0,game/scripts/npc/abilities/extreme_mode_creep_passives.txt,351,game/scripts/vscripts/abilities/modifiers/modifier_mana_break.lua,19,modifier_mana_break:OnCreated,self:GetAbility(),File-link candidate only; receiver may be another ability. Missing declaration can inherit engine defaults or read another entity.
abilities,wave_11_mana_break_extreme_creeps,mana_per_hit,True,50,game/scripts/npc/abilities/extreme_mode_creep_passives.txt,371,game/scripts/vscripts/abilities/modifiers/modifier_mana_break.lua,18,modifier_mana_break:OnCreated,self:GetAbility(),File-link candidate only; receiver may be another ability. Missing declaration can inherit engine defaults or read another entity.
abilities,wave_11_mana_break_extreme_creeps,damage_per_mana,True,1.0,game/scripts/npc/abilities/extreme_mode_creep_passives.txt,372,game/scripts/vscripts/abilities/modifiers/modifier_mana_break.lua,19,modifier_mana_break:OnCreated,self:GetAbility(),File-link candidate only; receiver may be another ability. Missing declaration can inherit engine defaults or read another entity.
abilities,wave_12_crit_extreme,crit_chance,True,35,game/scripts/npc/abilities/extreme_mode_creep_passives.txt,393,game/scripts/vscripts/abilities/wave_12_crit_extreme.lua,31,modifier_wave_12_crit_extreme:OnCreated,self:GetAbility(),File-link candidate only; receiver may be another ability. Missing declaration can inherit engine defaults or read another entity.
abilities,wave_12_crit_extreme,crit_multiplier,True,250,game/scripts/npc/abilities/extreme_mode_creep_passives.txt,392,game/scripts/vscripts/abilities/wave_12_crit_extreme.lua,32,modifier_wave_12_crit_extreme:OnCreated,self:GetAbility(),File-link candidate only; receiver may be another ability. Missing declaration can inherit engine defaults or read another entity.
abilities,wave_12_crit_extreme,crit_chance,True,35,game/scripts/npc/abilities/extreme_mode_creep_passives.txt,393,game/scripts/vscripts/abilities/wave_12_crit_extreme.lua,35,modifier_wave_12_crit_extreme:OnCreated,self:GetAbility(),File-link candidate only; receiver may be another ability. Missing declaration can inherit engine defaults or read another entity.
abilities,wave_13_command_aura_extreme,aura_radius,True,1000,game/scripts/npc/abilities/extreme_mode_creep_passives.txt,417,game/scripts/vscripts/abilities/modifier_wave_13_command_aura.lua,48,modifier_wave_13_command_aura:OnCreated,self:GetAbility(),File-link candidate only; receiver may be another ability. Missing declaration can inherit engine defaults or read another entity.
abilities,wave_13_command_aura_extreme,bonus_damage_pct,True,60,game/scripts/npc/abilities/extreme_mode_creep_passives.txt,416,game/scripts/vscripts/abilities/modifier_wave_13_command_aura.lua,60,modifier_wave_13_command_aura_effect:OnCreated,self:GetAbility(),File-link candidate only; receiver may be another ability. Missing declaration can inherit engine defaults or read another entity.
abilities,wave_16_evasion_extreme,evasion,True,35,game/scripts/npc/abilities/extreme_mode_creep_passives.txt,431,game/scripts/vscripts/abilities/wave_16_evasion_extreme.lua,23,modifier_wave_16_evasion_extreme:OnCreated,self:GetAbility(),File-link candidate only; receiver may be another ability. Missing declaration can inherit engine defaults or read another entity.
abilities,wave_17_evasion_extreme,evasion,True,99,game/scripts/npc/abilities/extreme_mode_creep_passives.txt,445,game/scripts/vscripts/abilities/wave_17_evasion_extreme.lua,23,modifier_wave_17_evasion_extreme:OnCreated,self:GetAbility(),File-link candidate only; receiver may be another ability. Missing declaration can inherit engine defaults or read another entity.
abilities,wave_18_bash_extreme,bash_chance,True,100,game/scripts/npc/abilities/extreme_mode_creep_passives.txt,461,game/scripts/vscripts/abilities/wave_18_bash_extreme.lua,31,modifier_wave_18_bash_extreme:OnCreated,self:GetAbility(),File-link candidate only; receiver may be another ability. Missing declaration can inherit engine defaults or read another entity.
abilities,wave_18_bash_extreme,bash_damage,True,100,game/scripts/npc/abilities/extreme_mode_creep_passives.txt,463,game/scripts/vscripts/abilities/wave_18_bash_extreme.lua,32,modifier_wave_18_bash_extreme:OnCreated,self:GetAbility(),File-link candidate only; receiver may be another ability. Missing declaration can inherit engine defaults or read another entity.
abilities,wave_18_bash_extreme,bash_duration,True,1,game/scripts/npc/abilities/extreme_mode_creep_passives.txt,462,game/scripts/vscripts/abilities/wave_18_bash_extreme.lua,33,modifier_wave_18_bash_extreme:OnCreated,self:GetAbility(),File-link candidate only; receiver may be another ability. Missing declaration can inherit engine defaults or read another entity.
abilities,wave_18_bash_extreme,bash_chance,True,100,game/scripts/npc/abilities/extreme_mode_creep_passives.txt,461,game/scripts/vscripts/abilities/wave_18_bash_extreme.lua,36,modifier_wave_18_bash_extreme:OnCreated,self:GetAbility(),File-link candidate only; receiver may be another ability. Missing declaration can inherit engine defaults or read another entity.
abilities,wave_18_bash_extreme,bash_damage,True,100,game/scripts/npc/abilities/extreme_mode_creep_passives.txt,463,game/scripts/vscripts/abilities/wave_18_bash_extreme.lua,64,modifier_wave_18_bash_extreme:OnAttackLanded,self:GetAbility(),File-link candidate only; receiver may be another ability. Missing declaration can inherit engine defaults or read another entity.
abilities,wave_18_bash_extreme,bash_duration,True,1,game/scripts/npc/abilities/extreme_mode_creep_passives.txt,462,game/scripts/vscripts/abilities/wave_18_bash_extreme.lua,69,modifier_wave_18_bash_extreme:OnAttackLanded,self:GetAbility(),File-link candidate only; receiver may be another ability. Missing declaration can inherit engine defaults or read another entity.
abilities,second_wave_wave_of_force,attack_speed,True,1050,game/scripts/npc/abilities/normal_mode_creep_actives.txt,139,game/scripts/vscripts/abilities/second_wave_wave_of_force.lua,7,second_wave_wave_of_force:OnSpellStart,self,File-link candidate only; receiver may be another ability. Missing declaration can inherit engine defaults or read another entity.
abilities,second_wave_wave_of_force,attack_width_initial,True,150,game/scripts/npc/abilities/normal_mode_creep_actives.txt,140,game/scripts/vscripts/abilities/second_wave_wave_of_force.lua,8,second_wave_wave_of_force:OnSpellStart,self,File-link candidate only; receiver may be another ability. Missing declaration can inherit engine defaults or read another entity.
abilities,second_wave_wave_of_force,attack_width_end,True,150,game/scripts/npc/abilities/normal_mode_creep_actives.txt,141,game/scripts/vscripts/abilities/second_wave_wave_of_force.lua,9,second_wave_wave_of_force:OnSpellStart,self,File-link candidate only; receiver may be another ability. Missing declaration can inherit engine defaults or read another entity.
abilities,second_wave_wave_of_force,attack_distance,True,1150,game/scripts/npc/abilities/normal_mode_creep_actives.txt,142,game/scripts/vscripts/abilities/second_wave_wave_of_force.lua,10,second_wave_wave_of_force:OnSpellStart,self,File-link candidate only; receiver may be another ability. Missing declaration can inherit engine defaults or read another entity.
abilities,second_wave_wave_of_force,max_health_damage,True,20,game/scripts/npc/abilities/normal_mode_creep_actives.txt,143,game/scripts/vscripts/abilities/second_wave_wave_of_force.lua,11,second_wave_wave_of_force:OnSpellStart,self,File-link candidate only; receiver may be another ability. Missing declaration can inherit engine defaults or read another entity.
abilities,4_wave_death_coil,damage,True,500,game/scripts/npc/abilities/normal_mode_creep_actives.txt,247,game/scripts/vscripts/abilities/4_wave_death_coil.lua,8,DeathCoil,ability,File-link candidate only; receiver may be another ability. Missing declaration can inherit engine defaults or read another entity.
abilities,5_megaboss_firestorm,duration,True,3.0,game/scripts/npc/abilities/normal_mode_creep_actives.txt,322,game/scripts/vscripts/abilities/5_wave_firestorm.lua,11,RainOfFireStart,ability,File-link candidate only; receiver may be another ability. Missing declaration can inherit engine defaults or read another entity.
abilities,5_megaboss_firestorm,radius,True,300,game/scripts/npc/abilities/normal_mode_creep_actives.txt,313,game/scripts/vscripts/abilities/5_wave_firestorm.lua,35,RainOfFireWave,ability,File-link candidate only; receiver may be another ability. Missing declaration can inherit engine defaults or read another entity.
abilities,5_megaboss_firestorm,wave_damage,True,200,game/scripts/npc/abilities/normal_mode_creep_actives.txt,315,game/scripts/vscripts/abilities/5_wave_firestorm.lua,36,RainOfFireWave,ability,File-link candidate only; receiver may be another ability. Missing declaration can inherit engine defaults or read another entity.
abilities,8_wave_storm_bolt,damage,True,400,game/scripts/npc/abilities/normal_mode_creep_actives.txt,706,game/scripts/vscripts/abilities/8_wave_storm_bolt.lua,11,StormBolt,ability,File-link candidate only; receiver may be another ability. Missing declaration can inherit engine defaults or read another entity.
abilities,8_wave_storm_bolt,duration,True,3.0,game/scripts/npc/abilities/normal_mode_creep_actives.txt,705,game/scripts/vscripts/abilities/8_wave_storm_bolt.lua,12,StormBolt,ability,File-link candidate only; receiver may be another ability. Missing declaration can inherit engine defaults or read another entity.
abilities,9_wave_frost_nova,aoe_damage,True,400,game/scripts/npc/abilities/normal_mode_creep_actives.txt,775,game/scripts/vscripts/abilities/9_wave_frost_nova.lua,11,FrostNova,ability,File-link candidate only; receiver may be another ability. Missing declaration can inherit engine defaults or read another entity.
abilities,9_wave_frost_nova,aoe_damage,True,400,game/scripts/npc/abilities/normal_mode_creep_actives.txt,775,game/scripts/vscripts/abilities/9_wave_frost_nova.lua,13,FrostNova,ability,File-link candidate only; receiver may be another ability. Missing declaration can inherit engine defaults or read another entity.
abilities,9_wave_frost_nova,slow_hero_duration,True,6,game/scripts/npc/abilities/normal_mode_creep_actives.txt,776,game/scripts/vscripts/abilities/9_wave_frost_nova.lua,14,FrostNova,ability,File-link candidate only; receiver may be another ability. Missing declaration can inherit engine defaults or read another entity.
abilities,11_wave_immolation,damage_per_second,True,60,game/scripts/npc/abilities/normal_mode_creep_actives.txt,1125,game/scripts/vscripts/abilities/6_wave_immolation.lua,11,Immolation,ability,File-link candidate only; receiver may be another ability. Missing declaration can inherit engine defaults or read another entity.
abilities,11_wave_immolation,mana_cost_per_second,True,25,game/scripts/npc/abilities/normal_mode_creep_actives.txt,1126,game/scripts/vscripts/abilities/6_wave_immolation.lua,12,Immolation,ability,File-link candidate only; receiver may be another ability. Missing declaration can inherit engine defaults or read another entity.
abilities,13_wave_hurl_boulder,damage,True,100,game/scripts/npc/abilities/normal_mode_creep_actives.txt,1450,game/scripts/vscripts/abilities/13_wave_hurl_boulder.lua,13,StormBolt,ability,File-link candidate only; receiver may be another ability. Missing declaration can inherit engine defaults or read another entity.
abilities,13_wave_hurl_boulder,duration,True,2.0,game/scripts/npc/abilities/normal_mode_creep_actives.txt,1449,game/scripts/vscripts/abilities/13_wave_hurl_boulder.lua,14,StormBolt,ability,File-link candidate only; receiver may be another ability. Missing declaration can inherit engine defaults or read another entity.
abilities,14_wave_storm_bolt,damage,True,750,game/scripts/npc/abilities/normal_mode_creep_actives.txt,1648,game/scripts/vscripts/abilities/8_wave_storm_bolt.lua,11,StormBolt,ability,File-link candidate only; receiver may be another ability. Missing declaration can inherit engine defaults or read another entity.
abilities,14_wave_storm_bolt,duration,True,4.0,game/scripts/npc/abilities/normal_mode_creep_actives.txt,1647,game/scripts/vscripts/abilities/8_wave_storm_bolt.lua,12,StormBolt,ability,File-link candidate only; receiver may be another ability. Missing declaration can inherit engine defaults or read another entity.
abilities,15_megaboss_illusions,images_count,True,2,game/scripts/npc/abilities/normal_mode_creep_actives.txt,1724,game/scripts/vscripts/abilities/15_wave_illusions.lua,5,Illusions,ability,File-link candidate only; receiver may be another ability. Missing declaration can inherit engine defaults or read another entity.
abilities,15_megaboss_illusions,illusion_duration,True,60,game/scripts/npc/abilities/normal_mode_creep_actives.txt,1719,game/scripts/vscripts/abilities/15_wave_illusions.lua,6,Illusions,ability,File-link candidate only; receiver may be another ability. Missing declaration can inherit engine defaults or read another entity.
abilities,15_megaboss_illusions,illusion_outgoing_damage,False,,game/scripts/npc/abilities/normal_mode_creep_actives.txt,,game/scripts/vscripts/abilities/15_wave_illusions.lua,7,Illusions,ability,File-link candidate only; receiver may be another ability. Missing declaration can inherit engine defaults or read another entity.
abilities,15_megaboss_illusions,illusion_incoming_damage,False,,game/scripts/npc/abilities/normal_mode_creep_actives.txt,,game/scripts/vscripts/abilities/15_wave_illusions.lua,8,Illusions,ability,File-link candidate only; receiver may be another ability. Missing declaration can inherit engine defaults or read another entity.
abilities,15_megaboss_astral,duration_on_hero,True,8.0,game/scripts/npc/abilities/normal_mode_creep_actives.txt,1807,game/scripts/vscripts/abilities/15_wave_astral.lua,9,Banish,ability,File-link candidate only; receiver may be another ability. Missing declaration can inherit engine defaults or read another entity.
abilities,15_megaboss_astral,duration_hero,False,,game/scripts/npc/abilities/normal_mode_creep_actives.txt,,game/scripts/vscripts/heroes/Hermit/hermit_astral.lua,29,hermit_astral:OnSpellStart,self,File-link candidate only; receiver may be another ability. Missing declaration can inherit engine defaults or read another entity.
abilities,15_megaboss_astral,duration_other,False,,game/scripts/npc/abilities/normal_mode_creep_actives.txt,,game/scripts/vscripts/heroes/Hermit/hermit_astral.lua,29,hermit_astral:OnSpellStart,self,File-link candidate only; receiver may be another ability. Missing declaration can inherit engine defaults or read another entity.
abilities,15_megaboss_astral,reduce_spell_damage_pct,True,-40,game/scripts/npc/abilities/normal_mode_creep_actives.txt,1805,game/scripts/vscripts/heroes/Hermit/hermit_astral.lua,78,modifier_hermit_decrepify:OnCreated,self:GetAbility(),File-link candidate only; receiver may be another ability. Missing declaration can inherit engine defaults or read another entity.
abilities,15_megaboss_astral,reduce_movement_speed,True,-100,game/scripts/npc/abilities/normal_mode_creep_actives.txt,1806,game/scripts/vscripts/heroes/Hermit/hermit_astral.lua,79,modifier_hermit_decrepify:OnCreated,self:GetAbility(),File-link candidate only; receiver may be another ability. Missing declaration can inherit engine defaults or read another entity.
abilities,15_megaboss_astral,reduce_spell_damage_pct,True,-40,game/scripts/npc/abilities/normal_mode_creep_actives.txt,1805,game/scripts/vscripts/heroes/Hermit/hermit_astral.lua,94,modifier_hermit_decrepify:OnRefresh,self:GetAbility(),File-link candidate only; receiver may be another ability. Missing declaration can inherit engine defaults or read another entity.
abilities,15_megaboss_astral,reduce_movement_speed,True,-100,game/scripts/npc/abilities/normal_mode_creep_actives.txt,1806,game/scripts/vscripts/heroes/Hermit/hermit_astral.lua,95,modifier_hermit_decrepify:OnRefresh,self:GetAbility(),File-link candidate only; receiver may be another ability. Missing declaration can inherit engine defaults or read another entity.
abilities,wave_16_mana_burn,mana_burn,True,250,game/scripts/npc/abilities/normal_mode_creep_actives.txt,2008,game/scripts/vscripts/abilities/wave_16_mana_burn.lua,22,wave_16_mana_burn:OnSpellStart,self,File-link candidate only; receiver may be another ability. Missing declaration can inherit engine defaults or read another entity.
abilities,wave_16_mana_burn,damage_per_mana,True,1,game/scripts/npc/abilities/normal_mode_creep_actives.txt,2009,game/scripts/vscripts/abilities/wave_16_mana_burn.lua,23,wave_16_mana_burn:OnSpellStart,self,File-link candidate only; receiver may be another ability. Missing declaration can inherit engine defaults or read another entity.
abilities,16_wave_slow,hero_duration,True,10,game/scripts/npc/abilities/normal_mode_creep_actives.txt,2041,game/scripts/vscripts/abilities/GhostSlow.lua,5,Slow,ability,File-link candidate only; receiver may be another ability. Missing declaration can inherit engine defaults or read another entity.
abilities,16_wave_slow,duration,True,20,game/scripts/npc/abilities/normal_mode_creep_actives.txt,2042,game/scripts/vscripts/abilities/GhostSlow.lua,6,Slow,ability,File-link candidate only; receiver may be another ability. Missing declaration can inherit engine defaults or read another entity.
abilities,17_wave_purge,summoned_unit_damage,True,1000,game/scripts/npc/abilities/normal_mode_creep_actives.txt,2097,game/scripts/vscripts/abilities/Purge.lua,33,PurgeStart,ability,File-link candidate only; receiver may be another ability. Missing declaration can inherit engine defaults or read another entity.
abilities,17_wave_purge,duration_hero,True,10,game/scripts/npc/abilities/normal_mode_creep_actives.txt,2096,game/scripts/vscripts/abilities/Purge.lua,40,PurgeStart,ability,File-link candidate only; receiver may be another ability. Missing declaration can inherit engine defaults or read another entity.
abilities,17_wave_purge,duration,True,10,game/scripts/npc/abilities/normal_mode_creep_actives.txt,2095,game/scripts/vscripts/abilities/Purge.lua,42,PurgeStart,ability,File-link candidate only; receiver may be another ability. Missing declaration can inherit engine defaults or read another entity.
abilities,17_wave_purge,stack_multi,True,5,game/scripts/npc/abilities/normal_mode_creep_actives.txt,2099,game/scripts/vscripts/abilities/Purge.lua,55,ApplyPurge,ability,File-link candidate only; receiver may be another ability. Missing declaration can inherit engine defaults or read another entity.
abilities,19_wave_polymorph,duration,True,6,game/scripts/npc/abilities/normal_mode_creep_actives.txt,2275,game/scripts/vscripts/abilities/Polymorph.lua,12,Polymorph,ability,File-link candidate only; receiver may be another ability. Missing declaration can inherit engine defaults or read another entity.
abilities,19_wave_polymorph,duration,True,6,game/scripts/npc/abilities/normal_mode_creep_actives.txt,2275,game/scripts/vscripts/abilities/Polymorph.lua,55,HideWearables,ability,File-link candidate only; receiver may be another ability. Missing declaration can inherit engine defaults or read another entity.
abilities,19_wave_polymorph,illusion_damage,False,,game/scripts/npc/abilities/normal_mode_creep_actives.txt,,game/scripts/vscripts/abilities/modifier_19_wave_polymorph_lua.lua,34,modifier_19_wave_polymorph_lua:OnCreated,self:GetAbility(),File-link candidate only; receiver may be another ability. Missing declaration can inherit engine defaults or read another entity.
abilities,19_wave_faerie_fire,duration,True,10,game/scripts/npc/abilities/normal_mode_creep_actives.txt,2371,game/scripts/vscripts/abilities/FaerieFire.lua,6,ApplyFaerieFire,ability,File-link candidate only; receiver may be another ability. Missing declaration can inherit engine defaults or read another entity.
abilities,19_wave_faerie_fire,hero_duration,True,10,game/scripts/npc/abilities/normal_mode_creep_actives.txt,2372,game/scripts/vscripts/abilities/FaerieFire.lua,13,ApplyFaerieFire,ability,File-link candidate only; receiver may be another ability. Missing declaration can inherit engine defaults or read another entity.
abilities,wave_1_poison,duration,True,4,game/scripts/npc/abilities/normal_mode_creep_passives.txt,117,game/scripts/vscripts/abilities/modifier_wave_1_poison.lua,12,modifier_wave_1_poison:OnCreated,self:GetAbility(),File-link candidate only; receiver may be another ability. Missing declaration can inherit engine defaults or read another entity.
abilities,wave_1_poison,movement_slow,True,-15,game/scripts/npc/abilities/normal_mode_creep_passives.txt,114,game/scripts/vscripts/abilities/modifier_wave_1_poison.lua,78,modifier_wave_1_poison_debuff:OnCreated,self:GetAbility(),File-link candidate only; receiver may be another ability. Missing declaration can inherit engine defaults or read another entity.
abilities,wave_1_poison,attack_slow,True,-15,game/scripts/npc/abilities/normal_mode_creep_passives.txt,115,game/scripts/vscripts/abilities/modifier_wave_1_poison.lua,79,modifier_wave_1_poison_debuff:OnCreated,self:GetAbility(),File-link candidate only; receiver may be another ability. Missing declaration can inherit engine defaults or read another entity.
abilities,wave_1_poison,damage_per_second,True,0,game/scripts/npc/abilities/normal_mode_creep_passives.txt,116,game/scripts/vscripts/abilities/modifier_wave_1_poison.lua,80,modifier_wave_1_poison_debuff:OnCreated,self:GetAbility(),File-link candidate only; receiver may be another ability. Missing declaration can inherit engine defaults or read another entity.
abilities,wave_2_aura_of_vengeance,radius,True,1000,game/scripts/npc/abilities/normal_mode_creep_passives.txt,138,game/scripts/vscripts/abilities/modifier_wave_2_aura_of_vengeance.lua,46,modifier_wave_2_aura_of_vengeance:OnCreated,self:GetAbility(),File-link candidate only; receiver may be another ability. Missing declaration can inherit engine defaults or read another entity.
abilities,wave_2_aura_of_vengeance,radius,True,1000,game/scripts/npc/abilities/normal_mode_creep_passives.txt,138,game/scripts/vscripts/abilities/modifier_wave_2_aura_of_vengeance.lua,52,modifier_wave_2_aura_of_vengeance:OnRefresh,self:GetAbility(),File-link candidate only; receiver may be another ability. Missing declaration can inherit engine defaults or read another entity.
abilities,wave_2_aura_of_vengeance,damage_return,True,20,game/scripts/npc/abilities/normal_mode_creep_passives.txt,137,game/scripts/vscripts/abilities/modifier_wave_2_aura_of_vengeance_aura.lua,49,modifier_wave_2_aura_of_vengeance_aura:OnCreated,self:GetAbility(),File-link candidate only; receiver may be another ability. Missing declaration can inherit engine defaults or read another entity.
abilities,wave_2_centaurs_revenge,damage_return,True,10,game/scripts/npc/abilities/normal_mode_creep_passives.txt,153,game/scripts/vscripts/abilities/wave_2_centaurs_revenge.lua,51,modifier_2_wave_centaurs_revenge:OnTakeDamage,self:GetAbility(),File-link candidate only; receiver may be another ability. Missing declaration can inherit engine defaults or read another entity.
abilities,wave_3_evasion,evasion,True,25,game/scripts/npc/abilities/normal_mode_creep_passives.txt,169,game/scripts/vscripts/abilities/wave_3_evasion.lua,23,modifier_wave_3_evasion:OnCreated,self:GetAbility(),File-link candidate only; receiver may be another ability. Missing declaration can inherit engine defaults or read another entity.
abilities,4_wave_true_hit,damage,True,15,game/scripts/npc/abilities/normal_mode_creep_passives.txt,189,game/scripts/vscripts/abilities/4_wave_true_hit.lua,17,DealDamageOrNot,ability,File-link candidate only; receiver may be another ability. Missing declaration can inherit engine defaults or read another entity.
abilities,megaboss_5_bash,bash_chance,True,16,game/scripts/npc/abilities/normal_mode_creep_passives.txt,273,game/scripts/vscripts/abilities/megaboss_5_bash.lua,31,modifier_megaboss_5_bash:OnCreated,self:GetAbility(),File-link candidate only; receiver may be another ability. Missing declaration can inherit engine defaults or read another entity.
abilities,megaboss_5_bash,bash_damage,True,100,game/scripts/npc/abilities/normal_mode_creep_passives.txt,275,game/scripts/vscripts/abilities/megaboss_5_bash.lua,32,modifier_megaboss_5_bash:OnCreated,self:GetAbility(),File-link candidate only; receiver may be another ability. Missing declaration can inherit engine defaults or read another entity.
abilities,megaboss_5_bash,bash_duration,True,2.0,game/scripts/npc/abilities/normal_mode_creep_passives.txt,274,game/scripts/vscripts/abilities/megaboss_5_bash.lua,33,modifier_megaboss_5_bash:OnCreated,self:GetAbility(),File-link candidate only; receiver may be another ability. Missing declaration can inherit engine defaults or read another entity.
abilities,megaboss_5_bash,bash_chance,True,16,game/scripts/npc/abilities/normal_mode_creep_passives.txt,273,game/scripts/vscripts/abilities/megaboss_5_bash.lua,36,modifier_megaboss_5_bash:OnCreated,self:GetAbility(),File-link candidate only; receiver may be another ability. Missing declaration can inherit engine defaults or read another entity.
abilities,megaboss_5_bash,bash_damage,True,100,game/scripts/npc/abilities/normal_mode_creep_passives.txt,275,game/scripts/vscripts/abilities/megaboss_5_bash.lua,64,modifier_megaboss_5_bash:OnAttackLanded,self:GetAbility(),File-link candidate only; receiver may be another ability. Missing declaration can inherit engine defaults or read another entity.
abilities,megaboss_5_bash,bash_duration,True,2.0,game/scripts/npc/abilities/normal_mode_creep_passives.txt,274,game/scripts/vscripts/abilities/megaboss_5_bash.lua,69,modifier_megaboss_5_bash:OnAttackLanded,self:GetAbility(),File-link candidate only; receiver may be another ability. Missing declaration can inherit engine defaults or read another entity.
abilities,megaboss_5_crit,crit_chance,True,32,game/scripts/npc/abilities/normal_mode_creep_passives.txt,295,game/scripts/vscripts/abilities/megaboss_5_crit.lua,31,modifier_megaboss_5_crit:OnCreated,self:GetAbility(),File-link candidate only; receiver may be another ability. Missing declaration can inherit engine defaults or read another entity.
abilities,megaboss_5_crit,crit_multiplier,True,200,game/scripts/npc/abilities/normal_mode_creep_passives.txt,294,game/scripts/vscripts/abilities/megaboss_5_crit.lua,32,modifier_megaboss_5_crit:OnCreated,self:GetAbility(),File-link candidate only; receiver may be another ability. Missing declaration can inherit engine defaults or read another entity.
abilities,megaboss_5_crit,crit_chance,True,32,game/scripts/npc/abilities/normal_mode_creep_passives.txt,295,game/scripts/vscripts/abilities/megaboss_5_crit.lua,35,modifier_megaboss_5_crit:OnCreated,self:GetAbility(),File-link candidate only; receiver may be another ability. Missing declaration can inherit engine defaults or read another entity.
abilities,wave_6_assassin,crit_chance,True,15,game/scripts/npc/abilities/normal_mode_creep_passives.txt,346,game/scripts/vscripts/abilities/wave_6_assassin.lua,31,modifier_wave_6_assassin:OnCreated,self:GetAbility(),File-link candidate only; receiver may be another ability. Missing declaration can inherit engine defaults or read another entity.
abilities,wave_6_assassin,crit_multiplier,True,150,game/scripts/npc/abilities/normal_mode_creep_passives.txt,345,game/scripts/vscripts/abilities/wave_6_assassin.lua,32,modifier_wave_6_assassin:OnCreated,self:GetAbility(),File-link candidate only; receiver may be another ability. Missing declaration can inherit engine defaults or read another entity.
abilities,wave_6_assassin,evasion,True,15,game/scripts/npc/abilities/normal_mode_creep_passives.txt,347,game/scripts/vscripts/abilities/wave_6_assassin.lua,33,modifier_wave_6_assassin:OnCreated,self:GetAbility(),File-link candidate only; receiver may be another ability. Missing declaration can inherit engine defaults or read another entity.
abilities,wave_6_assassin,crit_chance,True,15,game/scripts/npc/abilities/normal_mode_creep_passives.txt,346,game/scripts/vscripts/abilities/wave_6_assassin.lua,36,modifier_wave_6_assassin:OnCreated,self:GetAbility(),File-link candidate only; receiver may be another ability. Missing declaration can inherit engine defaults or read another entity.
abilities,wave_6_invisibility,delay,True,1,game/scripts/npc/abilities/normal_mode_creep_passives.txt,370,game/scripts/vscripts/abilities/wave_6_invisibility.lua,31,modifier_wave_6_invisibility:OnCreated,self:GetAbility(),File-link candidate only; receiver may be another ability. Missing declaration can inherit engine defaults or read another entity.
abilities,wave_6_invisibility,duration,True,60,game/scripts/npc/abilities/normal_mode_creep_passives.txt,371,game/scripts/vscripts/abilities/wave_6_invisibility.lua,32,modifier_wave_6_invisibility:OnCreated,self:GetAbility(),File-link candidate only; receiver may be another ability. Missing declaration can inherit engine defaults or read another entity.
abilities,7_wave_sharp_claws,duration,True,0.01,game/scripts/npc/abilities/normal_mode_creep_passives.txt,392,game/scripts/vscripts/abilities/7_wave_sharp_claws.lua,8,SharpClaws,ability,File-link candidate only; receiver may be another ability. Missing declaration can inherit engine defaults or read another entity.
abilities,wave_8_lifesteal_aura,aura_radius,True,1000,game/scripts/npc/abilities/normal_mode_creep_passives.txt,524,game/scripts/vscripts/abilities/wave_8_lifesteal_aura.lua,58,modifier_wave_8_lifesteal_aura:OnCreated,self:GetAbility(),File-link candidate only; receiver may be another ability. Missing declaration can inherit engine defaults or read another entity.
abilities,wave_8_lifesteal_aura,aura_lifesteal_percent,True,75,game/scripts/npc/abilities/normal_mode_creep_passives.txt,525,game/scripts/vscripts/abilities/wave_8_lifesteal_aura.lua,95,modifier_wave_8_lifesteal_aura_effect:OnCreated,self:GetAbility(),File-link candidate only; receiver may be another ability. Missing declaration can inherit engine defaults or read another entity.
abilities,wave_8_cleave,cleave_percent,True,50,game/scripts/npc/abilities/normal_mode_creep_passives.txt,545,game/scripts/vscripts/abilities/wave_8_cleave.lua,28,modifier_wave_8_cleave:OnCreated,self.ability,File-link candidate only; receiver may be another ability. Missing declaration can inherit engine defaults or read another entity.
abilities,wave_8_cleave,cleave_start_width,True,150,game/scripts/npc/abilities/normal_mode_creep_passives.txt,546,game/scripts/vscripts/abilities/wave_8_cleave.lua,29,modifier_wave_8_cleave:OnCreated,self.ability,File-link candidate only; receiver may be another ability. Missing declaration can inherit engine defaults or read another entity.
abilities,wave_8_cleave,cleave_end_width,True,200,game/scripts/npc/abilities/normal_mode_creep_passives.txt,547,game/scripts/vscripts/abilities/wave_8_cleave.lua,30,modifier_wave_8_cleave:OnCreated,self.ability,File-link candidate only; receiver may be another ability. Missing declaration can inherit engine defaults or read another entity.
abilities,wave_8_cleave,cleave_length,True,200,game/scripts/npc/abilities/normal_mode_creep_passives.txt,548,game/scripts/vscripts/abilities/wave_8_cleave.lua,31,modifier_wave_8_cleave:OnCreated,self.ability,File-link candidate only; receiver may be another ability. Missing declaration can inherit engine defaults or read another entity.
abilities,wave_9_morphallaxis,chance,True,30,game/scripts/npc/abilities/normal_mode_creep_passives.txt,562,game/scripts/vscripts/abilities/wave_9_morphallaxis.lua,31,modifier_wave_9_morphallaxis:OnCreated,self:GetAbility(),File-link candidate only; receiver may be another ability. Missing declaration can inherit engine defaults or read another entity.
abilities,wave_9_incorporeity,melee_damage_reduction,True,-15,game/scripts/npc/abilities/normal_mode_creep_passives.txt,576,game/scripts/vscripts/abilities/wave_9_incorporeity.lua,42,modifier_wave_9_incorporeity:OnCreated,self:GetAbility(),File-link candidate only; receiver may be another ability. Missing declaration can inherit engine defaults or read another entity.
abilities,wave_9_incorporeity,ranged_damage_reduction,True,-25,game/scripts/npc/abilities/normal_mode_creep_passives.txt,577,game/scripts/vscripts/abilities/wave_9_incorporeity.lua,43,modifier_wave_9_incorporeity:OnCreated,self:GetAbility(),File-link candidate only; receiver may be another ability. Missing declaration can inherit engine defaults or read another entity.
abilities,megaboss_10_return,damage_return,True,15,game/scripts/npc/abilities/normal_mode_creep_passives.txt,653,game/scripts/vscripts/abilities/modifier_megaboss_10_return.lua,37,modifier_megaboss_10_return:OnTakeDamage,self:GetAbility(),File-link candidate only; receiver may be another ability. Missing declaration can inherit engine defaults or read another entity.
abilities,wave_11_cleave,cleave_percent,True,100,game/scripts/npc/abilities/normal_mode_creep_passives.txt,672,game/scripts/vscripts/abilities/wave_11_cleave.lua,28,modifier_wave_11_cleave:OnCreated,self.ability,File-link candidate only; receiver may be another ability. Missing declaration can inherit engine defaults or read another entity.
abilities,wave_11_cleave,cleave_start_width,True,150,game/scripts/npc/abilities/normal_mode_creep_passives.txt,673,game/scripts/vscripts/abilities/wave_11_cleave.lua,29,modifier_wave_11_cleave:OnCreated,self.ability,File-link candidate only; receiver may be another ability. Missing declaration can inherit engine defaults or read another entity.
abilities,wave_11_cleave,cleave_end_width,True,200,game/scripts/npc/abilities/normal_mode_creep_passives.txt,674,game/scripts/vscripts/abilities/wave_11_cleave.lua,30,modifier_wave_11_cleave:OnCreated,self.ability,File-link candidate only; receiver may be another ability. Missing declaration can inherit engine defaults or read another entity.
abilities,wave_11_cleave,cleave_length,True,200,game/scripts/npc/abilities/normal_mode_creep_passives.txt,675,game/scripts/vscripts/abilities/wave_11_cleave.lua,31,modifier_wave_11_cleave:OnCreated,self.ability,File-link candidate only; receiver may be another ability. Missing declaration can inherit engine defaults or read another entity.
abilities,wave_11_mana_break,mana_per_hit,True,30,game/scripts/npc/abilities/normal_mode_creep_passives.txt,695,game/scripts/vscripts/abilities/modifiers/modifier_mana_break.lua,18,modifier_mana_break:OnCreated,self:GetAbility(),File-link candidate only; receiver may be another ability. Missing declaration can inherit engine defaults or read another entity.
abilities,wave_11_mana_break,damage_per_mana,True,1.0,game/scripts/npc/abilities/normal_mode_creep_passives.txt,696,game/scripts/vscripts/abilities/modifiers/modifier_mana_break.lua,19,modifier_mana_break:OnCreated,self:GetAbility(),File-link candidate only; receiver may be another ability. Missing declaration can inherit engine defaults or read another entity.
abilities,wave_12_bash,bash_chance,True,30,game/scripts/npc/abilities/normal_mode_creep_passives.txt,711,game/scripts/vscripts/abilities/wave_12_bash.lua,31,modifier_wave_12_bash:OnCreated,self:GetAbility(),File-link candidate only; receiver may be another ability. Missing declaration can inherit engine defaults or read another entity.
abilities,wave_12_bash,bash_damage,True,250,game/scripts/npc/abilities/normal_mode_creep_passives.txt,713,game/scripts/vscripts/abilities/wave_12_bash.lua,32,modifier_wave_12_bash:OnCreated,self:GetAbility(),File-link candidate only; receiver may be another ability. Missing declaration can inherit engine defaults or read another entity.
abilities,wave_12_bash,bash_duration,True,2.0,game/scripts/npc/abilities/normal_mode_creep_passives.txt,712,game/scripts/vscripts/abilities/wave_12_bash.lua,33,modifier_wave_12_bash:OnCreated,self:GetAbility(),File-link candidate only; receiver may be another ability. Missing declaration can inherit engine defaults or read another entity.
abilities,wave_12_bash,bash_chance,True,30,game/scripts/npc/abilities/normal_mode_creep_passives.txt,711,game/scripts/vscripts/abilities/wave_12_bash.lua,36,modifier_wave_12_bash:OnCreated,self:GetAbility(),File-link candidate only; receiver may be another ability. Missing declaration can inherit engine defaults or read another entity.
abilities,wave_12_bash,bash_damage,True,250,game/scripts/npc/abilities/normal_mode_creep_passives.txt,713,game/scripts/vscripts/abilities/wave_12_bash.lua,64,modifier_wave_12_bash:OnAttackLanded,self:GetAbility(),File-link candidate only; receiver may be another ability. Missing declaration can inherit engine defaults or read another entity.
abilities,wave_12_bash,bash_duration,True,2.0,game/scripts/npc/abilities/normal_mode_creep_passives.txt,712,game/scripts/vscripts/abilities/wave_12_bash.lua,69,modifier_wave_12_bash:OnAttackLanded,self:GetAbility(),File-link candidate only; receiver may be another ability. Missing declaration can inherit engine defaults or read another entity.
abilities,wave_12_crit,crit_chance,True,25,game/scripts/npc/abilities/normal_mode_creep_passives.txt,735,game/scripts/vscripts/abilities/wave_12_crit.lua,31,modifier_wave_12_crit:OnCreated,self:GetAbility(),File-link candidate only; receiver may be another ability. Missing declaration can inherit engine defaults or read another entity.
abilities,wave_12_crit,crit_multiplier,True,200,game/scripts/npc/abilities/normal_mode_creep_passives.txt,734,game/scripts/vscripts/abilities/wave_12_crit.lua,32,modifier_wave_12_crit:OnCreated,self:GetAbility(),File-link candidate only; receiver may be another ability. Missing declaration can inherit engine defaults or read another entity.
abilities,wave_12_crit,crit_chance,True,25,game/scripts/npc/abilities/normal_mode_creep_passives.txt,735,game/scripts/vscripts/abilities/wave_12_crit.lua,35,modifier_wave_12_crit:OnCreated,self:GetAbility(),File-link candidate only; receiver may be another ability. Missing declaration can inherit engine defaults or read another entity.
abilities,wave_13_command_aura,aura_radius,True,1000,game/scripts/npc/abilities/normal_mode_creep_passives.txt,758,game/scripts/vscripts/abilities/modifier_wave_13_command_aura.lua,48,modifier_wave_13_command_aura:OnCreated,self:GetAbility(),File-link candidate only; receiver may be another ability. Missing declaration can inherit engine defaults or read another entity.
abilities,wave_13_command_aura,bonus_damage_pct,True,40,game/scripts/npc/abilities/normal_mode_creep_passives.txt,757,game/scripts/vscripts/abilities/modifier_wave_13_command_aura.lua,60,modifier_wave_13_command_aura_effect:OnCreated,self:GetAbility(),File-link candidate only; receiver may be another ability. Missing declaration can inherit engine defaults or read another entity.
abilities,megaboss_15_ghoul_purge,damage_threshold,True,2500,game/scripts/npc/abilities/normal_mode_creep_passives.txt,778,game/scripts/vscripts/abilities/megaboss_15_ghoul_purge.lua,53,modifier_megaboss_15_ghoul_purge:OnCreated,self:GetAbility(),File-link candidate only; receiver may be another ability. Missing declaration can inherit engine defaults or read another entity.
abilities,megaboss_15_mana_break,mana_per_hit,True,200,game/scripts/npc/abilities/normal_mode_creep_passives.txt,799,game/scripts/vscripts/abilities/modifiers/modifier_mana_break.lua,18,modifier_mana_break:OnCreated,self:GetAbility(),File-link candidate only; receiver may be another ability. Missing declaration can inherit engine defaults or read another entity.
abilities,megaboss_15_mana_break,damage_per_mana,True,1.0,game/scripts/npc/abilities/normal_mode_creep_passives.txt,800,game/scripts/vscripts/abilities/modifiers/modifier_mana_break.lua,19,modifier_mana_break:OnCreated,self:GetAbility(),File-link candidate only; receiver may be another ability. Missing declaration can inherit engine defaults or read another entity.
abilities,wave_17_evasion,evasion,True,90,game/scripts/npc/abilities/normal_mode_creep_passives.txt,814,game/scripts/vscripts/abilities/wave_17_evasion.lua,23,modifier_wave_17_evasion:OnCreated,self:GetAbility(),File-link candidate only; receiver may be another ability. Missing declaration can inherit engine defaults or read another entity.
abilities,wave_18_bash,bash_chance,True,100,game/scripts/npc/abilities/normal_mode_creep_passives.txt,829,game/scripts/vscripts/abilities/wave_18_bash.lua,31,modifier_wave_18_bash:OnCreated,self:GetAbility(),File-link candidate only; receiver may be another ability. Missing declaration can inherit engine defaults or read another entity.
abilities,wave_18_bash,bash_damage,True,100,game/scripts/npc/abilities/normal_mode_creep_passives.txt,831,game/scripts/vscripts/abilities/wave_18_bash.lua,32,modifier_wave_18_bash:OnCreated,self:GetAbility(),File-link candidate only; receiver may be another ability. Missing declaration can inherit engine defaults or read another entity.
abilities,wave_18_bash,bash_duration,True,0.5,game/scripts/npc/abilities/normal_mode_creep_passives.txt,830,game/scripts/vscripts/abilities/wave_18_bash.lua,33,modifier_wave_18_bash:OnCreated,self:GetAbility(),File-link candidate only; receiver may be another ability. Missing declaration can inherit engine defaults or read another entity.
abilities,wave_18_bash,bash_chance,True,100,game/scripts/npc/abilities/normal_mode_creep_passives.txt,829,game/scripts/vscripts/abilities/wave_18_bash.lua,36,modifier_wave_18_bash:OnCreated,self:GetAbility(),File-link candidate only; receiver may be another ability. Missing declaration can inherit engine defaults or read another entity.
abilities,wave_18_bash,bash_damage,True,100,game/scripts/npc/abilities/normal_mode_creep_passives.txt,831,game/scripts/vscripts/abilities/wave_18_bash.lua,64,modifier_wave_18_bash:OnAttackLanded,self:GetAbility(),File-link candidate only; receiver may be another ability. Missing declaration can inherit engine defaults or read another entity.
abilities,wave_18_bash,bash_duration,True,0.5,game/scripts/npc/abilities/normal_mode_creep_passives.txt,830,game/scripts/vscripts/abilities/wave_18_bash.lua,69,modifier_wave_18_bash:OnAttackLanded,self:GetAbility(),File-link candidate only; receiver may be another ability. Missing declaration can inherit engine defaults or read another entity.
abilities,orn_mana_break,mana_per_hit,True,150,game/scripts/npc/abilities/normal_mode_creep_passives.txt,980,game/scripts/vscripts/abilities/modifiers/modifier_mana_break.lua,18,modifier_mana_break:OnCreated,self:GetAbility(),File-link candidate only; receiver may be another ability. Missing declaration can inherit engine defaults or read another entity.
abilities,orn_mana_break,damage_per_mana,True,1.0,game/scripts/npc/abilities/normal_mode_creep_passives.txt,981,game/scripts/vscripts/abilities/modifiers/modifier_mana_break.lua,19,modifier_mana_break:OnCreated,self:GetAbility(),File-link candidate only; receiver may be another ability. Missing declaration can inherit engine defaults or read another entity.
abilities,orn_return,damage_return,True,30,game/scripts/npc/abilities/normal_mode_creep_passives.txt,1157,game/scripts/vscripts/abilities/modifier_orn_return.lua,37,modifier_orn_return:OnTakeDamage,self:GetAbility(),File-link candidate only; receiver may be another ability. Missing declaration can inherit engine defaults or read another entity.
abilities,alchemist_fire_potion,speed,True,1100,game/scripts/npc/abilities/npc_lia_hero_alchemist.txt,51,game/scripts/vscripts/heroes/Alchemist/alchemist_fire_potion.lua,4,alchemist_fire_potion:OnSpellStart,self,File-link candidate only; receiver may be another ability. Missing declaration can inherit engine defaults or read another entity.
abilities,alchemist_fire_potion,projectile_distance,True,500,game/scripts/npc/abilities/npc_lia_hero_alchemist.txt,48,game/scripts/vscripts/heroes/Alchemist/alchemist_fire_potion.lua,5,alchemist_fire_potion:OnSpellStart,self,File-link candidate only; receiver may be another ability. Missing declaration can inherit engine defaults or read another entity.
abilities,alchemist_fire_potion,start_width,True,100,game/scripts/npc/abilities/npc_lia_hero_alchemist.txt,49,game/scripts/vscripts/heroes/Alchemist/alchemist_fire_potion.lua,6,alchemist_fire_potion:OnSpellStart,self,File-link candidate only; receiver may be another ability. Missing declaration can inherit engine defaults or read another entity.
abilities,alchemist_fire_potion,end_width,True,300,game/scripts/npc/abilities/npc_lia_hero_alchemist.txt,50,game/scripts/vscripts/heroes/Alchemist/alchemist_fire_potion.lua,7,alchemist_fire_potion:OnSpellStart,self,File-link candidate only; receiver may be another ability. Missing declaration can inherit engine defaults or read another entity.
abilities,alchemist_fire_potion,self_damage,True,"[30, 60, 120]",game/scripts/npc/abilities/npc_lia_hero_alchemist.txt,35,game/scripts/vscripts/heroes/Alchemist/alchemist_fire_potion.lua,8,alchemist_fire_potion:OnSpellStart,self,File-link candidate only; receiver may be another ability. Missing declaration can inherit engine defaults or read another entity.
abilities,alchemist_fire_potion,wave_count_scepter,True,4,game/scripts/npc/abilities/npc_lia_hero_alchemist.txt,37,game/scripts/vscripts/heroes/Alchemist/alchemist_fire_potion.lua,12,alchemist_fire_potion:OnSpellStart,self,File-link candidate only; receiver may be another ability. Missing declaration can inherit engine defaults or read another entity.
abilities,alchemist_fire_potion,delay_between_waves_scepters,True,0.1,game/scripts/npc/abilities/npc_lia_hero_alchemist.txt,43,game/scripts/vscripts/heroes/Alchemist/alchemist_fire_potion.lua,13,alchemist_fire_potion:OnSpellStart,self,File-link candidate only; receiver may be another ability. Missing declaration can inherit engine defaults or read another entity.
abilities,alchemist_fire_potion,wave_count,True,2,game/scripts/npc/abilities/npc_lia_hero_alchemist.txt,36,game/scripts/vscripts/heroes/Alchemist/alchemist_fire_potion.lua,16,alchemist_fire_potion:OnSpellStart,self,File-link candidate only; receiver may be another ability. Missing declaration can inherit engine defaults or read another entity.
abilities,alchemist_fire_potion,delay_between_waves,True,0.2,game/scripts/npc/abilities/npc_lia_hero_alchemist.txt,42,game/scripts/vscripts/heroes/Alchemist/alchemist_fire_potion.lua,17,alchemist_fire_potion:OnSpellStart,self,File-link candidate only; receiver may be another ability. Missing declaration can inherit engine defaults or read another entity.
abilities,alchemist_fire_potion,damage,True,"[30, 60, 120]",game/scripts/npc/abilities/npc_lia_hero_alchemist.txt,34,game/scripts/vscripts/heroes/Alchemist/alchemist_fire_potion.lua,105,alchemist_fire_potion:OnProjectileHit,self,File-link candidate only; receiver may be another ability. Missing declaration can inherit engine defaults or read another entity.
abilities,alchemist_swiftness_potion,speed,True,850,game/scripts/npc/abilities/npc_lia_hero_alchemist.txt,102,game/scripts/vscripts/heroes/Alchemist/alchemist_swiftness_potion.lua,8,alchemist_swiftness_potion:OnSpellStart,self,File-link candidate only; receiver may be another ability. Missing declaration can inherit engine defaults or read another entity.
abilities,alchemist_swiftness_potion,distance,True,450,game/scripts/npc/abilities/npc_lia_hero_alchemist.txt,101,game/scripts/vscripts/heroes/Alchemist/alchemist_swiftness_potion.lua,9,alchemist_swiftness_potion:OnSpellStart,self,File-link candidate only; receiver may be another ability. Missing declaration can inherit engine defaults or read another entity.
abilities,alchemist_swiftness_potion,hit_width,True,120,game/scripts/npc/abilities/npc_lia_hero_alchemist.txt,100,game/scripts/vscripts/heroes/Alchemist/alchemist_swiftness_potion.lua,10,alchemist_swiftness_potion:OnSpellStart,self,File-link candidate only; receiver may be another ability. Missing declaration can inherit engine defaults or read another entity.
abilities,alchemist_swiftness_potion,damage,True,"[75, 150, 300]",game/scripts/npc/abilities/npc_lia_hero_alchemist.txt,92,game/scripts/vscripts/heroes/Alchemist/alchemist_swiftness_potion.lua,11,alchemist_swiftness_potion:OnSpellStart,self,File-link candidate only; receiver may be another ability. Missing declaration can inherit engine defaults or read another entity.
abilities,alchemist_swiftness_potion,bonus_attack_speed_scepter,True,"[60, 100, 140]",game/scripts/npc/abilities/npc_lia_hero_alchemist.txt,94,game/scripts/vscripts/heroes/Alchemist/modifier_alchemist_swiftness_potion_buff.lua,30,modifier_alchemist_swiftness_potion_buff:OnCreated,self:GetAbility(),File-link candidate only; receiver may be another ability. Missing declaration can inherit engine defaults or read another entity.
abilities,alchemist_swiftness_potion,bonus_attack_speed,True,"[30, 50, 70]",game/scripts/npc/abilities/npc_lia_hero_alchemist.txt,93,game/scripts/vscripts/heroes/Alchemist/modifier_alchemist_swiftness_potion_buff.lua,32,modifier_alchemist_swiftness_potion_buff:OnCreated,self:GetAbility(),File-link candidate only; receiver may be another ability. Missing declaration can inherit engine defaults or read another entity.
abilities,alchemist_swiftness_potion,hit_width,True,120,game/scripts/npc/abilities/npc_lia_hero_alchemist.txt,100,game/scripts/vscripts/heroes/Alchemist/modifier_alchemist_swiftness_potion_caster.lua,20,modifier_alchemist_swiftness_potion_caster:OnCreated,self:GetAbility(),File-link candidate only; receiver may be another ability. Missing declaration can inherit engine defaults or read another entity.
abilities,alchemist_swiftness_potion,enemy_knockback_distance,True,250,game/scripts/npc/abilities/npc_lia_hero_alchemist.txt,103,game/scripts/vscripts/heroes/Alchemist/modifier_alchemist_swiftness_potion_caster.lua,21,modifier_alchemist_swiftness_potion_caster:OnCreated,self:GetAbility(),File-link candidate only; receiver may be another ability. Missing declaration can inherit engine defaults or read another entity.
abilities,alchemist_swiftness_potion,enemy_knockback_speed,True,500,game/scripts/npc/abilities/npc_lia_hero_alchemist.txt,104,game/scripts/vscripts/heroes/Alchemist/modifier_alchemist_swiftness_potion_caster.lua,22,modifier_alchemist_swiftness_potion_caster:OnCreated,self:GetAbility(),File-link candidate only; receiver may be another ability. Missing declaration can inherit engine defaults or read another entity.
abilities,alchemist_swiftness_potion,stun_duration,False,,game/scripts/npc/abilities/npc_lia_hero_alchemist.txt,,game/scripts/vscripts/heroes/Alchemist/modifier_alchemist_swiftness_potion_caster.lua,24,modifier_alchemist_swiftness_potion_caster:OnCreated,self:GetAbility(),File-link candidate only; receiver may be another ability. Missing declaration can inherit engine defaults or read another entity.
abilities,alchemist_swiftness_potion,duration,True,7,game/scripts/npc/abilities/npc_lia_hero_alchemist.txt,99,game/scripts/vscripts/heroes/Alchemist/modifier_alchemist_swiftness_potion_caster.lua,25,modifier_alchemist_swiftness_potion_caster:OnCreated,self:GetAbility(),File-link candidate only; receiver may be another ability. Missing declaration can inherit engine defaults or read another entity.
abilities,alchemist_swiftness_potion,damage,True,"[75, 150, 300]",game/scripts/npc/abilities/npc_lia_hero_alchemist.txt,92,game/scripts/vscripts/heroes/Alchemist/modifier_alchemist_swiftness_potion_caster.lua,26,modifier_alchemist_swiftness_potion_caster:OnCreated,self:GetAbility(),File-link candidate only; receiver may be another ability. Missing declaration can inherit engine defaults or read another entity.
abilities,alchemist_unity,bonus_stats_percentage,True,"[25, 50, 75]",game/scripts/npc/abilities/npc_lia_hero_alchemist.txt,132,game/scripts/vscripts/heroes/Alchemist/modifier_alchemist_unity.lua,12,modifier_alchemist_unity:OnCreated,self:GetAbility(),File-link candidate only; receiver may be another ability. Missing declaration can inherit engine defaults or read another entity.
abilities,alchemist_unity,bonus_stats_percentage,True,"[25, 50, 75]",game/scripts/npc/abilities/npc_lia_hero_alchemist.txt,132,game/scripts/vscripts/heroes/Alchemist/modifier_alchemist_unity.lua,19,modifier_alchemist_unity:OnRefresh,self:GetAbility(),File-link candidate only; receiver may be another ability. Missing declaration can inherit engine defaults or read another entity.
abilities,alchemist_side_effect,duration,True,6,game/scripts/npc/abilities/npc_lia_hero_alchemist.txt,166,game/scripts/vscripts/heroes/Alchemist/modifier_alchemist_side_effect.lua,12,modifier_alchemist_side_effect:OnCreated,self:GetAbility(),File-link candidate only; receiver may be another ability. Missing declaration can inherit engine defaults or read another entity.
abilities,alchemist_side_effect,charge_delay,True,0.5,game/scripts/npc/abilities/npc_lia_hero_alchemist.txt,188,game/scripts/vscripts/heroes/Alchemist/modifier_alchemist_side_effect.lua,13,modifier_alchemist_side_effect:OnCreated,self:GetAbility(),File-link candidate only; receiver may be another ability. Missing declaration can inherit engine defaults or read another entity.
abilities,alchemist_side_effect,potions_to_trigger,True,3,game/scripts/npc/abilities/npc_lia_hero_alchemist.txt,187,game/scripts/vscripts/heroes/Alchemist/modifier_alchemist_side_effect.lua,15,modifier_alchemist_side_effect:OnCreated,self:GetAbility(),File-link candidate only; receiver may be another ability. Missing declaration can inherit engine defaults or read another entity.
abilities,alchemist_side_effect,movespeed_slow_percentage,True,"[-10, -15, -20]",game/scripts/npc/abilities/npc_lia_hero_alchemist.txt,164,game/scripts/vscripts/heroes/Alchemist/modifier_alchemist_side_effect_debuff.lua,17,modifier_alchemist_side_effect_debuff:OnCreated,self:GetAbility(),File-link candidate only; receiver may be another ability. Missing declaration can inherit engine defaults or read another entity.
abilities,alchemist_side_effect,turn_rate_slow_percentage,True,"[-30, -40, -50]",game/scripts/npc/abilities/npc_lia_hero_alchemist.txt,165,game/scripts/vscripts/heroes/Alchemist/modifier_alchemist_side_effect_debuff.lua,18,modifier_alchemist_side_effect_debuff:OnCreated,self:GetAbility(),File-link candidate only; receiver may be another ability. Missing declaration can inherit engine defaults or read another entity.
abilities,alchemist_side_effect,damage_per_second,True,"[30, 45, 60]",game/scripts/npc/abilities/npc_lia_hero_alchemist.txt,162,game/scripts/vscripts/heroes/Alchemist/modifier_alchemist_side_effect_thinker.lua,51,modifier_alchemist_side_effect_thinker:OnCreated,self:GetAbility(),File-link candidate only; receiver may be another ability. Missing declaration can inherit engine defaults or read another entity.
abilities,alchemist_side_effect,stun_duration,True,1.5,game/scripts/npc/abilities/npc_lia_hero_alchemist.txt,177,game/scripts/vscripts/heroes/Alchemist/modifier_alchemist_side_effect_thinker.lua,52,modifier_alchemist_side_effect_thinker:OnCreated,self:GetAbility(),File-link candidate only; receiver may be another ability. Missing declaration can inherit engine defaults or read another entity.
abilities,alchemist_side_effect,burn_duration,True,3,game/scripts/npc/abilities/npc_lia_hero_alchemist.txt,182,game/scripts/vscripts/heroes/Alchemist/modifier_alchemist_side_effect_thinker.lua,53,modifier_alchemist_side_effect_thinker:OnCreated,self:GetAbility(),File-link candidate only; receiver may be another ability. Missing declaration can inherit engine defaults or read another entity.
abilities,alchemist_side_effect,radius,True,350,game/scripts/npc/abilities/npc_lia_hero_alchemist.txt,163,game/scripts/vscripts/heroes/Alchemist/modifier_alchemist_side_effect_thinker.lua,55,modifier_alchemist_side_effect_thinker:OnCreated,self:GetAbility(),File-link candidate only; receiver may be another ability. Missing declaration can inherit engine defaults or read another entity.
abilities,alchemist_side_effect,base_strength_burn_damage_percentage,True,100,game/scripts/npc/abilities/npc_lia_hero_alchemist.txt,172,game/scripts/vscripts/heroes/Alchemist/modifier_alchemist_side_effect_thinker.lua,94,modifier_alchemist_side_effect_thinker:SideEffectExplosion,self:GetAbility(),File-link candidate only; receiver may be another ability. Missing declaration can inherit engine defaults or read another entity.
abilities,alchemist_side_effect,bonus_intelligence_explosion_damage_percentage,True,100,game/scripts/npc/abilities/npc_lia_hero_alchemist.txt,167,game/scripts/vscripts/heroes/Alchemist/modifier_alchemist_side_effect_thinker.lua,95,modifier_alchemist_side_effect_thinker:SideEffectExplosion,self:GetAbility(),File-link candidate only; receiver may be another ability. Missing declaration can inherit engine defaults or read another entity.
abilities,ancient_priestess_surge_of_intelligence,koef_damage,True,"[3, 6, 9]",game/scripts/npc/abilities/npc_lia_hero_ancient_priestess.txt,34,game/scripts/vscripts/heroes/AncientPriestess/surge_of_intelligence.lua,5,Damage,ability,File-link candidate only; receiver may be another ability. Missing declaration can inherit engine defaults or read another entity.
abilities,ancient_priestess_spirit_link,max_unit,True,"[3, 6, 9]",game/scripts/npc/abilities/npc_lia_hero_ancient_priestess.txt,94,game/scripts/vscripts/heroes/AncientPriestess/ancient_priestess_spirit_link.lua,23,ancient_priestess_spirit_link:OnSpellStart,self,File-link candidate only; receiver may be another ability. Missing declaration can inherit engine defaults or read another entity.
abilities,ancient_priestess_spirit_link,duration,True,15,game/scripts/npc/abilities/npc_lia_hero_ancient_priestess.txt,96,game/scripts/vscripts/heroes/AncientPriestess/ancient_priestess_spirit_link.lua,24,ancient_priestess_spirit_link:OnSpellStart,self,File-link candidate only; receiver may be another ability. Missing declaration can inherit engine defaults or read another entity.
abilities,ancient_priestess_spirit_link,radius,True,800,game/scripts/npc/abilities/npc_lia_hero_ancient_priestess.txt,91,game/scripts/vscripts/heroes/AncientPriestess/ancient_priestess_spirit_link.lua,25,ancient_priestess_spirit_link:OnSpellStart,self,File-link candidate only; receiver may be another ability. Missing declaration can inherit engine defaults or read another entity.
abilities,ancient_priestess_spirit_link,heal_value,True,"[15, 25, 35]",game/scripts/npc/abilities/npc_lia_hero_ancient_priestess.txt,95,game/scripts/vscripts/heroes/AncientPriestess/modifier_ancient_priestess_spirit_link.lua,36,modifier_ancient_priestess_spirit_link:OnCreated,self:GetAbility(),File-link candidate only; receiver may be another ability. Missing declaration can inherit engine defaults or read another entity.
abilities,ancient_priestess_spirit_link,distribution_factor,True,0.5,game/scripts/npc/abilities/npc_lia_hero_ancient_priestess.txt,92,game/scripts/vscripts/heroes/AncientPriestess/modifier_ancient_priestess_spirit_link.lua,37,modifier_ancient_priestess_spirit_link:OnCreated,self:GetAbility(),File-link candidate only; receiver may be another ability. Missing declaration can inherit engine defaults or read another entity.
abilities,ancient_priestess_mana_shield,absorption_percent_scepter,True,100,game/scripts/npc/abilities/npc_lia_hero_ancient_priestess.txt,127,game/scripts/vscripts/heroes/AncientPriestess/modifier_ancient_priestess_mana_shield.lua,19,modifier_ancient_priestess_mana_shield:GetBlockDamage,self:GetAbility(),File-link candidate only; receiver may be another ability. Missing declaration can inherit engine defaults or read another entity.
abilities,ancient_priestess_mana_shield,damage_per_mana_scepter,True,"[2, 3, 4]",game/scripts/npc/abilities/npc_lia_hero_ancient_priestess.txt,121,game/scripts/vscripts/heroes/AncientPriestess/modifier_ancient_priestess_mana_shield.lua,20,modifier_ancient_priestess_mana_shield:GetBlockDamage,self:GetAbility(),File-link candidate only; receiver may be another ability. Missing declaration can inherit engine defaults or read another entity.
abilities,ancient_priestess_mana_shield,absorption_percent,True,75,game/scripts/npc/abilities/npc_lia_hero_ancient_priestess.txt,126,game/scripts/vscripts/heroes/AncientPriestess/modifier_ancient_priestess_mana_shield.lua,22,modifier_ancient_priestess_mana_shield:GetBlockDamage,self:GetAbility(),File-link candidate only; receiver may be another ability. Missing declaration can inherit engine defaults or read another entity.
abilities,ancient_priestess_mana_shield,damage_per_mana,True,"[1, 2, 3]",game/scripts/npc/abilities/npc_lia_hero_ancient_priestess.txt,120,game/scripts/vscripts/heroes/AncientPriestess/modifier_ancient_priestess_mana_shield.lua,23,modifier_ancient_priestess_mana_shield:GetBlockDamage,self:GetAbility(),File-link candidate only; receiver may be another ability. Missing declaration can inherit engine defaults or read another entity.
abilities,ancient_priestess_ritual_protection,duration,True,15,game/scripts/npc/abilities/npc_lia_hero_ancient_priestess.txt,179,game/scripts/vscripts/heroes/AncientPriestess/ancient_priestess_ritual_protection.lua,7,ancient_priestess_ritual_protection:OnSpellStart,self,File-link candidate only; receiver may be another ability. Missing declaration can inherit engine defaults or read another entity.
abilities,ancient_priestess_ritual_protection,radius,True,600,game/scripts/npc/abilities/npc_lia_hero_ancient_priestess.txt,178,game/scripts/vscripts/heroes/AncientPriestess/ancient_priestess_ritual_protection.lua,8,ancient_priestess_ritual_protection:OnSpellStart,self,File-link candidate only; receiver may be another ability. Missing declaration can inherit engine defaults or read another entity.
abilities,ancient_priestess_ritual_protection,damage_absorb_scepter,True,"[800, 1000, 1200]",game/scripts/npc/abilities/npc_lia_hero_ancient_priestess.txt,173,game/scripts/vscripts/heroes/AncientPriestess/modifier_ancient_priestess_ritual_protection.lua,49,modifier_ancient_priestess_ritual_protection:OnCreated,self:GetAbility(),File-link candidate only; receiver may be another ability. Missing declaration can inherit engine defaults or read another entity.
abilities,ancient_priestess_ritual_protection,damage_absorb,True,"[400, 500, 600]",game/scripts/npc/abilities/npc_lia_hero_ancient_priestess.txt,172,game/scripts/vscripts/heroes/AncientPriestess/modifier_ancient_priestess_ritual_protection.lua,51,modifier_ancient_priestess_ritual_protection:OnCreated,self:GetAbility(),File-link candidate only; receiver may be another ability. Missing declaration can inherit engine defaults or read another entity.
abilities,android_pocket_factory,factory_duration,True,18,game/scripts/npc/abilities/npc_lia_hero_android.txt,132,game/scripts/vscripts/heroes/Android/PocketFactory.lua,11,BuildPocketFactory,ability,File-link candidate only; receiver may be another ability. Missing declaration can inherit engine defaults or read another entity.
abilities,android_pocket_factory,spawn_ratio,False,,game/scripts/npc/abilities/npc_lia_hero_android.txt,,game/scripts/vscripts/heroes/Android/PocketFactory.lua,52,StartGoblinSpawn,ability,File-link candidate only; receiver may be another ability. Missing declaration can inherit engine defaults or read another entity.
abilities,android_pocket_factory,goblin_duration,False,,game/scripts/npc/abilities/npc_lia_hero_android.txt,,game/scripts/vscripts/heroes/Android/PocketFactory.lua,53,StartGoblinSpawn,ability,File-link candidate only; receiver may be another ability. Missing declaration can inherit engine defaults or read another entity.
abilities,android_pocket_factory_spawn_goblin,factory_duration,False,,game/scripts/npc/abilities/npc_lia_hero_android.txt,,game/scripts/vscripts/heroes/Android/PocketFactory.lua,11,BuildPocketFactory,ability,File-link candidate only; receiver may be another ability. Missing declaration can inherit engine defaults or read another entity.
abilities,android_pocket_factory_spawn_goblin,spawn_ratio,True,2.0,game/scripts/npc/abilities/npc_lia_hero_android.txt,167,game/scripts/vscripts/heroes/Android/PocketFactory.lua,52,StartGoblinSpawn,ability,File-link candidate only; receiver may be another ability. Missing declaration can inherit engine defaults or read another entity.
abilities,android_pocket_factory_spawn_goblin,goblin_duration,True,10,game/scripts/npc/abilities/npc_lia_hero_android.txt,166,game/scripts/vscripts/heroes/Android/PocketFactory.lua,53,StartGoblinSpawn,ability,File-link candidate only; receiver may be another ability. Missing declaration can inherit engine defaults or read another entity.
abilities,android_clockwerk_goblin_kaboom,small_radius,True,100,game/scripts/npc/abilities/npc_lia_hero_android.txt,208,game/scripts/vscripts/heroes/Android/Kaboom.lua,6,Kaboom,ability,File-link candidate only; receiver may be another ability. Missing declaration can inherit engine defaults or read another entity.
abilities,android_clockwerk_goblin_kaboom,big_radius,True,250,game/scripts/npc/abilities/npc_lia_hero_android.txt,209,game/scripts/vscripts/heroes/Android/Kaboom.lua,7,Kaboom,ability,File-link candidate only; receiver may be another ability. Missing declaration can inherit engine defaults or read another entity.
abilities,android_armor,damage_block,True,"[20, 40, 80]",game/scripts/npc/abilities/npc_lia_hero_android.txt,261,game/scripts/vscripts/heroes/Android/modifier_android_armor.lua,16,modifier_android_armor:OnCreated,self:GetAbility(),File-link candidate only; receiver may be another ability. Missing declaration can inherit engine defaults or read another entity.
abilities,android_armor,min_damage,True,15,game/scripts/npc/abilities/npc_lia_hero_android.txt,262,game/scripts/vscripts/heroes/Android/modifier_android_armor.lua,17,modifier_android_armor:OnCreated,self:GetAbility(),File-link candidate only; receiver may be another ability. Missing declaration can inherit engine defaults or read another entity.
abilities,android_armor,damage_block,True,"[20, 40, 80]",game/scripts/npc/abilities/npc_lia_hero_android.txt,261,game/scripts/vscripts/heroes/Android/modifier_android_armor.lua,21,modifier_android_armor:OnRefresh,self:GetAbility(),File-link candidate only; receiver may be another ability. Missing declaration can inherit engine defaults or read another entity.
abilities,android_armor,min_damage,True,15,game/scripts/npc/abilities/npc_lia_hero_android.txt,262,game/scripts/vscripts/heroes/Android/modifier_android_armor.lua,22,modifier_android_armor:OnRefresh,self:GetAbility(),File-link candidate only; receiver may be another ability. Missing declaration can inherit engine defaults or read another entity.
abilities,android_cluster_rockets,radius,True,"[250, 300, 350]",game/scripts/npc/abilities/npc_lia_hero_android.txt,306,game/scripts/vscripts/heroes/Android/android_cluster_rockets.lua,6,android_cluster_rockets:GetAOERadius,self,File-link candidate only; receiver may be another ability. Missing declaration can inherit engine defaults or read another entity.
abilities,android_cluster_rockets,projectile_interval,True,"[0.16, 0.084, 0.056]",game/scripts/npc/abilities/npc_lia_hero_android.txt,309,game/scripts/vscripts/heroes/Android/android_cluster_rockets.lua,14,android_cluster_rockets:OnSpellStart,self,File-link candidate only; receiver may be another ability. Missing declaration can inherit engine defaults or read another entity.
abilities,android_cluster_rockets,projectile_count,True,"[6, 12, 18]",game/scripts/npc/abilities/npc_lia_hero_android.txt,304,game/scripts/vscripts/heroes/Android/android_cluster_rockets.lua,14,android_cluster_rockets:OnSpellStart,self,File-link candidate only; receiver may be another ability. Missing declaration can inherit engine defaults or read another entity.
abilities,android_cluster_rockets,projectile_radius,True,100,game/scripts/npc/abilities/npc_lia_hero_android.txt,308,game/scripts/vscripts/heroes/Android/android_cluster_rockets.lua,21,android_cluster_rockets:OnProjectileHit,self,File-link candidate only; receiver may be another ability. Missing declaration can inherit engine defaults or read another entity.
abilities,android_cluster_rockets,stun_duration,True,1,game/scripts/npc/abilities/npc_lia_hero_android.txt,305,game/scripts/vscripts/heroes/Android/android_cluster_rockets.lua,22,android_cluster_rockets:OnProjectileHit,self,File-link candidate only; receiver may be another ability. Missing declaration can inherit engine defaults or read another entity.
abilities,android_cluster_rockets,damage,True,"[60, 120, 240]",game/scripts/npc/abilities/npc_lia_hero_android.txt,303,game/scripts/vscripts/heroes/Android/android_cluster_rockets.lua,26,android_cluster_rockets:OnProjectileHit,self,File-link candidate only; receiver may be another ability. Missing declaration can inherit engine defaults or read another entity.
abilities,android_cluster_rockets,projectile_interval,True,"[0.16, 0.084, 0.056]",game/scripts/npc/abilities/npc_lia_hero_android.txt,309,game/scripts/vscripts/heroes/Android/android_cluster_rockets.lua,71,modifier_cluster_rockets:OnCreated,ability,File-link candidate only; receiver may be another ability. Missing declaration can inherit engine defaults or read another entity.
abilities,android_cluster_rockets,radius,True,"[250, 300, 350]",game/scripts/npc/abilities/npc_lia_hero_android.txt,306,game/scripts/vscripts/heroes/Android/android_cluster_rockets.lua,88,modifier_cluster_rockets:FireRocket,ability,File-link candidate only; receiver may be another ability. Missing declaration can inherit engine defaults or read another entity.
abilities,android_cluster_rockets,projectile_speed,True,700,game/scripts/npc/abilities/npc_lia_hero_android.txt,307,game/scripts/vscripts/heroes/Android/android_cluster_rockets.lua,89,modifier_cluster_rockets:FireRocket,ability,File-link candidate only; receiver may be another ability. Missing declaration can inherit engine defaults or read another entity.
abilities,araman_curse,full_damage_radius,True,150,game/scripts/npc/abilities/npc_lia_hero_araman.txt,89,game/scripts/vscripts/heroes/Araman/Curse.lua,6,Curse,ability,File-link candidate only; receiver may be another ability. Missing declaration can inherit engine defaults or read another entity.
abilities,araman_curse,radius,True,"[400, 500, 600]",game/scripts/npc/abilities/npc_lia_hero_araman.txt,88,game/scripts/vscripts/heroes/Araman/Curse.lua,7,Curse,ability,File-link candidate only; receiver may be another ability. Missing declaration can inherit engine defaults or read another entity.
abilities,araman_curse,damage,True,"[100, 200, 400]",game/scripts/npc/abilities/npc_lia_hero_araman.txt,90,game/scripts/vscripts/heroes/Araman/Curse.lua,8,Curse,ability,File-link candidate only; receiver may be another ability. Missing declaration can inherit engine defaults or read another entity.
abilities,araman_armor_of_darkness,incoming_damage_percentage,True,"[-10, -15, -20]",game/scripts/npc/abilities/npc_lia_hero_araman.txt,110,game/scripts/vscripts/heroes/Araman/modifier_araman_armor_of_darkness.lua,12,modifier_araman_armor_of_darkness:OnCreated,self:GetAbility(),File-link candidate only; receiver may be another ability. Missing declaration can inherit engine defaults or read another entity.
abilities,araman_armor_of_darkness,bonus_armor,True,"[4, 8, 12]",game/scripts/npc/abilities/npc_lia_hero_araman.txt,111,game/scripts/vscripts/heroes/Araman/modifier_araman_armor_of_darkness.lua,13,modifier_araman_armor_of_darkness:OnCreated,self:GetAbility(),File-link candidate only; receiver may be another ability. Missing declaration can inherit engine defaults or read another entity.
abilities,araman_armor_of_darkness,incoming_damage_percentage,True,"[-10, -15, -20]",game/scripts/npc/abilities/npc_lia_hero_araman.txt,110,game/scripts/vscripts/heroes/Araman/modifier_araman_armor_of_darkness.lua,17,modifier_araman_armor_of_darkness:OnRefresh,self:GetAbility(),File-link candidate only; receiver may be another ability. Missing declaration can inherit engine defaults or read another entity.
abilities,araman_armor_of_darkness,bonus_armor,True,"[4, 8, 12]",game/scripts/npc/abilities/npc_lia_hero_araman.txt,111,game/scripts/vscripts/heroes/Araman/modifier_araman_armor_of_darkness.lua,18,modifier_araman_armor_of_darkness:OnRefresh,self:GetAbility(),File-link candidate only; receiver may be another ability. Missing declaration can inherit engine defaults or read another entity.
abilities,araman_morale,radius,True,800,game/scripts/npc/abilities/npc_lia_hero_araman.txt,132,game/scripts/vscripts/heroes/Araman/modifier_araman_morale_aura.lua,52,modifier_araman_morale_aura:OnCreated,self:GetAbility(),File-link candidate only; receiver may be another ability. Missing declaration can inherit engine defaults or read another entity.
abilities,araman_morale,radius,True,800,game/scripts/npc/abilities/npc_lia_hero_araman.txt,132,game/scripts/vscripts/heroes/Araman/modifier_araman_morale_aura.lua,58,modifier_araman_morale_aura:OnRefresh,self:GetAbility(),File-link candidate only; receiver may be another ability. Missing declaration can inherit engine defaults or read another entity.
abilities,araman_morale,bonus_damage_percentage,True,"[20, 30, 40]",game/scripts/npc/abilities/npc_lia_hero_araman.txt,133,game/scripts/vscripts/heroes/Araman/modifier_araman_morale_effect.lua,12,modifier_araman_morale_effect:OnCreated,self:GetAbility(),File-link candidate only; receiver may be another ability. Missing declaration can inherit engine defaults or read another entity.
abilities,araman_morale,bonus_damage_percentage,True,"[20, 30, 40]",game/scripts/npc/abilities/npc_lia_hero_araman.txt,133,game/scripts/vscripts/heroes/Araman/modifier_araman_morale_effect.lua,16,modifier_araman_morale_effect:OnRefresh,self:GetAbility(),File-link candidate only; receiver may be another ability. Missing declaration can inherit engine defaults or read another entity.
abilities,araman_power_of_scourge,damage_stack_max,True,"[11, 13, 15]",game/scripts/npc/abilities/npc_lia_hero_araman.txt,165,game/scripts/vscripts/heroes/Araman/modifier_araman_power_of_scourge.lua,46,modifier_araman_power_of_scourge:OnCreated,self:GetAbility(),File-link candidate only; receiver may be another ability. Missing declaration can inherit engine defaults or read another entity.
abilities,araman_power_of_scourge,damage_per_attack,True,"[20, 30, 40]",game/scripts/npc/abilities/npc_lia_hero_araman.txt,164,game/scripts/vscripts/heroes/Araman/modifier_araman_power_of_scourge.lua,49,modifier_araman_power_of_scourge:OnCreated,self:GetAbility(),File-link candidate only; receiver may be another ability. Missing declaration can inherit engine defaults or read another entity.
abilities,araman_power_of_scourge,bonus_attack_speed,True,"[50, 70, 90]",game/scripts/npc/abilities/npc_lia_hero_araman.txt,162,game/scripts/vscripts/heroes/Araman/modifier_araman_power_of_scourge.lua,52,modifier_araman_power_of_scourge:OnCreated,self:GetAbility(),File-link candidate only; receiver may be another ability. Missing declaration can inherit engine defaults or read another entity.
abilities,araman_power_of_scourge,bonus_move_speed,True,"[30, 50, 70]",game/scripts/npc/abilities/npc_lia_hero_araman.txt,163,game/scripts/vscripts/heroes/Araman/modifier_araman_power_of_scourge.lua,53,modifier_araman_power_of_scourge:OnCreated,self:GetAbility(),File-link candidate only; receiver may be another ability. Missing declaration can inherit engine defaults or read another entity.
abilities,archmage_shooting_star,cooldown_scepter,True,2.5,game/scripts/npc/abilities/npc_lia_hero_archmage.txt,74,game/scripts/vscripts/heroes/Archmage/archmage_shooting_star.lua,14,archmage_shooting_star:GetCooldown,self,File-link candidate only; receiver may be another ability. Missing declaration can inherit engine defaults or read another entity.
abilities,archmage_shooting_star,charge_limit,True,"[4, 6, 8]",game/scripts/npc/abilities/npc_lia_hero_archmage.txt,64,game/scripts/vscripts/heroes/Archmage/archmage_shooting_star.lua,23,archmage_shooting_star:OnUpgrade,self,File-link candidate only; receiver may be another ability. Missing declaration can inherit engine defaults or read another entity.
abilities,archmage_shooting_star,manacost_per_charge_scepter,True,"[20, 25, 30]",game/scripts/npc/abilities/npc_lia_hero_archmage.txt,58,game/scripts/vscripts/heroes/Archmage/archmage_shooting_star.lua,38,archmage_shooting_star:GetManaCost,self,File-link candidate only; receiver may be another ability. Missing declaration can inherit engine defaults or read another entity.
abilities,archmage_shooting_star,initial_manacost_scepter,True,"[100, 150, 200]",game/scripts/npc/abilities/npc_lia_hero_archmage.txt,67,game/scripts/vscripts/heroes/Archmage/archmage_shooting_star.lua,39,archmage_shooting_star:GetManaCost,self,File-link candidate only; receiver may be another ability. Missing declaration can inherit engine defaults or read another entity.
abilities,archmage_shooting_star,manacost_per_charge,True,"[10, 15, 20]",game/scripts/npc/abilities/npc_lia_hero_archmage.txt,57,game/scripts/vscripts/heroes/Archmage/archmage_shooting_star.lua,42,archmage_shooting_star:GetManaCost,self,File-link candidate only; receiver may be another ability. Missing declaration can inherit engine defaults or read another entity.
abilities,archmage_shooting_star,charge_limit,True,"[4, 6, 8]",game/scripts/npc/abilities/npc_lia_hero_archmage.txt,64,game/scripts/vscripts/heroes/Archmage/archmage_shooting_star.lua,44,archmage_shooting_star:GetManaCost,self,File-link candidate only; receiver may be another ability. Missing declaration can inherit engine defaults or read another entity.
abilities,archmage_shooting_star,damage_per_charge_scepter,True,"[30, 40, 50]",game/scripts/npc/abilities/npc_lia_hero_archmage.txt,52,game/scripts/vscripts/heroes/Archmage/archmage_shooting_star.lua,67,archmage_shooting_star:OnSpellStart,self,File-link candidate only; receiver may be another ability. Missing declaration can inherit engine defaults or read another entity.
abilities,archmage_shooting_star,initial_damage_scepter,True,"[150, 200, 250]",game/scripts/npc/abilities/npc_lia_hero_archmage.txt,46,game/scripts/vscripts/heroes/Archmage/archmage_shooting_star.lua,68,archmage_shooting_star:OnSpellStart,self,File-link candidate only; receiver may be another ability. Missing declaration can inherit engine defaults or read another entity.
abilities,archmage_shooting_star,damage_per_charge,True,"[20, 30, 40]",game/scripts/npc/abilities/npc_lia_hero_archmage.txt,51,game/scripts/vscripts/heroes/Archmage/archmage_shooting_star.lua,70,archmage_shooting_star:OnSpellStart,self,File-link candidate only; receiver may be another ability. Missing declaration can inherit engine defaults or read another entity.
abilities,archmage_shooting_star,initial_damage,True,"[100, 150, 200]",game/scripts/npc/abilities/npc_lia_hero_archmage.txt,45,game/scripts/vscripts/heroes/Archmage/archmage_shooting_star.lua,71,archmage_shooting_star:OnSpellStart,self,File-link candidate only; receiver may be another ability. Missing declaration can inherit engine defaults or read another entity.
abilities,archmage_shooting_star,charge_limit,True,"[4, 6, 8]",game/scripts/npc/abilities/npc_lia_hero_archmage.txt,64,game/scripts/vscripts/heroes/Archmage/archmage_shooting_star.lua,74,archmage_shooting_star:OnSpellStart,self,File-link candidate only; receiver may be another ability. Missing declaration can inherit engine defaults or read another entity.
abilities,archmage_shooting_star,charge_duration,True,35.0,game/scripts/npc/abilities/npc_lia_hero_archmage.txt,63,game/scripts/vscripts/heroes/Archmage/archmage_shooting_star.lua,75,archmage_shooting_star:OnSpellStart,self,File-link candidate only; receiver may be another ability. Missing declaration can inherit engine defaults or read another entity.
abilities,archmage_shooting_star,anomaly_radius,True,450,game/scripts/npc/abilities/npc_lia_hero_archmage.txt,73,game/scripts/vscripts/heroes/Archmage/archmage_shooting_star.lua,76,archmage_shooting_star:OnSpellStart,self,File-link candidate only; receiver may be another ability. Missing declaration can inherit engine defaults or read another entity.
abilities,archmage_shooting_star,half_damage_radius,True,125,game/scripts/npc/abilities/npc_lia_hero_archmage.txt,72,game/scripts/vscripts/heroes/Archmage/archmage_shooting_star.lua,79,archmage_shooting_star:OnSpellStart,self,File-link candidate only; receiver may be another ability. Missing declaration can inherit engine defaults or read another entity.
abilities,archmage_shooting_star,starfall_delay,True,0.57,game/scripts/npc/abilities/npc_lia_hero_archmage.txt,65,game/scripts/vscripts/heroes/Archmage/archmage_shooting_star.lua,86,archmage_shooting_star:OnSpellStart,self,File-link candidate only; receiver may be another ability. Missing declaration can inherit engine defaults or read another entity.
abilities,archmage_shooting_star,damage_per_charge_scepter,True,"[30, 40, 50]",game/scripts/npc/abilities/npc_lia_hero_archmage.txt,52,game/scripts/vscripts/heroes/Archmage/modifier_archmage_shooting_star_stacks.lua,41,modifier_archmage_shooting_star_stacks:OnTooltip,self:GetAbility(),File-link candidate only; receiver may be another ability. Missing declaration can inherit engine defaults or read another entity.
abilities,archmage_shooting_star,initial_damage_scepter,True,"[150, 200, 250]",game/scripts/npc/abilities/npc_lia_hero_archmage.txt,46,game/scripts/vscripts/heroes/Archmage/modifier_archmage_shooting_star_stacks.lua,42,modifier_archmage_shooting_star_stacks:OnTooltip,self:GetAbility(),File-link candidate only; receiver may be another ability. Missing declaration can inherit engine defaults or read another entity.
abilities,archmage_shooting_star,damage_per_charge,True,"[20, 30, 40]",game/scripts/npc/abilities/npc_lia_hero_archmage.txt,51,game/scripts/vscripts/heroes/Archmage/modifier_archmage_shooting_star_stacks.lua,44,modifier_archmage_shooting_star_stacks:OnTooltip,self:GetAbility(),File-link candidate only; receiver may be another ability. Missing declaration can inherit engine defaults or read another entity.
abilities,archmage_shooting_star,initial_damage,True,"[100, 150, 200]",game/scripts/npc/abilities/npc_lia_hero_archmage.txt,45,game/scripts/vscripts/heroes/Archmage/modifier_archmage_shooting_star_stacks.lua,45,modifier_archmage_shooting_star_stacks:OnTooltip,self:GetAbility(),File-link candidate only; receiver may be another ability. Missing declaration can inherit engine defaults or read another entity.
abilities,archmage_polymorph,anomaly_radius,True,450,game/scripts/npc/abilities/npc_lia_hero_archmage.txt,113,game/scripts/vscripts/heroes/Archmage/Polymorph.lua,5,Polymorph,ability,File-link candidate only; receiver may be another ability. Missing declaration can inherit engine defaults or read another entity.
abilities,archmage_polymorph,hero_duration,True,"[1, 1.5, 2]",game/scripts/npc/abilities/npc_lia_hero_archmage.txt,111,game/scripts/vscripts/heroes/Archmage/Polymorph.lua,38,Polymorph,ability,File-link candidate only; receiver may be another ability. Missing declaration can inherit engine defaults or read another entity.
abilities,archmage_polymorph,duration,True,"[2, 3, 4]",game/scripts/npc/abilities/npc_lia_hero_archmage.txt,110,game/scripts/vscripts/heroes/Archmage/Polymorph.lua,40,Polymorph,ability,File-link candidate only; receiver may be another ability. Missing declaration can inherit engine defaults or read another entity.
abilities,archmage_polymorph,hero_duration,True,"[1, 1.5, 2]",game/scripts/npc/abilities/npc_lia_hero_archmage.txt,111,game/scripts/vscripts/heroes/Archmage/Polymorph.lua,53,Polymorph,ability,File-link candidate only; receiver may be another ability. Missing declaration can inherit engine defaults or read another entity.
abilities,archmage_polymorph,duration,True,"[2, 3, 4]",game/scripts/npc/abilities/npc_lia_hero_archmage.txt,110,game/scripts/vscripts/heroes/Archmage/Polymorph.lua,55,Polymorph,ability,File-link candidate only; receiver may be another ability. Missing declaration can inherit engine defaults or read another entity.
abilities,archmage_polymorph,duration,True,"[2, 3, 4]",game/scripts/npc/abilities/npc_lia_hero_archmage.txt,110,game/scripts/vscripts/heroes/Archmage/Polymorph.lua,101,HideWearables,ability,File-link candidate only; receiver may be another ability. Missing declaration can inherit engine defaults or read another entity.
abilities,archmage_anomaly,radius,True,450,game/scripts/npc/abilities/npc_lia_hero_archmage.txt,228,game/scripts/vscripts/heroes/Archmage/archmage_anomaly.lua,7,archmage_anomaly:GetAOERadius,self,File-link candidate only; receiver may be another ability. Missing declaration can inherit engine defaults or read another entity.
abilities,archmage_anomaly,manacost_scepter,True,"[300, 350, 400]",game/scripts/npc/abilities/npc_lia_hero_archmage.txt,229,game/scripts/vscripts/heroes/Archmage/archmage_anomaly.lua,12,archmage_anomaly:GetManaCost,self,File-link candidate only; receiver may be another ability. Missing declaration can inherit engine defaults or read another entity.
abilities,archmage_anomaly,duration_scepter,True,"[8, 10, 12]",game/scripts/npc/abilities/npc_lia_hero_archmage.txt,223,game/scripts/vscripts/heroes/Archmage/archmage_anomaly.lua,21,archmage_anomaly:OnSpellStart,self,File-link candidate only; receiver may be another ability. Missing declaration can inherit engine defaults or read another entity.
abilities,archmage_anomaly,duration,True,"[6, 8, 10]",game/scripts/npc/abilities/npc_lia_hero_archmage.txt,222,game/scripts/vscripts/heroes/Archmage/archmage_anomaly.lua,23,archmage_anomaly:OnSpellStart,self,File-link candidate only; receiver may be another ability. Missing declaration can inherit engine defaults or read another entity.
abilities,archmage_anomaly,radius,True,450,game/scripts/npc/abilities/npc_lia_hero_archmage.txt,228,game/scripts/vscripts/heroes/Archmage/modifier_archmage_anomaly_thinker.lua,54,modifier_archmage_anomaly_thinker:OnCreated,self:GetAbility(),File-link candidate only; receiver may be another ability. Missing declaration can inherit engine defaults or read another entity.
abilities,archmage_magic_barrier,lol,True,"[45, 65, 85]",game/scripts/npc/abilities/npc_lia_hero_archmage.txt,279,game/scripts/vscripts/heroes/Archmage/modifier_archmage_magic_barrier.lua,26,modifier_archmage_magic_barrier:OnCreated,self:GetAbility(),File-link candidate only; receiver may be another ability. Missing declaration can inherit engine defaults or read another entity.
abilities,archmage_magic_barrier,lol1,True,5,game/scripts/npc/abilities/npc_lia_hero_archmage.txt,280,game/scripts/vscripts/heroes/Archmage/modifier_archmage_magic_barrier.lua,27,modifier_archmage_magic_barrier:OnCreated,self:GetAbility(),File-link candidate only; receiver may be another ability. Missing declaration can inherit engine defaults or read another entity.
abilities,archmage_magic_barrier,lol,True,"[45, 65, 85]",game/scripts/npc/abilities/npc_lia_hero_archmage.txt,279,game/scripts/vscripts/heroes/Archmage/modifier_archmage_magic_barrier.lua,36,modifier_archmage_magic_barrier:OnRefresh,self:GetAbility(),File-link candidate only; receiver may be another ability. Missing declaration can inherit engine defaults or read another entity.
abilities,archmage_magic_barrier,lol1,True,5,game/scripts/npc/abilities/npc_lia_hero_archmage.txt,280,game/scripts/vscripts/heroes/Archmage/modifier_archmage_magic_barrier.lua,37,modifier_archmage_magic_barrier:OnRefresh,self:GetAbility(),File-link candidate only; receiver may be another ability. Missing declaration can inherit engine defaults or read another entity.
abilities,beastmaster_dominate,radius,True,"[100, 125, 150]",game/scripts/npc/abilities/npc_lia_hero_beastmaster.txt,27,game/scripts/vscripts/heroes/Beastmaster/beastmaster_dominate.lua,5,beastmaster_dominate:GetAOERadius,self,File-link candidate only; receiver may be another ability. Missing declaration can inherit engine defaults or read another entity.
abilities,beastmaster_dominate,radius,True,"[100, 125, 150]",game/scripts/npc/abilities/npc_lia_hero_beastmaster.txt,27,game/scripts/vscripts/heroes/Beastmaster/beastmaster_dominate.lua,9,beastmaster_dominate:OnSpellStart,self,File-link candidate only; receiver may be another ability. Missing declaration can inherit engine defaults or read another entity.
abilities,beastmaster_dominate,duration,True,10,game/scripts/npc/abilities/npc_lia_hero_beastmaster.txt,28,game/scripts/vscripts/heroes/Beastmaster/beastmaster_dominate.lua,12,beastmaster_dominate:OnSpellStart,self,File-link candidate only; receiver may be another ability. Missing declaration can inherit engine defaults or read another entity.
abilities,beastmaster_dominate,damage,True,"[90, 180, 270]",game/scripts/npc/abilities/npc_lia_hero_beastmaster.txt,29,game/scripts/vscripts/heroes/Beastmaster/beastmaster_dominate.lua,13,beastmaster_dominate:OnSpellStart,self,File-link candidate only; receiver may be another ability. Missing declaration can inherit engine defaults or read another entity.
abilities,beastmaster_help,heal_percent,True,"[15, 30, 45]",game/scripts/npc/abilities/npc_lia_hero_beastmaster.txt,132,game/scripts/vscripts/heroes/Beastmaster/modifier_beastmaster_help.lua,18,modifier_beastmaster_help:OnDeath,self:GetAbility(),File-link candidate only; receiver may be another ability. Missing declaration can inherit engine defaults or read another entity.
abilities,beastmaster_beasts,unit_count,True,"[2, 3, 4]",game/scripts/npc/abilities/npc_lia_hero_beastmaster.txt,167,game/scripts/vscripts/heroes/Beastmaster/Beasts.lua,7,SummonBeasts,ability,File-link candidate only; receiver may be another ability. Missing declaration can inherit engine defaults or read another entity.
abilities,phoenix_bm_phoenix_fire,radius,True,600,game/scripts/npc/abilities/npc_lia_hero_beastmaster.txt,551,game/scripts/vscripts/heroes/Beastmaster/PhoenixBurn.lua,9,PhoenixBurn,ability,File-link candidate only; receiver may be another ability. Missing declaration can inherit engine defaults or read another entity.
abilities,berserker_fire_spear,original_channel,True,1.5,game/scripts/npc/abilities/npc_lia_hero_berserker.txt,41,game/scripts/vscripts/heroes/Berserker/berserker_fire_spear.lua,13,berserker_fire_spear:GetChannelTime,self,File-link candidate only; receiver may be another ability. Missing declaration can inherit engine defaults or read another entity.
abilities,berserker_fire_spear,damage_base,True,"[45, 90, 135]",game/scripts/npc/abilities/npc_lia_hero_berserker.txt,34,game/scripts/vscripts/heroes/Berserker/berserker_fire_spear.lua,63,berserker_fire_spear:ThrowSpear,self,File-link candidate only; receiver may be another ability. Missing declaration can inherit engine defaults or read another entity.
abilities,berserker_fire_spear,spear_speed,True,1200,game/scripts/npc/abilities/npc_lia_hero_berserker.txt,35,game/scripts/vscripts/heroes/Berserker/berserker_fire_spear.lua,64,berserker_fire_spear:ThrowSpear,self,File-link candidate only; receiver may be another ability. Missing declaration can inherit engine defaults or read another entity.
abilities,berserker_fire_spear,spear_width,True,100,game/scripts/npc/abilities/npc_lia_hero_berserker.txt,36,game/scripts/vscripts/heroes/Berserker/berserker_fire_spear.lua,65,berserker_fire_spear:ThrowSpear,self,File-link candidate only; receiver may be another ability. Missing declaration can inherit engine defaults or read another entity.
abilities,berserker_fire_spear,spear_range,True,"[600, 750, 900]",game/scripts/npc/abilities/npc_lia_hero_berserker.txt,37,game/scripts/vscripts/heroes/Berserker/berserker_fire_spear.lua,66,berserker_fire_spear:ThrowSpear,self,File-link candidate only; receiver may be another ability. Missing declaration can inherit engine defaults or read another entity.
abilities,berserker_fire_spear,vision_aoe,True,500,game/scripts/npc/abilities/npc_lia_hero_berserker.txt,38,game/scripts/vscripts/heroes/Berserker/berserker_fire_spear.lua,67,berserker_fire_spear:ThrowSpear,self,File-link candidate only; receiver may be another ability. Missing declaration can inherit engine defaults or read another entity.
abilities,berserker_fire_spear,slow_pct,True,45,game/scripts/npc/abilities/npc_lia_hero_berserker.txt,39,game/scripts/vscripts/heroes/Berserker/berserker_fire_spear.lua,68,berserker_fire_spear:ThrowSpear,self,File-link candidate only; receiver may be another ability. Missing declaration can inherit engine defaults or read another entity.
abilities,berserker_fire_spear,slow_duration,True,"[3, 4, 5]",game/scripts/npc/abilities/npc_lia_hero_berserker.txt,40,game/scripts/vscripts/heroes/Berserker/berserker_fire_spear.lua,69,berserker_fire_spear:ThrowSpear,self,File-link candidate only; receiver may be another ability. Missing declaration can inherit engine defaults or read another entity.
abilities,berserker_frenzy_aura,aura_radius,True,700,game/scripts/npc/abilities/npc_lia_hero_berserker.txt,64,game/scripts/vscripts/heroes/Berserker/berserker_frenzy_aura.lua,41,modifier_berserker_frenzy_aura_aura:OnCreated,self:GetAbility(),File-link candidate only; receiver may be another ability. Missing declaration can inherit engine defaults or read another entity.
abilities,berserker_frenzy_aura,aura_radius,True,700,game/scripts/npc/abilities/npc_lia_hero_berserker.txt,64,game/scripts/vscripts/heroes/Berserker/berserker_frenzy_aura.lua,45,modifier_berserker_frenzy_aura_aura:OnRefresh,self:GetAbility(),File-link candidate only; receiver may be another ability. Missing declaration can inherit engine defaults or read another entity.
abilities,berserker_frenzy_aura,bonus_attack_speed,True,"[10, 20, 30]",game/scripts/npc/abilities/npc_lia_hero_berserker.txt,62,game/scripts/vscripts/heroes/Berserker/berserker_frenzy_aura.lua,56,modifier_berserker_frenzy_aura_effect:OnCreated,self:GetAbility(),File-link candidate only; receiver may be another ability. Missing declaration can inherit engine defaults or read another entity.
abilities,berserker_frenzy_aura,bonus_damage,True,"[15, 30, 45]",game/scripts/npc/abilities/npc_lia_hero_berserker.txt,63,game/scripts/vscripts/heroes/Berserker/berserker_frenzy_aura.lua,57,modifier_berserker_frenzy_aura_effect:OnCreated,self:GetAbility(),File-link candidate only; receiver may be another ability. Missing declaration can inherit engine defaults or read another entity.
abilities,berserker_frenzy_aura,bonus_attack_speed,True,"[10, 20, 30]",game/scripts/npc/abilities/npc_lia_hero_berserker.txt,62,game/scripts/vscripts/heroes/Berserker/berserker_frenzy_aura.lua,61,modifier_berserker_frenzy_aura_effect:OnRefresh,self:GetAbility(),File-link candidate only; receiver may be another ability. Missing declaration can inherit engine defaults or read another entity.
abilities,berserker_frenzy_aura,bonus_damage,True,"[15, 30, 45]",game/scripts/npc/abilities/npc_lia_hero_berserker.txt,63,game/scripts/vscripts/heroes/Berserker/berserker_frenzy_aura.lua,62,modifier_berserker_frenzy_aura_effect:OnRefresh,self:GetAbility(),File-link candidate only; receiver may be another ability. Missing declaration can inherit engine defaults or read another entity.
abilities,berserker_desperation,aura_radius,True,500,game/scripts/npc/abilities/npc_lia_hero_berserker.txt,86,game/scripts/vscripts/heroes/Berserker/modifier_berserker_desperation_aura.lua,51,modifier_berserker_desperation_aura:OnCreated,self:GetAbility(),File-link candidate only; receiver may be another ability. Missing declaration can inherit engine defaults or read another entity.
abilities,berserker_desperation,aura_radius,True,500,game/scripts/npc/abilities/npc_lia_hero_berserker.txt,86,game/scripts/vscripts/heroes/Berserker/modifier_berserker_desperation_aura.lua,57,modifier_berserker_desperation_aura:OnRefresh,self:GetAbility(),File-link candidate only; receiver may be another ability. Missing declaration can inherit engine defaults or read another entity.
abilities,berserker_desperation,penalty_attack_speed,True,"[-15, -30, -45]",game/scripts/npc/abilities/npc_lia_hero_berserker.txt,85,game/scripts/vscripts/heroes/Berserker/modifier_berserker_desperation_effect.lua,12,modifier_berserker_desperation_effect:OnCreated,self:GetAbility(),File-link candidate only; receiver may be another ability. Missing declaration can inherit engine defaults or read another entity.
abilities,berserker_desperation,penalty_attack_speed,True,"[-15, -30, -45]",game/scripts/npc/abilities/npc_lia_hero_berserker.txt,85,game/scripts/vscripts/heroes/Berserker/modifier_berserker_desperation_effect.lua,16,modifier_berserker_desperation_effect:OnRefresh,self:GetAbility(),File-link candidate only; receiver may be another ability. Missing declaration can inherit engine defaults or read another entity.
abilities,berserker_madness,bonus_all_stats,True,"[30, 60, 90]",game/scripts/npc/abilities/npc_lia_hero_berserker.txt,110,game/scripts/vscripts/heroes/Berserker/berserker_madness.lua,9,berserker_madness:OnSpellStart,ab,File-link candidate only; receiver may be another ability. Missing declaration can inherit engine defaults or read another entity.
abilities,berserker_madness,duration,True,"[11, 12, 13]",game/scripts/npc/abilities/npc_lia_hero_berserker.txt,111,game/scripts/vscripts/heroes/Berserker/berserker_madness.lua,10,berserker_madness:OnSpellStart,ab,File-link candidate only; receiver may be another ability. Missing declaration can inherit engine defaults or read another entity.
abilities,berserker_madness,reduced_delay,True,0.75,game/scripts/npc/abilities/npc_lia_hero_berserker.txt,112,game/scripts/vscripts/heroes/Berserker/berserker_madness.lua,11,berserker_madness:OnSpellStart,ab,File-link candidate only; receiver may be another ability. Missing declaration can inherit engine defaults or read another entity.
abilities,brewmaster_ferocity,radius,True,375,game/scripts/npc/abilities/npc_lia_hero_brewmaster.txt,95,game/scripts/vscripts/heroes/Brewer/modifier_brewmaster_ferocity_lua.lua,12,modifier_brewmaster_ferocity_lua:OnCreated,self:GetAbility(),File-link candidate only; receiver may be another ability. Missing declaration can inherit engine defaults or read another entity.
abilities,brewmaster_ferocity,bonus_strength,True,"[1, 2, 3]",game/scripts/npc/abilities/npc_lia_hero_brewmaster.txt,94,game/scripts/vscripts/heroes/Brewer/modifier_brewmaster_ferocity_lua.lua,41,modifier_brewmaster_ferocity_lua:OnIntervalThink,self:GetAbility(),File-link candidate only; receiver may be another ability. Missing declaration can inherit engine defaults or read another entity.
abilities,butcher_rage,duration,True,10,game/scripts/npc/abilities/npc_lia_hero_butcher.txt,36,game/scripts/vscripts/heroes/Butcher/butcher_rage.lua,6,butcher_rage:OnSpellStart,self,File-link candidate only; receiver may be another ability. Missing declaration can inherit engine defaults or read another entity.
abilities,butcher_rage,hp_pct_to_dmg,True,"[8, 12, 16]",game/scripts/npc/abilities/npc_lia_hero_butcher.txt,34,game/scripts/vscripts/heroes/Butcher/modifier_butcher_rage.lua,17,modifier_butcher_rage:OnRefresh,self.ability,File-link candidate only; receiver may be another ability. Missing declaration can inherit engine defaults or read another entity.
abilities,butcher_rage,radius,True,225,game/scripts/npc/abilities/npc_lia_hero_butcher.txt,35,game/scripts/vscripts/heroes/Butcher/modifier_butcher_rage.lua,18,modifier_butcher_rage:OnRefresh,self.ability,File-link candidate only; receiver may be another ability. Missing declaration can inherit engine defaults or read another entity.
abilities,butcher_skin,bonus_armor,True,"[5, 10, 15]",game/scripts/npc/abilities/npc_lia_hero_butcher.txt,56,game/scripts/vscripts/heroes/Butcher/modifier_butcher_skin.lua,26,modifier_butcher_skin:OnCreated,self:GetAbility(),File-link candidate only; receiver may be another ability. Missing declaration can inherit engine defaults or read another entity.
abilities,butcher_skin,bonus_armor,True,"[5, 10, 15]",game/scripts/npc/abilities/npc_lia_hero_butcher.txt,56,game/scripts/vscripts/heroes/Butcher/modifier_butcher_skin.lua,30,modifier_butcher_skin:OnRefresh,self:GetAbility(),File-link candidate only; receiver may be another ability. Missing declaration can inherit engine defaults or read another entity.
abilities,butcher_skin,damage_return,True,"[4, 8, 12]",game/scripts/npc/abilities/npc_lia_hero_butcher.txt,57,game/scripts/vscripts/heroes/Butcher/modifier_butcher_skin.lua,55,modifier_butcher_skin:OnTakeDamage,self:GetAbility(),File-link candidate only; receiver may be another ability. Missing declaration can inherit engine defaults or read another entity.
abilities,butcher_zombie,zombie_base_health,True,"[200, 300, 400]",game/scripts/npc/abilities/npc_lia_hero_butcher.txt,86,game/scripts/vscripts/heroes/Butcher/butcher_zombie.lua,53,butcher_zombie:OnSpellStart,self,File-link candidate only; receiver may be another ability. Missing declaration can inherit engine defaults or read another entity.
abilities,butcher_zombie,zombie_butcher_heath_percent,True,"[10, 15, 20]",game/scripts/npc/abilities/npc_lia_hero_butcher.txt,87,game/scripts/vscripts/heroes/Butcher/butcher_zombie.lua,53,butcher_zombie:OnSpellStart,self,File-link candidate only; receiver may be another ability. Missing declaration can inherit engine defaults or read another entity.
abilities,butcher_zombie,zombie_butcher_damage_percent,False,,game/scripts/npc/abilities/npc_lia_hero_butcher.txt,,game/scripts/vscripts/heroes/Butcher/butcher_zombie.lua,54,butcher_zombie:OnSpellStart,self,File-link candidate only; receiver may be another ability. Missing declaration can inherit engine defaults or read another entity.
abilities,butcher_zombie,zombie_butcher_damage_percent,False,,game/scripts/npc/abilities/npc_lia_hero_butcher.txt,,game/scripts/vscripts/heroes/Butcher/butcher_zombie.lua,55,butcher_zombie:OnSpellStart,self,File-link candidate only; receiver may be another ability. Missing declaration can inherit engine defaults or read another entity.
abilities,butcher_zombie,circle_radius,True,100,game/scripts/npc/abilities/npc_lia_hero_butcher.txt,92,game/scripts/vscripts/heroes/Butcher/butcher_zombie.lua,56,butcher_zombie:OnSpellStart,self,File-link candidate only; receiver may be another ability. Missing declaration can inherit engine defaults or read another entity.
abilities,butcher_zombie,zombie_limit,True,"[4, 5, 6]",game/scripts/npc/abilities/npc_lia_hero_butcher.txt,90,game/scripts/vscripts/heroes/Butcher/modifier_butcher_zombie.lua,17,modifier_butcher_zombie:OnCreated,self:GetAbility(),File-link candidate only; receiver may be another ability. Missing declaration can inherit engine defaults or read another entity.
abilities,butcher_zombie,zombie_replenish_time,True,20,game/scripts/npc/abilities/npc_lia_hero_butcher.txt,91,game/scripts/vscripts/heroes/Butcher/modifier_butcher_zombie.lua,18,modifier_butcher_zombie:OnCreated,self:GetAbility(),File-link candidate only; receiver may be another ability. Missing declaration can inherit engine defaults or read another entity.
abilities,butcher_zombie,health_precent_for_zombie,True,"[20, 15, 10]",game/scripts/npc/abilities/npc_lia_hero_butcher.txt,89,game/scripts/vscripts/heroes/Butcher/modifier_butcher_zombie.lua,19,modifier_butcher_zombie:OnCreated,self:GetAbility(),File-link candidate only; receiver may be another ability. Missing declaration can inherit engine defaults or read another entity.
abilities,butcher_zombie,zombie_limit,True,"[4, 5, 6]",game/scripts/npc/abilities/npc_lia_hero_butcher.txt,90,game/scripts/vscripts/heroes/Butcher/modifier_butcher_zombie.lua,44,modifier_butcher_zombie:OnRefresh,self:GetAbility(),File-link candidate only; receiver may be another ability. Missing declaration can inherit engine defaults or read another entity.
abilities,butcher_zombie,health_precent_for_zombie,True,"[20, 15, 10]",game/scripts/npc/abilities/npc_lia_hero_butcher.txt,89,game/scripts/vscripts/heroes/Butcher/modifier_butcher_zombie.lua,45,modifier_butcher_zombie:OnRefresh,self:GetAbility(),File-link candidate only; receiver may be another ability. Missing declaration can inherit engine defaults or read another entity.
abilities,butcher_zombie,zombie_butcher_heath_percent,True,"[10, 15, 20]",game/scripts/npc/abilities/npc_lia_hero_butcher.txt,87,game/scripts/vscripts/heroes/Butcher/modifier_butcher_zombie_bonus_stats.lua,19,modifier_butcher_zombie_bonus_stats:OnCreated,self:GetAbility(),File-link candidate only; receiver may be another ability. Missing declaration can inherit engine defaults or read another entity.
abilities,butcher_howl_of_terror,duration,True,"[14, 17, 20]",game/scripts/npc/abilities/npc_lia_hero_butcher.txt,125,game/scripts/vscripts/heroes/Butcher/HowlOfTerror.lua,5,HowlOfTerror,ability,File-link candidate only; receiver may be another ability. Missing declaration can inherit engine defaults or read another entity.
abilities,butcher_zombie_bash,bash_chance,True,10,game/scripts/npc/abilities/npc_lia_hero_butcher.txt,201,game/scripts/vscripts/heroes/Butcher/butcher_zombie_bash.lua,31,modifier_butcher_zombie_bash:OnCreated,self:GetAbility(),File-link candidate only; receiver may be another ability. Missing declaration can inherit engine defaults or read another entity.
abilities,butcher_zombie_bash,bash_damage,True,50,game/scripts/npc/abilities/npc_lia_hero_butcher.txt,203,game/scripts/vscripts/heroes/Butcher/butcher_zombie_bash.lua,32,modifier_butcher_zombie_bash:OnCreated,self:GetAbility(),File-link candidate only; receiver may be another ability. Missing declaration can inherit engine defaults or read another entity.
abilities,butcher_zombie_bash,bash_duration,True,0.5,game/scripts/npc/abilities/npc_lia_hero_butcher.txt,202,game/scripts/vscripts/heroes/Butcher/butcher_zombie_bash.lua,33,modifier_butcher_zombie_bash:OnCreated,self:GetAbility(),File-link candidate only; receiver may be another ability. Missing declaration can inherit engine defaults or read another entity.
abilities,butcher_zombie_bash,bash_chance,True,10,game/scripts/npc/abilities/npc_lia_hero_butcher.txt,201,game/scripts/vscripts/heroes/Butcher/butcher_zombie_bash.lua,36,modifier_butcher_zombie_bash:OnCreated,self:GetAbility(),File-link candidate only; receiver may be another ability. Missing declaration can inherit engine defaults or read another entity.
abilities,butcher_zombie_bash,bash_damage,True,50,game/scripts/npc/abilities/npc_lia_hero_butcher.txt,203,game/scripts/vscripts/heroes/Butcher/butcher_zombie_bash.lua,64,modifier_butcher_zombie_bash:OnAttackLanded,self:GetAbility(),File-link candidate only; receiver may be another ability. Missing declaration can inherit engine defaults or read another entity.
abilities,butcher_zombie_bash,bash_duration,True,0.5,game/scripts/npc/abilities/npc_lia_hero_butcher.txt,202,game/scripts/vscripts/heroes/Butcher/butcher_zombie_bash.lua,69,modifier_butcher_zombie_bash:OnAttackLanded,self:GetAbility(),File-link candidate only; receiver may be another ability. Missing declaration can inherit engine defaults or read another entity.
abilities,dark_knight_dark_forces,mana_percentage,True,"[10, 15, 20]",game/scripts/npc/abilities/npc_lia_hero_dark_knight.txt,29,game/scripts/vscripts/heroes/DarkKnight/DarkForces.lua,5,DarkForces,ability,File-link candidate only; receiver may be another ability. Missing declaration can inherit engine defaults or read another entity.
abilities,dark_knight_dark_energy_zone,radius,True,"[250, 275, 300]",game/scripts/npc/abilities/npc_lia_hero_dark_knight.txt,138,game/scripts/vscripts/heroes/DarkKnight/dark_knight_dark_energy_zone.lua,7,dark_knight_dark_energy_zone:GetAOERadius,self,File-link candidate only; receiver may be another ability. Missing declaration can inherit engine defaults or read another entity.
abilities,dark_knight_dark_energy_zone,duration,True,"[3, 5, 7]",game/scripts/npc/abilities/npc_lia_hero_dark_knight.txt,136,game/scripts/vscripts/heroes/DarkKnight/dark_knight_dark_energy_zone.lua,16,dark_knight_dark_energy_zone:OnSpellStart,self,File-link candidate only; receiver may be another ability. Missing declaration can inherit engine defaults or read another entity.
abilities,dark_knight_dark_energy_zone,mana_loss_reduction,True,100,game/scripts/npc/abilities/npc_lia_hero_dark_knight.txt,137,game/scripts/vscripts/heroes/DarkKnight/modifier_dark_knight_dark_energy_zone_effect.lua,14,modifier_dark_knight_dark_energy_zone_effect:OnCreated,self:GetAbility(),File-link candidate only; receiver may be another ability. Missing declaration can inherit engine defaults or read another entity.
abilities,dark_knight_dark_energy_zone,radius,True,"[250, 275, 300]",game/scripts/npc/abilities/npc_lia_hero_dark_knight.txt,138,game/scripts/vscripts/heroes/DarkKnight/modifier_dark_knight_dark_energy_zone_thinker.lua,60,modifier_dark_knight_dark_energy_zone_thinker:OnCreated,self:GetAbility(),File-link candidate only; receiver may be another ability. Missing declaration can inherit engine defaults or read another entity.
abilities,dark_knight_incinerate,damage_per_stack,True,"[6, 12, 24]",game/scripts/npc/abilities/npc_lia_hero_dark_knight.txt,166,game/scripts/vscripts/heroes/DarkKnight/dark_knight_incinerate.lua,32,modifier_dark_knight_incinerate:OnCreated,ability,File-link candidate only; receiver may be another ability. Missing declaration can inherit engine defaults or read another entity.
abilities,dark_knight_incinerate,duration,True,6,game/scripts/npc/abilities/npc_lia_hero_dark_knight.txt,170,game/scripts/vscripts/heroes/DarkKnight/dark_knight_incinerate.lua,33,modifier_dark_knight_incinerate:OnCreated,ability,File-link candidate only; receiver may be another ability. Missing declaration can inherit engine defaults or read another entity.
abilities,dark_knight_incinerate,damage_per_stack,True,"[6, 12, 24]",game/scripts/npc/abilities/npc_lia_hero_dark_knight.txt,166,game/scripts/vscripts/heroes/DarkKnight/dark_knight_incinerate.lua,37,modifier_dark_knight_incinerate:OnRefresh,self:GetAbility(),File-link candidate only; receiver may be another ability. Missing declaration can inherit engine defaults or read another entity.
abilities,dark_knight_incinerate,incineration_damage,True,"[50, 100, 200]",game/scripts/npc/abilities/npc_lia_hero_dark_knight.txt,167,game/scripts/vscripts/heroes/DarkKnight/dark_knight_incinerate.lua,87,modifier_dark_knight_incinerate_debuff:OnDeath,ability,File-link candidate only; receiver may be another ability. Missing declaration can inherit engine defaults or read another entity.
abilities,dark_knight_incinerate,incineration_radius,True,100,game/scripts/npc/abilities/npc_lia_hero_dark_knight.txt,168,game/scripts/vscripts/heroes/DarkKnight/dark_knight_incinerate.lua,88,modifier_dark_knight_incinerate_debuff:OnDeath,ability,File-link candidate only; receiver may be another ability. Missing declaration can inherit engine defaults or read another entity.
abilities,dark_knight_incinerate,kill_mana_per_stack,True,10,game/scripts/npc/abilities/npc_lia_hero_dark_knight.txt,169,game/scripts/vscripts/heroes/DarkKnight/dark_knight_incinerate.lua,89,modifier_dark_knight_incinerate_debuff:OnDeath,ability,File-link candidate only; receiver may be another ability. Missing declaration can inherit engine defaults or read another entity.
abilities,dark_knight_speed,bonus_attack_speed,True,"[20, 60, 100]",game/scripts/npc/abilities/npc_lia_hero_dark_knight.txt,189,game/scripts/vscripts/heroes/DarkKnight/modifier_dark_knight_speed.lua,21,modifier_dark_knight_speed:OnCreated,self:GetAbility(),File-link candidate only; receiver may be another ability. Missing declaration can inherit engine defaults or read another entity.
abilities,dark_knight_speed,attack_speed_per_attack,True,15,game/scripts/npc/abilities/npc_lia_hero_dark_knight.txt,190,game/scripts/vscripts/heroes/DarkKnight/modifier_dark_knight_speed.lua,22,modifier_dark_knight_speed:OnCreated,self:GetAbility(),File-link candidate only; receiver may be another ability. Missing declaration can inherit engine defaults or read another entity.
abilities,dark_knight_speed,duration,True,"[3, 4, 5]",game/scripts/npc/abilities/npc_lia_hero_dark_knight.txt,192,game/scripts/vscripts/heroes/DarkKnight/modifier_dark_knight_speed.lua,23,modifier_dark_knight_speed:OnCreated,self:GetAbility(),File-link candidate only; receiver may be another ability. Missing declaration can inherit engine defaults or read another entity.
abilities,dark_knight_speed,max_attack_speed,True,75,game/scripts/npc/abilities/npc_lia_hero_dark_knight.txt,191,game/scripts/vscripts/heroes/DarkKnight/modifier_dark_knight_speed.lua,24,modifier_dark_knight_speed:OnCreated,self:GetAbility(),File-link candidate only; receiver may be another ability. Missing declaration can inherit engine defaults or read another entity.
abilities,dark_knight_speed,bonus_attack_speed,True,"[20, 60, 100]",game/scripts/npc/abilities/npc_lia_hero_dark_knight.txt,189,game/scripts/vscripts/heroes/DarkKnight/modifier_dark_knight_speed.lua,38,modifier_dark_knight_speed:OnRefresh,self:GetAbility(),File-link candidate only; receiver may be another ability. Missing declaration can inherit engine defaults or read another entity.
abilities,dark_knight_speed,duration,True,"[3, 4, 5]",game/scripts/npc/abilities/npc_lia_hero_dark_knight.txt,192,game/scripts/vscripts/heroes/DarkKnight/modifier_dark_knight_speed.lua,39,modifier_dark_knight_speed:OnRefresh,self:GetAbility(),File-link candidate only; receiver may be another ability. Missing declaration can inherit engine defaults or read another entity.
abilities,dark_ranger_black_arrow,duration,True,2,game/scripts/npc/abilities/npc_lia_hero_dark_ranger.txt,33,game/scripts/vscripts/heroes/DarkRanger/dark_ranger_black_arrow.lua,33,modifier_dark_ranger_black_arrow:OnRefresh,self.ability,File-link candidate only; receiver may be another ability. Missing declaration can inherit engine defaults or read another entity.
abilities,dark_ranger_black_arrow,lifetime,True,"[4, 5, 6]",game/scripts/npc/abilities/npc_lia_hero_dark_ranger.txt,34,game/scripts/vscripts/heroes/DarkRanger/dark_ranger_black_arrow.lua,83,modifier_dark_ranger_black_arrow_debuff:OnDestroy,ability,File-link candidate only; receiver may be another ability. Missing declaration can inherit engine defaults or read another entity.
abilities,dark_ranger_magic_arrow,main_damage,True,"[120, 200, 280]",game/scripts/npc/abilities/npc_lia_hero_dark_ranger.txt,73,game/scripts/vscripts/heroes/DarkRanger/MagicArrow.lua,21,Damage,event.ability,File-link candidate only; receiver may be another ability. Missing declaration can inherit engine defaults or read another entity.
abilities,dark_ranger_magic_arrow,duration,True,8.0,game/scripts/npc/abilities/npc_lia_hero_dark_ranger.txt,77,game/scripts/vscripts/heroes/DarkRanger/MagicArrow.lua,21,Damage,event.ability,File-link candidate only; receiver may be another ability. Missing declaration can inherit engine defaults or read another entity.
abilities,dark_ranger_magic_arrow,other_damage,True,"[80, 160, 240]",game/scripts/npc/abilities/npc_lia_hero_dark_ranger.txt,74,game/scripts/vscripts/heroes/DarkRanger/MagicArrow.lua,27,DamageOther,event.ability,File-link candidate only; receiver may be another ability. Missing declaration can inherit engine defaults or read another entity.
abilities,dark_ranger_magic_arrow,duration,True,8.0,game/scripts/npc/abilities/npc_lia_hero_dark_ranger.txt,77,game/scripts/vscripts/heroes/DarkRanger/MagicArrow.lua,27,DamageOther,event.ability,File-link candidate only; receiver may be another ability. Missing declaration can inherit engine defaults or read another entity.
abilities,dark_ranger_spiked_charm,radius,True,600,game/scripts/npc/abilities/npc_lia_hero_dark_ranger.txt,202,game/scripts/vscripts/heroes/DarkRanger/modifier_dark_ranger_spiked_charm.lua,50,modifier_dark_ranger_spiked_charm:OnCreated,self:GetAbility(),File-link candidate only; receiver may be another ability. Missing declaration can inherit engine defaults or read another entity.
abilities,dark_ranger_spiked_charm,radius,True,600,game/scripts/npc/abilities/npc_lia_hero_dark_ranger.txt,202,game/scripts/vscripts/heroes/DarkRanger/modifier_dark_ranger_spiked_charm.lua,56,modifier_dark_ranger_spiked_charm:OnRefresh,self:GetAbility(),File-link candidate only; receiver may be another ability. Missing declaration can inherit engine defaults or read another entity.
abilities,dark_ranger_spiked_charm,damage_return,True,"[10, 15, 20]",game/scripts/npc/abilities/npc_lia_hero_dark_ranger.txt,203,game/scripts/vscripts/heroes/DarkRanger/modifier_dark_ranger_spiked_charm_aura.lua,38,modifier_dark_ranger_spiked_charm_aura:OnTakeDamage,self:GetAbility(),File-link candidate only; receiver may be another ability. Missing declaration can inherit engine defaults or read another entity.
abilities,dark_ranger_spiked_charm,damage_return_constant,True,"[10, 15, 20]",game/scripts/npc/abilities/npc_lia_hero_dark_ranger.txt,204,game/scripts/vscripts/heroes/DarkRanger/modifier_dark_ranger_spiked_charm_aura.lua,38,modifier_dark_ranger_spiked_charm_aura:OnTakeDamage,self:GetAbility(),File-link candidate only; receiver may be another ability. Missing declaration can inherit engine defaults or read another entity.
abilities,demonologist_demonic_seal,manacost_scepter,True,"[125, 175, 225]",game/scripts/npc/abilities/npc_lia_hero_demonologist.txt,50,game/scripts/vscripts/heroes/Demonologist/demonologist_demonic_seal.lua,6,demonologist_demonic_seal:GetManaCost,self,File-link candidate only; receiver may be another ability. Missing declaration can inherit engine defaults or read another entity.
abilities,demonologist_demonic_seal,radius,True,175,game/scripts/npc/abilities/npc_lia_hero_demonologist.txt,49,game/scripts/vscripts/heroes/Demonologist/demonologist_demonic_seal.lua,13,demonologist_demonic_seal:GetAOERadius,self,File-link candidate only; receiver may be another ability. Missing declaration can inherit engine defaults or read another entity.
abilities,demonologist_demonic_seal,radius,True,175,game/scripts/npc/abilities/npc_lia_hero_demonologist.txt,49,game/scripts/vscripts/heroes/Demonologist/demonologist_demonic_seal.lua,17,demonologist_demonic_seal:OnSpellStart,self,File-link candidate only; receiver may be another ability. Missing declaration can inherit engine defaults or read another entity.
abilities,demonologist_demonic_seal,initial_duration,True,2,game/scripts/npc/abilities/npc_lia_hero_demonologist.txt,47,game/scripts/vscripts/heroes/Demonologist/demonologist_demonic_seal.lua,20,demonologist_demonic_seal:OnSpellStart,self,File-link candidate only; receiver may be another ability. Missing declaration can inherit engine defaults or read another entity.
abilities,demonologist_demonic_seal,additional_duration,True,0.5,game/scripts/npc/abilities/npc_lia_hero_demonologist.txt,48,game/scripts/vscripts/heroes/Demonologist/demonologist_demonic_seal.lua,21,demonologist_demonic_seal:OnSpellStart,self,File-link candidate only; receiver may be another ability. Missing declaration can inherit engine defaults or read another entity.
abilities,demonologist_demonic_seal,initial_damage_scepter,True,"[20, 40, 60]",game/scripts/npc/abilities/npc_lia_hero_demonologist.txt,36,game/scripts/vscripts/heroes/Demonologist/modifier_demonologist_demonic_seal_debuff.lua,14,modifier_demonologist_demonic_seal_debuff:OnCreated,self:GetAbility(),File-link candidate only; receiver may be another ability. Missing declaration can inherit engine defaults or read another entity.
abilities,demonologist_demonic_seal,additional_damage_scepter,True,12,game/scripts/npc/abilities/npc_lia_hero_demonologist.txt,42,game/scripts/vscripts/heroes/Demonologist/modifier_demonologist_demonic_seal_debuff.lua,15,modifier_demonologist_demonic_seal_debuff:OnCreated,self:GetAbility(),File-link candidate only; receiver may be another ability. Missing declaration can inherit engine defaults or read another entity.
abilities,demonologist_demonic_seal,initial_damage,True,"[10, 20, 30]",game/scripts/npc/abilities/npc_lia_hero_demonologist.txt,35,game/scripts/vscripts/heroes/Demonologist/modifier_demonologist_demonic_seal_debuff.lua,17,modifier_demonologist_demonic_seal_debuff:OnCreated,self:GetAbility(),File-link candidate only; receiver may be another ability. Missing declaration can inherit engine defaults or read another entity.
abilities,demonologist_demonic_seal,additional_damage,True,6,game/scripts/npc/abilities/npc_lia_hero_demonologist.txt,41,game/scripts/vscripts/heroes/Demonologist/modifier_demonologist_demonic_seal_debuff.lua,18,modifier_demonologist_demonic_seal_debuff:OnCreated,self:GetAbility(),File-link candidate only; receiver may be another ability. Missing declaration can inherit engine defaults or read another entity.
abilities,demonologist_touch_of_darkness,damage_percentage,True,"[5, 7, 9]",game/scripts/npc/abilities/npc_lia_hero_demonologist.txt,87,game/scripts/vscripts/heroes/Demonologist/demonologist_touch_of_darkness.lua,21,modifier_demonologist_touch_of_darkness:OnCreated,self.ability,File-link candidate only; receiver may be another ability. Missing declaration can inherit engine defaults or read another entity.
abilities,demonologist_touch_of_darkness,radius,True,130,game/scripts/npc/abilities/npc_lia_hero_demonologist.txt,88,game/scripts/vscripts/heroes/Demonologist/demonologist_touch_of_darkness.lua,22,modifier_demonologist_touch_of_darkness:OnCreated,self.ability,File-link candidate only; receiver may be another ability. Missing declaration can inherit engine defaults or read another entity.
abilities,demonologist_touch_of_darkness,damage_percentage,True,"[5, 7, 9]",game/scripts/npc/abilities/npc_lia_hero_demonologist.txt,87,game/scripts/vscripts/heroes/Demonologist/demonologist_touch_of_darkness.lua,26,modifier_demonologist_touch_of_darkness:OnRefresh,self.ability,File-link candidate only; receiver may be another ability. Missing declaration can inherit engine defaults or read another entity.
abilities,demonologist_mastery_of_demonology,hp_percent_transfer,True,"[25, 35, 45]",game/scripts/npc/abilities/npc_lia_hero_demonologist.txt,128,game/scripts/vscripts/heroes/Demonologist/MasteryOfDemonology.lua,5,OnSpellStart,ability,File-link candidate only; receiver may be another ability. Missing declaration can inherit engine defaults or read another entity.
abilities,demonologist_mastery_of_demonology,bonus_health,True,"[100, 200, 300]",game/scripts/npc/abilities/npc_lia_hero_demonologist.txt,126,game/scripts/vscripts/heroes/Demonologist/MasteryOfDemonology.lua,38,GiveAbility,ability,File-link candidate only; receiver may be another ability. Missing declaration can inherit engine defaults or read another entity.
abilities,demonologist_mastery_of_demonology,bonus_health,True,"[100, 200, 300]",game/scripts/npc/abilities/npc_lia_hero_demonologist.txt,126,game/scripts/vscripts/heroes/Demonologist/MasteryOfDemonology.lua,39,GiveAbility,ability,File-link candidate only; receiver may be another ability. Missing declaration can inherit engine defaults or read another entity.
abilities,demonologist_mastery_of_demonology_creep,hp_percent_transfer,True,"[25, 35, 45]",game/scripts/npc/abilities/npc_lia_hero_demonologist.txt,198,game/scripts/vscripts/heroes/Demonologist/MasteryOfDemonology.lua,5,OnSpellStart,ability,File-link candidate only; receiver may be another ability. Missing declaration can inherit engine defaults or read another entity.
abilities,demonologist_mastery_of_demonology_creep,bonus_health,True,"[100, 200, 300]",game/scripts/npc/abilities/npc_lia_hero_demonologist.txt,196,game/scripts/vscripts/heroes/Demonologist/MasteryOfDemonology.lua,38,GiveAbility,ability,File-link candidate only; receiver may be another ability. Missing declaration can inherit engine defaults or read another entity.
abilities,demonologist_mastery_of_demonology_creep,bonus_health,True,"[100, 200, 300]",game/scripts/npc/abilities/npc_lia_hero_demonologist.txt,196,game/scripts/vscripts/heroes/Demonologist/MasteryOfDemonology.lua,39,GiveAbility,ability,File-link candidate only; receiver may be another ability. Missing declaration can inherit engine defaults or read another entity.
abilities,demonologist_ritual_of_summoning,manacost_scepter,True,"[250, 300, 350]",game/scripts/npc/abilities/npc_lia_hero_demonologist.txt,271,game/scripts/vscripts/heroes/Demonologist/demonologist_ritual_of_summoning.lua,7,demonologist_ritual_of_summoning:GetManaCost,self,File-link candidate only; receiver may be another ability. Missing declaration can inherit engine defaults or read another entity.
abilities,demonologist_ritual_of_summoning,spawn_radius,True,245,game/scripts/npc/abilities/npc_lia_hero_demonologist.txt,270,game/scripts/vscripts/heroes/Demonologist/demonologist_ritual_of_summoning.lua,14,demonologist_ritual_of_summoning:GetAOERadius,self,File-link candidate only; receiver may be another ability. Missing declaration can inherit engine defaults or read another entity.
abilities,demonologist_ritual_of_summoning,delay,True,1.5,game/scripts/npc/abilities/npc_lia_hero_demonologist.txt,267,game/scripts/vscripts/heroes/Demonologist/demonologist_ritual_of_summoning.lua,19,demonologist_ritual_of_summoning:OnSpellStart,self,File-link candidate only; receiver may be another ability. Missing declaration can inherit engine defaults or read another entity.
abilities,demonologist_ritual_of_summoning,health_loss_interval,True,0.25,game/scripts/npc/abilities/npc_lia_hero_demonologist.txt,269,game/scripts/vscripts/heroes/Demonologist/modifier_demonologist_ritual_of_summoning_creep_debuff.lua,18,modifier_demonologist_ritual_of_summoning_creep_debuff:OnCreated,self:GetAbility(),File-link candidate only; receiver may be another ability. Missing declaration can inherit engine defaults or read another entity.
abilities,demonologist_ritual_of_summoning,max_health_loss_percent_per_second,True,2,game/scripts/npc/abilities/npc_lia_hero_demonologist.txt,268,game/scripts/vscripts/heroes/Demonologist/modifier_demonologist_ritual_of_summoning_creep_debuff.lua,19,modifier_demonologist_ritual_of_summoning_creep_debuff:OnCreated,self:GetAbility(),File-link candidate only; receiver may be another ability. Missing declaration can inherit engine defaults or read another entity.
abilities,demonologist_ritual_of_summoning,spawn_radius,True,245,game/scripts/npc/abilities/npc_lia_hero_demonologist.txt,270,game/scripts/vscripts/heroes/Demonologist/modifier_demonologist_ritual_of_summoning_thinker.lua,22,modifier_demonologist_ritual_of_summoning_thinker:OnCreated,self:GetAbility(),File-link candidate only; receiver may be another ability. Missing declaration can inherit engine defaults or read another entity.
abilities,demonologist_ritual_of_summoning,unit_count,True,"[4, 6, 8]",game/scripts/npc/abilities/npc_lia_hero_demonologist.txt,259,game/scripts/vscripts/heroes/Demonologist/modifier_demonologist_ritual_of_summoning_thinker.lua,38,modifier_demonologist_ritual_of_summoning_thinker:OnDestroy,ability,File-link candidate only; receiver may be another ability. Missing declaration can inherit engine defaults or read another entity.
abilities,demonologist_ritual_of_summoning,intelligence_for_unit,True,40,game/scripts/npc/abilities/npc_lia_hero_demonologist.txt,266,game/scripts/vscripts/heroes/Demonologist/modifier_demonologist_ritual_of_summoning_thinker.lua,39,modifier_demonologist_ritual_of_summoning_thinker:OnDestroy,ability,File-link candidate only; receiver may be another ability. Missing declaration can inherit engine defaults or read another entity.
abilities,demonologist_ritual_of_summoning,boss_count_scepter,True,1,game/scripts/npc/abilities/npc_lia_hero_demonologist.txt,261,game/scripts/vscripts/heroes/Demonologist/modifier_demonologist_ritual_of_summoning_thinker.lua,43,modifier_demonologist_ritual_of_summoning_thinker:OnDestroy,ability,File-link candidate only; receiver may be another ability. Missing declaration can inherit engine defaults or read another entity.
abilities,demonologist_ritual_of_summoning,boss_count,True,0,game/scripts/npc/abilities/npc_lia_hero_demonologist.txt,260,game/scripts/vscripts/heroes/Demonologist/modifier_demonologist_ritual_of_summoning_thinker.lua,45,modifier_demonologist_ritual_of_summoning_thinker:OnDestroy,ability,File-link candidate only; receiver may be another ability. Missing declaration can inherit engine defaults or read another entity.
abilities,dice_bash,bash_damage,True,"[70, 140, 210]",game/scripts/npc/abilities/npc_lia_hero_dice.txt,87,game/scripts/vscripts/heroes/Dice/Bash.lua,20,Bash,ability,File-link candidate only; receiver may be another ability. Missing declaration can inherit engine defaults or read another entity.
abilities,dice_bash,bash_stun,True,1.0,game/scripts/npc/abilities/npc_lia_hero_dice.txt,86,game/scripts/vscripts/heroes/Dice/Bash.lua,25,Bash,ability,File-link candidate only; receiver may be another ability. Missing declaration can inherit engine defaults or read another entity.
abilities,dice_bash,bash_chance,True,"[15, 20, 25]",game/scripts/npc/abilities/npc_lia_hero_dice.txt,85,game/scripts/vscripts/heroes/Dice/Bash.lua,35,IsActiveBash,ability,File-link candidate only; receiver may be another ability. Missing declaration can inherit engine defaults or read another entity.
abilities,dice_bash,bash_chance,True,"[15, 20, 25]",game/scripts/npc/abilities/npc_lia_hero_dice.txt,85,game/scripts/vscripts/heroes/Dice/Bash.lua,40,IsActiveBash,modAbility,File-link candidate only; receiver may be another ability. Missing declaration can inherit engine defaults or read another entity.
abilities,dice_bash,bash_chance,True,"[15, 20, 25]",game/scripts/npc/abilities/npc_lia_hero_dice.txt,85,game/scripts/vscripts/heroes/Dice/Bash.lua,41,IsActiveBash,modAbility,File-link candidate only; receiver may be another ability. Missing declaration can inherit engine defaults or read another entity.
abilities,dice_steelstorm,steelstorm_damage_tick,True,0.06,game/scripts/npc/abilities/npc_lia_hero_dice.txt,198,game/scripts/vscripts/heroes/Dice/Steelstorm.lua,5,Damage,ability,File-link candidate only; receiver may be another ability. Missing declaration can inherit engine defaults or read another entity.
abilities,dice_steelstorm,steelstorm_radius,True,300,game/scripts/npc/abilities/npc_lia_hero_dice.txt,199,game/scripts/vscripts/heroes/Dice/Steelstorm.lua,10,Damage,ability,File-link candidate only; receiver may be another ability. Missing declaration can inherit engine defaults or read another entity.
abilities,earth_lord_earth_burn,manacost_scepter,True,"[100, 200, 300]",game/scripts/npc/abilities/npc_lia_hero_earth_lord.txt,46,game/scripts/vscripts/heroes/EarthLord/earth_lord_earth_burn.lua,6,earth_lord_earth_burn:GetManaCost,self,File-link candidate only; receiver may be another ability. Missing declaration can inherit engine defaults or read another entity.
abilities,earth_lord_earth_burn,radius,True,"[150, 175, 200]",game/scripts/npc/abilities/npc_lia_hero_earth_lord.txt,45,game/scripts/vscripts/heroes/EarthLord/earth_lord_earth_burn.lua,13,earth_lord_earth_burn:GetAOERadius,self,File-link candidate only; receiver may be another ability. Missing declaration can inherit engine defaults or read another entity.
abilities,earth_lord_earth_burn,duration,True,4,game/scripts/npc/abilities/npc_lia_hero_earth_lord.txt,44,game/scripts/vscripts/heroes/EarthLord/earth_lord_earth_burn.lua,18,earth_lord_earth_burn:OnSpellStart,self,File-link candidate only; receiver may be another ability. Missing declaration can inherit engine defaults or read another entity.
abilities,earth_lord_earth_burn,damage_per_second_scepter,True,"[100, 140, 180]",game/scripts/npc/abilities/npc_lia_hero_earth_lord.txt,39,game/scripts/vscripts/heroes/EarthLord/modifier_earth_lord_earth_burn_thinker.lua,16,modifier_earth_lord_earth_burn_thinker:OnCreated,self:GetAbility(),File-link candidate only; receiver may be another ability. Missing declaration can inherit engine defaults or read another entity.
abilities,earth_lord_earth_burn,damage_per_second,True,"[40, 80, 120]",game/scripts/npc/abilities/npc_lia_hero_earth_lord.txt,38,game/scripts/vscripts/heroes/EarthLord/modifier_earth_lord_earth_burn_thinker.lua,18,modifier_earth_lord_earth_burn_thinker:OnCreated,self:GetAbility(),File-link candidate only; receiver may be another ability. Missing declaration can inherit engine defaults or read another entity.
abilities,earth_lord_earth_burn,radius,True,"[150, 175, 200]",game/scripts/npc/abilities/npc_lia_hero_earth_lord.txt,45,game/scripts/vscripts/heroes/EarthLord/modifier_earth_lord_earth_burn_thinker.lua,21,modifier_earth_lord_earth_burn_thinker:OnCreated,self:GetAbility(),File-link candidate only; receiver may be another ability. Missing declaration can inherit engine defaults or read another entity.
abilities,earth_lord_split_earth,manacost_scepter,True,"[150, 250, 350]",game/scripts/npc/abilities/npc_lia_hero_earth_lord.txt,97,game/scripts/vscripts/heroes/EarthLord/earth_lord_split_earth.lua,6,earth_lord_split_earth:GetManaCost,self,File-link candidate only; receiver may be another ability. Missing declaration can inherit engine defaults or read another entity.
abilities,earth_lord_split_earth,radius,True,"[175, 200, 225]",game/scripts/npc/abilities/npc_lia_hero_earth_lord.txt,91,game/scripts/vscripts/heroes/EarthLord/earth_lord_split_earth.lua,13,earth_lord_split_earth:GetAOERadius,self,File-link candidate only; receiver may be another ability. Missing declaration can inherit engine defaults or read another entity.
abilities,earth_lord_split_earth,cooldown_scepter,True,"[15, 14, 13]",game/scripts/npc/abilities/npc_lia_hero_earth_lord.txt,92,game/scripts/vscripts/heroes/EarthLord/earth_lord_split_earth.lua,18,earth_lord_split_earth:GetCooldown,self,File-link candidate only; receiver may be another ability. Missing declaration can inherit engine defaults or read another entity.
abilities,earth_lord_split_earth,stun_duration,True,"[1, 2, 3]",game/scripts/npc/abilities/npc_lia_hero_earth_lord.txt,90,game/scripts/vscripts/heroes/EarthLord/earth_lord_split_earth.lua,26,earth_lord_split_earth:OnSpellStart,self,File-link candidate only; receiver may be another ability. Missing declaration can inherit engine defaults or read another entity.
abilities,earth_lord_split_earth,radius,True,"[175, 200, 225]",game/scripts/npc/abilities/npc_lia_hero_earth_lord.txt,91,game/scripts/vscripts/heroes/EarthLord/earth_lord_split_earth.lua,27,earth_lord_split_earth:OnSpellStart,self,File-link candidate only; receiver may be another ability. Missing declaration can inherit engine defaults or read another entity.
abilities,earth_lord_split_earth,damage,True,"[100, 200, 300]",game/scripts/npc/abilities/npc_lia_hero_earth_lord.txt,89,game/scripts/vscripts/heroes/EarthLord/earth_lord_split_earth.lua,29,earth_lord_split_earth:OnSpellStart,self,File-link candidate only; receiver may be another ability. Missing declaration can inherit engine defaults or read another entity.
abilities,earth_lord_stone_skin,chance,True,10,game/scripts/npc/abilities/npc_lia_hero_earth_lord.txt,140,game/scripts/vscripts/heroes/EarthLord/StoneSkin.lua,6,OnAttacked,ability,File-link candidate only; receiver may be another ability. Missing declaration can inherit engine defaults or read another entity.
abilities,fallen_champion_shell,pr_damage,True,"[15, 20, 25]",game/scripts/npc/abilities/npc_lia_hero_fallen_champion.txt,29,game/scripts/vscripts/heroes/FallenChampion/fallen_champion_shell.lua,44,shell_cast,ability,File-link candidate only; receiver may be another ability. Missing declaration can inherit engine defaults or read another entity.
abilities,fallen_champion_shell,radius,True,600,game/scripts/npc/abilities/npc_lia_hero_fallen_champion.txt,30,game/scripts/vscripts/heroes/FallenChampion/fallen_champion_shell.lua,45,shell_cast,ability,File-link candidate only; receiver may be another ability. Missing declaration can inherit engine defaults or read another entity.
abilities,fallen_champion_return,full_damage_chance,True,"[10, 13, 16]",game/scripts/npc/abilities/npc_lia_hero_fallen_champion.txt,151,game/scripts/vscripts/heroes/FallenChampion/modifier_fallen_champion_return.lua,43,modifier_fallen_champion_return:OnTakeDamage,self:GetAbility(),File-link candidate only; receiver may be another ability. Missing declaration can inherit engine defaults or read another entity.
abilities,fallen_champion_return,damage_return,True,"[6, 12, 18]",game/scripts/npc/abilities/npc_lia_hero_fallen_champion.txt,150,game/scripts/vscripts/heroes/FallenChampion/modifier_fallen_champion_return.lua,47,modifier_fallen_champion_return:OnTakeDamage,self:GetAbility(),File-link candidate only; receiver may be another ability. Missing declaration can inherit engine defaults or read another entity.
abilities,fallen_champion_absorption,str_for_kill_boss_hero,True,"[1, 2, 3]",game/scripts/npc/abilities/npc_lia_hero_fallen_champion.txt,171,game/scripts/vscripts/heroes/FallenChampion/modifier_fallen_champion_absorption.lua,55,modifier_fallen_champion_absorption:OnDeath,ability,File-link candidate only; receiver may be another ability. Missing declaration can inherit engine defaults or read another entity.
abilities,fallen_champion_absorption,kills_for_bonus_str,True,"[6, 5, 4]",game/scripts/npc/abilities/npc_lia_hero_fallen_champion.txt,170,game/scripts/vscripts/heroes/FallenChampion/modifier_fallen_champion_absorption.lua,65,modifier_fallen_champion_absorption:OnDeath,ability,File-link candidate only; receiver may be another ability. Missing declaration can inherit engine defaults or read another entity.
abilities,firelord_flame_strike,radius,True,"[175, 200, 225]",game/scripts/npc/abilities/npc_lia_hero_firelord.txt,52,game/scripts/vscripts/heroes/Firelord/firelord_flame_strike.lua,6,firelord_flame_strike:GetAOERadius,self,File-link candidate only; receiver may be another ability. Missing declaration can inherit engine defaults or read another entity.
abilities,firelord_flame_strike,manacost_scepter,True,"[250, 275, 300]",game/scripts/npc/abilities/npc_lia_hero_firelord.txt,54,game/scripts/vscripts/heroes/Firelord/firelord_flame_strike.lua,11,firelord_flame_strike:GetManaCost,self,File-link candidate only; receiver may be another ability. Missing declaration can inherit engine defaults or read another entity.
abilities,firelord_flame_strike,first_strike_duration,True,2.8,game/scripts/npc/abilities/npc_lia_hero_firelord.txt,49,game/scripts/vscripts/heroes/Firelord/firelord_flame_strike.lua,30,firelord_flame_strike:OnChannelFinish,self,File-link candidate only; receiver may be another ability. Missing declaration can inherit engine defaults or read another entity.
abilities,firelord_flame_strike,burn_duration,True,6,game/scripts/npc/abilities/npc_lia_hero_firelord.txt,51,game/scripts/vscripts/heroes/Firelord/firelord_flame_strike.lua,30,firelord_flame_strike:OnChannelFinish,self,File-link candidate only; receiver may be another ability. Missing declaration can inherit engine defaults or read another entity.
abilities,firelord_flame_strike,burn_dps,True,"[4, 6, 8]",game/scripts/npc/abilities/npc_lia_hero_firelord.txt,50,game/scripts/vscripts/heroes/Firelord/modifier_firelord_flame_strike_burn.lua,17,modifier_firelord_flame_strike_burn:OnIntervalThink,self:GetAbility(),File-link candidate only; receiver may be another ability. Missing declaration can inherit engine defaults or read another entity.
abilities,firelord_flame_strike,radius,True,"[175, 200, 225]",game/scripts/npc/abilities/npc_lia_hero_firelord.txt,52,game/scripts/vscripts/heroes/Firelord/modifier_firelord_flame_strike_thinker.lua,13,modifier_firelord_flame_strike_thinker:OnCreated,self:GetAbility(),File-link candidate only; receiver may be another ability. Missing declaration can inherit engine defaults or read another entity.
abilities,firelord_flame_strike,,False,,game/scripts/npc/abilities/npc_lia_hero_firelord.txt,,game/scripts/vscripts/heroes/Firelord/modifier_firelord_flame_strike_thinker.lua,25,modifier_firelord_flame_strike_thinker:OnIntervalThink,ability,File-link candidate only; receiver may be another ability. Missing declaration can inherit engine defaults or read another entity.
abilities,firelord_flame_strike,burn_duration,True,6,game/scripts/npc/abilities/npc_lia_hero_firelord.txt,51,game/scripts/vscripts/heroes/Firelord/modifier_firelord_flame_strike_thinker.lua,26,modifier_firelord_flame_strike_thinker:OnIntervalThink,ability,File-link candidate only; receiver may be another ability. Missing declaration can inherit engine defaults or read another entity.
abilities,firelord_flame_strike,first_strike_duration,True,2.8,game/scripts/npc/abilities/npc_lia_hero_firelord.txt,49,game/scripts/vscripts/heroes/Firelord/modifier_firelord_flame_strike_thinker.lua,27,modifier_firelord_flame_strike_thinker:OnIntervalThink,ability,File-link candidate only; receiver may be another ability. Missing declaration can inherit engine defaults or read another entity.
abilities,firelord_flame_strike,radius,True,"[175, 200, 225]",game/scripts/npc/abilities/npc_lia_hero_firelord.txt,52,game/scripts/vscripts/heroes/Firelord/modifier_firelord_flame_strike_thinker.lua,28,modifier_firelord_flame_strike_thinker:OnIntervalThink,ability,File-link candidate only; receiver may be another ability. Missing declaration can inherit engine defaults or read another entity.
abilities,firelord_summon_lava_spawn,attacks_to_split,True,7,game/scripts/npc/abilities/npc_lia_hero_firelord.txt,93,game/scripts/vscripts/heroes/Firelord/summon_lava_spawn.lua,47,LavaSpawnAttackCounter,ability,File-link candidate only; receiver may be another ability. Missing declaration can inherit engine defaults or read another entity.
abilities,firelord_summon_lava_spawn,lava_spawn_duration,True,60,game/scripts/npc/abilities/npc_lia_hero_firelord.txt,92,game/scripts/vscripts/heroes/Firelord/summon_lava_spawn.lua,48,LavaSpawnAttackCounter,ability,File-link candidate only; receiver may be another ability. Missing declaration can inherit engine defaults or read another entity.
abilities,firelord_fire_trap,duration,True,60,game/scripts/npc/abilities/npc_lia_hero_firelord.txt,329,game/scripts/vscripts/heroes/Firelord/FireTrap.lua,6,StasisStart,ability,File-link candidate only; receiver may be another ability. Missing declaration can inherit engine defaults or read another entity.
abilities,firelord_fire_trap,detection_radius,True,"[250, 275, 300]",game/scripts/npc/abilities/npc_lia_hero_firelord.txt,334,game/scripts/vscripts/heroes/Firelord/FireTrap.lua,26,StasisThink,ability,File-link candidate only; receiver may be another ability. Missing declaration can inherit engine defaults or read another entity.
abilities,firelord_fire_trap,detonation_radius,True,"[300, 350, 400]",game/scripts/npc/abilities/npc_lia_hero_firelord.txt,330,game/scripts/vscripts/heroes/Firelord/FireTrap.lua,34,StasisThink/anonymous@32,ability,File-link candidate only; receiver may be another ability. Missing declaration can inherit engine defaults or read another entity.
abilities,firelord_fire_trap,stun_hero_duration,True,"[2, 3, 4]",game/scripts/npc/abilities/npc_lia_hero_firelord.txt,332,game/scripts/vscripts/heroes/Firelord/FireTrap.lua,40,StasisThink/anonymous@32,ability,File-link candidate only; receiver may be another ability. Missing declaration can inherit engine defaults or read another entity.
abilities,firelord_fire_trap,stun_duration,True,"[3, 5, 7]",game/scripts/npc/abilities/npc_lia_hero_firelord.txt,331,game/scripts/vscripts/heroes/Firelord/FireTrap.lua,42,StasisThink/anonymous@32,ability,File-link candidate only; receiver may be another ability. Missing declaration can inherit engine defaults or read another entity.
abilities,firelord_fire_serpent,manacost_scepter,True,"[250, 350, 450]",game/scripts/npc/abilities/npc_lia_hero_firelord.txt,429,game/scripts/vscripts/heroes/Firelord/firelord_fire_serpent.lua,5,firelord_fire_serpent:GetManaCost,self,File-link candidate only; receiver may be another ability. Missing declaration can inherit engine defaults or read another entity.
abilities,firelord_fire_serpent,duration,True,60,game/scripts/npc/abilities/npc_lia_hero_firelord.txt,428,game/scripts/vscripts/heroes/Firelord/firelord_fire_serpent.lua,13,firelord_fire_serpent:OnSpellStart,self,File-link candidate only; receiver may be another ability. Missing declaration can inherit engine defaults or read another entity.
abilities,firelord_fire_serpent,serpent_count,True,4,game/scripts/npc/abilities/npc_lia_hero_firelord.txt,434,game/scripts/vscripts/heroes/Firelord/firelord_fire_serpent.lua,14,firelord_fire_serpent:OnSpellStart,self,File-link candidate only; receiver may be another ability. Missing declaration can inherit engine defaults or read another entity.
abilities,frost_lord_frost_breath,manacost_scepter,True,"[130, 160, 190]",game/scripts/npc/abilities/npc_lia_hero_frost_lord.txt,57,game/scripts/vscripts/heroes/FrostLord/frost_lord_frost_breath.lua,6,frost_lord_frost_breath:GetManaCost,self,File-link candidate only; receiver may be another ability. Missing declaration can inherit engine defaults or read another entity.
abilities,frost_lord_frost_breath,speed,True,950,game/scripts/npc/abilities/npc_lia_hero_frost_lord.txt,50,game/scripts/vscripts/heroes/FrostLord/frost_lord_frost_breath.lua,14,frost_lord_frost_breath:OnSpellStart,self,File-link candidate only; receiver may be another ability. Missing declaration can inherit engine defaults or read another entity.
abilities,frost_lord_frost_breath,projectile_distance,True,"[650, 700, 750]",game/scripts/npc/abilities/npc_lia_hero_frost_lord.txt,49,game/scripts/vscripts/heroes/FrostLord/frost_lord_frost_breath.lua,15,frost_lord_frost_breath:OnSpellStart,self,File-link candidate only; receiver may be another ability. Missing declaration can inherit engine defaults or read another entity.
abilities,frost_lord_frost_breath,start_width,True,150,game/scripts/npc/abilities/npc_lia_hero_frost_lord.txt,47,game/scripts/vscripts/heroes/FrostLord/frost_lord_frost_breath.lua,16,frost_lord_frost_breath:OnSpellStart,self,File-link candidate only; receiver may be another ability. Missing declaration can inherit engine defaults or read another entity.
abilities,frost_lord_frost_breath,end_width,True,150,game/scripts/npc/abilities/npc_lia_hero_frost_lord.txt,48,game/scripts/vscripts/heroes/FrostLord/frost_lord_frost_breath.lua,17,frost_lord_frost_breath:OnSpellStart,self,File-link candidate only; receiver may be another ability. Missing declaration can inherit engine defaults or read another entity.
abilities,frost_lord_frost_breath,damage_scepter,True,"[225, 300, 375]",game/scripts/npc/abilities/npc_lia_hero_frost_lord.txt,36,game/scripts/vscripts/heroes/FrostLord/frost_lord_frost_breath.lua,52,frost_lord_frost_breath:OnProjectileHit,self,File-link candidate only; receiver may be another ability. Missing declaration can inherit engine defaults or read another entity.
abilities,frost_lord_frost_breath,duration_scepter,True,"[6, 7, 8]",game/scripts/npc/abilities/npc_lia_hero_frost_lord.txt,52,game/scripts/vscripts/heroes/FrostLord/frost_lord_frost_breath.lua,53,frost_lord_frost_breath:OnProjectileHit,self,File-link candidate only; receiver may be another ability. Missing declaration can inherit engine defaults or read another entity.
abilities,frost_lord_frost_breath,damage,True,"[70, 140, 210]",game/scripts/npc/abilities/npc_lia_hero_frost_lord.txt,35,game/scripts/vscripts/heroes/FrostLord/frost_lord_frost_breath.lua,55,frost_lord_frost_breath:OnProjectileHit,self,File-link candidate only; receiver may be another ability. Missing declaration can inherit engine defaults or read another entity.
abilities,frost_lord_frost_breath,duration,True,"[4, 5, 6]",game/scripts/npc/abilities/npc_lia_hero_frost_lord.txt,51,game/scripts/vscripts/heroes/FrostLord/frost_lord_frost_breath.lua,56,frost_lord_frost_breath:OnProjectileHit,self,File-link candidate only; receiver may be another ability. Missing declaration can inherit engine defaults or read another entity.
abilities,frost_lord_frost_breath,damage_per_second_scepter,True,"[15, 30, 45]",game/scripts/npc/abilities/npc_lia_hero_frost_lord.txt,42,game/scripts/vscripts/heroes/FrostLord/modifier_frost_lord_frost_breath_debuff.lua,14,modifier_frost_lord_frost_breath_debuff:OnCreated,self:GetAbility(),File-link candidate only; receiver may be another ability. Missing declaration can inherit engine defaults or read another entity.
abilities,frost_lord_frost_breath,damage_per_second,True,"[9, 18, 36]",game/scripts/npc/abilities/npc_lia_hero_frost_lord.txt,41,game/scripts/vscripts/heroes/FrostLord/modifier_frost_lord_frost_breath_debuff.lua,16,modifier_frost_lord_frost_breath_debuff:OnCreated,self:GetAbility(),File-link candidate only; receiver may be another ability. Missing declaration can inherit engine defaults or read another entity.
abilities,frost_lord_cold,damage,True,"[20, 30, 40]",game/scripts/npc/abilities/npc_lia_hero_frost_lord.txt,102,game/scripts/vscripts/heroes/FrostLord/Cold.lua,5,Cold,ability,File-link candidate only; receiver may be another ability. Missing declaration can inherit engine defaults or read another entity.
abilities,frost_lord_cold,add_damage,True,"[10, 20, 30]",game/scripts/npc/abilities/npc_lia_hero_frost_lord.txt,103,game/scripts/vscripts/heroes/FrostLord/Cold.lua,6,Cold,ability,File-link candidate only; receiver may be another ability. Missing declaration can inherit engine defaults or read another entity.
abilities,frost_lord_freezing,freezing_chance,True,18,game/scripts/npc/abilities/npc_lia_hero_frost_lord.txt,205,game/scripts/vscripts/heroes/FrostLord/modifier_frost_lord_freezing.lua,18,modifier_frost_lord_freezing:OnCreated,self:GetAbility(),File-link candidate only; receiver may be another ability. Missing declaration can inherit engine defaults or read another entity.
abilities,frost_lord_freezing,stun_duration,True,"[0.5, 1.0, 1.5]",game/scripts/npc/abilities/npc_lia_hero_frost_lord.txt,206,game/scripts/vscripts/heroes/FrostLord/modifier_frost_lord_freezing.lua,19,modifier_frost_lord_freezing:OnCreated,self:GetAbility(),File-link candidate only; receiver may be another ability. Missing declaration can inherit engine defaults or read another entity.
abilities,frost_lord_freezing,damage,True,"[50, 100, 150]",game/scripts/npc/abilities/npc_lia_hero_frost_lord.txt,207,game/scripts/vscripts/heroes/FrostLord/modifier_frost_lord_freezing.lua,20,modifier_frost_lord_freezing:OnCreated,self:GetAbility(),File-link candidate only; receiver may be another ability. Missing declaration can inherit engine defaults or read another entity.
abilities,frost_lord_freezing,freezing_chance,True,18,game/scripts/npc/abilities/npc_lia_hero_frost_lord.txt,205,game/scripts/vscripts/heroes/FrostLord/modifier_frost_lord_freezing.lua,30,modifier_frost_lord_freezing:OnRefresh,self:GetAbility(),File-link candidate only; receiver may be another ability. Missing declaration can inherit engine defaults or read another entity.
abilities,frost_lord_freezing,stun_duration,True,"[0.5, 1.0, 1.5]",game/scripts/npc/abilities/npc_lia_hero_frost_lord.txt,206,game/scripts/vscripts/heroes/FrostLord/modifier_frost_lord_freezing.lua,31,modifier_frost_lord_freezing:OnRefresh,self:GetAbility(),File-link candidate only; receiver may be another ability. Missing declaration can inherit engine defaults or read another entity.
abilities,frost_lord_freezing,damage,True,"[50, 100, 150]",game/scripts/npc/abilities/npc_lia_hero_frost_lord.txt,207,game/scripts/vscripts/heroes/FrostLord/modifier_frost_lord_freezing.lua,32,modifier_frost_lord_freezing:OnRefresh,self:GetAbility(),File-link candidate only; receiver may be another ability. Missing declaration can inherit engine defaults or read another entity.
abilities,frost_lord_ice,manacost_scepter,True,"[325, 375, 425]",game/scripts/npc/abilities/npc_lia_hero_frost_lord.txt,262,game/scripts/vscripts/heroes/FrostLord/frost_lord_ice.lua,7,frost_lord_ice:GetManaCost,self,File-link candidate only; receiver may be another ability. Missing declaration can inherit engine defaults or read another entity.
abilities,frost_lord_ice,duration_scepter,True,"[4, 5, 6]",game/scripts/npc/abilities/npc_lia_hero_frost_lord.txt,253,game/scripts/vscripts/heroes/FrostLord/frost_lord_ice.lua,16,frost_lord_ice:OnSpellStart,self,File-link candidate only; receiver may be another ability. Missing declaration can inherit engine defaults or read another entity.
abilities,frost_lord_ice,duration,True,"[3, 4, 5]",game/scripts/npc/abilities/npc_lia_hero_frost_lord.txt,252,game/scripts/vscripts/heroes/FrostLord/frost_lord_ice.lua,18,frost_lord_ice:OnSpellStart,self,File-link candidate only; receiver may be another ability. Missing declaration can inherit engine defaults or read another entity.
abilities,frost_lord_ice,movement_slow_percentage,False,,game/scripts/npc/abilities/npc_lia_hero_frost_lord.txt,,game/scripts/vscripts/heroes/FrostLord/modifier_frost_lord_ice_debuff.lua,13,modifier_frost_lord_ice_debuff:OnCreated,self:GetAbility(),File-link candidate only; receiver may be another ability. Missing declaration can inherit engine defaults or read another entity.
abilities,frost_lord_ice,movement_slow_percentage,False,,game/scripts/npc/abilities/npc_lia_hero_frost_lord.txt,,game/scripts/vscripts/heroes/FrostLord/modifier_frost_lord_ice_debuff.lua,17,modifier_frost_lord_ice_debuff:OnRefresh,self:GetAbility(),File-link candidate only; receiver may be another ability. Missing declaration can inherit engine defaults or read another entity.
abilities,frost_lord_ice,damage_scepter,True,"[175, 325, 475]",game/scripts/npc/abilities/npc_lia_hero_frost_lord.txt,247,game/scripts/vscripts/heroes/FrostLord/modifier_frost_lord_ice_thinker.lua,23,modifier_frost_lord_ice_thinker:OnCreated,self:GetAbility(),File-link candidate only; receiver may be another ability. Missing declaration can inherit engine defaults or read another entity.
abilities,frost_lord_ice,damage,True,"[100, 250, 400]",game/scripts/npc/abilities/npc_lia_hero_frost_lord.txt,246,game/scripts/vscripts/heroes/FrostLord/modifier_frost_lord_ice_thinker.lua,25,modifier_frost_lord_ice_thinker:OnCreated,self:GetAbility(),File-link candidate only; receiver may be another ability. Missing declaration can inherit engine defaults or read another entity.
abilities,frost_lord_ice,movement_slow_repcentage,False,,game/scripts/npc/abilities/npc_lia_hero_frost_lord.txt,,game/scripts/vscripts/heroes/FrostLord/modifier_frost_lord_ice_thinker.lua,28,modifier_frost_lord_ice_thinker:OnCreated,self:GetAbility(),File-link candidate only; receiver may be another ability. Missing declaration can inherit engine defaults or read another entity.
abilities,frost_lord_ice,slow_duration,True,4,game/scripts/npc/abilities/npc_lia_hero_frost_lord.txt,259,game/scripts/vscripts/heroes/FrostLord/modifier_frost_lord_ice_thinker.lua,29,modifier_frost_lord_ice_thinker:OnCreated,self:GetAbility(),File-link candidate only; receiver may be another ability. Missing declaration can inherit engine defaults or read another entity.
abilities,frost_lord_ice,radius,True,500,game/scripts/npc/abilities/npc_lia_hero_frost_lord.txt,260,game/scripts/vscripts/heroes/FrostLord/modifier_frost_lord_ice_thinker.lua,30,modifier_frost_lord_ice_thinker:OnCreated,self:GetAbility(),File-link candidate only; receiver may be another ability. Missing declaration can inherit engine defaults or read another entity.
abilities,frost_lord_ice,damage_radius,True,190,game/scripts/npc/abilities/npc_lia_hero_frost_lord.txt,261,game/scripts/vscripts/heroes/FrostLord/modifier_frost_lord_ice_thinker.lua,31,modifier_frost_lord_ice_thinker:OnCreated,self:GetAbility(),File-link candidate only; receiver may be another ability. Missing declaration can inherit engine defaults or read another entity.
abilities,furbolg_champion_furious_clap,initial_damage,True,"[50, 60, 70]",game/scripts/npc/abilities/npc_lia_hero_furbolg_champion.txt,26,game/scripts/vscripts/heroes/FurbolgChampion/furbolg_champion_furious_clap.lua,10,furbolg_champion_furious_clap:OnSpellStart,self,File-link candidate only; receiver may be another ability. Missing declaration can inherit engine defaults or read another entity.
abilities,furbolg_champion_furious_clap,damage_per_strength,True,"[0.6, 0.8, 1.0]",game/scripts/npc/abilities/npc_lia_hero_furbolg_champion.txt,27,game/scripts/vscripts/heroes/FurbolgChampion/furbolg_champion_furious_clap.lua,10,furbolg_champion_furious_clap:OnSpellStart,self,File-link candidate only; receiver may be another ability. Missing declaration can inherit engine defaults or read another entity.
abilities,furbolg_champion_furious_clap,stun_duration,True,"[0.7, 1.0, 1.3]",game/scripts/npc/abilities/npc_lia_hero_furbolg_champion.txt,28,game/scripts/vscripts/heroes/FurbolgChampion/furbolg_champion_furious_clap.lua,11,furbolg_champion_furious_clap:OnSpellStart,self,File-link candidate only; receiver may be another ability. Missing declaration can inherit engine defaults or read another entity.
abilities,furbolg_champion_furious_clap,radius,True,250,game/scripts/npc/abilities/npc_lia_hero_furbolg_champion.txt,29,game/scripts/vscripts/heroes/FurbolgChampion/furbolg_champion_furious_clap.lua,12,furbolg_champion_furious_clap:OnSpellStart,self,File-link candidate only; receiver may be another ability. Missing declaration can inherit engine defaults or read another entity.
abilities,furbolg_champion_furious_clap,health_cost,True,50,game/scripts/npc/abilities/npc_lia_hero_furbolg_champion.txt,30,game/scripts/vscripts/heroes/FurbolgChampion/furbolg_champion_furious_clap.lua,13,furbolg_champion_furious_clap:OnSpellStart,self,File-link candidate only; receiver may be another ability. Missing declaration can inherit engine defaults or read another entity.
abilities,furbolg_champion_sharp_claws,attacks_required,True,4,game/scripts/npc/abilities/npc_lia_hero_furbolg_champion.txt,49,game/scripts/vscripts/heroes/FurbolgChampion/modifier_furbolg_champion_sharp_claws.lua,12,modifier_furbolg_champion_sharp_claws:OnCreated,self:GetAbility(),File-link candidate only; receiver may be another ability. Missing declaration can inherit engine defaults or read another entity.
abilities,furbolg_champion_sharp_claws,damage_per_agility,True,"[1.2, 1.6, 2]",game/scripts/npc/abilities/npc_lia_hero_furbolg_champion.txt,50,game/scripts/vscripts/heroes/FurbolgChampion/modifier_furbolg_champion_sharp_claws.lua,13,modifier_furbolg_champion_sharp_claws:OnCreated,self:GetAbility(),File-link candidate only; receiver may be another ability. Missing declaration can inherit engine defaults or read another entity.
abilities,furbolg_champion_sharp_claws,stun_duration,True,"[0.7, 1.0, 1.3]",game/scripts/npc/abilities/npc_lia_hero_furbolg_champion.txt,51,game/scripts/vscripts/heroes/FurbolgChampion/modifier_furbolg_champion_sharp_claws.lua,14,modifier_furbolg_champion_sharp_claws:OnCreated,self:GetAbility(),File-link candidate only; receiver may be another ability. Missing declaration can inherit engine defaults or read another entity.
abilities,furbolg_champion_sharp_claws,attacks_required,True,4,game/scripts/npc/abilities/npc_lia_hero_furbolg_champion.txt,49,game/scripts/vscripts/heroes/FurbolgChampion/modifier_furbolg_champion_sharp_claws.lua,19,modifier_furbolg_champion_sharp_claws:OnRefresh,self:GetAbility(),File-link candidate only; receiver may be another ability. Missing declaration can inherit engine defaults or read another entity.
abilities,furbolg_champion_sharp_claws,damage_per_agility,True,"[1.2, 1.6, 2]",game/scripts/npc/abilities/npc_lia_hero_furbolg_champion.txt,50,game/scripts/vscripts/heroes/FurbolgChampion/modifier_furbolg_champion_sharp_claws.lua,20,modifier_furbolg_champion_sharp_claws:OnRefresh,self:GetAbility(),File-link candidate only; receiver may be another ability. Missing declaration can inherit engine defaults or read another entity.
abilities,furbolg_champion_sharp_claws,stun_duration,True,"[0.7, 1.0, 1.3]",game/scripts/npc/abilities/npc_lia_hero_furbolg_champion.txt,51,game/scripts/vscripts/heroes/FurbolgChampion/modifier_furbolg_champion_sharp_claws.lua,21,modifier_furbolg_champion_sharp_claws:OnRefresh,self:GetAbility(),File-link candidate only; receiver may be another ability. Missing declaration can inherit engine defaults or read another entity.
abilities,furbolg_champion_swelling_rage,health_lost_percentage_required,True,"[20, 17, 14]",game/scripts/npc/abilities/npc_lia_hero_furbolg_champion.txt,71,game/scripts/vscripts/heroes/FurbolgChampion/modifier_furbolg_champion_swelling_rage.lua,12,modifier_furbolg_champion_swelling_rage:OnCreated,self:GetAbility(),File-link candidate only; receiver may be another ability. Missing declaration can inherit engine defaults or read another entity.
abilities,furbolg_champion_swelling_rage,health_lost_percentage_required,True,"[20, 17, 14]",game/scripts/npc/abilities/npc_lia_hero_furbolg_champion.txt,71,game/scripts/vscripts/heroes/FurbolgChampion/modifier_furbolg_champion_swelling_rage.lua,17,modifier_furbolg_champion_swelling_rage:OnRefresh,self:GetAbility(),File-link candidate only; receiver may be another ability. Missing declaration can inherit engine defaults or read another entity.
abilities,furbolg_champion_bears_agility,duration,True,8,game/scripts/npc/abilities/npc_lia_hero_furbolg_champion.txt,99,game/scripts/vscripts/heroes/FurbolgChampion/furbolg_champion_bears_agility.lua,6,furbolg_champion_bears_agility:OnSpellStart,self,File-link candidate only; receiver may be another ability. Missing declaration can inherit engine defaults or read another entity.
abilities,furbolg_champion_bears_agility,bonus_attack_speed,True,"[80, 160, 240]",game/scripts/npc/abilities/npc_lia_hero_furbolg_champion.txt,96,game/scripts/vscripts/heroes/FurbolgChampion/modifier_furbolg_champion_bears_agility.lua,12,modifier_furbolg_champion_bears_agility:OnCreated,self:GetAbility(),File-link candidate only; receiver may be another ability. Missing declaration can inherit engine defaults or read another entity.
abilities,furbolg_champion_bears_agility,health_loss_per_attack,True,"[40, 60, 80]",game/scripts/npc/abilities/npc_lia_hero_furbolg_champion.txt,97,game/scripts/vscripts/heroes/FurbolgChampion/modifier_furbolg_champion_bears_agility.lua,13,modifier_furbolg_champion_bears_agility:OnCreated,self:GetAbility(),File-link candidate only; receiver may be another ability. Missing declaration can inherit engine defaults or read another entity.
abilities,furbolg_champion_bears_agility,health_loss_limit_percentage,True,10,game/scripts/npc/abilities/npc_lia_hero_furbolg_champion.txt,98,game/scripts/vscripts/heroes/FurbolgChampion/modifier_furbolg_champion_bears_agility.lua,14,modifier_furbolg_champion_bears_agility:OnCreated,self:GetAbility(),File-link candidate only; receiver may be another ability. Missing declaration can inherit engine defaults or read another entity.
abilities,general_dark_magic_flow,damage,True,"[100, 200, 300]",game/scripts/npc/abilities/npc_lia_hero_general.txt,156,game/scripts/vscripts/heroes/General/DarkMagicFlow.lua,9,DarkMagicFlow,ability,File-link candidate only; receiver may be another ability. Missing declaration can inherit engine defaults or read another entity.
abilities,general_dark_magic_flow,projectile_stun,True,"[2.0, 2.5, 3.0]",game/scripts/npc/abilities/npc_lia_hero_general.txt,153,game/scripts/vscripts/heroes/General/DarkMagicFlow.lua,10,DarkMagicFlow,ability,File-link candidate only; receiver may be another ability. Missing declaration can inherit engine defaults or read another entity.
abilities,general_furious_strike,bonus_damage,True,"[60, 120, 180]",game/scripts/npc/abilities/npc_lia_hero_general.txt,233,game/scripts/vscripts/heroes/General/modifier_general_furious_strike.lua,12,modifier_general_furious_strike:OnCreated,self:GetAbility(),File-link candidate only; receiver may be another ability. Missing declaration can inherit engine defaults or read another entity.
abilities,general_furious_strike,radius,True,150,game/scripts/npc/abilities/npc_lia_hero_general.txt,234,game/scripts/vscripts/heroes/General/modifier_general_furious_strike.lua,13,modifier_general_furious_strike:OnCreated,self:GetAbility(),File-link candidate only; receiver may be another ability. Missing declaration can inherit engine defaults or read another entity.
abilities,general_furious_strike,bonus_damage,True,"[60, 120, 180]",game/scripts/npc/abilities/npc_lia_hero_general.txt,233,game/scripts/vscripts/heroes/General/modifier_general_furious_strike.lua,17,modifier_general_furious_strike:OnRefresh,self:GetAbility(),File-link candidate only; receiver may be another ability. Missing declaration can inherit engine defaults or read another entity.
abilities,general_furious_strike,radius,True,150,game/scripts/npc/abilities/npc_lia_hero_general.txt,234,game/scripts/vscripts/heroes/General/modifier_general_furious_strike.lua,18,modifier_general_furious_strike:OnRefresh,self:GetAbility(),File-link candidate only; receiver may be another ability. Missing declaration can inherit engine defaults or read another entity.
abilities,general_magic_armor,incoming_damage_percentage,True,"[-15, -30, -45]",game/scripts/npc/abilities/npc_lia_hero_general.txt,253,game/scripts/vscripts/heroes/General/modifier_general_magic_armor.lua,13,modifier_general_magic_armor:OnCreated,self:GetAbility(),File-link candidate only; receiver may be another ability. Missing declaration can inherit engine defaults or read another entity.
abilities,general_magic_armor,incoming_damage_percentage,True,"[-15, -30, -45]",game/scripts/npc/abilities/npc_lia_hero_general.txt,253,game/scripts/vscripts/heroes/General/modifier_general_magic_armor.lua,17,modifier_general_magic_armor:OnRefresh,self:GetAbility(),File-link candidate only; receiver may be another ability. Missing declaration can inherit engine defaults or read another entity.
abilities,ghoul_mortal_strike,crit_chance,True,13,game/scripts/npc/abilities/npc_lia_hero_ghoul.txt,229,game/scripts/vscripts/heroes/Ghoul/modifier_ghoul_mortal_strike.lua,19,modifier_ghoul_mortal_strike:OnCreated,self:GetAbility(),File-link candidate only; receiver may be another ability. Missing declaration can inherit engine defaults or read another entity.
abilities,ghoul_mortal_strike,crit_multiplier,True,"[200, 300, 400]",game/scripts/npc/abilities/npc_lia_hero_ghoul.txt,228,game/scripts/vscripts/heroes/Ghoul/modifier_ghoul_mortal_strike.lua,20,modifier_ghoul_mortal_strike:OnCreated,self:GetAbility(),File-link candidate only; receiver may be another ability. Missing declaration can inherit engine defaults or read another entity.
abilities,ghoul_mortal_strike,crit_multiplier,True,"[200, 300, 400]",game/scripts/npc/abilities/npc_lia_hero_ghoul.txt,228,game/scripts/vscripts/heroes/Ghoul/modifier_ghoul_mortal_strike.lua,31,modifier_ghoul_mortal_strike:OnRefresh,self:GetAbility(),File-link candidate only; receiver may be another ability. Missing declaration can inherit engine defaults or read another entity.
abilities,ghoul_persistence,radius,True,500,game/scripts/npc/abilities/npc_lia_hero_ghoul.txt,254,game/scripts/vscripts/heroes/Ghoul/modifier_ghoul_persistence.lua,50,modifier_ghoul_persistence:OnCreated,self:GetAbility(),File-link candidate only; receiver may be another ability. Missing declaration can inherit engine defaults or read another entity.
abilities,ghoul_persistence,bonus_strength,True,"[25, 50, 75]",game/scripts/npc/abilities/npc_lia_hero_ghoul.txt,253,game/scripts/vscripts/heroes/Ghoul/modifier_ghoul_persistence.lua,51,modifier_ghoul_persistence:OnCreated,self:GetAbility(),File-link candidate only; receiver may be another ability. Missing declaration can inherit engine defaults or read another entity.
abilities,ghoul_persistence,radius,True,500,game/scripts/npc/abilities/npc_lia_hero_ghoul.txt,254,game/scripts/vscripts/heroes/Ghoul/modifier_ghoul_persistence.lua,57,modifier_ghoul_persistence:OnRefresh,self:GetAbility(),File-link candidate only; receiver may be another ability. Missing declaration can inherit engine defaults or read another entity.
abilities,ghoul_persistence,bonus_strength,True,"[25, 50, 75]",game/scripts/npc/abilities/npc_lia_hero_ghoul.txt,253,game/scripts/vscripts/heroes/Ghoul/modifier_ghoul_persistence.lua,58,modifier_ghoul_persistence:OnRefresh,self:GetAbility(),File-link candidate only; receiver may be another ability. Missing declaration can inherit engine defaults or read another entity.
abilities,ghoul_persistence,regen_mult,True,0.5,game/scripts/npc/abilities/npc_lia_hero_ghoul.txt,255,game/scripts/vscripts/heroes/Ghoul/modifier_ghoul_persistence_effect.lua,22,modifier_ghoul_persistence_effect:OnCreated,self:GetAbility(),File-link candidate only; receiver may be another ability. Missing declaration can inherit engine defaults or read another entity.
abilities,ghoul_persistence,regen_mult,True,0.5,game/scripts/npc/abilities/npc_lia_hero_ghoul.txt,255,game/scripts/vscripts/heroes/Ghoul/modifier_ghoul_persistence_effect.lua,37,modifier_ghoul_persistence_effect:OnRefresh,self:GetAbility(),File-link candidate only; receiver may be another ability. Missing declaration can inherit engine defaults or read another entity.
abilities,akron_explosion,hp_prc_dmg,True,10,game/scripts/npc/abilities/npc_lia_hero_golem.txt,37,game/scripts/vscripts/heroes/Acron/Explosion.lua,4,Explosion,ability,File-link candidate only; receiver may be another ability. Missing declaration can inherit engine defaults or read another entity.
abilities,akron_explosion,radius,True,225,game/scripts/npc/abilities/npc_lia_hero_golem.txt,36,game/scripts/vscripts/heroes/Acron/Explosion.lua,5,Explosion,ability,File-link candidate only; receiver may be another ability. Missing declaration can inherit engine defaults or read another entity.
abilities,acron_battle_fevor,radius,True,500,game/scripts/npc/abilities/npc_lia_hero_golem.txt,123,game/scripts/vscripts/heroes/Acron/acron_battle_fevor.lua,15,acron_battle_fevor:OnExplosion,self,File-link candidate only; receiver may be another ability. Missing declaration can inherit engine defaults or read another entity.
abilities,acron_battle_fevor,magical_resistance_passive,True,"[20, 30, 40]",game/scripts/npc/abilities/npc_lia_hero_golem.txt,124,game/scripts/vscripts/heroes/Acron/acron_battle_fevor.lua,57,modifier_acron_battle_fevor:OnCreated,self:GetAbility(),File-link candidate only; receiver may be another ability. Missing declaration can inherit engine defaults or read another entity.
abilities,acron_battle_fevor,magical_resistance_passive,True,"[20, 30, 40]",game/scripts/npc/abilities/npc_lia_hero_golem.txt,124,game/scripts/vscripts/heroes/Acron/acron_battle_fevor.lua,61,modifier_acron_battle_fevor:OnRefresh,self:GetAbility(),File-link candidate only; receiver may be another ability. Missing declaration can inherit engine defaults or read another entity.
abilities,acron_battle_fevor,stack_armor,True,"[2, 4, 6]",game/scripts/npc/abilities/npc_lia_hero_golem.txt,120,game/scripts/vscripts/heroes/Acron/acron_battle_fevor.lua,90,modifier_acron_battle_fevor_buff:OnCreated,self:GetAbility(),File-link candidate only; receiver may be another ability. Missing declaration can inherit engine defaults or read another entity.
abilities,acron_battle_fevor,stack_health_regen,True,"[3, 6, 9]",game/scripts/npc/abilities/npc_lia_hero_golem.txt,121,game/scripts/vscripts/heroes/Acron/acron_battle_fevor.lua,91,modifier_acron_battle_fevor_buff:OnCreated,self:GetAbility(),File-link candidate only; receiver may be another ability. Missing declaration can inherit engine defaults or read another entity.
abilities,acron_battle_fevor,stack_duration,True,5,game/scripts/npc/abilities/npc_lia_hero_golem.txt,122,game/scripts/vscripts/heroes/Acron/acron_battle_fevor.lua,92,modifier_acron_battle_fevor_buff:OnCreated,self:GetAbility(),File-link candidate only; receiver may be another ability. Missing declaration can inherit engine defaults or read another entity.
abilities,acron_battle_fevor,stack_armor,True,"[2, 4, 6]",game/scripts/npc/abilities/npc_lia_hero_golem.txt,120,game/scripts/vscripts/heroes/Acron/acron_battle_fevor.lua,111,modifier_acron_battle_fevor_buff:OnRefresh,self:GetAbility(),File-link candidate only; receiver may be another ability. Missing declaration can inherit engine defaults or read another entity.
abilities,acron_battle_fevor,stack_health_regen,True,"[3, 6, 9]",game/scripts/npc/abilities/npc_lia_hero_golem.txt,121,game/scripts/vscripts/heroes/Acron/acron_battle_fevor.lua,112,modifier_acron_battle_fevor_buff:OnRefresh,self:GetAbility(),File-link candidate only; receiver may be another ability. Missing declaration can inherit engine defaults or read another entity.
abilities,acron_battle_fevor,stack_duration,True,5,game/scripts/npc/abilities/npc_lia_hero_golem.txt,122,game/scripts/vscripts/heroes/Acron/acron_battle_fevor.lua,113,modifier_acron_battle_fevor_buff:OnRefresh,self:GetAbility(),File-link candidate only; receiver may be another ability. Missing declaration can inherit engine defaults or read another entity.
abilities,akron_firerage,stackTime,True,12,game/scripts/npc/abilities/npc_lia_hero_golem.txt,159,game/scripts/vscripts/heroes/Acron/firerage.lua,5,StackCountIncrease,ability,File-link candidate only; receiver may be another ability. Missing declaration can inherit engine defaults or read another entity.
abilities,akron_firerage,heroStacks,True,5,game/scripts/npc/abilities/npc_lia_hero_golem.txt,160,game/scripts/vscripts/heroes/Acron/firerage.lua,18,StackCountIncrease,ability,File-link candidate only; receiver may be another ability. Missing declaration can inherit engine defaults or read another entity.
abilities,hermit_summon_water_elemental,manacost_scepter,True,"[150, 200, 250]",game/scripts/npc/abilities/npc_lia_hero_hermit.txt,40,game/scripts/vscripts/heroes/Hermit/hermit_summon_water_elemental.lua,5,hermit_summon_water_elemental:GetManaCost,self,File-link candidate only; receiver may be another ability. Missing declaration can inherit engine defaults or read another entity.
abilities,hermit_summon_water_elemental,duration,True,60,game/scripts/npc/abilities/npc_lia_hero_hermit.txt,39,game/scripts/vscripts/heroes/Hermit/hermit_summon_water_elemental.lua,12,hermit_summon_water_elemental:OnSpellStart,self,File-link candidate only; receiver may be another ability. Missing declaration can inherit engine defaults or read another entity.
abilities,hermit_summon_water_elemental,unit_count,True,2,game/scripts/npc/abilities/npc_lia_hero_hermit.txt,33,game/scripts/vscripts/heroes/Hermit/hermit_summon_water_elemental.lua,13,hermit_summon_water_elemental:OnSpellStart,self,File-link candidate only; receiver may be another ability. Missing declaration can inherit engine defaults or read another entity.
abilities,hermit_summon_water_elemental,spawn_radius,True,200,game/scripts/npc/abilities/npc_lia_hero_hermit.txt,45,game/scripts/vscripts/heroes/Hermit/hermit_summon_water_elemental.lua,14,hermit_summon_water_elemental:OnSpellStart,self,File-link candidate only; receiver may be another ability. Missing declaration can inherit engine defaults or read another entity.
abilities,hermit_summon_water_elemental,unit_count_scepter,True,3,game/scripts/npc/abilities/npc_lia_hero_hermit.txt,34,game/scripts/vscripts/heroes/Hermit/hermit_summon_water_elemental.lua,19,hermit_summon_water_elemental:OnSpellStart,self,File-link candidate only; receiver may be another ability. Missing declaration can inherit engine defaults or read another entity.
abilities,hermit_summon_water_elemental,unit_count,True,2,game/scripts/npc/abilities/npc_lia_hero_hermit.txt,33,game/scripts/vscripts/heroes/Hermit/hermit_summon_water_elemental.lua,22,hermit_summon_water_elemental:OnSpellStart,self,File-link candidate only; receiver may be another ability. Missing declaration can inherit engine defaults or read another entity.
abilities,hermit_astral,duration_hero,True,"[3, 4, 5]",game/scripts/npc/abilities/npc_lia_hero_hermit.txt,92,game/scripts/vscripts/heroes/Hermit/hermit_astral.lua,29,hermit_astral:OnSpellStart,self,File-link candidate only; receiver may be another ability. Missing declaration can inherit engine defaults or read another entity.
abilities,hermit_astral,duration_other,True,"[4, 5, 6]",game/scripts/npc/abilities/npc_lia_hero_hermit.txt,93,game/scripts/vscripts/heroes/Hermit/hermit_astral.lua,29,hermit_astral:OnSpellStart,self,File-link candidate only; receiver may be another ability. Missing declaration can inherit engine defaults or read another entity.
abilities,hermit_astral,reduce_spell_damage_pct,True,-40,game/scripts/npc/abilities/npc_lia_hero_hermit.txt,90,game/scripts/vscripts/heroes/Hermit/hermit_astral.lua,78,modifier_hermit_decrepify:OnCreated,self:GetAbility(),File-link candidate only; receiver may be another ability. Missing declaration can inherit engine defaults or read another entity.
abilities,hermit_astral,reduce_movement_speed,True,"[-10, -20, -30]",game/scripts/npc/abilities/npc_lia_hero_hermit.txt,91,game/scripts/vscripts/heroes/Hermit/hermit_astral.lua,79,modifier_hermit_decrepify:OnCreated,self:GetAbility(),File-link candidate only; receiver may be another ability. Missing declaration can inherit engine defaults or read another entity.
abilities,hermit_astral,reduce_spell_damage_pct,True,-40,game/scripts/npc/abilities/npc_lia_hero_hermit.txt,90,game/scripts/vscripts/heroes/Hermit/hermit_astral.lua,94,modifier_hermit_decrepify:OnRefresh,self:GetAbility(),File-link candidate only; receiver may be another ability. Missing declaration can inherit engine defaults or read another entity.
abilities,hermit_astral,reduce_movement_speed,True,"[-10, -20, -30]",game/scripts/npc/abilities/npc_lia_hero_hermit.txt,91,game/scripts/vscripts/heroes/Hermit/hermit_astral.lua,95,modifier_hermit_decrepify:OnRefresh,self:GetAbility(),File-link candidate only; receiver may be another ability. Missing declaration can inherit engine defaults or read another entity.
abilities,hermit_frost_arrows,manacost_scepter,True,"[45, 60, 75]",game/scripts/npc/abilities/npc_lia_hero_hermit.txt,155,game/scripts/vscripts/heroes/Hermit/hermit_frost_arrows.lua,12,hermit_frost_arrows:GetManaCost,self,File-link candidate only; receiver may be another ability. Missing declaration can inherit engine defaults or read another entity.
abilities,hermit_frost_arrows,damage_scepter,True,"[50, 100, 150]",game/scripts/npc/abilities/npc_lia_hero_hermit.txt,132,game/scripts/vscripts/heroes/Hermit/hermit_frost_arrows.lua,51,modifier_hermit_frost_arrows:OnOrbImpact,self.ability,File-link candidate only; receiver may be another ability. Missing declaration can inherit engine defaults or read another entity.
abilities,hermit_frost_arrows,duration_scepter,True,4,game/scripts/npc/abilities/npc_lia_hero_hermit.txt,138,game/scripts/vscripts/heroes/Hermit/hermit_frost_arrows.lua,52,modifier_hermit_frost_arrows:OnOrbImpact,self.ability,File-link candidate only; receiver may be another ability. Missing declaration can inherit engine defaults or read another entity.
abilities,hermit_frost_arrows,damage,True,"[20, 40, 60]",game/scripts/npc/abilities/npc_lia_hero_hermit.txt,131,game/scripts/vscripts/heroes/Hermit/hermit_frost_arrows.lua,54,modifier_hermit_frost_arrows:OnOrbImpact,self.ability,File-link candidate only; receiver may be another ability. Missing declaration can inherit engine defaults or read another entity.
abilities,hermit_frost_arrows,duration,True,3,game/scripts/npc/abilities/npc_lia_hero_hermit.txt,137,game/scripts/vscripts/heroes/Hermit/hermit_frost_arrows.lua,55,modifier_hermit_frost_arrows:OnOrbImpact,self.ability,File-link candidate only; receiver may be another ability. Missing declaration can inherit engine defaults or read another entity.
abilities,hermit_frost_arrows,movespeed_slow_pct_scepter,False,,game/scripts/npc/abilities/npc_lia_hero_hermit.txt,,game/scripts/vscripts/heroes/Hermit/hermit_frost_arrows.lua,88,modifier_hermit_frost_arrows_debuff:OnCreated,self.ability,File-link candidate only; receiver may be another ability. Missing declaration can inherit engine defaults or read another entity.
abilities,hermit_frost_arrows,attack_slow_scepter,True,"[-40, -50, -60]",game/scripts/npc/abilities/npc_lia_hero_hermit.txt,150,game/scripts/vscripts/heroes/Hermit/hermit_frost_arrows.lua,89,modifier_hermit_frost_arrows_debuff:OnCreated,self.ability,File-link candidate only; receiver may be another ability. Missing declaration can inherit engine defaults or read another entity.
abilities,hermit_frost_arrows,movespeed_slow_pct,True,"[-10, -20, -30]",game/scripts/npc/abilities/npc_lia_hero_hermit.txt,143,game/scripts/vscripts/heroes/Hermit/hermit_frost_arrows.lua,91,modifier_hermit_frost_arrows_debuff:OnCreated,self.ability,File-link candidate only; receiver may be another ability. Missing declaration can inherit engine defaults or read another entity.
abilities,hermit_frost_arrows,attack_slow,True,"[-20, -30, -40]",game/scripts/npc/abilities/npc_lia_hero_hermit.txt,149,game/scripts/vscripts/heroes/Hermit/hermit_frost_arrows.lua,92,modifier_hermit_frost_arrows_debuff:OnCreated,self.ability,File-link candidate only; receiver may be another ability. Missing declaration can inherit engine defaults or read another entity.
abilities,hermit_storm,duration,True,"[8, 12, 16]",game/scripts/npc/abilities/npc_lia_hero_hermit.txt,199,game/scripts/vscripts/heroes/Hermit/hermit_storm.lua,21,hermit_storm:GetChannelTime,self,File-link candidate only; receiver may be another ability. Missing declaration can inherit engine defaults or read another entity.
abilities,hermit_storm,wave_damage,True,"[90, 190, 290]",game/scripts/npc/abilities/npc_lia_hero_hermit.txt,197,game/scripts/vscripts/heroes/Hermit/hermit_storm.lua,35,hermit_storm:OnSpellStart,self,File-link candidate only; receiver may be another ability. Missing declaration can inherit engine defaults or read another entity.
abilities,hermit_storm,damage_radius,True,200,game/scripts/npc/abilities/npc_lia_hero_hermit.txt,208,game/scripts/vscripts/heroes/Hermit/hermit_storm.lua,36,hermit_storm:OnSpellStart,self,File-link candidate only; receiver may be another ability. Missing declaration can inherit engine defaults or read another entity.
abilities,hermit_storm,hits_for_elemental,True,10,game/scripts/npc/abilities/npc_lia_hero_hermit.txt,200,game/scripts/vscripts/heroes/Hermit/hermit_storm.lua,40,hermit_storm:OnSpellStart,self,File-link candidate only; receiver may be another ability. Missing declaration can inherit engine defaults or read another entity.
abilities,hermit_storm,duration,True,"[8, 12, 16]",game/scripts/npc/abilities/npc_lia_hero_hermit.txt,199,game/scripts/vscripts/heroes/Hermit/hermit_storm.lua,77,hermit_storm:OnProjectileHit,water_elemental_ability,File-link candidate only; receiver may be another ability. Missing declaration can inherit engine defaults or read another entity.
abilities,hermit_storm,waves_per_second,True,"[2, 3, 4]",game/scripts/npc/abilities/npc_lia_hero_hermit.txt,198,game/scripts/vscripts/heroes/Hermit/modifier_hermit_storm_channel.lua,17,modifier_hermit_storm_channel:OnCreated,self.ability,File-link candidate only; receiver may be another ability. Missing declaration can inherit engine defaults or read another entity.
abilities,hermit_storm,wave_speed,True,1150.0,game/scripts/npc/abilities/npc_lia_hero_hermit.txt,205,game/scripts/vscripts/heroes/Hermit/modifier_hermit_storm_channel.lua,18,modifier_hermit_storm_channel:OnCreated,self.ability,File-link candidate only; receiver may be another ability. Missing declaration can inherit engine defaults or read another entity.
abilities,hermit_storm,wave_width,True,50,game/scripts/npc/abilities/npc_lia_hero_hermit.txt,206,game/scripts/vscripts/heroes/Hermit/modifier_hermit_storm_channel.lua,19,modifier_hermit_storm_channel:OnCreated,self.ability,File-link candidate only; receiver may be another ability. Missing declaration can inherit engine defaults or read another entity.
abilities,hermit_storm,vision_aoe,True,400,game/scripts/npc/abilities/npc_lia_hero_hermit.txt,207,game/scripts/vscripts/heroes/Hermit/modifier_hermit_storm_channel.lua,20,modifier_hermit_storm_channel:OnCreated,self.ability,File-link candidate only; receiver may be another ability. Missing declaration can inherit engine defaults or read another entity.
abilities,hermit_storm,radius,True,800,game/scripts/npc/abilities/npc_lia_hero_hermit.txt,210,game/scripts/vscripts/heroes/Hermit/modifier_hermit_storm_channel.lua,21,modifier_hermit_storm_channel:OnCreated,self.ability,File-link candidate only; receiver may be another ability. Missing declaration can inherit engine defaults or read another entity.
abilities,hermit_storm1,duration,True,"[8, 12, 16]",game/scripts/npc/abilities/npc_lia_hero_hermit.txt,279,game/scripts/vscripts/heroes/Hermit/hermit_storm.lua,21,hermit_storm:GetChannelTime,self,File-link candidate only; receiver may be another ability. Missing declaration can inherit engine defaults or read another entity.
abilities,hermit_storm1,wave_damage,False,,game/scripts/npc/abilities/npc_lia_hero_hermit.txt,,game/scripts/vscripts/heroes/Hermit/hermit_storm.lua,35,hermit_storm:OnSpellStart,self,File-link candidate only; receiver may be another ability. Missing declaration can inherit engine defaults or read another entity.
abilities,hermit_storm1,damage_radius,False,,game/scripts/npc/abilities/npc_lia_hero_hermit.txt,,game/scripts/vscripts/heroes/Hermit/hermit_storm.lua,36,hermit_storm:OnSpellStart,self,File-link candidate only; receiver may be another ability. Missing declaration can inherit engine defaults or read another entity.
abilities,hermit_storm1,hits_for_elemental,False,,game/scripts/npc/abilities/npc_lia_hero_hermit.txt,,game/scripts/vscripts/heroes/Hermit/hermit_storm.lua,40,hermit_storm:OnSpellStart,self,File-link candidate only; receiver may be another ability. Missing declaration can inherit engine defaults or read another entity.
abilities,hermit_storm1,duration,True,"[8, 12, 16]",game/scripts/npc/abilities/npc_lia_hero_hermit.txt,279,game/scripts/vscripts/heroes/Hermit/hermit_storm.lua,77,hermit_storm:OnProjectileHit,water_elemental_ability,File-link candidate only; receiver may be another ability. Missing declaration can inherit engine defaults or read another entity.
abilities,hermit_storm1,waves_per_second,False,,game/scripts/npc/abilities/npc_lia_hero_hermit.txt,,game/scripts/vscripts/heroes/Hermit/modifier_hermit_storm_channel.lua,17,modifier_hermit_storm_channel:OnCreated,self.ability,File-link candidate only; receiver may be another ability. Missing declaration can inherit engine defaults or read another entity.
abilities,hermit_storm1,wave_speed,True,1150.0,game/scripts/npc/abilities/npc_lia_hero_hermit.txt,271,game/scripts/vscripts/heroes/Hermit/modifier_hermit_storm_channel.lua,18,modifier_hermit_storm_channel:OnCreated,self.ability,File-link candidate only; receiver may be another ability. Missing declaration can inherit engine defaults or read another entity.
abilities,hermit_storm1,wave_width,True,"[55, 48, 48]",game/scripts/npc/abilities/npc_lia_hero_hermit.txt,272,game/scripts/vscripts/heroes/Hermit/modifier_hermit_storm_channel.lua,19,modifier_hermit_storm_channel:OnCreated,self.ability,File-link candidate only; receiver may be another ability. Missing declaration can inherit engine defaults or read another entity.
abilities,hermit_storm1,vision_aoe,True,400,game/scripts/npc/abilities/npc_lia_hero_hermit.txt,273,game/scripts/vscripts/heroes/Hermit/modifier_hermit_storm_channel.lua,20,modifier_hermit_storm_channel:OnCreated,self.ability,File-link candidate only; receiver may be another ability. Missing declaration can inherit engine defaults or read another entity.
abilities,hermit_storm1,radius,True,400,game/scripts/npc/abilities/npc_lia_hero_hermit.txt,278,game/scripts/vscripts/heroes/Hermit/modifier_hermit_storm_channel.lua,21,modifier_hermit_storm_channel:OnCreated,self.ability,File-link candidate only; receiver may be another ability. Missing declaration can inherit engine defaults or read another entity.
abilities,highlander_storm_bolt,damage_main_target_tooltip,True,"[150, 200, 250]",game/scripts/npc/abilities/npc_lia_hero_highlander.txt,30,game/scripts/vscripts/heroes/Highlander/StormBolt.lua,10,StormBolt,ability,File-link candidate only; receiver may be another ability. Missing declaration can inherit engine defaults or read another entity.
abilities,highlander_storm_bolt,damage_radius,True,"[75, 125, 175]",game/scripts/npc/abilities/npc_lia_hero_highlander.txt,31,game/scripts/vscripts/heroes/Highlander/StormBolt.lua,11,StormBolt,ability,File-link candidate only; receiver may be another ability. Missing declaration can inherit engine defaults or read another entity.
abilities,highlander_storm_bolt,stun_main_target_duration,True,"[1.0, 2.0, 3.0]",game/scripts/npc/abilities/npc_lia_hero_highlander.txt,28,game/scripts/vscripts/heroes/Highlander/StormBolt.lua,13,StormBolt,ability,File-link candidate only; receiver may be another ability. Missing declaration can inherit engine defaults or read another entity.
abilities,highlander_storm_bolt,stun_radius_duration,True,"[1.0, 1.5, 2.0]",game/scripts/npc/abilities/npc_lia_hero_highlander.txt,29,game/scripts/vscripts/heroes/Highlander/StormBolt.lua,14,StormBolt,ability,File-link candidate only; receiver may be another ability. Missing declaration can inherit engine defaults or read another entity.
abilities,highlander_storm_bolt,radius,True,250,game/scripts/npc/abilities/npc_lia_hero_highlander.txt,32,game/scripts/vscripts/heroes/Highlander/StormBolt.lua,16,StormBolt,ability,File-link candidate only; receiver may be another ability. Missing declaration can inherit engine defaults or read another entity.
abilities,highlander_improved_armor,bonus_armor,True,"[3, 6, 9]",game/scripts/npc/abilities/npc_lia_hero_highlander.txt,162,game/scripts/vscripts/heroes/Highlander/modifier_highlander_improved_armor.lua,29,modifier_highlander_improved_armor:OnCreated,self:GetAbility(),File-link candidate only; receiver may be another ability. Missing declaration can inherit engine defaults or read another entity.
abilities,highlander_improved_armor,armor_per_attack,True,3,game/scripts/npc/abilities/npc_lia_hero_highlander.txt,163,game/scripts/vscripts/heroes/Highlander/modifier_highlander_improved_armor.lua,30,modifier_highlander_improved_armor:OnCreated,self:GetAbility(),File-link candidate only; receiver may be another ability. Missing declaration can inherit engine defaults or read another entity.
abilities,highlander_improved_armor,duration,True,"[2, 3, 4]",game/scripts/npc/abilities/npc_lia_hero_highlander.txt,164,game/scripts/vscripts/heroes/Highlander/modifier_highlander_improved_armor.lua,31,modifier_highlander_improved_armor:OnCreated,self:GetAbility(),File-link candidate only; receiver may be another ability. Missing declaration can inherit engine defaults or read another entity.
abilities,highlander_improved_armor,max_armor,True,"[21, 24, 27]",game/scripts/npc/abilities/npc_lia_hero_highlander.txt,165,game/scripts/vscripts/heroes/Highlander/modifier_highlander_improved_armor.lua,32,modifier_highlander_improved_armor:OnCreated,self:GetAbility(),File-link candidate only; receiver may be another ability. Missing declaration can inherit engine defaults or read another entity.
abilities,highlander_improved_armor,bonus_armor,True,"[3, 6, 9]",game/scripts/npc/abilities/npc_lia_hero_highlander.txt,162,game/scripts/vscripts/heroes/Highlander/modifier_highlander_improved_armor.lua,38,modifier_highlander_improved_armor:OnRefresh,self:GetAbility(),File-link candidate only; receiver may be another ability. Missing declaration can inherit engine defaults or read another entity.
abilities,highlander_improved_armor,duration,True,"[2, 3, 4]",game/scripts/npc/abilities/npc_lia_hero_highlander.txt,164,game/scripts/vscripts/heroes/Highlander/modifier_highlander_improved_armor.lua,39,modifier_highlander_improved_armor:OnRefresh,self:GetAbility(),File-link candidate only; receiver may be another ability. Missing declaration can inherit engine defaults or read another entity.
abilities,huntress_curse_of_elune,radius,True,230,game/scripts/npc/abilities/npc_lia_hero_huntress.txt,33,game/scripts/vscripts/heroes/Huntress/huntress_curse_of_elune.lua,5,huntress_curse_of_elune:GetAOERadius,self,File-link candidate only; receiver may be another ability. Missing declaration can inherit engine defaults or read another entity.
abilities,huntress_curse_of_elune,radius,True,230,game/scripts/npc/abilities/npc_lia_hero_huntress.txt,33,game/scripts/vscripts/heroes/Huntress/huntress_curse_of_elune.lua,9,huntress_curse_of_elune:OnSpellStart,self,File-link candidate only; receiver may be another ability. Missing declaration can inherit engine defaults or read another entity.
abilities,huntress_curse_of_elune,duration,True,4.0,game/scripts/npc/abilities/npc_lia_hero_huntress.txt,34,game/scripts/vscripts/heroes/Huntress/huntress_curse_of_elune.lua,12,huntress_curse_of_elune:OnSpellStart,self,File-link candidate only; receiver may be another ability. Missing declaration can inherit engine defaults or read another entity.
abilities,huntress_curse_of_elune,damage_initial,True,"[20, 40, 60]",game/scripts/npc/abilities/npc_lia_hero_huntress.txt,29,game/scripts/vscripts/heroes/Huntress/modifier_huntress_curse_of_elune.lua,14,modifier_huntress_curse_of_elune:OnCreated,self:GetAbility(),File-link candidate only; receiver may be another ability. Missing declaration can inherit engine defaults or read another entity.
abilities,huntress_curse_of_elune,damage_per_second,True,"[10, 20, 30]",game/scripts/npc/abilities/npc_lia_hero_huntress.txt,30,game/scripts/vscripts/heroes/Huntress/modifier_huntress_curse_of_elune.lua,15,modifier_huntress_curse_of_elune:OnCreated,self:GetAbility(),File-link candidate only; receiver may be another ability. Missing declaration can inherit engine defaults or read another entity.
abilities,huntress_curse_of_elune,damage_hp_percentage_creeps,True,"[5, 10, 15]",game/scripts/npc/abilities/npc_lia_hero_huntress.txt,31,game/scripts/vscripts/heroes/Huntress/modifier_huntress_curse_of_elune.lua,17,modifier_huntress_curse_of_elune:OnCreated,self:GetAbility(),File-link candidate only; receiver may be another ability. Missing declaration can inherit engine defaults or read another entity.
abilities,huntress_curse_of_elune,damage_hp_percentage_heroes,True,"[2, 4, 6]",game/scripts/npc/abilities/npc_lia_hero_huntress.txt,32,game/scripts/vscripts/heroes/Huntress/modifier_huntress_curse_of_elune.lua,19,modifier_huntress_curse_of_elune:OnCreated,self:GetAbility(),File-link candidate only; receiver may be another ability. Missing declaration can inherit engine defaults or read another entity.
abilities,huntress_moon_glaive,damage_reduction_percentage,True,20,game/scripts/npc/abilities/npc_lia_hero_huntress.txt,62,game/scripts/vscripts/heroes/Huntress/huntress_moon_glaive.lua,10,huntress_moon_glaive:OnProjectileHit_ExtraData,self,File-link candidate only; receiver may be another ability. Missing declaration can inherit engine defaults or read another entity.
abilities,huntress_moon_glaive,range,True,"[400, 400, 400]",game/scripts/npc/abilities/npc_lia_hero_huntress.txt,60,game/scripts/vscripts/heroes/Huntress/huntress_moon_glaive.lua,11,huntress_moon_glaive:OnProjectileHit_ExtraData,self,File-link candidate only; receiver may be another ability. Missing declaration can inherit engine defaults or read another entity.
abilities,huntress_moon_glaive,bounces,True,"[1, 2, 3]",game/scripts/npc/abilities/npc_lia_hero_huntress.txt,61,game/scripts/vscripts/heroes/Huntress/huntress_moon_glaive.lua,12,huntress_moon_glaive:OnProjectileHit_ExtraData,self,File-link candidate only; receiver may be another ability. Missing declaration can inherit engine defaults or read another entity.
abilities,huntress_moon_glaive,range,True,"[400, 400, 400]",game/scripts/npc/abilities/npc_lia_hero_huntress.txt,60,game/scripts/vscripts/heroes/Huntress/modifier_huntress_moon_glaive.lua,12,modifier_huntress_moon_glaive:OnCreated,self:GetAbility(),File-link candidate only; receiver may be another ability. Missing declaration can inherit engine defaults or read another entity.
abilities,huntress_moon_glaive,bounces,True,"[1, 2, 3]",game/scripts/npc/abilities/npc_lia_hero_huntress.txt,61,game/scripts/vscripts/heroes/Huntress/modifier_huntress_moon_glaive.lua,13,modifier_huntress_moon_glaive:OnCreated,self:GetAbility(),File-link candidate only; receiver may be another ability. Missing declaration can inherit engine defaults or read another entity.
abilities,huntress_moon_glaive,damage_reduction_percentage,True,20,game/scripts/npc/abilities/npc_lia_hero_huntress.txt,62,game/scripts/vscripts/heroes/Huntress/modifier_huntress_moon_glaive.lua,14,modifier_huntress_moon_glaive:OnCreated,self:GetAbility(),File-link candidate only; receiver may be another ability. Missing declaration can inherit engine defaults or read another entity.
abilities,huntress_moon_glaive,range,True,"[400, 400, 400]",game/scripts/npc/abilities/npc_lia_hero_huntress.txt,60,game/scripts/vscripts/heroes/Huntress/modifier_huntress_moon_glaive.lua,22,modifier_huntress_moon_glaive:OnRefresh,self:GetAbility(),File-link candidate only; receiver may be another ability. Missing declaration can inherit engine defaults or read another entity.
abilities,huntress_moon_glaive,bounces,True,"[1, 2, 3]",game/scripts/npc/abilities/npc_lia_hero_huntress.txt,61,game/scripts/vscripts/heroes/Huntress/modifier_huntress_moon_glaive.lua,23,modifier_huntress_moon_glaive:OnRefresh,self:GetAbility(),File-link candidate only; receiver may be another ability. Missing declaration can inherit engine defaults or read another entity.
abilities,huntress_moon_glaive,damage_reduction_percentage,True,20,game/scripts/npc/abilities/npc_lia_hero_huntress.txt,62,game/scripts/vscripts/heroes/Huntress/modifier_huntress_moon_glaive.lua,24,modifier_huntress_moon_glaive:OnRefresh,self:GetAbility(),File-link candidate only; receiver may be another ability. Missing declaration can inherit engine defaults or read another entity.
abilities,huntress_power_of_the_moon,bonus_magic_resistance_percentage,True,"[10, 20, 30]",game/scripts/npc/abilities/npc_lia_hero_huntress.txt,81,game/scripts/vscripts/heroes/Huntress/modifier_huntress_power_of_the_moon.lua,12,modifier_huntress_power_of_the_moon:OnCreated,self:GetAbility(),File-link candidate only; receiver may be another ability. Missing declaration can inherit engine defaults or read another entity.
abilities,huntress_power_of_the_moon,bonus_attack_speed,True,"[8, 16, 24]",game/scripts/npc/abilities/npc_lia_hero_huntress.txt,82,game/scripts/vscripts/heroes/Huntress/modifier_huntress_power_of_the_moon.lua,13,modifier_huntress_power_of_the_moon:OnCreated,self:GetAbility(),File-link candidate only; receiver may be another ability. Missing declaration can inherit engine defaults or read another entity.
abilities,huntress_power_of_the_moon,bonus_movement_speed_percentage,True,"[5, 10, 15]",game/scripts/npc/abilities/npc_lia_hero_huntress.txt,83,game/scripts/vscripts/heroes/Huntress/modifier_huntress_power_of_the_moon.lua,14,modifier_huntress_power_of_the_moon:OnCreated,self:GetAbility(),File-link candidate only; receiver may be another ability. Missing declaration can inherit engine defaults or read another entity.
abilities,huntress_power_of_the_moon,bonus_agility,True,"[5, 10, 15]",game/scripts/npc/abilities/npc_lia_hero_huntress.txt,84,game/scripts/vscripts/heroes/Huntress/modifier_huntress_power_of_the_moon.lua,15,modifier_huntress_power_of_the_moon:OnCreated,self:GetAbility(),File-link candidate only; receiver may be another ability. Missing declaration can inherit engine defaults or read another entity.
abilities,huntress_power_of_the_moon,bonus_magic_resistance_percentage,True,"[10, 20, 30]",game/scripts/npc/abilities/npc_lia_hero_huntress.txt,81,game/scripts/vscripts/heroes/Huntress/modifier_huntress_power_of_the_moon.lua,19,modifier_huntress_power_of_the_moon:OnRefresh,self:GetAbility(),File-link candidate only; receiver may be another ability. Missing declaration can inherit engine defaults or read another entity.
abilities,huntress_power_of_the_moon,bonus_attack_speed,True,"[8, 16, 24]",game/scripts/npc/abilities/npc_lia_hero_huntress.txt,82,game/scripts/vscripts/heroes/Huntress/modifier_huntress_power_of_the_moon.lua,20,modifier_huntress_power_of_the_moon:OnRefresh,self:GetAbility(),File-link candidate only; receiver may be another ability. Missing declaration can inherit engine defaults or read another entity.
abilities,huntress_power_of_the_moon,bonus_movement_speed_percentage,True,"[5, 10, 15]",game/scripts/npc/abilities/npc_lia_hero_huntress.txt,83,game/scripts/vscripts/heroes/Huntress/modifier_huntress_power_of_the_moon.lua,21,modifier_huntress_power_of_the_moon:OnRefresh,self:GetAbility(),File-link candidate only; receiver may be another ability. Missing declaration can inherit engine defaults or read another entity.
abilities,huntress_power_of_the_moon,bonus_agility,True,"[5, 10, 15]",game/scripts/npc/abilities/npc_lia_hero_huntress.txt,84,game/scripts/vscripts/heroes/Huntress/modifier_huntress_power_of_the_moon.lua,22,modifier_huntress_power_of_the_moon:OnRefresh,self:GetAbility(),File-link candidate only; receiver may be another ability. Missing declaration can inherit engine defaults or read another entity.
abilities,huntress_moon_rite,duration,True,9.0,game/scripts/npc/abilities/npc_lia_hero_huntress.txt,111,game/scripts/vscripts/heroes/Huntress/huntress_moon_rite.lua,6,huntress_moon_rite:OnSpellStart,self,File-link candidate only; receiver may be another ability. Missing declaration can inherit engine defaults or read another entity.
abilities,huntress_moon_rite,bonus_damage,True,"[80, 160, 240]",game/scripts/npc/abilities/npc_lia_hero_huntress.txt,110,game/scripts/vscripts/heroes/Huntress/modifier_huntress_moon_rite.lua,12,modifier_huntress_moon_rite:OnCreated,self:GetAbility(),File-link candidate only; receiver may be another ability. Missing declaration can inherit engine defaults or read another entity.
abilities,huntress_moon_rite,bonus_attack_speed,True,"[40, 80, 120]",game/scripts/npc/abilities/npc_lia_hero_huntress.txt,109,game/scripts/vscripts/heroes/Huntress/modifier_huntress_moon_rite.lua,13,modifier_huntress_moon_rite:OnCreated,self:GetAbility(),File-link candidate only; receiver may be another ability. Missing declaration can inherit engine defaults or read another entity.
abilities,illusionist_whiff_of_deception,value_p,True,"[0.6, 0.8, 1.0]",game/scripts/npc/abilities/npc_lia_hero_illusionist.txt,64,game/scripts/vscripts/heroes/Illusionist/illusionist_whiff_of_deception.lua,4,startd,ability,File-link candidate only; receiver may be another ability. Missing declaration can inherit engine defaults or read another entity.
abilities,illusionist_whiff_of_deception,radius,True,300,game/scripts/npc/abilities/npc_lia_hero_illusionist.txt,62,game/scripts/vscripts/heroes/Illusionist/illusionist_whiff_of_deception.lua,5,startd,ability,File-link candidate only; receiver may be another ability. Missing declaration can inherit engine defaults or read another entity.
abilities,illusionist_whiff_of_deception,base_damage,True,75,game/scripts/npc/abilities/npc_lia_hero_illusionist.txt,63,game/scripts/vscripts/heroes/Illusionist/illusionist_whiff_of_deception.lua,6,startd,ability,File-link candidate only; receiver may be another ability. Missing declaration can inherit engine defaults or read another entity.
abilities,illusionist_mastery_of_deception,time,True,"[4, 6, 7]",game/scripts/npc/abilities/npc_lia_hero_illusionist.txt,178,game/scripts/vscripts/heroes/Illusionist/illusionist_mastery_of_deception.lua,27,illusions,ability,File-link candidate only; receiver may be another ability. Missing declaration can inherit engine defaults or read another entity.
abilities,illusionist_mastery_of_deception,outgoing_damage,True,"[-80, -70, -60]",game/scripts/npc/abilities/npc_lia_hero_illusionist.txt,180,game/scripts/vscripts/heroes/Illusionist/illusionist_mastery_of_deception.lua,28,illusions,ability,File-link candidate only; receiver may be another ability. Missing declaration can inherit engine defaults or read another entity.
abilities,illusionist_mastery_of_deception,incoming_damage,True,"[400, 300, 200]",game/scripts/npc/abilities/npc_lia_hero_illusionist.txt,181,game/scripts/vscripts/heroes/Illusionist/illusionist_mastery_of_deception.lua,29,illusions,ability,File-link candidate only; receiver may be another ability. Missing declaration can inherit engine defaults or read another entity.
abilities,illusionist_mastery_of_deception,bonus_agility,False,,game/scripts/npc/abilities/npc_lia_hero_illusionist.txt,,game/scripts/vscripts/heroes/Illusionist/illusionist_mastery_of_deception.lua,49,illusions,ability2,File-link candidate only; receiver may be another ability. Missing declaration can inherit engine defaults or read another entity.
abilities,illusionist_mastery_of_deception,bonus_per_level,False,,game/scripts/npc/abilities/npc_lia_hero_illusionist.txt,,game/scripts/vscripts/heroes/Illusionist/illusionist_mastery_of_deception.lua,50,illusions,ability2,File-link candidate only; receiver may be another ability. Missing declaration can inherit engine defaults or read another entity.
abilities,illusionist_mastery_of_illusions,duration_hero,True,3.0,game/scripts/npc/abilities/npc_lia_hero_illusionist.txt,326,game/scripts/vscripts/heroes/Illusionist/illusionist_mastery_of_illusions.lua,16,AddModifier,ability,File-link candidate only; receiver may be another ability. Missing declaration can inherit engine defaults or read another entity.
abilities,illusionist_mastery_of_illusions,duration_other,True,3.0,game/scripts/npc/abilities/npc_lia_hero_illusionist.txt,327,game/scripts/vscripts/heroes/Illusionist/illusionist_mastery_of_illusions.lua,18,AddModifier,ability,File-link candidate only; receiver may be another ability. Missing declaration can inherit engine defaults or read another entity.
abilities,illusionist_mastery_of_illusions,bonus_agility,False,,game/scripts/npc/abilities/npc_lia_hero_illusionist.txt,,game/scripts/vscripts/heroes/Illusionist/illusionist_mastery_of_illusions.lua,31,AddModifier,ability2,File-link candidate only; receiver may be another ability. Missing declaration can inherit engine defaults or read another entity.
abilities,illusionist_mastery_of_illusions,max_bonus,False,,game/scripts/npc/abilities/npc_lia_hero_illusionist.txt,,game/scripts/vscripts/heroes/Illusionist/illusionist_mastery_of_illusions.lua,32,AddModifier,ability2,File-link candidate only; receiver may be another ability. Missing declaration can inherit engine defaults or read another entity.
abilities,illusionist_mastery_of_illusions,count_illusion,True,3,game/scripts/npc/abilities/npc_lia_hero_illusionist.txt,328,game/scripts/vscripts/heroes/Illusionist/illusionist_mastery_of_illusions.lua,39,AddModifier,ability,File-link candidate only; receiver may be another ability. Missing declaration can inherit engine defaults or read another entity.
abilities,illusionist_mastery_of_illusions,life_illusion,True,"[8, 9, 10]",game/scripts/npc/abilities/npc_lia_hero_illusionist.txt,329,game/scripts/vscripts/heroes/Illusionist/illusionist_mastery_of_illusions.lua,40,AddModifier,ability,File-link candidate only; receiver may be another ability. Missing declaration can inherit engine defaults or read another entity.
abilities,illusionist_mastery_of_illusions,outgoing_damage,True,"[-20, -10, 0]",game/scripts/npc/abilities/npc_lia_hero_illusionist.txt,330,game/scripts/vscripts/heroes/Illusionist/illusionist_mastery_of_illusions.lua,41,AddModifier,ability,File-link candidate only; receiver may be another ability. Missing declaration can inherit engine defaults or read another entity.
abilities,illusionist_mastery_of_illusions,incoming_damage,True,"[200, 150, 100]",game/scripts/npc/abilities/npc_lia_hero_illusionist.txt,331,game/scripts/vscripts/heroes/Illusionist/illusionist_mastery_of_illusions.lua,42,AddModifier,ability,File-link candidate only; receiver may be another ability. Missing declaration can inherit engine defaults or read another entity.
abilities,keeper_of_the_grove_roots,root_duration,True,"[2, 3, 4]",game/scripts/npc/abilities/npc_lia_hero_keeper_of_the_grove.txt,44,game/scripts/vscripts/heroes/KeeperOfTheGrove/Roots.lua,5,Roots,ability,File-link candidate only; receiver may be another ability. Missing declaration can inherit engine defaults or read another entity.
abilities,keeper_of_the_grove_roots,root_hero_duration,True,"[1, 2, 3]",game/scripts/npc/abilities/npc_lia_hero_keeper_of_the_grove.txt,45,game/scripts/vscripts/heroes/KeeperOfTheGrove/Roots.lua,6,Roots,ability,File-link candidate only; receiver may be another ability. Missing declaration can inherit engine defaults or read another entity.
abilities,keeper_of_the_grove_treants,unit_count,True,"[2, 2, 2]",game/scripts/npc/abilities/npc_lia_hero_keeper_of_the_grove.txt,148,game/scripts/vscripts/heroes/KeeperOfTheGrove/Treants.lua,7,SummonTreants,ability,File-link candidate only; receiver may be another ability. Missing declaration can inherit engine defaults or read another entity.
abilities,keeper_of_the_grove_guardian_spirit,,False,,game/scripts/npc/abilities/npc_lia_hero_keeper_of_the_grove.txt,,game/scripts/vscripts/heroes/KeeperOfTheGrove/keeper_of_the_grove_guardian_spirit.lua,7,keeper_of_the_grove_guardian_spirit:OnSpellStart,self,File-link candidate only; receiver may be another ability. Missing declaration can inherit engine defaults or read another entity.
abilities,keeper_of_the_grove_guardian_spirit,,False,,game/scripts/npc/abilities/npc_lia_hero_keeper_of_the_grove.txt,,game/scripts/vscripts/heroes/KeeperOfTheGrove/keeper_of_the_grove_guardian_spirit.lua,8,keeper_of_the_grove_guardian_spirit:OnSpellStart,self,File-link candidate only; receiver may be another ability. Missing declaration can inherit engine defaults or read another entity.
abilities,keeper_of_the_grove_natures_curse,cooldown_scepter,True,160,game/scripts/npc/abilities/npc_lia_hero_keeper_of_the_grove.txt,256,game/scripts/vscripts/heroes/KeeperOfTheGrove/keeper_of_the_grove_natures_curse.lua,7,keeper_of_the_grove_natures_curse:GetCooldown,self,File-link candidate only; receiver may be another ability. Missing declaration can inherit engine defaults or read another entity.
abilities,keeper_of_the_grove_natures_curse,radius,True,350,game/scripts/npc/abilities/npc_lia_hero_keeper_of_the_grove.txt,255,game/scripts/vscripts/heroes/KeeperOfTheGrove/keeper_of_the_grove_natures_curse.lua,14,keeper_of_the_grove_natures_curse:GetAOERadius,self,File-link candidate only; receiver may be another ability. Missing declaration can inherit engine defaults or read another entity.
abilities,keeper_of_the_grove_natures_curse,radius,True,350,game/scripts/npc/abilities/npc_lia_hero_keeper_of_the_grove.txt,255,game/scripts/vscripts/heroes/KeeperOfTheGrove/keeper_of_the_grove_natures_curse.lua,18,keeper_of_the_grove_natures_curse:OnAbilityPhaseStart,self,File-link candidate only; receiver may be another ability. Missing declaration can inherit engine defaults or read another entity.
abilities,keeper_of_the_grove_natures_curse,duration,True,10,game/scripts/npc/abilities/npc_lia_hero_keeper_of_the_grove.txt,253,game/scripts/vscripts/heroes/KeeperOfTheGrove/keeper_of_the_grove_natures_curse.lua,47,keeper_of_the_grove_natures_curse:OnSpellStart,self,File-link candidate only; receiver may be another ability. Missing declaration can inherit engine defaults or read another entity.
abilities,keeper_of_the_grove_natures_curse,hero_duration,True,5,game/scripts/npc/abilities/npc_lia_hero_keeper_of_the_grove.txt,254,game/scripts/vscripts/heroes/KeeperOfTheGrove/keeper_of_the_grove_natures_curse.lua,48,keeper_of_the_grove_natures_curse:OnSpellStart,self,File-link candidate only; receiver may be another ability. Missing declaration can inherit engine defaults or read another entity.
abilities,keeper_of_the_grove_natures_curse,damage_per_second_scepter,True,"[90, 120, 150]",game/scripts/npc/abilities/npc_lia_hero_keeper_of_the_grove.txt,248,game/scripts/vscripts/heroes/KeeperOfTheGrove/modifier_keeper_of_the_grove_natures_curse_damage.lua,13,modifier_keeper_of_the_grove_natures_curse_damage:OnCreated,self:GetAbility(),File-link candidate only; receiver may be another ability. Missing declaration can inherit engine defaults or read another entity.
abilities,keeper_of_the_grove_natures_curse,damage_per_second,True,"[60, 90, 120]",game/scripts/npc/abilities/npc_lia_hero_keeper_of_the_grove.txt,247,game/scripts/vscripts/heroes/KeeperOfTheGrove/modifier_keeper_of_the_grove_natures_curse_damage.lua,15,modifier_keeper_of_the_grove_natures_curse_damage:OnCreated,self:GetAbility(),File-link candidate only; receiver may be another ability. Missing declaration can inherit engine defaults or read another entity.
abilities,keeper_of_the_grove_treants_cyclone,duration_hero,False,,game/scripts/npc/abilities/npc_lia_hero_keeper_of_the_grove.txt,,game/scripts/vscripts/heroes/KeeperOfTheGrove/Cyclone.lua,10,TornadoHeight,ability,File-link candidate only; receiver may be another ability. Missing declaration can inherit engine defaults or read another entity.
abilities,keeper_of_the_grove_treants_cyclone,duration_unit,False,,game/scripts/npc/abilities/npc_lia_hero_keeper_of_the_grove.txt,,game/scripts/vscripts/heroes/KeeperOfTheGrove/Cyclone.lua,11,TornadoHeight,ability,File-link candidate only; receiver may be another ability. Missing declaration can inherit engine defaults or read another entity.
abilities,keeper_of_the_grove_treants_cyclone,cyclone_height,True,550,game/scripts/npc/abilities/npc_lia_hero_keeper_of_the_grove.txt,338,game/scripts/vscripts/heroes/KeeperOfTheGrove/Cyclone.lua,12,TornadoHeight,ability,File-link candidate only; receiver may be another ability. Missing declaration can inherit engine defaults or read another entity.
abilities,keeper_of_the_grove_treants_cyclone,cyclone_min_height,True,500,game/scripts/npc/abilities/npc_lia_hero_keeper_of_the_grove.txt,339,game/scripts/vscripts/heroes/KeeperOfTheGrove/Cyclone.lua,13,TornadoHeight,ability,File-link candidate only; receiver may be another ability. Missing declaration can inherit engine defaults or read another entity.
abilities,keeper_of_the_grove_treants_cyclone,cyclone_max_height,True,650,game/scripts/npc/abilities/npc_lia_hero_keeper_of_the_grove.txt,340,game/scripts/vscripts/heroes/KeeperOfTheGrove/Cyclone.lua,14,TornadoHeight,ability,File-link candidate only; receiver may be another ability. Missing declaration can inherit engine defaults or read another entity.
abilities,keeper_of_the_grove_treants_cyclone,duration,True,2.0,game/scripts/npc/abilities/npc_lia_hero_keeper_of_the_grove.txt,336,game/scripts/vscripts/heroes/KeeperOfTheGrove/Cyclone.lua,111,Cyclone,ability,File-link candidate only; receiver may be another ability. Missing declaration can inherit engine defaults or read another entity.
abilities,knight_illusions,images_count,True,"[1, 2, 3]",game/scripts/npc/abilities/npc_lia_hero_knight.txt,34,game/scripts/vscripts/heroes/Knight/illusions.lua,4,illusions,ability,File-link candidate only; receiver may be another ability. Missing declaration can inherit engine defaults or read another entity.
abilities,knight_illusions,illusion_duration,True,"[60.0, 60.0, 60.0]",game/scripts/npc/abilities/npc_lia_hero_knight.txt,39,game/scripts/vscripts/heroes/Knight/illusions.lua,5,illusions,ability,File-link candidate only; receiver may be another ability. Missing declaration can inherit engine defaults or read another entity.
abilities,knight_illusions,outgoing_damage,True,"[-85, -70, -55]",game/scripts/npc/abilities/npc_lia_hero_knight.txt,35,game/scripts/vscripts/heroes/Knight/illusions.lua,6,illusions,ability,File-link candidate only; receiver may be another ability. Missing declaration can inherit engine defaults or read another entity.
abilities,knight_illusions,incoming_damage,True,"[145, 135, 125]",game/scripts/npc/abilities/npc_lia_hero_knight.txt,37,game/scripts/vscripts/heroes/Knight/illusions.lua,7,illusions,ability,File-link candidate only; receiver may be another ability. Missing declaration can inherit engine defaults or read another entity.
abilities,knight_illusions,radius_hide,True,128,game/scripts/npc/abilities/npc_lia_hero_knight.txt,38,game/scripts/vscripts/heroes/Knight/illusions.lua,8,illusions,ability,File-link candidate only; receiver may be another ability. Missing declaration can inherit engine defaults or read another entity.
abilities,knight_illusions,duration,False,,game/scripts/npc/abilities/npc_lia_hero_knight.txt,,game/scripts/vscripts/heroes/Knight/illusions.lua,59,illusions,abilityM,File-link candidate only; receiver may be another ability. Missing declaration can inherit engine defaults or read another entity.
abilities,knight_dark_shield,damage_return,True,"[10, 20, 30]",game/scripts/npc/abilities/npc_lia_hero_knight.txt,162,game/scripts/vscripts/heroes/Knight/modifier_knight_dark_shield.lua,42,modifier_knight_dark_shield:OnTakeDamage,self:GetAbility(),File-link candidate only; receiver may be another ability. Missing declaration can inherit engine defaults or read another entity.
abilities,knight_ancient_shield,ranged_damage_reduction,True,"[-30, -50, -70]",game/scripts/npc/abilities/npc_lia_hero_knight.txt,180,game/scripts/vscripts/heroes/Knight/modifier_knight_ancient_shield.lua,12,modifier_knight_ancient_shield:OnCreated,self:GetAbility(),File-link candidate only; receiver may be another ability. Missing declaration can inherit engine defaults or read another entity.
abilities,knight_ancient_shield,bonus_magic_resistance,True,"[20, 40, 60]",game/scripts/npc/abilities/npc_lia_hero_knight.txt,181,game/scripts/vscripts/heroes/Knight/modifier_knight_ancient_shield.lua,13,modifier_knight_ancient_shield:OnCreated,self:GetAbility(),File-link candidate only; receiver may be another ability. Missing declaration can inherit engine defaults or read another entity.
abilities,knight_ancient_shield,movement_speed_reduction,True,"[-30, -25, -20]",game/scripts/npc/abilities/npc_lia_hero_knight.txt,182,game/scripts/vscripts/heroes/Knight/modifier_knight_ancient_shield.lua,14,modifier_knight_ancient_shield:OnCreated,self:GetAbility(),File-link candidate only; receiver may be another ability. Missing declaration can inherit engine defaults or read another entity.
abilities,knight_ancient_shield,reflect_chance,True,30,game/scripts/npc/abilities/npc_lia_hero_knight.txt,183,game/scripts/vscripts/heroes/Knight/modifier_knight_ancient_shield.lua,15,modifier_knight_ancient_shield:OnCreated,self:GetAbility(),File-link candidate only; receiver may be another ability. Missing declaration can inherit engine defaults or read another entity.
abilities,knight_ancient_shield,incoming_damage_percentage,False,,game/scripts/npc/abilities/npc_lia_hero_knight.txt,,game/scripts/vscripts/heroes/Knight/modifier_knight_ancient_shield.lua,24,modifier_knight_ancient_shield:OnRefresh,self:GetAbility(),File-link candidate only; receiver may be another ability. Missing declaration can inherit engine defaults or read another entity.
abilities,knight_dark_gifts,duration,True,"[15, 17.5, 20]",game/scripts/npc/abilities/npc_lia_hero_knight.txt,215,game/scripts/vscripts/heroes/Knight/dark_gifts.lua,4,makeEffect,ability,File-link candidate only; receiver may be another ability. Missing declaration can inherit engine defaults or read another entity.
abilities,kret_acid,main_damage,True,"[140, 280, 420]",game/scripts/npc/abilities/npc_lia_hero_kret.txt,37,game/scripts/vscripts/heroes/Kret/Acid.lua,22,Damage,event.ability,File-link candidate only; receiver may be another ability. Missing declaration can inherit engine defaults or read another entity.
abilities,kret_acid,duration,True,8.0,game/scripts/npc/abilities/npc_lia_hero_kret.txt,40,game/scripts/vscripts/heroes/Kret/Acid.lua,22,Damage,event.ability,File-link candidate only; receiver may be another ability. Missing declaration can inherit engine defaults or read another entity.
abilities,kret_acid,other_damage,True,"[120, 240, 360]",game/scripts/npc/abilities/npc_lia_hero_kret.txt,38,game/scripts/vscripts/heroes/Kret/Acid.lua,28,DamageOther,event.ability,File-link candidate only; receiver may be another ability. Missing declaration can inherit engine defaults or read another entity.
abilities,kret_acid,duration,True,8.0,game/scripts/npc/abilities/npc_lia_hero_kret.txt,40,game/scripts/vscripts/heroes/Kret/Acid.lua,28,DamageOther,event.ability,File-link candidate only; receiver may be another ability. Missing declaration can inherit engine defaults or read another entity.
abilities,kret_poisoning,damage,True,"[50, 100, 150]",game/scripts/npc/abilities/npc_lia_hero_kret.txt,170,game/scripts/vscripts/heroes/Kret/modifier_kret_poisoning.lua,12,modifier_kret_poisoning:OnCreated,self:GetAbility(),File-link candidate only; receiver may be another ability. Missing declaration can inherit engine defaults or read another entity.
abilities,kret_poisoning,mana_burn,True,"[50, 100, 150]",game/scripts/npc/abilities/npc_lia_hero_kret.txt,171,game/scripts/vscripts/heroes/Kret/modifier_kret_poisoning.lua,13,modifier_kret_poisoning:OnCreated,self:GetAbility(),File-link candidate only; receiver may be another ability. Missing declaration can inherit engine defaults or read another entity.
abilities,kret_poisoning,chance,True,33,game/scripts/npc/abilities/npc_lia_hero_kret.txt,169,game/scripts/vscripts/heroes/Kret/modifier_kret_poisoning.lua,14,modifier_kret_poisoning:OnCreated,self:GetAbility(),File-link candidate only; receiver may be another ability. Missing declaration can inherit engine defaults or read another entity.
abilities,kret_poisoning,damage,True,"[50, 100, 150]",game/scripts/npc/abilities/npc_lia_hero_kret.txt,170,game/scripts/vscripts/heroes/Kret/modifier_kret_poisoning.lua,22,modifier_kret_poisoning:OnRefresh,self:GetAbility(),File-link candidate only; receiver may be another ability. Missing declaration can inherit engine defaults or read another entity.
abilities,kret_poisoning,mana_burn,True,"[50, 100, 150]",game/scripts/npc/abilities/npc_lia_hero_kret.txt,171,game/scripts/vscripts/heroes/Kret/modifier_kret_poisoning.lua,23,modifier_kret_poisoning:OnRefresh,self:GetAbility(),File-link candidate only; receiver may be another ability. Missing declaration can inherit engine defaults or read another entity.
abilities,kret_lust_for_life,bonus_health,True,"[100, 200, 300]",game/scripts/npc/abilities/npc_lia_hero_kret.txt,189,game/scripts/vscripts/heroes/Kret/modifier_kret_lust_for_life.lua,13,modifier_kret_lust_for_life:OnCreated,self:GetAbility(),File-link candidate only; receiver may be another ability. Missing declaration can inherit engine defaults or read another entity.
abilities,kret_lust_for_life,health_threshold,True,10,game/scripts/npc/abilities/npc_lia_hero_kret.txt,190,game/scripts/vscripts/heroes/Kret/modifier_kret_lust_for_life.lua,14,modifier_kret_lust_for_life:OnCreated,self:GetAbility(),File-link candidate only; receiver may be another ability. Missing declaration can inherit engine defaults or read another entity.
abilities,kret_lust_for_life,health_regen_percent,True,"[0.15, 0.25, 0.35]",game/scripts/npc/abilities/npc_lia_hero_kret.txt,191,game/scripts/vscripts/heroes/Kret/modifier_kret_lust_for_life.lua,15,modifier_kret_lust_for_life:OnCreated,self:GetAbility(),File-link candidate only; receiver may be another ability. Missing declaration can inherit engine defaults or read another entity.
abilities,kret_lust_for_life,bonus_health,True,"[100, 200, 300]",game/scripts/npc/abilities/npc_lia_hero_kret.txt,189,game/scripts/vscripts/heroes/Kret/modifier_kret_lust_for_life.lua,19,modifier_kret_lust_for_life:OnRefresh,self:GetAbility(),File-link candidate only; receiver may be another ability. Missing declaration can inherit engine defaults or read another entity.
abilities,kret_lust_for_life,health_threshold,True,10,game/scripts/npc/abilities/npc_lia_hero_kret.txt,190,game/scripts/vscripts/heroes/Kret/modifier_kret_lust_for_life.lua,20,modifier_kret_lust_for_life:OnRefresh,self:GetAbility(),File-link candidate only; receiver may be another ability. Missing declaration can inherit engine defaults or read another entity.
abilities,kret_lust_for_life,health_regen_percent,True,"[0.15, 0.25, 0.35]",game/scripts/npc/abilities/npc_lia_hero_kret.txt,191,game/scripts/vscripts/heroes/Kret/modifier_kret_lust_for_life.lua,21,modifier_kret_lust_for_life:OnRefresh,self:GetAbility(),File-link candidate only; receiver may be another ability. Missing declaration can inherit engine defaults or read another entity.
abilities,kret_virus,main_damage,True,"[150, 300, 450]",game/scripts/npc/abilities/npc_lia_hero_kret.txt,232,game/scripts/vscripts/heroes/Kret/Virus.lua,12,Virus,ability,File-link candidate only; receiver may be another ability. Missing declaration can inherit engine defaults or read another entity.
abilities,kret_virus,other_damage,True,"[100, 200, 300]",game/scripts/npc/abilities/npc_lia_hero_kret.txt,233,game/scripts/vscripts/heroes/Kret/Virus.lua,15,Virus,ability,File-link candidate only; receiver may be another ability. Missing declaration can inherit engine defaults or read another entity.
abilities,lord_of_lightning_chain_lightning,manacost_scepter,True,"[150, 225, 300]",game/scripts/npc/abilities/npc_lia_hero_lord_of_lightning.txt,59,game/scripts/vscripts/heroes/LightningLord/lord_of_lightning_chain_lightning.lua,5,lord_of_lightning_chain_lightning:GetManaCost,self,File-link candidate only; receiver may be another ability. Missing declaration can inherit engine defaults or read another entity.
abilities,lord_of_lightning_chain_lightning,cooldown_scepter,True,"[9, 8, 7]",game/scripts/npc/abilities/npc_lia_hero_lord_of_lightning.txt,54,game/scripts/vscripts/heroes/LightningLord/lord_of_lightning_chain_lightning.lua,14,lord_of_lightning_chain_lightning:GetCooldown,self,File-link candidate only; receiver may be another ability. Missing declaration can inherit engine defaults or read another entity.
abilities,lord_of_lightning_chain_lightning,,False,,game/scripts/npc/abilities/npc_lia_hero_lord_of_lightning.txt,,game/scripts/vscripts/heroes/LightningLord/lord_of_lightning_chain_lightning.lua,25,lord_of_lightning_chain_lightning:OnSpellStart,self,File-link candidate only; receiver may be another ability. Missing declaration can inherit engine defaults or read another entity.
abilities,lord_of_lightning_chain_lightning,,False,,game/scripts/npc/abilities/npc_lia_hero_lord_of_lightning.txt,,game/scripts/vscripts/heroes/LightningLord/lord_of_lightning_chain_lightning.lua,26,lord_of_lightning_chain_lightning:OnSpellStart,self,File-link candidate only; receiver may be another ability. Missing declaration can inherit engine defaults or read another entity.
abilities,lord_of_lightning_chain_lightning,,False,,game/scripts/npc/abilities/npc_lia_hero_lord_of_lightning.txt,,game/scripts/vscripts/heroes/LightningLord/lord_of_lightning_chain_lightning.lua,27,lord_of_lightning_chain_lightning:OnSpellStart,self,File-link candidate only; receiver may be another ability. Missing declaration can inherit engine defaults or read another entity.
abilities,lord_of_lightning_chain_lightning,bounce_range,True,500,game/scripts/npc/abilities/npc_lia_hero_lord_of_lightning.txt,41,game/scripts/vscripts/heroes/LightningLord/lord_of_lightning_chain_lightning.lua,29,lord_of_lightning_chain_lightning:OnSpellStart,self,File-link candidate only; receiver may be another ability. Missing declaration can inherit engine defaults or read another entity.
abilities,lord_of_lightning_chain_lightning,time_between_bounces,True,0.2,game/scripts/npc/abilities/npc_lia_hero_lord_of_lightning.txt,48,game/scripts/vscripts/heroes/LightningLord/lord_of_lightning_chain_lightning.lua,30,lord_of_lightning_chain_lightning:OnSpellStart,self,File-link candidate only; receiver may be another ability. Missing declaration can inherit engine defaults or read another entity.
abilities,lord_of_lightning_lightning_shield,manacost_scepter,True,"[200, 240, 280]",game/scripts/npc/abilities/npc_lia_hero_lord_of_lightning.txt,112,game/scripts/vscripts/heroes/LightningLord/lord_of_lightning_lightning_shield.lua,7,lord_of_lightning_lightning_shield:GetManaCost,self,File-link candidate only; receiver may be another ability. Missing declaration can inherit engine defaults or read another entity.
abilities,lord_of_lightning_lightning_shield,duration,True,8,game/scripts/npc/abilities/npc_lia_hero_lord_of_lightning.txt,111,game/scripts/vscripts/heroes/LightningLord/lord_of_lightning_lightning_shield.lua,17,lord_of_lightning_lightning_shield:OnSpellStart,self,File-link candidate only; receiver may be another ability. Missing declaration can inherit engine defaults or read another entity.
abilities,lord_of_lightning_lightning_shield,think_interval,True,0.33,game/scripts/npc/abilities/npc_lia_hero_lord_of_lightning.txt,109,game/scripts/vscripts/heroes/LightningLord/modifier_lord_of_lightning_lightning_shield.lua,19,modifier_lord_of_lightning_lightning_shield:OnCreated,self:GetAbility(),File-link candidate only; receiver may be another ability. Missing declaration can inherit engine defaults or read another entity.
abilities,lord_of_lightning_lightning_shield,radius,True,200,game/scripts/npc/abilities/npc_lia_hero_lord_of_lightning.txt,110,game/scripts/vscripts/heroes/LightningLord/modifier_lord_of_lightning_lightning_shield.lua,20,modifier_lord_of_lightning_lightning_shield:OnCreated,self:GetAbility(),File-link candidate only; receiver may be another ability. Missing declaration can inherit engine defaults or read another entity.
abilities,lord_of_lightning_lightning_shield,,False,,game/scripts/npc/abilities/npc_lia_hero_lord_of_lightning.txt,,game/scripts/vscripts/heroes/LightningLord/modifier_lord_of_lightning_lightning_shield.lua,23,modifier_lord_of_lightning_lightning_shield:OnCreated,self:GetAbility(),File-link candidate only; receiver may be another ability. Missing declaration can inherit engine defaults or read another entity.
abilities,lord_of_lightning_holy_wrath,damage_per_int,True,"[3, 4, 5]",game/scripts/npc/abilities/npc_lia_hero_lord_of_lightning.txt,147,game/scripts/vscripts/heroes/LightningLord/holy_wrath.lua,13,damageTo,ability,File-link candidate only; receiver may be another ability. Missing declaration can inherit engine defaults or read another entity.
abilities,lord_of_lightning_holy_wrath,radius_dop_dmg,True,200,game/scripts/npc/abilities/npc_lia_hero_lord_of_lightning.txt,148,game/scripts/vscripts/heroes/LightningLord/holy_wrath.lua,14,damageTo,ability,File-link candidate only; receiver may be another ability. Missing declaration can inherit engine defaults or read another entity.
abilities,lord_of_lightning_brain_storm,radius,True,500,game/scripts/npc/abilities/npc_lia_hero_lord_of_lightning.txt,250,game/scripts/vscripts/heroes/LightningLord/lord_of_lightning_brain_storm.lua,14,lord_of_lightning_brain_storm:GetAOERadius,self,File-link candidate only; receiver may be another ability. Missing declaration can inherit engine defaults or read another entity.
abilities,lord_of_lightning_brain_storm,radius,True,500,game/scripts/npc/abilities/npc_lia_hero_lord_of_lightning.txt,250,game/scripts/vscripts/heroes/LightningLord/lord_of_lightning_brain_storm.lua,19,lord_of_lightning_brain_storm:OnSpellStart,self,File-link candidate only; receiver may be another ability. Missing declaration can inherit engine defaults or read another entity.
abilities,lord_of_lightning_brain_storm,duration,True,"[6, 8, 10]",game/scripts/npc/abilities/npc_lia_hero_lord_of_lightning.txt,248,game/scripts/vscripts/heroes/LightningLord/lord_of_lightning_brain_storm.lua,21,lord_of_lightning_brain_storm:OnSpellStart,self,File-link candidate only; receiver may be another ability. Missing declaration can inherit engine defaults or read another entity.
abilities,lord_of_lightning_brain_storm,disarm_duration,True,"[2, 3, 4]",game/scripts/npc/abilities/npc_lia_hero_lord_of_lightning.txt,249,game/scripts/vscripts/heroes/LightningLord/lord_of_lightning_brain_storm.lua,22,lord_of_lightning_brain_storm:OnSpellStart,self,File-link candidate only; receiver may be another ability. Missing declaration can inherit engine defaults or read another entity.
abilities,lord_of_lightning_brain_storm,movement_slow_percentage,True,-20,game/scripts/npc/abilities/npc_lia_hero_lord_of_lightning.txt,246,game/scripts/vscripts/heroes/LightningLord/modifier_lord_of_lightning_brain_storm_debuff.lua,18,modifier_lord_of_lightning_brain_storm_debuff:OnCreated,self:GetAbility(),File-link candidate only; receiver may be another ability. Missing declaration can inherit engine defaults or read another entity.
abilities,lord_of_lightning_brain_storm,attack_slow,True,-50,game/scripts/npc/abilities/npc_lia_hero_lord_of_lightning.txt,247,game/scripts/vscripts/heroes/LightningLord/modifier_lord_of_lightning_brain_storm_debuff.lua,19,modifier_lord_of_lightning_brain_storm_debuff:OnCreated,self:GetAbility(),File-link candidate only; receiver may be another ability. Missing declaration can inherit engine defaults or read another entity.
abilities,lord_of_lightning_brain_storm,movement_slow_percentage,True,-20,game/scripts/npc/abilities/npc_lia_hero_lord_of_lightning.txt,246,game/scripts/vscripts/heroes/LightningLord/modifier_lord_of_lightning_brain_storm_debuff.lua,29,modifier_lord_of_lightning_brain_storm_debuff:OnRefresh,self:GetAbility(),File-link candidate only; receiver may be another ability. Missing declaration can inherit engine defaults or read another entity.
abilities,lord_of_lightning_brain_storm,attack_slow,True,-50,game/scripts/npc/abilities/npc_lia_hero_lord_of_lightning.txt,247,game/scripts/vscripts/heroes/LightningLord/modifier_lord_of_lightning_brain_storm_debuff.lua,30,modifier_lord_of_lightning_brain_storm_debuff:OnRefresh,self:GetAbility(),File-link candidate only; receiver may be another ability. Missing declaration can inherit engine defaults or read another entity.
abilities,marksman_explosive_rounds,explosion_damage,True,"[40, 140, 240]",game/scripts/npc/abilities/npc_lia_hero_marksman.txt,29,game/scripts/vscripts/heroes/Marksman/marksman_explosive_rounds.lua,23,marksman_explosive_rounds:Explode,ability,File-link candidate only; receiver may be another ability. Missing declaration can inherit engine defaults or read another entity.
abilities,marksman_explosive_rounds,damage_radius,True,200,game/scripts/npc/abilities/npc_lia_hero_marksman.txt,32,game/scripts/vscripts/heroes/Marksman/marksman_explosive_rounds.lua,24,marksman_explosive_rounds:Explode,ability,File-link candidate only; receiver may be another ability. Missing declaration can inherit engine defaults or read another entity.
abilities,marksman_explosive_rounds,dmg_per_shot,True,"[15, 30, 45]",game/scripts/npc/abilities/npc_lia_hero_marksman.txt,28,game/scripts/vscripts/heroes/Marksman/marksman_explosive_rounds.lua,74,modifier_marksman_explosive_rounds:OnCreated,ability,File-link candidate only; receiver may be another ability. Missing declaration can inherit engine defaults or read another entity.
abilities,marksman_explosive_rounds,shots_limit,True,4,game/scripts/npc/abilities/npc_lia_hero_marksman.txt,31,game/scripts/vscripts/heroes/Marksman/marksman_explosive_rounds.lua,75,modifier_marksman_explosive_rounds:OnCreated,ability,File-link candidate only; receiver may be another ability. Missing declaration can inherit engine defaults or read another entity.
abilities,marksman_explosive_rounds,duration,True,10,game/scripts/npc/abilities/npc_lia_hero_marksman.txt,30,game/scripts/vscripts/heroes/Marksman/marksman_explosive_rounds.lua,76,modifier_marksman_explosive_rounds:OnCreated,ability,File-link candidate only; receiver may be another ability. Missing declaration can inherit engine defaults or read another entity.
abilities,marksman_explosive_rounds,dmg_per_shot,True,"[15, 30, 45]",game/scripts/npc/abilities/npc_lia_hero_marksman.txt,28,game/scripts/vscripts/heroes/Marksman/marksman_explosive_rounds.lua,81,modifier_marksman_explosive_rounds:OnRefresh,self:GetAbility(),File-link candidate only; receiver may be another ability. Missing declaration can inherit engine defaults or read another entity.
abilities,marksman_ricochet,damage,True,"[50, 100, 150]",game/scripts/npc/abilities/npc_lia_hero_marksman.txt,68,game/scripts/vscripts/heroes/Marksman/marksman_ricochet.lua,15,marksman_ricochet:OnSpellStart,self,File-link candidate only; receiver may be another ability. Missing declaration can inherit engine defaults or read another entity.
abilities,marksman_ricochet,attack_reduction,True,"[30, 50, 70]",game/scripts/npc/abilities/npc_lia_hero_marksman.txt,70,game/scripts/vscripts/heroes/Marksman/marksman_ricochet.lua,16,marksman_ricochet:OnSpellStart,self,File-link candidate only; receiver may be another ability. Missing declaration can inherit engine defaults or read another entity.
abilities,marksman_ricochet,attack_reduction_duration,True,5,game/scripts/npc/abilities/npc_lia_hero_marksman.txt,71,game/scripts/vscripts/heroes/Marksman/marksman_ricochet.lua,17,marksman_ricochet:OnSpellStart,self,File-link candidate only; receiver may be another ability. Missing declaration can inherit engine defaults or read another entity.
abilities,marksman_ricochet,bounce_count,True,"[6, 8, 10]",game/scripts/npc/abilities/npc_lia_hero_marksman.txt,72,game/scripts/vscripts/heroes/Marksman/marksman_ricochet.lua,18,marksman_ricochet:OnSpellStart,self,File-link candidate only; receiver may be another ability. Missing declaration can inherit engine defaults or read another entity.
abilities,marksman_ricochet,bounce_damage_pct,True,"[50, 60, 70]",game/scripts/npc/abilities/npc_lia_hero_marksman.txt,69,game/scripts/vscripts/heroes/Marksman/marksman_ricochet.lua,19,marksman_ricochet:OnSpellStart,self,File-link candidate only; receiver may be another ability. Missing declaration can inherit engine defaults or read another entity.
abilities,marksman_ricochet,projectile_speed,True,700,game/scripts/npc/abilities/npc_lia_hero_marksman.txt,73,game/scripts/vscripts/heroes/Marksman/marksman_ricochet.lua,20,marksman_ricochet:OnSpellStart,self,File-link candidate only; receiver may be another ability. Missing declaration can inherit engine defaults or read another entity.
abilities,marksman_ricochet,bounce_range,True,500,game/scripts/npc/abilities/npc_lia_hero_marksman.txt,74,game/scripts/vscripts/heroes/Marksman/marksman_ricochet.lua,21,marksman_ricochet:OnSpellStart,self,File-link candidate only; receiver may be another ability. Missing declaration can inherit engine defaults or read another entity.
abilities,marksman_ricochet,bounce_damage_pct,True,"[50, 60, 70]",game/scripts/npc/abilities/npc_lia_hero_marksman.txt,69,game/scripts/vscripts/heroes/Marksman/marksman_ricochet.lua,48,marksman_ricochet:OnProjectileHit,self,File-link candidate only; receiver may be another ability. Missing declaration can inherit engine defaults or read another entity.
abilities,marksman_ricochet,damage,True,"[50, 100, 150]",game/scripts/npc/abilities/npc_lia_hero_marksman.txt,68,game/scripts/vscripts/heroes/Marksman/marksman_ricochet.lua,49,marksman_ricochet:OnProjectileHit,self,File-link candidate only; receiver may be another ability. Missing declaration can inherit engine defaults or read another entity.
abilities,marksman_ricochet,attack_reduction,True,"[30, 50, 70]",game/scripts/npc/abilities/npc_lia_hero_marksman.txt,70,game/scripts/vscripts/heroes/Marksman/marksman_ricochet.lua,125,modifier_marksman_ricochet_slow:OnCreated,ability,File-link candidate only; receiver may be another ability. Missing declaration can inherit engine defaults or read another entity.
abilities,marksman_marksmans_mastery,bonus_range,True,"[75, 150, 225]",game/scripts/npc/abilities/npc_lia_hero_marksman.txt,94,game/scripts/vscripts/heroes/Marksman/marksman_marksmans_mastery.lua,31,modifier_marksman_marksmans_mastery:OnRefresh,ability,File-link candidate only; receiver may be another ability. Missing declaration can inherit engine defaults or read another entity.
abilities,marksman_marksmans_mastery,bonus_damage_pct_creeps,True,"[4, 7, 10]",game/scripts/npc/abilities/npc_lia_hero_marksman.txt,92,game/scripts/vscripts/heroes/Marksman/marksman_marksmans_mastery.lua,32,modifier_marksman_marksmans_mastery:OnRefresh,ability,File-link candidate only; receiver may be another ability. Missing declaration can inherit engine defaults or read another entity.
abilities,marksman_marksmans_mastery,bonus_damage_pct_heroes,True,"[10, 15, 20]",game/scripts/npc/abilities/npc_lia_hero_marksman.txt,93,game/scripts/vscripts/heroes/Marksman/marksman_marksmans_mastery.lua,33,modifier_marksman_marksmans_mastery:OnRefresh,ability,File-link candidate only; receiver may be another ability. Missing declaration can inherit engine defaults or read another entity.
abilities,marksman_dragon_breath,damage,True,"[200, 350, 500]",game/scripts/npc/abilities/npc_lia_hero_marksman.txt,132,game/scripts/vscripts/heroes/Marksman/marksman_dragon_breath.lua,20,marksman_dragon_breath:OnSpellStart,self,File-link candidate only; receiver may be another ability. Missing declaration can inherit engine defaults or read another entity.
abilities,marksman_dragon_breath,armor_reduction,True,"[10, 20, 30]",game/scripts/npc/abilities/npc_lia_hero_marksman.txt,133,game/scripts/vscripts/heroes/Marksman/marksman_dragon_breath.lua,21,marksman_dragon_breath:OnSpellStart,self,File-link candidate only; receiver may be another ability. Missing declaration can inherit engine defaults or read another entity.
abilities,marksman_dragon_breath,move_slow_pct,True,"[60, 70, 80]",game/scripts/npc/abilities/npc_lia_hero_marksman.txt,134,game/scripts/vscripts/heroes/Marksman/marksman_dragon_breath.lua,22,marksman_dragon_breath:OnSpellStart,self,File-link candidate only; receiver may be another ability. Missing declaration can inherit engine defaults or read another entity.
abilities,marksman_dragon_breath,slow_duration,True,5,game/scripts/npc/abilities/npc_lia_hero_marksman.txt,135,game/scripts/vscripts/heroes/Marksman/marksman_dragon_breath.lua,23,marksman_dragon_breath:OnSpellStart,self,File-link candidate only; receiver may be another ability. Missing declaration can inherit engine defaults or read another entity.
abilities,marksman_dragon_breath,distance,True,450,game/scripts/npc/abilities/npc_lia_hero_marksman.txt,137,game/scripts/vscripts/heroes/Marksman/marksman_dragon_breath.lua,24,marksman_dragon_breath:OnSpellStart,self,File-link candidate only; receiver may be another ability. Missing declaration can inherit engine defaults or read another entity.
abilities,marksman_dragon_breath,speed,True,900,game/scripts/npc/abilities/npc_lia_hero_marksman.txt,138,game/scripts/vscripts/heroes/Marksman/marksman_dragon_breath.lua,25,marksman_dragon_breath:OnSpellStart,self,File-link candidate only; receiver may be another ability. Missing declaration can inherit engine defaults or read another entity.
abilities,marksman_dragon_breath,start_radius,True,150,game/scripts/npc/abilities/npc_lia_hero_marksman.txt,139,game/scripts/vscripts/heroes/Marksman/marksman_dragon_breath.lua,26,marksman_dragon_breath:OnSpellStart,self,File-link candidate only; receiver may be another ability. Missing declaration can inherit engine defaults or read another entity.
abilities,marksman_dragon_breath,end_radius,True,300,game/scripts/npc/abilities/npc_lia_hero_marksman.txt,140,game/scripts/vscripts/heroes/Marksman/marksman_dragon_breath.lua,27,marksman_dragon_breath:OnSpellStart,self,File-link candidate only; receiver may be another ability. Missing declaration can inherit engine defaults or read another entity.
abilities,naga_royal_guard_persistence,bonus_strength,True,"[9, 18, 27]",game/scripts/npc/abilities/npc_lia_hero_naga_royal_guard.txt,106,game/scripts/vscripts/heroes/NagaRoyalGuard/modifier_naga_royal_guard_persistence.lua,12,modifier_naga_royal_guard_persistence:OnCreated,self:GetAbility(),File-link candidate only; receiver may be another ability. Missing declaration can inherit engine defaults or read another entity.
abilities,naga_royal_guard_persistence,bonus_armor,True,"[3, 6, 9]",game/scripts/npc/abilities/npc_lia_hero_naga_royal_guard.txt,105,game/scripts/vscripts/heroes/NagaRoyalGuard/modifier_naga_royal_guard_persistence.lua,13,modifier_naga_royal_guard_persistence:OnCreated,self:GetAbility(),File-link candidate only; receiver may be another ability. Missing declaration can inherit engine defaults or read another entity.
abilities,naga_royal_guard_persistence,bonus_strength,True,"[9, 18, 27]",game/scripts/npc/abilities/npc_lia_hero_naga_royal_guard.txt,106,game/scripts/vscripts/heroes/NagaRoyalGuard/modifier_naga_royal_guard_persistence.lua,17,modifier_naga_royal_guard_persistence:OnRefresh,self:GetAbility(),File-link candidate only; receiver may be another ability. Missing declaration can inherit engine defaults or read another entity.
abilities,naga_royal_guard_persistence,bonus_armor,True,"[3, 6, 9]",game/scripts/npc/abilities/npc_lia_hero_naga_royal_guard.txt,105,game/scripts/vscripts/heroes/NagaRoyalGuard/modifier_naga_royal_guard_persistence.lua,18,modifier_naga_royal_guard_persistence:OnRefresh,self:GetAbility(),File-link candidate only; receiver may be another ability. Missing declaration can inherit engine defaults or read another entity.
abilities,naga_royal_guard_bash,bash_damage,False,,game/scripts/npc/abilities/npc_lia_hero_naga_royal_guard.txt,,game/scripts/vscripts/heroes/NagaRoyalGuard/Bash.lua,20,Bash,ability,File-link candidate only; receiver may be another ability. Missing declaration can inherit engine defaults or read another entity.
abilities,naga_royal_guard_bash,bash_stun,True,"[1.0, 1.5, 2.0]",game/scripts/npc/abilities/npc_lia_hero_naga_royal_guard.txt,132,game/scripts/vscripts/heroes/NagaRoyalGuard/Bash.lua,25,Bash,ability,File-link candidate only; receiver may be another ability. Missing declaration can inherit engine defaults or read another entity.
abilities,naga_royal_guard_bash,bash_chance,True,25,game/scripts/npc/abilities/npc_lia_hero_naga_royal_guard.txt,131,game/scripts/vscripts/heroes/NagaRoyalGuard/Bash.lua,34,IsActiveBash,ability,File-link candidate only; receiver may be another ability. Missing declaration can inherit engine defaults or read another entity.
abilities,naga_royal_guard_bash,bash_chance,True,25,game/scripts/npc/abilities/npc_lia_hero_naga_royal_guard.txt,131,game/scripts/vscripts/heroes/NagaRoyalGuard/Bash.lua,39,IsActiveBash,modAbility,File-link candidate only; receiver may be another ability. Missing declaration can inherit engine defaults or read another entity.
abilities,naga_royal_guard_bash,bash_chance,True,25,game/scripts/npc/abilities/npc_lia_hero_naga_royal_guard.txt,131,game/scripts/vscripts/heroes/NagaRoyalGuard/Bash.lua,40,IsActiveBash,modAbility,File-link candidate only; receiver may be another ability. Missing declaration can inherit engine defaults or read another entity.
abilities,naga_royal_guard_crush,damage_per_second,True,"[100, 150, 200]",game/scripts/npc/abilities/npc_lia_hero_naga_royal_guard.txt,188,game/scripts/vscripts/heroes/NagaRoyalGuard/crush.lua,10,Immolation,ability,File-link candidate only; receiver may be another ability. Missing declaration can inherit engine defaults or read another entity.
abilities,naga_siren_fury,radius,True,250,game/scripts/npc/abilities/npc_lia_hero_naga_siren.txt,35,game/scripts/vscripts/heroes/NagaSiren/modifier_naga_siren_fury.lua,16,modifier_naga_siren_fury:OnOrbImpact,ability,File-link candidate only; receiver may be another ability. Missing declaration can inherit engine defaults or read another entity.
abilities,naga_siren_fury,stat_percentage,True,"[30, 50, 70]",game/scripts/npc/abilities/npc_lia_hero_naga_siren.txt,33,game/scripts/vscripts/heroes/NagaSiren/modifier_naga_siren_fury.lua,18,modifier_naga_siren_fury:OnOrbImpact,ability,File-link candidate only; receiver may be another ability. Missing declaration can inherit engine defaults or read another entity.
abilities,naga_siren_fury,constant_damage,True,"[10, 20, 30]",game/scripts/npc/abilities/npc_lia_hero_naga_siren.txt,34,game/scripts/vscripts/heroes/NagaSiren/modifier_naga_siren_fury.lua,18,modifier_naga_siren_fury:OnOrbImpact,ability,File-link candidate only; receiver may be another ability. Missing declaration can inherit engine defaults or read another entity.
abilities,naga_siren_fury,AbilityDuration,False,,game/scripts/npc/abilities/npc_lia_hero_naga_siren.txt,,game/scripts/vscripts/heroes/NagaSiren/naga_siren_fury.lua,8,naga_siren_fury:OnSpellStart,self,File-link candidate only; receiver may be another ability. Missing declaration can inherit engine defaults or read another entity.
abilities,naga_siren_eating,heal_percentage,True,"[10, 15, 20]",game/scripts/npc/abilities/npc_lia_hero_naga_siren.txt,54,game/scripts/vscripts/heroes/NagaSiren/Eating.lua,5,Heal,ability,File-link candidate only; receiver may be another ability. Missing declaration can inherit engine defaults or read another entity.
abilities,naga_siren_art_of_battle,evasion,True,"[5, 10, 15]",game/scripts/npc/abilities/npc_lia_hero_naga_siren.txt,89,game/scripts/vscripts/heroes/NagaSiren/modifier_naga_siren_art_of_battle.lua,18,modifier_naga_siren_art_of_battle:OnCreated,self:GetAbility(),File-link candidate only; receiver may be another ability. Missing declaration can inherit engine defaults or read another entity.
abilities,naga_siren_art_of_battle,crit_chance,True,"[15, 30, 45]",game/scripts/npc/abilities/npc_lia_hero_naga_siren.txt,90,game/scripts/vscripts/heroes/NagaSiren/modifier_naga_siren_art_of_battle.lua,19,modifier_naga_siren_art_of_battle:OnCreated,self:GetAbility(),File-link candidate only; receiver may be another ability. Missing declaration can inherit engine defaults or read another entity.
abilities,naga_siren_art_of_battle,crit_multiplier,True,150,game/scripts/npc/abilities/npc_lia_hero_naga_siren.txt,91,game/scripts/vscripts/heroes/NagaSiren/modifier_naga_siren_art_of_battle.lua,20,modifier_naga_siren_art_of_battle:OnCreated,self:GetAbility(),File-link candidate only; receiver may be another ability. Missing declaration can inherit engine defaults or read another entity.
abilities,naga_siren_art_of_battle,evasion,True,"[5, 10, 15]",game/scripts/npc/abilities/npc_lia_hero_naga_siren.txt,89,game/scripts/vscripts/heroes/NagaSiren/modifier_naga_siren_art_of_battle.lua,31,modifier_naga_siren_art_of_battle:OnRefresh,self:GetAbility(),File-link candidate only; receiver may be another ability. Missing declaration can inherit engine defaults or read another entity.
abilities,naga_siren_art_of_battle,crit_chance,True,"[15, 30, 45]",game/scripts/npc/abilities/npc_lia_hero_naga_siren.txt,90,game/scripts/vscripts/heroes/NagaSiren/modifier_naga_siren_art_of_battle.lua,32,modifier_naga_siren_art_of_battle:OnRefresh,self:GetAbility(),File-link candidate only; receiver may be another ability. Missing declaration can inherit engine defaults or read another entity.
abilities,naga_siren_art_of_battle,crit_multiplier,True,150,game/scripts/npc/abilities/npc_lia_hero_naga_siren.txt,91,game/scripts/vscripts/heroes/NagaSiren/modifier_naga_siren_art_of_battle.lua,33,modifier_naga_siren_art_of_battle:OnRefresh,self:GetAbility(),File-link candidate only; receiver may be another ability. Missing declaration can inherit engine defaults or read another entity.
abilities,necromancer_stabbing_death,damage_scepter,True,"[300, 400, 500]",game/scripts/npc/abilities/npc_lia_hero_necromancer.txt,34,game/scripts/vscripts/heroes/Necromancer/modifier_necromancer_stabbing_death_motion.lua,32,modifier_necromancer_stabbing_death_motion:OnCreated,self:GetAbility(),File-link candidate only; receiver may be another ability. Missing declaration can inherit engine defaults or read another entity.
abilities,necromancer_stabbing_death,damage,True,"[100, 200, 300]",game/scripts/npc/abilities/npc_lia_hero_necromancer.txt,33,game/scripts/vscripts/heroes/Necromancer/modifier_necromancer_stabbing_death_motion.lua,34,modifier_necromancer_stabbing_death_motion:OnCreated,self:GetAbility(),File-link candidate only; receiver may be another ability. Missing declaration can inherit engine defaults or read another entity.
abilities,necromancer_stabbing_death,flight_duration,True,0.5,game/scripts/npc/abilities/npc_lia_hero_necromancer.txt,43,game/scripts/vscripts/heroes/Necromancer/modifier_necromancer_stabbing_death_motion.lua,51,modifier_necromancer_stabbing_death_motion:OnCreated,self:GetAbility(),File-link candidate only; receiver may be another ability. Missing declaration can inherit engine defaults or read another entity.
abilities,necromancer_stabbing_death,manacost_scepter,True,"[200, 300, 400]",game/scripts/npc/abilities/npc_lia_hero_necromancer.txt,44,game/scripts/vscripts/heroes/Necromancer/necromancer_stabbing_death.lua,6,necromancer_stabbing_death:GetManaCost,self,File-link candidate only; receiver may be another ability. Missing declaration can inherit engine defaults or read another entity.
abilities,necromancer_stabbing_death,length,True,550,game/scripts/npc/abilities/npc_lia_hero_necromancer.txt,41,game/scripts/vscripts/heroes/Necromancer/necromancer_stabbing_death.lua,24,necromancer_stabbing_death:OnSpellStart,self,File-link candidate only; receiver may be another ability. Missing declaration can inherit engine defaults or read another entity.
abilities,necromancer_stabbing_death,speed,True,1833,game/scripts/npc/abilities/npc_lia_hero_necromancer.txt,42,game/scripts/vscripts/heroes/Necromancer/necromancer_stabbing_death.lua,25,necromancer_stabbing_death:OnSpellStart,self,File-link candidate only; receiver may be another ability. Missing declaration can inherit engine defaults or read another entity.
abilities,necromancer_stabbing_death,width,True,125,game/scripts/npc/abilities/npc_lia_hero_necromancer.txt,40,game/scripts/vscripts/heroes/Necromancer/necromancer_stabbing_death.lua,26,necromancer_stabbing_death:OnSpellStart,self,File-link candidate only; receiver may be another ability. Missing declaration can inherit engine defaults or read another entity.
abilities,necromancer_stabbing_death,stun_duration,True,"[2, 3, 4]",game/scripts/npc/abilities/npc_lia_hero_necromancer.txt,39,game/scripts/vscripts/heroes/Necromancer/necromancer_stabbing_death.lua,27,necromancer_stabbing_death:OnSpellStart,self,File-link candidate only; receiver may be another ability. Missing declaration can inherit engine defaults or read another entity.
abilities,necromancer_walking_corpses,manacost_scepter,True,"[150, 300, 450]",game/scripts/npc/abilities/npc_lia_hero_necromancer.txt,93,game/scripts/vscripts/heroes/Necromancer/necromancer_walking_corpses.lua,5,necromancer_walking_corpses:GetManaCost,self,File-link candidate only; receiver may be another ability. Missing declaration can inherit engine defaults or read another entity.
abilities,necromancer_walking_corpses,duration,True,60,game/scripts/npc/abilities/npc_lia_hero_necromancer.txt,92,game/scripts/vscripts/heroes/Necromancer/necromancer_walking_corpses.lua,13,necromancer_walking_corpses:OnSpellStart,self,File-link candidate only; receiver may be another ability. Missing declaration can inherit engine defaults or read another entity.
abilities,necromancer_walking_corpses,skeleton_count,True,"[2, 3, 4]",game/scripts/npc/abilities/npc_lia_hero_necromancer.txt,91,game/scripts/vscripts/heroes/Necromancer/necromancer_walking_corpses.lua,14,necromancer_walking_corpses:OnSpellStart,self,File-link candidate only; receiver may be another ability. Missing declaration can inherit engine defaults or read another entity.
abilities,necromancer_reincarnation,reincarnate_time,True,3,game/scripts/npc/abilities/npc_lia_hero_necromancer.txt,125,game/scripts/vscripts/heroes/Necromancer/modifier_necromancer_reincarnation.lua,24,modifier_necromancer_reincarnation:OnCreated,self:GetAbility(),File-link candidate only; receiver may be another ability. Missing declaration can inherit engine defaults or read another entity.
abilities,necromancer_skel_return,damage_return,True,50,game/scripts/npc/abilities/npc_lia_hero_necromancer.txt,149,game/scripts/vscripts/heroes/Necromancer/modifier_necromancer_skel_return.lua,42,modifier_necromancer_skel_return:OnTakeDamage,self:GetAbility(),File-link candidate only; receiver may be another ability. Missing declaration can inherit engine defaults or read another entity.
abilities,necromancer_galvanization,duration,True,"[25, 30, 35]",game/scripts/npc/abilities/npc_lia_hero_necromancer.txt,187,game/scripts/vscripts/heroes/Necromancer/galvanization.lua,18,AnimateDead,ability,File-link candidate only; receiver may be another ability. Missing declaration can inherit engine defaults or read another entity.
abilities,necromancer_galvanization,radius,True,1000,game/scripts/npc/abilities/npc_lia_hero_necromancer.txt,188,game/scripts/vscripts/heroes/Necromancer/galvanization.lua,19,AnimateDead,ability,File-link candidate only; receiver may be another ability. Missing declaration can inherit engine defaults or read another entity.
abilities,necromancer_galvanization,max_units_resurrected,True,"[7, 10, 13]",game/scripts/npc/abilities/npc_lia_hero_necromancer.txt,189,game/scripts/vscripts/heroes/Necromancer/galvanization.lua,20,AnimateDead,ability,File-link candidate only; receiver may be another ability. Missing declaration can inherit engine defaults or read another entity.
abilities,paladin_blizzard,wave_interval,True,1.0,game/scripts/npc/abilities/npc_lia_hero_paladin.txt,44,game/scripts/vscripts/heroes/Paladin/modifier_paladin_blizzard_thinker.lua,4,modifier_paladin_blizzard_thinker:OnCreated,self:GetAbility(),File-link candidate only; receiver may be another ability. Missing declaration can inherit engine defaults or read another entity.
abilities,paladin_blizzard,,False,,game/scripts/npc/abilities/npc_lia_hero_paladin.txt,,game/scripts/vscripts/heroes/Paladin/modifier_paladin_blizzard_thinker.lua,12,modifier_paladin_blizzard_thinker:OnIntervalThink,ability,File-link candidate only; receiver may be another ability. Missing declaration can inherit engine defaults or read another entity.
abilities,paladin_blizzard,stun,True,0.25,game/scripts/npc/abilities/npc_lia_hero_paladin.txt,43,game/scripts/vscripts/heroes/Paladin/modifier_paladin_blizzard_thinker.lua,13,modifier_paladin_blizzard_thinker:OnIntervalThink,ability,File-link candidate only; receiver may be another ability. Missing declaration can inherit engine defaults or read another entity.
abilities,paladin_blizzard,radius,True,"[175, 200, 225]",game/scripts/npc/abilities/npc_lia_hero_paladin.txt,46,game/scripts/vscripts/heroes/Paladin/modifier_paladin_blizzard_thinker.lua,14,modifier_paladin_blizzard_thinker:OnIntervalThink,ability,File-link candidate only; receiver may be another ability. Missing declaration can inherit engine defaults or read another entity.
abilities,paladin_blizzard,radius,True,"[175, 200, 225]",game/scripts/npc/abilities/npc_lia_hero_paladin.txt,46,game/scripts/vscripts/heroes/Paladin/paladin_blizzard.lua,5,paladin_blizzard:GetAOERadius,self,File-link candidate only; receiver may be another ability. Missing declaration can inherit engine defaults or read another entity.
abilities,paladin_blizzard,manacost_scepter,True,"[200, 275, 300]",game/scripts/npc/abilities/npc_lia_hero_paladin.txt,47,game/scripts/vscripts/heroes/Paladin/paladin_blizzard.lua,11,paladin_blizzard:GetManaCost,self,File-link candidate only; receiver may be another ability. Missing declaration can inherit engine defaults or read another entity.
abilities,paladin_blizzard,,False,,game/scripts/npc/abilities/npc_lia_hero_paladin.txt,,game/scripts/vscripts/heroes/Paladin/paladin_blizzard.lua,19,paladin_blizzard:OnSpellStart,self,File-link candidate only; receiver may be another ability. Missing declaration can inherit engine defaults or read another entity.
abilities,paladin_blizzard,wave_interval,True,1.0,game/scripts/npc/abilities/npc_lia_hero_paladin.txt,44,game/scripts/vscripts/heroes/Paladin/paladin_blizzard.lua,20,paladin_blizzard:OnSpellStart,self,File-link candidate only; receiver may be another ability. Missing declaration can inherit engine defaults or read another entity.
abilities,paladin_grace,manacost_scepter,True,"[160, 180, 200]",game/scripts/npc/abilities/npc_lia_hero_paladin.txt,103,game/scripts/vscripts/heroes/Paladin/paladin_grace.lua,6,paladin_grace:GetManaCost,self,File-link candidate only; receiver may be another ability. Missing declaration can inherit engine defaults or read another entity.
abilities,paladin_grace,radius,True,400,game/scripts/npc/abilities/npc_lia_hero_paladin.txt,102,game/scripts/vscripts/heroes/Paladin/paladin_grace.lua,13,paladin_grace:GetAOERadius,self,File-link candidate only; receiver may be another ability. Missing declaration can inherit engine defaults or read another entity.
abilities,paladin_grace,primary_target_heal_scepter,True,"[800, 1000, 1200]",game/scripts/npc/abilities/npc_lia_hero_paladin.txt,96,game/scripts/vscripts/heroes/Paladin/paladin_grace.lua,22,paladin_grace:OnSpellStart,self,File-link candidate only; receiver may be another ability. Missing declaration can inherit engine defaults or read another entity.
abilities,paladin_grace,primary_target_heal,True,"[200, 500, 800]",game/scripts/npc/abilities/npc_lia_hero_paladin.txt,95,game/scripts/vscripts/heroes/Paladin/paladin_grace.lua,24,paladin_grace:OnSpellStart,self,File-link candidate only; receiver may be another ability. Missing declaration can inherit engine defaults or read another entity.
abilities,paladin_grace,radius,True,400,game/scripts/npc/abilities/npc_lia_hero_paladin.txt,102,game/scripts/vscripts/heroes/Paladin/paladin_grace.lua,27,paladin_grace:OnSpellStart,self,File-link candidate only; receiver may be another ability. Missing declaration can inherit engine defaults or read another entity.
abilities,paladin_grace,nearby_allies_heal,True,"[150, 300, 450]",game/scripts/npc/abilities/npc_lia_hero_paladin.txt,101,game/scripts/vscripts/heroes/Paladin/paladin_grace.lua,28,paladin_grace:OnSpellStart,self,File-link candidate only; receiver may be another ability. Missing declaration can inherit engine defaults or read another entity.
abilities,paladin_elect,aura_radius,True,800,game/scripts/npc/abilities/npc_lia_hero_paladin.txt,130,game/scripts/vscripts/heroes/Paladin/modifier_paladin_elect_aura.lua,50,modifier_paladin_elect_aura:OnCreated,self:GetAbility(),File-link candidate only; receiver may be another ability. Missing declaration can inherit engine defaults or read another entity.
abilities,paladin_elect,aura_radius,True,800,game/scripts/npc/abilities/npc_lia_hero_paladin.txt,130,game/scripts/vscripts/heroes/Paladin/modifier_paladin_elect_aura.lua,56,modifier_paladin_elect_aura:OnRefresh,self:GetAbility(),File-link candidate only; receiver may be another ability. Missing declaration can inherit engine defaults or read another entity.
abilities,paladin_elect,constant_regen,True,"[10, 0, 0]",game/scripts/npc/abilities/npc_lia_hero_paladin.txt,128,game/scripts/vscripts/heroes/Paladin/modifier_paladin_elect_effect.lua,13,modifier_paladin_elect_effect:OnCreated,self:GetAbility(),File-link candidate only; receiver may be another ability. Missing declaration can inherit engine defaults or read another entity.
abilities,paladin_elect,regen_percentage,True,"[0, 1, 2]",game/scripts/npc/abilities/npc_lia_hero_paladin.txt,129,game/scripts/vscripts/heroes/Paladin/modifier_paladin_elect_effect.lua,14,modifier_paladin_elect_effect:OnCreated,self:GetAbility(),File-link candidate only; receiver may be another ability. Missing declaration can inherit engine defaults or read another entity.
abilities,paladin_elect,constant_regen,True,"[10, 0, 0]",game/scripts/npc/abilities/npc_lia_hero_paladin.txt,128,game/scripts/vscripts/heroes/Paladin/modifier_paladin_elect_effect.lua,18,modifier_paladin_elect_effect:OnRefresh,self:GetAbility(),File-link candidate only; receiver may be another ability. Missing declaration can inherit engine defaults or read another entity.
abilities,paladin_elect,regen_percentage,True,"[0, 1, 2]",game/scripts/npc/abilities/npc_lia_hero_paladin.txt,129,game/scripts/vscripts/heroes/Paladin/modifier_paladin_elect_effect.lua,19,modifier_paladin_elect_effect:OnRefresh,self:GetAbility(),File-link candidate only; receiver may be another ability. Missing declaration can inherit engine defaults or read another entity.
abilities,paladin_impregnability,radius,True,2400,game/scripts/npc/abilities/npc_lia_hero_paladin.txt,168,game/scripts/vscripts/heroes/Paladin/impregnability.lua,34,ApplyModifiersV2,ability,File-link candidate only; receiver may be another ability. Missing declaration can inherit engine defaults or read another entity.
abilities,paladin_impregnability,damage_per_sec,True,"[40, 60, 80]",game/scripts/npc/abilities/npc_lia_hero_paladin.txt,169,game/scripts/vscripts/heroes/Paladin/impregnability.lua,35,ApplyModifiersV2,ability,File-link candidate only; receiver may be another ability. Missing declaration can inherit engine defaults or read another entity.
abilities,paladin_impregnability,tick,True,0.5,game/scripts/npc/abilities/npc_lia_hero_paladin.txt,170,game/scripts/vscripts/heroes/Paladin/impregnability.lua,35,ApplyModifiersV2,ability,File-link candidate only; receiver may be another ability. Missing declaration can inherit engine defaults or read another entity.
abilities,pirate_poisoned_weapon,duration,True,4,game/scripts/npc/abilities/npc_lia_hero_pirate.txt,145,game/scripts/vscripts/heroes/Pirate/modifier_pirate_poisoned_weapon.lua,18,modifier_pirate_poisoned_weapon:OnCreated,self:GetAbility(),File-link candidate only; receiver may be another ability. Missing declaration can inherit engine defaults or read another entity.
abilities,pirate_poisoned_weapon,radius,True,130,game/scripts/npc/abilities/npc_lia_hero_pirate.txt,146,game/scripts/vscripts/heroes/Pirate/modifier_pirate_poisoned_weapon.lua,19,modifier_pirate_poisoned_weapon:OnCreated,self:GetAbility(),File-link candidate only; receiver may be another ability. Missing declaration can inherit engine defaults or read another entity.
abilities,pirate_poisoned_weapon,damage_per_second,True,"[10, 25, 40]",game/scripts/npc/abilities/npc_lia_hero_pirate.txt,142,game/scripts/vscripts/heroes/Pirate/modifier_pirate_poisoned_weapon.lua,20,modifier_pirate_poisoned_weapon:OnCreated,self:GetAbility(),File-link candidate only; receiver may be another ability. Missing declaration can inherit engine defaults or read another entity.
abilities,pirate_poisoned_weapon,duration,True,4,game/scripts/npc/abilities/npc_lia_hero_pirate.txt,145,game/scripts/vscripts/heroes/Pirate/modifier_pirate_poisoned_weapon.lua,26,modifier_pirate_poisoned_weapon:OnRefresh,self:GetAbility(),File-link candidate only; receiver may be another ability. Missing declaration can inherit engine defaults or read another entity.
abilities,pirate_poisoned_weapon,radius,True,130,game/scripts/npc/abilities/npc_lia_hero_pirate.txt,146,game/scripts/vscripts/heroes/Pirate/modifier_pirate_poisoned_weapon.lua,27,modifier_pirate_poisoned_weapon:OnRefresh,self:GetAbility(),File-link candidate only; receiver may be another ability. Missing declaration can inherit engine defaults or read another entity.
abilities,pirate_poisoned_weapon,damage_per_second,True,"[10, 25, 40]",game/scripts/npc/abilities/npc_lia_hero_pirate.txt,142,game/scripts/vscripts/heroes/Pirate/modifier_pirate_poisoned_weapon.lua,28,modifier_pirate_poisoned_weapon:OnRefresh,self:GetAbility(),File-link candidate only; receiver may be another ability. Missing declaration can inherit engine defaults or read another entity.
abilities,pirate_poisoned_weapon,movement_slow_percent,True,"[-10, -20, -30]",game/scripts/npc/abilities/npc_lia_hero_pirate.txt,143,game/scripts/vscripts/heroes/Pirate/modifier_pirate_poisoned_weapon_debuff.lua,18,modifier_pirate_poisoned_weapon_debuff:OnCreated,self:GetAbility(),File-link candidate only; receiver may be another ability. Missing declaration can inherit engine defaults or read another entity.
abilities,pirate_poisoned_weapon,attack_slow,True,"[-10, -20, -30]",game/scripts/npc/abilities/npc_lia_hero_pirate.txt,144,game/scripts/vscripts/heroes/Pirate/modifier_pirate_poisoned_weapon_debuff.lua,19,modifier_pirate_poisoned_weapon_debuff:OnCreated,self:GetAbility(),File-link candidate only; receiver may be another ability. Missing declaration can inherit engine defaults or read another entity.
abilities,pirate_poisoned_weapon,damage_per_second,True,"[10, 25, 40]",game/scripts/npc/abilities/npc_lia_hero_pirate.txt,142,game/scripts/vscripts/heroes/Pirate/modifier_pirate_poisoned_weapon_debuff.lua,20,modifier_pirate_poisoned_weapon_debuff:OnCreated,self:GetAbility(),File-link candidate only; receiver may be another ability. Missing declaration can inherit engine defaults or read another entity.
abilities,pirate_poisoned_weapon,movement_slow_percent,True,"[-10, -20, -30]",game/scripts/npc/abilities/npc_lia_hero_pirate.txt,143,game/scripts/vscripts/heroes/Pirate/modifier_pirate_poisoned_weapon_debuff.lua,30,modifier_pirate_poisoned_weapon_debuff:OnRefresh,self:GetAbility(),File-link candidate only; receiver may be another ability. Missing declaration can inherit engine defaults or read another entity.
abilities,pirate_poisoned_weapon,attack_slow,True,"[-10, -20, -30]",game/scripts/npc/abilities/npc_lia_hero_pirate.txt,144,game/scripts/vscripts/heroes/Pirate/modifier_pirate_poisoned_weapon_debuff.lua,31,modifier_pirate_poisoned_weapon_debuff:OnRefresh,self:GetAbility(),File-link candidate only; receiver may be another ability. Missing declaration can inherit engine defaults or read another entity.
abilities,pirate_poisoned_weapon,damage_per_second,True,"[10, 25, 40]",game/scripts/npc/abilities/npc_lia_hero_pirate.txt,142,game/scripts/vscripts/heroes/Pirate/modifier_pirate_poisoned_weapon_debuff.lua,32,modifier_pirate_poisoned_weapon_debuff:OnRefresh,self:GetAbility(),File-link candidate only; receiver may be another ability. Missing declaration can inherit engine defaults or read another entity.
abilities,pirate_evasion,evasion,True,"[15, 20, 25]",game/scripts/npc/abilities/npc_lia_hero_pirate.txt,164,game/scripts/vscripts/heroes/Pirate/modifier_pirate_evasion.lua,18,modifier_pirate_evasion:OnCreated,self:GetAbility(),File-link candidate only; receiver may be another ability. Missing declaration can inherit engine defaults or read another entity.
abilities,pirate_evasion,evasion,True,"[15, 20, 25]",game/scripts/npc/abilities/npc_lia_hero_pirate.txt,164,game/scripts/vscripts/heroes/Pirate/modifier_pirate_evasion.lua,24,modifier_pirate_evasion:OnRefresh,self:GetAbility(),File-link candidate only; receiver may be another ability. Missing declaration can inherit engine defaults or read another entity.
abilities,pirate_metamorphosis,duration,True,"[15, 17, 20]",game/scripts/npc/abilities/npc_lia_hero_pirate.txt,202,game/scripts/vscripts/heroes/Pirate/Metamorphosis.lua,46,HideWearables,ability,File-link candidate only; receiver may be another ability. Missing declaration can inherit engine defaults or read another entity.
abilities,ranger_steel_hail,arrow_count,True,6,game/scripts/npc/abilities/npc_lia_hero_ranger.txt,28,game/scripts/vscripts/heroes/Ranger/ranger_steel_hail.lua,9,ranger_steel_hail:OnSpellStart,self,File-link candidate only; receiver may be another ability. Missing declaration can inherit engine defaults or read another entity.
abilities,ranger_steel_hail,interval,True,0.33,game/scripts/npc/abilities/npc_lia_hero_ranger.txt,29,game/scripts/vscripts/heroes/Ranger/ranger_steel_hail.lua,10,ranger_steel_hail:OnSpellStart,self,File-link candidate only; receiver may be another ability. Missing declaration can inherit engine defaults or read another entity.
abilities,ranger_steel_hail,damage_base,True,"[15, 25, 35]",game/scripts/npc/abilities/npc_lia_hero_ranger.txt,30,game/scripts/vscripts/heroes/Ranger/ranger_steel_hail.lua,11,ranger_steel_hail:OnSpellStart,self,File-link candidate only; receiver may be another ability. Missing declaration can inherit engine defaults or read another entity.
abilities,ranger_steel_hail,attack_ratio,True,"[20, 30, 40]",game/scripts/npc/abilities/npc_lia_hero_ranger.txt,31,game/scripts/vscripts/heroes/Ranger/ranger_steel_hail.lua,12,ranger_steel_hail:OnSpellStart,self,File-link candidate only; receiver may be another ability. Missing declaration can inherit engine defaults or read another entity.
abilities,ranger_steel_hail,arrow_speed,True,1200,game/scripts/npc/abilities/npc_lia_hero_ranger.txt,32,game/scripts/vscripts/heroes/Ranger/ranger_steel_hail.lua,13,ranger_steel_hail:OnSpellStart,self,File-link candidate only; receiver may be another ability. Missing declaration can inherit engine defaults or read another entity.
abilities,ranger_steel_hail,arrow_width,True,125,game/scripts/npc/abilities/npc_lia_hero_ranger.txt,33,game/scripts/vscripts/heroes/Ranger/ranger_steel_hail.lua,14,ranger_steel_hail:OnSpellStart,self,File-link candidate only; receiver may be another ability. Missing declaration can inherit engine defaults or read another entity.
abilities,ranger_steel_hail,arrow_range,True,700,game/scripts/npc/abilities/npc_lia_hero_ranger.txt,34,game/scripts/vscripts/heroes/Ranger/ranger_steel_hail.lua,15,ranger_steel_hail:OnSpellStart,self,File-link candidate only; receiver may be another ability. Missing declaration can inherit engine defaults or read another entity.
abilities,ranger_steel_hail,attack_ratio,True,"[20, 30, 40]",game/scripts/npc/abilities/npc_lia_hero_ranger.txt,31,game/scripts/vscripts/heroes/Ranger/ranger_steel_hail.lua,70,ranger_steel_hail:OnProjectileHit,self,File-link candidate only; receiver may be another ability. Missing declaration can inherit engine defaults or read another entity.
abilities,ranger_steel_hail,damage_base,True,"[15, 25, 35]",game/scripts/npc/abilities/npc_lia_hero_ranger.txt,30,game/scripts/vscripts/heroes/Ranger/ranger_steel_hail.lua,71,ranger_steel_hail:OnProjectileHit,self,File-link candidate only; receiver may be another ability. Missing declaration can inherit engine defaults or read another entity.
abilities,ranger_steel_hail,extra_trap_dmg_pct,True,25,game/scripts/npc/abilities/npc_lia_hero_ranger.txt,35,game/scripts/vscripts/heroes/Ranger/ranger_steel_hail.lua,77,ranger_steel_hail:OnProjectileHit,self,File-link candidate only; receiver may be another ability. Missing declaration can inherit engine defaults or read another entity.
abilities,ranger_trap,radius,True,150,game/scripts/npc/abilities/npc_lia_hero_ranger.txt,76,game/scripts/vscripts/heroes/Ranger/ranger_trap.lua,15,ranger_trap:GetAOERadius,self,File-link candidate only; receiver may be another ability. Missing declaration can inherit engine defaults or read another entity.
abilities,ranger_trap,projectile_speed,True,900,game/scripts/npc/abilities/npc_lia_hero_ranger.txt,74,game/scripts/vscripts/heroes/Ranger/ranger_trap.lua,19,ranger_trap:ThrowNet,self,File-link candidate only; receiver may be another ability. Missing declaration can inherit engine defaults or read another entity.
abilities,ranger_trap,radius,True,150,game/scripts/npc/abilities/npc_lia_hero_ranger.txt,76,game/scripts/vscripts/heroes/Ranger/ranger_trap.lua,41,ranger_trap:OnProjectileHit,self,File-link candidate only; receiver may be another ability. Missing declaration can inherit engine defaults or read another entity.
abilities,ranger_trap,damage,True,"[50, 100, 150]",game/scripts/npc/abilities/npc_lia_hero_ranger.txt,72,game/scripts/vscripts/heroes/Ranger/ranger_trap.lua,42,ranger_trap:OnProjectileHit,self,File-link candidate only; receiver may be another ability. Missing declaration can inherit engine defaults or read another entity.
abilities,ranger_trap,duration,True,"[6, 8, 10]",game/scripts/npc/abilities/npc_lia_hero_ranger.txt,73,game/scripts/vscripts/heroes/Ranger/ranger_trap.lua,72,ranger_trap:ApplyTrap,self,File-link candidate only; receiver may be another ability. Missing declaration can inherit engine defaults or read another entity.
abilities,ranger_trap,damage_to_release,True,"[150, 300, 450]",game/scripts/npc/abilities/npc_lia_hero_ranger.txt,75,game/scripts/vscripts/heroes/Ranger/ranger_trap.lua,99,modifier_ranger_trap_debuff:OnCreated,self:GetAbility(),File-link candidate only; receiver may be another ability. Missing declaration can inherit engine defaults or read another entity.
abilities,ranger_trap,damage_to_release,True,"[150, 300, 450]",game/scripts/npc/abilities/npc_lia_hero_ranger.txt,75,game/scripts/vscripts/heroes/Ranger/ranger_trap.lua,124,modifier_ranger_trap_debuff:OnRefresh,self:GetAbility(),File-link candidate only; receiver may be another ability. Missing declaration can inherit engine defaults or read another entity.
abilities,ranger_aimed_shot,aura_radius,True,700,game/scripts/npc/abilities/npc_lia_hero_ranger.txt,98,game/scripts/vscripts/heroes/Ranger/ranger_aimed_shot.lua,41,modifier_ranger_aimed_shot_aura:OnCreated,self:GetAbility(),File-link candidate only; receiver may be another ability. Missing declaration can inherit engine defaults or read another entity.
abilities,ranger_aimed_shot,aura_radius,True,700,game/scripts/npc/abilities/npc_lia_hero_ranger.txt,98,game/scripts/vscripts/heroes/Ranger/ranger_aimed_shot.lua,45,modifier_ranger_aimed_shot_aura:OnRefresh,self:GetAbility(),File-link candidate only; receiver may be another ability. Missing declaration can inherit engine defaults or read another entity.
abilities,ranger_aimed_shot,bonus_damage_pct,True,"[25, 35, 45]",game/scripts/npc/abilities/npc_lia_hero_ranger.txt,97,game/scripts/vscripts/heroes/Ranger/ranger_aimed_shot.lua,56,modifier_ranger_aimed_shot_effect:OnCreated,self:GetAbility(),File-link candidate only; receiver may be another ability. Missing declaration can inherit engine defaults or read another entity.
abilities,ranger_aimed_shot,bonus_damage_pct,True,"[25, 35, 45]",game/scripts/npc/abilities/npc_lia_hero_ranger.txt,97,game/scripts/vscripts/heroes/Ranger/ranger_aimed_shot.lua,60,modifier_ranger_aimed_shot_effect:OnRefresh,self:GetAbility(),File-link candidate only; receiver may be another ability. Missing declaration can inherit engine defaults or read another entity.
abilities,ranger_volley_of_arrows,arrow_count,True,5,game/scripts/npc/abilities/npc_lia_hero_ranger.txt,133,game/scripts/vscripts/heroes/Ranger/ranger_volley_of_arrows.lua,9,ranger_volley_of_arrows:OnSpellStart,self,File-link candidate only; receiver may be another ability. Missing declaration can inherit engine defaults or read another entity.
abilities,ranger_volley_of_arrows,cone_angle,True,64,game/scripts/npc/abilities/npc_lia_hero_ranger.txt,134,game/scripts/vscripts/heroes/Ranger/ranger_volley_of_arrows.lua,10,ranger_volley_of_arrows:OnSpellStart,self,File-link candidate only; receiver may be another ability. Missing declaration can inherit engine defaults or read another entity.
abilities,ranger_volley_of_arrows,damage,True,"[150, 250, 350]",game/scripts/npc/abilities/npc_lia_hero_ranger.txt,135,game/scripts/vscripts/heroes/Ranger/ranger_volley_of_arrows.lua,11,ranger_volley_of_arrows:OnSpellStart,self,File-link candidate only; receiver may be another ability. Missing declaration can inherit engine defaults or read another entity.
abilities,ranger_volley_of_arrows,arrow_speed,True,1200,game/scripts/npc/abilities/npc_lia_hero_ranger.txt,136,game/scripts/vscripts/heroes/Ranger/ranger_volley_of_arrows.lua,12,ranger_volley_of_arrows:OnSpellStart,self,File-link candidate only; receiver may be another ability. Missing declaration can inherit engine defaults or read another entity.
abilities,ranger_volley_of_arrows,arrow_width,True,120,game/scripts/npc/abilities/npc_lia_hero_ranger.txt,137,game/scripts/vscripts/heroes/Ranger/ranger_volley_of_arrows.lua,13,ranger_volley_of_arrows:OnSpellStart,self,File-link candidate only; receiver may be another ability. Missing declaration can inherit engine defaults or read another entity.
abilities,ranger_volley_of_arrows,arrow_range,True,700,game/scripts/npc/abilities/npc_lia_hero_ranger.txt,138,game/scripts/vscripts/heroes/Ranger/ranger_volley_of_arrows.lua,14,ranger_volley_of_arrows:OnSpellStart,self,File-link candidate only; receiver may be another ability. Missing declaration can inherit engine defaults or read another entity.
abilities,serpent_queen_ball_lightning,radius,True,800,game/scripts/npc/abilities/npc_lia_hero_serpent_queen.txt,35,game/scripts/vscripts/heroes/SerpentQueen/BallLightning.lua,10,LocustSwarmStart,ability,File-link candidate only; receiver may be another ability. Missing declaration can inherit engine defaults or read another entity.
abilities,serpent_queen_ball_lightning,duration,True,20,game/scripts/npc/abilities/npc_lia_hero_serpent_queen.txt,37,game/scripts/vscripts/heroes/SerpentQueen/BallLightning.lua,11,LocustSwarmStart,ability,File-link candidate only; receiver may be another ability. Missing declaration can inherit engine defaults or read another entity.
abilities,serpent_queen_ball_lightning,locusts,True,"[9, 12, 15]",game/scripts/npc/abilities/npc_lia_hero_serpent_queen.txt,36,game/scripts/vscripts/heroes/SerpentQueen/BallLightning.lua,12,LocustSwarmStart,ability,File-link candidate only; receiver may be another ability. Missing declaration can inherit engine defaults or read another entity.
abilities,serpent_queen_ball_lightning,delay_between_locusts,True,0.2,game/scripts/npc/abilities/npc_lia_hero_serpent_queen.txt,41,game/scripts/vscripts/heroes/SerpentQueen/BallLightning.lua,13,LocustSwarmStart,ability,File-link candidate only; receiver may be another ability. Missing declaration can inherit engine defaults or read another entity.
abilities,serpent_queen_ball_lightning,radius,True,800,game/scripts/npc/abilities/npc_lia_hero_serpent_queen.txt,35,game/scripts/vscripts/heroes/SerpentQueen/BallLightning.lua,46,LocustSwarmPhysics,ability,File-link candidate only; receiver may be another ability. Missing declaration can inherit engine defaults or read another entity.
abilities,serpent_queen_ball_lightning,duration,True,20,game/scripts/npc/abilities/npc_lia_hero_serpent_queen.txt,37,game/scripts/vscripts/heroes/SerpentQueen/BallLightning.lua,47,LocustSwarmPhysics,ability,File-link candidate only; receiver may be another ability. Missing declaration can inherit engine defaults or read another entity.
abilities,serpent_queen_ball_lightning,locusts_speed,True,400,game/scripts/npc/abilities/npc_lia_hero_serpent_queen.txt,38,game/scripts/vscripts/heroes/SerpentQueen/BallLightning.lua,48,LocustSwarmPhysics,ability,File-link candidate only; receiver may be another ability. Missing declaration can inherit engine defaults or read another entity.
abilities,serpent_queen_ball_lightning,locust_damage,True,"[20, 40, 60]",game/scripts/npc/abilities/npc_lia_hero_serpent_queen.txt,42,game/scripts/vscripts/heroes/SerpentQueen/BallLightning.lua,49,LocustSwarmPhysics,ability,File-link candidate only; receiver may be another ability. Missing declaration can inherit engine defaults or read another entity.
abilities,serpent_queen_ball_lightning,max_locusts_on_target,True,7,game/scripts/npc/abilities/npc_lia_hero_serpent_queen.txt,44,game/scripts/vscripts/heroes/SerpentQueen/BallLightning.lua,51,LocustSwarmPhysics,ability,File-link candidate only; receiver may be another ability. Missing declaration can inherit engine defaults or read another entity.
abilities,serpent_queen_ball_lightning,max_distance,True,2000,game/scripts/npc/abilities/npc_lia_hero_serpent_queen.txt,39,game/scripts/vscripts/heroes/SerpentQueen/BallLightning.lua,52,LocustSwarmPhysics,ability,File-link candidate only; receiver may be another ability. Missing declaration can inherit engine defaults or read another entity.
abilities,serpent_queen_ball_lightning,give_up_distance,True,900,game/scripts/npc/abilities/npc_lia_hero_serpent_queen.txt,40,game/scripts/vscripts/heroes/SerpentQueen/BallLightning.lua,53,LocustSwarmPhysics,ability,File-link candidate only; receiver may be another ability. Missing declaration can inherit engine defaults or read another entity.
abilities,serpent_queen_accuracy,bash_damage,True,"[30, 45, 60]",game/scripts/npc/abilities/npc_lia_hero_serpent_queen.txt,231,game/scripts/vscripts/heroes/SerpentQueen/Accuracy.lua,17,Bash,ability,File-link candidate only; receiver may be another ability. Missing declaration can inherit engine defaults or read another entity.
abilities,serpent_queen_accuracy,bash_stun,True,"[0.15, 0.2, 0.25]",game/scripts/npc/abilities/npc_lia_hero_serpent_queen.txt,230,game/scripts/vscripts/heroes/SerpentQueen/Accuracy.lua,23,Bash,ability,File-link candidate only; receiver may be another ability. Missing declaration can inherit engine defaults or read another entity.
abilities,shadow_master_shadow,shadow_lifetime,True,120,game/scripts/npc/abilities/npc_lia_hero_shadow_master.txt,27,game/scripts/vscripts/heroes/ShadowMaster/Shadow.lua,22,SpawnShadow,ability,File-link candidate only; receiver may be another ability. Missing declaration can inherit engine defaults or read another entity.
abilities,shadow_master_shadow,shadow_attributes_perc,True,"[75, 125, 175]",game/scripts/npc/abilities/npc_lia_hero_shadow_master.txt,28,game/scripts/vscripts/heroes/ShadowMaster/Shadow.lua,23,SpawnShadow,ability,File-link candidate only; receiver may be another ability. Missing declaration can inherit engine defaults or read another entity.
abilities,shadow_master_steal_shadow,duration,True,10,game/scripts/npc/abilities/npc_lia_hero_shadow_master.txt,88,game/scripts/vscripts/heroes/ShadowMaster/StealShadow.lua,6,StealShadow,ability,File-link candidate only; receiver may be another ability. Missing declaration can inherit engine defaults or read another entity.
abilities,shadow_master_art_of_shadows,shadow_lifetime,True,"[8, 10, 12]",game/scripts/npc/abilities/npc_lia_hero_shadow_master.txt,152,game/scripts/vscripts/heroes/ShadowMaster/Shadow.lua,22,SpawnShadow,ability,File-link candidate only; receiver may be another ability. Missing declaration can inherit engine defaults or read another entity.
abilities,shadow_master_art_of_shadows,shadow_attributes_perc,True,"[75, 100, 125]",game/scripts/npc/abilities/npc_lia_hero_shadow_master.txt,153,game/scripts/vscripts/heroes/ShadowMaster/Shadow.lua,23,SpawnShadow,ability,File-link candidate only; receiver may be another ability. Missing declaration can inherit engine defaults or read another entity.
abilities,shadow_master_art_of_shadows,max_shadows,True,"[4, 5, 6]",game/scripts/npc/abilities/npc_lia_hero_shadow_master.txt,151,game/scripts/vscripts/heroes/ShadowMaster/shadow_master_art_of_shadows.lua,31,shadow_master_art_of_shadows:AddShadow,self,File-link candidate only; receiver may be another ability. Missing declaration can inherit engine defaults or read another entity.
abilities,shadow_master_art_of_shadows,max_shadows,True,"[4, 5, 6]",game/scripts/npc/abilities/npc_lia_hero_shadow_master.txt,151,game/scripts/vscripts/heroes/ShadowMaster/shadow_master_art_of_shadows.lua,72,modifier_shadow_master_art_of_shadows:OnCreated,self.ability,File-link candidate only; receiver may be another ability. Missing declaration can inherit engine defaults or read another entity.
abilities,shadow_master_art_of_shadows,shadow_lifetime,True,"[8, 10, 12]",game/scripts/npc/abilities/npc_lia_hero_shadow_master.txt,152,game/scripts/vscripts/heroes/ShadowMaster/shadow_master_art_of_shadows.lua,73,modifier_shadow_master_art_of_shadows:OnCreated,self.ability,File-link candidate only; receiver may be another ability. Missing declaration can inherit engine defaults or read another entity.
abilities,shadow_master_art_of_shadows,shadow_attributes_perc,True,"[75, 100, 125]",game/scripts/npc/abilities/npc_lia_hero_shadow_master.txt,153,game/scripts/vscripts/heroes/ShadowMaster/shadow_master_art_of_shadows.lua,74,modifier_shadow_master_art_of_shadows:OnCreated,self.ability,File-link candidate only; receiver may be another ability. Missing declaration can inherit engine defaults or read another entity.
abilities,shadow_master_art_of_shadows,spawn_chance,True,17,game/scripts/npc/abilities/npc_lia_hero_shadow_master.txt,154,game/scripts/vscripts/heroes/ShadowMaster/shadow_master_art_of_shadows.lua,75,modifier_shadow_master_art_of_shadows:OnCreated,self.ability,File-link candidate only; receiver may be another ability. Missing declaration can inherit engine defaults or read another entity.
abilities,shadow_master_art_of_shadows,max_shadows,True,"[4, 5, 6]",game/scripts/npc/abilities/npc_lia_hero_shadow_master.txt,151,game/scripts/vscripts/heroes/ShadowMaster/shadow_master_art_of_shadows.lua,91,modifier_shadow_master_art_of_shadows:OnRefresh,self.ability,File-link candidate only; receiver may be another ability. Missing declaration can inherit engine defaults or read another entity.
abilities,shadow_master_art_of_shadows,shadow_lifetime,True,"[8, 10, 12]",game/scripts/npc/abilities/npc_lia_hero_shadow_master.txt,152,game/scripts/vscripts/heroes/ShadowMaster/shadow_master_art_of_shadows.lua,92,modifier_shadow_master_art_of_shadows:OnRefresh,self.ability,File-link candidate only; receiver may be another ability. Missing declaration can inherit engine defaults or read another entity.
abilities,shadow_master_art_of_shadows,shadow_attributes_perc,True,"[75, 100, 125]",game/scripts/npc/abilities/npc_lia_hero_shadow_master.txt,153,game/scripts/vscripts/heroes/ShadowMaster/shadow_master_art_of_shadows.lua,93,modifier_shadow_master_art_of_shadows:OnRefresh,self.ability,File-link candidate only; receiver may be another ability. Missing declaration can inherit engine defaults or read another entity.
abilities,shadow_master_agility_of_shadows,duration,True,"[5, 7, 9]",game/scripts/npc/abilities/npc_lia_hero_shadow_master.txt,176,game/scripts/vscripts/heroes/ShadowMaster/AgilityOfShadows.lua,9,ApplyBuffs,ability,File-link candidate only; receiver may be another ability. Missing declaration can inherit engine defaults or read another entity.
abilities,shaman_resourcefulness,ms_percentage,True,"[5, 10, 15]",game/scripts/npc/abilities/npc_lia_hero_shaman.txt,269,game/scripts/vscripts/heroes/Shaman/modifier_shaman_resourcefulness.lua,51,modifier_shaman_resourcefulness:GetModifierMoveSpeedBonus_Percentage,self:GetAbility(),File-link candidate only; receiver may be another ability. Missing declaration can inherit engine defaults or read another entity.
abilities,shaman_resourcefulness,kills_for_bonus_agility,True,"[6, 5, 4]",game/scripts/npc/abilities/npc_lia_hero_shaman.txt,270,game/scripts/vscripts/heroes/Shaman/modifier_shaman_resourcefulness.lua,63,modifier_shaman_resourcefulness:OnDeath,ability,File-link candidate only; receiver may be another ability. Missing declaration can inherit engine defaults or read another entity.
abilities,shaman_ancient_forces,bonus_damage_percentage,True,"[50, 75, 100]",game/scripts/npc/abilities/npc_lia_hero_shaman.txt,290,game/scripts/vscripts/heroes/Shaman/modifier_shaman_ancient_forces.lua,18,modifier_shaman_ancient_forces:OnCreated,self:GetAbility(),File-link candidate only; receiver may be another ability. Missing declaration can inherit engine defaults or read another entity.
abilities,shaman_ancient_forces,bonus_damage_percentage,True,"[50, 75, 100]",game/scripts/npc/abilities/npc_lia_hero_shaman.txt,290,game/scripts/vscripts/heroes/Shaman/modifier_shaman_ancient_forces.lua,24,modifier_shaman_ancient_forces:OnRefresh,self:GetAbility(),File-link candidate only; receiver may be another ability. Missing declaration can inherit engine defaults or read another entity.
abilities,skeleton_mage_light_magic,manacost_scepter,True,"[80, 160, 240]",game/scripts/npc/abilities/npc_lia_hero_skeleton_mage.txt,163,game/scripts/vscripts/heroes/SkeletonMage/skeleton_mage_light_magic.lua,5,skeleton_mage_light_magic:GetManaCost,self,File-link candidate only; receiver may be another ability. Missing declaration can inherit engine defaults or read another entity.
abilities,skeleton_mage_light_magic,radius,True,500,game/scripts/npc/abilities/npc_lia_hero_skeleton_mage.txt,162,game/scripts/vscripts/heroes/SkeletonMage/skeleton_mage_light_magic.lua,13,skeleton_mage_light_magic:OnSpellStart,self,File-link candidate only; receiver may be another ability. Missing declaration can inherit engine defaults or read another entity.
abilities,skeleton_mage_light_magic,damage_constant_scepter,True,"[150, 300, 0]",game/scripts/npc/abilities/npc_lia_hero_skeleton_mage.txt,139,game/scripts/vscripts/heroes/SkeletonMage/skeleton_mage_light_magic.lua,16,skeleton_mage_light_magic:OnSpellStart,self,File-link candidate only; receiver may be another ability. Missing declaration can inherit engine defaults or read another entity.
abilities,skeleton_mage_light_magic,damage_percentage_scepter,True,"[0, 0, 25]",game/scripts/npc/abilities/npc_lia_hero_skeleton_mage.txt,145,game/scripts/vscripts/heroes/SkeletonMage/skeleton_mage_light_magic.lua,17,skeleton_mage_light_magic:OnSpellStart,self,File-link candidate only; receiver may be another ability. Missing declaration can inherit engine defaults or read another entity.
abilities,skeleton_mage_light_magic,heal_constant_scepter,True,"[300, 500, 0]",game/scripts/npc/abilities/npc_lia_hero_skeleton_mage.txt,151,game/scripts/vscripts/heroes/SkeletonMage/skeleton_mage_light_magic.lua,18,skeleton_mage_light_magic:OnSpellStart,self,File-link candidate only; receiver may be another ability. Missing declaration can inherit engine defaults or read another entity.
abilities,skeleton_mage_light_magic,heal_percentage_scepter,True,"[0, 0, 35]",game/scripts/npc/abilities/npc_lia_hero_skeleton_mage.txt,157,game/scripts/vscripts/heroes/SkeletonMage/skeleton_mage_light_magic.lua,19,skeleton_mage_light_magic:OnSpellStart,self,File-link candidate only; receiver may be another ability. Missing declaration can inherit engine defaults or read another entity.
abilities,skeleton_mage_light_magic,damage_constant,True,"[60, 150, 0]",game/scripts/npc/abilities/npc_lia_hero_skeleton_mage.txt,138,game/scripts/vscripts/heroes/SkeletonMage/skeleton_mage_light_magic.lua,21,skeleton_mage_light_magic:OnSpellStart,self,File-link candidate only; receiver may be another ability. Missing declaration can inherit engine defaults or read another entity.
abilities,skeleton_mage_light_magic,damage_percentage,True,"[0, 0, 20]",game/scripts/npc/abilities/npc_lia_hero_skeleton_mage.txt,144,game/scripts/vscripts/heroes/SkeletonMage/skeleton_mage_light_magic.lua,22,skeleton_mage_light_magic:OnSpellStart,self,File-link candidate only; receiver may be another ability. Missing declaration can inherit engine defaults or read another entity.
abilities,skeleton_mage_light_magic,heal_constant,True,"[100, 300, 0]",game/scripts/npc/abilities/npc_lia_hero_skeleton_mage.txt,150,game/scripts/vscripts/heroes/SkeletonMage/skeleton_mage_light_magic.lua,23,skeleton_mage_light_magic:OnSpellStart,self,File-link candidate only; receiver may be another ability. Missing declaration can inherit engine defaults or read another entity.
abilities,skeleton_mage_light_magic,heal_percentage,True,"[0, 0, 25]",game/scripts/npc/abilities/npc_lia_hero_skeleton_mage.txt,156,game/scripts/vscripts/heroes/SkeletonMage/skeleton_mage_light_magic.lua,24,skeleton_mage_light_magic:OnSpellStart,self,File-link candidate only; receiver may be another ability. Missing declaration can inherit engine defaults or read another entity.
abilities,skeleton_mage_dark_magic,damage_return_scepter,True,"[50, 60, 70]",game/scripts/npc/abilities/npc_lia_hero_skeleton_mage.txt,190,game/scripts/vscripts/heroes/SkeletonMage/modifier_skeleton_mage_dark_magic.lua,30,modifier_skeleton_mage_dark_magic:OnTakeDamage,self:GetAbility(),File-link candidate only; receiver may be another ability. Missing declaration can inherit engine defaults or read another entity.
abilities,skeleton_mage_dark_magic,damage_return,True,"[30, 40, 50]",game/scripts/npc/abilities/npc_lia_hero_skeleton_mage.txt,189,game/scripts/vscripts/heroes/SkeletonMage/modifier_skeleton_mage_dark_magic.lua,32,modifier_skeleton_mage_dark_magic:OnTakeDamage,self:GetAbility(),File-link candidate only; receiver may be another ability. Missing declaration can inherit engine defaults or read another entity.
abilities,skeleton_mage_dark_magic,cooldown,True,1.5,game/scripts/npc/abilities/npc_lia_hero_skeleton_mage.txt,191,game/scripts/vscripts/heroes/SkeletonMage/modifier_skeleton_mage_dark_magic.lua,45,modifier_skeleton_mage_dark_magic:OnTakeDamage,self:GetAbility(),File-link candidate only; receiver may be another ability. Missing declaration can inherit engine defaults or read another entity.
abilities,skeleton_mage_death_energy,damage_percentage,True,"[3, 4, 5]",game/scripts/npc/abilities/npc_lia_hero_skeleton_mage.txt,305,game/scripts/vscripts/heroes/SkeletonMage/DeathEnergy.lua,8,DealDamage,ability,File-link candidate only; receiver may be another ability. Missing declaration can inherit engine defaults or read another entity.
abilities,skeleton_thief_shield_of_death,damage_return,True,"[10, 50, 100]",game/scripts/npc/abilities/npc_lia_hero_skeleton_thief.txt,274,game/scripts/vscripts/heroes/SkeletonThief/modifier_skeleton_thief_shield_of_death.lua,21,modifier_skeleton_thief_shield_of_death:OnAttackLanded,self:GetAbility(),File-link candidate only; receiver may be another ability. Missing declaration can inherit engine defaults or read another entity.
abilities,skeleton_thief_shield_of_death,chance_additional_damage,True,20,game/scripts/npc/abilities/npc_lia_hero_skeleton_thief.txt,275,game/scripts/vscripts/heroes/SkeletonThief/modifier_skeleton_thief_shield_of_death.lua,22,modifier_skeleton_thief_shield_of_death:OnAttackLanded,self:GetAbility(),File-link candidate only; receiver may be another ability. Missing declaration can inherit engine defaults or read another entity.
abilities,skeleton_thief_shield_of_death,additional_damage,True,"[100, 150, 200]",game/scripts/npc/abilities/npc_lia_hero_skeleton_thief.txt,276,game/scripts/vscripts/heroes/SkeletonThief/modifier_skeleton_thief_shield_of_death.lua,23,modifier_skeleton_thief_shield_of_death:OnAttackLanded,self:GetAbility(),File-link candidate only; receiver may be another ability. Missing declaration can inherit engine defaults or read another entity.
abilities,skeleton_thief_concentration,crit_chance,True,"[7, 10, 13]",game/scripts/npc/abilities/npc_lia_hero_skeleton_thief.txt,296,game/scripts/vscripts/heroes/SkeletonThief/Concentration.lua,5,OnUpgrade,ability,File-link candidate only; receiver may be another ability. Missing declaration can inherit engine defaults or read another entity.
abilities,skeleton_thief_concentration,crit_chance,True,"[7, 10, 13]",game/scripts/npc/abilities/npc_lia_hero_skeleton_thief.txt,296,game/scripts/vscripts/heroes/SkeletonThief/Concentration.lua,25,Recalculate,ability,File-link candidate only; receiver may be another ability. Missing declaration can inherit engine defaults or read another entity.
abilities,skeleton_thief_concentration,crit_chance_cap,True,50,game/scripts/npc/abilities/npc_lia_hero_skeleton_thief.txt,297,game/scripts/vscripts/heroes/SkeletonThief/Concentration.lua,26,Recalculate,ability,File-link candidate only; receiver may be another ability. Missing declaration can inherit engine defaults or read another entity.
abilities,skeleton_thief_concentration,crit_chance,True,"[7, 10, 13]",game/scripts/npc/abilities/npc_lia_hero_skeleton_thief.txt,296,game/scripts/vscripts/heroes/SkeletonThief/Concentration.lua,54,OnAttackStart,ability,File-link candidate only; receiver may be another ability. Missing declaration can inherit engine defaults or read another entity.
abilities,skeleton_thief_concentration,crit_chance,True,"[7, 10, 13]",game/scripts/npc/abilities/npc_lia_hero_skeleton_thief.txt,296,game/scripts/vscripts/heroes/SkeletonThief/Concentration.lua,72,OnAttackLanded,ability,File-link candidate only; receiver may be another ability. Missing declaration can inherit engine defaults or read another entity.
abilities,skeleton_thief_obsession,attacks_required,True,4,game/scripts/npc/abilities/npc_lia_hero_skeleton_thief.txt,394,game/scripts/vscripts/heroes/SkeletonThief/modifier_skeleton_thief_obsession.lua,12,modifier_skeleton_thief_obsession:OnCreated,self:GetAbility(),File-link candidate only; receiver may be another ability. Missing declaration can inherit engine defaults or read another entity.
abilities,skeleton_thief_obsession,bonus_damage,True,"[150, 275, 400]",game/scripts/npc/abilities/npc_lia_hero_skeleton_thief.txt,393,game/scripts/vscripts/heroes/SkeletonThief/modifier_skeleton_thief_obsession.lua,13,modifier_skeleton_thief_obsession:OnCreated,self:GetAbility(),File-link candidate only; receiver may be another ability. Missing declaration can inherit engine defaults or read another entity.
abilities,skeleton_thief_obsession,attacks_required,True,4,game/scripts/npc/abilities/npc_lia_hero_skeleton_thief.txt,394,game/scripts/vscripts/heroes/SkeletonThief/modifier_skeleton_thief_obsession.lua,17,modifier_skeleton_thief_obsession:OnRefresh,self:GetAbility(),File-link candidate only; receiver may be another ability. Missing declaration can inherit engine defaults or read another entity.
abilities,skeleton_thief_obsession,bonus_damage,True,"[150, 275, 400]",game/scripts/npc/abilities/npc_lia_hero_skeleton_thief.txt,393,game/scripts/vscripts/heroes/SkeletonThief/modifier_skeleton_thief_obsession.lua,18,modifier_skeleton_thief_obsession:OnRefresh,self:GetAbility(),File-link candidate only; receiver may be another ability. Missing declaration can inherit engine defaults or read another entity.
abilities,speedwarden_speed_burst,radius,True,250,game/scripts/npc/abilities/npc_lia_hero_speedwarden.txt,31,game/scripts/vscripts/heroes/Speedwarden/speedwarden_speed_burst.lua,14,speedwarden_speed_burst:OnSpellStart,self,File-link candidate only; receiver may be another ability. Missing declaration can inherit engine defaults or read another entity.
abilities,speedwarden_speed_burst,base_damage,True,"[50, 150, 250]",game/scripts/npc/abilities/npc_lia_hero_speedwarden.txt,32,game/scripts/vscripts/heroes/Speedwarden/speedwarden_speed_burst.lua,15,speedwarden_speed_burst:OnSpellStart,self,File-link candidate only; receiver may be another ability. Missing declaration can inherit engine defaults or read another entity.
abilities,speedwarden_speed_burst,damage_pct,True,"[30, 45, 60]",game/scripts/npc/abilities/npc_lia_hero_speedwarden.txt,33,game/scripts/vscripts/heroes/Speedwarden/speedwarden_speed_burst.lua,16,speedwarden_speed_burst:OnSpellStart,self,File-link candidate only; receiver may be another ability. Missing declaration can inherit engine defaults or read another entity.
abilities,speedwarden_mad_charge,speed_pct,True,"[10, 20, 30]",game/scripts/npc/abilities/npc_lia_hero_speedwarden.txt,52,game/scripts/vscripts/heroes/Speedwarden/speedwarden_mad_charge.lua,29,modifier_speedwarden_mad_charge:OnCreated,ability,File-link candidate only; receiver may be another ability. Missing declaration can inherit engine defaults or read another entity.
abilities,speedwarden_mad_charge,max_charges,True,5,game/scripts/npc/abilities/npc_lia_hero_speedwarden.txt,53,game/scripts/vscripts/heroes/Speedwarden/speedwarden_mad_charge.lua,30,modifier_speedwarden_mad_charge:OnCreated,ability,File-link candidate only; receiver may be another ability. Missing declaration can inherit engine defaults or read another entity.
abilities,speedwarden_mad_charge,charge_duration,True,20,game/scripts/npc/abilities/npc_lia_hero_speedwarden.txt,54,game/scripts/vscripts/heroes/Speedwarden/speedwarden_mad_charge.lua,31,modifier_speedwarden_mad_charge:OnCreated,ability,File-link candidate only; receiver may be another ability. Missing declaration can inherit engine defaults or read another entity.
abilities,speedwarden_mad_charge,distance_per_charge_swiftness,True,500,game/scripts/npc/abilities/npc_lia_hero_speedwarden.txt,51,game/scripts/vscripts/heroes/Speedwarden/speedwarden_mad_charge.lua,43,modifier_speedwarden_mad_charge:GetRequiredDistance,self:GetAbility(),File-link candidate only; receiver may be another ability. Missing declaration can inherit engine defaults or read another entity.
abilities,speedwarden_mad_charge,distance_per_charge,True,1000,game/scripts/npc/abilities/npc_lia_hero_speedwarden.txt,50,game/scripts/vscripts/heroes/Speedwarden/speedwarden_mad_charge.lua,45,modifier_speedwarden_mad_charge:GetRequiredDistance,self:GetAbility(),File-link candidate only; receiver may be another ability. Missing declaration can inherit engine defaults or read another entity.
abilities,speedwarden_mad_charge,speed_pct,True,"[10, 20, 30]",game/scripts/npc/abilities/npc_lia_hero_speedwarden.txt,52,game/scripts/vscripts/heroes/Speedwarden/speedwarden_mad_charge.lua,87,modifier_speedwarden_mad_charge_buff:OnCreated,self:GetAbility(),File-link candidate only; receiver may be another ability. Missing declaration can inherit engine defaults or read another entity.
abilities,speedwarden_mad_charge,speed_pct,True,"[10, 20, 30]",game/scripts/npc/abilities/npc_lia_hero_speedwarden.txt,52,game/scripts/vscripts/heroes/Speedwarden/speedwarden_mad_charge.lua,92,modifier_speedwarden_mad_charge_buff:OnRefresh,self:GetAbility(),File-link candidate only; receiver may be another ability. Missing declaration can inherit engine defaults or read another entity.
abilities,speedwarden_time_strike,damage_pct,True,"[15, 20, 25]",game/scripts/npc/abilities/npc_lia_hero_speedwarden.txt,81,game/scripts/vscripts/heroes/Speedwarden/speedwarden_time_strike.lua,21,speedwarden_time_strike:DealTimeStrikeDamage,self,File-link candidate only; receiver may be another ability. Missing declaration can inherit engine defaults or read another entity.
abilities,speedwarden_time_strike,base_chance,True,"[30, 40, 50]",game/scripts/npc/abilities/npc_lia_hero_speedwarden.txt,82,game/scripts/vscripts/heroes/Speedwarden/speedwarden_time_strike.lua,24,speedwarden_time_strike:DealTimeStrikeDamage,self,File-link candidate only; receiver may be another ability. Missing declaration can inherit engine defaults or read another entity.
abilities,speedwarden_time_strike,chance_per_charge,True,10,game/scripts/npc/abilities/npc_lia_hero_speedwarden.txt,83,game/scripts/vscripts/heroes/Speedwarden/speedwarden_time_strike.lua,25,speedwarden_time_strike:DealTimeStrikeDamage,self,File-link candidate only; receiver may be another ability. Missing declaration can inherit engine defaults or read another entity.
abilities,speedwarden_time_strike,strike_delay,True,0.3,game/scripts/npc/abilities/npc_lia_hero_speedwarden.txt,84,game/scripts/vscripts/heroes/Speedwarden/speedwarden_time_strike.lua,49,speedwarden_time_strike:DealTimeStrikeDamage,self,File-link candidate only; receiver may be another ability. Missing declaration can inherit engine defaults or read another entity.
abilities,speedwarden_time_strike,radius,True,325,game/scripts/npc/abilities/npc_lia_hero_speedwarden.txt,79,game/scripts/vscripts/heroes/Speedwarden/speedwarden_time_strike.lua,74,modifier_speedwarden_time_strike:OnCreated,ability,File-link candidate only; receiver may be another ability. Missing declaration can inherit engine defaults or read another entity.
abilities,speedwarden_time_strike,slow_pct,True,"[15, 20, 25]",game/scripts/npc/abilities/npc_lia_hero_speedwarden.txt,80,game/scripts/vscripts/heroes/Speedwarden/speedwarden_time_strike.lua,114,modifier_speedwarden_time_strike_slow:OnCreated,self:GetAbility(),File-link candidate only; receiver may be another ability. Missing declaration can inherit engine defaults or read another entity.
abilities,speedwarden_wardens_swiftness,duration,True,"[6, 8, 10]",game/scripts/npc/abilities/npc_lia_hero_speedwarden.txt,111,game/scripts/vscripts/heroes/Speedwarden/speedwarden_wardens_swiftness.lua,12,speedwarden_wardens_swiftness:OnSpellStart,self,File-link candidate only; receiver may be another ability. Missing declaration can inherit engine defaults or read another entity.
abilities,spider_queen_killer_instinct,damage,True,"[100, 175, 250]",game/scripts/npc/abilities/npc_lia_hero_spider_queen.txt,24,game/scripts/vscripts/heroes/SpiderQueen/modifier_spider_queen_killer_instinct.lua,12,modifier_spider_queen_killer_instinct:OnCreated,self:GetAbility(),File-link candidate only; receiver may be another ability. Missing declaration can inherit engine defaults or read another entity.
abilities,spider_queen_killer_instinct,full_radius,True,180,game/scripts/npc/abilities/npc_lia_hero_spider_queen.txt,27,game/scripts/vscripts/heroes/SpiderQueen/modifier_spider_queen_killer_instinct.lua,13,modifier_spider_queen_killer_instinct:OnCreated,self:GetAbility(),File-link candidate only; receiver may be another ability. Missing declaration can inherit engine defaults or read another entity.
abilities,spider_queen_killer_instinct,half_radius,True,240,game/scripts/npc/abilities/npc_lia_hero_spider_queen.txt,28,game/scripts/vscripts/heroes/SpiderQueen/modifier_spider_queen_killer_instinct.lua,14,modifier_spider_queen_killer_instinct:OnCreated,self:GetAbility(),File-link candidate only; receiver may be another ability. Missing declaration can inherit engine defaults or read another entity.
abilities,spider_queen_killer_instinct,attacks_count,True,"[2, 3, 4]",game/scripts/npc/abilities/npc_lia_hero_spider_queen.txt,25,game/scripts/vscripts/heroes/SpiderQueen/modifier_spider_queen_killer_instinct.lua,15,modifier_spider_queen_killer_instinct:OnCreated,self:GetAbility(),File-link candidate only; receiver may be another ability. Missing declaration can inherit engine defaults or read another entity.
abilities,spider_queen_killer_instinct,damage,True,"[100, 175, 250]",game/scripts/npc/abilities/npc_lia_hero_spider_queen.txt,24,game/scripts/vscripts/heroes/SpiderQueen/modifier_spider_queen_killer_instinct.lua,25,modifier_spider_queen_killer_instinct:OnRefresh,self:GetAbility(),File-link candidate only; receiver may be another ability. Missing declaration can inherit engine defaults or read another entity.
abilities,spider_queen_killer_instinct,full_radius,True,180,game/scripts/npc/abilities/npc_lia_hero_spider_queen.txt,27,game/scripts/vscripts/heroes/SpiderQueen/modifier_spider_queen_killer_instinct.lua,26,modifier_spider_queen_killer_instinct:OnRefresh,self:GetAbility(),File-link candidate only; receiver may be another ability. Missing declaration can inherit engine defaults or read another entity.
abilities,spider_queen_killer_instinct,half_radius,True,240,game/scripts/npc/abilities/npc_lia_hero_spider_queen.txt,28,game/scripts/vscripts/heroes/SpiderQueen/modifier_spider_queen_killer_instinct.lua,27,modifier_spider_queen_killer_instinct:OnRefresh,self:GetAbility(),File-link candidate only; receiver may be another ability. Missing declaration can inherit engine defaults or read another entity.
abilities,spider_queen_killer_instinct,attacks_count,True,"[2, 3, 4]",game/scripts/npc/abilities/npc_lia_hero_spider_queen.txt,25,game/scripts/vscripts/heroes/SpiderQueen/modifier_spider_queen_killer_instinct.lua,28,modifier_spider_queen_killer_instinct:OnRefresh,self:GetAbility(),File-link candidate only; receiver may be another ability. Missing declaration can inherit engine defaults or read another entity.
abilities,spider_queen_killer_instinct,duration,True,6,game/scripts/npc/abilities/npc_lia_hero_spider_queen.txt,26,game/scripts/vscripts/heroes/SpiderQueen/spider_queen_killer_instinct.lua,5,spider_queen_killer_instinct:OnSpellStart,self,File-link candidate only; receiver may be another ability. Missing declaration can inherit engine defaults or read another entity.
abilities,spider_queen_spider_yarn,miss_chance,True,"[10, 20, 30]",game/scripts/npc/abilities/npc_lia_hero_spider_queen.txt,57,game/scripts/vscripts/heroes/SpiderQueen/modifier_spider_queen_spider_yarn_debuff.lua,17,modifier_spider_queen_spider_yarn_debuff:OnCreated,self:GetAbility(),File-link candidate only; receiver may be another ability. Missing declaration can inherit engine defaults or read another entity.
abilities,spider_queen_spider_yarn,movement_slow_percentage,True,"[-10, -20, -30]",game/scripts/npc/abilities/npc_lia_hero_spider_queen.txt,58,game/scripts/vscripts/heroes/SpiderQueen/modifier_spider_queen_spider_yarn_debuff.lua,18,modifier_spider_queen_spider_yarn_debuff:OnCreated,self:GetAbility(),File-link candidate only; receiver may be another ability. Missing declaration can inherit engine defaults or read another entity.
abilities,spider_queen_spider_yarn,damage_per_second,True,"[15, 30, 45]",game/scripts/npc/abilities/npc_lia_hero_spider_queen.txt,56,game/scripts/vscripts/heroes/SpiderQueen/modifier_spider_queen_spider_yarn_thinker.lua,42,modifier_spider_queen_spider_yarn_thinker:OnCreated,self.ability,File-link candidate only; receiver may be another ability. Missing declaration can inherit engine defaults or read another entity.
abilities,spider_queen_spider_yarn,radius,True,300,game/scripts/npc/abilities/npc_lia_hero_spider_queen.txt,61,game/scripts/vscripts/heroes/SpiderQueen/modifier_spider_queen_spider_yarn_thinker.lua,44,modifier_spider_queen_spider_yarn_thinker:OnCreated,self.ability,File-link candidate only; receiver may be another ability. Missing declaration can inherit engine defaults or read another entity.
abilities,spider_queen_spider_yarn,bonus_duration_per_spider,True,2,game/scripts/npc/abilities/npc_lia_hero_spider_queen.txt,60,game/scripts/vscripts/heroes/SpiderQueen/modifier_spider_queen_spider_yarn_thinker.lua,45,modifier_spider_queen_spider_yarn_thinker:OnCreated,self.ability,File-link candidate only; receiver may be another ability. Missing declaration can inherit engine defaults or read another entity.
abilities,spider_queen_spider_yarn,radius,True,300,game/scripts/npc/abilities/npc_lia_hero_spider_queen.txt,61,game/scripts/vscripts/heroes/SpiderQueen/spider_queen_spider_yarn.lua,6,spider_queen_spider_yarn:GetAOERadius,self,File-link candidate only; receiver may be another ability. Missing declaration can inherit engine defaults or read another entity.
abilities,spider_queen_spider_yarn,base_duration,True,8,game/scripts/npc/abilities/npc_lia_hero_spider_queen.txt,59,game/scripts/vscripts/heroes/SpiderQueen/spider_queen_spider_yarn.lua,19,spider_queen_spider_yarn:OnSpellStart,self,File-link candidate only; receiver may be another ability. Missing declaration can inherit engine defaults or read another entity.
abilities,spider_queen_infection,infection_chance,True,40,game/scripts/npc/abilities/npc_lia_hero_spider_queen.txt,87,game/scripts/vscripts/heroes/SpiderQueen/modifier_spider_queen_infection.lua,12,modifier_spider_queen_infection:OnCreated,self:GetAbility(),File-link candidate only; receiver may be another ability. Missing declaration can inherit engine defaults or read another entity.
abilities,spider_queen_infection,infection_chance,True,40,game/scripts/npc/abilities/npc_lia_hero_spider_queen.txt,87,game/scripts/vscripts/heroes/SpiderQueen/modifier_spider_queen_infection.lua,19,modifier_spider_queen_infection:OnRefresh,self:GetAbility(),File-link candidate only; receiver may be another ability. Missing declaration can inherit engine defaults or read another entity.
abilities,spider_queen_infection,spider_max_count,True,"[2, 4, 6]",game/scripts/npc/abilities/npc_lia_hero_spider_queen.txt,91,game/scripts/vscripts/heroes/SpiderQueen/spider_queen_infection.lua,11,spider_queen_infection:OnAbilityPhaseStart,self,File-link candidate only; receiver may be another ability. Missing declaration can inherit engine defaults or read another entity.
abilities,spider_queen_infection,spider_max_count,True,"[2, 4, 6]",game/scripts/npc/abilities/npc_lia_hero_spider_queen.txt,91,game/scripts/vscripts/heroes/SpiderQueen/spider_queen_infection.lua,34,spider_queen_infection:SpawnSpider,self,File-link candidate only; receiver may be another ability. Missing declaration can inherit engine defaults or read another entity.
abilities,spider_queen_infection,spider_duration,True,30,game/scripts/npc/abilities/npc_lia_hero_spider_queen.txt,90,game/scripts/vscripts/heroes/SpiderQueen/spider_queen_infection.lua,39,spider_queen_infection:SpawnSpider,self,File-link candidate only; receiver may be another ability. Missing declaration can inherit engine defaults or read another entity.
abilities,spider_queen_thick_cover,bonus_health_regen,True,"[25, 50, 75]",game/scripts/npc/abilities/npc_lia_hero_spider_queen.txt,110,game/scripts/vscripts/heroes/SpiderQueen/modifier_spider_queen_thick_cover.lua,12,modifier_spider_queen_thick_cover:OnCreated,self:GetAbility(),File-link candidate only; receiver may be another ability. Missing declaration can inherit engine defaults or read another entity.
abilities,spider_queen_thick_cover,bonus_health_regen,True,"[25, 50, 75]",game/scripts/npc/abilities/npc_lia_hero_spider_queen.txt,110,game/scripts/vscripts/heroes/SpiderQueen/modifier_spider_queen_thick_cover.lua,16,modifier_spider_queen_thick_cover:OnRefresh,self:GetAbility(),File-link candidate only; receiver may be another ability. Missing declaration can inherit engine defaults or read another entity.
abilities,spider_queen_thick_cover,bonus_base_agility,True,"[10, 20, 30]",game/scripts/npc/abilities/npc_lia_hero_spider_queen.txt,111,game/scripts/vscripts/heroes/SpiderQueen/spider_queen_thick_cover.lua,9,spider_queen_thick_cover:OnUpgrade,self,File-link candidate only; receiver may be another ability. Missing declaration can inherit engine defaults or read another entity.
abilities,minotaur_thunder_strike,radius,True,300,game/scripts/npc/abilities/npc_lia_hero_taur.txt,36,game/scripts/vscripts/heroes/Minotaur/minotaur_thunder_strike.lua,45,minotaur_thunder_strike:OnSpellStart,self,File-link candidate only; receiver may be another ability. Missing declaration can inherit engine defaults or read another entity.
abilities,minotaur_thunder_strike,damage,True,"[50, 100, 150]",game/scripts/npc/abilities/npc_lia_hero_taur.txt,32,game/scripts/vscripts/heroes/Minotaur/minotaur_thunder_strike.lua,47,minotaur_thunder_strike:OnSpellStart,self,File-link candidate only; receiver may be another ability. Missing declaration can inherit engine defaults or read another entity.
abilities,minotaur_thunder_strike,slow_duration,True,3,game/scripts/npc/abilities/npc_lia_hero_taur.txt,35,game/scripts/vscripts/heroes/Minotaur/minotaur_thunder_strike.lua,48,minotaur_thunder_strike:OnSpellStart,self,File-link candidate only; receiver may be another ability. Missing declaration can inherit engine defaults or read another entity.
abilities,minotaur_thunder_strike,movespeed_slow_percentage,True,"[-30, -45, -60]",game/scripts/npc/abilities/npc_lia_hero_taur.txt,33,game/scripts/vscripts/heroes/Minotaur/modifier_minotaur_thunder_strike.lua,18,modifier_minotaur_thunder_strike:OnCreated,self:GetAbility(),File-link candidate only; receiver may be another ability. Missing declaration can inherit engine defaults or read another entity.
abilities,minotaur_thunder_strike,attack_speed_slow,True,"[-30, -45, -60]",game/scripts/npc/abilities/npc_lia_hero_taur.txt,34,game/scripts/vscripts/heroes/Minotaur/modifier_minotaur_thunder_strike.lua,19,modifier_minotaur_thunder_strike:OnCreated,self:GetAbility(),File-link candidate only; receiver may be another ability. Missing declaration can inherit engine defaults or read another entity.
abilities,minotaur_fear,aura_radius,True,700,game/scripts/npc/abilities/npc_lia_hero_taur.txt,59,game/scripts/vscripts/heroes/Minotaur/modifier_minotaur_fear_aura.lua,55,modifier_minotaur_fear_aura:OnCreated,self:GetAbility(),File-link candidate only; receiver may be another ability. Missing declaration can inherit engine defaults or read another entity.
abilities,minotaur_fear,aura_radius,True,700,game/scripts/npc/abilities/npc_lia_hero_taur.txt,59,game/scripts/vscripts/heroes/Minotaur/modifier_minotaur_fear_aura.lua,61,modifier_minotaur_fear_aura:OnRefresh,self:GetAbility(),File-link candidate only; receiver may be another ability. Missing declaration can inherit engine defaults or read another entity.
abilities,minotaur_fear,base_armor_reduction,True,"[-3, -6, -9]",game/scripts/npc/abilities/npc_lia_hero_taur.txt,57,game/scripts/vscripts/heroes/Minotaur/modifier_minotaur_fear_effect.lua,16,modifier_minotaur_fear_effect:OnCreated,self:GetAbility(),File-link candidate only; receiver may be another ability. Missing declaration can inherit engine defaults or read another entity.
abilities,minotaur_fear,armor_reduction_per_spirit,True,-3,game/scripts/npc/abilities/npc_lia_hero_taur.txt,58,game/scripts/vscripts/heroes/Minotaur/modifier_minotaur_fear_effect.lua,17,modifier_minotaur_fear_effect:OnCreated,self:GetAbility(),File-link candidate only; receiver may be another ability. Missing declaration can inherit engine defaults or read another entity.
abilities,minotaur_fear,base_armor_reduction,True,"[-3, -6, -9]",game/scripts/npc/abilities/npc_lia_hero_taur.txt,57,game/scripts/vscripts/heroes/Minotaur/modifier_minotaur_fear_effect.lua,32,modifier_minotaur_fear_effect:OnRefresh,self:GetAbility(),File-link candidate only; receiver may be another ability. Missing declaration can inherit engine defaults or read another entity.
abilities,minotaur_fear,armor_reduction_per_spirit,True,-3,game/scripts/npc/abilities/npc_lia_hero_taur.txt,58,game/scripts/vscripts/heroes/Minotaur/modifier_minotaur_fear_effect.lua,33,modifier_minotaur_fear_effect:OnRefresh,self:GetAbility(),File-link candidate only; receiver may be another ability. Missing declaration can inherit engine defaults or read another entity.
abilities,minotaur_demonic_power,cleave_percent,True,"[20, 30, 40]",game/scripts/npc/abilities/npc_lia_hero_taur.txt,83,game/scripts/vscripts/heroes/Minotaur/modifier_minotaur_demonic_power.lua,16,modifier_minotaur_demonic_power:OnCreated,self.ability,File-link candidate only; receiver may be another ability. Missing declaration can inherit engine defaults or read another entity.
abilities,minotaur_demonic_power,cleave_start_width,True,"[150, 175, 200]",game/scripts/npc/abilities/npc_lia_hero_taur.txt,84,game/scripts/vscripts/heroes/Minotaur/modifier_minotaur_demonic_power.lua,17,modifier_minotaur_demonic_power:OnCreated,self.ability,File-link candidate only; receiver may be another ability. Missing declaration can inherit engine defaults or read another entity.
abilities,minotaur_demonic_power,cleave_end_width,True,"[225, 250, 275]",game/scripts/npc/abilities/npc_lia_hero_taur.txt,85,game/scripts/vscripts/heroes/Minotaur/modifier_minotaur_demonic_power.lua,18,modifier_minotaur_demonic_power:OnCreated,self.ability,File-link candidate only; receiver may be another ability. Missing declaration can inherit engine defaults or read another entity.
abilities,minotaur_demonic_power,cleave_length,True,"[225, 250, 275]",game/scripts/npc/abilities/npc_lia_hero_taur.txt,86,game/scripts/vscripts/heroes/Minotaur/modifier_minotaur_demonic_power.lua,19,modifier_minotaur_demonic_power:OnCreated,self.ability,File-link candidate only; receiver may be another ability. Missing declaration can inherit engine defaults or read another entity.
abilities,minotaur_demonic_power,cleave_percent,True,"[20, 30, 40]",game/scripts/npc/abilities/npc_lia_hero_taur.txt,83,game/scripts/vscripts/heroes/Minotaur/modifier_minotaur_demonic_power.lua,23,modifier_minotaur_demonic_power:OnRefresh,self.ability,File-link candidate only; receiver may be another ability. Missing declaration can inherit engine defaults or read another entity.
abilities,minotaur_demonic_power,cleave_start_width,True,"[150, 175, 200]",game/scripts/npc/abilities/npc_lia_hero_taur.txt,84,game/scripts/vscripts/heroes/Minotaur/modifier_minotaur_demonic_power.lua,24,modifier_minotaur_demonic_power:OnRefresh,self.ability,File-link candidate only; receiver may be another ability. Missing declaration can inherit engine defaults or read another entity.
abilities,minotaur_demonic_power,cleave_end_width,True,"[225, 250, 275]",game/scripts/npc/abilities/npc_lia_hero_taur.txt,85,game/scripts/vscripts/heroes/Minotaur/modifier_minotaur_demonic_power.lua,25,modifier_minotaur_demonic_power:OnRefresh,self.ability,File-link candidate only; receiver may be another ability. Missing declaration can inherit engine defaults or read another entity.
abilities,minotaur_demonic_power,cleave_length,True,"[225, 250, 275]",game/scripts/npc/abilities/npc_lia_hero_taur.txt,86,game/scripts/vscripts/heroes/Minotaur/modifier_minotaur_demonic_power.lua,26,modifier_minotaur_demonic_power:OnRefresh,self.ability,File-link candidate only; receiver may be another ability. Missing declaration can inherit engine defaults or read another entity.
abilities,minotaur_guardian_spirits,invulnerability_duration,True,0.3,game/scripts/npc/abilities/npc_lia_hero_taur.txt,120,game/scripts/vscripts/heroes/Minotaur/minotaur_guardian_spirits.lua,9,minotaur_guardian_spirits:OnSpellStart,self,File-link candidate only; receiver may be another ability. Missing declaration can inherit engine defaults or read another entity.
abilities,minotaur_guardian_spirits,radius,False,,game/scripts/npc/abilities/npc_lia_hero_taur.txt,,game/scripts/vscripts/heroes/Minotaur/modifier_minotaur_guardian_spirits.lua,18,modifier_minotaur_guardian_spirits:OnCreated,self.ability,File-link candidate only; receiver may be another ability. Missing declaration can inherit engine defaults or read another entity.
abilities,minotaur_guardian_spirits,images_count,True,"[2, 3, 4]",game/scripts/npc/abilities/npc_lia_hero_taur.txt,119,game/scripts/vscripts/heroes/Minotaur/modifier_minotaur_guardian_spirits.lua,20,modifier_minotaur_guardian_spirits:OnCreated,self.ability,File-link candidate only; receiver may be another ability. Missing declaration can inherit engine defaults or read another entity.
abilities,minotaur_guardian_spirits,illusion_duration,True,45.0,game/scripts/npc/abilities/npc_lia_hero_taur.txt,116,game/scripts/vscripts/heroes/Minotaur/modifier_minotaur_guardian_spirits.lua,21,modifier_minotaur_guardian_spirits:OnCreated,self.ability,File-link candidate only; receiver may be another ability. Missing declaration can inherit engine defaults or read another entity.
abilities,minotaur_guardian_spirits,outgoing_damage_percentage,True,"[60, 80, 100]",game/scripts/npc/abilities/npc_lia_hero_taur.txt,117,game/scripts/vscripts/heroes/Minotaur/modifier_minotaur_guardian_spirits.lua,22,modifier_minotaur_guardian_spirits:OnCreated,self.ability,File-link candidate only; receiver may be another ability. Missing declaration can inherit engine defaults or read another entity.
abilities,minotaur_guardian_spirits,incoming_damage_percentage,True,"[175, 150, 125]",game/scripts/npc/abilities/npc_lia_hero_taur.txt,118,game/scripts/vscripts/heroes/Minotaur/modifier_minotaur_guardian_spirits.lua,23,modifier_minotaur_guardian_spirits:OnCreated,self.ability,File-link candidate only; receiver may be another ability. Missing declaration can inherit engine defaults or read another entity.
abilities,minotaur_guardian_spirits1,images_count,True,"[2, 3, 4]",game/scripts/npc/abilities/npc_lia_hero_taur.txt,158,game/scripts/vscripts/heroes/Minotaur/ancestral_spirits.lua,4,AncestralSpirits,ability,File-link candidate only; receiver may be another ability. Missing declaration can inherit engine defaults or read another entity.
abilities,minotaur_guardian_spirits1,illusion_duration,True,"[45.0, 45.0, 45.0]",game/scripts/npc/abilities/npc_lia_hero_taur.txt,153,game/scripts/vscripts/heroes/Minotaur/ancestral_spirits.lua,5,AncestralSpirits,ability,File-link candidate only; receiver may be another ability. Missing declaration can inherit engine defaults or read another entity.
abilities,minotaur_guardian_spirits1,outgoing_damage,True,"[-40, -20, 0]",game/scripts/npc/abilities/npc_lia_hero_taur.txt,154,game/scripts/vscripts/heroes/Minotaur/ancestral_spirits.lua,6,AncestralSpirits,ability,File-link candidate only; receiver may be another ability. Missing declaration can inherit engine defaults or read another entity.
abilities,minotaur_guardian_spirits1,incoming_damage,True,"[175, 150, 125]",game/scripts/npc/abilities/npc_lia_hero_taur.txt,156,game/scripts/vscripts/heroes/Minotaur/ancestral_spirits.lua,7,AncestralSpirits,ability,File-link candidate only; receiver may be another ability. Missing declaration can inherit engine defaults or read another entity.
abilities,tauren_champion_crushing_totem,bonus_attack_speed,True,"[30, 50, 70]",game/scripts/npc/abilities/npc_lia_hero_tauren_champion.txt,33,game/scripts/vscripts/heroes/TaurenChampion/modifier_tauren_champion_crushing_totem.lua,15,modifier_tauren_champion_crushing_totem:OnCreated,self.ability,File-link candidate only; receiver may be another ability. Missing declaration can inherit engine defaults or read another entity.
abilities,tauren_champion_crushing_totem,attacks_count,True,"[2, 3, 4]",game/scripts/npc/abilities/npc_lia_hero_tauren_champion.txt,34,game/scripts/vscripts/heroes/TaurenChampion/modifier_tauren_champion_crushing_totem.lua,16,modifier_tauren_champion_crushing_totem:OnCreated,self.ability,File-link candidate only; receiver may be another ability. Missing declaration can inherit engine defaults or read another entity.
abilities,tauren_champion_crushing_totem,cleave_percent,True,"[60, 70, 80]",game/scripts/npc/abilities/npc_lia_hero_tauren_champion.txt,35,game/scripts/vscripts/heroes/TaurenChampion/modifier_tauren_champion_crushing_totem.lua,17,modifier_tauren_champion_crushing_totem:OnCreated,self.ability,File-link candidate only; receiver may be another ability. Missing declaration can inherit engine defaults or read another entity.
abilities,tauren_champion_crushing_totem,cleave_start_width,True,200,game/scripts/npc/abilities/npc_lia_hero_tauren_champion.txt,36,game/scripts/vscripts/heroes/TaurenChampion/modifier_tauren_champion_crushing_totem.lua,18,modifier_tauren_champion_crushing_totem:OnCreated,self.ability,File-link candidate only; receiver may be another ability. Missing declaration can inherit engine defaults or read another entity.
abilities,tauren_champion_crushing_totem,cleave_end_width,True,250,game/scripts/npc/abilities/npc_lia_hero_tauren_champion.txt,37,game/scripts/vscripts/heroes/TaurenChampion/modifier_tauren_champion_crushing_totem.lua,19,modifier_tauren_champion_crushing_totem:OnCreated,self.ability,File-link candidate only; receiver may be another ability. Missing declaration can inherit engine defaults or read another entity.
abilities,tauren_champion_crushing_totem,cleave_length,True,300,game/scripts/npc/abilities/npc_lia_hero_tauren_champion.txt,38,game/scripts/vscripts/heroes/TaurenChampion/modifier_tauren_champion_crushing_totem.lua,20,modifier_tauren_champion_crushing_totem:OnCreated,self.ability,File-link candidate only; receiver may be another ability. Missing declaration can inherit engine defaults or read another entity.
abilities,tauren_champion_crushing_totem,duration,True,10,game/scripts/npc/abilities/npc_lia_hero_tauren_champion.txt,39,game/scripts/vscripts/heroes/TaurenChampion/tauren_champion_crushing_totem.lua,6,tauren_champion_crushing_totem:OnSpellStart,self,File-link candidate only; receiver may be another ability. Missing declaration can inherit engine defaults or read another entity.
abilities,tauren_champion_champions_jump,duration,True,0.5,game/scripts/npc/abilities/npc_lia_hero_tauren_champion.txt,77,game/scripts/vscripts/heroes/TaurenChampion/modifier_tauren_champion_champions_jump.lua,48,modifier_tauren_champion_champions_jump:OnCreated,self:GetAbility(),File-link candidate only; receiver may be another ability. Missing declaration can inherit engine defaults or read another entity.
abilities,tauren_champion_champions_jump,radius,True,225,game/scripts/npc/abilities/npc_lia_hero_tauren_champion.txt,75,game/scripts/vscripts/heroes/TaurenChampion/modifier_tauren_champion_champions_jump.lua,72,modifier_tauren_champion_champions_jump:OnDestroy,self:GetAbility(),File-link candidate only; receiver may be another ability. Missing declaration can inherit engine defaults or read another entity.
abilities,tauren_champion_champions_jump,stun_duration,True,1.5,game/scripts/npc/abilities/npc_lia_hero_tauren_champion.txt,76,game/scripts/vscripts/heroes/TaurenChampion/modifier_tauren_champion_champions_jump.lua,73,modifier_tauren_champion_champions_jump:OnDestroy,self:GetAbility(),File-link candidate only; receiver may be another ability. Missing declaration can inherit engine defaults or read another entity.
abilities,tauren_champion_champions_jump,land_damage,True,"[100, 175, 250]",game/scripts/npc/abilities/npc_lia_hero_tauren_champion.txt,73,game/scripts/vscripts/heroes/TaurenChampion/modifier_tauren_champion_champions_jump.lua,74,modifier_tauren_champion_champions_jump:OnDestroy,self:GetAbility(),File-link candidate only; receiver may be another ability. Missing declaration can inherit engine defaults or read another entity.
abilities,tauren_champion_accumulated_rage,max_damage_blocked_percent,True,"[5, 10, 15]",game/scripts/npc/abilities/npc_lia_hero_tauren_champion.txt,104,game/scripts/vscripts/heroes/TaurenChampion/modifier_tauren_champion_accumulated_rage_block.lua,13,modifier_tauren_champion_accumulated_rage_block:OnCreated,self:GetAbility(),File-link candidate only; receiver may be another ability. Missing declaration can inherit engine defaults or read another entity.
abilities,tauren_champion_accumulated_rage,min_damage_blocked_percent,True,5,game/scripts/npc/abilities/npc_lia_hero_tauren_champion.txt,105,game/scripts/vscripts/heroes/TaurenChampion/modifier_tauren_champion_accumulated_rage_block.lua,14,modifier_tauren_champion_accumulated_rage_block:OnCreated,self:GetAbility(),File-link candidate only; receiver may be another ability. Missing declaration can inherit engine defaults or read another entity.
abilities,tauren_champion_accumulated_rage,absorption_count,True,"[3, 4, 5]",game/scripts/npc/abilities/npc_lia_hero_tauren_champion.txt,106,game/scripts/vscripts/heroes/TaurenChampion/modifier_tauren_champion_accumulated_rage_block.lua,15,modifier_tauren_champion_accumulated_rage_block:OnCreated,self:GetAbility(),File-link candidate only; receiver may be another ability. Missing declaration can inherit engine defaults or read another entity.
abilities,tauren_champion_accumulated_rage,shield_cooldown,True,12,game/scripts/npc/abilities/npc_lia_hero_tauren_champion.txt,109,game/scripts/vscripts/heroes/TaurenChampion/modifier_tauren_champion_accumulated_rage_block.lua,16,modifier_tauren_champion_accumulated_rage_block:OnCreated,self:GetAbility(),File-link candidate only; receiver may be another ability. Missing declaration can inherit engine defaults or read another entity.
abilities,tauren_champion_accumulated_rage,max_damage_blocked_percent,True,"[5, 10, 15]",game/scripts/npc/abilities/npc_lia_hero_tauren_champion.txt,104,game/scripts/vscripts/heroes/TaurenChampion/modifier_tauren_champion_accumulated_rage_block.lua,26,modifier_tauren_champion_accumulated_rage_block:OnRefresh,self:GetAbility(),File-link candidate only; receiver may be another ability. Missing declaration can inherit engine defaults or read another entity.
abilities,tauren_champion_accumulated_rage,min_damage_blocked_percent,True,5,game/scripts/npc/abilities/npc_lia_hero_tauren_champion.txt,105,game/scripts/vscripts/heroes/TaurenChampion/modifier_tauren_champion_accumulated_rage_block.lua,27,modifier_tauren_champion_accumulated_rage_block:OnRefresh,self:GetAbility(),File-link candidate only; receiver may be another ability. Missing declaration can inherit engine defaults or read another entity.
abilities,tauren_champion_accumulated_rage,absorption_count,True,"[3, 4, 5]",game/scripts/npc/abilities/npc_lia_hero_tauren_champion.txt,106,game/scripts/vscripts/heroes/TaurenChampion/modifier_tauren_champion_accumulated_rage_block.lua,28,modifier_tauren_champion_accumulated_rage_block:OnRefresh,self:GetAbility(),File-link candidate only; receiver may be another ability. Missing declaration can inherit engine defaults or read another entity.
abilities,tauren_champion_accumulated_rage,shield_cooldown,True,12,game/scripts/npc/abilities/npc_lia_hero_tauren_champion.txt,109,game/scripts/vscripts/heroes/TaurenChampion/modifier_tauren_champion_accumulated_rage_block.lua,29,modifier_tauren_champion_accumulated_rage_block:OnRefresh,self:GetAbility(),File-link candidate only; receiver may be another ability. Missing declaration can inherit engine defaults or read another entity.
abilities,tauren_champion_accumulated_rage,damage_per_stack,True,"[7, 14, 21]",game/scripts/npc/abilities/npc_lia_hero_tauren_champion.txt,108,game/scripts/vscripts/heroes/TaurenChampion/modifier_tauren_champion_accumulated_rage_damage.lua,18,modifier_tauren_champion_accumulated_rage_damage:OnCreated,self:GetAbility(),File-link candidate only; receiver may be another ability. Missing declaration can inherit engine defaults or read another entity.
abilities,tauren_champion_accumulated_rage,health_lost_threshold_percent,True,12,game/scripts/npc/abilities/npc_lia_hero_tauren_champion.txt,107,game/scripts/vscripts/heroes/TaurenChampion/modifier_tauren_champion_accumulated_rage_damage.lua,19,modifier_tauren_champion_accumulated_rage_damage:OnCreated,self:GetAbility(),File-link candidate only; receiver may be another ability. Missing declaration can inherit engine defaults or read another entity.
abilities,tauren_champion_accumulated_rage,damage_per_stack,True,"[7, 14, 21]",game/scripts/npc/abilities/npc_lia_hero_tauren_champion.txt,108,game/scripts/vscripts/heroes/TaurenChampion/modifier_tauren_champion_accumulated_rage_damage.lua,28,modifier_tauren_champion_accumulated_rage_damage:OnRefresh,self:GetAbility(),File-link candidate only; receiver may be another ability. Missing declaration can inherit engine defaults or read another entity.
abilities,tauren_champion_accumulated_rage,health_lost_threshold_percent,True,12,game/scripts/npc/abilities/npc_lia_hero_tauren_champion.txt,107,game/scripts/vscripts/heroes/TaurenChampion/modifier_tauren_champion_accumulated_rage_damage.lua,29,modifier_tauren_champion_accumulated_rage_damage:OnRefresh,self:GetAbility(),File-link candidate only; receiver may be another ability. Missing declaration can inherit engine defaults or read another entity.
abilities,tauren_champion_finish_off,attack_count,True,3,game/scripts/npc/abilities/npc_lia_hero_tauren_champion.txt,136,game/scripts/vscripts/heroes/TaurenChampion/modifier_tauren_champion_finish_off.lua,12,modifier_tauren_champion_finish_off:OnCreated,self:GetAbility(),File-link candidate only; receiver may be another ability. Missing declaration can inherit engine defaults or read another entity.
abilities,tauren_champion_finish_off,crit_multiplier,True,"[250, 275, 300]",game/scripts/npc/abilities/npc_lia_hero_tauren_champion.txt,135,game/scripts/vscripts/heroes/TaurenChampion/modifier_tauren_champion_finish_off.lua,13,modifier_tauren_champion_finish_off:OnCreated,self:GetAbility(),File-link candidate only; receiver may be another ability. Missing declaration can inherit engine defaults or read another entity.
abilities,tauren_champion_finish_off,duration,True,15,game/scripts/npc/abilities/npc_lia_hero_tauren_champion.txt,137,game/scripts/vscripts/heroes/TaurenChampion/modifier_tauren_champion_finish_off.lua,14,modifier_tauren_champion_finish_off:OnCreated,self:GetAbility(),File-link candidate only; receiver may be another ability. Missing declaration can inherit engine defaults or read another entity.
abilities,tauren_champion_finish_off,attack_count,True,3,game/scripts/npc/abilities/npc_lia_hero_tauren_champion.txt,136,game/scripts/vscripts/heroes/TaurenChampion/modifier_tauren_champion_finish_off.lua,19,modifier_tauren_champion_finish_off:OnRefresh,self:GetAbility(),File-link candidate only; receiver may be another ability. Missing declaration can inherit engine defaults or read another entity.
abilities,tauren_champion_finish_off,crit_multiplier,True,"[250, 275, 300]",game/scripts/npc/abilities/npc_lia_hero_tauren_champion.txt,135,game/scripts/vscripts/heroes/TaurenChampion/modifier_tauren_champion_finish_off.lua,20,modifier_tauren_champion_finish_off:OnRefresh,self:GetAbility(),File-link candidate only; receiver may be another ability. Missing declaration can inherit engine defaults or read another entity.
abilities,tauren_champion_finish_off,duration,True,15,game/scripts/npc/abilities/npc_lia_hero_tauren_champion.txt,137,game/scripts/vscripts/heroes/TaurenChampion/modifier_tauren_champion_finish_off.lua,21,modifier_tauren_champion_finish_off:OnRefresh,self:GetAbility(),File-link candidate only; receiver may be another ability. Missing declaration can inherit engine defaults or read another entity.
abilities,time_lord_death,cooldown_scepter,True,"[11, 10, 9]",game/scripts/npc/abilities/npc_lia_hero_time_lord.txt,33,game/scripts/vscripts/heroes/TimeLord/time_lord_death.lua,5,time_lord_death:GetCooldown,self,File-link candidate only; receiver may be another ability. Missing declaration can inherit engine defaults or read another entity.
abilities,time_lord_death,radius,True,"[150, 175, 200]",game/scripts/npc/abilities/npc_lia_hero_time_lord.txt,32,game/scripts/vscripts/heroes/TimeLord/time_lord_death.lua,12,time_lord_death:GetAOERadius,self,File-link candidate only; receiver may be another ability. Missing declaration can inherit engine defaults or read another entity.
abilities,time_lord_death,radius,True,"[150, 175, 200]",game/scripts/npc/abilities/npc_lia_hero_time_lord.txt,32,game/scripts/vscripts/heroes/TimeLord/time_lord_death.lua,16,time_lord_death:OnSpellStart,self,File-link candidate only; receiver may be another ability. Missing declaration can inherit engine defaults or read another entity.
abilities,time_lord_timelapse,time,True,5,game/scripts/npc/abilities/npc_lia_hero_time_lord.txt,80,game/scripts/vscripts/heroes/TimeLord/modifier_time_lord_timelapse.lua,14,modifier_time_lord_timelapse:OnCreated,self:GetAbility(),File-link candidate only; receiver may be another ability. Missing declaration can inherit engine defaults or read another entity.
abilities,time_lord_timelapse,cooldown_scepter,True,"[8, 7, 6]",game/scripts/npc/abilities/npc_lia_hero_time_lord.txt,75,game/scripts/vscripts/heroes/TimeLord/time_lord_timelapse.lua,11,time_lord_timelapse:GetCooldown,self,File-link candidate only; receiver may be another ability. Missing declaration can inherit engine defaults or read another entity.
abilities,time_lord_timelapse,damage,True,"[50, 100, 150]",game/scripts/npc/abilities/npc_lia_hero_time_lord.txt,74,game/scripts/vscripts/heroes/TimeLord/time_lord_timelapse.lua,20,time_lord_timelapse:OnSpellStart,self,File-link candidate only; receiver may be another ability. Missing declaration can inherit engine defaults or read another entity.
abilities,time_lord_timelapse,damage_radius,True,300,game/scripts/npc/abilities/npc_lia_hero_time_lord.txt,73,game/scripts/vscripts/heroes/TimeLord/time_lord_timelapse.lua,21,time_lord_timelapse:OnSpellStart,self,File-link candidate only; receiver may be another ability. Missing declaration can inherit engine defaults or read another entity.
abilities,time_lord_wisdom_flow,stack_interval,True,"[60, 40, 20]",game/scripts/npc/abilities/npc_lia_hero_time_lord.txt,104,game/scripts/vscripts/heroes/TimeLord/WisdomFlow.lua,5,AddIntellect,ability,File-link candidate only; receiver may be another ability. Missing declaration can inherit engine defaults or read another entity.
abilities,time_lord_wisdom_flow,stack_interval,True,"[60, 40, 20]",game/scripts/npc/abilities/npc_lia_hero_time_lord.txt,104,game/scripts/vscripts/heroes/TimeLord/WisdomFlow.lua,36,StartCooldown,ability,File-link candidate only; receiver may be another ability. Missing declaration can inherit engine defaults or read another entity.
abilities,time_lord_stop_time,hero_stop,True,"[3, 4, 5]",game/scripts/npc/abilities/npc_lia_hero_time_lord.txt,221,game/scripts/vscripts/heroes/TimeLord/StopTime.lua,6,StopTime,ability,File-link candidate only; receiver may be another ability. Missing declaration can inherit engine defaults or read another entity.
abilities,time_lord_stop_time,other_stop,True,"[4, 6, 8]",game/scripts/npc/abilities/npc_lia_hero_time_lord.txt,222,game/scripts/vscripts/heroes/TimeLord/StopTime.lua,7,StopTime,ability,File-link candidate only; receiver may be another ability. Missing declaration can inherit engine defaults or read another entity.
abilities,time_lord_stop_time,bonus_duration,True,"[4, 6, 8]",game/scripts/npc/abilities/npc_lia_hero_time_lord.txt,225,game/scripts/vscripts/heroes/TimeLord/StopTime.lua,8,StopTime,ability,File-link candidate only; receiver may be another ability. Missing declaration can inherit engine defaults or read another entity.
abilities,treant_butterfly_flock,speed,True,650,game/scripts/npc/abilities/npc_lia_hero_treant.txt,37,game/scripts/vscripts/heroes/Treant/treant_butterfly_flock.lua,4,treant_butterfly_flock:OnSpellStart,self,File-link candidate only; receiver may be another ability. Missing declaration can inherit engine defaults or read another entity.
abilities,treant_butterfly_flock,projectile_distance,True,"[500, 600, 700]",game/scripts/npc/abilities/npc_lia_hero_treant.txt,34,game/scripts/vscripts/heroes/Treant/treant_butterfly_flock.lua,5,treant_butterfly_flock:OnSpellStart,self,File-link candidate only; receiver may be another ability. Missing declaration can inherit engine defaults or read another entity.
abilities,treant_butterfly_flock,start_width,True,125,game/scripts/npc/abilities/npc_lia_hero_treant.txt,35,game/scripts/vscripts/heroes/Treant/treant_butterfly_flock.lua,6,treant_butterfly_flock:OnSpellStart,self,File-link candidate only; receiver may be another ability. Missing declaration can inherit engine defaults or read another entity.
abilities,treant_butterfly_flock,end_width,True,125,game/scripts/npc/abilities/npc_lia_hero_treant.txt,36,game/scripts/vscripts/heroes/Treant/treant_butterfly_flock.lua,7,treant_butterfly_flock:OnSpellStart,self,File-link candidate only; receiver may be another ability. Missing declaration can inherit engine defaults or read another entity.
abilities,treant_butterfly_flock,damage,True,"[80, 160, 240]",game/scripts/npc/abilities/npc_lia_hero_treant.txt,32,game/scripts/vscripts/heroes/Treant/treant_butterfly_flock.lua,42,treant_butterfly_flock:OnProjectileHit,self,File-link candidate only; receiver may be another ability. Missing declaration can inherit engine defaults or read another entity.
abilities,treant_take_root,damage_per_second,True,50,game/scripts/npc/abilities/npc_lia_hero_treant.txt,75,game/scripts/vscripts/heroes/Treant/modifier_treant_take_root_root.lua,12,modifier_treant_take_root_root:OnCreated,self:GetAbility(),File-link candidate only; receiver may be another ability. Missing declaration can inherit engine defaults or read another entity.
abilities,treant_take_root,health_regeneration,True,"[10, 20, 30]",game/scripts/npc/abilities/npc_lia_hero_treant.txt,77,game/scripts/vscripts/heroes/Treant/modifier_treant_take_root_self.lua,13,modifier_treant_take_root_self:OnCreated,self:GetAbility(),File-link candidate only; receiver may be another ability. Missing declaration can inherit engine defaults or read another entity.
abilities,treant_take_root,manacost_per_second,True,10,game/scripts/npc/abilities/npc_lia_hero_treant.txt,78,game/scripts/vscripts/heroes/Treant/modifier_treant_take_root_self.lua,15,modifier_treant_take_root_self:OnCreated,self:GetAbility(),File-link candidate only; receiver may be another ability. Missing declaration can inherit engine defaults or read another entity.
abilities,treant_take_root,health_regeneration,True,"[10, 20, 30]",game/scripts/npc/abilities/npc_lia_hero_treant.txt,77,game/scripts/vscripts/heroes/Treant/modifier_treant_take_root_self.lua,22,modifier_treant_take_root_self:OnRefresh,self:GetAbility(),File-link candidate only; receiver may be another ability. Missing declaration can inherit engine defaults or read another entity.
abilities,treant_take_root,radius,True,400,game/scripts/npc/abilities/npc_lia_hero_treant.txt,79,game/scripts/vscripts/heroes/Treant/treant_take_root.lua,7,treant_take_root:OnToggle,self,File-link candidate only; receiver may be another ability. Missing declaration can inherit engine defaults or read another entity.
abilities,treant_take_root,root_duration,True,"[2, 3, 4]",game/scripts/npc/abilities/npc_lia_hero_treant.txt,76,game/scripts/vscripts/heroes/Treant/treant_take_root.lua,8,treant_take_root:OnToggle,self,File-link candidate only; receiver may be another ability. Missing declaration can inherit engine defaults or read another entity.
abilities,treant_craving_for_nature,damage,True,"[50, 100, 150]",game/scripts/npc/abilities/npc_lia_hero_treant.txt,115,game/scripts/vscripts/heroes/Treant/modifier_treant_craving_for_nature_movement.lua,39,modifier_treant_craving_for_nature_movement:OnDestroy,self.ability,File-link candidate only; receiver may be another ability. Missing declaration can inherit engine defaults or read another entity.
abilities,treant_craving_for_nature,root_damage_multiplier,True,2,game/scripts/npc/abilities/npc_lia_hero_treant.txt,116,game/scripts/vscripts/heroes/Treant/modifier_treant_craving_for_nature_movement.lua,41,modifier_treant_craving_for_nature_movement:OnDestroy,self.ability,File-link candidate only; receiver may be another ability. Missing declaration can inherit engine defaults or read another entity.
abilities,treant_craving_for_nature,radius,True,400,game/scripts/npc/abilities/npc_lia_hero_treant.txt,119,game/scripts/vscripts/heroes/Treant/treant_craving_for_nature.lua,8,treant_craving_for_nature:OnSpellStart,self,File-link candidate only; receiver may be another ability. Missing declaration can inherit engine defaults or read another entity.
abilities,treant_craving_for_nature,tick_time,True,0.03,game/scripts/npc/abilities/npc_lia_hero_treant.txt,117,game/scripts/vscripts/heroes/Treant/treant_craving_for_nature.lua,9,treant_craving_for_nature:OnSpellStart,self,File-link candidate only; receiver may be another ability. Missing declaration can inherit engine defaults or read another entity.
abilities,treant_craving_for_nature,distance_per_tick,True,20,game/scripts/npc/abilities/npc_lia_hero_treant.txt,118,game/scripts/vscripts/heroes/Treant/treant_craving_for_nature.lua,10,treant_craving_for_nature:OnSpellStart,self,File-link candidate only; receiver may be another ability. Missing declaration can inherit engine defaults or read another entity.
abilities,treant_sharp_thorns,check_interval,True,0.1,game/scripts/npc/abilities/npc_lia_hero_treant.txt,161,game/scripts/vscripts/heroes/Treant/modifier_treant_sharp_thorns_debuff.lua,16,modifier_treant_sharp_thorns_debuff:OnCreated,self.ability,File-link candidate only; receiver may be another ability. Missing declaration can inherit engine defaults or read another entity.
abilities,treant_sharp_thorns,distance_to_damage_percentage,True,"[25, 50, 75]",game/scripts/npc/abilities/npc_lia_hero_treant.txt,158,game/scripts/vscripts/heroes/Treant/modifier_treant_sharp_thorns_debuff.lua,17,modifier_treant_sharp_thorns_debuff:OnCreated,self.ability,File-link candidate only; receiver may be another ability. Missing declaration can inherit engine defaults or read another entity.
abilities,treant_sharp_thorns,radius,True,400,game/scripts/npc/abilities/npc_lia_hero_treant.txt,160,game/scripts/vscripts/heroes/Treant/treant_sharp_thorns.lua,6,treant_sharp_thorns:GetAOERadius,self,File-link candidate only; receiver may be another ability. Missing declaration can inherit engine defaults or read another entity.
abilities,treant_sharp_thorns,duration,True,10,game/scripts/npc/abilities/npc_lia_hero_treant.txt,159,game/scripts/vscripts/heroes/Treant/treant_sharp_thorns.lua,11,treant_sharp_thorns:OnSpellStart,self,File-link candidate only; receiver may be another ability. Missing declaration can inherit engine defaults or read another entity.
abilities,treant_sharp_thorns,radius,True,400,game/scripts/npc/abilities/npc_lia_hero_treant.txt,160,game/scripts/vscripts/heroes/Treant/treant_sharp_thorns.lua,12,treant_sharp_thorns:OnSpellStart,self,File-link candidate only; receiver may be another ability. Missing declaration can inherit engine defaults or read another entity.
abilities,treant_sharp_thorns,damage,True,"[150, 250, 350]",game/scripts/npc/abilities/npc_lia_hero_treant.txt,157,game/scripts/vscripts/heroes/Treant/treant_sharp_thorns.lua,13,treant_sharp_thorns:OnSpellStart,self,File-link candidate only; receiver may be another ability. Missing declaration can inherit engine defaults or read another entity.
abilities,troll_cutthroat_boomeang_axe,damage_percentage,True,50,game/scripts/npc/abilities/npc_lia_hero_troll_cutthroat.txt,33,game/scripts/vscripts/heroes/TrollCutthroat/modifier_troll_cutthroat_boomeang_axe_damage.lua,13,modifier_troll_cutthroat_boomeang_axe_damage:OnCreated,self:GetAbility(),File-link candidate only; receiver may be another ability. Missing declaration can inherit engine defaults or read another entity.
abilities,troll_cutthroat_boomeang_axe,strength_into_damage_percentage,True,150,game/scripts/npc/abilities/npc_lia_hero_troll_cutthroat.txt,34,game/scripts/vscripts/heroes/TrollCutthroat/modifier_troll_cutthroat_boomeang_axe_damage.lua,14,modifier_troll_cutthroat_boomeang_axe_damage:OnCreated,self:GetAbility(),File-link candidate only; receiver may be another ability. Missing declaration can inherit engine defaults or read another entity.
abilities,troll_cutthroat_boomeang_axe,axe_speed,True,600,game/scripts/npc/abilities/npc_lia_hero_troll_cutthroat.txt,36,game/scripts/vscripts/heroes/TrollCutthroat/troll_cutthroat_boomeang_axe.lua,9,troll_cutthroat_boomeang_axe:OnSpellStart,self,File-link candidate only; receiver may be another ability. Missing declaration can inherit engine defaults or read another entity.
abilities,troll_cutthroat_boomeang_axe,max_targets,True,"[6, 7, 8]",game/scripts/npc/abilities/npc_lia_hero_troll_cutthroat.txt,35,game/scripts/vscripts/heroes/TrollCutthroat/troll_cutthroat_boomeang_axe.lua,10,troll_cutthroat_boomeang_axe:OnSpellStart,self,File-link candidate only; receiver may be another ability. Missing declaration can inherit engine defaults or read another entity.
abilities,troll_cutthroat_boomeang_axe,stun_duration,False,,game/scripts/npc/abilities/npc_lia_hero_troll_cutthroat.txt,,game/scripts/vscripts/heroes/TrollCutthroat/troll_cutthroat_boomeang_axe.lua,11,troll_cutthroat_boomeang_axe:OnSpellStart,self,File-link candidate only; receiver may be another ability. Missing declaration can inherit engine defaults or read another entity.
abilities,troll_cutthroat_boomeang_axe,radius,True,600,game/scripts/npc/abilities/npc_lia_hero_troll_cutthroat.txt,37,game/scripts/vscripts/heroes/TrollCutthroat/troll_cutthroat_boomeang_axe.lua,12,troll_cutthroat_boomeang_axe:OnSpellStart,self,File-link candidate only; receiver may be another ability. Missing declaration can inherit engine defaults or read another entity.
abilities,troll_cutthroat_boomeang_axe,return_speed,True,1000,game/scripts/npc/abilities/npc_lia_hero_troll_cutthroat.txt,38,game/scripts/vscripts/heroes/TrollCutthroat/troll_cutthroat_boomeang_axe.lua,13,troll_cutthroat_boomeang_axe:OnSpellStart,self,File-link candidate only; receiver may be another ability. Missing declaration can inherit engine defaults or read another entity.
abilities,troll_cutthroat_vulnerability,crit_chance,True,"[14, 17, 20]",game/scripts/npc/abilities/npc_lia_hero_troll_cutthroat.txt,102,game/scripts/vscripts/heroes/TrollCutthroat/modifier_troll_cutthroat_vulnerability.lua,19,modifier_troll_cutthroat_vulnerability:OnCreated,self:GetAbility(),File-link candidate only; receiver may be another ability. Missing declaration can inherit engine defaults or read another entity.
abilities,troll_cutthroat_vulnerability,crit_multiplier,True,200,game/scripts/npc/abilities/npc_lia_hero_troll_cutthroat.txt,101,game/scripts/vscripts/heroes/TrollCutthroat/modifier_troll_cutthroat_vulnerability.lua,20,modifier_troll_cutthroat_vulnerability:OnCreated,self:GetAbility(),File-link candidate only; receiver may be another ability. Missing declaration can inherit engine defaults or read another entity.
abilities,troll_cutthroat_vulnerability,duration,True,5,game/scripts/npc/abilities/npc_lia_hero_troll_cutthroat.txt,104,game/scripts/vscripts/heroes/TrollCutthroat/modifier_troll_cutthroat_vulnerability.lua,21,modifier_troll_cutthroat_vulnerability:OnCreated,self:GetAbility(),File-link candidate only; receiver may be another ability. Missing declaration can inherit engine defaults or read another entity.
abilities,troll_cutthroat_vulnerability,crit_chance,True,"[14, 17, 20]",game/scripts/npc/abilities/npc_lia_hero_troll_cutthroat.txt,102,game/scripts/vscripts/heroes/TrollCutthroat/modifier_troll_cutthroat_vulnerability.lua,32,modifier_troll_cutthroat_vulnerability:OnRefresh,self:GetAbility(),File-link candidate only; receiver may be another ability. Missing declaration can inherit engine defaults or read another entity.
abilities,troll_cutthroat_vulnerability,crit_multiplier,True,200,game/scripts/npc/abilities/npc_lia_hero_troll_cutthroat.txt,101,game/scripts/vscripts/heroes/TrollCutthroat/modifier_troll_cutthroat_vulnerability.lua,33,modifier_troll_cutthroat_vulnerability:OnRefresh,self:GetAbility(),File-link candidate only; receiver may be another ability. Missing declaration can inherit engine defaults or read another entity.
abilities,troll_cutthroat_vulnerability,duration,True,5,game/scripts/npc/abilities/npc_lia_hero_troll_cutthroat.txt,104,game/scripts/vscripts/heroes/TrollCutthroat/modifier_troll_cutthroat_vulnerability.lua,34,modifier_troll_cutthroat_vulnerability:OnRefresh,self:GetAbility(),File-link candidate only; receiver may be another ability. Missing declaration can inherit engine defaults or read another entity.
abilities,troll_cutthroat_vulnerability,armor_reduction,True,"[-4, -7, -10]",game/scripts/npc/abilities/npc_lia_hero_troll_cutthroat.txt,103,game/scripts/vscripts/heroes/TrollCutthroat/modifier_troll_cutthroat_vulnerability_debuff.lua,13,modifier_troll_cutthroat_vulnerability_debuff:OnCreated,self:GetAbility(),File-link candidate only; receiver may be another ability. Missing declaration can inherit engine defaults or read another entity.
abilities,troll_cutthroat_enchanted_axes,start_radius,True,1,game/scripts/npc/abilities/npc_lia_hero_troll_cutthroat.txt,152,game/scripts/vscripts/heroes/TrollCutthroat/EnchantedAxes.lua,28,WhirlingAxesMelee,ability,File-link candidate only; receiver may be another ability. Missing declaration can inherit engine defaults or read another entity.
abilities,troll_cutthroat_enchanted_axes,axe_movement_speed,True,1400,game/scripts/npc/abilities/npc_lia_hero_troll_cutthroat.txt,147,game/scripts/vscripts/heroes/TrollCutthroat/EnchantedAxes.lua,105,WhirlingAxesMeleeThink,ability,File-link candidate only; receiver may be another ability. Missing declaration can inherit engine defaults or read another entity.
abilities,troll_cutthroat_enchanted_axes,max_range,True,450.0,game/scripts/npc/abilities/npc_lia_hero_troll_cutthroat.txt,146,game/scripts/vscripts/heroes/TrollCutthroat/EnchantedAxes.lua,106,WhirlingAxesMeleeThink,ability,File-link candidate only; receiver may be another ability. Missing declaration can inherit engine defaults or read another entity.
abilities,troll_cutthroat_enchanted_axes,whirl_duration,True,3.0,game/scripts/npc/abilities/npc_lia_hero_troll_cutthroat.txt,150,game/scripts/vscripts/heroes/TrollCutthroat/EnchantedAxes.lua,107,WhirlingAxesMeleeThink,ability,File-link candidate only; receiver may be another ability. Missing declaration can inherit engine defaults or read another entity.
abilities,troll_cutthroat_enchanted_axes,axe_turn_rate,True,360,game/scripts/npc/abilities/npc_lia_hero_troll_cutthroat.txt,151,game/scripts/vscripts/heroes/TrollCutthroat/EnchantedAxes.lua,108,WhirlingAxesMeleeThink,ability,File-link candidate only; receiver may be another ability. Missing declaration can inherit engine defaults or read another entity.
abilities,troll_cutthroat_enchanted_axes,hit_radius,True,100,game/scripts/npc/abilities/npc_lia_hero_troll_cutthroat.txt,145,game/scripts/vscripts/heroes/TrollCutthroat/EnchantedAxes.lua,109,WhirlingAxesMeleeThink,ability,File-link candidate only; receiver may be another ability. Missing declaration can inherit engine defaults or read another entity.
abilities,troll_cutthroat_enchanted_axes,think_interval,True,0.06,game/scripts/npc/abilities/npc_lia_hero_troll_cutthroat.txt,153,game/scripts/vscripts/heroes/TrollCutthroat/EnchantedAxes.lua,110,WhirlingAxesMeleeThink,ability,File-link candidate only; receiver may be another ability. Missing declaration can inherit engine defaults or read another entity.
abilities,troll_cutthroat_enchanted_axes,damage,True,"[50, 100, 150]",game/scripts/npc/abilities/npc_lia_hero_troll_cutthroat.txt,143,game/scripts/vscripts/heroes/TrollCutthroat/EnchantedAxes.lua,168,WhirlingAxesMeleeHit,ability,File-link candidate only; receiver may be another ability. Missing declaration can inherit engine defaults or read another entity.
abilities,troll_cutthroat_enchanted_axes,str_prc_dmg,True,75,game/scripts/npc/abilities/npc_lia_hero_troll_cutthroat.txt,144,game/scripts/vscripts/heroes/TrollCutthroat/EnchantedAxes.lua,168,WhirlingAxesMeleeHit,ability,File-link candidate only; receiver may be another ability. Missing declaration can inherit engine defaults or read another entity.
abilities,troll_cutthroat_battle_trance,bonus_attack_speed,True,"[50, 100, 150]",game/scripts/npc/abilities/npc_lia_hero_troll_cutthroat.txt,282,game/scripts/vscripts/heroes/TrollCutthroat/modifier_troll_cutthroat_battle_trance.lua,13,modifier_troll_cutthroat_battle_trance:OnCreated,self:GetAbility(),File-link candidate only; receiver may be another ability. Missing declaration can inherit engine defaults or read another entity.
abilities,troll_cutthroat_battle_trance,bonus_strength,True,"[20, 40, 60]",game/scripts/npc/abilities/npc_lia_hero_troll_cutthroat.txt,284,game/scripts/vscripts/heroes/TrollCutthroat/modifier_troll_cutthroat_battle_trance.lua,14,modifier_troll_cutthroat_battle_trance:OnCreated,self:GetAbility(),File-link candidate only; receiver may be another ability. Missing declaration can inherit engine defaults or read another entity.
abilities,troll_cutthroat_battle_trance,duration,True,"[9, 12, 15]",game/scripts/npc/abilities/npc_lia_hero_troll_cutthroat.txt,285,game/scripts/vscripts/heroes/TrollCutthroat/troll_cutthroat_battle_trance.lua,6,troll_cutthroat_battle_trance:OnSpellStart,self,File-link candidate only; receiver may be another ability. Missing declaration can inherit engine defaults or read another entity.
abilities,valkyrie_rage,damage,True,"[20, 40, 60]",game/scripts/npc/abilities/npc_lia_hero_valkyrie.txt,33,game/scripts/vscripts/heroes/Valkyrie/modifier_valkyrie_rage.lua,11,modifier_valkyrie_rage:OnCreated,self.ability,File-link candidate only; receiver may be another ability. Missing declaration can inherit engine defaults or read another entity.
abilities,valkyrie_rage,radius,True,260,game/scripts/npc/abilities/npc_lia_hero_valkyrie.txt,35,game/scripts/vscripts/heroes/Valkyrie/modifier_valkyrie_rage.lua,12,modifier_valkyrie_rage:OnCreated,self.ability,File-link candidate only; receiver may be another ability. Missing declaration can inherit engine defaults or read another entity.
abilities,valkyrie_rage,duration,True,"[8, 12, 16]",game/scripts/npc/abilities/npc_lia_hero_valkyrie.txt,36,game/scripts/vscripts/heroes/Valkyrie/valkyrie_rage.lua,6,valkyrie_rage:OnSpellStart,self,File-link candidate only; receiver may be another ability. Missing declaration can inherit engine defaults or read another entity.
abilities,valkyrie_true_hit,secondary_target_percent,True,2,game/scripts/npc/abilities/npc_lia_hero_valkyrie.txt,175,game/scripts/vscripts/heroes/Valkyrie/TrueHit.lua,12,DealDamage,ability,File-link candidate only; receiver may be another ability. Missing declaration can inherit engine defaults or read another entity.
abilities,valkyrie_true_hit,main_target_percent,True,"[2, 4, 6]",game/scripts/npc/abilities/npc_lia_hero_valkyrie.txt,174,game/scripts/vscripts/heroes/Valkyrie/TrueHit.lua,13,DealDamage,ability,File-link candidate only; receiver may be another ability. Missing declaration can inherit engine defaults or read another entity.
abilities,valkyrie_agility,aura_radius,True,700,game/scripts/npc/abilities/npc_lia_hero_valkyrie.txt,229,game/scripts/vscripts/heroes/Valkyrie/modifier_valkyrie_agility_aura.lua,50,modifier_valkyrie_agility_aura:OnCreated,self:GetAbility(),File-link candidate only; receiver may be another ability. Missing declaration can inherit engine defaults or read another entity.
abilities,valkyrie_agility,aura_radius,True,700,game/scripts/npc/abilities/npc_lia_hero_valkyrie.txt,229,game/scripts/vscripts/heroes/Valkyrie/modifier_valkyrie_agility_aura.lua,56,modifier_valkyrie_agility_aura:OnRefresh,self:GetAbility(),File-link candidate only; receiver may be another ability. Missing declaration can inherit engine defaults or read another entity.
abilities,valkyrie_agility,bonus_attack_speed,True,"[15, 30, 45]",game/scripts/npc/abilities/npc_lia_hero_valkyrie.txt,230,game/scripts/vscripts/heroes/Valkyrie/modifier_valkyrie_agility_effect.lua,13,modifier_valkyrie_agility_effect:OnCreated,self:GetAbility(),File-link candidate only; receiver may be another ability. Missing declaration can inherit engine defaults or read another entity.
abilities,valkyrie_agility,bonus_attack_speed,True,"[15, 30, 45]",game/scripts/npc/abilities/npc_lia_hero_valkyrie.txt,230,game/scripts/vscripts/heroes/Valkyrie/modifier_valkyrie_agility_effect.lua,17,modifier_valkyrie_agility_effect:OnRefresh,self:GetAbility(),File-link candidate only; receiver may be another ability. Missing declaration can inherit engine defaults or read another entity.
abilities,vampire_life_drain,damage_per_second,True,"[5, 10, 15]",game/scripts/npc/abilities/npc_lia_hero_vampire.txt,45,game/scripts/vscripts/heroes/Vampire/LifeDrain.lua,6,LifeDrainFirstInstance,ability,File-link candidate only; receiver may be another ability. Missing declaration can inherit engine defaults or read another entity.
abilities,vampire_lifesteal,lifesteal_percentage,True,"[20, 25, 30]",game/scripts/npc/abilities/npc_lia_hero_vampire.txt,121,game/scripts/vscripts/heroes/Vampire/modifier_vampire_lifesteal.lua,68,modifier_vampire_lifesteal:OnTakeDamage,self:GetAbility(),File-link candidate only; receiver may be another ability. Missing declaration can inherit engine defaults or read another entity.
abilities,vampire_lifesteal,thirst_points_max,True,"[10, 15, 20]",game/scripts/npc/abilities/npc_lia_hero_vampire.txt,122,game/scripts/vscripts/heroes/Vampire/vampire_lifesteal.lua,9,vampire_lifesteal:OnUpgrade,self,File-link candidate only; receiver may be another ability. Missing declaration can inherit engine defaults or read another entity.
abilities,vampire_thirst,activation_health_percent,True,30,game/scripts/npc/abilities/npc_lia_hero_vampire.txt,145,game/scripts/vscripts/heroes/Vampire/Thirst.lua,6,Thirst,ability,File-link candidate only; receiver may be another ability. Missing declaration can inherit engine defaults or read another entity.
abilities,vampire_thirst,thirst_points_bonus,True,"[3, 5, 7]",game/scripts/npc/abilities/npc_lia_hero_vampire.txt,142,game/scripts/vscripts/heroes/Vampire/Thirst.lua,7,Thirst,ability,File-link candidate only; receiver may be another ability. Missing declaration can inherit engine defaults or read another entity.
abilities,vampire_transformation,duration,True,20,game/scripts/npc/abilities/npc_lia_hero_vampire.txt,231,game/scripts/vscripts/heroes/Vampire/Transformation.lua,48,HideWearables,ability,File-link candidate only; receiver may be another ability. Missing declaration can inherit engine defaults or read another entity.
abilities,vampire_transformation,tp_aoe_dmg_mult,True,"[10, 20, 30]",game/scripts/npc/abilities/npc_lia_hero_vampire.txt,226,game/scripts/vscripts/heroes/Vampire/Transformation.lua,100,DamageAndHeal,ability,File-link candidate only; receiver may be another ability. Missing declaration can inherit engine defaults or read another entity.
abilities,vampire_transformation,tp_attack_heal_mult,True,"[6, 8, 10]",game/scripts/npc/abilities/npc_lia_hero_vampire.txt,228,game/scripts/vscripts/heroes/Vampire/Transformation.lua,102,DamageAndHeal,ability,File-link candidate only; receiver may be another ability. Missing declaration can inherit engine defaults or read another entity.
abilities,vampire_transformation,tp_transformation_dmg_mult,True,"[16, 32, 48]",game/scripts/npc/abilities/npc_lia_hero_vampire.txt,227,game/scripts/vscripts/heroes/Vampire/Transformation.lua,116,InitialDamage,ability,File-link candidate only; receiver may be another ability. Missing declaration can inherit engine defaults or read another entity.
abilities,vampire_transformation,duration,True,20,game/scripts/npc/abilities/npc_lia_hero_vampire.txt,231,game/scripts/vscripts/heroes/Vampire/Transformation.lua,119,InitialDamage,ability,File-link candidate only; receiver may be another ability. Missing declaration can inherit engine defaults or read another entity.
abilities,vampire_transformation,tp_regen_mult,True,"[3, 4, 5]",game/scripts/npc/abilities/npc_lia_hero_vampire.txt,225,game/scripts/vscripts/heroes/Vampire/modifier_vampire_transformation_regen.lua,30,modifier_vampire_transformation_regen:OnCreated,ability,File-link candidate only; receiver may be another ability. Missing declaration can inherit engine defaults or read another entity.
abilities,vowen_from_blood_steal_blood,manacost_scepter,True,"[200, 250, 300]",game/scripts/npc/abilities/npc_lia_hero_vowen_from_blood.txt,48,game/scripts/vscripts/heroes/VowenFromBlood/vowen_from_blood_steal_blood.lua,5,vowen_from_blood_steal_blood:GetManaCost,self,File-link candidate only; receiver may be another ability. Missing declaration can inherit engine defaults or read another entity.
abilities,vowen_from_blood_steal_blood,projectile_speed,True,800,game/scripts/npc/abilities/npc_lia_hero_vowen_from_blood.txt,53,game/scripts/vscripts/heroes/VowenFromBlood/vowen_from_blood_steal_blood.lua,15,vowen_from_blood_steal_blood:OnSpellStart,self,File-link candidate only; receiver may be another ability. Missing declaration can inherit engine defaults or read another entity.
abilities,vowen_from_blood_steal_blood,bounce_range,True,800,game/scripts/npc/abilities/npc_lia_hero_vowen_from_blood.txt,47,game/scripts/vscripts/heroes/VowenFromBlood/vowen_from_blood_steal_blood.lua,16,vowen_from_blood_steal_blood:OnSpellStart,self,File-link candidate only; receiver may be another ability. Missing declaration can inherit engine defaults or read another entity.
abilities,vowen_from_blood_steal_blood,heal_per_target,True,45,game/scripts/npc/abilities/npc_lia_hero_vowen_from_blood.txt,40,game/scripts/vscripts/heroes/VowenFromBlood/vowen_from_blood_steal_blood.lua,17,vowen_from_blood_steal_blood:OnSpellStart,self,File-link candidate only; receiver may be another ability. Missing declaration can inherit engine defaults or read another entity.
abilities,vowen_from_blood_steal_blood,damage_scepter,True,"[150, 300, 600]",game/scripts/npc/abilities/npc_lia_hero_vowen_from_blood.txt,35,game/scripts/vscripts/heroes/VowenFromBlood/vowen_from_blood_steal_blood.lua,20,vowen_from_blood_steal_blood:OnSpellStart,self,File-link candidate only; receiver may be another ability. Missing declaration can inherit engine defaults or read another entity.
abilities,vowen_from_blood_steal_blood,bounces_scepter,True,"[6, 8, 10]",game/scripts/npc/abilities/npc_lia_hero_vowen_from_blood.txt,42,game/scripts/vscripts/heroes/VowenFromBlood/vowen_from_blood_steal_blood.lua,21,vowen_from_blood_steal_blood:OnSpellStart,self,File-link candidate only; receiver may be another ability. Missing declaration can inherit engine defaults or read another entity.
abilities,vowen_from_blood_steal_blood,damage,True,"[75, 150, 300]",game/scripts/npc/abilities/npc_lia_hero_vowen_from_blood.txt,34,game/scripts/vscripts/heroes/VowenFromBlood/vowen_from_blood_steal_blood.lua,23,vowen_from_blood_steal_blood:OnSpellStart,self,File-link candidate only; receiver may be another ability. Missing declaration can inherit engine defaults or read another entity.
abilities,vowen_from_blood_steal_blood,bounces,True,"[5, 7, 9]",game/scripts/npc/abilities/npc_lia_hero_vowen_from_blood.txt,41,game/scripts/vscripts/heroes/VowenFromBlood/vowen_from_blood_steal_blood.lua,24,vowen_from_blood_steal_blood:OnSpellStart,self,File-link candidate only; receiver may be another ability. Missing declaration can inherit engine defaults or read another entity.
abilities,vowen_from_blood_spiritual_flame,bonus_health_regen_scepter,True,"[20, 40, 60]",game/scripts/npc/abilities/npc_lia_hero_vowen_from_blood.txt,96,game/scripts/vscripts/heroes/VowenFromBlood/modifier_vowen_from_blood_spiritual_flame.lua,43,modifier_vowen_from_blood_spiritual_flame:OnCreated,self:GetAbility(),File-link candidate only; receiver may be another ability. Missing declaration can inherit engine defaults or read another entity.
abilities,vowen_from_blood_spiritual_flame,bonus_damage_percentage_scepter,True,"[50, 75, 100]",game/scripts/npc/abilities/npc_lia_hero_vowen_from_blood.txt,90,game/scripts/vscripts/heroes/VowenFromBlood/modifier_vowen_from_blood_spiritual_flame.lua,44,modifier_vowen_from_blood_spiritual_flame:OnCreated,self:GetAbility(),File-link candidate only; receiver may be another ability. Missing declaration can inherit engine defaults or read another entity.
abilities,vowen_from_blood_spiritual_flame,bonus_health_regen,True,"[10, 20, 30]",game/scripts/npc/abilities/npc_lia_hero_vowen_from_blood.txt,95,game/scripts/vscripts/heroes/VowenFromBlood/modifier_vowen_from_blood_spiritual_flame.lua,46,modifier_vowen_from_blood_spiritual_flame:OnCreated,self:GetAbility(),File-link candidate only; receiver may be another ability. Missing declaration can inherit engine defaults or read another entity.
abilities,vowen_from_blood_spiritual_flame,bonus_damage_percentage,True,"[25, 50, 75]",game/scripts/npc/abilities/npc_lia_hero_vowen_from_blood.txt,89,game/scripts/vscripts/heroes/VowenFromBlood/modifier_vowen_from_blood_spiritual_flame.lua,47,modifier_vowen_from_blood_spiritual_flame:OnCreated,self:GetAbility(),File-link candidate only; receiver may be another ability. Missing declaration can inherit engine defaults or read another entity.
abilities,vowen_from_blood_spiritual_flame,bonus_health_regen_scepter,True,"[20, 40, 60]",game/scripts/npc/abilities/npc_lia_hero_vowen_from_blood.txt,96,game/scripts/vscripts/heroes/VowenFromBlood/modifier_vowen_from_blood_spiritual_flame.lua,53,modifier_vowen_from_blood_spiritual_flame:OnRefresh,self:GetAbility(),File-link candidate only; receiver may be another ability. Missing declaration can inherit engine defaults or read another entity.
abilities,vowen_from_blood_spiritual_flame,bonus_damage_percentage_scepter,True,"[50, 75, 100]",game/scripts/npc/abilities/npc_lia_hero_vowen_from_blood.txt,90,game/scripts/vscripts/heroes/VowenFromBlood/modifier_vowen_from_blood_spiritual_flame.lua,54,modifier_vowen_from_blood_spiritual_flame:OnRefresh,self:GetAbility(),File-link candidate only; receiver may be another ability. Missing declaration can inherit engine defaults or read another entity.
abilities,vowen_from_blood_spiritual_flame,bonus_health_regen,True,"[10, 20, 30]",game/scripts/npc/abilities/npc_lia_hero_vowen_from_blood.txt,95,game/scripts/vscripts/heroes/VowenFromBlood/modifier_vowen_from_blood_spiritual_flame.lua,56,modifier_vowen_from_blood_spiritual_flame:OnRefresh,self:GetAbility(),File-link candidate only; receiver may be another ability. Missing declaration can inherit engine defaults or read another entity.
abilities,vowen_from_blood_spiritual_flame,bonus_damage_percentage,True,"[25, 50, 75]",game/scripts/npc/abilities/npc_lia_hero_vowen_from_blood.txt,89,game/scripts/vscripts/heroes/VowenFromBlood/modifier_vowen_from_blood_spiritual_flame.lua,57,modifier_vowen_from_blood_spiritual_flame:OnRefresh,self:GetAbility(),File-link candidate only; receiver may be another ability. Missing declaration can inherit engine defaults or read another entity.
abilities,vowen_from_blood_spiritual_flame,manacost_scepter,True,"[200, 250, 300]",game/scripts/npc/abilities/npc_lia_hero_vowen_from_blood.txt,102,game/scripts/vscripts/heroes/VowenFromBlood/vowen_from_blood_spiritual_flame.lua,6,vowen_from_blood_spiritual_flame:GetManaCost,self,File-link candidate only; receiver may be another ability. Missing declaration can inherit engine defaults or read another entity.
abilities,vowen_from_blood_spiritual_flame,duration,True,20,game/scripts/npc/abilities/npc_lia_hero_vowen_from_blood.txt,101,game/scripts/vscripts/heroes/VowenFromBlood/vowen_from_blood_spiritual_flame.lua,13,vowen_from_blood_spiritual_flame:OnSpellStart,self,File-link candidate only; receiver may be another ability. Missing declaration can inherit engine defaults or read another entity.
abilities,vowen_from_blood_soul_burn,duration_hero,True,4,game/scripts/npc/abilities/npc_lia_hero_vowen_from_blood.txt,145,game/scripts/vscripts/heroes/VowenFromBlood/SoulBurn.lua,10,SoulBurn,ability,File-link candidate only; receiver may be another ability. Missing declaration can inherit engine defaults or read another entity.
abilities,vowen_from_blood_soul_burn,duration_creep,True,10,game/scripts/npc/abilities/npc_lia_hero_vowen_from_blood.txt,146,game/scripts/vscripts/heroes/VowenFromBlood/SoulBurn.lua,11,SoulBurn,ability,File-link candidate only; receiver may be another ability. Missing declaration can inherit engine defaults or read another entity.
abilities,vowen_from_blood_soul_burn,buff_duration,True,"[2, 3, 4]",game/scripts/npc/abilities/npc_lia_hero_vowen_from_blood.txt,144,game/scripts/vscripts/heroes/VowenFromBlood/SoulBurn.lua,12,SoulBurn,ability,File-link candidate only; receiver may be another ability. Missing declaration can inherit engine defaults or read another entity.
abilities,walking_dead_decay,movespeed_slow_percentage,True,"[20, 30, 40]",game/scripts/npc/abilities/npc_lia_hero_walking_dead.txt,37,game/scripts/vscripts/heroes/WalkingDead/modifier_walking_dead_decay_debuff.lua,16,modifier_walking_dead_decay_debuff:OnCreated,self:GetAbility(),File-link candidate only; receiver may be another ability. Missing declaration can inherit engine defaults or read another entity.
abilities,walking_dead_decay,health_regeneration,True,"[30, 50, 70]",game/scripts/npc/abilities/npc_lia_hero_walking_dead.txt,40,game/scripts/vscripts/heroes/WalkingDead/modifier_walking_dead_decay_regen.lua,13,modifier_walking_dead_decay_regen:OnCreated,self:GetAbility(),File-link candidate only; receiver may be another ability. Missing declaration can inherit engine defaults or read another entity.
abilities,walking_dead_decay,radius,True,275,game/scripts/npc/abilities/npc_lia_hero_walking_dead.txt,42,game/scripts/vscripts/heroes/WalkingDead/modifier_walking_dead_decay_self.lua,38,modifier_walking_dead_decay_self:OnCreated,self:GetAbility(),File-link candidate only; receiver may be another ability. Missing declaration can inherit engine defaults or read another entity.
abilities,walking_dead_decay,tick_interval,True,0.25,game/scripts/npc/abilities/npc_lia_hero_walking_dead.txt,43,game/scripts/vscripts/heroes/WalkingDead/modifier_walking_dead_decay_self.lua,39,modifier_walking_dead_decay_self:OnCreated,self:GetAbility(),File-link candidate only; receiver may be another ability. Missing declaration can inherit engine defaults or read another entity.
abilities,walking_dead_decay,active_regeneration_reduction_percentage,True,-100,game/scripts/npc/abilities/npc_lia_hero_walking_dead.txt,39,game/scripts/vscripts/heroes/WalkingDead/modifier_walking_dead_decay_self.lua,40,modifier_walking_dead_decay_self:OnCreated,self:GetAbility(),File-link candidate only; receiver may be another ability. Missing declaration can inherit engine defaults or read another entity.
abilities,walking_dead_decay,damage_per_second,True,"[15, 25, 35]",game/scripts/npc/abilities/npc_lia_hero_walking_dead.txt,36,game/scripts/vscripts/heroes/WalkingDead/modifier_walking_dead_decay_self.lua,41,modifier_walking_dead_decay_self:OnCreated,self:GetAbility(),File-link candidate only; receiver may be another ability. Missing declaration can inherit engine defaults or read another entity.
abilities,walking_dead_decay,decay_duration,True,9,game/scripts/npc/abilities/npc_lia_hero_walking_dead.txt,38,game/scripts/vscripts/heroes/WalkingDead/walking_dead_decay.lua,8,walking_dead_decay:OnToggle,self,File-link candidate only; receiver may be another ability. Missing declaration can inherit engine defaults or read another entity.
abilities,walking_dead_decay,decay_duration,True,9,game/scripts/npc/abilities/npc_lia_hero_walking_dead.txt,38,game/scripts/vscripts/heroes/WalkingDead/walking_dead_decay.lua,12,walking_dead_decay:OnToggle,self,File-link candidate only; receiver may be another ability. Missing declaration can inherit engine defaults or read another entity.
abilities,walking_dead_decay,regeneration_duration,True,6,game/scripts/npc/abilities/npc_lia_hero_walking_dead.txt,41,game/scripts/vscripts/heroes/WalkingDead/walking_dead_decay.lua,17,walking_dead_decay:OnToggle,self,File-link candidate only; receiver may be another ability. Missing declaration can inherit engine defaults or read another entity.
abilities,walking_dead_rot_curse,damage_per_second,True,"[20, 40, 60]",game/scripts/npc/abilities/npc_lia_hero_walking_dead.txt,81,game/scripts/vscripts/heroes/WalkingDead/modifier_walking_dead_rot_curse_enemy.lua,24,modifier_walking_dead_rot_curse_enemy:OnCreated,self:GetAbility(),File-link candidate only; receiver may be another ability. Missing declaration can inherit engine defaults or read another entity.
abilities,walking_dead_rot_curse,health_steal_per_second,True,"[40, 60, 80]",game/scripts/npc/abilities/npc_lia_hero_walking_dead.txt,80,game/scripts/vscripts/heroes/WalkingDead/modifier_walking_dead_rot_curse_enemy.lua,25,modifier_walking_dead_rot_curse_enemy:OnCreated,self:GetAbility(),File-link candidate only; receiver may be another ability. Missing declaration can inherit engine defaults or read another entity.
abilities,walking_dead_rot_curse,tick_interval,True,1,game/scripts/npc/abilities/npc_lia_hero_walking_dead.txt,85,game/scripts/vscripts/heroes/WalkingDead/modifier_walking_dead_rot_curse_enemy.lua,26,modifier_walking_dead_rot_curse_enemy:OnCreated,self:GetAbility(),File-link candidate only; receiver may be another ability. Missing declaration can inherit engine defaults or read another entity.
abilities,walking_dead_rot_curse,radius,True,200,game/scripts/npc/abilities/npc_lia_hero_walking_dead.txt,82,game/scripts/vscripts/heroes/WalkingDead/modifier_walking_dead_rot_curse_enemy.lua,27,modifier_walking_dead_rot_curse_enemy:OnCreated,self:GetAbility(),File-link candidate only; receiver may be another ability. Missing declaration can inherit engine defaults or read another entity.
abilities,walking_dead_rot_curse,break_distance,True,800,game/scripts/npc/abilities/npc_lia_hero_walking_dead.txt,86,game/scripts/vscripts/heroes/WalkingDead/modifier_walking_dead_rot_curse_enemy.lua,29,modifier_walking_dead_rot_curse_enemy:OnCreated,self:GetAbility(),File-link candidate only; receiver may be another ability. Missing declaration can inherit engine defaults or read another entity.
abilities,walking_dead_rot_curse,stun_duration,True,2,game/scripts/npc/abilities/npc_lia_hero_walking_dead.txt,84,game/scripts/vscripts/heroes/WalkingDead/modifier_walking_dead_rot_curse_enemy.lua,30,modifier_walking_dead_rot_curse_enemy:OnCreated,self:GetAbility(),File-link candidate only; receiver may be another ability. Missing declaration can inherit engine defaults or read another entity.
abilities,walking_dead_rot_curse,duration,True,5,game/scripts/npc/abilities/npc_lia_hero_walking_dead.txt,83,game/scripts/vscripts/heroes/WalkingDead/walking_dead_rot_curse.lua,7,walking_dead_rot_curse:OnSpellStart,self,File-link candidate only; receiver may be another ability. Missing declaration can inherit engine defaults or read another entity.
abilities,walking_dead_vitality,incoming_damage_percentage,False,,game/scripts/npc/abilities/npc_lia_hero_walking_dead.txt,,game/scripts/vscripts/heroes/WalkingDead/modifier_walking_dead_vitality.lua,14,modifier_walking_dead_vitality:OnCreated,self:GetAbility(),File-link candidate only; receiver may be another ability. Missing declaration can inherit engine defaults or read another entity.
abilities,walking_dead_vitality,health_regen_per_charge,True,"[2, 4, 6]",game/scripts/npc/abilities/npc_lia_hero_walking_dead.txt,111,game/scripts/vscripts/heroes/WalkingDead/modifier_walking_dead_vitality.lua,15,modifier_walking_dead_vitality:OnCreated,self:GetAbility(),File-link candidate only; receiver may be another ability. Missing declaration can inherit engine defaults or read another entity.
abilities,walking_dead_vitality,charge_duration,True,5,game/scripts/npc/abilities/npc_lia_hero_walking_dead.txt,112,game/scripts/vscripts/heroes/WalkingDead/modifier_walking_dead_vitality.lua,16,modifier_walking_dead_vitality:OnCreated,self:GetAbility(),File-link candidate only; receiver may be another ability. Missing declaration can inherit engine defaults or read another entity.
abilities,walking_dead_vitality,incoming_damage_percentage,False,,game/scripts/npc/abilities/npc_lia_hero_walking_dead.txt,,game/scripts/vscripts/heroes/WalkingDead/modifier_walking_dead_vitality.lua,22,modifier_walking_dead_vitality:OnRefresh,self:GetAbility(),File-link candidate only; receiver may be another ability. Missing declaration can inherit engine defaults or read another entity.
abilities,walking_dead_vitality,health_regen_per_charge,True,"[2, 4, 6]",game/scripts/npc/abilities/npc_lia_hero_walking_dead.txt,111,game/scripts/vscripts/heroes/WalkingDead/modifier_walking_dead_vitality.lua,23,modifier_walking_dead_vitality:OnRefresh,self:GetAbility(),File-link candidate only; receiver may be another ability. Missing declaration can inherit engine defaults or read another entity.
abilities,walking_dead_vitality,health_regeneration,False,,game/scripts/npc/abilities/npc_lia_hero_walking_dead.txt,,game/scripts/vscripts/heroes/WalkingDead/modifier_walking_dead_vitality_regen.lua,13,modifier_walking_dead_vitality_regen:OnCreated,self:GetAbility(),File-link candidate only; receiver may be another ability. Missing declaration can inherit engine defaults or read another entity.
abilities,walking_dead_cemetery_power,radius,True,350,game/scripts/npc/abilities/npc_lia_hero_walking_dead.txt,147,game/scripts/vscripts/heroes/WalkingDead/modifier_walking_dead_cemetery_power.lua,14,modifier_walking_dead_cemetery_power:OnCreated,self:GetAbility(),File-link candidate only; receiver may be another ability. Missing declaration can inherit engine defaults or read another entity.
abilities,walking_dead_cemetery_power,bonus_base_strength,True,"[30, 40, 50]",game/scripts/npc/abilities/npc_lia_hero_walking_dead.txt,145,game/scripts/vscripts/heroes/WalkingDead/modifier_walking_dead_cemetery_power.lua,15,modifier_walking_dead_cemetery_power:OnCreated,self:GetAbility(),File-link candidate only; receiver may be another ability. Missing declaration can inherit engine defaults or read another entity.
abilities,walking_dead_cemetery_power,heal_to_damage_percentage,True,"[40, 50, 60]",game/scripts/npc/abilities/npc_lia_hero_walking_dead.txt,146,game/scripts/vscripts/heroes/WalkingDead/modifier_walking_dead_cemetery_power.lua,16,modifier_walking_dead_cemetery_power:OnCreated,self:GetAbility(),File-link candidate only; receiver may be another ability. Missing declaration can inherit engine defaults or read another entity.
abilities,walking_dead_cemetery_power,duration,True,10,game/scripts/npc/abilities/npc_lia_hero_walking_dead.txt,148,game/scripts/vscripts/heroes/WalkingDead/walking_dead_cemetery_power.lua,6,walking_dead_cemetery_power:OnSpellStart,self,File-link candidate only; receiver may be another ability. Missing declaration can inherit engine defaults or read another entity.
abilities,wanderer_the_flow_of_life,bonus_health_regen_scepter,True,"[40, 80, 160]",game/scripts/npc/abilities/npc_lia_hero_wanderer.txt,121,game/scripts/vscripts/heroes/Wanderer/modifier_flow_of_life.lua,35,modifier_flow_of_life:OnCreated,self:GetAbility(),File-link candidate only; receiver may be another ability. Missing declaration can inherit engine defaults or read another entity.
abilities,wanderer_the_flow_of_life,bonus_mana_regen_scepter,True,"[40, 60, 80]",game/scripts/npc/abilities/npc_lia_hero_wanderer.txt,127,game/scripts/vscripts/heroes/Wanderer/modifier_flow_of_life.lua,36,modifier_flow_of_life:OnCreated,self:GetAbility(),File-link candidate only; receiver may be another ability. Missing declaration can inherit engine defaults or read another entity.
abilities,wanderer_the_flow_of_life,bonus_health_regen,True,"[20, 40, 80]",game/scripts/npc/abilities/npc_lia_hero_wanderer.txt,120,game/scripts/vscripts/heroes/Wanderer/modifier_flow_of_life.lua,38,modifier_flow_of_life:OnCreated,self:GetAbility(),File-link candidate only; receiver may be another ability. Missing declaration can inherit engine defaults or read another entity.
abilities,wanderer_the_flow_of_life,bonus_mana_regen,True,"[20, 30, 40]",game/scripts/npc/abilities/npc_lia_hero_wanderer.txt,126,game/scripts/vscripts/heroes/Wanderer/modifier_flow_of_life.lua,39,modifier_flow_of_life:OnCreated,self:GetAbility(),File-link candidate only; receiver may be another ability. Missing declaration can inherit engine defaults or read another entity.
abilities,wanderer_the_flow_of_life,bonus_health_regen_scepter,True,"[40, 80, 160]",game/scripts/npc/abilities/npc_lia_hero_wanderer.txt,121,game/scripts/vscripts/heroes/Wanderer/modifier_flow_of_life.lua,45,modifier_flow_of_life:OnRefresh,self:GetAbility(),File-link candidate only; receiver may be another ability. Missing declaration can inherit engine defaults or read another entity.
abilities,wanderer_the_flow_of_life,bonus_mana_regen_scepter,True,"[40, 60, 80]",game/scripts/npc/abilities/npc_lia_hero_wanderer.txt,127,game/scripts/vscripts/heroes/Wanderer/modifier_flow_of_life.lua,46,modifier_flow_of_life:OnRefresh,self:GetAbility(),File-link candidate only; receiver may be another ability. Missing declaration can inherit engine defaults or read another entity.
abilities,wanderer_the_flow_of_life,bonus_health_regen,True,"[20, 40, 80]",game/scripts/npc/abilities/npc_lia_hero_wanderer.txt,120,game/scripts/vscripts/heroes/Wanderer/modifier_flow_of_life.lua,48,modifier_flow_of_life:OnRefresh,self:GetAbility(),File-link candidate only; receiver may be another ability. Missing declaration can inherit engine defaults or read another entity.
abilities,wanderer_the_flow_of_life,bonus_mana_regen,True,"[20, 30, 40]",game/scripts/npc/abilities/npc_lia_hero_wanderer.txt,126,game/scripts/vscripts/heroes/Wanderer/modifier_flow_of_life.lua,49,modifier_flow_of_life:OnRefresh,self:GetAbility(),File-link candidate only; receiver may be another ability. Missing declaration can inherit engine defaults or read another entity.
abilities,wanderer_the_flow_of_life,cooldown_scepter,True,7,game/scripts/npc/abilities/npc_lia_hero_wanderer.txt,133,game/scripts/vscripts/heroes/Wanderer/wanderer_the_flow_of_life.lua,6,wanderer_the_flow_of_life:GetCooldown,self,File-link candidate only; receiver may be another ability. Missing declaration can inherit engine defaults or read another entity.
abilities,wanderer_the_flow_of_life,duration,True,5,game/scripts/npc/abilities/npc_lia_hero_wanderer.txt,132,game/scripts/vscripts/heroes/Wanderer/wanderer_the_flow_of_life.lua,13,wanderer_the_flow_of_life:OnSpellStart,self,File-link candidate only; receiver may be another ability. Missing declaration can inherit engine defaults or read another entity.
abilities,wanderer_arcane_aura,aura_radius,True,800,game/scripts/npc/abilities/npc_lia_hero_wanderer.txt,178,game/scripts/vscripts/heroes/Wanderer/modifier_wanderer_arcane_aura.lua,50,modifier_wanderer_arcane_aura:OnCreated,self:GetAbility(),File-link candidate only; receiver may be another ability. Missing declaration can inherit engine defaults or read another entity.
abilities,wanderer_arcane_aura,enemy_effect_radius,True,550,game/scripts/npc/abilities/npc_lia_hero_wanderer.txt,177,game/scripts/vscripts/heroes/Wanderer/modifier_wanderer_arcane_aura.lua,51,modifier_wanderer_arcane_aura:OnCreated,self:GetAbility(),File-link candidate only; receiver may be another ability. Missing declaration can inherit engine defaults or read another entity.
abilities,wanderer_arcane_aura,damage,True,"[100, 200, 300]",game/scripts/npc/abilities/npc_lia_hero_wanderer.txt,174,game/scripts/vscripts/heroes/Wanderer/modifier_wanderer_arcane_aura.lua,52,modifier_wanderer_arcane_aura:OnCreated,self:GetAbility(),File-link candidate only; receiver may be another ability. Missing declaration can inherit engine defaults or read another entity.
abilities,wanderer_arcane_aura,slow_duration,True,4,game/scripts/npc/abilities/npc_lia_hero_wanderer.txt,176,game/scripts/vscripts/heroes/Wanderer/modifier_wanderer_arcane_aura.lua,53,modifier_wanderer_arcane_aura:OnCreated,self:GetAbility(),File-link candidate only; receiver may be another ability. Missing declaration can inherit engine defaults or read another entity.
abilities,wanderer_arcane_aura,aura_radius,True,800,game/scripts/npc/abilities/npc_lia_hero_wanderer.txt,178,game/scripts/vscripts/heroes/Wanderer/modifier_wanderer_arcane_aura.lua,59,modifier_wanderer_arcane_aura:OnRefresh,self:GetAbility(),File-link candidate only; receiver may be another ability. Missing declaration can inherit engine defaults or read another entity.
abilities,wanderer_arcane_aura,enemy_effect_radius,True,550,game/scripts/npc/abilities/npc_lia_hero_wanderer.txt,177,game/scripts/vscripts/heroes/Wanderer/modifier_wanderer_arcane_aura.lua,60,modifier_wanderer_arcane_aura:OnRefresh,self:GetAbility(),File-link candidate only; receiver may be another ability. Missing declaration can inherit engine defaults or read another entity.
abilities,wanderer_arcane_aura,damage,True,"[100, 200, 300]",game/scripts/npc/abilities/npc_lia_hero_wanderer.txt,174,game/scripts/vscripts/heroes/Wanderer/modifier_wanderer_arcane_aura.lua,61,modifier_wanderer_arcane_aura:OnRefresh,self:GetAbility(),File-link candidate only; receiver may be another ability. Missing declaration can inherit engine defaults or read another entity.
abilities,wanderer_arcane_aura,slow_duration,True,4,game/scripts/npc/abilities/npc_lia_hero_wanderer.txt,176,game/scripts/vscripts/heroes/Wanderer/modifier_wanderer_arcane_aura.lua,62,modifier_wanderer_arcane_aura:OnRefresh,self:GetAbility(),File-link candidate only; receiver may be another ability. Missing declaration can inherit engine defaults or read another entity.
abilities,wanderer_arcane_aura,regen_mana_constant,True,"[2, 4, 0]",game/scripts/npc/abilities/npc_lia_hero_wanderer.txt,172,game/scripts/vscripts/heroes/Wanderer/modifier_wanderer_arcane_aura_effect.lua,13,modifier_wanderer_arcane_aura_effect:OnCreated,self:GetAbility(),File-link candidate only; receiver may be another ability. Missing declaration can inherit engine defaults or read another entity.
abilities,wanderer_arcane_aura,regen_mana_percent,True,"[0, 0, 1]",game/scripts/npc/abilities/npc_lia_hero_wanderer.txt,173,game/scripts/vscripts/heroes/Wanderer/modifier_wanderer_arcane_aura_effect.lua,14,modifier_wanderer_arcane_aura_effect:OnCreated,self:GetAbility(),File-link candidate only; receiver may be another ability. Missing declaration can inherit engine defaults or read another entity.
abilities,wanderer_arcane_aura,regen_mana_constant,True,"[2, 4, 0]",game/scripts/npc/abilities/npc_lia_hero_wanderer.txt,172,game/scripts/vscripts/heroes/Wanderer/modifier_wanderer_arcane_aura_effect.lua,18,modifier_wanderer_arcane_aura_effect:OnRefresh,self:GetAbility(),File-link candidate only; receiver may be another ability. Missing declaration can inherit engine defaults or read another entity.
abilities,wanderer_arcane_aura,regen_mana_percent,True,"[0, 0, 1]",game/scripts/npc/abilities/npc_lia_hero_wanderer.txt,173,game/scripts/vscripts/heroes/Wanderer/modifier_wanderer_arcane_aura_effect.lua,19,modifier_wanderer_arcane_aura_effect:OnRefresh,self:GetAbility(),File-link candidate only; receiver may be another ability. Missing declaration can inherit engine defaults or read another entity.
abilities,wanderer_arcane_aura,movement_slow_percentage,True,-50,game/scripts/npc/abilities/npc_lia_hero_wanderer.txt,175,game/scripts/vscripts/heroes/Wanderer/modifier_wanderer_arcane_aura_slow.lua,18,modifier_wanderer_arcane_aura_slow:OnCreated,self:GetAbility(),File-link candidate only; receiver may be another ability. Missing declaration can inherit engine defaults or read another entity.
abilities,wanderer_arcane_aura,movement_slow_percentage,True,-50,game/scripts/npc/abilities/npc_lia_hero_wanderer.txt,175,game/scripts/vscripts/heroes/Wanderer/modifier_wanderer_arcane_aura_slow.lua,24,modifier_wanderer_arcane_aura_slow:OnRefresh,self:GetAbility(),File-link candidate only; receiver may be another ability. Missing declaration can inherit engine defaults or read another entity.
abilities,wanderer_ghosts,manacost_scepter,True,"[600, 700, 800]",game/scripts/npc/abilities/npc_lia_hero_wanderer.txt,217,game/scripts/vscripts/heroes/Wanderer/wanderer_ghosts.lua,5,wanderer_ghosts:GetManaCost,self,File-link candidate only; receiver may be another ability. Missing declaration can inherit engine defaults or read another entity.
abilities,wanderer_ghosts,duration,True,120,game/scripts/npc/abilities/npc_lia_hero_wanderer.txt,216,game/scripts/vscripts/heroes/Wanderer/wanderer_ghosts.lua,13,wanderer_ghosts:OnSpellStart,self,File-link candidate only; receiver may be another ability. Missing declaration can inherit engine defaults or read another entity.
abilities,wanderer_ghosts,ghosts_count,True,2,game/scripts/npc/abilities/npc_lia_hero_wanderer.txt,222,game/scripts/vscripts/heroes/Wanderer/wanderer_ghosts.lua,14,wanderer_ghosts:OnSpellStart,self,File-link candidate only; receiver may be another ability. Missing declaration can inherit engine defaults or read another entity.
abilities,warlock_storm,manacost_scepter,True,"[100, 125, 150]",game/scripts/npc/abilities/npc_lia_hero_warlock.txt,42,game/scripts/vscripts/heroes/Warlock/warlock_storm.lua,5,warlock_storm:GetManaCost,self,File-link candidate only; receiver may be another ability. Missing declaration can inherit engine defaults or read another entity.
abilities,warlock_storm,radius,True,250,game/scripts/npc/abilities/npc_lia_hero_warlock.txt,41,game/scripts/vscripts/heroes/Warlock/warlock_storm.lua,12,warlock_storm:GetAOERadius,self,File-link candidate only; receiver may be another ability. Missing declaration can inherit engine defaults or read another entity.
abilities,warlock_storm,radius,True,250,game/scripts/npc/abilities/npc_lia_hero_warlock.txt,41,game/scripts/vscripts/heroes/Warlock/warlock_storm.lua,16,warlock_storm:OnSpellStart,self,File-link candidate only; receiver may be another ability. Missing declaration can inherit engine defaults or read another entity.
abilities,warlock_storm,damage_scepter,True,"[150, 200, 250]",game/scripts/npc/abilities/npc_lia_hero_warlock.txt,36,game/scripts/vscripts/heroes/Warlock/warlock_storm.lua,20,warlock_storm:OnSpellStart,self,File-link candidate only; receiver may be another ability. Missing declaration can inherit engine defaults or read another entity.
abilities,warlock_storm,damage,True,"[50, 100, 150]",game/scripts/npc/abilities/npc_lia_hero_warlock.txt,35,game/scripts/vscripts/heroes/Warlock/warlock_storm.lua,22,warlock_storm:OnSpellStart,self,File-link candidate only; receiver may be another ability. Missing declaration can inherit engine defaults or read another entity.
abilities,warlock_magic_splash,damage,True,"[60, 120, 180]",game/scripts/npc/abilities/npc_lia_hero_warlock.txt,165,game/scripts/vscripts/heroes/Warlock/magicSplash.lua,15,MagicSplash,ability,File-link candidate only; receiver may be another ability. Missing declaration can inherit engine defaults or read another entity.
abilities,warlock_magic_splash,radius,True,"[400, 450, 500]",game/scripts/npc/abilities/npc_lia_hero_warlock.txt,166,game/scripts/vscripts/heroes/Warlock/magicSplash.lua,16,MagicSplash,ability,File-link candidate only; receiver may be another ability. Missing declaration can inherit engine defaults or read another entity.
abilities,warlock_firestorm,burn_interval,True,1.0,game/scripts/npc/abilities/npc_lia_hero_warlock.txt,240,game/scripts/vscripts/heroes/Warlock/modifier_warlock_firestorm_burn.lua,12,modifier_warlock_firestorm_burn:OnCreated,self:GetAbility(),File-link candidate only; receiver may be another ability. Missing declaration can inherit engine defaults or read another entity.
abilities,warlock_firestorm,burn_damage_scepter,True,"[40, 60, 80]",game/scripts/npc/abilities/npc_lia_hero_warlock.txt,235,game/scripts/vscripts/heroes/Warlock/modifier_warlock_firestorm_burn.lua,15,modifier_warlock_firestorm_burn:OnCreated,self:GetAbility(),File-link candidate only; receiver may be another ability. Missing declaration can inherit engine defaults or read another entity.
abilities,warlock_firestorm,burn_damage,True,"[20, 40, 60]",game/scripts/npc/abilities/npc_lia_hero_warlock.txt,234,game/scripts/vscripts/heroes/Warlock/modifier_warlock_firestorm_burn.lua,17,modifier_warlock_firestorm_burn:OnCreated,self:GetAbility(),File-link candidate only; receiver may be another ability. Missing declaration can inherit engine defaults or read another entity.
abilities,warlock_firestorm,wave_interval,True,1.0,game/scripts/npc/abilities/npc_lia_hero_warlock.txt,241,game/scripts/vscripts/heroes/Warlock/modifier_warlock_firestorm_channel.lua,12,modifier_warlock_firestorm_channel:OnCreated,self:GetAbility(),File-link candidate only; receiver may be another ability. Missing declaration can inherit engine defaults or read another entity.
abilities,warlock_firestorm,burn_duration,True,10,game/scripts/npc/abilities/npc_lia_hero_warlock.txt,242,game/scripts/vscripts/heroes/Warlock/modifier_warlock_firestorm_channel.lua,13,modifier_warlock_firestorm_channel:OnCreated,self:GetAbility(),File-link candidate only; receiver may be another ability. Missing declaration can inherit engine defaults or read another entity.
abilities,warlock_firestorm,wave_damage_scepter,True,"[180, 210, 240]",game/scripts/npc/abilities/npc_lia_hero_warlock.txt,229,game/scripts/vscripts/heroes/Warlock/modifier_warlock_firestorm_channel.lua,16,modifier_warlock_firestorm_channel:OnCreated,self:GetAbility(),File-link candidate only; receiver may be another ability. Missing declaration can inherit engine defaults or read another entity.
abilities,warlock_firestorm,radius_scepter,True,325,game/scripts/npc/abilities/npc_lia_hero_warlock.txt,246,game/scripts/vscripts/heroes/Warlock/modifier_warlock_firestorm_channel.lua,17,modifier_warlock_firestorm_channel:OnCreated,self:GetAbility(),File-link candidate only; receiver may be another ability. Missing declaration can inherit engine defaults or read another entity.
abilities,warlock_firestorm,wave_damage,True,"[90, 120, 150]",game/scripts/npc/abilities/npc_lia_hero_warlock.txt,228,game/scripts/vscripts/heroes/Warlock/modifier_warlock_firestorm_channel.lua,19,modifier_warlock_firestorm_channel:OnCreated,self:GetAbility(),File-link candidate only; receiver may be another ability. Missing declaration can inherit engine defaults or read another entity.
abilities,warlock_firestorm,radius,True,"[280, 290, 300]",game/scripts/npc/abilities/npc_lia_hero_warlock.txt,245,game/scripts/vscripts/heroes/Warlock/modifier_warlock_firestorm_channel.lua,20,modifier_warlock_firestorm_channel:OnCreated,self:GetAbility(),File-link candidate only; receiver may be another ability. Missing declaration can inherit engine defaults or read another entity.
abilities,warlock_firestorm,manacost_scepter,True,"[350, 400, 450]",game/scripts/npc/abilities/npc_lia_hero_warlock.txt,251,game/scripts/vscripts/heroes/Warlock/warlock_firestorm.lua,7,warlock_firestorm:GetManaCost,self,File-link candidate only; receiver may be another ability. Missing declaration can inherit engine defaults or read another entity.
abilities,warlock_firestorm,radius_scepter,True,325,game/scripts/npc/abilities/npc_lia_hero_warlock.txt,246,game/scripts/vscripts/heroes/Warlock/warlock_firestorm.lua,15,warlock_firestorm:GetAOERadius,self,File-link candidate only; receiver may be another ability. Missing declaration can inherit engine defaults or read another entity.
abilities,warlock_firestorm,radius,True,"[280, 290, 300]",game/scripts/npc/abilities/npc_lia_hero_warlock.txt,245,game/scripts/vscripts/heroes/Warlock/warlock_firestorm.lua,18,warlock_firestorm:GetAOERadius,self,File-link candidate only; receiver may be another ability. Missing declaration can inherit engine defaults or read another entity.
abilities,warlock_firestorm,channel_time,True,6.1,game/scripts/npc/abilities/npc_lia_hero_warlock.txt,244,game/scripts/vscripts/heroes/Warlock/warlock_firestorm.lua,22,warlock_firestorm:GetChannelTime,self,File-link candidate only; receiver may be another ability. Missing declaration can inherit engine defaults or read another entity.
abilities,warlock_firestorm,channel_time,True,6.1,game/scripts/npc/abilities/npc_lia_hero_warlock.txt,244,game/scripts/vscripts/heroes/Warlock/warlock_firestorm.lua,34,warlock_firestorm:OnSpellStart,self,File-link candidate only; receiver may be another ability. Missing declaration can inherit engine defaults or read another entity.
abilities,warrior_of_light_will_light,AuraRadius,True,500,game/scripts/npc/abilities/npc_lia_hero_warrior_of_light.txt,108,game/scripts/vscripts/heroes/WarriorOfLight/modifier_warrior_of_light_will_light.lua,25,modifier_warrior_of_light_will_light:OnTakeDamage,self:GetAbility(),File-link candidate only; receiver may be another ability. Missing declaration can inherit engine defaults or read another entity.
abilities,warrior_of_light_will_light,absord_proc,True,"[0.1, 0.2, 0.3]",game/scripts/npc/abilities/npc_lia_hero_warrior_of_light.txt,107,game/scripts/vscripts/heroes/WarriorOfLight/modifier_warrior_of_light_will_light.lua,26,modifier_warrior_of_light_will_light:OnTakeDamage,self:GetAbility(),File-link candidate only; receiver may be another ability. Missing declaration can inherit engine defaults or read another entity.
abilities,warrior_of_light_holy_power,block_chance,True,"[15, 20, 25]",game/scripts/npc/abilities/npc_lia_hero_warrior_of_light.txt,127,game/scripts/vscripts/heroes/WarriorOfLight/modifier_warrior_of_light_holy_power.lua,18,modifier_warrior_of_light_holy_power:OnCreated,self:GetAbility(),File-link candidate only; receiver may be another ability. Missing declaration can inherit engine defaults or read another entity.
abilities,warrior_of_light_holy_power,block_chance,True,"[15, 20, 25]",game/scripts/npc/abilities/npc_lia_hero_warrior_of_light.txt,127,game/scripts/vscripts/heroes/WarriorOfLight/modifier_warrior_of_light_holy_power.lua,28,modifier_warrior_of_light_holy_power:OnRefresh,self:GetAbility(),File-link candidate only; receiver may be another ability. Missing declaration can inherit engine defaults or read another entity.
abilities,witch_doctor_negative_energy,speed,True,1100,game/scripts/npc/abilities/npc_lia_hero_witch_doctor.txt,42,game/scripts/vscripts/heroes/WitchDoctor/witch_doctor_negative_energy.lua,4,witch_doctor_negative_energy:OnSpellStart,self,File-link candidate only; receiver may be another ability. Missing declaration can inherit engine defaults or read another entity.
abilities,witch_doctor_negative_energy,projectile_distance,True,650,game/scripts/npc/abilities/npc_lia_hero_witch_doctor.txt,39,game/scripts/vscripts/heroes/WitchDoctor/witch_doctor_negative_energy.lua,5,witch_doctor_negative_energy:OnSpellStart,self,File-link candidate only; receiver may be another ability. Missing declaration can inherit engine defaults or read another entity.
abilities,witch_doctor_negative_energy,start_width,True,80,game/scripts/npc/abilities/npc_lia_hero_witch_doctor.txt,40,game/scripts/vscripts/heroes/WitchDoctor/witch_doctor_negative_energy.lua,6,witch_doctor_negative_energy:OnSpellStart,self,File-link candidate only; receiver may be another ability. Missing declaration can inherit engine defaults or read another entity.
abilities,witch_doctor_negative_energy,end_width,True,200,game/scripts/npc/abilities/npc_lia_hero_witch_doctor.txt,41,game/scripts/vscripts/heroes/WitchDoctor/witch_doctor_negative_energy.lua,7,witch_doctor_negative_energy:OnSpellStart,self,File-link candidate only; receiver may be another ability. Missing declaration can inherit engine defaults or read another entity.
abilities,witch_doctor_negative_energy,damage_scepter,True,"[300, 400, 500]",game/scripts/npc/abilities/npc_lia_hero_witch_doctor.txt,34,game/scripts/vscripts/heroes/WitchDoctor/witch_doctor_negative_energy.lua,42,witch_doctor_negative_energy:OnProjectileHit,self,File-link candidate only; receiver may be another ability. Missing declaration can inherit engine defaults or read another entity.
abilities,witch_doctor_negative_energy,damage,True,"[100, 200, 300]",game/scripts/npc/abilities/npc_lia_hero_witch_doctor.txt,33,game/scripts/vscripts/heroes/WitchDoctor/witch_doctor_negative_energy.lua,44,witch_doctor_negative_energy:OnProjectileHit,self,File-link candidate only; receiver may be another ability. Missing declaration can inherit engine defaults or read another entity.
abilities,witch_doctor_frost_armor,slow_duration,True,5.0,game/scripts/npc/abilities/npc_lia_hero_witch_doctor.txt,94,game/scripts/vscripts/heroes/WitchDoctor/modifier_witch_doctor_frost_armor_buff.lua,12,modifier_witch_doctor_frost_armor_buff:OnCreated,self:GetAbility(),File-link candidate only; receiver may be another ability. Missing declaration can inherit engine defaults or read another entity.
abilities,witch_doctor_frost_armor,armor_bonus_scepter,True,"[20, 25, 30]",game/scripts/npc/abilities/npc_lia_hero_witch_doctor.txt,81,game/scripts/vscripts/heroes/WitchDoctor/modifier_witch_doctor_frost_armor_buff.lua,15,modifier_witch_doctor_frost_armor_buff:OnCreated,self:GetAbility(),File-link candidate only; receiver may be another ability. Missing declaration can inherit engine defaults or read another entity.
abilities,witch_doctor_frost_armor,armor_bonus,True,"[5, 10, 15]",game/scripts/npc/abilities/npc_lia_hero_witch_doctor.txt,80,game/scripts/vscripts/heroes/WitchDoctor/modifier_witch_doctor_frost_armor_buff.lua,17,modifier_witch_doctor_frost_armor_buff:OnCreated,self:GetAbility(),File-link candidate only; receiver may be another ability. Missing declaration can inherit engine defaults or read another entity.
abilities,witch_doctor_frost_armor,armor_bonus_scepter,True,"[20, 25, 30]",game/scripts/npc/abilities/npc_lia_hero_witch_doctor.txt,81,game/scripts/vscripts/heroes/WitchDoctor/modifier_witch_doctor_frost_armor_buff.lua,23,modifier_witch_doctor_frost_armor_buff:OnRefresh,self:GetAbility(),File-link candidate only; receiver may be another ability. Missing declaration can inherit engine defaults or read another entity.
abilities,witch_doctor_frost_armor,armor_bonus,True,"[5, 10, 15]",game/scripts/npc/abilities/npc_lia_hero_witch_doctor.txt,80,game/scripts/vscripts/heroes/WitchDoctor/modifier_witch_doctor_frost_armor_buff.lua,25,modifier_witch_doctor_frost_armor_buff:OnRefresh,self:GetAbility(),File-link candidate only; receiver may be another ability. Missing declaration can inherit engine defaults or read another entity.
abilities,witch_doctor_frost_armor,movement_slow_percent,True,-40,game/scripts/npc/abilities/npc_lia_hero_witch_doctor.txt,92,game/scripts/vscripts/heroes/WitchDoctor/modifier_witch_doctor_frost_armor_debuff.lua,18,modifier_witch_doctor_frost_armor_debuff:OnCreated,self:GetAbility(),File-link candidate only; receiver may be another ability. Missing declaration can inherit engine defaults or read another entity.
abilities,witch_doctor_frost_armor,attack_slow,True,-25,game/scripts/npc/abilities/npc_lia_hero_witch_doctor.txt,93,game/scripts/vscripts/heroes/WitchDoctor/modifier_witch_doctor_frost_armor_debuff.lua,19,modifier_witch_doctor_frost_armor_debuff:OnCreated,self:GetAbility(),File-link candidate only; receiver may be another ability. Missing declaration can inherit engine defaults or read another entity.
abilities,witch_doctor_frost_armor,manacost_scepter,True,"[150, 175, 200]",game/scripts/npc/abilities/npc_lia_hero_witch_doctor.txt,95,game/scripts/vscripts/heroes/WitchDoctor/witch_doctor_frost_armor.lua,8,witch_doctor_frost_armor:GetManaCost,self,File-link candidate only; receiver may be another ability. Missing declaration can inherit engine defaults or read another entity.
abilities,witch_doctor_frost_armor,duration_scepter,True,30,game/scripts/npc/abilities/npc_lia_hero_witch_doctor.txt,87,game/scripts/vscripts/heroes/WitchDoctor/witch_doctor_frost_armor.lua,18,witch_doctor_frost_armor:OnSpellStart,self,File-link candidate only; receiver may be another ability. Missing declaration can inherit engine defaults or read another entity.
abilities,witch_doctor_frost_armor,duration,True,"[10, 15, 20]",game/scripts/npc/abilities/npc_lia_hero_witch_doctor.txt,86,game/scripts/vscripts/heroes/WitchDoctor/witch_doctor_frost_armor.lua,20,witch_doctor_frost_armor:OnSpellStart,self,File-link candidate only; receiver may be another ability. Missing declaration can inherit engine defaults or read another entity.
abilities,witch_doctor_discharge,air_time,True,1.2,game/scripts/npc/abilities/npc_lia_hero_witch_doctor.txt,149,game/scripts/vscripts/heroes/WitchDoctor/Discharge.lua,6,Discharge,ability,File-link candidate only; receiver may be another ability. Missing declaration can inherit engine defaults or read another entity.
abilities,witch_doctor_discharge,damage,True,"[90, 180, 270]",game/scripts/npc/abilities/npc_lia_hero_witch_doctor.txt,144,game/scripts/vscripts/heroes/WitchDoctor/Discharge.lua,10,Discharge,ability,File-link candidate only; receiver may be another ability. Missing declaration can inherit engine defaults or read another entity.
abilities,witch_doctor_discharge,heal,True,"[150, 300, 450]",game/scripts/npc/abilities/npc_lia_hero_witch_doctor.txt,145,game/scripts/vscripts/heroes/WitchDoctor/Discharge.lua,18,Discharge,ability,File-link candidate only; receiver may be another ability. Missing declaration can inherit engine defaults or read another entity.
abilities,hell_beast_sleep,duration_invul,True,2,game/scripts/npc/abilities/purchasable_units_skills.txt,312,game/scripts/vscripts/abilities/hell_beast_sleep.lua,22,hell_beast_sleep:OnSpellStart,self,File-link candidate only; receiver may be another ability. Missing declaration can inherit engine defaults or read another entity.
abilities,hell_beast_sleep,duration_hero,True,4,game/scripts/npc/abilities/purchasable_units_skills.txt,310,game/scripts/vscripts/abilities/hell_beast_sleep.lua,23,hell_beast_sleep:OnSpellStart,self,File-link candidate only; receiver may be another ability. Missing declaration can inherit engine defaults or read another entity.
abilities,hell_beast_sleep,duration_creep,True,12,game/scripts/npc/abilities/purchasable_units_skills.txt,311,game/scripts/vscripts/abilities/hell_beast_sleep.lua,23,hell_beast_sleep:OnSpellStart,self,File-link candidate only; receiver may be another ability. Missing declaration can inherit engine defaults or read another entity.
abilities,troll_healer_heal,value_heal_percent,True,5,game/scripts/npc/abilities/purchasable_units_skills.txt,418,game/scripts/vscripts/abilities/TrollHealer.lua,6,Heal,ability,File-link candidate only; receiver may be another ability. Missing declaration can inherit engine defaults or read another entity.
abilities,shadow_shadow_mastery,damage_agility_percent,True,150,game/scripts/npc/abilities/shadow_abilities.txt,49,game/scripts/vscripts/heroes/ShadowMaster/ShadowMastery.lua,6,OnAttackLanded,ability,File-link candidate only; receiver may be another ability. Missing declaration can inherit engine defaults or read another entity.
abilities,shadow_shadow_mastery,damage_shadow,False,,game/scripts/npc/abilities/shadow_abilities.txt,,game/scripts/vscripts/heroes/ShadowMaster/ShadowMastery.lua,21,OnAttackLanded,abiStealShadow,File-link candidate only; receiver may be another ability. Missing declaration can inherit engine defaults or read another entity.
abilities,spirit_of_the_plains_fog,duration,False,,game/scripts/npc/abilities/wanderer_abilities.txt,,game/scripts/vscripts/heroes/Wanderer/fog.lua,9,CloudSound,ability,File-link candidate only; receiver may be another ability. Missing declaration can inherit engine defaults or read another entity.
items,item_lia_alanith_spear,bonus_damage,True,25,game/scripts/npc/items/item_lia_alanith_spear.txt,42,game/scripts/vscripts/items/item_lia_alanith_spear.lua,35,modifier_item_lia_alanith_spear:OnRefresh,self.ability,File-link candidate only; receiver may be another ability. Missing declaration can inherit engine defaults or read another entity.
items,item_lia_alanith_spear,lifesteal_percent,True,17,game/scripts/npc/items/item_lia_alanith_spear.txt,43,game/scripts/vscripts/items/item_lia_alanith_spear.lua,36,modifier_item_lia_alanith_spear:OnRefresh,self.ability,File-link candidate only; receiver may be another ability. Missing declaration can inherit engine defaults or read another entity.
items,item_lia_armor_of_the_red_mist,radius,True,400,game/scripts/npc/items/item_lia_armor_of_the_red_mist.txt,59,game/scripts/vscripts/items/item_lia_armor_of_the_red_mist.lua,12,item_lia_armor_of_the_red_mist:OnSpellStart,self,File-link candidate only; receiver may be another ability. Missing declaration can inherit engine defaults or read another entity.
items,item_lia_armor_of_the_red_mist,duration,True,5.0,game/scripts/npc/items/item_lia_armor_of_the_red_mist.txt,60,game/scripts/vscripts/items/item_lia_armor_of_the_red_mist.lua,13,item_lia_armor_of_the_red_mist:OnSpellStart,self,File-link candidate only; receiver may be another ability. Missing declaration can inherit engine defaults or read another entity.
items,item_lia_armor_of_the_red_mist,damage,True,400,game/scripts/npc/items/item_lia_armor_of_the_red_mist.txt,57,game/scripts/vscripts/items/item_lia_armor_of_the_red_mist.lua,31,item_lia_armor_of_the_red_mist:OnSpellStart,self,File-link candidate only; receiver may be another ability. Missing declaration can inherit engine defaults or read another entity.
items,item_lia_armor_of_the_red_mist,bonus_health,True,700,game/scripts/npc/items/item_lia_armor_of_the_red_mist.txt,54,game/scripts/vscripts/items/modifier_armor_of_the_red_mist.lua,27,modifier_armor_of_the_red_mist:OnCreated,self:GetAbility(),File-link candidate only; receiver may be another ability. Missing declaration can inherit engine defaults or read another entity.
items,item_lia_armor_of_the_red_mist,bonus_armor,True,20,game/scripts/npc/items/item_lia_armor_of_the_red_mist.txt,53,game/scripts/vscripts/items/modifier_armor_of_the_red_mist.lua,28,modifier_armor_of_the_red_mist:OnCreated,self:GetAbility(),File-link candidate only; receiver may be another ability. Missing declaration can inherit engine defaults or read another entity.
items,item_lia_armor_of_the_red_mist,damage_blocked,True,60,game/scripts/npc/items/item_lia_armor_of_the_red_mist.txt,55,game/scripts/vscripts/items/modifier_armor_of_the_red_mist.lua,29,modifier_armor_of_the_red_mist:OnCreated,self:GetAbility(),File-link candidate only; receiver may be another ability. Missing declaration can inherit engine defaults or read another entity.
items,item_lia_armor_of_the_red_mist,bonus_magic_resist_percentage,True,30,game/scripts/npc/items/item_lia_armor_of_the_red_mist.txt,56,game/scripts/vscripts/items/modifier_armor_of_the_red_mist.lua,30,modifier_armor_of_the_red_mist:OnCreated,self:GetAbility(),File-link candidate only; receiver may be another ability. Missing declaration can inherit engine defaults or read another entity.
items,item_lia_armor_of_the_red_mist,active_armor,True,25,game/scripts/npc/items/item_lia_armor_of_the_red_mist.txt,58,game/scripts/vscripts/items/modifier_armor_of_the_red_mist_buff.lua,20,modifier_armor_of_the_red_mist_buff:OnCreated,self:GetAbility(),File-link candidate only; receiver may be another ability. Missing declaration can inherit engine defaults or read another entity.
items,item_lia_banner_of_victory,aura_radius,True,800,game/scripts/npc/items/item_lia_banner_of_victory.txt,39,game/scripts/vscripts/items/item_lia_banner_of_victory.lua,55,modifier_banner_of_victory:OnCreated,self:GetAbility(),File-link candidate only; receiver may be another ability. Missing declaration can inherit engine defaults or read another entity.
items,item_lia_banner_of_victory,aura_lifesteal_percent,True,12,game/scripts/npc/items/item_lia_banner_of_victory.txt,40,game/scripts/vscripts/items/item_lia_banner_of_victory.lua,97,modifier_banner_of_victory_aura_effect:OnCreated,self:GetAbility(),File-link candidate only; receiver may be another ability. Missing declaration can inherit engine defaults or read another entity.
items,item_lia_banner_of_victory,aura_armor,True,5,game/scripts/npc/items/item_lia_banner_of_victory.txt,41,game/scripts/vscripts/items/item_lia_banner_of_victory.lua,98,modifier_banner_of_victory_aura_effect:OnCreated,self:GetAbility(),File-link candidate only; receiver may be another ability. Missing declaration can inherit engine defaults or read another entity.
items,item_lia_battle_axe,bash_damage,True,80,game/scripts/npc/items/item_lia_battle_axe.txt,44,game/scripts/vscripts/items/BattleAxe.lua,16,Bash,ability,File-link candidate only; receiver may be another ability. Missing declaration can inherit engine defaults or read another entity.
items,item_lia_battle_axe,bash_stun,True,1.25,game/scripts/npc/items/item_lia_battle_axe.txt,45,game/scripts/vscripts/items/BattleAxe.lua,21,Bash,ability,File-link candidate only; receiver may be another ability. Missing declaration can inherit engine defaults or read another entity.
items,item_lia_battle_axe,bash_chance,True,16,game/scripts/npc/items/item_lia_battle_axe.txt,43,game/scripts/vscripts/items/BattleAxe.lua,30,IsActiveBash,ability,File-link candidate only; receiver may be another ability. Missing declaration can inherit engine defaults or read another entity.
items,item_lia_battle_axe,bash_chance,True,16,game/scripts/npc/items/item_lia_battle_axe.txt,43,game/scripts/vscripts/items/BattleAxe.lua,35,IsActiveBash,modAbility,File-link candidate only; receiver may be another ability. Missing declaration can inherit engine defaults or read another entity.
items,item_lia_battle_axe,bash_chance,True,16,game/scripts/npc/items/item_lia_battle_axe.txt,43,game/scripts/vscripts/items/BattleAxe.lua,36,IsActiveBash,modAbility,File-link candidate only; receiver may be another ability. Missing declaration can inherit engine defaults or read another entity.
items,item_lia_battle_javelin,pierce_chance,True,15,game/scripts/npc/items/item_lia_battle_javelin.txt,41,game/scripts/vscripts/items/item_lia_battle_javelin.lua,44,modifier_battle_javelin:OnCreated,self:GetAbility(),File-link candidate only; receiver may be another ability. Missing declaration can inherit engine defaults or read another entity.
items,item_lia_battle_javelin,bonus_damage,True,45,game/scripts/npc/items/item_lia_battle_javelin.txt,39,game/scripts/vscripts/items/item_lia_battle_javelin.lua,45,modifier_battle_javelin:OnCreated,self:GetAbility(),File-link candidate only; receiver may be another ability. Missing declaration can inherit engine defaults or read another entity.
items,item_lia_battle_javelin,bonus_attack_speed,True,35,game/scripts/npc/items/item_lia_battle_javelin.txt,40,game/scripts/vscripts/items/item_lia_battle_javelin.lua,46,modifier_battle_javelin:OnCreated,self:GetAbility(),File-link candidate only; receiver may be another ability. Missing declaration can inherit engine defaults or read another entity.
items,item_lia_blade_of_incorporeality,active_duration,True,4,game/scripts/npc/items/item_lia_blade_of_incorporeality.txt,53,game/scripts/vscripts/items/item_lia_blade_of_incorporeality.lua,11,item_lia_blade_of_incorporeality:OnSpellStart,self,File-link candidate only; receiver may be another ability. Missing declaration can inherit engine defaults or read another entity.
items,item_lia_blade_of_incorporeality,bonus_armor,True,10,game/scripts/npc/items/item_lia_blade_of_incorporeality.txt,50,game/scripts/vscripts/items/item_lia_blade_of_incorporeality.lua,70,modifier_blade_of_incorporeality:OnCreated,self:GetAbility(),File-link candidate only; receiver may be another ability. Missing declaration can inherit engine defaults or read another entity.
items,item_lia_blade_of_incorporeality,bonus_agility,True,20,game/scripts/npc/items/item_lia_blade_of_incorporeality.txt,49,game/scripts/vscripts/items/item_lia_blade_of_incorporeality.lua,71,modifier_blade_of_incorporeality:OnCreated,self:GetAbility(),File-link candidate only; receiver may be another ability. Missing declaration can inherit engine defaults or read another entity.
items,item_lia_blade_of_incorporeality,bonus_damage,True,35,game/scripts/npc/items/item_lia_blade_of_incorporeality.txt,47,game/scripts/vscripts/items/item_lia_blade_of_incorporeality.lua,72,modifier_blade_of_incorporeality:OnCreated,self:GetAbility(),File-link candidate only; receiver may be another ability. Missing declaration can inherit engine defaults or read another entity.
items,item_lia_blade_of_incorporeality,bonus_attack_speed,True,40,game/scripts/npc/items/item_lia_blade_of_incorporeality.txt,48,game/scripts/vscripts/items/item_lia_blade_of_incorporeality.lua,73,modifier_blade_of_incorporeality:OnCreated,self:GetAbility(),File-link candidate only; receiver may be another ability. Missing declaration can inherit engine defaults or read another entity.
items,item_lia_blade_of_incorporeality,evasion,True,15,game/scripts/npc/items/item_lia_blade_of_incorporeality.txt,51,game/scripts/vscripts/items/item_lia_blade_of_incorporeality.lua,74,modifier_blade_of_incorporeality:OnCreated,self:GetAbility(),File-link candidate only; receiver may be another ability. Missing declaration can inherit engine defaults or read another entity.
items,item_lia_blade_of_incorporeality,active_evasion,True,75,game/scripts/npc/items/item_lia_blade_of_incorporeality.txt,52,game/scripts/vscripts/items/item_lia_blade_of_incorporeality.lua,75,modifier_blade_of_incorporeality:OnCreated,self:GetAbility(),File-link candidate only; receiver may be another ability. Missing declaration can inherit engine defaults or read another entity.
items,item_lia_blade_of_incorporeality,active_evasion,True,75,game/scripts/npc/items/item_lia_blade_of_incorporeality.txt,52,game/scripts/vscripts/items/item_lia_blade_of_incorporeality.lua,120,modifier_blade_of_incorporeality_active:OnCreated,self:GetAbility(),File-link candidate only; receiver may be another ability. Missing declaration can inherit engine defaults or read another entity.
items,item_lia_blood_blade,healtsteal_percent,True,8,game/scripts/npc/items/item_lia_blood_blade.txt,52,game/scripts/vscripts/items/item_lia_blood_blade.lua,12,item_lia_blood_blade:OnSpellStart,self,File-link candidate only; receiver may be another ability. Missing declaration can inherit engine defaults or read another entity.
items,item_lia_blood_blade,healtsteal_radius,True,525,game/scripts/npc/items/item_lia_blood_blade.txt,53,game/scripts/vscripts/items/item_lia_blood_blade.lua,13,item_lia_blood_blade:OnSpellStart,self,File-link candidate only; receiver may be another ability. Missing declaration can inherit engine defaults or read another entity.
items,item_lia_blood_blade,healtsteal_limit,True,1500,game/scripts/npc/items/item_lia_blood_blade.txt,54,game/scripts/vscripts/items/item_lia_blood_blade.lua,14,item_lia_blood_blade:OnSpellStart,self,File-link candidate only; receiver may be another ability. Missing declaration can inherit engine defaults or read another entity.
items,item_lia_blood_blade,healtsteal_max_damage,True,250,game/scripts/npc/items/item_lia_blood_blade.txt,55,game/scripts/vscripts/items/item_lia_blood_blade.lua,15,item_lia_blood_blade:OnSpellStart,self,File-link candidate only; receiver may be another ability. Missing declaration can inherit engine defaults or read another entity.
items,item_lia_blood_blade,bonus_damage,True,70,game/scripts/npc/items/item_lia_blood_blade.txt,50,game/scripts/vscripts/items/item_lia_blood_blade.lua,76,modifier_item_lia_blood_blade:OnRefresh,self.ability,File-link candidate only; receiver may be another ability. Missing declaration can inherit engine defaults or read another entity.
items,item_lia_blood_blade,lifesteal_percent,True,22,game/scripts/npc/items/item_lia_blood_blade.txt,51,game/scripts/vscripts/items/item_lia_blood_blade.lua,77,modifier_item_lia_blood_blade:OnRefresh,self.ability,File-link candidate only; receiver may be another ability. Missing declaration can inherit engine defaults or read another entity.
items,item_lia_blood_moon,bonus_damage,True,100,game/scripts/npc/items/item_lia_blood_moon.txt,40,game/scripts/vscripts/items/item_lia_blood_moon.lua,29,modifier_item_lia_blood_moon:OnCreated,self.ability,File-link candidate only; receiver may be another ability. Missing declaration can inherit engine defaults or read another entity.
items,item_lia_blood_moon,bonus_strength,True,50,game/scripts/npc/items/item_lia_blood_moon.txt,41,game/scripts/vscripts/items/item_lia_blood_moon.lua,30,modifier_item_lia_blood_moon:OnCreated,self.ability,File-link candidate only; receiver may be another ability. Missing declaration can inherit engine defaults or read another entity.
items,item_lia_blood_moon,bonus_attack_speed,True,40,game/scripts/npc/items/item_lia_blood_moon.txt,42,game/scripts/vscripts/items/item_lia_blood_moon.lua,31,modifier_item_lia_blood_moon:OnCreated,self.ability,File-link candidate only; receiver may be another ability. Missing declaration can inherit engine defaults or read another entity.
items,item_lia_blood_moon,cleave_percent,True,30,game/scripts/npc/items/item_lia_blood_moon.txt,43,game/scripts/vscripts/items/item_lia_blood_moon.lua,82,modifier_item_lia_blood_moon_cleave:OnCreated,self.ability,File-link candidate only; receiver may be another ability. Missing declaration can inherit engine defaults or read another entity.
items,item_lia_blood_moon,cleave_start_width,True,150,game/scripts/npc/items/item_lia_blood_moon.txt,44,game/scripts/vscripts/items/item_lia_blood_moon.lua,83,modifier_item_lia_blood_moon_cleave:OnCreated,self.ability,File-link candidate only; receiver may be another ability. Missing declaration can inherit engine defaults or read another entity.
items,item_lia_blood_moon,cleave_end_width,True,200,game/scripts/npc/items/item_lia_blood_moon.txt,45,game/scripts/vscripts/items/item_lia_blood_moon.lua,84,modifier_item_lia_blood_moon_cleave:OnCreated,self.ability,File-link candidate only; receiver may be another ability. Missing declaration can inherit engine defaults or read another entity.
items,item_lia_blood_moon,cleave_length,True,200,game/scripts/npc/items/item_lia_blood_moon.txt,46,game/scripts/vscripts/items/item_lia_blood_moon.lua,85,modifier_item_lia_blood_moon_cleave:OnCreated,self.ability,File-link candidate only; receiver may be another ability. Missing declaration can inherit engine defaults or read another entity.
items,item_lia_boar,duration,True,35,game/scripts/npc/items/item_lia_boar.txt,40,game/scripts/vscripts/items/Boar.lua,4,SpawnBoar,event.ability,File-link candidate only; receiver may be another ability. Missing declaration can inherit engine defaults or read another entity.
items,item_lia_book_of_the_dead,duration,True,30,game/scripts/npc/items/item_lia_book_of_the_dead.txt,41,game/scripts/vscripts/items/BookOfTheDeath.lua,4,SpawnSkeletons,event.ability,File-link candidate only; receiver may be another ability. Missing declaration can inherit engine defaults or read another entity.
items,item_lia_boots_of_invisibility,duration,True,6,game/scripts/npc/items/item_lia_boots_of_invisibility.txt,53,game/scripts/vscripts/items/item_lia_boots_of_invisibility.lua,13,item_lia_boots_of_invisibility:OnSpellStart,self,File-link candidate only; receiver may be another ability. Missing declaration can inherit engine defaults or read another entity.
items,item_lia_boots_of_invisibility,bonus_movement_speed,True,50,game/scripts/npc/items/item_lia_boots_of_invisibility.txt,52,game/scripts/vscripts/items/item_lia_boots_of_invisibility.lua,36,modifier_item_lia_boots_of_invisibility:OnCreated,self:GetAbility(),File-link candidate only; receiver may be another ability. Missing declaration can inherit engine defaults or read another entity.
items,item_lia_boots_of_invisibility,invis_movespeed_percent,True,10,game/scripts/npc/items/item_lia_boots_of_invisibility.txt,54,game/scripts/vscripts/items/item_lia_boots_of_invisibility.lua,69,modifier_item_lia_boots_of_invisibility_active:GetModifierMoveSpeedBonus_Percentage,self:GetAbility(),File-link candidate only; receiver may be another ability. Missing declaration can inherit engine defaults or read another entity.
items,item_lia_boots_of_invisibility,invis_damage,True,50,game/scripts/npc/items/item_lia_boots_of_invisibility.txt,55,game/scripts/vscripts/items/item_lia_boots_of_invisibility.lua,85,modifier_item_lia_boots_of_invisibility_active:OnAttackLanded,self:GetAbility(),File-link candidate only; receiver may be another ability. Missing declaration can inherit engine defaults or read another entity.
items,item_lia_bounty_hunters_crossbow,active_duration,True,5,game/scripts/npc/items/item_lia_bounty_hunters_crossbow.txt,50,game/scripts/vscripts/items/item_lia_bounty_hunters_crossbow.lua,12,item_lia_bounty_hunters_crossbow:OnSpellStart,self,File-link candidate only; receiver may be another ability. Missing declaration can inherit engine defaults or read another entity.
items,item_lia_bounty_hunters_crossbow,pierce_chance,True,25,game/scripts/npc/items/item_lia_bounty_hunters_crossbow.txt,48,game/scripts/vscripts/items/item_lia_bounty_hunters_crossbow.lua,52,modifier_bounty_hunters_crossbow:OnCreated,self:GetAbility(),File-link candidate only; receiver may be another ability. Missing declaration can inherit engine defaults or read another entity.
items,item_lia_bounty_hunters_crossbow,bonus_damage,True,100,game/scripts/npc/items/item_lia_bounty_hunters_crossbow.txt,46,game/scripts/vscripts/items/item_lia_bounty_hunters_crossbow.lua,53,modifier_bounty_hunters_crossbow:OnCreated,self:GetAbility(),File-link candidate only; receiver may be another ability. Missing declaration can inherit engine defaults or read another entity.
items,item_lia_bounty_hunters_crossbow,bonus_attack_speed,True,35,game/scripts/npc/items/item_lia_bounty_hunters_crossbow.txt,47,game/scripts/vscripts/items/item_lia_bounty_hunters_crossbow.lua,54,modifier_bounty_hunters_crossbow:OnCreated,self:GetAbility(),File-link candidate only; receiver may be another ability. Missing declaration can inherit engine defaults or read another entity.
items,item_lia_bounty_hunters_crossbow,bonus_agility,False,,game/scripts/npc/items/item_lia_bounty_hunters_crossbow.txt,,game/scripts/vscripts/items/item_lia_bounty_hunters_crossbow.lua,55,modifier_bounty_hunters_crossbow:OnCreated,self:GetAbility(),File-link candidate only; receiver may be another ability. Missing declaration can inherit engine defaults or read another entity.
items,item_lia_bounty_hunters_crossbow,active_pierce_chance,True,50,game/scripts/npc/items/item_lia_bounty_hunters_crossbow.txt,49,game/scripts/vscripts/items/item_lia_bounty_hunters_crossbow.lua,142,modifier_bounty_hunters_crossbow_true_strike_active:OnCreated,self:GetAbility(),File-link candidate only; receiver may be another ability. Missing declaration can inherit engine defaults or read another entity.
items,item_lia_crusher,lightning_cooldown,True,4,game/scripts/npc/items/item_lia_crusher.txt,64,game/scripts/vscripts/items/Crusher.lua,19,ChainLightning,ability,File-link candidate only; receiver may be another ability. Missing declaration can inherit engine defaults or read another entity.
items,item_lia_crusher,lightning_damage,True,400,game/scripts/npc/items/item_lia_crusher.txt,59,game/scripts/vscripts/items/Crusher.lua,23,ChainLightning,ability,File-link candidate only; receiver may be another ability. Missing declaration can inherit engine defaults or read another entity.
items,item_lia_crusher,lightning_bounces,True,8,game/scripts/npc/items/item_lia_crusher.txt,60,game/scripts/vscripts/items/Crusher.lua,24,ChainLightning,ability,File-link candidate only; receiver may be another ability. Missing declaration can inherit engine defaults or read another entity.
items,item_lia_crusher,bounce_range,True,700,game/scripts/npc/items/item_lia_crusher.txt,61,game/scripts/vscripts/items/Crusher.lua,25,ChainLightning,ability,File-link candidate only; receiver may be another ability. Missing declaration can inherit engine defaults or read another entity.
items,item_lia_crusher,lightning_decay,True,0,game/scripts/npc/items/item_lia_crusher.txt,62,game/scripts/vscripts/items/Crusher.lua,26,ChainLightning,ability,File-link candidate only; receiver may be another ability. Missing declaration can inherit engine defaults or read another entity.
items,item_lia_crusher,time_between_bounces,True,0.2,game/scripts/npc/items/item_lia_crusher.txt,63,game/scripts/vscripts/items/Crusher.lua,27,ChainLightning,ability,File-link candidate only; receiver may be another ability. Missing declaration can inherit engine defaults or read another entity.
items,item_lia_enchanted_shield,bonus_health,True,"[325, 525]",game/scripts/npc/items/item_lia_enchanted_shield.txt,66,game/scripts/vscripts/items/modifier_item_lia_enchanted_shield.lua,26,modifier_item_lia_enchanted_shield:OnCreated,self:GetAbility(),File-link candidate only; receiver may be another ability. Missing declaration can inherit engine defaults or read another entity.
items,item_lia_enchanted_shield,bonus_armor,True,"[13, 16]",game/scripts/npc/items/item_lia_enchanted_shield.txt,65,game/scripts/vscripts/items/modifier_item_lia_enchanted_shield.lua,27,modifier_item_lia_enchanted_shield:OnCreated,self:GetAbility(),File-link candidate only; receiver may be another ability. Missing declaration can inherit engine defaults or read another entity.
items,item_lia_enchanted_shield,damage_block,True,"[75, 100]",game/scripts/npc/items/item_lia_enchanted_shield.txt,68,game/scripts/vscripts/items/modifier_item_lia_enchanted_shield.lua,28,modifier_item_lia_enchanted_shield:OnCreated,self:GetAbility(),File-link candidate only; receiver may be another ability. Missing declaration can inherit engine defaults or read another entity.
items,item_lia_enchanted_shield,block_chance,True,50,game/scripts/npc/items/item_lia_enchanted_shield.txt,67,game/scripts/vscripts/items/modifier_item_lia_enchanted_shield.lua,31,modifier_item_lia_enchanted_shield:OnCreated,self:GetAbility(),File-link candidate only; receiver may be another ability. Missing declaration can inherit engine defaults or read another entity.
items,item_lia_enchanted_shield,bonus_health,True,"[325, 525]",game/scripts/npc/items/item_lia_enchanted_shield.txt,66,game/scripts/vscripts/items/modifier_item_lia_enchanted_shield.lua,36,modifier_item_lia_enchanted_shield:OnRefresh,self:GetAbility(),File-link candidate only; receiver may be another ability. Missing declaration can inherit engine defaults or read another entity.
items,item_lia_enchanted_shield,bonus_armor,True,"[13, 16]",game/scripts/npc/items/item_lia_enchanted_shield.txt,65,game/scripts/vscripts/items/modifier_item_lia_enchanted_shield.lua,37,modifier_item_lia_enchanted_shield:OnRefresh,self:GetAbility(),File-link candidate only; receiver may be another ability. Missing declaration can inherit engine defaults or read another entity.
items,item_lia_enchanted_shield,damage_block,True,"[75, 100]",game/scripts/npc/items/item_lia_enchanted_shield.txt,68,game/scripts/vscripts/items/modifier_item_lia_enchanted_shield.lua,38,modifier_item_lia_enchanted_shield:OnRefresh,self:GetAbility(),File-link candidate only; receiver may be another ability. Missing declaration can inherit engine defaults or read another entity.
items,item_lia_enchanted_shield,block_chance,True,50,game/scripts/npc/items/item_lia_enchanted_shield.txt,67,game/scripts/vscripts/items/modifier_item_lia_enchanted_shield.lua,41,modifier_item_lia_enchanted_shield:OnRefresh,self:GetAbility(),File-link candidate only; receiver may be another ability. Missing declaration can inherit engine defaults or read another entity.
items,item_lia_enchanted_shield_2,bonus_health,True,525,game/scripts/npc/items/item_lia_enchanted_shield.txt,98,game/scripts/vscripts/items/modifier_item_lia_enchanted_shield.lua,26,modifier_item_lia_enchanted_shield:OnCreated,self:GetAbility(),File-link candidate only; receiver may be another ability. Missing declaration can inherit engine defaults or read another entity.
items,item_lia_enchanted_shield_2,bonus_armor,True,16,game/scripts/npc/items/item_lia_enchanted_shield.txt,97,game/scripts/vscripts/items/modifier_item_lia_enchanted_shield.lua,27,modifier_item_lia_enchanted_shield:OnCreated,self:GetAbility(),File-link candidate only; receiver may be another ability. Missing declaration can inherit engine defaults or read another entity.
items,item_lia_enchanted_shield_2,damage_block,True,100,game/scripts/npc/items/item_lia_enchanted_shield.txt,100,game/scripts/vscripts/items/modifier_item_lia_enchanted_shield.lua,28,modifier_item_lia_enchanted_shield:OnCreated,self:GetAbility(),File-link candidate only; receiver may be another ability. Missing declaration can inherit engine defaults or read another entity.
items,item_lia_enchanted_shield_2,block_chance,True,50,game/scripts/npc/items/item_lia_enchanted_shield.txt,99,game/scripts/vscripts/items/modifier_item_lia_enchanted_shield.lua,31,modifier_item_lia_enchanted_shield:OnCreated,self:GetAbility(),File-link candidate only; receiver may be another ability. Missing declaration can inherit engine defaults or read another entity.
items,item_lia_enchanted_shield_2,bonus_health,True,525,game/scripts/npc/items/item_lia_enchanted_shield.txt,98,game/scripts/vscripts/items/modifier_item_lia_enchanted_shield.lua,36,modifier_item_lia_enchanted_shield:OnRefresh,self:GetAbility(),File-link candidate only; receiver may be another ability. Missing declaration can inherit engine defaults or read another entity.
items,item_lia_enchanted_shield_2,bonus_armor,True,16,game/scripts/npc/items/item_lia_enchanted_shield.txt,97,game/scripts/vscripts/items/modifier_item_lia_enchanted_shield.lua,37,modifier_item_lia_enchanted_shield:OnRefresh,self:GetAbility(),File-link candidate only; receiver may be another ability. Missing declaration can inherit engine defaults or read another entity.
items,item_lia_enchanted_shield_2,damage_block,True,100,game/scripts/npc/items/item_lia_enchanted_shield.txt,100,game/scripts/vscripts/items/modifier_item_lia_enchanted_shield.lua,38,modifier_item_lia_enchanted_shield:OnRefresh,self:GetAbility(),File-link candidate only; receiver may be another ability. Missing declaration can inherit engine defaults or read another entity.
items,item_lia_enchanted_shield_2,block_chance,True,50,game/scripts/npc/items/item_lia_enchanted_shield.txt,99,game/scripts/vscripts/items/modifier_item_lia_enchanted_shield.lua,41,modifier_item_lia_enchanted_shield:OnRefresh,self:GetAbility(),File-link candidate only; receiver may be another ability. Missing declaration can inherit engine defaults or read another entity.
items,item_lia_ferus_shield,panic_radius,True,350,game/scripts/npc/items/item_lia_ferus_shield.txt,56,game/scripts/vscripts/items/item_lia_ferus_shield.lua,16,item_lia_ferus_shield:OnSpellStart,self,File-link candidate only; receiver may be another ability. Missing declaration can inherit engine defaults or read another entity.
items,item_lia_ferus_shield,panic_duration,True,4,game/scripts/npc/items/item_lia_ferus_shield.txt,55,game/scripts/vscripts/items/item_lia_ferus_shield.lua,23,item_lia_ferus_shield:OnSpellStart,self,File-link candidate only; receiver may be another ability. Missing declaration can inherit engine defaults or read another entity.
items,item_lia_ferus_shield,aura_radius,True,800,game/scripts/npc/items/item_lia_ferus_shield.txt,51,game/scripts/vscripts/items/item_lia_ferus_shield.lua,99,modifier_ferus_shield:OnCreated,self:GetAbility(),File-link candidate only; receiver may be another ability. Missing declaration can inherit engine defaults or read another entity.
items,item_lia_ferus_shield,bonus_damage,False,,game/scripts/npc/items/item_lia_ferus_shield.txt,,game/scripts/vscripts/items/item_lia_ferus_shield.lua,100,modifier_ferus_shield:OnCreated,self:GetAbility(),File-link candidate only; receiver may be another ability. Missing declaration can inherit engine defaults or read another entity.
items,item_lia_ferus_shield,bonus_health,True,550,game/scripts/npc/items/item_lia_ferus_shield.txt,50,game/scripts/vscripts/items/item_lia_ferus_shield.lua,101,modifier_ferus_shield:OnCreated,self:GetAbility(),File-link candidate only; receiver may be another ability. Missing declaration can inherit engine defaults or read another entity.
items,item_lia_ferus_shield,aura_lifesteal_percent,True,15,game/scripts/npc/items/item_lia_ferus_shield.txt,52,game/scripts/vscripts/items/item_lia_ferus_shield.lua,148,modifier_ferus_shield_aura_effect:OnCreated,self:GetAbility(),File-link candidate only; receiver may be another ability. Missing declaration can inherit engine defaults or read another entity.
items,item_lia_ferus_shield,aura_armor,True,13,game/scripts/npc/items/item_lia_ferus_shield.txt,54,game/scripts/vscripts/items/item_lia_ferus_shield.lua,149,modifier_ferus_shield_aura_effect:OnCreated,self:GetAbility(),File-link candidate only; receiver may be another ability. Missing declaration can inherit engine defaults or read another entity.
items,item_lia_ferus_shield,aura_regen,True,15,game/scripts/npc/items/item_lia_ferus_shield.txt,53,game/scripts/vscripts/items/item_lia_ferus_shield.lua,150,modifier_ferus_shield_aura_effect:OnCreated,self:GetAbility(),File-link candidate only; receiver may be another ability. Missing declaration can inherit engine defaults or read another entity.
items,item_lia_fire_gloves,bonus_damage,True,"[30, 50]",game/scripts/npc/items/item_lia_fire_gloves.txt,79,game/scripts/vscripts/items/modifier_fire_gloves.lua,36,modifier_fire_gloves:OnCreated,self:GetAbility(),File-link candidate only; receiver may be another ability. Missing declaration can inherit engine defaults or read another entity.
items,item_lia_fire_gloves,bonus_mana,True,"[350, 500]",game/scripts/npc/items/item_lia_fire_gloves.txt,78,game/scripts/vscripts/items/modifier_fire_gloves.lua,37,modifier_fire_gloves:OnCreated,self:GetAbility(),File-link candidate only; receiver may be another ability. Missing declaration can inherit engine defaults or read another entity.
items,item_lia_fire_gloves,bonus_attack_speed,True,"[30, 45]",game/scripts/npc/items/item_lia_fire_gloves.txt,80,game/scripts/vscripts/items/modifier_fire_gloves.lua,38,modifier_fire_gloves:OnCreated,self:GetAbility(),File-link candidate only; receiver may be another ability. Missing declaration can inherit engine defaults or read another entity.
items,item_lia_fire_gloves,mana_cost_per_second,True,"[10, 15]",game/scripts/npc/items/item_lia_fire_gloves.txt,82,game/scripts/vscripts/items/modifier_fire_gloves_immolation.lua,23,modifier_fire_gloves_immolation:OnCreated,self:GetAbility(),File-link candidate only; receiver may be another ability. Missing declaration can inherit engine defaults or read another entity.
items,item_lia_fire_gloves,damage_per_second,True,"[80, 100]",game/scripts/npc/items/item_lia_fire_gloves.txt,81,game/scripts/vscripts/items/modifier_fire_gloves_immolation.lua,24,modifier_fire_gloves_immolation:OnCreated,self:GetAbility(),File-link candidate only; receiver may be another ability. Missing declaration can inherit engine defaults or read another entity.
items,item_lia_fire_gloves,radius,True,220,game/scripts/npc/items/item_lia_fire_gloves.txt,83,game/scripts/vscripts/items/modifier_fire_gloves_immolation.lua,25,modifier_fire_gloves_immolation:OnCreated,self:GetAbility(),File-link candidate only; receiver may be another ability. Missing declaration can inherit engine defaults or read another entity.
items,item_lia_fire_gloves_2,bonus_damage,True,50,game/scripts/npc/items/item_lia_fire_gloves.txt,125,game/scripts/vscripts/items/modifier_fire_gloves.lua,36,modifier_fire_gloves:OnCreated,self:GetAbility(),File-link candidate only; receiver may be another ability. Missing declaration can inherit engine defaults or read another entity.
items,item_lia_fire_gloves_2,bonus_mana,True,500,game/scripts/npc/items/item_lia_fire_gloves.txt,124,game/scripts/vscripts/items/modifier_fire_gloves.lua,37,modifier_fire_gloves:OnCreated,self:GetAbility(),File-link candidate only; receiver may be another ability. Missing declaration can inherit engine defaults or read another entity.
items,item_lia_fire_gloves_2,bonus_attack_speed,True,45,game/scripts/npc/items/item_lia_fire_gloves.txt,126,game/scripts/vscripts/items/modifier_fire_gloves.lua,38,modifier_fire_gloves:OnCreated,self:GetAbility(),File-link candidate only; receiver may be another ability. Missing declaration can inherit engine defaults or read another entity.
items,item_lia_fire_gloves_2,mana_cost_per_second,True,15,game/scripts/npc/items/item_lia_fire_gloves.txt,128,game/scripts/vscripts/items/modifier_fire_gloves_immolation.lua,23,modifier_fire_gloves_immolation:OnCreated,self:GetAbility(),File-link candidate only; receiver may be another ability. Missing declaration can inherit engine defaults or read another entity.
items,item_lia_fire_gloves_2,damage_per_second,True,100,game/scripts/npc/items/item_lia_fire_gloves.txt,127,game/scripts/vscripts/items/modifier_fire_gloves_immolation.lua,24,modifier_fire_gloves_immolation:OnCreated,self:GetAbility(),File-link candidate only; receiver may be another ability. Missing declaration can inherit engine defaults or read another entity.
items,item_lia_fire_gloves_2,radius,True,220,game/scripts/npc/items/item_lia_fire_gloves.txt,129,game/scripts/vscripts/items/modifier_fire_gloves_immolation.lua,25,modifier_fire_gloves_immolation:OnCreated,self:GetAbility(),File-link candidate only; receiver may be another ability. Missing declaration can inherit engine defaults or read another entity.
items,item_lia_fire_rod,wave_range,True,700,game/scripts/npc/items/item_lia_fire_rod.txt,61,game/scripts/vscripts/items/item_lia_fire_rod.lua,10,item_lia_fire_rod:OnSpellStart,self,File-link candidate only; receiver may be another ability. Missing declaration can inherit engine defaults or read another entity.
items,item_lia_fire_rod,wave_width,True,200,game/scripts/npc/items/item_lia_fire_rod.txt,60,game/scripts/vscripts/items/item_lia_fire_rod.lua,11,item_lia_fire_rod:OnSpellStart,self,File-link candidate only; receiver may be another ability. Missing declaration can inherit engine defaults or read another entity.
items,item_lia_fire_rod,wave_speed,True,900,game/scripts/npc/items/item_lia_fire_rod.txt,62,game/scripts/vscripts/items/item_lia_fire_rod.lua,12,item_lia_fire_rod:OnSpellStart,self,File-link candidate only; receiver may be another ability. Missing declaration can inherit engine defaults or read another entity.
items,item_lia_fire_rod,wave_damage,True,600,game/scripts/npc/items/item_lia_fire_rod.txt,63,game/scripts/vscripts/items/item_lia_fire_rod.lua,46,item_lia_fire_rod:OnProjectileHit,self,File-link candidate only; receiver may be another ability. Missing declaration can inherit engine defaults or read another entity.
items,item_lia_fire_rod,bonus_damage,True,75,game/scripts/npc/items/item_lia_fire_rod.txt,57,game/scripts/vscripts/items/item_lia_fire_rod.lua,86,modifier_item_lia_fire_rod:OnRefresh,self.ability,File-link candidate only; receiver may be another ability. Missing declaration can inherit engine defaults or read another entity.
items,item_lia_fire_rod,bonus_mana,True,350,game/scripts/npc/items/item_lia_fire_rod.txt,58,game/scripts/vscripts/items/item_lia_fire_rod.lua,87,modifier_item_lia_fire_rod:OnRefresh,self.ability,File-link candidate only; receiver may be another ability. Missing declaration can inherit engine defaults or read another entity.
items,item_lia_fire_rod,radius,True,180,game/scripts/npc/items/item_lia_fire_rod.txt,59,game/scripts/vscripts/items/item_lia_fire_rod.lua,88,modifier_item_lia_fire_rod:OnRefresh,self.ability,File-link candidate only; receiver may be another ability. Missing declaration can inherit engine defaults or read another entity.
items,item_lia_ghost_blade,bash_damage,True,175,game/scripts/npc/items/item_lia_ghost_blade.txt,46,game/scripts/vscripts/items/BattleAxe.lua,16,Bash,ability,File-link candidate only; receiver may be another ability. Missing declaration can inherit engine defaults or read another entity.
items,item_lia_ghost_blade,bash_stun,True,1.5,game/scripts/npc/items/item_lia_ghost_blade.txt,47,game/scripts/vscripts/items/BattleAxe.lua,21,Bash,ability,File-link candidate only; receiver may be another ability. Missing declaration can inherit engine defaults or read another entity.
items,item_lia_ghost_blade,bash_chance,True,18,game/scripts/npc/items/item_lia_ghost_blade.txt,45,game/scripts/vscripts/items/BattleAxe.lua,30,IsActiveBash,ability,File-link candidate only; receiver may be another ability. Missing declaration can inherit engine defaults or read another entity.
items,item_lia_ghost_blade,bash_chance,True,18,game/scripts/npc/items/item_lia_ghost_blade.txt,45,game/scripts/vscripts/items/BattleAxe.lua,35,IsActiveBash,modAbility,File-link candidate only; receiver may be another ability. Missing declaration can inherit engine defaults or read another entity.
items,item_lia_ghost_blade,bash_chance,True,18,game/scripts/npc/items/item_lia_ghost_blade.txt,45,game/scripts/vscripts/items/BattleAxe.lua,36,IsActiveBash,modAbility,File-link candidate only; receiver may be another ability. Missing declaration can inherit engine defaults or read another entity.
items,item_lia_glove_of_pain,radius,True,275,game/scripts/npc/items/item_lia_glove_of_pain.txt,156,game/scripts/vscripts/items/GloveOfPain.lua,12,HeavenlyPunishment,ability,File-link candidate only; receiver may be another ability. Missing declaration can inherit engine defaults or read another entity.
items,item_lia_glove_of_pain,think_interval,True,1.0,game/scripts/npc/items/item_lia_glove_of_pain.txt,157,game/scripts/vscripts/items/GloveOfPain.lua,13,HeavenlyPunishment,ability,File-link candidate only; receiver may be another ability. Missing declaration can inherit engine defaults or read another entity.
items,item_lia_glove_of_pain,damage,True,175,game/scripts/npc/items/item_lia_glove_of_pain.txt,155,game/scripts/vscripts/items/GloveOfPain.lua,14,HeavenlyPunishment,ability,File-link candidate only; receiver may be another ability. Missing declaration can inherit engine defaults or read another entity.
items,item_lia_hammer,bash_damage,True,175,game/scripts/npc/items/item_lia_hammer.txt,46,game/scripts/vscripts/items/Hammer.lua,11,Bash,ability,File-link candidate only; receiver may be another ability. Missing declaration can inherit engine defaults or read another entity.
items,item_lia_hammer,bash_stun,True,0.01,game/scripts/npc/items/item_lia_hammer.txt,47,game/scripts/vscripts/items/Hammer.lua,17,Bash,ability,File-link candidate only; receiver may be another ability. Missing declaration can inherit engine defaults or read another entity.
items,item_lia_hammer_of_titans,bonus_damage,True,80,game/scripts/npc/items/item_lia_hammer_of_titans.txt,40,game/scripts/vscripts/items/item_lia_hammer_of_titans.lua,29,modifier_item_lia_hammer_of_titans:OnCreated,self.ability,File-link candidate only; receiver may be another ability. Missing declaration can inherit engine defaults or read another entity.
items,item_lia_hammer_of_titans,bonus_strength,True,25,game/scripts/npc/items/item_lia_hammer_of_titans.txt,41,game/scripts/vscripts/items/item_lia_hammer_of_titans.lua,30,modifier_item_lia_hammer_of_titans:OnCreated,self.ability,File-link candidate only; receiver may be another ability. Missing declaration can inherit engine defaults or read another entity.
items,item_lia_hammer_of_titans,bonus_agility,True,25,game/scripts/npc/items/item_lia_hammer_of_titans.txt,42,game/scripts/vscripts/items/item_lia_hammer_of_titans.lua,31,modifier_item_lia_hammer_of_titans:OnCreated,self.ability,File-link candidate only; receiver may be another ability. Missing declaration can inherit engine defaults or read another entity.
items,item_lia_hammer_of_titans,bonus_intelligence,True,25,game/scripts/npc/items/item_lia_hammer_of_titans.txt,43,game/scripts/vscripts/items/item_lia_hammer_of_titans.lua,32,modifier_item_lia_hammer_of_titans:OnCreated,self.ability,File-link candidate only; receiver may be another ability. Missing declaration can inherit engine defaults or read another entity.
items,item_lia_hammer_of_titans,slow_duration,True,3,game/scripts/npc/items/item_lia_hammer_of_titans.txt,55,game/scripts/vscripts/items/item_lia_hammer_of_titans.lua,34,modifier_item_lia_hammer_of_titans:OnCreated,self.ability,File-link candidate only; receiver may be another ability. Missing declaration can inherit engine defaults or read another entity.
items,item_lia_hammer_of_titans,cleave_percent,True,50,game/scripts/npc/items/item_lia_hammer_of_titans.txt,47,game/scripts/vscripts/items/item_lia_hammer_of_titans.lua,38,modifier_item_lia_hammer_of_titans:OnCreated,self.ability,File-link candidate only; receiver may be another ability. Missing declaration can inherit engine defaults or read another entity.
items,item_lia_hammer_of_titans,cleave_start_width,True,150,game/scripts/npc/items/item_lia_hammer_of_titans.txt,49,game/scripts/vscripts/items/item_lia_hammer_of_titans.lua,39,modifier_item_lia_hammer_of_titans:OnCreated,self.ability,File-link candidate only; receiver may be another ability. Missing declaration can inherit engine defaults or read another entity.
items,item_lia_hammer_of_titans,cleave_end_width,True,200,game/scripts/npc/items/item_lia_hammer_of_titans.txt,50,game/scripts/vscripts/items/item_lia_hammer_of_titans.lua,40,modifier_item_lia_hammer_of_titans:OnCreated,self.ability,File-link candidate only; receiver may be another ability. Missing declaration can inherit engine defaults or read another entity.
items,item_lia_hammer_of_titans,cleave_length,True,200,game/scripts/npc/items/item_lia_hammer_of_titans.txt,51,game/scripts/vscripts/items/item_lia_hammer_of_titans.lua,41,modifier_item_lia_hammer_of_titans:OnCreated,self.ability,File-link candidate only; receiver may be another ability. Missing declaration can inherit engine defaults or read another entity.
items,item_lia_hammer_of_titans,splash_percent_ranged,True,20,game/scripts/npc/items/item_lia_hammer_of_titans.txt,48,game/scripts/vscripts/items/item_lia_hammer_of_titans.lua,43,modifier_item_lia_hammer_of_titans:OnCreated,self.ability,File-link candidate only; receiver may be another ability. Missing declaration can inherit engine defaults or read another entity.
items,item_lia_hammer_of_titans,splash_radius,True,200,game/scripts/npc/items/item_lia_hammer_of_titans.txt,52,game/scripts/vscripts/items/item_lia_hammer_of_titans.lua,44,modifier_item_lia_hammer_of_titans:OnCreated,self.ability,File-link candidate only; receiver may be another ability. Missing declaration can inherit engine defaults or read another entity.
items,item_lia_hammer_of_titans,minibash_chance,True,30,game/scripts/npc/items/item_lia_hammer_of_titans.txt,44,game/scripts/vscripts/items/item_lia_hammer_of_titans.lua,47,modifier_item_lia_hammer_of_titans:OnCreated,self:GetAbility(),File-link candidate only; receiver may be another ability. Missing declaration can inherit engine defaults or read another entity.
items,item_lia_hammer_of_titans,attack_speed_slow,True,-30,game/scripts/npc/items/item_lia_hammer_of_titans.txt,53,game/scripts/vscripts/items/item_lia_hammer_of_titans.lua,129,modifier_item_lia_hammer_of_titans_debuff:OnCreated,self:GetAbility(),File-link candidate only; receiver may be another ability. Missing declaration can inherit engine defaults or read another entity.
items,item_lia_hammer_of_titans,movement_slow_percentage,True,-30,game/scripts/npc/items/item_lia_hammer_of_titans.txt,54,game/scripts/vscripts/items/item_lia_hammer_of_titans.lua,130,modifier_item_lia_hammer_of_titans_debuff:OnCreated,self:GetAbility(),File-link candidate only; receiver may be another ability. Missing declaration can inherit engine defaults or read another entity.
items,item_lia_healing_ward,duration,True,30,game/scripts/npc/items/item_lia_healing_ward.txt,30,game/scripts/vscripts/items/item_lia_healing_ward.lua,5,item_lia_healing_ward:OnSpellStart,self,File-link candidate only; receiver may be another ability. Missing declaration can inherit engine defaults or read another entity.
items,item_lia_health_elixir,heal_amount,True,800,game/scripts/npc/items/item_lia_health_elixir.txt,37,game/scripts/vscripts/items/item_lia_health_elixir.lua,15,item_lia_health_elixir:OnSpellStart,self,File-link candidate only; receiver may be another ability. Missing declaration can inherit engine defaults or read another entity.
items,item_lia_health_stone_potion,heal_amount,True,400,game/scripts/npc/items/item_lia_health_stone_potion.txt,34,game/scripts/vscripts/items/item_lia_health_stone_potion.lua,20,item_lia_health_stone_potion:OnSpellStart,self,File-link candidate only; receiver may be another ability. Missing declaration can inherit engine defaults or read another entity.
items,item_lia_health_stone_potion,bonus_health_regen,True,5,game/scripts/npc/items/item_lia_health_stone_potion.txt,33,game/scripts/vscripts/items/item_lia_health_stone_potion.lua,63,modifier_item_lia_health_stone_potion:OnCreated,self:GetAbility(),File-link candidate only; receiver may be another ability. Missing declaration can inherit engine defaults or read another entity.
items,item_lia_hell_mask,creep_duration,True,80,game/scripts/npc/items/item_lia_hell_mask.txt,69,game/scripts/vscripts/items/HellMask.lua,4,SpawnHellBeast,event.ability,File-link candidate only; receiver may be another ability. Missing declaration can inherit engine defaults or read another entity.
items,item_lia_huge_axe,bonus_damage,True,32,game/scripts/npc/items/item_lia_huge_axe.txt,40,game/scripts/vscripts/items/item_lia_huge_axe.lua,29,modifier_item_lia_huge_axe:OnCreated,self.ability,File-link candidate only; receiver may be another ability. Missing declaration can inherit engine defaults or read another entity.
items,item_lia_huge_axe,bonus_strength,True,15,game/scripts/npc/items/item_lia_huge_axe.txt,41,game/scripts/vscripts/items/item_lia_huge_axe.lua,30,modifier_item_lia_huge_axe:OnCreated,self.ability,File-link candidate only; receiver may be another ability. Missing declaration can inherit engine defaults or read another entity.
items,item_lia_huge_axe,cleave_percent,True,25,game/scripts/npc/items/item_lia_huge_axe.txt,42,game/scripts/vscripts/items/item_lia_huge_axe.lua,76,modifier_item_lia_huge_axe_cleave:OnCreated,self.ability,File-link candidate only; receiver may be another ability. Missing declaration can inherit engine defaults or read another entity.
items,item_lia_huge_axe,cleave_start_width,True,150,game/scripts/npc/items/item_lia_huge_axe.txt,43,game/scripts/vscripts/items/item_lia_huge_axe.lua,77,modifier_item_lia_huge_axe_cleave:OnCreated,self.ability,File-link candidate only; receiver may be another ability. Missing declaration can inherit engine defaults or read another entity.
items,item_lia_huge_axe,cleave_end_width,True,200,game/scripts/npc/items/item_lia_huge_axe.txt,44,game/scripts/vscripts/items/item_lia_huge_axe.lua,78,modifier_item_lia_huge_axe_cleave:OnCreated,self.ability,File-link candidate only; receiver may be another ability. Missing declaration can inherit engine defaults or read another entity.
items,item_lia_huge_axe,cleave_length,True,200,game/scripts/npc/items/item_lia_huge_axe.txt,45,game/scripts/vscripts/items/item_lia_huge_axe.lua,79,modifier_item_lia_huge_axe_cleave:OnCreated,self.ability,File-link candidate only; receiver may be another ability. Missing declaration can inherit engine defaults or read another entity.
items,item_lia_hyper_boots,charge_speed,True,2500,game/scripts/npc/items/item_lia_hyper_boots.txt,62,game/scripts/vscripts/items/item_lia_hyper_boots.lua,44,item_lia_hyper_boots:OnSpellStart,self,File-link candidate only; receiver may be another ability. Missing declaration can inherit engine defaults or read another entity.
items,item_lia_hyper_boots,bonus_movement_speed,True,60,game/scripts/npc/items/item_lia_hyper_boots.txt,57,game/scripts/vscripts/items/item_lia_hyper_boots.lua,104,modifier_hyper_boots_movespeed:OnCreated,self:GetAbility(),File-link candidate only; receiver may be another ability. Missing declaration can inherit engine defaults or read another entity.
items,item_lia_hyper_boots,bonus_movement_speed,True,60,game/scripts/npc/items/item_lia_hyper_boots.txt,57,game/scripts/vscripts/items/modifiers/modifier_hyper_boots.lua,20,modifier_hyper_boots:OnCreated,self:GetAbility(),File-link candidate only; receiver may be another ability. Missing declaration can inherit engine defaults or read another entity.
items,item_lia_hyper_boots,radius,True,250,game/scripts/npc/items/item_lia_hyper_boots.txt,59,game/scripts/vscripts/items/modifiers/modifier_hyper_boots.lua,34,modifier_hyper_boots:OnDestroy,self:GetAbility(),File-link candidate only; receiver may be another ability. Missing declaration can inherit engine defaults or read another entity.
items,item_lia_hyper_boots,damage,True,100,game/scripts/npc/items/item_lia_hyper_boots.txt,61,game/scripts/vscripts/items/modifiers/modifier_hyper_boots.lua,35,modifier_hyper_boots:OnDestroy,self:GetAbility(),File-link candidate only; receiver may be another ability. Missing declaration can inherit engine defaults or read another entity.
items,item_lia_hyper_boots,stun_duration,True,1,game/scripts/npc/items/item_lia_hyper_boots.txt,60,game/scripts/vscripts/items/modifiers/modifier_hyper_boots.lua,36,modifier_hyper_boots:OnDestroy,self:GetAbility(),File-link candidate only; receiver may be another ability. Missing declaration can inherit engine defaults or read another entity.
items,item_lia_hyper_boots_old,charge_speed,True,2500,game/scripts/npc/items/item_lia_hyper_boots.txt,171,game/scripts/vscripts/items/HyperBoots.lua,22,LifeBreak,ability,File-link candidate only; receiver may be another ability. Missing declaration can inherit engine defaults or read another entity.
items,item_lia_hyper_boots_old,damage,True,100,game/scripts/npc/items/item_lia_hyper_boots.txt,170,game/scripts/vscripts/items/HyperBoots.lua,52,DoDamage,ability,File-link candidate only; receiver may be another ability. Missing declaration can inherit engine defaults or read another entity.
items,item_lia_hyper_boots_old,radius,True,250,game/scripts/npc/items/item_lia_hyper_boots.txt,168,game/scripts/vscripts/items/HyperBoots.lua,54,DoDamage,ability,File-link candidate only; receiver may be another ability. Missing declaration can inherit engine defaults or read another entity.
items,item_lia_hyper_boots_old,stun_duration,True,1,game/scripts/npc/items/item_lia_hyper_boots.txt,169,game/scripts/vscripts/items/HyperBoots.lua,67,DoDamage,ability,File-link candidate only; receiver may be another ability. Missing declaration can inherit engine defaults or read another entity.
items,item_lia_hyper_boots_old,max_distance,True,750,game/scripts/npc/items/item_lia_hyper_boots.txt,167,game/scripts/vscripts/items/HyperBoots.lua,120,JumpHorizonal,ability,File-link candidate only; receiver may be another ability. Missing declaration can inherit engine defaults or read another entity.
items,item_lia_ice_sword,freeze_duration,True,3,game/scripts/npc/items/item_lia_ice_sword.txt,61,game/scripts/vscripts/items/item_lia_ice_sword.lua,15,item_lia_ice_sword:OnSpellStart,self,File-link candidate only; receiver may be another ability. Missing declaration can inherit engine defaults or read another entity.
items,item_lia_ice_sword,freeze_damage,True,200,game/scripts/npc/items/item_lia_ice_sword.txt,62,game/scripts/vscripts/items/item_lia_ice_sword.lua,16,item_lia_ice_sword:OnSpellStart,self,File-link candidate only; receiver may be another ability. Missing declaration can inherit engine defaults or read another entity.
items,item_lia_ice_sword,freeze_radius,True,500,game/scripts/npc/items/item_lia_ice_sword.txt,63,game/scripts/vscripts/items/item_lia_ice_sword.lua,17,item_lia_ice_sword:OnSpellStart,self,File-link candidate only; receiver may be another ability. Missing declaration can inherit engine defaults or read another entity.
items,item_lia_ice_sword,bonus_damage,True,60,game/scripts/npc/items/item_lia_ice_sword.txt,54,game/scripts/vscripts/items/item_lia_ice_sword.lua,61,modifier_item_lia_ice_sword:OnRefresh,self.ability,File-link candidate only; receiver may be another ability. Missing declaration can inherit engine defaults or read another entity.
items,item_lia_ice_sword,bonus_mana,True,600,game/scripts/npc/items/item_lia_ice_sword.txt,53,game/scripts/vscripts/items/item_lia_ice_sword.lua,62,modifier_item_lia_ice_sword:OnRefresh,self.ability,File-link candidate only; receiver may be another ability. Missing declaration can inherit engine defaults or read another entity.
items,item_lia_ice_sword,aura_radius,True,900,game/scripts/npc/items/item_lia_ice_sword.txt,55,game/scripts/vscripts/items/item_lia_ice_sword.lua,63,modifier_item_lia_ice_sword:OnRefresh,self.ability,File-link candidate only; receiver may be another ability. Missing declaration can inherit engine defaults or read another entity.
items,item_lia_ice_sword,orb_duration,True,3,game/scripts/npc/items/item_lia_ice_sword.txt,60,game/scripts/vscripts/items/item_lia_ice_sword.lua,64,modifier_item_lia_ice_sword:OnRefresh,self.ability,File-link candidate only; receiver may be another ability. Missing declaration can inherit engine defaults or read another entity.
items,item_lia_ice_sword,aura_attack_speed,True,25,game/scripts/npc/items/item_lia_ice_sword.txt,56,game/scripts/vscripts/items/item_lia_ice_sword.lua,130,modifier_item_lia_ice_sword_aura_effect:OnCreated,self.ability,File-link candidate only; receiver may be another ability. Missing declaration can inherit engine defaults or read another entity.
items,item_lia_ice_sword,aura_movement_speed,True,15,game/scripts/npc/items/item_lia_ice_sword.txt,57,game/scripts/vscripts/items/item_lia_ice_sword.lua,131,modifier_item_lia_ice_sword_aura_effect:OnCreated,self.ability,File-link candidate only; receiver may be another ability. Missing declaration can inherit engine defaults or read another entity.
items,item_lia_ice_sword,orb_movespeed_slow,True,-40,game/scripts/npc/items/item_lia_ice_sword.txt,58,game/scripts/vscripts/items/item_lia_ice_sword.lua,157,modifier_item_lia_ice_sword_slow:OnCreated,self.ability,File-link candidate only; receiver may be another ability. Missing declaration can inherit engine defaults or read another entity.
items,item_lia_ice_sword,orb_attack_slow,True,-25,game/scripts/npc/items/item_lia_ice_sword.txt,59,game/scripts/vscripts/items/item_lia_ice_sword.lua,158,modifier_item_lia_ice_sword_slow:OnCreated,self.ability,File-link candidate only; receiver may be another ability. Missing declaration can inherit engine defaults or read another entity.
items,item_lia_knight_cuirass,duration,True,5,game/scripts/npc/items/item_lia_knight_cuirass.txt,47,game/scripts/vscripts/items/item_lia_knight_cuirass.lua,11,item_lia_knight_cuirass:OnSpellStart,self,File-link candidate only; receiver may be another ability. Missing declaration can inherit engine defaults or read another entity.
items,item_lia_knight_cuirass,bonus_health,True,650,game/scripts/npc/items/item_lia_knight_cuirass.txt,43,game/scripts/vscripts/items/item_lia_knight_cuirass.lua,125,modifier_item_lia_knight_cuirass:OnCreated,self:GetAbility(),File-link candidate only; receiver may be another ability. Missing declaration can inherit engine defaults or read another entity.
items,item_lia_knight_cuirass,bonus_armor,True,20,game/scripts/npc/items/item_lia_knight_cuirass.txt,42,game/scripts/vscripts/items/item_lia_knight_cuirass.lua,126,modifier_item_lia_knight_cuirass:OnCreated,self:GetAbility(),File-link candidate only; receiver may be another ability. Missing declaration can inherit engine defaults or read another entity.
items,item_lia_knight_cuirass,bonus_health_regen,True,25,game/scripts/npc/items/item_lia_knight_cuirass.txt,44,game/scripts/vscripts/items/item_lia_knight_cuirass.lua,127,modifier_item_lia_knight_cuirass:OnCreated,self:GetAbility(),File-link candidate only; receiver may be another ability. Missing declaration can inherit engine defaults or read another entity.
items,item_lia_knight_cuirass,damage_return,True,25,game/scripts/npc/items/item_lia_knight_cuirass.txt,45,game/scripts/vscripts/items/item_lia_knight_cuirass.lua,128,modifier_item_lia_knight_cuirass:OnCreated,self:GetAbility(),File-link candidate only; receiver may be another ability. Missing declaration can inherit engine defaults or read another entity.
items,item_lia_knight_cuirass,damage_return_abi,True,50,game/scripts/npc/items/item_lia_knight_cuirass.txt,46,game/scripts/vscripts/items/item_lia_knight_cuirass.lua,129,modifier_item_lia_knight_cuirass:OnCreated,self:GetAbility(),File-link candidate only; receiver may be another ability. Missing declaration can inherit engine defaults or read another entity.
items,item_lia_knight_shield,duration,False,,game/scripts/npc/items/item_lia_knight_shield.txt,,game/scripts/vscripts/items/item_lia_knight_shield.lua,10,item_lia_knight_shield:OnSpellStart,self,File-link candidate only; receiver may be another ability. Missing declaration can inherit engine defaults or read another entity.
items,item_lia_knight_shield,bonus_health,True,200,game/scripts/npc/items/item_lia_knight_shield.txt,41,game/scripts/vscripts/items/item_lia_knight_shield.lua,112,modifier_item_lia_knight_shield:OnCreated,self:GetAbility(),File-link candidate only; receiver may be another ability. Missing declaration can inherit engine defaults or read another entity.
items,item_lia_knight_shield,bonus_armor,True,5,game/scripts/npc/items/item_lia_knight_shield.txt,40,game/scripts/vscripts/items/item_lia_knight_shield.lua,113,modifier_item_lia_knight_shield:OnCreated,self:GetAbility(),File-link candidate only; receiver may be another ability. Missing declaration can inherit engine defaults or read another entity.
items,item_lia_knight_shield,damage_return,True,20,game/scripts/npc/items/item_lia_knight_shield.txt,42,game/scripts/vscripts/items/item_lia_knight_shield.lua,115,modifier_item_lia_knight_shield:OnCreated,self:GetAbility(),File-link candidate only; receiver may be another ability. Missing declaration can inherit engine defaults or read another entity.
items,item_lia_lightning_spear,lightning_damage,True,400,game/scripts/npc/items/item_lia_lightning_spear.txt,58,game/scripts/vscripts/items/LightningSpear.lua,16,ChainLightning,ability,File-link candidate only; receiver may be another ability. Missing declaration can inherit engine defaults or read another entity.
items,item_lia_lightning_spear,lightning_bounces,True,8,game/scripts/npc/items/item_lia_lightning_spear.txt,59,game/scripts/vscripts/items/LightningSpear.lua,17,ChainLightning,ability,File-link candidate only; receiver may be another ability. Missing declaration can inherit engine defaults or read another entity.
items,item_lia_lightning_spear,bounce_range,True,700,game/scripts/npc/items/item_lia_lightning_spear.txt,60,game/scripts/vscripts/items/LightningSpear.lua,18,ChainLightning,ability,File-link candidate only; receiver may be another ability. Missing declaration can inherit engine defaults or read another entity.
items,item_lia_lightning_spear,lightning_decay,True,0,game/scripts/npc/items/item_lia_lightning_spear.txt,61,game/scripts/vscripts/items/LightningSpear.lua,19,ChainLightning,ability,File-link candidate only; receiver may be another ability. Missing declaration can inherit engine defaults or read another entity.
items,item_lia_lightning_spear,time_between_bounces,True,0.2,game/scripts/npc/items/item_lia_lightning_spear.txt,62,game/scripts/vscripts/items/LightningSpear.lua,20,ChainLightning,ability,File-link candidate only; receiver may be another ability. Missing declaration can inherit engine defaults or read another entity.
items,item_lia_lunar_necklace,duration,True,6,game/scripts/npc/items/item_lia_lunar_necklace.txt,53,game/scripts/vscripts/items/item_lia_lunar_necklace.lua,12,item_lia_lunar_necklace:OnSpellStart,self,File-link candidate only; receiver may be another ability. Missing declaration can inherit engine defaults or read another entity.
items,item_lia_lunar_necklace,bonus_all_stats,True,35,game/scripts/npc/items/item_lia_lunar_necklace.txt,52,game/scripts/vscripts/items/item_lia_lunar_necklace.lua,69,modifier_item_lia_lunar_necklace:OnCreated,self:GetAbility(),File-link candidate only; receiver may be another ability. Missing declaration can inherit engine defaults or read another entity.
items,item_lia_lunar_necklace,bonus_all_stats,True,35,game/scripts/npc/items/item_lia_lunar_necklace.txt,52,game/scripts/vscripts/items/item_lia_lunar_necklace.lua,70,modifier_item_lia_lunar_necklace:OnCreated,self:GetAbility(),File-link candidate only; receiver may be another ability. Missing declaration can inherit engine defaults or read another entity.
items,item_lia_lunar_necklace,bonus_all_stats,True,35,game/scripts/npc/items/item_lia_lunar_necklace.txt,52,game/scripts/vscripts/items/item_lia_lunar_necklace.lua,71,modifier_item_lia_lunar_necklace:OnCreated,self:GetAbility(),File-link candidate only; receiver may be another ability. Missing declaration can inherit engine defaults or read another entity.
items,item_lia_lunar_necklace,bonus_health,True,300,game/scripts/npc/items/item_lia_lunar_necklace.txt,50,game/scripts/vscripts/items/item_lia_lunar_necklace.lua,72,modifier_item_lia_lunar_necklace:OnCreated,self:GetAbility(),File-link candidate only; receiver may be another ability. Missing declaration can inherit engine defaults or read another entity.
items,item_lia_lunar_necklace,bonus_mana,True,300,game/scripts/npc/items/item_lia_lunar_necklace.txt,51,game/scripts/vscripts/items/item_lia_lunar_necklace.lua,73,modifier_item_lia_lunar_necklace:OnCreated,self:GetAbility(),File-link candidate only; receiver may be another ability. Missing declaration can inherit engine defaults or read another entity.
items,item_lia_lunar_necklace,stat_percent,True,75,game/scripts/npc/items/item_lia_lunar_necklace.txt,54,game/scripts/vscripts/items/item_lia_lunar_necklace.lua,122,modifier_item_lia_lunar_necklace_active:OnCreated,self:GetAbility(),File-link candidate only; receiver may be another ability. Missing declaration can inherit engine defaults or read another entity.
items,item_lia_lunar_necklace,stat_bonus_max,True,75,game/scripts/npc/items/item_lia_lunar_necklace.txt,56,game/scripts/vscripts/items/item_lia_lunar_necklace.lua,123,modifier_item_lia_lunar_necklace_active:OnCreated,self:GetAbility(),File-link candidate only; receiver may be another ability. Missing declaration can inherit engine defaults or read another entity.
items,item_lia_lunar_necklace,bonus_magic_resist_percentage_active,True,20,game/scripts/npc/items/item_lia_lunar_necklace.txt,55,game/scripts/vscripts/items/item_lia_lunar_necklace.lua,133,modifier_item_lia_lunar_necklace_active:OnCreated,self:GetAbility(),File-link candidate only; receiver may be another ability. Missing declaration can inherit engine defaults or read another entity.
items,item_lia_magician_armor,bonus_armor,True,15,game/scripts/npc/items/item_lia_magician_armor.txt,40,game/scripts/vscripts/items/item_lia_magician_armor.lua,25,modifier_item_lia_magician_armor:OnCreated,self:GetAbility(),File-link candidate only; receiver may be another ability. Missing declaration can inherit engine defaults or read another entity.
items,item_lia_magician_armor,bonus_health,True,450,game/scripts/npc/items/item_lia_magician_armor.txt,41,game/scripts/vscripts/items/item_lia_magician_armor.lua,26,modifier_item_lia_magician_armor:OnCreated,self:GetAbility(),File-link candidate only; receiver may be another ability. Missing declaration can inherit engine defaults or read another entity.
items,item_lia_magician_armor,bonus_intelligence,True,40,game/scripts/npc/items/item_lia_magician_armor.txt,42,game/scripts/vscripts/items/item_lia_magician_armor.lua,27,modifier_item_lia_magician_armor:OnCreated,self:GetAbility(),File-link candidate only; receiver may be another ability. Missing declaration can inherit engine defaults or read another entity.
items,item_lia_magician_armor,bonus_mana_regeneration,True,4,game/scripts/npc/items/item_lia_magician_armor.txt,43,game/scripts/vscripts/items/item_lia_magician_armor.lua,28,modifier_item_lia_magician_armor:OnCreated,self:GetAbility(),File-link candidate only; receiver may be another ability. Missing declaration can inherit engine defaults or read another entity.
items,item_lia_magician_armor,bonus_spell_damage_percentage,True,15,game/scripts/npc/items/item_lia_magician_armor.txt,44,game/scripts/vscripts/items/item_lia_magician_armor.lua,29,modifier_item_lia_magician_armor:OnCreated,self:GetAbility(),File-link candidate only; receiver may be another ability. Missing declaration can inherit engine defaults or read another entity.
items,item_lia_magician_armor,bonus_debuff_duration_percentage,True,10,game/scripts/npc/items/item_lia_magician_armor.txt,45,game/scripts/vscripts/items/item_lia_magician_armor.lua,30,modifier_item_lia_magician_armor:OnCreated,self:GetAbility(),File-link candidate only; receiver may be another ability. Missing declaration can inherit engine defaults or read another entity.
items,item_lia_mana_elixir,mana_amount,True,500,game/scripts/npc/items/item_lia_mana_elixir.txt,34,game/scripts/vscripts/items/item_lia_mana_elixir.lua,15,item_lia_mana_elixir:OnSpellStart,self,File-link candidate only; receiver may be another ability. Missing declaration can inherit engine defaults or read another entity.
items,item_lia_mana_stone_potion,mana_amount,True,250,game/scripts/npc/items/item_lia_mana_stone_potion.txt,33,game/scripts/vscripts/items/item_lia_mana_stone_potion.lua,20,item_lia_mana_stone_potion:OnSpellStart,self,File-link candidate only; receiver may be another ability. Missing declaration can inherit engine defaults or read another entity.
items,item_lia_mana_stone_potion,bonus_mana_regen,True,0.25,game/scripts/npc/items/item_lia_mana_stone_potion.txt,32,game/scripts/vscripts/items/item_lia_mana_stone_potion.lua,63,modifier_item_lia_mana_stone_potion:OnCreated,self:GetAbility(),File-link candidate only; receiver may be another ability. Missing declaration can inherit engine defaults or read another entity.
items,item_lia_mask_of_death,lifesteal_percent,True,10,game/scripts/npc/items/item_lia_mask_of_death.txt,21,game/scripts/vscripts/items/item_lia_mask_of_death.lua,34,modifier_item_lia_mask_of_death:OnRefresh,self.ability,File-link candidate only; receiver may be another ability. Missing declaration can inherit engine defaults or read another entity.
items,item_lia_mithril_armor,radius,True,400,game/scripts/npc/items/item_lia_mithril_armor.txt,56,game/scripts/vscripts/items/item_lia_mithril_armor.lua,12,item_lia_mithril_armor:OnSpellStart,self,File-link candidate only; receiver may be another ability. Missing declaration can inherit engine defaults or read another entity.
items,item_lia_mithril_armor,duration,True,5.0,game/scripts/npc/items/item_lia_mithril_armor.txt,57,game/scripts/vscripts/items/item_lia_mithril_armor.lua,13,item_lia_mithril_armor:OnSpellStart,self,File-link candidate only; receiver may be another ability. Missing declaration can inherit engine defaults or read another entity.
items,item_lia_mithril_armor,bonus_health,True,250,game/scripts/npc/items/item_lia_mithril_armor.txt,54,game/scripts/vscripts/items/modifier_mithril_armor.lua,26,modifier_mithril_armor:OnCreated,self:GetAbility(),File-link candidate only; receiver may be another ability. Missing declaration can inherit engine defaults or read another entity.
items,item_lia_mithril_armor,bonus_armor,True,16,game/scripts/npc/items/item_lia_mithril_armor.txt,53,game/scripts/vscripts/items/modifier_mithril_armor.lua,27,modifier_mithril_armor:OnCreated,self:GetAbility(),File-link candidate only; receiver may be another ability. Missing declaration can inherit engine defaults or read another entity.
items,item_lia_mithril_armor,damage_blocked,True,45,game/scripts/npc/items/item_lia_mithril_armor.txt,55,game/scripts/vscripts/items/modifier_mithril_armor.lua,28,modifier_mithril_armor:OnCreated,self:GetAbility(),File-link candidate only; receiver may be another ability. Missing declaration can inherit engine defaults or read another entity.
items,item_lia_orb_of_fire,bonus_damage,True,15,game/scripts/npc/items/item_lia_orb_of_fire.txt,24,game/scripts/vscripts/items/item_lia_orb_of_fire.lua,32,modifier_item_lia_orb_of_fire:OnRefresh,self.ability,File-link candidate only; receiver may be another ability. Missing declaration can inherit engine defaults or read another entity.
items,item_lia_orb_of_fire,radius,True,180,game/scripts/npc/items/item_lia_orb_of_fire.txt,25,game/scripts/vscripts/items/item_lia_orb_of_fire.lua,33,modifier_item_lia_orb_of_fire:OnRefresh,self.ability,File-link candidate only; receiver may be another ability. Missing declaration can inherit engine defaults or read another entity.
items,item_lia_orb_of_frost,bonus_damage,True,30,game/scripts/npc/items/item_lia_orb_of_frost.txt,41,game/scripts/vscripts/items/item_lia_orb_of_frost.lua,35,modifier_item_lia_orb_of_frost:OnRefresh,self.ability,File-link candidate only; receiver may be another ability. Missing declaration can inherit engine defaults or read another entity.
items,item_lia_orb_of_frost,bonus_mana,True,400,game/scripts/npc/items/item_lia_orb_of_frost.txt,40,game/scripts/vscripts/items/item_lia_orb_of_frost.lua,36,modifier_item_lia_orb_of_frost:OnRefresh,self.ability,File-link candidate only; receiver may be another ability. Missing declaration can inherit engine defaults or read another entity.
items,item_lia_orb_of_frost,aura_radius,True,900,game/scripts/npc/items/item_lia_orb_of_frost.txt,42,game/scripts/vscripts/items/item_lia_orb_of_frost.lua,37,modifier_item_lia_orb_of_frost:OnRefresh,self.ability,File-link candidate only; receiver may be another ability. Missing declaration can inherit engine defaults or read another entity.
items,item_lia_orb_of_frost,orb_duration,True,3,game/scripts/npc/items/item_lia_orb_of_frost.txt,47,game/scripts/vscripts/items/item_lia_orb_of_frost.lua,38,modifier_item_lia_orb_of_frost:OnRefresh,self.ability,File-link candidate only; receiver may be another ability. Missing declaration can inherit engine defaults or read another entity.
items,item_lia_orb_of_frost,aura_attack_speed,True,20,game/scripts/npc/items/item_lia_orb_of_frost.txt,43,game/scripts/vscripts/items/item_lia_orb_of_frost.lua,104,modifier_item_lia_orb_of_frost_aura_effect:OnCreated,self.ability,File-link candidate only; receiver may be another ability. Missing declaration can inherit engine defaults or read another entity.
items,item_lia_orb_of_frost,aura_movement_speed,True,10,game/scripts/npc/items/item_lia_orb_of_frost.txt,44,game/scripts/vscripts/items/item_lia_orb_of_frost.lua,105,modifier_item_lia_orb_of_frost_aura_effect:OnCreated,self.ability,File-link candidate only; receiver may be another ability. Missing declaration can inherit engine defaults or read another entity.
items,item_lia_orb_of_frost,orb_movespeed_slow,True,-40,game/scripts/npc/items/item_lia_orb_of_frost.txt,45,game/scripts/vscripts/items/item_lia_orb_of_frost.lua,131,modifier_item_lia_orb_of_frost_slow:OnCreated,self.ability,File-link candidate only; receiver may be another ability. Missing declaration can inherit engine defaults or read another entity.
items,item_lia_orb_of_frost,orb_attack_slow,True,-25,game/scripts/npc/items/item_lia_orb_of_frost.txt,46,game/scripts/vscripts/items/item_lia_orb_of_frost.lua,132,modifier_item_lia_orb_of_frost_slow:OnCreated,self.ability,File-link candidate only; receiver may be another ability. Missing declaration can inherit engine defaults or read another entity.
items,item_lia_potion_of_invisibility,start_radius,False,,game/scripts/npc/items/item_lia_potion_of_invisibility.txt,,game/scripts/vscripts/heroes/TrollCutthroat/EnchantedAxes.lua,28,WhirlingAxesMelee,ability,File-link candidate only; receiver may be another ability. Missing declaration can inherit engine defaults or read another entity.
items,item_lia_potion_of_invisibility,axe_movement_speed,False,,game/scripts/npc/items/item_lia_potion_of_invisibility.txt,,game/scripts/vscripts/heroes/TrollCutthroat/EnchantedAxes.lua,105,WhirlingAxesMeleeThink,ability,File-link candidate only; receiver may be another ability. Missing declaration can inherit engine defaults or read another entity.
items,item_lia_potion_of_invisibility,max_range,False,,game/scripts/npc/items/item_lia_potion_of_invisibility.txt,,game/scripts/vscripts/heroes/TrollCutthroat/EnchantedAxes.lua,106,WhirlingAxesMeleeThink,ability,File-link candidate only; receiver may be another ability. Missing declaration can inherit engine defaults or read another entity.
items,item_lia_potion_of_invisibility,whirl_duration,False,,game/scripts/npc/items/item_lia_potion_of_invisibility.txt,,game/scripts/vscripts/heroes/TrollCutthroat/EnchantedAxes.lua,107,WhirlingAxesMeleeThink,ability,File-link candidate only; receiver may be another ability. Missing declaration can inherit engine defaults or read another entity.
items,item_lia_potion_of_invisibility,axe_turn_rate,False,,game/scripts/npc/items/item_lia_potion_of_invisibility.txt,,game/scripts/vscripts/heroes/TrollCutthroat/EnchantedAxes.lua,108,WhirlingAxesMeleeThink,ability,File-link candidate only; receiver may be another ability. Missing declaration can inherit engine defaults or read another entity.
items,item_lia_potion_of_invisibility,hit_radius,False,,game/scripts/npc/items/item_lia_potion_of_invisibility.txt,,game/scripts/vscripts/heroes/TrollCutthroat/EnchantedAxes.lua,109,WhirlingAxesMeleeThink,ability,File-link candidate only; receiver may be another ability. Missing declaration can inherit engine defaults or read another entity.
items,item_lia_potion_of_invisibility,think_interval,False,,game/scripts/npc/items/item_lia_potion_of_invisibility.txt,,game/scripts/vscripts/heroes/TrollCutthroat/EnchantedAxes.lua,110,WhirlingAxesMeleeThink,ability,File-link candidate only; receiver may be another ability. Missing declaration can inherit engine defaults or read another entity.
items,item_lia_potion_of_invisibility,damage,False,,game/scripts/npc/items/item_lia_potion_of_invisibility.txt,,game/scripts/vscripts/heroes/TrollCutthroat/EnchantedAxes.lua,168,WhirlingAxesMeleeHit,ability,File-link candidate only; receiver may be another ability. Missing declaration can inherit engine defaults or read another entity.
items,item_lia_potion_of_invisibility,str_prc_dmg,False,,game/scripts/npc/items/item_lia_potion_of_invisibility.txt,,game/scripts/vscripts/heroes/TrollCutthroat/EnchantedAxes.lua,168,WhirlingAxesMeleeHit,ability,File-link candidate only; receiver may be another ability. Missing declaration can inherit engine defaults or read another entity.
items,item_lia_pure_light,totem_duration,True,6,game/scripts/npc/items/item_lia_pure_light.txt,58,game/scripts/vscripts/items/item_lia_pure_light.lua,18,item_lia_pure_light:OnSpellStart,self,File-link candidate only; receiver may be another ability. Missing declaration can inherit engine defaults or read another entity.
items,item_lia_pure_light,bonus_mana,True,350,game/scripts/npc/items/item_lia_pure_light.txt,52,game/scripts/vscripts/items/modifier_pure_light.lua,59,modifier_pure_light:OnCreated,self:GetAbility(),File-link candidate only; receiver may be another ability. Missing declaration can inherit engine defaults or read another entity.
items,item_lia_pure_light,bonus_intelligence,True,25,game/scripts/npc/items/item_lia_pure_light.txt,53,game/scripts/vscripts/items/modifier_pure_light.lua,60,modifier_pure_light:OnCreated,self:GetAbility(),File-link candidate only; receiver may be another ability. Missing declaration can inherit engine defaults or read another entity.
items,item_lia_pure_light,aura_radius,True,1000,game/scripts/npc/items/item_lia_pure_light.txt,56,game/scripts/vscripts/items/modifier_pure_light.lua,61,modifier_pure_light:OnCreated,self:GetAbility(),File-link candidate only; receiver may be another ability. Missing declaration can inherit engine defaults or read another entity.
items,item_lia_pure_light,aura_mana_regen,True,15,game/scripts/npc/items/item_lia_pure_light.txt,54,game/scripts/vscripts/items/modifier_pure_light_aura.lua,28,modifier_pure_light_aura:OnCreated,self:GetAbility(),File-link candidate only; receiver may be another ability. Missing declaration can inherit engine defaults or read another entity.
items,item_lia_pure_light,aura_health_regen,True,15,game/scripts/npc/items/item_lia_pure_light.txt,55,game/scripts/vscripts/items/modifier_pure_light_aura.lua,29,modifier_pure_light_aura:OnCreated,self:GetAbility(),File-link candidate only; receiver may be another ability. Missing declaration can inherit engine defaults or read another entity.
items,item_lia_pure_light,totem_damage_reduction,True,60,game/scripts/npc/items/item_lia_pure_light.txt,57,game/scripts/vscripts/items/modifier_pure_light_protection.lua,26,modifier_pure_light_protection:OnCreated,self:GetAbility(),File-link candidate only; receiver may be another ability. Missing declaration can inherit engine defaults or read another entity.
items,item_lia_pure_light,totem_radius,True,600,game/scripts/npc/items/item_lia_pure_light.txt,60,game/scripts/vscripts/items/modifier_pure_light_thinker.lua,42,modifier_pure_light_thinker:OnIntervalThink,ability,File-link candidate only; receiver may be another ability. Missing declaration can inherit engine defaults or read another entity.
items,item_lia_pure_light,totem_targets,True,3,game/scripts/npc/items/item_lia_pure_light.txt,59,game/scripts/vscripts/items/modifier_pure_light_thinker.lua,43,modifier_pure_light_thinker:OnIntervalThink,ability,File-link candidate only; receiver may be another ability. Missing declaration can inherit engine defaults or read another entity.
items,item_lia_blade_of_rage_agi,duration,True,5,game/scripts/npc/items/item_lia_rage_sword_agi.txt,50,game/scripts/vscripts/items/item_lia_blade_of_rage_agi.lua,10,item_lia_blade_of_rage_agi:OnSpellStart,self,File-link candidate only; receiver may be another ability. Missing declaration can inherit engine defaults or read another entity.
items,item_lia_blade_of_rage_agi,bonus_damage,True,50,game/scripts/npc/items/item_lia_rage_sword_agi.txt,48,game/scripts/vscripts/items/item_lia_blade_of_rage_agi.lua,52,modifier_item_lia_blade_of_rage_agi:OnCreated,self:GetAbility(),File-link candidate only; receiver may be another ability. Missing declaration can inherit engine defaults or read another entity.
items,item_lia_blade_of_rage_agi,bonus_agility,True,25,game/scripts/npc/items/item_lia_rage_sword_agi.txt,49,game/scripts/vscripts/items/item_lia_blade_of_rage_agi.lua,53,modifier_item_lia_blade_of_rage_agi:OnCreated,self:GetAbility(),File-link candidate only; receiver may be another ability. Missing declaration can inherit engine defaults or read another entity.
items,item_lia_blade_of_rage_agi,bonus_attack_speed,True,55,game/scripts/npc/items/item_lia_rage_sword_agi.txt,47,game/scripts/vscripts/items/item_lia_blade_of_rage_agi.lua,54,modifier_item_lia_blade_of_rage_agi:OnCreated,self:GetAbility(),File-link candidate only; receiver may be another ability. Missing declaration can inherit engine defaults or read another entity.
items,item_lia_blade_of_rage_agi,agi_percent,True,75,game/scripts/npc/items/item_lia_rage_sword_agi.txt,51,game/scripts/vscripts/items/item_lia_blade_of_rage_agi.lua,88,modifier_item_lia_blade_of_rage_agi_active:OnCreated,self:GetAbility(),File-link candidate only; receiver may be another ability. Missing declaration can inherit engine defaults or read another entity.
items,item_lia_blade_of_rage_int,duration,True,5,game/scripts/npc/items/item_lia_rage_sword_int.txt,50,game/scripts/vscripts/items/item_lia_blade_of_rage_int.lua,10,item_lia_blade_of_rage_int:OnSpellStart,self,File-link candidate only; receiver may be another ability. Missing declaration can inherit engine defaults or read another entity.
items,item_lia_blade_of_rage_int,bonus_damage,True,50,game/scripts/npc/items/item_lia_rage_sword_int.txt,48,game/scripts/vscripts/items/item_lia_blade_of_rage_int.lua,52,modifier_item_lia_blade_of_rage_int:OnCreated,self:GetAbility(),File-link candidate only; receiver may be another ability. Missing declaration can inherit engine defaults or read another entity.
items,item_lia_blade_of_rage_int,bonus_intellect,True,25,game/scripts/npc/items/item_lia_rage_sword_int.txt,49,game/scripts/vscripts/items/item_lia_blade_of_rage_int.lua,53,modifier_item_lia_blade_of_rage_int:OnCreated,self:GetAbility(),File-link candidate only; receiver may be another ability. Missing declaration can inherit engine defaults or read another entity.
items,item_lia_blade_of_rage_int,bonus_attack_speed,True,55,game/scripts/npc/items/item_lia_rage_sword_int.txt,47,game/scripts/vscripts/items/item_lia_blade_of_rage_int.lua,54,modifier_item_lia_blade_of_rage_int:OnCreated,self:GetAbility(),File-link candidate only; receiver may be another ability. Missing declaration can inherit engine defaults or read another entity.
items,item_lia_blade_of_rage_int,int_percent,True,75,game/scripts/npc/items/item_lia_rage_sword_int.txt,51,game/scripts/vscripts/items/item_lia_blade_of_rage_int.lua,88,modifier_item_lia_blade_of_rage_int_active:OnCreated,self:GetAbility(),File-link candidate only; receiver may be another ability. Missing declaration can inherit engine defaults or read another entity.
items,item_lia_blade_of_rage_str,duration,True,5,game/scripts/npc/items/item_lia_rage_sword_str.txt,50,game/scripts/vscripts/items/item_lia_blade_of_rage_str.lua,10,item_lia_blade_of_rage_str:OnSpellStart,self,File-link candidate only; receiver may be another ability. Missing declaration can inherit engine defaults or read another entity.
items,item_lia_blade_of_rage_str,bonus_damage,True,50,game/scripts/npc/items/item_lia_rage_sword_str.txt,48,game/scripts/vscripts/items/item_lia_blade_of_rage_str.lua,52,modifier_item_lia_blade_of_rage_str:OnCreated,self:GetAbility(),File-link candidate only; receiver may be another ability. Missing declaration can inherit engine defaults or read another entity.
items,item_lia_blade_of_rage_str,bonus_strength,True,25,game/scripts/npc/items/item_lia_rage_sword_str.txt,49,game/scripts/vscripts/items/item_lia_blade_of_rage_str.lua,53,modifier_item_lia_blade_of_rage_str:OnCreated,self:GetAbility(),File-link candidate only; receiver may be another ability. Missing declaration can inherit engine defaults or read another entity.
items,item_lia_blade_of_rage_str,bonus_attack_speed,True,55,game/scripts/npc/items/item_lia_rage_sword_str.txt,47,game/scripts/vscripts/items/item_lia_blade_of_rage_str.lua,54,modifier_item_lia_blade_of_rage_str:OnCreated,self:GetAbility(),File-link candidate only; receiver may be another ability. Missing declaration can inherit engine defaults or read another entity.
items,item_lia_blade_of_rage_str,str_percent,True,75,game/scripts/npc/items/item_lia_rage_sword_str.txt,51,game/scripts/vscripts/items/item_lia_blade_of_rage_str.lua,88,modifier_item_lia_blade_of_rage_str_active:OnCreated,self:GetAbility(),File-link candidate only; receiver may be another ability. Missing declaration can inherit engine defaults or read another entity.
items,item_lia_rune_gold,radius,False,,game/scripts/npc/items/item_lia_rune_gold.txt,,game/scripts/vscripts/items/runes.lua,34,_G.RuneOfProtection,event.ability,File-link candidate only; receiver may be another ability. Missing declaration can inherit engine defaults or read another entity.
items,item_lia_rune_gold,duration,False,,game/scripts/npc/items/item_lia_rune_gold.txt,,game/scripts/vscripts/items/runes.lua,97,item_lia_rune_of_lifesteal:OnSpellStart,self,File-link candidate only; receiver may be another ability. Missing declaration can inherit engine defaults or read another entity.
items,item_lia_rune_gold,lifesteal_percent,False,,game/scripts/npc/items/item_lia_rune_gold.txt,,game/scripts/vscripts/items/runes.lua,147,modifier_item_lia_rune_of_lifesteal:OnCreated,self:GetAbility(),File-link candidate only; receiver may be another ability. Missing declaration can inherit engine defaults or read another entity.
items,item_lia_rune_gold,bonus_damage,False,,game/scripts/npc/items/item_lia_rune_gold.txt,,game/scripts/vscripts/items/runes.lua,148,modifier_item_lia_rune_of_lifesteal:OnCreated,self:GetAbility(),File-link candidate only; receiver may be another ability. Missing declaration can inherit engine defaults or read another entity.
items,item_lia_rune_lumber,radius,False,,game/scripts/npc/items/item_lia_rune_lumber.txt,,game/scripts/vscripts/items/runes.lua,34,_G.RuneOfProtection,event.ability,File-link candidate only; receiver may be another ability. Missing declaration can inherit engine defaults or read another entity.
items,item_lia_rune_lumber,duration,False,,game/scripts/npc/items/item_lia_rune_lumber.txt,,game/scripts/vscripts/items/runes.lua,97,item_lia_rune_of_lifesteal:OnSpellStart,self,File-link candidate only; receiver may be another ability. Missing declaration can inherit engine defaults or read another entity.
items,item_lia_rune_lumber,lifesteal_percent,False,,game/scripts/npc/items/item_lia_rune_lumber.txt,,game/scripts/vscripts/items/runes.lua,147,modifier_item_lia_rune_of_lifesteal:OnCreated,self:GetAbility(),File-link candidate only; receiver may be another ability. Missing declaration can inherit engine defaults or read another entity.
items,item_lia_rune_lumber,bonus_damage,False,,game/scripts/npc/items/item_lia_rune_lumber.txt,,game/scripts/vscripts/items/runes.lua,148,modifier_item_lia_rune_of_lifesteal:OnCreated,self:GetAbility(),File-link candidate only; receiver may be another ability. Missing declaration can inherit engine defaults or read another entity.
items,item_lia_rune_of_agility,radius,False,,game/scripts/npc/items/item_lia_rune_of_agility.txt,,game/scripts/vscripts/items/runes.lua,34,_G.RuneOfProtection,event.ability,File-link candidate only; receiver may be another ability. Missing declaration can inherit engine defaults or read another entity.
items,item_lia_rune_of_agility,duration,False,,game/scripts/npc/items/item_lia_rune_of_agility.txt,,game/scripts/vscripts/items/runes.lua,97,item_lia_rune_of_lifesteal:OnSpellStart,self,File-link candidate only; receiver may be another ability. Missing declaration can inherit engine defaults or read another entity.
items,item_lia_rune_of_agility,lifesteal_percent,False,,game/scripts/npc/items/item_lia_rune_of_agility.txt,,game/scripts/vscripts/items/runes.lua,147,modifier_item_lia_rune_of_lifesteal:OnCreated,self:GetAbility(),File-link candidate only; receiver may be another ability. Missing declaration can inherit engine defaults or read another entity.
items,item_lia_rune_of_agility,bonus_damage,False,,game/scripts/npc/items/item_lia_rune_of_agility.txt,,game/scripts/vscripts/items/runes.lua,148,modifier_item_lia_rune_of_lifesteal:OnCreated,self:GetAbility(),File-link candidate only; receiver may be another ability. Missing declaration can inherit engine defaults or read another entity.
items,item_lia_rune_of_intellect,radius,False,,game/scripts/npc/items/item_lia_rune_of_intellect.txt,,game/scripts/vscripts/items/runes.lua,34,_G.RuneOfProtection,event.ability,File-link candidate only; receiver may be another ability. Missing declaration can inherit engine defaults or read another entity.
items,item_lia_rune_of_intellect,duration,False,,game/scripts/npc/items/item_lia_rune_of_intellect.txt,,game/scripts/vscripts/items/runes.lua,97,item_lia_rune_of_lifesteal:OnSpellStart,self,File-link candidate only; receiver may be another ability. Missing declaration can inherit engine defaults or read another entity.
items,item_lia_rune_of_intellect,lifesteal_percent,False,,game/scripts/npc/items/item_lia_rune_of_intellect.txt,,game/scripts/vscripts/items/runes.lua,147,modifier_item_lia_rune_of_lifesteal:OnCreated,self:GetAbility(),File-link candidate only; receiver may be another ability. Missing declaration can inherit engine defaults or read another entity.
items,item_lia_rune_of_intellect,bonus_damage,False,,game/scripts/npc/items/item_lia_rune_of_intellect.txt,,game/scripts/vscripts/items/runes.lua,148,modifier_item_lia_rune_of_lifesteal:OnCreated,self:GetAbility(),File-link candidate only; receiver may be another ability. Missing declaration can inherit engine defaults or read another entity.
items,item_lia_rune_of_luck,radius,False,,game/scripts/npc/items/item_lia_rune_of_luck.txt,,game/scripts/vscripts/items/runes.lua,34,_G.RuneOfProtection,event.ability,File-link candidate only; receiver may be another ability. Missing declaration can inherit engine defaults or read another entity.
items,item_lia_rune_of_luck,duration,False,,game/scripts/npc/items/item_lia_rune_of_luck.txt,,game/scripts/vscripts/items/runes.lua,97,item_lia_rune_of_lifesteal:OnSpellStart,self,File-link candidate only; receiver may be another ability. Missing declaration can inherit engine defaults or read another entity.
items,item_lia_rune_of_luck,lifesteal_percent,False,,game/scripts/npc/items/item_lia_rune_of_luck.txt,,game/scripts/vscripts/items/runes.lua,147,modifier_item_lia_rune_of_lifesteal:OnCreated,self:GetAbility(),File-link candidate only; receiver may be another ability. Missing declaration can inherit engine defaults or read another entity.
items,item_lia_rune_of_luck,bonus_damage,False,,game/scripts/npc/items/item_lia_rune_of_luck.txt,,game/scripts/vscripts/items/runes.lua,148,modifier_item_lia_rune_of_lifesteal:OnCreated,self:GetAbility(),File-link candidate only; receiver may be another ability. Missing declaration can inherit engine defaults or read another entity.
items,item_lia_rune_of_protection,radius,True,1400,game/scripts/npc/items/item_lia_rune_of_protection.txt,41,game/scripts/vscripts/items/runes.lua,34,_G.RuneOfProtection,event.ability,File-link candidate only; receiver may be another ability. Missing declaration can inherit engine defaults or read another entity.
items,item_lia_rune_of_protection,duration,False,,game/scripts/npc/items/item_lia_rune_of_protection.txt,,game/scripts/vscripts/items/runes.lua,97,item_lia_rune_of_lifesteal:OnSpellStart,self,File-link candidate only; receiver may be another ability. Missing declaration can inherit engine defaults or read another entity.
items,item_lia_rune_of_protection,lifesteal_percent,False,,game/scripts/npc/items/item_lia_rune_of_protection.txt,,game/scripts/vscripts/items/runes.lua,147,modifier_item_lia_rune_of_lifesteal:OnCreated,self:GetAbility(),File-link candidate only; receiver may be another ability. Missing declaration can inherit engine defaults or read another entity.
items,item_lia_rune_of_protection,bonus_damage,False,,game/scripts/npc/items/item_lia_rune_of_protection.txt,,game/scripts/vscripts/items/runes.lua,148,modifier_item_lia_rune_of_lifesteal:OnCreated,self:GetAbility(),File-link candidate only; receiver may be another ability. Missing declaration can inherit engine defaults or read another entity.
items,item_lia_rune_of_strength,radius,False,,game/scripts/npc/items/item_lia_rune_of_strength.txt,,game/scripts/vscripts/items/runes.lua,34,_G.RuneOfProtection,event.ability,File-link candidate only; receiver may be another ability. Missing declaration can inherit engine defaults or read another entity.
items,item_lia_rune_of_strength,duration,False,,game/scripts/npc/items/item_lia_rune_of_strength.txt,,game/scripts/vscripts/items/runes.lua,97,item_lia_rune_of_lifesteal:OnSpellStart,self,File-link candidate only; receiver may be another ability. Missing declaration can inherit engine defaults or read another entity.
items,item_lia_rune_of_strength,lifesteal_percent,False,,game/scripts/npc/items/item_lia_rune_of_strength.txt,,game/scripts/vscripts/items/runes.lua,147,modifier_item_lia_rune_of_lifesteal:OnCreated,self:GetAbility(),File-link candidate only; receiver may be another ability. Missing declaration can inherit engine defaults or read another entity.
items,item_lia_rune_of_strength,bonus_damage,False,,game/scripts/npc/items/item_lia_rune_of_strength.txt,,game/scripts/vscripts/items/runes.lua,148,modifier_item_lia_rune_of_lifesteal:OnCreated,self:GetAbility(),File-link candidate only; receiver may be another ability. Missing declaration can inherit engine defaults or read another entity.
items,item_lia_seal_of_power_shop,bonus_damage,True,50,game/scripts/npc/items/item_lia_seal_of_power.txt,39,game/scripts/vscripts/items/SealOfPower.lua,30,modifier_item_lia_seal_of_power_shop:OnCreated,a,File-link candidate only; receiver may be another ability. Missing declaration can inherit engine defaults or read another entity.
items,item_lia_seal_of_power_shop,bonus_armor,True,15,game/scripts/npc/items/item_lia_seal_of_power.txt,40,game/scripts/vscripts/items/SealOfPower.lua,31,modifier_item_lia_seal_of_power_shop:OnCreated,a,File-link candidate only; receiver may be another ability. Missing declaration can inherit engine defaults or read another entity.
items,item_lia_seal_of_power_shop,armor_needed_for_one_damage,True,0.5,game/scripts/npc/items/item_lia_seal_of_power.txt,42,game/scripts/vscripts/items/SealOfPower.lua,32,modifier_item_lia_seal_of_power_shop:OnCreated,a,File-link candidate only; receiver may be another ability. Missing declaration can inherit engine defaults or read another entity.
items,item_lia_seal_of_power_shop,damage_needed_for_one_armor,True,20,game/scripts/npc/items/item_lia_seal_of_power.txt,41,game/scripts/vscripts/items/SealOfPower.lua,33,modifier_item_lia_seal_of_power_shop:OnCreated,a,File-link candidate only; receiver may be another ability. Missing declaration can inherit engine defaults or read another entity.
items,item_lia_seal_of_power_shop,damage_limit,True,200,game/scripts/npc/items/item_lia_seal_of_power.txt,43,game/scripts/vscripts/items/SealOfPower.lua,34,modifier_item_lia_seal_of_power_shop:OnCreated,a,File-link candidate only; receiver may be another ability. Missing declaration can inherit engine defaults or read another entity.
items,item_lia_seal_of_power_shop,armor_limit,True,30,game/scripts/npc/items/item_lia_seal_of_power.txt,44,game/scripts/vscripts/items/SealOfPower.lua,35,modifier_item_lia_seal_of_power_shop:OnCreated,a,File-link candidate only; receiver may be another ability. Missing declaration can inherit engine defaults or read another entity.
items,item_lia_seal_of_power_shop,stats_lose_percent,True,25,game/scripts/npc/items/item_lia_seal_of_power.txt,45,game/scripts/vscripts/items/SealOfPower.lua,36,modifier_item_lia_seal_of_power_shop:OnCreated,a,File-link candidate only; receiver may be another ability. Missing declaration can inherit engine defaults or read another entity.
items,item_lia_shield_of_death,duration,True,6.0,game/scripts/npc/items/item_lia_shield_of_death.txt,108,game/scripts/vscripts/items/shield_of_death.lua,2,ApplyArmor,event.ability,File-link candidate only; receiver may be another ability. Missing declaration can inherit engine defaults or read another entity.
items,item_lia_spellbreaker,bonus_health,True,600,game/scripts/npc/items/item_lia_spellbreaker.txt,45,game/scripts/vscripts/items/modifier_spellbreaker.lua,29,modifier_spellbreaker:OnCreated,ability,File-link candidate only; receiver may be another ability. Missing declaration can inherit engine defaults or read another entity.
items,item_lia_spellbreaker,bonus_armor,True,20,game/scripts/npc/items/item_lia_spellbreaker.txt,44,game/scripts/vscripts/items/modifier_spellbreaker.lua,30,modifier_spellbreaker:OnCreated,ability,File-link candidate only; receiver may be another ability. Missing declaration can inherit engine defaults or read another entity.
items,item_lia_spellbreaker,damage_block,True,125,game/scripts/npc/items/item_lia_spellbreaker.txt,47,game/scripts/vscripts/items/modifier_spellbreaker.lua,31,modifier_spellbreaker:OnCreated,ability,File-link candidate only; receiver may be another ability. Missing declaration can inherit engine defaults or read another entity.
items,item_lia_spellbreaker,bonus_mana_regen,True,1.5,game/scripts/npc/items/item_lia_spellbreaker.txt,48,game/scripts/vscripts/items/modifier_spellbreaker.lua,32,modifier_spellbreaker:OnCreated,ability,File-link candidate only; receiver may be another ability. Missing declaration can inherit engine defaults or read another entity.
items,item_lia_spellbreaker,block_chance,True,50,game/scripts/npc/items/item_lia_spellbreaker.txt,46,game/scripts/vscripts/items/modifier_spellbreaker.lua,35,modifier_spellbreaker:OnCreated,ability,File-link candidate only; receiver may be another ability. Missing declaration can inherit engine defaults or read another entity.
items,item_ultimate_scepter,radius,True,220,game/scripts/npc/items/item_lia_spherical_staff.txt,62,game/scripts/vscripts/items/item_lia_spherical_staff.lua,9,item_ultimate_scepter:GetAOERadius,self,File-link candidate only; receiver may be another ability. Missing declaration can inherit engine defaults or read another entity.
items,item_ultimate_scepter,radius,True,220,game/scripts/npc/items/item_lia_spherical_staff.txt,62,game/scripts/vscripts/items/item_lia_spherical_staff.lua,16,item_ultimate_scepter:OnSpellStart,self,File-link candidate only; receiver may be another ability. Missing declaration can inherit engine defaults or read another entity.
items,item_ultimate_scepter,damage,True,300,game/scripts/npc/items/item_lia_spherical_staff.txt,63,game/scripts/vscripts/items/item_lia_spherical_staff.lua,17,item_ultimate_scepter:OnSpellStart,self,File-link candidate only; receiver may be another ability. Missing declaration can inherit engine defaults or read another entity.
items,item_ultimate_scepter,stun_duration,True,2.7,game/scripts/npc/items/item_lia_spherical_staff.txt,61,game/scripts/vscripts/items/item_lia_spherical_staff.lua,18,item_ultimate_scepter:OnSpellStart,self,File-link candidate only; receiver may be another ability. Missing declaration can inherit engine defaults or read another entity.
items,item_ultimate_scepter,infernal_duration,True,60,game/scripts/npc/items/item_lia_spherical_staff.txt,60,game/scripts/vscripts/items/item_lia_spherical_staff.lua,19,item_ultimate_scepter:OnSpellStart,self,File-link candidate only; receiver may be another ability. Missing declaration can inherit engine defaults or read another entity.
items,item_ultimate_scepter,bonus_mana_regen,True,1,game/scripts/npc/items/item_lia_spherical_staff.txt,58,game/scripts/vscripts/items/modifier_spherical_staff.lua,43,modifier_spherical_staff:OnCreated,self:GetAbility(),File-link candidate only; receiver may be another ability. Missing declaration can inherit engine defaults or read another entity.
items,item_ultimate_scepter,bonus_int,True,30,game/scripts/npc/items/item_lia_spherical_staff.txt,59,game/scripts/vscripts/items/modifier_spherical_staff.lua,44,modifier_spherical_staff:OnCreated,self:GetAbility(),File-link candidate only; receiver may be another ability. Missing declaration can inherit engine defaults or read another entity.
items,item_lia_spider_ring,duration,True,6,game/scripts/npc/items/item_lia_spider_ring.txt,25,game/scripts/vscripts/items/item_lia_spider_ring.lua,23,modifier_item_lia_spider_ring:OnCreated,self.ability,File-link candidate only; receiver may be another ability. Missing declaration can inherit engine defaults or read another entity.
items,item_lia_spider_ring,armor_reduction,True,3,game/scripts/npc/items/item_lia_spider_ring.txt,24,game/scripts/vscripts/items/item_lia_spider_ring.lua,46,modifier_item_lia_spider_ring_debuff:OnCreated,self:GetAbility(),File-link candidate only; receiver may be another ability. Missing declaration can inherit engine defaults or read another entity.
items,item_lia_staff_of_help,max_bounces,True,"[8, 10]",game/scripts/npc/items/item_lia_staff_of_help.txt,79,game/scripts/vscripts/items/StaffOfHelp.lua,11,HealingWave,ability,File-link candidate only; receiver may be another ability. Missing declaration can inherit engine defaults or read another entity.
items,item_lia_staff_of_help,healing,True,"[500, 700]",game/scripts/npc/items/item_lia_staff_of_help.txt,78,game/scripts/vscripts/items/StaffOfHelp.lua,12,HealingWave,ability,File-link candidate only; receiver may be another ability. Missing declaration can inherit engine defaults or read another entity.
items,item_lia_staff_of_help,bounce_range,True,1000,game/scripts/npc/items/item_lia_staff_of_help.txt,80,game/scripts/vscripts/items/StaffOfHelp.lua,13,HealingWave,ability,File-link candidate only; receiver may be another ability. Missing declaration can inherit engine defaults or read another entity.
items,item_lia_staff_of_help_2,max_bounces,True,10,game/scripts/npc/items/item_lia_staff_of_help.txt,172,game/scripts/vscripts/items/StaffOfHelp.lua,11,HealingWave,ability,File-link candidate only; receiver may be another ability. Missing declaration can inherit engine defaults or read another entity.
items,item_lia_staff_of_help_2,healing,True,700,game/scripts/npc/items/item_lia_staff_of_help.txt,171,game/scripts/vscripts/items/StaffOfHelp.lua,12,HealingWave,ability,File-link candidate only; receiver may be another ability. Missing declaration can inherit engine defaults or read another entity.
items,item_lia_staff_of_help_2,bounce_range,True,1000,game/scripts/npc/items/item_lia_staff_of_help.txt,173,game/scripts/vscripts/items/StaffOfHelp.lua,13,HealingWave,ability,File-link candidate only; receiver may be another ability. Missing declaration can inherit engine defaults or read another entity.
items,item_lia_staff_of_illusions,illusion_duration,True,10,game/scripts/npc/items/item_lia_staff_of_illusions.txt,77,game/scripts/vscripts/items/StaffOfIllusions.lua,7,MakeIllusion,ability,File-link candidate only; receiver may be another ability. Missing declaration can inherit engine defaults or read another entity.
items,item_lia_staff_of_illusions,illusion_outgoing_damage,True,100,game/scripts/npc/items/item_lia_staff_of_illusions.txt,74,game/scripts/vscripts/items/StaffOfIllusions.lua,8,MakeIllusion,ability,File-link candidate only; receiver may be another ability. Missing declaration can inherit engine defaults or read another entity.
items,item_lia_staff_of_illusions,illusion_incoming_damage,True,200,game/scripts/npc/items/item_lia_staff_of_illusions.txt,75,game/scripts/vscripts/items/StaffOfIllusions.lua,9,MakeIllusion,ability,File-link candidate only; receiver may be another ability. Missing declaration can inherit engine defaults or read another entity.
items,item_lia_staff_of_life,ability_radius,True,300,game/scripts/npc/items/item_lia_staff_of_life.txt,58,game/scripts/vscripts/items/item_lia_staff_of_life.lua,11,item_lia_staff_of_life:GetAOERadius,self,File-link candidate only; receiver may be another ability. Missing declaration can inherit engine defaults or read another entity.
items,item_lia_staff_of_life,ability_radius,True,300,game/scripts/npc/items/item_lia_staff_of_life.txt,58,game/scripts/vscripts/items/item_lia_staff_of_life.lua,15,item_lia_staff_of_life:OnSpellStart,self,File-link candidate only; receiver may be another ability. Missing declaration can inherit engine defaults or read another entity.
items,item_lia_staff_of_life,ability_duration,True,10,game/scripts/npc/items/item_lia_staff_of_life.txt,60,game/scripts/vscripts/items/item_lia_staff_of_life.lua,17,item_lia_staff_of_life:OnSpellStart,self,File-link candidate only; receiver may be another ability. Missing declaration can inherit engine defaults or read another entity.
items,item_lia_staff_of_life,bonus_armor,True,5,game/scripts/npc/items/item_lia_staff_of_life.txt,57,game/scripts/vscripts/items/modifiers/modifier_staff_of_life.lua,36,modifier_staff_of_life:OnCreated,self:GetAbility(),File-link candidate only; receiver may be another ability. Missing declaration can inherit engine defaults or read another entity.
items,item_lia_staff_of_life,bonus_intelligence,True,25,game/scripts/npc/items/item_lia_staff_of_life.txt,55,game/scripts/vscripts/items/modifiers/modifier_staff_of_life.lua,37,modifier_staff_of_life:OnCreated,self:GetAbility(),File-link candidate only; receiver may be another ability. Missing declaration can inherit engine defaults or read another entity.
items,item_lia_staff_of_life,bonus_mana_regen,True,1.0,game/scripts/npc/items/item_lia_staff_of_life.txt,56,game/scripts/vscripts/items/modifiers/modifier_staff_of_life.lua,38,modifier_staff_of_life:OnCreated,self:GetAbility(),File-link candidate only; receiver may be another ability. Missing declaration can inherit engine defaults or read another entity.
items,item_lia_staff_of_life,restore_limit,True,700,game/scripts/npc/items/item_lia_staff_of_life.txt,59,game/scripts/vscripts/items/modifiers/modifier_staff_of_life_effect.lua,32,modifier_staff_of_life_effect:OnCreated,self:GetAbility(),File-link candidate only; receiver may be another ability. Missing declaration can inherit engine defaults or read another entity.
items,item_lia_troll_defender,duration,True,45,game/scripts/npc/items/item_lia_troll_defender.txt,39,game/scripts/vscripts/items/TrollDefender.lua,4,SpawnTroll,event.ability,File-link candidate only; receiver may be another ability. Missing declaration can inherit engine defaults or read another entity.
items,item_lia_troll_healer,duration,True,45,game/scripts/npc/items/item_lia_troll_healer.txt,40,game/scripts/vscripts/items/TrollHealer.lua,4,SpawnTroll,event.ability,File-link candidate only; receiver may be another ability. Missing declaration can inherit engine defaults or read another entity.
items,item_lia_widow_boots,invis_duration,True,6,game/scripts/npc/items/item_lia_widow_boots.txt,57,game/scripts/vscripts/items/item_lia_widow_boots.lua,16,item_lia_widow_boots:OnSpellStart,self,File-link candidate only; receiver may be another ability. Missing declaration can inherit engine defaults or read another entity.
items,item_lia_widow_boots,debuff_duration,True,6,game/scripts/npc/items/item_lia_widow_boots.txt,56,game/scripts/vscripts/items/item_lia_widow_boots.lua,44,modifier_item_lia_widow_boots:OnCreated,self.ability,File-link candidate only; receiver may be another ability. Missing declaration can inherit engine defaults or read another entity.
items,item_lia_widow_boots,bonus_attack_damage,True,60,game/scripts/npc/items/item_lia_widow_boots.txt,52,game/scripts/vscripts/items/item_lia_widow_boots.lua,55,modifier_item_lia_widow_boots:GetModifierPreAttack_BonusDamage,self:GetAbility(),File-link candidate only; receiver may be another ability. Missing declaration can inherit engine defaults or read another entity.
items,item_lia_widow_boots,bonus_movement_speed,True,60,game/scripts/npc/items/item_lia_widow_boots.txt,53,game/scripts/vscripts/items/item_lia_widow_boots.lua,59,modifier_item_lia_widow_boots:GetModifierMoveSpeedBonus_Special_Boots,self:GetAbility(),File-link candidate only; receiver may be another ability. Missing declaration can inherit engine defaults or read another entity.
items,item_lia_widow_boots,armor_reduction,True,3,game/scripts/npc/items/item_lia_widow_boots.txt,54,game/scripts/vscripts/items/item_lia_widow_boots.lua,84,modifier_item_lia_widow_boots_debuff:OnCreated,self:GetAbility(),File-link candidate only; receiver may be another ability. Missing declaration can inherit engine defaults or read another entity.
items,item_lia_widow_boots,max_stacks,True,5,game/scripts/npc/items/item_lia_widow_boots.txt,55,game/scripts/vscripts/items/item_lia_widow_boots.lua,91,modifier_item_lia_widow_boots_debuff:OnRefresh,self:GetAbility(),File-link candidate only; receiver may be another ability. Missing declaration can inherit engine defaults or read another entity.
items,item_lia_widow_boots,debuff_duration,True,6,game/scripts/npc/items/item_lia_widow_boots.txt,56,game/scripts/vscripts/items/item_lia_widow_boots.lua,171,modifier_item_lia_widow_boots_active:OnIntervalThink,ability,File-link candidate only; receiver may be another ability. Missing declaration can inherit engine defaults or read another entity.
items,item_lia_widow_boots,invis_movespeed_percent,True,30,game/scripts/npc/items/item_lia_widow_boots.txt,58,game/scripts/vscripts/items/item_lia_widow_boots.lua,187,modifier_item_lia_widow_boots_active:GetModifierMoveSpeedBonus_Percentage,self:GetAbility(),File-link candidate only; receiver may be another ability. Missing declaration can inherit engine defaults or read another entity.
items,item_lia_widow_boots,invis_bonus_damage,True,100,game/scripts/npc/items/item_lia_widow_boots.txt,59,game/scripts/vscripts/items/item_lia_widow_boots.lua,207,modifier_item_lia_widow_boots_active:OnAttackLanded,self:GetAbility(),File-link candidate only; receiver may be another ability. Missing declaration can inherit engine defaults or read another entity.
