name,start_line,end_line,rawcodes,calls,callbacks,numeric_lines
Kj,1412,1416,[],"[""GetDestructableX"", ""GetDestructableY"", ""GetFilterDestructable""]",[],0
lj,1417,1422,[],"[""CreateGroup"", ""DestroyBoolExpr"", ""GroupEnumUnitsInRect""]",[],0
mj,1423,1428,[],"[""CreateGroup"", ""GroupEnumUnitsOfPlayer""]",[],0
Pj,1429,1443,[],"[""CreateForce"", ""ForceAddPlayer"", ""GetPlayerController"", ""Player""]",[],3
Sj,1444,1453,[],"[""CreateGroup"", ""DestroyGroup"", ""ForGroup"", ""GroupEnumUnitsOfType""]","[""UpdateEachStockBuildingEnum""]",0
uj,1454,1492,[],"[""GetRandomInt"", ""Sj""]",[],11
yj,1493,1496,[],"[""TimerStart"", ""uj""]","[""uj""]",0
zj,1497,1499,[],[],[],0
xJ,1500,1514,[],"[""DisplayTimedTextToPlayer"", ""GetLocalPlayer""]",[],6
rJ,1515,1525,[],"[""DisplayTimedTextToPlayer"", ""GetLocalPlayer""]",[],3
iJ,1526,1540,[],"[""DisplayTimedTextToPlayer"", ""GetLocalPlayer""]",[],6
aJ,1541,1551,[],"[""DisplayTimedTextToPlayer"", ""GetLocalPlayer""]",[],3
nJ,1552,1566,[],"[""DisplayTimedTextToPlayer"", ""GetLocalPlayer""]",[],6
VJ,1567,1577,[],"[""DisplayTimedTextToPlayer"", ""GetLocalPlayer""]",[],3
EJ,1578,1592,[],"[""DisplayTimedTextToPlayer"", ""GetLocalPlayer""]",[],6
XJ,1593,1603,[],"[""DisplayTimedTextToPlayer"", ""GetLocalPlayer""]",[],3
OJ,1604,1618,[],"[""DisplayTimedTextToPlayer"", ""GetLocalPlayer""]",[],6
RJ,1619,1629,[],"[""DisplayTimedTextToPlayer"", ""GetLocalPlayer""]",[],3
IJ,1630,1644,[],"[""DisplayTimedTextToPlayer"", ""GetLocalPlayer""]",[],6
AJ,1645,1655,[],"[""DisplayTimedTextToPlayer"", ""GetLocalPlayer""]",[],3
NJ,1656,1670,[],"[""DisplayTimedTextToPlayer"", ""GetLocalPlayer""]",[],6
bJ,1671,1681,[],"[""DisplayTimedTextToPlayer"", ""GetLocalPlayer""]",[],3
BJ,1682,1696,[],"[""DisplayTimedTextToPlayer"", ""GetLocalPlayer""]",[],6
cJ,1697,1707,[],"[""DisplayTimedTextToPlayer"", ""GetLocalPlayer""]",[],3
CJ,1708,1722,[],"[""DisplayTimedTextToPlayer"", ""GetLocalPlayer""]",[],6
dJ,1723,1733,[],"[""DisplayTimedTextToPlayer"", ""GetLocalPlayer""]",[],3
DJ,1734,1748,[],"[""DisplayTimedTextToPlayer"", ""GetLocalPlayer""]",[],6
fJ,1749,1759,[],"[""DisplayTimedTextToPlayer"", ""GetLocalPlayer""]",[],3
FJ,1760,1774,[],"[""DisplayTimedTextToPlayer"", ""GetLocalPlayer""]",[],6
gJ,1775,1785,[],"[""DisplayTimedTextToPlayer"", ""GetLocalPlayer""]",[],3
GJ,1786,1800,[],"[""DisplayTimedTextToPlayer"", ""GetLocalPlayer""]",[],6
hJ,1801,1811,[],"[""DisplayTimedTextToPlayer"", ""GetLocalPlayer""]",[],3
HJ,1812,1826,[],"[""DisplayTimedTextToPlayer"", ""GetLocalPlayer""]",[],6
jJ,1827,1837,[],"[""DisplayTimedTextToPlayer"", ""GetLocalPlayer""]",[],3
JJ,1838,1853,[],"[""DisplayTimedTextToPlayer"", ""GetLocalPlayer""]",[],7
kJ,1854,1864,[],"[""DisplayTimedTextToPlayer"", ""GetLocalPlayer""]",[],3
KJ,1865,1881,[],"[""DisplayTimedTextToPlayer"", ""GetLocalPlayer""]",[],7
lJ,1882,1886,[],"[""TriggerEvaluate""]",[],0
mJ,1887,1902,[],"[""DisplayTimedTextToPlayer"", ""GetLocalPlayer""]",[],6
MJ,1903,1907,[],"[""TriggerEvaluate""]",[],0
pJ,1908,1930,[],"[""DisplayTimedTextToPlayer"", ""GetLocalPlayer""]",[],14
PJ,1931,1933,[],[],[],0
qJ,1934,1936,[],"[""Condition""]","[""PJ""]",0
QJ,1937,1954,[],"[""DestroyLightning"", ""DestroyTextTag"", ""PauseTimer"", ""rJ""]",[],1
sJ,1955,1990,[],"[""GetLocalPlayer"", ""GetLocationZ"", ""IsVisibleToPlayer"", ""MoveLightningEx"", ""MoveLocation"", ""SetLightningColor"", ""SetTextTagPos""]",[],4
zJ,1991,2023,[],"[""GetCameraTargetPositionX"", ""GetCameraTargetPositionY"", ""GetUnitX"", ""GetUnitY"", ""I2S"", ""QJ"", ""R2I"", ""SetTextTagColor"", ""SetTextTagText"", ""sJ""]",[],8
ZJ,2024,2031,[],"[""zJ""]",[],2
vk,2032,2074,[],"[""AddLightning"", ""CreateTextTag"", ""I2R"", ""I2S"", ""R2I"", ""SetLightningColor"", ""SetTextTagColor"", ""SetTextTagText"", ""StringLength"", ""TimerStart"", ""xJ""]","[""ZJ""]",20
ak,2075,2080,[],"[""GetLocationX"", ""GetLocationY"", ""sJ"", ""vk""]",[],0
Vk,2081,2083,[],"[""QJ""]",[],0
Ek,2084,2086,[],"[""SetTextTagVisibility""]",[],0
Ok,2087,2096,[],"[""SetLightningColor"", ""SetTextTagVisibility""]",[],2
Rk,2097,2099,[],[],[],0
Ik,2100,2115,[],"[""I2S"", ""R2I"", ""SetTextTagColor"", ""SetTextTagText""]",[],4
Nk,2116,2128,[],"[""I2R"", ""I2S"", ""R2I"", ""SetTextTagColor"", ""SetTextTagText"", ""StringLength"", ""sJ""]",[],5
Bk,2129,2131,[],[],[],0
ck,2132,2139,[],"[""SetLightningColor""]",[],0
GetExpiringCastBar,2140,2142,[],[],[],0
Fk,2143,2145,[],[],[],0
gk,2146,2159,[],"[""AddSpecialEffectTarget"", ""DestroyEffect"", ""GetUnitState"", ""GetWidgetLife"", ""SetUnitState""]",[],2
CrownOfCenarius___Init,2160,2161,[],[],[],0
Jk,2162,2172,[],"[""I2S"", ""StringLength""]",[],4
LogClear,2173,2181,[],[],[],3
Kk,2182,2204,[],"[""GetLocalPlayer"", ""Player"", ""Preload"", ""PreloadGenClear"", ""PreloadGenEnd"", ""PreloadGenStart""]",[],5
Lk,2205,2211,[],[],[],4
mk,2212,2216,[],"[""CreateTimer"", ""Jk"", ""TimerStart""]","[""Kk"", ""Lk""]",3
Mk,2217,2218,[],[],[],0
qk,2219,2228,[],"[""GetHeroAgi"", ""GetHeroInt"", ""GetHeroStr""]",[],4
tk,2229,2235,[],[],[],1
Tk,2236,2244,[],[],[],5
uk,2245,2250,[],[],[],2
Uk,2251,2253,[],"[""GetWidgetLife"", ""IsUnitType""]",[],1
wk,2254,2256,[],"[""GetLocalizedString""]",[],0
Wk,2257,2259,[],"[""GetLocalizedString""]",[],0
yk,2260,2262,[],"[""GetSoundFileDuration""]",[],1
Yk,2263,2274,[],[],[],4
zk,2275,2283,[],"[""SetUnitScale"", ""yk""]",[],0
xK,2284,2287,[],"[""GetPlayerId""]",[],1
rK,2288,2327,[],"[""GetItemTypeId"", ""MJ"", ""UnitItemInSlot""]",[],13
CK,2328,2342,[],"[""GetRandomInt""]",[],10
dK,2343,2363,[],"[""GetRandomInt""]",[],11
DK,2364,2366,[],[],[],0
fK,2367,2374,"[""LTbr""]","[""GetDestructableTypeId"", ""GetFilterDestructable"", ""KillDestructable""]",[],0
FK,2375,2380,[],"[""DestroyFilter"", ""EnumDestructablesInRect"", ""Filter""]","[""fK""]",0
gK,2381,2388,"[""LTba"", ""LTbr"", ""LTbs""]","[""GetDestructableTypeId"", ""GetFilterDestructable"", ""GetWidgetX"", ""GetWidgetY"", ""KillDestructable""]",[],1
GK,2389,2394,[],"[""EnumDestructablesInRect"", ""GetUnitX"", ""GetUnitY"", ""MoveRectTo""]",[],0
hK,2395,2397,"[""A02M"", ""A02Q"", ""A040"", ""A05L"", ""A05M"", ""A05Q"", ""A082"", ""A08F"", ""A0JW"", ""A0K0"", ""A0KD"", ""A0LU"", ""A0MN"", ""A0MZ"", ""A0N5"", ""A0NS"", ""A0PG"", ""A0PO"", ""A0PX"", ""A0QB"", ""A0QG"", ""A0QN"", ""A0RK"", ""A0SN"", ""A0SO"", ""A0SW"", ""A0U2"", ""A0W2"", ""A0WO"", ""A0WP"", ""A0Y4"", ""A0YK"", ""A107"", ""A10P"", ""A10Q"", ""A10U"", ""A12G"", ""A158"", ""A1AP"", ""A1BE"", ""A1BX"", ""A1BY"", ""A1BZ""]",[],[],1
jK,2398,2409,[],"[""AddSpecialEffect"", ""AddSpecialEffectTarget"", ""DestroyEffect"", ""GetHandleId"", ""GetUnitState"", ""GetUnitX"", ""GetUnitY"", ""GetWidgetLife"", ""I2R"", ""KillUnit"", ""RemoveUnit"", ""SaveUnitHandle"", ""SetUnitUserData"", ""SetWidgetLife""]",[],3
lK,2410,2425,"[""E00E""]","[""CreateGroup"", ""DestroyGroup"", ""FirstOfGroup"", ""GetOwningPlayer"", ""GetUnitTypeId"", ""GetUnitX"", ""GetUnitY"", ""GetWidgetLife"", ""GroupEnumUnitsInRange"", ""GroupRemoveUnit"", ""IsUnitIllusion"", ""jK""]",[],2
LK,2426,2431,[],"[""GetHandleId"", ""LoadUnitHandle"", ""RemoveUnit"", ""SaveUnitHandle""]",[],2
mK,2432,2438,[],[],[],0
MK,2439,2445,[],[],[],0
qK,2446,2448,[],"[""SetUnitScale""]",[],0
SK,2449,2451,[],"[""GetFilterUnit"", ""GetOwningPlayer"", ""GetSpellAbilityUnit"", ""GetWidgetLife"", ""IsPlayerEnemy""]",[],1
tK,2452,2456,[],"[""DestroyTimer"", ""FlushChildHashtable"", ""PauseTimer""]",[],0
uK,2457,2464,[],"[""DestroyEffect"", ""GetExpiredTimer"", ""GetHandleId"", ""LoadEffectHandle"", ""tK""]",[],1
UK,2465,2472,[],"[""AddSpecialEffectTarget"", ""CreateTimer"", ""GetHandleId"", ""SaveEffectHandle"", ""TimerStart""]","[""uK""]",1
YK,2473,2480,[],"[""AddSpecialEffect"", ""CreateTimer"", ""GetHandleId"", ""SaveEffectHandle"", ""TimerStart""]","[""uK""]",1
zK,2481,2489,[],"[""GetExpiredTimer"", ""GetHandleId"", ""LoadUnitHandle"", ""RemoveUnit"", ""tK""]",[],1
ZK,2490,2496,[],"[""CreateTimer"", ""GetHandleId"", ""SaveUnitHandle"", ""TimerStart""]","[""zK""]",1
vl,2497,2500,[],"[""UnitAddAbility"", ""UnitMakeAbilityPermanent""]",[],0
el,2501,2504,[],"[""GetUnitAbilityLevel"", ""SetUnitAbilityLevel"", ""UnitAddAbility""]",[],0
nl,2505,2508,"[""BTLF""]","[""CreateUnit"", ""Player"", ""UnitApplyTimedLife""]",[],2
Vl,2509,2524,"[""BTLF"", ""h00P""]","[""CreateUnit"", ""Player"", ""UnitAddAbility"", ""UnitApplyTimedLife"", ""UnitRemoveAbility""]",[],2
Nl,2525,2530,"[""BTLF"", ""h00P""]","[""CreateUnit"", ""Player"", ""UnitAddAbility"", ""UnitApplyTimedLife"", ""UnitRemoveAbility""]",[],2
bl,2531,2535,[],"[""DisplayTimedTextToPlayer"", ""GetLocalPlayer"", ""IsPlayerInForce""]",[],1
dl,2536,2545,[],"[""ClearTextMessages"", ""CreateSoundFromLabel"", ""DisplayTimedTextToPlayer"", ""GetLocalPlayer"", ""StartSound""]",[],1
fl,2546,2548,[],"[""GetUnitState""]",[],1
Fl,2549,2560,[],"[""DestroyTrigger"", ""HaveSavedHandle"", ""LoadTriggerActionHandle"", ""LoadTriggerHandle"", ""RemoveSavedHandle"", ""TriggerRemoveAction""]",[],5
Gl,2561,2565,[],"[""CreateGroup"", ""ForGroup""]","[""GroupAddGroupEnum""]",0
hl,2566,2570,[],"[""SquareRoot""]",[],0
Hl,2571,2573,[],"[""Atan2""]",[],1
ll,2574,2586,[],"[""CreateTextTag"", ""SetTextTagColor"", ""SetTextTagFadepoint"", ""SetTextTagLifespan"", ""SetTextTagPermanent"", ""SetTextTagPos"", ""SetTextTagSuspended"", ""SetTextTagText"", ""SetTextTagVelocity"", ""SetTextTagVisibility""]",[],4
ql,2587,2602,[],"[""CreateTextTag"", ""GetLocalPlayer"", ""IsUnitAlly"", ""SetTextTagColor"", ""SetTextTagFadepoint"", ""SetTextTagLifespan"", ""SetTextTagPermanent"", ""SetTextTagPos"", ""SetTextTagSuspended"", ""SetTextTagText"", ""SetTextTagVelocity"", ""SetTextTagVisibility""]",[],4
Ql,2603,2618,[],"[""CreateTextTag"", ""GetLocalPlayer"", ""IsUnitVisible"", ""SetTextTagColor"", ""SetTextTagFadepoint"", ""SetTextTagLifespan"", ""SetTextTagPermanent"", ""SetTextTagPosUnit"", ""SetTextTagText"", ""SetTextTagVelocity"", ""SetTextTagVisibility""]",[],3
sl,2619,2648,[],"[""DisplayTimedTextToPlayer"", ""GetFloatGameState"", ""GetLocalPlayer"", ""GetPlayerController"", ""GetRandomInt"", ""GetUnitTypeId"", ""GetWidgetX"", ""GetWidgetY"", ""LoadStr"", ""StartSound"", ""UK"", ""ql"", ""xK""]",[],9
yl,2649,2656,"[""A0HG"", ""A15A""]",[],[],3
zl,2657,2698,[],"[""SetUnitAbilityLevel"", ""UnitAddAbility"", ""UnitRemoveAbility"", ""yl""]",[],13
eL,2699,2744,[],"[""GetRectMaxX"", ""GetRectMaxY"", ""GetRectMinX"", ""GetRectMinY"", ""hl""]",[],21
oL,2745,2786,[],"[""GetRectMaxX"", ""GetRectMaxY"", ""GetRectMinX"", ""GetRectMinY""]",[],21
rL,2787,2819,[],"[""GetRectMaxX"", ""GetRectMaxY"", ""GetRectMinX"", ""GetRectMinY""]",[],13
iL,2820,2830,[],"[""GetRectMaxX"", ""GetRectMinX""]",[],2
nL,2831,2841,[],"[""GetRectMaxY"", ""GetRectMinY""]",[],2
VL,2842,2855,[],"[""GetItemType"", ""GetItemTypeId"", ""lJ""]",[],0
OL,2856,2858,"[""B06X""]","[""GetUnitAbilityLevel""]",[],1
IL,2859,2895,[],"[""DestroyTextTag"", ""DestroyTimer"", ""FlushChildHashtable"", ""GetExpiredTimer"", ""GetHandleId"", ""GetLocalPlayer"", ""GetUnitFlyHeight"", ""GetUnitX"", ""GetUnitY"", ""GetWidgetLife"", ""I2S"", ""IsUnitAlly"", ""LoadBoolean"", ""LoadInteger"", ""LoadReal"", ""LoadTextTagHandle"", ""LoadUnitHandle"", ""PauseTimer"", ""R2I"", ""SaveBoolean"", ""SaveInteger"", ""SaveReal"", ""SetTextTagColor"", ""SetTextTagPos"", ""SetTextTagText"", ""SetTextTagVisibility""]",[],10
BL,2896,2922,[],"[""AddSpecialEffectTarget"", ""CreateTextTag"", ""CreateTimer"", ""DestroyEffect"", ""GetHandleId"", ""LoadBoolean"", ""LoadReal"", ""SaveBoolean"", ""SaveInteger"", ""SaveReal"", ""SaveTextTagHandle"", ""SaveUnitHandle"", ""TimerStart""]","[""IL""]",5
cL,2923,2933,[],"[""AddHeroXP"", ""R2I"", ""Yk""]",[],3
fL,2934,2949,"[""A19P"", ""B0A4"", ""B0B2"", ""H02E""]","[""GetHandleId"", ""GetUnitAbilityLevel"", ""GetUnitTypeId"", ""GetWidgetLife"", ""LoadBoolean"", ""SetWidgetLife"", ""UnitDamageTarget"", ""cL""]",[],5
FL,2950,2970,"[""A19P"", ""B0A4""]","[""BL"", ""GetHandleId"", ""GetUnitAbilityLevel"", ""GetUnitState"", ""GetWidgetLife"", ""LoadBoolean"", ""SetUnitState"", ""SetWidgetLife"", ""UnitDamageTarget""]",[],5
hL,2971,3020,"[""A19C"", ""A19M"", ""A19O"", ""B0AS"", ""B0B1"", ""H02E""]","[""FL"", ""GetHandleId"", ""GetRandomInt"", ""GetUnitAbilityLevel"", ""GetUnitTypeId"", ""LoadBoolean"", ""LoadReal"", ""UnitDamageTarget"", ""cL""]",[],19
jL,3021,3040,"[""rdis"", ""rhe2"", ""rman"", ""rres"", ""rspd"", ""rsps""]",[],[],9
JL,3041,3065,"[""gold"", ""lmbr"", ""rdis"", ""rhe2"", ""rman"", ""rres"", ""rspd"", ""rsps"", ""tdex"", ""tint"", ""tstr""]",[],[],12
kL,3066,3068,[],[],[],1
KL,3069,3072,[],[],[],2
LL,3073,3075,[],[],[],1
mL,3076,3097,[],"[""I2S"", ""KL"", ""LL"", ""kL""]",[],6
ML,3098,3100,[],[],[],1
pL,3101,3103,[],"[""PauseTimer""]",[],0
PL,3104,3106,[],"[""TimerStart""]","[""ML""]",1
qL,3107,3110,[],"[""CreateTimer"", ""TimerStart""]","[""ML""]",1
QL,3111,3138,[],"[""GetHandleId"", ""Pow"", ""R2I"", ""SaveInteger"", ""UnitAddAbility"", ""UnitRemoveAbility""]",[],13
uL,3139,3181,[],"[""GetHandleId"", ""Pow"", ""R2I"", ""SaveInteger"", ""UnitAddAbility"", ""UnitRemoveAbility""]",[],18
UL,3182,3224,[],"[""GetHandleId"", ""Pow"", ""R2I"", ""SaveInteger"", ""UnitAddAbility"", ""UnitRemoveAbility""]",[],18
wL,3225,3287,"[""aa00"", ""aa01"", ""aa02"", ""aa03"", ""aa04"", ""aa05"", ""aa06"", ""aa07"", ""aa08"", ""aa09"", ""aa10"", ""aa11"", ""aa12"", ""ad00"", ""ad01"", ""ad02"", ""ad03"", ""ad04"", ""ad05"", ""ad06"", ""ad07"", ""ad08"", ""ad09"", ""ad10"", ""ad11"", ""ad12"", ""as00"", ""as01"", ""as02"", ""as03"", ""as04"", ""as05"", ""as06"", ""as07"", ""as08"", ""ra00"", ""ra01"", ""ra02"", ""ra03"", ""ra04"", ""ra05"", ""ra06"", ""ra07"", ""ra08"", ""ra09"", ""ra10"", ""ra11"", ""ra12"", ""rd00"", ""rd01"", ""rd02"", ""rd03"", ""rd04"", ""rd05"", ""rd06"", ""rd07"", ""rd08"", ""rd09"", ""rd10"", ""rd11"", ""rd12""]",[],[],61
WL,3288,3307,[],"[""InitHashtable"", ""SaveInteger"", ""pJ""]",[],2
ZL,3308,3313,[],"[""LoadInteger""]",[],2
vm,3314,3675,"[""I000"", ""I001"", ""I002"", ""I003"", ""I004"", ""I005"", ""I006"", ""I007"", ""I008"", ""I009"", ""I00A"", ""I00B"", ""I00C"", ""I00D"", ""I00E"", ""I00F"", ""I00G"", ""I00H"", ""I00I"", ""I00J"", ""I00K"", ""I00L"", ""I00M"", ""I00N"", ""I00O"", ""I00P"", ""I00Q"", ""I00R"", ""I00S"", ""I00T"", ""I00U"", ""I00V"", ""I00W"", ""I00X"", ""I00Y"", ""I00Z"", ""I010"", ""I011"", ""I012"", ""I013"", ""I014"", ""I015"", ""I016"", ""I017"", ""I018"", ""I019"", ""I01A"", ""I01B"", ""I01C"", ""I01E"", ""I01F"", ""I01G"", ""I01H"", ""I01I"", ""I01K"", ""I01M"", ""I01N"", ""I01O"", ""I01P"", ""I01Q"", ""I01R"", ""I01S"", ""I01T"", ""I01U"", ""I01V"", ""I01W"", ""I01X"", ""I021"", ""I022"", ""I023"", ""I024"", ""I025"", ""I026"", ""I027"", ""I028"", ""I029"", ""I02A"", ""I02B"", ""I02C"", ""I02D"", ""I02E"", ""I02F"", ""I02G"", ""I02J"", ""I02K"", ""I02L"", ""I02M"", ""I02N"", ""I02O"", ""I02P"", ""I02Q"", ""I02R"", ""I02S"", ""I02T"", ""I02U"", ""I02V"", ""I02W"", ""I02X"", ""I02Y"", ""I02Z"", ""I030"", ""I031"", ""I032"", ""I033"", ""I034"", ""I035"", ""I036"", ""I037"", ""I038"", ""I039"", ""I03A"", ""I03B"", ""I03C"", ""I03D"", ""I03E"", ""I03F"", ""I03G"", ""I03H"", ""I03I"", ""I03J"", ""I03K"", ""I03L"", ""I03M"", ""I03N"", ""I03O"", ""I03P"", ""I03Q"", ""I03R"", ""I03S"", ""I03T"", ""I03U"", ""I03V"", ""I03W"", ""I03X"", ""I03Y"", ""I03Z"", ""I040"", ""I041"", ""I042"", ""I043"", ""I044"", ""I045"", ""I046"", ""I047"", ""I048"", ""I049"", ""I04A"", ""I04B"", ""I04D"", ""I04F"", ""I04G"", ""I04H"", ""I04I"", ""I04J"", ""I04K"", ""I04L"", ""I04M"", ""I04N"", ""I04O"", ""I04P"", ""I04Q"", ""I04R"", ""I04S"", ""I04T"", ""I04U"", ""I04V"", ""I04W"", ""I04X"", ""I04Y"", ""I04Z"", ""I050"", ""I051"", ""I052"", ""I053"", ""I054"", ""I055"", ""I056"", ""I057"", ""I058"", ""I059"", ""I05A"", ""I05B"", ""I05C"", ""I05D"", ""I05E"", ""I05H"", ""I05I"", ""I05J"", ""I05K"", ""I05L"", ""I05M"", ""I05N"", ""I05O"", ""I05P"", ""I05Q"", ""I05R"", ""I05S"", ""I05V"", ""I05X"", ""I05Y"", ""I05Z"", ""I060"", ""I061"", ""I062"", ""I063"", ""I064"", ""I065"", ""I066"", ""I067"", ""I068"", ""I069"", ""I06B"", ""I06C"", ""I06D"", ""I06E"", ""I06F"", ""I06G"", ""I06H"", ""I06I"", ""I06J"", ""I06L"", ""I06N"", ""I06P"", ""I06R"", ""I06S"", ""I06T"", ""I06U"", ""I06V"", ""I06W"", ""I06X"", ""I06Y"", ""I070"", ""I071"", ""I072"", ""I073"", ""I074"", ""I075"", ""I076"", ""I077"", ""I078"", ""I079"", ""I07A"", ""I07B"", ""I07C"", ""I07D"", ""I07E"", ""I07F"", ""I07K"", ""I07L"", ""I07M"", ""I07N"", ""I07O"", ""I07P"", ""I07R"", ""I07T"", ""I07U"", ""I07V"", ""I07X"", ""I07Y"", ""I07Z"", ""I080"", ""I081"", ""I082"", ""I083"", ""I084"", ""I085"", ""I086"", ""I087"", ""I088"", ""I089"", ""I08A"", ""I08B"", ""I08C"", ""I08D"", ""I08F"", ""I08G"", ""I08H"", ""I08I"", ""I08K"", ""I08L"", ""I08M"", ""I08N"", ""I08O"", ""I08P"", ""I08Q"", ""I08R"", ""I08S"", ""I08T"", ""I08U"", ""I08V"", ""I08W"", ""I08X"", ""I08Y"", ""I08Z"", ""I090"", ""I091"", ""I092"", ""I096"", ""I099"", ""I09A"", ""I09B"", ""I09C"", ""I09G"", ""I09H"", ""I09I"", ""I09J"", ""I09K"", ""I09L"", ""I09M"", ""I09N"", ""I09P"", ""I09S"", ""I09T"", ""I09U"", ""I09V"", ""I09W"", ""I09X"", ""I09Y"", ""I09Z"", ""I0A3"", ""I0A4"", ""I0A5"", ""I0A6"", ""I0A7"", ""I0A8"", ""I0A9"", ""I0AB"", ""I0AC"", ""I0AD"", ""I0AE"", ""I0AF"", ""I0AG"", ""I0AH"", ""I0AL"", ""I0AM"", ""I0AN"", ""I0AO"", ""I0AP"", ""I0AQ"", ""I0AR"", ""I0AS"", ""I0AV"", ""I0AW"", ""I0AX"", ""I0AY"", ""I0AZ"", ""I0B0"", ""I0B1"", ""I0B2"", ""I0B3"", ""I0B4"", ""I0B5"", ""I0B6""]","[""WL""]",[],360
em,3676,3688,[],"[""InitHashtable"", ""SaveInteger"", ""mJ""]",[],2
om,3689,3844,"[""I000"", ""I001"", ""I002"", ""I004"", ""I005"", ""I007"", ""I008"", ""I009"", ""I00B"", ""I00C"", ""I00E"", ""I00F"", ""I00H"", ""I00I"", ""I00K"", ""I00L"", ""I00N"", ""I00O"", ""I00P"", ""I00R"", ""I00S"", ""I00T"", ""I00V"", ""I00W"", ""I00Y"", ""I00Z"", ""I011"", ""I013"", ""I015"", ""I017"", ""I019"", ""I01A"", ""I01B"", ""I01D"", ""I01E"", ""I01F"", ""I01I"", ""I01J"", ""I01K"", ""I01L"", ""I01M"", ""I01N"", ""I01P"", ""I01R"", ""I01U"", ""I01W"", ""I01Y"", ""I01Z"", ""I020"", ""I021"", ""I022"", ""I023"", ""I024"", ""I025"", ""I026"", ""I029"", ""I02A"", ""I02C"", ""I02E"", ""I02G"", ""I02H"", ""I02I"", ""I02L"", ""I02N"", ""I02P"", ""I03L"", ""I03M"", ""I03N"", ""I03S"", ""I03T"", ""I03Y"", ""I03Z"", ""I042"", ""I045"", ""I048"", ""I049"", ""I04B"", ""I04D"", ""I04F"", ""I050"", ""I054"", ""I057"", ""I05A"", ""I05D"", ""I05E"", ""I05I"", ""I05K"", ""I05P"", ""I05Q"", ""I05Y"", ""I060"", ""I064"", ""I06B"", ""I06J"", ""I06M"", ""I06O"", ""I06R"", ""I070"", ""I072"", ""I076"", ""I07A"", ""I07C"", ""I07E"", ""I07K"", ""I07M"", ""I07N"", ""I07O"", ""I07P"", ""I07R"", ""I07T"", ""I07U"", ""I07Y"", ""I082"", ""I083"", ""I085"", ""I087"", ""I088"", ""I08D"", ""I08F"", ""I08I"", ""I08K"", ""I08L"", ""I08M"", ""I08Q"", ""I08U"", ""I090"", ""I094"", ""I096"", ""I099"", ""I09A"", ""I09D"", ""I09G"", ""I09L"", ""I09M"", ""I09N"", ""I09P"", ""I09U"", ""I09X"", ""I0A0"", ""I0A3"", ""I0A6"", ""I0A7"", ""I0AD"", ""I0AE"", ""I0AJ"", ""I0AL"", ""I0AP"", ""I0AS"", ""I0AZ"", ""I0B0"", ""I0B1"", ""I0B2""]","[""em""]",[],154
rm,3845,3847,[],"[""SaveReal""]",[],1
am,3848,3850,[],"[""SaveInteger""]",[],1
Em,3851,3858,[],"[""SaveInteger"", ""SaveReal""]",[],5
Nm,3859,3861,[],"[""LoadReal""]",[],1
bm,3862,3870,[],"[""LoadInteger"", ""LoadReal""]",[],5
cm,3871,3873,[],"[""LoadInteger""]",[],1
Cm,3874,3912,"[""R001""]","[""GetHeroStatBJ"", ""GetItemTypeId"", ""GetOwningPlayer"", ""GetPlayerTechCount"", ""GetUnitAbilityLevel"", ""GetUnitTypeId"", ""I2R"", ""Nm"", ""UnitItemInSlot"", ""bm"", ""cm""]",[],15
dm,3913,4113,"[""A06B"", ""A0AA"", ""A0E3"", ""A0EJ"", ""A0EO"", ""A0GA"", ""A0GG"", ""A10I"", ""B00F"", ""B00N"", ""B02N"", ""B041"", ""B04D"", ""B04F"", ""B04G"", ""B04H"", ""B04I"", ""B04J"", ""B04K"", ""B04L"", ""B04M"", ""B04N"", ""B04O"", ""B04T"", ""B04U"", ""B04V"", ""B058"", ""B059"", ""B05A"", ""B05B"", ""B05C"", ""B05D"", ""B05E"", ""B05F"", ""B05G"", ""B05Z"", ""B07V"", ""B07W"", ""B07X"", ""B08M"", ""B0AT"", ""B0AU"", ""B0C7"", ""B0CY"", ""BNht"", ""BNso"", ""Bcri"", ""E000"", ""E001"", ""E002"", ""E003"", ""E004"", ""E005"", ""E006"", ""E007"", ""E00B"", ""E00C"", ""E00D"", ""E00F"", ""E00L"", ""E00Q"", ""E00R"", ""E00S"", ""E00T"", ""E00V"", ""E00W"", ""E00X"", ""E00Y"", ""E012"", ""H000"", ""H001"", ""H002"", ""H003"", ""H005"", ""H006"", ""H007"", ""H008"", ""H00A"", ""H00B"", ""H00F"", ""H00M"", ""H00R"", ""H00U"", ""H00X"", ""H00Z"", ""H013"", ""H017"", ""H018"", ""H01D"", ""H01I"", ""H01R"", ""H01T"", ""H01V"", ""H01W"", ""H01Z"", ""H020"", ""H024"", ""H02A"", ""H02E"", ""H02F"", ""H02Y"", ""H03V"", ""H050"", ""H05C"", ""H05G"", ""I000"", ""I001"", ""I005"", ""I007"", ""I009"", ""I00B"", ""I00H"", ""I00I"", ""I00L"", ""I011"", ""I013"", ""I015"", ""I017"", ""I01N"", ""I01P"", ""I01U"", ""I025"", ""I02A"", ""I02C"", ""I02E"", ""I02L"", ""I02P"", ""I03N"", ""I03S"", ""I03T"", ""I03Z"", ""I050"", ""I05A"", ""I05P"", ""I060"", ""I064"", ""I070"", ""I07A"", ""I07C"", ""I07N"", ""I07O"", ""I07T"", ""I07U"", ""I07Y"", ""I082"", ""I083"", ""I087"", ""I08I"", ""I09A"", ""I09P"", ""I09X"", ""I0A3"", ""I0A7"", ""I0AD"", ""I0AL"", ""I0B0"", ""I0B2"", ""N00H"", ""N00T"", ""N00U"", ""N018"", ""N01I"", ""N02E"", ""N02G"", ""N03Y"", ""N03Z"", ""N06Y"", ""N09Z"", ""N0A0"", ""N0A3"", ""N0A4"", ""N0AB"", ""N0AI"", ""O000"", ""O001"", ""O002"", ""O003"", ""O004"", ""O005"", ""O00B"", ""O00G"", ""O00H"", ""O00M"", ""U000"", ""U002"", ""U005"", ""U00A"", ""U00B"", ""U00C"", ""U00D"", ""U00F"", ""U00J"", ""U00K"", ""U00Q"", ""U00R"", ""U00S"", ""U00T"", ""U00V""]","[""Em"", ""InitHashtable"", ""am"", ""rm""]",[],198
Dm,4114,4127,[],"[""InitHashtable"", ""KJ"", ""SaveInteger""]",[],2
gm,4128,4219,"[""E000"", ""E001"", ""E002"", ""E003"", ""E004"", ""E005"", ""E006"", ""E007"", ""E00B"", ""E00C"", ""E00D"", ""E00E"", ""E00F"", ""E00J"", ""E00L"", ""E00Q"", ""E00R"", ""E00S"", ""E00T"", ""E00V"", ""E00Y"", ""E012"", ""H000"", ""H001"", ""H002"", ""H003"", ""H005"", ""H006"", ""H007"", ""H008"", ""H00A"", ""H00B"", ""H00F"", ""H00M"", ""H00R"", ""H00U"", ""H00X"", ""H00Z"", ""H013"", ""H017"", ""H018"", ""H01I"", ""H01R"", ""H01T"", ""H01V"", ""H01W"", ""H01Z"", ""H020"", ""H024"", ""H02A"", ""H02E"", ""H02Y"", ""H03V"", ""N00H"", ""N00T"", ""N00U"", ""N018"", ""N01I"", ""N02E"", ""N02G"", ""N03Y"", ""N03Z"", ""N06Y"", ""N09Z"", ""O000"", ""O001"", ""O002"", ""O003"", ""O004"", ""O005"", ""O006"", ""O00B"", ""O00D"", ""O00G"", ""O00H"", ""U000"", ""U002"", ""U005"", ""U00A"", ""U00B"", ""U00C"", ""U00D"", ""U00F"", ""U00K"", ""U00R"", ""n00K"", ""n00Z"", ""n017"", ""u00G""]","[""Dm""]",[],90
Gm,4220,4229,[],"[""GetItemType"", ""GetItemUserData"", ""GetOwningPlayer"", ""xK""]",[],1
Hm,4230,4241,[],"[""GetOrderTargetItem"", ""GetOwningPlayer"", ""GetTriggerUnit"", ""Gm"", ""IssueImmediateOrderById"", ""PauseUnit"", ""dl""]",[],1
jm,4242,4252,[],"[""UnitItemInSlot""]",[],3
Jm,4253,4279,[],"[""GetItemTypeId"", ""GetOwningPlayer"", ""RemoveItem"", ""UnitItemInSlot"", ""xK""]",[],8
Lm,4280,4302,[],"[""GetItemCharges"", ""GetItemTypeId"", ""LoadInteger"", ""RemoveItem"", ""SetItemCharges"", ""UnitItemInSlot""]",[],5
Mm,4303,4344,[],"[""CreateItem"", ""DestroyTimer"", ""FlushChildHashtable"", ""GetExpiredTimer"", ""GetHandleId"", ""GetItemCharges"", ""GetItemTypeId"", ""GetItemUserData"", ""GetItemX"", ""GetItemY"", ""GetOwningPlayer"", ""GetWidgetLife"", ""LoadBoolean"", ""LoadInteger"", ""LoadItemHandle"", ""LoadUnitHandle"", ""RemoveItem"", ""SaveBoolean"", ""SetItemCharges"", ""SetItemUserData"", ""xK""]",[],8
sm,4345,4354,[],"[""CreateTimer"", ""GetHandleId"", ""GetManipulatedItem"", ""GetTriggerUnit"", ""SaveItemHandle"", ""SaveUnitHandle"", ""TimerStart""]","[""Mm""]",3
Sm,4355,4380,[],"[""GetItemTypeId"", ""GetOwningPlayer"", ""UnitItemInSlot"", ""jm"", ""xK""]",[],10
um,4381,4424,[],"[""AddSpecialEffectTarget"", ""CreateItem"", ""DestroyEffect"", ""GetItemTypeId"", ""GetOwningPlayer"", ""GetUnitX"", ""GetUnitY"", ""Jm"", ""LoadInteger"", ""RemoveItem"", ""SetItemUserData"", ""Sm"", ""UnitAddItem"", ""UnitInventoryCount"", ""xK""]",[],12
Ym,4425,4442,[],"[""GetItemTypeId"", ""LoadInteger"", ""um""]",[],6
zm,4443,4484,[],"[""LoadInteger"", ""SaveInteger""]",[],24
oM,4485,4489,[],"[""SaveInteger""]",[],3
aM,4490,4562,[],"[""CreateItem"", ""DisableTrigger"", ""EnableTrigger"", ""GetItemCharges"", ""GetItemTypeId"", ""GetItemX"", ""GetItemY"", ""GetManipulatedItem"", ""GetOwningPlayer"", ""GetTriggerUnit"", ""GetTriggeringTrigger"", ""GetUnitX"", ""GetUnitY"", ""GetWidgetLife"", ""Lm"", ""LoadInteger"", ""RemoveItem"", ""SetItemCharges"", ""SetItemUserData"", ""UnitAddItem"", ""UnitInventoryCount"", ""Ym"", ""jm"", ""xK""]",[],12
nM,4563,4572,[],"[""GetEnumItem"", ""GetWidgetLife"", ""Gm"", ""UnitAddItem"", ""UnitInventoryCount"", ""aM"", ""jm""]",[],2
VM,4573,4579,[],"[""EnumItemsInRect"", ""Rect"", ""RemoveRect""]","[""nM""]",1
EM,4580,4610,[],"[""GetHandleId"", ""GetOwningPlayer"", ""GetSpellTargetItem"", ""GetSpellTargetUnit"", ""GetTriggerUnit"", ""GetUnitX"", ""GetUnitY"", ""Gm"", ""SaveBoolean"", ""UnitAddItem"", ""UnitInventoryCount"", ""VM"", ""aM"", ""dl"", ""jm"", ""xK""]",[],2
RM,4611,4613,"[""A1CR""]","[""GetSpellAbilityId""]",[],1
IM,4614,4862,"[""I000"", ""I001"", ""I002"", ""I003"", ""I004"", ""I005"", ""I006"", ""I007"", ""I008"", ""I009"", ""I00A"", ""I00B"", ""I00C"", ""I00D"", ""I00E"", ""I00F"", ""I00G"", ""I00H"", ""I00I"", ""I00J"", ""I00K"", ""I00L"", ""I00M"", ""I00N"", ""I00O"", ""I00P"", ""I00Q"", ""I00R"", ""I00S"", ""I00T"", ""I00U"", ""I00V"", ""I00W"", ""I00X"", ""I00Y"", ""I00Z"", ""I010"", ""I011"", ""I012"", ""I013"", ""I014"", ""I015"", ""I016"", ""I017"", ""I018"", ""I019"", ""I01A"", ""I01B"", ""I01C"", ""I01D"", ""I01E"", ""I01F"", ""I01G"", ""I01H"", ""I01I"", ""I01J"", ""I01K"", ""I01L"", ""I01M"", ""I01N"", ""I01O"", ""I01P"", ""I01Q"", ""I01R"", ""I01S"", ""I01T"", ""I01U"", ""I01V"", ""I01W"", ""I01X"", ""I01Y"", ""I021"", ""I022"", ""I023"", ""I024"", ""I025"", ""I026"", ""I027"", ""I028"", ""I029"", ""I02A"", ""I02B"", ""I02C"", ""I02D"", ""I02E"", ""I02F"", ""I02G"", ""I02H"", ""I02I"", ""I02J"", ""I02K"", ""I02L"", ""I02M"", ""I02N"", ""I02O"", ""I02P"", ""I02Q"", ""I02R"", ""I02S"", ""I02T"", ""I02U"", ""I02V"", ""I02W"", ""I02X"", ""I02Y"", ""I02Z"", ""I030"", ""I031"", ""I032"", ""I033"", ""I034"", ""I035"", ""I036"", ""I037"", ""I038"", ""I039"", ""I03A"", ""I03B"", ""I03C"", ""I03D"", ""I03E"", ""I03F"", ""I03G"", ""I03H"", ""I03I"", ""I03J"", ""I03K"", ""I03L"", ""I03M"", ""I03N"", ""I03O"", ""I03P"", ""I03Q"", ""I03R"", ""I03S"", ""I03T"", ""I03U"", ""I03V"", ""I03W"", ""I03X"", ""I03Y"", ""I03Z"", ""I040"", ""I041"", ""I042"", ""I043"", ""I044"", ""I045"", ""I046"", ""I047"", ""I048"", ""I049"", ""I04A"", ""I04B"", ""I04D"", ""I04F"", ""I04G"", ""I04H"", ""I04I"", ""I04J"", ""I04K"", ""I04L"", ""I04M"", ""I04N"", ""I04O"", ""I04P"", ""I04Q"", ""I04R"", ""I04S"", ""I04T"", ""I04U"", ""I04V"", ""I04W"", ""I04X"", ""I04Y"", ""I04Z"", ""I050"", ""I051"", ""I052"", ""I053"", ""I054"", ""I055"", ""I056"", ""I057"", ""I058"", ""I059"", ""I05A"", ""I05B"", ""I05C"", ""I05D"", ""I05E"", ""I05H"", ""I05I"", ""I05J"", ""I05K"", ""I05L"", ""I05M"", ""I05N"", ""I05O"", ""I05P"", ""I05Q"", ""I05R"", ""I05S"", ""I05V"", ""I05X"", ""I05Y"", ""I05Z"", ""I060"", ""I061"", ""I062"", ""I063"", ""I064"", ""I065"", ""I066"", ""I067"", ""I068"", ""I069"", ""I06B"", ""I06C"", ""I06D"", ""I06E"", ""I06F"", ""I06G"", ""I06H"", ""I06I"", ""I06J"", ""I06K"", ""I06L"", ""I06M"", ""I06N"", ""I06O"", ""I06P"", ""I06R"", ""I06S"", ""I06T"", ""I06U"", ""I06V"", ""I06W"", ""I06X"", ""I06Y"", ""I070"", ""I071"", ""I072"", ""I073"", ""I074"", ""I075"", ""I076"", ""I077"", ""I079"", ""I07A"", ""I07B"", ""I07C"", ""I07D"", ""I07E"", ""I07F"", ""I07K"", ""I07L"", ""I07M"", ""I07N"", ""I07O"", ""I07P"", ""I07R"", ""I07T"", ""I07U"", ""I07V"", ""I07X"", ""I07Y"", ""I07Z"", ""I080"", ""I081"", ""I082"", ""I084"", ""I085"", ""I086"", ""I087"", ""I088"", ""I089"", ""I08A"", ""I08B"", ""I08C"", ""I08D"", ""I08F"", ""I08G"", ""I08H"", ""I08I"", ""I08K"", ""I08L"", ""I08M"", ""I08N"", ""I08O"", ""I08P"", ""I08Q"", ""I08R"", ""I08S"", ""I08T"", ""I08U"", ""I08V"", ""I08W"", ""I08X"", ""I08Y"", ""I08Z"", ""I090"", ""I091"", ""I092"", ""I094"", ""I095"", ""I096"", ""I09A"", ""I09B"", ""I09C"", ""I09G"", ""I09H"", ""I09I"", ""I09J"", ""I09K"", ""I09L"", ""I09P"", ""I09S"", ""I09T"", ""I09U"", ""I09V"", ""I09W"", ""I09X"", ""I09Y"", ""I09Z"", ""I0A3"", ""I0A4"", ""I0A5"", ""I0A6"", ""I0A7"", ""I0A8"", ""I0A9"", ""I0AB"", ""I0AC"", ""I0AD"", ""I0AE"", ""I0AF"", ""I0AG"", ""I0AH"", ""I0AJ"", ""I0AK"", ""I0AL"", ""I0AM"", ""I0AN"", ""I0AO"", ""I0AP"", ""I0AQ"", ""I0AR"", ""I0AS"", ""I0AV"", ""I0AW"", ""I0AX"", ""I0AY"", ""I0AZ"", ""I0B0"", ""I0B1"", ""I0B2"", ""I0B3"", ""I0B4"", ""I0B5"", ""I0B6"", ""I0B7"", ""I0B8""]","[""Condition"", ""CreateTrigger"", ""TriggerAddAction"", ""TriggerAddCondition"", ""TriggerRegisterAnyUnitEventBJ"", ""oM"", ""zm""]","[""EM"", ""Hm"", ""RM"", ""aM"", ""sm""]",233
AM,4863,4879,[],"[""Pow"", ""exitwhen""]",[],7
BM,4880,4882,"[""lmbr""]","[""GetItemTypeId"", ""GetManipulatedItem""]",[],0
cM,4883,4889,[],"[""DisableTrigger""]",[],3
CM,4890,4895,"[""E00E"", ""E00J"", ""O006""]","[""GetFilterUnit"", ""GetUnitTypeId"", ""IsUnitIllusion"", ""IsUnitType""]",[],1
fM,4896,4918,"[""lmbr""]","[""Condition"", ""CreateGroup"", ""DestroyGroup"", ""FirstOfGroup"", ""GetEnumItem"", ""GetItemTypeId"", ""GetItemX"", ""GetItemY"", ""GetWidgetLife"", ""GroupEnumUnitsInRange"", ""GroupRemoveUnit"", ""UnitAddItem""]","[""CM""]",2
FM,4919,4921,[],"[""EnumItemsInRect""]","[""fM""]",0
gM,4922,4957,"[""lmbr""]","[""Cos"", ""CreateItem"", ""EnableTrigger"", ""GetExpiredTimer"", ""GetHandleId"", ""GetUnitX"", ""GetUnitY"", ""LoadReal"", ""LoadUnitHandle"", ""RemoveUnit"", ""SaveReal"", ""SetUnitFlyHeight"", ""SetUnitX"", ""SetUnitY"", ""Sin"", ""eL"", ""tK""]",[],14
HM,4958,4960,"[""A0VK""]","[""GetDyingUnit"", ""GetKillingUnit"", ""GetOwningPlayer"", ""GetUnitAbilityLevel"", ""GetUnitUserData"", ""Player""]",[],1
jM,4961,5010,"[""Amrf"", ""h02D"", ""lmbr""]","[""Atan2"", ""Cos"", ""CreateItem"", ""CreateTimer"", ""CreateUnit"", ""EnableTrigger"", ""GetDyingUnit"", ""GetHandleId"", ""GetOwningPlayer"", ""GetRandomReal"", ""GetUnitX"", ""GetUnitY"", ""Rad2Deg"", ""SaveReal"", ""SaveUnitHandle"", ""SetUnitAnimation"", ""SetUnitPathing"", ""Sin"", ""TimerStart"", ""UnitAddAbility"", ""hl""]","[""gM""]",22
kM,5011,5032,[],"[""Condition"", ""CreateTrigger"", ""DisableTrigger"", ""Player"", ""TriggerAddAction"", ""TriggerAddCondition"", ""TriggerRegisterPlayerUnitEvent"", ""TriggerRegisterTimerEvent""]","[""BM"", ""FM"", ""HM"", ""cM"", ""jM""]",5
LM,5033,5043,[],"[""DestroyTimer"", ""DisplayTimedTextToPlayer"", ""GetExpiredTimer"", ""GetLocalPlayer""]",[],3
mM,5044,5050,[],[],[],4
MM,5051,5121,[],"[""CreateTimer"", ""DisplayTimedTextToPlayer"", ""GetLocalPlayer"", ""I2S"", ""QuestItemSetDescription"", ""QuestSetDescription"", ""QuestSetIconPath"", ""TimerStart""]","[""LM""]",39
PM,5122,5276,[],[],[],142
qM,5277,5289,[],"[""GetHandleId"", ""GetRandomReal"", ""I2R"", ""LoadInteger"", ""SaveInteger""]",[],5
tM,5290,5304,[],"[""GetItemTypeId"", ""UnitItemInSlot""]",[],3
UM,5305,5315,[],"[""UnitItemInSlot""]",[],4
WM,5316,5320,[],"[""SquareRoot""]",[],3
GetPlayersCount,5321,5332,[],"[""GetPlayerController"", ""GetPlayerSlotState"", ""Player""]",[],5
yM,5333,5338,[],"[""MultiboardGetItem"", ""MultiboardReleaseItem"", ""MultiboardSetItemValue""]",[],0
ep,5339,5344,[],"[""MultiboardGetItem"", ""MultiboardReleaseItem"", ""MultiboardSetItemIcon""]",[],0
op,5345,5356,[],"[""MultiboardGetItem"", ""MultiboardReleaseItem"", ""MultiboardSetItemValueColor""]",[],2
rp,5357,5370,[],"[""GetItemTypeId"", ""UnitItemInSlot""]",[],5
ip,5371,5384,[],"[""GetItemTypeId"", ""SetItemCharges"", ""UnitItemInSlot""]",[],3
ap,5385,5401,[],"[""DestroyTextTag"", ""DestroyTimer"", ""FlushChildHashtable"", ""GetHandleId"", ""LoadInteger"", ""PauseTimer"", ""UnitRemoveAbility"", ""kJ""]",[],5
Xp,5402,5450,"[""A12B""]","[""GetHandleId"", ""GetLocalPlayer"", ""GetUnitX"", ""GetUnitY"", ""GetWidgetLife"", ""IsUnitVisible"", ""LoadInteger"", ""R2I"", ""SetTextTagPos"", ""SetTextTagText"", ""SetTextTagVisibility"", ""SetWidgetLife"", ""StringLength"", ""SubString"", ""TimerGetRemaining"", ""UnitRemoveAbility"", ""ap""]",[],15
Op,5451,5460,[],"[""GetEventDamage"", ""GetHandleId"", ""GetTriggerUnit"", ""LoadInteger"", ""TimerStart""]",[],3
Rp,5461,5496,[],"[""CreateTextTag"", ""CreateTimer"", ""GetHandleId"", ""GroupAddUnit"", ""IsUnitInGroup"", ""JJ"", ""LoadInteger"", ""SaveInteger"", ""SetTextTagVisibility"", ""TimerStart"", ""TriggerRegisterUnitEvent"", ""UnitAddAbility"", ""ap""]","[""Xp""]",6
fp,5497,5499,[],"[""GetTriggerUnit"", ""ap""]",[],0
Fp,5500,5505,[],"[""CreateTrigger"", ""TriggerAddAction"", ""TriggerRegisterAnyUnitEventBJ""]","[""Op"", ""fp""]",0
gp,5506,5540,"[""I013"", ""I02L"", ""I050"", ""I064"", ""I070"", ""I07C"", ""I07U"", ""I07Y"", ""I085"", ""I088"", ""I08F"", ""I08I"", ""I09G"", ""I09L"", ""I09O"", ""I09P"", ""I09X"", ""I0A7"", ""I0AE"", ""I0AZ"", ""I0B1"", ""I0B2""]","[""ExecuteFunc"", ""GetItemTypeId"", ""GetManipulatedItem"", ""LoadBoolean"", ""SaveBoolean""]",[],21
Pp,5541,5551,[],"[""Condition"", ""CreateTrigger"", ""Player"", ""TriggerAddCondition"", ""TriggerRegisterPlayerUnitEvent""]","[""gp""]",3
Qp,5552,5559,[],[],[],4
Sp,5560,5562,[],[],[],1
up,5563,5656,[],"[""Qp"", ""R2I"", ""Sp""]",[],41
Zp,5657,5673,"[""I05T"", ""I05U"", ""I05W""]","[""CreateItem"", ""GetRandomInt"", ""GetUnitX"", ""GetUnitY""]",[],6
eP,5674,5703,"[""A0XH"", ""A188"", ""E00E"", ""E00J"", ""O00D"", ""U00T""]","[""CK"", ""ConvertUnitType"", ""GetKillingUnit"", ""GetOwningPlayer"", ""GetTriggerUnit"", ""GetUnitAbilityLevel"", ""GetUnitTypeId"", ""GetUnitUserData"", ""GetWidgetX"", ""GetWidgetY"", ""IsUnitType"", ""Player"", ""Zp"", ""ql"", ""sl"", ""xK""]",[],11
nP,5704,5708,[],"[""GetTriggerEventId"", ""eP""]",[],0
VP,5709,5742,"[""A0J4"", ""A0J5"", ""A0J7"", ""A0J9"", ""A0JA"", ""A0JB"", ""R000"", ""R001"", ""R002"", ""R003"", ""R004"", ""R006""]","[""GetOwningPlayer"", ""GetPlayerTechCount"", ""GetResearched"", ""GetResearchingUnit"", ""GetUnitAbilityLevel"", ""UnitAddAbility"", ""xK""]",[],18
RP,5743,5749,[],"[""GetHeroLevel"", ""GetLevelingUnit"", ""GetOwningPlayer"", ""xK""]",[],0
IP,5750,5788,[],"[""CreateTrigger"", ""TriggerAddAction"", ""TriggerRegisterAnyUnitEventBJ""]","[""RP"", ""VP"", ""nP""]",25
BP,5789,5824,[],[],[],10
CP,5825,5841,"[""I05T"", ""I05U"", ""I05W""]","[""CreateItem"", ""GetRandomInt"", ""GetUnitX"", ""GetUnitY""]",[],6
dP,5842,5871,"[""A0K4"", ""A0XH"", ""A188"", ""E00E"", ""E00J"", ""O00D"", ""U00T""]","[""CK"", ""CP"", ""ConvertUnitType"", ""GetKillingUnit"", ""GetOwningPlayer"", ""GetTriggerUnit"", ""GetUnitAbilityLevel"", ""GetUnitName"", ""GetUnitTypeId"", ""GetUnitUserData"", ""GetWidgetX"", ""GetWidgetY"", ""IsUnitType"", ""Player"", ""ql"", ""sl"", ""xK""]",[],10
fP,5872,5876,[],"[""GetTriggerEventId"", ""dP""]",[],0
FP,5877,5888,"[""A0UH"", ""A1DQ""]","[""GetUnitAbilityLevel"", ""SetPlayerAbilityAvailable"", ""UnitAddAbility"", ""UnitMakeAbilityPermanent"", ""xK""]",[],3
GP,5889,5905,"[""A1DR"", ""A1DS"", ""Amrf""]","[""AddSpecialEffectTarget"", ""GetUnitAbilityLevel"", ""SetPlayerAbilityAvailable"", ""SetUnitFlyHeight"", ""SetUnitPathing"", ""UnitAddAbility"", ""UnitMakeAbilityPermanent"", ""UnitRemoveAbility"", ""xK""]",[],4
hP,5906,5940,"[""A1DT"", ""A1DU""]","[""AddSpecialEffectTarget"", ""GetHeroAgi"", ""GetHeroInt"", ""GetHeroStr"", ""GetUnitAbilityLevel"", ""GetUnitState"", ""GetUnitTypeId"", ""SetHeroAgi"", ""SetHeroInt"", ""SetHeroStr"", ""SetPlayerAbilityAvailable"", ""SetUnitState"", ""UnitAddAbility"", ""UnitMakeAbilityPermanent"", ""cm"", ""xK""]",[],12
KP,5941,5949,"[""A1DW""]","[""AddSpecialEffectTarget"", ""DestroyEffect"", ""GetEventDamage"", ""GetRandomInt"", ""GetTriggerUnit"", ""GetUnitAbilityLevel"", ""GetWidgetLife"", ""SetWidgetLife""]",[],1
LP,5950,5975,[],"[""CreateGroup"", ""DestroyGroup"", ""FirstOfGroup"", ""GetExpiredTimer"", ""GetHandleId"", ""GetHeroStr"", ""GetOwningPlayer"", ""GetUnitX"", ""GetUnitY"", ""GetWidgetLife"", ""GroupEnumUnitsInRange"", ""GroupRemoveUnit"", ""I2R"", ""IsUnitEnemy"", ""IsUnitHidden"", ""IsUnitType"", ""LoadUnitHandle"", ""Uk"", ""hL""]",[],5
mP,5976,5992,"[""A1DX""]","[""AddSpecialEffectTarget"", ""CreateTimer"", ""DestroyEffect"", ""GetHandleId"", ""GetUnitAbilityLevel"", ""SaveUnitHandle"", ""SetUnitScale"", ""TimerStart"", ""UnitAddAbility"", ""UnitMakeAbilityPermanent"", ""xK""]","[""LP""]",5
pP,5993,5995,"[""A12B""]","[""UnitAddAbility""]",[],1
PP,5996,5998,"[""A12B""]","[""UnitRemoveAbility""]",[],1
qP,5999,6080,"[""A0J4"", ""A0J5"", ""A0J7"", ""A0J9"", ""A0JA"", ""A0JB"", ""A1DK"", ""A1DL"", ""A1DM"", ""A1DN"", ""A1DO"", ""A1DP"", ""A1DV"", ""A1DW"", ""R000"", ""R001"", ""R002"", ""R003"", ""R004"", ""R006"", ""R00E"", ""R00F"", ""R00G"", ""R00H"", ""R00I"", ""R00J""]","[""DisplayTextToPlayer"", ""DisplayTimedTextToPlayer"", ""FP"", ""GP"", ""GetLocalPlayer"", ""GetOwningPlayer"", ""GetPlayerTechCount"", ""GetResearched"", ""GetResearchingUnit"", ""GetUnitAbilityLevel"", ""PP"", ""SetPlayerTechMaxAllowed"", ""TriggerRegisterUnitEvent"", ""UnitAddAbility"", ""UnitMakeAbilityPermanent"", ""UnitRemoveAbility"", ""hP"", ""mP"", ""pP"", ""xK""]",[],51
QP,6081,6087,[],"[""GetHeroLevel"", ""GetLevelingUnit"", ""GetOwningPlayer"", ""xK""]",[],0
sP,6088,6119,[],"[""CreateTrigger"", ""TriggerAddAction"", ""TriggerRegisterAnyUnitEventBJ""]","[""KP"", ""QP"", ""fP"", ""qP""]",16
SP,6120,6138,[],"[""BJDebugMsg"", ""GetHandleId"", ""SaveInteger""]",[],3
tP,6139,6157,[],"[""BJDebugMsg"", ""GetHandleId"", ""LoadInteger""]",[],3
TP,6158,6181,[],"[""BJDebugMsg"", ""CreateTimer"", ""GetHandleId"", ""SP""]",[],6
uP,6182,6200,[],"[""BJDebugMsg"", ""DestroyTimer"", ""PauseTimer"", ""SP"", ""tP""]",[],2
UP,6201,6252,[],"[""BJDebugMsg"", ""CreateTimer"", ""GetHandleId"", ""I2S"", ""InitHashtable"", ""SP"", ""exitwhen""]",[],14
WP,6253,6286,[],"[""GetPlayerName"", ""Player""]",[],26
yP,6287,6323,"[""lif&""]","[""AM"", ""DisableTrigger"", ""EnableTrigger"", ""GetTriggeringTrigger"", ""GetUnitState"", ""GetWidgetLife"", ""IsTriggerEnabled"", ""SetWidgetLife"", ""UnitAddAbility"", ""UnitDamageTarget"", ""UnitRemoveAbility""]",[],14
eq,6324,6336,"[""A0K4""]","[""AddSpecialEffectTarget"", ""DestroyEffect"", ""GetHeroInt"", ""GetUnitAbilityLevel"", ""GetUnitState"", ""GetWidgetLife"", ""I2R"", ""IsUnitType"", ""SetUnitState"", ""hL""]",[],6
aq,6337,6338,[],[],[],0
nq,6339,6354,"[""A18O"", ""A18Q"", ""B0B5""]","[""GetExpiredTimer"", ""GetHandleId"", ""GetUnitX"", ""GetUnitY"", ""I2S"", ""LoadReal"", ""LoadUnitHandle"", ""R2I"", ""SaveReal"", ""StringHash"", ""Uk"", ""UnitRemoveAbility"", ""ql"", ""tK""]",[],7
Vq,6355,6377,"[""A18O"", ""A18Q""]","[""CreateTimer"", ""GetHandleId"", ""GetOwningPlayer"", ""GetUnitAbilityLevel"", ""LoadReal"", ""SaveReal"", ""SaveUnitHandle"", ""SetPlayerAbilityAvailable"", ""StringHash"", ""TimerStart"", ""UnitAddAbility"", ""UnitRemoveBuffs""]","[""nq""]",8
Xq,6378,6384,[],"[""DestroyLightning"", ""GetExpiredTimer"", ""GetHandleId"", ""LoadLightningHandle"", ""tK""]",[],1
Oq,6385,6446,[],"[""AddLightningEx"", ""Cos"", ""CreateGroup"", ""CreateTimer"", ""DestroyGroup"", ""FirstOfGroup"", ""GetEnumUnit"", ""GetHandleId"", ""GetOwningPlayer"", ""GetRandomReal"", ""GetUnitFlyHeight"", ""GetUnitState"", ""GetUnitUserData"", ""GetUnitX"", ""GetUnitY"", ""GroupEnumUnitsInRange"", ""GroupRemoveUnit"", ""IsUnitEnemy"", ""IsUnitType"", ""IssuePointOrderById"", ""LoadUnitHandle"", ""SaveLightningHandle"", ""SetUnitX"", ""SetUnitY"", ""Sin"", ""StringHash"", ""TimerStart"", ""Vq"", ""hL"", ""hl"", ""xK""]","[""Xq""]",15
Bq,6447,6449,[],"[""ForGroup""]","[""Oq""]",0
cq,6450,6522,"[""A11Y"", ""I05Q"", ""h011"", ""h01H""]","[""CreateUnit"", ""DisableTrigger"", ""EnableTrigger"", ""GetHandleId"", ""GetItemTypeId"", ""GetOwningPlayer"", ""GetTriggerEventId"", ""GetTriggerUnit"", ""GetUnitFacing"", ""GetUnitX"", ""GetUnitY"", ""GroupAddUnit"", ""GroupRemoveUnit"", ""IsTriggerEnabled"", ""IsUnitInGroup"", ""LoadUnitHandle"", ""PauseUnit"", ""SaveUnitHandle"", ""SetUnitAnimation"", ""SetUnitFlyHeight"", ""SetUnitVertexColor"", ""SetUnitX"", ""SetUnitY"", ""StringHash"", ""UnitAddAbility"", ""UnitItemInSlot"", ""xK""]",[],27
Cq,6523,6528,"[""I05Q""]","[""GetItemTypeId"", ""GetManipulatedItem"", ""GetManipulatingUnit"", ""IsUnitIllusion"", ""IsUnitType"", ""cq""]",[],1
dq,6529,6537,"[""A0FK"", ""A11Z""]","[""GetSpellAbilityId"", ""GetTriggerUnit"", ""Vq""]",[],4
Dq,6538,6560,[],"[""Condition"", ""CreateGroup"", ""CreateTrigger"", ""DisableTrigger"", ""Player"", ""TriggerAddAction"", ""TriggerAddCondition"", ""TriggerRegisterPlayerUnitEvent"", ""TriggerRegisterTimerEvent""]","[""Bq"", ""Cq"", ""cq"", ""dq""]",6
fq,6561,6574,[],"[""DestroyTimer"", ""FlushChildHashtable"", ""GetExpiredTimer"", ""GetHandleId"", ""KillUnit"", ""LoadUnitHandle"", ""PauseTimer"", ""RemoveUnit"", ""SetUnitX"", ""SetUnitY""]",[],3
Fq,6575,6637,"[""A0X2"", ""h010""]","[""Cos"", ""CreateGroup"", ""CreateTimer"", ""CreateUnit"", ""DestroyEffect"", ""DestroyGroup"", ""DestroyTimer"", ""FirstOfGroup"", ""FlushChildHashtable"", ""GetExpiredTimer"", ""GetHandleId"", ""GetOwningPlayer"", ""GetUnitFacing"", ""GetUnitX"", ""GetUnitY"", ""GetWidgetLife"", ""GroupAddUnit"", ""GroupEnumUnitsInRange"", ""GroupRemoveUnit"", ""IsUnitEnemy"", ""IsUnitInGroup"", ""IsUnitType"", ""IssueTargetOrderById"", ""KillUnit"", ""LoadEffectHandle"", ""LoadGroupHandle"", ""LoadReal"", ""LoadUnitHandle"", ""PauseTimer"", ""RemoveUnit"", ""SaveReal"", ""SaveUnitHandle"", ""SetUnitPathing"", ""SetUnitPosition"", ""Sin"", ""TimerStart"", ""UnitAddAbility""]","[""fq""]",20
lq,6638,6660,"[""h01O""]","[""AddSpecialEffectTarget"", ""CreateGroup"", ""CreateTimer"", ""CreateUnit"", ""GetHandleId"", ""GetOwningPlayer"", ""SaveEffectHandle"", ""SaveGroupHandle"", ""SaveReal"", ""SaveUnitHandle"", ""SetUnitPathing"", ""SetUnitScale"", ""TimerStart""]","[""Fq""]",12
Mq,6661,6685,"[""I050""]","[""Atan2"", ""GetOwningPlayer"", ""GetPlayerId"", ""GetUnitX"", ""GetUnitY"", ""IsUnitType"", ""ip"", ""lq""]",[],7
Pq,6686,6692,"[""I050""]","[""GetManipulatingUnit"", ""GetOwningPlayer"", ""GetPlayerId"", ""ip""]",[],1
qq,6693,6698,"[""I050""]","[""GetItemTypeId"", ""GetManipulatedItem"", ""GetManipulatingUnit"", ""IsUnitIllusion"", ""IsUnitType"", ""Pq""]",[],1
Qq,6699,6711,[],"[""Condition"", ""CreateTrigger"", ""Player"", ""TriggerAddCondition"", ""TriggerRegisterPlayerUnitEvent""]","[""qq""]",5
sq,6712,6715,[],"[""SaveInteger""]",[],2
uq,6716,6759,"[""I0B8""]","[""AddSpecialEffectTarget"", ""CreateItem"", ""DestroyEffect"", ""GetItemTypeId"", ""GetOwningPlayer"", ""GetSpellTargetItem"", ""GetTriggerUnit"", ""GetUnitX"", ""GetUnitY"", ""HaveSavedInteger"", ""LoadInteger"", ""RemoveItem"", ""SetItemUserData"", ""UnitAddItemById"", ""UnitItemInSlot"", ""dl"", ""xK""]",[],12
yq,6760,6762,"[""A1E0""]","[""GetSpellAbilityId""]",[],1
Yq,6763,6784,"[""I00T"", ""I00V"", ""I017"", ""I01B"", ""I01U"", ""I026"", ""I02E"", ""I02N"", ""I030"", ""I034"", ""I035"", ""I039"", ""I03A"", ""I03C"", ""I03G"", ""I03Y"", ""I03Z"", ""I043"", ""I045"", ""I05Q"", ""I06J"", ""I071"", ""I072"", ""I073"", ""I07C"", ""I07M"", ""I07N"", ""I07P"", ""I07Z"", ""I085"", ""I088"", ""I08U"", ""I096""]","[""Condition"", ""CreateTrigger"", ""Player"", ""TriggerAddAction"", ""TriggerAddCondition"", ""TriggerRegisterPlayerUnitEvent"", ""sq""]","[""uq"", ""yq""]",14
Zq,6785,6833,[],"[""Cos"", ""CreateGroup"", ""DestroyGroup"", ""DestroyTimer"", ""FirstOfGroup"", ""FlushChildHashtable"", ""GetExpiredTimer"", ""GetHandleId"", ""GetOwningPlayer"", ""GetUnitFacing"", ""GetUnitX"", ""GetUnitY"", ""GetWidgetLife"", ""GroupAddUnit"", ""GroupEnumUnitsInRange"", ""GroupRemoveUnit"", ""IsUnitEnemy"", ""IsUnitInGroup"", ""IsUnitType"", ""KillUnit"", ""LoadGroupHandle"", ""LoadReal"", ""LoadUnitHandle"", ""PauseTimer"", ""RemoveUnit"", ""SaveReal"", ""SetUnitPosition"", ""Sin"", ""hL""]",[],16
eQ,6834,6852,"[""h01O""]","[""AddSpecialEffectTarget"", ""CreateGroup"", ""CreateTimer"", ""CreateUnit"", ""GetHandleId"", ""GetOwningPlayer"", ""SaveGroupHandle"", ""SaveReal"", ""SaveUnitHandle"", ""TimerStart""]","[""Zq""]",10
xQ,6853,6865,"[""A1DV""]","[""Atan2"", ""Cm"", ""GetUnitAbilityLevel"", ""GetUnitX"", ""GetUnitY"", ""eQ"", ""qM""]",[],5
BladeWave___Init,6866,6867,[],[],[],0
rQ,6868,6933,[],"[""AddSpecialEffectTarget"", ""Atan2"", ""Cos"", ""CreateGroup"", ""DestroyEffect"", ""DestroyGroup"", ""FirstOfGroup"", ""GetExpiredTimer"", ""GetHandleId"", ""GetOwningPlayer"", ""GetUnitState"", ""GetUnitX"", ""GetUnitY"", ""GetWidgetLife"", ""GroupEnumUnitsInRange"", ""GroupRemoveUnit"", ""IsUnitAlly"", ""IsUnitType"", ""KillUnit"", ""ModuloInteger"", ""RemoveUnit"", ""SetUnitState"", ""SetUnitX"", ""SetUnitY"", ""Sin"", ""Uk"", ""hl"", ""jJ"", ""tP"", ""uP""]",[],10
nQ,6934,6949,"[""h061""]","[""CreateUnit"", ""GetOwningPlayer"", ""GetSpellAbilityUnit"", ""GetUnitX"", ""GetUnitY"", ""HJ"", ""SP"", ""SetUnitAnimation"", ""SetUnitTimeScale"", ""TP"", ""TimerStart""]","[""rQ""]",4
VQ,6950,6955,"[""A0CC""]","[""GetSpellAbilityId"", ""nQ""]",[],1
EQ,6956,6966,[],"[""Condition"", ""CreateTrigger"", ""Player"", ""TriggerAddCondition"", ""TriggerRegisterPlayerUnitEvent""]","[""VQ""]",3
XQ,6967,6970,[],"[""GetLocationZ"", ""GetUnitFlyHeight"", ""GetUnitX"", ""GetUnitY"", ""MoveLocation""]",[],0
OQ,6971,6992,[],"[""DestroyLightning"", ""GetExpiredTimer"", ""GetLightningColorA"", ""GetUnitX"", ""GetUnitY"", ""MoveLightningEx"", ""SetLightningColor"", ""XQ"", ""hJ"", ""tP"", ""uP""]",[],5
cQ,6993,7012,[],"[""AddLightningEx"", ""GJ"", ""GetUnitX"", ""GetUnitY"", ""I2R"", ""R2I"", ""SP"", ""TP"", ""TimerStart"", ""XQ""]","[""OQ""]",14
CQ,7013,7029,[],"[""AddSpecialEffectTarget"", ""DestroyEffect"", ""GetRandomInt"", ""cQ"", ""hL""]",[],9
DQ,7030,7067,[],"[""CQ"", ""CreateGroup"", ""DestroyGroup"", ""FirstOfGroup"", ""GetExpiredTimer"", ""GetOwningPlayer"", ""GetUnitState"", ""GetUnitX"", ""GetUnitY"", ""GroupAddUnit"", ""GroupEnumUnitsInRange"", ""GroupRemoveUnit"", ""IsUnitEnemy"", ""IsUnitInGroup"", ""IsUnitInvisible"", ""IsUnitType"", ""gJ"", ""hl"", ""tP"", ""uP""]",[],4
hQ,7068,7081,[],"[""CQ"", ""CreateGroup"", ""FJ"", ""GroupAddUnit"", ""SP"", ""TP"", ""TimerStart""]","[""DQ""]",6
HQ,7082,7085,"[""I07Y""]","[""GetOwningPlayer"", ""GetPlayerId"", ""ip""]",[],1
jQ,7086,7103,"[""A028"", ""I07Y""]","[""GetOwningPlayer"", ""GetPlayerId"", ""GetSpellAbilityId"", ""GetSpellTargetUnit"", ""GetTriggerUnit"", ""HQ"", ""I2R"", ""OL"", ""hQ"", ""rp""]",[],5
kQ,7104,7115,[],"[""GetOwningPlayer"", ""GetPlayerId"", ""HQ"", ""I2R"", ""hQ""]",[],2
KQ,7116,7140,[],"[""GetEnumUnit"", ""GetHandleId"", ""GetOwningPlayer"", ""GetPlayerId"", ""GetUnitX"", ""GetUnitY"", ""HQ"", ""LoadReal"", ""R2I"", ""SaveReal"", ""hl""]",[],4
mQ,7141,7143,[],"[""ForGroup""]","[""KQ""]",0
MQ,7144,7171,"[""I07Y""]","[""DisableTrigger"", ""EnableTrigger"", ""GetHandleId"", ""GetManipulatedItem"", ""GetOwningPlayer"", ""GetPlayerId"", ""GetTriggerEventId"", ""GetTriggerUnit"", ""GetUnitX"", ""GetUnitY"", ""GroupAddUnit"", ""GroupRemoveUnit"", ""HQ"", ""SaveReal"", ""tM""]",[],5
pQ,7172,7180,"[""I07Y""]","[""GetItemTypeId"", ""GetManipulatedItem"", ""GetManipulatingUnit"", ""IsUnitIllusion"", ""IsUnitType"", ""MQ""]",[],1
PQ,7181,7206,[],"[""Condition"", ""CreateGroup"", ""CreateTrigger"", ""Location"", ""Player"", ""TriggerAddAction"", ""TriggerAddCondition"", ""TriggerRegisterPlayerUnitEvent"", ""TriggerRegisterTimerEvent""]","[""MQ"", ""jQ"", ""mQ"", ""pQ""]",8
qQ,7207,7240,[],"[""Atan2"", ""Cos"", ""DestroyTimer"", ""FlushChildHashtable"", ""GetExpiredTimer"", ""GetHandleId"", ""GetUnitX"", ""GetUnitY"", ""KillUnit"", ""LoadReal"", ""LoadUnitHandle"", ""PauseTimer"", ""RemoveUnit"", ""SaveReal"", ""SetUnitFlyHeight"", ""SetUnitX"", ""SetUnitY"", ""Sin"", ""SquareRoot"", ""hL""]",[],18
sQ,7241,7260,"[""h00L""]","[""Atan2"", ""CreateTimer"", ""CreateUnit"", ""GetHandleId"", ""GetOwningPlayer"", ""GetUnitX"", ""GetUnitY"", ""SaveReal"", ""SaveUnitHandle"", ""TimerStart""]","[""qQ""]",12
SQ,7261,7304,"[""A0K4"", ""B06W""]","[""Cm"", ""CreateGroup"", ""DestroyGroup"", ""FirstOfGroup"", ""GetOwningPlayer"", ""GetUnitAbilityLevel"", ""GetUnitX"", ""GetUnitY"", ""GetWidgetLife"", ""GroupEnumUnitsInRange"", ""GroupRemoveUnit"", ""IsUnitEnemy"", ""IsUnitInvisible"", ""IsUnitPaused"", ""IsUnitType"", ""hl"", ""qM"", ""sQ""]",[],12
uQ,7305,7315,"[""B06W""]","[""DestroyTimer"", ""FlushChildHashtable"", ""GetExpiredTimer"", ""GetHandleId"", ""LoadUnitHandle"", ""PauseTimer"", ""UnitRemoveAbility""]",[],2
UQ,7316,7321,[],"[""CreateTimer"", ""GetHandleId"", ""GetTriggerUnit"", ""SaveUnitHandle"", ""TimerStart""]","[""uQ""]",2
wQ,7322,7327,"[""A0T5""]","[""GetSpellAbilityId"", ""UQ""]",[],1
WQ,7328,7338,[],"[""Condition"", ""CreateTrigger"", ""Player"", ""TriggerAddCondition"", ""TriggerRegisterPlayerUnitEvent""]","[""wQ""]",3
yQ,7339,7356,"[""B0CH""]","[""CreateGroup"", ""DestroyGroup"", ""FirstOfGroup"", ""GetUnitAbilityLevel"", ""GetUnitState"", ""GetWorldBounds"", ""GroupEnumUnitsInRect"", ""GroupRemoveUnit"", ""SetUnitState""]",[],3
YQ,7357,7384,"[""A1CY"", ""BTLF"", ""h01O""]","[""AddSpecialEffectTarget"", ""CreateGroup"", ""CreateUnit"", ""DestroyGroup"", ""FirstOfGroup"", ""GetOwningPlayer"", ""GetTriggerUnit"", ""GetUnitState"", ""GetUnitX"", ""GetUnitY"", ""GroupEnumUnitsInRange"", ""GroupRemoveUnit"", ""IsUnitAlly"", ""IssuePointOrderById"", ""UnitAddAbility"", ""UnitApplyTimedLife"", ""fL"", ""qK""]",[],8
vs,7385,7387,"[""A1CT""]","[""GetSpellAbilityId""]",[],1
Kp,7388,7391,[],"[""EnableTrigger""]",[],0
es,7392,7407,[],"[""Condition"", ""CreateTrigger"", ""DisableTrigger"", ""Player"", ""TriggerAddAction"", ""TriggerAddCondition"", ""TriggerRegisterPlayerUnitEvent"", ""TriggerRegisterTimerEvent""]","[""YQ"", ""vs"", ""yQ""]",4
xs,7408,7410,[],"[""Fl"", ""GetDyingUnit"", ""GetHandleId""]",[],0
os,7411,7416,[],"[""CreateTrigger"", ""TriggerAddAction"", ""TriggerRegisterAnyUnitEventBJ""]","[""xs""]",0
rs,7417,7428,[],"[""GetEventDamage"", ""GetOwningPlayer"", ""GetPlayerId"", ""GetTriggerUnit"", ""GetWidgetLife"", ""I2R"", ""SetWidgetLife""]",[],1
is,7429,7465,"[""I0AS""]","[""GetEnumUnit"", ""GetHandleId"", ""GetItemTypeId"", ""GetOwningPlayer"", ""GetPlayerId"", ""GetUnitX"", ""GetUnitY"", ""LoadReal"", ""SaveReal"", ""SetItemCharges"", ""StringHash"", ""UnitItemInSlot""]",[],11
as,7466,7468,[],"[""ForGroup""]","[""is""]",0
ns,7469,7505,"[""I0AS""]","[""DisableTrigger"", ""EnableTrigger"", ""GetItemTypeId"", ""GetOwningPlayer"", ""GetTriggerEventId"", ""GetTriggerUnit"", ""GroupAddUnit"", ""IsTriggerEnabled"", ""IsUnitInGroup"", ""SetItemCharges"", ""TriggerRegisterUnitEvent"", ""UnitItemInSlot"", ""xK""]",[],10
Vs,7506,7511,"[""I0AS""]","[""GetItemTypeId"", ""GetManipulatedItem"", ""GetManipulatingUnit"", ""IsUnitIllusion"", ""IsUnitType"", ""ns""]",[],1
Es,7512,7533,[],"[""Condition"", ""CreateGroup"", ""CreateTrigger"", ""DisableTrigger"", ""Player"", ""TriggerAddAction"", ""TriggerAddCondition"", ""TriggerRegisterPlayerUnitEvent"", ""TriggerRegisterTimerEvent""]","[""Vs"", ""as"", ""ns"", ""rs""]",6
Xs,7534,7540,[],"[""AddSpecialEffectTarget"", ""DestroyEffect"", ""hL"", ""qM""]",[],3
Rs,7541,7542,[],[],[],0
Is,7543,7565,"[""A17U"", ""B0AY""]","[""DestroyTimer"", ""FlushChildHashtable"", ""GetExpiredTimer"", ""GetHandleId"", ""GetHeroAgi"", ""GetHeroInt"", ""GetHeroStr"", ""LoadInteger"", ""LoadReal"", ""LoadUnitHandle"", ""PauseTimer"", ""SaveInteger"", ""Uk"", ""UnitRemoveAbility"", ""hL""]",[],8
Ns,7566,7586,"[""A17U""]","[""CreateTimer"", ""GetHandleId"", ""GetUnitAbilityLevel"", ""LoadTimerHandle"", ""SaveInteger"", ""SaveReal"", ""SaveTimerHandle"", ""SaveUnitHandle"", ""TimerStart"", ""UnitAddAbility""]","[""Is""]",8
bs,7587,7634,[],"[""Atan2"", ""Cos"", ""CreateGroup"", ""DestroyGroup"", ""DestroyTimer"", ""FirstOfGroup"", ""FlushChildHashtable"", ""GetExpiredTimer"", ""GetHandleId"", ""GetHeroAgi"", ""GetHeroInt"", ""GetHeroStr"", ""GetOwningPlayer"", ""GetWidgetLife"", ""GroupEnumUnitsInRange"", ""GroupRemoveUnit"", ""IsUnitEnemy"", ""IsUnitType"", ""LoadReal"", ""LoadUnitHandle"", ""Ns"", ""PauseTimer"", ""RemoveUnit"", ""SaveReal"", ""SetUnitFlyHeight"", ""SetUnitX"", ""SetUnitY"", ""Sin"", ""SquareRoot"", ""hL""]",[],20
Bs,7635,7660,"[""h04A""]","[""Atan2"", ""CreateTimer"", ""CreateUnit"", ""GetHandleId"", ""GetOwningPlayer"", ""GetSpellAbilityUnit"", ""GetSpellTargetX"", ""GetSpellTargetY"", ""GetUnitX"", ""GetUnitY"", ""Rad2Deg"", ""SaveReal"", ""SaveUnitHandle"", ""SetUnitFlyHeight"", ""SetUnitPathing"", ""TimerStart""]","[""bs""]",14
Cs,7661,7666,"[""A17V""]","[""Bs"", ""GetSpellAbilityId""]",[],1
ds,7667,7715,"[""A0K4"", ""I08F"", ""I08I""]","[""CreateGroup"", ""DestroyGroup"", ""FirstOfGroup"", ""GetItemTypeId"", ""GetOwningPlayer"", ""GetUnitAbilityLevel"", ""GetUnitX"", ""GetUnitY"", ""GetWidgetLife"", ""GroupEnumUnitsInRange"", ""GroupRemoveUnit"", ""IsUnitEnemy"", ""IsUnitPaused"", ""IsUnitType"", ""Ns"", ""UnitItemInSlot""]",[],20
Ds,7716,7726,[],"[""Condition"", ""CreateTrigger"", ""Player"", ""TriggerAddCondition"", ""TriggerRegisterPlayerUnitEvent""]","[""Cs""]",3
DuelArenaCircle__DuelArena01_Filter,7727,7729,"[""A0K4""]","[""GetFilterUnit"", ""GetUnitAbilityLevel"", ""GetWidgetLife"", ""IsUnitType""]",[],2
fs,7730,7751,"[""A0LW"", ""A10H"", ""A10I"", ""A10J"", ""B08A""]","[""GetOwningPlayer"", ""SetPlayerAbilityAvailable"", ""SetUnitAbilityLevel"", ""UnitAddAbility"", ""UnitRemoveAbility""]",[],10
gs,7752,7766,"[""A10H"", ""B08A"", ""B08B""]","[""UnitRemoveAbility""]",[],5
Gs,7767,7794,"[""A0VY""]","[""Cos"", ""GetExpiredTimer"", ""GetHandleId"", ""GetUnitDefaultMoveSpeed"", ""GetUnitX"", ""GetUnitY"", ""LoadInteger"", ""LoadReal"", ""LoadUnitHandle"", ""SaveInteger"", ""SetUnitMoveSpeed"", ""SetUnitPathing"", ""SetUnitPosition"", ""Sin"", ""UnitRemoveAbility"", ""eL"", ""iL"", ""nL"", ""tK""]",[],8
hs,7795,7880,"[""A0K4"", ""A0VY""]","[""AddSpecialEffect"", ""Atan2"", ""Cos"", ""CreateGroup"", ""CreateTimer"", ""DestroyEffect"", ""DestroyGroup"", ""FirstOfGroup"", ""GetExpiredTimer"", ""GetHandleId"", ""GetUnitAbilityLevel"", ""GetUnitX"", ""GetUnitY"", ""GetWidgetLife"", ""GroupEnumUnitsInRange"", ""GroupRemoveUnit"", ""IsUnitHidden"", ""IsUnitType"", ""LoadInteger"", ""LoadReal"", ""LoadUnitHandle"", ""R2I"", ""RemoveUnit"", ""SaveInteger"", ""SaveReal"", ""SaveUnitHandle"", ""SetUnitMoveSpeed"", ""SetUnitPathing"", ""SetUnitX"", ""SetUnitY"", ""Sin"", ""TimerStart"", ""UnitAddAbility"", ""fs"", ""gs"", ""hl"", ""tK""]","[""Gs""]",31
Js,7881,7918,"[""h02C""]","[""Cos"", ""CreateTimer"", ""CreateUnit"", ""GetHandleId"", ""Player"", ""SaveInteger"", ""SaveReal"", ""SaveUnitHandle"", ""SetUnitColor"", ""SetUnitVertexColor"", ""SetUnitX"", ""SetUnitY"", ""Sin"", ""TimerStart"", ""fs""]","[""hs""]",20
ks,7919,7921,"[""u00M""]","[""GetSellingUnit"", ""GetSoldUnit"", ""GetUnitTypeId"", ""IsUnitType""]",[],1
Ks,7922,7948,"[""n06S""]","[""ClearSelection"", ""GetBuyingUnit"", ""GetLocalPlayer"", ""GetOwningPlayer"", ""GetSellingUnit"", ""GetSoldUnit"", ""GetUnitTypeId"", ""RemoveUnit"", ""SelectUnit"", ""SetTextTagVisibility"", ""SetUnitAnimation"", ""xK""]",[],3
ls,7949,7986,[],"[""GetLocalPlayer"", ""GetPlayerState"", ""I2S"", ""SetPlayerState"", ""SetTextTagText"", ""SetTextTagVisibility""]",[],13
Ms,7987,8003,[],"[""GetTriggerEventId"", ""GetTriggerPlayer"", ""xK""]",[],0
ps,8004,8032,[],"[""GetLocalPlayer"", ""GetTriggerEventId"", ""GetTriggerPlayer"", ""SetTextTagPos"", ""SetUnitAnimation"", ""SetUnitX"", ""SetUnitY"", ""xK""]",[],12
Ps,8033,8090,[],"[""DisplayTimedTextToPlayer"", ""GetLocalPlayer"", ""GetPlayerState"", ""I2S"", ""SetPlayerState""]",[],21
Ss,8091,8144,[],"[""ConvertCameraField"", ""DisableTrigger"", ""DisplayTimedTextToPlayer"", ""GetLocalPlayer"", ""GetOwningPlayer"", ""GetPlayerController"", ""GetPlayerName"", ""GetPlayerState"", ""GetRandomInt"", ""I2S"", ""PauseTimer"", ""PauseUnit"", ""ResetToGameCamera"", ""SetCameraField"", ""SetPlayerState"", ""SetTextTagPos"", ""SetTextTagVisibility"", ""SetUnitAnimation"", ""ShowUnit"", ""xK""]",[],15
us,8145,8233,[],"[""AddUnitToStock"", ""CameraSetupApplyForceDuration"", ""ConvertCameraField"", ""DisableTrigger"", ""EnableTrigger"", ""GetLocalPlayer"", ""GetUnitX"", ""GetUnitY"", ""I2S"", ""PauseTimer"", ""PauseUnit"", ""ResetToGameCamera"", ""SetCameraField"", ""SetCameraTargetController"", ""SetTextTagPos"", ""SetTextTagText"", ""SetTextTagVisibility"", ""SetUnitAnimation"", ""SetUnitX"", ""SetUnitY"", ""ShowUnit"", ""TimerStart"", ""xK""]","[""ls""]",40
Ws,8234,8295,"[""n040"", ""u00M""]","[""Condition"", ""CreateTextTag"", ""CreateTimer"", ""CreateTrigger"", ""CreateUnit"", ""DisableTrigger"", ""I2S"", ""PauseUnit"", ""Player"", ""SetTextTagPos"", ""SetTextTagText"", ""SetTextTagVisibility"", ""SetUnitAnimation"", ""ShowUnit"", ""TriggerAddAction"", ""TriggerAddCondition"", ""TriggerRegisterPlayerEvent"", ""TriggerRegisterPlayerUnitEvent""]","[""Ks"", ""Ms"", ""ks"", ""ps""]",22
ys,8296,8298,"[""n04S""]","[""GetSoldUnit"", ""GetUnitTypeId""]",[],1
Ys,8299,8310,[],"[""DisplayTextToPlayer"", ""GetOwningPlayer"", ""GetSoldUnit"", ""xK""]",[],2
zs,8311,8324,[],"[""GetItemTypeId"", ""UnitItemInSlot""]",[],5
Zs,8325,8332,[],"[""UnitItemInSlot"", ""zs""]",[],2
vS,8333,8350,"[""I07T"", ""I087""]","[""CreateItem"", ""GetOwningPlayer"", ""GetUnitTypeId"", ""GetUnitX"", ""GetUnitY"", ""RemoveItem"", ""SetItemUserData"", ""UnitAddItem"", ""cm"", ""xK""]",[],6
oS,8351,8467,"[""I07O""]","[""AddSpecialEffect"", ""CreateItem"", ""DestroyEffect"", ""GetBuyingUnit"", ""GetItemTypeId"", ""GetOwningPlayer"", ""GetPlayerState"", ""GetSoldItem"", ""GetUnitX"", ""GetUnitY"", ""RemoveItem"", ""SetItemUserData"", ""SetPlayerState"", ""TriggerSleepAction"", ""UnitAddItem"", ""ZL"", ""Zs"", ""rp"", ""vS"", ""xK""]",[],31
fS,8468,8470,[],"[""GetItemType"", ""GetManipulatedItem""]",[],0
FS,8471,8573,"[""I07O""]","[""AddSpecialEffect"", ""CreateItem"", ""DestroyEffect"", ""GetItemTypeId"", ""GetManipulatedItem"", ""GetOwningPlayer"", ""GetPlayerState"", ""GetTriggerUnit"", ""GetUnitX"", ""GetUnitY"", ""RemoveItem"", ""SetItemUserData"", ""SetPlayerState"", ""UnitAddItem"", ""ZL"", ""Zs"", ""rp"", ""vS"", ""xK""]",[],26
GS,8574,8600,[],"[""Condition"", ""CreateTrigger"", ""Player"", ""TriggerAddAction"", ""TriggerAddCondition"", ""TriggerRegisterAnyUnitEventBJ"", ""TriggerRegisterPlayerUnitEvent""]","[""FS"", ""Ys"", ""fS"", ""oS"", ""ys""]",11
hS,8601,8613,"[""B0CI""]","[""DestroyEffect"", ""DestroyTimer"", ""FlushChildHashtable"", ""GetExpiredTimer"", ""GetHandleId"", ""LoadEffectHandle"", ""LoadUnitHandle"", ""PauseTimer"", ""UnitRemoveAbility""]",[],3
HS,8614,8653,[],"[""CreateGroup"", ""DestroyGroup"", ""DestroyTimer"", ""FirstOfGroup"", ""FlushChildHashtable"", ""GetExpiredTimer"", ""GetHandleId"", ""GetOwningPlayer"", ""GetUnitState"", ""GetUnitX"", ""GetUnitY"", ""GroupEnumUnitsInRange"", ""GroupRemoveUnit"", ""IsUnitEnemy"", ""IsUnitType"", ""LoadInteger"", ""LoadReal"", ""LoadUnitHandle"", ""PauseTimer"", ""RemoveUnit"", ""SaveInteger"", ""StringHash"", ""hL""]",[],8
lS,8654,8705,"[""B0CI"", ""I0B2"", ""h05T"", ""h05U""]","[""CreateGroup"", ""CreateTimer"", ""CreateUnit"", ""DestroyGroup"", ""FirstOfGroup"", ""GetHandleId"", ""GetInventoryIndexOfItemTypeBJ"", ""GetOwningPlayer"", ""GetUnitAbilityLevel"", ""GetUnitState"", ""GetUnitX"", ""GetUnitY"", ""GetWorldBounds"", ""GroupEnumUnitsInRect"", ""GroupRemoveUnit"", ""SaveInteger"", ""SaveReal"", ""SaveUnitHandle"", ""TimerStart"", ""tk"", ""xK""]","[""HS""]",16
PS,8706,8717,[],"[""AddSpecialEffectTarget"", ""CreateTimer"", ""GetHandleId"", ""GetTriggerUnit"", ""SaveEffectHandle"", ""SaveUnitHandle"", ""TimerStart""]","[""hS""]",3
qS,8718,8720,"[""A1CW""]","[""GetSpellAbilityId""]",[],1
Mp,8721,8724,[],"[""EnableTrigger""]",[],0
QS,8725,8740,[],"[""Condition"", ""CreateTrigger"", ""DisableTrigger"", ""Player"", ""TriggerAddAction"", ""TriggerAddCondition"", ""TriggerRegisterPlayerUnitEvent"", ""TriggerRegisterTimerEvent""]","[""PS"", ""lS"", ""qS""]",4
sS,8741,8805,"[""B00R"", ""B064"", ""B09G""]","[""AddSpecialEffect"", ""AddSpecialEffectTarget"", ""CreateGroup"", ""DestroyEffect"", ""DestroyGroup"", ""FirstOfGroup"", ""GetEnumUnit"", ""GetOwningPlayer"", ""GetUnitAbilityLevel"", ""GetUnitState"", ""GetUnitUserData"", ""GetUnitX"", ""GetUnitY"", ""GetWidgetLife"", ""GroupEnumUnitsInRange"", ""GroupRemoveUnit"", ""IsUnitEnemy"", ""IsUnitHidden"", ""IsUnitPaused"", ""IsUnitType"", ""SetUnitState"", ""Uk"", ""hL""]",[],21
US,8806,8808,[],"[""ForGroup""]","[""sS""]",0
wS,8809,8811,"[""I01U"", ""I07N"", ""I0AD""]","[""GetItemTypeId"", ""GetManipulatedItem""]",[],1
WS,8812,8863,"[""A0I9"", ""A0IG"", ""A0PH"", ""A0PI"", ""A132"", ""A133"", ""I01U"", ""I07N"", ""I0AD""]","[""DisableTrigger"", ""EnableTrigger"", ""GetItemTypeId"", ""GetManipulatedItem"", ""GetTriggerEventId"", ""GetTriggerUnit"", ""GroupAddUnit"", ""GroupRemoveUnit"", ""IsTriggerEnabled"", ""IsUnitIllusion"", ""UnitAddAbility"", ""UnitItemInSlot"", ""UnitMakeAbilityPermanent"", ""UnitRemoveAbility""]",[],28
yS,8864,8884,"[""A0IG"", ""A0PI"", ""A133""]","[""Condition"", ""CreateGroup"", ""CreateTrigger"", ""DisableTrigger"", ""Player"", ""SetPlayerAbilityAvailable"", ""TriggerAddAction"", ""TriggerAddCondition"", ""TriggerRegisterPlayerUnitEvent"", ""TriggerRegisterTimerEvent""]","[""US"", ""WS"", ""wS""]",8
YS,8885,8910,"[""BTLF"", ""n0A2""]","[""Cm"", ""CreateUnit"", ""GetOwningPlayer"", ""GetRandomInt"", ""GetUnitFacing"", ""GetUnitUserData"", ""GetUnitX"", ""GetUnitY"", ""GetWidgetLife"", ""I2S"", ""IsUnitType"", ""PauseUnit"", ""SetUnitAnimation"", ""UnitApplyTimedLife"", ""hL"", ""qM""]",[],10
vt,8911,8912,[],[],[],0
et,8913,8922,[],"[""GetItemType"", ""GetItemUserData"", ""GetOwningPlayer"", ""xK""]",[],1
xt,8923,8955,[],"[""AddSpecialEffectTarget"", ""Atan2"", ""Cos"", ""DestroyEffect"", ""DestroyTimer"", ""FlushChildHashtable"", ""GetExpiredTimer"", ""GetHandleId"", ""GetItemX"", ""GetItemY"", ""GetUnitState"", ""GetUnitX"", ""GetUnitY"", ""GetWidgetLife"", ""IsItemOwned"", ""LoadItemHandle"", ""LoadUnitHandle"", ""PauseTimer"", ""SaveBoolean"", ""SetItemPosition"", ""SetUnitState"", ""Sin"", ""StringHash"", ""UnitAddItem"", ""et"", ""hl""]",[],7
ot,8956,8979,[],"[""CreateTimer"", ""GetEnumItem"", ""GetHandleId"", ""GetItemX"", ""GetItemY"", ""GetUnitX"", ""GetUnitY"", ""GetWidgetLife"", ""IsItemOwned"", ""IsItemVisible"", ""LoadBoolean"", ""SaveBoolean"", ""SaveItemHandle"", ""SaveUnitHandle"", ""StringHash"", ""TimerStart"", ""et"", ""hl""]","[""xt""]",5
at,8980,9001,"[""I0B1""]","[""CreateGroup"", ""DestroyGroup"", ""EnumItemsInRect"", ""FirstOfGroup"", ""GetInventoryIndexOfItemTypeBJ"", ""GetUnitState"", ""GetUnitX"", ""GetUnitY"", ""GetWorldBounds"", ""GroupEnumUnitsInRect"", ""GroupRemoveUnit"", ""Rect"", ""RemoveRect"", ""SetRect""]","[""ot""]",3
nt,9002,9026,[],"[""Atan2"", ""Cos"", ""DestroyTimer"", ""FlushChildHashtable"", ""GetExpiredTimer"", ""GetHandleId"", ""GetUnitState"", ""GetUnitX"", ""GetUnitY"", ""LoadInteger"", ""LoadUnitHandle"", ""PauseTimer"", ""SaveInteger"", ""SetUnitX"", ""SetUnitY"", ""Sin"", ""hl""]",[],8
Vt,9027,9055,[],"[""CreateGroup"", ""CreateTimer"", ""DestroyGroup"", ""FirstOfGroup"", ""GetHandleId"", ""GetOwningPlayer"", ""GetTriggerUnit"", ""GetUnitState"", ""GetUnitX"", ""GetUnitY"", ""GroupEnumUnitsInRange"", ""GroupRemoveUnit"", ""IsUnitEnemy"", ""SaveInteger"", ""SaveUnitHandle"", ""TimerStart""]","[""nt""]",6
Et,9056,9058,"[""A1CV""]","[""GetSpellAbilityId""]",[],1
Lp,9059,9062,[],"[""EnableTrigger""]",[],0
Xt,9063,9078,[],"[""Condition"", ""CreateTrigger"", ""DisableTrigger"", ""Player"", ""TriggerAddAction"", ""TriggerAddCondition"", ""TriggerRegisterPlayerUnitEvent"", ""TriggerRegisterTimerEvent""]","[""Et"", ""Vt"", ""at""]",4
Ot,9079,9119,"[""A0K4"", ""I088""]","[""CreateGroup"", ""DestroyGroup"", ""FirstOfGroup"", ""GetItemTypeId"", ""GetOwningPlayer"", ""GetUnitAbilityLevel"", ""GetUnitState"", ""GetUnitX"", ""GetUnitY"", ""GetWidgetLife"", ""GroupEnumUnitsInRange"", ""GroupRemoveUnit"", ""IsUnitEnemy"", ""IsUnitType"", ""SetUnitState"", ""UK"", ""UnitItemInSlot"", ""YK"", ""hL""]",[],13
It,9120,9121,[],[],[],0
At,9122,9135,"[""A0JR"", ""B0A1""]","[""DestroyTimer"", ""FlushChildHashtable"", ""GetExpiredTimer"", ""GetHandleId"", ""GetUnitAbilityLevel"", ""LoadUnitHandle"", ""PauseTimer"", ""SetUnitAbilityLevel"", ""UnitRemoveAbility"", ""fl""]",[],4
Nt,9136,9157,"[""A0JR"", ""A159"", ""B0A1"", ""h011""]","[""CreateTimer"", ""CreateUnit"", ""GetHandleId"", ""GetOwningPlayer"", ""GetSpellAbilityUnit"", ""GetUnitAbilityLevel"", ""GetUnitX"", ""GetUnitY"", ""IssueTargetOrderById"", ""SaveUnitHandle"", ""SetUnitAbilityLevel"", ""TimerStart"", ""UnitAddAbility"", ""UnitRemoveAbility"", ""ZK""]","[""At""]",9
bt,9158,9163,"[""A158""]","[""GetSpellAbilityId"", ""Nt""]",[],1
Bt,9164,9183,"[""A0JR"", ""B0A1""]","[""AddSpecialEffectTarget"", ""DestroyEffect"", ""GetUnitAbilityLevel"", ""GetUnitState"", ""GetUnitX"", ""GetUnitY"", ""I2S"", ""Mk"", ""R2I"", ""SetUnitAbilityLevel"", ""UnitDamageTarget"", ""UnitRemoveAbility"", ""hL"", ""ql""]",[],7
ft,9184,9194,[],"[""Condition"", ""CreateTrigger"", ""Player"", ""TriggerAddCondition"", ""TriggerRegisterPlayerUnitEvent""]","[""bt""]",3
Ft,9195,9232,[],"[""Cm"", ""CreateGroup"", ""DestroyGroup"", ""FirstOfGroup"", ""GetOwningPlayer"", ""GetUnitX"", ""GetUnitY"", ""GetWidgetLife"", ""GroupEnumUnitsInRange"", ""GroupRemoveUnit"", ""IsUnitEnemy"", ""IsUnitType"", ""IssueTargetOrderById"", ""hL""]",[],8
jt,9233,9280,[],"[""Cos"", ""CreateGroup"", ""DestroyGroup"", ""DestroyTimer"", ""FirstOfGroup"", ""FlushChildHashtable"", ""Ft"", ""GetExpiredTimer"", ""GetHandleId"", ""GetOwningPlayer"", ""GetUnitX"", ""GetUnitY"", ""GetWidgetLife"", ""GroupAddUnit"", ""GroupEnumUnitsInRange"", ""GroupRemoveUnit"", ""IsUnitEnemy"", ""IsUnitInGroup"", ""IsUnitType"", ""KillUnit"", ""LoadGroupHandle"", ""LoadReal"", ""LoadUnitHandle"", ""PauseTimer"", ""RemoveUnit"", ""SaveReal"", ""SetUnitFacing"", ""SetUnitX"", ""SetUnitY"", ""Sin""]",[],14
kt,9281,9300,"[""A0OR"", ""h05B""]","[""Cm"", ""CreateGroup"", ""CreateTimer"", ""CreateUnit"", ""GetHandleId"", ""GetOwningPlayer"", ""GetTriggerUnit"", ""GetUnitX"", ""GetUnitY"", ""SaveGroupHandle"", ""SaveReal"", ""SaveUnitHandle"", ""TimerStart"", ""UnitAddAbility""]","[""jt""]",10
Kt,9301,9303,"[""A1BM""]","[""GetSpellAbilityId""]",[],1
Lt,9304,9319,"[""A0OR"", ""B05W"", ""I07U"", ""h011""]","[""Atan2"", ""Cm"", ""CreateUnit"", ""Ft"", ""GetOwningPlayer"", ""GetUnitAbilityLevel"", ""GetUnitX"", ""GetUnitY"", ""UnitAddAbility"", ""ZK"", ""rp""]",[],6
mt,9320,9332,"[""A0OR""]","[""Condition"", ""CreateTrigger"", ""Nl"", ""Player"", ""TriggerAddAction"", ""TriggerAddCondition"", ""TriggerRegisterPlayerUnitEvent""]","[""Kt"", ""kt""]",4
Mt,9333,9336,[],"[""GetLocationZ"", ""GetUnitFlyHeight"", ""GetUnitX"", ""GetUnitY"", ""MoveLocation""]",[],0
pt,9337,9358,[],"[""DestroyLightning"", ""GetExpiredTimer"", ""GetLightningColorA"", ""GetUnitX"", ""GetUnitY"", ""MoveLightningEx"", ""Mt"", ""SetLightningColor"", ""fJ"", ""tP"", ""uP""]",[],5
Pt,9359,9377,[],"[""AddLightningEx"", ""DJ"", ""GetUnitX"", ""GetUnitY"", ""I2R"", ""Mt"", ""R2I"", ""SP"", ""TP"", ""TimerStart""]","[""pt""]",14
qt,9378,9385,[],"[""AddSpecialEffectTarget"", ""DestroyEffect"", ""Pt"", ""fL""]",[],7
Qt,9386,9422,"[""A0K4""]","[""CreateGroup"", ""DestroyGroup"", ""FirstOfGroup"", ""GetExpiredTimer"", ""GetOwningPlayer"", ""GetUnitAbilityLevel"", ""GetUnitX"", ""GetUnitY"", ""GetWidgetLife"", ""GroupAddUnit"", ""GroupEnumUnitsInRange"", ""GroupRemoveUnit"", ""IsUnitAlly"", ""IsUnitInGroup"", ""IsUnitType"", ""dJ"", ""hl"", ""qt"", ""tP"", ""uP""]",[],4
St,9423,9436,[],"[""CJ"", ""CreateGroup"", ""GroupAddUnit"", ""Location"", ""SP"", ""TP"", ""TimerStart"", ""qt""]","[""Qt""]",7
ut,9437,9448,"[""A12Y"", ""A12Z""]","[""GetSpellAbilityId"", ""GetSpellTargetUnit"", ""GetTriggerUnit"", ""St""]",[],5
Ut,9449,9458,[],"[""Condition"", ""CreateTrigger"", ""Player"", ""TriggerAddCondition"", ""TriggerRegisterPlayerUnitEvent""]","[""ut""]",3
wt,9459,9523,"[""h039""]","[""Cos"", ""CreateUnit"", ""DestroyTimer"", ""FlushChildHashtable"", ""GetExpiredTimer"", ""GetHandleId"", ""GetOwningPlayer"", ""GetUnitFacing"", ""GetUnitX"", ""GetUnitY"", ""KillUnit"", ""LoadBoolean"", ""LoadInteger"", ""LoadReal"", ""LoadUnitHandle"", ""PauseTimer"", ""RemoveUnit"", ""SaveBoolean"", ""SaveInteger"", ""SaveReal"", ""SaveUnitHandle"", ""SetUnitVertexColor"", ""SetUnitX"", ""SetUnitY"", ""Sin"", ""hL""]",[],31
zt,9524,9551,"[""h03O""]","[""Atan2"", ""Cos"", ""CreateTimer"", ""CreateUnit"", ""GetHandleId"", ""GetOwningPlayer"", ""GetUnitX"", ""GetUnitY"", ""Rad2Deg"", ""SaveBoolean"", ""SaveReal"", ""SaveUnitHandle"", ""SetUnitVertexColor"", ""Sin"", ""TimerStart"", ""hl""]","[""wt""]",16
Zt,9552,9568,"[""A0K4"", ""I064""]","[""GetOwningPlayer"", ""GetPlayerId"", ""GetUnitAbilityLevel"", ""IsUnitPaused"", ""IsUnitType"", ""ip"", ""zt""]",[],6
vT,9569,9575,"[""I064""]","[""GetManipulatingUnit"", ""GetOwningPlayer"", ""GetPlayerId"", ""ip""]",[],1
eT,9576,9581,"[""I064""]","[""GetItemTypeId"", ""GetManipulatedItem"", ""GetManipulatingUnit"", ""IsUnitType"", ""vT""]",[],1
xT,9582,9594,[],"[""Condition"", ""CreateTrigger"", ""Player"", ""TriggerAddCondition"", ""TriggerRegisterPlayerUnitEvent""]","[""eT""]",5
oT,9595,9600,[],"[""GetEnteringUnit"", ""GroupAddUnit"", ""IsUnitInGroup"", ""TriggerRegisterUnitEvent""]",[],0
rT,9601,9603,"[""B06Z""]","[""GetFilterUnit"", ""GetOwningPlayer"", ""GetUnitAbilityLevel"", ""GetWidgetLife"", ""IsUnitEnemy""]",[],1
iT,9604,9639,"[""B06Z""]","[""Condition"", ""CountUnitsInGroup"", ""CreateGroup"", ""DestroyBoolExpr"", ""DestroyGroup"", ""DisableTrigger"", ""EnableTrigger"", ""FirstOfGroup"", ""GetEventDamage"", ""GetEventDamageSource"", ""GetOwningPlayer"", ""GetTriggerUnit"", ""GetTriggeringTrigger"", ""GetUnitAbilityLevel"", ""GroupEnumUnitsInRect"", ""GroupRemoveUnit"", ""IsUnitType"", ""hL""]","[""rT""]",3
XT,9640,9643,[],"[""GetLocationZ"", ""GetUnitFlyHeight"", ""GetUnitX"", ""GetUnitY"", ""MoveLocation""]",[],0
OT,9644,9665,[],"[""DestroyLightning"", ""GetExpiredTimer"", ""GetLightningColorA"", ""GetUnitX"", ""GetUnitY"", ""MoveLightningEx"", ""SetLightningColor"", ""XT"", ""cJ"", ""tP"", ""uP""]",[],5
RT,9666,9684,[],"[""AddLightningEx"", ""BJ"", ""GetUnitX"", ""GetUnitY"", ""I2R"", ""R2I"", ""SP"", ""TP"", ""TimerStart"", ""XT""]","[""OT""]",14
IT,9685,9695,"[""A0TL"", ""BTLF"", ""h011""]","[""CreateUnit"", ""GetOwningPlayer"", ""GetUnitFacing"", ""GetUnitX"", ""GetUnitY"", ""IssueTargetOrderById"", ""RT"", ""UnitAddAbility"", ""UnitApplyTimedLife""]",[],8
NT,9696,9732,[],"[""CreateGroup"", ""DestroyGroup"", ""FirstOfGroup"", ""GetExpiredTimer"", ""GetOwningPlayer"", ""GetUnitState"", ""GetUnitX"", ""GetUnitY"", ""GroupAddUnit"", ""GroupEnumUnitsInRange"", ""GroupRemoveUnit"", ""IT"", ""IsUnitEnemy"", ""IsUnitInGroup"", ""IsUnitInvisible"", ""IsUnitType"", ""bJ"", ""hl"", ""tP"", ""uP""]",[],4
bT,9733,9745,[],"[""CreateGroup"", ""GetSpellTargetUnit"", ""GetTriggerUnit"", ""GroupAddUnit"", ""IT"", ""Location"", ""NJ"", ""SP"", ""TP"", ""TimerStart""]","[""NT""]",3
BT,9746,9748,"[""A0TM""]","[""GetSpellAbilityId""]",[],1
Jp,9749,9751,[],"[""EnableTrigger""]",[],0
cT,9752,9773,[],"[""Condition"", ""CreateGroup"", ""CreateRegion"", ""CreateTrigger"", ""DisableTrigger"", ""Player"", ""RegionAddRect"", ""TriggerAddAction"", ""TriggerAddCondition"", ""TriggerRegisterEnterRegion"", ""TriggerRegisterPlayerUnitEvent""]","[""BT"", ""bT"", ""iT"", ""oT""]",3
fT,9774,9776,"[""I09L"", ""I09M"", ""I09N""]","[""GetItemTypeId"", ""GetManipulatedItem"", ""GetTriggerUnit"", ""IsUnitType""]",[],1
FT,9777,9809,"[""I09L"", ""I09M"", ""I09N""]","[""CreateItem"", ""DisableTrigger"", ""EnableTrigger"", ""GetManipulatedItem"", ""GetOwningPlayer"", ""GetTriggerUnit"", ""GetUnitX"", ""GetUnitY"", ""RemoveItem"", ""SetItemUserData"", ""UM"", ""UnitAddItem"", ""UnitDropItemSlot"", ""xK""]",[],9
gT,9810,9812,"[""I09L"", ""I09M"", ""I09N""]","[""GetItemTypeId"", ""GetManipulatedItem"", ""GetManipulatingUnit"", ""GetTriggerUnit"", ""IsUnitIllusion"", ""IsUnitType""]",[],1
GT,9813,9833,"[""I09L"", ""I09M"", ""I09N""]","[""GetItemTypeId"", ""GetManipulatedItem"", ""GetOwningPlayer"", ""GetTriggerEventId"", ""GetTriggerUnit"", ""xK""]",[],8
hT,9834,9865,[],"[""Atan2"", ""Cos"", ""GetExpiredTimer"", ""GetHandleId"", ""GetUnitX"", ""GetUnitY"", ""KillUnit"", ""LoadReal"", ""LoadUnitHandle"", ""RemoveUnit"", ""SaveReal"", ""SetUnitFlyHeight"", ""SetUnitX"", ""SetUnitY"", ""Sin"", ""SquareRoot"", ""hL"", ""tK""]",[],18
HT,9866,9887,"[""h03W""]","[""Atan2"", ""CreateTimer"", ""CreateUnit"", ""GetHandleId"", ""GetOwningPlayer"", ""GetUnitX"", ""GetUnitY"", ""SaveReal"", ""SaveUnitHandle"", ""TimerStart""]","[""hT""]",15
jT,9888,9917,"[""A0K4"", ""B0A7"", ""I09L""]","[""AddSpecialEffectTarget"", ""CreateGroup"", ""DestroyEffect"", ""DestroyGroup"", ""FirstOfGroup"", ""GetDyingUnit"", ""GetHeroStr"", ""GetKillingUnit"", ""GetOwningPlayer"", ""GetUnitAbilityLevel"", ""GetUnitX"", ""GetUnitY"", ""GetWidgetLife"", ""GroupEnumUnitsInRange"", ""GroupRemoveUnit"", ""I2R"", ""IsUnitAlly"", ""IsUnitType"", ""fL"", ""rp"", ""xK""]",[],4
kT,9918,9947,"[""A0K4""]","[""AddSpecialEffectTarget"", ""CreateGroup"", ""DestroyEffect"", ""DestroyGroup"", ""FirstOfGroup"", ""GetHeroInt"", ""GetOwningPlayer"", ""GetSpellAbilityId"", ""GetSpellAbilityUnit"", ""GetUnitAbilityLevel"", ""GetUnitState"", ""GetUnitX"", ""GetUnitY"", ""GetWidgetLife"", ""GroupEnumUnitsInRange"", ""GroupRemoveUnit"", ""I2R"", ""IsUnitAlly"", ""IsUnitType"", ""SetUnitState"", ""hK"", ""xK""]",[],4
KT,9948,9991,"[""A0K4"", ""B06V"", ""B0A7"", ""B0A8"", ""I09L"", ""I09M"", ""I09N""]","[""AddSpecialEffectTarget"", ""CreateGroup"", ""DestroyEffect"", ""DestroyGroup"", ""DisableTrigger"", ""EnableTrigger"", ""FirstOfGroup"", ""GetEventDamage"", ""GetEventDamageSource"", ""GetHeroAgi"", ""GetOwningPlayer"", ""GetRandomInt"", ""GetTriggerUnit"", ""GetTriggeringTrigger"", ""GetUnitAbilityLevel"", ""GetUnitUserData"", ""GetUnitX"", ""GetUnitY"", ""GetWidgetLife"", ""GroupEnumUnitsInRange"", ""GroupRemoveUnit"", ""HT"", ""I2R"", ""IsUnitEnemy"", ""IsUnitType"", ""hL"", ""rp"", ""xK""]",[],10
mT,9992,9997,[],"[""GetEnteringUnit"", ""GroupAddUnit"", ""IsUnitInGroup"", ""TriggerRegisterUnitEvent""]",[],0
Gp,9998,10003,[],"[""EnableTrigger""]",[],0
MT,10004,10047,[],"[""Condition"", ""CreateGroup"", ""CreateRegion"", ""CreateTrigger"", ""DisableTrigger"", ""Player"", ""RegionAddRect"", ""TriggerAddAction"", ""TriggerAddCondition"", ""TriggerRegisterEnterRegion"", ""TriggerRegisterPlayerUnitEvent""]","[""FT"", ""GT"", ""KT"", ""fT"", ""gT"", ""jT"", ""kT"", ""mT""]",11
PT,10048,10050,"[""A0OS"", ""A0OU""]","[""GetSpellAbilityId""]",[],1
qT,10051,10053,"[""B037"", ""B05Y""]","[""GetTriggerUnit"", ""GetUnitAbilityLevel""]",[],1
QT,10054,10064,[],"[""DisableTrigger"", ""EnableTrigger"", ""GetHandleId"", ""GetTriggerUnit"", ""GetTriggeringTrigger"", ""GetWidgetLife"", ""IssueTargetOrderById"", ""LoadUnitHandle"", ""StringHash""]",[],2
ST,10065,10074,"[""B02O"", ""B037"", ""B05Y"", ""BPSE""]","[""GetFilterUnit"", ""GetUnitAbilityLevel"", ""IsUnitPaused""]",[],2
tT,10075,10084,[],"[""DestroyTrigger"", ""GetExpiredTimer"", ""GetHandleId"", ""LoadTriggerHandle"", ""TriggerClearActions"", ""tK""]",[],1
TT,10085,10094,[],"[""DestroyTrigger"", ""GetExpiredTimer"", ""GetHandleId"", ""LoadTriggerHandle"", ""TriggerClearActions"", ""tK""]",[],1
UT,10095,10107,"[""B037"", ""B05Y""]","[""GetExpiredTimer"", ""GetHandleId"", ""GetUnitAbilityLevel"", ""LoadUnitHandle"", ""UnitRemoveAbility"", ""tK""]",[],4
wT,10108,10186,"[""A0OS"", ""B037"", ""B03N"", ""B05Y"", ""BTLF"", ""h01O""]","[""AddSpecialEffectTarget"", ""Condition"", ""CreateGroup"", ""CreateTimer"", ""CreateTrigger"", ""CreateUnit"", ""DestroyGroup"", ""FirstOfGroup"", ""GetHandleId"", ""GetOwningPlayer"", ""GetSpellAbilityId"", ""GetSpellAbilityUnit"", ""GetUnitAbilityLevel"", ""GetUnitUserData"", ""GetUnitX"", ""GetUnitY"", ""GroupEnumUnitsInRange"", ""GroupRemoveUnit"", ""IsUnitType"", ""IssueTargetOrderById"", ""Player"", ""Rp"", ""SaveTriggerHandle"", ""SaveUnitHandle"", ""SetUnitVertexColor"", ""StringHash"", ""TimerStart"", ""TriggerAddAction"", ""TriggerAddCondition"", ""TriggerRegisterPlayerUnitEvent"", ""TriggerSleepAction"", ""UnitApplyTimedLife"", ""UnitRemoveAbility"", ""hL""]","[""QT"", ""ST"", ""TT"", ""UT"", ""qT"", ""tT""]",23
yT,10187,10197,[],"[""Condition"", ""CreateTrigger"", ""Player"", ""TriggerAddAction"", ""TriggerAddCondition"", ""TriggerRegisterPlayerUnitEvent""]","[""PT"", ""wT""]",3
YT,10198,10221,[],"[""AJ"", ""DestroyLightning"", ""GetExpiredTimer"", ""GetHandleId"", ""GetLightningColorA"", ""GetUnitX"", ""GetUnitY"", ""MoveLightningEx"", ""SetLightningColor"", ""SetTextTagVisibility"", ""XQ"", ""tP"", ""uP""]",[],5
zT,10222,10241,[],"[""AddLightningEx"", ""GetUnitX"", ""GetUnitY"", ""I2R"", ""IJ"", ""R2I"", ""SP"", ""TP"", ""TimerStart"", ""XQ""]","[""YT""]",14
ZT,10242,10264,[],"[""AddSpecialEffectTarget"", ""DestroyEffect"", ""GetOwningPlayer"", ""GetSpellAbilityUnit"", ""GetSpellTargetUnit"", ""GetUnitState"", ""SetUnitState"", ""hL"", ""zT""]",[],4
xu,10265,10270,"[""A1DZ""]","[""GetSpellAbilityId"", ""GetSpellTargetUnit"", ""OL"", ""ZT""]",[],1
ru,10271,10284,[],"[""AddSpecialEffectTarget"", ""DestroyEffect"", ""GetUnitState"", ""SetUnitState"", ""hL"", ""qM""]",[],4
iu,10285,10295,[],"[""Condition"", ""CreateTrigger"", ""Player"", ""TriggerAddCondition"", ""TriggerRegisterPlayerUnitEvent""]","[""xu""]",3
au,10296,10298,"[""n060""]","[""GetSoldUnit"", ""GetUnitTypeId""]",[],1
nu,10299,10316,[],"[""DisplayTextToPlayer"", ""GetOwningPlayer"", ""GetPlayerId"", ""GetSoldUnit"", ""xK""]",[],2
Vu,10317,10330,[],"[""Condition"", ""CreateTrigger"", ""TriggerAddAction"", ""TriggerAddCondition"", ""TriggerRegisterAnyUnitEventBJ""]","[""au"", ""nu""]",8
Eu,10331,10385,[],"[""GetPlayerName"", ""I2R""]",[],41
Ou,10386,10391,[],[],[],3
Iu,10392,10401,[],[],[],2
Nu,10402,10458,"[""HERO""]","[""GetPlayerTechMaxAllowed"", ""Iu"", ""MultiboardGetItem"", ""MultiboardReleaseItem"", ""MultiboardSetItemIcon"", ""MultiboardSetItemStyle"", ""MultiboardSetItemValue"", ""MultiboardSetTitleText"", ""Ou""]",[],18
Cu,10459,10499,[],"[""CreateMultiboard"", ""CreateTimer"", ""Eu"", ""MultiboardDisplay"", ""MultiboardGetItem"", ""MultiboardReleaseItem"", ""MultiboardSetColumnCount"", ""MultiboardSetItemIcon"", ""MultiboardSetItemStyle"", ""MultiboardSetItemValue"", ""MultiboardSetItemWidth"", ""MultiboardSetRowCount"", ""TimerStart""]","[""Nu""]",18
Du,10500,10515,[],"[""I2S"", ""MultiboardSetTitleText"", ""mL"", ""pL""]",[],3
Fu,10516,10527,[],"[""I2S"", ""ep"", ""yM""]",[],10
Gu,10528,10574,[],"[""Du"", ""Fu"", ""I2S"", ""MultiboardSetItemsValueColor"", ""ep"", ""op"", ""up"", ""yM""]",[],25
Hu,10575,10620,[],[],[],37
ju,10621,10643,[],"[""I2S""]",[],11
Ju,10644,10694,[],"[""CreateMultiboard"", ""CreateTimer"", ""ForceAddPlayer"", ""Gu"", ""Hu"", ""MultiboardDisplay"", ""MultiboardGetItem"", ""MultiboardReleaseItem"", ""MultiboardSetColumnCount"", ""MultiboardSetItemStyle"", ""MultiboardSetItemValue"", ""MultiboardSetItemWidth"", ""MultiboardSetItemsStyle"", ""MultiboardSetRowCount"", ""Player"", ""SetPlayerAllianceStateBJ"", ""TimerStart"", ""ju""]","[""Gu""]",19
Ku,10695,10718,[],"[""I2S"", ""MultiboardSetTitleText"", ""mL"", ""pL""]",[],3
lu,10719,10762,[],[],[],36
Lu,10763,10783,[],"[""I2S""]",[],11
mu,10784,10788,[],"[""DestroyTimer"", ""GetExpiredTimer"", ""MultiboardMinimize"", ""pL""]",[],0
Mu,10789,10822,[],"[""CreateMultiboard"", ""DestroyMultiboard"", ""Lu"", ""MultiboardDisplay"", ""MultiboardGetItem"", ""MultiboardReleaseItem"", ""MultiboardSetColumnCount"", ""MultiboardSetItemStyle"", ""MultiboardSetItemValue"", ""MultiboardSetItemWidth"", ""MultiboardSetItemsStyle"", ""MultiboardSetRowCount""]",[],9
Pu,10823,10925,[],"[""CreateTimer"", ""DK"", ""I2R"", ""I2S"", ""Ku"", ""Lu"", ""MultiboardGetItem"", ""MultiboardReleaseItem"", ""MultiboardSetItemStyle"", ""MultiboardSetItemValue"", ""MultiboardSetItemWidth"", ""R2SW"", ""TimerStart"", ""UnitItemInSlot"", ""VL"", ""ep"", ""op"", ""rK"", ""yM""]","[""mu""]",40
su,10926,10975,[],"[""DK"", ""ExecuteFunc"", ""I2S"", ""Ku"", ""Mu"", ""MultiboardGetColumnCount"", ""MultiboardSetItemsValueColor"", ""Pu"", ""Uk"", ""ep"", ""op"", ""yM""]",[],20
Su,10976,11008,[],"[""CreateMultiboard"", ""CreateTimer"", ""Lu"", ""MultiboardDisplay"", ""MultiboardGetItem"", ""MultiboardReleaseItem"", ""MultiboardSetColumnCount"", ""MultiboardSetItemStyle"", ""MultiboardSetItemValue"", ""MultiboardSetItemWidth"", ""MultiboardSetItemsStyle"", ""MultiboardSetRowCount"", ""TimerStart"", ""lu"", ""su""]","[""su""]",9
Tu,11009,11052,"[""I05E""]","[""GetHandleId"", ""GetItemTypeId"", ""GetManipulatedItem"", ""GetManipulatingUnit"", ""GetOwningPlayer"", ""GetTriggerEventId"", ""GetUnitState"", ""IsUnitType"", ""LoadInteger"", ""R2I"", ""SaveInteger"", ""StringHash"", ""xK"", ""zl""]",[],11
wu,11053,11085,[],"[""GetHandleId"", ""GetOwningPlayer"", ""GetTriggerUnit"", ""GetUnitState"", ""LoadInteger"", ""R2I"", ""SaveInteger"", ""StringHash"", ""xK"", ""zl""]",[],8
Wu,11086,11091,"[""A15B""]","[""GetSpellAbilityId"", ""wu""]",[],1
yu,11092,11106,[],"[""Condition"", ""CreateTrigger"", ""Player"", ""TriggerAddCondition"", ""TriggerRegisterPlayerUnitEvent""]","[""Tu"", ""Wu""]",4
Yu,11107,11116,[],"[""GetOwningPlayer"", ""GetSpellAbilityId"", ""GetTriggerUnit"", ""hK"", ""xK""]",[],1
zu,11117,11128,[],"[""GetEventDamage"", ""GetOwningPlayer"", ""GetTriggerUnit"", ""GetWidgetLife"", ""xK""]",[],0
Zu,11129,11140,[],"[""TriggerRegisterUnitEvent""]",[],2
vU,11141,11164,[],"[""DestroyTextTag"", ""DisableTrigger"", ""RemoveUnit""]",[],6
eU,11165,11168,[],"[""DisplayTimedTextToPlayer"", ""GetLocalPlayer"", ""GetUnitState"", ""SetUnitState""]",[],1
xU,11169,11309,"[""e00M"", ""n040"", ""u00E"", ""u00O""]","[""AddSpecialEffectTarget"", ""CreateTextTag"", ""CreateUnit"", ""CreateUnitAtLoc"", ""DestroyEffect"", ""DestroyTimer"", ""DisplayTimedTextToPlayer"", ""EnableTrigger"", ""GetExpiredTimer"", ""GetHeroAgi"", ""GetHeroInt"", ""GetHeroStr"", ""GetLocalPlayer"", ""GetRectCenter"", ""I2S"", ""ModuloInteger"", ""PauseTimer"", ""Player"", ""R2I"", ""SetHeroAgi"", ""SetHeroInt"", ""SetHeroStr"", ""SetTextTagPos"", ""SetTextTagText"", ""SetTextTagVisibility"", ""eU"", ""xK""]",[],64
OU,11310,11314,[],"[""CreateTimer"", ""TimerStart""]","[""xU""]",1
RU,11315,11356,[],"[""AttachSoundToUnit"", ""ClearTextMessages"", ""CreateSound"", ""DisplayTimedTextToPlayer"", ""GetEnteringUnit"", ""GetLocalPlayer"", ""GetOwningPlayer"", ""I2S"", ""KillSoundWhenDone"", ""R2I"", ""SetSoundVolume"", ""StartSound"", ""xK""]",[],16
dU,11357,11359,[],"[""GetEnteringUnit"", ""IsUnitType""]",[],0
DU,11360,11378,[],"[""GetEventDamage"", ""GetEventDamageSource"", ""GetOwningPlayer"", ""GetTriggerUnit"", ""GetUnitUserData"", ""GetWidgetLife"", ""xK""]",[],1
fU,11379,11399,[],"[""GetDyingUnit"", ""GetOwningPlayer"", ""GetUnitUserData"", ""Player"", ""R2I""]",[],9
gU,11400,11405,[],"[""GetEnteringUnit"", ""GetOwningPlayer"", ""GroupAddUnit"", ""IsUnitInGroup"", ""Player"", ""TriggerRegisterUnitEvent""]",[],0
GU,11406,11429,[],"[""Condition"", ""CreateGroup"", ""CreateRegion"", ""CreateTrigger"", ""Player"", ""RegionAddRect"", ""TriggerAddAction"", ""TriggerAddCondition"", ""TriggerRegisterEnterRegion"", ""TriggerRegisterPlayerUnitEvent"", ""vU""]","[""DU"", ""RU"", ""Yu"", ""dU"", ""fU"", ""gU"", ""zu""]",0
hU,11430,11450,"[""I0AE""]","[""GetHandleId"", ""GetItemTypeId"", ""GetOwningPlayer"", ""I2R"", ""SaveReal"", ""SetItemCharges"", ""StringHash"", ""UnitItemInSlot"", ""xK""]",[],6
HU,11451,11468,"[""A0WW""]","[""AddSpecialEffectTarget"", ""DestroyEffect"", ""GetOwningPlayer"", ""GetSpellAbilityId"", ""GetSpellAbilityUnit"", ""UnitResetCooldown"", ""hU"", ""xK""]",[],3
jU,11469,11486,[],"[""AddSpecialEffectTarget"", ""DestroyEffect"", ""GetEnumUnit"", ""GetOwningPlayer"", ""hU"", ""xK""]",[],5
JU,11487,11489,[],"[""ForGroup""]","[""jU""]",0
kU,11490,11514,[],"[""DisableTrigger"", ""EnableTrigger"", ""GetOwningPlayer"", ""GetTriggerEventId"", ""GetTriggerUnit"", ""GetUnitX"", ""GetUnitY"", ""GroupAddUnit"", ""IsTriggerEnabled"", ""IsUnitInGroup"", ""hU"", ""xK""]",[],4
KU,11515,11520,"[""I0AE""]","[""GetItemTypeId"", ""GetManipulatedItem"", ""GetManipulatingUnit"", ""IsUnitIllusion"", ""IsUnitType"", ""kU""]",[],1
kp,11521,11523,[],"[""EnableTrigger""]",[],0
lU,11524,11547,[],"[""Condition"", ""CreateGroup"", ""CreateTrigger"", ""DisableTrigger"", ""Player"", ""TriggerAddAction"", ""TriggerAddCondition"", ""TriggerRegisterPlayerUnitEvent"", ""TriggerRegisterTimerEvent""]","[""HU"", ""JU"", ""KU"", ""kU""]",7
LU,11548,11586,[],"[""CreateGroup"", ""DestroyGroup"", ""DestroyTimer"", ""FirstOfGroup"", ""FlushChildHashtable"", ""GetExpiredTimer"", ""GetHandleId"", ""GetOwningPlayer"", ""GetUnitX"", ""GetUnitY"", ""GetWidgetLife"", ""GroupEnumUnitsInRange"", ""GroupRemoveUnit"", ""IsUnitEnemy"", ""IsUnitType"", ""KillUnit"", ""LoadInteger"", ""LoadReal"", ""LoadUnitHandle"", ""PauseTimer"", ""RemoveUnit"", ""SaveInteger"", ""Uk"", ""hL""]",[],9
pU,11587,11614,"[""h060""]","[""Cm"", ""CreateTimer"", ""CreateUnit"", ""GetHandleId"", ""GetOwningPlayer"", ""GetRandomReal"", ""GetUnitX"", ""GetUnitY"", ""IsUnitType"", ""SaveInteger"", ""SaveReal"", ""SaveUnitHandle"", ""SetUnitVertexColor"", ""TimerStart"", ""qK"", ""qM""]","[""LU""]",12
sU,11615,11616,[],[],[],0
SU,11617,11654,"[""A0K4"", ""I09G""]","[""GetDyingUnit"", ""GetItemTypeId"", ""GetKillingUnit"", ""GetOwningPlayer"", ""GetUnitAbilityLevel"", ""GetUnitX"", ""GetUnitY"", ""I2S"", ""IsUnitEnemy"", ""Player"", ""SetItemCharges"", ""UnitItemInSlot"", ""ql"", ""xK""]",[],11
TU,11655,11713,"[""I09G""]","[""AddSpecialEffect"", ""CreateGroup"", ""DestroyEffect"", ""DestroyGroup"", ""FirstOfGroup"", ""GetOwningPlayer"", ""GetSpellAbilityId"", ""GetSpellAbilityUnit"", ""GetSpellTargetX"", ""GetSpellTargetY"", ""GetUnitState"", ""GetUnitX"", ""GetUnitY"", ""GroupEnumUnitsInRange"", ""GroupRemoveUnit"", ""IsUnitEnemy"", ""IsUnitInvisible"", ""IsUnitType"", ""hK"", ""hL"", ""hl"", ""rp"", ""xK""]",[],9
uU,11714,11730,"[""I09G""]","[""GetItemTypeId"", ""GetManipulatingUnit"", ""GetOwningPlayer"", ""SetItemCharges"", ""UnitItemInSlot"", ""xK""]",[],4
UU,11731,11736,"[""I09G""]","[""GetItemTypeId"", ""GetManipulatedItem"", ""GetManipulatingUnit"", ""IsUnitIllusion"", ""IsUnitType"", ""uU""]",[],1
Hp,11737,11740,[],"[""EnableTrigger""]",[],0
wU,11741,11761,[],"[""Condition"", ""CreateTrigger"", ""DisableTrigger"", ""Player"", ""TriggerAddAction"", ""TriggerAddCondition"", ""TriggerRegisterPlayerUnitEvent""]","[""SU"", ""TU"", ""UU"", ""uU""]",5
WU,11762,11794,"[""I05P""]","[""GetEnumUnit"", ""GetHandleId"", ""GetItemTypeId"", ""GetOwningPlayer"", ""GetPlayerId"", ""GetUnitX"", ""GetUnitY"", ""LoadReal"", ""R2I"", ""SaveReal"", ""SetItemCharges"", ""StringHash"", ""UnitItemInSlot"", ""hl""]",[],8
yU,11795,11797,[],"[""ForGroup""]","[""WU""]",0
YU,11798,11857,"[""A11P"", ""A11Q"", ""A11R"", ""I05P""]","[""DisableTrigger"", ""EnableTrigger"", ""GetHandleId"", ""GetItemTypeId"", ""GetOwningPlayer"", ""GetPlayerId"", ""GetTriggerEventId"", ""GetTriggerUnit"", ""GetUnitTypeId"", ""GetUnitX"", ""GetUnitY"", ""GroupAddUnit"", ""GroupRemoveUnit"", ""IsTriggerEnabled"", ""IsUnitInGroup"", ""SaveReal"", ""SetItemCharges"", ""StringHash"", ""UnitItemInSlot"", ""UnitRemoveAbility"", ""cm""]",[],24
zU,11858,11863,"[""I05P""]","[""GetItemTypeId"", ""GetManipulatedItem"", ""GetManipulatingUnit"", ""IsUnitIllusion"", ""IsUnitType"", ""YU""]",[],1
ZU,11864,11888,"[""A0I3"", ""A0IA"", ""A0K3"", ""B03V"", ""B042"", ""B043""]","[""GetExpiredTimer"", ""GetHandleId"", ""GetHeroAgi"", ""GetHeroInt"", ""GetHeroStr"", ""LoadInteger"", ""LoadUnitHandle"", ""SetHeroAgi"", ""SetHeroInt"", ""SetHeroStr"", ""UnitRemoveAbility"", ""tK""]",[],12
ew,11889,11964,"[""I05P""]","[""Cos"", ""CreateGroup"", ""Deg2Rad"", ""DestroyGroup"", ""FirstOfGroup"", ""GK"", ""GetExpiredTimer"", ""GetHandleId"", ""GetItemTypeId"", ""GetOwningPlayer"", ""GetPlayerId"", ""GetUnitFacing"", ""GetUnitState"", ""GetUnitX"", ""GetUnitY"", ""GetWidgetLife"", ""GroupEnumUnitsInRange"", ""GroupRemoveUnit"", ""IsUnitEnemy"", ""IsUnitType"", ""KillUnit"", ""LoadReal"", ""LoadStr"", ""LoadUnitHandle"", ""R2I"", ""RemoveUnit"", ""SaveReal"", ""SetItemCharges"", ""SetUnitX"", ""SetUnitY"", ""Sin"", ""StringHash"", ""UnitItemInSlot"", ""eL"", ""hL"", ""tK""]",[],23
Vw,11965,12048,"[""A0I3"", ""A0IA"", ""A0K3"", ""h01O""]","[""AddSpecialEffectTarget"", ""Atan2"", ""CreateTimer"", ""CreateUnit"", ""GetHandleId"", ""GetHeroAgi"", ""GetHeroInt"", ""GetHeroStr"", ""GetOwningPlayer"", ""GetPlayerId"", ""GetSpellTargetX"", ""GetSpellTargetY"", ""GetTriggerUnit"", ""GetUnitTypeId"", ""GetUnitX"", ""GetUnitY"", ""I2R"", ""PauseUnit"", ""R2I"", ""Rad2Deg"", ""SaveInteger"", ""SaveReal"", ""SaveStr"", ""SaveUnitHandle"", ""SetHeroAgi"", ""SetHeroInt"", ""SetHeroStr"", ""SetUnitFlyHeight"", ""SetUnitScale"", ""TimerStart"", ""UnitAddAbility"", ""cm"", ""hl""]","[""ZU"", ""ew""]",33
Ow,12049,12051,"[""A11S""]","[""GetSpellAbilityId""]",[],1
Rw,12052,12074,[],"[""Condition"", ""CreateGroup"", ""CreateTrigger"", ""DisableTrigger"", ""Player"", ""TriggerAddAction"", ""TriggerAddCondition"", ""TriggerRegisterPlayerUnitEvent"", ""TriggerRegisterTimerEvent""]","[""Ow"", ""Vw"", ""YU"", ""yU"", ""zU""]",6
Iw,12075,12077,"[""I09U""]","[""GetItemTypeId"", ""GetManipulatedItem"", ""GetTriggerUnit"", ""IsUnitType""]",[],1
Aw,12078,12088,"[""A0T7"", ""B06X""]","[""GetOwningPlayer"", ""GetTriggerEventId"", ""GetTriggerUnit"", ""UnitAddAbility"", ""UnitRemoveAbility"", ""xK""]",[],4
Nw,12089,12103,"[""A0T7"", ""I09U""]","[""DestroyTimer"", ""FlushChildHashtable"", ""GetExpiredTimer"", ""GetHandleId"", ""GetOwningPlayer"", ""LoadUnitHandle"", ""PauseTimer"", ""UnitAddAbility"", ""rp"", ""xK""]",[],4
bw,12104,12124,"[""A0T7"", ""B06X"", ""I09U""]","[""CreateTimer"", ""GetHandleId"", ""GetOwningPlayer"", ""GetSpellAbilityUnit"", ""GetSpellTargetUnit"", ""GetUnitAbilityLevel"", ""SaveUnitHandle"", ""TimerStart"", ""UnitRemoveAbility"", ""rp"", ""xK""]","[""Nw""]",7
Bw,12125,12142,[],"[""Condition"", ""CreateTrigger"", ""Player"", ""TriggerAddAction"", ""TriggerAddCondition"", ""TriggerRegisterPlayerUnitEvent""]","[""Aw"", ""Iw"", ""bw""]",4
Cw,12143,12152,"[""B06H""]","[""GetEventDamage"", ""GetTriggerUnit"", ""GetUnitAbilityLevel"", ""GetWidgetLife"", ""SetWidgetLife""]",[],1
dw,12153,12200,"[""A0K4"", ""B06H""]","[""AddSpecialEffect"", ""AddSpecialEffectTarget"", ""CreateGroup"", ""DestroyEffect"", ""DestroyGroup"", ""FirstOfGroup"", ""GetExpiredTimer"", ""GetHandleId"", ""GetOwningPlayer"", ""GetUnitAbilityLevel"", ""GetUnitX"", ""GetUnitY"", ""GetWidgetLife"", ""Gl"", ""GroupEnumUnitsInRange"", ""GroupRemoveUnit"", ""IsUnitEnemy"", ""IsUnitType"", ""LoadGroupHandle"", ""LoadInteger"", ""LoadUnitHandle"", ""SaveInteger"", ""hL"", ""tK""]",[],8
Hw,12201,12222,"[""B06H""]","[""DestroyGroup"", ""DestroyTrigger"", ""FirstOfGroup"", ""GetExpiredTimer"", ""GetHandleId"", ""Gl"", ""GroupRemoveUnit"", ""LoadGroupHandle"", ""LoadTriggerHandle"", ""UnitRemoveAbility"", ""ap"", ""tK""]",[],3
jw,12223,12273,"[""A0K4"", ""A19J"", ""I096""]","[""Condition"", ""CreateGroup"", ""CreateTimer"", ""CreateTrigger"", ""DestroyGroup"", ""FirstOfGroup"", ""GetHandleId"", ""GetOwningPlayer"", ""GetSpellAbilityUnit"", ""GetSpellTargetX"", ""GetSpellTargetY"", ""GetUnitAbilityLevel"", ""GetWidgetLife"", ""Gl"", ""GroupAddUnit"", ""GroupEnumUnitsInRange"", ""GroupRemoveUnit"", ""IsUnitAlly"", ""IsUnitInGroup"", ""IsUnitType"", ""Rp"", ""SaveGroupHandle"", ""SaveInteger"", ""SaveTriggerHandle"", ""SaveUnitHandle"", ""TimerStart"", ""TriggerAddCondition"", ""TriggerRegisterUnitEvent"", ""tM""]","[""Cw"", ""Hw"", ""dw""]",12
Lw,12274,12279,"[""A0C5""]","[""GetSpellAbilityId"", ""jw""]",[],1
mw,12280,12290,[],"[""Condition"", ""CreateTrigger"", ""Player"", ""TriggerAddCondition"", ""TriggerRegisterPlayerUnitEvent""]","[""Lw""]",3
Mw,12291,12325,[],"[""Atan2"", ""Cos"", ""DestroyTimer"", ""FlushChildHashtable"", ""GetExpiredTimer"", ""GetHandleId"", ""GetUnitX"", ""GetUnitY"", ""KillUnit"", ""LoadReal"", ""LoadUnitHandle"", ""PauseTimer"", ""RemoveUnit"", ""SaveReal"", ""SetUnitFlyHeight"", ""SetUnitX"", ""SetUnitY"", ""Sin"", ""SquareRoot"", ""hL""]",[],19
pw,12326,12370,"[""h037""]","[""Atan2"", ""Cm"", ""CreateTimer"", ""CreateUnit"", ""DestroyTimer"", ""FlushChildHashtable"", ""GetExpiredTimer"", ""GetHandleId"", ""GetOwningPlayer"", ""GetUnitX"", ""GetUnitY"", ""LoadInteger"", ""LoadUnitHandle"", ""PauseTimer"", ""SaveInteger"", ""SaveReal"", ""SaveUnitHandle"", ""TimerStart""]","[""Mw""]",20
Pw,12371,12422,"[""Arav""]","[""Cos"", ""CreateTimer"", ""DestroyTimer"", ""FlushChildHashtable"", ""GK"", ""GetExpiredTimer"", ""GetHandleId"", ""IsUnitType"", ""LoadReal"", ""LoadUnitHandle"", ""PauseTimer"", ""SaveInteger"", ""SaveReal"", ""SaveUnitHandle"", ""SetUnitPathing"", ""SetUnitX"", ""SetUnitY"", ""Sin"", ""TimerStart"", ""UnitRemoveAbility"", ""eL""]","[""pw""]",18
Tw,12423,12459,"[""Arav""]","[""Atan2"", ""CreateTimer"", ""GetHandleId"", ""GetOwningPlayer"", ""GetSpellAbilityUnit"", ""GetSpellTargetUnit"", ""GetUnitUserData"", ""GetUnitX"", ""GetUnitY"", ""SaveReal"", ""SaveUnitHandle"", ""SetPlayerAbilityAvailable"", ""SetUnitPathing"", ""SquareRoot"", ""TimerStart"", ""UnitAddAbility""]","[""Pw""]",14
uw,12460,12465,"[""A104""]","[""GetSpellAbilityId"", ""GetSpellTargetUnit"", ""OL"", ""Tw""]",[],1
Uw,12466,12501,[],"[""AddSpecialEffectTarget"", ""Atan2"", ""Cos"", ""DestroyEffect"", ""DestroyTimer"", ""FlushChildHashtable"", ""GetExpiredTimer"", ""GetHandleId"", ""GetUnitX"", ""GetUnitY"", ""LoadReal"", ""LoadUnitHandle"", ""PauseTimer"", ""SaveReal"", ""SetUnitPathing"", ""SetUnitPosition"", ""Sin"", ""eL""]",[],10
Ww,12502,12514,[],"[""CreateTimer"", ""GetHandleId"", ""GetUnitX"", ""GetUnitY"", ""SaveReal"", ""SaveUnitHandle"", ""SetUnitPathing"", ""TimerStart""]","[""Uw""]",7
yw,12515,12546,"[""A0K4"", ""I09O"", ""I09P""]","[""GetItemTypeId"", ""GetRandomInt"", ""GetUnitAbilityLevel"", ""GetUnitUserData"", ""IsUnitPaused"", ""IsUnitType"", ""UnitItemInSlot"", ""Ww"", ""hL""]",[],20
Yw,12547,12557,[],"[""Condition"", ""CreateTrigger"", ""Player"", ""TriggerAddCondition"", ""TriggerRegisterPlayerUnitEvent""]","[""uw""]",3
zw,12558,12588,"[""A0YN"", ""B083""]","[""DisableTrigger"", ""FlushChildHashtable"", ""GetExpiredTimer"", ""GetHandleId"", ""GetOwningPlayer"", ""GetUnitAbilityLevel"", ""GetWidgetLife"", ""IsUnitEnemy"", ""LoadReal"", ""LoadTriggerHandle"", ""LoadUnitHandle"", ""SaveReal"", ""UnitRemoveAbility"", ""hL"", ""tK""]",[],11
Zw,12589,12620,"[""A0YN"", ""B083""]","[""CreateTimer"", ""DisableTrigger"", ""FlushChildHashtable"", ""GetEventDamage"", ""GetEventDamageSource"", ""GetHandleId"", ""GetTriggerEventId"", ""GetTriggerUnit"", ""GetTriggeringTrigger"", ""IsUnitType"", ""LoadReal"", ""LoadUnitHandle"", ""SaveReal"", ""SaveTriggerHandle"", ""SaveUnitHandle"", ""TimerStart"", ""UnitRemoveAbility""]","[""zw""]",10
vW,12621,12652,"[""A0YN"", ""I05D""]","[""Condition"", ""CreateTrigger"", ""GetHandleId"", ""GetItemCharges"", ""GetItemTypeId"", ""GetSpellAbilityUnit"", ""GetUnitX"", ""GetUnitY"", ""I2S"", ""R2I"", ""SaveReal"", ""SaveUnitHandle"", ""SetItemCharges"", ""TriggerAddCondition"", ""TriggerRegisterTimerEvent"", ""TriggerRegisterUnitEvent"", ""UnitAddAbility"", ""UnitItemInSlot"", ""ql""]","[""Zw""]",12
eW,12653,12671,"[""A0YK"", ""I05D""]","[""GetItemCharges"", ""GetItemTypeId"", ""GetSpellAbilityId"", ""GetSpellAbilityUnit"", ""SetItemCharges"", ""UnitItemInSlot"", ""hK"", ""vW""]",[],6
xW,12672,12681,[],"[""Condition"", ""CreateTrigger"", ""Player"", ""TriggerAddCondition"", ""TriggerRegisterPlayerUnitEvent""]","[""eW""]",3
oW,12682,12697,"[""A14M"", ""A14N"", ""B09W""]","[""GetExpiredTimer"", ""GetHandleId"", ""LoadInteger"", ""LoadUnitHandle"", ""SaveInteger"", ""StringHash"", ""Uk"", ""UnitRemoveAbility"", ""tK""]",[],6
rW,12698,12718,"[""A14M"", ""A14N""]","[""CreateTimer"", ""GetHandleId"", ""GetUnitAbilityLevel"", ""LoadInteger"", ""SaveInteger"", ""SaveUnitHandle"", ""SetUnitAbilityLevel"", ""StringHash"", ""TimerStart"", ""UnitAddAbility""]","[""oW""]",11
iW,12719,12754,[],"[""CreateGroup"", ""DestroyGroup"", ""FirstOfGroup"", ""GetExpiredTimer"", ""GetHandleId"", ""GetOwningPlayer"", ""GetUnitState"", ""GetUnitX"", ""GetUnitY"", ""GroupAddUnit"", ""GroupEnumUnitsInRange"", ""GroupRemoveUnit"", ""IsUnitEnemy"", ""IsUnitInGroup"", ""IsUnitType"", ""IsUnitVisible"", ""LoadGroupHandle"", ""LoadReal"", ""LoadUnitHandle"", ""SaveReal"", ""rW"", ""tK""]",[],7
aW,12755,12768,[],"[""CreateGroup"", ""CreateTimer"", ""GetHandleId"", ""GetSpellAbilityUnit"", ""SaveGroupHandle"", ""SaveReal"", ""SaveUnitHandle"", ""TimerStart""]","[""iW""]",5
nW,12769,12774,"[""A01X""]","[""GetSpellAbilityId"", ""aW""]",[],1
VW,12775,12777,[],"[""rW""]",[],0
EW,12778,12790,"[""A14M"", ""A14N""]","[""Condition"", ""CreateTrigger"", ""Nl"", ""Player"", ""TriggerAddCondition"", ""TriggerRegisterPlayerUnitEvent""]","[""nW""]",5
XW,12791,12795,[],"[""TriggerRegisterUnitEvent""]",[],0
OW,12796,12800,[],"[""CreateUnit"", ""XW""]",[],0
IW,12801,12803,[],"[""GetSummonedUnit"", ""XW""]",[],0
AW,12804,12813,[],"[""Cos"", ""CreateTextTag"", ""I2R"", ""SetTextTagFadepoint"", ""SetTextTagLifespan"", ""SetTextTagPermanent"", ""SetTextTagPosUnit"", ""SetTextTagText"", ""SetTextTagVelocity"", ""Sin""]",[],4
DW,12814,12915,"[""A1DV"", ""B061"", ""B062"", ""I013"", ""I025"", ""I02L"", ""I04F"", ""I050"", ""I064"", ""I070"", ""I07C"", ""I07U"", ""I07Y"", ""I085"", ""I088"", ""I08F"", ""I08I"", ""I09O"", ""I09P"", ""I0A3"", ""I0A7"", ""I0AL""]","[""AW"", ""Bt"", ""GetEventDamage"", ""GetEventDamageSource"", ""GetLocalPlayer"", ""GetOwningPlayer"", ""GetPlayerController"", ""GetPlayerSlotState"", ""GetTriggerUnit"", ""GetUnitAbilityLevel"", ""I2S"", ""IsUnitEnemy"", ""IsUnitIllusion"", ""IsUnitVisible"", ""Lt"", ""Mq"", ""Ot"", ""Player"", ""R2I"", ""SQ"", ""SetTextTagVisibility"", ""UnitRemoveAbility"", ""VW"", ""Xs"", ""YS"", ""Zt"", ""ds"", ""eq"", ""gk"", ""kQ"", ""pU"", ""rp"", ""ru"", ""xQ"", ""yw""]",[],35
GW,12916,12927,[],"[""DisplayTextToPlayer"", ""GetPlayerId"", ""GetTriggerPlayer""]",[],2
hW,12928,12949,[],"[""CreateTrigger"", ""Player"", ""TriggerAddAction"", ""TriggerRegisterPlayerChatEvent"", ""TriggerRegisterPlayerUnitEvent""]","[""DW"", ""GW"", ""IW""]",9
jW,12950,13001,[],"[""Cm"", ""GetHandleId"", ""LoadInteger"", ""R2I"", ""SaveBoolean"", ""SaveInteger"", ""StringHash"", ""UL"", ""uL"", ""yP""]",[],17
mW,13002,13004,"[""I082"", ""I083""]","[""GetItemTypeId"", ""GetManipulatedItem"", ""GetTriggerUnit"", ""IsUnitType""]",[],1
MW,13005,13035,"[""I082"", ""I083""]","[""DisableTrigger"", ""EnableTrigger"", ""GetHandleId"", ""GetManipulatedItem"", ""GetOwningPlayer"", ""GetPlayerId"", ""GetTriggerUnit"", ""LoadInteger"", ""RemoveItem"", ""SaveInteger"", ""StringHash"", ""UL"", ""UM"", ""UnitAddItemToSlotById"", ""uL""]",[],7
PW,13036,13038,"[""I082"", ""I083""]","[""GetItemTypeId"", ""GetManipulatedItem"", ""GetTriggerUnit"", ""IsUnitType""]",[],1
qW,13039,13074,"[""I083""]","[""DisableTrigger"", ""EnableTrigger"", ""GetHandleId"", ""GetItemTypeId"", ""GetManipulatedItem"", ""GetOwningPlayer"", ""GetPlayerId"", ""GetTriggerEventId"", ""GetTriggerUnit"", ""IsTriggerEnabled"", ""LoadInteger"", ""SaveInteger"", ""StringHash"", ""UL"", ""uL""]",[],10
QW,13075,13096,[],"[""Condition"", ""CreateTrigger"", ""DisableTrigger"", ""Player"", ""TriggerAddAction"", ""TriggerAddCondition"", ""TriggerRegisterPlayerUnitEvent"", ""TriggerRegisterTimerEvent""]","[""MW"", ""PW"", ""jW"", ""mW"", ""qW""]",6
sW,13097,13105,[],"[""PauseUnit""]",[],3
Go,13106,13114,[],"[""PauseUnit""]",[],3
SW,13115,13363,"[""E000"", ""E002"", ""E003"", ""E004"", ""E005"", ""E006"", ""E007"", ""E00B"", ""E00C"", ""E00D"", ""E00F"", ""E00L"", ""E00Q"", ""E00R"", ""E00S"", ""E00T"", ""E00V"", ""E00W"", ""E00X"", ""E00Y"", ""E012"", ""H000"", ""H001"", ""H002"", ""H003"", ""H005"", ""H006"", ""H007"", ""H008"", ""H00A"", ""H00B"", ""H00F"", ""H00M"", ""H00R"", ""H00U"", ""H00X"", ""H00Z"", ""H013"", ""H017"", ""H018"", ""H01D"", ""H01I"", ""H01R"", ""H01T"", ""H01V"", ""H01W"", ""H01Z"", ""H020"", ""H024"", ""H02A"", ""H02E"", ""H02F"", ""H02Y"", ""H03V"", ""H04G"", ""H05C"", ""N00H"", ""N00T"", ""N00U"", ""N018"", ""N01I"", ""N02G"", ""N03Y"", ""N03Z"", ""N06Y"", ""N09Z"", ""N0A0"", ""N0A3"", ""N0A4"", ""N0AB"", ""N0AI"", ""O000"", ""O001"", ""O002"", ""O003"", ""O004"", ""O005"", ""O00B"", ""O00G"", ""O00H"", ""O00M"", ""O00N"", ""O00R"", ""U000"", ""U002"", ""U005"", ""U00A"", ""U00B"", ""U00C"", ""U00D"", ""U00F"", ""U00K"", ""U00Q"", ""U00R"", ""U00S"", ""U00V""]","[""EnableTrigger"", ""ExecuteFunc"", ""GetHandleId"", ""GetUnitTypeId"", ""LoadBoolean"", ""SaveBoolean"", ""SaveReal"", ""SaveUnitHandle"", ""SetUnitAnimationByIndex"", ""StringHash"", ""zk""]",[],126
hz,13364,13375,[],"[""RemoveDestructable""]",[],3
Hz,13376,13384,[],"[""DisableTrigger"", ""RemoveUnit""]",[],4
jz,13385,13389,"[""h031""]","[""CreateUnit"", ""EnableTrigger"", ""Player""]",[],2
Jz,13390,13411,"[""I0AE""]","[""GetHandleId"", ""GetItemTypeId"", ""I2S"", ""LoadItemHandle"", ""SaveItemHandle"", ""StringHash"", ""UnitAddItem"", ""UnitDropItemSlot"", ""UnitItemInSlot"", ""UnitResetCooldown""]",[],9
kz,13412,13420,[],"[""Player"", ""SetPlayerState""]",[],3
Kz,13421,13423,"[""e00M"", ""e00O"", ""e00P"", ""h00G"", ""h015"", ""h01H"", ""h01O"", ""h046"", ""h04J"", ""n02X"", ""n02Y"", ""n02Z"", ""n03W"", ""u00M""]","[""GetUnitTypeId""]",[],1
Lz,13424,13432,[],"[""Player"", ""TriggerRegisterPlayerUnitEvent""]",[],3
DT,13433,13435,[],"[""DisableTrigger""]",[],0
Pz,13436,13444,[],"[""DT"", ""FlushChildHashtable"", ""GetHandleId"", ""GetTriggeringTrigger"", ""LoadInteger"", ""LoadUnitHandle"", ""SaveInteger""]",[],1
TS,13445,13453,[],"[""Condition"", ""CreateTrigger"", ""GetHandleId"", ""SaveInteger"", ""SaveUnitHandle"", ""TriggerAddCondition"", ""TriggerRegisterTimerEvent""]","[""Pz""]",3
Qz,13454,13464,[],"[""DestroyTrigger"", ""HaveSavedHandle"", ""LoadTriggerActionHandle"", ""LoadTriggerHandle"", ""RemoveSavedHandle"", ""TriggerRemoveAction""]",[],5
sz,13465,13478,[],[],[],5
Sz,13479,13490,[],"[""GetPlayerController""]",[],4
tz,13491,13505,"[""A0K4""]","[""FirstOfGroup"", ""GetOwningPlayer"", ""GetUnitAbilityLevel"", ""GetUnitX"", ""GetUnitY"", ""GetWidgetLife"", ""GroupClear"", ""GroupEnumUnitsInRange"", ""GroupRemoveUnit"", ""IsUnitEnemy""]",[],3
Tz,13506,13523,"[""A0K4""]","[""FirstOfGroup"", ""GetOwningPlayer"", ""GetUnitAbilityLevel"", ""GetUnitState"", ""GetUnitX"", ""GetUnitY"", ""GetWidgetLife"", ""GroupClear"", ""GroupEnumUnitsInRange"", ""GroupRemoveUnit"", ""IsUnitEnemy""]",[],1
uz,13524,13539,"[""A0K4""]","[""Cos"", ""Deg2Rad"", ""FirstOfGroup"", ""GetOwningPlayer"", ""GetUnitAbilityLevel"", ""GetUnitFacing"", ""GetUnitX"", ""GetUnitY"", ""GetWidgetLife"", ""GroupClear"", ""GroupEnumUnitsInRange"", ""GroupRemoveUnit"", ""IssuePointOrderById"", ""Sin""]",[],5
Uz,13540,13557,"[""A0K4""]","[""FirstOfGroup"", ""GetOwningPlayer"", ""GetUnitAbilityLevel"", ""GetUnitState"", ""GetUnitX"", ""GetUnitY"", ""GetWidgetLife"", ""GroupClear"", ""GroupEnumUnitsInRange"", ""GroupRemoveUnit"", ""IsUnitAlly""]",[],1
wz,13558,13575,"[""A0K4""]","[""FirstOfGroup"", ""GetOwningPlayer"", ""GetUnitAbilityLevel"", ""GetUnitState"", ""GetUnitX"", ""GetUnitY"", ""GetWidgetLife"", ""GroupClear"", ""GroupEnumUnitsInRange"", ""GroupRemoveUnit"", ""IsUnitAlly"", ""IsUnitType""]",[],1
Wz,13576,13587,[],"[""GetItemTypeId"", ""UnitItemInSlot""]",[],6
yz,13588,13598,[],"[""GetItemCharges"", ""GetItemTypeId"", ""UnitItemInSlot""]",[],4
Yz,13599,13615,"[""A1BX"", ""A1BY"", ""A1BZ"", ""A1C0"", ""A1CB""]","[""GetHeroLevel"", ""SelectHeroSkill""]",[],10
Zz,13616,14388,"[""A000"", ""A001"", ""A002"", ""A004"", ""A008"", ""A009"", ""A01G"", ""A01J"", ""A01Q"", ""A01T"", ""A01V"", ""A01W"", ""A01Z"", ""A020"", ""A021"", ""A022"", ""A023"", ""A024"", ""A025"", ""A026"", ""A02A"", ""A02B"", ""A02C"", ""A02D"", ""A02I"", ""A02K"", ""A02L"", ""A02M"", ""A02N"", ""A02O"", ""A02P"", ""A02S"", ""A02T"", ""A02U"", ""A02W"", ""A02Z"", ""A031"", ""A032"", ""A033"", ""A034"", ""A035"", ""A036"", ""A038"", ""A039"", ""A03A"", ""A03B"", ""A03C"", ""A03D"", ""A03M"", ""A03N"", ""A03P"", ""A03Q"", ""A03S"", ""A03T"", ""A03X"", ""A03Y"", ""A040"", ""A044"", ""A04A"", ""A04B"", ""A04G"", ""A04H"", ""A04J"", ""A04K"", ""A04N"", ""A04O"", ""A04Q"", ""A04R"", ""A054"", ""A05D"", ""A05E"", ""A05F"", ""A05G"", ""A05H"", ""A05J"", ""A05K"", ""A05M"", ""A05N"", ""A05U"", ""A05W"", ""A06A"", ""A06B"", ""A06C"", ""A06D"", ""A06I"", ""A06Q"", ""A06S"", ""A06T"", ""A070"", ""A07C"", ""A07H"", ""A07J"", ""A07L"", ""A08G"", ""A08H"", ""A08I"", ""A08N"", ""A08Q"", ""A08R"", ""A08W"", ""A08X"", ""A08Z"", ""A090"", ""A093"", ""A09G"", ""A09O"", ""A09R"", ""A09Y"", ""A0A3"", ""A0A4"", ""A0A5"", ""A0AC"", ""A0AE"", ""A0AF"", ""A0AH"", ""A0AL"", ""A0AO"", ""A0AS"", ""A0AT"", ""A0BB"", ""A0BE"", ""A0BH"", ""A0BR"", ""A0CG"", ""A0CO"", ""A0D0"", ""A0D7"", ""A0D9"", ""A0DB"", ""A0DG"", ""A0DM"", ""A0DY"", ""A0E1"", ""A0E6"", ""A0EF"", ""A0EG"", ""A0EH"", ""A0EP"", ""A0EQ"", ""A0F2"", ""A0FA"", ""A0FE"", ""A0FU"", ""A0G1"", ""A0G2"", ""A0G4"", ""A0G8"", ""A0GC"", ""A0GD"", ""A0GE"", ""A0GF"", ""A0GG"", ""A0GP"", ""A0HM"", ""A0HN"", ""A0HV"", ""A0HW"", ""A0HY"", ""A0I2"", ""A0I5"", ""A0IC"", ""A0IJ"", ""A0IK"", ""A0IM"", ""A0IP"", ""A0IQ"", ""A0IS"", ""A0IU"", ""A0IX"", ""A0IY"", ""A0J6"", ""A0JI"", ""A0JL"", ""A0JV"", ""A0JX"", ""A0K1"", ""A0KA"", ""A0KK"", ""A0L0"", ""A0L9"", ""A0LB"", ""A0LC"", ""A0LD"", ""A0LI"", ""A0LS"", ""A0LT"", ""A0LV"", ""A0LX"", ""A0LY"", ""A0M5"", ""A0MF"", ""A0MI"", ""A0MM"", ""A0MN"", ""A0MO"", ""A0MP"", ""A0MR"", ""A0MS"", ""A0MW"", ""A0MX"", ""A0MY"", ""A0MZ"", ""A0N1"", ""A0N3"", ""A0N7"", ""A0NE"", ""A0NG"", ""A0NO"", ""A0NQ"", ""A0NR"", ""A0NT"", ""A0NU"", ""A0NW"", ""A0NY"", ""A0NZ"", ""A0O0"", ""A0O2"", ""A0O3"", ""A0O4"", ""A0OB"", ""A0OD"", ""A0OI"", ""A0OM"", ""A0OY"", ""A0OZ"", ""A0P3"", ""A0P4"", ""A0P7"", ""A0P9"", ""A0PA"", ""A0PJ"", ""A0PM"", ""A0PP"", ""A0PQ"", ""A0PR"", ""A0PS"", ""A0PX"", ""A0PY"", ""A0PZ"", ""A0Q0"", ""A0Q6"", ""A0Q7"", ""A0Q8"", ""A0QA"", ""A0QC"", ""A0QG"", ""A0QJ"", ""A0QL"", ""A0RJ"", ""A0RK"", ""A0RL"", ""A0S0"", ""A0S1"", ""A0S2"", ""A0SD"", ""A0SE"", ""A0SF"", ""A0SJ"", ""A0SL"", ""A0SM"", ""A0SP"", ""A0SR"", ""A0SS"", ""A0TP"", ""A0TZ"", ""A0U1"", ""A0U3"", ""A0U4"", ""A0U5"", ""A0UG"", ""A0UI"", ""A0UR"", ""A0US"", ""A0UW"", ""A0V1"", ""A0VB"", ""A0VC"", ""A0VH"", ""A0VW"", ""A0VZ"", ""A0W0"", ""A0W1"", ""A0W4"", ""A0W5"", ""A0W9"", ""A0WB"", ""A0WM"", ""A0WT"", ""A0WU"", ""A0XE"", ""A0XI"", ""A0XJ"", ""A0XK"", ""A0XL"", ""A0XM"", ""A0XN"", ""A0XR"", ""A0XS"", ""A0XT"", ""A0XV"", ""A0Y5"", ""A0Y8"", ""A0YC"", ""A0YQ"", ""A0YS"", ""A0YT"", ""A0YV"", ""A0YX"", ""A0YY"", ""A0YZ"", ""A0ZO"", ""A0ZP"", ""A0ZQ"", ""A0ZV"", ""A102"", ""A105"", ""A106"", ""A107"", ""A108"", ""A10L"", ""A10U"", ""A10V"", ""A10W"", ""A10X"", ""A10Z"", ""A114"", ""A115"", ""A116"", ""A117"", ""A118"", ""A12C"", ""A12D"", ""A12E"", ""A12F"", ""A13C"", ""A13D"", ""A13E"", ""A13F"", ""A13H"", ""A13I"", ""A13J"", ""A13M"", ""A13N"", ""A13R"", ""A13U"", ""A13V"", ""A13Z"", ""A141"", ""A142"", ""A143"", ""A144"", ""A145"", ""A14Q"", ""A14R"", ""A14S"", ""A14T"", ""A14X"", ""A14Y"", ""A14Z"", ""A150"", ""A151"", ""A152"", ""A15C"", ""A15W"", ""A15X"", ""A16A"", ""A16B"", ""A16D"", ""A16E"", ""A16F"", ""A16G"", ""A16V"", ""A16W"", ""A16X"", ""A170"", ""A171"", ""A172"", ""A173"", ""A174"", ""A175"", ""A176"", ""A177"", ""A178"", ""A17D"", ""A17E"", ""A17P"", ""A17Q"", ""A17R"", ""A17Z"", ""A180"", ""A181"", ""A182"", ""A18A"", ""A18B"", ""A18C"", ""A18D"", ""A18G"", ""A18R"", ""A18S"", ""A18T"", ""A18U"", ""A191"", ""A194"", ""A195"", ""A196"", ""A199"", ""A19A"", ""A19B"", ""A19F"", ""A19G"", ""A19Y"", ""A19Z"", ""A1A0"", ""A1A1"", ""A1A6"", ""A1AE"", ""A1AP"", ""A1AQ"", ""A1AR"", ""A1AS"", ""A1B3"", ""A1B4"", ""A1B5"", ""A1B6"", ""A1B9"", ""A1BA"", ""A1BC"", ""A1BD"", ""A1BE"", ""A1BF"", ""A1BG"", ""A1BH"", ""A1BN"", ""A1BO"", ""A1BV"", ""A1BW"", ""A1CN"", ""A1E1"", ""A1E5"", ""A1E6"", ""A1EA"", ""A1EB"", ""E000"", ""E001"", ""E002"", ""E003"", ""E004"", ""E005"", ""E006"", ""E007"", ""E00B"", ""E00C"", ""E00D"", ""E00F"", ""E00L"", ""E00Q"", ""E00R"", ""E00S"", ""E00T"", ""E00V"", ""E00W"", ""E00X"", ""E00Y"", ""E012"", ""H000"", ""H001"", ""H002"", ""H003"", ""H005"", ""H006"", ""H007"", ""H008"", ""H00A"", ""H00B"", ""H00F"", ""H00M"", ""H00R"", ""H00U"", ""H00X"", ""H00Z"", ""H013"", ""H017"", ""H018"", ""H01D"", ""H01I"", ""H01R"", ""H01T"", ""H01V"", ""H01W"", ""H01Z"", ""H020"", ""H024"", ""H02A"", ""H02E"", ""H02F"", ""H02Y"", ""H03V"", ""H04G"", ""H050"", ""H05C"", ""H05G"", ""N00H"", ""N00T"", ""N00U"", ""N018"", ""N01I"", ""N02E"", ""N02G"", ""N03Y"", ""N03Z"", ""N06Y"", ""N09Z"", ""N0A0"", ""N0A3"", ""N0A4"", ""N0AB"", ""N0AI"", ""O000"", ""O001"", ""O002"", ""O003"", ""O004"", ""O005"", ""O00B"", ""O00G"", ""O00H"", ""O00M"", ""O00N"", ""O00R"", ""U000"", ""U002"", ""U005"", ""U00A"", ""U00B"", ""U00C"", ""U00D"", ""U00F"", ""U00J"", ""U00K"", ""U00Q"", ""U00R"", ""U00S"", ""U00V""]","[""GetHeroLevel"", ""GetUnitTypeId"", ""SelectHeroSkill"", ""Yz""]",[],659
eZ,14389,14395,[],"[""GetPlayerController""]",[],0
xZ,14396,14402,[],"[""GetPlayerController"", ""GetPlayerSlotState""]",[],0
oZ,14403,14419,"[""Abun""]","[""UnitAddAbility"", ""UnitRemoveAbility"", ""xK"", ""xZ""]",[],2
iZ,14420,14440,[],"[""GetOwningPlayer"", ""GetRandomInt"", ""Uk"", ""sl"", ""xZ""]",[],6
aZ,14441,14453,[],"[""eZ""]",[],6
nZ,14454,14469,"[""A1E2"", ""A1E9"", ""B0CV""]","[""FlushChildHashtable"", ""GetExpiredTimer"", ""GetHandleId"", ""GetWidgetLife"", ""LoadReal"", ""LoadUnitHandle"", ""SaveReal"", ""UnitRemoveAbility"", ""tK""]",[],7
EZ,14470,14492,"[""A1E2"", ""A1E9""]","[""CreateTimer"", ""GetHandleId"", ""GetWidgetLife"", ""HaveSavedHandle"", ""IsUnitType"", ""LoadTimerHandle"", ""SaveReal"", ""SaveTimerHandle"", ""SaveUnitHandle"", ""SetUnitAbilityLevel"", ""TimerStart"", ""UnitAddAbility""]","[""nZ""]",11
OZ,14493,14498,[],"[""DestroyTimer"", ""GetExpiredTimer""]",[],0
RZ,14499,14518,"[""A0QR"", ""h011""]","[""CreateUnit"", ""GetExpiredTimer"", ""GetHandleId"", ""GetOwningPlayer"", ""IssuePointOrderById"", ""KillUnit"", ""LoadReal"", ""LoadUnitHandle"", ""RemoveUnit"", ""UnitAddAbility"", ""ZK"", ""tK""]",[],8
IZ,14519,14535,"[""h02R""]","[""CreateTimer"", ""CreateUnit"", ""GetHandleId"", ""Player"", ""SaveReal"", ""SaveUnitHandle"", ""TimerStart""]","[""RZ""]",6
AZ,14536,14583,"[""AB00"", ""Arav"", ""B090""]","[""GetExpiredTimer"", ""GetHandleId"", ""LoadBoolean"", ""LoadReal"", ""LoadUnitHandle"", ""PauseUnit"", ""SaveBoolean"", ""SaveReal"", ""SetUnitFlyHeight"", ""SetUnitPathing"", ""StringHash"", ""UnitRemoveAbility"", ""hL"", ""tK""]",[],25
NZ,14584,14603,"[""AB00"", ""Arav""]","[""CreateTimer"", ""GetHandleId"", ""GetOwningPlayer"", ""GetUnitUserData"", ""PauseUnit"", ""SaveBoolean"", ""SaveReal"", ""SaveUnitHandle"", ""SetPlayerAbilityAvailable"", ""TimerStart"", ""UnitAddAbility""]","[""AZ""]",9
bZ,14604,14624,"[""n062""]","[""Cos"", ""CreateUnit"", ""GetHandleId"", ""I2S"", ""PauseUnit"", ""Player"", ""SaveUnitHandle"", ""SetUnitAnimation"", ""Sin"", ""StringHash""]",[],8
BZ,14625,14638,[],"[""GetHandleId"", ""I2S"", ""KillUnit"", ""LoadUnitHandle"", ""RemoveUnit"", ""StringHash""]",[],3
CZ,14639,14682,"[""A0WX"", ""Arav"", ""h011""]","[""CreateUnit"", ""GetExpiredTimer"", ""GetHandleId"", ""GetOwningPlayer"", ""GetUnitX"", ""GetUnitY"", ""GetWidgetLife"", ""IssueTargetOrderById"", ""LoadBoolean"", ""LoadInteger"", ""LoadReal"", ""LoadUnitHandle"", ""PauseUnit"", ""SaveBoolean"", ""SaveReal"", ""SetUnitAbilityLevel"", ""SetUnitFlyHeight"", ""SetUnitPathing"", ""UnitAddAbility"", ""UnitRemoveAbility"", ""ZK"", ""hL"", ""tK""]",[],22
dZ,14683,14698,"[""Arav""]","[""AddSpecialEffect"", ""CreateTimer"", ""DestroyEffect"", ""GetHandleId"", ""GetOwningPlayer"", ""GetUnitX"", ""GetUnitY"", ""PauseUnit"", ""SaveBoolean"", ""SaveInteger"", ""SaveReal"", ""SaveUnitHandle"", ""SetPlayerAbilityAvailable"", ""TimerStart"", ""UnitAddAbility""]","[""CZ""]",7
DZ,14699,14712,"[""A13W"", ""B09R""]","[""GetExpiredTimer"", ""GetHandleId"", ""LoadReal"", ""LoadUnitHandle"", ""SetUnitState"", ""UnitRemoveAbility"", ""tK""]",[],5
FZ,14713,14725,"[""A13W""]","[""CreateTimer"", ""GetHandleId"", ""GetUnitState"", ""SaveReal"", ""SaveUnitHandle"", ""SetUnitState"", ""TimerStart"", ""UnitAddAbility"", ""hL""]","[""DZ""]",7
gZ,14726,14744,"[""A140"", ""B02E""]","[""GetExpiredTimer"", ""GetHandleId"", ""LoadInteger"", ""LoadReal"", ""LoadUnitHandle"", ""SaveInteger"", ""UnitRemoveAbility"", ""hL"", ""tK""]",[],9
GZ,14745,14756,"[""A140""]","[""CreateTimer"", ""GetHandleId"", ""SaveInteger"", ""SaveReal"", ""SaveUnitHandle"", ""TimerStart"", ""UnitAddAbility"", ""hL""]","[""gZ""]",7
hZ,14757,14844,"[""B0BR""]","[""AddSpecialEffect"", ""Cos"", ""CreateGroup"", ""DestroyEffect"", ""DestroyGroup"", ""FZ"", ""FirstOfGroup"", ""GZ"", ""GetExpiredTimer"", ""GetHandleId"", ""GetOwningPlayer"", ""GetUnitAbilityLevel"", ""GetUnitFacing"", ""GetUnitState"", ""GetUnitX"", ""GetUnitY"", ""GetWidgetLife"", ""GroupAddUnit"", ""GroupEnumUnitsInRange"", ""GroupRemoveUnit"", ""IsUnitEnemy"", ""IsUnitInGroup"", ""IsUnitPaused"", ""IsUnitType"", ""IssueTargetOrderById"", ""KillUnit"", ""LoadEffectHandle"", ""LoadGroupHandle"", ""LoadInteger"", ""LoadReal"", ""LoadStr"", ""LoadUnitHandle"", ""RemoveUnit"", ""SaveReal"", ""SetUnitState"", ""SetUnitX"", ""SetUnitY"", ""Sin"", ""dZ"", ""eL"", ""hL"", ""tK""]",[],32
jZ,14845,14895,"[""A0FS"", ""A10D"", ""A14V"", ""A154"", ""A16Y"", ""h011"", ""h01O""]","[""AddSpecialEffectTarget"", ""Atan2"", ""CreateGroup"", ""CreateTimer"", ""CreateUnit"", ""GetHandleId"", ""GetOwningPlayer"", ""PauseUnit"", ""SaveEffectHandle"", ""SaveGroupHandle"", ""SaveInteger"", ""SaveReal"", ""SaveStr"", ""SaveUnitHandle"", ""SetUnitAbilityLevel"", ""SetUnitFlyHeight"", ""SetUnitPathing"", ""SetUnitScale"", ""TimerStart"", ""UnitAddAbility""]","[""hZ""]",25
JZ,14896,14923,"[""n017""]","[""AddSpecialEffectTarget"", ""CreateGroup"", ""DestroyEffect"", ""DestroyGroup"", ""FirstOfGroup"", ""GetEventDamage"", ""GetHandleId"", ""GetTriggerUnit"", ""GetTriggeringTrigger"", ""GetUnitTypeId"", ""GetUnitX"", ""GetUnitY"", ""GetWidgetLife"", ""GroupEnumUnitsInRange"", ""GroupRemoveUnit"", ""LoadReal"", ""LoadUnitHandle"", ""SaveReal"", ""UnitRemoveBuffs""]",[],7
KZ,14924,14932,[],"[""CreateTrigger"", ""GetHandleId"", ""SaveReal"", ""SaveUnitHandle"", ""TriggerAddAction"", ""TriggerRegisterUnitEvent""]","[""JZ""]",2
LZ,14933,14942,"[""A0K4"", ""n03D""]","[""CreateUnit"", ""GetEventDamage"", ""GetRandomInt"", ""GetTriggerUnit"", ""GetUnitFacing"", ""GetWidgetX"", ""GetWidgetY"", ""GroupAddUnit"", ""Player"", ""QueueUnitAnimation"", ""UnitAddAbility""]",[],3
mZ,14943,14948,[],"[""CreateTrigger"", ""TriggerAddAction"", ""TriggerRegisterUnitEvent""]","[""LZ""]",0
pZ,14949,15015,[],"[""AddSpecialEffectTarget"", ""Cos"", ""CreateGroup"", ""DestroyEffect"", ""DestroyGroup"", ""FirstOfGroup"", ""GetExpiredTimer"", ""GetHandleId"", ""GetOwningPlayer"", ""GetRandomReal"", ""GetUnitFacing"", ""GetUnitX"", ""GetUnitY"", ""GetWidgetLife"", ""GroupAddUnit"", ""GroupClear"", ""GroupEnumUnitsInRange"", ""GroupRemoveUnit"", ""IsUnitEnemy"", ""IsUnitInGroup"", ""IsUnitType"", ""LoadGroupHandle"", ""LoadReal"", ""LoadUnitHandle"", ""PauseTimer"", ""RemoveUnit"", ""SaveGroupHandle"", ""SaveReal"", ""SetUnitFacingTimed"", ""SetUnitFlyHeight"", ""SetUnitX"", ""SetUnitY"", ""Sin"", ""TimerStart"", ""eL"", ""hL"", ""tK""]","[""pZ""]",22
PZ,15016,15041,"[""h01G""]","[""Atan2"", ""CreateGroup"", ""CreateTimer"", ""CreateUnit"", ""GetHandleId"", ""GetOwningPlayer"", ""GetUnitX"", ""GetUnitY"", ""Rad2Deg"", ""SaveGroupHandle"", ""SaveReal"", ""SaveUnitHandle"", ""SetUnitFlyHeight"", ""SetUnitPathing"", ""TimerStart""]","[""pZ""]",12
SZ,15042,15055,[],"[""GetEventDamage"", ""GetEventDamageSource"", ""GetHandleId"", ""GetTriggerUnit"", ""LoadReal"", ""PZ"", ""SaveReal"", ""StringHash""]",[],3
tZ,15056,15061,[],"[""CreateTrigger"", ""TriggerAddAction"", ""TriggerRegisterUnitEvent""]","[""SZ""]",0
uZ,15062,15102,[],"[""MultiboardSetItemValueBJ""]",[],26
UZ,15103,15152,[],"[""MultiboardSetItemValueBJ""]",[],44
wZ,15153,15169,[],"[""MultiboardSetItemValueBJ""]",[],13
WZ,15170,15228,[],"[""GetRandomInt""]",[],48
zZ,15229,15310,"[""HERO"", ""n03W""]","[""CameraSetupApplyForceDuration"", ""ClearSelection"", ""CreateFogModifierRectBJ"", ""CreateUnitAtLoc"", ""EnableTrigger"", ""GetLocalPlayer"", ""GetPlayerId"", ""GetPlayerName"", ""GetPlayerSlotState"", ""GetPlayerState"", ""GetRectCenterX"", ""GetRectCenterY"", ""Location"", ""PauseUnit"", ""Player"", ""RemoveLocation"", ""SelectUnit"", ""SetFloatGameState"", ""SetPlayerHandicapXP"", ""SetPlayerName"", ""SetPlayerState"", ""SetPlayerTechMaxAllowed"", ""SetTimeOfDayScale"", ""SetUnitPathing"", ""SetUnitUserData"", ""Sz"", ""eZ"", ""xZ""]",[],50
e0,15311,15549,"[""E000"", ""E002"", ""E003"", ""E004"", ""E005"", ""E006"", ""E007"", ""E00B"", ""E00C"", ""E00D"", ""E00F"", ""E00L"", ""E00Q"", ""E00R"", ""E00S"", ""E00T"", ""E00V"", ""E00W"", ""E00X"", ""E00Y"", ""E012"", ""H000"", ""H001"", ""H002"", ""H003"", ""H005"", ""H006"", ""H007"", ""H008"", ""H00A"", ""H00B"", ""H00F"", ""H00M"", ""H00R"", ""H00U"", ""H00X"", ""H00Z"", ""H013"", ""H017"", ""H018"", ""H01D"", ""H01I"", ""H01R"", ""H01T"", ""H01V"", ""H01W"", ""H01Z"", ""H020"", ""H024"", ""H02A"", ""H02E"", ""H02F"", ""H02Y"", ""H03V"", ""H04G"", ""H05C"", ""N00H"", ""N00T"", ""N00U"", ""N018"", ""N01I"", ""N02G"", ""N03Y"", ""N03Z"", ""N06Y"", ""N09Z"", ""N0A0"", ""N0A3"", ""N0A4"", ""N0AB"", ""N0AI"", ""O000"", ""O001"", ""O002"", ""O003"", ""O004"", ""O005"", ""O00B"", ""O00G"", ""O00H"", ""O00M"", ""O00N"", ""O00R"", ""U000"", ""U002"", ""U005"", ""U00A"", ""U00B"", ""U00C"", ""U00D"", ""U00F"", ""U00K"", ""U00Q"", ""U00R"", ""U00S"", ""U00V"", ""n06O"", ""n06P""]",[],[],225
x0,15550,15745,"[""E000"", ""E002"", ""E003"", ""E004"", ""E005"", ""E006"", ""E007"", ""E00B"", ""E00C"", ""E00D"", ""E00F"", ""E00L"", ""E00Q"", ""E00R"", ""E00S"", ""E00T"", ""E00V"", ""E00W"", ""E00X"", ""E00Y"", ""E012"", ""H000"", ""H001"", ""H002"", ""H003"", ""H005"", ""H006"", ""H007"", ""H008"", ""H00A"", ""H00B"", ""H00F"", ""H00M"", ""H00R"", ""H00U"", ""H00X"", ""H00Z"", ""H013"", ""H017"", ""H018"", ""H01D"", ""H01I"", ""H01R"", ""H01T"", ""H01V"", ""H01W"", ""H01Z"", ""H020"", ""H024"", ""H02A"", ""H02E"", ""H02F"", ""H02Y"", ""H03V"", ""H04G"", ""H05C"", ""N00H"", ""N00T"", ""N00U"", ""N018"", ""N01I"", ""N02G"", ""N03Y"", ""N03Z"", ""N06Y"", ""N09Z"", ""N0A0"", ""N0A3"", ""N0A4"", ""N0AB"", ""N0AI"", ""O000"", ""O001"", ""O002"", ""O003"", ""O004"", ""O005"", ""O00B"", ""O00G"", ""O00H"", ""O00M"", ""O00N"", ""O00R"", ""U000"", ""U002"", ""U005"", ""U00A"", ""U00B"", ""U00C"", ""U00D"", ""U00F"", ""U00K"", ""U00Q"", ""U00R"", ""U00S"", ""U00V"", ""n000"", ""n001"", ""n004"", ""n005"", ""n006"", ""n007"", ""n00A"", ""n00C"", ""n00S"", ""n014"", ""n01J"", ""n02F"", ""n02L"", ""n03G"", ""n03Q"", ""n03S"", ""n04Q"", ""n04R"", ""n04X"", ""n05P"", ""n05Q"", ""n05R"", ""n05S"", ""n05T"", ""n05U"", ""n05V"", ""n05W"", ""n05X"", ""n05Y"", ""n05Z"", ""n06U"", ""n06V"", ""n07F"", ""n07G"", ""n07H"", ""n0AE"", ""n0AF""]","[""AddUnitToStock"", ""CreateTextTag"", ""CreateUnit"", ""GetObjectName"", ""Player"", ""SetTextTagPos"", ""SetTextTagText"", ""SetTextTagVisibility"", ""sW""]",[],184
o0,15746,15748,"[""B009"", ""B00E"", ""B01B"", ""B01D"", ""B01I"", ""B01N"", ""B021"", ""B022"", ""B02E"", ""B02F"", ""B02I"", ""B02M"", ""B02X"", ""B02Y"", ""B036"", ""B03F"", ""B03J"", ""B03N"", ""B040"", ""B044"", ""B04A"", ""B04X"", ""B04Y"", ""B057"", ""B05O"", ""B05X"", ""B06B"", ""B06C"", ""B06O"", ""B06R"", ""B06Z"", ""Bcri"", ""Bslo""]","[""GetUnitAbilityLevel""]",[],2
r0,15749,15758,[],"[""GetUnitLevel"", ""GetUnitUserData""]",[],4
i0,15759,15812,"[""O006"", ""n00K"", ""n00Z"", ""n017"", ""n0AW"", ""u00G""]","[""GetUnitTypeId"", ""UL"", ""uL"", ""zk"", ""zl""]",[],27
a0,15813,15869,[],"[""ConvertUnitType"", ""FirstOfGroup"", ""GetRandomInt"", ""GetUnitX"", ""GetUnitY"", ""GetWidgetLife"", ""GroupClear"", ""GroupEnumUnitsInRange"", ""GroupRemoveUnit"", ""IsUnitType"", ""IssuePointOrderById"", ""exitwhen""]",[],26
R0,15870,15976,[],"[""FirstOfGroup"", ""GetRandomInt"", ""GetUnitAbilityLevel"", ""GetUnitTypeId"", ""GetUnitX"", ""GetUnitY"", ""GetWidgetLife"", ""GroupClear"", ""GroupEnumUnitsInRange"", ""GroupRemoveUnit"", ""IssueImmediateOrder"", ""IssuePointOrder"", ""IssueTargetOrder"", ""exitwhen""]",[],41
I0,15977,15992,[],"[""R2I""]",[],13
C0,15993,16023,[],"[""DisplayTimedTextToPlayer"", ""GetLocalPlayer"", ""GetUnitName"", ""SetDestructableInvulnerable""]",[],10
d0,16024,16031,[],"[""GetEnumItem"", ""GetItemType"", ""GetLocationX"", ""GetLocationY"", ""GetRandomReal"", ""GetRectMaxX"", ""GetRectMaxY"", ""GetRectMinX"", ""GetRectMinY"", ""Location"", ""RemoveLocation"", ""SetItemPosition""]",[],5
f0,16032,16034,[],"[""EnumItemsInRect""]","[""d0""]",2
F0,16035,16052,"[""I07Y"", ""I099""]","[""GetEnumItem"", ""GetItemType"", ""GetItemTypeId"", ""GetItemUserData"", ""GetOwningPlayer"", ""GetWidgetLife"", ""UnitAddItem"", ""xK""]",[],5
g0,16053,16055,[],"[""EnumItemsInRect""]","[""F0""]",2
G0,16056,16058,[],"[""GetEnumItem"", ""RemoveItem""]",[],1
h0,16059,16061,[],"[""EnumItemsInRect""]","[""G0""]",2
H0,16062,16073,[],[],[],6
j0,16074,16092,[],"[""PauseUnit"", ""SetTextTagVisibility"", ""SetUnitPosition"", ""ShowUnit""]",[],6
J0,16093,16113,[],"[""PauseUnit"", ""SetTextTagVisibility"", ""SetUnitPosition"", ""ShowUnit""]",[],7
k0,16114,16185,"[""R00B"", ""R00C""]","[""Player"", ""SetPlayerTechResearched""]",[],69
L0,16186,16188,[],"[""Player"", ""SetPlayerState""]",[],2
M0,16189,16190,[],[],[],1
p0,16191,16202,"[""HERO""]","[""DisableTrigger"", ""DisplayTextToPlayer"", ""SetPlayerTechMaxAllowed""]",[],7
q0,16203,16210,[],"[""CustomDefeatBJ"", ""Player""]",[],4
Q0,16211,16218,[],"[""CustomVictoryBJ"", ""Player""]",[],4
s0,16219,16235,"[""nfa1"", ""nfa2"", ""nfac""]","[""CreateGroup"", ""DestroyGroup"", ""FirstOfGroup"", ""GetUnitTypeId"", ""GroupEnumUnitsInRect"", ""GroupRemoveUnit"", ""KillUnit"", ""PauseUnit""]",[],2
S0,16236,16277,"[""nfa1"", ""nfa2"", ""nfac""]","[""CreateGroup"", ""CreateTimer"", ""CreateTimerDialog"", ""CreateTrigger"", ""DestroyGroup"", ""DestroyTimerDialog"", ""DisplayTimedTextToPlayer"", ""FirstOfGroup"", ""GetLocalPlayer"", ""GetUnitTypeId"", ""GroupEnumUnitsInRect"", ""GroupRemoveUnit"", ""KillUnit"", ""PauseTimer"", ""PauseUnit"", ""StartSound"", ""TimerDialogDisplay"", ""TimerDialogSetTitle"", ""TimerStart"", ""TriggerAddAction"", ""TriggerRegisterTimerEvent""]","[""q0"", ""s0""]",7
t0,16278,16296,[],"[""CreateGroup"", ""DestroyGroup"", ""FirstOfGroup"", ""GetOwningPlayer"", ""GetPlayerSlotState"", ""GroupEnumUnitsInRect"", ""GroupRemoveUnit"", ""IsUnitType"", ""KillUnit"", ""Kz"", ""RemoveUnit""]",[],1
T0,16297,16312,"[""E00E"", ""E00J"", ""O00D"", ""U00T""]","[""CreateGroup"", ""DestroyGroup"", ""FirstOfGroup"", ""GetUnitTypeId"", ""GetWidgetLife"", ""GroupEnumUnitsInRect"", ""GroupRemoveUnit"", ""KillUnit""]",[],2
U0,16313,16339,"[""A0VK"", ""E00E"", ""E00J"", ""E00Q"", ""O00D"", ""h021"", ""h022"", ""h023"", ""n03W"", ""n05Y""]","[""CreateGroup"", ""DestroyGroup"", ""FirstOfGroup"", ""GetOwningPlayer"", ""GetUnitTypeId"", ""GetWidgetLife"", ""GroupEnumUnitsInRect"", ""GroupRemoveUnit"", ""IsUnitType"", ""KillUnit"", ""Kz"", ""LK"", ""Player"", ""RemoveUnit"", ""UnitAddAbility"", ""lK""]",[],7
w0,16340,16345,[],"[""DestroyTimer"", ""GetExpiredTimer"", ""U0""]",[],2
W0,16346,16351,[],"[""CreateTimer"", ""TimerStart"", ""U0""]","[""w0""]",3
y0,16352,16368,[],"[""I2R"", ""ModuloInteger"", ""R2I""]",[],12
e1,16369,16375,"[""A09Z"", ""ANre""]","[""CreateUnit"", ""GetRectCenterX"", ""GetRectCenterY"", ""SetUnitUserData"", ""UnitAddAbility""]",[],4
o1,16376,16384,"[""LTba"", ""h00H"", ""n0AL"", ""u006""]","[""CreateDestructable"", ""CreateUnit"", ""GetRectCenterX"", ""GetRectCenterY"", ""Player"", ""e1""]",[],8
r1,16385,16389,"[""LTbr""]","[""GetDestructableTypeId"", ""GetEnumDestructable"", ""KillDestructable""]",[],1
a1,16390,16392,[],"[""EnumDestructablesInRect""]","[""r1""]",2
n1,16393,16421,"[""R007""]","[""AdjustPlayerStateBJ"", ""EnableTrigger"", ""IntegerTertiaryOp"", ""KillDestructable"", ""Player"", ""SetPlayerState"", ""SetPlayerTechMaxAllowed"", ""TriggerExecute"", ""a1""]",[],14
E1,16422,16440,[],"[""AdjustPlayerStateBJ"", ""IntegerTertiaryOp"", ""KillDestructable"", ""SetPlayerState"", ""a1""]",[],10
Uslovie_EA_Fil_Spell,16441,16443,[],"[""GetFilterUnit"", ""GetOwningPlayer"", ""GetSpellAbilityUnit"", ""GetWidgetLife"", ""IsPlayerEnemy""]",[],1
X1,16444,16458,[],"[""DisableTrigger"", ""EnableTrigger""]",[],6
EndKik,16459,16474,[],"[""DestroyTimer"", ""DisableTrigger"", ""EnableTrigger"", ""GetPlayerId"", ""Player""]",[],6
O1,16475,16490,[],"[""ForceAddPlayer"", ""GetPlayerSlotState"", ""IsPlayerInForce""]",[],4
R1,16491,16499,[],"[""DestroyTimer"", ""DestroyTimerDialog"", ""GetExpiredTimer"", ""PauseTimer"", ""TriggerExecute""]",[],1
I1,16500,16509,[],"[""DestroyTimer"", ""GetExpiredTimer"", ""Js"", ""PauseTimer"", ""TimerGetRemaining""]",[],2
A1,16510,16524,[],"[""CreateTimer"", ""CreateTimerDialog"", ""DestroyTimer"", ""DestroyTimerDialog"", ""TimerDialogDisplay"", ""TimerDialogSetTitle"", ""TimerStart""]","[""I1"", ""R1""]",4
N1,16525,16534,"[""B001""]","[""CreateDestructable"", ""GetRectCenterX"", ""GetRectCenterY""]",[],9
B1,16535,16542,[],"[""RemoveDestructable""]",[],4
c1,16543,16574,[],"[""B1"", ""DestroyTimer"", ""DestroyTimerDialog"", ""DisableTrigger"", ""EnableTrigger"", ""SetForceAllianceStateBJ"", ""StartSound"", ""TriggerExecute"", ""W0"", ""j0""]",[],10
C1,16575,16580,[],"[""DestroyTimer"", ""GetExpiredTimer"", ""c1""]",[],2
D1,16581,16586,[],"[""DestroyTimer"", ""EnableTrigger"", ""GetExpiredTimer""]",[],1
f1,16587,16717,"[""R00D""]","[""AddSpecialEffectTarget"", ""AdjustPlayerStateBJ"", ""CreateTimer"", ""CreateTimerDialog"", ""DestroyEffect"", ""DestroyTimer"", ""DestroyTimerDialog"", ""DisableTrigger"", ""DisplayTimedTextToPlayer"", ""EnableTrigger"", ""GetLocalPlayer"", ""GetPlayerSlotState"", ""GetUnitLoc"", ""GetWidgetLife"", ""Go"", ""I2S"", ""J0"", ""ModuloInteger"", ""N1"", ""Player"", ""ReviveHeroLoc"", ""SetForceAllianceStateBJ"", ""SetPlayerTechResearched"", ""TimerDialogDisplay"", ""TimerDialogSetTitle"", ""TimerStart"", ""TriggerExecute"", ""W0"", ""y0""]","[""C1"", ""D1"", ""OZ""]",67
L1,16718,16730,[],"[""GetUnitTypeId""]",[],4
m1,16731,16741,[],"[""DestroyMultiboard"", ""DestroyTimer"", ""PauseTimer""]",[],1
M1,16742,16753,[],[],[],4
P1,16754,16763,[],"[""MultiboardGetItem"", ""MultiboardReleaseItem"", ""MultiboardSetItemIcon"", ""MultiboardSetItemStyle""]",[],4
U1,16764,16772,[],"[""M1"", ""Player"", ""SetPlayerTechMaxAllowed""]",[],6
w1,16773,16813,[],"[""ClearSelection"", ""DisplayTextToPlayer"", ""GetHandleId"", ""GetLocalPlayer"", ""GetPlayerState"", ""GetUnitName"", ""GetUnitTypeId"", ""GetUnitX"", ""GetUnitY"", ""L1"", ""PanCameraToTimed"", ""PauseUnit"", ""RemoveUnitFromStock"", ""SaveBoolean"", ""SaveInteger"", ""SelectUnit"", ""SetPlayerState"", ""SetUnitOwner"", ""SetUnitUserData"", ""ShowUnit"", ""StringHash"", ""Zz"", ""xK"", ""xZ""]",[],25
v2,16814,16827,[],[],[],4
e2,16828,16861,[],"[""GetRandomInt"", ""v2"", ""xZ""]",[],19
n2,16862,16917,"[""A0PC""]","[""ClearSelection"", ""DisplayTextToPlayer"", ""GetLocalPlayer"", ""GetUnitFacing"", ""GetUnitName"", ""GetUnitX"", ""GetUnitY"", ""KillUnit"", ""L1"", ""OW"", ""PanCameraToTimed"", ""PauseUnit"", ""RemoveUnit"", ""RemoveUnitFromStock"", ""SW"", ""SelectUnit"", ""SetPlayerAbilityAvailable"", ""SetUnitUserData"", ""UnitAddAbility"", ""UnitAddItem"", ""UnitRemoveItemFromSlot"", ""e2"", ""h0"", ""v2"", ""xK""]",[],40
O2,16918,16970,"[""A0PC"", ""HERO""]","[""Cos"", ""DisplayTextToPlayer"", ""GetLocalPlayer"", ""GetObjectName"", ""GetOwningPlayer"", ""I2R"", ""M1"", ""OW"", ""P1"", ""RemoveUnitFromStock"", ""SW"", ""SetPlayerAbilityAvailable"", ""SetPlayerTechMaxAllowed"", ""Sin"", ""U1"", ""UnitAddAbility"", ""e2"", ""v2"", ""w1"", ""xK""]",[],35
A2,16971,16989,"[""A0PC""]","[""Cos"", ""GetOwningPlayer"", ""I2R"", ""OW"", ""SW"", ""SetPlayerAbilityAvailable"", ""Sin"", ""UnitAddAbility"", ""e2"", ""w1"", ""xK""]",[],14
N2,16990,17019,[],"[""A2"", ""DestroyTimer"", ""EnableTrigger"", ""FlushChildHashtable"", ""GetExpiredTimer"", ""GetHandleId"", ""GetPlayerSlotState"", ""LoadInteger"", ""O2"", ""SaveInteger""]",[],10
C2,17020,17029,[],"[""CreateTimer"", ""GetHandleId"", ""SaveInteger"", ""TimerStart""]","[""N2""]",5
D2,17030,17040,"[""I06K"", ""R00B"", ""R00C""]","[""DisableTrigger"", ""EnableTrigger"", ""Player"", ""RemoveItemFromStock"", ""SetPlayerTechResearched""]",[],5
f2,17041,17055,[],"[""CreateTextTagLocBJ"", ""DestroyTextTag"", ""DestroyTimer"", ""GetExpiredTimer"", ""GetHandleId"", ""GetRectCenter"", ""I2S"", ""LoadInteger"", ""SaveInteger""]",[],7
F2,17056,17082,"[""HERO""]","[""DestroyTimer"", ""GetExpiredTimer"", ""GetHandleId"", ""GetPlayerTechMaxAllowed"", ""LoadInteger"", ""O2"", ""SaveInteger"", ""SetPlayerTechMaxAllowed""]",[],11
G2,17083,17116,"[""HERO""]","[""CreateSound"", ""CreateTimer"", ""DisplayTimedTextToPlayer"", ""GetHandleId"", ""GetLocalPlayer"", ""GetLocationX"", ""GetLocationY"", ""GetRectCenter"", ""KillSoundWhenDone"", ""Player"", ""SaveBoolean"", ""SaveInteger"", ""SetPlayerTechMaxAllowed"", ""SetSoundPosition"", ""StartSound"", ""TimerStart"", ""xK""]","[""F2""]",17
j2,17117,17138,[],"[""CreateTimer"", ""DestroyTimer"", ""G2"", ""GetExpiredTimer"", ""GetHandleId"", ""LoadPlayerHandle"", ""SaveInteger"", ""TimerStart""]","[""f2""]",15
K2,17139,17162,[],"[""DestroyTextTag"", ""DestroyTimer"", ""ExecuteFunc"", ""GetExpiredTimer"", ""GetUnitLoc"", ""PanCameraToTimedLocForPlayer"", ""RemoveLocation"", ""SelectUnitForPlayerSingle"", ""ShowUnit"", ""TriggerExecute"", ""m1""]",[],5
L2,17163,17249,[],"[""CreateTimer"", ""DestroyTimer"", ""G2"", ""GetExpiredTimer"", ""GetHandleId"", ""SaveInteger"", ""SavePlayerHandle"", ""TimerStart""]","[""K2"", ""f2"", ""j2""]",66
M2,17250,17275,[],"[""CreateTimer"", ""DestroyTimer"", ""DisplayTextToPlayer"", ""GetExpiredTimer"", ""Player"", ""TimerStart""]","[""L2""]",11
P2,17276,17286,"[""HERO""]","[""CreateTimer"", ""Player"", ""SetPlayerTechMaxAllowed"", ""TimerStart""]","[""M2""]",6
q2,17287,17325,[],"[""CreateTimer"", ""DestroyTimer"", ""DisplayTextToPlayer"", ""FlushChildHashtable"", ""G2"", ""GetExpiredTimer"", ""GetHandleId"", ""GetLocalPlayer"", ""I2S"", ""LoadReal"", ""P2"", ""SaveInteger"", ""SaveReal"", ""TimerStart""]","[""f2""]",20
Q2,17326,17360,"[""HERO""]","[""CreateTimer"", ""DisplayTextToPlayer"", ""GetHandleId"", ""GetLocalPlayer"", ""GetPlayerName"", ""GetPlayerSlotState"", ""Player"", ""SaveReal"", ""SetPlayerTechMaxAllowed"", ""TimerStart""]","[""q2""]",15
S2,17361,17415,"[""Aloc""]","[""CinematicFadeBJ"", ""Cos"", ""DK"", ""DisplayTimedTextToPlayer"", ""GetLocalPlayer"", ""GetOwningPlayer"", ""GetRandomInt"", ""GetUnitState"", ""I2R"", ""I2S"", ""MultiboardMinimize"", ""PanCameraToTimed"", ""PauseUnit"", ""ReviveHero"", ""SetUnitAnimation"", ""SetUnitFacing"", ""SetUnitState"", ""SetUnitX"", ""SetUnitY"", ""Sin"", ""StartSound"", ""UnitAddAbility""]",[],22
U2,17416,17438,"[""A0K4"", ""U00T"", ""n03W"", ""u00M""]","[""CreateGroup"", ""DestroyGroup"", ""FirstOfGroup"", ""GetUnitAbilityLevel"", ""GetUnitTypeId"", ""GetUnitUserData"", ""GroupEnumUnitsInRect"", ""GroupRemoveUnit"", ""IsUnitPaused"", ""IsUnitType"", ""KillUnit"", ""Kz"", ""PauseUnit"", ""RemoveUnit""]",[],4
w2,17439,17454,"[""A0K4"", ""n03W""]","[""CreateGroup"", ""FirstOfGroup"", ""GetOwningPlayer"", ""GetUnitAbilityLevel"", ""GetUnitTypeId"", ""GetUnitUserData"", ""GroupEnumUnitsInRect"", ""GroupRemoveUnit"", ""IsUnitType"", ""KillUnit"", ""Kz"", ""Player"", ""RemoveUnit""]",[],2
W2,17455,17461,[],"[""DestroyTimer"", ""GetExpiredTimer"", ""U2"", ""w2""]",[],3
Z2,17462,17469,[],"[""CreateTimer"", ""T0"", ""TimerStart"", ""U2"", ""w2""]","[""W2""]",5
v3,17470,17476,[],"[""GetEnumItem"", ""GetItemUserData"", ""RemoveItem""]",[],2
e3,17477,17479,"[""n03W"", ""u00M""]","[""GetFilterUnit"", ""GetUnitTypeId"", ""IsUnitType"", ""Kz""]",[],2
o3,17480,17483,[],"[""GetEnumUnit"", ""KillUnit"", ""RemoveUnit""]",[],1
r3,17484,17503,[],"[""DestroyTimer"", ""GetExpiredTimer"", ""GetHandleId"", ""GetWidgetLife"", ""IsUnitHidden"", ""LoadUnitHandle"", ""SetUnitPosition"", ""ShowUnit"", ""SuspendHeroXP""]",[],10
a3,17504,17560,[],"[""A1"", ""Condition"", ""CreateGroup"", ""DestroyGroup"", ""DestroyTimer"", ""DisplayTimedTextToPlayer"", ""EnableTrigger"", ""ForGroup"", ""GetExpiredTimer"", ""GetHandleId"", ""GetOwningPlayer"", ""GetWidgetLife"", ""GroupEnumUnitsInRect"", ""I2S"", ""LoadInteger"", ""LoadUnitHandle"", ""PauseTimer"", ""PauseUnit"", ""Player"", ""SaveBoolean"", ""SaveInteger"", ""SetUnitInvulnerable"", ""Ss"", ""StartSound"", ""StringHash"", ""TriggerExecute"", ""UnitRemoveBuffs"", ""xK""]","[""e3"", ""o3""]",32
X3,17561,17660,[],"[""ClearSelection"", ""CreateGroup"", ""CreateTimer"", ""DisplayTimedTextToPlayer"", ""EnumItemsInRect"", ""GetHandleId"", ""GetLocalPlayer"", ""GetOwningPlayer"", ""GetRectCenterX"", ""GetRectCenterY"", ""GetUnitName"", ""GetUnitState"", ""GetWidgetLife"", ""I2S"", ""IsUnitHidden"", ""Jz"", ""Location"", ""RemoveLocation"", ""ReviveHeroLoc"", ""SaveBoolean"", ""SaveInteger"", ""SaveUnitHandle"", ""SelectUnit"", ""SetPlayerAlliance"", ""SetUnitFacing"", ""SetUnitInvulnerable"", ""SetUnitPosition"", ""SetUnitPositionLoc"", ""SetUnitState"", ""ShowUnit"", ""StringHash"", ""SuspendHeroXP"", ""TimerStart"", ""UnitRemoveBuffs"", ""Z2"", ""j0"", ""xK""]","[""a3"", ""r3"", ""v3""]",70
I3,17661,17673,[],"[""ReviveHero"", ""Uk""]",[],5
A3,17674,17720,"[""A1DR""]","[""AddSpecialEffectTarget"", ""ClearSelection"", ""Cos"", ""DestroyEffect"", ""GetLocalPlayer"", ""GetOwningPlayer"", ""GetUnitAbilityLevel"", ""GetUnitState"", ""GroupRemoveUnit"", ""I2R"", ""IsUnitInGroup"", ""PanCameraToTimed"", ""ReviveHero"", ""SelectUnit"", ""SetUnitFacing"", ""SetUnitPathing"", ""SetUnitPosition"", ""SetUnitState"", ""Sin"", ""Uk"", ""UnitRemoveBuffs"", ""xK"", ""xZ""]",[],12
c3,17721,17742,[],"[""DestroyTimer"", ""FlushChildHashtable"", ""GetExpiredTimer"", ""GetHandleId"", ""GetUnitState"", ""LoadUnitHandle"", ""PauseTimer"", ""RemoveUnit"", ""SetUnitState""]",[],8
C3,17743,17765,[],"[""CreateTimer"", ""GetHandleId"", ""PauseUnit"", ""SaveUnitHandle"", ""SetUnitInvulnerable"", ""SetUnitPosition"", ""ShowUnit"", ""TimerStart""]","[""c3""]",7
D3,17766,17783,"[""A11G"", ""n01X""]","[""AddSpecialEffectTarget"", ""Atan2"", ""CreateUnit"", ""DestroyEffect"", ""GetRandomReal"", ""GetRectMaxX"", ""GetRectMaxY"", ""GetRectMinX"", ""GetRectMinY"", ""GroupAddUnit"", ""Player"", ""SetUnitUserData"", ""UnitRemoveAbility""]",[],8
f3,17784,17837,"[""n00K"", ""n00Z"", ""n017"", ""u00G""]","[""AddSpecialEffectTarget"", ""Atan2"", ""CreateUnit"", ""DestroyEffect"", ""EnableTrigger"", ""GetUnitState"", ""GetUnitUserData"", ""GroupAddUnit"", ""KZ"", ""Player"", ""R2I"", ""SetUnitUserData"", ""i0"", ""zl""]",[],27
G3,17838,17880,"[""E00E"", ""E00J"", ""h00P"", ""h021"", ""h022"", ""h023"", ""n002""]","[""AddSpecialEffectTarget"", ""ClearSelection"", ""CreateGroup"", ""DestroyEffect"", ""DestroyGroup"", ""FirstOfGroup"", ""GetLocalPlayer"", ""GetRandomReal"", ""GetRectMaxX"", ""GetRectMaxY"", ""GetRectMinX"", ""GetRectMinY"", ""GetUnitTypeId"", ""GetWidgetLife"", ""GroupEnumUnitsOfPlayer"", ""GroupRemoveUnit"", ""IsUnitType"", ""PanCameraToTimed"", ""RectContainsUnit"", ""SelectUnit"", ""SelectUnitForPlayerSingle"", ""SetUnitPosition""]",[],11
J3,17881,17944,"[""A01U""]","[""AdjustPlayerStateBJ"", ""CustomDefeatBJ"", ""DisplayTextToPlayer"", ""EnableTrigger"", ""GetHandleId"", ""LoadBoolean"", ""SaveBoolean"", ""SaveInteger"", ""StringHash"", ""UnitItemInSlot"", ""UnitRemoveAbility"", ""UnitRemoveItem"", ""Zz"", ""rK"", ""xK"", ""xZ""]",[],27
l3,17945,17960,[],"[""DK"", ""Uk""]",[],4
L3,17961,17969,[],[],[],4
m3,17970,17987,[],"[""DisplayTextToPlayer"", ""GetPlayerState"", ""I2S"", ""SetPlayerState""]",[],7
M3,17988,18024,[],"[""DK"", ""ModuloInteger"", ""R2I"", ""Uk""]",[],19
Q3,18025,18063,[],"[""CreateTimer"", ""DestroyTimer"", ""DestroyTimerDialog"", ""DisableTrigger"", ""EnableTrigger"", ""H0"", ""L3"", ""LoadTimerHandle"", ""ModuloInteger"", ""S0"", ""StringHash"", ""TimerStart"", ""TriggerExecute"", ""Zu"", ""iZ"", ""j0"", ""vU""]","[""M3""]",15
S3,18064,18066,[],"[""Q3""]",[],2
T3,18067,18089,[],"[""Cos"", ""DestroyTimer"", ""EnableTrigger"", ""GetExpiredTimer"", ""GetOwningPlayer"", ""I2R"", ""PauseTimer"", ""SetUnitPosition"", ""Sin"", ""xZ""]",[],7
u3,18090,18157,"[""n03W""]","[""CreateGroup"", ""DestroyGroup"", ""DestroyTimer"", ""DestroyTimerDialog"", ""EnableTrigger"", ""FirstOfGroup"", ""FlushChildHashtable"", ""ForceClear"", ""GetExpiredTimer"", ""GetHandleId"", ""GetLocalPlayer"", ""GetOwningPlayer"", ""GetRectCenterX"", ""GetRectCenterY"", ""GetUnitTypeId"", ""GroupRemoveUnit"", ""IsUnitType"", ""IssueImmediateOrderById"", ""LoadTimerDialogHandle"", ""O1"", ""PanCameraToTimed"", ""PauseTimer"", ""PauseUnit"", ""TriggerExecute"", ""X3"", ""lj"", ""us""]",[],25
w3,18158,18178,[],"[""A2"", ""DestroyTimer"", ""FlushChildHashtable"", ""GetExpiredTimer"", ""GetHandleId"", ""LoadInteger"", ""O2"", ""PauseTimer"", ""SaveInteger"", ""xZ""]",[],8
Y3,18179,18192,[],"[""CreateTimer"", ""DestroyTimer"", ""FlushChildHashtable"", ""GetExpiredTimer"", ""GetHandleId"", ""PauseTimer"", ""SaveInteger"", ""TimerStart""]","[""w3""]",4
z3,18193,18201,[],"[""DestroyTimer"", ""DestroyTimerDialog"", ""GetExpiredTimer"", ""PauseTimer"", ""TriggerExecute""]",[],1
Z3,18202,18216,[],"[""CreateTimer"", ""CreateTimerDialog"", ""DestroyTimer"", ""DestroyTimerDialog"", ""TimerDialogDisplay"", ""TimerDialogSetTitle"", ""TimerStart""]","[""I1"", ""z3""]",4
v4,18217,18254,[],"[""DK"", ""DisplayTimedTextToPlayer"", ""EnableTrigger"", ""GetExpiredTimer"", ""GetHandleId"", ""GetLocalPlayer"", ""I2S"", ""LoadInteger"", ""PauseUnit"", ""SaveBoolean"", ""SaveInteger"", ""SetUnitInvulnerable"", ""StartSound"", ""StringHash"", ""UnitRemoveBuffs"", ""Z3"", ""tK""]",[],12
e4,18255,18384,"[""n03W""]","[""ClearSelection"", ""Cos"", ""CreateForce"", ""CreateGroup"", ""CreateTimer"", ""DK"", ""DestroyForce"", ""DestroyGroup"", ""DestroyTimer"", ""DestroyTimerDialog"", ""DisableTrigger"", ""DisplayCineFilter"", ""DisplayTimedTextToPlayer"", ""EnableUserUI"", ""EnumItemsInRect"", ""FirstOfGroup"", ""ForceAddPlayer"", ""ForceClear"", ""GetExpiredTimer"", ""GetHandleId"", ""GetLocalPlayer"", ""GetOwningPlayer"", ""GetRandomInt"", ""GetRectCenterX"", ""GetRectCenterY"", ""GetUnitState"", ""GetUnitTypeId"", ""GroupRemoveUnit"", ""I2R"", ""IsUnitType"", ""IssueImmediateOrderById"", ""Jz"", ""LoadTimerDialogHandle"", ""PanCameraToTimed"", ""PauseUnit"", ""ReviveHero"", ""SaveBoolean"", ""SaveInteger"", ""SelectUnit"", ""SetCineFilterBlendMode"", ""SetCineFilterDuration"", ""SetCineFilterEndColor"", ""SetCineFilterEndUV"", ""SetCineFilterStartColor"", ""SetCineFilterStartUV"", ""SetCineFilterTexMapFlags"", ""SetCineFilterTexture"", ""SetForceAllianceStateBJ"", ""SetUnitFacing"", ""SetUnitInvulnerable"", ""SetUnitState"", ""SetUnitX"", ""SetUnitY"", ""Sin"", ""StringHash"", ""SuspendHeroXP"", ""TimerStart"", ""TriggerExecute"", ""UnitRemoveBuffs"", ""Z2"", ""j0"", ""lj"", ""tK""]","[""FinishCinematicFadeBJ"", ""v3"", ""v4""]",51
a4,18385,18399,[],[],[],12
V4,18400,18405,[],[],[],4
E4,18406,18419,[],"[""CreateUnit"", ""Player"", ""RemoveUnit""]",[],4
X4,18420,18442,"[""A19X"", ""h011""]","[""CreateUnit"", ""DK"", ""DestroyTimer"", ""IssueTargetOrderById"", ""Player"", ""Uk"", ""UnitAddAbility"", ""ZK""]",[],7
O4,18443,18628,"[""Aloc"", ""h021"", ""h022"", ""h023""]","[""CameraSetupApplyForceDuration"", ""CinematicFadeBJ"", ""CreateFogModifierRectBJ"", ""CreateGroup"", ""CreateTextTag"", ""CreateTextTagLocBJ"", ""CreateTimer"", ""CreateTimerDialog"", ""DestroyGroup"", ""DestroyTimerDialog"", ""DisplayTimedTextToPlayer"", ""EnableTrigger"", ""FirstOfGroup"", ""GetLocalPlayer"", ""GetOwningPlayer"", ""GetPlayerSlotState"", ""GetRectCenterX"", ""GetRectCenterY"", ""GetUnitState"", ""GetUnitTypeId"", ""GroupRemoveUnit"", ""I2S"", ""IsPlayerInForce"", ""IsUnitType"", ""KL"", ""KillUnit"", ""Kz"", ""Location"", ""MultiboardMinimize"", ""OU"", ""PauseTimer"", ""PauseUnit"", ""Player"", ""R2I"", ""RemoveUnit"", ""ReviveHero"", ""SetTextTagColor"", ""SetTextTagPos"", ""SetTextTagText"", ""SetTextTagVisibility"", ""SetUnitAnimation"", ""SetUnitFacing"", ""SetUnitPosition"", ""SetUnitScale"", ""SetUnitState"", ""TimerDialogDisplay"", ""TimerDialogSetTitle"", ""TimerStart"", ""UnitAddAbility"", ""UnitRemoveBuffs"", ""UnitResetCooldown"", ""g0"", ""lj"", ""xK""]","[""Q0""]",81
N4,18629,18631,[],"[""Q3""]",[],2
B4,18632,18641,[],"[""DestroyTimer"", ""GetExpiredTimer"", ""GetHandleId"", ""LoadInteger"", ""MM""]",[],3
c4,18642,18649,[],"[""DestroyTimer"", ""EnableTrigger"", ""GetExpiredTimer"", ""I3""]",[],3
C4,18650,18655,[],"[""DestroyTimer"", ""DisableTrigger"", ""GetExpiredTimer""]",[],1
D4,18656,18791,[],"[""A3"", ""C0"", ""CreateTimer"", ""CreateTimerDialog"", ""DestroyTimer"", ""DisableTrigger"", ""DisplayTextToPlayer"", ""E4"", ""EnableTrigger"", ""GetHandleId"", ""GetPlayerState"", ""Go"", ""I2S"", ""J0"", ""OU"", ""SaveInteger"", ""SaveTimerDialogHandle"", ""SaveTimerHandle"", ""SetPlayerState"", ""StringHash"", ""TimerDialogDisplay"", ""TimerDialogSetTitle"", ""TimerStart"", ""V4"", ""W0"", ""f0"", ""l3"", ""m3"", ""t0"", ""y0""]","[""B4"", ""C4"", ""N4"", ""OZ"", ""T3"", ""X4"", ""c4"", ""e4"", ""u3""]",69
H4,18792,18803,"[""R00B"", ""R00C""]","[""D4"", ""Player"", ""SetPlayerTechResearched"", ""TriggerExecute""]",[],5
j4,18804,18818,[],"[""GetItemTypeId"", ""UnitItemInSlot""]",[],4
J4,18819,18831,[],"[""GetItemTypeId"", ""UnitItemInSlot""]",[],6
k4,18832,18848,[],"[""DisplayTextToPlayer"", ""GetLocalPlayer"", ""Wk"", ""wk"", ""yk""]",[],6
K4,18849,18868,[],"[""DisplayTextToPlayer"", ""GetLocalPlayer"", ""GetPlayerController"", ""GetPlayerName"", ""GetPlayerSlotState"", ""Player"", ""TriggerExecute"", ""k4"", ""xK""]",[],9
m4,18869,18874,[],"[""DestroyTimer"", ""DestroyTimerDialog"", ""ExecuteFunc""]",[],3
p4,18875,18943,[],"[""CameraSetupApplyForceDuration"", ""ConvertCameraField"", ""CreateMultiboard"", ""CreateTimer"", ""CreateTimerDialog"", ""DisableTrigger"", ""EnableTrigger"", ""GetLocalPlayer"", ""MultiboardDisplay"", ""MultiboardMinimize"", ""MultiboardSetColumnCount"", ""MultiboardSetItemColorBJ"", ""MultiboardSetItemStyleBJ"", ""MultiboardSetItemValueBJ"", ""MultiboardSetItemWidthBJ"", ""MultiboardSetRowCount"", ""MultiboardSetTitleText"", ""SetCameraField"", ""SetCameraTargetController"", ""TimerDialogDisplay"", ""TimerDialogSetTitle"", ""TimerStart""]","[""m4""]",52
q4,18944,18950,[],"[""DestroyTimer"", ""DisplayTimedTextToPlayer"", ""GetExpiredTimer"", ""GetLocalPlayer"", ""PauseTimer""]",[],2
Q4,18951,18967,[],"[""DestroyTimer"", ""DisplayTimedTextToPlayer"", ""EnableTrigger"", ""GetExpiredTimer"", ""GetLocalPlayer"", ""PauseTimer""]",[],5
S4,18968,18978,[],"[""DestroyTimer"", ""DisplayTimedTextToPlayer"", ""EnableTrigger"", ""GetExpiredTimer"", ""GetLocalPlayer"", ""PauseTimer""]",[],2
T4,18979,18988,[],"[""DestroyTimer"", ""DisplayTimedTextToPlayer"", ""EnableTrigger"", ""GetExpiredTimer"", ""GetLocalPlayer"", ""PauseTimer""]",[],3
u4,18989,18997,[],"[""DestroyTimer"", ""DisplayTimedTextToPlayer"", ""GetExpiredTimer"", ""GetLocalPlayer"", ""PauseTimer""]",[],2
U4,18998,19006,[],"[""DestroyTimer"", ""EnableTrigger"", ""ExecuteFunc"", ""GetExpiredTimer"", ""PauseTimer""]",[],1
w4,19007,19015,[],"[""DestroyTimer"", ""EnableTrigger"", ""ExecuteFunc"", ""GetExpiredTimer"", ""PauseTimer""]",[],1
W4,19016,19023,[],"[""DestroyTimer"", ""EnableTrigger"", ""ExecuteFunc"", ""GetExpiredTimer"", ""PauseTimer""]",[],1
Y4,19024,19028,[],"[""CreateTimer"", ""TimerStart""]","[""Y3""]",2
M4,19029,19396,[],"[""C2"", ""CameraSetupApplyForceDuration"", ""ClearSelection"", ""CreateTimer"", ""D2"", ""DestroyMultiboard"", ""DestroyTimer"", ""DestroyTimerDialog"", ""DisableTrigger"", ""DisplayTimedTextToPlayer"", ""E1"", ""EnableTrigger"", ""ExecuteFunc"", ""FK"", ""GetLocalPlayer"", ""GetPlayerName"", ""GetTriggerPlayer"", ""Go"", ""H4"", ""L0"", ""M0"", ""MultiboardDisplay"", ""Q2"", ""RemoveDestructable"", ""RemoveUnit"", ""ResetToGameCamera"", ""SelectUnit"", ""SetTextTagVisibility"", ""TimerGetRemaining"", ""TimerStart"", ""TriggerExecute"", ""Y4"", ""k0"", ""kz"", ""n1"", ""o1"", ""p0"", ""xK""]","[""Q4"", ""S4"", ""T4"", ""U4"", ""W4"", ""q4"", ""u4"", ""w4""]",200
x5,19397,19414,[],"[""GetTriggerPlayer"", ""MultiboardSetItemColorBJ"", ""uZ""]",[],10
r5,19415,19432,[],"[""GetTriggerPlayer"", ""MultiboardSetItemColorBJ"", ""uZ""]",[],8
n5,19433,19609,[],"[""GetTriggerPlayer"", ""MultiboardSetItemValueBJ"", ""UZ"", ""uZ"", ""wZ""]",[],131
E5,19610,19785,[],"[""GetTriggerPlayer"", ""MultiboardSetItemValueBJ"", ""UZ"", ""uZ"", ""wZ""]",[],131
O5,19786,19791,[],"[""TriggerExecute"", ""e0"", ""sW"", ""x0""]",[],3
R5,19792,19796,[],"[""K4"", ""WZ"", ""zZ""]",[],2
I5,19797,19873,"[""A0H8"", ""A0HA"", ""A0JQ"", ""A0K1"", ""A0K2"", ""A0K5"", ""A0KJ"", ""A0KZ"", ""A0L8"", ""A0L9"", ""A0LA"", ""A0LB"", ""A0LC"", ""A0LD"", ""A0PD"", ""A0QS"", ""A0RE"", ""A0X2"", ""h00N"", ""h00O"", ""h00P"", ""h00Q"", ""h00V"", ""h010"", ""h011"", ""h01O"", ""h02D"", ""n0A2"", ""rdis"", ""rhe2"", ""rman"", ""rres"", ""rspd"", ""rspl"", ""rsps"", ""tdex"", ""tint"", ""tstr"", ""vamp""]","[""CreateFogModifierRect"", ""CreateGroup"", ""CreateItemPool"", ""CreateTimer"", ""Filter"", ""FogModifierStart"", ""InitHashtable"", ""ItemPoolAddItemType"", ""Nl"", ""Player"", ""PreloadEnd"", ""PreloadStart"", ""Preloader"", ""Rect"", ""TimerStart"", ""nl""]","[""O5"", ""R5"", ""gK""]",62
N5,19874,19897,[],"[""CreateQuest"", ""QuestCreateItem"", ""QuestItemSetCompleted"", ""QuestSetCompleted"", ""QuestSetDescription"", ""QuestSetDiscovered"", ""QuestSetIconPath"", ""QuestSetRequired"", ""QuestSetTitle""]",[],4
c5,19898,20104,"[""O006"", ""n008"", ""n009"", ""n00D"", ""n00E"", ""n00F"", ""n00G"", ""n00I"", ""n00J"", ""n00K"", ""n00L"", ""n00M"", ""n00N"", ""n00O"", ""n00P"", ""n00Q"", ""n00R"", ""n00V"", ""n00Z"", ""n015"", ""n016"", ""n017"", ""n019"", ""n01A"", ""n01B"", ""n01C"", ""n01D"", ""n01E"", ""n01U"", ""n01X"", ""n023"", ""n024"", ""n027"", ""n028"", ""n029"", ""n02A"", ""n02B"", ""n02C"", ""n02D"", ""n02H"", ""n02I"", ""n02J"", ""n02O"", ""n05I"", ""n05J"", ""n05K"", ""n05L"", ""n05M"", ""n05N"", ""n067"", ""n069"", ""n06D"", ""n06E"", ""n06I"", ""n06J"", ""n06K"", ""n072"", ""n073"", ""n074"", ""n075"", ""n076"", ""n077"", ""n078"", ""n079"", ""n07A"", ""n07B"", ""n0AO"", ""n0AP"", ""n0AQ"", ""n0AR"", ""n0AS"", ""n0AT"", ""n0AU"", ""n0AV"", ""n0AW"", ""o00C"", ""u00G"", ""u00L""]","[""CreateFogModifierRectBJ"", ""FogModifierStop"", ""ForceAddPlayer"", ""Player""]",[],195
D5,20105,20341,"[""A04U"", ""A0V2"", ""B04N"", ""BEer"", ""BNsi"", ""BPSE"", ""BPsh"", ""BTct"", ""BUsl"", ""Bcri"", ""Beng"", ""Bfro"", ""Bply"", ""Bprg"", ""n009"", ""n00E"", ""n00G"", ""n00J"", ""n00M"", ""n00O"", ""n00Q"", ""n00V"", ""n015"", ""n016"", ""n019"", ""n01A"", ""n01B"", ""n01C"", ""n01D"", ""n01E"", ""n01U"", ""n027"", ""n028"", ""n029"", ""n02A"", ""n02B"", ""n067"", ""n06D"", ""n0AP"", ""n0AR"", ""n0AT"", ""n0AV""]","[""CreateGroup""]",[],219
F5,20342,20391,"[""n008"", ""n009"", ""n00D"", ""n00E"", ""n00F"", ""n00G"", ""n00I"", ""n00J"", ""n00L"", ""n00M"", ""n00N"", ""n00O"", ""n00P"", ""n00Q"", ""n00R"", ""n00V"", ""n015"", ""n016"", ""n019"", ""n01A"", ""n01B"", ""n01C"", ""n01D"", ""n01E"", ""n05I"", ""n05J"", ""n05K"", ""n05L"", ""n05M"", ""n05N"", ""n072"", ""n073"", ""n074"", ""n075"", ""n076"", ""n077""]","[""Player"", ""SetPlayerName""]",[],48
G5,20392,20394,[],"[""GetAttacker"", ""GetOwningPlayer"", ""GetTriggerUnit"", ""IsUnitEnemy""]",[],1
h5,20395,20408,"[""B09E""]","[""DisableTrigger"", ""EnableTrigger"", ""GetAttacker"", ""GetOwningPlayer"", ""GetTriggerUnit"", ""GetUnitAbilityLevel"", ""GetUnitX"", ""GetUnitY"", ""IsUnitEnemy"", ""IssuePointOrderById""]",[],6
j5,20409,20411,"[""B07N""]","[""GetAttacker"", ""GetOwningPlayer"", ""GetTriggerUnit"", ""GetUnitAbilityLevel"", ""IsUnitAlly""]",[],2
J5,20412,20414,[],"[""GetAttacker"", ""GetTriggerUnit"", ""GetUnitX"", ""GetUnitY"", ""IssuePointOrderById""]",[],2
K5,20415,20435,[],"[""DisableTrigger"", ""EnableTrigger"", ""GetAttacker"", ""GetOwningPlayer"", ""GetRectMaxX"", ""GetRectMaxY"", ""GetRectMinX"", ""GetRectMinY"", ""GetTriggerUnit"", ""GetUnitX"", ""GetUnitY"", ""IsPlayerInForce"", ""IsUnitEnemy"", ""IssuePointOrderById""]",[],6
L5,20436,20438,[],"[""GetEnumItem"", ""RemoveItem""]",[],1
m5,20439,20460,[],"[""EnumItemsInRect"", ""GetRandomInt"", ""PlaceRandomItem""]","[""L5""]",12
p5,20461,20484,[],"[""bl""]",[],2
q5,20485,20487,"[""n03W""]","[""GetTriggerUnit"", ""GetUnitTypeId""]",[],2
Q5,20488,20508,[],"[""GetLocalPlayer"", ""GetOwningPlayer"", ""GetPlayerSlotState"", ""GetTriggerUnit"", ""GetUnitX"", ""GetUnitY"", ""PanCameraToTimed"", ""SetUnitX"", ""SetUnitY"", ""xK""]",[],7
u5,20509,20511,[],"[""GetSoldUnit"", ""IsUnitType""]",[],1
U5,20512,20576,"[""A0PC"", ""HERO""]","[""ClearSelection"", ""Cos"", ""DisplayTimedTextToPlayer"", ""GetLocalPlayer"", ""GetOwningPlayer"", ""GetSellingUnit"", ""GetSoldUnit"", ""GetUnitName"", ""GetUnitTypeId"", ""GetUnitX"", ""GetUnitY"", ""I2R"", ""L1"", ""M1"", ""OW"", ""P1"", ""PanCameraToTimed"", ""PauseUnit"", ""Player"", ""RemoveUnit"", ""RemoveUnitFromStock"", ""SW"", ""SelectUnit"", ""SetPlayerAbilityAvailable"", ""SetPlayerTechMaxAllowed"", ""SetUnitUserData"", ""ShowUnit"", ""Sin"", ""U1"", ""UnitAddAbility"", ""xK""]",[],42
y5,20577,20596,[],"[""ClearSelection"", ""Cos"", ""GetLocalPlayer"", ""GetOwningPlayer"", ""GetRevivingUnit"", ""GroupRemoveUnit"", ""I2R"", ""PanCameraToTimed"", ""RectContainsUnit"", ""SelectUnit"", ""SetUnitPosition"", ""Sin"", ""xK""]",[],7
z5,20597,20605,"[""HERO""]","[""GetPlayerId"", ""GetTriggerPlayer"", ""O2"", ""SetPlayerTechMaxAllowed""]",[],4
v6,20606,20610,[],"[""EnumDestructablesInRect"", ""Rect""]",[],3
o6,20611,20615,"[""LTbr""]","[""GetDestructableLife"", ""GetDestructableTypeId"", ""GetEnumDestructable"", ""GetEnumUnit"", ""IssueTargetOrderById""]",[],3
r6,20616,20620,[],"[""GetEnumUnit"", ""GetUnitState"", ""GetUnitX"", ""GetUnitY"", ""v6""]","[""o6""]",3
a6,20621,20623,[],"[""GetFilterUnit"", ""GetOwningPlayer"", ""Player""]",[],1
n6,20624,20630,[],"[""CreateGroup"", ""DestroyGroup"", ""Filter"", ""ForGroup"", ""GroupEnumUnitsInRect"", ""Rect""]","[""a6"", ""r6""]",3
v5,20631,20635,[],"[""CreateTrigger"", ""TriggerAddAction"", ""TriggerRegisterTimerEvent""]","[""n6""]",3
V6,20636,20638,[],"[""GetItemType"", ""GetManipulatedItem""]",[],1
E6,20639,20641,[],"[""GetManipulatedItem"", ""RemoveItem""]",[],1
O6,20642,20644,"[""rdis""]","[""GetItemTypeId"", ""GetManipulatedItem""]",[],1
R6,20645,20647,[],"[""GetFilterUnit"", ""GetOwningPlayer"", ""GetUnitUserData"", ""GetWidgetLife"", ""IsUnitType"", ""Player""]",[],2
I6,20648,20666,[],"[""Condition"", ""CreateGroup"", ""DestroyGroup"", ""FirstOfGroup"", ""GetManipulatingUnit"", ""GetUnitLoc"", ""GroupEnumUnitsInRangeOfLoc"", ""GroupRemoveUnit"", ""RemoveLocation"", ""hL""]","[""R6""]",3
N6,20667,20669,"[""AIil""]","[""GetSpellAbilityId""]",[],1
b6,20670,20679,"[""A04U""]","[""GetOwningPlayer"", ""GetSpellAbilityUnit"", ""GetSpellTargetUnit"", ""GetUnitAbilityLevel"", ""IssueImmediateOrderById"", ""dl""]",[],3
c6,20680,20692,"[""I01C"", ""I069"", ""I06H"", ""I06K"", ""I07F"", ""I07L"", ""I095""]","[""GetRandomInt""]",[],9
C6,20693,20786,"[""E00E"", ""E00J"", ""I05F"", ""I05T"", ""I05U"", ""I05W"", ""I07W"", ""I0AI"", ""I0AT"", ""O00D"", ""U00T""]","[""AddHeroXP"", ""AddSpecialEffectTarget"", ""CreateGroup"", ""CreateItem"", ""DestroyEffect"", ""DestroyGroup"", ""DisplayTimedTextToPlayer"", ""FirstOfGroup"", ""GetItemName"", ""GetItemTypeId"", ""GetLocalPlayer"", ""GetManipulatedItem"", ""GetManipulatingUnit"", ""GetOwningPlayer"", ""GetPlayerState"", ""GetRandomInt"", ""GetUnitTypeId"", ""GetUnitX"", ""GetUnitY"", ""GetWidgetLife"", ""GetWidgetX"", ""GetWidgetY"", ""GroupEnumUnitsInRange"", ""GroupRemoveUnit"", ""I2S"", ""IsUnitAlly"", ""IsUnitIllusion"", ""IsUnitType"", ""PlaceRandomItem"", ""SetItemUserData"", ""SetPlayerState"", ""UnitAddItem"", ""UnitAddItemById"", ""UnitInventoryCount"", ""c6"", ""ql"", ""xK""]",[],38
F6,20787,20789,"[""u00M""]","[""GetSellingUnit"", ""GetSoldUnit"", ""GetUnitTypeId"", ""IsUnitType""]",[],2
g6,20790,20840,"[""n000"", ""n007"", ""n00S"", ""n02L"", ""n04Q"", ""n04R"", ""n07F"", ""n07G"", ""n07H""]","[""ClearSelection"", ""GetBuyingUnit"", ""GetLocalPlayer"", ""GetOwningPlayer"", ""GetSellingUnit"", ""GetSoldUnit"", ""GetUnitTypeId"", ""RemoveUnit"", ""SelectUnit""]",[],21
G6,20841,20866,"[""n03H"", ""n03I"", ""n03J"", ""n03K"", ""n03L"", ""n03M"", ""n03N"", ""n03O"", ""n03P"", ""n03R"", ""n03T"", ""n04Y"", ""n05A"", ""n0AG""]","[""Condition"", ""CreateTrigger"", ""Player"", ""TriggerAddAction"", ""TriggerAddCondition"", ""TriggerRegisterPlayerUnitEvent""]","[""F6"", ""g6""]",20
h6,20867,20871,[],"[""AddSpecialEffect"", ""DestroyEffect""]",[],3
j6,20872,20874,[],"[""GetDyingUnit"", ""GetHandleId"", ""Qz""]",[],1
k6,20875,20877,"[""A0K4""]","[""GetEnteringUnit"", ""GetOwningPlayer"", ""GetUnitAbilityLevel"", ""IsUnitType"", ""Kz"", ""Player""]",[],2
K6,20878,20913,[],"[""DestroyTimer"", ""FlushChildHashtable"", ""GetExpiredTimer"", ""GetHandleId"", ""GetRectCenterX"", ""GetRectCenterY"", ""GetRectMaxX"", ""GetRectMaxY"", ""GetRectMinX"", ""GetRectMinY"", ""GetUnitX"", ""GetUnitY"", ""LoadUnitHandle"", ""Location"", ""RemoveLocation"", ""SetUnitPositionLoc""]",[],2
l6,20914,20922,[],"[""CreateTimer"", ""GetEnteringUnit"", ""GetHandleId"", ""SaveUnitHandle"", ""TimerStart""]","[""K6""]",3
m6,20923,20925,"[""AIil""]","[""GetSpellAbilityId""]",[],1
M6,20926,20931,"[""N02E""]","[""AddUnitAnimationProperties"", ""GetFilterUnit"", ""GetUnitTypeId"", ""IsUnitIllusion""]",[],2
p6,20932,20941,"[""N02E""]","[""Condition"", ""CreateGroup"", ""DestroyGroup"", ""GetSpellTargetUnit"", ""GetUnitTypeId"", ""GroupEnumUnitsInRect"", ""TriggerSleepAction""]","[""M6""]",4
q6,20942,20944,[],"[""GetFilterUnit"", ""GetOwningPlayer"", ""GetUnitUserData"", ""Player""]",[],2
Q6,20945,20966,"[""A0K4"", ""A0VK""]","[""Condition"", ""CreateGroup"", ""DestroyGroup"", ""FirstOfGroup"", ""GetDestructableX"", ""GetDestructableY"", ""GetTriggerDestructable"", ""GetUnitAbilityLevel"", ""GroupEnumUnitsInRange"", ""GroupRemoveUnit"", ""KillUnit"", ""UnitAddAbility""]","[""q6""]",5
T6,20967,20974,"[""A0RI"", ""A0Z2"", ""n01X""]","[""ConvertUnitType"", ""GetEnteringUnit"", ""GetUnitTypeId"", ""IsUnitType"", ""UnitAddAbility""]",[],5
U6,20975,20985,[],"[""DestroyTimer"", ""FlushChildHashtable"", ""GetExpiredTimer"", ""GetHandleId"", ""LoadUnitHandle"", ""PauseTimer"", ""RemoveUnit""]",[],2
w6,20986,21021,"[""n04W""]","[""Cos"", ""CreateTimer"", ""CreateUnit"", ""GetDestructableX"", ""GetDestructableY"", ""GetHandleId"", ""GetRandomInt"", ""GetRandomReal"", ""GetTriggerDestructable"", ""IssuePointOrderById"", ""Player"", ""Rad2Deg"", ""SaveUnitHandle"", ""Sin"", ""TimerStart""]","[""U6""]",12
y6,21022,21034,[],"[""GetTriggerDestructable"", ""KillDestructable""]",[],1
z6,21035,21037,"[""n01R"", ""n02K""]","[""GetEnteringUnit"", ""GetUnitTypeId""]",[],2
Z6,21038,21047,"[""n01R"", ""n02K""]","[""GetEnteringUnit"", ""GetUnitTypeId"", ""zk""]",[],5
x7,21048,21050,"[""H02Y""]","[""GetEnteringUnit"", ""GetUnitTypeId""]",[],2
o7,21051,21053,[],"[""AddUnitAnimationProperties"", ""GetEnteringUnit""]",[],1
i7,21054,21063,"[""n053"", ""n054"", ""n055"", ""n056"", ""n057""]","[""CreateUnit"", ""Player"", ""SetUnitPathing""]",[],6
n7,21064,21067,"[""I057"", ""I05I"", ""I05K"", ""I05Y"", ""I07R"", ""I085"", ""I088"", ""I08D"", ""I09X"", ""I0AE""]","[""GetItemTypeId"", ""GetManipulatedItem""]",[],2
V7,21068,21105,"[""I057"", ""I05I"", ""I05K"", ""I05Y"", ""I07R"", ""I085"", ""I088"", ""I08D"", ""I09X"", ""I0AE""]","[""GetHandleId"", ""GetItemTypeId"", ""LoadReal"", ""SaveBoolean"", ""SaveReal"", ""StringHash"", ""UnitItemInSlot""]",[],29
R7,21106,21108,[],"[""GetTriggerUnit"", ""V7""]",[],2
I7,21109,21120,[],"[""Condition"", ""CreateTrigger"", ""Player"", ""TriggerAddAction"", ""TriggerAddCondition"", ""TriggerRegisterPlayerUnitEvent""]","[""R7"", ""n7""]",6
A7,21121,21124,"[""A0DV"", ""A0HZ"", ""A0JJ""]","[""GetSpellAbilityId""]",[],3
b7,21125,21141,[],"[""DestroyTimer"", ""FlushChildHashtable"", ""GetExpiredTimer"", ""GetHandleId"", ""LoadInteger"", ""LoadUnitHandle"", ""SetHeroStat"", ""UnitRemoveAbility"", ""qk""]",[],10
d7,21142,21178,"[""A0DV"", ""A0HZ"", ""A0I3"", ""A0IA"", ""A0JJ"", ""A0K3"", ""B03V"", ""B042"", ""B043""]","[""CreateTimer"", ""GetHandleId"", ""GetSpellAbilityId"", ""GetSpellAbilityUnit"", ""R2I"", ""SaveInteger"", ""SaveUnitHandle"", ""SetHeroStat"", ""TimerStart"", ""UnitAddAbility"", ""qk""]","[""b7""]",30
F7,21179,21216,[],"[""AddSpecialEffectTarget"", ""CreateGroup"", ""DestroyGroup"", ""DestroyTimer"", ""FirstOfGroup"", ""FlushChildHashtable"", ""GetExpiredTimer"", ""GetHandleId"", ""GetOwningPlayer"", ""GetUnitState"", ""GetUnitX"", ""GetUnitY"", ""GroupEnumUnitsInRange"", ""GroupRemoveUnit"", ""IsUnitEnemy"", ""IsUnitType"", ""IssueTargetOrderById"", ""LoadInteger"", ""LoadUnitHandle"", ""PauseTimer"", ""RemoveUnit"", ""SaveInteger"", ""SetUnitX"", ""SetUnitY"", ""hL""]",[],10
g7,21217,21232,"[""A1CZ"", ""h01O""]","[""CreateTimer"", ""CreateUnit"", ""GetHandleId"", ""GetOwningPlayer"", ""GetTriggerUnit"", ""GetUnitX"", ""GetUnitY"", ""SaveInteger"", ""SaveUnitHandle"", ""TimerStart"", ""UnitAddAbility""]","[""F7""]",7
G7,21233,21238,"[""A1CU""]","[""GetSpellAbilityId"", ""g7""]",[],3
H7,21239,21271,"[""A08T"", ""A08U"", ""A0K4"", ""A0YP"", ""ACmi""]","[""ConvertUnitType"", ""CreateUnit"", ""GetHeroLevel"", ""GetOwningPlayer"", ""GetSpellAbilityUnit"", ""GetSpellTargetUnit"", ""GetUnitAbilityLevel"", ""GetUnitFacing"", ""GetUnitState"", ""GetUnitTypeId"", ""GetUnitUserData"", ""GetUnitX"", ""GetUnitY"", ""IsUnitIllusion"", ""IsUnitType"", ""SetUnitScale"", ""UL"", ""UnitAddAbility"", ""hL"", ""uL"", ""zl""]",[],10
j7,21272,21277,"[""A0W8""]","[""GetSpellAbilityId"", ""H7""]",[],3
k7,21278,21328,"[""A0NC"", ""Arav"", ""h011""]","[""AddSpecialEffectTarget"", ""Atan2"", ""Cos"", ""CreateGroup"", ""CreateUnit"", ""DestroyEffect"", ""DestroyGroup"", ""FirstOfGroup"", ""GetExpiredTimer"", ""GetHandleId"", ""GetOwningPlayer"", ""GetUnitX"", ""GetUnitY"", ""GetWidgetLife"", ""GroupEnumUnitsInRange"", ""GroupRemoveUnit"", ""IsUnitEnemy"", ""IsUnitType"", ""IssueTargetOrderById"", ""LoadEffectHandle"", ""LoadReal"", ""LoadUnitHandle"", ""SaveReal"", ""SetUnitFlyHeight"", ""SetUnitPathing"", ""SetUnitX"", ""SetUnitY"", ""Sin"", ""SquareRoot"", ""UnitAddAbility"", ""UnitRemoveAbility"", ""ZK"", ""hL"", ""tK""]",[],24
K7,21329,21349,"[""Arav""]","[""AddSpecialEffectTarget"", ""CreateTimer"", ""GetHandleId"", ""GetOwningPlayer"", ""GetSpellAbilityUnit"", ""GetSpellTargetUnit"", ""GetUnitX"", ""GetUnitY"", ""SaveEffectHandle"", ""SaveReal"", ""SaveUnitHandle"", ""SetPlayerAbilityAvailable"", ""SetUnitPathing"", ""TimerStart"", ""UnitAddAbility""]","[""k7""]",8
l7,21350,21420,"[""A0NC"", ""Arav"", ""h011""]","[""AddSpecialEffectTarget"", ""Cos"", ""CreateGroup"", ""CreateUnitAtLoc"", ""DestroyEffect"", ""DestroyGroup"", ""FirstOfGroup"", ""GetExpiredTimer"", ""GetHandleId"", ""GetLocationX"", ""GetLocationY"", ""GetOwningPlayer"", ""GetWidgetLife"", ""GroupEnumUnitsInRangeOfLoc"", ""GroupRemoveUnit"", ""IsUnitEnemy"", ""IsUnitInGroup"", ""IsUnitType"", ""IssueTargetOrderById"", ""LoadEffectHandle"", ""LoadLocationHandle"", ""LoadReal"", ""LoadUnitHandle"", ""RemoveLocation"", ""SaveReal"", ""SetUnitPathing"", ""SetUnitX"", ""SetUnitY"", ""Sin"", ""UnitAddAbility"", ""UnitRemoveAbility"", ""ZK"", ""hL"", ""tK""]",[],35
m7,21421,21457,"[""Arav""]","[""AddSpecialEffectTarget"", ""Atan2"", ""CreateGroup"", ""CreateTimer"", ""GetHandleId"", ""GetLocationX"", ""GetLocationY"", ""GetOwningPlayer"", ""GetSpellAbilityUnit"", ""GetSpellTargetUnit"", ""GetUnitLoc"", ""SaveEffectHandle"", ""SaveLocationHandle"", ""SaveReal"", ""SaveUnitHandle"", ""SetPlayerAbilityAvailable"", ""SetUnitPathing"", ""SquareRoot"", ""TimerStart"", ""UnitAddAbility""]","[""l7""]",18
M7,21458,21466,"[""A0FI"", ""A0NA""]","[""GetSpellAbilityId"", ""GetSpellTargetUnit"", ""K7"", ""OL"", ""m7""]",[],5
P7,21467,21489,"[""B02Q""]","[""DestroyGroup"", ""FirstOfGroup"", ""GetExpiredTimer"", ""GetHandleId"", ""GetUnitAbilityLevel"", ""Gl"", ""GroupRemoveUnit"", ""LoadGroupHandle"", ""SetUnitTimeScale"", ""tK""]",[],4
q7,21490,21522,[],"[""DestroyGroup"", ""FirstOfGroup"", ""GetExpiredTimer"", ""GetHandleId"", ""Gl"", ""GroupRemoveUnit"", ""I2S"", ""LoadGroupHandle"", ""LoadUnitHandle"", ""RemoveUnit"", ""SetUnitTimeScale"", ""StringHash"", ""tK""]",[],5
Q7,21523,21600,"[""A03W"", ""A0KP"", ""h011"", ""h03N""]","[""Cos"", ""CreateGroup"", ""CreateTimer"", ""CreateUnit"", ""DestroyGroup"", ""FirstOfGroup"", ""GetHandleId"", ""GetOwningPlayer"", ""GetSpellAbilityId"", ""GetSpellTargetUnit"", ""GetTriggerUnit"", ""GetUnitX"", ""GetUnitY"", ""GetWidgetLife"", ""GroupAddUnit"", ""GroupEnumUnitsInRange"", ""GroupRemoveUnit"", ""I2S"", ""IsUnitEnemy"", ""IsUnitType"", ""IssueTargetOrderById"", ""PauseUnit"", ""SaveGroupHandle"", ""SaveUnitHandle"", ""SetUnitAnimation"", ""SetUnitTimeScale"", ""SetUnitX"", ""SetUnitY"", ""Sin"", ""St"", ""StringHash"", ""TimerStart"", ""UnitAddAbility"", ""hL"", ""hQ""]","[""P7"", ""q7""]",26
T7,21601,21606,"[""A09B"", ""A0KP""]","[""GetSpellAbilityId"", ""Q7""]",[],3
U7,21607,21630,[],"[""CreateGroup"", ""DestroyGroup"", ""FirstOfGroup"", ""GetExpiredTimer"", ""GetHandleId"", ""GetOwningPlayer"", ""GetUnitState"", ""GroupEnumUnitsInRange"", ""GroupRemoveUnit"", ""IsUnitEnemy"", ""IsUnitType"", ""LoadReal"", ""LoadUnitHandle"", ""hL"", ""tK""]",[],7
w7,21631,21639,[],"[""CreateTimer"", ""GetHandleId"", ""GetSpellTargetX"", ""GetSpellTargetY"", ""GetTriggerUnit"", ""SaveReal"", ""SaveUnitHandle"", ""TimerStart""]","[""U7""]",5
W7,21640,21645,"[""S000""]","[""GetSpellAbilityId"", ""w7""]",[],3
Y7,21646,21648,"[""A0WK""]","[""GetSpellAbilityId""]",[],2
z7,21649,21694,[],"[""Cos"", ""GetExpiredTimer"", ""GetHandleId"", ""GetUnitState"", ""GetUnitX"", ""GetUnitY"", ""LoadInteger"", ""LoadReal"", ""LoadUnitHandle"", ""RemoveUnit"", ""SaveInteger"", ""SaveReal"", ""SetUnitState"", ""SetUnitX"", ""SetUnitY"", ""Sin"", ""tK""]",[],35
Z7,21695,21730,"[""n04C""]","[""CreateTimer"", ""CreateUnit"", ""Deg2Rad"", ""GetHandleId"", ""GetOwningPlayer"", ""GetTriggerUnit"", ""GetUnitFacing"", ""GetUnitState"", ""GetUnitX"", ""GetUnitY"", ""SaveInteger"", ""SaveReal"", ""SaveUnitHandle"", ""SetUnitColor"", ""SetUnitPathing"", ""TimerStart""]","[""z7""]",24
e8,21731,21741,[],"[""GetFilterUnit"", ""GetOwningPlayer"", ""GetUnitState"", ""GetUnitX"", ""GetUnitY"", ""IsUnitAlly"", ""IsUnitInGroup"", ""IsUnitType"", ""IsUnitVisible"", ""hl""]",[],2
x8,21742,21815,[],"[""AddSpecialEffectTarget"", ""Atan2"", ""Condition"", ""Cos"", ""CreateGroup"", ""DT"", ""DestroyEffect"", ""DestroyGroup"", ""FlushChildHashtable"", ""GetHandleId"", ""GetOwningPlayer"", ""GetTriggeringTrigger"", ""GetUnitState"", ""GetUnitX"", ""GetUnitY"", ""GroupAddUnit"", ""GroupEnumUnitsInRange"", ""I2S"", ""IsUnitVisible"", ""KillUnit"", ""LoadGroupHandle"", ""LoadInteger"", ""LoadReal"", ""LoadUnitHandle"", ""R2I"", ""RemoveUnit"", ""SaveInteger"", ""SaveReal"", ""SaveUnitHandle"", ""SetUnitX"", ""SetUnitY"", ""Sin"", ""fL"", ""hL"", ""hl"", ""ql""]","[""e8""]",49
a8,21816,21838,"[""h02O""]","[""Condition"", ""CreateGroup"", ""CreateTrigger"", ""CreateUnit"", ""GetHandleId"", ""GetOwningPlayer"", ""GetSpellTargetUnit"", ""GetTriggerUnit"", ""GetUnitFacing"", ""GetUnitX"", ""GetUnitY"", ""GroupAddUnit"", ""SaveGroupHandle"", ""SaveInteger"", ""SaveReal"", ""SaveUnitHandle"", ""SetUnitFlyHeight"", ""TriggerAddCondition"", ""TriggerRegisterTimerEvent""]","[""x8""]",11
n8,21839,21844,"[""A0TX""]","[""GetSpellAbilityId"", ""GetSpellTargetUnit"", ""OL"", ""a8""]",[],3
E8,21845,21847,"[""A0GA""]","[""GetSpellAbilityId""]",[],2
X8,21848,21894,"[""I08J"", ""h00V""]","[""CreateGroup"", ""CreateUnit"", ""DestroyGroup"", ""FirstOfGroup"", ""GetExpiredTimer"", ""GetHandleId"", ""GetOwningPlayer"", ""GetUnitState"", ""GetUnitX"", ""GetUnitY"", ""GroupAddUnit"", ""GroupEnumUnitsInRange"", ""GroupRemoveUnit"", ""IsUnitEnemy"", ""IsUnitInGroup"", ""IsUnitType"", ""IsUnitVisible"", ""LoadGroupHandle"", ""LoadInteger"", ""LoadReal"", ""LoadUnitHandle"", ""SaveInteger"", ""SaveReal"", ""UnitAddItemById"", ""UnitUseItemTarget"", ""ZK"", ""tK""]",[],15
O8,21895,21909,[],"[""CreateGroup"", ""CreateTimer"", ""GetHandleId"", ""GetSpellAbilityUnit"", ""SaveGroupHandle"", ""SaveInteger"", ""SaveReal"", ""SaveUnitHandle"", ""TimerStart""]","[""X8""]",7
I8,21910,21912,"[""A0KQ""]","[""GetSpellAbilityId""]",[],2
A8,21913,21915,"[""A0K4"", ""B07P"", ""B07Q""]","[""GetFilterUnit"", ""GetUnitAbilityLevel"", ""GetWidgetLife"", ""IsUnitType""]",[],2
N8,21916,21923,[],"[""GetUnitState""]",[],6
C8,21924,21948,"[""A0X5"", ""A0X6"", ""A0X7"", ""A0X8"", ""B07P"", ""B07Q""]","[""DestroyGroup"", ""FirstOfGroup"", ""GetExpiredTimer"", ""GetHandleId"", ""Gl"", ""GroupRemoveUnit"", ""LoadGroupHandle"", ""UnitRemoveAbility"", ""tK""]",[],8
d8,21949,22007,"[""A0X5"", ""A0X6"", ""A0X7"", ""A0X8"", ""O006""]","[""AddSpecialEffectTarget"", ""Condition"", ""CreateGroup"", ""CreateTimer"", ""DestroyEffect"", ""DestroyGroup"", ""FirstOfGroup"", ""GetHandleId"", ""GetOwningPlayer"", ""GetSpellAbilityUnit"", ""GetUnitState"", ""GetUnitTypeId"", ""GetUnitUserData"", ""GetUnitX"", ""GetUnitY"", ""GetWidgetX"", ""GetWidgetY"", ""Gl"", ""GroupEnumUnitsInRange"", ""GroupRemoveUnit"", ""I2S"", ""IsUnitAlly"", ""N8"", ""R2I"", ""Rp"", ""SaveGroupHandle"", ""SetPlayerAbilityAvailable"", ""SetUnitState"", ""TimerStart"", ""UnitAddAbility"", ""UnitMakeAbilityPermanent"", ""hL"", ""ql""]","[""A8"", ""C8""]",24
g8,22008,22010,"[""A0UD""]","[""GetSpellAbilityId""]",[],2
G8,22011,22020,"[""A0VG"", ""h011""]","[""CreateUnit"", ""GetOwningPlayer"", ""GetSpellAbilityUnit"", ""GetUnitX"", ""GetUnitY"", ""IssueTargetOrderById"", ""UnitAddAbility"", ""ZK""]",[],5
H8,22021,22023,"[""A0QQ""]","[""GetSpellAbilityId""]",[],2
j8,22024,22041,[],"[""DestroyEffect"", ""GetExpiredTimer"", ""GetHandleId"", ""GetUnitX"", ""GetUnitY"", ""IssuePointOrderById"", ""LoadEffectHandle"", ""LoadReal"", ""LoadUnitHandle"", ""RemoveUnit"", ""SaveReal"", ""tK""]",[],8
J8,22042,22061,"[""A0WJ"", ""h011""]","[""AddSpecialEffectTarget"", ""CreateTimer"", ""CreateUnit"", ""GetHandleId"", ""GetOwningPlayer"", ""GetSpellAbilityUnit"", ""GetUnitX"", ""GetUnitY"", ""IssuePointOrderById"", ""SaveEffectHandle"", ""SaveReal"", ""SaveUnitHandle"", ""TimerStart"", ""UnitAddAbility""]","[""j8""]",11
K8,22062,22064,"[""A08A""]","[""GetSpellAbilityId""]",[],2
l8,22065,22080,"[""A08A""]","[""GetSpellAbilityUnit"", ""GetSpellTargetX"", ""GetSpellTargetY"", ""GetUnitAbilityLevel"", ""GetUnitX"", ""GetUnitY"", ""jZ""]",[],8
M8,22081,22083,"[""A0M9""]","[""GetSpellAbilityId""]",[],2
p8,22084,22106,[],"[""DestroyLightning"", ""DestroyTimer"", ""FlushChildHashtable"", ""GetExpiredTimer"", ""GetHandleId"", ""GetUnitStatePercent"", ""GetUnitX"", ""GetUnitY"", ""LoadLightningHandle"", ""LoadUnitHandle"", ""MoveLightningEx"", ""PauseTimer"", ""hl""]",[],10
P8,22107,22187,"[""A0MB"", ""B05L""]","[""AddLightningEx"", ""CreateGroup"", ""CreateTimer"", ""DestroyGroup"", ""DestroyTimer"", ""FirstOfGroup"", ""FlushChildHashtable"", ""GetExpiredTimer"", ""GetHandleId"", ""GetOwningPlayer"", ""GetUnitAbilityLevel"", ""GetUnitState"", ""GetUnitX"", ""GetUnitY"", ""GetWidgetLife"", ""GroupEnumUnitsInRange"", ""GroupEnumUnitsInRect"", ""GroupRemoveUnit"", ""IsUnitAlly"", ""IsUnitType"", ""KillUnit"", ""LoadInteger"", ""LoadReal"", ""LoadUnitHandle"", ""PauseTimer"", ""RemoveUnit"", ""Rp"", ""SaveInteger"", ""SaveLightningHandle"", ""SaveReal"", ""SaveUnitHandle"", ""SetLightningColor"", ""TimerStart"", ""UnitRemoveAbility"", ""ap"", ""fl"", ""hl""]","[""p8""]",35
q8,22188,22205,"[""h01O""]","[""AddSpecialEffectTarget"", ""CreateTimer"", ""CreateUnit"", ""GetHandleId"", ""GetOwningPlayer"", ""GetSpellAbilityUnit"", ""GetSpellTargetX"", ""GetSpellTargetY"", ""SaveInteger"", ""SaveReal"", ""SaveUnitHandle"", ""SetUnitScale"", ""TimerStart""]","[""P8""]",8
s8,22206,22208,"[""A057"", ""A0BZ""]","[""GetSpellAbilityId""]",[],2
S8,22209,22238,"[""A057"", ""A0K4""]","[""CreateGroup"", ""DestroyGroup"", ""FirstOfGroup"", ""GetOwningPlayer"", ""GetSpellAbilityId"", ""GetSpellAbilityUnit"", ""GetUnitAbilityLevel"", ""GetUnitState"", ""GetUnitX"", ""GetUnitY"", ""GetWidgetLife"", ""GroupEnumUnitsInRange"", ""GroupRemoveUnit"", ""IsUnitAlly"", ""IsUnitType"", ""Kz"", ""SetUnitState"", ""fL""]",[],6
T8,22239,22241,"[""A07W"", ""A16M""]","[""GetSpellAbilityId"", ""GetSpellTargetUnit"", ""OL""]",[],2
u8,22242,22279,[],"[""AddSpecialEffectTarget"", ""CreateGroup"", ""DestroyEffect"", ""DestroyGroup"", ""DestroyTimer"", ""FirstOfGroup"", ""FlushChildHashtable"", ""GetExpiredTimer"", ""GetHandleId"", ""GetOwningPlayer"", ""GetUnitAbilityLevel"", ""GetUnitX"", ""GetUnitY"", ""GetWidgetLife"", ""GroupEnumUnitsInRange"", ""GroupRemoveUnit"", ""IsUnitEnemy"", ""IsUnitType"", ""LoadInteger"", ""LoadReal"", ""LoadStr"", ""LoadUnitHandle"", ""PauseTimer"", ""SaveReal"", ""hL""]",[],12
U8,22280,22305,"[""A16M"", ""B00O"", ""B0AH""]","[""CreateTimer"", ""GetHandleId"", ""GetSpellAbilityId"", ""GetSpellAbilityUnit"", ""GetSpellTargetUnit"", ""SaveInteger"", ""SaveReal"", ""SaveStr"", ""SaveUnitHandle"", ""TimerStart""]","[""u8""]",14
W8,22306,22308,"[""A0JE""]","[""GetSpellAbilityId""]",[],2
y8,22309,22328,"[""A0I4"", ""A0SC"", ""A17O"", ""B03R"", ""B0AS""]","[""DestroyTimer"", ""FlushChildHashtable"", ""GetExpiredTimer"", ""GetHandleId"", ""GetHeroAgi"", ""GetHeroInt"", ""GetHeroStr"", ""LoadInteger"", ""LoadUnitHandle"", ""SetHeroAgi"", ""SetHeroInt"", ""SetHeroStr"", ""UnitRemoveAbility""]",[],12
Z8,22329,22400,"[""A0I4"", ""A0SC"", ""A17O"", ""I07P"", ""I08D""]","[""CreateTimer"", ""GetHandleId"", ""GetHeroAgi"", ""GetHeroInt"", ""GetHeroStr"", ""GetItemTypeId"", ""GetSpellAbilityUnit"", ""GetSpellTargetItem"", ""GetSpellTargetUnit"", ""GetTriggerUnit"", ""R2I"", ""SaveInteger"", ""SaveUnitHandle"", ""SetHeroAgi"", ""SetHeroInt"", ""SetHeroStr"", ""TimerStart"", ""UnitAddAbility"", ""UnitItemInSlot""]","[""y8""]",34
vrv,22401,22403,"[""A0FX""]","[""GetSpellAbilityId""]",[],1
viv,22404,22427,"[""A0FT"", ""B03E"", ""I076""]","[""DestroyEffect"", ""DestroyTimer"", ""FlushChildHashtable"", ""GetExpiredTimer"", ""GetHandleId"", ""J4"", ""LoadEffectHandle"", ""LoadInteger"", ""LoadUnitHandle"", ""PauseTimer"", ""SaveInteger"", ""SetUnitAbilityLevel"", ""UnitRemoveAbility""]",[],10
vav,22428,22439,"[""A0FT""]","[""AddSpecialEffectTarget"", ""CreateTimer"", ""GetHandleId"", ""GetSpellAbilityUnit"", ""SaveEffectHandle"", ""SaveInteger"", ""SaveUnitHandle"", ""SetUnitAbilityLevel"", ""TimerStart""]","[""viv""]",5
vVv,22440,22442,"[""A06W""]","[""GetSpellAbilityId""]",[],1
vEv,22443,22453,"[""A05V"", ""h011""]","[""CreateUnit"", ""GetOwningPlayer"", ""GetSpellAbilityUnit"", ""GetWidgetX"", ""GetWidgetY"", ""IssuePointOrderById"", ""UnitAddAbility"", ""ZK""]",[],4
vOv,22454,22462,"[""I04B""]","[""GetItemTypeId"", ""GetManipulatedItem"", ""GetTriggerEventId"", ""GetTriggerUnit"", ""zl""]",[],3
vIv,22463,22465,"[""A0FD""]","[""GetSpellAbilityId""]",[],1
vAv,22466,22490,[],"[""AddSpecialEffectTarget"", ""CreateGroup"", ""DestroyEffect"", ""DestroyGroup"", ""FirstOfGroup"", ""GetOwningPlayer"", ""GetSpellTargetUnit"", ""GetUnitState"", ""GetUnitX"", ""GetUnitY"", ""GetWidgetLife"", ""GroupEnumUnitsInRange"", ""GroupRemoveUnit"", ""IsUnitAlly"", ""SetWidgetLife""]",[],3
vBv,22491,22493,"[""A0BI""]","[""GetSpellAbilityId""]",[],1
vcv,22494,22527,[],"[""AddSpecialEffectTarget"", ""CreateGroup"", ""DestroyEffect"", ""DestroyGroup"", ""FirstOfGroup"", ""GetOwningPlayer"", ""GetSpellAbilityUnit"", ""GetUnitState"", ""GetUnitX"", ""GetUnitY"", ""GetWidgetLife"", ""GroupEnumUnitsInRange"", ""GroupRemoveUnit"", ""I2S"", ""IsUnitEnemy"", ""IsUnitType"", ""Kz"", ""R2I"", ""fL"", ""hL"", ""ql""]",[],10
vdv,22528,22530,"[""A0BM""]","[""GetSpellAbilityId""]",[],1
vDv,22531,22540,[],"[""GetFilterUnit"", ""GetUnitUserData"", ""GetWidgetLife"", ""IsUnitEnemy"", ""IsUnitInvisible"", ""IsUnitType"", ""Kz"", ""fl""]",[],2
vfv,22541,22560,[],"[""FirstOfGroup"", ""GetRandomInt"", ""GroupRemoveUnit""]",[],5
vGv,22561,22602,[],"[""AddSpecialEffectTarget"", ""Condition"", ""Cos"", ""CreateGroup"", ""DestroyEffect"", ""DestroyGroup"", ""GetExpiredTimer"", ""GetHandleId"", ""GetOwningPlayer"", ""GetRandomReal"", ""GetUnitX"", ""GetUnitY"", ""GroupEnumUnitsInRange"", ""LoadInteger"", ""LoadUnitHandle"", ""SaveInteger"", ""SaveUnitHandle"", ""Sin"", ""Uk"", ""YK"", ""hL"", ""tK"", ""vfv""]","[""vDv""]",12
vjv,22603,22612,[],"[""CreateTimer"", ""GetHandleId"", ""GetSpellAbilityUnit"", ""SaveInteger"", ""SaveUnitHandle"", ""TimerStart""]","[""vGv""]",3
vkv,22613,22615,"[""A0BP""]","[""GetSpellAbilityId""]",[],1
vKv,22616,22643,[],"[""AddSpecialEffectTarget"", ""CreateGroup"", ""DestroyEffect"", ""DestroyGroup"", ""FirstOfGroup"", ""GetOwningPlayer"", ""GetSpellAbilityUnit"", ""GetUnitLoc"", ""GetWidgetLife"", ""GroupEnumUnitsInRangeOfLoc"", ""GroupRemoveUnit"", ""IsUnitEnemy"", ""IsUnitType"", ""RemoveLocation"", ""Rp"", ""hL""]",[],5
vLv,22644,22646,"[""A16O""]","[""GetSpellAbilityId""]",[],1
vmv,22647,22692,[],"[""CreateGroup"", ""DestroyGroup"", ""FirstOfGroup"", ""GetExpiredTimer"", ""GetHandleId"", ""GetOwningPlayer"", ""GetUnitX"", ""GetUnitY"", ""GetWidgetLife"", ""GroupAddUnit"", ""GroupEnumUnitsInRange"", ""GroupRemoveUnit"", ""IsUnitEnemy"", ""IsUnitInGroup"", ""IsUnitType"", ""LoadGroupHandle"", ""LoadInteger"", ""LoadReal"", ""LoadUnitHandle"", ""RemoveUnit"", ""SaveGroupHandle"", ""SaveInteger"", ""SaveReal"", ""SetUnitX"", ""SetUnitY"", ""hL"", ""tK""]",[],11
vMv,22693,22732,"[""h043""]","[""CreateGroup"", ""CreateTimer"", ""CreateUnit"", ""DT"", ""DestroyEffect"", ""FlushChildHashtable"", ""GetEventDamage"", ""GetHandleId"", ""GetOwningPlayer"", ""GetTriggerEventId"", ""GetTriggeringTrigger"", ""GetUnitX"", ""GetUnitY"", ""LoadEffectHandle"", ""LoadReal"", ""LoadUnitHandle"", ""SaveGroupHandle"", ""SaveInteger"", ""SaveReal"", ""SaveUnitHandle"", ""TimerStart"", ""ZK""]","[""vmv""]",14
vqv,22733,22746,[],"[""AddSpecialEffectTarget"", ""Condition"", ""CreateTrigger"", ""GetHandleId"", ""GetTriggerUnit"", ""SaveEffectHandle"", ""SaveReal"", ""SaveUnitHandle"", ""TriggerAddCondition"", ""TriggerRegisterTimerEvent"", ""TriggerRegisterUnitEvent""]","[""vMv""]",4
vsv,22747,22767,"[""A00W"", ""A0BN"", ""A0KM"", ""B03L"", ""I00H"", ""I03S"", ""I05A""]","[""GetItemTypeId"", ""GetManipulatedItem"", ""GetManipulatingUnit"", ""GetUnitAbilityLevel"", ""TriggerSleepAction"", ""UnitRemoveAbility""]",[],9
vYv,22768,22790,"[""A002"", ""A00W"", ""A0BN"", ""A0KM"", ""A0KT""]","[""GetLearnedSkill"", ""GetLearningUnit"", ""GetUnitAbilityLevel"", ""UnitRemoveAbility""]",[],9
v0v,22791,22853,"[""A00W"", ""A0BN"", ""A0KM"", ""A0KT"", ""B03L"", ""I00H"", ""I03S"", ""I08A"", ""I08F""]","[""GetItemTypeId"", ""GetManipulatedItem"", ""GetManipulatingUnit"", ""UnitItemInSlot"", ""UnitRemoveAbility""]",[],35
v4v,22854,22889,"[""E000"", ""E001"", ""E002"", ""E003"", ""E004"", ""E005"", ""E006"", ""E007"", ""E00B"", ""E00C"", ""E00D"", ""E00F"", ""E00L"", ""E00Q"", ""E00R"", ""E00S"", ""E00T"", ""E00V"", ""E00W"", ""E00X"", ""E00Y"", ""E012"", ""H000"", ""H001"", ""H002"", ""H003"", ""H005"", ""H006"", ""H007"", ""H008"", ""H00A"", ""H00B"", ""H00F"", ""H00M"", ""H00R"", ""H00U"", ""H00X"", ""H00Z"", ""H013"", ""H017"", ""H018"", ""H01D"", ""H01I"", ""H01R"", ""H01T"", ""H01V"", ""H01W"", ""H01Z"", ""H020"", ""H024"", ""H02A"", ""H02E"", ""H02F"", ""H02Y"", ""H03V"", ""H04G"", ""H05C"", ""H05G"", ""N00H"", ""N00T"", ""N00U"", ""N018"", ""N01I"", ""N02E"", ""N02G"", ""N03Y"", ""N03Z"", ""N06Y"", ""N09Z"", ""N0A0"", ""N0A3"", ""N0A4"", ""N0AB"", ""N0AI"", ""O000"", ""O001"", ""O002"", ""O003"", ""O004"", ""O005"", ""O00B"", ""O00G"", ""O00H"", ""O00M"", ""O00N"", ""O00R"", ""U000"", ""U002"", ""U005"", ""U00A"", ""U00B"", ""U00C"", ""U00D"", ""U00F"", ""U00J"", ""U00K"", ""U00Q"", ""U00R"", ""U00S"", ""U00V""]",[],[],22
v6v,22890,22973,[],"[""DestroyTimer"", ""FlushChildHashtable"", ""GetExpiredTimer"", ""GetHandleId"", ""GetOwningPlayer"", ""GetRandomReal"", ""GetRectMaxX"", ""GetRectMaxY"", ""GetRectMinX"", ""GetRectMinY"", ""IssueImmediateOrderById"", ""IssuePointOrderById"", ""LoadUnitHandle"", ""PauseTimer"", ""PauseUnit"", ""SetUnitAnimation"", ""xK""]",[],45
AI_Move_Raund,22974,23037,[],"[""DestroyTimer"", ""FlushChildHashtable"", ""GetExpiredTimer"", ""GetHandleId"", ""GetOwningPlayer"", ""GetRandomReal"", ""GetRectMaxX"", ""GetRectMaxY"", ""GetRectMinX"", ""GetRectMinY"", ""IssuePointOrderById"", ""LoadUnitHandle"", ""PauseTimer"", ""PauseUnit"", ""SetUnitAnimation"", ""xK""]",[],29
v7v,23038,23210,"[""R000"", ""R001"", ""R002"", ""R003"", ""R004"", ""R006"", ""R00E"", ""R00F"", ""R00G"", ""R00H"", ""R00I"", ""R00J""]","[""DestroyTimer"", ""FlushChildHashtable"", ""GetExpiredTimer"", ""GetHandleId"", ""GetOwningPlayer"", ""GetPlayerState"", ""GetRandomInt"", ""IssueImmediateOrderById"", ""LoadBoolean"", ""LoadInteger"", ""LoadUnitHandle"", ""PauseTimer"", ""SaveBoolean"", ""SaveInteger"", ""StringHash"", ""xK""]",[],143
eiv,23211,23245,"[""I01C"", ""I069"", ""I06H"", ""I07F""]","[""CreateItem"", ""GetOwningPlayer"", ""GetPlayerState"", ""GetRandomInt"", ""GetUnitX"", ""GetUnitY"", ""SetItemUserData"", ""SetPlayerState"", ""UnitAddItem"", ""ZL"", ""xK""]",[],9
eav,23246,23281,"[""I022"", ""I023"", ""I03L"", ""I03M"", ""I06C"", ""I06D"", ""I06F"", ""I06G""]","[""DestroyTimer"", ""FlushChildHashtable"", ""GetExpiredTimer"", ""GetHandleId"", ""LoadInteger"", ""LoadUnitHandle"", ""StringHash"", ""Wz"", ""eiv"", ""yz""]",[],15
env,23282,23306,[],"[""GetItemTypeId"", ""GetOwningPlayer"", ""GetPlayerState"", ""RemoveItem"", ""SetPlayerState"", ""UnitItemInSlot"", ""ZL""]",[],5
eEv,23307,23342,"[""I02A"", ""I03N"", ""I03S"", ""I07O"", ""I07T""]","[""env""]",[],23
eOv,23343,23409,"[""E00W"", ""I022"", ""I023"", ""I03L"", ""I03M"", ""I0AD""]","[""CreateItem"", ""CreateTimer"", ""DestroyTimer"", ""FlushChildHashtable"", ""GetExpiredTimer"", ""GetHandleId"", ""GetItemTypeId"", ""GetOwningPlayer"", ""GetPlayerState"", ""GetUnitTypeId"", ""GetUnitX"", ""GetUnitY"", ""LoadBoolean"", ""LoadInteger"", ""LoadUnitHandle"", ""PauseTimer"", ""ReviveHero"", ""SaveBoolean"", ""SaveInteger"", ""SaveUnitHandle"", ""SetItemUserData"", ""SetPlayerState"", ""StringHash"", ""TimerStart"", ""UnitAddItem"", ""UnitItemInSlot"", ""ZL"", ""eEv"", ""env"", ""v4v"", ""xK""]","[""eav""]",28
eIv,23410,23445,[],"[""CreateTimer"", ""DestroyTimer"", ""FlushChildHashtable"", ""GetExpiredTimer"", ""GetHandleId"", ""GetOwningPlayer"", ""GetPlayerState"", ""LoadBoolean"", ""LoadInteger"", ""LoadUnitHandle"", ""PauseTimer"", ""SaveBoolean"", ""SaveUnitHandle"", ""StringHash"", ""TimerStart"", ""xK""]","[""eOv"", ""v7v""]",16
eAv,23446,23464,"[""E00E"", ""E00J"", ""U00T""]","[""CreateTimer"", ""GetEnteringUnit"", ""GetHandleId"", ""GetOwningPlayer"", ""GetRandomReal"", ""GetUnitTypeId"", ""IsUnitType"", ""IssueImmediateOrderById"", ""Player"", ""SaveUnitHandle"", ""TimerStart"", ""xZ""]","[""eIv"", ""v6v""]",6
ebv,23465,23472,"[""E00E"", ""E00J"", ""O00D"", ""U00T""]","[""GetLevelingUnit"", ""GetOwningPlayer"", ""GetUnitTypeId"", ""IsUnitType"", ""Zz"", ""xZ""]",[],1
ecv,23473,23480,[],"[""GetEnumItem"", ""GetItemUserData"", ""GetItemX"", ""GetItemY"", ""GetOwningPlayer"", ""GetUnitX"", ""GetUnitY"", ""GetWidgetLife"", ""UnitAddItem"", ""hl"", ""xK""]",[],1
eCv,23481,23509,[],"[""CountUnitsInGroup""]",[],13
eDv,23510,23525,[],"[""DestroyTimer"", ""FlushChildHashtable"", ""GetExpiredTimer"", ""GetHandleId"", ""IssueTargetOrderById"", ""LoadUnitHandle"", ""PauseTimer"", ""Tz""]",[],3
efv,23526,23594,"[""I03N"", ""I05P"", ""I090""]","[""GetItemTypeId"", ""GetRandomInt"", ""GetUnitX"", ""GetUnitY"", ""HaveSavedInteger"", ""LoadInteger"", ""LoadReal"", ""Tz"", ""UnitItemInSlot"", ""UnitUseItem"", ""UnitUseItemPoint"", ""UnitUseItemTarget"", ""Uz"", ""Yk"", ""tz"", ""wz""]",[],31
eHv,23595,23730,[],"[""Cos"", ""EnumItemsInRect"", ""GetHandleId"", ""GetItemTypeId"", ""GetItemX"", ""GetItemY"", ""GetOwningPlayer"", ""GetRandomInt"", ""GetRandomReal"", ""GetRectCenterX"", ""GetRectCenterY"", ""GetRectMaxX"", ""GetRectMaxY"", ""GetRectMinX"", ""GetRectMinY"", ""GetUnitCurrentOrder"", ""GetUnitFacing"", ""GetUnitState"", ""GetUnitX"", ""GetUnitY"", ""IsPlayerInForce"", ""IssuePointOrderById"", ""IssueTargetOrderById"", ""JL"", ""LoadInteger"", ""RandomItemInRectBJ"", ""SaveInteger"", ""Sin"", ""StringHash"", ""Tz"", ""eCv"", ""efv"", ""hl"", ""uz"", ""xK""]","[""ecv""]",48
eqv,23731,23756,[],"[""GetUnitX"", ""GetUnitY"", ""IssueImmediateOrderById"", ""IssuePointOrderById"", ""Tz"", ""tz""]",[],11
eQv,23757,23773,[],"[""GetUnitX"", ""GetUnitY"", ""IssueImmediateOrderById"", ""IssuePointOrderById"", ""Tz"", ""tz"", ""wz""]",[],6
esv,23774,23789,[],"[""GetUnitX"", ""GetUnitY"", ""IssueImmediateOrderById"", ""IssuePointOrderById"", ""Tz"", ""tz""]",[],6
eSv,23790,23806,[],"[""IssueImmediateOrderById"", ""tz""]",[],7
etv,23807,23819,[],"[""IssueImmediateOrderById"", ""IssueTargetOrderById"", ""Tz"", ""wz""]",[],4
eTv,23820,23829,[],"[""GetUnitX"", ""GetUnitY"", ""IssueImmediateOrderById"", ""IssuePointOrderById"", ""Tz""]",[],3
euv,23830,23845,[],"[""IssueImmediateOrderById"", ""IssueTargetOrderById"", ""Tz"", ""fl""]",[],7
eUv,23846,23862,[],"[""GetUnitX"", ""GetUnitY"", ""IssueImmediateOrderById"", ""IssuePointOrderById"", ""Tz"", ""fl"", ""tz""]",[],6
ewv,23863,23875,[],"[""GetUnitX"", ""GetUnitY"", ""IssueImmediateOrderById"", ""IssuePointOrderById"", ""Tz"", ""tz""]",[],4
eWv,23876,23885,[],"[""GetUnitCurrentOrder"", ""IssueImmediateOrderById"", ""fl"", ""tz""]",[],4
eyv,23886,23898,[],"[""GetUnitX"", ""GetUnitY"", ""IssueImmediateOrderById"", ""IssuePointOrderById"", ""Tz"", ""wz""]",[],4
eYv,23899,23914,[],"[""IssueImmediateOrderById"", ""IssueTargetOrderById"", ""tz"", ""wz""]",[],6
ezv,23915,23938,[],"[""GetUnitCurrentOrder"", ""GetUnitX"", ""GetUnitY"", ""IssueImmediateOrderById"", ""IssuePointOrderById"", ""IssueTargetOrderById"", ""Tz"", ""wz""]",[],7
eZv,23939,23959,[],"[""GetUnitX"", ""GetUnitY"", ""IssueImmediateOrderById"", ""IssuePointOrderById"", ""IssueTargetOrderById"", ""Tz"", ""tz"", ""wz""]",[],8
e_v,23960,23975,[],"[""GetUnitX"", ""GetUnitY"", ""IssueImmediateOrderById"", ""IssuePointOrderById"", ""Tz"", ""fl"", ""tz""]",[],7
e0v,23976,24002,[],"[""Cos"", ""GetUnitFacing"", ""GetUnitX"", ""GetUnitY"", ""IssueImmediateOrder"", ""IssuePointOrderById"", ""Sin"", ""Tz"", ""tz""]",[],12
e1v,24003,24023,[],"[""GetUnitX"", ""GetUnitY"", ""IssueImmediateOrderById"", ""IssuePointOrderById"", ""IssueTargetOrderById"", ""Tz"", ""tz"", ""wz""]",[],10
e2v,24024,24035,[],"[""GetUnitCurrentOrder"", ""GetUnitX"", ""GetUnitY"", ""IssueImmediateOrderById"", ""IssuePointOrderById"", ""Tz"", ""tz""]",[],5
e3v,24036,24049,[],"[""GetUnitX"", ""GetUnitY"", ""IssuePointOrderById"", ""IssueTargetOrderById"", ""Tz"", ""wz""]",[],6
e4v,24050,24067,[],"[""GetUnitX"", ""GetUnitY"", ""IssueImmediateOrderById"", ""IssuePointOrderById"", ""Tz"", ""tz""]",[],8
e5v,24068,24077,[],"[""IssueImmediateOrderById"", ""tz""]",[],5
e6v,24078,24093,[],"[""IssueImmediateOrderById"", ""tz""]",[],8
e7v,24094,24109,[],"[""GetHandleId"", ""GetUnitX"", ""GetUnitY"", ""IssueImmediateOrderById"", ""IssuePointOrderById"", ""LoadInteger"", ""Tz"", ""tz""]",[],8
e8v,24110,24132,[],"[""GetUnitX"", ""GetUnitY"", ""IssueImmediateOrderById"", ""IssuePointOrderById"", ""IssueTargetOrderById"", ""Tz"", ""tz"", ""wz""]",[],11
e9v,24133,24146,[],"[""GetUnitX"", ""GetUnitY"", ""IssueImmediateOrderById"", ""IssuePointOrderById"", ""Tz"", ""fl""]",[],7
xvv,24147,24174,[],"[""GetUnitCurrentOrder"", ""GetUnitX"", ""GetUnitY"", ""IssueImmediateOrderById"", ""IssuePointOrderById"", ""IssueTargetOrderById"", ""Tz"", ""tz"", ""wz""]",[],11
xxv,24175,24189,[],"[""CreateTimer"", ""GetHandleId"", ""IssueImmediateOrderById"", ""SaveUnitHandle"", ""TimerStart"", ""fl"", ""tz""]","[""eDv""]",6
xov,24190,24205,[],"[""IssueImmediateOrderById"", ""tz""]",[],7
xrv,24206,24225,[],"[""GetHandleId"", ""GetUnitState"", ""IssueImmediateOrderById"", ""LoadReal"", ""fl"", ""tz""]",[],9
xnv,24226,24236,[],"[""IssueImmediateOrderById"", ""tz""]",[],5
xVv,24237,24246,[],"[""IssueImmediateOrderById"", ""tz""]",[],4
xEv,24247,24265,[],"[""GetUnitX"", ""GetUnitY"", ""IssuePointOrderById"", ""IssueTargetOrderById"", ""Tz"", ""tz"", ""wz""]",[],7
xXv,24266,24278,[],"[""IssueImmediateOrderById"", ""tz"", ""wz""]",[],6
xOv,24279,24294,[],"[""IssueImmediateOrderById"", ""IssueTargetOrderById"", ""tz"", ""wz""]",[],6
xRv,24295,24306,[],"[""GetUnitX"", ""GetUnitY"", ""IssueImmediateOrderById"", ""IssuePointOrderById"", ""Tz"", ""tz""]",[],4
xIv,24307,24325,[],"[""GetUnitX"", ""GetUnitY"", ""IssueImmediateOrderById"", ""IssuePointOrderById"", ""IssueTargetOrderById"", ""Tz"", ""tz""]",[],8
xAv,24326,24343,[],"[""GetUnitX"", ""GetUnitY"", ""IssueImmediateOrderById"", ""IssuePointOrderById"", ""IssueTargetOrderById"", ""Tz"", ""tz""]",[],7
xNv,24344,24353,[],"[""IssueImmediateOrderById"", ""tz""]",[],4
xbv,24354,24365,[],"[""GetUnitX"", ""GetUnitY"", ""IssueImmediateOrderById"", ""IssuePointOrderById"", ""Tz"", ""tz""]",[],4
xBv,24366,24380,[],"[""GetUnitX"", ""GetUnitY"", ""IssueImmediateOrderById"", ""IssuePointOrderById"", ""Tz"", ""tz"", ""wz""]",[],6
xcv,24381,24399,[],"[""GetUnitCurrentOrder"", ""GetUnitX"", ""GetUnitY"", ""IssueImmediateOrderById"", ""IssuePointOrderById"", ""IssueTargetOrderById"", ""Tz"", ""wz""]",[],7
xCv,24400,24414,[],"[""GetUnitX"", ""GetUnitY"", ""IssueImmediateOrderById"", ""IssuePointOrderById"", ""Tz"", ""tz"", ""wz""]",[],6
xdv,24415,24424,[],"[""IssueImmediateOrderById"", ""tz""]",[],4
xDv,24425,24434,[],"[""GetUnitX"", ""GetUnitY"", ""IssueImmediateOrderById"", ""IssuePointOrderById"", ""Tz"", ""tz""]",[],4
xfv,24435,24450,[],"[""GetUnitX"", ""GetUnitY"", ""IssueImmediateOrderById"", ""IssuePointOrderById"", ""IssueTargetOrderById"", ""Tz"", ""tz"", ""wz""]",[],6
xFv,24451,24475,[],"[""GetUnitCurrentOrder"", ""GetUnitX"", ""GetUnitY"", ""IssueImmediateOrderById"", ""IssuePointOrderById"", ""Tz""]",[],8
xgv,24476,24491,[],"[""IssueImmediateOrderById"", ""fl"", ""tz"", ""wz""]",[],8
xGv,24492,24506,[],"[""IssueImmediateOrderById"", ""IssueTargetOrderById"", ""Tz"", ""tz""]",[],6
xhv,24507,24520,[],"[""GetUnitX"", ""GetUnitY"", ""IssuePointOrderById"", ""IssueTargetOrderById"", ""Tz"", ""tz""]",[],6
xHv,24521,24537,[],"[""GetUnitX"", ""GetUnitY"", ""IssueImmediateOrderById"", ""IssuePointOrderById"", ""Tz"", ""tz""]",[],6
xjv,24538,24558,[],"[""GetUnitX"", ""GetUnitY"", ""IssueImmediateOrderById"", ""IssuePointOrderById"", ""Tz"", ""tz""]",[],10
xJv,24559,24577,[],"[""IssueImmediateOrderById"", ""IssueTargetOrderById"", ""Tz"", ""tz"", ""wz""]",[],8
xkv,24578,24590,[],"[""GetUnitX"", ""GetUnitY"", ""IssuePointOrderById"", ""Tz"", ""tz""]",[],5
xKv,24591,24608,[],"[""GetUnitX"", ""GetUnitY"", ""IssueImmediateOrderById"", ""IssuePointOrderById"", ""Tz"", ""tz""]",[],6
xlv,24609,24629,[],"[""GetUnitX"", ""GetUnitY"", ""IssueImmediateOrderById"", ""IssuePointOrderById"", ""IssueTargetOrderById"", ""Tz"", ""tz"", ""wz""]",[],7
xLv,24630,24645,[],"[""GetUnitX"", ""GetUnitY"", ""IssueImmediateOrderById"", ""IssuePointOrderById"", ""Tz"", ""tz""]",[],6
xmv,24646,24676,[],"[""GetRandomInt"", ""GetUnitX"", ""GetUnitY"", ""IssueImmediateOrderById"", ""IssuePointOrderById"", ""Tz"", ""tz""]",[],13
xpv,24677,24686,[],"[""IssueImmediateOrderById"", ""fl"", ""tz""]",[],4
xPv,24687,24705,[],"[""GetUnitX"", ""GetUnitY"", ""IssuePointOrderById"", ""Tz"", ""tz""]",[],7
xqv,24706,24723,[],"[""GetUnitX"", ""GetUnitY"", ""IssuePointOrderById"", ""Tz""]",[],5
xQv,24724,24739,[],"[""IssueImmediateOrderById"", ""IssueTargetOrderById"", ""Tz"", ""tz""]",[],6
xsv,24740,24752,[],"[""IssueImmediateOrderById"", ""IssueTargetOrderById"", ""Tz"", ""tz""]",[],4
xSv,24753,24773,[],"[""GetUnitX"", ""GetUnitY"", ""IssueImmediateOrderById"", ""IssuePointOrderById"", ""Tz"", ""tz""]",[],8
xtv,24774,24789,[],"[""GetUnitX"", ""GetUnitY"", ""IssueImmediateOrderById"", ""IssuePointOrderById"", ""Tz"", ""fl"", ""tz""]",[],6
xTv,24790,24800,[],"[""IssueImmediateOrderById"", ""tz"", ""wz""]",[],5
xuv,24801,24812,[],"[""IssueImmediateOrderById"", ""IssueTargetOrderById"", ""tz"", ""wz""]",[],4
xUv,24813,24829,"[""O00D""]","[""GetUnitTypeId"", ""IssueImmediateOrderById"", ""IssueTargetOrderById"", ""tz"", ""wz""]",[],7
xwv,24830,24890,"[""A12T"", ""A1C1"", ""A1C2"", ""A1C3"", ""A1C4"", ""A1C5"", ""A1C6"", ""A1C7"", ""A1C8"", ""A1C9"", ""A1CA""]","[""GetHandleId"", ""GetHeroLevel"", ""GetRandomInt"", ""GetUnitAbilityLevel"", ""GetUnitX"", ""GetUnitY"", ""IssueImmediateOrder"", ""IssueImmediateOrderById"", ""IssuePointOrder"", ""IssuePointOrderById"", ""LoadInteger"", ""Tz"", ""UnitAddAbility"", ""tz"", ""wz""]",[],32
xYv,24891,24909,[],"[""GetUnitCurrentOrder"", ""IssueImmediateOrderById"", ""IssueTargetOrderById"", ""tz"", ""wz""]",[],7
xzv,24910,24924,[],"[""IssueImmediateOrderById"", ""IssueTargetOrderById"", ""Tz"", ""fl"", ""tz""]",[],6
xZv,24925,24941,[],"[""GetUnitX"", ""GetUnitY"", ""IssuePointOrderById"", ""Tz""]",[],5
x_v,24942,24958,[],"[""GetUnitX"", ""GetUnitY"", ""IssueImmediateOrderById"", ""IssuePointOrderById"", ""Tz"", ""fl""]",[],5
x0v,24959,24978,[],"[""GetUnitX"", ""GetUnitY"", ""IssuePointOrderById"", ""Tz"", ""wz""]",[],7
x1v,24979,24998,[],"[""GetUnitX"", ""GetUnitY"", ""IssueImmediateOrderById"", ""IssuePointOrderById"", ""Tz"", ""wz""]",[],8
x2v,24999,25015,[],"[""GetUnitX"", ""GetUnitY"", ""IssueImmediateOrderById"", ""IssuePointOrderById"", ""IssueTargetOrderById"", ""Tz"", ""fl""]",[],6
x3v,25016,25031,[],"[""IssueImmediateOrderById"", ""tz""]",[],8
x4v,25032,25047,[],"[""GetUnitX"", ""GetUnitY"", ""IssueImmediateOrderById"", ""IssuePointOrderById"", ""Tz"", ""tz"", ""wz""]",[],7
x5v,25048,25070,[],"[""GetUnitX"", ""GetUnitY"", ""IssueImmediateOrderById"", ""IssuePointOrderById"", ""Tz"", ""fl"", ""tz""]",[],9
x6v,25071,25085,[],"[""GetUnitX"", ""GetUnitY"", ""IssueImmediateOrderById"", ""IssuePointOrderById"", ""Tz"", ""tz""]",[],7
x7v,25086,25104,[],"[""GetUnitX"", ""GetUnitY"", ""IssueImmediateOrderById"", ""IssuePointOrderById"", ""Tz"", ""tz""]",[],7
x8v,25105,25116,[],"[""GetUnitX"", ""GetUnitY"", ""IssueImmediateOrderById"", ""IssuePointOrderById"", ""Tz"", ""fl"", ""tz""]",[],5
x9v,25117,25128,[],"[""GetUnitX"", ""GetUnitY"", ""IssuePointOrderById"", ""IssueTargetOrderById"", ""Tz"", ""tz""]",[],5
ovv,25129,25140,[],"[""GetUnitX"", ""GetUnitY"", ""IssueImmediateOrderById"", ""IssuePointOrderById"", ""Tz"", ""tz""]",[],4
oev,25141,25158,[],"[""GetUnitX"", ""GetUnitY"", ""IssueImmediateOrderById"", ""IssuePointOrderById"", ""Tz"", ""tz""]",[],7
oxv,25159,25170,[],"[""GetUnitX"", ""GetUnitY"", ""IssueImmediateOrderById"", ""IssuePointOrderById"", ""Tz"", ""tz""]",[],4
oov,25171,25194,[],"[""GetHandleId"", ""GetUnitX"", ""GetUnitY"", ""IssueImmediateOrderById"", ""IssuePointOrderById"", ""LoadUnitHandle"", ""StringHash"", ""Tz"", ""Uk"", ""fl"", ""tz""]",[],8
orv,25195,25217,[],"[""GetUnitX"", ""GetUnitY"", ""IssueImmediateOrderById"", ""IssuePointOrderById"", ""IssueTargetOrderById"", ""Tz"", ""tz"", ""wz""]",[],8
oiv,25218,25235,[],"[""GetUnitX"", ""GetUnitY"", ""IssuePointOrderById"", ""IssueTargetOrderById"", ""Tz"", ""tz""]",[],6
oav,25236,25251,[],"[""GetUnitX"", ""GetUnitY"", ""IssueImmediateOrderById"", ""IssuePointOrderById"", ""Tz"", ""tz""]",[],6
onv,25252,25270,[],"[""GetUnitX"", ""GetUnitY"", ""IssueImmediateOrderById"", ""IssuePointOrderById"", ""Tz"", ""fl"", ""tz""]",[],8
oVv,25271,25289,[],"[""GetUnitX"", ""GetUnitY"", ""IssueImmediateOrderById"", ""IssuePointOrderById"", ""Tz"", ""tz""]",[],6
oEv,25290,25312,[],"[""GetRandomInt"", ""GetUnitX"", ""GetUnitY"", ""IssueImmediateOrderById"", ""IssuePointOrderById"", ""Tz"", ""tz""]",[],10
oXv,25313,25329,[],"[""GetUnitX"", ""GetUnitY"", ""IssuePointOrderById"", ""Tz"", ""tz""]",[],5
oOv,25330,25347,[],"[""GetUnitX"", ""GetUnitY"", ""IssueImmediateOrderById"", ""IssuePointOrderById"", ""Tz"", ""fl"", ""tz""]",[],8
oRv,25348,25366,[],"[""GetUnitX"", ""GetUnitY"", ""IssueImmediateOrderById"", ""IssuePointOrderById"", ""IssueTargetOrderById"", ""Tz"", ""tz"", ""wz""]",[],8
oIv,25367,25387,[],"[""GetUnitX"", ""GetUnitY"", ""IssueImmediateOrderById"", ""IssuePointOrderById"", ""Tz"", ""tz""]",[],5
oNv,25388,25401,[],"[""ExecuteFunc"", ""GetUnitTypeId"", ""LoadStr""]",[],4
oBv,25402,25421,[],"[""GetOwningPlayer"", ""IsUnitHidden"", ""IsUnitPaused"", ""Yk"", ""eHv"", ""oNv"", ""xK"", ""xZ""]",[],3
ocv,25422,25427,[],"[""SaveInteger"", ""SaveReal""]",[],4
oFv,25428,25432,"[""LTbr""]","[""GetDestructableTypeId"", ""GetEnumDestructable"", ""KillDestructable""]",[],0
ogv,25433,25435,[],"[""EnumDestructablesInRect""]","[""oFv""]",0
oGv,25436,25444,[],"[""DestroyTimer"", ""GetExpiredTimer"", ""GetHandleId"", ""IssueImmediateOrderById"", ""LoadUnitHandle""]",[],2
ohv,25445,25482,[],"[""CreateTimer"", ""DestroyTimer"", ""GetExpiredTimer"", ""GetHandleId"", ""GetOwningPlayer"", ""GetRandomReal"", ""GetRectMaxX"", ""GetRectMaxY"", ""GetRectMinX"", ""GetRectMinY"", ""GetUnitState"", ""IssuePointOrderById"", ""SaveUnitHandle"", ""TimerStart"", ""xK"", ""xZ""]","[""oGv""]",9
oHv,25483,25519,[],"[""CreateTimer"", ""DestroyTimer"", ""GetExpiredTimer"", ""GetOwningPlayer"", ""GetRandomReal"", ""GetRectMaxX"", ""GetRectMaxY"", ""GetRectMinX"", ""GetRectMinY"", ""IssuePointOrderById"", ""KillDestructable"", ""TimerStart"", ""ogv"", ""xK"", ""xZ""]","[""ohv""]",7
ojv,25520,25557,[],"[""CreateTimer"", ""DisplayTimedTextToPlayer"", ""GetLocalPlayer"", ""GetOwningPlayer"", ""GetRandomReal"", ""GetRectMaxX"", ""GetRectMaxY"", ""GetRectMinX"", ""GetRectMinY"", ""I2S"", ""IssuePointOrderById"", ""TimerStart"", ""Yk"", ""xK"", ""xZ""]","[""oHv""]",10
okv,25558,27131,"[""E000"", ""E002"", ""E003"", ""E004"", ""E005"", ""E006"", ""E007"", ""E00B"", ""E00C"", ""E00D"", ""E00F"", ""E00L"", ""E00Q"", ""E00R"", ""E00S"", ""E00T"", ""E00V"", ""E00W"", ""E00X"", ""E00Y"", ""E012"", ""E03Z"", ""H000"", ""H001"", ""H002"", ""H003"", ""H005"", ""H006"", ""H007"", ""H008"", ""H00A"", ""H00B"", ""H00F"", ""H00M"", ""H00R"", ""H00U"", ""H00X"", ""H00Z"", ""H013"", ""H017"", ""H018"", ""H01D"", ""H01I"", ""H01R"", ""H01T"", ""H01V"", ""H01W"", ""H01Y"", ""H01Z"", ""H020"", ""H024"", ""H02A"", ""H02E"", ""H02F"", ""H02Y"", ""H04G"", ""H050"", ""H05C"", ""H09Z"", ""N00H"", ""N00T"", ""N00U"", ""N018"", ""N01I"", ""N02G"", ""N03Y"", ""N06Y"", ""N0A0"", ""N0A3"", ""N0A4"", ""N0AB"", ""N0AI"", ""N0AM"", ""O000"", ""O001"", ""O002"", ""O003"", ""O004"", ""O005"", ""O00B"", ""O00G"", ""O00H"", ""O00M"", ""O00N"", ""O00R"", ""U000"", ""U002"", ""U005"", ""U00A"", ""U00B"", ""U00C"", ""U00D"", ""U00F"", ""U00K"", ""U00Q"", ""U00R"", ""U00S"", ""U00V""]","[""SaveStr""]",[],1564
r7v,27132,27139,[],"[""GetLevelingUnit"", ""GetOwningPlayer"", ""sl"", ""xZ""]",[],2
r8v,27140,27148,[],"[""GetOwningPlayer"", ""GetRandomInt"", ""GetSpellAbilityId"", ""GetSpellAbilityUnit"", ""hK"", ""sl"", ""xZ""]",[],4
ivv,27149,27158,[],"[""GetItemType"", ""GetManipulatedItem"", ""GetManipulatingUnit"", ""GetOwningPlayer"", ""sl"", ""xZ""]",[],1
iev,27159,27166,"[""A0A9""]","[""GetDyingUnit"", ""GetOwningPlayer"", ""GetUnitAbilityLevel"", ""IsUnitType"", ""sl"", ""xZ""]",[],2
ixv,27167,27174,[],"[""GetOwningPlayer"", ""GetRevivingUnit"", ""sl"", ""xZ""]",[],1
iov,27175,27204,[],"[""CreateTrigger"", ""DisableTrigger"", ""Player"", ""TriggerAddAction"", ""TriggerRegisterPlayerUnitEvent"", ""okv""]","[""iev"", ""ivv"", ""ixv"", ""r7v"", ""r8v""]",5
iEv,27205,27231,"[""A01Y"", ""A07N"", ""A13G"", ""A19L"", ""Bspe""]","[""DK"", ""GetUnitAbilityLevel"", ""GetUnitMoveSpeed"", ""SetUnitMoveSpeed"", ""UnitRemoveAbility""]",[],10
iIv,27232,27253,[],"[""GetExpiredTimer"", ""GetHandleId"", ""GetUnitState"", ""LoadInteger"", ""LoadUnitHandle"", ""SaveInteger"", ""SetUnitState"", ""tK""]",[],6
ibv,27254,27275,"[""A19M"", ""A19U"", ""h011""]","[""CreateTimer"", ""CreateUnit"", ""GetHandleId"", ""GetSpellAbilityId"", ""GetSpellAbilityUnit"", ""GetUnitAbilityLevel"", ""GetUnitX"", ""GetUnitY"", ""IssueTargetOrderById"", ""Player"", ""SaveInteger"", ""SaveUnitHandle"", ""TimerStart"", ""UnitAddAbility"", ""ZK"", ""hK"", ""rL""]","[""iIv""]",9
icv,27276,27317,"[""A0K4"", ""A19N""]","[""CreateGroup"", ""DK"", ""DestroyGroup"", ""FirstOfGroup"", ""GetOwningPlayer"", ""GetUnitAbilityLevel"", ""GetUnitState"", ""GetUnitX"", ""GetUnitY"", ""GetWidgetLife"", ""GroupAddUnit"", ""GroupEnumUnitsInRange"", ""GroupRemoveUnit"", ""IsUnitAlly"", ""IsUnitInGroup"", ""IsUnitType"", ""SetUnitState""]",[],7
iDv,27318,27353,"[""A19Q""]","[""DK"", ""GetFloatGameState"", ""GetUnitAbilityLevel"", ""GetUnitState"", ""SetUnitState""]",[],10
ihv,27354,27356,[],"[""GetDyingUnit"", ""GetOwningPlayer"", ""GetUnitUserData"", ""Player""]",[],1
iHv,27357,27383,"[""A19R"", ""I09D""]","[""DK"", ""GetItemTypeId"", ""GetUnitAbilityLevel"", ""RemoveItem"", ""UnitItemInSlot""]",[],12
iJv,27384,27418,"[""A0K4"", ""A19S""]","[""CreateGroup"", ""DK"", ""DestroyGroup"", ""FirstOfGroup"", ""GetOwningPlayer"", ""GetUnitAbilityLevel"", ""GetUnitX"", ""GetUnitY"", ""GetWidgetLife"", ""GroupEnumUnitsInRange"", ""GroupRemoveUnit"", ""IsUnitEnemy"", ""IsUnitType"", ""IssueTargetOrderById"", ""hL""]",[],8
iKv,27419,27439,"[""A19T""]","[""DK"", ""DisplayTimedTextToPlayer"", ""GetDyingUnit"", ""GetLocalPlayer"", ""GetUnitAbilityLevel"", ""GetUnitName"", ""GetWidgetLife"", ""IsUnitType"", ""KillUnit""]",[],6
iLv,27440,27461,[],[],[],18
imv,27462,27474,[],"[""DestroyTimer"", ""DisplayTimedTextToPlayer"", ""GetExpiredTimer"", ""GetLocalPlayer"", ""iLv""]",[],3
ipv,27475,27496,[],"[""GetRandomInt""]",[],5
iQv,27497,27527,[],"[""GetRandomInt""]",[],15
iSv,27528,27582,[],"[""CreateTimer"", ""ModuloInteger"", ""TimerStart"", ""iQv"", ""ipv""]","[""imv""]",19
iWv,27583,27604,[],[],[],18
iyv,27605,27607,[],"[""UnitAddItem"", ""UnitDropItemSlot""]",[],0
iYv,27608,27622,"[""A19V"", ""I09D""]","[""CreateItem"", ""GetOwningPlayer"", ""SetItemUserData"", ""SetPlayerAbilityAvailable"", ""UnitAddAbility"", ""UnitAddItem"", ""UnitMakeAbilityPermanent"", ""iyv"", ""xK""]",[],8
iZv,27623,27627,[],"[""EnableTrigger""]",[],1
i_v,27628,27660,"[""A19W"", ""A1AO"", ""h015""]","[""CreateUnit"", ""DisableTrigger"", ""DisplayTimedTextToPlayer"", ""GetEnteringUnit"", ""GetLocalPlayer"", ""GetOwningPlayer"", ""Player"", ""SetPlayerAbilityAvailable"", ""UnitAddAbility"", ""UnitMakeAbilityPermanent"", ""iWv"", ""iYv"", ""iZv"", ""xK""]",[],10
i0v,27661,27663,[],"[""GetEnteringUnit"", ""IsUnitIllusion"", ""IsUnitType""]",[],1
i5v,27664,27688,[],"[""GetUnitState"", ""Ik""]",[],8
i7v,27689,27691,"[""A04C""]","[""GetSpellAbilityId""]",[],2
i8v,27692,27734,[],"[""AddSpecialEffectTarget"", ""Bk"", ""CreateGroup"", ""DestroyEffect"", ""DestroyGroup"", ""Ek"", ""EnableTrigger"", ""FirstOfGroup"", ""GetExpiredTimer"", ""GetHandleId"", ""GetOwningPlayer"", ""GetUnitState"", ""GetWidgetLife"", ""GroupEnumUnitsInRangeOfLoc"", ""GroupRemoveUnit"", ""Ik"", ""IsUnitEnemy"", ""LoadLocationHandle"", ""LoadReal"", ""LoadUnitHandle"", ""Nk"", ""Ok"", ""RemoveLocation"", ""Rk"", ""SetUnitState"", ""ak"", ""ck"", ""tK""]",[],17
avv,27735,27747,[],"[""CreateTimer"", ""GetHandleId"", ""GetRectCenterX"", ""GetRectCenterY"", ""GetSpellAbilityUnit"", ""GetUnitState"", ""Location"", ""SaveLocationHandle"", ""SaveReal"", ""SaveUnitHandle"", ""TimerStart""]","[""i8v""]",6
axv,27748,27770,"[""n017""]","[""CreateGroup"", ""DestroyGroup"", ""DisableTrigger"", ""Ek"", ""FirstOfGroup"", ""GetUnitTypeId"", ""GetWidgetLife"", ""GroupEnumUnitsInRect"", ""GroupRemoveUnit"", ""IsUnitIllusion"", ""Ok"", ""Vk""]",[],5
arv,27771,27773,"[""A0X9""]","[""GetSpellAbilityId""]",[],1
aiv,27774,27801,"[""A0V3"", ""A0XA"", ""B07R""]","[""DT"", ""Ek"", ""FlushChildHashtable"", ""GetEventDamage"", ""GetHandleId"", ""GetTriggerEventId"", ""GetTriggeringTrigger"", ""GetWidgetLife"", ""LoadReal"", ""LoadUnitHandle"", ""Ok"", ""SaveReal"", ""SetWidgetLife"", ""UnitRemoveAbility"", ""Vk""]",[],8
aav,27802,27833,"[""A0V3"", ""A0XA""]","[""Bk"", ""Condition"", ""CreateTrigger"", ""Ek"", ""GetHandleId"", ""GetOwningPlayer"", ""GetRectCenterX"", ""GetRectCenterY"", ""GetSpellAbilityUnit"", ""GetUnitState"", ""Ik"", ""Location"", ""Nk"", ""Ok"", ""RemoveLocation"", ""Rk"", ""SaveReal"", ""SaveUnitHandle"", ""SetPlayerAbilityAvailable"", ""TriggerAddCondition"", ""TriggerRegisterTimerEvent"", ""TriggerRegisterUnitEvent"", ""TriggerSleepAction"", ""UnitAddAbility"", ""ak"", ""ck""]","[""aiv""]",18
aVv,27834,27873,"[""A10D"", ""BTLF"", ""h011"", ""n025""]","[""AddSpecialEffect"", ""CreateGroup"", ""CreateUnit"", ""DestroyEffect"", ""DestroyGroup"", ""DestroyTimer"", ""FirstOfGroup"", ""FlushChildHashtable"", ""GetExpiredTimer"", ""GetHandleId"", ""GetOwningPlayer"", ""GetRandomReal"", ""GetUnitX"", ""GetUnitY"", ""GetWidgetLife"", ""GroupEnumUnitsInRange"", ""GroupRemoveUnit"", ""IsUnitEnemy"", ""IssueTargetOrderById"", ""LoadUnitHandle"", ""PauseTimer"", ""Player"", ""RemoveUnit"", ""SetUnitVertexColor"", ""UnitAddAbility"", ""UnitApplyTimedLife"", ""hL""]",[],12
aXv,27874,27899,"[""h02T""]","[""CreateTimer"", ""CreateUnit"", ""GetHandleId"", ""GetRandomReal"", ""GetSpellAbilityUnit"", ""GetUnitX"", ""GetUnitY"", ""Player"", ""SaveUnitHandle"", ""TimerStart""]","[""aVv""]",9
aRv,27900,27910,[],"[""DestroyLightning"", ""DestroyTimer"", ""FlushChildHashtable"", ""GetExpiredTimer"", ""GetHandleId"", ""LoadLightningHandle"", ""PauseTimer""]",[],1
aIv,27911,27924,[],"[""AddLightning"", ""AddSpecialEffectTarget"", ""CreateTimer"", ""DestroyEffect"", ""GetHandleId"", ""GetSpellAbilityUnit"", ""GetSpellTargetUnit"", ""GetUnitState"", ""GetUnitX"", ""GetUnitY"", ""SaveLightningHandle"", ""TimerStart"", ""hL""]","[""aRv""]",4
aAv,27925,27971,[],"[""Cos"", ""CreateGroup"", ""Deg2Rad"", ""DestroyGroup"", ""DestroyTimer"", ""FirstOfGroup"", ""FlushChildHashtable"", ""GetExpiredTimer"", ""GetHandleId"", ""GetOwningPlayer"", ""GetUnitFacing"", ""GetUnitX"", ""GetUnitY"", ""GetWidgetLife"", ""GroupAddUnit"", ""GroupEnumUnitsInRange"", ""GroupRemoveUnit"", ""IsUnitEnemy"", ""IsUnitInGroup"", ""IsUnitType"", ""LoadGroupHandle"", ""LoadReal"", ""LoadUnitHandle"", ""PauseTimer"", ""RemoveUnit"", ""SaveReal"", ""SetUnitX"", ""SetUnitY"", ""Sin"", ""hL""]",[],13
aNv,27972,27991,"[""h05V""]","[""Cos"", ""CreateGroup"", ""CreateTimer"", ""CreateUnit"", ""GetHandleId"", ""GetOwningPlayer"", ""GetSpellAbilityUnit"", ""GetUnitFacing"", ""GetUnitX"", ""GetUnitY"", ""SaveGroupHandle"", ""SaveReal"", ""SaveUnitHandle"", ""Sin"", ""TimerStart"", ""qK""]","[""aAv""]",8
aBv,27992,28003,"[""A1D5"", ""A1D6"", ""A1D7""]","[""GetSpellAbilityId"", ""aIv"", ""aNv"", ""aXv""]",[],3
aCv,28004,28023,"[""n02T""]","[""CreateUnit"", ""GroupAddUnit"", ""Player""]",[],7
adv,28024,28119,[],"[""Atan2"", ""Cos"", ""DestroyTimer"", ""DisableTrigger"", ""DisplayTimedTextToPlayer"", ""FirstOfGroup"", ""FlushChildHashtable"", ""GetExpiredTimer"", ""GetHandleId"", ""GetLocalPlayer"", ""GetRectMaxX"", ""GetRectMaxY"", ""GetRectMinX"", ""GetRectMinY"", ""GetUnitX"", ""GetUnitY"", ""GetWidgetLife"", ""GroupEnumUnitsInRange"", ""GroupRemoveUnit"", ""I2S"", ""IsUnitType"", ""KillUnit"", ""LoadUnitHandle"", ""PauseTimer"", ""SetUnitVertexColor"", ""SetUnitX"", ""SetUnitY"", ""Sin"", ""TriggerExecute"", ""eL""]",[],26
afv,28120,28136,"[""n02S""]","[""CreateTimer"", ""CreateUnit"", ""GetHandleId"", ""GetRectMaxX"", ""GetRectMaxY"", ""GetRectMinX"", ""GetRectMinY"", ""PauseUnit"", ""Player"", ""SaveUnitHandle"", ""TimerStart""]","[""adv""]",6
aFv,28137,28160,"[""n024"", ""n02Q"", ""n0AO"", ""n0AP""]","[""CreateUnit"", ""DisplayTimedTextToPlayer"", ""GetDyingUnit"", ""GetLocalPlayer"", ""GetRandomReal"", ""GetUnitTypeId"", ""GetUnitX"", ""GetUnitY"", ""PauseUnit"", ""Player"", ""ZK"", ""afv""]",[],9
aGv,28161,28175,[],"[""AddSpecialEffectTarget"", ""DestroyEffect"", ""GetEventDamage"", ""GetTriggerUnit"", ""GetUnitX"", ""GetUnitY"", ""GetWidgetLife"", ""SetWidgetLife""]",[],3
aJv,28176,28222,"[""n0AS""]","[""AddSpecialEffect"", ""DestroyEffect"", ""GetEventDamageSource"", ""GetLocalPlayer"", ""GetOwningPlayer"", ""GetRandomInt"", ""GetTriggerUnit"", ""GetUnitTypeId"", ""GetUnitX"", ""GetUnitY"", ""GetWidgetLife"", ""IsUnitType"", ""IssueImmediateOrderById"", ""PanCameraToTimed"", ""SetUnitX"", ""SetUnitY""]",[],28
aMv,28223,28225,"[""n0AU""]","[""GetTriggerUnit"", ""GetUnitTypeId""]",[],1
apv,28226,28243,"[""A1DG"", ""A1DH"", ""BTLF"", ""h011""]","[""CreateUnit"", ""GetKillingUnit"", ""GetRandomInt"", ""GetTriggerUnit"", ""GetUnitX"", ""GetUnitY"", ""IsUnitType"", ""IssueTargetOrderById"", ""Player"", ""UnitAddAbility"", ""UnitApplyTimedLife""]",[],8
aqv,28244,28246,"[""A0TS""]","[""GetSpellAbilityId""]",[],1
aQv,28247,28261,"[""u00H""]","[""GetExpiredTimer"", ""GetHandleId"", ""GetUnitTypeId"", ""IssueTargetOrderById"", ""LoadUnitHandle"", ""SetUnitInvulnerable"", ""tK""]",[],5
asv,28262,28281,[],"[""CreateTimer"", ""GetEventDamage"", ""GetEventDamageSource"", ""GetHandleId"", ""GetTriggerUnit"", ""GetUnitState"", ""SaveUnitHandle"", ""SetUnitInvulnerable"", ""SetUnitState"", ""TimerStart""]","[""aQv""]",5
aSv,28282,28298,"[""u00H""]","[""CreateGroup"", ""DestroyGroup"", ""FirstOfGroup"", ""GetUnitTypeId"", ""GetWidgetLife"", ""GroupEnumUnitsInRange"", ""GroupRemoveUnit""]",[],2
atv,28299,28347,"[""u00H""]","[""AddSpecialEffectTarget"", ""Cos"", ""CreateGroup"", ""CreateUnit"", ""DestroyEffect"", ""DestroyGroup"", ""FirstOfGroup"", ""GetOwningPlayer"", ""GetSpellAbilityUnit"", ""GetWidgetLife"", ""GroupEnumUnitsInRange"", ""GroupRemoveUnit"", ""IsUnitType"", ""IssueTargetOrderById"", ""Sin"", ""TriggerRegisterUnitEvent"", ""aSv"", ""fl"", ""xZ""]",[],19
auv,28348,28350,"[""A0TU""]","[""GetSpellAbilityId""]",[],1
aUv,28351,28371,"[""B09F""]","[""DT"", ""DestroyEffect"", ""DisableTrigger"", ""EnableTrigger"", ""FlushChildHashtable"", ""GetEventDamage"", ""GetHandleId"", ""GetTriggerEventId"", ""GetTriggeringTrigger"", ""LoadEffectHandle"", ""LoadUnitHandle"", ""UnitRemoveAbility"", ""hL""]",[],5
awv,28372,28387,[],"[""AddSpecialEffectTarget"", ""Condition"", ""CreateTrigger"", ""GetHandleId"", ""GetOwningPlayer"", ""GetSpellAbilityUnit"", ""GetSpellTargetUnit"", ""SaveEffectHandle"", ""SaveUnitHandle"", ""TriggerAddCondition"", ""TriggerRegisterTimerEvent"", ""TriggerRegisterUnitEvent""]","[""aUv""]",4
ayv,28388,28390,"[""A11F""]","[""GetSpellAbilityId""]",[],1
aYv,28391,28454,[],"[""Cos"", ""CreateGroup"", ""Deg2Rad"", ""DestroyGroup"", ""FirstOfGroup"", ""GetExpiredTimer"", ""GetHandleId"", ""GetOwningPlayer"", ""GetUnitFacing"", ""GetUnitState"", ""GetUnitX"", ""GetUnitY"", ""GetWidgetLife"", ""GroupAddUnit"", ""GroupEnumUnitsInRange"", ""GroupRemoveUnit"", ""IsUnitEnemy"", ""IsUnitInGroup"", ""IsUnitType"", ""IssueTargetOrderById"", ""KillUnit"", ""LoadGroupHandle"", ""LoadReal"", ""LoadUnitHandle"", ""RemoveUnit"", ""SaveReal"", ""SetUnitFlyHeight"", ""SetUnitX"", ""SetUnitY"", ""SetWidgetLife"", ""Sin"", ""hL"", ""tK""]",[],20
azv,28455,28496,"[""A0HR"", ""h011"", ""h01O""]","[""AddSpecialEffectTarget"", ""Cos"", ""CreateGroup"", ""CreateTimer"", ""CreateUnit"", ""GetHandleId"", ""GetOwningPlayer"", ""GetUnitFacing"", ""GetUnitX"", ""GetUnitY"", ""SaveGroupHandle"", ""SaveReal"", ""SaveUnitHandle"", ""Sin"", ""TimerStart"", ""UnitAddAbility""]","[""aYv""]",17
aZv,28497,28515,[],"[""GetExpiredTimer"", ""GetHandleId"", ""GetUnitX"", ""GetUnitY"", ""LoadReal"", ""LoadUnitHandle"", ""RemoveUnit"", ""SaveReal"", ""SetUnitX"", ""SetUnitY"", ""azv"", ""tK""]",[],5
a_v,28516,28560,"[""n06H""]","[""Cos"", ""CreateGroup"", ""CreateTimer"", ""CreateUnit"", ""DestroyGroup"", ""FirstOfGroup"", ""GetHandleId"", ""GetOwningPlayer"", ""GetRandomReal"", ""GetTriggerUnit"", ""GetUnitFacing"", ""GetUnitX"", ""GetUnitY"", ""GetWidgetLife"", ""GroupEnumUnitsInRange"", ""GroupRemoveUnit"", ""IsUnitType"", ""IssuePointOrderById"", ""SaveReal"", ""SaveUnitHandle"", ""SetUnitFlyHeight"", ""SetUnitTimeScale"", ""Sin"", ""TimerStart"", ""xZ""]","[""aZv""]",13
a1v,28561,28563,"[""A0TT""]","[""GetSpellAbilityId""]",[],2
a2v,28564,28568,[],"[""GetSpellAbilityUnit"", ""ZK""]",[],2
a4v,28569,28571,"[""n069"", ""n06A"", ""n06B""]","[""GetDyingUnit"", ""GetOwningPlayer"", ""GetUnitTypeId"", ""IsUnitIllusion"", ""Player""]",[],2
a5v,28572,28603,"[""n069"", ""n06A"", ""n06B"", ""n06C""]","[""CreateGroup"", ""CreateUnit"", ""GetDyingUnit"", ""GetKillingUnit"", ""GetUnitTypeId"", ""GetUnitX"", ""GetUnitY"", ""GroupAddUnit"", ""Player""]",[],10
a7v,28604,28606,"[""n023"", ""n024""]","[""GetDyingUnit"", ""GetOwningPlayer"", ""GetUnitTypeId"", ""IsUnitIllusion"", ""Player""]",[],2
a8v,28607,28632,[],"[""CreateGroup"", ""DestroyGroup"", ""FirstOfGroup"", ""GetDyingUnit"", ""GetKillingUnit"", ""GetRandomInt"", ""GetUnitState"", ""GetUnitUserData"", ""GetUnitX"", ""GetUnitY"", ""GetWidgetLife"", ""GroupEnumUnitsInRange"", ""GroupRemoveUnit"", ""IsUnitAlly"", ""PZ"", ""Player"", ""SetUnitState""]",[],5
nvv,28633,28685,"[""A0K4"", ""n01X"", ""n06E"", ""n06F"", ""n06G""]","[""AddSpecialEffectTarget"", ""CreateGroup"", ""CreateUnit"", ""DestroyEffect"", ""DestroyGroup"", ""FirstOfGroup"", ""GetDyingUnit"", ""GetHandleId"", ""GetKillingUnit"", ""GetUnitFacing"", ""GetUnitTypeId"", ""GetUnitX"", ""GetUnitY"", ""GetWidgetLife"", ""GroupAddUnit"", ""GroupEnumUnitsInRange"", ""GroupRemoveUnit"", ""IsUnitAlly"", ""LoadInteger"", ""Player"", ""RemoveUnit"", ""SaveInteger"", ""SetUnitInvulnerable"", ""SetUnitVertexColor"", ""StringHash"", ""UnitAddAbility"", ""uL""]",[],8
nxv,28686,28688,"[""A04V""]","[""GetSpellAbilityId""]",[],1
nov,28689,28695,[],"[""GetSpellAbilityUnit"", ""GetSpellTargetX"", ""GetSpellTargetY"", ""IZ""]",[],0
niv,28696,28712,"[""A15E""]","[""CreateGroup"", ""DestroyGroup"", ""FirstOfGroup"", ""GetUnitAbilityLevel"", ""GetWidgetLife"", ""GroupEnumUnitsInRange"", ""GroupRemoveUnit"", ""IsUnitAlly"", ""IssueTargetOrderById"", ""Player""]",[],3
nnv,28713,28729,[],"[""CreateGroup"", ""DestroyGroup"", ""FirstOfGroup"", ""GetUnitX"", ""GetUnitY"", ""GetWidgetLife"", ""GroupEnumUnitsInRange"", ""GroupRemoveUnit"", ""IsUnitEnemy"", ""IsUnitType"", ""IssuePointOrderById"", ""Player""]",[],3
nEv,28730,28742,"[""A0K4"", ""A15L""]","[""GetDyingUnit"", ""GetKillingUnit"", ""GetOwningPlayer"", ""GetUnitAbilityLevel"", ""IsUnitIllusion"", ""IssueTargetOrderById"", ""xK""]",[],2
nOv,28743,28766,[],"[""AddSpecialEffect"", ""CreateGroup"", ""DestroyEffect"", ""DestroyGroup"", ""FirstOfGroup"", ""GetExpiredTimer"", ""GetHandleId"", ""GetWidgetLife"", ""GroupEnumUnitsInRange"", ""GroupRemoveUnit"", ""IsUnitEnemy"", ""IsUnitType"", ""LoadReal"", ""Player"", ""hL"", ""tK""]",[],6
nRv,28767,28786,"[""A0K4"", ""A15K""]","[""CreateTimer"", ""GetDyingUnit"", ""GetHandleId"", ""GetTriggerUnit"", ""GetUnitAbilityLevel"", ""GetUnitState"", ""GetUnitX"", ""GetUnitY"", ""IsUnitIllusion"", ""SaveReal"", ""TimerStart""]","[""nOv""]",6
nAv,28787,28820,"[""A007"", ""A00W"", ""A0BN"", ""A0GH"", ""A0KM"", ""I00H"", ""I03S"", ""I04B"", ""I05A"", ""I07A"", ""I08M"", ""I0M1""]","[""CreateGroup"", ""DestroyGroup"", ""FirstOfGroup"", ""GetWidgetLife"", ""GroupEnumUnitsInRange"", ""GroupRemoveUnit"", ""IsUnitEnemy"", ""IsUnitType"", ""Player"", ""SetUnitAbilityLevel"", ""rp""]",[],14
nbv,28821,28870,[],"[""AddSpecialEffectTarget"", ""Cos"", ""CreateGroup"", ""Deg2Rad"", ""DestroyEffect"", ""DestroyGroup"", ""FirstOfGroup"", ""GetExpiredTimer"", ""GetHandleId"", ""GetOwningPlayer"", ""GetUnitFacing"", ""GetUnitState"", ""GetUnitX"", ""GetUnitY"", ""GetWidgetLife"", ""GroupAddUnit"", ""GroupEnumUnitsInRange"", ""GroupRemoveUnit"", ""IsUnitEnemy"", ""IsUnitInGroup"", ""IsUnitType"", ""KillUnit"", ""LoadGroupHandle"", ""LoadReal"", ""LoadUnitHandle"", ""RemoveUnit"", ""SaveReal"", ""SetUnitX"", ""SetUnitY"", ""Sin"", ""hL"", ""tK""]",[],7
nBv,28871,28884,[],"[""CreateGroup"", ""CreateTimer"", ""GetHandleId"", ""SaveGroupHandle"", ""SaveReal"", ""SaveUnitHandle"", ""TimerStart""]","[""nbv""]",3
ncv,28885,28969,"[""h02K""]","[""Cos"", ""CreateUnit"", ""GetOwningPlayer"", ""SetUnitPathing"", ""SetUnitX"", ""SetUnitY"", ""Sin"", ""nBv""]",[],35
nfv,28970,29005,"[""A04V"", ""A0A7"", ""A0LH"", ""A101""]","[""DestroyTimer"", ""FlushChildHashtable"", ""GetExpiredTimer"", ""GetHandleId"", ""LoadInteger"", ""LoadReal"", ""LoadUnitHandle"", ""PauseTimer"", ""PauseUnit"", ""SaveInteger"", ""SetUnitAnimation"", ""SetUnitFacing"", ""SetUnitPosition"", ""SetUnitVertexColor"", ""SetWidgetLife"", ""UnitAddAbility"", ""UnitRemoveAbility"", ""UnitRemoveBuffs"", ""ncv"", ""oZ""]",[],14
nFv,29006,29058,"[""A0A7"", ""A0LH"", ""A101""]","[""CreateTimer"", ""D3"", ""GetHandleId"", ""GetRandomInt"", ""GetRandomReal"", ""GetRectMaxX"", ""GetRectMaxY"", ""GetRectMinX"", ""GetRectMinY"", ""GetWidgetLife"", ""IZ"", ""PauseUnit"", ""SaveInteger"", ""SaveReal"", ""SaveUnitHandle"", ""SetUnitAnimation"", ""SetUnitFacing"", ""SetUnitPosition"", ""SetUnitVertexColor"", ""TimerStart"", ""UnitAddAbility"", ""UnitMakeAbilityPermanent"", ""UnitRemoveAbility"", ""UnitRemoveBuffs"", ""oZ""]","[""nfv""]",27
ngv,29059,29070,[],"[""fl"", ""nFv""]",[],3
nhv,29071,29112,"[""BTLF"", ""n06W""]","[""CreateGroup"", ""CreateUnit"", ""DestroyGroup"", ""DestroyTimer"", ""FirstOfGroup"", ""FlushChildHashtable"", ""GetExpiredTimer"", ""GetHandleId"", ""GetOwningPlayer"", ""GetUnitState"", ""GetWidgetLife"", ""GroupEnumUnitsInRange"", ""GroupRemoveUnit"", ""IsUnitEnemy"", ""IsUnitType"", ""KillUnit"", ""LoadReal"", ""LoadUnitHandle"", ""PauseTimer"", ""Player"", ""RemoveUnit"", ""UnitApplyTimedLife"", ""hL""]",[],8
nHv,29113,29153,"[""h02L""]","[""AddSpecialEffect"", ""CreateTimer"", ""CreateUnit"", ""DestroyEffect"", ""DestroyTimer"", ""FlushChildHashtable"", ""GetExpiredTimer"", ""GetHandleId"", ""GetOwningPlayer"", ""GetPlayerSlotState"", ""GetRandomInt"", ""GetRandomReal"", ""GetRectMaxX"", ""GetRectMaxY"", ""GetRectMinX"", ""GetRectMinY"", ""GetUnitX"", ""GetUnitY"", ""LoadInteger"", ""PauseTimer"", ""Player"", ""SaveInteger"", ""SaveReal"", ""SaveUnitHandle"", ""TimerStart""]","[""nhv""]",11
njv,29154,29168,[],"[""GetExpiredTimer"", ""GetHandleId"", ""LoadInteger"", ""LoadUnitHandle"", ""RemoveUnit"", ""SaveInteger"", ""SetUnitVertexColor"", ""tK""]",[],5
nJv,29169,29176,[],"[""CreateTimer"", ""GetHandleId"", ""SaveInteger"", ""SaveUnitHandle"", ""TimerStart""]","[""njv""]",3
nKv,29177,29215,"[""h02U""]","[""CreateTimer"", ""CreateUnit"", ""D3"", ""GetHandleId"", ""GetOwningPlayer"", ""GetRandomInt"", ""GetUnitFacing"", ""GetUnitX"", ""GetUnitY"", ""IssueImmediateOrderById"", ""PauseUnit"", ""SaveInteger"", ""SetUnitAnimation"", ""SetUnitFacing"", ""SetUnitPathing"", ""SetUnitPosition"", ""SetUnitVertexColor"", ""TimerStart"", ""UnitRemoveBuffs"", ""nJv""]","[""nHv""]",17
nlv,29216,29230,[],"[""fl"", ""nKv""]",[],3
nmv,29231,29233,"[""A0K4""]","[""GetFilterUnit"", ""GetOwningPlayer"", ""GetUnitAbilityLevel"", ""GetWidgetLife"", ""IsPlayerEnemy"", ""IsUnitType"", ""Player""]",[],1
nMv,29234,29330,"[""n017""]","[""AddSpecialEffectTarget"", ""Condition"", ""CreateGroup"", ""DestroyBoolExpr"", ""DestroyEffect"", ""DestroyGroup"", ""FirstOfGroup"", ""GetUnitState"", ""GetUnitTypeId"", ""GetWidgetLife"", ""GetWidgetX"", ""GetWidgetY"", ""GroupEnumUnitsInRect"", ""GroupRemoveUnit"", ""I2S"", ""R2I"", ""SetWidgetLife"", ""hL"", ""ll""]","[""nmv""]",44
nqv,29331,29374,[],"[""DestroyTimer"", ""FlushChildHashtable"", ""GetExpiredTimer"", ""GetHandleId"", ""LoadInteger"", ""LoadReal"", ""PauseTimer"", ""RemoveUnit"", ""SaveInteger"", ""SaveReal"", ""nMv""]",[],15
nQv,29375,29579,"[""h01L"", ""h01M"", ""h01P"", ""h02I""]","[""Cos"", ""CreateTimer"", ""CreateUnit"", ""CreateUnitAtLoc"", ""D3"", ""GetHandleId"", ""GetRandomInt"", ""GetRandomReal"", ""GetRectMaxX"", ""GetRectMaxY"", ""GetRectMinX"", ""GetRectMinY"", ""Location"", ""Player"", ""RemoveLocation"", ""RemoveUnit"", ""SaveInteger"", ""SaveReal"", ""SetUnitVertexColor"", ""SetUnitX"", ""SetUnitY"", ""Sin"", ""TimerStart""]","[""nqv""]",111
nyv,29580,29604,[],"[""GetExpiredTimer"", ""GetHandleId"", ""LoadInteger"", ""LoadReal"", ""RemoveUnit"", ""SaveReal"", ""SetUnitScale"", ""nQv"", ""tK""]",[],8
nYv,29605,29640,"[""h04S"", ""h04T""]","[""Cos"", ""CreateTimer"", ""CreateUnit"", ""GetHandleId"", ""GetRandomInt"", ""Player"", ""SaveInteger"", ""SaveReal"", ""SetUnitScale"", ""SetUnitX"", ""SetUnitY"", ""Sin"", ""TimerStart""]","[""nyv""]",19
nzv,29641,29655,[],"[""fl"", ""nYv""]",[],3
n_v,29656,29719,[],"[""Cos"", ""CreateGroup"", ""DestroyGroup"", ""FirstOfGroup"", ""GetExpiredTimer"", ""GetHandleId"", ""GetOwningPlayer"", ""GetUnitState"", ""GetUnitX"", ""GetUnitY"", ""GetWidgetLife"", ""GroupAddUnit"", ""GroupEnumUnitsInRange"", ""GroupRemoveUnit"", ""IsUnitEnemy"", ""IsUnitInGroup"", ""KillUnit"", ""LoadGroupHandle"", ""LoadReal"", ""LoadUnitHandle"", ""RemoveUnit"", ""SaveReal"", ""SetUnitFlyHeight"", ""SetUnitX"", ""SetUnitY"", ""Sin"", ""hL"", ""tK""]",[],23
n1v,29720,29730,[],"[""CreateGroup"", ""CreateTimer"", ""Deg2Rad"", ""GetHandleId"", ""GetUnitFacing"", ""SaveGroupHandle"", ""SaveReal"", ""SaveUnitHandle"", ""TimerStart""]","[""n_v""]",7
n4v,29731,29800,"[""A0A7"", ""A0LH"", ""A0TS"", ""A0TU"", ""h029""]","[""Cos"", ""CreateUnit"", ""EnableTrigger"", ""GetExpiredTimer"", ""GetHandleId"", ""GetOwningPlayer"", ""GetUnitFacing"", ""KillUnit"", ""LoadInteger"", ""LoadReal"", ""LoadUnitHandle"", ""ModuloInteger"", ""PauseUnit"", ""RemoveUnit"", ""SaveInteger"", ""SetUnitAnimationByIndex"", ""SetUnitPosition"", ""SetUnitVertexColor"", ""SetWidgetLife"", ""Sin"", ""UnitAddAbility"", ""UnitRemoveAbility"", ""UnitRemoveBuffs"", ""n1v"", ""oZ"", ""tK""]",[],33
n5v,29801,29842,"[""A0A7"", ""A0LH"", ""h033""]","[""Cos"", ""CreateTimer"", ""CreateUnit"", ""GetHandleId"", ""GetWidgetLife"", ""PauseUnit"", ""Player"", ""SaveInteger"", ""SaveReal"", ""SaveUnitHandle"", ""SetUnitAnimationByIndex"", ""SetUnitPathing"", ""SetUnitPosition"", ""SetUnitVertexColor"", ""SetUnitX"", ""SetUnitY"", ""Sin"", ""TimerStart"", ""UnitAddAbility"", ""UnitMakeAbilityPermanent"", ""UnitRemoveBuffs"", ""oZ""]","[""n4v""]",20
n6v,29843,29861,[],"[""fl"", ""n5v""]",[],9
n8v,29862,29910,"[""n02P""]","[""Cos"", ""CreateGroup"", ""DestroyGroup"", ""FirstOfGroup"", ""GetExpiredTimer"", ""GetHandleId"", ""GetOwningPlayer"", ""GetUnitTypeId"", ""GetUnitX"", ""GetUnitY"", ""GetWidgetLife"", ""GroupAddUnit"", ""GroupEnumUnitsInRange"", ""GroupRemoveUnit"", ""IsUnitEnemy"", ""IsUnitInGroup"", ""KillUnit"", ""LoadGroupHandle"", ""LoadReal"", ""LoadUnitHandle"", ""RemoveUnit"", ""SaveReal"", ""SetUnitX"", ""SetUnitY"", ""Sin"", ""hL"", ""tK""]",[],26
Vev,29911,29923,"[""h05V""]","[""CreateGroup"", ""CreateTimer"", ""CreateUnit"", ""GetHandleId"", ""GetUnitX"", ""GetUnitY"", ""Player"", ""SaveGroupHandle"", ""SaveReal"", ""SaveUnitHandle"", ""TimerStart""]","[""n8v""]",8
Vov,29924,29954,"[""B009""]","[""AddSpecialEffect"", ""CreateDestructable"", ""CreateGroup"", ""DestroyEffect"", ""DestroyGroup"", ""FirstOfGroup"", ""GetExpiredTimer"", ""GetHandleId"", ""GetWidgetLife"", ""GroupEnumUnitsInRange"", ""GroupRemoveUnit"", ""IsUnitEnemy"", ""LoadReal"", ""LoadUnitHandle"", ""Player"", ""RemoveUnit"", ""SetDestructableInvulnerable"", ""hL"", ""tK""]",[],8
Vrv,29955,29980,"[""h02R""]","[""CreateTimer"", ""CreateUnit"", ""GetHandleId"", ""GetRandomInt"", ""Player"", ""SaveReal"", ""SaveUnitHandle"", ""TimerStart""]","[""Vov""]",11
Vav,29981,30024,[],"[""ClearTextMessages"", ""CreateGroup"", ""DestroyGroup"", ""FirstOfGroup"", ""GetExpiredTimer"", ""GetHandleId"", ""GetLocalPlayer"", ""GetOwningPlayer"", ""GetTriggerPlayer"", ""GetUnitX"", ""GetUnitY"", ""GetWidgetLife"", ""GroupEnumUnitsInRange"", ""GroupRemoveUnit"", ""IsUnitEnemy"", ""LoadReal"", ""LoadUnitHandle"", ""RemoveUnit"", ""SaveReal"", ""SetUnitX"", ""SetUnitY"", ""hL"", ""hz"", ""tK""]",[],9
Vnv,30025,30056,"[""n02R""]","[""CreateTimer"", ""CreateUnit"", ""DisplayTimedTextToPlayer"", ""GetHandleId"", ""GetLocalPlayer"", ""GetOwningPlayer"", ""GetUnitX"", ""GetUnitY"", ""SaveReal"", ""SaveUnitHandle"", ""SetUnitFlyHeight"", ""SetUnitTimeScale"", ""TimerStart"", ""qK""]","[""Vav""]",10
VXv,30057,30143,"[""A0A7"", ""A0LH"", ""A1D6"", ""A1D7"", ""A1D8""]","[""Cos"", ""GetExpiredTimer"", ""GetHandleId"", ""GetWidgetLife"", ""LoadInteger"", ""LoadReal"", ""LoadUnitHandle"", ""ModuloInteger"", ""PauseUnit"", ""RemoveUnit"", ""SaveInteger"", ""SaveReal"", ""SetUnitAnimationByIndex"", ""SetUnitFacing"", ""SetUnitPosition"", ""SetUnitVertexColor"", ""SetUnitX"", ""SetUnitY"", ""SetWidgetLife"", ""Sin"", ""UnitAddAbility"", ""UnitRemoveAbility"", ""UnitRemoveBuffs"", ""Vev"", ""Vnv"", ""Vrv"", ""oZ"", ""tK""]",[],42
Vcv,30144,30178,"[""A0A7"", ""A0LH"", ""n02P""]","[""Cos"", ""CreateTimer"", ""CreateUnit"", ""GetHandleId"", ""GetRandomReal"", ""GetWidgetLife"", ""PauseUnit"", ""Player"", ""SaveInteger"", ""SaveReal"", ""SaveUnitHandle"", ""SetUnitAnimationByIndex"", ""SetUnitPosition"", ""SetUnitVertexColor"", ""Sin"", ""TimerStart"", ""UnitAddAbility"", ""UnitMakeAbilityPermanent"", ""UnitRemoveBuffs"", ""oZ""]","[""VXv""]",18
VCv,30179,30189,[],"[""Vcv"", ""fl""]",[],1
Vdv,30190,30226,[],"[""Condition"", ""CreateTrigger"", ""DisableTrigger"", ""TriggerAddCondition"", ""TriggerRegisterTimerEvent""]","[""VCv""]",27
VDv,30227,30273,[],"[""AddSpecialEffectTarget"", ""Cos"", ""CreateGroup"", ""Deg2Rad"", ""DestroyEffect"", ""DestroyGroup"", ""FirstOfGroup"", ""GetExpiredTimer"", ""GetHandleId"", ""GetOwningPlayer"", ""GetUnitFacing"", ""GetUnitState"", ""GetUnitX"", ""GetUnitY"", ""GroupAddUnit"", ""GroupEnumUnitsInRange"", ""GroupRemoveUnit"", ""IsUnitEnemy"", ""IsUnitInGroup"", ""IsUnitType"", ""LoadGroupHandle"", ""LoadReal"", ""LoadUnitHandle"", ""RemoveUnit"", ""SaveReal"", ""SetUnitX"", ""SetUnitY"", ""Sin"", ""eL"", ""hL"", ""tK""]",[],12
Vfv,30274,30305,"[""h016""]","[""AddSpecialEffectTarget"", ""CreateGroup"", ""CreateTimer"", ""CreateUnit"", ""GetExpiredTimer"", ""GetHandleId"", ""GetUnitFacing"", ""GetUnitX"", ""GetUnitY"", ""KillUnit"", ""LoadUnitHandle"", ""PauseUnit"", ""Player"", ""RemoveUnit"", ""SaveGroupHandle"", ""SaveReal"", ""SaveUnitHandle"", ""SetUnitAnimationByIndex"", ""TimerStart"", ""tK""]","[""VDv""]",8
VFv,30306,30329,"[""h04R""]","[""CreateTimer"", ""CreateUnit"", ""GetHandleId"", ""GetRandomInt"", ""GetUnitFacing"", ""GetUnitX"", ""GetUnitY"", ""I2S"", ""LoadUnitHandle"", ""Player"", ""SaveUnitHandle"", ""StringHash"", ""TimerStart""]","[""Vfv""]",5
VGv,30330,30332,[],"[""D4""]",[],1
VHv,30333,30335,[],"[""GetEnumItem"", ""RemoveItem""]",[],0
Vjv,30336,30348,[],"[""EnumItemsInRect"", ""PlaceRandomItem""]","[""VHv""]",5
Vkv,30349,30354,[],"[""DestroyTimer"", ""GetExpiredTimer""]",[],0
VKv,30355,30427,"[""A0WD"", ""A0WE"", ""A0WF"", ""A0WG""]","[""C0"", ""CreateGroup"", ""CreateTimer"", ""DestroyGroup"", ""EnableTrigger"", ""G3"", ""I0"", ""TimerStart"", ""TriggerExecute"", ""UnitAddAbility"", ""jz"", ""sW""]","[""Vkv""]",22
VLv,30428,30490,[],"[""DestroyTimer"", ""DisplayTextToPlayer"", ""EnableTrigger"", ""FlushChildHashtable"", ""GetExpiredTimer"", ""GetHandleId"", ""GetLocalPlayer"", ""LoadBoolean"", ""LoadInteger"", ""LoadUnitHandle"", ""PauseTimer"", ""PauseUnit"", ""SaveBoolean"", ""SaveInteger"", ""StartSound"", ""StringHash""]",[],25
Vmv,30491,30503,[],"[""Bk"", ""EnableTrigger"", ""Fk"", ""GetRectCenterX"", ""GetRectCenterY"", ""GetUnitState"", ""I2S"", ""Location"", ""Nk"", ""R2I"", ""RemoveLocation"", ""Rk"", ""ak"", ""ck""]",[],6
VMv,30504,30614,"[""h011"", ""h016"", ""h04R"", ""n062""]","[""ClearSelection"", ""CreateTimer"", ""CreateUnit"", ""DisplayTimedTextToPlayer"", ""EnableTrigger"", ""GetHandleId"", ""GetLocalPlayer"", ""GetRandomReal"", ""GetRectCenterX"", ""GetRectCenterY"", ""GetRectMaxX"", ""GetRectMaxY"", ""GetRectMinX"", ""GetRectMinY"", ""GetUnitState"", ""KZ"", ""OW"", ""PanCameraToTimed"", ""PauseUnit"", ""Player"", ""SaveBoolean"", ""SaveInteger"", ""SaveUnitHandle"", ""SelectUnit"", ""SetHeroLevel"", ""SetUnitFacing"", ""SetUnitState"", ""SetUnitUserData"", ""SetUnitX"", ""SetUnitY"", ""StringHash"", ""TimerStart"", ""Vmv"", ""Z2"", ""i0"", ""kz"", ""nl"", ""sW""]","[""VLv""]",42
VPv,30615,30640,[],"[""DestroyTimer"", ""FlushChildHashtable"", ""GetExpiredTimer"", ""GetHandleId"", ""GetUnitX"", ""GetUnitY"", ""LoadInteger"", ""LoadUnitHandle"", ""PauseTimer"", ""RemoveUnit"", ""SaveInteger"", ""f3""]",[],5
Vsv,30641,30672,"[""h033""]","[""AddSpecialEffectTarget"", ""Cos"", ""CreateTimer"", ""CreateUnit"", ""DestroyEffect"", ""DestroyTimer"", ""GetExpiredTimer"", ""GetHandleId"", ""GetOwningPlayer"", ""SaveInteger"", ""SaveUnitHandle"", ""Sin"", ""TimerStart""]","[""VPv""]",12
VTv,30673,30683,[],"[""C3"", ""CreateTimer"", ""DisableTrigger"", ""EnableTrigger"", ""TimerStart"", ""bZ""]","[""Vsv""]",2
Vuv,30684,30686,[],"[""fl""]",[],1
Vwv,30687,30712,[],"[""DestroyTimer"", ""FlushChildHashtable"", ""GetExpiredTimer"", ""GetHandleId"", ""GetUnitX"", ""GetUnitY"", ""LoadInteger"", ""LoadUnitHandle"", ""PauseTimer"", ""RemoveUnit"", ""SaveInteger"", ""f3""]",[],5
VWv,30713,30744,"[""h033""]","[""AddSpecialEffectTarget"", ""Cos"", ""CreateTimer"", ""CreateUnit"", ""DestroyEffect"", ""DestroyTimer"", ""GetExpiredTimer"", ""GetHandleId"", ""GetOwningPlayer"", ""SaveInteger"", ""SaveUnitHandle"", ""Sin"", ""TimerStart""]","[""Vwv""]",12
Vyv,30745,30756,[],"[""C3"", ""CreateTimer"", ""DisableTrigger"", ""EnableTrigger"", ""TimerStart"", ""bZ""]","[""VWv""]",2
VYv,30757,30759,[],"[""fl""]",[],1
VZv,30760,30804,[],"[""DestroyTimer"", ""FlushChildHashtable"", ""GetExpiredTimer"", ""GetHandleId"", ""GetRandomInt"", ""GetUnitX"", ""GetUnitY"", ""LoadInteger"", ""LoadUnitHandle"", ""PauseTimer"", ""RemoveUnit"", ""SaveInteger"", ""SaveUnitHandle"", ""f3""]",[],23
V1v,30805,30837,"[""h033""]","[""AddSpecialEffectTarget"", ""Cos"", ""CreateTimer"", ""CreateUnit"", ""DestroyEffect"", ""DestroyTimer"", ""GetExpiredTimer"", ""GetHandleId"", ""GetOwningPlayer"", ""SaveInteger"", ""SaveUnitHandle"", ""Sin"", ""TimerStart""]","[""VZv""]",14
V2v,30838,30848,[],"[""C3"", ""CreateTimer"", ""DisableTrigger"", ""EnableTrigger"", ""TimerStart"", ""bZ""]","[""V1v""]",3
V3v,30849,30851,[],"[""fl""]",[],2
V5v,30852,30882,"[""Arav""]","[""Cos"", ""GetExpiredTimer"", ""GetHandleId"", ""GetUnitX"", ""GetUnitY"", ""LoadReal"", ""LoadUnitHandle"", ""PauseUnit"", ""SaveReal"", ""SetUnitFlyHeight"", ""SetUnitPathing"", ""SetUnitX"", ""SetUnitY"", ""Sin"", ""UnitRemoveAbility"", ""eL"", ""tK""]",[],12
V7v,30883,30920,"[""Arav""]","[""AddSpecialEffect"", ""Atan2"", ""CreateTimer"", ""DestroyEffect"", ""GetHandleId"", ""GetOwningPlayer"", ""GetSpellAbilityUnit"", ""GetSpellTargetUnit"", ""GetUnitFlyHeight"", ""GetUnitX"", ""GetUnitY"", ""IsUnitIllusion"", ""KillUnit"", ""PauseUnit"", ""SaveReal"", ""SaveUnitHandle"", ""SetPlayerAbilityAvailable"", ""SetUnitAnimationByIndex"", ""SetUnitPathing"", ""TimerStart"", ""UnitAddAbility"", ""hl"", ""ll""]","[""V5v""]",18
V8v,30921,30926,"[""A0TW""]","[""GetSpellAbilityId"", ""GetSpellTargetUnit"", ""OL"", ""V7v""]",[],3
Evv,30927,30929,"[""A0U0""]","[""GetSpellAbilityId""]",[],1
Eev,30930,30973,"[""A0K4""]","[""AddSpecialEffect"", ""CreateGroup"", ""DestroyEffect"", ""DestroyGroup"", ""DestroyTimer"", ""FirstOfGroup"", ""FlushChildHashtable"", ""GetExpiredTimer"", ""GetHandleId"", ""GetOwningPlayer"", ""GetUnitAbilityLevel"", ""GetUnitState"", ""GetUnitX"", ""GetUnitY"", ""GetWidgetLife"", ""GroupEnumUnitsInRange"", ""GroupRemoveUnit"", ""IsUnitEnemy"", ""LoadBoolean"", ""LoadEffectHandle"", ""LoadUnitHandle"", ""PauseTimer"", ""PauseUnit"", ""RemoveUnit"", ""SetUnitInvulnerable"", ""hL""]",[],9
Eov,30974,30999,[],"[""CreateTimer"", ""GetHandleId"", ""GetUnitX"", ""GetUnitY"", ""SaveBoolean"", ""SaveEffectHandle"", ""SaveUnitHandle"", ""SetUnitAnimationByIndex"", ""SetUnitVertexColor"", ""SetUnitX"", ""SetUnitY"", ""TimerStart"", ""eL""]","[""Eev""]",11
Erv,31000,31030,[],"[""DestroyTimer"", ""Eov"", ""FlushChildHashtable"", ""GetExpiredTimer"", ""GetHandleId"", ""GetOwningPlayer"", ""GetRandomInt"", ""LoadEffectHandle"", ""LoadUnitHandle"", ""PauseTimer""]",[],5
Eav,31031,31082,"[""h016""]","[""AddSpecialEffectTarget"", ""Cos"", ""CreateTimer"", ""CreateUnit"", ""DestroyEffect"", ""GetHandleId"", ""GetOwningPlayer"", ""GetPlayerSlotState"", ""GetRandomReal"", ""GetSpellAbilityUnit"", ""GetUnitX"", ""GetUnitY"", ""PauseUnit"", ""Player"", ""Rad2Deg"", ""SaveEffectHandle"", ""SaveUnitHandle"", ""SetUnitAnimationByIndex"", ""SetUnitInvulnerable"", ""SetUnitVertexColor"", ""Sin"", ""TimerStart""]","[""Erv""]",11
EVv,31083,31085,"[""A10K""]","[""GetSpellAbilityId""]",[],1
EEv,31086,31120,"[""A077"", ""Arav""]","[""CreateGroup"", ""DestroyGroup"", ""FirstOfGroup"", ""GetExpiredTimer"", ""GetHandleId"", ""GetOwningPlayer"", ""GetUnitX"", ""GetUnitY"", ""GetWidgetLife"", ""GroupEnumUnitsInRange"", ""GroupRemoveUnit"", ""IsUnitEnemy"", ""LoadReal"", ""LoadUnitHandle"", ""PauseUnit"", ""SaveReal"", ""SetUnitAnimationByIndex"", ""SetUnitPathing"", ""UnitRemoveAbility"", ""hL"", ""tK""]",[],9
EXv,31121,31152,[],"[""Atan2"", ""Cos"", ""GetExpiredTimer"", ""GetHandleId"", ""GetUnitX"", ""GetUnitY"", ""LoadReal"", ""LoadUnitHandle"", ""SaveReal"", ""SetUnitFacing"", ""SetUnitX"", ""SetUnitY"", ""Sin"", ""SquareRoot"", ""tK""]",[],14
EOv,31153,31211,"[""A077"", ""Arav""]","[""CreateGroup"", ""CreateTimer"", ""DestroyGroup"", ""FirstOfGroup"", ""GetExpiredTimer"", ""GetHandleId"", ""GetOwningPlayer"", ""GetUnitX"", ""GetUnitY"", ""GetWidgetLife"", ""GroupEnumUnitsInRange"", ""GroupRemoveUnit"", ""IsUnitEnemy"", ""IsUnitType"", ""LoadReal"", ""LoadUnitHandle"", ""PauseUnit"", ""RemoveUnit"", ""SaveReal"", ""SaveUnitHandle"", ""SetUnitPathing"", ""SetUnitX"", ""SetUnitY"", ""TimerStart"", ""UnitAddAbility"", ""tK""]","[""EEv"", ""EXv""]",21
EIv,31212,31227,"[""n07E""]","[""CreateTimer"", ""CreateUnit"", ""GetHandleId"", ""GetOwningPlayer"", ""GetTriggerUnit"", ""GetUnitX"", ""GetUnitY"", ""SaveReal"", ""SaveUnitHandle"", ""SetUnitFlyHeight"", ""SetUnitTimeScale"", ""TimerStart""]","[""EOv""]",8
ENv,31228,31265,"[""A0TW"", ""A0U0"", ""A10K""]","[""AddSpecialEffectTarget"", ""BZ"", ""CountUnitsInGroup"", ""DestroyEffect"", ""DisableTrigger"", ""EnableTrigger"", ""GetDyingUnit"", ""GetRandomReal"", ""GetRectMaxX"", ""GetRectMaxY"", ""GetRectMinX"", ""GetRectMinY"", ""GroupRemoveUnit"", ""IntegerTertiaryOp"", ""IsUnitInGroup"", ""PauseUnit"", ""Player"", ""SetPlayerState"", ""SetUnitInvulnerable"", ""SetUnitPosition"", ""ShowUnit"", ""UnitAddAbility""]",[],9
EBv,31266,31429,"[""A0K4"", ""BNsi"", ""BPSE"", ""O006"", ""n00K"", ""n00Z"", ""n017"", ""n025"", ""n0AW"", ""u00G""]","[""CountLivingPlayerUnitsOfTypeId"", ""CreateGroup"", ""DestroyGroup"", ""FirstOfGroup"", ""GetItemTypeId"", ""GetItemX"", ""GetItemY"", ""GetOwningPlayer"", ""GetUnitAbilityLevel"", ""GetUnitTypeId"", ""GetUnitX"", ""GetUnitY"", ""GetWidgetLife"", ""GroupEnumUnitsInRange"", ""GroupRemoveUnit"", ""IsUnitAlly"", ""IsUnitEnemy"", ""IsUnitIllusion"", ""IsUnitType"", ""IssueImmediateOrderById"", ""IssuePointOrderById"", ""IssueTargetOrderById"", ""Player"", ""RandomItemInRectBJ"", ""UnitRemoveAbility"", ""fl"", ""hl"", ""jL"", ""o0""]",[],55
Ehv,31430,31484,"[""A0K4"", ""O006"", ""n00K"", ""n00Z"", ""n017"", ""n0AW"", ""u00G""]","[""CreateGroup"", ""DestroyGroup"", ""EBv"", ""FirstOfGroup"", ""GetOwningPlayer"", ""GetPlayerSlotState"", ""GetRandomInt"", ""GetUnitAbilityLevel"", ""GetUnitTypeId"", ""GetUnitX"", ""GetUnitY"", ""GetWidgetLife"", ""GroupEnumUnitsInRange"", ""GroupRemoveUnit"", ""IssuePointOrderById"", ""Player""]",[],15
Ejv,31485,31490,[],"[""GetLeavingUnit"", ""GetOwningPlayer"", ""RemoveUnit"", ""dl""]",[],0
Ekv,31491,31626,"[""A03E"", ""A046"", ""A047"", ""A04E"", ""A05Y"", ""A05Z"", ""A068"", ""A069"", ""A06V"", ""A077"", ""A079"", ""A07A"", ""A09A"", ""A0AN"", ""A0AY"", ""A0AZ"", ""A0B0"", ""A0B1"", ""A0G5"", ""A0G6"", ""A0G7"", ""A0GN"", ""A0GO"", ""A0GQ"", ""A0H0"", ""A0H1"", ""A0H3"", ""A0H4"", ""A0H5"", ""A0H6"", ""A0H7"", ""A0QV"", ""A0QX"", ""A0QY"", ""A0QZ"", ""A0R0"", ""A0R1"", ""A0R2"", ""A0R4"", ""A0R5"", ""A0RA"", ""A0RB"", ""A0RH"", ""A0RR"", ""A0RS"", ""A0RT"", ""A0RV"", ""A0RX"", ""A0RY"", ""A0TC"", ""A0TD"", ""A0VP"", ""ACpu"", ""ACsw"", ""n008"", ""n009"", ""n00D"", ""n00E"", ""n00F"", ""n00G"", ""n00I"", ""n00J"", ""n00L"", ""n00M"", ""n00N"", ""n00O"", ""n00P"", ""n00R"", ""n00V"", ""n015"", ""n016"", ""n019"", ""n01B"", ""n01C"", ""n01D"", ""n01E"", ""n01U"", ""n023"", ""n027"", ""n028"", ""n029"", ""n02A"", ""n02B"", ""n02C"", ""n02D"", ""n02T""]","[""ConvertUnitType"", ""GetUnitTypeId"", ""IsUnitType"", ""UnitAddAbility"", ""UnitRemoveAbility""]",[],98
EKv,31627,31695,"[""n065"", ""n066"", ""n067"", ""n068""]","[""CreateGroup"", ""CreateTextTag"", ""DestroyGroup"", ""DestroyTextTag"", ""FirstOfGroup"", ""GetExpiredTimer"", ""GetHandleId"", ""GetOwningPlayer"", ""GetUnitState"", ""GetUnitTypeId"", ""GetUnitX"", ""GetUnitY"", ""GetWidgetLife"", ""GroupAddUnit"", ""GroupEnumUnitsInRange"", ""GroupRemoveUnit"", ""I2S"", ""IsUnitAlly"", ""LoadInteger"", ""LoadTextTagHandle"", ""LoadUnitHandle"", ""OW"", ""RemoveUnit"", ""SaveInteger"", ""SaveTextTagHandle"", ""SetTextTagColor"", ""SetTextTagPermanent"", ""SetTextTagPos"", ""SetTextTagText"", ""SetTextTagVelocity"", ""SetTextTagVisibility"", ""tK""]",[],27
Elv,31696,31727,[],"[""AddSpecialEffectTarget"", ""CreateTimer"", ""DestroyEffect"", ""GetHandleId"", ""GetRectCenterX"", ""GetRectCenterY"", ""PauseUnit"", ""SaveInteger"", ""SaveUnitHandle"", ""SetUnitX"", ""SetUnitY"", ""TimerStart"", ""TriggerRegisterUnitEvent""]","[""EKv""]",13
EMv,31728,31814,[],"[""AddSpecialEffectTarget"", ""DestroyEffect"", ""Ekv"", ""Elv"", ""GetExpiredTimer"", ""GetHandleId"", ""GetRandomReal"", ""GroupAddUnit"", ""LoadInteger"", ""OW"", ""Player"", ""SaveInteger"", ""TriggerRegisterUnitEvent"", ""UnitAddAbility"", ""tK""]",[],66
ETv,31815,31900,[],"[""Ekv"", ""GetExpiredTimer"", ""GetHandleId"", ""GetRandomInt"", ""GetRandomReal"", ""GroupAddUnit"", ""OW"", ""Player"", ""SetUnitUserData"", ""TriggerExecute"", ""UnitAddAbility"", ""mZ"", ""tK"", ""tZ""]",[],50
EWv,31901,31955,"[""A15E"", ""A15F"", ""A15G"", ""A15H"", ""A15I"", ""A15J"", ""A15K"", ""A15L"", ""A15M"", ""A15N"", ""A15O"", ""A15P"", ""A15R"", ""A15S""]","[""EnableTrigger"", ""GetRandomInt"", ""UnitAddAbility"", ""mM""]",[],36
Ezv,31956,32023,"[""A15N"", ""A15O"", ""A15P"", ""A15S"", ""h011""]","[""CreateTimer"", ""CreateUnit"", ""EWv"", ""EnableTrigger"", ""GetHandleId"", ""GetRandomReal"", ""I2R"", ""Player"", ""SaveInteger"", ""StartSound"", ""TimerStart"", ""UnitAddAbility"", ""V4"", ""a4""]","[""EMv"", ""ETv""]",37
E0v,32024,32026,[],"[""GetFilterUnit"", ""IsUnitEnemy"", ""IsUnitIllusion"", ""IsUnitType"", ""Player"", ""Uk""]",[],1
E1v,32027,32031,"[""B07N""]","[""GetEnumUnit"", ""GetUnitAbilityLevel"", ""IsUnitHidden"", ""IsUnitPaused"", ""IssuePointOrderById""]",[],3
E2v,32032,32036,[],"[""GetUnitX"", ""GetUnitY"", ""SquareRoot""]",[],1
E3v,32037,32043,[],"[""E2v"", ""GetEnumUnit""]",[],2
E4v,32044,32051,[],"[""ForGroup""]","[""E3v""]",3
E5v,32052,32077,[],"[""Condition"", ""CreateGroup"", ""DestroyBoolExpr"", ""DestroyGroup"", ""E4v"", ""ForGroup"", ""GetUnitX"", ""GetUnitY"", ""GroupEnumUnitsInRect""]","[""E0v"", ""E1v""]",14
E7v,32078,32080,"[""A0K4""]","[""GetDyingUnit"", ""GetOwningPlayer"", ""GetUnitAbilityLevel"", ""IsUnitIllusion"", ""Player""]",[],2
E8v,32081,32113,"[""A007"", ""A00W"", ""A0BN"", ""A0GH"", ""A0KM"", ""I00H"", ""I03S"", ""I04B"", ""I05A"", ""I07A"", ""I08M"", ""I0M1""]","[""CreateGroup"", ""DestroyGroup"", ""FirstOfGroup"", ""GroupEnumUnitsInRange"", ""GroupRemoveUnit"", ""IsUnitEnemy"", ""IsUnitType"", ""Player"", ""SetUnitAbilityLevel"", ""rp""]",[],14
E9v,32114,32128,[],"[""CreateTimer"", ""D4"", ""DestroyTimer"", ""GetExpiredTimer"", ""L0"", ""PauseTimer"", ""TimerStart""]","[""OZ""]",4
Xvv,32129,32192,[],"[""CreateTimer"", ""DisableTrigger"", ""E8v"", ""GetDyingUnit"", ""GroupClear"", ""GroupRemoveUnit"", ""Hz"", ""RemoveUnit"", ""StartSound"", ""TimerStart"", ""iZ""]","[""E9v""]",13
Xxv,32193,32195,[],"[""GetDyingUnit"", ""GetOwningPlayer"", ""GetUnitUserData"", ""Player""]",[],1
Xov,32196,32204,[],"[""D4"", ""DestroyTimer"", ""GetExpiredTimer"", ""L0""]",[],2
Xrv,32205,32223,[],"[""DisableTrigger"", ""Vk""]",[],0
Xiv,32224,32260,[],"[""CreateTimer"", ""DisplayTimedTextToPlayer"", ""GetKillingUnit"", ""GetLocalPlayer"", ""GetOwningPlayer"", ""GetPlayerState"", ""H0"", ""RemoveUnit"", ""SetPlayerState"", ""TimerStart"", ""Xrv"", ""hz"", ""kz""]","[""OZ"", ""Xov""]",12
Xnv,32261,32263,[],"[""GetDyingUnit""]",[],0
XVv,32264,32284,[],"[""DisableTrigger"", ""O4"", ""Vk""]",[],1
XXv,32285,32290,[],"[""GetFilterUnit"", ""GetUnitState"", ""GetWidgetLife"", ""IsUnitType"", ""SetUnitState""]",[],2
XOv,32291,32296,[],"[""Condition"", ""CreateGroup"", ""DestroyGroup"", ""GroupEnumUnitsInRect""]","[""XXv""]",0
XIv,32297,32302,[],"[""GetFilterUnit"", ""GetUnitState"", ""GetWidgetLife"", ""IsUnitType"", ""SetUnitState""]",[],2
XAv,32303,32308,[],"[""Condition"", ""CreateGroup"", ""DestroyGroup"", ""GroupEnumUnitsInRect""]","[""XIv""]",0
Xbv,32309,32311,[],"[""GetDyingUnit"", ""GetOwningPlayer"", ""Player""]",[],0
XBv,32312,32318,[],"[""GetKillingUnit"", ""GetWidgetLife"", ""IsUnitType"", ""hL""]",[],2
XCv,32319,32321,[],"[""GetOwningPlayer"", ""GetTriggerUnit"", ""Player""]",[],0
Xdv,32322,32330,"[""A0K4""]","[""DisableTrigger"", ""EnableTrigger"", ""GetSpellAbilityId"", ""GetTriggerUnit"", ""GetTriggeringTrigger"", ""GetUnitAbilityLevel"", ""IsUnitType"", ""Kz"", ""hK"", ""hL""]",[],2
Xfv,32331,32333,"[""A0K4""]","[""GetLeavingUnit"", ""GetUnitAbilityLevel"", ""GetWidgetLife""]",[],1
XFv,32334,32339,[],"[""GetLeavingUnit"", ""SetUnitX"", ""SetUnitY""]",[],2
XGv,32340,32350,"[""n017""]","[""GetEnteringUnit"", ""GetUnitState"", ""GetUnitTypeId"", ""IsUnitIllusion"", ""IsUnitInGroup"", ""KZ"", ""SetUnitState"", ""i0""]",[],2
XHv,32351,32353,"[""A0XH"", ""A188"", ""E00E"", ""E00J"", ""O00D"", ""U00T""]","[""GetDyingUnit"", ""GetUnitAbilityLevel"", ""GetUnitTypeId"", ""GetUnitUserData"", ""IsUnitIllusion"", ""IsUnitType""]",[],1
Xjv,32354,32356,[],"[""GetEnumUnit"", ""PauseUnit""]",[],0
Trig_DuEl02b_G3,32357,32359,"[""h00P""]","[""GetEnumUnit"", ""GetUnitTypeId""]",[],2
XJv,32360,32373,[],"[""DestroyTimer"", ""FlushChildHashtable"", ""GetExpiredTimer"", ""GetHandleId"", ""LoadInteger"", ""PauseTimer"", ""Ps""]",[],3
XKv,32374,32448,[],"[""CreateTimer"", ""DestroyTimer"", ""DisplayCineFilter"", ""DisplayTextToPlayer"", ""EnableUserUI"", ""GetExpiredTimer"", ""GetHandleId"", ""GetLocalPlayer"", ""GetLocationX"", ""GetLocationY"", ""GetOwningPlayer"", ""GetRectCenterX"", ""GetRectCenterY"", ""LoadInteger"", ""Location"", ""PanCameraToTimed"", ""PauseTimer"", ""Player"", ""RemoveLocation"", ""RemoveUnitFromStock"", ""SetCineFilterBlendMode"", ""SetCineFilterDuration"", ""SetCineFilterEndColor"", ""SetCineFilterEndUV"", ""SetCineFilterStartColor"", ""SetCineFilterStartUV"", ""SetCineFilterTexMapFlags"", ""SetCineFilterTexture"", ""ShowUnit"", ""TimerStart"", ""X3"", ""us""]","[""FinishCinematicFadeBJ""]",34
Xlv,32449,32455,[],"[""DestroyTimer"", ""EnableTrigger"", ""GetExpiredTimer"", ""PauseTimer""]",[],0
XLv,32456,32474,[],"[""DestroyTimer"", ""GetExpiredTimer"", ""GetRandomReal"", ""GetRectMaxX"", ""GetRectMaxY"", ""GetRectMinX"", ""GetRectMinY"", ""Jz"", ""PauseTimer"", ""SetUnitX"", ""SetUnitY""]",[],2
Xmv,32475,32492,[],"[""D4"", ""DestroyTimer"", ""GetExpiredTimer"", ""PauseTimer"", ""Player"", ""RemoveUnitFromStock"", ""us""]",[],2
XMv,32493,32499,[],"[""DestroyTimer"", ""GetExpiredTimer"", ""GetHandleId"", ""I2S"", ""LoadTextTagHandle"", ""R2I"", ""SetTextTagText""]",[],1
Xpv,32500,32752,"[""A10H"", ""A19P"", ""A19Q""]","[""CreateGroup"", ""CreateTimer"", ""DestroyGroup"", ""DestroyTimer"", ""DestroyTimerDialog"", ""DisableTrigger"", ""DisplayCineFilter"", ""DisplayTextToPlayer"", ""DisplayTimedTextToPlayer"", ""EnableUserUI"", ""ForGroup"", ""ForceClear"", ""GetDyingUnit"", ""GetHandleId"", ""GetLocalPlayer"", ""GetOwningPlayer"", ""GetPlayerSlotState"", ""GetPlayerState"", ""GetRandomInt"", ""GetUnitAbilityLevel"", ""GetUnitName"", ""GetUnitState"", ""GroupEnumUnitsInRect"", ""IssueImmediateOrderById"", ""O1"", ""Player"", ""SaveInteger"", ""SetCineFilterBlendMode"", ""SetCineFilterDuration"", ""SetCineFilterEndColor"", ""SetCineFilterEndUV"", ""SetCineFilterStartColor"", ""SetCineFilterStartUV"", ""SetCineFilterTexMapFlags"", ""SetCineFilterTexture"", ""SetPlayerAlliance"", ""SetPlayerState"", ""SetUnitX"", ""SetUnitY"", ""SetWidgetLife"", ""ShowUnit"", ""SuspendHeroXP"", ""T0"", ""TimerStart"", ""UnitAddAbility"", ""UnitRemoveAbility"", ""UnitRemoveBuffs"", ""xK""]","[""OZ"", ""XJv"", ""XKv"", ""XLv"", ""XMv"", ""Xjv"", ""Xlv"", ""Xmv""]",123
XSv,32753,32755,[],"[""GetLeavingUnit"", ""IsUnitType"", ""Kz""]",[],0
Xtv,32756,32758,[],"[""GetLeavingUnit"", ""KillUnit""]",[],0
Xuv,32759,32761,"[""A0XH"", ""A188"", ""E00E"", ""E00J"", ""O00D"", ""U00T""]","[""GetDyingUnit"", ""GetUnitAbilityLevel"", ""GetUnitTypeId"", ""GetUnitUserData"", ""IsUnitIllusion"", ""IsUnitType""]",[],1
XUv,32762,32764,[],"[""GetEnumUnit"", ""PauseUnit""]",[],0
Xwv,32765,32771,[],"[""DestroyTimer"", ""EnableTrigger"", ""GetExpiredTimer"", ""PauseTimer""]",[],0
XWv,32772,32790,[],"[""DestroyTimer"", ""GetExpiredTimer"", ""GetRandomReal"", ""GetRectMaxX"", ""GetRectMaxY"", ""GetRectMinX"", ""GetRectMinY"", ""Jz"", ""PauseTimer"", ""SetUnitX"", ""SetUnitY""]",[],2
Xyv,32791,32804,[],"[""D4"", ""DestroyTimer"", ""GetExpiredTimer"", ""PauseTimer""]",[],1
XYv,32805,32811,[],"[""DestroyTimer"", ""GetExpiredTimer"", ""GetHandleId"", ""I2S"", ""LoadTextTagHandle"", ""R2I"", ""SetTextTagText""]",[],1
Xzv,32812,32903,"[""A10H""]","[""CreateForce"", ""CreateGroup"", ""CreateTimer"", ""DestroyForce"", ""DestroyGroup"", ""DestroyTimer"", ""DestroyTimerDialog"", ""DisableTrigger"", ""DisplayTimedTextToPlayer"", ""ForGroup"", ""ForceAddPlayer"", ""GetDyingUnit"", ""GetKillingUnit"", ""GetLocalPlayer"", ""GetOwningPlayer"", ""GetPlayerState"", ""GetUnitName"", ""GetUnitState"", ""GetWidgetX"", ""GetWidgetY"", ""GroupEnumUnitsInRect"", ""I2S"", ""IssueImmediateOrderById"", ""SetForceAllianceStateBJ"", ""SetPlayerState"", ""SetWidgetLife"", ""ShowUnit"", ""SuspendHeroXP"", ""T0"", ""TimerStart"", ""Uk"", ""UnitRemoveAbility"", ""UnitRemoveBuffs"", ""ll"", ""xK""]","[""OZ"", ""XUv"", ""XWv"", ""XYv"", ""Xwv"", ""Xyv""]",23
X1v,32904,32949,[],"[""DisableTrigger"", ""DisplayTimedTextToPlayer"", ""GetLocalPlayer"", ""GetTriggerPlayer"", ""I2R"", ""I2S"", ""PauseTimer"", ""R2I"", ""S3"", ""TimerGetRemaining"", ""TimerStart"", ""aZ"", ""c1"", ""xK""]","[""C1"", ""N4""]",23
X7v,32950,32994,[],"[""CreateGroup"", ""DestroyGroup"", ""FirstOfGroup"", ""GetExpiredTimer"", ""GetHandleId"", ""GetOwningPlayer"", ""GetWidgetLife"", ""GroupEnumUnitsInRange"", ""GroupRemoveUnit"", ""IsUnitEnemy"", ""IsUnitType"", ""KillUnit"", ""LoadInteger"", ""LoadReal"", ""LoadUnitHandle"", ""RemoveUnit"", ""SaveInteger"", ""hL"", ""tK""]",[],16
X9v,32995,33040,"[""h01J""]","[""Cos"", ""CreateTimer"", ""CreateUnit"", ""GetExpiredTimer"", ""GetHandleId"", ""GetOwningPlayer"", ""KillUnit"", ""LoadReal"", ""LoadUnitHandle"", ""RemoveUnit"", ""SaveInteger"", ""SaveReal"", ""SaveUnitHandle"", ""SetUnitPathing"", ""SetUnitX"", ""SetUnitY"", ""Sin"", ""TimerStart"", ""tK""]","[""X7v""]",19
Ovv,33041,33088,"[""Arav""]","[""AddSpecialEffectLoc"", ""Cos"", ""CreateGroup"", ""DestroyEffect"", ""DestroyGroup"", ""FirstOfGroup"", ""GetExpiredTimer"", ""GetHandleId"", ""GetLocationX"", ""GetLocationY"", ""GetOwningPlayer"", ""GetWidgetLife"", ""GroupEnumUnitsInRangeOfLoc"", ""GroupRemoveUnit"", ""IsUnitEnemy"", ""IsUnitType"", ""LoadLocationHandle"", ""LoadReal"", ""LoadUnitHandle"", ""RemoveLocation"", ""SaveReal"", ""SetUnitPathing"", ""SetUnitX"", ""SetUnitY"", ""Sin"", ""UnitRemoveAbility"", ""hL"", ""tK""]",[],20
Oev,33089,33162,"[""Arav""]","[""Atan2"", ""CreateGroup"", ""CreateTimer"", ""DestroyGroup"", ""FirstOfGroup"", ""GetExpiredTimer"", ""GetHandleId"", ""GetLocationX"", ""GetLocationY"", ""GetOwningPlayer"", ""GetUnitLoc"", ""GetWidgetLife"", ""GroupEnumUnitsInRange"", ""GroupRemoveUnit"", ""IsUnitEnemy"", ""IsUnitType"", ""KillUnit"", ""LoadReal"", ""LoadUnitHandle"", ""RemoveUnit"", ""SaveLocationHandle"", ""SaveReal"", ""SaveUnitHandle"", ""SetPlayerAbilityAvailable"", ""SetUnitPathing"", ""SquareRoot"", ""TimerStart"", ""UnitAddAbility"", ""tK""]","[""Ovv""]",24
Oxv,33163,33185,"[""A0ZK"", ""B08C""]","[""GetExpiredTimer"", ""GetHandleId"", ""GetUnitState"", ""LoadInteger"", ""LoadReal"", ""LoadUnitHandle"", ""SaveInteger"", ""SaveReal"", ""SetUnitState"", ""UnitRemoveAbility"", ""tK""]",[],8
Oov,33186,33234,"[""A0ZK""]","[""CreateGroup"", ""CreateTimer"", ""DestroyGroup"", ""FirstOfGroup"", ""GetExpiredTimer"", ""GetHandleId"", ""GetOwningPlayer"", ""GetUnitAbilityLevel"", ""GetUnitState"", ""GetWidgetLife"", ""GroupEnumUnitsInRange"", ""GroupRemoveUnit"", ""IsUnitEnemy"", ""IsUnitType"", ""KillUnit"", ""LoadReal"", ""LoadUnitHandle"", ""RemoveUnit"", ""SaveInteger"", ""SaveReal"", ""SaveUnitHandle"", ""TimerStart"", ""UnitAddAbility"", ""tK""]","[""Oxv""]",11
Orv,33235,33304,"[""A0K4""]","[""AddSpecialEffectTarget"", ""CreateGroup"", ""DestroyEffect"", ""DestroyGroup"", ""FirstOfGroup"", ""GetExpiredTimer"", ""GetHandleId"", ""GetOwningPlayer"", ""GetUnitAbilityLevel"", ""GetUnitX"", ""GetUnitY"", ""GetWidgetLife"", ""GroupEnumUnitsInRange"", ""GroupRemoveUnit"", ""IsUnitEnemy"", ""IsUnitType"", ""IssuePointOrderById"", ""KillUnit"", ""LoadInteger"", ""LoadReal"", ""LoadUnitHandle"", ""RemoveUnit"", ""SaveInteger"", ""SquareRoot"", ""Uk"", ""hL"", ""tK"", ""xZ""]",[],27
Oiv,33305,33366,"[""A0Z6"", ""h032""]","[""Cos"", ""CreateTimer"", ""CreateUnit"", ""GetExpiredTimer"", ""GetHandleId"", ""GetOwningPlayer"", ""KillUnit"", ""LoadInteger"", ""LoadReal"", ""LoadUnitHandle"", ""Player"", ""RemoveUnit"", ""SaveInteger"", ""SaveReal"", ""SaveUnitHandle"", ""SetUnitPathing"", ""SetUnitX"", ""SetUnitY"", ""Sin"", ""TimerStart"", ""tK""]","[""Orv""]",32
Oav,33367,33399,"[""Abun"", ""Arav"", ""B08D""]","[""Atan2"", ""Cos"", ""GetExpiredTimer"", ""GetHandleId"", ""GetUnitX"", ""GetUnitY"", ""GetWidgetLife"", ""KillUnit"", ""LoadReal"", ""LoadUnitHandle"", ""RemoveUnit"", ""SaveReal"", ""SetUnitPathing"", ""SetUnitX"", ""SetUnitY"", ""Sin"", ""SquareRoot"", ""UnitRemoveAbility"", ""tK""]",[],16
Onv,33400,33458,"[""A0KV"", ""Abun"", ""Arav"", ""h011""]","[""CreateGroup"", ""CreateTimer"", ""CreateUnit"", ""DestroyGroup"", ""FirstOfGroup"", ""GetExpiredTimer"", ""GetHandleId"", ""GetOwningPlayer"", ""GetUnitX"", ""GetUnitY"", ""GetWidgetLife"", ""GroupEnumUnitsInRange"", ""GroupRemoveUnit"", ""IsUnitEnemy"", ""IsUnitType"", ""IssueTargetOrderById"", ""KillUnit"", ""LoadReal"", ""LoadUnitHandle"", ""RemoveUnit"", ""SaveReal"", ""SaveUnitHandle"", ""SetPlayerAbilityAvailable"", ""SetUnitPathing"", ""TimerStart"", ""UnitAddAbility"", ""hL"", ""tK""]","[""Oav""]",17
OVv,33459,33518,"[""A0K4"", ""A0QE"", ""n07C""]","[""AddSpecialEffect"", ""CreateGroup"", ""CreateUnit"", ""DestroyEffect"", ""DestroyGroup"", ""FirstOfGroup"", ""GetExpiredTimer"", ""GetHandleId"", ""GetOwningPlayer"", ""GetWidgetLife"", ""GroupEnumUnitsInRange"", ""GroupRemoveUnit"", ""IsUnitEnemy"", ""IsUnitType"", ""KillUnit"", ""LoadReal"", ""LoadUnitHandle"", ""Player"", ""RemoveUnit"", ""UnitAddAbility"", ""hL"", ""tK""]",[],17
OXv,33519,33568,[],"[""AddSpecialEffect"", ""CreateGroup"", ""DestroyEffect"", ""DestroyGroup"", ""FirstOfGroup"", ""GetExpiredTimer"", ""GetHandleId"", ""GetOwningPlayer"", ""GetWidgetLife"", ""GroupEnumUnitsInRange"", ""GroupRemoveUnit"", ""IsUnitEnemy"", ""IsUnitType"", ""KillUnit"", ""LoadReal"", ""LoadUnitHandle"", ""RemoveUnit"", ""SetUnitX"", ""SetUnitY"", ""hL"", ""tK""]",[],9
OOv,33569,33620,"[""I05G"", ""h00V""]","[""CreateGroup"", ""CreateUnit"", ""DestroyGroup"", ""FirstOfGroup"", ""GetExpiredTimer"", ""GetHandleId"", ""GetOwningPlayer"", ""GetWidgetLife"", ""GroupEnumUnitsInRange"", ""GroupRemoveUnit"", ""IsUnitEnemy"", ""IsUnitType"", ""KillUnit"", ""LoadReal"", ""LoadUnitHandle"", ""RemoveUnit"", ""UnitAddItemById"", ""UnitUseItemTarget"", ""ZK"", ""tK""]",[],11
ORv,33621,33686,"[""A0ZB""]","[""AddSpecialEffect"", ""CreateGroup"", ""DestroyEffect"", ""DestroyGroup"", ""FirstOfGroup"", ""GetExpiredTimer"", ""GetHandleId"", ""GetOwningPlayer"", ""GetUnitState"", ""GetWidgetLife"", ""GroupEnumUnitsInRange"", ""GroupRemoveUnit"", ""IsUnitEnemy"", ""IsUnitType"", ""KillUnit"", ""LoadInteger"", ""LoadReal"", ""LoadUnitHandle"", ""RemoveUnit"", ""StartSound"", ""hL"", ""tK""]",[],13
OIv,33687,33724,[],"[""Atan2"", ""Cos"", ""GetExpiredTimer"", ""GetHandleId"", ""GetUnitX"", ""GetUnitY"", ""KillUnit"", ""LoadReal"", ""LoadUnitHandle"", ""RemoveUnit"", ""SaveReal"", ""SetUnitFacing"", ""SetUnitX"", ""SetUnitY"", ""Sin"", ""SquareRoot"", ""hL"", ""tK""]",[],16
OAv,33725,33745,"[""BTLF"", ""h02K""]","[""CreateTimer"", ""CreateUnit"", ""GetHandleId"", ""GetOwningPlayer"", ""GetUnitFacing"", ""GetUnitX"", ""GetUnitY"", ""SaveReal"", ""SaveUnitHandle"", ""SetUnitPathing"", ""TimerStart"", ""UnitApplyTimedLife""]","[""OIv""]",12
ONv,33746,33792,[],"[""CreateGroup"", ""DestroyGroup"", ""FirstOfGroup"", ""GetExpiredTimer"", ""GetHandleId"", ""GetOwningPlayer"", ""GetWidgetLife"", ""GroupEnumUnitsInRange"", ""GroupRemoveUnit"", ""IsUnitEnemy"", ""IsUnitType"", ""KillUnit"", ""LoadReal"", ""LoadUnitHandle"", ""OAv"", ""RemoveUnit"", ""tK""]",[],8
Obv,33793,33820,[],"[""Atan2"", ""Cos"", ""GetExpiredTimer"", ""GetHandleId"", ""GetUnitX"", ""GetUnitY"", ""LoadReal"", ""LoadUnitHandle"", ""SaveReal"", ""SetUnitFacing"", ""SetUnitFlyHeight"", ""SetUnitX"", ""SetUnitY"", ""Sin"", ""SquareRoot"", ""hL"", ""tK""]",[],16
OBv,33821,33835,[],"[""CreateTimer"", ""GetHandleId"", ""GetUnitX"", ""GetUnitY"", ""SaveReal"", ""SaveUnitHandle"", ""TimerStart""]","[""Obv""]",9
Ocv,33836,33877,[],"[""CreateGroup"", ""DestroyGroup"", ""FirstOfGroup"", ""GetExpiredTimer"", ""GetHandleId"", ""GetOwningPlayer"", ""GetUnitUserData"", ""GetUnitX"", ""GetUnitY"", ""GetWidgetLife"", ""GroupAddUnit"", ""GroupEnumUnitsInRange"", ""GroupRemoveUnit"", ""IsUnitAlly"", ""IsUnitInGroup"", ""LoadGroupHandle"", ""LoadInteger"", ""LoadUnitHandle"", ""OBv"", ""SaveGroupHandle"", ""SaveInteger"", ""tK""]",[],9
OCv,33878,33926,[],"[""CreateGroup"", ""CreateTimer"", ""DestroyGroup"", ""FirstOfGroup"", ""GetExpiredTimer"", ""GetHandleId"", ""GetOwningPlayer"", ""GetWidgetLife"", ""GroupEnumUnitsInRange"", ""GroupRemoveUnit"", ""IsUnitEnemy"", ""IsUnitType"", ""KillUnit"", ""LoadReal"", ""LoadUnitHandle"", ""RemoveUnit"", ""SaveGroupHandle"", ""SaveInteger"", ""SaveUnitHandle"", ""TimerStart"", ""tK""]","[""Ocv""]",11
Odv,33927,33986,"[""A0K4""]","[""AddSpecialEffectTarget"", ""CinematicFilterGenericBJ"", ""CreateGroup"", ""DestroyEffect"", ""DestroyGroup"", ""FirstOfGroup"", ""GetExpiredTimer"", ""GetHandleId"", ""GetOwningPlayer"", ""GetUnitAbilityLevel"", ""GetUnitX"", ""GetUnitY"", ""GetWidgetLife"", ""GroupEnumUnitsInRange"", ""GroupRemoveUnit"", ""IsUnitEnemy"", ""IsUnitType"", ""KillUnit"", ""LoadReal"", ""LoadUnitHandle"", ""RemoveUnit"", ""SquareRoot"", ""StartSound"", ""hL"", ""tK""]",[],22
ODv,33987,34040,"[""h033""]","[""Cos"", ""CreateTimer"", ""CreateUnit"", ""GetExpiredTimer"", ""GetHandleId"", ""GetOwningPlayer"", ""KillUnit"", ""LoadInteger"", ""LoadReal"", ""LoadUnitHandle"", ""Player"", ""RemoveUnit"", ""SaveReal"", ""SaveUnitHandle"", ""SetUnitPathing"", ""SetUnitX"", ""SetUnitY"", ""Sin"", ""TimerStart"", ""tK""]","[""Odv""]",26
Ofv,34041,34083,"[""Abun"", ""Arav"", ""B08D""]","[""Atan2"", ""Cos"", ""GetExpiredTimer"", ""GetHandleId"", ""GetWidgetLife"", ""KillUnit"", ""LoadReal"", ""LoadUnitHandle"", ""PauseUnit"", ""RemoveUnit"", ""SaveReal"", ""SetUnitAnimationByIndex"", ""SetUnitFacing"", ""SetUnitPathing"", ""SetUnitTimeScale"", ""SetUnitX"", ""SetUnitY"", ""Sin"", ""SquareRoot"", ""UnitRemoveAbility"", ""hL"", ""tK""]",[],22
OFv,34084,34154,"[""A0KV"", ""Abun"", ""Arav"", ""h011""]","[""AddSpecialEffect"", ""CreateGroup"", ""CreateTimer"", ""CreateUnit"", ""DestroyEffect"", ""DestroyGroup"", ""FirstOfGroup"", ""GetExpiredTimer"", ""GetHandleId"", ""GetOwningPlayer"", ""GetRandomReal"", ""GetUnitX"", ""GetUnitY"", ""GetWidgetLife"", ""GroupEnumUnitsInRange"", ""GroupRemoveUnit"", ""IsUnitEnemy"", ""IsUnitType"", ""IssueTargetOrderById"", ""KillUnit"", ""LoadReal"", ""LoadUnitHandle"", ""PauseUnit"", ""RemoveUnit"", ""SaveReal"", ""SaveUnitHandle"", ""SetPlayerAbilityAvailable"", ""SetUnitAnimationByIndex"", ""SetUnitPathing"", ""SetUnitTimeScale"", ""SetUnitX"", ""SetUnitY"", ""TimerStart"", ""UnitAddAbility"", ""tK""]","[""Ofv""]",22
Ohv,34155,34225,[],"[""Cos"", ""CreateGroup"", ""DestroyEffect"", ""DestroyGroup"", ""FirstOfGroup"", ""GetExpiredTimer"", ""GetHandleId"", ""GetLocationX"", ""GetLocationY"", ""GetOwningPlayer"", ""GetUnitFacing"", ""GetUnitLoc"", ""GetWidgetLife"", ""Gl"", ""GroupAddUnit"", ""GroupEnumUnitsInRangeOfLoc"", ""GroupRemoveUnit"", ""IsUnitEnemy"", ""IsUnitInGroup"", ""IsUnitType"", ""KillUnit"", ""LoadEffectHandle"", ""LoadGroupHandle"", ""LoadReal"", ""LoadUnitHandle"", ""Location"", ""RemoveLocation"", ""RemoveUnit"", ""SaveReal"", ""SetUnitFacing"", ""SetUnitPositionLoc"", ""SetUnitX"", ""SetUnitY"", ""Sin"", ""eL"", ""hL"", ""tK""]",[],27
OHv,34226,34254,"[""h01O""]","[""AddSpecialEffectTarget"", ""Atan2"", ""CreateGroup"", ""CreateTimer"", ""CreateUnitAtLoc"", ""GetHandleId"", ""GetLocationX"", ""GetLocationY"", ""GetOwningPlayer"", ""RemoveLocation"", ""SaveEffectHandle"", ""SaveGroupHandle"", ""SaveReal"", ""SaveUnitHandle"", ""SetUnitFlyHeight"", ""SetUnitPathing"", ""SetUnitScale"", ""TimerStart""]","[""Ohv""]",18
Ojv,34255,34283,[],"[""GetExpiredTimer"", ""GetHandleId"", ""GetOwningPlayer"", ""GetUnitX"", ""GetUnitY"", ""KillUnit"", ""LoadReal"", ""LoadUnitHandle"", ""Location"", ""OHv"", ""RemoveUnit"", ""tK""]",[],10
OKv,34284,34336,"[""A0LZ"", ""I05G"", ""h00V""]","[""CreateGroup"", ""CreateUnit"", ""DestroyGroup"", ""FirstOfGroup"", ""GetExpiredTimer"", ""GetHandleId"", ""GetOwningPlayer"", ""GetWidgetLife"", ""GroupEnumUnitsInRange"", ""GroupRemoveUnit"", ""IsUnitEnemy"", ""IsUnitType"", ""KillUnit"", ""LoadReal"", ""LoadUnitHandle"", ""RemoveUnit"", ""SetUnitAbilityLevel"", ""UnitAddItemById"", ""UnitUseItemTarget"", ""ZK"", ""tK""]",[],12
Olv,34337,34381,[],"[""CreateGroup"", ""DestroyGroup"", ""FirstOfGroup"", ""GetExpiredTimer"", ""GetHandleId"", ""GetOwningPlayer"", ""GetWidgetLife"", ""GroupEnumUnitsInRange"", ""GroupRemoveUnit"", ""IsUnitEnemy"", ""IsUnitType"", ""KillUnit"", ""LoadInteger"", ""LoadReal"", ""LoadUnitHandle"", ""RemoveUnit"", ""SaveInteger"", ""hL"", ""tK""]",[],15
OLv,34382,34428,"[""h03F""]","[""AddSpecialEffect"", ""Cos"", ""CreateTimer"", ""CreateUnit"", ""DestroyEffect"", ""GetExpiredTimer"", ""GetHandleId"", ""GetOwningPlayer"", ""KillUnit"", ""LoadReal"", ""LoadUnitHandle"", ""RemoveUnit"", ""SaveInteger"", ""SaveReal"", ""SaveUnitHandle"", ""SetUnitPathing"", ""SetUnitX"", ""SetUnitY"", ""Sin"", ""TimerStart"", ""tK""]","[""Olv""]",18
Omv,34429,34488,[],"[""Cos"", ""CreateGroup"", ""DestroyEffect"", ""DestroyGroup"", ""FirstOfGroup"", ""GetExpiredTimer"", ""GetHandleId"", ""GetLocationX"", ""GetLocationY"", ""GetOwningPlayer"", ""GetUnitFacing"", ""GetUnitLoc"", ""GetWidgetLife"", ""GroupAddUnit"", ""GroupEnumUnitsInRangeOfLoc"", ""GroupRemoveUnit"", ""IsUnitEnemy"", ""IsUnitInGroup"", ""IsUnitType"", ""IssueTargetOrderById"", ""KillUnit"", ""LoadEffectHandle"", ""LoadGroupHandle"", ""LoadReal"", ""LoadUnitHandle"", ""Location"", ""RemoveLocation"", ""RemoveUnit"", ""SaveReal"", ""SetUnitFacing"", ""SetUnitPositionLoc"", ""Sin"", ""hL"", ""tK""]",[],27
OMv,34489,34521,"[""A124"", ""h011"", ""h01O""]","[""AddSpecialEffectTarget"", ""Atan2"", ""CreateGroup"", ""CreateTimer"", ""CreateUnitAtLoc"", ""GetHandleId"", ""GetLocationX"", ""GetLocationY"", ""GetOwningPlayer"", ""RemoveLocation"", ""SaveEffectHandle"", ""SaveGroupHandle"", ""SaveReal"", ""SaveUnitHandle"", ""SetUnitFlyHeight"", ""SetUnitPathing"", ""SetUnitScale"", ""TimerStart"", ""UnitAddAbility""]","[""Omv""]",20
Opv,34522,34550,[],"[""GetExpiredTimer"", ""GetHandleId"", ""GetOwningPlayer"", ""GetUnitX"", ""GetUnitY"", ""KillUnit"", ""LoadReal"", ""LoadUnitHandle"", ""Location"", ""OMv"", ""RemoveUnit"", ""tK""]",[],10
OPv,34551,34592,"[""A0K4""]","[""AddSpecialEffectTarget"", ""CreateGroup"", ""DestroyEffect"", ""DestroyGroup"", ""FirstOfGroup"", ""GetExpiredTimer"", ""GetHandleId"", ""GetOwningPlayer"", ""GetUnitAbilityLevel"", ""GetWidgetLife"", ""GroupEnumUnitsInRange"", ""GroupRemoveUnit"", ""IsUnitEnemy"", ""IsUnitType"", ""LoadReal"", ""LoadUnitHandle"", ""RemoveUnit"", ""SaveReal"", ""Uk"", ""hL"", ""tK""]",[],13
Oqv,34593,34634,"[""n06L""]","[""CreateTimer"", ""CreateUnit"", ""GetExpiredTimer"", ""GetHandleId"", ""GetOwningPlayer"", ""KillUnit"", ""LoadInteger"", ""LoadReal"", ""LoadUnitHandle"", ""PauseUnit"", ""Player"", ""RemoveUnit"", ""SaveReal"", ""SaveUnitHandle"", ""SetUnitX"", ""SetUnitY"", ""TimerStart"", ""TriggerRegisterUnitEvent"", ""tK""]","[""OPv""]",15
OQv,34635,34670,[],"[""CreateGroup"", ""DestroyGroup"", ""FirstOfGroup"", ""GetExpiredTimer"", ""GetHandleId"", ""GetOwningPlayer"", ""GetWidgetLife"", ""GroupEnumUnitsInRange"", ""GroupRemoveUnit"", ""IsUnitEnemy"", ""IsUnitType"", ""IssueTargetOrderById"", ""LoadInteger"", ""LoadReal"", ""LoadUnitHandle"", ""RemoveUnit"", ""SaveInteger"", ""hL"", ""tK""]",[],11
Osv,34671,34705,"[""A168"", ""h05W""]","[""CreateTimer"", ""CreateUnit"", ""GetExpiredTimer"", ""GetHandleId"", ""GetOwningPlayer"", ""KillUnit"", ""LoadReal"", ""LoadUnitHandle"", ""RemoveUnit"", ""SaveInteger"", ""SaveReal"", ""SaveUnitHandle"", ""SetUnitPathing"", ""SetUnitX"", ""SetUnitY"", ""TimerStart"", ""UnitAddAbility"", ""tK""]","[""OQv""]",12
OSv,34706,34723,[],"[""GetExpiredTimer"", ""GetHandleId"", ""LoadInteger"", ""LoadUnitHandle"", ""RemoveUnit"", ""SaveInteger"", ""tK""]",[],5
Otv,34724,34758,"[""S002"", ""h01O""]","[""AddSpecialEffectTarget"", ""CreateTimer"", ""CreateUnit"", ""GetExpiredTimer"", ""GetHandleId"", ""GetOwningPlayer"", ""KillUnit"", ""LoadReal"", ""LoadUnitHandle"", ""RemoveUnit"", ""SaveInteger"", ""SaveUnitHandle"", ""SetUnitPathing"", ""SetUnitX"", ""SetUnitY"", ""TimerStart"", ""UnitAddAbility"", ""qK"", ""tK""]","[""OSv""]",12
OTv,34759,34777,[],"[""DisableTrigger"", ""GetExpiredTimer"", ""GetHandleId"", ""LoadInteger"", ""LoadUnitHandle"", ""RemoveUnit"", ""SaveInteger"", ""tK""]",[],5
Ouv,34778,34811,"[""S003"", ""h05X""]","[""CreateTimer"", ""CreateUnit"", ""EnableTrigger"", ""GetExpiredTimer"", ""GetHandleId"", ""GetOwningPlayer"", ""KillUnit"", ""LoadReal"", ""LoadUnitHandle"", ""RemoveUnit"", ""SaveInteger"", ""SaveUnitHandle"", ""SetUnitPathing"", ""SetUnitX"", ""SetUnitY"", ""TimerStart"", ""UnitAddAbility"", ""tK""]","[""OTv""]",10
OUv,34812,34830,[],"[""DisableTrigger"", ""GetExpiredTimer"", ""GetHandleId"", ""LoadInteger"", ""LoadUnitHandle"", ""RemoveUnit"", ""SaveInteger"", ""tK""]",[],5
Owv,34831,34864,"[""S004"", ""n02U""]","[""CreateTimer"", ""CreateUnit"", ""EnableTrigger"", ""GetExpiredTimer"", ""GetHandleId"", ""GetOwningPlayer"", ""KillUnit"", ""LoadReal"", ""LoadUnitHandle"", ""RemoveUnit"", ""SaveInteger"", ""SaveUnitHandle"", ""SetUnitPathing"", ""SetUnitX"", ""SetUnitY"", ""TimerStart"", ""UnitAddAbility"", ""tK""]","[""OUv""]",10
OWv,34865,34932,"[""A0Z6"", ""A0ZE"", ""A0ZI"", ""A123""]","[""Atan2"", ""Cos"", ""CreateGroup"", ""CreateTimer"", ""CreateUnit"", ""DestroyGroup"", ""FirstOfGroup"", ""GetHandleId"", ""GetOwningPlayer"", ""GetRandomReal"", ""GetSpellAbilityId"", ""GetSpellAbilityUnit"", ""GetSpellTargetX"", ""GetSpellTargetY"", ""GetWidgetLife"", ""GroupEnumUnitsInRange"", ""GroupRemoveUnit"", ""IsUnitType"", ""IssuePointOrderById"", ""Player"", ""SaveInteger"", ""SaveReal"", ""SaveUnitHandle"", ""SetUnitPathing"", ""SetUnitScale"", ""SetUnitX"", ""SetUnitY"", ""Sin"", ""TimerStart"", ""xZ""]",[],25
OZv,34933,35001,"[""A0Z3"", ""A0Z4"", ""A0Z5"", ""A0Z6"", ""A0Z7"", ""A0Z8"", ""A0Z9"", ""A0ZA"", ""A0ZB"", ""A0ZC"", ""A0ZD"", ""A0ZE"", ""A0ZF"", ""A0ZG"", ""A0ZH"", ""A0ZI"", ""A120"", ""A121"", ""A122"", ""A123"", ""A1DA"", ""A1DC"", ""A1DE"", ""A1DF"", ""h00S"", ""h02S"", ""h031""]","[""GetSpellAbilityId"", ""OWv""]","[""OCv"", ""ODv"", ""OFv"", ""OKv"", ""OLv"", ""ONv"", ""OOv"", ""ORv"", ""OVv"", ""OXv"", ""Oev"", ""Oiv"", ""Ojv"", ""Onv"", ""Oov"", ""Opv"", ""Oqv"", ""Osv"", ""Otv"", ""Ouv"", ""Owv"", ""X9v""]",44
O0v,35002,35004,[],"[""f1""]",[],2
O1v,35005,35035,[],"[""CreateTrigger"", ""TriggerAddAction""]","[""O0v""]",20
O2v,35036,35041,[],"[""DestroyTimer"", ""GetExpiredTimer"", ""TriggerExecute""]",[],1
O3v,35042,35089,[],"[""AddSpecialEffect"", ""ClearSelection"", ""CreateTimer"", ""DestroyEffect"", ""GetLocalPlayer"", ""GetRandomReal"", ""GetRectCenterX"", ""GetRectCenterY"", ""GetRectMaxX"", ""GetRectMaxY"", ""GetRectMinX"", ""GetRectMinY"", ""GetUnitX"", ""GetUnitY"", ""IsPlayerInForce"", ""PanCameraToTimed"", ""ReviveHero"", ""SelectUnit"", ""SetUnitPosition"", ""TimerStart"", ""Uk"", ""UnitRemoveBuffs"", ""sW""]","[""O2v"", ""OZ""]",8
O5v,35090,35095,[],"[""DestroyTimer"", ""GetExpiredTimer""]",[],1
O6v,35096,35151,[],"[""ClearSelection"", ""Cos"", ""CreateTimer"", ""DestroyTimer"", ""DestroyTimerDialog"", ""DisableTrigger"", ""EnableTrigger"", ""FlushChildHashtable"", ""GetExpiredTimer"", ""GetHandleId"", ""GetLocalPlayer"", ""GetOwningPlayer"", ""GetUnitState"", ""I2R"", ""LoadTimerDialogHandle"", ""PanCameraToTimed"", ""SelectUnit"", ""SetForceAllianceStateBJ"", ""SetUnitFacing"", ""SetUnitPosition"", ""SetUnitState"", ""Sin"", ""StartSound"", ""TimerDialogDisplay"", ""TimerStart"", ""TriggerExecute"", ""UnitRemoveBuffs""]","[""O5v""]",15
O7v,35152,35163,[],"[""CreateTimer"", ""CreateTimerDialog"", ""GetHandleId"", ""SaveTimerDialogHandle"", ""TimerDialogDisplay"", ""TimerDialogSetTitle"", ""TimerStart""]","[""O6v""]",3
O9v,35164,35166,"[""A0K4""]","[""GetEnteringUnit"", ""GetOwningPlayer"", ""GetUnitAbilityLevel"", ""Player""]",[],2
Rvv,35167,35172,[],"[""GetEnteringUnit"", ""KillUnit"", ""RemoveUnit""]",[],0
Rxv,35173,35185,[],"[""B1"", ""DestroyTimer"", ""DestroyTimerDialog"", ""GetExpiredTimer"", ""GetHandleId"", ""LoadTimerDialogHandle"", ""TriggerExecute""]",[],2
Rov,35186,35201,[],"[""CreateTimer"", ""CreateTimerDialog"", ""DestroyTimer"", ""DestroyTimerDialog"", ""DisableTrigger"", ""DisplayTimedTextToPlayer"", ""GetHandleId"", ""GetLocalPlayer"", ""SaveTimerDialogHandle"", ""TimerDialogDisplay"", ""TimerDialogSetTitle"", ""TimerStart""]","[""Rxv""]",3
Riv,35202,35238,[],"[""CreateGroup"", ""DestroyGroup"", ""EnableTrigger"", ""FirstOfGroup"", ""GetOwningPlayer"", ""GetWidgetLife"", ""GroupEnumUnitsInRect"", ""GroupRemoveUnit"", ""IsPlayerInForce"", ""IsUnitType"", ""PauseUnit"", ""SaveBoolean"", ""StringHash"", ""TriggerExecute""]",[],9
Rav,35239,35251,[],"[""DestroyTimer"", ""DisplayTimedTextToPlayer"", ""GetExpiredTimer"", ""GetHandleId"", ""GetLocalPlayer"", ""I2S"", ""LoadInteger"", ""Riv"", ""SaveInteger"", ""StartSound""]",[],4
Rnv,35252,35300,[],"[""ClearSelection"", ""CreateTimer"", ""DisplayTimedTextToPlayer"", ""GetHandleId"", ""GetLocalPlayer"", ""GetOwningPlayer"", ""GetRandomReal"", ""GetRectCenterX"", ""GetRectCenterY"", ""GetRectMaxX"", ""GetRectMaxY"", ""GetRectMinX"", ""GetRectMinY"", ""GetUnitState"", ""IsPlayerInForce"", ""Jz"", ""PanCameraToTimed"", ""PauseUnit"", ""SaveBoolean"", ""SaveInteger"", ""SelectUnit"", ""SetForceAllianceStateBJ"", ""SetUnitFacing"", ""SetUnitPosition"", ""SetUnitState"", ""StartSound"", ""StringHash"", ""TimerStart"", ""Z2"", ""j0""]","[""Rav""]",15
REv,35301,35303,"[""A0XH"", ""A188"", ""E00E"", ""E00J"", ""O00D"", ""U00T""]","[""GetDyingUnit"", ""GetUnitAbilityLevel"", ""GetUnitTypeId"", ""GetUnitUserData"", ""IsUnitIllusion"", ""IsUnitType""]",[],1
RXv,35304,35391,[],"[""AdjustPlayerStateBJ"", ""ClearSelection"", ""Cos"", ""CreateTimer"", ""DestroyTimer"", ""DestroyTimerDialog"", ""DisableTrigger"", ""DisplayTimedTextToPlayer"", ""EnableTrigger"", ""GetDyingUnit"", ""GetLocalPlayer"", ""GetOwningPlayer"", ""GetPlayerSlotState"", ""I2R"", ""I2S"", ""IsPlayerInForce"", ""Jz"", ""PanCameraToTimed"", ""PauseUnit"", ""Player"", ""SelectUnit"", ""SetUnitFacing"", ""SetUnitPosition"", ""Sin"", ""TimerStart"", ""TriggerExecute"", ""UnitRemoveBuffs"", ""Z2""]","[""OZ""]",29
RAv,35392,35400,[],"[""DestroyTimer"", ""DestroyTimerDialog"", ""GetExpiredTimer"", ""TriggerExecute""]",[],0
RNv,35401,35409,[],"[""CreateTimer"", ""CreateTimerDialog"", ""TimerDialogDisplay"", ""TimerDialogSetTitle"", ""TimerStart""]","[""RAv""]",1
RBv,35410,35415,[],"[""DestroyTimer"", ""GetExpiredTimer""]",[],0
Rcv,35416,35456,[],"[""ClearSelection"", ""Cos"", ""CreateTimer"", ""DisableTrigger"", ""DisplayTimedTextToPlayer"", ""GetLocalPlayer"", ""GetOwningPlayer"", ""I2R"", ""Jz"", ""PanCameraToTimed"", ""PauseUnit"", ""SelectUnit"", ""SetUnitFacing"", ""SetUnitPosition"", ""Sin"", ""TimerStart"", ""TriggerExecute"", ""UnitRemoveBuffs"", ""Z2""]","[""RBv""]",11
Rdv,35457,35459,"[""E00E"", ""E00J"", ""U00T""]","[""GetDyingUnit"", ""GetUnitTypeId"", ""IsUnitIllusion"", ""IsUnitType""]",[],1
RDv,35460,35490,[],"[""AddSpecialEffectTarget"", ""DestroyEffect"", ""DestroyTimer"", ""DestroyTimerDialog"", ""FlushChildHashtable"", ""GetExpiredTimer"", ""GetHandleId"", ""GetLocalPlayer"", ""GetOwningPlayer"", ""GetRectCenterX"", ""GetRectCenterY"", ""IsPlayerInForce"", ""LoadInteger"", ""LoadUnitHandle"", ""PanCameraToTimed"", ""ReviveHero"", ""SelectUnit"", ""SetUnitManaPercentBJ"", ""xK""]",[],6
Rfv,35491,35565,[],"[""AddSpecialEffectTarget"", ""CreateTimer"", ""CreateTimerDialog"", ""DestroyEffect"", ""DisplayTimedTextToPlayer"", ""GetDyingUnit"", ""GetHandleId"", ""GetHeroLevel"", ""GetKillingUnit"", ""GetLocalPlayer"", ""GetOwningPlayer"", ""GetPlayerState"", ""GetWidgetX"", ""GetWidgetY"", ""I2R"", ""I2S"", ""IsUnitAlly"", ""IsUnitType"", ""Player"", ""R2I"", ""SaveInteger"", ""SaveUnitHandle"", ""SetPlayerState"", ""TimerDialogDisplay"", ""TimerDialogSetTitle"", ""TimerStart"", ""ql"", ""xK""]","[""RDv""]",30
Rlv,35566,35568,[],"[""GetRandomReal"", ""GetRectMaxX"", ""GetRectMinX""]",[],0
RLv,35569,35571,[],"[""GetRandomReal"", ""GetRectMaxY"", ""GetRectMinY""]",[],0
Rmv,35572,35626,[],"[""GetHandleId"", ""GetRandomReal"", ""GroupAddUnit"", ""OW"", ""Player"", ""RLv"", ""Rlv"", ""SaveInteger"", ""SetUnitUserData"", ""mZ""]",[],21
Rqv,35627,35643,[],"[""DestroyTimer"", ""FlushChildHashtable"", ""GetExpiredTimer"", ""GetHandleId"", ""LoadInteger"", ""LoadUnitHandle"", ""PauseTimer"", ""SaveInteger"", ""SetUnitVertexColor""]",[],4
RQv,35644,35651,[],"[""CreateTimer"", ""GetHandleId"", ""SaveInteger"", ""SaveUnitHandle"", ""TimerStart""]","[""Rqv""]",3
Rsv,35652,35680,"[""n00V""]","[""DestroyTimer"", ""FlushChildHashtable"", ""GetExpiredTimer"", ""GetHandleId"", ""GetRandomReal"", ""GetRectMaxX"", ""GetRectMaxY"", ""GetRectMinX"", ""GetRectMinY"", ""GroupAddUnit"", ""LoadInteger"", ""OW"", ""PauseTimer"", ""Player"", ""RQv"", ""SaveInteger"", ""SetUnitUserData"", ""SetUnitVertexColor"", ""mZ""]",[],8
RSv,35681,35722,[],"[""CountUnitsInGroup"", ""CreateTimer"", ""FlushChildHashtable"", ""GetChangingUnit"", ""GetDyingUnit"", ""GetHandleId"", ""GetOwningPlayer"", ""GetUnitTypeId"", ""GetUnitUserData"", ""GroupRemoveUnit"", ""LoadInteger"", ""Player"", ""SaveInteger"", ""TimerStart""]","[""Rsv""]",11
RTv,35723,35725,"[""I01I"", ""I01K"", ""I01R"", ""I09A""]","[""GetItemTypeId"", ""GetManipulatedItem""]",[],1
Ruv,35726,35745,"[""I01I"", ""I01K"", ""I01R"", ""I09A""]","[""GetItemTypeId"", ""GetManipulatedItem"", ""GetOwningPlayer"", ""GetTriggerUnit"", ""UnitItemInSlot"", ""UnitRemoveItem"", ""dl""]",[],7
RUv,35746,35756,[],"[""Condition"", ""CreateTrigger"", ""Player"", ""TriggerAddAction"", ""TriggerAddCondition"", ""TriggerRegisterPlayerUnitEvent""]","[""RTv"", ""Ruv""]",3
Rwv,35757,35759,"[""I029"", ""I05D"", ""I076"", ""I0A6"", ""I0B1""]","[""GetItemTypeId"", ""GetManipulatedItem""]",[],1
RWv,35760,35779,"[""I029"", ""I05D"", ""I076"", ""I0A6"", ""I0B1""]","[""GetItemTypeId"", ""GetManipulatedItem"", ""GetOwningPlayer"", ""GetTriggerUnit"", ""UnitItemInSlot"", ""UnitRemoveItem"", ""dl""]",[],7
RYv,35780,35782,"[""I082"", ""I083""]","[""GetItemTypeId"", ""GetManipulatedItem""]",[],1
Rzv,35783,35802,"[""I082"", ""I083""]","[""GetItemTypeId"", ""GetManipulatedItem"", ""GetOwningPlayer"", ""GetTriggerUnit"", ""UnitItemInSlot"", ""UnitRemoveItem"", ""dl""]",[],7
RZv,35803,35813,[],"[""Condition"", ""CreateTrigger"", ""Player"", ""TriggerAddAction"", ""TriggerAddCondition"", ""TriggerRegisterPlayerUnitEvent""]","[""RYv"", ""Rzv""]",3
R_v,35814,35816,"[""I09L"", ""I09M"", ""I09N""]","[""GetItemTypeId"", ""GetManipulatedItem""]",[],1
R0v,35817,35836,"[""I09L"", ""I09M"", ""I09N""]","[""GetItemTypeId"", ""GetManipulatedItem"", ""GetOwningPlayer"", ""GetTriggerUnit"", ""UnitItemInSlot"", ""UnitRemoveItem"", ""dl""]",[],8
R1v,35837,35847,[],"[""Condition"", ""CreateTrigger"", ""Player"", ""TriggerAddAction"", ""TriggerAddCondition"", ""TriggerRegisterPlayerUnitEvent""]","[""R0v"", ""R_v""]",5
R2v,35848,35850,"[""I005"", ""I01P"", ""I08I""]","[""GetItemTypeId"", ""GetManipulatedItem""]",[],2
R3v,35851,35875,"[""A00G"", ""A07V"", ""I005"", ""I01P"", ""I08I""]","[""GetManipulatedItem"", ""GetOwningPlayer"", ""GetTriggerUnit"", ""SetPlayerAbilityAvailable"", ""SetUnitAbilityLevel"", ""UnitAddAbility"", ""UnitMakeAbilityPermanent"", ""UnitRemoveAbility"", ""j4""]",[],17
R7v,35876,35887,[],"[""Condition"", ""CreateTrigger"", ""Player"", ""TriggerAddAction"", ""TriggerAddCondition"", ""TriggerRegisterPlayerUnitEvent""]","[""R2v"", ""R3v""]",6
R8v,35888,35890,"[""I01I"", ""I01K"", ""I01R"", ""I09A""]","[""GetItemTypeId"", ""GetManipulatedItem""]",[],2
R9v,35891,35969,"[""A02A"", ""A038"", ""A0K5"", ""A0K6"", ""I01I"", ""I01K"", ""I01R"", ""I09A""]","[""GetHandleId"", ""GetItemTypeId"", ""GetManipulatedItem"", ""GetOwningPlayer"", ""GetTriggerEventId"", ""GetTriggerUnit"", ""GetUnitAbilityLevel"", ""R2I"", ""SaveBoolean"", ""SetPlayerAbilityAvailable"", ""SetUnitAbilityLevel"", ""StringHash"", ""TriggerSleepAction"", ""UnitAddAbility"", ""UnitMakeAbilityPermanent"", ""UnitRemoveAbility""]",[],49
Iiv,35970,35981,[],"[""Condition"", ""CreateTrigger"", ""Player"", ""TriggerAddAction"", ""TriggerAddCondition"", ""TriggerRegisterPlayerUnitEvent""]","[""R8v"", ""R9v""]",5
Iav,35982,35984,"[""E00L"", ""E00M""]","[""GetTriggerUnit"", ""GetUnitTypeId""]",[],1
Inv,35985,36031,"[""A062"", ""A06R"", ""A07K"", ""A08B"", ""A0BJ"", ""A0EK"", ""A0TO"", ""A0UM"", ""A0UN"", ""A0UO"", ""I01N"", ""I02A"", ""I02C"", ""I03N"", ""I09X"", ""I0A6""]","[""GetItemTypeId"", ""GetManipulatedItem"", ""GetTriggerEventId"", ""GetTriggerUnit"", ""UnitAddAbility"", ""UnitRemoveAbility""]",[],20
IVv,36032,36043,[],"[""Condition"", ""CreateTrigger"", ""Player"", ""TriggerAddAction"", ""TriggerAddCondition"", ""TriggerRegisterPlayerUnitEvent""]","[""Iav"", ""Inv""]",3
IEv,36044,36071,"[""n008"", ""n009"", ""n00D"", ""n00E"", ""n00F"", ""n00G"", ""n00I"", ""n00J"", ""n00K"", ""n00L"", ""n00M"", ""n00N"", ""n00O"", ""n00P"", ""n00Q"", ""n00R"", ""n00V"", ""n00Z"", ""n015"", ""n016"", ""n017"", ""n019"", ""n01A"", ""n01B"", ""n01C"", ""n01D"", ""n01E"", ""n01U"", ""n027"", ""n028"", ""n029"", ""n02A"", ""n02B"", ""n02C"", ""n02D"", ""n02J"", ""n02O"", ""n02P"", ""n02Q"", ""n02R"", ""n02S"", ""n02T"", ""n02U"", ""n02V"", ""n02W"", ""n030"", ""n031"", ""n032"", ""n033"", ""n034"", ""n035"", ""n036"", ""n037"", ""n038"", ""n039"", ""n03A""]","[""GetUnitLevel"", ""GetUnitState"", ""GetUnitTypeId"", ""SquareRoot""]",[],13
IOv,36072,36131,"[""E00E"", ""E00J"", ""H02E"", ""O006"", ""O00D"", ""U00I"", ""U00T"", ""n03D""]","[""AddHeroXP"", ""CreateGroup"", ""DestroyGroup"", ""FirstOfGroup"", ""GetDyingUnit"", ""GetKillingUnit"", ""GetOwningPlayer"", ""GetPlayerId"", ""GetUnitTypeId"", ""GetUnitX"", ""GetUnitY"", ""GetWidgetLife"", ""GroupAddUnit"", ""GroupEnumUnitsInRange"", ""GroupRemoveUnit"", ""IEv"", ""IsUnitAlly"", ""IsUnitIllusion"", ""IsUnitInGroup"", ""IsUnitType"", ""R2I""]",[],17
Ibv,36132,36158,"[""A0A9"", ""A0K4"", ""H02E"", ""O006"", ""U00I""]","[""AddHeroXP"", ""GetDyingUnit"", ""GetKillingUnit"", ""GetOwningPlayer"", ""GetUnitAbilityLevel"", ""GetUnitLevel"", ""GetUnitTypeId"", ""IsUnitAlly"", ""IsUnitIllusion""]",[],10
Icv,36159,36161,"[""A101""]","[""GetSpellAbilityId""]",[],1
ICv,36162,36207,[],"[""AddSpecialEffectTarget"", ""Cos"", ""CreateGroup"", ""Deg2Rad"", ""DestroyEffect"", ""DestroyGroup"", ""FirstOfGroup"", ""GetExpiredTimer"", ""GetHandleId"", ""GetOwningPlayer"", ""GetUnitFacing"", ""GetUnitState"", ""GetUnitX"", ""GetUnitY"", ""GetWidgetLife"", ""GroupAddUnit"", ""GroupEnumUnitsInRange"", ""GroupRemoveUnit"", ""IsUnitEnemy"", ""IsUnitInGroup"", ""IsUnitType"", ""LoadGroupHandle"", ""LoadReal"", ""LoadUnitHandle"", ""PauseUnit"", ""SaveReal"", ""SetUnitAnimationByIndex"", ""SetUnitPathing"", ""SetUnitX"", ""SetUnitY"", ""Sin"", ""eL"", ""hL"", ""tK""]",[],12
Idv,36208,36239,[],"[""Atan2"", ""CreateGroup"", ""CreateTimer"", ""GetExpiredTimer"", ""GetHandleId"", ""GetUnitFacing"", ""GetUnitX"", ""GetUnitY"", ""GetWidgetLife"", ""KillUnit"", ""LoadInteger"", ""LoadReal"", ""LoadUnitHandle"", ""RemoveUnit"", ""SaveGroupHandle"", ""SaveInteger"", ""SaveReal"", ""SaveUnitHandle"", ""SetUnitFacing"", ""TimerStart"", ""tK""]","[""ICv""]",17
IDv,36240,36277,"[""A0K4"", ""h036""]","[""CreateGroup"", ""CreateTimer"", ""CreateUnit"", ""Deg2Rad"", ""DestroyGroup"", ""FirstOfGroup"", ""GetHandleId"", ""GetOwningPlayer"", ""GetSpellAbilityUnit"", ""GetUnitAbilityLevel"", ""GetUnitFacing"", ""GetUnitX"", ""GetUnitY"", ""GetWidgetLife"", ""GroupEnumUnitsInRange"", ""GroupRemoveUnit"", ""IsUnitEnemy"", ""IsUnitType"", ""PauseUnit"", ""Player"", ""SaveInteger"", ""SaveReal"", ""SaveUnitHandle"", ""SetUnitPathing"", ""TimerStart""]","[""Idv""]",12
IFv,36278,36280,"[""A0QD""]","[""GetSpellAbilityId""]",[],1
Igv,36281,36300,"[""A0YJ"", ""h011""]","[""CreateUnit"", ""GetExpiredTimer"", ""GetHandleId"", ""GetOwningPlayer"", ""IssuePointOrderById"", ""KillUnit"", ""LoadReal"", ""LoadUnitHandle"", ""RemoveUnit"", ""UnitAddAbility"", ""ZK"", ""tK""]",[],8
IGv,36301,36317,"[""h02T""]","[""CreateTimer"", ""CreateUnit"", ""GetHandleId"", ""GetSpellAbilityUnit"", ""GetSpellTargetX"", ""GetSpellTargetY"", ""Player"", ""SaveReal"", ""SaveUnitHandle"", ""TimerStart""]","[""Igv""]",6
IHv,36318,36320,"[""A07B""]","[""GetSpellAbilityId""]",[],1
Ijv,36321,36361,"[""A0YI"", ""h011""]","[""CreateGroup"", ""CreateUnit"", ""DestroyGroup"", ""FirstOfGroup"", ""GetExpiredTimer"", ""GetHandleId"", ""GetOwningPlayer"", ""GetUnitState"", ""GetWidgetLife"", ""GroupEnumUnitsInRange"", ""GroupRemoveUnit"", ""IsUnitEnemy"", ""IsUnitType"", ""IssuePointOrderById"", ""KillUnit"", ""LoadReal"", ""LoadUnitHandle"", ""RemoveUnit"", ""UnitAddAbility"", ""ZK"", ""hL"", ""tK""]",[],12
IJv,36362,36378,"[""h02S""]","[""CreateTimer"", ""CreateUnit"", ""GetHandleId"", ""GetSpellAbilityUnit"", ""GetSpellTargetX"", ""GetSpellTargetY"", ""Player"", ""SaveReal"", ""SaveUnitHandle"", ""TimerStart""]","[""Ijv""]",6
IKv,36379,36381,"[""A0RA"", ""A0RB""]","[""GetSpellAbilityId""]",[],1
Ilv,36382,36427,[],"[""Cos"", ""CreateGroup"", ""Deg2Rad"", ""DestroyGroup"", ""DestroyTimer"", ""FirstOfGroup"", ""FlushChildHashtable"", ""GetExpiredTimer"", ""GetHandleId"", ""GetOwningPlayer"", ""GetUnitFacing"", ""GetUnitState"", ""GetUnitX"", ""GetUnitY"", ""GetWidgetLife"", ""GroupAddUnit"", ""GroupEnumUnitsInRange"", ""GroupRemoveUnit"", ""IsUnitEnemy"", ""IsUnitInGroup"", ""IsUnitType"", ""LoadGroupHandle"", ""LoadReal"", ""LoadUnitHandle"", ""PauseTimer"", ""RemoveUnit"", ""SaveReal"", ""SetUnitX"", ""SetUnitY"", ""Sin"", ""hL""]",[],13
ILv,36428,36458,"[""A0RA"", ""h01X""]","[""Atan2"", ""Cos"", ""CreateGroup"", ""CreateTimer"", ""CreateUnit"", ""GetHandleId"", ""GetOwningPlayer"", ""GetSpellAbilityUnit"", ""GetSpellTargetX"", ""GetSpellTargetY"", ""GetUnitAbilityLevel"", ""GetUnitX"", ""GetUnitY"", ""Rad2Deg"", ""SaveGroupHandle"", ""SaveReal"", ""SaveUnitHandle"", ""SetUnitPathing"", ""Sin"", ""TimerStart""]","[""Ilv""]",13
IMv,36459,36461,"[""A04E"", ""A068""]","[""GetSpellAbilityId""]",[],1
Ipv,36462,36484,"[""A03V"", ""h011""]","[""CreateGroup"", ""CreateUnit"", ""DestroyGroup"", ""FirstOfGroup"", ""GetOwningPlayer"", ""GetSpellAbilityUnit"", ""GetUnitX"", ""GetUnitY"", ""GetWidgetLife"", ""GroupEnumUnitsInRange"", ""GroupRemoveUnit"", ""IsUnitAlly"", ""IsUnitType"", ""IssueTargetOrderById"", ""UnitAddAbility"", ""ZK""]",[],6
Iqv,36485,36487,"[""A15T""]","[""GetSpellAbilityId""]",[],1
IQv,36488,36545,"[""Arav""]","[""AddSpecialEffect"", ""CreateGroup"", ""DestroyEffect"", ""DestroyGroup"", ""FirstOfGroup"", ""GetExpiredTimer"", ""GetHandleId"", ""GetOwningPlayer"", ""GetUnitState"", ""GetUnitX"", ""GetUnitY"", ""GroupEnumUnitsInRange"", ""GroupRemoveUnit"", ""IsUnitEnemy"", ""IsUnitType"", ""LoadBoolean"", ""LoadReal"", ""LoadUnitHandle"", ""RemoveUnit"", ""SaveBoolean"", ""SaveReal"", ""SetUnitFlyHeight"", ""SetUnitPathing"", ""SetUnitScale"", ""SetUnitX"", ""SetUnitY"", ""UnitRemoveAbility"", ""hL"", ""tK""]",[],20
ISv,36546,36568,"[""Arav"", ""h02R""]","[""CreateTimer"", ""CreateUnit"", ""GetHandleId"", ""GetOwningPlayer"", ""GetTriggerUnit"", ""GetUnitX"", ""GetUnitY"", ""Player"", ""SaveBoolean"", ""SaveReal"", ""SaveUnitHandle"", ""SetPlayerAbilityAvailable"", ""SetUnitPathing"", ""SetUnitScale"", ""TimerStart"", ""UnitAddAbility""]","[""IQv""]",8
ITv,36569,36571,"[""A0TR""]","[""GetSpellAbilityId""]",[],1
Iuv,36572,36611,[],"[""Cos"", ""CreateGroup"", ""DestroyGroup"", ""FirstOfGroup"", ""GetExpiredTimer"", ""GetHandleId"", ""GetOwningPlayer"", ""GetUnitState"", ""GetUnitX"", ""GetUnitY"", ""GroupEnumUnitsInRange"", ""GroupRemoveUnit"", ""Hl"", ""IsUnitEnemy"", ""IsUnitType"", ""LoadInteger"", ""LoadUnitHandle"", ""RemoveUnit"", ""SaveInteger"", ""SetUnitX"", ""SetUnitY"", ""Sin"", ""hl"", ""tK""]",[],10
IUv,36612,36628,"[""h00W""]","[""CreateTimer"", ""CreateUnit"", ""GetHandleId"", ""GetTriggerUnit"", ""GetUnitX"", ""GetUnitY"", ""Player"", ""SaveInteger"", ""SaveUnitHandle"", ""SetUnitFlyHeight"", ""TimerStart""]","[""Iuv""]",6
IWv,36629,36631,"[""A11L""]","[""GetSpellAbilityId""]",[],1
Iyv,36632,36658,"[""Arav""]","[""Atan2"", ""Cos"", ""GetExpiredTimer"", ""GetHandleId"", ""GetUnitX"", ""GetUnitY"", ""LoadReal"", ""LoadUnitHandle"", ""SaveReal"", ""SetUnitAnimationByIndex"", ""SetUnitFacing"", ""SetUnitPathing"", ""SetUnitX"", ""SetUnitY"", ""Sin"", ""SquareRoot"", ""UnitRemoveAbility"", ""tK""]",[],14
IYv,36659,36689,"[""Arav""]","[""CreateTimer"", ""GetHandleId"", ""GetOwningPlayer"", ""GetRandomInt"", ""GetRectCenterX"", ""GetRectCenterY"", ""GetTriggerUnit"", ""GetUnitX"", ""GetUnitY"", ""SaveReal"", ""SaveUnitHandle"", ""SetPlayerAbilityAvailable"", ""SetUnitAnimationByIndex"", ""SetUnitPathing"", ""TimerStart"", ""UnitAddAbility""]","[""Iyv""]",17
IZv,36690,36692,"[""A1DB""]","[""GetSpellAbilityId""]",[],1
I_v,36693,36747,[],"[""AddSpecialEffect"", ""AddSpecialEffectTarget"", ""Atan2"", ""Cos"", ""CreateGroup"", ""Deg2Rad"", ""DestroyEffect"", ""DestroyGroup"", ""FirstOfGroup"", ""GetExpiredTimer"", ""GetHandleId"", ""GetOwningPlayer"", ""GetUnitFacing"", ""GetUnitX"", ""GetUnitY"", ""GetWidgetLife"", ""GroupAddUnit"", ""GroupEnumUnitsInRange"", ""GroupRemoveUnit"", ""IsUnitEnemy"", ""IsUnitInGroup"", ""IsUnitType"", ""LoadGroupHandle"", ""LoadReal"", ""LoadUnitHandle"", ""PauseUnit"", ""SaveReal"", ""SetUnitAnimationByIndex"", ""SetUnitPathing"", ""SetUnitX"", ""SetUnitY"", ""Sin"", ""eL"", ""hL"", ""tK""]",[],16
I0v,36748,36792,[],"[""Atan2"", ""CreateGroup"", ""CreateTimer"", ""GetExpiredTimer"", ""GetHandleId"", ""GetUnitX"", ""GetUnitY"", ""GetWidgetLife"", ""KillUnit"", ""LoadInteger"", ""LoadReal"", ""LoadUnitHandle"", ""RemoveUnit"", ""SaveGroupHandle"", ""SaveInteger"", ""SaveReal"", ""SaveUnitHandle"", ""SetUnitFacing"", ""TimerStart"", ""tK""]","[""I_v""]",17
I1v,36793,36840,"[""A0K4"", ""h036""]","[""CreateGroup"", ""CreateTimer"", ""CreateUnit"", ""DestroyGroup"", ""DestroyTimer"", ""FirstOfGroup"", ""GetHandleId"", ""GetOwningPlayer"", ""GetSpellAbilityUnit"", ""GetUnitAbilityLevel"", ""GetUnitFacing"", ""GetUnitX"", ""GetUnitY"", ""GetWidgetLife"", ""GroupEnumUnitsInRange"", ""GroupRemoveUnit"", ""IsUnitEnemy"", ""IsUnitType"", ""PauseUnit"", ""Player"", ""SaveInteger"", ""SaveReal"", ""SaveUnitHandle"", ""SetUnitPathing"", ""TimerStart""]","[""I0v""]",14
I3v,36841,36843,"[""A1DD""]","[""GetSpellAbilityId""]",[],2
I4v,36844,36898,"[""A0O1"", ""BTLF"", ""h011""]","[""AddSpecialEffectTarget"", ""CreateUnit"", ""DestroyEffect"", ""DestroyLightning"", ""GetExpiredTimer"", ""GetHandleId"", ""GetUnitX"", ""GetUnitY"", ""GetWidgetLife"", ""IssueTargetOrderById"", ""LoadInteger"", ""LoadLightningHandle"", ""LoadReal"", ""LoadUnitHandle"", ""MoveLightning"", ""Player"", ""SaveInteger"", ""SquareRoot"", ""UnitAddAbility"", ""UnitApplyTimedLife"", ""hL"", ""tK""]",[],37
I5v,36899,36957,[],"[""AddLightning"", ""CreateTimer"", ""DestroyTimer"", ""DisplayTimedTextToPlayer"", ""GetHandleId"", ""GetOwningPlayer"", ""GetRandomInt"", ""GetSpellAbilityUnit"", ""GetUnitX"", ""GetUnitY"", ""GetWidgetLife"", ""SaveInteger"", ""SaveLightningHandle"", ""SaveReal"", ""SaveUnitHandle"", ""SquareRoot"", ""TimerStart""]","[""I4v""]",35
I9v,36958,36967,"[""A0K4"", ""B0CO""]","[""DisableTrigger"", ""EnableTrigger"", ""GetSpellAbilityId"", ""GetSpellAbilityUnit"", ""GetTriggeringTrigger"", ""GetUnitAbilityLevel"", ""IsUnitType"", ""Kz"", ""hK"", ""hL""]",[],3
Aev,36968,36970,"[""B0CP""]","[""GetOrderedUnit"", ""GetUnitAbilityLevel"", ""IsUnitType""]",[],1
Axv,36971,36988,[],"[""GetIssuedOrderId"", ""GetOrderPointX"", ""GetOrderPointY"", ""GetOrderedUnit"", ""GetUnitX"", ""GetUnitY"", ""IssuePointOrderById""]",[],1
Aiv,36989,36991,"[""A1DI""]","[""GetSpellAbilityId""]",[],1
Aav,36992,37038,"[""A0O1"", ""BTLF"", ""h011""]","[""AddSpecialEffectTarget"", ""Atan2"", ""Cos"", ""CreateUnit"", ""DestroyLightning"", ""GetExpiredTimer"", ""GetHandleId"", ""GetUnitX"", ""GetUnitY"", ""GetWidgetLife"", ""IssueTargetOrderById"", ""LoadInteger"", ""LoadLightningHandle"", ""LoadUnitHandle"", ""MoveLightning"", ""Player"", ""SaveInteger"", ""SetUnitPosition"", ""Sin"", ""SquareRoot"", ""UnitAddAbility"", ""UnitApplyTimedLife"", ""hL"", ""tK""]",[],31
Anv,37039,37103,[],"[""AddLightning"", ""CreateTimer"", ""DisplayTimedTextToPlayer"", ""GetHandleId"", ""GetOwningPlayer"", ""GetRandomInt"", ""GetSpellAbilityUnit"", ""GetUnitX"", ""GetUnitY"", ""GetWidgetLife"", ""SaveInteger"", ""SaveLightningHandle"", ""SaveUnitHandle"", ""SquareRoot"", ""TimerStart"", ""tK""]","[""Aav""]",38
AEv,37104,37150,"[""A18L"", ""h011""]","[""Atan2"", ""Cos"", ""CreateGroup"", ""CreateUnit"", ""DestroyGroup"", ""FirstOfGroup"", ""GetExpiredTimer"", ""GetHandleId"", ""GetOwningPlayer"", ""GetWidgetLife"", ""GroupEnumUnitsInRange"", ""GroupRemoveUnit"", ""IsUnitEnemy"", ""IsUnitType"", ""IssueTargetOrderById"", ""LoadReal"", ""LoadUnitHandle"", ""RemoveUnit"", ""SaveReal"", ""SetUnitFlyHeight"", ""SetUnitX"", ""SetUnitY"", ""Sin"", ""SquareRoot"", ""UnitAddAbility"", ""ZK"", ""tK""]",[],20
AXv,37151,37176,"[""n06Z""]","[""Atan2"", ""CreateTimer"", ""CreateUnit"", ""GetHandleId"", ""GetOwningPlayer"", ""GetSpellAbilityUnit"", ""GetSpellTargetX"", ""GetSpellTargetY"", ""GetUnitX"", ""GetUnitY"", ""Rad2Deg"", ""SaveReal"", ""SaveUnitHandle"", ""SetUnitFlyHeight"", ""SetUnitPathing"", ""TimerStart""]","[""AEv""]",14
AOv,37177,37221,"[""A18M"", ""B0B4""]","[""CreateGroup"", ""DT"", ""DestroyGroup"", ""FirstOfGroup"", ""FlushChildHashtable"", ""GetEventDamage"", ""GetHandleId"", ""GetOwningPlayer"", ""GetTriggerEventId"", ""GetTriggerUnit"", ""GetTriggeringTrigger"", ""GetUnitState"", ""GetUnitX"", ""GetUnitY"", ""GetWidgetLife"", ""GroupEnumUnitsInRange"", ""GroupRemoveUnit"", ""IsUnitAlly"", ""IsUnitType"", ""LoadReal"", ""LoadUnitHandle"", ""SaveReal"", ""SetUnitState"", ""UnitRemoveAbility""]",[],9
ARv,37222,37238,"[""A18M""]","[""Condition"", ""CreateTrigger"", ""GetHandleId"", ""GetSpellTargetUnit"", ""GetTriggerUnit"", ""Rp"", ""SaveReal"", ""SaveUnitHandle"", ""TriggerAddCondition"", ""TriggerRegisterTimerEvent"", ""TriggerRegisterUnitEvent""]","[""AOv""]",5
AIv,37239,37247,"[""A18I"", ""A18J""]","[""ARv"", ""AXv"", ""GetSpellAbilityId""]",[],2
ANv,37248,37257,"[""A0UJ"", ""I09E"", ""I09F""]","[""CreateItem"", ""GetSpellAbilityId"", ""GetTriggerUnit"", ""GetUnitX"", ""GetUnitY"", ""UnitAddItem""]",[],3
ABv,37258,37260,"[""A0UK"", ""A0UL""]","[""GetSpellAbilityId""]",[],1
Acv,37261,37289,"[""A0UK"", ""I021"", ""I094"", ""I0A1"", ""I0A2"", ""h011""]","[""CreateItem"", ""CreateUnit"", ""GetItemTypeId"", ""GetOwningPlayer"", ""GetSpellAbilityId"", ""GetSpellTargetItem"", ""GetSpellTargetX"", ""GetSpellTargetY"", ""GetTriggerUnit"", ""GetUnitX"", ""GetUnitY"", ""UnitAddItem"", ""ZK""]",[],9
Adv,37290,37306,[],"[""DisableTrigger"", ""DisplayTimedTextToPlayer"", ""EnableTrigger"", ""GetLocalPlayer""]",[],2
Afv,37307,37339,[],"[""DisplayTimedTextToPlayer"", ""GetEventPlayerChatString"", ""GetLocalPlayer"", ""GetPlayerName"", ""GetPlayerState"", ""GetTriggerPlayer"", ""I2S"", ""Player"", ""S2I"", ""SetPlayerState"", ""StringLength"", ""SubString""]",[],11
Akv,37340,37367,[],"[""GetEventPlayerChatString"", ""S2I"", ""SetHeroLevel"", ""StringLength"", ""SubString""]",[],8
Alv,37368,37370,"[""HERO""]","[""Player"", ""SetPlayerTechMaxAllowed""]",[],1
Amv,37371,37390,"[""A0A7"", ""A0LH""]","[""GetUnitAbilityLevel"", ""UnitAddAbility"", ""UnitMakeAbilityPermanent"", ""UnitRemoveAbility""]",[],9
Apv,37391,37404,[],"[""DisplayTimedTextToPlayer"", ""GetLocalPlayer"", ""PL"", ""PauseTimer"", ""R2I"", ""TimerGetRemaining"", ""TimerStart"", ""pL""]","[""N4""]",4
Aqv,37405,37422,[],"[""DisplayTimedTextToPlayer"", ""GetEventPlayerChatString"", ""GetLocalPlayer"", ""I2S"", ""S2I"", ""StringLength"", ""SubString""]",[],7
ASv,37423,37445,[],"[""GetHandleId"", ""LeaderboardSetItemValue"", ""Location"", ""R2I"", ""RemoveLocation""]",[],10
ATv,37446,37463,[],"[""ASv"", ""CreateLeaderboard"", ""CreateTimer"", ""GetLocalPlayer"", ""IsLeaderboardDisplayed"", ""LeaderboardAddItem"", ""LeaderboardDisplay"", ""LeaderboardSetLabel"", ""LeaderboardSetSizeByItemCount"", ""Player"", ""PlayerSetLeaderboard"", ""TimerStart""]","[""ASv""]",3
Awv,37464,37486,[],"[""DisplayTextToPlayer"", ""GetEventPlayerChatString"", ""GetLocalPlayer"", ""GetTriggerPlayer"", ""S2R"", ""SetCameraField"", ""StringLength"", ""SubString"", ""xK""]",[],8
AWv,37487,37498,[],"[""CreateTrigger"", ""Player"", ""TriggerAddAction"", ""TriggerRegisterPlayerChatEvent""]","[""Awv""]",4
Ayv,37499,37510,[],"[""DisplayTextToPlayer"", ""GetTriggerPlayer"", ""GetUnitMoveSpeed"", ""I2S"", ""R2I"", ""xK""]",[],2
AYv,37511,37521,[],"[""CreateTrigger"", ""Player"", ""TriggerAddAction"", ""TriggerRegisterPlayerChatEvent""]","[""Ayv""]",3
Azv,37522,37526,[],"[""ClearTextMessages"", ""GetLocalPlayer"", ""GetTriggerPlayer""]",[],0
AZv,37527,37537,[],"[""CreateTrigger"", ""Player"", ""TriggerAddAction"", ""TriggerRegisterPlayerChatEvent""]","[""Azv""]",3
A_v,37538,37548,[],"[""ClearSelection"", ""ClearTextMessages"", ""GetLocalPlayer"", ""GetTriggerPlayer"", ""SelectUnit""]",[],2
A0v,37549,37558,[],"[""CreateTrigger"", ""Player"", ""TriggerAddAction"", ""TriggerRegisterPlayerEvent""]","[""A_v""]",4
A1v,37559,37579,"[""n03W""]","[""CreateUnit"", ""DisplayTextToPlayer"", ""GetTriggerPlayer"", ""GetUnitUserData"", ""GetUnitX"", ""GetUnitY"", ""IsUnitHidden"", ""RemoveUnit"", ""SetUnitUserData"", ""Uk"", ""xK""]",[],7
A2v,37580,37590,[],"[""CreateTrigger"", ""Player"", ""TriggerAddAction"", ""TriggerRegisterPlayerChatEvent""]","[""A1v""]",5
A3v,37591,37610,[],"[""ClearTextMessages"", ""DisplayTextToPlayer"", ""GetLocalPlayer"", ""GetTriggerPlayer"", ""I2S"", ""rK"", ""xK""]",[],10
A4v,37611,37621,[],"[""CreateTrigger"", ""Player"", ""TriggerAddAction"", ""TriggerRegisterPlayerChatEvent""]","[""A3v""]",5
A5v,37622,37630,[],"[""DisplayTimedTextToPlayer"", ""GetLocalPlayer""]",[],3
A7v,37631,37639,[],"[""DisplayTimedTextToPlayer"", ""GetLocalPlayer""]",[],3
A9v,37640,37642,[],"[""GetTriggerUnit"", ""GetUnitTypeId""]",[],2
Nvv,37643,37645,[],"[""A9v""]",[],1
Nev,37646,37650,[],"[""ClearSelection"", ""GetLocalPlayer"", ""GetTriggerPlayer""]",[],0
Nov,37651,37655,"[""h021"", ""h022"", ""h023""]",[],[],3
Niv,37656,37669,[],"[""CreateNUnitsAtLoc"", ""GetEnumPlayer"", ""GetPlayerId"", ""GetRandomLocInRect"", ""GetRectCenter"", ""IssueBuildOrderByIdLocBJ"", ""IssueTargetOrderById"", ""Player"", ""RemoveLocation"", ""TriggerRegisterPlayerSelectionEventBJ""]",[],7
Nav,37670,37672,[],"[""ForForce"", ""Pj""]","[""Niv""]",0
NVv,37673,37675,[],"[""GetConstructingStructure"", ""GetUnitTypeId""]",[],1
NEv,37676,37678,[],"[""GetConstructingStructure"", ""GetOwningPlayer"", ""GetPlayerId""]",[],1
NOv,37679,37688,[],"[""IssueImmediateOrderById"", ""UnitSetConstructionProgress""]",[],4
NIv,37689,37692,[],"[""AdjustPlayerStateBJ"", ""GetEnumPlayer"", ""GetPlayerState"", ""Player""]",[],2
NAv,37693,37697,[],"[""ForForce"", ""Player"", ""SetPlayerStateBJ""]","[""NIv""]",2
Nbv,37698,37700,[],"[""GetOwningPlayer"", ""GetPlayerController"", ""GetPlayerState"", ""GetTrainedUnit"", ""GetUnitFoodUsed"", ""IsUnitType""]",[],1
NBv,37701,37703,[],"[""GetTrainedUnit"", ""RemoveUnit""]",[],0
NCv,37704,37706,[],"[""GetDyingUnit"", ""GetUnitTypeId""]",[],1
Ndv,37707,37709,[],"[""NCv""]",[],0
NDv,37710,37712,[],"[""CustomDefeatBJ"", ""GetEnumPlayer""]",[],1
Nfv,37713,37717,[],"[""ConditionalTriggerExecute"", ""DisableTrigger"", ""ForForce"", ""GetTriggeringTrigger""]","[""NDv""]",0
Ngv,37718,37720,[],"[""GetSpellAbilityUnit"", ""GetUnitTypeId""]",[],1
NGv,37721,37723,[],"[""CustomDefeatBJ"", ""GetEnumPlayer""]",[],1
Nhv,37724,37729,[],"[""ConditionalTriggerExecute"", ""DisableTrigger"", ""ForForce"", ""GetTriggeringTrigger""]","[""NGv""]",0
Njv,37730,37732,[],"[""GetConstructedStructure"", ""GetUnitTypeId""]",[],1
NJv,37733,37735,[],"[""CustomDefeatBJ"", ""GetEnumPlayer""]",[],1
Nkv,37736,37741,[],"[""ConditionalTriggerExecute"", ""DisableTrigger"", ""ForForce"", ""GetTriggeringTrigger""]","[""NJv""]",0
Nlv,37742,37744,[],"[""CustomDefeatBJ"", ""GetEnumPlayer""]",[],1
NLv,37745,37747,[],"[""IsLocationVisibleToPlayer"", ""Player""]",[],1
Nmv,37748,37763,[],"[""ConditionalTriggerExecute"", ""DisableTrigger"", ""ForForce"", ""GetRectCenter"", ""GetTriggeringTrigger"", ""NLv"", ""RemoveLocation""]","[""Nlv""]",2
Npv,37764,37766,[],"[""CustomVictoryBJ"", ""GetEnumPlayer""]",[],0
NPv,37767,37788,[],"[""DisplayTextToPlayer"", ""ForForce"", ""GetLocalPlayer"", ""IsPlayerInForce"", ""Player"", ""S2I"", ""SetPlayerAllianceStateBJ"", ""TriggerSleepAction""]","[""Npv""]",11
NQv,37789,37794,[],"[""DestroyTimer"", ""DialogDisplay"", ""GetExpiredTimer"", ""GetLocalPlayer""]",[],0
Nsv,37795,37804,[],"[""CreateTimer"", ""DialogDisplay"", ""DisplayTextToPlayer"", ""GetLocalPlayer"", ""TimerStart""]","[""NQv""]",2
Ntv,37805,37834,[],"[""DisplayTextToPlayer"", ""DisplayTimedTextToPlayer"", ""GetPlayerController"", ""GetPlayerName"", ""GetTriggerPlayer"", ""I2S"", ""IsPlayerInForce""]",[],10
Nuv,37835,37846,[],"[""DestroyTimer"", ""DisplayTextToPlayer"", ""GetExpiredTimer"", ""Player"", ""X1""]",[],5
NUv,37847,37902,[],"[""CreateTimer"", ""DestroyTimer"", ""DisableTrigger"", ""DisplayTextToPlayer"", ""EnableTrigger"", ""GetEventPlayerChatString"", ""GetPlayerController"", ""GetPlayerName"", ""GetPlayerSlotState"", ""GetTriggerPlayer"", ""I2S"", ""IsPlayerInForce"", ""Player"", ""TimerStart""]","[""Nuv""]",19
NWv,37903,37905,[],"[""GetTriggerPlayer""]",[],0
Nyv,37906,37913,[],"[""GetEnumItem"", ""GetItemUserData"", ""SetItemUserData""]",[],0
NYv,37914,38044,"[""n03W""]","[""DestroyTimer"", ""DisplayTextToPlayer"", ""EnumItemsInRect"", ""ForceAddPlayer"", ""ForceRemovePlayer"", ""GetPlayerId"", ""GetPlayerName"", ""GetRandomLocInRect"", ""GetRectCenter"", ""GetTriggerPlayer"", ""GetUnitLoc"", ""GetUnitUserData"", ""GroupPickRandomUnit"", ""I2S"", ""IsPlayerInForce"", ""PanCameraToTimedLocForPlayer"", ""Player"", ""RemoveLocation"", ""SelectUnitForPlayerSingle"", ""SetForceAllianceStateBJ"", ""SetItemUserData"", ""SetUnitPositionLoc"", ""SetUnitUserData"", ""UnitItemInSlot"", ""X1"", ""mj"", ""xK""]","[""Nyv""]",63
N_v,38045,38047,[],"[""GetPlayerId"", ""GetTriggerPlayer""]",[],1
N0v,38048,38057,[],"[""DestroyTimer"", ""DisplayTextToPlayer"", ""GetPlayerName"", ""GetTriggerPlayer"", ""Player"", ""X1""]",[],6
N2v,38058,38060,[],"[""GetTriggerPlayer""]",[],1
N3v,38061,38070,[],"[""DestroyTimer"", ""DisplayTextToPlayer"", ""GetPlayerName"", ""GetTriggerPlayer"", ""Player"", ""X1""]",[],6
Trig_Ob01String_M,38071,38073,[],"[""GetFilterPlayer"", ""GetTriggerPlayer""]",[],1
N5v,38074,38090,[],"[""DisplayTimedTextToPlayer"", ""GetPlayerController"", ""GetPlayerSlotState"", ""GetTriggerPlayer"", ""GetUnitName"", ""I2S"", ""xK""]",[],8
N7v,38091,38160,[],"[""GetUnitLoc"", ""GetUnitName"", ""GetWidgetX"", ""GetWidgetY"", ""PanCameraToTimedLocForPlayer"", ""SelectUnitForPlayerSingle"", ""SetPlayerName"", ""SetUnitOwner"", ""SetUnitPosition"", ""SetUnitUserData"", ""UnitAddItem"", ""UnitRemoveItemFromSlot"", ""xK""]",[],64
bev,38161,38238,[],"[""DisplayTimedTextToPlayer"", ""GetEventPlayerChatString"", ""GetPlayerSlotState"", ""GetTriggerPlayer"", ""GetUnitName"", ""I2S"", ""LoadBoolean"", ""N7v"", ""SaveBoolean"", ""StringHash"", ""sz"", ""xK""]",[],41
bav,38239,38249,[],"[""GetTriggerPlayer"", ""I2S"", ""SaveBoolean"", ""StringHash"", ""xK""]",[],5
bnv,38250,38260,[],"[""CreateTrigger"", ""Player"", ""TriggerAddAction"", ""TriggerRegisterPlayerChatEvent""]","[""bav""]",3
bVv,38261,38285,[],"[""DisplayTextToPlayer"", ""GetPlayerState"", ""GetTriggerPlayer"", ""I2S"", ""SaveBoolean"", ""SetPlayerState"", ""StringHash"", ""n2"", ""xK""]",[],15
bOv,38286,38297,"[""I066"", ""I068"", ""I06E"", ""I06G"", ""I06N"", ""I06P"", ""I0AK""]","[""GetRandomInt""]",[],8
bRv,38298,38308,[],"[""CreateItem"", ""DestroyTimer"", ""FlushChildHashtable"", ""GetExpiredTimer"", ""GetHandleId"", ""LoadInteger"", ""LoadReal""]",[],3
bIv,38309,38386,"[""I07G"", ""rspl"", ""tdex"", ""tint"", ""tstr"", ""vamp""]","[""AddSpecialEffectTarget"", ""CreateTimer"", ""DestroyEffect"", ""GetHandleId"", ""GetHeroAgi"", ""GetHeroInt"", ""GetHeroStr"", ""GetItemTypeId"", ""GetItemX"", ""GetItemY"", ""GetManipulatedItem"", ""GetManipulatingUnit"", ""GetUnitUserData"", ""GetWidgetLife"", ""Kz"", ""SaveInteger"", ""SaveReal"", ""SetHeroAgi"", ""SetHeroInt"", ""SetHeroStr"", ""TimerStart"", ""UnitAddItemById"", ""bOv""]","[""bRv""]",25
bNv,38387,38411,"[""rdis"", ""rhe2"", ""rman"", ""rres"", ""rspd"", ""rspl"", ""rsps"", ""tdex"", ""tint"", ""tstr"", ""vamp""]",[],[],12
bbv,38412,38425,[],"[""GetItemType"", ""GetItemTypeId"", ""GetManipulatedItem"", ""GetOwningPlayer"", ""GetTriggerEventId"", ""GetTriggerUnit"", ""bNv"", ""xK""]",[],2
bcv,38426,38428,"[""I00Z""]","[""GetItemTypeId"", ""GetManipulatedItem"", ""GetTriggerUnit"", ""IsUnitIllusion""]",[],1
bCv,38429,38484,"[""A043"", ""A0DX"", ""A12T"", ""A13S"", ""A18V"", ""E002"", ""E00F"", ""H01R"", ""H04G"", ""I00Z"", ""N03Y""]","[""GetItemTypeId"", ""GetManipulatedItem"", ""GetTriggerEventId"", ""GetTriggerUnit"", ""GetUnitTypeId"", ""LoadInteger"", ""SetUnitAbilityLevel"", ""StringHash"", ""UnitAddAbility"", ""UnitItemInSlot"", ""UnitRemoveAbility""]",[],32
bGv,38485,38494,[],"[""DisplayTextToPlayer"", ""GetPlayerId"", ""GetTriggerPlayer""]",[],1
bHv,38495,38530,[],"[""GetDyingUnit"", ""GetEventPlayerChatString"", ""GetItemName"", ""GetLevelingUnit"", ""GetManipulatedItem"", ""GetManipulatingUnit"", ""GetObjectName"", ""GetOwningPlayer"", ""GetPlayerName"", ""GetPlayerSlotState"", ""GetSpellAbilityId"", ""GetSpellAbilityUnit"", ""GetTriggerPlayer"", ""GetUnitName"", ""GetUnitUserData"", ""Jk"", ""Player""]",[],1
bJv,38531,38544,[],"[""GetTriggerPlayer"", ""I2S"", ""J3"", ""SaveBoolean"", ""StringHash"", ""xK""]",[],6
Opit_End,38545,38549,[],"[""DestroyTimer"", ""GetExpiredTimer""]",[],0
bKv,38550,38555,[],"[""C0"", ""DestroyTimer"", ""GetExpiredTimer""]",[],1
blv,38556,38585,[],"[""D4"", ""DestroyTimer"", ""DisableTrigger"", ""GetExpiredTimer"", ""GroupClear"", ""L0"", ""RemoveUnit"", ""Xrv""]",[],7
bLv,38586,38602,[],"[""AddSpecialEffect"", ""CinematicFilterGenericBJ"", ""CreateTimer"", ""DestroyEffect"", ""DestroyTimer"", ""DisplayTimedTextToPlayer"", ""GetExpiredTimer"", ""GetLocalPlayer"", ""SetUnitAnimation"", ""StartSound"", ""TimerStart""]","[""blv""]",7
bmv,38603,38633,"[""u00N""]","[""CreateTimer"", ""CreateUnit"", ""DestroyTimer"", ""DisplayCineFilter"", ""DisplayTimedTextToPlayer"", ""EnableUserUI"", ""GetExpiredTimer"", ""GetLocalPlayer"", ""Player"", ""SetCineFilterBlendMode"", ""SetCineFilterDuration"", ""SetCineFilterEndColor"", ""SetCineFilterEndUV"", ""SetCineFilterStartColor"", ""SetCineFilterStartUV"", ""SetCineFilterTexMapFlags"", ""SetCineFilterTexture"", ""SetUnitAnimation"", ""TimerStart"", ""W0""]","[""FinishCinematicFadeBJ"", ""bLv""]",13
bMv,38634,38692,[],"[""ClearTextMessages"", ""CreateTimer"", ""DestroyTimer"", ""DisableTrigger"", ""DisplayCineFilter"", ""EnableUserUI"", ""GetExpiredTimer"", ""GetLocalPlayer"", ""H0"", ""Hz"", ""IsPlayerInForce"", ""PanCameraToTimed"", ""S0"", ""S2"", ""SetCineFilterBlendMode"", ""SetCineFilterDuration"", ""SetCineFilterEndColor"", ""SetCineFilterEndUV"", ""SetCineFilterStartColor"", ""SetCineFilterStartUV"", ""SetCineFilterTexMapFlags"", ""SetCineFilterTexture"", ""TimerStart"", ""kz""]","[""bmv""]",14
bpv,38693,38722,"[""A0XH"", ""A188"", ""E00E"", ""E00J"", ""O00D"", ""U00T""]","[""CreateTimer"", ""GetHeroLevel"", ""GetKillingUnit"", ""GetOwningPlayer"", ""GetTriggerUnit"", ""GetUnitAbilityLevel"", ""GetUnitName"", ""GetUnitTypeId"", ""GetUnitX"", ""GetUnitY"", ""GetWidgetX"", ""GetWidgetY"", ""GroupAddUnit"", ""I2S"", ""IsUnitType"", ""Player"", ""TimerStart"", ""dK"", ""ql"", ""xK""]","[""bKv"", ""bMv""]",8
bqv,38723,38725,[],"[""GetEnumUnit"", ""SetUnitAnimation""]",[],0
bQv,38726,38730,[],"[""CameraSetupApplyForceDuration"", ""GetEnumPlayer"", ""GetLocalPlayer""]",[],1
bsv,38731,38809,[],"[""CinematicFadeBJ"", ""CreateTextTag"", ""CreateTimer"", ""CreateTimerDialog"", ""DestroyTimer"", ""DisplayTimedTextToPlayer"", ""ForForce"", ""ForGroup"", ""GetExpiredTimer"", ""GetLocalPlayer"", ""GetOwningPlayer"", ""GetRectCenterX"", ""GetRectCenterY"", ""GetUnitState"", ""GroupEnumUnitsInRect"", ""I2S"", ""IsPlayerInForce"", ""IsUnitType"", ""MultiboardMinimize"", ""PauseTimer"", ""SetTextTagPermanent"", ""SetTextTagPos"", ""SetTextTagText"", ""SetTextTagVisibility"", ""SetUnitFacing"", ""SetUnitPosition"", ""SetUnitState"", ""TimerDialogDisplay"", ""TimerDialogSetTitle"", ""TimerStart""]","[""Q0"", ""bQv"", ""bqv""]",33
bUv,38810,38847,"[""h021"", ""h022"", ""h023""]","[""CinematicFadeBJ"", ""CreateGroup"", ""CreateTimer"", ""DestroyGroup"", ""DestroyTimerDialog"", ""DisplayTimedTextToPlayer"", ""FirstOfGroup"", ""GetLocalPlayer"", ""GetUnitTypeId"", ""GetWidgetLife"", ""GroupEnumUnitsInRect"", ""GroupRemoveUnit"", ""IsUnitType"", ""KillUnit"", ""MultiboardMinimize"", ""PauseTimer"", ""PauseUnit"", ""RemoveUnit"", ""ReviveHero"", ""TimerStart""]","[""bsv""]",10
bWv,38848,38852,[],"[""CameraSetupApplyForceDuration"", ""GetEnumPlayer"", ""GetLocalPlayer""]",[],1
byv,38853,38855,[],"[""ForForce""]","[""bWv""]",0
bzv,38856,38877,[],"[""DisableTrigger"", ""DisplayTimedTextToPlayer"", ""EnableTrigger"", ""GetPlayerName"", ""GetTriggerPlayer""]",[],2
b_v,38878,38895,[],"[""GetUnitState"", ""Jz"", ""SetUnitState""]",[],4
b1v,38896,38950,"[""A1E3"", ""A1E4"", ""A1E5"", ""BTLF"", ""S005"", ""osw1"", ""osw2"", ""osw3""]","[""AddSpecialEffect"", ""Cos"", ""DestroyEffect"", ""GetHandleId"", ""GetOwningPlayer"", ""GetSpellAbilityId"", ""GetTriggerUnit"", ""GetUnitAbilityLevel"", ""GetUnitFacing"", ""GetUnitX"", ""GetUnitY"", ""KillUnit"", ""LoadUnitHandle"", ""OW"", ""RemoveUnit"", ""SaveUnitHandle"", ""SetUnitAbilityLevel"", ""Sin"", ""UnitApplyTimedLife""]",[],34
b8v,38951,39009,"[""A1B8"", ""A1E2"", ""osw1"", ""osw2"", ""osw3""]","[""AddSpecialEffectTarget"", ""Cos"", ""CreateGroup"", ""DestroyEffect"", ""DestroyGroup"", ""EZ"", ""FirstOfGroup"", ""GetExpiredTimer"", ""GetHandleId"", ""GetOwningPlayer"", ""GetUnitAbilityLevel"", ""GetUnitFacing"", ""GetUnitState"", ""GetUnitTypeId"", ""GetUnitX"", ""GetUnitY"", ""GetWidgetLife"", ""GroupAddUnit"", ""GroupEnumUnitsInRange"", ""GroupRemoveUnit"", ""IsUnitAlly"", ""IsUnitEnemy"", ""IsUnitInGroup"", ""IsUnitType"", ""KillUnit"", ""LoadEffectHandle"", ""LoadGroupHandle"", ""LoadInteger"", ""LoadReal"", ""LoadUnitHandle"", ""RemoveUnit"", ""SaveReal"", ""SetUnitState"", ""SetUnitX"", ""SetUnitY"", ""Sin"", ""hL"", ""tK""]",[],22
b9v,39010,39038,"[""h01O""]","[""AddSpecialEffectTarget"", ""Atan2"", ""CreateGroup"", ""CreateTimer"", ""CreateUnit"", ""GetHandleId"", ""GetOwningPlayer"", ""PauseUnit"", ""SaveEffectHandle"", ""SaveGroupHandle"", ""SaveInteger"", ""SaveReal"", ""SaveUnitHandle"", ""SetUnitFlyHeight"", ""SetUnitPathing"", ""SetUnitScale"", ""TimerStart""]","[""b8v""]",16
Bvv,39039,39062,[],"[""GetSpellAbilityId"", ""GetSpellAbilityUnit"", ""GetSpellTargetX"", ""GetSpellTargetY"", ""GetUnitAbilityLevel"", ""GetUnitX"", ""GetUnitY"", ""b9v""]",[],10
Bev,39063,39076,"[""A07Q""]","[""FlushChildHashtable"", ""GetExpiredTimer"", ""GetHandleId"", ""GetUnitAbilityLevel"", ""GetWidgetLife"", ""LoadReal"", ""LoadUnitHandle"", ""SaveReal"", ""UnitRemoveAbility"", ""tK""]",[],5
Bxv,39077,39115,"[""A01Z"", ""A07Q""]","[""CreateTimer"", ""GetHandleId"", ""GetSpellTargetUnit"", ""GetTriggerUnit"", ""GetUnitAbilityLevel"", ""GetWidgetLife"", ""HaveSavedHandle"", ""LoadTimerHandle"", ""SaveReal"", ""SaveTimerHandle"", ""SaveUnitHandle"", ""SetUnitAbilityLevel"", ""TimerStart"", ""UnitAddAbility""]","[""Bev""]",19
Bov,39116,39163,"[""A07Q"", ""A1E2"", ""B0CX""]","[""AddSpecialEffect"", ""CreateGroup"", ""DestroyEffect"", ""DestroyGroup"", ""DisableTrigger"", ""EnableTrigger"", ""FirstOfGroup"", ""GetKillingUnit"", ""GetOwningPlayer"", ""GetTriggerUnit"", ""GetTriggeringTrigger"", ""GetUnitAbilityLevel"", ""GetUnitX"", ""GetUnitY"", ""GetWidgetLife"", ""GroupEnumUnitsInRange"", ""GroupRemoveUnit"", ""IsUnitEnemy"", ""IsUnitType"", ""UnitRemoveAbility"", ""hL""]",[],13
Brv,39164,39296,"[""A0K4"", ""B0CV""]","[""AddSpecialEffectTarget"", ""Cos"", ""CreateGroup"", ""DestroyEffect"", ""DestroyGroup"", ""EZ"", ""FirstOfGroup"", ""GetExpiredTimer"", ""GetHandleId"", ""GetOwningPlayer"", ""GetUnitAbilityLevel"", ""GetUnitState"", ""GetUnitX"", ""GetUnitY"", ""GetWidgetLife"", ""GroupEnumUnitsInRange"", ""GroupRemoveUnit"", ""IsUnitAlly"", ""IsUnitEnemy"", ""IsUnitType"", ""KillUnit"", ""LoadInteger"", ""LoadReal"", ""LoadUnitHandle"", ""RemoveUnit"", ""SaveReal"", ""SetUnitFacing"", ""SetUnitState"", ""SetUnitX"", ""SetUnitY"", ""Sin"", ""hL"", ""tK""]",[],60
BBv,39297,39365,"[""A1E6"", ""A1E8"", ""h062"", ""h063"", ""n02V""]","[""AddSpecialEffectTarget"", ""ConvertPlayerColor"", ""CreateTimer"", ""CreateUnit"", ""GetHandleId"", ""GetOwningPlayer"", ""GetSpellAbilityId"", ""GetTriggerUnit"", ""GetUnitAbilityLevel"", ""GetUnitX"", ""GetUnitY"", ""LoadUnitHandle"", ""PauseUnit"", ""SaveInteger"", ""SaveReal"", ""SaveUnitHandle"", ""SetUnitAbilityLevel"", ""SetUnitAnimationByIndex"", ""SetUnitColor"", ""SetUnitFlyHeight"", ""SetUnitVertexColor"", ""TimerStart"", ""UnitAddAbility""]","[""Brv""]",38
Bcv,39366,39369,"[""osw1"", ""osw2"", ""osw3""]","[""GetAttacker"", ""GetUnitTypeId""]",[],1
BCv,39370,39405,"[""A1B8"", ""A1E1"", ""A1E6"", ""O00R""]","[""CreateGroup"", ""DestroyGroup"", ""EZ"", ""FirstOfGroup"", ""GetAttacker"", ""GetOwningPlayer"", ""GetTriggerUnit"", ""GetUnitAbilityLevel"", ""GetUnitTypeId"", ""GroupEnumUnitsOfPlayer"", ""GroupRemoveUnit"", ""SetUnitAbilityLevel""]",[],8
BDv,39406,39423,"[""A01Z"", ""A1B8"", ""A1B9"", ""A1BA"", ""A1E1"", ""A1E4"", ""A1E5"", ""A1E6""]","[""BBv"", ""Bvv"", ""Bxv"", ""EZ"", ""GetSpellAbilityId"", ""GetSpellTargetUnit"", ""GetTriggerUnit"", ""GetUnitAbilityLevel"", ""b1v""]",[],7
Vz,39424,39440,[],"[""Condition"", ""CreateTrigger"", ""Lz"", ""TriggerAddAction"", ""TriggerAddCondition""]","[""BCv"", ""BDv"", ""Bcv"", ""Bov""]",0
BGv,39441,39459,"[""A105"", ""A109"", ""A10A"", ""A10B""]","[""GetLearnedSkill"", ""GetLearningUnit"", ""GetUnitAbilityLevel"", ""IsUnitIllusion"", ""SetUnitAbilityLevel"", ""UnitAddAbility""]",[],12
Bhv,39460,39551,"[""A109"", ""h039""]","[""Cm"", ""Cos"", ""CreateGroup"", ""CreateUnit"", ""DestroyGroup"", ""FirstOfGroup"", ""GetExpiredTimer"", ""GetHandleId"", ""GetOwningPlayer"", ""GetUnitAbilityLevel"", ""GetUnitFacing"", ""GetUnitState"", ""GetUnitUserData"", ""GetUnitX"", ""GetUnitY"", ""GroupAddUnit"", ""GroupEnumUnitsInRange"", ""GroupRemoveUnit"", ""IsUnitEnemy"", ""IsUnitInGroup"", ""IssueTargetOrderById"", ""KillUnit"", ""LoadBoolean"", ""LoadGroupHandle"", ""LoadInteger"", ""LoadReal"", ""LoadUnitHandle"", ""RemoveUnit"", ""SaveBoolean"", ""SaveInteger"", ""SaveReal"", ""SaveUnitHandle"", ""SetUnitX"", ""SetUnitY"", ""Sin"", ""hL"", ""tK""]",[],37
Bjv,39552,39586,"[""A10E"", ""h011"", ""h038""]","[""Atan2"", ""Cos"", ""CreateGroup"", ""CreateTimer"", ""CreateUnit"", ""GetHandleId"", ""GetOwningPlayer"", ""GetSpellAbilityUnit"", ""GetSpellTargetX"", ""GetSpellTargetY"", ""GetUnitX"", ""GetUnitY"", ""Rad2Deg"", ""SaveBoolean"", ""SaveGroupHandle"", ""SaveReal"", ""SaveUnitHandle"", ""Sin"", ""TimerStart"", ""UnitAddAbility""]","[""Bhv""]",18
BJv,39587,39670,"[""A10B"", ""h039""]","[""Cm"", ""Cos"", ""CreateGroup"", ""CreateUnit"", ""DestroyGroup"", ""FirstOfGroup"", ""GK"", ""GetExpiredTimer"", ""GetHandleId"", ""GetOwningPlayer"", ""GetUnitAbilityLevel"", ""GetUnitFacing"", ""GetUnitState"", ""GetUnitX"", ""GetUnitY"", ""GroupAddUnit"", ""GroupEnumUnitsInRange"", ""GroupRemoveUnit"", ""IsUnitEnemy"", ""IsUnitInGroup"", ""IssueTargetOrderById"", ""KillUnit"", ""LoadBoolean"", ""LoadGroupHandle"", ""LoadInteger"", ""LoadReal"", ""LoadUnitHandle"", ""RemoveUnit"", ""SaveBoolean"", ""SaveInteger"", ""SaveReal"", ""SaveUnitHandle"", ""SetUnitX"", ""SetUnitY"", ""Sin"", ""eL"", ""hL"", ""tK""]",[],34
Bkv,39671,39705,"[""A10D"", ""h011"", ""h038""]","[""Atan2"", ""Cos"", ""CreateGroup"", ""CreateTimer"", ""CreateUnit"", ""GetHandleId"", ""GetOwningPlayer"", ""GetSpellAbilityUnit"", ""GetSpellTargetX"", ""GetSpellTargetY"", ""GetUnitX"", ""GetUnitY"", ""Rad2Deg"", ""SaveBoolean"", ""SaveGroupHandle"", ""SaveReal"", ""SaveUnitHandle"", ""Sin"", ""TimerStart"", ""UnitAddAbility""]","[""BJv""]",18
BKv,39706,39820,"[""A10A"", ""h039""]","[""Atan2"", ""Cm"", ""Cos"", ""CreateGroup"", ""CreateUnit"", ""DestroyGroup"", ""FirstOfGroup"", ""GetExpiredTimer"", ""GetHandleId"", ""GetOwningPlayer"", ""GetUnitAbilityLevel"", ""GetUnitFacing"", ""GetUnitState"", ""GetUnitX"", ""GetUnitY"", ""GroupAddUnit"", ""GroupEnumUnitsInRange"", ""GroupRemoveUnit"", ""IsUnitEnemy"", ""IsUnitInGroup"", ""IssueTargetOrderById"", ""KillUnit"", ""LoadGroupHandle"", ""LoadInteger"", ""LoadReal"", ""LoadUnitHandle"", ""Rad2Deg"", ""RemoveUnit"", ""SaveInteger"", ""SaveReal"", ""SaveUnitHandle"", ""SetUnitFacing"", ""SetUnitX"", ""SetUnitY"", ""Sin"", ""hL"", ""tK""]",[],52
BMv,39821,39857,"[""A0M0"", ""h011"", ""h038""]","[""Cos"", ""CreateGroup"", ""CreateTimer"", ""CreateUnit"", ""Deg2Rad"", ""GetHandleId"", ""GetOwningPlayer"", ""GetSpellAbilityUnit"", ""GetUnitFacing"", ""GetUnitX"", ""GetUnitY"", ""R2I"", ""Rad2Deg"", ""SaveGroupHandle"", ""SaveInteger"", ""SaveReal"", ""SaveUnitHandle"", ""Sin"", ""TimerStart"", ""UnitAddAbility""]","[""BKv""]",20
Bpv,39858,39869,"[""A109"", ""A10A"", ""A10B""]","[""BMv"", ""Bjv"", ""Bkv"", ""GetSpellAbilityId""]",[],3
BPv,39870,39894,[],"[""GetHandleId"", ""GetLocalPlayer"", ""GetOwningPlayer"", ""GetTriggeringTrigger"", ""GetUnitFlyHeight"", ""GetUnitX"", ""GetUnitY"", ""IsUnitAlly"", ""IsUnitHidden"", ""LoadInteger"", ""LoadUnitHandle"", ""SetTextTagPermanent"", ""SetTextTagPos"", ""SetTextTagText"", ""SetTextTagVelocity"", ""SetTextTagVisibility"", ""StringHash"", ""Uk"", ""xK""]",[],9
Bqv,39895,39923,"[""h01O""]","[""AddSpecialEffectTarget"", ""Atan2"", ""CreateGroup"", ""CreateTimer"", ""CreateUnit"", ""GetHandleId"", ""GetOwningPlayer"", ""SaveBoolean"", ""SaveEffectHandle"", ""SaveGroupHandle"", ""SaveInteger"", ""SaveReal"", ""SaveUnitHandle"", ""SetUnitFlyHeight"", ""SetUnitPathing"", ""SetUnitScale"", ""TimerStart""]","[""hZ""]",17
BSv,39924,39961,"[""A106"", ""B08N""]","[""Bqv"", ""GetHeroStr"", ""GetUnitAbilityLevel"", ""GetUnitX"", ""GetUnitY""]",[],19
Btv,39962,40007,[],"[""BSv"", ""DT"", ""DisableTrigger"", ""FlushChildHashtable"", ""GetEventDamageSource"", ""GetHandleId"", ""GetTriggerEventId"", ""GetTriggeringTrigger"", ""GetUnitX"", ""GetUnitY"", ""LoadInteger"", ""LoadUnitHandle"", ""SaveInteger"", ""StringHash""]",[],10
Buv,40008,40021,[],"[""Condition"", ""CreateTrigger"", ""GetAttacker"", ""GetHandleId"", ""GetTriggerUnit"", ""SaveUnitHandle"", ""TriggerAddCondition"", ""TriggerRegisterTimerEvent"", ""TriggerRegisterUnitEvent""]","[""Btv""]",3
BUv,40022,40029,[],"[""Buv"", ""GetAttacker"", ""GetHandleId"", ""LoadInteger"", ""TS""]",[],2
Bwv,40030,40035,"[""A106""]","[""BUv"", ""GetAttacker"", ""GetHandleId"", ""GetOwningPlayer"", ""GetTriggerUnit"", ""GetTriggeringTrigger"", ""GetUnitAbilityLevel"", ""IsUnitEnemy"", ""IsUnitType"", ""LoadUnitHandle""]",[],1
BWv,40036,40053,[],"[""Condition"", ""CreateTextTag"", ""CreateTrigger"", ""GetHandleId"", ""GetOwningPlayer"", ""GetTriggerUnit"", ""Lz"", ""SaveInteger"", ""SaveUnitHandle"", ""StringHash"", ""TriggerAddAction"", ""TriggerAddCondition"", ""TriggerRegisterTimerEvent"", ""xK""]","[""BPv"", ""Bwv""]",4
BYv,40054,40059,"[""A106""]","[""BWv"", ""GetLearnedSkill"", ""GetLearningUnit"", ""GetUnitAbilityLevel"", ""IsUnitIllusion""]",[],1
Bzv,40060,40093,"[""A0KB"", ""A0T0"", ""A106"", ""A107"", ""A10C""]","[""BSv"", ""Cos"", ""Deg2Rad"", ""GetHandleId"", ""GetIssuedOrderId"", ""GetTriggerUnit"", ""GetTriggeringTrigger"", ""GetUnitAbilityLevel"", ""GetUnitFacing"", ""GetUnitX"", ""GetUnitY"", ""SaveBoolean"", ""SetUnitAbilityLevel"", ""Sin"", ""StringHash""]",[],17
BZv,40094,40117,"[""A0KB"", ""A0T0"", ""A0UC"", ""A107"", ""A10C""]","[""Condition"", ""CreateTrigger"", ""GetHandleId"", ""GetOwningPlayer"", ""GetTriggerUnit"", ""GetUnitAbilityLevel"", ""LoadBoolean"", ""SaveBoolean"", ""SaveUnitHandle"", ""SetPlayerAbilityAvailable"", ""SetUnitAbilityLevel"", ""StringHash"", ""TriggerAddCondition"", ""TriggerRegisterUnitEvent"", ""UnitAddAbility""]","[""Bzv""]",11
B_v,40118,40123,"[""A107""]","[""BZv"", ""GetLearnedSkill"", ""GetLearningUnit"", ""IsUnitIllusion""]",[],1
B0v,40124,40160,"[""A108""]","[""CreateGroup"", ""DestroyGroup"", ""FirstOfGroup"", ""GetExpiredTimer"", ""GetHandleId"", ""GetOwningPlayer"", ""GetUnitAbilityLevel"", ""GetUnitX"", ""GetUnitY"", ""GetWidgetLife"", ""GroupEnumUnitsInRange"", ""GroupRemoveUnit"", ""IsUnitEnemy"", ""IsUnitType"", ""KillUnit"", ""LoadReal"", ""LoadUnitHandle"", ""SaveReal"", ""SetUnitFlyHeight"", ""hL"", ""tK""]",[],13
B1v,40161,40188,"[""h03A""]","[""Cos"", ""CreateTimer"", ""CreateUnit"", ""GetHandleId"", ""GetOwningPlayer"", ""GetRandomReal"", ""SaveReal"", ""SaveUnitHandle"", ""SetUnitFlyHeight"", ""SetUnitPathing"", ""SetUnitX"", ""SetUnitY"", ""Sin"", ""TimerStart""]","[""B0v""]",12
B4v,40189,40213,[],"[""B1v"", ""GetExpiredTimer"", ""GetHandleId"", ""GetWidgetLife"", ""LoadInteger"", ""LoadReal"", ""LoadUnitHandle"", ""RemoveUnit"", ""SaveInteger"", ""tK""]",[],13
B7v,40214,40236,"[""A108"", ""h03B""]","[""CreateTimer"", ""CreateUnit"", ""GetHandleId"", ""GetOwningPlayer"", ""GetSpellAbilityUnit"", ""GetSpellTargetX"", ""GetSpellTargetY"", ""GetUnitAbilityLevel"", ""PauseUnit"", ""SaveInteger"", ""SaveReal"", ""SaveUnitHandle"", ""SetUnitX"", ""SetUnitY"", ""TimerStart""]","[""B4v""]",10
B8v,40237,40242,"[""A108""]","[""B7v"", ""GetSpellAbilityId""]",[],3
UW,40243,40271,"[""A0M0"", ""A0UC"", ""A109"", ""A10A"", ""A10B"", ""A10D"", ""A10E"", ""h01O"", ""h038"", ""h039"", ""h03A"", ""h03B""]","[""Condition"", ""CreateTrigger"", ""Lz"", ""Nl"", ""TriggerAddCondition"", ""Vl"", ""nl""]","[""B8v"", ""BGv"", ""BYv"", ""B_v"", ""Bpv""]",12
crv,40272,40301,[],"[""I2S"", ""R2I"", ""S2I"", ""StringLength"", ""SubString""]",[],20
cnv,40302,40304,[],"[""GetHandleId"", ""LoadBoolean""]",[],1
cEv,40305,40313,[],"[""GetHandleId"", ""SaveBoolean"", ""SetUnitAbilityLevel"", ""UnitAddAbility"", ""cnv"", ""crv""]",[],1
cOv,40314,40317,[],"[""FlushChildHashtable"", ""GetHandleId"", ""UnitRemoveAbility""]",[],0
cRv,40318,40332,[],"[""GetExpiredTimer"", ""GetHandleId"", ""GetHeroStr"", ""I2R"", ""LoadInteger"", ""LoadUnitHandle"", ""R2I"", ""cEv"", ""cOv""]",[],5
cIv,40333,40346,"[""A13S""]","[""CreateTimer"", ""GetHandleId"", ""GetHeroInt"", ""GetHeroStr"", ""GetUnitAbilityLevel"", ""I2R"", ""LoadInteger"", ""R2I"", ""SaveInteger"", ""SaveUnitHandle"", ""SetHeroStr"", ""TimerStart""]","[""cRv""]",7
cNv,40347,40352,[],"[""GetTriggerUnit"", ""cIv""]",[],0
cbv,40353,40364,[],"[""Condition"", ""CreateTrigger"", ""GetOwningPlayer"", ""SetPlayerAbilityAvailable"", ""TriggerAddCondition"", ""TriggerRegisterUnitEvent"", ""cIv""]","[""cNv""]",0
cBv,40365,40378,[],"[""uk""]",[],6
cGv,40379,40457,[],"[""Cos"", ""CreateGroup"", ""DestroyGroup"", ""FirstOfGroup"", ""GetExpiredTimer"", ""GetHandleId"", ""GetOwningPlayer"", ""GetUnitFacing"", ""GetUnitX"", ""GetUnitY"", ""GroupAddUnit"", ""GroupEnumUnitsInRange"", ""GroupRemoveUnit"", ""IsUnitEnemy"", ""IsUnitInGroup"", ""LoadGroupHandle"", ""LoadInteger"", ""LoadReal"", ""LoadUnitHandle"", ""RemoveUnit"", ""SaveReal"", ""SetUnitPosition"", ""Sin"", ""SquareRoot"", ""Tk"", ""Uk"", ""cBv"", ""eL"", ""hL"", ""tK"", ""tk""]",[],26
cQv,40458,40490,"[""h04Y""]","[""Cos"", ""CreateGroup"", ""CreateTimer"", ""CreateUnit"", ""GetHandleId"", ""GetOwningPlayer"", ""GetUnitFacing"", ""GetUnitX"", ""GetUnitY"", ""SaveGroupHandle"", ""SaveInteger"", ""SaveReal"", ""SaveUnitHandle"", ""Sin"", ""TimerStart"", ""cBv""]","[""cGv""]",14
csv,40491,40508,[],"[""GetExpiredTimer"", ""GetHandleId"", ""GetUnitDefaultMoveSpeed"", ""LoadInteger"", ""LoadReal"", ""LoadUnitHandle"", ""SaveInteger"", ""SetUnitMoveSpeed"", ""Uk"", ""cQv"", ""tK""]",[],7
cSv,40509,40525,[],"[""CreateTimer"", ""GetHandleId"", ""GetSpellAbilityId"", ""GetTriggerUnit"", ""GetUnitAbilityLevel"", ""I2R"", ""SaveInteger"", ""SaveReal"", ""SaveUnitHandle"", ""SetUnitMoveSpeed"", ""TimerStart""]","[""csv""]",8
cuv,40526,40554,[],"[""AddSpecialEffectTarget"", ""Atan2"", ""Cos"", ""DestroyEffect"", ""GetExpiredTimer"", ""GetHandleId"", ""GetUnitX"", ""GetUnitY"", ""LoadReal"", ""LoadUnitHandle"", ""SaveReal"", ""SetUnitPathing"", ""SetUnitX"", ""SetUnitY"", ""Sin"", ""WM"", ""eL"", ""tK""]",[],9
cyv,40555,40575,[],"[""CreateTimer"", ""GetHandleId"", ""GetUnitUserData"", ""GetUnitX"", ""GetUnitY"", ""SaveReal"", ""SaveUnitHandle"", ""SetUnitPathing"", ""TimerStart""]","[""cuv""]",8
czv,40576,40593,"[""A0NG"", ""A1AK"", ""B0BV""]","[""GetExpiredTimer"", ""GetHandleId"", ""GetUnitAbilityLevel"", ""I2R"", ""LoadReal"", ""LoadUnitHandle"", ""SaveReal"", ""UnitRemoveAbility"", ""fL"", ""tK""]",[],8
cZv,40594,40604,"[""A0NG"", ""A1AK""]","[""CreateTimer"", ""GetHandleId"", ""GetUnitAbilityLevel"", ""SaveReal"", ""SaveUnitHandle"", ""SetUnitAbilityLevel"", ""TimerStart"", ""UnitAddAbility""]","[""czv""]",6
c_v,40605,40660,[],"[""Cos"", ""CreateGroup"", ""DestroyGroup"", ""FirstOfGroup"", ""GK"", ""GetExpiredTimer"", ""GetHandleId"", ""GetOwningPlayer"", ""GetUnitX"", ""GetUnitY"", ""GroupAddUnit"", ""GroupEnumUnitsInRange"", ""GroupRemoveUnit"", ""IsUnitEnemy"", ""IsUnitInGroup"", ""IssueTargetOrderById"", ""LoadGroupHandle"", ""LoadReal"", ""LoadUnitHandle"", ""PauseUnit"", ""RemoveUnit"", ""SaveReal"", ""SetUnitAnimationByIndex"", ""SetUnitPathing"", ""SetUnitTimeScale"", ""SetUnitX"", ""SetUnitY"", ""Sin"", ""Uk"", ""cZv"", ""cyv"", ""eL"", ""hL"", ""tK""]",[],15
c0v,40661,40693,"[""A0NH"", ""h011""]","[""Atan2"", ""Cm"", ""CreateGroup"", ""CreateTimer"", ""CreateUnit"", ""GetHandleId"", ""GetOwningPlayer"", ""GetSpellAbilityId"", ""GetSpellTargetX"", ""GetSpellTargetY"", ""GetTriggerUnit"", ""GetUnitAbilityLevel"", ""GetUnitX"", ""GetUnitY"", ""I2R"", ""PauseUnit"", ""SaveGroupHandle"", ""SaveReal"", ""SaveUnitHandle"", ""SetUnitAnimationByIndex"", ""SetUnitPathing"", ""SetUnitTimeScale"", ""TimerStart"", ""UnitAddAbility"", ""WM""]","[""c_v""]",16
c2v,40694,40732,[],"[""CreateGroup"", ""DestroyGroup"", ""FirstOfGroup"", ""GetExpiredTimer"", ""GetHandleId"", ""GetOwningPlayer"", ""GetUnitX"", ""GetUnitY"", ""GroupEnumUnitsInRange"", ""GroupRemoveUnit"", ""I2R"", ""IsUnitEnemy"", ""IssueTargetOrderById"", ""LoadInteger"", ""LoadReal"", ""LoadUnitHandle"", ""RemoveUnit"", ""SaveReal"", ""Uk"", ""hL"", ""tK""]",[],18
c5v,40733,40758,"[""A0V1"", ""A1AL"", ""h011"", ""h01O""]","[""AddSpecialEffectTarget"", ""CreateTimer"", ""CreateUnit"", ""GetHandleId"", ""GetOwningPlayer"", ""GetTriggerUnit"", ""GetUnitAbilityLevel"", ""GetUnitX"", ""GetUnitY"", ""SaveInteger"", ""SaveReal"", ""SaveUnitHandle"", ""SetUnitAbilityLevel"", ""SetUnitFlyHeight"", ""SetUnitScale"", ""TimerStart"", ""UnitAddAbility""]","[""c2v""]",17
c6v,40759,40767,"[""A0NJ"", ""A0NO""]","[""GetUnitAbilityLevel""]",[],5
c7v,40768,40776,[],"[""GetExpiredTimer"", ""GetHandleId"", ""GetWidgetX"", ""GetWidgetY"", ""LoadUnitHandle"", ""SaveBoolean"", ""ql""]",[],4
c8v,40777,40829,"[""B0BW""]","[""AddSpecialEffectTarget"", ""CreateGroup"", ""DestroyEffect"", ""DestroyGroup"", ""FirstOfGroup"", ""GetExpiredTimer"", ""GetHandleId"", ""GetOwningPlayer"", ""GetUnitAbilityLevel"", ""GetUnitX"", ""GetUnitY"", ""GetWidgetLife"", ""GroupEnumUnitsInRange"", ""GroupRemoveUnit"", ""IsUnitEnemy"", ""IsUnitType"", ""KillUnit"", ""LoadReal"", ""LoadUnitHandle"", ""SetUnitPosition"", ""cyv"", ""hL"", ""hl"", ""tK""]",[],27
Crv,40830,40846,"[""h04Z""]","[""CreateTimer"", ""CreateUnit"", ""GetHandleId"", ""GetOwningPlayer"", ""GetUnitX"", ""GetUnitY"", ""SaveReal"", ""SaveUnitHandle"", ""TimerStart""]","[""c8v""]",11
CVv,40847,40893,"[""A1AM"", ""B0BX""]","[""Cos"", ""CreateTimer"", ""Crv"", ""GetExpiredTimer"", ""GetHandleId"", ""GetRandomReal"", ""GetUnitX"", ""GetUnitY"", ""LoadInteger"", ""LoadReal"", ""LoadUnitHandle"", ""SaveBoolean"", ""SaveInteger"", ""SaveReal"", ""SaveUnitHandle"", ""Sin"", ""TimerStart"", ""Uk"", ""UnitRemoveAbility"", ""c6v"", ""tK""]","[""c7v""]",23
Cbv,40894,40917,"[""A13S"", ""A1AM""]","[""CreateTimer"", ""GetHandleId"", ""GetHeroInt"", ""GetHeroStr"", ""GetUnitAbilityLevel"", ""I2R"", ""SaveInteger"", ""SaveReal"", ""SaveUnitHandle"", ""TimerStart"", ""UnitAddAbility"", ""c6v""]","[""CVv""]",16
CCv,40918,40935,[],"[""Cbv"", ""CreateTimer"", ""GetHandleId"", ""GetSpellAbilityUnit"", ""LoadBoolean"", ""LoadInteger"", ""SaveBoolean"", ""SaveInteger""]",[],8
Cdv,40936,40959,[],"[""GetHandleId"", ""GetLocalPlayer"", ""GetOwningPlayer"", ""GetTriggeringTrigger"", ""GetUnitFlyHeight"", ""GetUnitX"", ""GetUnitY"", ""IsUnitAlly"", ""IsUnitHidden"", ""LoadInteger"", ""LoadUnitHandle"", ""SetTextTagPermanent"", ""SetTextTagPos"", ""SetTextTagText"", ""SetTextTagVelocity"", ""SetTextTagVisibility"", ""Uk"", ""xK""]",[],9
CDv,40960,40965,"[""A0NG"", ""A0NR"", ""A0V1""]","[""CCv"", ""GetSpellAbilityId""]",[],1
Cfv,40966,40974,[],"[""GetExpiredTimer"", ""GetHandleId"", ""LoadUnitHandle"", ""SetUnitVertexColor"", ""tK""]",[],1
CFv,40975,41001,[],"[""AddSpecialEffectTarget"", ""CreateTimer"", ""DestroyEffect"", ""GetEventDamage"", ""GetEventDamageSource"", ""GetHandleId"", ""GetOwningPlayer"", ""GetRandomInt"", ""GetTriggerUnit"", ""GetUnitUserData"", ""GetWidgetLife"", ""IsUnitEnemy"", ""IsUnitType"", ""LoadBoolean"", ""SaveUnitHandle"", ""SetUnitVertexColor"", ""SetWidgetLife"", ""TimerStart"", ""c6v"", ""hL""]","[""Cfv""]",8
CGv,41002,41024,[],"[""Condition"", ""CreateTextTag"", ""CreateTrigger"", ""GetHandleId"", ""GetLearningUnit"", ""GetOwningPlayer"", ""SaveBoolean"", ""SaveInteger"", ""SaveUnitHandle"", ""TriggerAddAction"", ""TriggerAddCondition"", ""TriggerRegisterTimerEvent"", ""TriggerRegisterUnitEvent"", ""xK""]","[""CDv"", ""CFv"", ""Cdv""]",5
Cjv,41025,41036,"[""A0NG"", ""A0NR"", ""A0V1""]","[""GetSpellAbilityId"", ""c0v"", ""c5v"", ""cSv""]",[],5
CJv,41037,41042,"[""A0NO""]","[""CGv"", ""GetLearnedSkill"", ""GetLearningUnit"", ""GetUnitAbilityLevel"", ""IsUnitIllusion""]",[],1
Ez,41043,41045,[],"[""cbv""]",[],0
Alchemist_CreateTrigger,41046,41067,"[""A0NF"", ""A0NH"", ""A0NI"", ""A0NK"", ""A0NL"", ""A0NM"", ""A0NN"", ""h01O"", ""h04Y"", ""h04Z""]","[""Condition"", ""CreateTrigger"", ""InitHashtable"", ""Lz"", ""Nl"", ""TriggerAddCondition"", ""nl""]","[""CJv"", ""Cjv""]",11
Clv,41068,41087,"[""A0YW""]","[""CreateGroup"", ""DestroyGroup"", ""FirstOfGroup"", ""GetOwningPlayer"", ""GetUnitAbilityLevel"", ""GetUnitX"", ""GetUnitY"", ""GetWidgetLife"", ""GroupEnumUnitsInRange"", ""GroupRemoveUnit"", ""IsUnitAlly""]",[],6
CLv,41088,41116,"[""A02W""]","[""Clv"", ""CreateGroup"", ""DestroyGroup"", ""FirstOfGroup"", ""GetOwningPlayer"", ""GetSpellAbilityUnit"", ""GetUnitAbilityLevel"", ""GetUnitX"", ""GetUnitY"", ""GetWidgetLife"", ""GroupEnumUnitsInRange"", ""GroupRemoveUnit"", ""IsUnitEnemy"", ""IsUnitType"", ""hL""]",[],9
Cpv,41117,41122,"[""A02W""]","[""CLv"", ""GetSpellAbilityId""]",[],1
CPv,41123,41171,"[""A0YV""]","[""AddSpecialEffect"", ""Atan2"", ""Cos"", ""CreateGroup"", ""DestroyEffect"", ""DestroyGroup"", ""FirstOfGroup"", ""GetExpiredTimer"", ""GetHandleId"", ""GetOwningPlayer"", ""GetUnitAbilityLevel"", ""GetWidgetLife"", ""GroupEnumUnitsInRange"", ""GroupRemoveUnit"", ""IsUnitEnemy"", ""IsUnitType"", ""IssueTargetOrderById"", ""KillUnit"", ""LoadReal"", ""LoadUnitHandle"", ""RemoveUnit"", ""SaveReal"", ""SetUnitFlyHeight"", ""SetUnitX"", ""SetUnitY"", ""Sin"", ""SquareRoot"", ""hL"", ""tK""]",[],23
Cqv,41172,41207,"[""h02X""]","[""Atan2"", ""Cos"", ""CreateTimer"", ""CreateUnit"", ""GetHandleId"", ""GetOwningPlayer"", ""GetRandomReal"", ""GetUnitX"", ""GetUnitY"", ""Rad2Deg"", ""SaveReal"", ""SaveUnitHandle"", ""SetUnitFlyHeight"", ""SetUnitPathing"", ""Sin"", ""TimerStart""]","[""CPv""]",22
CQv,41208,41225,[],"[""Cqv"", ""GetExpiredTimer"", ""GetHandleId"", ""GetWidgetLife"", ""LoadInteger"", ""LoadReal"", ""LoadUnitHandle"", ""SaveInteger"", ""tK""]",[],7
Csv,41226,41250,"[""A0FS"", ""A0YV"", ""h011""]","[""Clv"", ""CreateTimer"", ""CreateUnit"", ""GetHandleId"", ""GetOwningPlayer"", ""GetSpellAbilityUnit"", ""GetSpellTargetX"", ""GetSpellTargetY"", ""GetUnitAbilityLevel"", ""SaveInteger"", ""SaveReal"", ""SaveUnitHandle"", ""TimerStart"", ""UnitAddAbility"", ""ZK""]","[""CQv""]",12
CSv,41251,41256,"[""A0YV""]","[""Csv"", ""GetSpellAbilityId""]",[],1
wW,41257,41266,[],"[""Condition"", ""CreateTrigger"", ""Lz"", ""TriggerAddCondition""]","[""CSv"", ""Cpv""]",0
Cuv,41267,41269,"[""A0IB""]","[""GetFilterUnit"", ""GetHandleId"", ""GetOwningPlayer"", ""GetSpellAbilityUnit"", ""GetUnitAbilityLevel"", ""GetWidgetLife"", ""IsUnitEnemy"", ""LoadInteger""]",[],1
CUv,41270,41309,[],"[""CreateGroup"", ""DestroyGroup"", ""FirstOfGroup"", ""GetExpiredTimer"", ""GetHandleId"", ""GetOwningPlayer"", ""GetUnitX"", ""GetUnitY"", ""GetWidgetLife"", ""GroupEnumUnitsInRange"", ""GroupRemoveUnit"", ""IsUnitEnemy"", ""IsUnitInGroup"", ""LoadGroupHandle"", ""LoadReal"", ""LoadUnitHandle"", ""hL"", ""tK""]",[],10
Cwv,41310,41319,[],"[""GetExpiredTimer"", ""GetHandleId"", ""LoadInteger"", ""LoadUnitHandle"", ""SaveInteger"", ""tK""]",[],3
CWv,41320,41384,"[""A0IJ"", ""A0IP""]","[""AddSpecialEffectTarget"", ""Condition"", ""CreateGroup"", ""CreateTimer"", ""DestroyBoolExpr"", ""DestroyEffect"", ""DestroyGroup"", ""FirstOfGroup"", ""GetHandleId"", ""GetOwningPlayer"", ""GetPlayerId"", ""GetSpellAbilityId"", ""GetSpellAbilityUnit"", ""GetSpellTargetUnit"", ""GetUnitAbilityLevel"", ""GetUnitState"", ""Gl"", ""GroupEnumUnitsInRect"", ""GroupRemoveUnit"", ""IsUnitInGroup"", ""LoadInteger"", ""SaveGroupHandle"", ""SaveInteger"", ""SaveReal"", ""SaveUnitHandle"", ""SetUnitState"", ""TimerStart""]","[""CUv"", ""Cuv"", ""Cwv""]",19
Cyv,41385,41414,[],"[""GetHandleId"", ""GetLocalPlayer"", ""GetOwningPlayer"", ""GetTriggeringTrigger"", ""GetUnitFlyHeight"", ""GetUnitX"", ""GetUnitY"", ""IsUnitAlly"", ""IsUnitHidden"", ""LoadInteger"", ""LoadUnitHandle"", ""SetTextTagPermanent"", ""SetTextTagPos"", ""SetTextTagText"", ""SetTextTagVelocity"", ""SetTextTagVisibility"", ""Uk"", ""xK""]",[],15
CYv,41415,41420,"[""A0IJ"", ""A0IP""]","[""CWv"", ""GetSpellAbilityId"", ""GetSpellTargetUnit"", ""OL""]",[],1
Czv,41421,41441,"[""A0IJ""]","[""Condition"", ""CreateTextTag"", ""CreateTrigger"", ""GetHandleId"", ""GetLearningUnit"", ""GetOwningPlayer"", ""GetUnitAbilityLevel"", ""SaveInteger"", ""SaveUnitHandle"", ""TriggerAddAction"", ""TriggerAddCondition"", ""TriggerRegisterTimerEvent"", ""TriggerRegisterUnitEvent"", ""xK""]","[""CYv"", ""Cyv""]",4
CZv,41442,41447,"[""A0IJ"", ""A0IP""]","[""Czv"", ""GetLearnedSkill"", ""GetTriggerUnit"", ""IsUnitIllusion""]",[],1
C_v,41448,41497,"[""A0IL"", ""A0IR"", ""A0M5"", ""h011""]","[""Condition"", ""CreateGroup"", ""CreateUnit"", ""DestroyBoolExpr"", ""DestroyGroup"", ""FirstOfGroup"", ""GetOwningPlayer"", ""GetPlayerId"", ""GetSpellAbilityUnit"", ""GetSpellTargetUnit"", ""GetUnitAbilityLevel"", ""GetUnitUserData"", ""GetUnitX"", ""GetUnitY"", ""GroupEnumUnitsInRect"", ""GroupRemoveUnit"", ""IsUnitIllusion"", ""IsUnitInGroup"", ""IsUnitType"", ""IssueTargetOrderById"", ""SetUnitAbilityLevel"", ""UnitAddAbility"", ""ZK"", ""hL""]","[""Cuv""]",19
C0v,41498,41503,"[""A0M5""]","[""C_v"", ""GetSpellAbilityId"", ""GetSpellTargetUnit"", ""OL""]",[],2
C1v,41504,41553,"[""A0IB"", ""B045""]","[""CreateGroup"", ""DestroyGroup"", ""DestroyTimer"", ""FirstOfGroup"", ""FlushChildHashtable"", ""GetExpiredTimer"", ""GetHandleId"", ""GetOwningPlayer"", ""GetPlayerId"", ""GetUnitX"", ""GetUnitY"", ""GetWidgetLife"", ""GroupEnumUnitsInRange"", ""GroupEnumUnitsInRect"", ""GroupRemoveUnit"", ""IsUnitEnemy"", ""LoadReal"", ""LoadUnitHandle"", ""PauseTimer"", ""RemoveUnit"", ""SaveInteger"", ""SaveReal"", ""UnitAddAbility"", ""UnitRemoveAbility""]",[],15
C3v,41554,41595,"[""A070"", ""A0IQ"", ""h012"", ""h02B""]","[""CreateTimer"", ""CreateUnit"", ""GetHandleId"", ""GetLocalPlayer"", ""GetOwningPlayer"", ""GetSpellAbilityId"", ""GetSpellAbilityUnit"", ""GetSpellTargetX"", ""GetSpellTargetY"", ""GetUnitAbilityLevel"", ""IsUnitAlly"", ""IsUnitEnemy"", ""PauseUnit"", ""SaveReal"", ""SaveUnitHandle"", ""SetUnitFlyHeight"", ""SetUnitTimeScale"", ""SetUnitVertexColor"", ""TimerStart""]","[""C1v""]",20
C4v,41596,41601,"[""A070"", ""A0IQ""]","[""C3v"", ""GetSpellAbilityId""]",[],3
C5v,41602,41618,[],"[""GetExpiredTimer"", ""GetHandleId"", ""GetUnitState"", ""LoadInteger"", ""LoadUnitHandle"", ""SaveBoolean"", ""SaveInteger"", ""SetUnitState"", ""StringHash"", ""tK""]",[],8
C7v,41619,41644,[],"[""CreateTimer"", ""GetExpiredTimer"", ""GetHandleId"", ""GetUnitState"", ""LoadInteger"", ""LoadReal"", ""LoadUnitHandle"", ""SaveInteger"", ""SaveReal"", ""SaveUnitHandle"", ""SetUnitState"", ""TimerStart"", ""tK""]","[""C5v""]",10
C8v,41645,41671,[],"[""CreateTimer"", ""GetEventDamage"", ""GetHandleId"", ""GetTriggeringTrigger"", ""GetUnitState"", ""GetWidgetLife"", ""GetWidgetX"", ""GetWidgetY"", ""I2S"", ""LoadBoolean"", ""LoadUnitHandle"", ""R2I"", ""SaveBoolean"", ""SaveInteger"", ""SaveReal"", ""SaveUnitHandle"", ""SetWidgetLife"", ""StringHash"", ""TimerStart"", ""ql""]","[""C7v""]",10
dvv,41672,41680,[],"[""CreateTrigger"", ""GetHandleId"", ""SaveBoolean"", ""SaveUnitHandle"", ""StringHash"", ""TriggerAddAction"", ""TriggerRegisterUnitEvent""]","[""C8v""]",2
dev,41681,41713,"[""A18G""]","[""Condition"", ""CreateGroup"", ""DestroyBoolExpr"", ""DestroyGroup"", ""FirstOfGroup"", ""GetOwningPlayer"", ""GetPlayerId"", ""GetSpellTargetUnit"", ""GetTriggerUnit"", ""GetUnitAbilityLevel"", ""GetUnitState"", ""GetWidgetLife"", ""GroupEnumUnitsInRect"", ""GroupRemoveUnit"", ""IsUnitEnemy"", ""IsUnitInGroup"", ""IsUnitType"", ""UK"", ""hL""]","[""Cuv""]",8
dxv,41714,41719,"[""A18G""]","[""GetSpellAbilityId"", ""dev""]",[],1
Xz,41720,41722,[],"[""dvv""]",[],0
WW,41723,41774,"[""A0IL"", ""A0IN"", ""A0IR""]","[""Condition"", ""CreateTrigger"", ""Lz"", ""Nl"", ""TriggerAddAction"", ""TriggerAddCondition""]","[""C0v"", ""C4v"", ""CZv"", ""dxv""]",36
dnv,41775,41816,"[""A0LT"", ""A0S1"", ""A0WA"", ""h011""]","[""AddSpecialEffect"", ""Cm"", ""CreateGroup"", ""CreateUnit"", ""DestroyEffect"", ""DestroyGroup"", ""FirstOfGroup"", ""GetHandleId"", ""GetOwningPlayer"", ""GetUnitAbilityLevel"", ""GetUnitX"", ""GetUnitY"", ""GetWidgetLife"", ""GroupEnumUnitsInRange"", ""GroupRemoveUnit"", ""IsUnitEnemy"", ""IsUnitType"", ""IssueTargetOrderById"", ""LoadInteger"", ""LoadUnitHandle"", ""SetUnitAbilityLevel"", ""SetUnitAnimationByIndex"", ""StringHash"", ""ZK"", ""hL""]",[],14
dEv,41817,41823,"[""A0LT""]","[""GetSpellAbilityUnit"", ""GetUnitAbilityLevel"", ""dnv"", ""hL""]",[],2
dXv,41824,41829,"[""A0LT""]","[""GetSpellAbilityId"", ""dEv""]",[],1
dOv,41830,41838,[],"[""EnableTrigger"", ""GetExpiredTimer"", ""GetHandleId"", ""LoadTriggerHandle"", ""tK""]",[],1
dRv,41839,41864,"[""A05G""]","[""CreateTimer"", ""DisableTrigger"", ""GetEventDamage"", ""GetHandleId"", ""GetTriggerUnit"", ""GetTriggeringTrigger"", ""GetUnitAbilityLevel"", ""GetUnitState"", ""LoadReal"", ""SaveReal"", ""SaveTriggerHandle"", ""TimerStart"", ""dnv""]","[""dOv""]",7
dAv,41865,41873,[],"[""Condition"", ""CreateTrigger"", ""GetHandleId"", ""GetLearningUnit"", ""SaveReal"", ""TriggerAddCondition"", ""TriggerRegisterUnitEvent""]","[""dRv""]",1
dNv,41874,41879,"[""A05G""]","[""GetLearnedSkill"", ""GetLearningUnit"", ""GetUnitAbilityLevel"", ""IsUnitIllusion"", ""dAv""]",[],1
dbv,41880,41904,[],"[""GetHandleId"", ""GetLocalPlayer"", ""GetOwningPlayer"", ""GetTriggeringTrigger"", ""GetUnitFlyHeight"", ""GetUnitX"", ""GetUnitY"", ""IsUnitAlly"", ""IsUnitHidden"", ""LoadInteger"", ""LoadUnitHandle"", ""SetTextTagPermanent"", ""SetTextTagPos"", ""SetTextTagText"", ""SetTextTagVelocity"", ""SetTextTagVisibility"", ""StringHash"", ""Uk"", ""xK""]",[],9
dBv,41905,41949,"[""A0S1"", ""A0WA""]","[""AddSpecialEffectTarget"", ""DT"", ""DestroyEffect"", ""DisableTrigger"", ""FlushChildHashtable"", ""GetEventDamageSource"", ""GetHandleId"", ""GetHeroAgi"", ""GetTriggerEventId"", ""GetTriggeringTrigger"", ""GetUnitAbilityLevel"", ""GetUnitX"", ""GetWidgetLife"", ""IssueTargetOrderById"", ""LoadInteger"", ""LoadUnitHandle"", ""SaveInteger"", ""SetUnitAbilityLevel"", ""SetUnitX"", ""SetUnitY"", ""StringHash"", ""hL""]",[],12
dcv,41950,41963,[],"[""Condition"", ""CreateTrigger"", ""GetAttacker"", ""GetHandleId"", ""GetTriggerUnit"", ""SaveUnitHandle"", ""TriggerAddCondition"", ""TriggerRegisterTimerEvent"", ""TriggerRegisterUnitEvent""]","[""dBv""]",3
dCv,41964,41971,[],"[""GetAttacker"", ""GetHandleId"", ""LoadInteger"", ""TS"", ""dcv""]",[],2
ddv,41972,41977,"[""A0S1""]","[""GetAttacker"", ""GetHandleId"", ""GetOwningPlayer"", ""GetTriggerUnit"", ""GetTriggeringTrigger"", ""GetUnitAbilityLevel"", ""IsUnitEnemy"", ""IsUnitType"", ""LoadUnitHandle"", ""dCv""]",[],1
dDv,41978,41999,"[""A0WA"", ""h011""]","[""Condition"", ""CreateTextTag"", ""CreateTrigger"", ""CreateUnit"", ""GetHandleId"", ""GetOwningPlayer"", ""GetTriggerUnit"", ""GetUnitX"", ""GetUnitY"", ""Lz"", ""SaveInteger"", ""SaveUnitHandle"", ""StringHash"", ""TriggerAddAction"", ""TriggerAddCondition"", ""TriggerRegisterTimerEvent"", ""UnitAddAbility"", ""xK""]","[""dbv"", ""ddv""]",6
dfv,42000,42005,"[""A0S1""]","[""GetLearnedSkill"", ""GetLearningUnit"", ""GetUnitAbilityLevel"", ""IsUnitIllusion"", ""dDv""]",[],1
dFv,42006,42030,[],"[""DT"", ""DisableTrigger"", ""FlushChildHashtable"", ""GetEventDamage"", ""GetEventDamageSource"", ""GetHandleId"", ""GetTriggerEventId"", ""GetTriggeringTrigger"", ""IssueTargetOrderById"", ""LoadInteger"", ""LoadUnitHandle"", ""hL""]",[],7
dgv,42031,42042,"[""A12B""]","[""GetExpiredTimer"", ""GetHandleId"", ""GetUnitState"", ""GetWidgetLife"", ""LoadUnitHandle"", ""SetWidgetLife"", ""UnitRemoveAbility"", ""tK""]",[],3
dhv,42043,42088,"[""A0LX"", ""A0S5"", ""A0WQ"", ""A12B"", ""B07L""]","[""Condition"", ""CreateTimer"", ""CreateTrigger"", ""DT"", ""DisableTrigger"", ""EnableTrigger"", ""FlushChildHashtable"", ""GetAttacker"", ""GetEventDamage"", ""GetHandleId"", ""GetOwningPlayer"", ""GetTriggerEventId"", ""GetTriggerUnit"", ""GetTriggeringTrigger"", ""GetUnitAbilityLevel"", ""GetUnitState"", ""GetWidgetLife"", ""IsUnitEnemy"", ""IsUnitType"", ""LoadUnitHandle"", ""SaveInteger"", ""SaveUnitHandle"", ""SetWidgetLife"", ""TimerStart"", ""TriggerAddCondition"", ""TriggerRegisterTimerEvent"", ""TriggerRegisterUnitEvent"", ""UnitAddAbility"", ""UnitRemoveAbility""]","[""dFv"", ""dgv""]",13
dHv,42089,42106,"[""A0LX"", ""A0S5"", ""A0WQ""]","[""Condition"", ""CreateTrigger"", ""GetHandleId"", ""GetTriggerUnit"", ""GetUnitAbilityLevel"", ""Lz"", ""SaveUnitHandle"", ""SetUnitAbilityLevel"", ""TriggerAddCondition"", ""TriggerRegisterTimerEvent"", ""TriggerRegisterUnitEvent"", ""UnitAddAbility"", ""UnitMakeAbilityPermanent""]","[""dhv""]",7
djv,42107,42112,"[""A0LX""]","[""GetSpellAbilityId"", ""dHv""]",[],1
yW,42113,42133,"[""A0S5"", ""A0WA"", ""A0WQ""]","[""Condition"", ""CreateTrigger"", ""Lz"", ""Nl"", ""TriggerAddCondition""]","[""dNv"", ""dXv"", ""dfv"", ""djv""]",3
dLv,42134,42186,[],"[""AddSpecialEffectTarget"", ""Cos"", ""CreateGroup"", ""DT"", ""DestroyEffect"", ""DestroyGroup"", ""FirstOfGroup"", ""FlushChildHashtable"", ""GetHandleId"", ""GetOwningPlayer"", ""GetTriggerEvalCount"", ""GetTriggeringTrigger"", ""GetUnitState"", ""GetUnitX"", ""GetUnitY"", ""GroupAddUnit"", ""GroupEnumUnitsInRange"", ""GroupRemoveUnit"", ""IsUnitEnemy"", ""IsUnitInGroup"", ""IsUnitType"", ""IssueTargetOrderById"", ""KillUnit"", ""LoadGroupHandle"", ""LoadInteger"", ""LoadReal"", ""LoadUnitHandle"", ""RemoveUnit"", ""SetUnitFlyHeight"", ""SetUnitX"", ""SetUnitY"", ""Sin"", ""hL"", ""iL"", ""nL""]",[],18
dmv,42187,42225,"[""A0CN"", ""h00L"", ""h011""]","[""Atan2"", ""Condition"", ""Cos"", ""CreateGroup"", ""CreateTrigger"", ""CreateUnit"", ""GetHandleId"", ""GetHeroAgi"", ""GetHeroInt"", ""GetHeroStr"", ""GetOwningPlayer"", ""GetTriggerUnit"", ""GetUnitX"", ""GetUnitY"", ""I2R"", ""LoadInteger"", ""LoadReal"", ""SaveGroupHandle"", ""SaveInteger"", ""SaveReal"", ""SaveUnitHandle"", ""SetUnitAbilityLevel"", ""SetUnitAnimationByIndex"", ""Sin"", ""StringHash"", ""TriggerAddCondition"", ""TriggerRegisterTimerEvent"", ""UnitAddAbility""]","[""dLv""]",20
dqv,42226,42250,[],"[""DT"", ""FlushChildHashtable"", ""GetHandleId"", ""GetLocalPlayer"", ""GetOwningPlayer"", ""GetTriggeringTrigger"", ""GetUnitX"", ""GetUnitY"", ""IsUnitEnemy"", ""LoadBoolean"", ""LoadReal"", ""LoadUnitHandle"", ""RemoveUnit"", ""SaveReal"", ""SetUnitVertexColor"", ""SetUnitX"", ""SetUnitY"", ""StringHash"", ""Uk""]",[],4
dQv,42251,42282,"[""A0E2"", ""n09I""]","[""Condition"", ""CreateTrigger"", ""CreateUnit"", ""GetHandleId"", ""GetOwningPlayer"", ""GetSpellAbilityId"", ""GetSpellTargetX"", ""GetSpellTargetY"", ""GetTriggerUnit"", ""GetUnitAbilityLevel"", ""GetUnitX"", ""GetUnitY"", ""SaveInteger"", ""SaveReal"", ""SaveUnitHandle"", ""SetUnitAnimationByIndex"", ""SetUnitFlyHeight"", ""SetUnitTimeScale"", ""StringHash"", ""TriggerAddCondition"", ""TriggerRegisterTimerEvent""]","[""dqv""]",11
dSv,42283,42294,"[""A0E2"", ""A0UI""]","[""GetHandleId"", ""GetSpellAbilityId"", ""GetTriggerEventId"", ""GetTriggerUnit"", ""SaveBoolean"", ""StringHash"", ""dQv"", ""dmv""]",[],1
dtv,42295,42311,"[""A0S4"", ""B01K""]","[""DestroyTimer"", ""FlushChildHashtable"", ""GetExpiredTimer"", ""GetHandleId"", ""GetHeroAgi"", ""GetHeroInt"", ""GetHeroStr"", ""GetUnitAbilityLevel"", ""LoadInteger"", ""LoadUnitHandle"", ""PauseTimer"", ""SetHeroAgi"", ""SetHeroInt"", ""SetHeroStr"", ""UnitRemoveAbility""]",[],4
dTv,42312,42328,"[""A0AH"", ""A0S4""]","[""CreateTimer"", ""GetHandleId"", ""GetHeroAgi"", ""GetHeroInt"", ""GetHeroStr"", ""GetOwningPlayer"", ""GetSpellAbilityUnit"", ""GetUnitAbilityLevel"", ""SaveInteger"", ""SaveUnitHandle"", ""SetHeroAgi"", ""SetHeroInt"", ""SetHeroStr"", ""SetPlayerAbilityAvailable"", ""SetUnitAnimationByIndex"", ""TimerStart"", ""UnitAddAbility""]","[""dtv""]",9
duv,42329,42334,"[""A0AH""]","[""GetSpellAbilityId"", ""dTv""]",[],1
dUv,42335,42337,"[""A0K4""]","[""GetFilterUnit"", ""GetOwningPlayer"", ""GetUnitAbilityLevel"", ""IsUnitAlly"", ""IsUnitType"", ""Uk""]",[],1
dwv,42338,42343,"[""A0AA"", ""B0A2""]","[""GetEnumUnit"", ""GetUnitAbilityLevel"", ""UnitRemoveAbility""]",[],3
dWv,42344,42353,"[""A0AA""]","[""GetEnumUnit"", ""GetOwningPlayer"", ""GetUnitAbilityLevel"", ""SetPlayerAbilityAvailable"", ""SetUnitAbilityLevel"", ""UnitAddAbility""]",[],7
dyv,42354,42387,"[""A15C""]","[""Condition"", ""CreateGroup"", ""DT"", ""DestroyGroup"", ""FlushChildHashtable"", ""ForGroup"", ""GetHandleId"", ""GetTriggeringTrigger"", ""GetUnitAbilityLevel"", ""GetUnitX"", ""GetUnitY"", ""GroupEnumUnitsInRange"", ""GroupRemoveGroup"", ""LoadGroupHandle"", ""LoadUnitHandle"", ""SaveGroupHandle"", ""Uk""]","[""dUv"", ""dWv"", ""dwv""]",5
dYv,42388,42398,[],"[""Condition"", ""CreateGroup"", ""CreateTrigger"", ""GetHandleId"", ""GetTriggerUnit"", ""SaveGroupHandle"", ""SaveUnitHandle"", ""TriggerAddCondition"", ""TriggerRegisterTimerEvent""]","[""dyv""]",3
dzv,42399,42404,"[""A15C""]","[""GetLearnedSkill"", ""GetTriggerUnit"", ""GetUnitAbilityLevel"", ""IsUnitIllusion"", ""dYv""]",[],1
YW,42405,42422,"[""A0AA"", ""A0AB"", ""A0CN""]","[""Condition"", ""CreateTrigger"", ""Lz"", ""Nl"", ""TriggerAddAction"", ""TriggerAddCondition""]","[""dSv"", ""duv"", ""dzv""]",7
d1v,42423,42430,"[""A1AC""]","[""GetUnitAbilityLevel""]",[],6
d2v,42431,42447,[],"[""AddSpecialEffectTarget"", ""DestroyEffect"", ""FirstOfGroup"", ""GetWidgetLife"", ""GroupClear"", ""GroupEnumUnitsInRange"", ""GroupRemoveUnit"", ""IsUnitEnemy"", ""hL""]",[],4
d4v,42448,42487,[],"[""Cm"", ""DT"", ""DisableTrigger"", ""FlushChildHashtable"", ""GetEventDamage"", ""GetEventDamageSource"", ""GetHandleId"", ""GetOwningPlayer"", ""GetTriggerEventId"", ""GetTriggeringTrigger"", ""GetUnitX"", ""GetUnitY"", ""I2R"", ""LoadInteger"", ""LoadUnitHandle"", ""SetUnitAnimationByIndex"", ""StringHash"", ""d1v"", ""d2v""]",[],16
d6v,42488,42513,[],"[""Condition"", ""CreateTrigger"", ""DT"", ""FlushChildHashtable"", ""GetAttacker"", ""GetHandleId"", ""GetTriggerEventId"", ""GetTriggerUnit"", ""GetTriggeringTrigger"", ""IsUnitType"", ""LoadInteger"", ""LoadUnitHandle"", ""RemoveUnit"", ""SaveInteger"", ""SaveUnitHandle"", ""TriggerAddCondition"", ""TriggerRegisterTimerEvent"", ""TriggerRegisterUnitEvent""]","[""d4v""]",10
d7v,42514,42531,"[""A03Q"", ""h011""]","[""Condition"", ""CreateTrigger"", ""CreateUnit"", ""GetHandleId"", ""GetOwningPlayer"", ""GetTriggerUnit"", ""GetUnitAbilityLevel"", ""GetUnitX"", ""GetUnitY"", ""Lz"", ""SaveInteger"", ""SaveUnitHandle"", ""TriggerAddCondition"", ""TriggerRegisterTimerEvent"", ""TriggerRegisterUnitEvent""]","[""d6v""]",8
d8v,42532,42539,"[""A1AF"", ""A1AG"", ""B03M""]","[""UnitRemoveAbility""]",[],4
d9v,42540,42554,"[""A1AD"", ""B0BS""]","[""GetHandleId"", ""GetSpellTargetUnit"", ""GetTriggerUnit"", ""LoadUnitHandle"", ""SaveUnitHandle"", ""StringHash"", ""UnitAddAbility"", ""UnitMakeAbilityPermanent"", ""UnitRemoveAbility""]",[],8
Dvv,42555,42566,[],"[""GetExpiredTimer"", ""GetHandleId"", ""LoadUnitHandle"", ""d8v"", ""tK""]",[],4
Dev,42567,42589,"[""A1AE"", ""A1AF"", ""A1AG""]","[""CreateTimer"", ""GetHandleId"", ""GetSpellAbilityUnit"", ""GetUnitAbilityLevel"", ""LoadUnitHandle"", ""SaveUnitHandle"", ""SetUnitAbilityLevel"", ""StringHash"", ""TimerStart"", ""UnitAddAbility""]","[""Dvv""]",14
Dxv,42590,42600,"[""A03Q"", ""A1AC"", ""A1AE""]","[""Dev"", ""GetSpellAbilityId"", ""d7v"", ""d9v""]",[],6
Dov,42601,42623,[],"[""FirstOfGroup"", ""GetUnitState"", ""GetWidgetLife"", ""GroupClear"", ""GroupEnumUnitsInRange"", ""GroupRemoveUnit"", ""IsUnitEnemy"", ""hL""]",[],7
Drv,42624,42669,"[""A03S""]","[""DT"", ""DisableTrigger"", ""Dov"", ""FlushChildHashtable"", ""GetEventDamageSource"", ""GetHandleId"", ""GetOwningPlayer"", ""GetTriggerEventId"", ""GetTriggeringTrigger"", ""GetUnitAbilityLevel"", ""GetUnitX"", ""GetUnitY"", ""GetWidgetLife"", ""I2R"", ""LoadUnitHandle"", ""StringHash"", ""d1v"", ""hL""]",[],14
Div,42670,42686,[],"[""Condition"", ""CreateTrigger"", ""GetAttacker"", ""GetHandleId"", ""GetTriggerUnit"", ""GetTriggeringTrigger"", ""LoadUnitHandle"", ""SaveUnitHandle"", ""TriggerAddCondition"", ""TriggerRegisterTimerEvent"", ""TriggerRegisterUnitEvent""]","[""Drv""]",5
Dav,42687,42694,[],"[""Div"", ""GetAttacker"", ""GetHandleId"", ""LoadInteger"", ""TS""]",[],2
Dnv,42695,42700,"[""A03S""]","[""Dav"", ""GetAttacker"", ""GetHandleId"", ""GetOwningPlayer"", ""GetTriggerUnit"", ""GetTriggeringTrigger"", ""GetUnitAbilityLevel"", ""IsUnitEnemy"", ""IsUnitType"", ""LoadUnitHandle""]",[],1
DVv,42701,42713,"[""h011""]","[""Condition"", ""CreateTrigger"", ""CreateUnit"", ""GetHandleId"", ""GetOwningPlayer"", ""GetTriggerUnit"", ""GetUnitX"", ""GetUnitY"", ""Lz"", ""SaveUnitHandle"", ""TriggerAddCondition""]","[""Dnv""]",3
DEv,42714,42720,"[""A1AC"", ""A1AE""]","[""GetLearningUnit"", ""GetUnitAbilityLevel"", ""SetUnitAbilityLevel""]",[],2
DXv,42721,42729,"[""A03S"", ""A1AE""]","[""DEv"", ""DVv"", ""GetLearnedSkill"", ""GetTriggerUnit"", ""GetUnitAbilityLevel"", ""IsUnitIllusion""]",[],2
zW,42730,42740,"[""A0CS""]","[""Condition"", ""CreateTrigger"", ""Lz"", ""Nl"", ""TriggerAddCondition""]","[""DXv"", ""Dxv""]",1
DIv,42741,42777,"[""A0AO""]","[""CreateGroup"", ""DestroyEffect"", ""DestroyGroup"", ""FirstOfGroup"", ""GetExpiredTimer"", ""GetHandleId"", ""GetOwningPlayer"", ""GetUnitAbilityLevel"", ""GetWidgetLife"", ""GetWidgetX"", ""GetWidgetY"", ""GroupEnumUnitsInRange"", ""GroupRemoveUnit"", ""I2R"", ""IsUnitEnemy"", ""LoadEffectHandle"", ""LoadInteger"", ""LoadReal"", ""LoadUnitHandle"", ""SaveInteger"", ""fL"", ""hL"", ""tK""]",[],12
DAv,42778,42795,"[""A0AO""]","[""AddSpecialEffectTarget"", ""CreateTimer"", ""GetHandleId"", ""GetSpellAbilityUnit"", ""GetUnitAbilityLevel"", ""LoadInteger"", ""SaveEffectHandle"", ""SaveInteger"", ""SaveReal"", ""SaveUnitHandle"", ""TimerStart""]","[""DIv""]",9
Dbv,42796,42801,"[""A0AO""]","[""DAv"", ""GetSpellAbilityId""]",[],1
DBv,42802,42822,[],"[""GetDyingUnit"", ""GetHandleId"", ""GetKillingUnit"", ""GetOwningPlayer"", ""GetTriggeringTrigger"", ""GetUnitX"", ""GetUnitY"", ""I2S"", ""IsUnitEnemy"", ""LoadInteger"", ""LoadUnitHandle"", ""SaveInteger"", ""ql""]",[],6
DCv,42823,42831,[],"[""DisplayTextToPlayer"", ""GetHandleId"", ""GetOwningPlayer"", ""GetTriggeringTrigger"", ""I2S"", ""LoadInteger"", ""LoadUnitHandle""]",[],3
Ddv,42832,42856,"[""A002""]","[""Condition"", ""CreateTrigger"", ""DisplayTextToPlayer"", ""GetHandleId"", ""GetLearnedSkill"", ""GetLearningUnit"", ""GetOwningPlayer"", ""GetUnitAbilityLevel"", ""Lz"", ""SaveInteger"", ""SaveUnitHandle"", ""TriggerAddAction"", ""TriggerAddCondition"", ""TriggerRegisterPlayerChatEvent""]","[""DBv"", ""DCv""]",7
DDv,42857,42862,"[""A002""]","[""Ddv"", ""GetLearnedSkill"", ""GetTriggerUnit"", ""IsUnitIllusion""]",[],1
Dfv,42863,42865,[],"[""GetFilterUnit"", ""GetOwningPlayer"", ""GetWidgetLife"", ""IsUnitEnemy"", ""fl""]",[],1
DFv,42866,42900,"[""A0BR"", ""A0CF""]","[""AddSpecialEffectTarget"", ""Condition"", ""CreateGroup"", ""DestroyEffect"", ""DestroyGroup"", ""FirstOfGroup"", ""GetHandleId"", ""GetTriggeringTrigger"", ""GetUnitAbilityLevel"", ""GetUnitX"", ""GetUnitY"", ""GroupEnumUnitsInRange"", ""GroupRemoveUnit"", ""LoadBoolean"", ""LoadEffectHandle"", ""LoadUnitHandle"", ""SaveBoolean"", ""SaveEffectHandle"", ""SetUnitAbilityLevel""]","[""Dfv""]",14
Dgv,42901,42914,"[""A0BR""]","[""GetHandleId"", ""GetSpellAbilityUnit"", ""GetUnitAbilityLevel"", ""LoadInteger"", ""SaveInteger""]",[],6
DGv,42915,42920,"[""A0AO"", ""A0CG""]","[""Dgv"", ""GetSpellAbilityId""]",[],1
Dhv,42921,42934,"[""A0CF""]","[""Condition"", ""CreateTrigger"", ""GetHandleId"", ""GetLearningUnit"", ""SaveUnitHandle"", ""TriggerAddAction"", ""TriggerAddCondition"", ""TriggerRegisterTimerEvent"", ""TriggerRegisterUnitEvent"", ""UnitAddAbility""]","[""DFv"", ""DGv""]",3
DHv,42935,42940,"[""A0BR""]","[""Dhv"", ""GetLearnedSkill"", ""GetTriggerUnit"", ""GetUnitAbilityLevel"", ""IsUnitIllusion""]",[],1
Djv,42941,42991,"[""B025""]","[""AddSpecialEffectTarget"", ""CreateGroup"", ""DT"", ""DestroyEffect"", ""DestroyGroup"", ""DisableTrigger"", ""FirstOfGroup"", ""FlushChildHashtable"", ""GetEventDamage"", ""GetEventDamageSource"", ""GetHandleId"", ""GetOwningPlayer"", ""GetTriggerEventId"", ""GetTriggeringTrigger"", ""GetUnitAbilityLevel"", ""GetUnitX"", ""GetUnitY"", ""GetWidgetLife"", ""GroupEnumUnitsInRange"", ""GroupRemoveUnit"", ""I2R"", ""IsUnitEnemy"", ""LoadInteger"", ""LoadUnitHandle"", ""UnitRemoveAbility"", ""fL"", ""hL""]",[],12
Dkv,42992,43021,"[""A0CR""]","[""Condition"", ""CreateTrigger"", ""DT"", ""FlushChildHashtable"", ""GetAttacker"", ""GetHandleId"", ""GetTriggerEventId"", ""GetTriggerUnit"", ""GetTriggeringTrigger"", ""IsUnitType"", ""LoadInteger"", ""LoadUnitHandle"", ""SaveBoolean"", ""SaveInteger"", ""SaveUnitHandle"", ""SetUnitFlyHeight"", ""TriggerAddCondition"", ""TriggerRegisterTimerEvent"", ""TriggerRegisterUnitEvent"", ""UnitRemoveAbility""]","[""Djv""]",12
DKv,43022,43043,[],"[""AddSpecialEffectTarget"", ""AddUnitAnimationProperties"", ""DestroyEffect"", ""DestroyGroup"", ""FirstOfGroup"", ""GetExpiredTimer"", ""GetHandleId"", ""GroupRemoveUnit"", ""LoadGroupHandle"", ""LoadReal"", ""LoadUnitHandle"", ""hL"", ""tK""]",[],4
Dlv,43044,43060,"[""A0CG""]","[""GetExpiredTimer"", ""GetHandleId"", ""GetUnitAbilityLevel"", ""GetWidgetLife"", ""LoadInteger"", ""LoadReal"", ""LoadUnitHandle"", ""SaveReal"", ""fL"", ""tK""]",[],7
DLv,43061,43113,"[""A0CG"", ""A0CR"", ""h011""]","[""AddUnitAnimationProperties"", ""Condition"", ""CreateGroup"", ""CreateTimer"", ""CreateTrigger"", ""CreateUnit"", ""GetHandleId"", ""GetOwningPlayer"", ""GetTriggerUnit"", ""GetUnitAbilityLevel"", ""GetUnitX"", ""GetUnitY"", ""GroupEnumUnitsInRange"", ""LoadBoolean"", ""LoadInteger"", ""Lz"", ""SaveBoolean"", ""SaveGroupHandle"", ""SaveInteger"", ""SaveReal"", ""SaveUnitHandle"", ""TimerStart"", ""TriggerAddCondition"", ""TriggerRegisterTimerEvent"", ""TriggerRegisterUnitEvent"", ""UnitAddAbility"", ""UnitMakeAbilityPermanent"", ""ZK""]","[""DKv"", ""Dkv"", ""Dlv"", ""SK""]",28
Dmv,43114,43119,"[""A0CG""]","[""DLv"", ""GetSpellAbilityId""]",[],1
ZW,43120,43139,"[""A0CF"", ""A0CR""]","[""Condition"", ""CreateTrigger"", ""Lz"", ""Nl"", ""TriggerAddCondition""]","[""DDv"", ""DHv"", ""Dbv"", ""Dmv""]",2
DQv,43140,43188,"[""A0K4"", ""A13R""]","[""CreateGroup"", ""DestroyEffect"", ""DestroyGroup"", ""FirstOfGroup"", ""GetExpiredTimer"", ""GetHandleId"", ""GetOwningPlayer"", ""GetUnitAbilityLevel"", ""GetUnitState"", ""GetUnitX"", ""GetUnitY"", ""GetWidgetLife"", ""GroupEnumUnitsInRange"", ""GroupRemoveUnit"", ""IsUnitAlly"", ""IsUnitEnemy"", ""IsUnitType"", ""Kz"", ""LoadBoolean"", ""LoadEffectHandle"", ""LoadReal"", ""LoadUnitHandle"", ""SaveReal"", ""SetUnitState"", ""StringHash"", ""fL"", ""hL"", ""tK""]",[],14
DTv,43189,43202,[],"[""AddSpecialEffectTarget"", ""CreateTimer"", ""GetHandleId"", ""GetTriggerUnit"", ""SaveEffectHandle"", ""SaveReal"", ""SaveUnitHandle"", ""TimerStart""]","[""DQv""]",6
Duv,43203,43208,"[""A13R""]","[""DTv"", ""GetSpellAbilityId""]",[],1
DUv,43209,43217,[],"[""GetExpiredTimer"", ""GetHandleId"", ""GetWidgetLife"", ""LoadReal"", ""LoadUnitHandle"", ""SetWidgetLife"", ""tK""]",[],2
Dwv,43218,43255,"[""A0MX"", ""A136"", ""B09I""]","[""CreateTimer"", ""DT"", ""DisableTrigger"", ""EnableTrigger"", ""FlushChildHashtable"", ""GetEventDamage"", ""GetHandleId"", ""GetTriggerEventId"", ""GetTriggerUnit"", ""GetTriggeringTrigger"", ""GetUnitAbilityLevel"", ""LoadReal"", ""LoadUnitHandle"", ""SaveReal"", ""SaveUnitHandle"", ""TimerStart"", ""UnitRemoveAbility"", ""fL""]","[""DUv""]",15
DWv,43256,43276,"[""A0MX"", ""A136""]","[""Condition"", ""CreateTrigger"", ""GetHandleId"", ""GetSpellTargetUnit"", ""GetTriggerUnit"", ""GetUnitAbilityLevel"", ""SaveReal"", ""SaveUnitHandle"", ""TriggerAddCondition"", ""TriggerRegisterTimerEvent"", ""TriggerRegisterUnitEvent"", ""UnitAddAbility""]","[""Dwv""]",9
Dyv,43277,43282,"[""A0MX""]","[""DWv"", ""GetSpellAbilityId""]",[],1
DYv,43283,43295,"[""A036""]","[""AddSpecialEffectTarget"", ""DestroyEffect"", ""GetEventDamage"", ""GetTriggerUnit"", ""GetUnitAbilityLevel"", ""GetUnitState"", ""SetUnitState""]",[],3
Dzv,43296,43303,[],"[""Condition"", ""CreateTrigger"", ""GetLearningUnit"", ""TriggerAddCondition"", ""TriggerRegisterUnitEvent""]","[""DYv""]",0
DZv,43304,43309,"[""A036""]","[""Dzv"", ""GetLearnedSkill"", ""GetLearningUnit"", ""GetUnitAbilityLevel"", ""IsUnitIllusion""]",[],1
D_v,43310,43355,"[""A0P7""]","[""AddSpecialEffectTarget"", ""CreateGroup"", ""DestroyEffect"", ""DestroyGroup"", ""FirstOfGroup"", ""GetExpiredTimer"", ""GetHandleId"", ""GetOwningPlayer"", ""GetUnitAbilityLevel"", ""GetUnitState"", ""GetUnitX"", ""GetUnitY"", ""GetWidgetLife"", ""GroupEnumUnitsInRange"", ""GroupRemoveUnit"", ""IsUnitEnemy"", ""IsUnitType"", ""LoadBoolean"", ""LoadEffectHandle"", ""LoadReal"", ""LoadUnitHandle"", ""SaveEffectHandle"", ""SaveReal"", ""StringHash"", ""fL"", ""hL"", ""tK""]",[],14
D1v,43356,43369,[],"[""AddSpecialEffectTarget"", ""CreateTimer"", ""GetHandleId"", ""GetTriggerUnit"", ""SaveEffectHandle"", ""SaveReal"", ""SaveUnitHandle"", ""TimerStart""]","[""D_v""]",7
D2v,43370,43375,"[""A0P7""]","[""D1v"", ""GetSpellAbilityId""]",[],3
ey,43376,43390,"[""A136""]","[""Condition"", ""CreateTrigger"", ""Lz"", ""Nl"", ""TriggerAddCondition""]","[""D2v"", ""DZv"", ""Duv"", ""Dyv""]",13
D7v,43391,43394,[],"[""GetLocationZ"", ""GetUnitFlyHeight"", ""GetUnitX"", ""GetUnitY"", ""MoveLocation""]",[],1
D8v,43395,43404,[],[],[],8
fvv,43405,43414,[],[],[],8
fxv,43415,43436,[],"[""D7v"", ""DestroyLightning"", ""GetExpiredTimer"", ""GetLightningColorA"", ""GetUnitX"", ""GetUnitY"", ""MoveLightningEx"", ""RJ"", ""SetLightningColor"", ""tP"", ""uP""]",[],5
fov,43437,43455,[],"[""AddLightningEx"", ""D7v"", ""GetUnitX"", ""GetUnitY"", ""I2R"", ""OJ"", ""R2I"", ""SP"", ""TP"", ""TimerStart""]","[""fxv""]",14
frv,43456,43463,[],"[""AddSpecialEffectTarget"", ""DestroyEffect"", ""fov"", ""fvv"", ""hL""]",[],6
fiv,43464,43500,[],"[""CreateGroup"", ""D8v"", ""DestroyGroup"", ""FirstOfGroup"", ""GetExpiredTimer"", ""GetOwningPlayer"", ""GetUnitState"", ""GetUnitX"", ""GetUnitY"", ""GroupAddUnit"", ""GroupEnumUnitsInRange"", ""GroupRemoveUnit"", ""IsUnitEnemy"", ""IsUnitInGroup"", ""IsUnitInvisible"", ""IsUnitType"", ""XJ"", ""frv"", ""hl"", ""tP"", ""uP""]",[],4
fav,43501,43520,"[""A0I5"", ""A0IC""]","[""CreateGroup"", ""EJ"", ""GetSpellAbilityId"", ""GetSpellTargetUnit"", ""GetTriggerUnit"", ""GetUnitAbilityLevel"", ""GroupAddUnit"", ""Location"", ""SP"", ""TP"", ""TimerStart"", ""frv""]","[""fiv""]",9
fnv,43521,43526,"[""A0I5"", ""A0IC""]","[""GetSpellAbilityId"", ""GetSpellTargetUnit"", ""OL"", ""fav""]",[],1
fVv,43527,43605,"[""A0YR"", ""B063"", ""B087""]","[""CreateGroup"", ""DestroyGroup"", ""FirstOfGroup"", ""GetExpiredTimer"", ""GetHandleId"", ""GetOwningPlayer"", ""GetUnitX"", ""GetUnitY"", ""GetWidgetLife"", ""GroupAddUnit"", ""GroupEnumUnitsInRange"", ""GroupRemoveUnit"", ""IsUnitEnemy"", ""IsUnitInGroup"", ""IsUnitType"", ""LoadBoolean"", ""LoadReal"", ""LoadUnitHandle"", ""SaveReal"", ""UnitRemoveAbility"", ""hL"", ""tK""]",[],28
fEv,43606,43668,"[""A0K4"", ""A0YR"", ""A0YS"", ""A0YT"", ""I093""]","[""CreateGroup"", ""CreateItem"", ""CreateTimer"", ""DestroyGroup"", ""FirstOfGroup"", ""GetHandleId"", ""GetOwningPlayer"", ""GetSpellTargetUnit"", ""GetTriggerUnit"", ""GetUnitAbilityLevel"", ""GetUnitX"", ""GetUnitY"", ""GetWidgetLife"", ""GroupEnumUnitsInRange"", ""GroupRemoveUnit"", ""I2R"", ""IsUnitAlly"", ""IsUnitType"", ""SaveBoolean"", ""SaveReal"", ""SaveUnitHandle"", ""SetUnitAbilityLevel"", ""TimerStart"", ""UnitAddAbility"", ""UnitAddItem""]","[""fVv""]",22
fXv,43669,43674,"[""A0YS"", ""A0YT""]","[""GetSpellAbilityId"", ""fEv""]",[],1
fOv,43675,43683,[],"[""GetExpiredTimer"", ""GetHandleId"", ""LoadTriggerHandle"", ""SaveBoolean"", ""tK""]",[],2
fRv,43684,43739,"[""A08W"", ""A0YR"", ""Aprg"", ""B03W"", ""h011""]","[""AddSpecialEffectTarget"", ""CreateGroup"", ""CreateTimer"", ""CreateUnit"", ""DestroyEffect"", ""DestroyGroup"", ""FirstOfGroup"", ""GetAttacker"", ""GetHandleId"", ""GetHeroInt"", ""GetOwningPlayer"", ""GetRandomInt"", ""GetTriggerUnit"", ""GetTriggeringTrigger"", ""GetUnitAbilityLevel"", ""GetUnitX"", ""GetUnitY"", ""GetWidgetLife"", ""GroupEnumUnitsInRange"", ""GroupRemoveUnit"", ""IsUnitEnemy"", ""IsUnitType"", ""IssueTargetOrderById"", ""LoadBoolean"", ""LoadUnitHandle"", ""SaveBoolean"", ""SaveTriggerHandle"", ""TimerStart"", ""UnitAddAbility"", ""ZK"", ""hL""]","[""fOv""]",20
fIv,43740,43748,[],"[""Condition"", ""CreateTrigger"", ""GetHandleId"", ""GetLearningUnit"", ""Lz"", ""SaveUnitHandle"", ""TriggerAddCondition""]","[""fRv""]",1
fAv,43749,43754,"[""A08W""]","[""GetLearnedSkill"", ""GetLearningUnit"", ""GetUnitAbilityLevel"", ""IsUnitIllusion"", ""fIv""]",[],1
fNv,43755,43788,[],"[""Cos"", ""CreateTextTag"", ""Deg2Rad"", ""DestroyTextTag"", ""GetExpiredTimer"", ""GetHandleId"", ""GetLocalPlayer"", ""GetUnitFacing"", ""GetUnitX"", ""GetUnitY"", ""I2S"", ""IsUnitAlly"", ""IsUnitHidden"", ""LoadInteger"", ""LoadReal"", ""LoadTextTagHandle"", ""LoadUnitHandle"", ""SaveReal"", ""SaveTextTagHandle"", ""SetTextTagColor"", ""SetTextTagPermanent"", ""SetTextTagPos"", ""SetTextTagText"", ""SetTextTagVelocity"", ""SetTextTagVisibility"", ""SetUnitX"", ""SetUnitY"", ""Sin"", ""StringHash"", ""Uk"", ""tK""]",[],13
fbv,43789,43836,"[""A0K4"", ""h00O""]","[""CreateGroup"", ""CreateUnit"", ""DT"", ""DestroyGroup"", ""FirstOfGroup"", ""FlushChildHashtable"", ""GetHandleId"", ""GetOwningPlayer"", ""GetSpellAbilityId"", ""GetSpellAbilityUnit"", ""GetTriggerEventId"", ""GetTriggerUnit"", ""GetTriggeringTrigger"", ""GetUnitAbilityLevel"", ""GetUnitX"", ""GetUnitY"", ""GetWidgetLife"", ""GroupEnumUnitsInRange"", ""GroupRemoveUnit"", ""I2R"", ""IsUnitAlly"", ""IsUnitEnemy"", ""IsUnitHidden"", ""IsUnitType"", ""LoadInteger"", ""LoadReal"", ""LoadUnitHandle"", ""RemoveUnit"", ""SaveInteger"", ""StringHash"", ""Uk"", ""ZK"", ""hK"", ""hL"", ""hl"", ""qK""]",[],12
fcv,43837,43888,"[""A0PR"", ""h02W""]","[""Atan2"", ""Condition"", ""Cos"", ""CreateTimer"", ""CreateTrigger"", ""CreateUnit"", ""GetHandleId"", ""GetOwningPlayer"", ""GetSpellTargetX"", ""GetSpellTargetY"", ""GetTriggerUnit"", ""GetUnitAbilityLevel"", ""GetUnitX"", ""GetUnitY"", ""I2R"", ""Lz"", ""PauseUnit"", ""SaveInteger"", ""SaveReal"", ""SaveUnitHandle"", ""SetUnitPathing"", ""Sin"", ""SquareRoot"", ""StringHash"", ""TimerStart"", ""TriggerAddCondition"", ""TriggerRegisterTimerEvent"", ""TriggerRegisterUnitEvent""]","[""fNv"", ""fbv""]",14
fCv,43889,43894,"[""A0PR""]","[""GetSpellAbilityId"", ""fcv""]",[],1
xy,43895,43917,"[""A0I0"", ""A0VQ"", ""A0VR"", ""A0VS"", ""A0VT""]","[""Condition"", ""CreateTrigger"", ""Lz"", ""Nl"", ""TriggerAddCondition""]","[""fAv"", ""fCv"", ""fXv"", ""fnv""]",5
fgv,43918,43920,[],"[""GetHandleId"", ""LoadInteger"", ""StringHash""]",[],0
fGv,43921,43957,"[""A1A3"", ""A1A4""]","[""GetHandleId"", ""GetUnitAbilityLevel"", ""GroupAddUnit"", ""GroupRemoveUnit"", ""IsUnitInGroup"", ""SaveInteger"", ""StringHash"", ""UnitAddAbility"", ""UnitRemoveAbility""]",[],17
fHv,43958,43960,[],"[""fGv""]",[],1
fjv,43961,43984,[],"[""CreateGroup"", ""DestroyGroup"", ""FirstOfGroup"", ""GetHandleId"", ""Gl"", ""GroupClear"", ""GroupRemoveUnit"", ""LoadInteger"", ""SaveInteger"", ""Uk"", ""fHv"", ""fgv""]",[],7
fkv,43985,43991,[],"[""GetHandleId"", ""GroupAddUnit"", ""IsUnitInGroup"", ""SaveInteger""]",[],1
fKv,43992,43997,[],"[""fGv"", ""fgv"", ""fkv""]",[],1
flv,43998,44030,[],"[""CreateGroup"", ""DestroyGroup"", ""FirstOfGroup"", ""GetExpiredTimer"", ""GetHandleId"", ""GetOwningPlayer"", ""GetUnitX"", ""GetUnitY"", ""GroupEnumUnitsInRange"", ""GroupRemoveUnit"", ""IsUnitEnemy"", ""IsUnitType"", ""LoadReal"", ""LoadUnitHandle"", ""RemoveUnit"", ""SaveReal"", ""Uk"", ""fKv"", ""fgv"", ""hL"", ""tK""]",[],8
fmv,44031,44049,"[""A19Y"", ""h04U""]","[""CreateTimer"", ""CreateUnit"", ""GetHandleId"", ""GetOwningPlayer"", ""GetSpellAbilityUnit"", ""GetSpellTargetX"", ""GetSpellTargetY"", ""GetUnitAbilityLevel"", ""I2R"", ""SaveReal"", ""SaveUnitHandle"", ""TimerStart""]","[""flv""]",8
fMv,44050,44110,[],"[""Atan2"", ""Cm"", ""Cos"", ""GetExpiredTimer"", ""GetHandleId"", ""GetUnitX"", ""GetUnitY"", ""I2R"", ""KillUnit"", ""LoadReal"", ""LoadUnitHandle"", ""RemoveUnit"", ""SaveReal"", ""SetUnitX"", ""SetUnitY"", ""Sin"", ""Uk"", ""fKv"", ""fgv"", ""hL"", ""hl"", ""tK""]",[],20
fQv,44111,44132,"[""h04W""]","[""Atan2"", ""CreateTimer"", ""CreateUnit"", ""GetHandleId"", ""GetOwningPlayer"", ""GetUnitX"", ""GetUnitY"", ""Rad2Deg"", ""SaveReal"", ""SaveUnitHandle"", ""TimerStart"", ""hl""]","[""fMv""]",11
ftv,44133,44172,[],"[""CreateGroup"", ""DestroyGroup"", ""FirstOfGroup"", ""GetExpiredTimer"", ""GetHandleId"", ""GetOwningPlayer"", ""GetUnitX"", ""GetUnitY"", ""GroupEnumUnitsInRange"", ""GroupRemoveUnit"", ""IsUnitEnemy"", ""IsUnitInvisible"", ""LoadUnitHandle"", ""Uk"", ""fQv"", ""hl"", ""tK""]",[],6
fTv,44173,44210,[],"[""Atan2"", ""Cos"", ""GetExpiredTimer"", ""GetHandleId"", ""GetLocalPlayer"", ""GetOwningPlayer"", ""GetUnitX"", ""GetUnitY"", ""KillUnit"", ""LoadUnitHandle"", ""PauseUnit"", ""RemoveUnit"", ""SelectUnit"", ""SetUnitInvulnerable"", ""SetUnitX"", ""SetUnitY"", ""ShowUnit"", ""Sin"", ""hl"", ""tK""]",[],7
fuv,44211,44224,[],"[""Atan2"", ""CreateTimer"", ""GetHandleId"", ""GetUnitX"", ""GetUnitY"", ""R2I"", ""Rad2Deg"", ""SaveUnitHandle"", ""SetUnitFacing"", ""TimerStart""]","[""fTv""]",5
fwv,44225,44241,[],"[""GetExpiredTimer"", ""GetHandleId"", ""LoadTimerHandle"", ""LoadUnitHandle"", ""Uk"", ""fuv"", ""tK""]",[],3
fYv,44242,44257,"[""A19Z""]","[""CreateTimer"", ""GetHandleId"", ""GetUnitAbilityLevel"", ""I2R"", ""SaveTimerHandle"", ""SaveUnitHandle"", ""TimerStart""]","[""ftv"", ""fwv""]",8
fzv,44258,44291,[],"[""GetExpiredTimer"", ""GetHandleId"", ""LoadReal"", ""LoadUnitHandle"", ""PauseUnit"", ""SaveReal"", ""SetUnitX"", ""SetUnitY"", ""Uk"", ""fYv"", ""tK""]",[],14
fZv,44292,44312,"[""h04V""]","[""Cos"", ""CreateTimer"", ""CreateUnit"", ""Deg2Rad"", ""GetHandleId"", ""GetOwningPlayer"", ""GetUnitX"", ""GetUnitY"", ""SaveReal"", ""SaveUnitHandle"", ""Sin"", ""TimerStart""]","[""fzv""]",13
f1v,44313,44327,[],"[""GetTriggerUnit"", ""PauseUnit"", ""SetUnitInvulnerable"", ""ShowUnit"", ""fZv""]",[],5
f2v,44328,44393,[],"[""Cos"", ""GetExpiredTimer"", ""GetHandleId"", ""GetUnitX"", ""GetUnitY"", ""LoadBoolean"", ""LoadReal"", ""LoadUnitHandle"", ""RemoveUnit"", ""SaveBoolean"", ""SaveReal"", ""SetUnitX"", ""SetUnitY"", ""Sin"", ""SquareRoot"", ""Uk"", ""fL"", ""tK""]",[],33
f9v,44394,44416,"[""h04W""]","[""CreateTimer"", ""CreateUnit"", ""GetHandleId"", ""GetOwningPlayer"", ""SaveBoolean"", ""SaveReal"", ""SaveUnitHandle"", ""TimerStart""]","[""f2v""]",17
Fvv,44417,44452,"[""A1A1""]","[""CreateGroup"", ""DestroyGroup"", ""FirstOfGroup"", ""GetOwningPlayer"", ""GetSpellTargetX"", ""GetSpellTargetY"", ""GetTriggerUnit"", ""GetUnitAbilityLevel"", ""GroupEnumUnitsInRange"", ""GroupRemoveUnit"", ""I2R"", ""IsUnitEnemy"", ""IsUnitType"", ""Uk"", ""f9v"", ""fHv"", ""fgv"", ""hL""]",[],9
Fov,44453,44492,"[""A1A0""]","[""DT"", ""DisableTrigger"", ""FlushChildHashtable"", ""GetEventDamage"", ""GetEventDamageSource"", ""GetHandleId"", ""GetTriggerEventId"", ""GetTriggeringTrigger"", ""GetUnitAbilityLevel"", ""I2R"", ""LoadUnitHandle"", ""fHv"", ""fKv"", ""fgv"", ""hL""]",[],10
Fnv,44493,44506,[],"[""Condition"", ""CreateTrigger"", ""GetAttacker"", ""GetHandleId"", ""GetTriggerUnit"", ""SaveUnitHandle"", ""TriggerAddCondition"", ""TriggerRegisterTimerEvent"", ""TriggerRegisterUnitEvent""]","[""Fov""]",3
FVv,44507,44514,[],"[""Fnv"", ""GetAttacker"", ""GetHandleId"", ""LoadInteger"", ""TS""]",[],2
FEv,44515,44520,"[""A1A0""]","[""FVv"", ""GetAttacker"", ""GetHandleId"", ""GetOwningPlayer"", ""GetTriggerUnit"", ""GetTriggeringTrigger"", ""GetUnitAbilityLevel"", ""IsUnitEnemy"", ""IsUnitType"", ""LoadUnitHandle""]",[],1
FXv,44521,44529,[],"[""Condition"", ""CreateTrigger"", ""GetHandleId"", ""GetTriggerUnit"", ""Lz"", ""SaveUnitHandle"", ""TriggerAddCondition""]","[""FEv""]",1
FOv,44530,44541,"[""A19Y"", ""A19Z"", ""A1A1""]","[""Fvv"", ""GetSpellAbilityId"", ""f1v"", ""fmv""]",[],4
FRv,44542,44547,"[""A1A0""]","[""FXv"", ""GetLearnedSkill"", ""GetLearningUnit"", ""GetUnitAbilityLevel"", ""IsUnitIllusion""]",[],1
oy,44548,44564,"[""A1A3"", ""A1A4"", ""h04U"", ""h04V"", ""h04W""]","[""Condition"", ""CreateGroup"", ""CreateTimer"", ""CreateTrigger"", ""InitHashtable"", ""Lz"", ""Nl"", ""TimerStart"", ""TriggerAddCondition"", ""nl""]","[""FOv"", ""FRv"", ""fjv""]",6
FNv,44565,44584,"[""A025"", ""A0DK"", ""BTLF"", ""h00P""]","[""CreateUnit"", ""DestroyTimer"", ""FlushChildHashtable"", ""GetExpiredTimer"", ""GetHandleId"", ""GetOwningPlayer"", ""GetUnitAbilityLevel"", ""GetUnitX"", ""GetUnitY"", ""IssueImmediateOrderById"", ""LoadUnitHandle"", ""PauseTimer"", ""SetUnitAbilityLevel"", ""UnitAddAbility"", ""UnitApplyTimedLife""]",[],7
Fbv,44585,44636,"[""A025""]","[""CreateGroup"", ""CreateTimer"", ""DestroyGroup"", ""FirstOfGroup"", ""GetHandleId"", ""GetOwningPlayer"", ""GetRandomInt"", ""GetSpellAbilityUnit"", ""GetUnitAbilityLevel"", ""GetUnitX"", ""GetUnitY"", ""GetWidgetLife"", ""GroupEnumUnitsInRange"", ""GroupRemoveUnit"", ""IsUnitEnemy"", ""IsUnitType"", ""SaveUnitHandle"", ""TimerStart"", ""hL"", ""hl""]","[""FNv""]",21
Fcv,44637,44642,"[""A025""]","[""Fbv"", ""GetSpellAbilityId""]",[],1
FCv,44643,44691,"[""A0K4""]","[""AddSpecialEffectTarget"", ""CreateGroup"", ""DestroyEffect"", ""DestroyGroup"", ""FirstOfGroup"", ""GetExpiredTimer"", ""GetHandleId"", ""GetOwningPlayer"", ""GetRandomInt"", ""GetUnitAbilityLevel"", ""GetUnitX"", ""GetUnitY"", ""GetWidgetLife"", ""GroupEnumUnitsInRange"", ""GroupRemoveUnit"", ""IsUnitEnemy"", ""IssueTargetOrderById"", ""LoadEffectHandle"", ""LoadInteger"", ""LoadReal"", ""LoadUnitHandle"", ""RemoveUnit"", ""SaveEffectHandle"", ""SaveInteger"", ""fL"", ""hL"", ""tK""]",[],17
Fdv,44692,44732,"[""A02C"", ""A0ZV"", ""A0ZW"", ""h01O""]","[""AddSpecialEffectTarget"", ""Cm"", ""CreateTimer"", ""CreateUnit"", ""Deg2Rad"", ""GetHandleId"", ""GetOwningPlayer"", ""GetSpellAbilityUnit"", ""GetUnitAbilityLevel"", ""GetUnitFacing"", ""GetUnitX"", ""GetUnitY"", ""I2R"", ""LoadInteger"", ""R2I"", ""SaveEffectHandle"", ""SaveInteger"", ""SaveReal"", ""SaveUnitHandle"", ""StringHash"", ""TimerStart"", ""UnitAddAbility""]","[""FCv""]",19
Fgv,44733,44738,"[""A0ZV""]","[""Fdv"", ""GetSpellAbilityId""]",[],1
FGv,44739,44769,[],"[""DT"", ""DisableTrigger"", ""FlushChildHashtable"", ""GetEventDamage"", ""GetEventDamageSource"", ""GetHandleId"", ""GetTriggerEventId"", ""GetTriggeringTrigger"", ""LoadInteger"", ""LoadUnitHandle"", ""SaveInteger"", ""StringHash"", ""UL""]",[],6
Fhv,44770,44800,[],"[""Condition"", ""CreateTrigger"", ""DT"", ""FlushChildHashtable"", ""GetAttacker"", ""GetHandleId"", ""GetTriggerEventId"", ""GetTriggerUnit"", ""GetTriggeringTrigger"", ""GetWidgetX"", ""GetWidgetY"", ""I2S"", ""IsUnitType"", ""LoadInteger"", ""LoadUnitHandle"", ""SaveInteger"", ""SaveUnitHandle"", ""StringHash"", ""TriggerAddCondition"", ""TriggerRegisterTimerEvent"", ""TriggerRegisterUnitEvent"", ""UL"", ""ql""]","[""FGv""]",9
FHv,44801,44815,"[""A02C""]","[""Condition"", ""CreateTrigger"", ""GetHandleId"", ""GetTriggerUnit"", ""GetUnitAbilityLevel"", ""Lz"", ""SaveInteger"", ""SaveUnitHandle"", ""StringHash"", ""TriggerAddCondition"", ""TriggerRegisterTimerEvent"", ""TriggerRegisterUnitEvent""]","[""Fhv""]",4
Fjv,44816,44821,"[""A02C""]","[""FHv"", ""GetSpellAbilityId""]",[],1
Vy,44822,44837,"[""A0DK"", ""A0UH""]","[""Condition"", ""CreateTrigger"", ""Lz"", ""Nl"", ""TriggerAddCondition""]","[""Fcv"", ""Fgv"", ""Fjv""]",2
Flv,44838,44852,"[""A0FU"", ""B03F""]","[""GetAttacker"", ""GetHandleId"", ""GetTriggeringTrigger"", ""GetUnitAbilityLevel"", ""LoadUnitHandle"", ""hL""]",[],5
Fmv,44853,44865,[],"[""DT"", ""DestroyTimer"", ""FlushChildHashtable"", ""GetExpiredTimer"", ""GetHandleId"", ""LoadTriggerHandle"", ""PauseTimer""]",[],1
FMv,44866,44891,"[""A0FU"", ""A0G0"", ""h011""]","[""Condition"", ""CreateTimer"", ""CreateTrigger"", ""CreateUnit"", ""GetHandleId"", ""GetOwningPlayer"", ""GetSpellAbilityUnit"", ""GetSpellTargetX"", ""GetSpellTargetY"", ""GetUnitAbilityLevel"", ""IssueImmediateOrderById"", ""Lz"", ""SaveTriggerHandle"", ""SaveUnitHandle"", ""SetUnitAbilityLevel"", ""TimerStart"", ""TriggerAddCondition"", ""UnitAddAbility"", ""ZK""]","[""Flv"", ""Fmv""]",9
Fpv,44892,44897,"[""A0FU""]","[""FMv"", ""GetSpellAbilityId""]",[],1
FPv,44898,44944,"[""A08I"", ""A09Y"", ""A0G1"", ""B003"", ""B006"", ""B008"", ""B01F"", ""B03C"", ""B03G"", ""B03U"", ""B04C"", ""BEah"", ""BUts""]","[""CreateGroup"", ""DestroyGroup"", ""FirstOfGroup"", ""GetEventDamage"", ""GetEventDamageSource"", ""GetHandleId"", ""GetOwningPlayer"", ""GetTriggerUnit"", ""GetTriggeringTrigger"", ""GetUnitAbilityLevel"", ""GetUnitX"", ""GetUnitY"", ""GetWidgetLife"", ""GroupEnumUnitsInRange"", ""GroupRemoveUnit"", ""I2R"", ""IsUnitAlly"", ""IsUnitEnemy"", ""LoadUnitHandle"", ""fL"", ""hL""]",[],8
Fqv,44945,44957,"[""h011""]","[""Condition"", ""CreateTrigger"", ""CreateUnit"", ""GetHandleId"", ""GetLearningUnit"", ""GetOwningPlayer"", ""GetUnitX"", ""GetUnitY"", ""SaveUnitHandle"", ""TriggerAddCondition"", ""TriggerRegisterUnitEvent""]","[""FPv""]",3
FQv,44958,44963,"[""A0G1""]","[""Fqv"", ""GetLearnedSkill"", ""GetLearningUnit"", ""GetUnitAbilityLevel"", ""IsUnitIllusion""]",[],1
Fsv,44964,44975,"[""A0G2""]","[""AddSpecialEffectTarget"", ""DestroyEffect"", ""GetEventDamage"", ""GetRandomInt"", ""GetTriggerUnit"", ""GetUnitAbilityLevel"", ""GetWidgetLife"", ""I2R"", ""SetWidgetLife""]",[],3
FSv,44976,44983,[],"[""Condition"", ""CreateTrigger"", ""GetLearningUnit"", ""TriggerAddCondition"", ""TriggerRegisterUnitEvent""]","[""Fsv""]",0
Ftv,44984,44989,"[""A0G2""]","[""FSv"", ""GetLearnedSkill"", ""GetLearningUnit"", ""GetUnitAbilityLevel"", ""IsUnitIllusion""]",[],1
FTv,44990,45019,"[""A0G3"", ""A0G4"", ""h011""]","[""CreateGroup"", ""CreateTimer"", ""CreateUnit"", ""DestroyGroup"", ""FirstOfGroup"", ""GetHandleId"", ""GetOwningPlayer"", ""GetSpellAbilityUnit"", ""GetUnitAbilityLevel"", ""GetUnitX"", ""GetUnitY"", ""GetWidgetLife"", ""GroupEnumUnitsInRange"", ""GroupRemoveUnit"", ""IsUnitAlly"", ""IsUnitType"", ""IssueTargetOrderById"", ""SetUnitAbilityLevel"", ""UnitAddAbility"", ""ZK""]",[],8
Fuv,45020,45025,"[""A0G4""]","[""FTv"", ""GetSpellAbilityId""]",[],1
Ey,45026,45045,"[""A0G0"", ""A0G3""]","[""Condition"", ""CreateTrigger"", ""Lz"", ""Nl"", ""TriggerAddCondition""]","[""FQv"", ""Fpv"", ""Ftv"", ""Fuv""]",2
FYv,45046,45048,"[""O000""]","[""GetFilterUnit"", ""GetOwningPlayer"", ""GetPlayerId"", ""GetSpellAbilityUnit"", ""GetUnitTypeId"", ""GetWidgetLife"", ""IsUnitIllusion""]",[],1
Fzv,45049,45115,"[""A0LB"", ""A0P1"", ""O000"", ""h011""]","[""AddSpecialEffect"", ""Condition"", ""CreateGroup"", ""CreateUnit"", ""DestroyEffect"", ""DestroyGroup"", ""FirstOfGroup"", ""GetHandleId"", ""GetOwningPlayer"", ""GetSpellAbilityUnit"", ""GetUnitAbilityLevel"", ""GetUnitTypeId"", ""GetUnitX"", ""GetUnitY"", ""GetWidgetLife"", ""GroupAddUnit"", ""GroupEnumUnitsInRange"", ""GroupRemoveUnit"", ""I2S"", ""IsUnitEnemy"", ""IsUnitIllusion"", ""IsUnitInGroup"", ""IsUnitType"", ""IssueTargetOrderById"", ""LoadUnitHandle"", ""RemoveSavedHandle"", ""SaveUnitHandle"", ""SetUnitAbilityLevel"", ""SetUnitAnimationByIndex"", ""StringHash"", ""UnitAddAbility"", ""ZK"", ""hL""]","[""FYv""]",21
F_v,45116,45121,"[""A0LB""]","[""Fzv"", ""GetSpellAbilityId""]",[],1
F0v,45122,45130,"[""A0UQ""]","[""GetEnumUnit"", ""GetOwningPlayer"", ""GetUnitAbilityLevel"", ""SetPlayerAbilityAvailable"", ""SetUnitAbilityLevel"", ""UnitAddAbility""]",[],6
F1v,45131,45135,"[""A0UQ""]","[""GetEnumUnit"", ""GetUnitAbilityLevel"", ""UnitRemoveAbility""]",[],3
F2v,45136,45138,"[""A0K4""]","[""GetFilterUnit"", ""GetOwningPlayer"", ""GetUnitAbilityLevel"", ""GetWidgetLife"", ""IsUnitEnemy"", ""IsUnitType""]",[],2
F3v,45139,45141,"[""O000""]","[""GetFilterUnit"", ""GetOwningPlayer"", ""GetPlayerId"", ""GetUnitTypeId"", ""GetWidgetLife"", ""IsUnitIllusion""]",[],2
F4v,45142,45182,"[""A0BH""]","[""Condition"", ""CountUnitsInGroup"", ""CreateGroup"", ""DT"", ""DestroyGroup"", ""FlushChildHashtable"", ""ForGroup"", ""GetHandleId"", ""GetTriggeringTrigger"", ""GetUnitAbilityLevel"", ""GetUnitX"", ""GetUnitY"", ""GetWidgetLife"", ""GroupEnumUnitsInRange"", ""GroupRemoveGroup"", ""LoadGroupHandle"", ""LoadUnitHandle"", ""SaveGroupHandle""]","[""F0v"", ""F1v"", ""F2v"", ""F3v""]",25
F5v,45183,45193,[],"[""Condition"", ""CreateGroup"", ""CreateTrigger"", ""GetHandleId"", ""GetTriggerUnit"", ""SaveGroupHandle"", ""SaveUnitHandle"", ""TriggerAddCondition"", ""TriggerRegisterTimerEvent""]","[""F4v""]",5
F6v,45194,45199,"[""A0BH""]","[""F5v"", ""GetLearnedSkill"", ""GetTriggerUnit"", ""GetUnitAbilityLevel"", ""IsUnitIllusion""]",[],3
Xy,45200,45211,"[""A0P1"", ""A0UQ""]","[""Condition"", ""CreateTrigger"", ""Lz"", ""Nl"", ""TriggerAddCondition""]","[""F6v"", ""F_v""]",10
F9v,45212,45221,[],"[""GetExpiredTimer"", ""GetHandleId"", ""GetUnitX"", ""GetUnitY"", ""I2S"", ""LoadInteger"", ""LoadUnitHandle"", ""ql"", ""tK"", ""zl""]",[],4
gvv,45222,45238,"[""A0XR""]","[""CreateTimer"", ""GetHandleId"", ""GetUnitAbilityLevel"", ""GetUnitX"", ""GetUnitY"", ""I2R"", ""I2S"", ""IssueTargetOrderById"", ""SaveInteger"", ""SaveUnitHandle"", ""TimerStart"", ""ql"", ""zl""]","[""F9v""]",8
gev,45239,45336,[],"[""Cm"", ""Cos"", ""CreateGroup"", ""CreateTimer"", ""DestroyGroup"", ""FirstOfGroup"", ""GetExpiredTimer"", ""GetHandleId"", ""GetOwningPlayer"", ""GetUnitState"", ""GetUnitUserData"", ""GetUnitX"", ""GetUnitY"", ""GetWidgetLife"", ""GroupAddUnit"", ""GroupEnumUnitsInRange"", ""GroupRemoveUnit"", ""I2R"", ""I2S"", ""IsUnitAlly"", ""IsUnitEnemy"", ""IsUnitInGroup"", ""IsUnitType"", ""IssueTargetOrderById"", ""LoadBoolean"", ""LoadGroupHandle"", ""LoadInteger"", ""LoadReal"", ""LoadUnitHandle"", ""SaveBoolean"", ""SaveInteger"", ""SaveUnitHandle"", ""SetUnitAnimationByIndex"", ""SetUnitFacing"", ""SetUnitInvulnerable"", ""SetUnitPathing"", ""SetUnitX"", ""SetUnitY"", ""Sin"", ""StringHash"", ""TimerStart"", ""ZK"", ""gvv"", ""hL"", ""ql"", ""tK"", ""zl""]","[""F9v""]",35
gxv,45337,45373,"[""A0XQ"", ""A0XR"", ""h011""]","[""Atan2"", ""Cos"", ""CreateGroup"", ""CreateTimer"", ""CreateUnit"", ""Deg2Rad"", ""GetHandleId"", ""GetOwningPlayer"", ""GetTriggerUnit"", ""GetUnitAbilityLevel"", ""GetUnitFacing"", ""GetUnitX"", ""GetUnitY"", ""I2R"", ""SaveGroupHandle"", ""SaveInteger"", ""SaveReal"", ""SaveUnitHandle"", ""SetUnitAbilityLevel"", ""SetUnitAnimationByIndex"", ""SetUnitInvulnerable"", ""SetUnitPathing"", ""Sin"", ""TimerStart"", ""UnitAddAbility""]","[""gev""]",21
gov,45374,45379,"[""A0XR""]","[""GetSpellAbilityId"", ""gxv""]",[],1
grv,45380,45398,"[""A0XQ"", ""A0XR"", ""h011""]","[""CreateUnit"", ""GetExpiredTimer"", ""GetHandleId"", ""GetOwningPlayer"", ""GetUnitAbilityLevel"", ""GetUnitX"", ""GetUnitY"", ""IssueTargetOrderById"", ""LoadBoolean"", ""LoadUnitHandle"", ""SaveBoolean"", ""SetUnitAbilityLevel"", ""StringHash"", ""UnitAddAbility"", ""ZK"", ""tK""]",[],8
giv,45399,45410,"[""A022""]","[""CreateTimer"", ""GetHandleId"", ""GetTriggerUnit"", ""GetUnitAbilityLevel"", ""I2R"", ""SaveBoolean"", ""SaveUnitHandle"", ""StringHash"", ""TimerStart""]","[""grv""]",3
gav,45411,45416,"[""A022""]","[""GetSpellAbilityId"", ""giv""]",[],1
Oy,45417,45430,"[""A041"", ""A05P"", ""A0BU"", ""A0XQ""]","[""Condition"", ""CreateTrigger"", ""Lz"", ""Nl"", ""TriggerAddCondition""]","[""gav"", ""gov""]",4
gEv,45431,45454,"[""A0V3"", ""A0V4"", ""A0V5"", ""A0VD"", ""A0VE"", ""A0VF"", ""A128"", ""B07D""]","[""GetExpiredTimer"", ""GetHandleId"", ""LoadInteger"", ""LoadReal"", ""LoadUnitHandle"", ""SaveInteger"", ""UnitRemoveAbility"", ""qK"", ""tK""]",[],14
gOv,45455,45470,[],"[""GetExpiredTimer"", ""GetHandleId"", ""LoadInteger"", ""LoadReal"", ""LoadUnitHandle"", ""SaveInteger"", ""qK"", ""tK""]",[],6
gRv,45471,45486,[],"[""CreateTimer"", ""GetExpiredTimer"", ""GetHandleId"", ""LoadUnitHandle"", ""SaveReal"", ""SaveUnitHandle"", ""TimerStart"", ""tK""]","[""gEv""]",4
gIv,45487,45523,"[""A0V3"", ""A0V4"", ""A0V5"", ""A0VB"", ""A0VD"", ""A0VE"", ""A0VF"", ""A128""]","[""CreateTimer"", ""GetHandleId"", ""GetOwningPlayer"", ""GetSpellAbilityUnit"", ""GetUnitAbilityLevel"", ""SaveReal"", ""SaveUnitHandle"", ""SetPlayerAbilityAvailable"", ""SetUnitAbilityLevel"", ""TimerStart"", ""UnitAddAbility"", ""UnitRemoveAbility"", ""UnitRemoveBuffs""]","[""gOv"", ""gRv""]",22
gAv,45524,45529,"[""A0VB""]","[""GetSpellAbilityId"", ""gIv""]",[],1
gNv,45530,45544,[],"[""GetExpiredTimer"", ""GetHandleId"", ""GetWidgetLife"", ""LoadInteger"", ""LoadReal"", ""LoadUnitHandle"", ""SaveInteger"", ""fL"", ""tK""]",[],5
gbv,45545,45573,"[""A06Q"", ""A0K4"", ""h011""]","[""AddSpecialEffect"", ""ConvertUnitType"", ""CreateTimer"", ""CreateUnit"", ""DestroyEffect"", ""GetHandleId"", ""GetOwningPlayer"", ""GetSpellAbilityUnit"", ""GetSpellTargetUnit"", ""GetUnitAbilityLevel"", ""GetUnitUserData"", ""GetUnitX"", ""GetUnitY"", ""I2R"", ""IsUnitIllusion"", ""IsUnitType"", ""RemoveUnit"", ""SaveInteger"", ""SaveReal"", ""SaveUnitHandle"", ""TimerStart"", ""fL"", ""hL""]","[""gNv""]",9
gCv,45574,45579,"[""A06Q""]","[""GetSpellAbilityId"", ""GetSpellTargetUnit"", ""OL"", ""gbv""]",[],1
gdv,45580,45607,"[""A0FE""]","[""CreateGroup"", ""DestroyGroup"", ""FirstOfGroup"", ""GetHandleId"", ""GetHeroStr"", ""GetOwningPlayer"", ""GetTriggeringTrigger"", ""GetUnitAbilityLevel"", ""GetUnitX"", ""GetUnitY"", ""GetWidgetLife"", ""GroupEnumUnitsInRange"", ""GroupRemoveUnit"", ""IsUnitAlly"", ""IsUnitHidden"", ""IsUnitType"", ""LoadUnitHandle"", ""Uk"", ""fL""]",[],5
gDv,45608,45626,"[""A0FE""]","[""Condition"", ""CreateTrigger"", ""GetHandleId"", ""GetHeroStr"", ""GetLearnedSkill"", ""GetLearningUnit"", ""GetUnitAbilityLevel"", ""IsUnitIllusion"", ""SaveUnitHandle"", ""SetHeroStr"", ""TriggerAddCondition"", ""TriggerRegisterTimerEvent""]","[""gdv""]",6
gfv,45627,45636,[],"[""DisplayTextToPlayer"", ""GetHandleId"", ""GetOwningPlayer"", ""GetTriggeringTrigger"", ""I2S"", ""LoadInteger"", ""LoadUnitHandle"", ""StringHash""]",[],2
gFv,45637,45673,[],"[""AddSpecialEffectTarget"", ""DT"", ""DestroyEffect"", ""DisableTrigger"", ""FlushChildHashtable"", ""GetEventDamage"", ""GetEventDamageSource"", ""GetHandleId"", ""GetHeroStr"", ""GetTriggerEventId"", ""GetTriggeringTrigger"", ""GetWidgetX"", ""GetWidgetY"", ""I2S"", ""LoadInteger"", ""LoadReal"", ""LoadUnitHandle"", ""SaveInteger"", ""SaveReal"", ""SetHeroStr"", ""StringHash"", ""ql""]",[],8
ghv,45674,45687,[],"[""Condition"", ""CreateTrigger"", ""GetAttacker"", ""GetHandleId"", ""GetTriggerUnit"", ""SaveUnitHandle"", ""TriggerAddCondition"", ""TriggerRegisterTimerEvent"", ""TriggerRegisterUnitEvent""]","[""gFv""]",3
gHv,45688,45695,[],"[""GetAttacker"", ""GetHandleId"", ""LoadInteger"", ""TS"", ""ghv""]",[],2
gjv,45696,45701,"[""A06S""]","[""GetAttacker"", ""GetHandleId"", ""GetOwningPlayer"", ""GetTriggerUnit"", ""GetTriggeringTrigger"", ""GetUnitAbilityLevel"", ""IsUnitEnemy"", ""IsUnitType"", ""LoadUnitHandle"", ""gHv""]",[],1
gJv,45702,45718,[],"[""Condition"", ""CreateTrigger"", ""DisplayTextToPlayer"", ""GetHandleId"", ""GetOwningPlayer"", ""GetTriggerUnit"", ""Lz"", ""SaveUnitHandle"", ""TriggerAddCondition"", ""TriggerRegisterPlayerChatEvent""]","[""gfv"", ""gjv""]",3
gkv,45719,45724,"[""A06S""]","[""GetLearnedSkill"", ""GetTriggerUnit"", ""GetUnitAbilityLevel"", ""IsUnitIllusion"", ""gJv""]",[],1
Ry,45725,45748,"[""A0V4"", ""A0V5"", ""A0VD"", ""A0VE"", ""A0VF"", ""A0VJ""]","[""Condition"", ""CreateTrigger"", ""Lz"", ""Nl"", ""TriggerAddCondition""]","[""gAv"", ""gCv"", ""gDv"", ""gkv""]",6
gMv,45749,45771,"[""A04N""]","[""CreateGroup"", ""DestroyGroup"", ""FirstOfGroup"", ""GetOwningPlayer"", ""GetSpellAbilityUnit"", ""GetUnitAbilityLevel"", ""GetUnitX"", ""GetUnitY"", ""GetWidgetLife"", ""GroupEnumUnitsInRange"", ""GroupRemoveUnit"", ""IsUnitEnemy"", ""IsUnitType"", ""hL""]",[],5
gpv,45772,45777,"[""A04N""]","[""GetSpellAbilityId"", ""gMv""]",[],1
gPv,45778,45786,"[""A0AG""]","[""GetExpiredTimer"", ""GetHandleId"", ""LoadUnitHandle"", ""UnitRemoveAbility"", ""tK""]",[],2
gqv,45787,45812,"[""A04Q"", ""A0AG"", ""B07M""]","[""CreateTimer"", ""GetExpiredTimer"", ""GetHandleId"", ""GetUnitAbilityLevel"", ""I2R"", ""LoadInteger"", ""LoadUnitHandle"", ""SaveInteger"", ""SaveUnitHandle"", ""SetUnitAbilityLevel"", ""TimerStart"", ""UnitAddAbility"", ""hL"", ""tK""]","[""gPv""]",11
gQv,45813,45826,"[""A04Q""]","[""CreateTimer"", ""GetHandleId"", ""GetSpellAbilityUnit"", ""GetSpellTargetUnit"", ""GetUnitAbilityLevel"", ""SaveInteger"", ""SaveUnitHandle"", ""TimerStart""]","[""gqv""]",5
gsv,45827,45832,"[""A04Q""]","[""GetSpellAbilityId"", ""GetSpellTargetUnit"", ""OL"", ""gQv""]",[],1
gSv,45833,45877,"[""A04O""]","[""Cm"", ""CreateGroup"", ""DT"", ""DestroyGroup"", ""DisableTrigger"", ""FirstOfGroup"", ""FlushChildHashtable"", ""GetEventDamage"", ""GetEventDamageSource"", ""GetHandleId"", ""GetOwningPlayer"", ""GetTriggerEventId"", ""GetTriggeringTrigger"", ""GetUnitAbilityLevel"", ""GetUnitX"", ""GetUnitY"", ""GetWidgetLife"", ""GroupEnumUnitsInRange"", ""GroupRemoveUnit"", ""IsUnitEnemy"", ""LoadUnitHandle"", ""hL""]",[],12
gtv,45878,45894,[],"[""Condition"", ""CreateTrigger"", ""GetAttacker"", ""GetHandleId"", ""GetTriggerUnit"", ""GetTriggeringTrigger"", ""LoadUnitHandle"", ""SaveUnitHandle"", ""TriggerAddCondition"", ""TriggerRegisterTimerEvent"", ""TriggerRegisterUnitEvent""]","[""gSv""]",5
gTv,45895,45902,[],"[""GetAttacker"", ""GetHandleId"", ""LoadInteger"", ""TS"", ""gtv""]",[],2
guv,45903,45908,"[""A04O""]","[""GetAttacker"", ""GetHandleId"", ""GetOwningPlayer"", ""GetTriggerUnit"", ""GetTriggeringTrigger"", ""GetUnitAbilityLevel"", ""IsUnitEnemy"", ""IsUnitType"", ""LoadUnitHandle"", ""gTv""]",[],1
gUv,45909,45921,"[""h011""]","[""Condition"", ""CreateTrigger"", ""CreateUnit"", ""GetHandleId"", ""GetOwningPlayer"", ""GetTriggerUnit"", ""GetUnitX"", ""GetUnitY"", ""Lz"", ""SaveUnitHandle"", ""TriggerAddCondition""]","[""guv""]",3
gwv,45922,45927,"[""A04O""]","[""GetLearnedSkill"", ""GetTriggerUnit"", ""GetUnitAbilityLevel"", ""IsUnitIllusion"", ""gUv""]",[],1
gWv,45928,45934,[],"[""Cos"", ""GetUnitX"", ""GetUnitY"", ""SetUnitPosition"", ""Sin"", ""eL""]",[],2
gyv,45935,46018,[],"[""AddSpecialEffectLoc"", ""Cos"", ""CreateGroup"", ""DestroyEffect"", ""DestroyGroup"", ""FirstOfGroup"", ""GetExpiredTimer"", ""GetHandleId"", ""GetLocationX"", ""GetLocationY"", ""GetOwningPlayer"", ""GetUnitLoc"", ""GetWidgetLife"", ""GroupAddUnit"", ""GroupEnumUnitsInRange"", ""GroupRemoveUnit"", ""IsUnitEnemy"", ""IsUnitInGroup"", ""IsUnitType"", ""KillUnit"", ""LoadBoolean"", ""LoadGroupHandle"", ""LoadInteger"", ""LoadReal"", ""LoadUnitHandle"", ""RemoveLocation"", ""RemoveUnit"", ""SaveBoolean"", ""SaveReal"", ""SetUnitFacing"", ""SetUnitPosition"", ""Sin"", ""gWv"", ""hL"", ""tK""]",[],35
gZv,46019,46067,"[""n09Q""]","[""AddSpecialEffectTarget"", ""Cos"", ""CreateGroup"", ""CreateTimer"", ""CreateUnitAtLoc"", ""DestroyEffect"", ""GetHandleId"", ""GetLocationX"", ""GetLocationY"", ""GetOwningPlayer"", ""Location"", ""PauseUnit"", ""RemoveLocation"", ""SaveBoolean"", ""SaveGroupHandle"", ""SaveInteger"", ""SaveReal"", ""SaveUnitHandle"", ""SetUnitAnimationByIndex"", ""SetUnitX"", ""SetUnitY"", ""Sin"", ""TimerStart""]","[""gyv""]",32
Giv,46068,46098,[],"[""GetExpiredTimer"", ""GetHandleId"", ""GetLocationX"", ""GetLocationY"", ""GetOwningPlayer"", ""LoadInteger"", ""LoadLocationHandle"", ""LoadReal"", ""LoadUnitHandle"", ""Location"", ""SaveReal"", ""gZv"", ""tK""]",[],15
GRv,46099,46137,"[""A0XE""]","[""Cos"", ""CreateTimer"", ""GetHandleId"", ""GetSpellTargetX"", ""GetSpellTargetY"", ""GetTriggerUnit"", ""GetUnitAbilityLevel"", ""GetUnitFacing"", ""GetUnitX"", ""GetUnitY"", ""I2R"", ""Location"", ""SaveInteger"", ""SaveLocationHandle"", ""SaveReal"", ""SaveUnitHandle"", ""Sin"", ""TimerStart"", ""yP""]","[""Giv""]",17
GBv,46138,46143,"[""A0XE""]","[""GRv"", ""GetSpellAbilityId""]",[],1
Iy,46144,46162,"[""A0AG""]","[""Condition"", ""CreateTrigger"", ""Lz"", ""Nl"", ""TriggerAddCondition""]","[""GBv"", ""gpv"", ""gsv"", ""gwv""]",1
Gfv,46163,46212,"[""A0LJ"", ""A0LK"", ""A0LL"", ""A0LM"", ""A0LN"", ""A0LO"", ""A0LP"", ""A0LQ"", ""A0LR"", ""A0LS"", ""B058"", ""B059"", ""B05A"", ""B05B"", ""B05C"", ""B05D"", ""B05E"", ""B05F"", ""B05G"", ""BTLF"", ""h011""]","[""CreateGroup"", ""CreateUnit"", ""DestroyGroup"", ""FirstOfGroup"", ""GetOwningPlayer"", ""GetUnitAbilityLevel"", ""GetUnitX"", ""GetUnitY"", ""GetWidgetLife"", ""GroupEnumUnitsInRange"", ""GroupRemoveUnit"", ""IsUnitAlly"", ""IssueTargetOrderById"", ""UnitAddAbility"", ""UnitApplyTimedLife""]",[],26
GFv,46213,46215,[],"[""SetUnitVertexColor""]",[],1
Ggv,46216,46252,[],"[""GFv"", ""GetHandleId"", ""GetLocalPlayer"", ""GetOwningPlayer"", ""GetTriggeringTrigger"", ""GetUnitFlyHeight"", ""GetUnitX"", ""GetUnitY"", ""I2S"", ""IsUnitHidden"", ""LoadInteger"", ""LoadReal"", ""LoadUnitHandle"", ""SaveInteger"", ""SaveReal"", ""SetTextTagColor"", ""SetTextTagPos"", ""SetTextTagText"", ""SetTextTagVisibility"", ""Uk"", ""xK""]",[],13
Ghv,46253,46305,"[""A02Z""]","[""AddSpecialEffectTarget"", ""Cm"", ""CreateGroup"", ""DestroyEffect"", ""DestroyGroup"", ""DisableTrigger"", ""EnableTrigger"", ""FirstOfGroup"", ""GFv"", ""GetEventDamage"", ""GetEventDamageSource"", ""GetHandleId"", ""GetOwningPlayer"", ""GetTriggerUnit"", ""GetTriggeringTrigger"", ""GetUnitAbilityLevel"", ""GetUnitUserData"", ""GetUnitX"", ""GetUnitY"", ""GetWidgetLife"", ""Gfv"", ""GroupEnumUnitsInRange"", ""GroupRemoveUnit"", ""IsUnitEnemy"", ""IsUnitType"", ""LoadBoolean"", ""LoadInteger"", ""LoadUnitHandle"", ""SaveInteger"", ""SaveReal"", ""hL""]",[],15
Gjv,46306,46329,"[""h011""]","[""Condition"", ""CreateTextTag"", ""CreateTrigger"", ""CreateUnit"", ""GetHandleId"", ""GetLearningUnit"", ""GetOwningPlayer"", ""GetUnitX"", ""GetUnitY"", ""SaveBoolean"", ""SaveInteger"", ""SaveReal"", ""SaveUnitHandle"", ""SetTextTagPermanent"", ""TriggerAddAction"", ""TriggerAddCondition"", ""TriggerRegisterTimerEvent"", ""TriggerRegisterUnitEvent"", ""xK""]","[""Ggv"", ""Ghv""]",7
GJv,46330,46335,"[""A02Z""]","[""GetLearnedSkill"", ""GetLearningUnit"", ""GetUnitAbilityLevel"", ""Gjv"", ""IsUnitIllusion""]",[],1
Gkv,46336,46369,"[""A0LI""]","[""DestroyGroup"", ""FirstOfGroup"", ""GetExpiredTimer"", ""GetHandleId"", ""GetOwningPlayer"", ""GetUnitAbilityLevel"", ""GetWidgetLife"", ""Gl"", ""GroupRemoveUnit"", ""I2R"", ""IsUnitEnemy"", ""IsUnitType"", ""LoadGroupHandle"", ""LoadInteger"", ""LoadUnitHandle"", ""SaveInteger"", ""hL"", ""tK""]",[],9
GKv,46370,46402,[],"[""CreateGroup"", ""CreateTimer"", ""DestroyGroup"", ""FirstOfGroup"", ""GetHandleId"", ""GetOwningPlayer"", ""GetSpellAbilityUnit"", ""GetUnitState"", ""GetUnitX"", ""GetUnitY"", ""GetWidgetLife"", ""Gfv"", ""Gl"", ""GroupEnumUnitsInRange"", ""GroupRemoveUnit"", ""IsUnitEnemy"", ""IsUnitType"", ""SaveGroupHandle"", ""SaveInteger"", ""SaveUnitHandle"", ""TimerStart"", ""hL""]","[""Gkv""]",9
GLv,46403,46436,[],"[""CreateGroup"", ""DestroyGroup"", ""FirstOfGroup"", ""GetExpiredTimer"", ""GetHandleId"", ""GetOwningPlayer"", ""GetUnitX"", ""GetUnitY"", ""GetWidgetLife"", ""GroupEnumUnitsInRange"", ""GroupRemoveUnit"", ""IsUnitEnemy"", ""IssueTargetOrderById"", ""LoadInteger"", ""LoadUnitHandle"", ""RemoveUnit"", ""SaveInteger"", ""tK""]",[],8
Gmv,46437,46459,"[""A0JL"", ""A125"", ""h011""]","[""CreateTimer"", ""CreateUnit"", ""GetHandleId"", ""GetOwningPlayer"", ""GetSpellAbilityUnit"", ""GetUnitAbilityLevel"", ""GetUnitX"", ""GetUnitY"", ""Gfv"", ""SaveInteger"", ""SaveUnitHandle"", ""SetUnitAbilityLevel"", ""TimerStart"", ""UnitAddAbility""]","[""GLv""]",9
GMv,46460,46468,"[""A0JL"", ""A0LI""]","[""GKv"", ""GetSpellAbilityId"", ""Gmv""]",[],2
Ay,46469,46479,"[""A0IV""]","[""Condition"", ""CreateTrigger"", ""Lz"", ""Nl"", ""TriggerAddCondition""]","[""GJv"", ""GMv""]",1
Gqv,46480,46488,"[""A0EO""]","[""GetExpiredTimer"", ""GetHandleId"", ""LoadUnitHandle"", ""UnitRemoveAbility"", ""tK""]",[],2
GQv,46489,46540,"[""A0EO"", ""A0JI"", ""A0Y7"", ""h011""]","[""Atan2"", ""Cos"", ""CreateTimer"", ""CreateUnit"", ""GetExpiredTimer"", ""GetHandleId"", ""GetOwningPlayer"", ""GetUnitAbilityLevel"", ""GetUnitX"", ""GetUnitY"", ""IssueTargetOrderById"", ""KillUnit"", ""LoadBoolean"", ""LoadReal"", ""LoadUnitHandle"", ""RemoveUnit"", ""SaveReal"", ""SaveUnitHandle"", ""SetUnitAbilityLevel"", ""SetUnitX"", ""SetUnitY"", ""Sin"", ""SquareRoot"", ""StringHash"", ""TimerStart"", ""UnitAddAbility"", ""ZK"", ""tK""]","[""Gqv""]",23
Gsv,46541,46583,"[""h02Q""]","[""Atan2"", ""Cos"", ""CreateTimer"", ""CreateUnit"", ""GetExpiredTimer"", ""GetHandleId"", ""GetOwningPlayer"", ""GetUnitX"", ""GetUnitY"", ""KillUnit"", ""LoadReal"", ""LoadUnitHandle"", ""RemoveUnit"", ""SaveReal"", ""SaveUnitHandle"", ""SetUnitFlyHeight"", ""SetUnitPathing"", ""SetUnitX"", ""SetUnitY"", ""Sin"", ""SquareRoot"", ""TimerStart"", ""tK""]","[""GQv""]",22
GSv,46584,46618,"[""h02P""]","[""Atan2"", ""Cos"", ""CreateTimer"", ""CreateUnit"", ""GetHandleId"", ""GetOwningPlayer"", ""GetRandomReal"", ""GetUnitX"", ""GetUnitY"", ""Rad2Deg"", ""SaveReal"", ""SaveUnitHandle"", ""SetUnitFlyHeight"", ""SetUnitPathing"", ""Sin"", ""TimerStart""]","[""Gsv""]",21
Gtv,46619,46676,"[""A09K"", ""A0DO"", ""A0JI"", ""h011""]","[""Atan2"", ""Cos"", ""CreateGroup"", ""CreateUnit"", ""DestroyGroup"", ""FirstOfGroup"", ""GSv"", ""GetExpiredTimer"", ""GetHandleId"", ""GetOwningPlayer"", ""GetUnitAbilityLevel"", ""GetUnitX"", ""GetUnitY"", ""GetWidgetLife"", ""GroupEnumUnitsInRange"", ""GroupRemoveUnit"", ""I2R"", ""IsUnitEnemy"", ""IsUnitType"", ""IssueTargetOrderById"", ""KillUnit"", ""LoadReal"", ""LoadUnitHandle"", ""RemoveUnit"", ""SaveReal"", ""SetUnitAbilityLevel"", ""SetUnitX"", ""SetUnitY"", ""Sin"", ""SquareRoot"", ""UnitAddAbility"", ""UnitRemoveAbility"", ""ZK"", ""hL"", ""tK""]",[],29
GTv,46677,46700,"[""h02P""]","[""Atan2"", ""CreateTimer"", ""CreateUnit"", ""GetHandleId"", ""GetOwningPlayer"", ""GetSpellAbilityUnit"", ""GetSpellTargetUnit"", ""GetUnitX"", ""GetUnitY"", ""Rad2Deg"", ""SaveReal"", ""SaveUnitHandle"", ""SetUnitFlyHeight"", ""SetUnitPathing"", ""TimerStart""]","[""Gtv""]",11
Guv,46701,46706,"[""A0JI""]","[""GTv"", ""GetSpellAbilityId"", ""GetSpellTargetUnit"", ""OL""]",[],1
GUv,46707,46724,"[""A0Y8""]","[""GetExpiredTimer"", ""GetHandleId"", ""GetUnitAbilityLevel"", ""GetUnitCurrentOrder"", ""GetUnitState"", ""GetWidgetLife"", ""LoadReal"", ""LoadUnitHandle"", ""SaveBoolean"", ""SaveReal"", ""SetUnitInvulnerable"", ""StringHash"", ""fL"", ""tK""]",[],6
Gwv,46725,46737,[],"[""CreateTimer"", ""GetHandleId"", ""GetSpellAbilityUnit"", ""SaveBoolean"", ""SaveReal"", ""SaveUnitHandle"", ""SetUnitInvulnerable"", ""StringHash"", ""TimerStart""]","[""GUv""]",4
GWv,46738,46743,"[""A0Y8""]","[""GetSpellAbilityId"", ""Gwv""]",[],1
Gyv,46744,46754,"[""A0AK""]","[""GetExpiredTimer"", ""GetHandleId"", ""LoadInteger"", ""LoadUnitHandle"", ""SaveInteger"", ""SetUnitAbilityLevel"", ""StringHash"", ""tK""]",[],4
GYv,46755,46772,"[""A0AK"", ""A0AL""]","[""CreateTimer"", ""GetHandleId"", ""GetTriggerUnit"", ""GetUnitAbilityLevel"", ""LoadInteger"", ""SaveInteger"", ""SaveUnitHandle"", ""SetUnitAbilityLevel"", ""StringHash"", ""TimerStart""]","[""Gyv""]",8
Gzv,46773,46778,"[""A0AL"", ""H00M""]","[""GYv"", ""GetTriggerUnit"", ""GetUnitAbilityLevel"", ""GetUnitTypeId""]",[],1
GZv,46779,46788,"[""A0AK""]","[""Condition"", ""CreateTrigger"", ""GetHandleId"", ""GetLearningUnit"", ""SaveInteger"", ""StringHash"", ""TriggerAddCondition"", ""TriggerRegisterUnitEvent"", ""UnitAddAbility""]","[""Gzv""]",2
G_v,46789,46794,"[""A0AL""]","[""GZv"", ""GetLearnedSkill"", ""GetLearningUnit"", ""GetUnitAbilityLevel"", ""IsUnitIllusion""]",[],1
G0v,46795,46821,"[""A0AT"", ""A0EN"", ""h011""]","[""CreateGroup"", ""CreateUnit"", ""DestroyGroup"", ""FirstOfGroup"", ""GetOwningPlayer"", ""GetSpellAbilityUnit"", ""GetSpellTargetX"", ""GetSpellTargetY"", ""GetUnitAbilityLevel"", ""GetWidgetLife"", ""GroupEnumUnitsInRange"", ""GroupRemoveUnit"", ""I2R"", ""IsUnitEnemy"", ""IsUnitType"", ""IssueImmediateOrderById"", ""SetUnitAbilityLevel"", ""UnitAddAbility"", ""ZK"", ""hL""]",[],10
G1v,46822,46827,"[""A0AT""]","[""G0v"", ""GetSpellAbilityId""]",[],3
Ny,46828,46853,"[""A09K"", ""A0AK"", ""A0DO"", ""A0EN"", ""A0EO"", ""A0Y7"", ""h02P"", ""h02Q""]","[""Condition"", ""CreateTrigger"", ""Lz"", ""Nl"", ""TriggerAddCondition"", ""nl""]","[""G1v"", ""GWv"", ""G_v"", ""Guv""]",24
G6v,46854,46959,"[""A03E"", ""A046"", ""A047"", ""A04E"", ""A04T"", ""A05Y"", ""A05Z"", ""A064"", ""A068"", ""A069"", ""A06O"", ""A06V"", ""A06Z"", ""A073"", ""A074"", ""A075"", ""A078"", ""A07A"", ""A09S"", ""A0AN"", ""A0AY"", ""A0B0"", ""A0B1"", ""A0G6"", ""A0G7"", ""A0GQ"", ""A0GY"", ""A0GZ"", ""A0H1"", ""A0H3"", ""A0H4"", ""A0H6"", ""A0H7"", ""A0NG"", ""A0QY"", ""A0R4"", ""A0R5"", ""A0RA"", ""A0RB"", ""A0RX"", ""A0RY"", ""A0TR"", ""A11D"", ""A11E"", ""A11G"", ""A11H"", ""A11K"", ""A11L"", ""A1D9"", ""A1DB"", ""A1DD"", ""A1DI"", ""ACpu"", ""ACsw"", ""Asum""]","[""UnitAddAbility"", ""UnitRemoveAbility""]",[],77
G8v,46960,46962,[],"[""GetFilterUnit"", ""GetOwningPlayer"", ""GetSpellAbilityUnit"", ""GetWidgetLife"", ""IsUnitEnemy"", ""IsUnitType""]",[],2
G9v,46963,47019,"[""Abun"", ""B05O""]","[""Cos"", ""DestroyGroup"", ""FirstOfGroup"", ""GetExpiredTimer"", ""GetHandleId"", ""GetRandomReal"", ""GetUnitX"", ""GetUnitY"", ""GetWidgetLife"", ""Gl"", ""GroupRemoveUnit"", ""IssueImmediateOrderById"", ""IssuePointOrderById"", ""LoadGroupHandle"", ""LoadReal"", ""LoadUnitHandle"", ""SaveReal"", ""SetUnitPathing"", ""Sin"", ""UnitRemoveAbility"", ""hL"", ""tK""]",[],20
hev,47020,47090,"[""A0IM"", ""A0MY"", ""A0N2"", ""Abun"", ""BTLF"", ""h011""]","[""AddSpecialEffect"", ""Condition"", ""Cos"", ""CreateGroup"", ""CreateTimer"", ""CreateUnit"", ""DestroyEffect"", ""DestroyGroup"", ""FirstOfGroup"", ""GetHandleId"", ""GetOwningPlayer"", ""GetRandomReal"", ""GetSpellAbilityId"", ""GetSpellAbilityUnit"", ""GetSpellTargetX"", ""GetSpellTargetY"", ""GetUnitAbilityLevel"", ""GetUnitUserData"", ""GetUnitX"", ""GetUnitY"", ""Gl"", ""GroupEnumUnitsInRange"", ""GroupRemoveUnit"", ""IsUnitType"", ""IssueImmediateOrderById"", ""IssuePointOrderById"", ""IssueTargetOrderById"", ""Player"", ""SaveGroupHandle"", ""SaveReal"", ""SaveUnitHandle"", ""SetUnitAbilityLevel"", ""SetUnitPathing"", ""Sin"", ""TimerStart"", ""UnitAddAbility"", ""UnitApplyTimedLife"", ""hL""]","[""G8v"", ""G9v""]",32
hxv,47091,47096,"[""A0IM"", ""A0MY""]","[""GetSpellAbilityId"", ""hev""]",[],1
hov,47097,47141,"[""A0MZ"", ""B05P""]","[""CreateGroup"", ""DT"", ""DestroyGroup"", ""DisableTrigger"", ""FirstOfGroup"", ""FlushChildHashtable"", ""GetEventDamageSource"", ""GetHandleId"", ""GetOwningPlayer"", ""GetTriggerEventId"", ""GetTriggerUnit"", ""GetTriggeringTrigger"", ""GetUnitAbilityLevel"", ""GetUnitState"", ""GetUnitX"", ""GetUnitY"", ""GetWidgetLife"", ""GroupEnumUnitsInRange"", ""GroupRemoveUnit"", ""IsUnitEnemy"", ""LoadUnitHandle"", ""UnitRemoveAbility"", ""hL""]",[],9
hav,47142,47163,[],"[""Condition"", ""CreateTrigger"", ""GetAttacker"", ""GetHandleId"", ""GetSpellTargetUnit"", ""GetTriggerEventId"", ""GetTriggerUnit"", ""IsUnitIllusion"", ""SaveUnitHandle"", ""TriggerAddCondition"", ""TriggerRegisterTimerEvent"", ""TriggerRegisterUnitEvent""]","[""hov""]",2
hnv,47164,47179,"[""A0MZ""]","[""GetAttacker"", ""GetHandleId"", ""GetIssuedOrderId"", ""GetSpellAbilityId"", ""GetTriggerEventId"", ""GetTriggerUnit"", ""GetTriggeringTrigger"", ""GetUnitAbilityLevel"", ""IsUnitType"", ""LoadBoolean"", ""LoadUnitHandle"", ""SaveBoolean"", ""hav""]",[],6
hVv,47180,47190,[],"[""Condition"", ""CreateTrigger"", ""GetHandleId"", ""GetTriggerUnit"", ""Lz"", ""SaveUnitHandle"", ""TriggerAddCondition"", ""TriggerRegisterUnitEvent""]","[""hnv""]",1
hEv,47191,47196,"[""A0MZ""]","[""GetLearnedSkill"", ""GetTriggerUnit"", ""GetUnitAbilityLevel"", ""IsUnitIllusion"", ""hVv""]",[],1
hXv,47197,47237,[],"[""CreateGroup"", ""DestroyGroup"", ""FirstOfGroup"", ""GetExpiredTimer"", ""GetHandleId"", ""GetUnitState"", ""GetWidgetLife"", ""GroupAddGroup"", ""GroupRemoveUnit"", ""KillUnit"", ""LoadGroupHandle"", ""SetUnitState"", ""tK""]",[],4
hRv,47238,47308,"[""n066""]","[""AddSpecialEffectTarget"", ""Cos"", ""CreateTimer"", ""DestroyEffect"", ""G6v"", ""GetExpiredTimer"", ""GetHandleId"", ""GetHeroInt"", ""GetOwningPlayer"", ""GroupAddUnit"", ""LoadBoolean"", ""LoadGroupHandle"", ""LoadInteger"", ""LoadReal"", ""LoadUnitHandle"", ""ModuloInteger"", ""OW"", ""RemoveUnit"", ""SaveGroupHandle"", ""SetUnitVertexColor"", ""Sin"", ""TimerStart"", ""tK""]","[""hXv""]",36
hcv,47309,47343,"[""A0N1"", ""A0N3"", ""n03X""]","[""CreateGroup"", ""CreateTimer"", ""CreateUnit"", ""GetHandleId"", ""GetOwningPlayer"", ""GetSpellAbilityId"", ""GetSpellTargetX"", ""GetSpellTargetY"", ""GetTriggerUnit"", ""GetUnitAbilityLevel"", ""SaveBoolean"", ""SaveGroupHandle"", ""SaveInteger"", ""SaveReal"", ""SaveUnitHandle"", ""TimerStart""]","[""hRv""]",17
hCv,47344,47349,"[""A0N1"", ""A0N3""]","[""GetSpellAbilityId"", ""hcv""]",[],1
hdv,47350,47366,"[""A0N7"", ""A0N8""]","[""AddSpecialEffectTarget"", ""DestroyEffect"", ""GetSpellAbilityId"", ""GetSpellAbilityUnit"", ""GetSpellTargetUnit"", ""GetUnitAbilityLevel"", ""GetUnitState"", ""SetUnitState""]",[],4
hDv,47367,47372,"[""A0N7"", ""A0N8""]","[""GetSpellAbilityId"", ""hdv""]",[],1
hfv,47373,47389,"[""A0K4"", ""A0N6"", ""A0N7"", ""A0N8""]","[""GetEnteringUnit"", ""GetHandleId"", ""GetOwningPlayer"", ""GetTriggeringTrigger"", ""GetUnitAbilityLevel"", ""IsUnitType"", ""LoadUnitHandle"", ""R2I"", ""SetUnitAbilityLevel"", ""UnitAddAbility"", ""zl""]",[],8
hFv,47390,47405,[],"[""Condition"", ""CreateRegion"", ""CreateTrigger"", ""GetHandleId"", ""GetOwningPlayer"", ""GetPlayerId"", ""GetTriggerUnit"", ""GetWorldBounds"", ""Player"", ""RegionAddRect"", ""SaveUnitHandle"", ""TriggerAddCondition"", ""TriggerRegisterEnterRegion"", ""TriggerRegisterPlayerUnitEvent""]","[""hDv"", ""hfv""]",5
hgv,47406,47411,"[""A0N7""]","[""GetLearnedSkill"", ""GetTriggerUnit"", ""GetUnitAbilityLevel"", ""IsUnitIllusion"", ""hFv""]",[],1
By,47412,47432,"[""A0N2"", ""A0N6"", ""A0N8""]","[""Condition"", ""CreateTrigger"", ""Lz"", ""Nl"", ""TriggerAddCondition""]","[""hCv"", ""hEv"", ""hgv"", ""hxv""]",3
hJv,47433,47454,"[""B0C2""]","[""Atan2"", ""Cos"", ""DestroyTimer"", ""FlushChildHashtable"", ""GetExpiredTimer"", ""GetHandleId"", ""GetUnitAbilityLevel"", ""GetUnitX"", ""GetUnitY"", ""GetWidgetLife"", ""LoadUnitHandle"", ""PauseTimer"", ""SetUnitPosition"", ""Sin""]",[],5
hkv,47455,47464,"[""B0C2""]","[""DestroyTimer"", ""FlushChildHashtable"", ""GetExpiredTimer"", ""GetHandleId"", ""LoadUnitHandle"", ""PauseTimer"", ""UnitRemoveAbility""]",[],2
hKv,47465,47537,"[""A1BC"", ""A1BD""]","[""Cos"", ""CreateGroup"", ""CreateTimer"", ""DestroyGroup"", ""DestroyTimer"", ""FirstOfGroup"", ""FlushChildHashtable"", ""GetExpiredTimer"", ""GetHandleId"", ""GetOwningPlayer"", ""GetUnitAbilityLevel"", ""GetUnitFacing"", ""GetUnitX"", ""GetUnitY"", ""GetWidgetLife"", ""GroupAddUnit"", ""GroupEnumUnitsInRange"", ""GroupRemoveUnit"", ""I2R"", ""IsUnitEnemy"", ""IsUnitInGroup"", ""IsUnitType"", ""IssueTargetOrderById"", ""LoadGroupHandle"", ""LoadInteger"", ""LoadReal"", ""LoadUnitHandle"", ""PauseTimer"", ""RemoveUnit"", ""SaveReal"", ""SaveUnitHandle"", ""SetUnitAnimation"", ""SetUnitPosition"", ""Sin"", ""TimerStart"", ""hL""]","[""hJv"", ""hkv""]",29
hqv,47538,47558,"[""A1BJ"", ""h011"", ""h058""]","[""CreateGroup"", ""CreateTimer"", ""CreateUnit"", ""GetHandleId"", ""GetOwningPlayer"", ""GetSpellTargetX"", ""GetSpellTargetY"", ""GetTriggerUnit"", ""GetUnitX"", ""GetUnitY"", ""Hl"", ""SaveGroupHandle"", ""SaveInteger"", ""SaveReal"", ""SaveUnitHandle"", ""TimerStart"", ""UnitAddAbility"", ""qk""]","[""hKv""]",9
hQv,47559,47577,[],"[""DestroyTimer"", ""FlushChildHashtable"", ""GetExpiredTimer"", ""GetHandleId"", ""GetHeroInt"", ""IsUnitType"", ""LoadInteger"", ""LoadUnitHandle"", ""PauseTimer"", ""SetHeroInt""]",[],3
hsv,47578,47602,"[""A1BE""]","[""CreateTimer"", ""GetHandleId"", ""GetHeroInt"", ""GetUnitAbilityLevel"", ""IsUnitType"", ""SaveInteger"", ""SaveUnitHandle"", ""SetHeroInt"", ""TimerStart""]","[""hQv""]",9
hTv,47603,47637,"[""A1BE""]","[""DT"", ""DisableTrigger"", ""FlushChildHashtable"", ""GetEventDamageSource"", ""GetHandleId"", ""GetHeroInt"", ""GetTriggerEventId"", ""GetTriggerUnit"", ""GetTriggeringTrigger"", ""GetUnitAbilityLevel"", ""LoadUnitHandle"", ""hL"", ""hsv""]",[],9
huv,47638,47659,[],"[""Condition"", ""CreateTrigger"", ""GetAttacker"", ""GetHandleId"", ""GetSpellTargetUnit"", ""GetTriggerEventId"", ""GetTriggerUnit"", ""IsUnitIllusion"", ""SaveUnitHandle"", ""TriggerAddCondition"", ""TriggerRegisterTimerEvent"", ""TriggerRegisterUnitEvent""]","[""hTv""]",2
hUv,47660,47675,"[""A1BE""]","[""GetAttacker"", ""GetHandleId"", ""GetIssuedOrderId"", ""GetSpellAbilityId"", ""GetTriggerEventId"", ""GetTriggerUnit"", ""GetTriggeringTrigger"", ""GetUnitAbilityLevel"", ""IsUnitType"", ""LoadBoolean"", ""LoadUnitHandle"", ""SaveBoolean"", ""StringHash"", ""huv""]",[],4
hwv,47676,47684,[],"[""Condition"", ""CreateTrigger"", ""GetHandleId"", ""GetTriggerUnit"", ""Lz"", ""SaveUnitHandle"", ""TriggerAddCondition"", ""TriggerRegisterUnitEvent""]","[""hUv""]",1
hWv,47685,47690,"[""A1BK"", ""B0C3""]","[""GetEnumUnit"", ""GetUnitAbilityLevel"", ""UnitRemoveAbility""]",[],3
hyv,47691,47696,"[""A1BK"", ""B0C3""]","[""GetUnitAbilityLevel"", ""UnitRemoveAbility""]",[],3
hYv,47697,47703,"[""A1BK""]","[""GetOwningPlayer"", ""GetUnitAbilityLevel"", ""SetPlayerAbilityAvailable"", ""SetUnitAbilityLevel"", ""UnitAddAbility""]",[],4
hzv,47704,47752,"[""A1BF""]","[""CreateGroup"", ""DT"", ""DestroyGroup"", ""FirstOfGroup"", ""FlushChildHashtable"", ""ForGroup"", ""GetHandleId"", ""GetOwningPlayer"", ""GetTriggeringTrigger"", ""GetUnitAbilityLevel"", ""GetUnitX"", ""GetUnitY"", ""GetWidgetLife"", ""GroupAddGroup"", ""GroupEnumUnitsInRange"", ""GroupRemoveUnit"", ""IsUnitEnemy"", ""IsUnitInGroup"", ""IsUnitType"", ""LoadGroupHandle"", ""LoadUnitHandle"", ""SaveGroupHandle"", ""hYv"", ""hyv""]","[""hWv""]",18
h1v,47753,47763,[],"[""Condition"", ""CreateGroup"", ""CreateTrigger"", ""GetHandleId"", ""GetTriggerUnit"", ""SaveGroupHandle"", ""SaveUnitHandle"", ""TriggerAddCondition"", ""TriggerRegisterTimerEvent""]","[""hzv""]",4
h2v,47764,47784,"[""A1BJ"", ""h011"", ""h058""]","[""CreateGroup"", ""CreateTimer"", ""CreateUnit"", ""GetHandleId"", ""GetOwningPlayer"", ""GetUnitX"", ""GetUnitY"", ""Hl"", ""SaveGroupHandle"", ""SaveInteger"", ""SaveReal"", ""SaveUnitHandle"", ""TimerStart"", ""UnitAddAbility"", ""qk""]","[""hKv""]",10
h3v,47785,47811,"[""A1BE""]","[""Cm"", ""Condition"", ""CreateTrigger"", ""GetHandleId"", ""GetHeroInt"", ""GetUnitAbilityLevel"", ""GetWidgetLife"", ""I2R"", ""SaveUnitHandle"", ""TriggerAddCondition"", ""TriggerRegisterTimerEvent"", ""TriggerRegisterUnitEvent"", ""hL""]","[""hTv""]",15
h6v,47812,47817,[],"[""FlushChildHashtable"", ""GetEnumUnit"", ""GetHandleId"", ""RemoveUnit""]",[],1
h7v,47818,47858,[],"[""Atan2"", ""Cos"", ""DestroyTimer"", ""FlushChildHashtable"", ""GetExpiredTimer"", ""GetHandleId"", ""GetUnitX"", ""GetUnitY"", ""KillUnit"", ""LoadUnitHandle"", ""PauseTimer"", ""Pow"", ""RemoveUnit"", ""SetUnitFacing"", ""SetUnitX"", ""SetUnitY"", ""Sin"", ""SquareRoot"", ""Uk"", ""h3v""]",[],15
h9v,47859,47870,"[""h057""]","[""Atan2"", ""CreateTimer"", ""CreateUnit"", ""GetHandleId"", ""GetOwningPlayer"", ""GetUnitX"", ""GetUnitY"", ""SaveUnitHandle"", ""TimerStart""]","[""h7v""]",7
Hev,47871,48004,[],"[""Atan2"", ""Cos"", ""CreateGroup"", ""DestroyEffect"", ""DestroyGroup"", ""DestroyTimer"", ""FirstOfGroup"", ""FlushChildHashtable"", ""ForGroup"", ""GetExpiredTimer"", ""GetHandleId"", ""GetOwningPlayer"", ""GetUnitX"", ""GetUnitY"", ""GetWidgetLife"", ""GroupAddGroup"", ""GroupAddUnit"", ""GroupEnumUnitsInRange"", ""GroupPickRandomUnit"", ""GroupRemoveUnit"", ""IsUnitEnemy"", ""LoadBoolean"", ""LoadEffectHandle"", ""LoadGroupHandle"", ""LoadReal"", ""LoadUnitHandle"", ""PauseTimer"", ""Pow"", ""RemoveUnit"", ""SaveBoolean"", ""SaveReal"", ""SetUnitAnimation"", ""SetUnitFacing"", ""SetUnitPosition"", ""SetUnitX"", ""SetUnitY"", ""Sin"", ""SquareRoot"", ""Uk"", ""h2v"", ""h9v""]","[""h6v""]",32
HXv,48005,48054,"[""A1BH"", ""h059"", ""h05A""]","[""AddSpecialEffectTarget"", ""Cos"", ""CreateGroup"", ""CreateTimer"", ""CreateUnit"", ""GetHandleId"", ""GetOwningPlayer"", ""GetTriggerUnit"", ""GetUnitAbilityLevel"", ""GetUnitX"", ""GetUnitY"", ""GroupAddUnit"", ""SaveBoolean"", ""SaveEffectHandle"", ""SaveGroupHandle"", ""SaveReal"", ""SaveUnitHandle"", ""SetUnitPropWindow"", ""SetUnitScale"", ""SetUnitVertexColor"", ""Sin"", ""TimerStart""]","[""Hev""]",20
HRv,48055,48073,"[""A1CQ"", ""BTLF"", ""h011""]","[""CreateUnit"", ""GetHeroInt"", ""GetOwningPlayer"", ""GetTriggerUnit"", ""GetUnitState"", ""GetUnitX"", ""GetUnitY"", ""GetWidgetLife"", ""I2R"", ""IssueTargetOrderById"", ""SetUnitState"", ""SetWidgetLife"", ""UnitAddAbility"", ""UnitApplyTimedLife""]",[],9
HAv,48074,48085,"[""A1BC"", ""A1BD"", ""A1BG"", ""A1BH"", ""A1CP""]","[""GetSpellAbilityId"", ""HRv"", ""HXv"", ""hqv""]",[],3
HNv,48086,48094,"[""A1BE"", ""A1BF""]","[""GetLearnedSkill"", ""GetTriggerUnit"", ""GetUnitAbilityLevel"", ""IsUnitIllusion"", ""h1v"", ""hwv""]",[],3
TW,48095,48111,"[""A1BJ"", ""A1BK"", ""h057"", ""h058"", ""h059"", ""h05A""]","[""Condition"", ""CreateTrigger"", ""Lz"", ""Nl"", ""TriggerAddCondition"", ""nl""]","[""HAv"", ""HNv""]",6
Hcv,48112,48121,[],"[""AddSpecialEffectTarget"", ""DestroyEffect"", ""GetExpiredTimer"", ""GetHandleId"", ""LoadEffectHandle"", ""LoadUnitHandle"", ""SaveEffectHandle"", ""StringHash"", ""tK""]",[],1
HCv,48122,48183,"[""A0EP""]","[""AddSpecialEffect"", ""Cm"", ""CreateGroup"", ""CreateTimer"", ""DT"", ""DestroyEffect"", ""DestroyGroup"", ""DisableTrigger"", ""FirstOfGroup"", ""FlushChildHashtable"", ""GetEventDamage"", ""GetEventDamageSource"", ""GetHandleId"", ""GetOwningPlayer"", ""GetPlayerState"", ""GetTriggerEventId"", ""GetTriggeringTrigger"", ""GetUnitAbilityLevel"", ""GetUnitX"", ""GetUnitY"", ""GetWidgetLife"", ""GroupEnumUnitsInRange"", ""GroupRemoveUnit"", ""I2R"", ""IsUnitEnemy"", ""IsUnitType"", ""LoadEffectHandle"", ""LoadInteger"", ""LoadUnitHandle"", ""R2I"", ""SaveUnitHandle"", ""StringHash"", ""TimerStart"", ""hL""]","[""Hcv""]",16
HDv,48184,48197,[],"[""Condition"", ""CreateTrigger"", ""GetAttacker"", ""GetHandleId"", ""GetTriggerUnit"", ""SaveUnitHandle"", ""TriggerAddCondition"", ""TriggerRegisterTimerEvent"", ""TriggerRegisterUnitEvent""]","[""HCv""]",3
Hfv,48198,48207,"[""A0EP""]","[""GetAttacker"", ""GetHandleId"", ""GetUnitAbilityLevel"", ""HDv"", ""I2R"", ""LoadInteger"", ""TS""]",[],4
HFv,48208,48213,"[""A0EP""]","[""GetAttacker"", ""GetHandleId"", ""GetOwningPlayer"", ""GetTriggerUnit"", ""GetTriggeringTrigger"", ""GetUnitAbilityLevel"", ""Hfv"", ""IsUnitEnemy"", ""IsUnitType"", ""LoadUnitHandle""]",[],1
Hgv,48214,48223,[],"[""AddSpecialEffectTarget"", ""Condition"", ""CreateTrigger"", ""GetHandleId"", ""GetTriggerUnit"", ""Lz"", ""SaveEffectHandle"", ""SaveUnitHandle"", ""StringHash"", ""TriggerAddCondition""]","[""HFv""]",1
HGv,48224,48229,"[""A0EP""]","[""GetLearnedSkill"", ""GetTriggerUnit"", ""GetUnitAbilityLevel"", ""Hgv"", ""IsUnitIllusion""]",[],1
Hhv,48230,48288,"[""A110"", ""A115"", ""AB00"", ""h011""]","[""AddSpecialEffect"", ""Atan2"", ""Cos"", ""CreateGroup"", ""CreateUnit"", ""DestroyEffect"", ""DestroyGroup"", ""FirstOfGroup"", ""GetExpiredTimer"", ""GetHandleId"", ""GetOwningPlayer"", ""GetUnitAbilityLevel"", ""GetWidgetLife"", ""GroupEnumUnitsInRange"", ""GroupRemoveUnit"", ""IsUnitEnemy"", ""IsUnitType"", ""IssuePointOrderById"", ""LoadReal"", ""LoadUnitHandle"", ""NZ"", ""Pow"", ""RemoveUnit"", ""SaveReal"", ""SetUnitAbilityLevel"", ""SetUnitFlyHeight"", ""SetUnitX"", ""SetUnitY"", ""Sin"", ""SquareRoot"", ""Tan"", ""UnitAddAbility"", ""ZK"", ""tK""]",[],29
HHv,48289,48316,"[""A115"", ""h01E""]","[""Atan2"", ""CreateTimer"", ""CreateUnit"", ""GetHandleId"", ""GetOwningPlayer"", ""GetSpellAbilityUnit"", ""GetSpellTargetX"", ""GetSpellTargetY"", ""GetUnitAbilityLevel"", ""GetUnitX"", ""GetUnitY"", ""Rad2Deg"", ""SaveReal"", ""SaveUnitHandle"", ""SetUnitFlyHeight"", ""SetUnitPathing"", ""TimerStart""]","[""Hhv""]",16
Hjv,48317,48322,"[""A115""]","[""GetSpellAbilityId"", ""HHv""]",[],1
HJv,48323,48355,"[""A116""]","[""GetDyingUnit"", ""GetHandleId"", ""GetHeroLevel"", ""GetKillingUnit"", ""GetOwningPlayer"", ""GetTriggeringTrigger"", ""GetUnitAbilityLevel"", ""GetWidgetX"", ""GetWidgetY"", ""I2S"", ""IsUnitEnemy"", ""IsUnitIllusion"", ""IsUnitType"", ""LoadInteger"", ""LoadUnitHandle"", ""SaveInteger"", ""StringHash"", ""UL"", ""ql"", ""r0""]",[],13
Hlv,48356,48367,[],"[""Condition"", ""CreateTrigger"", ""GetHandleId"", ""GetLearningUnit"", ""Lz"", ""SaveInteger"", ""SaveUnitHandle"", ""TriggerAddCondition""]","[""HJv""]",3
HLv,48368,48373,"[""A116""]","[""GetLearnedSkill"", ""GetTriggerUnit"", ""GetUnitAbilityLevel"", ""Hlv"", ""IsUnitIllusion""]",[],1
Hmv,48374,48385,"[""A119"", ""B092""]","[""GetExpiredTimer"", ""GetHandleId"", ""LoadUnitHandle"", ""PauseUnit"", ""SetUnitTimeScale"", ""UnitRemoveAbility"", ""tK""]",[],4
HMv,48386,48397,"[""A119""]","[""CreateTimer"", ""GetHandleId"", ""PauseUnit"", ""SaveUnitHandle"", ""SetUnitAnimation"", ""SetUnitTimeScale"", ""TimerStart"", ""UnitAddAbility"", ""hL""]","[""Hmv""]",4
Hpv,48398,48475,"[""A117"", ""AB00""]","[""AddSpecialEffect"", ""Cos"", ""CreateGroup"", ""Deg2Rad"", ""DestroyEffect"", ""DestroyGroup"", ""FirstOfGroup"", ""GetExpiredTimer"", ""GetHandleId"", ""GetLocalPlayer"", ""GetOwningPlayer"", ""GetUnitAbilityLevel"", ""GetUnitFacing"", ""GetUnitState"", ""GetUnitX"", ""GetUnitY"", ""GroupAddUnit"", ""GroupEnumUnitsInRange"", ""GroupRemoveUnit"", ""HMv"", ""I2R"", ""IsUnitEnemy"", ""IsUnitInGroup"", ""IsUnitType"", ""KillUnit"", ""LoadGroupHandle"", ""LoadReal"", ""LoadUnitHandle"", ""PanCameraToTimed"", ""RemoveUnit"", ""SaveReal"", ""SelectUnit"", ""SetUnitInvulnerable"", ""SetUnitX"", ""SetUnitY"", ""ShowUnit"", ""Sin"", ""eL"", ""eZ"", ""fl"", ""hL"", ""tK""]",[],21
Hqv,48476,48505,"[""A117"", ""h01F""]","[""Atan2"", ""CreateGroup"", ""CreateTimer"", ""CreateUnit"", ""GetHandleId"", ""GetOwningPlayer"", ""GetSpellAbilityUnit"", ""GetSpellTargetX"", ""GetSpellTargetY"", ""GetUnitAbilityLevel"", ""GetUnitX"", ""GetUnitY"", ""Rad2Deg"", ""SaveGroupHandle"", ""SaveReal"", ""SaveUnitHandle"", ""SetUnitInvulnerable"", ""ShowUnit"", ""TimerStart"", ""hl""]","[""Hpv""]",10
HQv,48506,48511,"[""A117""]","[""GetSpellAbilityId"", ""Hqv""]",[],1
Cy,48512,48529,"[""A110"", ""A119"", ""h01E"", ""h01F""]","[""Condition"", ""CreateTrigger"", ""Lz"", ""Nl"", ""TriggerAddCondition"", ""nl""]","[""HGv"", ""HLv"", ""HQv"", ""Hjv""]",4
Huv,48530,48588,"[""A0K4""]","[""AddSpecialEffect"", ""CreateGroup"", ""CreateTimer"", ""DestroyEffect"", ""DestroyGroup"", ""FirstOfGroup"", ""GetExpiredTimer"", ""GetHandleId"", ""GetOwningPlayer"", ""GetUnitAbilityLevel"", ""GetUnitState"", ""GetUnitX"", ""GetUnitY"", ""GetWidgetLife"", ""GroupEnumUnitsInRange"", ""GroupRemoveUnit"", ""IsUnitAlly"", ""IsUnitEnemy"", ""IsUnitType"", ""LoadInteger"", ""LoadUnitHandle"", ""RemoveUnit"", ""SaveInteger"", ""UK"", ""fL"", ""hL"", ""tK""]",[],15
Hwv,48589,48624,"[""Amrf"", ""BTLF""]","[""Cos"", ""CreateTimer"", ""Deg2Rad"", ""GetExpiredTimer"", ""GetHandleId"", ""GetUnitFacing"", ""GetUnitX"", ""GetUnitY"", ""LoadInteger"", ""LoadReal"", ""LoadUnitHandle"", ""SaveInteger"", ""SaveReal"", ""SaveUnitHandle"", ""SetUnitFlyHeight"", ""SetUnitInvulnerable"", ""SetUnitPathing"", ""SetUnitX"", ""SetUnitY"", ""Sin"", ""TimerStart"", ""UnitApplyTimedLife"", ""UnitRemoveAbility"", ""tK""]","[""Huv""]",15
HWv,48625,48667,"[""A0RJ"", ""Amrf"", ""e00U""]","[""Atan2"", ""Cos"", ""CreateTimer"", ""CreateUnit"", ""GetHandleId"", ""GetOwningPlayer"", ""GetRandomReal"", ""GetSpellAbilityUnit"", ""GetSpellTargetX"", ""GetSpellTargetY"", ""GetUnitAbilityLevel"", ""GetUnitX"", ""GetUnitY"", ""SaveInteger"", ""SaveReal"", ""SaveUnitHandle"", ""SetUnitColor"", ""SetUnitFlyHeight"", ""SetUnitInvulnerable"", ""SetUnitPathing"", ""Sin"", ""SquareRoot"", ""TimerStart"", ""UnitAddAbility"", ""eL""]","[""Hwv""]",11
Hyv,48668,48673,"[""A0RJ""]","[""GetSpellAbilityId"", ""HWv""]",[],1
HYv,48674,48676,[],"[""GetSpellAbilityUnit"", ""KillUnit""]",[],0
Hzv,48677,48682,"[""A0RO""]","[""GetSpellAbilityId"", ""HYv""]",[],1
HZv,48683,48694,[],"[""Condition"", ""CreateTrigger"", ""GetOwningPlayer"", ""GetPlayerId"", ""GetTriggerUnit"", ""Player"", ""TriggerAddCondition"", ""TriggerRegisterPlayerUnitEvent"", ""TriggerRegisterUnitEvent""]","[""Hyv"", ""Hzv""]",0
H_v,48695,48700,"[""A0RJ""]","[""GetLearnedSkill"", ""GetTriggerUnit"", ""GetUnitAbilityLevel"", ""HZv"", ""IsUnitIllusion""]",[],1
H0v,48701,48773,"[""A0K4"", ""A0RK"", ""A0RN"", ""B06M"", ""BTLF"", ""h011""]","[""AddSpecialEffectTarget"", ""CreateGroup"", ""CreateUnit"", ""DT"", ""DestroyEffect"", ""DestroyGroup"", ""DisableTrigger"", ""FirstOfGroup"", ""FlushChildHashtable"", ""GetEventDamageSource"", ""GetHandleId"", ""GetHeroAgi"", ""GetHeroInt"", ""GetOwningPlayer"", ""GetRandomInt"", ""GetTriggerEventId"", ""GetTriggerUnit"", ""GetTriggeringTrigger"", ""GetUnitAbilityLevel"", ""GetUnitState"", ""GetUnitX"", ""GetUnitY"", ""GetWidgetLife"", ""GroupEnumUnitsInRange"", ""GroupRemoveUnit"", ""IsUnitAlly"", ""IsUnitEnemy"", ""IsUnitType"", ""IssueTargetOrderById"", ""LoadUnitHandle"", ""UnitAddAbility"", ""UnitApplyTimedLife"", ""UnitRemoveAbility"", ""fL"", ""hL""]",[],24
H4v,48774,48795,[],"[""Condition"", ""CreateTrigger"", ""GetAttacker"", ""GetHandleId"", ""GetSpellTargetUnit"", ""GetTriggerEventId"", ""GetTriggerUnit"", ""IsUnitIllusion"", ""SaveUnitHandle"", ""TriggerAddCondition"", ""TriggerRegisterTimerEvent"", ""TriggerRegisterUnitEvent""]","[""H0v""]",4
H5v,48796,48811,"[""A0RK""]","[""GetAttacker"", ""GetHandleId"", ""GetIssuedOrderId"", ""GetSpellAbilityId"", ""GetTriggerEventId"", ""GetTriggerUnit"", ""GetTriggeringTrigger"", ""GetUnitAbilityLevel"", ""H4v"", ""IsUnitType"", ""LoadBoolean"", ""LoadUnitHandle"", ""SaveBoolean""]",[],9
H6v,48812,48820,[],"[""Condition"", ""CreateTrigger"", ""GetHandleId"", ""GetTriggerUnit"", ""Lz"", ""SaveUnitHandle"", ""TriggerAddCondition"", ""TriggerRegisterUnitEvent""]","[""H5v""]",3
H7v,48821,48826,"[""A0RK""]","[""GetLearnedSkill"", ""GetTriggerUnit"", ""GetUnitAbilityLevel"", ""H6v"", ""IsUnitIllusion""]",[],3
H8v,48827,48845,[],"[""GetExpiredTimer"", ""GetHandleId"", ""GetHeroAgi"", ""GetHeroInt"", ""LoadInteger"", ""LoadUnitHandle"", ""SaveInteger"", ""SetHeroAgi"", ""SetHeroInt""]",[],11
H9v,48846,48856,"[""A0RL""]","[""CreateTimer"", ""GetHandleId"", ""GetTriggerUnit"", ""GetUnitAbilityLevel"", ""SaveInteger"", ""SaveUnitHandle"", ""TimerStart""]","[""H8v""]",5
jvv,48857,48866,[],"[""CreateTrigger"", ""GetLearningUnit"", ""TriggerAddAction"", ""TriggerRegisterUnitEvent""]","[""H9v""]",1
jev,48867,48872,"[""A0RL""]","[""GetLearnedSkill"", ""GetLearningUnit"", ""GetUnitAbilityLevel"", ""IsUnitIllusion"", ""jvv""]",[],1
jxv,48873,48914,"[""A0K4""]","[""AddSpecialEffect"", ""CreateGroup"", ""DestroyEffect"", ""DestroyGroup"", ""FirstOfGroup"", ""GetExpiredTimer"", ""GetHandleId"", ""GetOwningPlayer"", ""GetUnitAbilityLevel"", ""GetUnitX"", ""GetUnitY"", ""GetWidgetLife"", ""GroupEnumUnitsInRange"", ""GroupRemoveUnit"", ""IsUnitAlly"", ""IsUnitEnemy"", ""IsUnitType"", ""IssueTargetOrderById"", ""LoadInteger"", ""LoadReal"", ""LoadUnitHandle"", ""SaveInteger"", ""fL"", ""hL"", ""tK""]",[],14
jov,48915,48941,"[""A0RP"", ""A0U1"", ""h011""]","[""CreateTimer"", ""CreateUnit"", ""GetHandleId"", ""GetHeroAgi"", ""GetHeroInt"", ""GetOwningPlayer"", ""GetSpellAbilityUnit"", ""GetSpellTargetUnit"", ""GetUnitAbilityLevel"", ""GetUnitX"", ""GetUnitY"", ""SaveInteger"", ""SaveReal"", ""SaveUnitHandle"", ""SetUnitAbilityLevel"", ""TimerStart"", ""UnitAddAbility""]","[""jxv""]",14
jrv,48942,48947,"[""A0U1""]","[""GetSpellAbilityId"", ""jov""]",[],1
Dy,48948,48971,"[""A0RN"", ""A0RO"", ""A0RP"", ""e00U"", ""n04T"", ""n04U""]","[""Condition"", ""CreateTrigger"", ""Lz"", ""Nl"", ""TriggerAddCondition"", ""nl""]","[""H7v"", ""H_v"", ""jev"", ""jrv""]",7
jEv,48972,49014,"[""A043""]","[""CreateTextTag"", ""GetHandleId"", ""GetLocalPlayer"", ""GetOwningPlayer"", ""GetTriggeringTrigger"", ""GetUnitAbilityLevel"", ""GetUnitFlyHeight"", ""GetUnitX"", ""GetUnitY"", ""IsUnitAlly"", ""IsUnitHidden"", ""LoadInteger"", ""LoadUnitHandle"", ""SetTextTagColor"", ""SetTextTagPermanent"", ""SetTextTagPos"", ""SetTextTagText"", ""SetTextTagVelocity"", ""SetTextTagVisibility"", ""StringHash"", ""Uk"", ""xK""]",[],12
jRv,49015,49052,"[""A02S"", ""A043"", ""A0K2"", ""A0NE"", ""A0S3"", ""A0ZQ"", ""A10X"", ""B07T""]","[""AddSpecialEffectTarget"", ""DestroyEffect"", ""GetHandleId"", ""GetHeroInt"", ""GetHeroLevel"", ""GetSpellAbilityId"", ""GetSpellAbilityUnit"", ""GetUnitAbilityLevel"", ""GetUnitX"", ""GetUnitY"", ""I2S"", ""LoadInteger"", ""SaveInteger"", ""SetHeroInt"", ""StringHash"", ""UnitAddAbility"", ""UnitRemoveAbility"", ""ql""]",[],16
Gz,49053,49068,[],"[""CreateTrigger"", ""GetHandleId"", ""SaveBoolean"", ""SaveInteger"", ""SaveUnitHandle"", ""StringHash"", ""TriggerAddAction"", ""TriggerRegisterTimerEvent"", ""TriggerRegisterUnitEvent""]","[""jEv"", ""jRv""]",4
jNv,49069,49115,"[""A02S"", ""A0DJ"", ""A0K2"", ""h011""]","[""AddSpecialEffect"", ""CreateGroup"", ""CreateUnit"", ""DestroyEffect"", ""DestroyGroup"", ""FirstOfGroup"", ""GetHeroInt"", ""GetOwningPlayer"", ""GetTriggerUnit"", ""GetUnitAbilityLevel"", ""GetUnitX"", ""GetUnitY"", ""GetWidgetLife"", ""GroupEnumUnitsInRange"", ""GroupRemoveUnit"", ""I2R"", ""IsUnitEnemy"", ""IsUnitType"", ""IssuePointOrderById"", ""UnitAddAbility"", ""ZK"", ""hL"", ""hl""]",[],21
jBv,49116,49121,"[""A02S""]","[""GetSpellAbilityId"", ""jNv""]",[],1
jcv,49122,49154,"[""A0K4"", ""A0S3""]","[""AddSpecialEffectTarget"", ""DestroyEffect"", ""DestroyGroup"", ""FirstOfGroup"", ""GetExpiredTimer"", ""GetHandleId"", ""GetHeroInt"", ""GetOwningPlayer"", ""GetUnitAbilityLevel"", ""GetWidgetLife"", ""Gl"", ""GroupRemoveUnit"", ""IsUnitAlly"", ""IsUnitType"", ""LoadGroupHandle"", ""LoadInteger"", ""LoadUnitHandle"", ""SaveInteger"", ""fL"", ""tK""]",[],8
jCv,49155,49197,"[""A0K2"", ""A0K4"", ""A0S3""]","[""AddSpecialEffectTarget"", ""CreateGroup"", ""CreateTimer"", ""DestroyEffect"", ""DestroyGroup"", ""FirstOfGroup"", ""GetHandleId"", ""GetOwningPlayer"", ""GetTriggerUnit"", ""GetUnitAbilityLevel"", ""GetUnitState"", ""GetUnitX"", ""GetUnitY"", ""GetWidgetLife"", ""Gl"", ""GroupEnumUnitsInRange"", ""GroupRemoveUnit"", ""IsUnitAlly"", ""IsUnitType"", ""SaveGroupHandle"", ""SaveInteger"", ""SaveUnitHandle"", ""SetUnitState"", ""TimerStart"", ""fL""]","[""jcv""]",10
jDv,49198,49203,"[""A0S3""]","[""GetSpellAbilityId"", ""jCv""]",[],1
jfv,49204,49237,"[""A0ZS"", ""B08H""]","[""AddSpecialEffectTarget"", ""DT"", ""DestroyEffect"", ""DestroyTrigger"", ""FlushChildHashtable"", ""GetHandleId"", ""GetHeroInt"", ""GetHeroLevel"", ""GetTriggerEventId"", ""GetTriggeringTrigger"", ""GetUnitAbilityLevel"", ""GetUnitX"", ""GetUnitY"", ""GetWidgetLife"", ""I2S"", ""LoadInteger"", ""LoadReal"", ""LoadUnitHandle"", ""SaveInteger"", ""SetHeroInt"", ""StringHash"", ""UnitRemoveAbility"", ""ql""]",[],11
jFv,49238,49249,"[""A0ZS""]","[""CreateTrigger"", ""GetHandleId"", ""Rp"", ""SaveReal"", ""SaveUnitHandle"", ""TriggerAddAction"", ""TriggerRegisterTimerEvent"", ""TriggerRegisterUnitEvent""]","[""jfv""]",5
jgv,49250,49278,"[""A0K4"", ""A0NE""]","[""CreateGroup"", ""DestroyGroup"", ""FirstOfGroup"", ""GetOwningPlayer"", ""GetSpellAbilityId"", ""GetTriggerUnit"", ""GetUnitAbilityLevel"", ""GetUnitX"", ""GetUnitY"", ""GetWidgetLife"", ""GroupEnumUnitsInRange"", ""GroupRemoveUnit"", ""IsUnitAlly"", ""IsUnitType"", ""jFv""]",[],6
jGv,49279,49284,"[""A0NE"", ""A0ZQ""]","[""GetSpellAbilityId"", ""jgv""]",[],1
jhv,49285,49288,[],"[""I2R"", ""qk""]",[],2
jHv,49289,49379,"[""A10X""]","[""Atan2"", ""Cos"", ""CreateGroup"", ""DestroyGroup"", ""FirstOfGroup"", ""GetExpiredTimer"", ""GetHandleId"", ""GetHeroInt"", ""GetOwningPlayer"", ""GetRandomReal"", ""GetUnitAbilityLevel"", ""GetUnitX"", ""GetUnitY"", ""GetWidgetLife"", ""GroupAddUnit"", ""GroupClear"", ""GroupEnumUnitsInRange"", ""GroupRemoveUnit"", ""IsUnitEnemy"", ""IsUnitInGroup"", ""IsUnitType"", ""LoadGroupHandle"", ""LoadInteger"", ""LoadReal"", ""LoadUnitHandle"", ""RemoveUnit"", ""SaveInteger"", ""SaveReal"", ""SetHeroInt"", ""SetUnitFacing"", ""SetUnitX"", ""SetUnitY"", ""Sin"", ""SquareRoot"", ""Uk"", ""hL"", ""jhv"", ""tK""]",[],34
jkv,49380,49419,"[""h05Y""]","[""AddSpecialEffectTarget"", ""CreateGroup"", ""CreateTimer"", ""CreateUnit"", ""GetExpiredTimer"", ""GetHandleId"", ""GetOwningPlayer"", ""GetRandomReal"", ""GetUnitFacing"", ""GetUnitX"", ""GetUnitY"", ""LoadInteger"", ""LoadReal"", ""LoadUnitHandle"", ""SaveGroupHandle"", ""SaveInteger"", ""SaveReal"", ""SaveUnitHandle"", ""SetUnitVertexColor"", ""TimerStart"", ""Uk"", ""tK""]","[""jHv""]",20
jKv,49420,49435,"[""A0K2"", ""A10X""]","[""CreateTimer"", ""GetHandleId"", ""GetTriggerUnit"", ""GetUnitAbilityLevel"", ""SaveInteger"", ""SaveReal"", ""SaveUnitHandle"", ""TimerStart""]","[""jkv""]",9
jlv,49436,49441,"[""A10X""]","[""GetSpellAbilityId"", ""jKv""]",[],1
Fy,49442,49462,"[""A0DJ"", ""A0K2"", ""A0ZS""]","[""Condition"", ""CreateTrigger"", ""Lz"", ""Nl"", ""TriggerAddCondition""]","[""jBv"", ""jDv"", ""jGv"", ""jlv""]",3
jPv,49463,49488,"[""B07Y""]","[""DT"", ""FlushChildHashtable"", ""GetEventDamage"", ""GetHandleId"", ""GetOwningPlayer"", ""GetTriggerEventId"", ""GetTriggeringTrigger"", ""LoadReal"", ""LoadUnitHandle"", ""SaveReal"", ""UnitRemoveAbility"", ""UnitShareVision""]",[],6
jqv,49489,49506,"[""A0MO""]","[""Condition"", ""CreateTrigger"", ""GetHandleId"", ""GetOwningPlayer"", ""GetUnitAbilityLevel"", ""I2R"", ""SaveReal"", ""SaveUnitHandle"", ""TriggerAddCondition"", ""TriggerRegisterTimerEvent"", ""TriggerRegisterUnitEvent"", ""UnitShareVision""]","[""jPv""]",6
jsv,49507,49556,"[""A0MO""]","[""Cos"", ""CreateGroup"", ""Deg2Rad"", ""DestroyGroup"", ""FirstOfGroup"", ""GetExpiredTimer"", ""GetHandleId"", ""GetOwningPlayer"", ""GetUnitAbilityLevel"", ""GetUnitFacing"", ""GetUnitState"", ""GetUnitX"", ""GetUnitY"", ""GetWidgetLife"", ""GroupEnumUnitsInRange"", ""GroupRemoveUnit"", ""I2R"", ""IsUnitEnemy"", ""IssueTargetOrderById"", ""KillUnit"", ""LoadReal"", ""LoadUnitHandle"", ""RemoveUnit"", ""SaveReal"", ""SetUnitX"", ""SetUnitY"", ""Sin"", ""hL"", ""jqv"", ""tK""]",[],14
jSv,49557,49592,"[""A0MO"", ""A0NV"", ""h011"", ""n06Z""]","[""Atan2"", ""CreateTimer"", ""CreateUnit"", ""GetHandleId"", ""GetOwningPlayer"", ""GetSpellTargetX"", ""GetSpellTargetY"", ""GetTriggerUnit"", ""GetUnitAbilityLevel"", ""GetUnitX"", ""GetUnitY"", ""PauseUnit"", ""Rad2Deg"", ""SaveReal"", ""SaveUnitHandle"", ""SetUnitAbilityLevel"", ""SetUnitFlyHeight"", ""SetUnitPathing"", ""SquareRoot"", ""TimerStart"", ""UnitAddAbility""]","[""jsv""]",13
jtv,49593,49598,"[""A0MO""]","[""GetSpellAbilityId"", ""jSv""]",[],1
jTv,49599,49601,"[""Aloc""]","[""GetFilterUnit"", ""GetUnitAbilityLevel"", ""GetWidgetLife"", ""IsUnitType""]",[],1
juv,49602,49704,"[""A0MO""]","[""AddSpecialEffectTarget"", ""Atan2"", ""Cos"", ""CountUnitsInGroup"", ""CreateGroup"", ""DestroyBoolExpr"", ""DestroyEffect"", ""DestroyGroup"", ""FirstOfGroup"", ""GK"", ""GetExpiredTimer"", ""GetHandleId"", ""GetOwningPlayer"", ""GetUnitAbilityLevel"", ""GetUnitFacing"", ""GetUnitX"", ""GetUnitY"", ""GetWidgetLife"", ""Gl"", ""GroupAddUnit"", ""GroupClear"", ""GroupEnumUnitsInRange"", ""GroupRemoveUnit"", ""IsUnitEnemy"", ""IsUnitInGroup"", ""IssueTargetOrderById"", ""KillUnit"", ""LoadBooleanExprHandle"", ""LoadGroupHandle"", ""LoadReal"", ""LoadUnitHandle"", ""RemoveUnit"", ""SaveReal"", ""SetUnitFlyHeight"", ""SetUnitX"", ""SetUnitY"", ""Sin"", ""eL"", ""hL"", ""iL"", ""jqv"", ""nL"", ""tK""]",[],23
jwv,49705,49750,"[""A0LC"", ""A0MO"", ""A0NV"", ""h011"", ""h02N""]","[""Atan2"", ""Condition"", ""Cos"", ""CreateGroup"", ""CreateTimer"", ""CreateUnit"", ""GetHandleId"", ""GetOwningPlayer"", ""GetSpellTargetX"", ""GetSpellTargetY"", ""GetTriggerUnit"", ""GetUnitAbilityLevel"", ""GetUnitX"", ""GetUnitY"", ""I2R"", ""Rad2Deg"", ""SaveBooleanExprHandle"", ""SaveGroupHandle"", ""SaveReal"", ""SaveUnitHandle"", ""SetUnitAbilityLevel"", ""Sin"", ""TimerStart"", ""UnitAddAbility""]","[""jTv"", ""juv""]",30
jWv,49751,49756,"[""A0LC""]","[""GetSpellAbilityId"", ""jwv""]",[],1
jyv,49757,49819,"[""B07Y""]","[""Cm"", ""Cos"", ""CountUnitsInGroup"", ""CreateGroup"", ""Deg2Rad"", ""DestroyBoolExpr"", ""DestroyGroup"", ""FirstOfGroup"", ""GetExpiredTimer"", ""GetHandleId"", ""GetOwningPlayer"", ""GetUnitAbilityLevel"", ""GetUnitFacing"", ""GetUnitX"", ""GetUnitY"", ""GetWidgetLife"", ""GroupAddUnit"", ""GroupClear"", ""GroupEnumUnitsInRange"", ""GroupRemoveUnit"", ""I2R"", ""IsUnitEnemy"", ""IsUnitInGroup"", ""KillUnit"", ""LoadBooleanExprHandle"", ""LoadGroupHandle"", ""LoadInteger"", ""LoadReal"", ""LoadUnitHandle"", ""RemoveUnit"", ""SaveReal"", ""SetUnitFlyHeight"", ""SetUnitX"", ""SetUnitY"", ""Sin"", ""hL"", ""tK""]",[],20
jYv,49820,49863,"[""A0LD"", ""Abun"", ""h01O""]","[""AddSpecialEffectTarget"", ""Atan2"", ""Condition"", ""Cos"", ""CreateGroup"", ""CreateTimer"", ""CreateUnit"", ""GetExpiredTimer"", ""GetHandleId"", ""GetOwningPlayer"", ""GetUnitAbilityLevel"", ""GetUnitDefaultMoveSpeed"", ""GetUnitX"", ""GetUnitY"", ""LoadInteger"", ""LoadReal"", ""LoadUnitHandle"", ""PauseUnit"", ""Rad2Deg"", ""SaveBooleanExprHandle"", ""SaveGroupHandle"", ""SaveInteger"", ""SaveUnitHandle"", ""SetUnitAnimationByIndex"", ""SetUnitFlyHeight"", ""SetUnitMoveSpeed"", ""SetUnitScale"", ""Sin"", ""StringHash"", ""TimerStart"", ""UnitRemoveAbility"", ""tK""]","[""jTv"", ""jyv""]",17
jzv,49864,49886,[],"[""Atan2"", ""DT"", ""DisableTrigger"", ""EnableTrigger"", ""FlushChildHashtable"", ""GetHandleId"", ""GetIssuedOrderId"", ""GetOrderPointX"", ""GetOrderPointY"", ""GetTriggerEventId"", ""GetTriggeringTrigger"", ""GetUnitX"", ""GetUnitY"", ""LoadUnitHandle"", ""SaveReal"", ""StringHash""]",[],3
jZv,49887,49912,"[""A0LD"", ""Abun""]","[""Condition"", ""CreateTimer"", ""CreateTrigger"", ""GetHandleId"", ""GetSpellTargetX"", ""GetSpellTargetY"", ""GetTriggerUnit"", ""GetUnitAbilityLevel"", ""R2I"", ""SaveInteger"", ""SaveReal"", ""SaveUnitHandle"", ""SetUnitMoveSpeed"", ""StringHash"", ""TimerStart"", ""TriggerAddCondition"", ""TriggerRegisterTimerEvent"", ""TriggerRegisterUnitEvent"", ""UnitAddAbility""]","[""jYv"", ""jzv""]",8
j_v,49913,49918,"[""A0LD""]","[""GetSpellAbilityId"", ""jZv""]",[],1
gy,49919,49935,"[""A0NV"", ""h02N"", ""n06Z""]","[""Condition"", ""CreateTrigger"", ""Lz"", ""Nl"", ""TriggerAddCondition"", ""nl""]","[""jWv"", ""j_v"", ""jtv""]",15
j3v,49936,49972,[],"[""Atan2"", ""Cos"", ""CreateGroup"", ""DestroyGroup"", ""FirstOfGroup"", ""GetOwningPlayer"", ""GetWidgetLife"", ""GroupAddUnit"", ""GroupEnumUnitsInRange"", ""GroupRemoveUnit"", ""IsUnitEnemy"", ""IsUnitInGroup"", ""Sin"", ""SquareRoot"", ""fl"", ""hL""]",[],16
j4v,49973,49997,"[""A0PM""]","[""GetExpiredTimer"", ""GetHandleId"", ""GetUnitAbilityLevel"", ""GetUnitCurrentOrder"", ""GetUnitState"", ""GetWidgetLife"", ""LoadReal"", ""LoadUnitHandle"", ""RemoveUnit"", ""SaveReal"", ""SetUnitState"", ""j3v"", ""tK""]",[],15
j6v,49998,50025,"[""n03U""]","[""Atan2"", ""Cos"", ""CreateTimer"", ""CreateUnit"", ""GetHandleId"", ""GetOwningPlayer"", ""GetSpellAbilityUnit"", ""GetSpellTargetX"", ""GetSpellTargetY"", ""GetUnitX"", ""GetUnitY"", ""SaveReal"", ""SaveUnitHandle"", ""SetUnitFlyHeight"", ""Sin"", ""TimerStart""]","[""j4v""]",20
j7v,50026,50031,"[""A0PM""]","[""GetSpellAbilityId"", ""j6v""]",[],3
j8v,50032,50096,"[""Abun"", ""B03Z""]","[""AddSpecialEffectTarget"", ""CreateGroup"", ""DestroyEffect"", ""DestroyGroup"", ""FirstOfGroup"", ""GetExpiredTimer"", ""GetHandleId"", ""GetOwningPlayer"", ""GetUnitState"", ""GetUnitX"", ""GetUnitY"", ""GetWidgetLife"", ""GroupAddUnit"", ""GroupEnumUnitsInRange"", ""GroupRemoveUnit"", ""IsUnitAlly"", ""IsUnitEnemy"", ""IsUnitInGroup"", ""LoadGroupHandle"", ""LoadInteger"", ""LoadReal"", ""LoadUnitHandle"", ""SaveInteger"", ""SetUnitInvulnerable"", ""SetUnitState"", ""UnitRemoveAbility"", ""fL"", ""fl"", ""hL"", ""tK""]",[],19
j9v,50097,50114,"[""A0IK"", ""Abun""]","[""CreateGroup"", ""CreateTimer"", ""GetHandleId"", ""GetSpellAbilityUnit"", ""GetUnitAbilityLevel"", ""GetUnitState"", ""SaveGroupHandle"", ""SaveInteger"", ""SaveReal"", ""SaveUnitHandle"", ""SetUnitInvulnerable"", ""TimerStart"", ""UnitAddAbility""]","[""j8v""]",9
Jvv,50115,50120,"[""A0IK""]","[""GetSpellAbilityId"", ""j9v""]",[],2
Jev,50121,50191,"[""A0JX"", ""A0K4""]","[""AddSpecialEffect"", ""CreateGroup"", ""DestroyEffect"", ""DestroyGroup"", ""FirstOfGroup"", ""GetExpiredTimer"", ""GetHandleId"", ""GetLocalPlayer"", ""GetOwningPlayer"", ""GetUnitAbilityLevel"", ""GetUnitState"", ""GetUnitX"", ""GetUnitY"", ""GroupAddUnit"", ""GroupEnumUnitsInRange"", ""GroupRemoveUnit"", ""IsUnitAlly"", ""IsUnitEnemy"", ""IsUnitType"", ""LoadReal"", ""LoadUnitHandle"", ""PanCameraToTimed"", ""PingMinimapEx"", ""RemoveUnit"", ""SaveUnitHandle"", ""SetUnitX"", ""SetUnitY"", ""dl"", ""fl"", ""hL"", ""tK""]",[],26
Jxv,50192,50207,[],"[""CreateTimer"", ""GetHandleId"", ""GetSpellAbilityUnit"", ""GetSpellTargetX"", ""GetSpellTargetY"", ""LoadUnitHandle"", ""SaveReal"", ""SaveUnitHandle"", ""TimerStart""]","[""Jev""]",8
Jov,50208,50227,"[""Bbsk"", ""n03V""]","[""CreateUnit"", ""GetHandleId"", ""GetOwningPlayer"", ""GetSpellAbilityUnit"", ""GetUnitX"", ""GetUnitY"", ""LoadUnitHandle"", ""RemoveUnit"", ""SaveUnitHandle"", ""SetUnitAnimation"", ""UnitRemoveAbility""]",[],5
Jrv,50228,50233,"[""A0JX""]","[""GetSpellAbilityId"", ""Jxv""]",[],1
Jiv,50234,50239,"[""A0PO""]","[""GetSpellAbilityId"", ""Jov""]",[],1
Jav,50240,50253,"[""A0PO""]","[""Condition"", ""CreateTrigger"", ""GetHandleId"", ""GetLearningUnit"", ""SaveUnitHandle"", ""TriggerAddCondition"", ""TriggerRegisterUnitEvent"", ""UnitAddAbility""]","[""Jiv"", ""Jrv""]",2
Jnv,50254,50259,"[""A0JX""]","[""GetLearnedSkill"", ""GetLearningUnit"", ""GetTriggerUnit"", ""GetUnitAbilityLevel"", ""IsUnitIllusion"", ""Jav""]",[],1
JVv,50260,50274,"[""A0MF"", ""A12B""]","[""AddSpecialEffectTarget"", ""DestroyEffect"", ""GetExpiredTimer"", ""GetHandleId"", ""GetUnitAbilityLevel"", ""GetUnitState"", ""LoadReal"", ""LoadUnitHandle"", ""SetUnitState"", ""UnitRemoveAbility"", ""tK""]",[],5
JEv,50275,50318,"[""A0JX"", ""A12B""]","[""AddSpecialEffect"", ""CreateGroup"", ""CreateTimer"", ""DestroyEffect"", ""DestroyGroup"", ""FirstOfGroup"", ""GetDyingUnit"", ""GetEventDamage"", ""GetHandleId"", ""GetOwningPlayer"", ""GetTriggerEventId"", ""GetTriggerUnit"", ""GetUnitAbilityLevel"", ""GetUnitState"", ""GetUnitX"", ""GetUnitY"", ""GetWidgetLife"", ""GroupEnumUnitsInRange"", ""GroupRemoveUnit"", ""IsUnitEnemy"", ""IsUnitType"", ""SaveReal"", ""SaveUnitHandle"", ""SetWidgetLife"", ""TimerStart"", ""UnitAddAbility"", ""hL""]","[""JVv""]",9
JXv,50319,50331,"[""A15D""]","[""GetHandleId"", ""GetTriggeringTrigger"", ""GetUnitAbilityLevel"", ""LoadUnitHandle"", ""Uk"", ""UnitAddAbility"", ""UnitRemoveAbility"", ""fl""]",[],5
JOv,50332,50345,[],"[""Condition"", ""CreateTrigger"", ""GetHandleId"", ""GetLearningUnit"", ""SaveUnitHandle"", ""TriggerAddAction"", ""TriggerAddCondition"", ""TriggerRegisterTimerEvent"", ""TriggerRegisterUnitEvent""]","[""JEv"", ""JXv""]",2
JRv,50346,50351,"[""A0MF""]","[""GetLearnedSkill"", ""GetLearningUnit"", ""GetTriggerUnit"", ""GetUnitAbilityLevel"", ""IsUnitIllusion"", ""JOv""]",[],1
Gy,50352,50373,"[""A0JW"", ""A0PO"", ""n03U"", ""n03V""]","[""Condition"", ""CreateTrigger"", ""Lz"", ""Nl"", ""TriggerAddCondition"", ""nl""]","[""JRv"", ""Jnv"", ""Jvv"", ""j7v""]",5
JBv,50374,50376,"[""A0K4""]","[""GetFilterUnit"", ""GetOwningPlayer"", ""GetSpellAbilityUnit"", ""GetUnitAbilityLevel"", ""GetWidgetLife"", ""IsUnitAlly"", ""IsUnitType""]",[],1
Jcv,50377,50385,[],"[""AddSpecialEffectTarget"", ""DestroyEffect"", ""GetEnumUnit"", ""GetUnitState"", ""SetUnitState"", ""SetWidgetLife""]",[],0
JCv,50386,50414,[],"[""AddSpecialEffectLoc"", ""DestroyEffect"", ""GetExpiredTimer"", ""GetHandleId"", ""GetRandomLocInRect"", ""LoadInteger"", ""RemoveLocation"", ""SaveInteger"", ""tK""]",[],9
Jdv,50415,50426,[],"[""Condition"", ""CreateGroup"", ""CreateTimer"", ""DestroyGroup"", ""ForGroup"", ""GetHandleId"", ""GroupEnumUnitsInRect"", ""SaveInteger"", ""TimerStart""]","[""JBv"", ""JCv"", ""Jcv""]",2
JDv,50427,50432,"[""A02O""]","[""GetSpellAbilityId"", ""Jdv""]",[],1
Jfv,50433,50439,[],"[""Atan2"", ""GetUnitX"", ""GetUnitY""]",[],1
JGv,50440,50495,"[""A0GD""]","[""Cos"", ""DestroyGroup"", ""FirstOfGroup"", ""GK"", ""GetExpiredTimer"", ""GetHandleId"", ""GetUnitAbilityLevel"", ""GetUnitDefaultMoveSpeed"", ""GetUnitX"", ""GetUnitY"", ""Gl"", ""GroupRemoveUnit"", ""Jfv"", ""LoadGroupHandle"", ""LoadReal"", ""LoadUnitHandle"", ""SaveReal"", ""SetUnitMoveSpeed"", ""SetUnitPathing"", ""SetUnitX"", ""SetUnitY"", ""Sin"", ""eL"", ""iL"", ""nL"", ""tK""]",[],7
Jhv,50496,50540,"[""A0GD"", ""h01O""]","[""AddSpecialEffectTarget"", ""Cm"", ""CreateGroup"", ""CreateTimer"", ""CreateUnit"", ""DestroyEffect"", ""DestroyGroup"", ""FirstOfGroup"", ""GetHandleId"", ""GetOwningPlayer"", ""GetSpellAbilityUnit"", ""GetUnitAbilityLevel"", ""GetUnitX"", ""GetUnitY"", ""GetWidgetLife"", ""GroupAddUnit"", ""GroupEnumUnitsInRange"", ""GroupRemoveUnit"", ""I2R"", ""IsUnitAlly"", ""IsUnitEnemy"", ""IsUnitInGroup"", ""IsUnitType"", ""SaveGroupHandle"", ""SaveUnitHandle"", ""SetUnitMoveSpeed"", ""SetUnitPathing"", ""SetUnitScale"", ""TimerStart"", ""ZK"", ""fL"", ""hL""]","[""JGv""]",14
JHv,50541,50546,"[""A0GD""]","[""GetSpellAbilityId"", ""Jhv""]",[],1
Jjv,50547,50568,"[""A02N""]","[""GetSpellAbilityId"", ""GetSpellAbilityUnit"", ""GetSpellTargetX"", ""GetSpellTargetY"", ""GetUnitAbilityLevel"", ""GetUnitX"", ""GetUnitY"", ""I2R"", ""jZ""]",[],8
JJv,50569,50574,"[""A02N"", ""A0GE""]","[""GetSpellAbilityId"", ""Jjv""]",[],1
Jkv,50575,50585,"[""I0A1"", ""h011""]","[""CreateItem"", ""CreateUnit"", ""GetOwningPlayer"", ""GetSpellAbilityUnit"", ""GetSpellTargetX"", ""GetSpellTargetY"", ""UnitAddItem"", ""ZK""]",[],3
JKv,50586,50591,"[""A0ZX""]","[""GetSpellAbilityId"", ""Jkv""]",[],1
Hy,50592,50609,[],"[""Condition"", ""CreateTrigger"", ""Lz"", ""TriggerAddCondition""]","[""JDv"", ""JHv"", ""JJv"", ""JKv""]",0
Jpv,50610,50645,"[""A0EQ"", ""h011""]","[""CreateGroup"", ""CreateUnit"", ""DestroyGroup"", ""FirstOfGroup"", ""GetHandleId"", ""GetHeroAgi"", ""GetOwningPlayer"", ""GetSpellAbilityUnit"", ""GetUnitAbilityLevel"", ""GetUnitX"", ""GetUnitY"", ""GetWidgetLife"", ""GroupEnumUnitsInRange"", ""GroupRemoveUnit"", ""IsUnitEnemy"", ""LoadInteger"", ""ZK"", ""hL""]",[],12
Jqv,50646,50651,"[""A0EQ""]","[""GetSpellAbilityId"", ""Jpv""]",[],1
JQv,50652,50664,[],"[""GetExpiredTimer"", ""GetHandleId"", ""KillUnit"", ""LoadItemHandle"", ""LoadUnitHandle"", ""RemoveItem"", ""RemoveUnit"", ""tK""]",[],2
CD,50665,50673,[],"[""GetExpiredTimer"", ""GetHandleId"", ""LoadUnitHandle"", ""SaveBoolean"", ""StringHash"", ""tK""]",[],1
Jsv,50674,50719,"[""A0ES"", ""A0KK"", ""I06Q"", ""O006"", ""h00V"", ""n00K"", ""n00Z"", ""n017"", ""u00G""]","[""CreateTimer"", ""CreateUnit"", ""GetAttacker"", ""GetHandleId"", ""GetOwningPlayer"", ""GetRandomInt"", ""GetTriggerUnit"", ""GetTriggeringTrigger"", ""GetUnitAbilityLevel"", ""GetUnitTypeId"", ""GetUnitX"", ""GetUnitY"", ""IsPlayerEnemy"", ""IsUnitIllusion"", ""LoadBoolean"", ""LoadUnitHandle"", ""SaveBoolean"", ""SaveItemHandle"", ""SaveUnitHandle"", ""SetUnitAbilityLevel"", ""StringHash"", ""TimerStart"", ""UnitAddItemById"", ""UnitUseItemTarget""]","[""CD"", ""JQv""]",12
JWv,50720,50770,"[""A0ES"", ""A0K4"", ""A0KK"", ""I06Q"", ""O006"", ""h00V"", ""n00K"", ""n00Z"", ""n017"", ""u00G""]","[""CreateGroup"", ""CreateUnit"", ""DestroyGroup"", ""FirstOfGroup"", ""GetExpiredTimer"", ""GetHandleId"", ""GetOwningPlayer"", ""GetUnitAbilityLevel"", ""GetUnitState"", ""GetUnitTypeId"", ""GetUnitX"", ""GetUnitY"", ""GroupAddUnit"", ""GroupEnumUnitsInRange"", ""GroupRemoveUnit"", ""IsUnitEnemy"", ""IsUnitInGroup"", ""IsUnitType"", ""IsUnitVisible"", ""LoadGroupHandle"", ""LoadInteger"", ""LoadReal"", ""LoadUnitHandle"", ""SaveInteger"", ""SaveReal"", ""SetUnitAbilityLevel"", ""UnitAddItemById"", ""UnitUseItemTarget"", ""ZK"", ""tK""]",[],17
Jyv,50771,50787,"[""A0KK""]","[""CreateGroup"", ""CreateTimer"", ""GetHandleId"", ""GetSpellAbilityUnit"", ""GetUnitAbilityLevel"", ""SaveGroupHandle"", ""SaveInteger"", ""SaveReal"", ""SaveUnitHandle"", ""TimerStart""]","[""JWv""]",8
JYv,50788,50793,"[""A0KK""]","[""GetSpellAbilityId"", ""Jyv""]",[],1
Jzv,50794,50806,[],"[""Condition"", ""CreateTrigger"", ""GetHandleId"", ""GetTriggerUnit"", ""Lz"", ""SaveUnitHandle"", ""TriggerAddCondition"", ""TriggerRegisterUnitEvent""]","[""JYv"", ""Jsv""]",1
JZv,50807,50812,"[""A0KK""]","[""GetLearnedSkill"", ""GetTriggerUnit"", ""GetUnitAbilityLevel"", ""IsUnitIllusion"", ""Jzv""]",[],1
J_v,50813,50822,[],"[""DisplayTextToPlayer"", ""GetHandleId"", ""GetTriggerPlayer"", ""GetTriggeringTrigger"", ""I2S"", ""LoadInteger"", ""LoadUnitHandle""]",[],3
J0v,50823,50893,"[""A0VH""]","[""CreateGroup"", ""DestroyGroup"", ""FirstOfGroup"", ""GetHandleId"", ""GetHeroAgi"", ""GetHeroLevel"", ""GetOwningPlayer"", ""GetRandomInt"", ""GetTriggeringTrigger"", ""GetUnitAbilityLevel"", ""GetUnitX"", ""GetUnitY"", ""GetWidgetLife"", ""GroupEnumUnitsInRange"", ""GroupRemoveUnit"", ""I2S"", ""IsUnitIllusion"", ""LoadInteger"", ""LoadUnitHandle"", ""SaveInteger"", ""SetHeroAgi"", ""ql""]",[],34
J5v,50894,50911,[],"[""AddSpecialEffectTarget"", ""Condition"", ""CreateTrigger"", ""DisplayTextToPlayer"", ""GetHandleId"", ""GetOwningPlayer"", ""GetTriggerUnit"", ""SaveUnitHandle"", ""TriggerAddCondition"", ""TriggerRegisterPlayerChatEvent"", ""TriggerRegisterTimerEvent""]","[""J0v"", ""J_v""]",6
J6v,50912,50917,"[""A0VH""]","[""GetLearnedSkill"", ""GetTriggerUnit"", ""GetUnitAbilityLevel"", ""IsUnitIllusion"", ""J5v""]",[],3
J7v,50918,50929,"[""Abun""]","[""DestroyEffect"", ""GetExpiredTimer"", ""GetHandleId"", ""LoadEffectHandle"", ""LoadUnitHandle"", ""UnitRemoveAbility"", ""tK""]",[],3
J8v,50930,50973,"[""A0F7"", ""A0SD"", ""Abun"", ""I06Z"", ""O006"", ""h00V"", ""n00K"", ""n00Z"", ""n017"", ""u00G""]","[""AddSpecialEffectTarget"", ""CreateTimer"", ""CreateUnit"", ""GetHandleId"", ""GetOwningPlayer"", ""GetSpellAbilityUnit"", ""GetSpellTargetUnit"", ""GetUnitAbilityLevel"", ""GetUnitTypeId"", ""GetUnitX"", ""GetUnitY"", ""IsUnitEnemy"", ""OL"", ""SaveEffectHandle"", ""SaveItemHandle"", ""SaveUnitHandle"", ""SetUnitAbilityLevel"", ""TimerStart"", ""UnitAddAbility"", ""UnitAddItemById"", ""UnitUseItemTarget""]","[""J7v"", ""JQv""]",15
J9v,50974,50979,"[""A0SD""]","[""GetSpellAbilityId"", ""J8v""]",[],3
jy,50980,50999,[],"[""Condition"", ""CreateTrigger"", ""Lz"", ""TriggerAddCondition""]","[""J6v"", ""J9v"", ""JZv"", ""Jqv""]",2
kiv,51000,51055,[],"[""Cos"", ""CreateGroup"", ""DestroyEffect"", ""DestroyGroup"", ""FirstOfGroup"", ""GK"", ""GetExpiredTimer"", ""GetHandleId"", ""GetOwningPlayer"", ""GetUnitX"", ""GetUnitY"", ""GroupAddUnit"", ""GroupEnumUnitsInRange"", ""GroupRemoveUnit"", ""IsUnitEnemy"", ""IsUnitInGroup"", ""IssueTargetOrderById"", ""LoadEffectHandle"", ""LoadGroupHandle"", ""LoadInteger"", ""LoadReal"", ""LoadUnitHandle"", ""RemoveUnit"", ""SaveInteger"", ""SaveReal"", ""SetUnitFacing"", ""SetUnitPathing"", ""SetUnitPosition"", ""Sin"", ""Uk"", ""eL"", ""hL"", ""tK""]",[],18
kav,51056,51094,"[""A0DO"", ""A0NZ"", ""h011""]","[""AddSpecialEffectTarget"", ""Atan2"", ""Cm"", ""CreateGroup"", ""CreateTimer"", ""CreateUnit"", ""GetHandleId"", ""GetOwningPlayer"", ""GetSpellAbilityUnit"", ""GetSpellTargetX"", ""GetSpellTargetY"", ""GetUnitAbilityLevel"", ""GetUnitFacing"", ""GetUnitX"", ""GetUnitY"", ""SaveEffectHandle"", ""SaveGroupHandle"", ""SaveInteger"", ""SaveReal"", ""SaveUnitHandle"", ""SetUnitAbilityLevel"", ""SetUnitPathing"", ""TimerStart"", ""UnitAddAbility"", ""hl"", ""yP""]","[""kiv""]",18
kVv,51095,51106,[],"[""GetExpiredTimer"", ""GetHandleId"", ""LoadInteger"", ""LoadUnitHandle"", ""SaveInteger"", ""StringHash"", ""tK"", ""uL""]",[],1
kXv,51107,51174,"[""A0P9"", ""B060""]","[""AddSpecialEffect"", ""CreateGroup"", ""CreateTimer"", ""DT"", ""DestroyEffect"", ""DestroyGroup"", ""DisableTrigger"", ""EnableTrigger"", ""FirstOfGroup"", ""FlushChildHashtable"", ""GetEventDamage"", ""GetHandleId"", ""GetOwningPlayer"", ""GetTriggerEventId"", ""GetTriggeringTrigger"", ""GetUnitAbilityLevel"", ""GetUnitX"", ""GetUnitY"", ""GetWidgetLife"", ""GroupEnumUnitsInRange"", ""GroupRemoveUnit"", ""IsUnitEnemy"", ""IsUnitType"", ""IssueImmediateOrderById"", ""IssuePointOrderById"", ""LoadInteger"", ""LoadReal"", ""LoadUnitHandle"", ""SaveInteger"", ""SaveReal"", ""SaveUnitHandle"", ""StringHash"", ""TimerStart"", ""hL"", ""uL""]","[""kVv""]",16
kOv,51175,51190,[],"[""Condition"", ""CreateTrigger"", ""GetHandleId"", ""GetTriggerUnit"", ""SaveReal"", ""SaveUnitHandle"", ""TriggerAddCondition"", ""TriggerRegisterTimerEvent"", ""TriggerRegisterUnitEvent""]","[""kXv""]",3
kRv,51191,51213,[],"[""DestroyTimer"", ""FlushChildHashtable"", ""GetExpiredTimer"", ""GetHandleId"", ""LoadInteger"", ""LoadUnitHandle"", ""SaveInteger"", ""StringHash"", ""UL"", ""uL""]",[],7
kBv,51214,51245,"[""A08X""]","[""CreateTimer"", ""GetAttacker"", ""GetHandleId"", ""GetOwningPlayer"", ""GetRandomInt"", ""GetTriggeringTrigger"", ""GetUnitAbilityLevel"", ""GetWidgetLife"", ""I2R"", ""IsUnitEnemy"", ""LoadInteger"", ""LoadUnitHandle"", ""SaveInteger"", ""SaveUnitHandle"", ""StringHash"", ""TimerStart"", ""UL"", ""uL""]","[""kRv""]",9
kdv,51246,51254,[],"[""Condition"", ""CreateTrigger"", ""GetHandleId"", ""GetLearningUnit"", ""SaveUnitHandle"", ""TriggerAddCondition"", ""TriggerRegisterUnitEvent""]","[""kBv""]",1
kDv,51255,51263,"[""A16U""]","[""GetExpiredTimer"", ""GetHandleId"", ""LoadUnitHandle"", ""UnitAddAbility"", ""tK""]",[],2
kfv,51264,51292,"[""A16V""]","[""GetExpiredTimer"", ""GetHandleId"", ""GetUnitAbilityLevel"", ""GetUnitX"", ""GetUnitY"", ""I2R"", ""LoadInteger"", ""LoadUnitHandle"", ""PauseUnit"", ""SetUnitVertexColor"", ""ShowUnit"", ""UnitRemoveAbility"", ""jZ"", ""tK""]",[],12
kgv,51293,51295,"[""A01G"", ""A01V"", ""A026"", ""A028"", ""A02I"", ""A02M"", ""A02N"", ""A03C"", ""A03E"", ""A03M"", ""A040"", ""A04B"", ""A04E"", ""A04G"", ""A04H"", ""A04J"", ""A04L"", ""A04Q"", ""A04T"", ""A05J"", ""A064"", ""A068"", ""A069"", ""A06I"", ""A06Q"", ""A06T"", ""A06Z"", ""A074"", ""A078"", ""A07A"", ""A07L"", ""A07W"", ""A08A"", ""A08G"", ""A08H"", ""A08N"", ""A08O"", ""A08Q"", ""A08U"", ""A08Z"", ""A092"", ""A093"", ""A09E"", ""A09G"", ""A09O"", ""A09S"", ""A0A2"", ""A0A5"", ""A0AE"", ""A0AN"", ""A0B1"", ""A0BB"", ""A0BG"", ""A0C5"", ""A0CO"", ""A0DB"", ""A0DZ"", ""A0E2"", ""A0EG"", ""A0FU"", ""A0G8"", ""A0GE"", ""A0GY"", ""A0H1"", ""A0H3"", ""A0H6"", ""A0I5"", ""A0IC"", ""A0IJ"", ""A0IM"", ""A0IP"", ""A0IS"", ""A0J6"", ""A0JE"", ""A0JI"", ""A0JV"", ""A0KP"", ""A0M5"", ""A0M9"", ""A0MO"", ""A0MX"", ""A0MY"", ""A0NE"", ""A0NT"", ""A0NY"", ""A0O0"", ""A0O4"", ""A0OY"", ""A0OZ"", ""A0PJ"", ""A0PP"", ""A0PS"", ""A0PY"", ""A0Q7"", ""A0R4"", ""A0R5"", ""A0RA"", ""A0RB"", ""A0RJ"", ""A0SD"", ""A0SJ"", ""A0TM"", ""A0TX"", ""A0U1"", ""A0U3"", ""A0UG"", ""A0UI"", ""A0UW"", ""A0W0"", ""A0W4"", ""A0XI"", ""A0XM"", ""A0XN"", ""A0XV"", ""A0Y5"", ""A0YQ"", ""A0YS"", ""A0YT"", ""A0YX"", ""A0YY"", ""A0ZQ"", ""A10X"", ""A115"", ""A118"", ""A12M"", ""A12N"", ""A12V"", ""A12W"", ""A12Y"", ""A12Z"", ""A13D"", ""A13M"", ""A13U"", ""A13V"", ""A141"", ""A142"", ""A14Q"", ""A14X"", ""A14Y"", ""A15W"", ""A16A"", ""A16M"", ""A180"", ""A18A"", ""A18B"", ""A18R"", ""A18S"", ""A18U"", ""A191"", ""ACpu"", ""ACsw"", ""S000""]",[],[],1
kGv,51296,51499,"[""A01G"", ""A01V"", ""A026"", ""A028"", ""A02I"", ""A02M"", ""A02N"", ""A03C"", ""A03E"", ""A03M"", ""A040"", ""A04B"", ""A04E"", ""A04G"", ""A04H"", ""A04J"", ""A04L"", ""A04Q"", ""A04T"", ""A05J"", ""A064"", ""A068"", ""A069"", ""A06I"", ""A06Q"", ""A06T"", ""A06Z"", ""A074"", ""A078"", ""A07A"", ""A07L"", ""A07W"", ""A08A"", ""A08G"", ""A08H"", ""A08N"", ""A08O"", ""A08Q"", ""A08U"", ""A08Z"", ""A092"", ""A093"", ""A09E"", ""A09G"", ""A09O"", ""A09S"", ""A0A2"", ""A0A5"", ""A0AE"", ""A0AN"", ""A0B1"", ""A0BB"", ""A0BG"", ""A0C5"", ""A0CO"", ""A0DB"", ""A0DZ"", ""A0E2"", ""A0EG"", ""A0FU"", ""A0G8"", ""A0GE"", ""A0GY"", ""A0H1"", ""A0H3"", ""A0H6"", ""A0I5"", ""A0IC"", ""A0IJ"", ""A0IM"", ""A0IP"", ""A0IS"", ""A0J6"", ""A0JE"", ""A0JI"", ""A0JV"", ""A0KP"", ""A0M5"", ""A0M9"", ""A0MO"", ""A0MX"", ""A0MY"", ""A0NE"", ""A0NT"", ""A0NY"", ""A0O0"", ""A0O4"", ""A0OB"", ""A0OY"", ""A0OZ"", ""A0PJ"", ""A0PP"", ""A0PS"", ""A0PY"", ""A0Q7"", ""A0R4"", ""A0R5"", ""A0RA"", ""A0RB"", ""A0RJ"", ""A0S0"", ""A0SD"", ""A0SJ"", ""A0TM"", ""A0TX"", ""A0U1"", ""A0U3"", ""A0UG"", ""A0UI"", ""A0UW"", ""A0W0"", ""A0W1"", ""A0W4"", ""A0W5"", ""A0XI"", ""A0XM"", ""A0XN"", ""A0XV"", ""A0Y5"", ""A0YQ"", ""A0YS"", ""A0YT"", ""A0YX"", ""A0YY"", ""A0ZQ"", ""A10X"", ""A115"", ""A118"", ""A12M"", ""A12N"", ""A12V"", ""A12W"", ""A12Y"", ""A12Z"", ""A13D"", ""A13M"", ""A13U"", ""A13V"", ""A141"", ""A142"", ""A14Q"", ""A14X"", ""A14Y"", ""A15W"", ""A16A"", ""A16M"", ""A16U"", ""A16V"", ""A180"", ""A18A"", ""A18B"", ""A18R"", ""A18S"", ""A18U"", ""A191"", ""ACpu"", ""ACsw"", ""S000""]","[""CreateTimer"", ""GetHandleId"", ""GetObjectName"", ""GetOwningPlayer"", ""GetSpellAbilityId"", ""GetSpellAbilityUnit"", ""GetTriggeringTrigger"", ""GetUnitAbilityLevel"", ""GetUnitState"", ""GetUnitX"", ""GetUnitY"", ""GetWidgetX"", ""GetWidgetY"", ""IsUnitEnemy"", ""IssuePointOrderById"", ""IssueTargetOrderById"", ""LoadUnitHandle"", ""PauseUnit"", ""SaveInteger"", ""SaveUnitHandle"", ""SetUnitAbilityLevel"", ""SetUnitState"", ""SetUnitVertexColor"", ""SetUnitX"", ""SetUnitY"", ""ShowUnit"", ""TimerStart"", ""UnitAddAbility"", ""UnitRemoveAbility"", ""kgv"", ""ql""]","[""kDv"", ""kfv""]",118
khv,51500,51525,"[""A0BL"", ""A0DQ"", ""A0HI"", ""A16U"", ""O00D""]","[""Condition"", ""CreateTrigger"", ""CreateUnit"", ""GetHandleId"", ""GetLearningUnit"", ""GetOwningPlayer"", ""GetUnitX"", ""GetUnitY"", ""Lz"", ""PauseUnit"", ""SaveUnitHandle"", ""SetUnitInvulnerable"", ""SetUnitVertexColor"", ""ShowUnit"", ""SuspendHeroXP"", ""TriggerAddCondition"", ""UnitAddAbility"", ""UnitRemoveAbility""]","[""kGv""]",8
kHv,51526,51534,"[""A0NZ"", ""A0P9""]","[""GetSpellAbilityId"", ""kOv"", ""kav""]",[],2
kjv,51535,51543,"[""A08X"", ""A16V""]","[""GetLearnedSkill"", ""GetLearningUnit"", ""GetUnitAbilityLevel"", ""IsUnitIllusion"", ""kdv"", ""khv""]",[],2
Jy,51544,51552,"[""A16U""]","[""Condition"", ""CreateTrigger"", ""Lz"", ""Nl"", ""TriggerAddCondition""]","[""kHv"", ""kjv""]",1
kKv,51553,51592,"[""A0IE"", ""A0OY"", ""A0OZ"", ""Arav"", ""h01O"", ""h034""]","[""AddSpecialEffectTarget"", ""CreateGroup"", ""CreateUnit"", ""DestroyEffect"", ""DestroyGroup"", ""FirstOfGroup"", ""GetOwningPlayer"", ""GetSpellAbilityId"", ""GetSpellAbilityUnit"", ""GetSpellTargetX"", ""GetSpellTargetY"", ""GetUnitAbilityLevel"", ""GetUnitTypeId"", ""GetWidgetLife"", ""GroupEnumUnitsInRange"", ""GroupRemoveUnit"", ""IsUnitAlly"", ""IsUnitEnemy"", ""IsUnitType"", ""SetUnitFlyHeight"", ""UnitAddAbility"", ""ZK"", ""hL""]",[],11
klv,51593,51598,"[""A0OY"", ""A0OZ""]","[""GetSpellAbilityId"", ""kKv""]",[],1
kLv,51599,51693,"[""A026"", ""A0IE"", ""A0K7"", ""A0K9"", ""A0SH"", ""h011""]","[""AddSpecialEffectTarget"", ""Cos"", ""CreateGroup"", ""CreateUnit"", ""Deg2Rad"", ""DestroyEffect"", ""DestroyGroup"", ""FirstOfGroup"", ""GetExpiredTimer"", ""GetHandleId"", ""GetOwningPlayer"", ""GetUnitAbilityLevel"", ""GetUnitFacing"", ""GetUnitState"", ""GetUnitX"", ""GetUnitY"", ""GetWidgetLife"", ""GroupAddUnit"", ""GroupEnumUnitsInRange"", ""GroupRemoveUnit"", ""IsUnitEnemy"", ""IsUnitInGroup"", ""IsUnitType"", ""IssueTargetOrderById"", ""KillUnit"", ""LoadGroupHandle"", ""LoadReal"", ""LoadUnitHandle"", ""RemoveUnit"", ""SaveReal"", ""SetUnitState"", ""SetUnitX"", ""SetUnitY"", ""SetWidgetLife"", ""Sin"", ""UnitAddAbility"", ""ZK"", ""eL"", ""hL"", ""ql"", ""tK""]",[],30
kmv,51694,51712,[],"[""CreateGroup"", ""CreateTimer"", ""GetHandleId"", ""PauseUnit"", ""SaveGroupHandle"", ""SaveReal"", ""SaveUnitHandle"", ""SetUnitAnimationByIndex"", ""SetUnitPathing"", ""SetUnitX"", ""SetUnitY"", ""TimerStart""]","[""kLv""]",6
kMv,51713,51739,"[""h034""]","[""Cos"", ""CreateUnit"", ""GetOwningPlayer"", ""GetSpellAbilityUnit"", ""GetUnitFacing"", ""GetUnitX"", ""GetUnitY"", ""Sin"", ""kmv""]",[],16
kpv,51740,51745,"[""A026""]","[""GetSpellAbilityId"", ""kMv""]",[],1
kPv,51746,51824,"[""A0K7"", ""A0ZT"", ""h034""]","[""CreateGroup"", ""CreateUnit"", ""DestroyGroup"", ""FirstOfGroup"", ""GetExpiredTimer"", ""GetHandleId"", ""GetOwningPlayer"", ""GetRandomInt"", ""GetUnitFacing"", ""GetUnitTypeId"", ""GetWidgetLife"", ""Gl"", ""GroupAddUnit"", ""GroupEnumUnitsInRange"", ""GroupRemoveUnit"", ""IsUnitAlly"", ""IsUnitEnemy"", ""IsUnitInGroup"", ""IsUnitType"", ""LoadBoolean"", ""LoadGroupHandle"", ""LoadInteger"", ""LoadReal"", ""LoadUnitHandle"", ""RemoveUnit"", ""SaveInteger"", ""UnitAddAbility"", ""UnitRemoveAbility"", ""hL"", ""kmv"", ""tK""]",[],24
kQv,51825,51867,"[""A0GB"", ""A0GC"", ""A0KA"", ""h011""]","[""CreateGroup"", ""CreateTimer"", ""CreateUnit"", ""GetHandleId"", ""GetOwningPlayer"", ""GetSpellAbilityId"", ""GetSpellAbilityUnit"", ""GetSpellTargetX"", ""GetSpellTargetY"", ""GetUnitAbilityLevel"", ""IssuePointOrderById"", ""SaveBoolean"", ""SaveGroupHandle"", ""SaveInteger"", ""SaveReal"", ""SaveUnitHandle"", ""SetUnitAbilityLevel"", ""TimerStart"", ""UnitAddAbility""]","[""kPv""]",22
ksv,51868,51873,"[""A0GC"", ""A0KA""]","[""GetSpellAbilityId"", ""kQv""]",[],1
kSv,51874,51894,"[""Avul""]","[""DestroyEffect"", ""GetExpiredTimer"", ""GetHandleId"", ""GetOwningPlayer"", ""LoadEffectHandle"", ""LoadUnitHandle"", ""UnitRemoveAbility""]",[],4
ktv,51895,51910,"[""Avul""]","[""AddSpecialEffectTarget"", ""GetHandleId"", ""GetOwningPlayer"", ""GetWidgetLife"", ""IsUnitAlly"", ""SaveEffectHandle"", ""UnitAddAbility""]",[],4
kTv,51911,51941,[],"[""GetExpiredTimer"", ""GetHandleId"", ""GetOwningPlayer"", ""GetUnitState"", ""GetUnitStatePercent"", ""GetWidgetLife"", ""IsUnitAlly"", ""LoadInteger"", ""LoadUnitHandle"", ""RMaxBJ"", ""SaveInteger"", ""SetUnitState"", ""tK""]",[],11
kuv,51942,51972,"[""A0K9"", ""h034""]","[""CreateGroup"", ""CreateTimer"", ""DestroyGroup"", ""FirstOfGroup"", ""GetHandleId"", ""GetOwningPlayer"", ""GetTriggerUnit"", ""GetUnitTypeId"", ""GetUnitX"", ""GetUnitY"", ""GroupEnumUnitsInRange"", ""GroupRemoveUnit"", ""IsUnitAlly"", ""SaveInteger"", ""SaveUnitHandle"", ""TimerStart"", ""UnitAddAbility"", ""ktv""]","[""kSv"", ""kTv""]",12
kUv,51973,51978,"[""A0ZU""]","[""GetSpellAbilityId"", ""kuv""]",[],1
kwv,51979,52016,"[""A05W""]","[""AddSpecialEffectTarget"", ""CreateGroup"", ""DestroyEffect"", ""DestroyGroup"", ""FirstOfGroup"", ""GetOwningPlayer"", ""GetSpellAbilityUnit"", ""GetUnitAbilityLevel"", ""GetUnitState"", ""GetUnitX"", ""GetUnitY"", ""GetWidgetLife"", ""GroupEnumUnitsInRange"", ""GroupRemoveUnit"", ""I2R"", ""IsUnitEnemy"", ""IsUnitType"", ""hL""]",[],7
kYv,52017,52023,"[""A026"", ""A0GC"", ""A0KA"", ""A0OY"", ""A0OZ"", ""A0ZU""]","[""GetSpellAbilityId"", ""kwv""]",[],1
kzv,52024,52032,[],"[""Condition"", ""CreateTrigger"", ""GetHandleId"", ""GetTriggerUnit"", ""TriggerAddCondition"", ""TriggerRegisterUnitEvent""]","[""kYv""]",0
kZv,52033,52038,"[""A05W""]","[""GetLearnedSkill"", ""GetTriggerUnit"", ""GetUnitAbilityLevel"", ""IsUnitIllusion"", ""kzv""]",[],1
Ky,52039,52066,"[""A0GB"", ""A0K7"", ""A0K9"", ""A0ZT"", ""Avul"", ""h034""]","[""Condition"", ""CreateTrigger"", ""Lz"", ""Nl"", ""TriggerAddCondition"", ""nl""]","[""kUv"", ""kZv"", ""klv"", ""kpv"", ""ksv""]",21
k4v,52067,52097,"[""o00I""]","[""CreateGroup"", ""DestroyGroup"", ""FirstOfGroup"", ""GetOwningPlayer"", ""GetPlayerId"", ""GetSpellAbilityId"", ""GetSpellAbilityUnit"", ""GetSpellTargetX"", ""GetSpellTargetY"", ""GetUnitAbilityLevel"", ""GetUnitTypeId"", ""GetUnitX"", ""GetUnitY"", ""GetWidgetLife"", ""GroupEnumUnitsInRange"", ""GroupRemoveUnit"", ""I2R"", ""jZ""]",[],10
k5v,52098,52105,[],"[""GetUnitState""]",[],6
k6v,52106,52126,"[""A14R"", ""B09X"", ""B09Y""]","[""AddSpecialEffectTarget"", ""DestroyEffect"", ""GetEventDamage"", ""GetHandleId"", ""GetTriggerUnit"", ""GetTriggeringTrigger"", ""GetUnitAbilityLevel"", ""GetUnitState"", ""LoadUnitHandle"", ""SetUnitState""]",[],7
k7v,52127,52166,"[""A0K4"", ""o00I""]","[""CreateGroup"", ""DestroyGroup"", ""FirstOfGroup"", ""GetExpiredTimer"", ""GetHandleId"", ""GetOwningPlayer"", ""GetUnitAbilityLevel"", ""GetUnitTypeId"", ""GetUnitX"", ""GetUnitY"", ""GetWidgetLife"", ""GroupAddUnit"", ""GroupEnumUnitsInRange"", ""GroupRemoveUnit"", ""IsUnitAlly"", ""IsUnitInGroup"", ""IsUnitType"", ""LoadGroupHandle"", ""LoadInteger"", ""LoadTriggerHandle"", ""LoadUnitHandle"", ""RemoveUnit"", ""SaveInteger"", ""StringHash"", ""TriggerRegisterUnitEvent"", ""tK""]",[],8
k8v,52167,52226,"[""A0K4"", ""A14R"", ""A14U"", ""B09X"", ""BTLF"", ""o00I""]","[""CreateGroup"", ""CreateTimer"", ""CreateUnit"", ""DestroyGroup"", ""FirstOfGroup"", ""GetHandleId"", ""GetOwningPlayer"", ""GetSpellTargetX"", ""GetSpellTargetY"", ""GetTriggerUnit"", ""GetUnitAbilityLevel"", ""GetUnitState"", ""GetUnitTypeId"", ""GetWidgetLife"", ""Gl"", ""GroupAddUnit"", ""GroupEnumUnitsInRange"", ""GroupRemoveUnit"", ""IsUnitAlly"", ""IsUnitInGroup"", ""IsUnitType"", ""LoadGroupHandle"", ""LoadTriggerHandle"", ""SaveInteger"", ""SaveUnitHandle"", ""SetUnitAbilityLevel"", ""SetUnitState"", ""SetUnitX"", ""SetUnitY"", ""StringHash"", ""TimerStart"", ""TriggerRegisterUnitEvent"", ""UnitApplyTimedLife"", ""k5v""]","[""k7v""]",19
k9v,52227,52236,[],"[""Condition"", ""CreateGroup"", ""CreateTrigger"", ""GetHandleId"", ""GetLearningUnit"", ""SaveGroupHandle"", ""SaveTriggerHandle"", ""SaveUnitHandle"", ""StringHash"", ""TriggerAddCondition""]","[""k6v""]",3
Kvv,52237,52268,[],"[""AddSpecialEffectTarget"", ""Atan2"", ""Cos"", ""DestroyEffect"", ""GetExpiredTimer"", ""GetHandleId"", ""GetUnitX"", ""GetUnitY"", ""LoadReal"", ""LoadUnitHandle"", ""SaveReal"", ""SetUnitPathing"", ""SetUnitPosition"", ""Sin"", ""eL"", ""tK""]",[],8
Kev,52269,52283,[],"[""CreateTimer"", ""GetHandleId"", ""GetUnitX"", ""GetUnitY"", ""SaveReal"", ""SaveUnitHandle"", ""SetUnitPathing"", ""TimerStart""]","[""Kvv""]",7
Kxv,52284,52315,"[""A14S""]","[""GetEventDamage"", ""GetEventDamageSource"", ""GetHandleId"", ""GetRandomInt"", ""GetTriggerUnit"", ""GetTriggeringTrigger"", ""GetUnitAbilityLevel"", ""GetUnitUserData"", ""GetUnitX"", ""GetUnitY"", ""IsUnitType"", ""Kev"", ""LoadUnitHandle"", ""SetSoundPosition"", ""SetSoundVolume"", ""StartSound"", ""hL""]",[],15
Kiv,52316,52327,"[""h011""]","[""Condition"", ""CreateTrigger"", ""CreateUnit"", ""GetHandleId"", ""GetLearningUnit"", ""GetOwningPlayer"", ""GetUnitX"", ""GetUnitY"", ""SaveUnitHandle"", ""TriggerAddCondition"", ""TriggerRegisterUnitEvent""]","[""Kxv""]",2
Kav,52328,52357,[],"[""Cos"", ""Deg2Rad"", ""GetExpiredTimer"", ""GetHandleId"", ""GetUnitFacing"", ""GetUnitX"", ""GetUnitY"", ""LoadReal"", ""LoadUnitHandle"", ""RemoveUnit"", ""SaveReal"", ""SetUnitFlyHeight"", ""SetUnitX"", ""SetUnitY"", ""Sin"", ""tK""]",[],12
Knv,52358,52380,"[""h01O""]","[""AddSpecialEffectTarget"", ""Cos"", ""CreateTimer"", ""CreateUnit"", ""GetHandleId"", ""GetOwningPlayer"", ""GetUnitFacing"", ""SaveReal"", ""SaveUnitHandle"", ""Sin"", ""TimerStart""]","[""Kav""]",9
KVv,52381,52442,"[""A14W"", ""B09Y""]","[""CreateGroup"", ""DT"", ""DestroyGroup"", ""FirstOfGroup"", ""FlushChildHashtable"", ""GetEventDamage"", ""GetHandleId"", ""GetOwningPlayer"", ""GetTriggerEventId"", ""GetTriggerUnit"", ""GetTriggeringTrigger"", ""GetUnitState"", ""GetUnitX"", ""GetUnitY"", ""GetWidgetLife"", ""GroupEnumUnitsInRange"", ""GroupRemoveUnit"", ""IsUnitEnemy"", ""IsUnitType"", ""Knv"", ""LoadGroupHandle"", ""LoadInteger"", ""LoadReal"", ""LoadUnitHandle"", ""SaveReal"", ""SetUnitState"", ""UnitRemoveAbility"", ""hL""]",[],12
KEv,52443,52478,"[""A0A9"", ""A14T"", ""A14W""]","[""Condition"", ""CreateGroup"", ""CreateTrigger"", ""DestroyGroup"", ""FirstOfGroup"", ""GetHandleId"", ""GetOwningPlayer"", ""GetTriggerUnit"", ""GetUnitAbilityLevel"", ""GetUnitX"", ""GetUnitY"", ""GetWidgetLife"", ""GroupAddUnit"", ""GroupEnumUnitsInRange"", ""GroupRemoveUnit"", ""IsUnitAlly"", ""IsUnitIllusion"", ""IsUnitType"", ""SaveGroupHandle"", ""SaveInteger"", ""SaveReal"", ""SaveUnitHandle"", ""TriggerAddCondition"", ""TriggerRegisterTimerEvent"", ""TriggerRegisterUnitEvent"", ""UnitAddAbility""]","[""KVv""]",9
KXv,52479,52490,"[""A14Q"", ""A14R"", ""A14T""]","[""GetSpellAbilityId"", ""KEv"", ""k4v"", ""k8v""]",[],5
KOv,52491,52499,"[""A14R"", ""A14S""]","[""GetLearnedSkill"", ""GetLearningUnit"", ""GetUnitAbilityLevel"", ""IsUnitIllusion"", ""Kiv"", ""k9v""]",[],3
ly,52500,52512,"[""A14W"", ""h01O"", ""o00I""]","[""Condition"", ""CreateTrigger"", ""Lz"", ""Nl"", ""TriggerAddCondition"", ""nl""]","[""KOv"", ""KXv""]",3
KAv,52513,52535,"[""A13J""]","[""AddSpecialEffectTarget"", ""DestroyEffect"", ""GetHandleId"", ""GetUnitAbilityLevel"", ""LoadInteger"", ""SaveInteger"", ""SetUnitAbilityLevel"", ""StringHash"", ""UnitAddAbility"", ""UnitRemoveAbility""]",[],8
KNv,52536,52589,"[""A13I""]","[""Cos"", ""CreateGroup"", ""DT"", ""DestroyGroup"", ""FirstOfGroup"", ""FlushChildHashtable"", ""GetHandleId"", ""GetOwningPlayer"", ""GetTriggerEvalCount"", ""GetTriggeringTrigger"", ""GetUnitAbilityLevel"", ""GetUnitState"", ""GetUnitX"", ""GetUnitY"", ""GroupAddUnit"", ""GroupEnumUnitsInRange"", ""GroupRemoveUnit"", ""IsUnitEnemy"", ""IsUnitInGroup"", ""IsUnitType"", ""KAv"", ""LoadGroupHandle"", ""LoadInteger"", ""LoadReal"", ""LoadUnitHandle"", ""RemoveUnit"", ""SaveInteger"", ""SetUnitFlyHeight"", ""SetUnitX"", ""SetUnitY"", ""Sin"", ""StringHash"", ""hL"", ""iL"", ""nL""]",[],20
Kbv,52590,52624,"[""A0YQ"", ""h01S""]","[""Atan2"", ""Cm"", ""Condition"", ""Cos"", ""CreateGroup"", ""CreateTrigger"", ""CreateUnit"", ""GetHandleId"", ""GetOwningPlayer"", ""GetSpellTargetX"", ""GetSpellTargetY"", ""GetTriggerUnit"", ""GetUnitAbilityLevel"", ""GetUnitX"", ""GetUnitY"", ""I2R"", ""SaveGroupHandle"", ""SaveInteger"", ""SaveReal"", ""SaveUnitHandle"", ""Sin"", ""TriggerAddCondition"", ""TriggerRegisterTimerEvent""]","[""KNv""]",19
Kcv,52625,52672,[],"[""Cos"", ""CreateGroup"", ""DT"", ""DestroyGroup"", ""FirstOfGroup"", ""FlushChildHashtable"", ""GetHandleId"", ""GetOwningPlayer"", ""GetTriggerEvalCount"", ""GetTriggeringTrigger"", ""GetUnitState"", ""GetUnitX"", ""GetUnitY"", ""GroupAddUnit"", ""GroupEnumUnitsInRange"", ""GroupRemoveUnit"", ""IsUnitEnemy"", ""IsUnitInGroup"", ""IsUnitType"", ""LoadGroupHandle"", ""LoadInteger"", ""LoadReal"", ""LoadUnitHandle"", ""RemoveUnit"", ""SetUnitX"", ""SetUnitY"", ""Sin"", ""hL"", ""iL"", ""nL""]",[],16
KCv,52673,52701,"[""A13J"", ""h01C""]","[""Atan2"", ""Condition"", ""Cos"", ""CreateGroup"", ""CreateTrigger"", ""CreateUnit"", ""GetHandleId"", ""GetOwningPlayer"", ""GetSpellTargetX"", ""GetSpellTargetY"", ""GetTriggerUnit"", ""GetUnitAbilityLevel"", ""GetUnitX"", ""GetUnitY"", ""SaveGroupHandle"", ""SaveInteger"", ""SaveReal"", ""SaveUnitHandle"", ""Sin"", ""TriggerAddCondition"", ""TriggerRegisterTimerEvent""]","[""Kcv""]",15
Kdv,52702,52713,"[""A0CF""]","[""DestroyEffect"", ""GetExpiredTimer"", ""GetHandleId"", ""LoadEffectHandle"", ""LoadUnitHandle"", ""UnitRemoveAbility"", ""tK""]",[],3
KDv,52714,52755,"[""A0CF"", ""A13H"", ""Arav""]","[""AddSpecialEffectTarget"", ""Cos"", ""CreateTimer"", ""Deg2Rad"", ""GK"", ""GetExpiredTimer"", ""GetHandleId"", ""GetUnitAbilityLevel"", ""GetUnitFacing"", ""GetUnitX"", ""GetUnitY"", ""KAv"", ""LoadReal"", ""LoadUnitHandle"", ""PauseUnit"", ""SaveEffectHandle"", ""SaveReal"", ""SaveUnitHandle"", ""SetUnitAbilityLevel"", ""SetUnitFlyHeight"", ""SetUnitPathing"", ""SetUnitX"", ""SetUnitY"", ""Sin"", ""TimerStart"", ""Uk"", ""UnitAddAbility"", ""UnitRemoveAbility"", ""eL"", ""tK""]","[""Kdv""]",14
Kfv,52756,52784,"[""Arav""]","[""Atan2"", ""CreateTimer"", ""GetHandleId"", ""GetOwningPlayer"", ""GetSpellAbilityUnit"", ""GetSpellTargetX"", ""GetSpellTargetY"", ""GetUnitX"", ""GetUnitY"", ""PauseUnit"", ""Rad2Deg"", ""SaveReal"", ""SaveUnitHandle"", ""SetPlayerAbilityAvailable"", ""SetUnitFlyHeight"", ""SetUnitPathing"", ""TimerStart"", ""UnitAddAbility"", ""hl""]","[""KDv""]",8
KFv,52785,52796,"[""A0YQ"", ""A13H"", ""A13J""]","[""GetSpellAbilityId"", ""KCv"", ""Kbv"", ""Kfv""]",[],3
Kgv,52797,52849,"[""A0YQ"", ""A13H"", ""A13I"", ""A13L""]","[""DT"", ""DisableTrigger"", ""FlushChildHashtable"", ""GetEventDamageSource"", ""GetHandleId"", ""GetOwningPlayer"", ""GetTriggerEventId"", ""GetTriggeringTrigger"", ""GetUnitAbilityLevel"", ""LoadInteger"", ""LoadUnitHandle"", ""SaveInteger"", ""SetPlayerAbilityAvailable"", ""SetUnitAbilityLevel"", ""StringHash"", ""UnitAddAbility"", ""UnitRemoveAbility""]",[],20
KGv,52850,52863,[],"[""Condition"", ""CreateTrigger"", ""GetAttacker"", ""GetHandleId"", ""GetTriggerUnit"", ""SaveUnitHandle"", ""TriggerAddCondition"", ""TriggerRegisterTimerEvent"", ""TriggerRegisterUnitEvent""]","[""Kgv""]",3
Khv,52864,52871,[],"[""GetAttacker"", ""GetHandleId"", ""KGv"", ""LoadInteger"", ""TS""]",[],2
KHv,52872,52877,"[""A13I""]","[""GetAttacker"", ""GetHandleId"", ""GetOwningPlayer"", ""GetTriggerUnit"", ""GetTriggeringTrigger"", ""GetUnitAbilityLevel"", ""IsUnitEnemy"", ""IsUnitType"", ""Khv"", ""LoadUnitHandle""]",[],1
Kjv,52878,52887,[],"[""Condition"", ""CreateTrigger"", ""GetHandleId"", ""GetTriggerUnit"", ""Lz"", ""SaveInteger"", ""SaveUnitHandle"", ""StringHash"", ""TriggerAddCondition""]","[""KHv""]",2
KJv,52888,52896,"[""A13I"", ""A13J""]","[""GetHandleId"", ""GetLearnedSkill"", ""GetLearningUnit"", ""GetTriggerUnit"", ""GetUnitAbilityLevel"", ""IsUnitIllusion"", ""Kjv"", ""SaveInteger"", ""StringHash""]",[],3
Ly,52897,52908,"[""A0CF"", ""A13L"", ""h01C"", ""h01S""]","[""Condition"", ""CreateTrigger"", ""Lz"", ""Nl"", ""TriggerAddCondition"", ""nl""]","[""KFv"", ""KJv""]",4
Klv,52909,52928,[],"[""FirstOfGroup"", ""GetRandomInt"", ""GroupRemoveUnit""]",[],5
KLv,52929,53032,"[""A17P""]","[""Atan2"", ""Cm"", ""Cos"", ""CreateGroup"", ""DestroyGroup"", ""FirstOfGroup"", ""GetExpiredTimer"", ""GetHandleId"", ""GetOwningPlayer"", ""GetRandomReal"", ""GetUnitAbilityLevel"", ""GetUnitX"", ""GetUnitY"", ""GetWidgetLife"", ""GroupAddUnit"", ""GroupEnumUnitsInRange"", ""GroupRemoveUnit"", ""IsUnitEnemy"", ""IsUnitInGroup"", ""Klv"", ""LoadInteger"", ""LoadReal"", ""LoadUnitHandle"", ""PauseTimer"", ""RemoveUnit"", ""SaveInteger"", ""SaveReal"", ""SaveUnitHandle"", ""SetUnitX"", ""SetUnitY"", ""Sin"", ""TimerStart"", ""Uk"", ""exitwhen"", ""hL"", ""hl"", ""tK""]","[""KLv""]",42
Kmv,53033,53075,"[""h049""]","[""CreateTimer"", ""CreateUnit"", ""GetExpiredTimer"", ""GetHandleId"", ""GetOwningPlayer"", ""GetRandomReal"", ""GetUnitX"", ""GetUnitY"", ""LoadInteger"", ""LoadReal"", ""LoadUnitHandle"", ""SaveInteger"", ""SaveReal"", ""SaveUnitHandle"", ""TimerStart"", ""Uk"", ""exitwhen"", ""tK""]","[""KLv""]",15
KMv,53076,53088,"[""A17P""]","[""CreateTimer"", ""GetHandleId"", ""GetTriggerUnit"", ""GetUnitAbilityLevel"", ""SaveInteger"", ""SaveReal"", ""SaveUnitHandle"", ""TimerStart""]","[""Kmv""]",6
Kpv,53089,53094,"[""A17P""]","[""GetSpellAbilityId"", ""KMv""]",[],1
KPv,53095,53106,"[""A0SV""]","[""DestroyEffect"", ""GetExpiredTimer"", ""GetHandleId"", ""LoadEffectHandle"", ""LoadUnitHandle"", ""UnitRemoveAbility"", ""tK""]",[],3
Kqv,53107,53121,"[""A0D7"", ""A0SV""]","[""AddSpecialEffectTarget"", ""CreateTimer"", ""GetHandleId"", ""GetSpellAbilityUnit"", ""GetUnitAbilityLevel"", ""I2R"", ""SaveEffectHandle"", ""SaveUnitHandle"", ""SetUnitAbilityLevel"", ""TimerStart"", ""UnitAddAbility""]","[""KPv""]",6
KQv,53122,53127,"[""A0D7""]","[""GetSpellAbilityId"", ""Kqv""]",[],1
Ksv,53128,53157,"[""A07H"", ""A0L7"", ""BTLF"", ""h011""]","[""CreateUnit"", ""DT"", ""DisableTrigger"", ""FlushChildHashtable"", ""GetEventDamageSource"", ""GetHandleId"", ""GetOwningPlayer"", ""GetTriggerEventId"", ""GetTriggeringTrigger"", ""GetUnitAbilityLevel"", ""GetUnitX"", ""GetUnitY"", ""IssueTargetOrderById"", ""LoadUnitHandle"", ""SetUnitAbilityLevel"", ""UnitAddAbility"", ""UnitApplyTimedLife""]",[],8
KSv,53158,53171,[],"[""Condition"", ""CreateTrigger"", ""GetAttacker"", ""GetHandleId"", ""GetTriggerUnit"", ""SaveUnitHandle"", ""TriggerAddCondition"", ""TriggerRegisterTimerEvent"", ""TriggerRegisterUnitEvent""]","[""Ksv""]",3
Ktv,53172,53181,"[""A07H""]","[""GetAttacker"", ""GetHandleId"", ""GetUnitAbilityLevel"", ""I2R"", ""KSv"", ""LoadInteger"", ""TS""]",[],4
KTv,53182,53187,"[""A07H""]","[""GetAttacker"", ""GetHandleId"", ""GetOwningPlayer"", ""GetTriggerUnit"", ""GetTriggeringTrigger"", ""GetUnitAbilityLevel"", ""IsUnitEnemy"", ""IsUnitType"", ""Ktv"", ""LoadUnitHandle""]",[],1
Kuv,53188,53194,[],"[""Condition"", ""CreateTrigger"", ""GetHandleId"", ""GetTriggerUnit"", ""Lz"", ""SaveUnitHandle"", ""TriggerAddCondition""]","[""KTv""]",1
KUv,53195,53200,"[""A07H""]","[""GetLearnedSkill"", ""GetTriggerUnit"", ""GetUnitAbilityLevel"", ""IsUnitIllusion"", ""Kuv""]",[],1
My,53201,53216,"[""A0L7"", ""A0SV""]","[""Condition"", ""CreateTrigger"", ""Lz"", ""Nl"", ""TriggerAddCondition""]","[""KQv"", ""KUv"", ""Kpv""]",2
KYv,53217,53228,"[""A03Y""]","[""GetHandleId"", ""GetTriggeringTrigger"", ""GetUnitAbilityLevel"", ""LoadUnitHandle"", ""Uk"", ""fL"", ""fl""]",[],3
Kzv,53229,53242,"[""A03Y""]","[""Condition"", ""CreateTrigger"", ""GetHandleId"", ""GetHeroAgi"", ""GetLearningUnit"", ""GetUnitAbilityLevel"", ""SaveUnitHandle"", ""SetHeroAgi"", ""TriggerAddCondition"", ""TriggerRegisterTimerEvent""]","[""KYv""]",4
KZv,53243,53248,"[""A03Y""]","[""GetLearnedSkill"", ""GetLearningUnit"", ""IsUnitIllusion"", ""Kzv""]",[],1
K_v,53249,53287,[],"[""CreateGroup"", ""DestroyGroup"", ""FirstOfGroup"", ""GetExpiredTimer"", ""GetHandleId"", ""GetOwningPlayer"", ""GetUnitX"", ""GetUnitY"", ""GetWidgetLife"", ""GroupEnumUnitsInRange"", ""GroupRemoveUnit"", ""IsUnitEnemy"", ""IssuePointOrderById"", ""LoadInteger"", ""LoadReal"", ""LoadUnitHandle"", ""RemoveUnit"", ""SaveReal"", ""StringHash"", ""hL"", ""tK""]",[],10
K0v,53288,53311,"[""A0L1"", ""A0NY"", ""h02V""]","[""CreateTimer"", ""CreateUnit"", ""GetHandleId"", ""GetOwningPlayer"", ""GetSpellTargetX"", ""GetSpellTargetY"", ""GetTriggerUnit"", ""GetUnitAbilityLevel"", ""IssuePointOrderById"", ""SaveInteger"", ""SaveReal"", ""SaveUnitHandle"", ""SetUnitAbilityLevel"", ""SetUnitX"", ""SetUnitY"", ""StringHash"", ""TimerStart"", ""UnitAddAbility""]","[""K_v""]",11
K1v,53312,53317,"[""A0NY""]","[""GetSpellAbilityId"", ""K0v""]",[],3
K2v,53318,53325,[],"[""Condition"", ""CreateTrigger"", ""GetLearningUnit"", ""TriggerAddCondition"", ""TriggerRegisterUnitEvent""]","[""K1v""]",2
K3v,53326,53331,"[""A0NY""]","[""GetLearnedSkill"", ""GetLearningUnit"", ""GetUnitAbilityLevel"", ""IsUnitIllusion"", ""K2v""]",[],3
K4v,53332,53340,[],"[""GetExpiredTimer"", ""GetHandleId"", ""LoadUnitHandle"", ""SaveBoolean"", ""StringHash"", ""tK""]",[],2
K5v,53341,53357,[],"[""GetExpiredTimer"", ""GetHandleId"", ""GetWidgetLife"", ""LoadInteger"", ""LoadReal"", ""LoadUnitHandle"", ""RemoveUnit"", ""SaveInteger"", ""SaveReal"", ""StringHash"", ""tK""]",[],8
K6v,53358,53396,"[""A0SE"", ""BTLF"", ""n010"", ""n011"", ""n012""]","[""CreateTimer"", ""GetHandleId"", ""GetOwningPlayer"", ""GetTriggerUnit"", ""GetUnitAbilityLevel"", ""GetUnitX"", ""GetUnitY"", ""LoadInteger"", ""OW"", ""SaveBoolean"", ""SaveInteger"", ""SaveUnitHandle"", ""StringHash"", ""TimerStart"", ""UnitApplyTimedLife""]","[""K4v"", ""K5v""]",20
lvv,53397,53402,"[""A0SE""]","[""GetSpellAbilityId"", ""K6v""]",[],2
lxv,53403,53436,"[""A0SE"", ""BTLF"", ""n010"", ""n011"", ""n012""]","[""CreateTimer"", ""GetDyingUnit"", ""GetHandleId"", ""GetKillingUnit"", ""GetOwningPlayer"", ""GetRandomInt"", ""GetTriggeringTrigger"", ""GetUnitAbilityLevel"", ""GetUnitX"", ""GetUnitY"", ""IsUnitEnemy"", ""LoadBoolean"", ""LoadInteger"", ""LoadUnitHandle"", ""OW"", ""SaveInteger"", ""SaveUnitHandle"", ""StringHash"", ""TimerStart"", ""UnitApplyTimedLife""]","[""K5v""]",18
lov,53437,53451,[],"[""Condition"", ""CreateTrigger"", ""GetHandleId"", ""GetLearningUnit"", ""Lz"", ""SaveBoolean"", ""SaveInteger"", ""SaveUnitHandle"", ""StringHash"", ""TriggerAddCondition"", ""TriggerRegisterUnitEvent""]","[""lvv"", ""lxv""]",2
lrv,53452,53457,"[""A0SE""]","[""GetLearnedSkill"", ""GetLearningUnit"", ""GetUnitAbilityLevel"", ""IsUnitIllusion"", ""lov""]",[],1
liv,53458,53528,"[""B086""]","[""AddSpecialEffectTarget"", ""Cm"", ""CreateGroup"", ""DT"", ""DestroyEffect"", ""DestroyGroup"", ""DisableTrigger"", ""FirstOfGroup"", ""FlushChildHashtable"", ""GetEventDamage"", ""GetEventDamageSource"", ""GetHandleId"", ""GetOwningPlayer"", ""GetTriggerEventId"", ""GetTriggeringTrigger"", ""GetUnitX"", ""GetUnitY"", ""GetWidgetLife"", ""GroupAddUnit"", ""GroupEnumUnitsInRange"", ""GroupRemoveUnit"", ""I2R"", ""IsUnitEnemy"", ""IsUnitInGroup"", ""LoadInteger"", ""LoadUnitHandle"", ""RemoveUnit"", ""SaveInteger"", ""StringHash"", ""UnitRemoveAbility"", ""hL""]",[],17
lav,53529,53555,"[""B086""]","[""Condition"", ""CreateTrigger"", ""DT"", ""FlushChildHashtable"", ""GetAttacker"", ""GetHandleId"", ""GetTriggerEventId"", ""GetTriggerUnit"", ""GetTriggeringTrigger"", ""IsUnitType"", ""LoadInteger"", ""LoadUnitHandle"", ""RemoveUnit"", ""SaveInteger"", ""SaveUnitHandle"", ""StringHash"", ""TriggerAddCondition"", ""TriggerRegisterTimerEvent"", ""TriggerRegisterUnitEvent"", ""UnitRemoveAbility""]","[""liv""]",9
lnv,53556,53574,"[""A0L0"", ""h011""]","[""Condition"", ""CreateTrigger"", ""CreateUnit"", ""GetHandleId"", ""GetOwningPlayer"", ""GetTriggerUnit"", ""GetUnitAbilityLevel"", ""GetUnitX"", ""GetUnitY"", ""Lz"", ""SaveInteger"", ""SaveUnitHandle"", ""StringHash"", ""TriggerAddCondition"", ""TriggerRegisterTimerEvent"", ""TriggerRegisterUnitEvent""]","[""lav""]",7
lVv,53575,53580,"[""A0L0""]","[""GetSpellAbilityId"", ""lnv""]",[],1
Py,53581,53603,"[""A0L1"", ""h02V"", ""n010"", ""n011"", ""n012""]","[""Condition"", ""CreateTrigger"", ""Lz"", ""Nl"", ""TriggerAddCondition"", ""nl""]","[""K3v"", ""KZv"", ""lVv"", ""lrv""]",6
lIv,53604,53606,"[""Aloc""]","[""GetFilterUnit"", ""GetUnitAbilityLevel"", ""GetWidgetLife"", ""IsUnitType""]",[],1
lAv,53607,53611,[],"[""GetHeroAgi"", ""GetHeroInt"", ""GetHeroStr"", ""I2R"", ""R2I"", ""SetHeroAgi"", ""SetHeroInt"", ""SetHeroStr""]",[],3
lNv,53612,53623,[],"[""GetHeroAgi""]",[],5
lcv,53624,53638,"[""A0JG""]","[""DestroyTimer"", ""FlushChildHashtable"", ""GetExpiredTimer"", ""GetHandleId"", ""LoadInteger"", ""LoadUnitHandle"", ""PauseTimer"", ""SaveInteger"", ""StringHash"", ""UnitRemoveAbility""]",[],4
lCv,53639,53672,"[""A0JG""]","[""AddSpecialEffectTarget"", ""CreateTimer"", ""DestroyEffect"", ""GetHandleId"", ""GetUnitAbilityLevel"", ""SaveInteger"", ""SaveUnitHandle"", ""SetUnitAbilityLevel"", ""StringHash"", ""TimerStart"", ""UnitAddAbility""]","[""lcv""]",17
lfv,53673,53740,"[""A12D"", ""O00D""]","[""Cos"", ""CountUnitsInGroup"", ""CreateGroup"", ""Deg2Rad"", ""DestroyBoolExpr"", ""DestroyGroup"", ""FirstOfGroup"", ""GetExpiredTimer"", ""GetHandleId"", ""GetOwningPlayer"", ""GetUnitAbilityLevel"", ""GetUnitFacing"", ""GetUnitTypeId"", ""GetUnitX"", ""GetUnitY"", ""GetWidgetLife"", ""GroupAddUnit"", ""GroupClear"", ""GroupEnumUnitsInRange"", ""GroupRemoveUnit"", ""I2R"", ""IsUnitEnemy"", ""IsUnitInGroup"", ""KillUnit"", ""LoadBooleanExprHandle"", ""LoadGroupHandle"", ""LoadInteger"", ""LoadReal"", ""LoadUnitHandle"", ""RemoveUnit"", ""SaveReal"", ""SetUnitFlyHeight"", ""SetUnitX"", ""SetUnitY"", ""Sin"", ""hL"", ""lCv"", ""lNv"", ""tK""]",[],21
lGv,53741,53791,"[""A12C"", ""h03H""]","[""Atan2"", ""Condition"", ""Cos"", ""CreateGroup"", ""CreateTimer"", ""CreateUnit"", ""Deg2Rad"", ""GetExpiredTimer"", ""GetHandleId"", ""GetOwningPlayer"", ""GetRandomReal"", ""GetUnitAbilityLevel"", ""GetUnitDefaultMoveSpeed"", ""GetUnitFacing"", ""GetUnitX"", ""GetUnitY"", ""LoadInteger"", ""LoadReal"", ""LoadUnitHandle"", ""Rad2Deg"", ""SaveBooleanExprHandle"", ""SaveGroupHandle"", ""SaveInteger"", ""SaveUnitHandle"", ""SetUnitAnimationByIndex"", ""SetUnitFacingTimed"", ""SetUnitFlyHeight"", ""SetUnitMoveSpeed"", ""Sin"", ""TimerStart"", ""tK""]","[""lIv"", ""lfv""]",26
lHv,53792,53804,[],"[""CreateTimer"", ""Deg2Rad"", ""GetHandleId"", ""GetUnitFacing"", ""SaveInteger"", ""SaveReal"", ""SaveUnitHandle"", ""SetUnitMoveSpeed"", ""TimerStart""]","[""lGv""]",7
ljv,53805,53809,[],"[""GetTriggerUnit"", ""lHv""]",[],1
lJv,53810,53815,"[""A12C""]","[""GetSpellAbilityId"", ""ljv""]",[],1
lkv,53816,53847,"[""A12F""]","[""Cos"", ""GetHandleId"", ""GetUnitAbilityLevel"", ""GetUnitX"", ""GetUnitY"", ""I2R"", ""I2S"", ""IssuePointOrderById"", ""LoadBoolean"", ""LoadInteger"", ""LoadUnitHandle"", ""Sin"", ""StringHash""]",[],11
llv,53848,53884,"[""A12F"", ""A12G"", ""A12J""]","[""DestroyEffect"", ""GetExpiredTimer"", ""GetHandleId"", ""GetOwningPlayer"", ""GetUnitX"", ""GetUnitY"", ""I2S"", ""LoadEffectHandle"", ""LoadInteger"", ""LoadUnitHandle"", ""PauseUnit"", ""SaveBoolean"", ""SaveInteger"", ""SetPlayerAbilityAvailable"", ""SetUnitAbilityLevel"", ""SetUnitInvulnerable"", ""SetUnitX"", ""SetUnitY"", ""ShowUnit"", ""StringHash"", ""UnitRemoveAbility"", ""ql"", ""tK""]",[],15
lLv,53885,53971,"[""A0KE"", ""A12D"", ""A12E"", ""A12F"", ""A12G"", ""A12H"", ""A12I"", ""A12J""]","[""AddSpecialEffectTarget"", ""Cos"", ""CreateTimer"", ""GetHandleId"", ""GetHeroLevel"", ""GetOwningPlayer"", ""GetTriggerUnit"", ""GetUnitAbilityLevel"", ""GetUnitState"", ""GetUnitX"", ""GetUnitY"", ""I2R"", ""I2S"", ""LoadUnitHandle"", ""PauseUnit"", ""ReviveHero"", ""SaveBoolean"", ""SaveEffectHandle"", ""SaveInteger"", ""SaveUnitHandle"", ""SetHeroLevel"", ""SetPlayerAbilityAvailable"", ""SetUnitAbilityLevel"", ""SetUnitColor"", ""SetUnitFacingTimed"", ""SetUnitInvulnerable"", ""SetUnitState"", ""SetUnitVertexColor"", ""SetUnitX"", ""SetUnitY"", ""ShowUnit"", ""Sin"", ""StringHash"", ""SuspendHeroXP"", ""TimerStart"", ""Uk"", ""UnitAddAbility"", ""UnitMakeAbilityPermanent"", ""UnitRemoveBuffs"", ""lAv""]","[""llv""]",42
lpv,53972,54011,[],"[""Atan2"", ""Cos"", ""DestroyEffect"", ""GetExpiredTimer"", ""GetHandleId"", ""GetUnitX"", ""GetUnitY"", ""KillUnit"", ""LoadEffectHandle"", ""LoadReal"", ""LoadUnitHandle"", ""SaveInteger"", ""SaveReal"", ""SetUnitPathing"", ""SetUnitX"", ""SetUnitY"", ""Sin"", ""SquareRoot"", ""StringHash"", ""Uk"", ""eL"", ""tK""]",[],15
lPv,54012,54033,"[""BHbn""]","[""AddSpecialEffectTarget"", ""CreateTimer"", ""GetHandleId"", ""GetSpellAbilityUnit"", ""GetSpellTargetUnit"", ""GetUnitX"", ""GetUnitY"", ""SaveEffectHandle"", ""SaveReal"", ""SaveUnitHandle"", ""SetUnitPathing"", ""SetUnitVertexColor"", ""TimerStart"", ""UnitRemoveAbility"", ""lHv""]","[""lpv""]",9
lqv,54034,54063,"[""A12F"", ""A12G"", ""O00D""]","[""GetHandleId"", ""GetIssuedOrderId"", ""GetOwningPlayer"", ""GetSpellAbilityId"", ""GetSpellTargetUnit"", ""GetTriggerEventId"", ""GetTriggerUnit"", ""GetTriggeringTrigger"", ""GetUnitTypeId"", ""IssueImmediateOrderById"", ""LoadUnitHandle"", ""OrderId2String"", ""SaveInteger"", ""StringHash"", ""dl"", ""lLv"", ""lPv"", ""lkv""]",[],9
lQv,54064,54097,"[""A12F"", ""A12J"", ""O00D""]","[""GetDyingUnit"", ""GetHandleId"", ""GetOwningPlayer"", ""GetTriggeringTrigger"", ""GetUnitAbilityLevel"", ""GetUnitTypeId"", ""I2R"", ""I2S"", ""IsUnitIllusion"", ""LoadInteger"", ""LoadUnitHandle"", ""PauseUnit"", ""SaveInteger"", ""SetUnitAbilityLevel"", ""SetUnitInvulnerable"", ""ShowUnit"", ""StringHash"", ""lAv""]",[],11
lsv,54098,54138,"[""A0KE"", ""O00D""]","[""Condition"", ""CreateTrigger"", ""GetHandleId"", ""GetOwningPlayer"", ""GetPlayerId"", ""GetTriggerUnit"", ""GetUnitX"", ""GetUnitY"", ""I2S"", ""OW"", ""PauseUnit"", ""Player"", ""SaveInteger"", ""SaveUnitHandle"", ""SetUnitAbilityLevel"", ""SetUnitColor"", ""SetUnitInvulnerable"", ""SetUnitVertexColor"", ""ShowUnit"", ""StringHash"", ""SuspendHeroXP"", ""TriggerAddCondition"", ""TriggerRegisterPlayerUnitEvent"", ""TriggerRegisterUnitEvent"", ""UnitAddAbility""]","[""lQv"", ""lqv""]",11
lSv,54139,54144,"[""A12F""]","[""GetLearnedSkill"", ""GetLearningUnit"", ""GetUnitAbilityLevel"", ""IsUnitIllusion"", ""lsv""]",[],1
ltv,54145,54175,"[""A12D"", ""O00D""]","[""DT"", ""DisableTrigger"", ""FlushChildHashtable"", ""GetEventDamage"", ""GetEventDamageSource"", ""GetHandleId"", ""GetTriggerEventId"", ""GetTriggeringTrigger"", ""GetUnitAbilityLevel"", ""GetUnitTypeId"", ""LoadUnitHandle"", ""hL"", ""lCv"", ""lNv""]",[],7
lTv,54176,54192,[],"[""Condition"", ""CreateTrigger"", ""GetAttacker"", ""GetHandleId"", ""GetTriggerUnit"", ""GetTriggeringTrigger"", ""LoadUnitHandle"", ""SaveUnitHandle"", ""TriggerAddCondition"", ""TriggerRegisterTimerEvent"", ""TriggerRegisterUnitEvent""]","[""ltv""]",5
luv,54193,54201,"[""A12D""]","[""GetAttacker"", ""GetHandleId"", ""GetUnitAbilityLevel"", ""LoadInteger"", ""TS"", ""lTv""]",[],3
lUv,54202,54207,"[""A12D"", ""O00D""]","[""GetAttacker"", ""GetHandleId"", ""GetOwningPlayer"", ""GetTriggerUnit"", ""GetTriggeringTrigger"", ""GetUnitAbilityLevel"", ""GetUnitTypeId"", ""IsUnitEnemy"", ""IsUnitType"", ""LoadUnitHandle"", ""luv""]",[],1
lwv,54208,54220,"[""h011""]","[""Condition"", ""CreateTrigger"", ""CreateUnit"", ""GetHandleId"", ""GetOwningPlayer"", ""GetTriggerUnit"", ""GetUnitX"", ""GetUnitY"", ""Lz"", ""SaveUnitHandle"", ""TriggerAddCondition""]","[""lUv""]",3
lWv,54221,54226,"[""A12D""]","[""GetLearnedSkill"", ""GetTriggerUnit"", ""GetUnitAbilityLevel"", ""IsUnitIllusion"", ""lwv""]",[],1
lyv,54227,54261,"[""A0KE"", ""A12E""]","[""GetHandleId"", ""GetTriggeringTrigger"", ""GetUnitAbilityLevel"", ""GetUnitX"", ""GetUnitY"", ""LoadInteger"", ""LoadReal"", ""LoadUnitHandle"", ""SaveInteger"", ""SaveReal"", ""SetUnitAbilityLevel""]",[],20
lYv,54262,54276,"[""A0KE""]","[""Condition"", ""CreateTrigger"", ""GetHandleId"", ""GetLearningUnit"", ""GetUnitX"", ""GetUnitY"", ""SaveInteger"", ""SaveReal"", ""SaveUnitHandle"", ""SetUnitAbilityLevel"", ""TriggerAddCondition"", ""TriggerRegisterTimerEvent"", ""UnitAddAbility""]","[""lyv""]",7
lzv,54277,54282,"[""A12E""]","[""GetLearnedSkill"", ""GetLearningUnit"", ""GetUnitAbilityLevel"", ""IsUnitIllusion"", ""lYv""]",[],1
qy,54283,54299,"[""A0JG"", ""A0KE"", ""A12G"", ""A12H"", ""A12I"", ""A12J"", ""h03H"", ""h03I""]","[""Condition"", ""CreateTrigger"", ""Lz"", ""TriggerAddCondition"", ""Vl"", ""nl""]","[""lJv"", ""lSv"", ""lWv"", ""lzv""]",9
l2v,54300,54330,"[""A0WN"", ""A0WO"", ""A0WP"", ""Abun"", ""Arav""]","[""DestroyGroup"", ""GetExpiredTimer"", ""GetHandleId"", ""GetOwningPlayer"", ""LoadGroupHandle"", ""LoadInteger"", ""LoadUnitHandle"", ""RemoveUnit"", ""SaveBoolean"", ""SaveInteger"", ""SaveReal"", ""SetPlayerAbilityAvailable"", ""SetUnitFlyHeight"", ""SetUnitPathing"", ""StringHash"", ""UnitRemoveAbility"", ""tK""]",[],15
l3v,54331,54460,"[""A0K4"", ""A0WN"", ""A0WO"", ""A0WP"", ""Abun"", ""Arav""]","[""Atan2"", ""Cos"", ""CreateGroup"", ""DestroyGroup"", ""FirstOfGroup"", ""GK"", ""GetExpiredTimer"", ""GetHandleId"", ""GetOwningPlayer"", ""GetUnitAbilityLevel"", ""GetUnitX"", ""GetUnitY"", ""GetWidgetLife"", ""GroupAddUnit"", ""GroupEnumUnitsInRange"", ""GroupRemoveUnit"", ""IsUnitEnemy"", ""IsUnitInGroup"", ""LoadBoolean"", ""LoadGroupHandle"", ""LoadInteger"", ""LoadReal"", ""LoadUnitHandle"", ""RemoveUnit"", ""SaveBoolean"", ""SaveInteger"", ""SaveReal"", ""SetPlayerAbilityAvailable"", ""SetUnitFlyHeight"", ""SetUnitPathing"", ""SetUnitX"", ""SetUnitY"", ""Sin"", ""SquareRoot"", ""StringHash"", ""UnitRemoveAbility"", ""eL"", ""hL"", ""tK""]",[],64
l5v,54461,54543,"[""A0WN"", ""A0WO"", ""A0WP"", ""Abun"", ""Arav"", ""n04Z""]","[""Cm"", ""CreateGroup"", ""CreateTimer"", ""CreateUnit"", ""Deg2Rad"", ""DestroyGroup"", ""GetHandleId"", ""GetOwningPlayer"", ""GetSpellAbilityId"", ""GetSpellAbilityUnit"", ""GetUnitAbilityLevel"", ""GetUnitFacing"", ""GetUnitX"", ""GetUnitY"", ""LoadGroupHandle"", ""LoadInteger"", ""SaveBoolean"", ""SaveGroupHandle"", ""SaveInteger"", ""SaveReal"", ""SaveUnitHandle"", ""SetPlayerAbilityAvailable"", ""SetUnitAbilityLevel"", ""SetUnitFlyHeight"", ""SetUnitPathing"", ""SetUnitX"", ""SetUnitY"", ""StringHash"", ""TimerStart"", ""UnitAddAbility"", ""UnitMakeAbilityPermanent"", ""UnitRemoveAbility""]","[""l2v"", ""l3v""]",43
l6v,54544,54549,"[""A0WN"", ""A0WO"", ""A0WP""]","[""GetSpellAbilityId"", ""l5v""]",[],3
l7v,54550,54566,"[""A0WM"", ""A0WN""]","[""GetLearnedSkill"", ""GetLearningUnit"", ""GetUnitAbilityLevel"", ""IsUnitIllusion"", ""SetUnitAbilityLevel"", ""UnitAddAbility""]",[],7
l8v,54567,54588,"[""A0WT""]","[""DT"", ""DisableTrigger"", ""FlushChildHashtable"", ""GetEventDamage"", ""GetHandleId"", ""GetTriggerEventId"", ""GetTriggeringTrigger"", ""GetUnitAbilityLevel"", ""LoadUnitHandle"", ""hL""]",[],7
l9v,54589,54615,"[""B08F""]","[""Condition"", ""CreateTrigger"", ""DT"", ""FlushChildHashtable"", ""GetAttacker"", ""GetHandleId"", ""GetOwningPlayer"", ""GetTriggerEventId"", ""GetTriggerUnit"", ""GetTriggeringTrigger"", ""GetUnitAbilityLevel"", ""IsUnitEnemy"", ""LoadUnitHandle"", ""RemoveUnit"", ""SaveUnitHandle"", ""TriggerAddCondition"", ""TriggerRegisterTimerEvent"", ""TriggerRegisterUnitEvent""]","[""l8v""]",8
Lvv,54616,54644,"[""A0WT"", ""A0WV"", ""h011"", ""h01O""]","[""AddSpecialEffectTarget"", ""Condition"", ""CreateTrigger"", ""CreateUnit"", ""GetHandleId"", ""GetOwningPlayer"", ""GetSpellAbilityUnit"", ""GetUnitAbilityLevel"", ""GetUnitX"", ""GetUnitY"", ""IssuePointOrderById"", ""Lz"", ""SaveUnitHandle"", ""SetUnitAbilityLevel"", ""SetUnitScale"", ""TriggerAddCondition"", ""TriggerRegisterTimerEvent"", ""UnitAddAbility"", ""ZK""]","[""l9v""]",12
Lev,54645,54650,"[""A0WT""]","[""GetSpellAbilityId"", ""Lvv""]",[],1
Lxv,54651,54674,[],"[""GetHandleId"", ""GetLocalPlayer"", ""GetOwningPlayer"", ""GetTriggeringTrigger"", ""GetUnitFlyHeight"", ""GetUnitX"", ""GetUnitY"", ""IsUnitAlly"", ""IsUnitHidden"", ""LoadInteger"", ""LoadUnitHandle"", ""SetTextTagPermanent"", ""SetTextTagPos"", ""SetTextTagText"", ""SetTextTagVelocity"", ""SetTextTagVisibility"", ""StringHash"", ""Uk"", ""xK""]",[],9
Lov,54675,54724,"[""A0E1"", ""A0K4""]","[""AddSpecialEffectTarget"", ""CreateGroup"", ""DT"", ""DestroyEffect"", ""DestroyGroup"", ""DisableTrigger"", ""FirstOfGroup"", ""FlushChildHashtable"", ""GetEventDamage"", ""GetEventDamageSource"", ""GetHandleId"", ""GetOwningPlayer"", ""GetTriggerEventId"", ""GetTriggeringTrigger"", ""GetUnitAbilityLevel"", ""GetUnitX"", ""GetUnitY"", ""GetWidgetLife"", ""GroupEnumUnitsInRange"", ""GroupRemoveUnit"", ""IsUnitAlly"", ""LoadInteger"", ""LoadUnitHandle"", ""SaveInteger"", ""StringHash"", ""fL""]",[],10
Lrv,54725,54737,[],"[""Condition"", ""CreateTrigger"", ""GetAttacker"", ""GetHandleId"", ""GetTriggerUnit"", ""SaveUnitHandle"", ""TriggerAddCondition"", ""TriggerRegisterTimerEvent"", ""TriggerRegisterUnitEvent""]","[""Lov""]",2
Liv,54738,54745,[],"[""GetAttacker"", ""GetHandleId"", ""LoadInteger"", ""Lrv"", ""TS""]",[],2
Lav,54746,54751,"[""A0E1""]","[""GetAttacker"", ""GetHandleId"", ""GetOwningPlayer"", ""GetTriggerUnit"", ""GetTriggeringTrigger"", ""GetUnitAbilityLevel"", ""IsUnitEnemy"", ""IsUnitType"", ""Liv"", ""LoadUnitHandle""]",[],1
Lnv,54752,54769,[],"[""Condition"", ""CreateTextTag"", ""CreateTrigger"", ""GetHandleId"", ""GetOwningPlayer"", ""GetTriggerUnit"", ""Lz"", ""SaveInteger"", ""SaveUnitHandle"", ""StringHash"", ""TriggerAddAction"", ""TriggerAddCondition"", ""TriggerRegisterTimerEvent"", ""xK""]","[""Lav"", ""Lxv""]",4
LVv,54770,54775,"[""A0E1""]","[""GetLearnedSkill"", ""GetLearningUnit"", ""GetUnitAbilityLevel"", ""IsUnitIllusion"", ""Lnv""]",[],1
LEv,54776,54841,"[""A0K4""]","[""AddSpecialEffect"", ""Cos"", ""CreateGroup"", ""DestroyEffect"", ""DestroyGroup"", ""FirstOfGroup"", ""GetExpiredTimer"", ""GetHandleId"", ""GetOwningPlayer"", ""GetUnitAbilityLevel"", ""GetWidgetLife"", ""GroupEnumUnitsInRange"", ""GroupRemoveUnit"", ""IsUnitAlly"", ""IsUnitEnemy"", ""IsUnitType"", ""LoadGroupHandle"", ""LoadReal"", ""LoadUnitHandle"", ""RemoveUnit"", ""SaveBoolean"", ""SaveGroupHandle"", ""SaveReal"", ""SaveUnitHandle"", ""Sin"", ""StringHash"", ""fL"", ""hL"", ""tK""]",[],23
LXv,54842,54892,"[""A0K4""]","[""Atan2"", ""Cos"", ""CreateGroup"", ""DestroyGroup"", ""FirstOfGroup"", ""GetExpiredTimer"", ""GetHandleId"", ""GetOwningPlayer"", ""GetUnitAbilityLevel"", ""GetUnitX"", ""GetUnitY"", ""GetWidgetLife"", ""GroupEnumUnitsInRange"", ""GroupRemoveUnit"", ""IsUnitEnemy"", ""IsUnitType"", ""LoadInteger"", ""LoadReal"", ""LoadUnitHandle"", ""RemoveUnit"", ""SaveInteger"", ""SetUnitX"", ""SetUnitY"", ""Sin"", ""hl"", ""tK""]",[],14
LIv,54893,54939,"[""A0WU"", ""h033"", ""n07D""]","[""Cos"", ""CreateTimer"", ""CreateUnit"", ""GetHandleId"", ""GetOwningPlayer"", ""GetSpellAbilityUnit"", ""GetUnitAbilityLevel"", ""GetUnitFacing"", ""GetUnitX"", ""GetUnitY"", ""SaveBoolean"", ""SaveInteger"", ""SaveReal"", ""SaveUnitHandle"", ""SetUnitFlyHeight"", ""SetUnitPathing"", ""SetUnitX"", ""SetUnitY"", ""Sin"", ""StringHash"", ""TimerStart""]","[""LEv"", ""LXv""]",22
LAv,54940,54945,"[""A0WU""]","[""GetSpellAbilityId"", ""LIv""]",[],1
LNv,54946,54956,[],"[""GetRandomInt"", ""GetTriggerUnit"", ""GetUnitState"", ""Jz"", ""fL""]",[],4
Lbv,54957,54962,"[""A16P""]","[""GetSpellAbilityId"", ""LNv""]",[],1
Qy,54963,54989,"[""A0WN"", ""A0WO"", ""A0WP"", ""A0WV"", ""h01O"", ""n04Z"", ""n07D""]","[""Condition"", ""CreateTrigger"", ""Lz"", ""Nl"", ""TriggerAddCondition"", ""nl""]","[""LAv"", ""LVv"", ""Lbv"", ""Lev"", ""l6v"", ""l7v""]",9
LFv,54990,55044,[],"[""CreateGroup"", ""DT"", ""DestroyGroup"", ""DisableTrigger"", ""FirstOfGroup"", ""FlushChildHashtable"", ""GetEventDamage"", ""GetEventDamageSource"", ""GetHandleId"", ""GetOwningPlayer"", ""GetTriggerEventId"", ""GetTriggeringTrigger"", ""GetUnitX"", ""GetUnitY"", ""GetWidgetLife"", ""GroupEnumUnitsInRange"", ""GroupRemoveUnit"", ""IsUnitEnemy"", ""LoadUnitHandle"", ""StringHash"", ""hL"", ""hl""]",[],9
LHv,55045,55058,[],"[""Condition"", ""CreateTrigger"", ""GetAttacker"", ""GetHandleId"", ""GetTriggerUnit"", ""SaveUnitHandle"", ""TriggerAddCondition"", ""TriggerRegisterTimerEvent"", ""TriggerRegisterUnitEvent""]","[""LFv""]",3
Ljv,55059,55066,[],"[""GetAttacker"", ""GetHandleId"", ""LHv"", ""LoadInteger"", ""TS""]",[],2
LJv,55067,55072,"[""A193""]","[""GetAttacker"", ""GetHandleId"", ""GetOwningPlayer"", ""GetTriggerUnit"", ""GetTriggeringTrigger"", ""GetUnitAbilityLevel"", ""IsUnitEnemy"", ""IsUnitType"", ""Ljv"", ""LoadUnitHandle""]",[],1
Lkv,55073,55170,[],"[""Atan2"", ""GetHandleId"", ""GetLocalPlayer"", ""GetTriggeringTrigger"", ""GetUnitFlyHeight"", ""GetUnitX"", ""GetUnitY"", ""IsUnitAlly"", ""IsUnitVisible"", ""LoadInteger"", ""LoadLightningHandle"", ""LoadReal"", ""LoadUnitHandle"", ""MoveLightningEx"", ""SaveReal"", ""SetLightningColor"", ""SetUnitFacing"", ""SetUnitPosition"", ""SquareRoot"", ""StringHash""]",[],51
LLv,55171,55217,"[""h04J""]","[""AddLightningEx"", ""Condition"", ""Cos"", ""CreateTrigger"", ""CreateUnit"", ""GetHandleId"", ""GetOwningPlayer"", ""GetUnitFacing"", ""GetUnitX"", ""GetUnitY"", ""Lz"", ""SaveInteger"", ""SaveLightningHandle"", ""SaveReal"", ""SaveUnitHandle"", ""SetLightningColor"", ""Sin"", ""StringHash"", ""TriggerAddCondition"", ""TriggerRegisterTimerEvent""]","[""LJv"", ""Lkv""]",21
Lpv,55218,55284,"[""A0K4""]","[""Cos"", ""CreateGroup"", ""DestroyGroup"", ""FirstOfGroup"", ""GetExpiredTimer"", ""GetHandleId"", ""GetOwningPlayer"", ""GetUnitAbilityLevel"", ""GetUnitX"", ""GetUnitY"", ""GetWidgetLife"", ""GroupAddUnit"", ""GroupEnumUnitsInRange"", ""GroupRemoveUnit"", ""IsUnitEnemy"", ""IsUnitInGroup"", ""IsUnitType"", ""LoadGroupHandle"", ""LoadReal"", ""LoadUnitHandle"", ""SaveBoolean"", ""SaveReal"", ""SetUnitX"", ""SetUnitY"", ""Sin"", ""StringHash"", ""Uk"", ""eL"", ""hL"", ""tK""]",[],19
LQv,55285,55317,"[""A10Z""]","[""Atan2"", ""CreateGroup"", ""CreateTimer"", ""GetHandleId"", ""GetUnitAbilityLevel"", ""GetUnitX"", ""GetUnitY"", ""I2R"", ""SaveBoolean"", ""SaveGroupHandle"", ""SaveReal"", ""SaveUnitHandle"", ""SquareRoot"", ""StringHash"", ""TimerStart""]","[""Lpv""]",15
Lsv,55318,55376,"[""n0AA""]","[""AddSpecialEffect"", ""Cos"", ""CreateGroup"", ""DT"", ""DestroyEffect"", ""DestroyGroup"", ""FirstOfGroup"", ""FlushChildHashtable"", ""GetHandleId"", ""GetOwningPlayer"", ""GetTriggerEvalCount"", ""GetTriggeringTrigger"", ""GetUnitState"", ""GetUnitTypeId"", ""GetUnitX"", ""GetUnitY"", ""GetWidgetLife"", ""GroupAddUnit"", ""GroupEnumUnitsInRange"", ""GroupRemoveUnit"", ""IsUnitEnemy"", ""IsUnitInGroup"", ""IsUnitType"", ""LQv"", ""LoadGroupHandle"", ""LoadInteger"", ""LoadReal"", ""LoadUnitHandle"", ""SetUnitX"", ""SetUnitY"", ""Sin"", ""eL"", ""hL"", ""iL"", ""nL""]",[],16
LSv,55377,55407,"[""A10Z""]","[""Atan2"", ""Condition"", ""Cos"", ""CreateGroup"", ""CreateTrigger"", ""GetHandleId"", ""GetSpellTargetX"", ""GetSpellTargetY"", ""GetTriggerUnit"", ""GetUnitAbilityLevel"", ""GetUnitX"", ""GetUnitY"", ""I2R"", ""LoadUnitHandle"", ""SaveGroupHandle"", ""SaveInteger"", ""SaveReal"", ""SaveUnitHandle"", ""SetUnitX"", ""SetUnitY"", ""Sin"", ""StringHash"", ""TriggerAddCondition"", ""TriggerRegisterTimerEvent""]","[""Lsv""]",15
Ltv,55408,55441,"[""A194"", ""n0AA""]","[""AddSpecialEffect"", ""Cm"", ""CreateGroup"", ""CreateUnit"", ""DestroyEffect"", ""DestroyGroup"", ""FirstOfGroup"", ""GetHandleId"", ""GetOwningPlayer"", ""GetTriggerUnit"", ""GetUnitAbilityLevel"", ""GetUnitX"", ""GetUnitY"", ""GetWidgetLife"", ""GroupEnumUnitsInRange"", ""GroupRemoveUnit"", ""IsUnitEnemy"", ""IsUnitType"", ""LoadReal"", ""LoadUnitHandle"", ""PauseUnit"", ""SaveReal"", ""StringHash"", ""ZK"", ""hL""]",[],10
LTv,55442,55491,"[""A195""]","[""AddSpecialEffectTarget"", ""Cm"", ""CreateGroup"", ""DestroyEffect"", ""DestroyGroup"", ""FirstOfGroup"", ""GetHandleId"", ""GetOwningPlayer"", ""GetTriggeringTrigger"", ""GetUnitAbilityLevel"", ""GetUnitX"", ""GetUnitY"", ""GetWidgetLife"", ""GroupEnumUnitsInRange"", ""GroupRemoveUnit"", ""IsUnitEnemy"", ""IsUnitType"", ""LoadReal"", ""LoadUnitHandle"", ""SaveReal"", ""SetUnitAnimation"", ""SetUnitAnimationByIndex"", ""StringHash"", ""UK"", ""hL"", ""hl""]",[],18
LUv,55492,55504,[],"[""Condition"", ""CreateTrigger"", ""GetHandleId"", ""GetLearningUnit"", ""GetUnitX"", ""GetUnitY"", ""SaveReal"", ""SaveUnitHandle"", ""TriggerAddCondition"", ""TriggerRegisterTimerEvent""]","[""LTv""]",5
Lwv,55505,55561,"[""A0V3"", ""B0B7""]","[""Atan2"", ""DT"", ""DestroyGroup"", ""FirstOfGroup"", ""FlushChildHashtable"", ""GetHandleId"", ""GetOrderPointX"", ""GetOrderPointY"", ""GetOrderedUnit"", ""GetTriggerEventId"", ""GetTriggeringTrigger"", ""GetUnitX"", ""GetUnitY"", ""Gl"", ""GroupRemoveUnit"", ""IsUnitInGroup"", ""KillUnit"", ""LoadGroupHandle"", ""LoadUnitHandle"", ""RemoveUnit"", ""SetUnitFacing"", ""SetUnitPathing"", ""SetUnitPosition"", ""UnitRemoveAbility"", ""ap"", ""eL"", ""hl""]",[],10
LWv,55562,55655,"[""A0V3"", ""A196"", ""A198"", ""B0B7"", ""O00N"", ""n0AA""]","[""Cos"", ""CreateGroup"", ""DT"", ""DestroyGroup"", ""FirstOfGroup"", ""FlushChildHashtable"", ""GetHandleId"", ""GetOwningPlayer"", ""GetTriggeringTrigger"", ""GetUnitAbilityLevel"", ""GetUnitFacing"", ""GetUnitTypeId"", ""GetUnitX"", ""GetUnitY"", ""GetWidgetLife"", ""Gl"", ""GroupAddUnit"", ""GroupEnumUnitsInRange"", ""GroupRemoveUnit"", ""IsUnitEnemy"", ""IsUnitInGroup"", ""IsUnitType"", ""LQv"", ""LoadGroupHandle"", ""LoadUnitHandle"", ""Rp"", ""SetPlayerAbilityAvailable"", ""SetUnitPathing"", ""SetUnitPosition"", ""Sin"", ""UnitAddAbility"", ""UnitRemoveAbility"", ""ap"", ""eL"", ""hL"", ""hl""]",[],22
Lyv,55656,55729,"[""A0V3"", ""A197"", ""A198"", ""h04K"", ""h04L"", ""n0AA""]","[""Condition"", ""Cos"", ""CreateGroup"", ""CreateTrigger"", ""CreateUnit"", ""DestroyGroup"", ""FirstOfGroup"", ""GetHandleId"", ""GetOwningPlayer"", ""GetSpellAbilityUnit"", ""GetUnitAbilityLevel"", ""GetUnitX"", ""GetUnitY"", ""GetWidgetLife"", ""GroupAddUnit"", ""GroupEnumUnitsInRect"", ""GroupRemoveUnit"", ""IsUnitAlly"", ""IsUnitInGroup"", ""IsUnitType"", ""Lz"", ""PauseUnit"", ""Rp"", ""SaveGroupHandle"", ""SaveUnitHandle"", ""SetPlayerAbilityAvailable"", ""SetUnitPathing"", ""SetUnitPosition"", ""Sin"", ""TriggerAddCondition"", ""TriggerRegisterTimerEvent"", ""TriggerRegisterUnitEvent"", ""UnitAddAbility""]","[""LWv"", ""Lwv""]",28
LYv,55730,55741,"[""A10Z"", ""A194"", ""A196""]","[""GetSpellAbilityId"", ""LSv"", ""Ltv"", ""Lyv""]",[],3
Lzv,55742,55747,"[""A195""]","[""GetLearnedSkill"", ""GetLearningUnit"", ""GetUnitAbilityLevel"", ""IsUnitIllusion"", ""LUv""]",[],1
Oz,55748,55750,[],"[""LLv""]",[],0
Sy,55751,55762,"[""h04J"", ""h04K"", ""h04L"", ""n0AA""]","[""Condition"", ""CreateTrigger"", ""Lz"", ""TriggerAddCondition"", ""nl""]","[""LYv"", ""Lzv""]",4
L0v,55763,55789,"[""A0VY""]","[""Cos"", ""GK"", ""GetExpiredTimer"", ""GetHandleId"", ""GetUnitAbilityLevel"", ""GetUnitDefaultMoveSpeed"", ""GetUnitX"", ""GetUnitY"", ""LoadInteger"", ""LoadReal"", ""LoadUnitHandle"", ""SaveInteger"", ""SetUnitMoveSpeed"", ""SetUnitPathing"", ""SetUnitPosition"", ""Sin"", ""eL"", ""iL"", ""nL"", ""tK""]",[],7
L1v,55790,55828,"[""A0LY"", ""h01O""]","[""AddSpecialEffect"", ""Atan2"", ""Cm"", ""CreateGroup"", ""CreateTimer"", ""CreateUnit"", ""DestroyEffect"", ""DestroyGroup"", ""FirstOfGroup"", ""GetHandleId"", ""GetOwningPlayer"", ""GetUnitAbilityLevel"", ""GetUnitX"", ""GetUnitY"", ""GetWidgetLife"", ""GroupEnumUnitsInRange"", ""GroupRemoveUnit"", ""I2R"", ""IsUnitEnemy"", ""IsUnitType"", ""SaveInteger"", ""SaveReal"", ""SaveUnitHandle"", ""SetUnitMoveSpeed"", ""SetUnitPathing"", ""TimerStart"", ""ZK"", ""hL""]","[""L0v""]",15
L2v,55829,55869,"[""Arav""]","[""GetExpiredTimer"", ""GetHandleId"", ""GetUnitDefaultMoveSpeed"", ""L1v"", ""LoadBoolean"", ""LoadReal"", ""LoadUnitHandle"", ""QueueUnitAnimation"", ""SaveBoolean"", ""SaveReal"", ""SetUnitAnimationByIndex"", ""SetUnitFlyHeight"", ""SetUnitMoveSpeed"", ""SetUnitPathing"", ""SetUnitTimeScale"", ""UnitRemoveAbility"", ""tK""]",[],19
L3v,55870,55894,"[""Arav""]","[""CreateTimer"", ""GetHandleId"", ""GetOwningPlayer"", ""GetSpellAbilityUnit"", ""LoadUnitHandle"", ""SaveBoolean"", ""SaveReal"", ""SaveUnitHandle"", ""SetPlayerAbilityAvailable"", ""SetUnitAnimationByIndex"", ""SetUnitMoveSpeed"", ""SetUnitTimeScale"", ""StringHash"", ""TimerStart"", ""UnitAddAbility""]","[""L2v""]",11
L4v,55895,55900,"[""A0LY""]","[""GetSpellAbilityId"", ""L3v""]",[],3
L5v,55901,55929,"[""A0VY""]","[""Cos"", ""GK"", ""GetExpiredTimer"", ""GetHandleId"", ""GetUnitDefaultMoveSpeed"", ""GetUnitX"", ""GetUnitY"", ""LoadInteger"", ""LoadReal"", ""LoadUnitHandle"", ""SaveInteger"", ""SetUnitMoveSpeed"", ""SetUnitPathing"", ""SetUnitPosition"", ""Sin"", ""UnitRemoveAbility"", ""eL"", ""iL"", ""nL"", ""tK""]",[],9
L6v,55930,55983,"[""A0VW"", ""A0VY""]","[""AddSpecialEffect"", ""Atan2"", ""CreateGroup"", ""CreateTimer"", ""DestroyEffect"", ""DestroyGroup"", ""FirstOfGroup"", ""GetExpiredTimer"", ""GetHandleId"", ""GetOwningPlayer"", ""GetUnitAbilityLevel"", ""GetUnitX"", ""GetUnitY"", ""GetWidgetLife"", ""GroupEnumUnitsInRange"", ""GroupRemoveUnit"", ""IsUnitEnemy"", ""IsUnitType"", ""LoadBoolean"", ""LoadUnitHandle"", ""SaveInteger"", ""SaveReal"", ""SaveUnitHandle"", ""SetUnitMoveSpeed"", ""SetUnitPathing"", ""StringHash"", ""TimerStart"", ""UnitAddAbility"", ""hL"", ""hl"", ""tK""]","[""L5v""]",17
L7v,55984,56001,[],"[""GetExpiredTimer"", ""GetHandleId"", ""KillUnit"", ""LoadReal"", ""LoadUnitHandle"", ""RemoveUnit"", ""SaveBoolean"", ""SaveReal"", ""StringHash"", ""tK""]",[],5
L8v,56002,56025,"[""n064""]","[""CreateTimer"", ""CreateUnit"", ""GetHandleId"", ""GetOwningPlayer"", ""GetSpellAbilityUnit"", ""GetUnitX"", ""GetUnitY"", ""SaveBoolean"", ""SaveReal"", ""SaveUnitHandle"", ""StringHash"", ""TimerStart""]","[""L6v"", ""L7v""]",9
L9v,56026,56031,"[""A0VW""]","[""GetSpellAbilityId"", ""L8v""]",[],3
mvv,56032,56054,[],"[""AddSpecialEffect"", ""CreateGroup"", ""DestroyEffect"", ""DestroyGroup"", ""FirstOfGroup"", ""GetOwningPlayer"", ""GetUnitX"", ""GetUnitY"", ""GetWidgetLife"", ""GroupEnumUnitsInRange"", ""GroupRemoveUnit"", ""IsUnitAlly"", ""IsUnitEnemy"", ""fL"", ""hL""]",[],7
mev,56055,56090,"[""A0K4"", ""A0VZ""]","[""CreateGroup"", ""DestroyGroup"", ""FirstOfGroup"", ""GetExpiredTimer"", ""GetHandleId"", ""GetUnitAbilityLevel"", ""GetUnitX"", ""GetUnitY"", ""GetWidgetLife"", ""GroupEnumUnitsInRange"", ""GroupRemoveUnit"", ""IsUnitType"", ""KillUnit"", ""LoadReal"", ""LoadUnitHandle"", ""SaveReal"", ""StringHash"", ""mvv"", ""tK""]",[],7
mxv,56091,56132,"[""A0VZ"", ""n063""]","[""Cos"", ""CreateTimer"", ""CreateUnit"", ""GetHandleId"", ""GetOwningPlayer"", ""GetRandomReal"", ""GetTriggeringTrigger"", ""GetUnitAbilityLevel"", ""GetUnitX"", ""GetUnitY"", ""GetWidgetLife"", ""LoadInteger"", ""LoadUnitHandle"", ""SaveInteger"", ""SaveUnitHandle"", ""SetUnitVertexColor"", ""Sin"", ""TimerStart"", ""ZK""]","[""mev""]",15
mov,56133,56142,[],"[""Condition"", ""CreateTrigger"", ""GetHandleId"", ""GetLearningUnit"", ""SaveInteger"", ""SaveUnitHandle"", ""TriggerAddCondition"", ""TriggerRegisterTimerEvent""]","[""mxv""]",3
mrv,56143,56148,"[""A0VZ""]","[""GetLearnedSkill"", ""GetTriggerUnit"", ""GetUnitAbilityLevel"", ""IsUnitIllusion"", ""mov""]",[],1
miv,56149,56177,[],"[""DT"", ""DestroyEffect"", ""DisableTrigger"", ""EnableTrigger"", ""FlushChildHashtable"", ""GetEventDamage"", ""GetEventDamageSource"", ""GetHandleId"", ""GetOwningPlayer"", ""GetTriggerEventId"", ""GetTriggeringTrigger"", ""GetUnitX"", ""GetUnitY"", ""IssueTargetOrderById"", ""LoadEffectHandle"", ""LoadInteger"", ""LoadUnitHandle"", ""RemoveSavedHandle"", ""SetUnitX"", ""SetUnitY"", ""StringHash"", ""ZK"", ""hL""]",[],8
mav,56178,56199,"[""A0S0"", ""A0SH"", ""h011""]","[""AddSpecialEffectTarget"", ""Condition"", ""CreateTrigger"", ""CreateUnit"", ""GetHandleId"", ""GetOwningPlayer"", ""GetSpellTargetUnit"", ""GetTriggerUnit"", ""GetUnitAbilityLevel"", ""GetUnitX"", ""GetUnitY"", ""I2R"", ""SaveEffectHandle"", ""SaveInteger"", ""SaveUnitHandle"", ""StringHash"", ""TriggerAddCondition"", ""TriggerRegisterTimerEvent"", ""TriggerRegisterUnitEvent"", ""UnitAddAbility""]","[""miv""]",9
mnv,56200,56205,"[""A0S0""]","[""GetSpellAbilityId"", ""GetSpellTargetUnit"", ""OL"", ""mav""]",[],1
Ty,56206,56224,"[""A0VY""]","[""Condition"", ""CreateTrigger"", ""Lz"", ""Nl"", ""TriggerAddCondition""]","[""L4v"", ""L9v"", ""mnv"", ""mrv""]",3
mRv,56225,56229,[],"[""SquareRoot""]",[],3
mIv,56230,56234,[],"[""GetEnumUnit"", ""SetUnitPathing""]",[],0
mAv,56235,56297,[],"[""Atan2"", ""Cos"", ""CreateGroup"", ""DestroyGroup"", ""FirstOfGroup"", ""ForGroup"", ""GetExpiredTimer"", ""GetHandleId"", ""GetOwningPlayer"", ""GetUnitX"", ""GetUnitY"", ""GetWidgetLife"", ""GroupAddUnit"", ""GroupEnumUnitsInRange"", ""GroupRemoveUnit"", ""IsUnitEnemy"", ""IsUnitInGroup"", ""IsUnitType"", ""KillUnit"", ""LoadGroupHandle"", ""LoadInteger"", ""LoadReal"", ""LoadUnitHandle"", ""ModuloInteger"", ""RemoveUnit"", ""SaveInteger"", ""SetUnitPathing"", ""SetUnitX"", ""SetUnitY"", ""Sin"", ""hL"", ""mRv"", ""tK""]","[""mIv""]",22
mNv,56298,56329,"[""A0W0"", ""A0W4"", ""h02G""]","[""CreateGroup"", ""CreateTimer"", ""CreateUnit"", ""GetHandleId"", ""GetOwningPlayer"", ""GetSpellAbilityId"", ""GetSpellAbilityUnit"", ""GetSpellTargetX"", ""GetSpellTargetY"", ""GetUnitAbilityLevel"", ""I2R"", ""SaveGroupHandle"", ""SaveInteger"", ""SaveReal"", ""SaveUnitHandle"", ""SetUnitFlyHeight"", ""SetUnitPathing"", ""SetUnitX"", ""SetUnitY"", ""TimerStart"", ""qK""]","[""mAv""]",14
mbv,56330,56335,"[""A0W0"", ""A0W4""]","[""GetSpellAbilityId"", ""mNv""]",[],1
mBv,56336,56422,"[""ANNN"", ""O00D"", ""h02J""]","[""Cos"", ""CreateGroup"", ""CreateUnit"", ""DestroyGroup"", ""FirstOfGroup"", ""GetExpiredTimer"", ""GetHandleId"", ""GetOwningPlayer"", ""GetRandomReal"", ""GetUnitTypeId"", ""GetUnitUserData"", ""GetUnitX"", ""GetUnitY"", ""GetWidgetLife"", ""GroupAddUnit"", ""GroupEnumUnitsInRange"", ""GroupRemoveUnit"", ""IsUnitEnemy"", ""IsUnitHidden"", ""IsUnitInGroup"", ""IsUnitPaused"", ""IsUnitType"", ""LoadBoolean"", ""LoadGroupHandle"", ""LoadInteger"", ""LoadUnitHandle"", ""PauseUnit"", ""RemoveUnit"", ""SaveInteger"", ""SetUnitInvulnerable"", ""SetUnitPathing"", ""SetUnitPosition"", ""SetUnitVertexColor"", ""ShowUnit"", ""Sin"", ""UnitAddAbility"", ""UnitRemoveAbility"", ""ZK"", ""eL"", ""hL"", ""tK""]",[],23
mdv,56423,56458,"[""A0W1"", ""A0W5"", ""h02H""]","[""CreateGroup"", ""CreateTimer"", ""CreateUnit"", ""GetHandleId"", ""GetOwningPlayer"", ""GetSpellAbilityId"", ""GetSpellAbilityUnit"", ""GetSpellTargetX"", ""GetSpellTargetY"", ""GetUnitAbilityLevel"", ""SaveBoolean"", ""SaveGroupHandle"", ""SaveInteger"", ""SaveUnitHandle"", ""SetUnitPathing"", ""SetUnitPosition"", ""SetUnitVertexColor"", ""TimerStart""]","[""mBv""]",16
mDv,56459,56464,"[""A0W1"", ""A0W5""]","[""GetSpellAbilityId"", ""mdv""]",[],1
mfv,56465,56502,"[""A05U"", ""A0W7""]","[""CreateGroup"", ""DestroyEffect"", ""DestroyGroup"", ""FirstOfGroup"", ""GetExpiredTimer"", ""GetHandleId"", ""GetOwningPlayer"", ""GetUnitAbilityLevel"", ""GetUnitCurrentOrder"", ""GetUnitState"", ""GetWidgetLife"", ""GroupEnumUnitsInRange"", ""GroupRemoveUnit"", ""I2R"", ""IsUnitEnemy"", ""IsUnitType"", ""LoadEffectHandle"", ""LoadReal"", ""LoadUnitHandle"", ""SetUnitAnimationByIndex"", ""SetUnitState"", ""UnitRemoveAbility"", ""hL"", ""tK""]",[],12
mgv,56503,56517,"[""A0W7""]","[""AddSpecialEffect"", ""CreateTimer"", ""GetHandleId"", ""GetSpellAbilityUnit"", ""GetSpellTargetX"", ""GetSpellTargetY"", ""SaveEffectHandle"", ""SaveReal"", ""SaveUnitHandle"", ""TimerStart"", ""UnitAddAbility""]","[""mfv""]",6
mGv,56518,56523,"[""A05U""]","[""GetSpellAbilityId"", ""mgv""]",[],1
mhv,56524,56541,"[""A0S2""]","[""GetHandleId"", ""GetRandomInt"", ""GetTriggeringTrigger"", ""GetUnitAbilityLevel"", ""GetUnitState"", ""GetWidgetX"", ""GetWidgetY"", ""I2S"", ""LoadReal"", ""LoadUnitHandle"", ""R2I"", ""SaveReal"", ""SetUnitState"", ""ql""]",[],7
mjv,56542,56555,"[""A0S2""]","[""Condition"", ""CreateTrigger"", ""GetHandleId"", ""GetLearningUnit"", ""GetUnitAbilityLevel"", ""GetUnitState"", ""SaveReal"", ""SaveUnitHandle"", ""TriggerAddCondition"", ""TriggerRegisterTimerEvent""]","[""mhv""]",4
mJv,56556,56561,"[""A0S2""]","[""GetLearnedSkill"", ""GetLearningUnit"", ""IsUnitIllusion"", ""mjv""]",[],1
Uy,56562,56579,[],"[""Condition"", ""CreateTrigger"", ""Lz"", ""TriggerAddCondition""]","[""mDv"", ""mGv"", ""mJv"", ""mbv""]",0
mmv,56580,56584,[],"[""GetHeroAgi"", ""GetHeroInt"", ""GetHeroStr"", ""I2R"", ""R2I"", ""SetHeroAgi"", ""SetHeroInt"", ""SetHeroStr""]",[],3
mpv,56585,56594,"[""A0BF""]","[""DestroyEffect"", ""GetExpiredTimer"", ""GetHandleId"", ""LoadEffectHandle"", ""LoadUnitHandle"", ""UnitRemoveAbility"", ""tK""]",[],3
mPv,56595,56605,"[""A0BF"", ""A0GP""]","[""AddSpecialEffectTarget"", ""CreateTimer"", ""GetHandleId"", ""GetUnitAbilityLevel"", ""SaveEffectHandle"", ""SaveUnitHandle"", ""SetUnitAbilityLevel"", ""TimerStart"", ""UnitAddAbility""]","[""mpv""]",6
mqv,56606,56625,"[""A10V"", ""E00E""]","[""GetDyingUnit"", ""GetHandleId"", ""GetTriggeringTrigger"", ""GetUnitAbilityLevel"", ""GetUnitTypeId"", ""IsUnitIllusion"", ""LoadInteger"", ""LoadUnitHandle"", ""SaveInteger"", ""jK""]",[],7
msv,56626,56638,"[""A0AR"", ""A10V""]","[""GetHandleId"", ""GetSpellAbilityId"", ""GetSpellAbilityUnit"", ""GetTriggeringTrigger"", ""GetUnitAbilityLevel"", ""LoadUnitHandle"", ""jK""]",[],3
mSv,56639,56650,"[""A10V""]","[""GetDyingUnit"", ""GetHandleId"", ""GetTriggeringTrigger"", ""GetUnitAbilityLevel"", ""LoadUnitHandle"", ""lK""]",[],2
mtv,56651,56716,"[""A0BD"", ""A0V0"", ""A10V"", ""BTLF"", ""E00E""]","[""GetExpiredTimer"", ""GetHandleId"", ""GetHeroLevel"", ""GetLocalPlayer"", ""GetOwningPlayer"", ""GetUnitAbilityLevel"", ""GetUnitFacing"", ""GetUnitState"", ""GetUnitX"", ""GetUnitY"", ""GetWidgetLife"", ""GroupAddUnit"", ""I2R"", ""IssueImmediateOrderById"", ""LoadBoolean"", ""LoadGroupHandle"", ""LoadUnitHandle"", ""OW"", ""SaveGroupHandle"", ""SaveUnitHandle"", ""SelectUnit"", ""SetHeroLevel"", ""SetUnitInvulnerable"", ""SetUnitState"", ""SetUnitUserData"", ""SetUnitVertexColor"", ""SetUnitX"", ""SetUnitY"", ""ShowUnit"", ""StringHash"", ""SuspendHeroXP"", ""UnitAddAbility"", ""UnitApplyTimedLife"", ""UnitRemoveBuffs"", ""mPv"", ""mmv"", ""tK""]",[],22
mTv,56717,56736,[],"[""AddSpecialEffect"", ""CreateTimer"", ""DestroyEffect"", ""GetHandleId"", ""GetSpellAbilityUnit"", ""GetUnitX"", ""GetUnitY"", ""GetWidgetLife"", ""LoadUnitHandle"", ""SaveUnitHandle"", ""SetUnitInvulnerable"", ""ShowUnit"", ""TimerStart""]","[""mtv""]",4
muv,56737,56742,"[""A10V""]","[""GetSpellAbilityId"", ""mTv""]",[],1
mUv,56743,56772,[],"[""Condition"", ""CreateGroup"", ""CreateTrigger"", ""GetHandleId"", ""GetLearningUnit"", ""GetOwningPlayer"", ""GetPlayerId"", ""Player"", ""SaveGroupHandle"", ""SaveInteger"", ""SaveUnitHandle"", ""TriggerAddAction"", ""TriggerAddCondition"", ""TriggerRegisterPlayerUnitEvent"", ""TriggerRegisterUnitEvent""]","[""mSv"", ""mqv"", ""msv"", ""muv""]",7
mWv,56773,56778,"[""A10V""]","[""GetLearnedSkill"", ""GetLearningUnit"", ""GetUnitAbilityLevel"", ""IsUnitIllusion"", ""mUv""]",[],1
myv,56779,56847,"[""A0V0"", ""A10U"", ""B08U"", ""BTLF"", ""E00E""]","[""Cos"", ""DT"", ""DisableTrigger"", ""FlushChildHashtable"", ""GetEventDamage"", ""GetEventDamageSource"", ""GetHandleId"", ""GetHeroLevel"", ""GetOwningPlayer"", ""GetRandomInt"", ""GetRandomReal"", ""GetTriggerEventId"", ""GetTriggeringTrigger"", ""GetUnitAbilityLevel"", ""GetUnitState"", ""GetUnitX"", ""GetUnitY"", ""GroupAddUnit"", ""I2R"", ""LoadBoolean"", ""LoadGroupHandle"", ""LoadInteger"", ""LoadUnitHandle"", ""OW"", ""SaveGroupHandle"", ""SaveInteger"", ""SetHeroLevel"", ""SetUnitState"", ""SetUnitUserData"", ""SetUnitVertexColor"", ""Sin"", ""SuspendHeroXP"", ""UnitAddAbility"", ""UnitApplyTimedLife"", ""mPv"", ""mmv""]",[],22
mzv,56848,56861,[],"[""Condition"", ""CreateTrigger"", ""GetAttacker"", ""GetHandleId"", ""GetTriggerUnit"", ""SaveUnitHandle"", ""TriggerAddCondition"", ""TriggerRegisterTimerEvent"", ""TriggerRegisterUnitEvent""]","[""myv""]",3
mZv,56862,56869,[],"[""GetAttacker"", ""GetHandleId"", ""LoadInteger"", ""TS"", ""mzv""]",[],2
m_v,56870,56875,"[""A10U""]","[""GetAttacker"", ""GetHandleId"", ""GetOwningPlayer"", ""GetTriggerUnit"", ""GetTriggeringTrigger"", ""GetUnitAbilityLevel"", ""IsUnitEnemy"", ""IsUnitType"", ""LoadUnitHandle"", ""mZv""]",[],1
m0v,56876,56885,[],"[""GetHandleId"", ""GetIssuedOrderId"", ""GetTriggerEventId"", ""GetTriggerUnit"", ""SaveBoolean"", ""StringHash""]",[],3
m1v,56886,56902,"[""A10U""]","[""Condition"", ""CreateTrigger"", ""GetHandleId"", ""GetTriggerUnit"", ""GetUnitAbilityLevel"", ""IssueImmediateOrderById"", ""Lz"", ""SaveBoolean"", ""SaveUnitHandle"", ""StringHash"", ""TriggerAddCondition"", ""TriggerRegisterUnitEvent""]","[""m0v"", ""m_v""]",5
m2v,56903,56908,"[""A10U""]","[""GetLearnedSkill"", ""GetTriggerUnit"", ""GetUnitAbilityLevel"", ""IsUnitIllusion"", ""m1v""]",[],3
m3v,56909,56916,[],"[""DestroyTimer"", ""GetExpiredTimer"", ""GetHandleId"", ""LoadUnitHandle"", ""PauseTimer"", ""SaveBoolean""]",[],3
m4v,56917,56938,"[""A0BF"", ""A0GP"", ""E00E""]","[""CreateGroup"", ""CreateTimer"", ""DestroyGroup"", ""FirstOfGroup"", ""GetHandleId"", ""GetOwningPlayer"", ""GetUnitAbilityLevel"", ""GetUnitTypeId"", ""GetUnitX"", ""GetUnitY"", ""GetWidgetLife"", ""GroupAddUnit"", ""GroupEnumUnitsInRange"", ""GroupRemoveUnit"", ""I2R"", ""IsUnitIllusion"", ""SaveUnitHandle"", ""TimerStart"", ""mPv""]","[""m3v""]",6
m5v,56939,56958,[],"[""GetAttacker"", ""GetHandleId"", ""GetOwningPlayer"", ""GetRandomInt"", ""GetTriggerUnit"", ""GetTriggeringTrigger"", ""IsUnitEnemy"", ""LoadBoolean"", ""LoadUnitHandle"", ""SaveBoolean"", ""m4v""]",[],7
m6v,56959,56981,"[""A0BD"", ""A0GP"", ""A0V0""]","[""Condition"", ""CreateTrigger"", ""GetHandleId"", ""GetLearnedSkill"", ""GetLearningUnit"", ""GetTriggerUnit"", ""GetUnitAbilityLevel"", ""IsUnitIllusion"", ""Lz"", ""SaveBoolean"", ""SaveUnitHandle"", ""TriggerAddCondition"", ""UnitAddAbility""]","[""m5v""]",10
m7v,56982,56992,"[""B07A"", ""B07B""]","[""AddSpecialEffectTarget"", ""DestroyEffect"", ""GetEnumUnit"", ""GetHeroAgi"", ""GetUnitAbilityLevel"", ""GetWidgetLife"", ""I2R"", ""hL""]",[],6
m8v,56993,57021,[],"[""DT"", ""DisableTrigger"", ""FlushChildHashtable"", ""ForGroup"", ""GetEventDamage"", ""GetEventDamageSource"", ""GetHandleId"", ""GetTriggerEventId"", ""GetTriggeringTrigger"", ""LoadGroupHandle"", ""LoadInteger"", ""LoadUnitHandle""]","[""m7v""]",7
m9v,57022,57051,"[""A0UZ"", ""B07B""]","[""Condition"", ""CreateTrigger"", ""DT"", ""DestroyEffect"", ""FlushChildHashtable"", ""GetAttacker"", ""GetHandleId"", ""GetTriggerEventId"", ""GetTriggerUnit"", ""GetTriggeringTrigger"", ""IsUnitType"", ""LoadEffectHandle"", ""LoadInteger"", ""LoadUnitHandle"", ""SaveInteger"", ""SaveUnitHandle"", ""TS"", ""TriggerAddCondition"", ""TriggerRegisterTimerEvent"", ""TriggerRegisterUnitEvent"", ""UnitRemoveAbility""]","[""m8v""]",15
Mvv,57052,57071,"[""A0BB"", ""A0UZ""]","[""AddSpecialEffectTarget"", ""Condition"", ""CreateTrigger"", ""GetEnumUnit"", ""GetHandleId"", ""GetTriggerUnit"", ""GetUnitAbilityLevel"", ""Lz"", ""SaveEffectHandle"", ""SaveInteger"", ""SaveUnitHandle"", ""TriggerAddCondition"", ""TriggerRegisterTimerEvent"", ""TriggerRegisterUnitEvent"", ""UnitAddAbility""]","[""m9v""]",7
Mev,57072,57074,"[""E00E""]","[""GetFilterUnit"", ""GetOwningPlayer"", ""GetSpellAbilityUnit"", ""GetUnitTypeId"", ""GetWidgetLife"", ""IsUnitIllusion""]",[],1
Mxv,57075,57114,"[""A0BB"", ""A0UY"", ""B07A""]","[""AddSpecialEffectTarget"", ""CreateGroup"", ""DestroyEffect"", ""DestroyGroup"", ""FirstOfGroup"", ""GetExpiredTimer"", ""GetHandleId"", ""GetUnitAbilityLevel"", ""GetWidgetLife"", ""Gl"", ""GroupRemoveUnit"", ""LoadGroupHandle"", ""LoadInteger"", ""LoadUnitHandle"", ""SaveInteger"", ""UnitRemoveAbility"", ""hL"", ""tK""]",[],9
Mov,57115,57117,[],"[""GetFilterUnit"", ""GetOwningPlayer"", ""GetSpellAbilityUnit"", ""GetWidgetLife"", ""IsUnitEnemy"", ""IsUnitType""]",[],1
Mrv,57118,57153,"[""A0UY""]","[""Condition"", ""CreateGroup"", ""CreateTimer"", ""DestroyGroup"", ""FirstOfGroup"", ""ForGroup"", ""GetHandleId"", ""GetLocationX"", ""GetLocationY"", ""GetSpellAbilityId"", ""GetSpellTargetLoc"", ""GetTriggerUnit"", ""GetUnitAbilityLevel"", ""Gl"", ""GroupEnumUnitsInRange"", ""GroupRemoveUnit"", ""I2R"", ""RemoveLocation"", ""SaveGroupHandle"", ""SaveUnitHandle"", ""TimerStart"", ""UnitAddAbility""]","[""Mev"", ""Mov"", ""Mvv"", ""Mxv""]",6
Miv,57154,57159,"[""A0BB""]","[""GetSpellAbilityId"", ""Mrv""]",[],1
Mav,57160,57186,[],"[""Atan2"", ""Cos"", ""GetExpiredTimer"", ""GetHandleId"", ""GetUnitX"", ""GetUnitY"", ""LoadReal"", ""LoadUnitHandle"", ""SaveReal"", ""SetUnitPathing"", ""SetUnitX"", ""SetUnitY"", ""Sin"", ""SquareRoot"", ""hL"", ""tK""]",[],14
Mnv,57187,57219,"[""B07C"", ""E00E""]","[""CreateGroup"", ""CreateTimer"", ""DestroyGroup"", ""FirstOfGroup"", ""GetHandleId"", ""GetOwningPlayer"", ""GetSpellAbilityUnit"", ""GetSpellTargetUnit"", ""GetUnitTypeId"", ""GetUnitX"", ""GetUnitY"", ""GetWidgetLife"", ""GroupEnumUnitsInRange"", ""GroupRemoveUnit"", ""IsUnitIllusion"", ""IssueTargetOrderById"", ""SaveReal"", ""SaveUnitHandle"", ""SetUnitPathing"", ""TimerStart"", ""UnitRemoveAbility""]","[""Mav""]",10
MVv,57220,57225,"[""A0V0""]","[""GetSpellAbilityId"", ""Mnv""]",[],1
wy,57226,57251,"[""A0AR"", ""A0BC"", ""A0BD"", ""A0BF""]","[""Condition"", ""CreateTrigger"", ""Lz"", ""Nl"", ""TriggerAddCondition""]","[""MVv"", ""Miv"", ""m2v"", ""m6v"", ""mWv""]",6
MRv,57252,57278,"[""A0MJ"", ""B05N""]","[""DT"", ""DisableTrigger"", ""FlushChildHashtable"", ""GetEventDamage"", ""GetEventDamageSource"", ""GetHandleId"", ""GetTriggerEventId"", ""GetTriggeringTrigger"", ""LoadInteger"", ""LoadUnitHandle"", ""SaveInteger"", ""UnitRemoveAbility""]",[],8
MIv,57279,57302,"[""A0MJ"", ""B05N""]","[""Condition"", ""CreateTrigger"", ""DT"", ""FlushChildHashtable"", ""GetAttacker"", ""GetHandleId"", ""GetTriggerEventId"", ""GetTriggerUnit"", ""GetTriggeringTrigger"", ""IsUnitType"", ""LoadInteger"", ""LoadUnitHandle"", ""SaveInteger"", ""SaveUnitHandle"", ""TriggerAddCondition"", ""TriggerRegisterTimerEvent"", ""TriggerRegisterUnitEvent"", ""UnitRemoveAbility""]","[""MRv""]",8
MAv,57303,57321,"[""A0MI"", ""A0MJ"", ""A0MK""]","[""Condition"", ""CreateTrigger"", ""GetHandleId"", ""GetOwningPlayer"", ""GetTriggerUnit"", ""GetUnitAbilityLevel"", ""Lz"", ""SaveInteger"", ""SaveUnitHandle"", ""SetPlayerAbilityAvailable"", ""SetUnitAbilityLevel"", ""TriggerAddCondition"", ""TriggerRegisterTimerEvent"", ""TriggerRegisterUnitEvent"", ""UnitAddAbility"", ""UnitMakeAbilityPermanent""]","[""MIv""]",9
MNv,57322,57327,"[""A0MI""]","[""GetSpellAbilityId"", ""MAv""]",[],1
Mbv,57328,57363,"[""A0MP"", ""A0MQ"", ""Arav"", ""BTLF"", ""h00V""]","[""AddSpecialEffect"", ""Atan2"", ""Cos"", ""CreateUnit"", ""DestroyEffect"", ""GetExpiredTimer"", ""GetHandleId"", ""GetOwningPlayer"", ""GetUnitAbilityLevel"", ""GetUnitX"", ""GetUnitY"", ""IssueImmediateOrderById"", ""LoadReal"", ""LoadUnitHandle"", ""SaveReal"", ""SetUnitAbilityLevel"", ""SetUnitFlyHeight"", ""SetUnitPathing"", ""SetUnitX"", ""SetUnitY"", ""Sin"", ""SquareRoot"", ""UnitAddAbility"", ""UnitApplyTimedLife"", ""UnitRemoveAbility"", ""tK""]",[],21
MBv,57364,57381,"[""Arav""]","[""CreateTimer"", ""GetHandleId"", ""GetOwningPlayer"", ""GetSpellAbilityUnit"", ""GetSpellTargetUnit"", ""GetUnitX"", ""GetUnitY"", ""SaveReal"", ""SaveUnitHandle"", ""SetPlayerAbilityAvailable"", ""SetUnitPathing"", ""TimerStart"", ""UnitAddAbility""]","[""Mbv""]",6
Mcv,57382,57387,"[""A0MP""]","[""GetSpellAbilityId"", ""GetSpellTargetUnit"", ""MBv"", ""OL""]",[],1
MCv,57388,57397,[],"[""AddSpecialEffectTarget"", ""DestroyEffect"", ""GetExpiredTimer"", ""GetHandleId"", ""LoadUnitHandle"", ""SetUnitInvulnerable"", ""tK""]",[],1
Mdv,57398,57437,"[""A0MR""]","[""GetHandleId"", ""GetLocalPlayer"", ""GetOwningPlayer"", ""GetTriggeringTrigger"", ""GetUnitAbilityLevel"", ""GetUnitFlyHeight"", ""GetUnitX"", ""GetUnitY"", ""IsUnitAlly"", ""IsUnitHidden"", ""LoadInteger"", ""LoadUnitHandle"", ""SetTextTagPermanent"", ""SetTextTagPos"", ""SetTextTagText"", ""SetTextTagVelocity"", ""SetTextTagVisibility"", ""Uk"", ""xK""]",[],23
MDv,57438,57458,"[""A0MR""]","[""GetExpiredTimer"", ""GetHandleId"", ""GetUnitAbilityLevel"", ""LoadInteger"", ""LoadUnitHandle"", ""SaveBoolean"", ""SaveInteger"", ""StringHash"", ""UL"", ""tK""]",[],9
Mfv,57459,57504,"[""A0MR""]","[""CreateTimer"", ""GetEventDamage"", ""GetHandleId"", ""GetTriggerUnit"", ""GetTriggeringTrigger"", ""GetUnitAbilityLevel"", ""GetUnitState"", ""LoadBoolean"", ""LoadInteger"", ""R2I"", ""SaveBoolean"", ""SaveInteger"", ""SaveUnitHandle"", ""SetUnitInvulnerable"", ""StringHash"", ""TimerStart"", ""UL"", ""fl""]","[""MCv"", ""MDv""]",19
MHv,57505,57522,[],"[""CreateTextTag"", ""CreateTrigger"", ""GetHandleId"", ""GetLearningUnit"", ""GetOwningPlayer"", ""SaveBoolean"", ""SaveInteger"", ""SaveUnitHandle"", ""TriggerAddAction"", ""TriggerRegisterTimerEvent"", ""TriggerRegisterUnitEvent"", ""xK""]","[""Mdv"", ""Mfv""]",4
Mjv,57523,57528,"[""A0MR""]","[""GetLearnedSkill"", ""GetLearningUnit"", ""GetTriggerUnit"", ""GetUnitAbilityLevel"", ""IsUnitIllusion"", ""MHv""]",[],1
MJv,57529,57583,"[""A0ML"", ""A0MS"", ""A0MT""]","[""DT"", ""DisableTrigger"", ""FlushChildHashtable"", ""GetEventDamageSource"", ""GetHandleId"", ""GetTriggerEventId"", ""GetTriggeringTrigger"", ""GetUnitAbilityLevel"", ""LoadBoolean"", ""LoadInteger"", ""LoadUnitHandle"", ""SaveBoolean"", ""SaveInteger"", ""SaveUnitHandle"", ""SetUnitAbilityLevel"", ""UnitAddAbility"", ""UnitRemoveAbility""]",[],25
Mlv,57584,57597,[],"[""Condition"", ""CreateTrigger"", ""GetAttacker"", ""GetHandleId"", ""GetTriggerUnit"", ""SaveUnitHandle"", ""TriggerAddCondition"", ""TriggerRegisterTimerEvent"", ""TriggerRegisterUnitEvent""]","[""MJv""]",3
MLv,57598,57605,[],"[""GetAttacker"", ""GetHandleId"", ""LoadInteger"", ""Mlv"", ""TS""]",[],2
Mmv,57606,57611,"[""A0MS""]","[""GetAttacker"", ""GetHandleId"", ""GetOwningPlayer"", ""GetTriggerUnit"", ""GetTriggeringTrigger"", ""GetUnitAbilityLevel"", ""IsUnitEnemy"", ""IsUnitType"", ""LoadUnitHandle"", ""MLv""]",[],1
MMv,57612,57623,"[""A0UB""]","[""Condition"", ""CreateTrigger"", ""GetHandleId"", ""GetOwningPlayer"", ""GetTriggerUnit"", ""Lz"", ""SaveUnitHandle"", ""SetPlayerAbilityAvailable"", ""TriggerAddCondition"", ""UnitAddAbility"", ""UnitMakeAbilityPermanent""]","[""Mmv""]",4
Mpv,57624,57629,"[""A0MS""]","[""GetLearnedSkill"", ""GetTriggerUnit"", ""GetUnitAbilityLevel"", ""IsUnitIllusion"", ""MMv""]",[],1
Wy,57630,57654,"[""A0MJ"", ""A0MK"", ""A0ML"", ""A0MQ"", ""A0MT"", ""A0UC"", ""h00V""]","[""Condition"", ""CreateTrigger"", ""Lz"", ""Nl"", ""TriggerAddCondition"", ""nl""]","[""MNv"", ""Mcv"", ""Mjv"", ""Mpv""]",7
MSv,57655,57739,"[""A0K4""]","[""Cos"", ""CreateGroup"", ""DT"", ""DestroyGroup"", ""FirstOfGroup"", ""FlushChildHashtable"", ""GetHandleId"", ""GetLocalPlayer"", ""GetOwningPlayer"", ""GetTriggerEvalCount"", ""GetTriggeringTrigger"", ""GetUnitAbilityLevel"", ""GetUnitState"", ""GetUnitUserData"", ""GetUnitX"", ""GetUnitY"", ""GroupAddUnit"", ""GroupEnumUnitsInRange"", ""GroupRemoveUnit"", ""IsUnitAlly"", ""IsUnitEnemy"", ""IsUnitInGroup"", ""IsUnitType"", ""IssueTargetOrderById"", ""LoadGroupHandle"", ""LoadInteger"", ""LoadReal"", ""LoadUnitHandle"", ""PanCameraToTimed"", ""PauseUnit"", ""RemoveUnit"", ""SelectUnit"", ""SetUnitFlyHeight"", ""SetUnitPathing"", ""SetUnitState"", ""SetUnitX"", ""SetUnitY"", ""ShowUnit"", ""Sin"", ""eZ"", ""hL"", ""iL"", ""nL""]",[],26
Muv,57740,57783,"[""A173"", ""A17C"", ""h011"", ""h047""]","[""Atan2"", ""Condition"", ""Cos"", ""CreateGroup"", ""CreateTrigger"", ""CreateUnit"", ""GetHandleId"", ""GetOwningPlayer"", ""GetSpellTargetX"", ""GetSpellTargetY"", ""GetTriggerUnit"", ""GetUnitAbilityLevel"", ""GetUnitState"", ""GetUnitX"", ""GetUnitY"", ""I2R"", ""PauseUnit"", ""SaveGroupHandle"", ""SaveInteger"", ""SaveReal"", ""SaveUnitHandle"", ""SetUnitAbilityLevel"", ""SetUnitPathing"", ""SetUnitState"", ""ShowUnit"", ""Sin"", ""TriggerAddCondition"", ""TriggerRegisterTimerEvent"", ""UnitAddAbility""]","[""MSv""]",23
MUv,57784,57850,"[""A174"", ""A177""]","[""DT"", ""DisableTrigger"", ""FlushChildHashtable"", ""GetEventDamageSource"", ""GetHandleId"", ""GetHeroInt"", ""GetRandomInt"", ""GetTriggerEventId"", ""GetTriggeringTrigger"", ""GetUnitAbilityLevel"", ""GetUnitX"", ""GetUnitY"", ""LoadBoolean"", ""LoadUnitHandle"", ""StringHash"", ""jZ""]",[],20
MWv,57851,57864,[],"[""Condition"", ""CreateTrigger"", ""GetAttacker"", ""GetHandleId"", ""GetTriggerUnit"", ""SaveUnitHandle"", ""TriggerAddCondition"", ""TriggerRegisterTimerEvent"", ""TriggerRegisterUnitEvent""]","[""MUv""]",3
Myv,57865,57872,[],"[""GetAttacker"", ""GetHandleId"", ""LoadInteger"", ""MWv"", ""TS""]",[],2
MYv,57873,57886,"[""A174"", ""A177""]","[""GetAttacker"", ""GetHandleId"", ""GetIssuedOrderId"", ""GetOwningPlayer"", ""GetTriggerEventId"", ""GetTriggerUnit"", ""GetTriggeringTrigger"", ""GetUnitAbilityLevel"", ""IsUnitEnemy"", ""IsUnitType"", ""LoadUnitHandle"", ""Myv"", ""SaveBoolean"", ""StringHash""]",[],3
Mzv,57887,57901,[],"[""Condition"", ""CreateTrigger"", ""GetHandleId"", ""GetLearningUnit"", ""LoadBoolean"", ""Lz"", ""SaveBoolean"", ""SaveUnitHandle"", ""StringHash"", ""TriggerAddCondition"", ""TriggerRegisterUnitEvent""]","[""MYv""]",1
MZv,57902,57923,"[""A175""]","[""GetDyingUnit"", ""GetHandleId"", ""GetHeroInt"", ""GetKillingUnit"", ""GetOwningPlayer"", ""GetTriggeringTrigger"", ""GetUnitAbilityLevel"", ""GetWidgetX"", ""GetWidgetY"", ""I2S"", ""IsUnitEnemy"", ""IsUnitIllusion"", ""LoadInteger"", ""LoadUnitHandle"", ""SaveInteger"", ""SetHeroInt"", ""StringHash"", ""ql""]",[],8
M_v,57924,57943,"[""A175""]","[""Condition"", ""CreateTrigger"", ""GetHandleId"", ""GetLearningUnit"", ""GetUnitAbilityLevel"", ""GetUnitState"", ""Lz"", ""R2I"", ""SaveUnitHandle"", ""TriggerAddCondition"", ""zl""]","[""MZv""]",4
M0v,57944,57988,[],"[""Cos"", ""GetExpiredTimer"", ""GetHandleId"", ""GetOwningPlayer"", ""GetUnitX"", ""GetUnitY"", ""I2R"", ""LoadInteger"", ""LoadUnitHandle"", ""RemoveUnit"", ""SaveInteger"", ""SetUnitFacing"", ""SetUnitX"", ""SetUnitY"", ""Sin"", ""tK""]",[],17
M1v,57989,58017,"[""A0VY""]","[""Cos"", ""GK"", ""GetExpiredTimer"", ""GetHandleId"", ""GetUnitDefaultMoveSpeed"", ""GetUnitX"", ""GetUnitY"", ""LoadInteger"", ""LoadReal"", ""LoadUnitHandle"", ""SaveInteger"", ""SetUnitMoveSpeed"", ""SetUnitPathing"", ""SetUnitPosition"", ""Sin"", ""UnitRemoveAbility"", ""eL"", ""iL"", ""nL"", ""tK""]",[],9
M2v,58018,58088,"[""A0VY"", ""A179""]","[""Atan2"", ""CreateGroup"", ""CreateTimer"", ""DestroyGroup"", ""FirstOfGroup"", ""GetExpiredTimer"", ""GetHandleId"", ""GetOwningPlayer"", ""GetUnitX"", ""GetUnitY"", ""GetWidgetLife"", ""Gl"", ""GroupAddUnit"", ""GroupEnumUnitsInRange"", ""GroupRemoveUnit"", ""IsUnitEnemy"", ""IsUnitInGroup"", ""IsUnitType"", ""LoadGroupHandle"", ""LoadInteger"", ""LoadReal"", ""LoadUnitHandle"", ""SaveBoolean"", ""SaveInteger"", ""SaveReal"", ""SaveUnitHandle"", ""SetUnitMoveSpeed"", ""SetUnitPathing"", ""StringHash"", ""TimerStart"", ""UnitAddAbility"", ""UnitRemoveAbility"", ""hL"", ""hl"", ""tK""]","[""M1v""]",22
M3v,58089,58139,"[""A178"", ""A179"", ""h01C""]","[""Cos"", ""CreateGroup"", ""CreateTimer"", ""CreateUnit"", ""GetHandleId"", ""GetOwningPlayer"", ""GetSpellAbilityId"", ""GetTriggerUnit"", ""GetUnitAbilityLevel"", ""GetUnitState"", ""GetUnitX"", ""GetUnitY"", ""SaveBoolean"", ""SaveGroupHandle"", ""SaveInteger"", ""SaveReal"", ""SaveUnitHandle"", ""SetPlayerAbilityAvailable"", ""SetUnitState"", ""SetUnitVertexColor"", ""Sin"", ""StringHash"", ""TimerStart"", ""UnitAddAbility"", ""qK""]","[""M0v"", ""M2v""]",22
M4v,58140,58195,"[""N0A3"", ""N0A4"", ""N0AB""]","[""AddSpecialEffectTarget"", ""CreateGroup"", ""DestroyEffect"", ""DestroyGroup"", ""FirstOfGroup"", ""GetEventDamage"", ""GetHandleId"", ""GetOwningPlayer"", ""GetTriggerEventId"", ""GetTriggerUnit"", ""GetTriggeringTrigger"", ""GetUnitState"", ""GetUnitTypeId"", ""GetUnitX"", ""GetUnitY"", ""GetWidgetLife"", ""GroupEnumUnitsInRange"", ""GroupRemoveUnit"", ""IsUnitAlly"", ""LoadReal"", ""LoadUnitHandle"", ""SaveReal"", ""SetUnitState"", ""StringHash"", ""fL""]",[],20
M6v,58196,58203,[],"[""Condition"", ""CreateTrigger"", ""GetHandleId"", ""SaveUnitHandle"", ""TriggerAddCondition"", ""TriggerRegisterUnitEvent""]","[""M4v""]",3
M7v,58204,58212,"[""A173"", ""A176"", ""A178""]","[""GetSpellAbilityId"", ""M3v"", ""Muv""]",[],4
M8v,58213,58221,"[""A174"", ""A175"", ""A177""]","[""GetLearnedSkill"", ""GetLearningUnit"", ""IsUnitIllusion"", ""M_v"", ""Mzv""]",[],3
Rz,58222,58224,[],"[""M6v""]",[],1
Yy,58225,58237,"[""A0VY"", ""A179"", ""A17C"", ""h01C"", ""h047""]","[""Condition"", ""CreateTrigger"", ""Lz"", ""Nl"", ""TriggerAddCondition"", ""nl""]","[""M7v"", ""M8v""]",9
pev,58238,58246,[],"[""GetExpiredTimer"", ""GetHandleId"", ""LoadUnitHandle"", ""SetUnitInvulnerable"", ""tK""]",[],1
pxv,58247,58322,"[""A0K4"", ""A17E""]","[""AddSpecialEffect"", ""CreateGroup"", ""CreateTimer"", ""DT"", ""DestroyEffect"", ""DestroyGroup"", ""FirstOfGroup"", ""FlushChildHashtable"", ""GetEventDamage"", ""GetEventDamageSource"", ""GetHandleId"", ""GetOwningPlayer"", ""GetTriggerEventId"", ""GetTriggerUnit"", ""GetTriggeringTrigger"", ""GetUnitAbilityLevel"", ""GetUnitState"", ""GetUnitUserData"", ""GetUnitX"", ""GetUnitY"", ""GetWidgetLife"", ""GroupEnumUnitsInRange"", ""GroupRemoveUnit"", ""I2R"", ""I2S"", ""IsUnitEnemy"", ""IsUnitType"", ""KillUnit"", ""LoadInteger"", ""LoadUnitHandle"", ""RemoveUnit"", ""SaveInteger"", ""SaveUnitHandle"", ""SetUnitInvulnerable"", ""SetUnitState"", ""StringHash"", ""TimerStart"", ""hL""]","[""pev""]",20
prv,58323,58369,"[""A0O3"", ""n0A7""]","[""Condition"", ""Cos"", ""CreateTrigger"", ""CreateUnit"", ""GK"", ""GetHandleId"", ""GetOwningPlayer"", ""GetTriggerUnit"", ""GetUnitAbilityLevel"", ""GetUnitX"", ""GetUnitY"", ""I2S"", ""LoadUnitHandle"", ""PauseUnit"", ""RemoveUnit"", ""SaveInteger"", ""SaveUnitHandle"", ""SetUnitX"", ""SetUnitY"", ""Sin"", ""StringHash"", ""TerrainDeformRipple"", ""TriggerAddCondition"", ""TriggerRegisterTimerEvent"", ""TriggerRegisterUnitEvent""]","[""pxv""]",19
piv,58370,58396,"[""A17D""]","[""Cm"", ""CreateGroup"", ""DestroyGroup"", ""FirstOfGroup"", ""GetHandleId"", ""GetOwningPlayer"", ""GetUnitAbilityLevel"", ""GetUnitX"", ""GetUnitY"", ""GetWidgetLife"", ""GroupEnumUnitsInRange"", ""GroupRemoveUnit"", ""IsUnitEnemy"", ""IssueTargetOrderById"", ""LoadUnitHandle"", ""StringHash"", ""YK"", ""hL""]",[],7
pav,58397,58408,"[""A17G"", ""A17H"", ""B0AR""]","[""GetExpiredTimer"", ""GetHandleId"", ""LoadUnitHandle"", ""SaveBoolean"", ""StringHash"", ""UnitRemoveAbility"", ""tK""]",[],4
pnv,58409,58447,"[""A17D"", ""A17G"", ""A17H""]","[""CreateTimer"", ""DT"", ""DisableTrigger"", ""FlushChildHashtable"", ""GetEventDamage"", ""GetEventDamageSource"", ""GetHandleId"", ""GetTriggerEventId"", ""GetTriggeringTrigger"", ""GetUnitAbilityLevel"", ""I2R"", ""LoadBoolean"", ""LoadUnitHandle"", ""SaveBoolean"", ""SaveUnitHandle"", ""SetUnitAbilityLevel"", ""StringHash"", ""TimerStart"", ""UnitAddAbility"", ""piv""]","[""pav""]",10
pVv,58448,58464,[],"[""Condition"", ""CreateTrigger"", ""GetAttacker"", ""GetHandleId"", ""GetTriggerUnit"", ""LoadUnitHandle"", ""SaveUnitHandle"", ""StringHash"", ""TriggerAddCondition"", ""TriggerRegisterTimerEvent"", ""TriggerRegisterUnitEvent""]","[""pnv""]",4
pEv,58465,58472,[],"[""GetAttacker"", ""GetHandleId"", ""LoadInteger"", ""TS"", ""pVv""]",[],2
pXv,58473,58478,"[""A17D""]","[""GetAttacker"", ""GetHandleId"", ""GetOwningPlayer"", ""GetTriggerUnit"", ""GetTriggeringTrigger"", ""GetUnitAbilityLevel"", ""IsUnitEnemy"", ""IsUnitType"", ""LoadUnitHandle"", ""pEv""]",[],1
pOv,58479,58492,"[""A0SH"", ""h011""]","[""Condition"", ""CreateTrigger"", ""CreateUnit"", ""GetHandleId"", ""GetOwningPlayer"", ""GetTriggerUnit"", ""GetUnitX"", ""GetUnitY"", ""Lz"", ""SaveUnitHandle"", ""StringHash"", ""TriggerAddCondition"", ""UnitAddAbility""]","[""pXv""]",3
pRv,58493,58618,"[""A0O2"", ""A17D"", ""N0A6"", ""n0A7""]","[""Cos"", ""CreateGroup"", ""CreateUnit"", ""Deg2Rad"", ""DestroyGroup"", ""FirstOfGroup"", ""GetExpiredTimer"", ""GetHandleId"", ""GetHeroLevel"", ""GetLocalPlayer"", ""GetOwningPlayer"", ""GetRandomInt"", ""GetUnitAbilityLevel"", ""GetUnitFacing"", ""GetUnitState"", ""GetUnitTypeId"", ""GetUnitX"", ""GetUnitY"", ""GetWidgetLife"", ""GroupAddUnit"", ""GroupClear"", ""GroupEnumUnitsInRange"", ""GroupRemoveUnit"", ""I2R"", ""IsUnitEnemy"", ""IsUnitInGroup"", ""IsUnitType"", ""IssueImmediateOrderById"", ""IssueTargetOrderById"", ""LoadBoolean"", ""LoadGroupHandle"", ""LoadReal"", ""LoadUnitHandle"", ""PauseTimer"", ""PauseUnit"", ""RemoveUnit"", ""SaveGroupHandle"", ""SaveReal"", ""SaveUnitHandle"", ""SelectUnit"", ""SetHeroLevel"", ""SetUnitFlyHeight"", ""SetUnitInvulnerable"", ""SetUnitPathing"", ""SetUnitState"", ""SetUnitUserData"", ""SetUnitX"", ""SetUnitY"", ""ShowUnit"", ""Sin"", ""StringHash"", ""SuspendHeroXP"", ""TimerStart"", ""Yk"", ""eL"", ""hL"", ""oL"", ""piv"", ""tK""]","[""pRv""]",38
pIv,58619,58676,"[""A0O2"", ""A17F"", ""N0A6"", ""h011""]","[""Atan2"", ""CreateGroup"", ""CreateTimer"", ""CreateUnit"", ""GetHandleId"", ""GetHeroLevel"", ""GetLocalPlayer"", ""GetOwningPlayer"", ""GetSpellTargetX"", ""GetSpellTargetY"", ""GetTriggerUnit"", ""GetUnitAbilityLevel"", ""GetUnitState"", ""GetUnitX"", ""GetUnitY"", ""PauseUnit"", ""Rad2Deg"", ""SaveBoolean"", ""SaveGroupHandle"", ""SaveReal"", ""SaveUnitHandle"", ""SelectUnit"", ""SetHeroLevel"", ""SetUnitFlyHeight"", ""SetUnitInvulnerable"", ""SetUnitPathing"", ""SetUnitState"", ""SetUnitUserData"", ""ShowUnit"", ""StringHash"", ""SuspendHeroXP"", ""TimerStart"", ""UnitAddAbility"", ""Yk""]","[""pRv""]",23
pAv,58677,58716,"[""A17E""]","[""GetHandleId"", ""GetLocalPlayer"", ""GetOwningPlayer"", ""GetTriggeringTrigger"", ""GetUnitAbilityLevel"", ""GetUnitFlyHeight"", ""GetUnitX"", ""GetUnitY"", ""IsUnitAlly"", ""LoadInteger"", ""LoadUnitHandle"", ""SetTextTagPermanent"", ""SetTextTagPos"", ""SetTextTagText"", ""SetTextTagVelocity"", ""SetTextTagVisibility"", ""StringHash"", ""Uk"", ""xK""]",[],10
pNv,58717,58728,[],"[""GetExpiredTimer"", ""GetHandleId"", ""LoadInteger"", ""LoadUnitHandle"", ""SaveInteger"", ""StringHash"", ""tK""]",[],3
pbv,58729,58754,"[""A17E""]","[""CreateTimer"", ""GetEventDamage"", ""GetHandleId"", ""GetTriggerUnit"", ""GetTriggeringTrigger"", ""GetUnitAbilityLevel"", ""GetWidgetLife"", ""I2R"", ""LoadInteger"", ""SaveInteger"", ""SaveUnitHandle"", ""SetWidgetLife"", ""StringHash"", ""TimerStart""]","[""pNv""]",8
pdv,58755,58771,[],"[""CreateTextTag"", ""CreateTrigger"", ""GetHandleId"", ""GetLearningUnit"", ""GetOwningPlayer"", ""SaveInteger"", ""SaveUnitHandle"", ""StringHash"", ""TriggerAddAction"", ""TriggerRegisterTimerEvent"", ""TriggerRegisterUnitEvent"", ""xK""]","[""pAv"", ""pbv""]",3
pDv,58772,58827,"[""N0A4"", ""N0AB"", ""O00M""]","[""AddSpecialEffectTarget"", ""CreateGroup"", ""DestroyEffect"", ""DestroyGroup"", ""FirstOfGroup"", ""GetEventDamage"", ""GetHandleId"", ""GetOwningPlayer"", ""GetTriggerEventId"", ""GetTriggerUnit"", ""GetTriggeringTrigger"", ""GetUnitState"", ""GetUnitTypeId"", ""GetUnitX"", ""GetUnitY"", ""GetWidgetLife"", ""GroupEnumUnitsInRange"", ""GroupRemoveUnit"", ""IsUnitAlly"", ""LoadReal"", ""LoadUnitHandle"", ""SaveReal"", ""SetUnitState"", ""StringHash"", ""fL""]",[],19
pfv,58828,58835,[],"[""Condition"", ""CreateTrigger"", ""GetHandleId"", ""SaveUnitHandle"", ""TriggerAddCondition"", ""TriggerRegisterUnitEvent""]","[""pDv""]",1
pFv,58836,58844,"[""A0O2"", ""A0O3""]","[""GetSpellAbilityId"", ""pIv"", ""prv""]",[],2
pgv,58845,58853,"[""A17D"", ""A17E""]","[""GetLearnedSkill"", ""GetLearningUnit"", ""GetUnitAbilityLevel"", ""IsUnitIllusion"", ""pOv"", ""pdv""]",[],2
Iz,58854,58856,[],"[""pfv""]",[],0
zy,58857,58870,"[""A0SH"", ""A17F"", ""A17G"", ""A17H"", ""N0A6"", ""n0A7""]","[""Condition"", ""CreateTrigger"", ""Lz"", ""Nl"", ""TriggerAddCondition"", ""nl""]","[""pFv"", ""pgv""]",6
pHv,58871,58887,"[""A0O4""]","[""GetSpellAbilityUnit"", ""GetSpellTargetX"", ""GetSpellTargetY"", ""GetUnitAbilityLevel"", ""GetUnitX"", ""GetUnitY"", ""I2R"", ""jZ""]",[],7
pjv,58888,58924,"[""A0V3""]","[""CreateGroup"", ""DestroyEffect"", ""DestroyGroup"", ""FirstOfGroup"", ""GetExpiredTimer"", ""GetHandleId"", ""GetOwningPlayer"", ""GetUnitX"", ""GetUnitY"", ""GetWidgetLife"", ""GroupEnumUnitsInRange"", ""GroupRemoveUnit"", ""IsUnitEnemy"", ""IsUnitType"", ""LoadEffectHandle"", ""LoadReal"", ""LoadUnitHandle"", ""SaveReal"", ""StringHash"", ""UnitRemoveAbility"", ""hL"", ""tK""]",[],11
pJv,58925,58942,"[""A0V3"", ""A170""]","[""AddSpecialEffectTarget"", ""CreateTimer"", ""GetHandleId"", ""GetOwningPlayer"", ""GetSpellAbilityUnit"", ""GetUnitAbilityLevel"", ""I2R"", ""SaveEffectHandle"", ""SaveReal"", ""SaveUnitHandle"", ""SetPlayerAbilityAvailable"", ""TimerStart"", ""UnitAddAbility""]","[""pjv""]",11
pkv,58943,58958,"[""A171""]","[""GetExpiredTimer"", ""GetHandleId"", ""GetHeroAgi"", ""GetUnitAbilityLevel"", ""LoadInteger"", ""LoadUnitHandle"", ""SaveInteger"", ""SetHeroAgi"", ""StringHash"", ""Uk"", ""tK""]",[],5
pKv,58959,58998,"[""A171""]","[""CreateTimer"", ""GetEventDamage"", ""GetEventDamageSource"", ""GetHandleId"", ""GetHeroAgi"", ""GetOwningPlayer"", ""GetRandomInt"", ""GetTriggerUnit"", ""GetTriggeringTrigger"", ""GetUnitAbilityLevel"", ""GetWidgetX"", ""GetWidgetY"", ""I2S"", ""IsUnitEnemy"", ""LoadInteger"", ""LoadUnitHandle"", ""SaveInteger"", ""SaveUnitHandle"", ""SetHeroAgi"", ""StringHash"", ""TimerStart"", ""ql""]","[""pkv""]",12
plv,58999,59021,"[""A171""]","[""Condition"", ""CreateTrigger"", ""GetHandleId"", ""GetHeroAgi"", ""GetLearningUnit"", ""GetUnitAbilityLevel"", ""LoadInteger"", ""SaveInteger"", ""SaveUnitHandle"", ""SetHeroAgi"", ""StringHash"", ""TriggerAddCondition"", ""TriggerRegisterUnitEvent""]","[""pKv""]",7
pLv,59022,59163,"[""A0O4"", ""A0V3"", ""A170"", ""A172"", ""h046"", ""n0A5""]","[""AddSpecialEffectTarget"", ""Cm"", ""Cos"", ""CreateGroup"", ""CreateTimer"", ""CreateUnit"", ""Deg2Rad"", ""DestroyGroup"", ""FirstOfGroup"", ""GetHandleId"", ""GetOwningPlayer"", ""GetRandomInt"", ""GetSpellAbilityId"", ""GetTriggerEventId"", ""GetTriggeringTrigger"", ""GetUnitAbilityLevel"", ""GetUnitFacing"", ""GetUnitX"", ""GetUnitY"", ""GetWidgetLife"", ""GroupEnumUnitsInRange"", ""GroupRemoveUnit"", ""I2R"", ""I2S"", ""IsUnitEnemy"", ""IssuePointOrderById"", ""LoadInteger"", ""LoadReal"", ""LoadUnitHandle"", ""RemoveUnit"", ""SaveEffectHandle"", ""SaveInteger"", ""SaveReal"", ""SaveUnitHandle"", ""SetPlayerAbilityAvailable"", ""SetUnitAnimationByIndex"", ""SetUnitFacing"", ""SetUnitVertexColor"", ""SetUnitX"", ""SetUnitY"", ""Sin"", ""StringHash"", ""TimerStart"", ""UnitAddAbility"", ""hL"", ""hl"", ""jZ""]","[""pjv""]",68
pMv,59164,59182,[],"[""DT"", ""DisableTrigger"", ""FlushChildHashtable"", ""GetEventDamageSource"", ""GetHandleId"", ""GetTriggerEventId"", ""GetTriggeringTrigger"", ""LoadUnitHandle"", ""SaveInteger"", ""StringHash""]",[],2
ppv,59183,59195,[],"[""Condition"", ""CreateTrigger"", ""GetAttacker"", ""GetHandleId"", ""GetTriggerUnit"", ""SaveUnitHandle"", ""TriggerAddCondition"", ""TriggerRegisterTimerEvent"", ""TriggerRegisterUnitEvent""]","[""pMv""]",2
pPv,59196,59203,[],"[""GetAttacker"", ""GetHandleId"", ""LoadInteger"", ""TS"", ""ppv""]",[],2
pqv,59204,59209,"[""A172""]","[""GetAttacker"", ""GetHandleId"", ""GetOwningPlayer"", ""GetTriggerUnit"", ""GetTriggeringTrigger"", ""GetUnitAbilityLevel"", ""IsUnitEnemy"", ""IsUnitType"", ""LoadUnitHandle"", ""pPv""]",[],1
pQv,59210,59236,"[""h046""]","[""AddSpecialEffectTarget"", ""Condition"", ""CreateTrigger"", ""CreateUnit"", ""GetHandleId"", ""GetLearningUnit"", ""GetOwningPlayer"", ""GetUnitFacing"", ""GetUnitX"", ""GetUnitY"", ""Lz"", ""SaveReal"", ""SaveUnitHandle"", ""SetUnitVertexColor"", ""StringHash"", ""TriggerAddCondition"", ""TriggerRegisterTimerEvent"", ""TriggerRegisterUnitEvent""]","[""pLv"", ""pqv""]",9
psv,59237,59290,"[""N0A3"", ""N0AB"", ""O00M""]","[""AddSpecialEffectTarget"", ""CreateGroup"", ""DestroyEffect"", ""DestroyGroup"", ""FirstOfGroup"", ""GetEventDamage"", ""GetHandleId"", ""GetOwningPlayer"", ""GetTriggerEventId"", ""GetTriggerUnit"", ""GetTriggeringTrigger"", ""GetUnitState"", ""GetUnitTypeId"", ""GetUnitX"", ""GetUnitY"", ""GetWidgetLife"", ""GroupEnumUnitsInRange"", ""GroupRemoveUnit"", ""IsUnitAlly"", ""LoadUnitHandle"", ""SetUnitState"", ""fL""]",[],16
pSv,59291,59298,[],"[""Condition"", ""CreateTrigger"", ""GetHandleId"", ""SaveUnitHandle"", ""TriggerAddCondition"", ""TriggerRegisterUnitEvent""]","[""psv""]",1
ptv,59299,59307,"[""A0O4"", ""A170""]","[""GetSpellAbilityId"", ""pHv"", ""pJv""]",[],2
pTv,59308,59316,"[""A171"", ""A172""]","[""GetLearnedSkill"", ""GetLearningUnit"", ""GetUnitAbilityLevel"", ""IsUnitIllusion"", ""pQv"", ""plv""]",[],2
Az,59317,59319,[],"[""pSv""]",[],0
Zy,59320,59330,"[""A0FS"", ""A0V3"", ""n0A5""]","[""Condition"", ""CreateTrigger"", ""Lz"", ""Nl"", ""TriggerAddCondition"", ""nl""]","[""pTv"", ""ptv""]",3
pwv,59331,59377,[],"[""CreateGroup"", ""DestroyGroup"", ""FirstOfGroup"", ""GetExpiredTimer"", ""GetHandleId"", ""GetOwningPlayer"", ""GetUnitState"", ""GetUnitUserData"", ""GetUnitX"", ""GetUnitY"", ""GetWidgetLife"", ""GroupEnumUnitsInRange"", ""GroupRemoveUnit"", ""I2R"", ""IsUnitEnemy"", ""IsUnitType"", ""LoadInteger"", ""LoadUnitHandle"", ""RemoveUnit"", ""SaveInteger"", ""hL"", ""tK""]",[],12
pWv,59378,59436,"[""h04P""]","[""AddSpecialEffectTarget"", ""Cos"", ""CreateGroup"", ""CreateTimer"", ""CreateUnit"", ""Deg2Rad"", ""DestroyGroup"", ""FirstOfGroup"", ""GetExpiredTimer"", ""GetHandleId"", ""GetOwningPlayer"", ""GetUnitFacing"", ""GetUnitX"", ""GetUnitY"", ""GetWidgetLife"", ""GroupEnumUnitsInRange"", ""GroupRemoveUnit"", ""I2R"", ""IsUnitEnemy"", ""IsUnitType"", ""LoadInteger"", ""LoadReal"", ""LoadUnitHandle"", ""PauseUnit"", ""RemoveUnit"", ""SaveInteger"", ""SaveReal"", ""SaveUnitHandle"", ""SetUnitAnimationByIndex"", ""SetUnitVertexColor"", ""SetUnitX"", ""SetUnitY"", ""Sin"", ""TimerStart"", ""eL"", ""hL"", ""tK""]","[""pwv""]",20
pyv,59437,59463,"[""h04O""]","[""Atan2"", ""CreateTimer"", ""CreateUnit"", ""GetHandleId"", ""GetOwningPlayer"", ""GetSpellAbilityId"", ""GetSpellAbilityUnit"", ""GetSpellTargetX"", ""GetSpellTargetY"", ""GetUnitAbilityLevel"", ""GetUnitX"", ""GetUnitY"", ""I2R"", ""SaveInteger"", ""SaveReal"", ""SaveUnitHandle"", ""SetUnitVertexColor"", ""TimerStart"", ""hl""]","[""pWv""]",9
pYv,59464,59509,[],"[""DT"", ""DisableTrigger"", ""EnableTrigger"", ""FlushChildHashtable"", ""GetHandleId"", ""GetIssuedOrderId"", ""GetOrderPointX"", ""GetOrderPointY"", ""GetTriggerEventId"", ""GetTriggeringTrigger"", ""GetUnitX"", ""GetUnitY"", ""LoadInteger"", ""LoadUnitHandle"", ""SetUnitPosition"", ""hl""]",[],9
pZv,59510,59589,"[""A19G"", ""h04P"", ""h04Q""]","[""AddSpecialEffectTarget"", ""CreateGroup"", ""CreateTimer"", ""CreateUnit"", ""Deg2Rad"", ""DestroyGroup"", ""FirstOfGroup"", ""GetExpiredTimer"", ""GetHandleId"", ""GetLocalPlayer"", ""GetOwningPlayer"", ""GetUnitAbilityLevel"", ""GetUnitDefaultMoveSpeed"", ""GetUnitFacing"", ""GetUnitState"", ""GetUnitX"", ""GetUnitY"", ""GetWidgetLife"", ""GroupEnumUnitsInRange"", ""GroupRemoveUnit"", ""I2R"", ""IsUnitEnemy"", ""IsUnitType"", ""IssueTargetOrderById"", ""KillUnit"", ""LoadInteger"", ""LoadReal"", ""LoadUnitHandle"", ""PauseUnit"", ""RemoveUnit"", ""SaveInteger"", ""SaveUnitHandle"", ""SelectUnit"", ""SetUnitAnimationByIndex"", ""SetUnitInvulnerable"", ""SetUnitMoveSpeed"", ""SetUnitPosition"", ""SetUnitState"", ""SetUnitVertexColor"", ""TimerStart"", ""ZK"", ""eL"", ""hL"", ""tK""]","[""pwv""]",23
p0v,59590,59709,"[""A025"", ""A19I"", ""h011"", ""h04M"", ""h04N""]","[""AddSpecialEffectTarget"", ""Condition"", ""Cos"", ""CreateTimer"", ""CreateTrigger"", ""CreateUnit"", ""Deg2Rad"", ""GetHandleId"", ""GetLocalPlayer"", ""GetOwningPlayer"", ""GetSpellAbilityId"", ""GetTriggerUnit"", ""GetUnitAbilityLevel"", ""GetUnitFacing"", ""GetUnitX"", ""GetUnitY"", ""I2R"", ""SaveInteger"", ""SaveReal"", ""SaveUnitHandle"", ""SetUnitInvulnerable"", ""SetUnitMoveSpeed"", ""SetUnitPosition"", ""SetUnitVertexColor"", ""Sin"", ""TimerStart"", ""TriggerAddCondition"", ""TriggerRegisterTimerEvent"", ""TriggerRegisterUnitEvent"", ""UnitAddAbility""]","[""pYv"", ""pZv""]",52
p5v,59710,59763,[],"[""AddSpecialEffectTarget"", ""CreateGroup"", ""DT"", ""DestroyEffect"", ""DestroyGroup"", ""DisableTrigger"", ""FirstOfGroup"", ""FlushChildHashtable"", ""GetEventDamage"", ""GetEventDamageSource"", ""GetHandleId"", ""GetOwningPlayer"", ""GetTriggerEventId"", ""GetTriggeringTrigger"", ""GetUnitState"", ""GetUnitX"", ""GetUnitY"", ""GetWidgetLife"", ""GroupEnumUnitsInRange"", ""GroupRemoveUnit"", ""I2R"", ""IsUnitEnemy"", ""IsUnitType"", ""LoadInteger"", ""LoadUnitHandle"", ""SetUnitState"", ""hL""]",[],15
p8v,59764,59787,"[""A19D"", ""B0B8""]","[""Condition"", ""CreateTrigger"", ""DT"", ""FlushChildHashtable"", ""GetAttacker"", ""GetHandleId"", ""GetTriggerEventId"", ""GetTriggerUnit"", ""GetTriggeringTrigger"", ""IsUnitType"", ""LoadInteger"", ""LoadUnitHandle"", ""SaveInteger"", ""SaveUnitHandle"", ""TriggerAddCondition"", ""TriggerRegisterTimerEvent"", ""TriggerRegisterUnitEvent"", ""UnitRemoveAbility""]","[""p5v""]",10
p9v,59788,59802,"[""A199"", ""A19D""]","[""Condition"", ""CreateTrigger"", ""GetHandleId"", ""GetTriggerUnit"", ""GetUnitAbilityLevel"", ""Lz"", ""SaveInteger"", ""SaveUnitHandle"", ""TriggerAddCondition"", ""TriggerRegisterTimerEvent"", ""TriggerRegisterUnitEvent"", ""UnitAddAbility""]","[""p8v""]",7
Pvv,59803,59840,"[""A19A""]","[""CreateGroup"", ""DestroyGroup"", ""FirstOfGroup"", ""GetHandleId"", ""GetOwningPlayer"", ""GetTriggeringTrigger"", ""GetUnitAbilityLevel"", ""GetUnitState"", ""GetUnitX"", ""GetUnitY"", ""GetWidgetLife"", ""GroupEnumUnitsInRange"", ""GroupRemoveUnit"", ""I2R"", ""IsUnitEnemy"", ""IsUnitType"", ""LoadUnitHandle"", ""hL""]",[],9
Pxv,59841,59850,[],"[""AddSpecialEffectTarget"", ""Condition"", ""CreateTrigger"", ""GetHandleId"", ""GetLearningUnit"", ""SaveUnitHandle"", ""TriggerAddCondition"", ""TriggerRegisterTimerEvent""]","[""Pvv""]",2
Pov,59851,59928,"[""A19C"", ""N0A3"", ""N0A4"", ""O00M""]","[""AddSpecialEffectTarget"", ""CreateGroup"", ""DestroyEffect"", ""DestroyGroup"", ""FirstOfGroup"", ""GetEventDamage"", ""GetHandleId"", ""GetOwningPlayer"", ""GetTriggerEventId"", ""GetTriggerUnit"", ""GetTriggeringTrigger"", ""GetUnitState"", ""GetUnitTypeId"", ""GetUnitX"", ""GetUnitY"", ""GetWidgetLife"", ""GroupEnumUnitsInRange"", ""GroupRemoveUnit"", ""IsUnitAlly"", ""LoadReal"", ""LoadUnitHandle"", ""SaveReal"", ""SetUnitAbilityLevel"", ""SetUnitState"", ""StringHash"", ""fL""]",[],27
Prv,59929,59937,[],"[""Condition"", ""CreateTrigger"", ""GetHandleId"", ""SaveUnitHandle"", ""TriggerAddCondition"", ""TriggerRegisterTimerEvent"", ""TriggerRegisterUnitEvent""]","[""Pov""]",2
Piv,59938,59949,"[""A025"", ""A199"", ""A19B"", ""A19F"", ""A19G""]","[""GetSpellAbilityId"", ""p0v"", ""p9v"", ""pyv""]",[],5
Pav,59950,59955,"[""A19A""]","[""GetLearnedSkill"", ""GetLearningUnit"", ""GetUnitAbilityLevel"", ""IsUnitIllusion"", ""Pxv""]",[],1
Nz,59956,59958,[],"[""Prv""]",[],0
vY,59959,59973,"[""A19H"", ""A19I"", ""h04M"", ""h04N"", ""h04O"", ""h04P"", ""h04Q""]","[""Condition"", ""CreateTrigger"", ""Lz"", ""Nl"", ""TriggerAddCondition"", ""nl""]","[""Pav"", ""Piv""]",7
PEv,59974,59991,"[""A06I""]","[""GetExpiredTimer"", ""GetHandleId"", ""GetUnitAbilityLevel"", ""I2R"", ""LoadInteger"", ""LoadUnitHandle"", ""SaveInteger"", ""hL"", ""tK""]",[],8
PXv,59992,60024,"[""A06I"", ""O006""]","[""AddSpecialEffectTarget"", ""CreateTimer"", ""DestroyEffect"", ""GetExpiredTimer"", ""GetHandleId"", ""GetUnitAbilityLevel"", ""GetUnitState"", ""GetUnitTypeId"", ""GetUnitX"", ""GetUnitY"", ""I2R"", ""IsUnitType"", ""IssueTargetOrderById"", ""LoadUnitHandle"", ""SaveInteger"", ""SaveUnitHandle"", ""SetUnitState"", ""SetUnitX"", ""SetUnitY"", ""TimerStart"", ""hL"", ""tK""]","[""PEv""]",13
POv,60025,60056,"[""A06I"", ""A0MN"", ""A157"", ""B07U""]","[""CreateTimer"", ""GetAttacker"", ""GetHandleId"", ""GetOwningPlayer"", ""GetRandomInt"", ""GetTriggeringTrigger"", ""GetUnitAbilityLevel"", ""GetUnitFacing"", ""GetUnitState"", ""GetWidgetLife"", ""IsUnitEnemy"", ""LoadUnitHandle"", ""SaveUnitHandle"", ""SetUnitAbilityLevel"", ""SetUnitState"", ""TimerStart""]","[""PXv""]",12
PIv,60057,60070,"[""A157"", ""h011""]","[""Condition"", ""CreateTrigger"", ""CreateUnit"", ""GetHandleId"", ""GetLearningUnit"", ""GetOwningPlayer"", ""GetUnitX"", ""GetUnitY"", ""SaveUnitHandle"", ""TriggerAddCondition"", ""TriggerRegisterUnitEvent"", ""UnitAddAbility""]","[""POv""]",4
PAv,60071,60076,"[""A0MN""]","[""GetLearnedSkill"", ""GetLearningUnit"", ""GetUnitAbilityLevel"", ""IsUnitIllusion"", ""PIv""]",[],1
PNv,60077,60090,"[""A0A4""]","[""GetHandleId"", ""GetTriggeringTrigger"", ""GetUnitAbilityLevel"", ""GetUnitState"", ""GetWidgetLife"", ""LoadUnitHandle"", ""SetWidgetLife""]",[],3
Pcv,60091,60110,"[""A0A4"", ""A0HJ"", ""A0HK"", ""A0HL""]","[""Condition"", ""CreateTrigger"", ""GetHandleId"", ""GetLearningUnit"", ""GetUnitAbilityLevel"", ""SaveUnitHandle"", ""TriggerAddCondition"", ""TriggerRegisterTimerEvent"", ""UnitAddAbility""]","[""PNv""]",8
PCv,60111,60116,"[""A0A4""]","[""GetLearnedSkill"", ""GetLearningUnit"", ""IsUnitIllusion"", ""Pcv""]",[],1
Pdv,60117,60142,"[""A0A5""]","[""AddSpecialEffectTarget"", ""CreateGroup"", ""DestroyEffect"", ""FirstOfGroup"", ""GetExpiredTimer"", ""GetFilterUnit"", ""GetHandleId"", ""GetOwningPlayer"", ""GetUnitAbilityLevel"", ""GetUnitX"", ""GetUnitY"", ""GetWidgetLife"", ""GroupEnumUnitsInRange"", ""GroupRemoveUnit"", ""I2R"", ""IsUnitEnemy"", ""IsUnitType"", ""LoadUnitHandle"", ""hL"", ""tK""]",[],7
PDv,60143,60155,[],"[""CreateTimer"", ""GetHandleId"", ""GetSpellAbilityUnit"", ""GetSpellTargetUnit"", ""GetUnitX"", ""GetUnitY"", ""SaveUnitHandle"", ""TimerStart"", ""hl""]","[""Pdv""]",3
Pfv,60156,60161,"[""A0A5""]","[""GetSpellAbilityId"", ""PDv""]",[],1
PFv,60162,60164,[],"[""GetFilterUnit"", ""GetOwningPlayer"", ""GetSpellAbilityUnit"", ""GetWidgetLife"", ""IsUnitEnemy"", ""IsUnitType""]",[],1
Pgv,60165,60198,"[""A06I"", ""B00E""]","[""CountUnitsInGroup"", ""DestroyGroup"", ""FirstOfGroup"", ""GetExpiredTimer"", ""GetHandleId"", ""GetUnitAbilityLevel"", ""GetWidgetLife"", ""Gl"", ""GroupRemoveUnit"", ""I2R"", ""IsUnitType"", ""LoadGroupHandle"", ""LoadInteger"", ""LoadUnitHandle"", ""SaveInteger"", ""hL"", ""tK""]",[],10
PGv,60199,60237,"[""A06I"", ""O006""]","[""AddSpecialEffectTarget"", ""Condition"", ""CreateGroup"", ""CreateTimer"", ""DestroyEffect"", ""DestroyGroup"", ""FirstOfGroup"", ""GetHandleId"", ""GetSpellAbilityUnit"", ""GetSpellTargetUnit"", ""GetUnitAbilityLevel"", ""GetUnitState"", ""GetUnitTypeId"", ""GetUnitX"", ""GetUnitY"", ""GetWidgetLife"", ""Gl"", ""GroupEnumUnitsInRange"", ""GroupRemoveUnit"", ""I2R"", ""IsUnitType"", ""SaveGroupHandle"", ""SaveInteger"", ""SaveUnitHandle"", ""SetUnitState"", ""TimerStart"", ""hL""]","[""PFv"", ""Pgv""]",12
Phv,60238,60243,"[""A06I""]","[""GetSpellAbilityId"", ""GetSpellTargetUnit"", ""OL"", ""PGv""]",[],1
eY,60244,60264,"[""A0HJ"", ""A0HK"", ""A0HL""]","[""Condition"", ""CreateTrigger"", ""Lz"", ""Nl"", ""TriggerAddCondition""]","[""PAv"", ""PCv"", ""Pfv"", ""Phv""]",3
PKv,60265,60311,[],"[""AddSpecialEffectTarget"", ""Cm"", ""CreateGroup"", ""DT"", ""DestroyEffect"", ""DestroyGroup"", ""DisableTrigger"", ""FirstOfGroup"", ""FlushChildHashtable"", ""GetEventDamage"", ""GetEventDamageSource"", ""GetHandleId"", ""GetOwningPlayer"", ""GetTriggerEventId"", ""GetTriggeringTrigger"", ""GetUnitX"", ""GetUnitY"", ""GetWidgetLife"", ""GroupEnumUnitsInRange"", ""GroupRemoveUnit"", ""I2R"", ""IsUnitEnemy"", ""LoadInteger"", ""LoadUnitHandle"", ""hL""]",[],10
Plv,60312,60336,[],"[""Condition"", ""CreateTrigger"", ""DT"", ""FlushChildHashtable"", ""GetAttacker"", ""GetHandleId"", ""GetTriggerEventId"", ""GetTriggerUnit"", ""GetTriggeringTrigger"", ""IsUnitType"", ""LoadInteger"", ""LoadUnitHandle"", ""SaveInteger"", ""SaveUnitHandle"", ""TriggerAddCondition"", ""TriggerRegisterTimerEvent"", ""TriggerRegisterUnitEvent""]","[""PKv""]",8
PLv,60337,60354,"[""A05E"", ""h011""]","[""Condition"", ""CreateTrigger"", ""CreateUnit"", ""GetHandleId"", ""GetOwningPlayer"", ""GetTriggerUnit"", ""GetUnitAbilityLevel"", ""GetUnitX"", ""GetUnitY"", ""Lz"", ""SaveInteger"", ""SaveUnitHandle"", ""TriggerAddCondition"", ""TriggerRegisterTimerEvent"", ""TriggerRegisterUnitEvent"", ""ZK""]","[""Plv""]",7
Pmv,60355,60360,"[""A05E""]","[""GetSpellAbilityId"", ""PLv""]",[],1
PMv,60361,60417,"[""A05F"", ""A0N0"", ""A0UG"", ""n01F"", ""n01G"", ""n01H""]","[""Cos"", ""GetExpiredTimer"", ""GetHandleId"", ""GetOwningPlayer"", ""GetUnitAbilityLevel"", ""GetUnitState"", ""GetUnitX"", ""GetUnitY"", ""GetWidgetX"", ""GetWidgetY"", ""I2S"", ""LoadInteger"", ""LoadReal"", ""LoadUnitHandle"", ""OW"", ""R2I"", ""RemoveUnit"", ""SaveInteger"", ""SaveReal"", ""SetUnitAbilityLevel"", ""SetUnitFlyHeight"", ""SetUnitX"", ""SetUnitY"", ""Sin"", ""UnitAddAbility"", ""eL"", ""ql"", ""tK"", ""zl""]",[],34
Pqv,60418,60455,"[""A05F"", ""A0UG"", ""Amrf"", ""h01Q""]","[""AddSpecialEffectTarget"", ""Atan2"", ""CreateTimer"", ""CreateUnit"", ""DestroyEffect"", ""GetHandleId"", ""GetOwningPlayer"", ""GetSpellAbilityUnit"", ""GetSpellTargetX"", ""GetSpellTargetY"", ""GetUnitAbilityLevel"", ""GetUnitX"", ""GetUnitY"", ""LoadInteger"", ""Rad2Deg"", ""SaveInteger"", ""SaveReal"", ""SaveUnitHandle"", ""SetUnitPathing"", ""TimerStart"", ""UnitAddAbility"", ""hl""]","[""PMv""]",20
Psv,60456,60466,"[""A0UG""]","[""GetHandleId"", ""GetOwningPlayer"", ""GetSpellAbilityId"", ""GetTriggerUnit"", ""IssueImmediateOrderById"", ""LoadInteger"", ""Pqv"", ""dl""]",[],3
PSv,60467,60490,"[""A0UG""]","[""GetEventDamage"", ""GetHandleId"", ""GetOwningPlayer"", ""GetTriggerUnit"", ""GetUnitAbilityLevel"", ""GetUnitState"", ""GetWidgetX"", ""GetWidgetY"", ""I2S"", ""LoadInteger"", ""LoadReal"", ""SaveInteger"", ""SaveReal"", ""ql""]",[],11
PUv,60491,60524,"[""A05F"", ""A0N0"", ""A0UG"", ""n01F"", ""n01G"", ""n01H""]","[""Cos"", ""CreateUnit"", ""GetDyingUnit"", ""GetHandleId"", ""GetOwningPlayer"", ""GetUnitAbilityLevel"", ""GetUnitState"", ""GetUnitX"", ""GetUnitY"", ""I2S"", ""LoadInteger"", ""R2I"", ""SaveInteger"", ""SetUnitAbilityLevel"", ""Sin"", ""UnitAddAbility"", ""ql"", ""zl""]",[],21
Pwv,60525,60540,[],"[""Condition"", ""CreateTrigger"", ""GetLearningUnit"", ""TriggerAddAction"", ""TriggerAddCondition"", ""TriggerRegisterUnitEvent""]","[""PSv"", ""PUv"", ""Psv""]",0
PWv,60541,60546,"[""A0UG""]","[""GetLearnedSkill"", ""GetLearningUnit"", ""GetUnitAbilityLevel"", ""IsUnitIllusion"", ""Pwv""]",[],1
Pyv,60547,60557,"[""B04L"", ""B04M"", ""BNht""]","[""GetExpiredTimer"", ""GetHandleId"", ""LoadUnitHandle"", ""UnitRemoveAbility"", ""tK""]",[],3
PYv,60558,60568,[],"[""CreateTimer"", ""GetHandleId"", ""GetOwningPlayer"", ""GetUnitUserData"", ""IsUnitType"", ""Player"", ""SaveUnitHandle"", ""TimerStart""]","[""Pyv""]",3
Pzv,60569,60585,"[""A05H""]","[""Condition"", ""CreateGroup"", ""DestroyGroup"", ""FirstOfGroup"", ""GetSpellAbilityUnit"", ""GetUnitAbilityLevel"", ""GetUnitX"", ""GetUnitY"", ""GroupEnumUnitsInRange"", ""GroupRemoveUnit"", ""PYv""]","[""SK""]",2
PZv,60586,60591,"[""A05H""]","[""GetSpellAbilityId"", ""Pzv""]",[],1
xY,60592,60606,"[""A0N0""]","[""Condition"", ""CreateTrigger"", ""Lz"", ""Nl"", ""TriggerAddCondition""]","[""PWv"", ""PZv"", ""Pmv""]",9
P2v,60607,60609,[],"[""SaveUnitHandle"", ""StringHash""]",[],1
P3v,60610,60612,[],"[""LoadUnitHandle"", ""StringHash""]",[],1
P4v,60613,60618,[],"[""I2S"", ""SaveReal"", ""SaveUnitHandle"", ""StringHash""]",[],5
P7v,60619,60621,[],"[""I2S"", ""LoadReal"", ""StringHash""]",[],2
P8v,60622,60624,[],"[""I2S"", ""LoadReal"", ""StringHash""]",[],2
P9v,60625,60627,[],"[""I2S"", ""LoadReal"", ""StringHash""]",[],2
qvv,60628,60630,[],"[""I2S"", ""LoadUnitHandle"", ""StringHash""]",[],1
qev,60631,60636,[],"[""I2S"", ""SaveReal"", ""SaveUnitHandle"", ""StringHash""]",[],4
qxv,60637,60641,[],"[""RemoveUnit""]",[],3
qov,60642,60649,[],"[""P9v""]",[],3
qrv,60650,60664,[],"[""qev"", ""qov"", ""qvv"", ""qxv""]",[],2
qiv,60665,60764,"[""B00C"", ""B0BQ"", ""h04X""]","[""CreateGroup"", ""CreateUnit"", ""DestroyGroup"", ""DestroyTimer"", ""FirstOfGroup"", ""FlushChildHashtable"", ""GetExpiredTimer"", ""GetHandleId"", ""GetOwningPlayer"", ""GetUnitAbilityLevel"", ""GetUnitX"", ""GetUnitY"", ""GroupEnumUnitsInRange"", ""GroupRemoveUnit"", ""I2S"", ""IsUnitEnemy"", ""IsUnitType"", ""LoadBoolean"", ""LoadInteger"", ""P3v"", ""P4v"", ""P7v"", ""P8v"", ""P9v"", ""PauseTimer"", ""SaveBoolean"", ""SaveInteger"", ""SaveReal"", ""SetUnitScale"", ""StringHash"", ""Uk"", ""hL"", ""hl"", ""qev"", ""qov"", ""qrv"", ""qvv"", ""qxv""]",[],38
qRv,60765,60791,"[""B00C"", ""h04X""]","[""CreateTimer"", ""CreateUnit"", ""GetHandleId"", ""GetOwningPlayer"", ""GetUnitAbilityLevel"", ""GetUnitX"", ""GetUnitY"", ""P2v"", ""P4v"", ""SaveBoolean"", ""SaveInteger"", ""SetUnitScale"", ""StringHash"", ""TimerStart""]","[""qiv""]",16
qIv,60792,60812,"[""A0F5"", ""A1A5"", ""A1A6"", ""A1AA"", ""A1AB""]","[""GetLearnedSkill"", ""GetLearningUnit"", ""GetUnitAbilityLevel"", ""IsUnitIllusion"", ""SetUnitAbilityLevel"", ""UnitAddAbility""]",[],10
qAv,60813,60818,"[""A1A7""]","[""GetSpellAbilityUnit"", ""GetUnitState"", ""Rp""]",[],2
qbv,60819,60855,"[""A03P""]","[""Cm"", ""CreateGroup"", ""DestroyGroup"", ""FirstOfGroup"", ""GetExpiredTimer"", ""GetHandleId"", ""GetHeroStr"", ""GetOwningPlayer"", ""GetUnitAbilityLevel"", ""GetUnitX"", ""GetUnitY"", ""GetWidgetLife"", ""GroupEnumUnitsInRange"", ""GroupRemoveUnit"", ""I2R"", ""IsUnitEnemy"", ""KillUnit"", ""LoadReal"", ""LoadUnitHandle"", ""RemoveUnit"", ""SaveReal"", ""YK"", ""hL"", ""tK""]",[],12
qBv,60856,60870,"[""A03P"", ""h011""]","[""CreateTimer"", ""CreateUnit"", ""GetHandleId"", ""GetOwningPlayer"", ""GetSpellAbilityUnit"", ""GetUnitAbilityLevel"", ""GetUnitX"", ""GetUnitY"", ""SaveReal"", ""SaveUnitHandle"", ""TimerStart""]","[""qbv""]",7
qcv,60871,60886,"[""A03M""]","[""GetSpellAbilityUnit"", ""GetSpellTargetX"", ""GetSpellTargetY"", ""GetUnitAbilityLevel"", ""GetUnitX"", ""GetUnitY"", ""I2R"", ""jZ""]",[],7
qCv,60887,60901,"[""A03M"", ""A03P"", ""A1A6""]","[""GetSpellAbilityId"", ""GetSpellAbilityUnit"", ""qAv"", ""qBv"", ""qRv"", ""qcv""]",[],4
oY,60902,60912,"[""A0F5""]","[""Condition"", ""CreateTrigger"", ""Lz"", ""Nl"", ""TriggerAddCondition""]","[""qCv"", ""qIv""]",1
qfv,60913,60931,"[""A1AI"", ""A1AJ"", ""B0BT"", ""B0BU""]","[""GetHandleId"", ""LoadInteger"", ""SaveInteger"", ""StringHash"", ""UnitAddAbility"", ""UnitMakeAbilityPermanent"", ""UnitRemoveAbility"", ""qfv""]",[],13
qgv,60932,60988,[],"[""Cm"", ""CreateGroup"", ""DT"", ""DestroyGroup"", ""DisableTrigger"", ""FirstOfGroup"", ""FlushChildHashtable"", ""GetEventDamage"", ""GetEventDamageSource"", ""GetHandleId"", ""GetHeroAgi"", ""GetHeroInt"", ""GetHeroStr"", ""GetOwningPlayer"", ""GetTriggerEventId"", ""GetTriggeringTrigger"", ""GetUnitX"", ""GetUnitY"", ""GetWidgetLife"", ""GroupEnumUnitsInRange"", ""GroupRemoveUnit"", ""I2R"", ""IsUnitEnemy"", ""LoadInteger"", ""LoadUnitHandle"", ""StringHash"", ""hL""]",[],18
qGv,60989,61014,[],"[""Condition"", ""CreateTrigger"", ""DT"", ""FlushChildHashtable"", ""GetAttacker"", ""GetHandleId"", ""GetTriggerEventId"", ""GetTriggerUnit"", ""GetTriggeringTrigger"", ""IsUnitType"", ""LoadInteger"", ""LoadUnitHandle"", ""SaveInteger"", ""SaveUnitHandle"", ""TriggerAddCondition"", ""TriggerRegisterTimerEvent"", ""TriggerRegisterUnitEvent"", ""qfv""]","[""qgv""]",8
qhv,61015,61033,"[""A03A"", ""h011""]","[""Condition"", ""CreateTrigger"", ""CreateUnit"", ""GetHandleId"", ""GetOwningPlayer"", ""GetTriggerUnit"", ""GetUnitAbilityLevel"", ""GetUnitX"", ""GetUnitY"", ""Lz"", ""SaveInteger"", ""SaveUnitHandle"", ""TriggerAddCondition"", ""TriggerRegisterTimerEvent"", ""TriggerRegisterUnitEvent"", ""ZK""]","[""qGv""]",7
Eating_Timer,61034,61042,[],"[""GetExpiredTimer"", ""GetHandleId"", ""LoadTriggerHandle"", ""SaveBoolean"", ""tK""]",[],2
qHv,61043,61063,"[""A039""]","[""AddSpecialEffectTarget"", ""DestroyEffect"", ""GetDyingUnit"", ""GetHandleId"", ""GetKillingUnit"", ""GetOwningPlayer"", ""GetTriggeringTrigger"", ""GetUnitAbilityLevel"", ""GetUnitState"", ""I2R"", ""IsUnitEnemy"", ""LoadInteger"", ""LoadUnitHandle"", ""SetUnitState"", ""StringHash"", ""fL""]",[],3
qkv,61064,61072,[],"[""Condition"", ""CreateTrigger"", ""GetHandleId"", ""GetLearningUnit"", ""Lz"", ""SaveUnitHandle"", ""TriggerAddCondition""]","[""qHv""]",1
qKv,61073,61110,"[""A038"", ""A0K5"", ""A0K6""]","[""GetHandleId"", ""GetLearningUnit"", ""GetOwningPlayer"", ""GetUnitAbilityLevel"", ""LoadBoolean"", ""R2I"", ""SetPlayerAbilityAvailable"", ""SetUnitAbilityLevel"", ""StringHash"", ""UnitAddAbility"", ""UnitMakeAbilityPermanent"", ""UnitRemoveAbility""]",[],27
qlv,61111,61147,[],"[""CreateGroup"", ""DestroyEffect"", ""DestroyGroup"", ""FirstOfGroup"", ""GetExpiredTimer"", ""GetHandleId"", ""GetOwningPlayer"", ""GetUnitX"", ""GetUnitY"", ""GetWidgetLife"", ""GroupEnumUnitsInRange"", ""GroupRemoveUnit"", ""IsUnitEnemy"", ""IssueTargetOrder"", ""LoadEffectHandle"", ""LoadReal"", ""LoadStr"", ""LoadUnitHandle"", ""RemoveUnit"", ""SaveReal"", ""qfv"", ""tK""]",[],9
qmv,61148,61182,"[""A0CY"", ""A0GF"", ""A0HX"", ""h011""]","[""AddSpecialEffectTarget"", ""CreateTimer"", ""CreateUnit"", ""GetHandleId"", ""GetOwningPlayer"", ""GetSpellAbilityUnit"", ""GetUnitAbilityLevel"", ""GetUnitX"", ""GetUnitY"", ""I2R"", ""LoadInteger"", ""SaveEffectHandle"", ""SaveReal"", ""SaveStr"", ""SaveUnitHandle"", ""SetUnitAbilityLevel"", ""StringHash"", ""TimerStart"", ""UnitAddAbility""]","[""qlv""]",13
qpv,61183,61191,"[""A03A"", ""A0GF""]","[""GetSpellAbilityId"", ""qhv"", ""qmv""]",[],2
qPv,61192,61200,"[""A038"", ""A039""]","[""GetLearnedSkill"", ""GetLearningUnit"", ""GetUnitAbilityLevel"", ""IsUnitIllusion"", ""qKv"", ""qkv""]",[],2
bz,61201,61203,[],"[""qfv""]",[],0
iY,61204,61217,"[""A0CY"", ""A0HX"", ""A0K5"", ""A0K6""]","[""Condition"", ""CreateTrigger"", ""Lz"", ""Nl"", ""TriggerAddCondition""]","[""qPv"", ""qpv""]",4
qsv,61218,61236,"[""A0DK"", ""BTLF"", ""h00P""]","[""CreateUnit"", ""EnableTrigger"", ""GetExpiredTimer"", ""GetHandleId"", ""GetOwningPlayer"", ""GetUnitX"", ""GetUnitY"", ""IssueImmediateOrderById"", ""LoadTriggerHandle"", ""LoadUnitHandle"", ""UnitAddAbility"", ""UnitApplyTimedLife"", ""tK""]",[],6
qSv,61237,61260,[],"[""CreateTimer"", ""DisableTrigger"", ""GetHandleId"", ""GetTriggeringTrigger"", ""GetWidgetLife"", ""LoadBoolean"", ""LoadUnitHandle"", ""SaveBoolean"", ""SaveTriggerHandle"", ""SaveUnitHandle"", ""TimerStart""]","[""qsv""]",6
qtv,61261,61266,[],"[""GetDyingUnit"", ""GetHandleId"", ""SaveBoolean""]",[],0
qTv,61267,61280,[],"[""Condition"", ""CreateTrigger"", ""GetHandleId"", ""SaveBoolean"", ""SaveUnitHandle"", ""TriggerAddCondition"", ""TriggerRegisterTimerEvent"", ""TriggerRegisterUnitEvent""]","[""qSv"", ""qtv""]",2
quv,61281,61313,"[""A0SL""]","[""AddSpecialEffectTarget"", ""CountUnitsInGroup"", ""DestroyEffect"", ""DestroyGroup"", ""FirstOfGroup"", ""GetEventDamage"", ""GetHandleId"", ""GetTriggerUnit"", ""GetTriggeringTrigger"", ""GetUnitAbilityLevel"", ""GetWidgetLife"", ""Gl"", ""GroupRemoveUnit"", ""LoadGroupHandle"", ""SetWidgetLife"", ""StringHash"", ""fL""]",[],3
qwv,61314,61334,"[""A0SL"", ""B01G"", ""n01M"", ""n01N"", ""n01O"", ""n01W""]","[""GetDyingUnit"", ""GetHandleId"", ""GetSummonedUnit"", ""GetTriggerEventId"", ""GetTriggeringTrigger"", ""GetUnitAbilityLevel"", ""GetUnitTypeId"", ""GroupAddUnit"", ""GroupRemoveUnit"", ""IsUnitInGroup"", ""IsUnitType"", ""LoadGroupHandle"", ""LoadTriggerHandle"", ""LoadUnitHandle"", ""StringHash""]",[],4
qWv,61335,61350,[],"[""Condition"", ""CreateGroup"", ""CreateTrigger"", ""GetHandleId"", ""GetLearningUnit"", ""GetOwningPlayer"", ""GetPlayerId"", ""Player"", ""SaveGroupHandle"", ""SaveTriggerHandle"", ""SaveUnitHandle"", ""StringHash"", ""TriggerAddCondition"", ""TriggerRegisterPlayerUnitEvent"", ""TriggerRegisterUnitEvent""]","[""quv"", ""qwv""]",2
qyv,61351,61356,"[""A0SL""]","[""GetLearnedSkill"", ""GetTriggerUnit"", ""GetUnitAbilityLevel"", ""IsUnitIllusion"", ""qWv""]",[],1
qYv,61357,61378,"[""A01V""]","[""GetSpellAbilityId"", ""GetSpellAbilityUnit"", ""GetSpellTargetX"", ""GetSpellTargetY"", ""GetUnitAbilityLevel"", ""GetUnitX"", ""GetUnitY"", ""I2R"", ""jZ""]",[],8
qzv,61379,61384,"[""A01V"", ""A08Z""]","[""GetSpellAbilityId"", ""qYv""]",[],1
Bz,61385,61387,[],"[""qTv""]",[],0
nY,61388,61397,[],"[""Condition"", ""CreateTrigger"", ""Lz"", ""TriggerAddCondition""]","[""qyv"", ""qzv""]",0
q0v,61398,61400,[],"[""GetFilterUnit"", ""GetOwningPlayer"", ""GetSpellAbilityUnit"", ""GetWidgetLife"", ""IsPlayerEnemy"", ""IsUnitType""]",[],2
q1v,61401,61463,"[""A0EG""]","[""DestroyEffect"", ""DestroyGroup"", ""FirstOfGroup"", ""GetExpiredTimer"", ""GetHandleId"", ""GetUnitAbilityLevel"", ""GetUnitState"", ""GetUnitUserData"", ""GetWidgetLife"", ""Gl"", ""GroupRemoveUnit"", ""I2R"", ""IsUnitType"", ""LoadEffectHandle"", ""LoadGroupHandle"", ""LoadInteger"", ""LoadUnitHandle"", ""RemoveUnit"", ""SaveInteger"", ""StringHash"", ""hL"", ""tK""]",[],28
q3v,61464,61508,"[""A0EG"", ""n02M""]","[""AddSpecialEffectTarget"", ""Condition"", ""Cos"", ""CreateGroup"", ""CreateTimer"", ""CreateUnit"", ""DestroyBoolExpr"", ""DestroyGroup"", ""FirstOfGroup"", ""GetHandleId"", ""GetOwningPlayer"", ""GetSpellAbilityUnit"", ""GetSpellTargetX"", ""GetSpellTargetY"", ""GetUnitAbilityLevel"", ""Gl"", ""GroupEnumUnitsInRange"", ""GroupRemoveUnit"", ""SaveEffectHandle"", ""SaveGroupHandle"", ""SaveInteger"", ""SaveUnitHandle"", ""Sin"", ""StringHash"", ""TimerStart"", ""hL""]","[""q0v"", ""q1v""]",22
q4v,61509,61514,"[""A0EG""]","[""GetSpellAbilityId"", ""q3v""]",[],3
q5v,61515,61525,"[""A09M"", ""A0EF""]","[""GetLearningUnit"", ""GetUnitAbilityLevel"", ""SetUnitAbilityLevel"", ""UnitAddAbility""]",[],6
q6v,61526,61531,"[""A0EF""]","[""GetLearnedSkill"", ""GetLearningUnit"", ""IsUnitIllusion"", ""q5v""]",[],3
q7v,61532,61544,"[""A0EJ"", ""B030""]","[""DestroyEffect"", ""GetExpiredTimer"", ""GetHandleId"", ""LoadEffectHandle"", ""LoadUnitHandle"", ""UnitRemoveAbility"", ""tK""]",[],5
q8v,61545,61568,"[""A0EI"", ""A0EJ"", ""h00P""]","[""AddSpecialEffectTarget"", ""CreateTimer"", ""CreateUnit"", ""GetHandleId"", ""GetOwningPlayer"", ""GetSpellAbilityId"", ""GetSpellAbilityUnit"", ""GetUnitAbilityLevel"", ""GetUnitX"", ""GetUnitY"", ""IssueTargetOrderById"", ""SaveEffectHandle"", ""SaveUnitHandle"", ""SetUnitAbilityLevel"", ""TimerStart"", ""UnitAddAbility"", ""ZK""]","[""q7v""]",11
q9v,61569,61574,"[""A0EH""]","[""GetSpellAbilityId"", ""q8v""]",[],3
Qvv,61575,61580,"[""E00L"", ""R009""]","[""GetHandleId"", ""GetOwningPlayer"", ""GetUnitTypeId"", ""IsUnitType"", ""LoadBoolean"", ""SaveBoolean"", ""SetPlayerTechResearched"", ""StringHash""]",[],3
Qev,61581,61591,[],"[""GetFilterUnit"", ""GetOwningPlayer"", ""GetUnitState"", ""GetUnitX"", ""GetUnitY"", ""IsUnitAlly"", ""IsUnitInGroup"", ""IsUnitType"", ""IsUnitVisible"", ""hl""]",[],1
Qxv,61592,61652,[],"[""Atan2"", ""Condition"", ""Cos"", ""CreateGroup"", ""DT"", ""DestroyGroup"", ""FlushChildHashtable"", ""GetHandleId"", ""GetOwningPlayer"", ""GetTriggeringTrigger"", ""GetUnitState"", ""GetUnitX"", ""GetUnitY"", ""GroupAddUnit"", ""GroupEnumUnitsInRange"", ""IsUnitVisible"", ""KillUnit"", ""LoadGroupHandle"", ""LoadInteger"", ""LoadReal"", ""LoadUnitHandle"", ""RemoveUnit"", ""SaveInteger"", ""SaveReal"", ""SaveUnitHandle"", ""SetUnitX"", ""SetUnitY"", ""Sin"", ""hL"", ""hl""]","[""Qev""]",38
Qov,61653,61681,"[""A0JV"", ""h03E""]","[""Cm"", ""Condition"", ""CreateGroup"", ""CreateTrigger"", ""CreateUnit"", ""FirstOfGroup"", ""GetHandleId"", ""GetOwningPlayer"", ""GetUnitAbilityLevel"", ""GetUnitX"", ""GetUnitY"", ""Gl"", ""GroupAddUnit"", ""GroupRemoveUnit"", ""SaveGroupHandle"", ""SaveInteger"", ""SaveReal"", ""SaveUnitHandle"", ""SetUnitFlyHeight"", ""TriggerAddCondition"", ""TriggerRegisterTimerEvent""]","[""Qxv""]",10
Qrv,61682,61735,[],"[""Cm"", ""Cos"", ""CreateGroup"", ""DestroyGroup"", ""FirstOfGroup"", ""GetExpiredTimer"", ""GetHandleId"", ""GetOwningPlayer"", ""GetUnitX"", ""GetUnitY"", ""GetWidgetLife"", ""GroupAddUnit"", ""GroupEnumUnitsInRange"", ""GroupRemoveUnit"", ""I2R"", ""IsUnitEnemy"", ""IsUnitInGroup"", ""IsUnitType"", ""LoadGroupHandle"", ""LoadInteger"", ""LoadReal"", ""LoadUnitHandle"", ""Qov"", ""RemoveUnit"", ""SaveInteger"", ""SetUnitFacing"", ""SetUnitX"", ""SetUnitY"", ""Sin"", ""hL"", ""tK""]",[],21
Qiv,61736,61765,"[""A0JV"", ""h03D""]","[""Atan2"", ""Cos"", ""CreateGroup"", ""CreateTimer"", ""CreateUnit"", ""Deg2Rad"", ""GetHandleId"", ""GetOwningPlayer"", ""GetTriggerUnit"", ""GetUnitAbilityLevel"", ""GetUnitFacing"", ""GetUnitX"", ""GetUnitY"", ""Rad2Deg"", ""SaveGroupHandle"", ""SaveInteger"", ""SaveReal"", ""SaveUnitHandle"", ""SetUnitVertexColor"", ""Sin"", ""TimerStart""]","[""Qrv""]",18
Qav,61766,61771,"[""A0JV""]","[""GetSpellAbilityId"", ""Qiv""]",[],1
cz,61772,61776,[],"[""DisplayTimedTextToPlayer"", ""GetOwningPlayer"", ""Qvv""]",[],1
VY,61777,61797,"[""A09M"", ""A0EI"", ""A0EJ""]","[""Condition"", ""CreateTrigger"", ""Lz"", ""Nl"", ""TriggerAddCondition""]","[""Qav"", ""q4v"", ""q6v"", ""q9v""]",6
QOv,61798,61817,"[""A0I2""]","[""GetHandleId"", ""GetLocalPlayer"", ""GetOwningPlayer"", ""GetTriggeringTrigger"", ""GetUnitAbilityLevel"", ""GetUnitFlyHeight"", ""GetUnitX"", ""GetUnitY"", ""IsPlayerAlly"", ""IsUnitHidden"", ""LoadTextTagHandle"", ""LoadUnitHandle"", ""SetTextTagPos"", ""SetTextTagVisibility"", ""Uk""]",[],5
QNv,61818,61875,"[""A0HY"", ""A0I2""]","[""GetEventDamage"", ""GetEventDamageSource"", ""GetHandleId"", ""GetOwningPlayer"", ""GetTriggeringTrigger"", ""GetUnitAbilityLevel"", ""GetUnitState"", ""I2S"", ""IsPlayerAlly"", ""LoadBoolean"", ""LoadInteger"", ""LoadReal"", ""LoadTextTagHandle"", ""LoadUnitHandle"", ""R2I"", ""SaveReal"", ""SetTextTagText"", ""Uk""]",[],12
QGv,61876,61896,[],"[""DestroyTimer"", ""FlushChildHashtable"", ""GetExpiredTimer"", ""GetHandleId"", ""I2S"", ""LoadReal"", ""LoadTextTagHandle"", ""LoadUnitHandle"", ""R2I"", ""SaveReal"", ""SetTextTagText""]",[],7
QHv,61897,61916,[],"[""EnableTrigger"", ""GetHandleId"", ""GetLocalPlayer"", ""GetOwningPlayer"", ""GetTriggeringTrigger"", ""IsPlayerAlly"", ""IsUnitHidden"", ""LoadTextTagHandle"", ""LoadTriggerHandle"", ""LoadUnitHandle"", ""SetTextTagText"", ""SetTextTagVisibility"", ""Uk""]",[],5
QJv,61917,61975,"[""A0I2"", ""h011""]","[""AddSpecialEffectTarget"", ""CreateGroup"", ""CreateUnit"", ""DestroyEffect"", ""DestroyGroup"", ""DisableTrigger"", ""EnableTrigger"", ""FirstOfGroup"", ""GetHandleId"", ""GetOwningPlayer"", ""GetTriggeringTrigger"", ""GetUnitAbilityLevel"", ""GetUnitX"", ""GetUnitY"", ""GroupEnumUnitsInRange"", ""GroupRemoveUnit"", ""I2R"", ""IsPlayerAlly"", ""LoadReal"", ""LoadTextTagHandle"", ""LoadTriggerHandle"", ""LoadUnitHandle"", ""SaveReal"", ""SetTextTagVisibility"", ""Uk"", ""ZK"", ""hL""]",[],12
Qlv,61976,61995,"[""A0I2""]","[""GetHandleId"", ""GetTriggeringTrigger"", ""GetUnitAbilityLevel"", ""GetUnitState"", ""I2S"", ""LoadBoolean"", ""LoadReal"", ""LoadTextTagHandle"", ""LoadUnitHandle"", ""R2I"", ""SaveReal"", ""SetTextTagText"", ""Uk""]",[],7
QLv,61996,62049,[],"[""Condition"", ""CreateTextTag"", ""CreateTrigger"", ""GetHandleId"", ""GetLearnedSkill"", ""GetLearningUnit"", ""GetUnitFlyHeight"", ""GetUnitX"", ""GetUnitY"", ""SaveBoolean"", ""SaveInteger"", ""SaveTextTagHandle"", ""SaveTriggerHandle"", ""SaveUnitHandle"", ""SetTextTagColor"", ""SetTextTagPos"", ""SetTextTagText"", ""TriggerAddAction"", ""TriggerAddCondition"", ""TriggerRegisterTimerEvent"", ""TriggerRegisterUnitEvent""]","[""QHv"", ""QJv"", ""QNv"", ""QOv"", ""Qlv""]",16
QQv,62050,62059,[],"[""DestroyTimer"", ""GetExpiredTimer"", ""GetHandleId"", ""LoadUnitHandle"", ""SaveBoolean"", ""SetUnitVertexColor""]",[],1
Qsv,62060,62067,[],"[""DestroyEffect"", ""DestroyTimer"", ""GetExpiredTimer"", ""GetHandleId"", ""LoadEffectHandle""]",[],1
QSv,62068,62079,[],"[""DestroyTimer"", ""GetExpiredTimer"", ""GetHandleId"", ""IssueTargetOrderById"", ""LoadUnitHandle"", ""Uk""]",[],3
Qtv,62080,62092,[],"[""AddSpecialEffectTarget"", ""CreateTimer"", ""GetHandleId"", ""SaveEffectHandle"", ""SaveUnitHandle"", ""TimerStart""]","[""QSv"", ""Qsv""]",5
Quv,62093,62178,"[""A0HY"", ""A0I2"", ""h011""]","[""AddSpecialEffectTarget"", ""CreateGroup"", ""CreateTimer"", ""CreateUnit"", ""DestroyEffect"", ""DestroyGroup"", ""DisableTrigger"", ""EnableTrigger"", ""FirstOfGroup"", ""GetHandleId"", ""GetOwningPlayer"", ""GetSpellAbilityId"", ""GetTriggerUnit"", ""GetUnitAbilityLevel"", ""GetUnitX"", ""GetUnitY"", ""GroupEnumUnitsInRange"", ""GroupRemoveUnit"", ""I2R"", ""IsPlayerAlly"", ""LoadBoolean"", ""LoadReal"", ""LoadTriggerHandle"", ""Qtv"", ""SaveBoolean"", ""SaveReal"", ""SaveUnitHandle"", ""SetUnitVertexColor"", ""TimerStart"", ""Uk"", ""ZK"", ""hL""]","[""QGv"", ""QQv""]",21
QYv,62179,62242,[],"[""AddSpecialEffectTarget"", ""Atan2"", ""ClearSelection"", ""Cos"", ""CreateGroup"", ""DestroyEffect"", ""DestroyGroup"", ""DestroyTimer"", ""FirstOfGroup"", ""FlushChildHashtable"", ""GetExpiredTimer"", ""GetHandleId"", ""GetHeroStr"", ""GetLocalPlayer"", ""GetOwningPlayer"", ""GetUnitState"", ""GetUnitX"", ""GetUnitY"", ""GroupAddUnit"", ""GroupEnumUnitsInRange"", ""GroupRemoveUnit"", ""I2R"", ""IsPlayerAlly"", ""IsUnitInGroup"", ""LoadGroupHandle"", ""LoadUnitHandle"", ""RemoveUnit"", ""SelectUnit"", ""SetUnitFacing"", ""SetUnitInvulnerable"", ""SetUnitX"", ""SetUnitY"", ""ShowUnit"", ""Sin"", ""SquareRoot"", ""Uk"", ""hL""]",[],11
QZv,62243,62284,"[""A1DY"", ""h05Z""]","[""AddSpecialEffectTarget"", ""CreateGroup"", ""CreateTimer"", ""CreateUnit"", ""DestroyEffect"", ""GetHandleId"", ""GetOwningPlayer"", ""GetSpellAbilityId"", ""GetSpellTargetUnit"", ""GetTriggerUnit"", ""GetUnitFacing"", ""GetUnitState"", ""GetUnitX"", ""GetUnitY"", ""LoadReal"", ""SaveGroupHandle"", ""SaveReal"", ""SaveUnitHandle"", ""SetUnitInvulnerable"", ""SetUnitState"", ""ShowUnit"", ""TimerStart""]","[""QYv""]",15
Q2v,62285,62290,"[""A0I2""]","[""GetLearnedSkill"", ""GetTriggerUnit"", ""GetUnitAbilityLevel"", ""IsUnitIllusion"", ""QLv""]",[],2
Q3v,62291,62299,"[""A0HY"", ""A0I2"", ""A1DY""]","[""GetSpellAbilityId"", ""QZv"", ""Quv""]",[],3
Q4v,62300,62319,"[""A0HV""]","[""AddSpecialEffect"", ""DestroyEffect"", ""GetEventDamage"", ""GetEventDamageSource"", ""GetHandleId"", ""GetRandomInt"", ""GetTriggerUnit"", ""GetTriggeringTrigger"", ""GetUnitAbilityLevel"", ""GetUnitX"", ""GetUnitY"", ""LoadUnitHandle"", ""Uk"", ""hL""]",[],6
Q5v,62320,62331,"[""h011""]","[""Condition"", ""CreateTrigger"", ""CreateUnit"", ""GetHandleId"", ""GetLearningUnit"", ""GetOwningPlayer"", ""GetUnitX"", ""GetUnitY"", ""SaveUnitHandle"", ""TriggerAddCondition"", ""TriggerRegisterUnitEvent""]","[""Q4v""]",4
Q6v,62332,62337,"[""A0HV""]","[""GetLearnedSkill"", ""GetTriggerUnit"", ""GetUnitAbilityLevel"", ""IsUnitIllusion"", ""Q5v""]",[],3
Q7v,62338,62348,[],"[""DisplayTextToPlayer"", ""GetHandleId"", ""GetOwningPlayer"", ""GetTriggeringTrigger"", ""I2S"", ""LoadInteger"", ""LoadUnitHandle""]",[],3
Q8v,62349,62381,"[""A0HW""]","[""GetDyingUnit"", ""GetHandleId"", ""GetHeroStr"", ""GetKillingUnit"", ""GetOwningPlayer"", ""GetTriggeringTrigger"", ""GetUnitAbilityLevel"", ""GetUnitUserData"", ""GetWidgetX"", ""GetWidgetY"", ""I2S"", ""IsUnitAlly"", ""IsUnitIllusion"", ""IsUnitType"", ""LoadInteger"", ""LoadUnitHandle"", ""SaveInteger"", ""SetHeroStr"", ""ql""]",[],13
Q9v,62382,62399,[],"[""Condition"", ""CreateTrigger"", ""DisplayTextToPlayer"", ""GetHandleId"", ""GetLearningUnit"", ""GetOwningPlayer"", ""Lz"", ""SaveUnitHandle"", ""TriggerAddCondition"", ""TriggerRegisterPlayerChatEvent""]","[""Q7v"", ""Q8v""]",6
svv,62400,62405,"[""A0HW""]","[""GetLearnedSkill"", ""GetTriggerUnit"", ""GetUnitAbilityLevel"", ""IsUnitIllusion"", ""Q9v""]",[],2
EY,62406,62424,[],"[""Condition"", ""CreateTrigger"", ""InitHashtable"", ""Lz"", ""TriggerAddCondition""]","[""Q2v"", ""Q3v"", ""Q6v"", ""svv""]",3
siv,62425,62469,"[""A0K4"", ""h030""]","[""CreateGroup"", ""CreateUnit"", ""DestroyGroup"", ""FirstOfGroup"", ""GetExpiredTimer"", ""GetHandleId"", ""GetOwningPlayer"", ""GetUnitAbilityLevel"", ""GetWidgetLife"", ""GroupEnumUnitsInRange"", ""GroupRemoveUnit"", ""IsUnitEnemy"", ""IsUnitType"", ""IssueTargetOrderById"", ""LoadInteger"", ""LoadReal"", ""LoadUnitHandle"", ""RemoveUnit"", ""SaveInteger"", ""ZK"", ""hL"", ""tK""]",[],15
sav,62470,62508,[],"[""Atan2"", ""Cos"", ""CreateGroup"", ""DestroyGroup"", ""FirstOfGroup"", ""GetExpiredTimer"", ""GetHandleId"", ""GetOwningPlayer"", ""GetUnitX"", ""GetUnitY"", ""GetWidgetLife"", ""GroupEnumUnitsInRange"", ""GroupRemoveUnit"", ""IsUnitEnemy"", ""IsUnitType"", ""LoadReal"", ""LoadUnitHandle"", ""SetUnitX"", ""SetUnitY"", ""Sin"", ""hl"", ""tK""]",[],8
snv,62509,62573,"[""A0SH"", ""A0YX"", ""A0YY"", ""h011"", ""h02Z""]","[""CreateTimer"", ""CreateUnit"", ""GetHandleId"", ""GetOwningPlayer"", ""GetSpellAbilityId"", ""GetSpellAbilityUnit"", ""GetSpellTargetX"", ""GetSpellTargetY"", ""GetUnitAbilityLevel"", ""SaveBoolean"", ""SaveInteger"", ""SaveReal"", ""SaveUnitHandle"", ""SetUnitX"", ""SetUnitY"", ""TimerStart"", ""UnitAddAbility""]","[""sav"", ""siv""]",30
sVv,62574,62579,"[""A0YX"", ""A0YY""]","[""GetSpellAbilityId"", ""snv""]",[],1
sEv,62580,62607,[],"[""AddSpecialEffectTarget"", ""CreateGroup"", ""DestroyEffect"", ""DestroyGroup"", ""FirstOfGroup"", ""GetOwningPlayer"", ""GetSpellAbilityId"", ""GetSpellAbilityUnit"", ""GetSpellTargetUnit"", ""GetUnitAbilityLevel"", ""GetUnitState"", ""GetUnitX"", ""GetUnitY"", ""GetWidgetLife"", ""GroupEnumUnitsInRange"", ""GroupRemoveUnit"", ""IsUnitAlly"", ""fL""]",[],4
sXv,62608,62613,"[""A01G"", ""A01N""]","[""GetSpellAbilityId"", ""sEv""]",[],1
sOv,62614,62656,"[""A0K4""]","[""AddSpecialEffectTarget"", ""CreateGroup"", ""DestroyEffect"", ""DestroyGroup"", ""FirstOfGroup"", ""GetExpiredTimer"", ""GetHandleId"", ""GetOwningPlayer"", ""GetUnitAbilityLevel"", ""GetUnitCurrentOrder"", ""GetUnitX"", ""GetUnitY"", ""GetWidgetLife"", ""GroupEnumUnitsInRange"", ""GroupRemoveUnit"", ""IsUnitEnemy"", ""IsUnitType"", ""LoadEffectHandle"", ""LoadInteger"", ""LoadUnitHandle"", ""Uk"", ""hL"", ""tK""]",[],12
sIv,62657,62676,"[""A0YZ""]","[""AddSpecialEffectTarget"", ""CreateTimer"", ""GetHandleId"", ""GetSpellAbilityId"", ""GetTriggerUnit"", ""GetUnitAbilityLevel"", ""GetUnitX"", ""GetUnitY"", ""SaveEffectHandle"", ""SaveInteger"", ""SaveUnitHandle"", ""TimerStart""]","[""sOv""]",8
sAv,62677,62682,"[""A01J"", ""A0YZ""]","[""GetSpellAbilityId"", ""sIv""]",[],1
XY,62683,62699,"[""A0SH""]","[""Condition"", ""CreateTrigger"", ""Lz"", ""Nl"", ""TriggerAddCondition""]","[""sAv"", ""sVv"", ""sXv""]",1
sCv,62700,62741,"[""A0K4""]","[""CreateGroup"", ""DestroyGroup"", ""FirstOfGroup"", ""GetExpiredTimer"", ""GetHandleId"", ""GetOwningPlayer"", ""GetUnitAbilityLevel"", ""GetWidgetLife"", ""GroupEnumUnitsInRange"", ""GroupRemoveUnit"", ""IsUnitEnemy"", ""IsUnitType"", ""IssueTargetOrderById"", ""LoadInteger"", ""LoadReal"", ""LoadUnitHandle"", ""RemoveUnit"", ""SaveInteger"", ""hL"", ""tK""]",[],13
sdv,62742,62778,"[""A18A"", ""A18E"", ""h011"", ""h04B"", ""n0A9""]","[""CreateTimer"", ""CreateUnit"", ""GetHandleId"", ""GetOwningPlayer"", ""GetSpellTargetX"", ""GetSpellTargetY"", ""GetTriggerUnit"", ""GetUnitAbilityLevel"", ""PauseUnit"", ""SaveInteger"", ""SaveReal"", ""SaveUnitHandle"", ""SetUnitAbilityLevel"", ""SetUnitPathing"", ""SetUnitX"", ""SetUnitY"", ""TimerStart"", ""UnitAddAbility""]","[""sCv""]",15
sDv,62779,62872,"[""h04C"", ""n0A9""]","[""Cos"", ""CreateGroup"", ""CreateUnit"", ""DestroyGroup"", ""DestroyTimer"", ""FirstOfGroup"", ""FlushChildHashtable"", ""GetExpiredTimer"", ""GetHandleId"", ""GetOwningPlayer"", ""GetUnitTypeId"", ""GetUnitUserData"", ""GetUnitX"", ""GetUnitY"", ""GetWidgetLife"", ""Gl"", ""GroupAddUnit"", ""GroupEnumUnitsInRange"", ""GroupRemoveUnit"", ""IsUnitEnemy"", ""IsUnitInGroup"", ""IsUnitType"", ""IssueTargetOrderById"", ""LoadGroupHandle"", ""LoadReal"", ""LoadUnitHandle"", ""PauseTimer"", ""RemoveUnit"", ""SaveReal"", ""SetUnitFlyHeight"", ""SetUnitPathing"", ""SetUnitX"", ""SetUnitY"", ""Sin"", ""ZK"", ""eL"", ""hL"", ""oL""]",[],25
sgv,62873,62901,"[""A0JY"", ""A18B"", ""h011"", ""h04C""]","[""Atan2"", ""Cm"", ""CreateGroup"", ""CreateTimer"", ""CreateUnit"", ""GetHandleId"", ""GetOwningPlayer"", ""GetSpellTargetX"", ""GetSpellTargetY"", ""GetTriggerUnit"", ""GetUnitAbilityLevel"", ""GetUnitX"", ""GetUnitY"", ""I2R"", ""SaveGroupHandle"", ""SaveReal"", ""SaveUnitHandle"", ""SetUnitAbilityLevel"", ""SetUnitAnimationByIndex"", ""TimerStart"", ""UnitAddAbility""]","[""sDv""]",16
sGv,62902,62959,[],"[""Cos"", ""CreateGroup"", ""DestroyGroup"", ""FirstOfGroup"", ""GetExpiredTimer"", ""GetHandleId"", ""GetOwningPlayer"", ""GetUnitFacing"", ""GetUnitX"", ""GetUnitY"", ""GetWidgetLife"", ""GroupAddUnit"", ""GroupEnumUnitsInRange"", ""GroupRemoveUnit"", ""IsUnitEnemy"", ""IsUnitInGroup"", ""IsUnitType"", ""LoadGroupHandle"", ""LoadReal"", ""LoadUnitHandle"", ""RemoveUnit"", ""SaveReal"", ""SetUnitFlyHeight"", ""SetUnitX"", ""SetUnitY"", ""Sin"", ""hL"", ""tK""]",[],18
shv,62960,62998,"[""A18D"", ""h04E""]","[""Cm"", ""Cos"", ""CreateGroup"", ""CreateTimer"", ""CreateUnit"", ""Deg2Rad"", ""GetHandleId"", ""GetOwningPlayer"", ""GetUnitAbilityLevel"", ""GetUnitFacing"", ""GetUnitX"", ""GetUnitY"", ""I2R"", ""SaveGroupHandle"", ""SaveReal"", ""SaveUnitHandle"", ""Sin"", ""TimerStart""]","[""sGv""]",21
sHv,62999,63025,[],"[""GetExpiredTimer"", ""GetHandleId"", ""GetUnitFacing"", ""GetUnitFlyHeight"", ""GetUnitX"", ""GetUnitY"", ""LoadReal"", ""LoadUnitHandle"", ""RemoveUnit"", ""SaveReal"", ""SetUnitAnimationByIndex"", ""SetUnitFacing"", ""SetUnitFlyHeight"", ""SetUnitVertexColor"", ""SetUnitX"", ""SetUnitY"", ""shv"", ""tK""]",[],9
sjv,63026,63047,"[""A18D"", ""Arav"", ""h04D""]","[""CreateTimer"", ""CreateUnit"", ""GetHandleId"", ""GetOwningPlayer"", ""GetTriggerUnit"", ""GetUnitAbilityLevel"", ""GetUnitFacing"", ""GetUnitFlyHeight"", ""GetUnitX"", ""GetUnitY"", ""SaveReal"", ""SaveUnitHandle"", ""SetUnitFlyHeight"", ""SetUnitPathing"", ""SetUnitVertexColor"", ""TimerStart"", ""UnitAddAbility""]","[""sHv""]",8
sJv,63048,63077,[],"[""Atan2"", ""Cos"", ""CreateGroup"", ""DestroyGroup"", ""FirstOfGroup"", ""GetOwningPlayer"", ""GetWidgetLife"", ""GroupAddUnit"", ""GroupEnumUnitsInRange"", ""GroupRemoveUnit"", ""IsUnitEnemy"", ""IsUnitInGroup"", ""R2I"", ""Sin"", ""SquareRoot"", ""hL""]",[],8
slv,63078,63111,"[""A18C""]","[""Atan2"", ""Cos"", ""DT"", ""DisableTrigger"", ""FlushChildHashtable"", ""GetEventDamage"", ""GetEventDamageSource"", ""GetHandleId"", ""GetTriggerEventId"", ""GetTriggeringTrigger"", ""GetUnitAbilityLevel"", ""GetUnitX"", ""GetUnitY"", ""I2R"", ""LoadUnitHandle"", ""Sin"", ""sJv""]",[],8
sLv,63112,63125,[],"[""Condition"", ""CreateTrigger"", ""GetAttacker"", ""GetHandleId"", ""GetTriggerUnit"", ""SaveUnitHandle"", ""TriggerAddCondition"", ""TriggerRegisterTimerEvent"", ""TriggerRegisterUnitEvent""]","[""slv""]",3
smv,63126,63133,[],"[""GetAttacker"", ""GetHandleId"", ""LoadInteger"", ""TS"", ""sLv""]",[],2
sMv,63134,63139,"[""A18C""]","[""GetAttacker"", ""GetHandleId"", ""GetOwningPlayer"", ""GetTriggerUnit"", ""GetTriggeringTrigger"", ""GetUnitAbilityLevel"", ""IsUnitEnemy"", ""IsUnitType"", ""LoadUnitHandle"", ""smv""]",[],1
spv,63140,63148,[],"[""Condition"", ""CreateTrigger"", ""GetHandleId"", ""GetLearningUnit"", ""Lz"", ""SaveUnitHandle"", ""TriggerAddCondition""]","[""sMv""]",1
sPv,63149,63166,[],"[""AddSpecialEffect"", ""Cm"", ""CreateGroup"", ""DestroyEffect"", ""DestroyGroup"", ""FirstOfGroup"", ""GetOwningPlayer"", ""GetWidgetLife"", ""GroupEnumUnitsInRange"", ""GroupRemoveUnit"", ""IsUnitEnemy"", ""IsUnitType"", ""hL""]",[],4
sqv,63167,63174,"[""Arav""]","[""GetUnitDefaultMoveSpeed"", ""GetUnitX"", ""GetUnitY"", ""SetUnitFlyHeight"", ""SetUnitMoveSpeed"", ""SetUnitPathing"", ""UnitRemoveAbility"", ""sPv"", ""tK""]",[],1
sQv,63175,63186,[],"[""Cos"", ""SetUnitFlyHeight"", ""SetUnitX"", ""SetUnitY"", ""Sin"", ""eL""]",[],4
ssv,63187,63212,[],"[""Atan2"", ""GetExpiredTimer"", ""GetHandleId"", ""GetUnitX"", ""GetUnitY"", ""GetWidgetLife"", ""LoadReal"", ""LoadUnitHandle"", ""SaveReal"", ""SquareRoot"", ""sQv"", ""sqv""]",[],8
sSv,63213,63262,[],"[""Atan2"", ""GetExpiredTimer"", ""GetHandleId"", ""GetUnitX"", ""GetUnitY"", ""GetWidgetLife"", ""LoadInteger"", ""LoadReal"", ""LoadUnitHandle"", ""SaveInteger"", ""SaveReal"", ""SetUnitFlyHeight"", ""SetUnitInvulnerable"", ""SetUnitMoveSpeed"", ""SquareRoot"", ""TimerStart"", ""sPv"", ""sQv"", ""sqv""]","[""sSv""]",22
sTv,63263,63287,"[""Arav"", ""n0A9""]","[""CreateTimer"", ""GetHandleId"", ""GetOwningPlayer"", ""GetSpellAbilityUnit"", ""GetSpellTargetUnit"", ""GetUnitTypeId"", ""GetUnitX"", ""GetUnitY"", ""SaveInteger"", ""SaveReal"", ""SaveUnitHandle"", ""SetPlayerAbilityAvailable"", ""SetUnitPathing"", ""TimerStart"", ""UnitAddAbility""]","[""sSv"", ""ssv""]",11
suv,63288,63302,"[""A18A"", ""A18B"", ""A18D"", ""A192""]","[""GetSpellAbilityId"", ""GetSpellTargetUnit"", ""OL"", ""sTv"", ""sdv"", ""sgv"", ""sjv""]",[],4
sUv,63303,63308,"[""A18C""]","[""GetLearnedSkill"", ""GetLearningUnit"", ""GetUnitAbilityLevel"", ""IsUnitIllusion"", ""spv""]",[],1
OY,63309,63323,"[""A18E"", ""h04B"", ""h04C"", ""h04D"", ""n0A9""]","[""Condition"", ""CreateTrigger"", ""Lz"", ""Nl"", ""TriggerAddCondition"", ""nl""]","[""sUv"", ""suv""]",5
syv,63324,63373,"[""A034""]","[""AddSpecialEffect"", ""CreateGroup"", ""DestroyEffect"", ""DestroyGroup"", ""FirstOfGroup"", ""GetHandleId"", ""GetHeroStr"", ""GetOwningPlayer"", ""GetTriggeringTrigger"", ""GetUnitAbilityLevel"", ""GetUnitState"", ""GetUnitX"", ""GetUnitY"", ""GetWidgetLife"", ""GroupEnumUnitsInRange"", ""GroupRemoveUnit"", ""I2R"", ""IsUnitEnemy"", ""IsUnitType"", ""LoadReal"", ""LoadUnitHandle"", ""SaveReal"", ""hL"", ""hl""]",[],22
sYv,63374,63396,"[""B00G""]","[""DT"", ""FlushChildHashtable"", ""GetExpiredTimer"", ""GetHandleId"", ""GetHeroStr"", ""GetUnitState"", ""GetWidgetLife"", ""LoadInteger"", ""LoadTriggerHandle"", ""LoadUnitHandle"", ""SetHeroStr"", ""SetUnitState"", ""SetWidgetLife"", ""UnitRemoveAbility"", ""tK""]",[],8
szv,63397,63426,"[""A034"", ""h011""]","[""Condition"", ""CreateTimer"", ""CreateTrigger"", ""CreateUnit"", ""GetHandleId"", ""GetHeroStr"", ""GetOwningPlayer"", ""GetSpellAbilityUnit"", ""GetUnitAbilityLevel"", ""GetUnitState"", ""GetUnitX"", ""GetUnitY"", ""I2R"", ""SaveInteger"", ""SaveReal"", ""SaveTriggerHandle"", ""SaveUnitHandle"", ""SetHeroStr"", ""SetUnitState"", ""TimerStart"", ""TriggerAddCondition"", ""TriggerRegisterTimerEvent""]","[""sYv"", ""syv""]",14
sZv,63427,63432,"[""A034""]","[""GetSpellAbilityId"", ""szv""]",[],1
s_v,63433,63486,"[""A035"", ""A0K4""]","[""CreateGroup"", ""DestroyGroup"", ""FirstOfGroup"", ""GetHandleId"", ""GetHeroStr"", ""GetTriggeringTrigger"", ""GetUnitAbilityLevel"", ""GetUnitState"", ""GetUnitUserData"", ""GetUnitX"", ""GetUnitY"", ""GetWidgetLife"", ""GroupEnumUnitsInRange"", ""GroupRemoveUnit"", ""IsUnitType"", ""LoadInteger"", ""LoadUnitHandle"", ""SaveInteger"", ""SetHeroStr"", ""SetUnitState"", ""SetWidgetLife""]",[],24
s3v,63487,63496,[],"[""Condition"", ""CreateTrigger"", ""GetHandleId"", ""GetLearningUnit"", ""SaveInteger"", ""SaveUnitHandle"", ""TriggerAddCondition"", ""TriggerRegisterTimerEvent""]","[""s_v""]",4
s4v,63497,63502,"[""A035""]","[""GetLearnedSkill"", ""GetLearningUnit"", ""GetUnitAbilityLevel"", ""IsUnitIllusion"", ""s3v""]",[],3
s5v,63503,63517,"[""A0DG""]","[""GetExpiredTimer"", ""GetHandleId"", ""GetHeroStr"", ""GetUnitAbilityLevel"", ""I2R"", ""LoadUnitHandle"", ""hL"", ""tK""]",[],7
s6v,63518,63540,[],"[""CreateTimer"", ""GetAttacker"", ""GetHandleId"", ""GetOwningPlayer"", ""GetTriggeringTrigger"", ""GetWidgetLife"", ""IsUnitEnemy"", ""LoadUnitHandle"", ""SaveUnitHandle"", ""TimerStart""]","[""s5v""]",8
s7v,63541,63553,"[""h011""]","[""Condition"", ""CreateTrigger"", ""CreateUnit"", ""GetHandleId"", ""GetLearningUnit"", ""GetOwningPlayer"", ""GetUnitX"", ""GetUnitY"", ""SaveUnitHandle"", ""TriggerAddCondition"", ""TriggerRegisterUnitEvent""]","[""s6v""]",5
s8v,63554,63559,"[""A0DG""]","[""GetLearnedSkill"", ""GetLearningUnit"", ""GetUnitAbilityLevel"", ""IsUnitIllusion"", ""s7v""]",[],3
s9v,63560,63583,"[""A0V3"", ""A0V6"", ""A0V7"", ""A0V8"", ""A0V9"", ""A0VA"", ""A129"", ""B07E""]","[""GetExpiredTimer"", ""GetHandleId"", ""LoadInteger"", ""LoadReal"", ""LoadUnitHandle"", ""SaveInteger"", ""UnitRemoveAbility"", ""qK"", ""tK""]",[],15
Svv,63584,63599,[],"[""GetExpiredTimer"", ""GetHandleId"", ""LoadInteger"", ""LoadReal"", ""LoadUnitHandle"", ""SaveInteger"", ""qK"", ""tK""]",[],6
Sev,63600,63615,[],"[""CreateTimer"", ""GetExpiredTimer"", ""GetHandleId"", ""LoadUnitHandle"", ""SaveReal"", ""SaveUnitHandle"", ""TimerStart"", ""tK""]","[""s9v""]",4
Sxv,63616,63652,"[""A0V3"", ""A0V6"", ""A0V7"", ""A0V8"", ""A0V9"", ""A0VA"", ""A0VC"", ""A129""]","[""CreateTimer"", ""GetHandleId"", ""GetOwningPlayer"", ""GetSpellAbilityUnit"", ""GetUnitAbilityLevel"", ""SaveReal"", ""SaveUnitHandle"", ""SetPlayerAbilityAvailable"", ""SetUnitAbilityLevel"", ""TimerStart"", ""UnitAddAbility"", ""UnitRemoveAbility"", ""UnitRemoveBuffs""]","[""Sev"", ""Svv""]",22
Sov,63653,63658,"[""A0VC""]","[""GetSpellAbilityId"", ""Sxv""]",[],1
RY,63659,63682,"[""A0V6"", ""A0V7"", ""A0V8"", ""A0V9"", ""A0VA"", ""A0VI""]","[""Condition"", ""CreateTrigger"", ""Lz"", ""Nl"", ""TriggerAddCondition""]","[""Sov"", ""s4v"", ""s8v"", ""sZv""]",8
SVv,63683,63718,"[""A0G8""]","[""CreateGroup"", ""DestroyGroup"", ""FirstOfGroup"", ""GetExpiredTimer"", ""GetFilterUnit"", ""GetHandleId"", ""GetUnitAbilityLevel"", ""GetWidgetLife"", ""Gl"", ""GroupRemoveUnit"", ""IsUnitType"", ""LoadGroupHandle"", ""LoadInteger"", ""LoadUnitHandle"", ""SaveInteger"", ""hL"", ""tK""]",[],16
SEv,63719,63760,"[""A0G8"", ""A0G9"", ""h011""]","[""CreateGroup"", ""CreateTimer"", ""CreateUnitAtLoc"", ""DestroyGroup"", ""FirstOfGroup"", ""GetHandleId"", ""GetOwningPlayer"", ""GetSpellAbilityUnit"", ""GetSpellTargetLoc"", ""GetUnitAbilityLevel"", ""GetWidgetLife"", ""Gl"", ""GroupEnumUnitsInRangeOfLoc"", ""GroupRemoveUnit"", ""IsUnitEnemy"", ""IssueTargetOrderById"", ""RemoveLocation"", ""SaveGroupHandle"", ""SaveInteger"", ""SaveUnitHandle"", ""SetUnitAbilityLevel"", ""TimerStart"", ""UnitAddAbility"", ""ZK""]","[""SVv""]",13
SXv,63761,63766,"[""A0G8""]","[""GetSpellAbilityId"", ""SEv""]",[],1
PoisonedWeapon_End,63767,63775,[],"[""GetExpiredTimer"", ""GetHandleId"", ""LoadUnitHandle"", ""PauseUnit"", ""tK""]",[],1
SOv,63776,63824,"[""A02B"", ""A0RE"", ""E001"", ""h011""]","[""CreateGroup"", ""CreateUnit"", ""DT"", ""DestroyGroup"", ""DisableTrigger"", ""FirstOfGroup"", ""FlushChildHashtable"", ""GetEventDamageSource"", ""GetHandleId"", ""GetOwningPlayer"", ""GetTriggerEventId"", ""GetTriggeringTrigger"", ""GetUnitAbilityLevel"", ""GetUnitTypeId"", ""GetUnitX"", ""GetUnitY"", ""GetWidgetLife"", ""GroupEnumUnitsInRange"", ""GroupRemoveUnit"", ""IsUnitEnemy"", ""IssueTargetOrderById"", ""LoadUnitHandle"", ""SetUnitAbilityLevel"", ""UnitAddAbility"", ""ZK""]",[],12
SRv,63825,63838,[],"[""Condition"", ""CreateTrigger"", ""GetAttacker"", ""GetHandleId"", ""GetTriggerUnit"", ""SaveUnitHandle"", ""TriggerAddCondition"", ""TriggerRegisterTimerEvent"", ""TriggerRegisterUnitEvent""]","[""SOv""]",3
SIv,63839,63846,[],"[""GetAttacker"", ""GetHandleId"", ""LoadInteger"", ""SRv"", ""TS""]",[],2
SAv,63847,63852,"[""A02B""]","[""GetAttacker"", ""GetHandleId"", ""GetOwningPlayer"", ""GetTriggerUnit"", ""GetTriggeringTrigger"", ""GetUnitAbilityLevel"", ""IsUnitEnemy"", ""IsUnitType"", ""LoadUnitHandle"", ""SIv""]",[],1
SNv,63853,63859,[],"[""Condition"", ""CreateTrigger"", ""GetHandleId"", ""GetTriggerUnit"", ""Lz"", ""SaveUnitHandle"", ""TriggerAddCondition""]","[""SAv""]",1
Sbv,63860,63865,"[""A02B""]","[""GetLearnedSkill"", ""GetTriggerUnit"", ""GetUnitAbilityLevel"", ""IsUnitIllusion"", ""SNv""]",[],1
SBv,63866,63903,"[""A02A"", ""A0K5"", ""A0K6""]","[""GetHandleId"", ""GetLearningUnit"", ""GetOwningPlayer"", ""GetUnitAbilityLevel"", ""LoadBoolean"", ""R2I"", ""SetPlayerAbilityAvailable"", ""SetUnitAbilityLevel"", ""StringHash"", ""UnitAddAbility"", ""UnitMakeAbilityPermanent"", ""UnitRemoveAbility""]",[],27
Scv,63904,63909,"[""A02A""]","[""GetLearnedSkill"", ""GetLearningUnit"", ""IsUnitIllusion"", ""SBv""]",[],1
SCv,63910,63922,"[""BEme""]","[""AddUnitAnimationProperties"", ""DestroyTimer"", ""FlushChildHashtable"", ""GetExpiredTimer"", ""GetHandleId"", ""GetUnitAbilityLevel"", ""LoadUnitHandle"", ""SaveBoolean"", ""StringHash""]",[],2
Sdv,63923,64014,"[""E000"", ""E001""]","[""AddUnitAnimationProperties"", ""CreateGroup"", ""CreateTimer"", ""DT"", ""DestroyGroup"", ""DisableTrigger"", ""FirstOfGroup"", ""FlushChildHashtable"", ""GetEventDamage"", ""GetEventDamageSource"", ""GetHandleId"", ""GetOwningPlayer"", ""GetRandomInt"", ""GetTriggerEventId"", ""GetTriggeringTrigger"", ""GetUnitTypeId"", ""GetUnitX"", ""GetUnitY"", ""GetWidgetLife"", ""GroupAddUnit"", ""GroupEnumUnitsInRange"", ""GroupRemoveUnit"", ""IsUnitEnemy"", ""IsUnitInGroup"", ""LoadBoolean"", ""LoadUnitHandle"", ""SaveBoolean"", ""SaveUnitHandle"", ""StringHash"", ""TimerStart"", ""hL""]","[""SCv""]",18
SFv,64015,64028,[],"[""Condition"", ""CreateTrigger"", ""GetAttacker"", ""GetHandleId"", ""GetTriggerUnit"", ""SaveUnitHandle"", ""TriggerAddCondition"", ""TriggerRegisterTimerEvent"", ""TriggerRegisterUnitEvent""]","[""Sdv""]",3
Sgv,64029,64036,[],"[""GetAttacker"", ""GetHandleId"", ""LoadInteger"", ""SFv"", ""TS""]",[],2
SGv,64037,64042,"[""A0LA""]","[""GetAttacker"", ""GetHandleId"", ""GetOwningPlayer"", ""GetTriggerUnit"", ""GetTriggeringTrigger"", ""GetUnitAbilityLevel"", ""IsUnitEnemy"", ""IsUnitType"", ""LoadUnitHandle"", ""Sgv""]",[],1
Shv,64043,64057,"[""E000""]","[""Condition"", ""CreateTrigger"", ""GetHandleId"", ""GetUnitTypeId"", ""IsUnitType"", ""LoadBoolean"", ""Lz"", ""SaveBoolean"", ""SaveUnitHandle"", ""StringHash"", ""TriggerAddCondition""]","[""SGv""]",3
Cz,64058,64060,[],"[""Shv""]",[],0
IY,64061,64077,"[""A0B9"", ""A0G9"", ""A12L""]","[""Condition"", ""CreateTrigger"", ""Lz"", ""Nl"", ""TriggerAddCondition""]","[""SXv"", ""Sbv"", ""Scv""]",3
Skv,64078,64080,[],"[""GetFilterUnit"", ""GetOwningPlayer"", ""GetWidgetLife"", ""IsUnitEnemy"", ""IsUnitType""]",[],1
SKv,64081,64123,"[""A0AE"", ""B06T""]","[""Cos"", ""DisableTrigger"", ""FlushChildHashtable"", ""GetHandleId"", ""GetTriggerEvalCount"", ""GetTriggerEventId"", ""GetTriggeringTrigger"", ""GetUnitAbilityLevel"", ""GetUnitX"", ""GetUnitY"", ""LoadReal"", ""LoadUnitHandle"", ""SetUnitX"", ""SetUnitY"", ""Sin"", ""hL""]",[],13
SPv,64124,64141,[],"[""Atan2"", ""Condition"", ""CreateTrigger"", ""GetEnumUnit"", ""GetHandleId"", ""GetUnitX"", ""GetUnitY"", ""SaveReal"", ""SaveUnitHandle"", ""TriggerAddCondition"", ""TriggerRegisterTimerEvent"", ""TriggerRegisterUnitEvent"", ""hl""]","[""SKv""]",7
Sqv,64142,64196,"[""A0SJ"", ""A0SN"", ""n050""]","[""Condition"", ""Cos"", ""CreateGroup"", ""CreateUnit"", ""Deg2Rad"", ""DestroyGroup"", ""ForGroup"", ""GetExpiredTimer"", ""GetHandleId"", ""GetOwningPlayer"", ""GetUnitFacing"", ""GetUnitX"", ""GetUnitY"", ""GroupEnumUnitsInRange"", ""KillUnit"", ""LoadBoolean"", ""LoadInteger"", ""LoadReal"", ""LoadUnitHandle"", ""RemoveUnit"", ""SaveReal"", ""SetPlayerAbilityAvailable"", ""SetUnitX"", ""SetUnitY"", ""Sin"", ""StringHash"", ""UnitRemoveAbility"", ""ZK"", ""tK""]","[""SPv"", ""Skv""]",16
SQv,64197,64230,"[""A0SJ"", ""A0SN"", ""Bbsk"", ""h025""]","[""Atan2"", ""Cos"", ""CreateTimer"", ""CreateUnit"", ""GetHandleId"", ""GetOwningPlayer"", ""GetSpellAbilityId"", ""GetSpellAbilityUnit"", ""GetSpellTargetX"", ""GetSpellTargetY"", ""GetUnitAbilityLevel"", ""GetUnitX"", ""GetUnitY"", ""Rad2Deg"", ""SaveBoolean"", ""SaveInteger"", ""SaveReal"", ""SaveUnitHandle"", ""SetPlayerAbilityAvailable"", ""SetUnitFlyHeight"", ""SetUnitPathing"", ""Sin"", ""StringHash"", ""TimerStart"", ""UnitAddAbility"", ""UnitMakeAbilityPermanent"", ""UnitRemoveAbility""]","[""Sqv""]",17
Ssv,64231,64236,"[""A0SJ"", ""A0SN""]","[""GetSpellAbilityId"", ""SQv""]",[],1
SSv,64237,64273,[],"[""Cos"", ""DisableTrigger"", ""FlushChildHashtable"", ""GK"", ""GetHandleId"", ""GetTriggerEvalCount"", ""GetTriggerEventId"", ""GetTriggeringTrigger"", ""GetUnitUserData"", ""LoadReal"", ""LoadUnitHandle"", ""SaveReal"", ""SetUnitX"", ""SetUnitY"", ""Sin"", ""eL""]",[],9
Suv,64274,64288,[],"[""Atan2"", ""Condition"", ""CreateTrigger"", ""GetEnumUnit"", ""GetHandleId"", ""GetUnitX"", ""GetUnitY"", ""MK"", ""SaveReal"", ""SaveUnitHandle"", ""TriggerAddCondition"", ""TriggerRegisterTimerEvent"", ""TriggerRegisterUnitEvent"", ""hl""]","[""SSv""]",6
Swv,64289,64336,"[""A0AE"", ""A0SP"", ""A0SR"", ""B06T"", ""n052""]","[""Condition"", ""CreateGroup"", ""CreateUnit"", ""DestroyGroup"", ""FirstOfGroup"", ""ForGroup"", ""GetOwningPlayer"", ""GetUnitAbilityLevel"", ""GetUnitX"", ""GetUnitY"", ""GetWidgetLife"", ""GroupEnumUnitsInRange"", ""GroupRemoveUnit"", ""IsUnitEnemy"", ""IsUnitType"", ""KillUnit"", ""ShowUnit"", ""ZK"", ""hL""]","[""Skv"", ""Suv""]",18
Szv,64337,64388,"[""A0SP"", ""A0SR""]","[""Cos"", ""DisableTrigger"", ""FlushChildHashtable"", ""GetHandleId"", ""GetTriggerEventId"", ""GetTriggeringTrigger"", ""GetUnitAbilityLevel"", ""GetUnitX"", ""GetUnitY"", ""Hl"", ""LoadReal"", ""LoadUnitHandle"", ""RemoveSavedHandle"", ""SaveReal"", ""SaveUnitHandle"", ""SetUnitFacing"", ""SetUnitX"", ""SetUnitY"", ""Sin"", ""Swv"", ""hl""]",[],25
S2v,64389,64410,[],"[""Condition"", ""CreateTrigger"", ""GetHandleId"", ""GetSpellTargetX"", ""GetSpellTargetY"", ""KillUnit"", ""SaveReal"", ""SaveUnitHandle"", ""SetUnitVertexColor"", ""ShowUnit"", ""TriggerAddCondition"", ""TriggerRegisterTimerEvent"", ""TriggerRegisterUnitEvent""]","[""Szv""]",9
S3v,64411,64413,[],"[""GetUnitTypeId"", ""IsUnitType""]",[],2
S4v,64414,64550,"[""A0SO"", ""A0SP"", ""A0SR""]","[""Cos"", ""DisableTrigger"", ""FlushChildHashtable"", ""GetHandleId"", ""GetOwningPlayer"", ""GetSpellAbilityId"", ""GetSpellTargetUnit"", ""GetTriggerEventId"", ""GetTriggeringTrigger"", ""GetUnitAbilityLevel"", ""GetUnitFacing"", ""GetUnitX"", ""GetUnitY"", ""I2R"", ""LoadInteger"", ""LoadReal"", ""LoadUnitHandle"", ""RMinBJ"", ""RemoveSavedHandle"", ""S2v"", ""S3v"", ""SaveInteger"", ""SaveReal"", ""SetPlayerAbilityAvailable"", ""SetUnitFacing"", ""SetUnitX"", ""SetUnitY"", ""Sin""]",[],92
S5v,64551,64608,"[""A0SO"", ""A0SP"", ""A0SR"", ""h011"", ""h026""]","[""Condition"", ""Cos"", ""CreateTrigger"", ""CreateUnit"", ""GetHandleId"", ""GetOwningPlayer"", ""GetTriggerUnit"", ""GetUnitFacing"", ""GetUnitX"", ""GetUnitY"", ""SaveInteger"", ""SaveUnitHandle"", ""SetPlayerAbilityAvailable"", ""Sin"", ""TriggerAddCondition"", ""TriggerRegisterTimerEvent"", ""TriggerRegisterUnitEvent"", ""UnitAddAbility"", ""UnitMakeAbilityPermanent""]","[""S4v""]",41
S6v,64609,64614,"[""A0SP"", ""A0SR""]","[""GetSpellAbilityId"", ""S5v""]",[],3
S7v,64615,64658,[],"[""Atan2"", ""Cos"", ""CreateGroup"", ""DestroyGroup"", ""FirstOfGroup"", ""GetExpiredTimer"", ""GetHandleId"", ""GetOwningPlayer"", ""GetUnitX"", ""GetUnitY"", ""GetWidgetLife"", ""GroupEnumUnitsInRange"", ""GroupRemoveUnit"", ""IsUnitEnemy"", ""IsUnitType"", ""LoadReal"", ""LoadUnitHandle"", ""RemoveUnit"", ""SaveReal"", ""SetUnitX"", ""SetUnitY"", ""Sin"", ""hl"", ""tK""]",[],12
S8v,64659,64682,"[""A0AE"", ""n051""]","[""CreateTimer"", ""CreateUnit"", ""GetHandleId"", ""GetOwningPlayer"", ""GetSpellAbilityUnit"", ""GetSpellTargetX"", ""GetSpellTargetY"", ""GetUnitAbilityLevel"", ""PauseUnit"", ""SaveReal"", ""SaveUnitHandle"", ""SetUnitX"", ""SetUnitY"", ""TimerStart""]","[""S7v""]",10
S9v,64683,64688,"[""A0AE""]","[""GetSpellAbilityId"", ""S8v""]",[],3
tvv,64689,64719,[],"[""Cos"", ""Deg2Rad"", ""GetExpiredTimer"", ""GetHandleId"", ""GetUnitFacing"", ""GetUnitX"", ""GetUnitY"", ""IssuePointOrderById"", ""KillUnit"", ""LoadInteger"", ""LoadUnitHandle"", ""RemoveUnit"", ""SaveInteger"", ""SetUnitX"", ""SetUnitY"", ""Sin"", ""tK""]",[],10
tev,64720,64790,"[""A0AE"", ""A0SM"", ""A0SQ"", ""A0SS"", ""A0ST"", ""B06T"", ""BTLF"", ""h011"", ""h028""]","[""Cos"", ""CreateGroup"", ""CreateTimer"", ""CreateUnit"", ""DestroyGroup"", ""FirstOfGroup"", ""GetExpiredTimer"", ""GetHandleId"", ""GetOwningPlayer"", ""GetUnitAbilityLevel"", ""GetWidgetLife"", ""GroupEnumUnitsInRange"", ""GroupRemoveUnit"", ""IsUnitEnemy"", ""KillUnit"", ""LoadReal"", ""LoadUnitHandle"", ""PauseUnit"", ""Rad2Deg"", ""RemoveUnit"", ""SaveInteger"", ""SaveUnitHandle"", ""SetUnitAbilityLevel"", ""SetUnitPathing"", ""SetUnitTimeScale"", ""Sin"", ""TimerStart"", ""UnitAddAbility"", ""UnitApplyTimedLife"", ""hL"", ""tK""]","[""tvv""]",32
txv,64791,64810,"[""h027""]","[""Atan2"", ""CreateTimer"", ""CreateUnit"", ""GetHandleId"", ""GetOwningPlayer"", ""GetSpellAbilityUnit"", ""GetSpellTargetX"", ""GetSpellTargetY"", ""GetUnitFacing"", ""GetUnitX"", ""GetUnitY"", ""SaveReal"", ""SaveUnitHandle"", ""SetUnitTimeScale"", ""TimerStart""]","[""tev""]",9
tov,64811,64816,"[""A0SM"", ""A0SS""]","[""GetSpellAbilityId"", ""txv""]",[],1
NY,64817,64830,[],"[""Condition"", ""CreateTrigger"", ""Lz"", ""TriggerAddCondition""]","[""S6v"", ""S9v"", ""Ssv"", ""tov""]",2
tVv,64831,64842,[],[],[],3
tEv,64843,64875,"[""A1C1"", ""A1C2"", ""A1C3"", ""A1C4"", ""A1C5"", ""A1C6"", ""A1C7"", ""A1C8"", ""A1C9"", ""A1CA""]",[],[],17
tOv,64876,64889,[],"[""DestroyEffect"", ""GetHandleId"", ""LoadEffectHandle"", ""SaveEffectHandle""]",[],8
tRv,64890,64902,"[""A12T""]","[""GetHandleId"", ""GetOwningPlayer"", ""LoadBoolean"", ""LoadInteger"", ""SaveInteger"", ""SetPlayerAbilityAvailable"", ""SetUnitAbilityLevel"", ""UnitAddAbility""]",[],5
tIv,64903,64919,"[""A12T""]","[""GetHandleId"", ""GetHeroInt"", ""GetTriggerUnit"", ""GetUnitAbilityLevel"", ""LoadInteger"", ""R2I"", ""SaveInteger"", ""SetHeroInt"", ""tOv""]",[],8
tbv,64920,64951,[],"[""AddSpecialEffect"", ""CreateGroup"", ""DestroyEffect"", ""DestroyGroup"", ""DestroyTimer"", ""FirstOfGroup"", ""FlushChildHashtable"", ""GetExpiredTimer"", ""GetHandleId"", ""GetOwningPlayer"", ""GetUnitState"", ""GetWidgetLife"", ""GroupEnumUnitsInRange"", ""GroupRemoveUnit"", ""IsUnitEnemy"", ""IsUnitType"", ""LoadInteger"", ""LoadReal"", ""LoadUnitHandle"", ""SetUnitState"", ""hL""]",[],11
tCv,64952,64994,"[""A1BX"", ""BTLF"", ""h05H""]","[""Cos"", ""CreateTimer"", ""CreateUnit"", ""GetHandleId"", ""GetOwningPlayer"", ""GetUnitAbilityLevel"", ""SaveInteger"", ""SaveReal"", ""SaveUnitHandle"", ""SetUnitX"", ""SetUnitY"", ""Sin"", ""TimerStart"", ""UnitApplyTimedLife""]","[""tbv""]",24
tdv,64995,65017,"[""A1CE"", ""B0CA""]","[""DT"", ""FlushChildHashtable"", ""GetEventDamage"", ""GetHandleId"", ""GetTriggerEventId"", ""GetTriggeringTrigger"", ""GetUnitState"", ""LoadInteger"", ""LoadReal"", ""LoadUnitHandle"", ""SetUnitState"", ""UnitRemoveAbility""]",[],7
tfv,65018,65035,"[""A1CE""]","[""Condition"", ""CreateTrigger"", ""GetHandleId"", ""GetUnitAbilityLevel"", ""SaveInteger"", ""SaveReal"", ""SaveUnitHandle"", ""TriggerAddCondition"", ""TriggerRegisterTimerEvent"", ""TriggerRegisterUnitEvent"", ""UnitAddAbility""]","[""tdv""]",5
tFv,65036,65071,[],"[""AddSpecialEffect"", ""CreateGroup"", ""DestroyEffect"", ""DestroyGroup"", ""DestroyTimer"", ""FirstOfGroup"", ""FlushChildHashtable"", ""GetExpiredTimer"", ""GetHandleId"", ""GetOwningPlayer"", ""GetWidgetLife"", ""GroupEnumUnitsInRange"", ""GroupRemoveUnit"", ""IsUnitAlly"", ""LoadInteger"", ""LoadReal"", ""LoadUnitHandle"", ""SaveInteger"", ""fL"", ""tfv""]",[],13
tgv,65072,65126,"[""A1BY"", ""BTLF"", ""h05I""]","[""Cos"", ""CreateTimer"", ""CreateUnit"", ""GetHandleId"", ""GetOwningPlayer"", ""GetUnitAbilityLevel"", ""I2R"", ""R2I"", ""SaveInteger"", ""SaveReal"", ""SaveUnitHandle"", ""SetUnitX"", ""SetUnitY"", ""Sin"", ""TimerStart"", ""UnitApplyTimedLife""]","[""tFv""]",30
tGv,65127,65138,"[""B0C8""]","[""DestroyTimer"", ""FlushChildHashtable"", ""GetExpiredTimer"", ""GetHandleId"", ""GetWidgetLife"", ""LoadUnitHandle"", ""UnitRemoveAbility""]",[],3
thv,65139,65213,"[""A1BZ"", ""A1CC"", ""BTLF"", ""h011"", ""h05J""]","[""AddSpecialEffect"", ""Cos"", ""CreateGroup"", ""CreateTimer"", ""CreateUnit"", ""DestroyEffect"", ""DestroyGroup"", ""FirstOfGroup"", ""GetHandleId"", ""GetOwningPlayer"", ""GetUnitAbilityLevel"", ""GetUnitState"", ""GetWidgetLife"", ""GroupEnumUnitsInRange"", ""GroupRemoveUnit"", ""IsUnitEnemy"", ""IssueTargetOrderById"", ""SaveUnitHandle"", ""SetUnitX"", ""SetUnitY"", ""Sin"", ""TimerStart"", ""UnitAddAbility"", ""UnitApplyTimedLife"", ""ZK"", ""hL""]","[""tGv""]",27
tjv,65214,65259,"[""A1CD"", ""B0C9""]","[""AddSpecialEffectTarget"", ""CreateGroup"", ""DT"", ""DestroyEffect"", ""DestroyGroup"", ""FirstOfGroup"", ""FlushChildHashtable"", ""GetEventDamage"", ""GetEventDamageSource"", ""GetHandleId"", ""GetOwningPlayer"", ""GetTriggerEventId"", ""GetTriggeringTrigger"", ""GetUnitState"", ""GetUnitX"", ""GetUnitY"", ""GetWidgetLife"", ""GroupEnumUnitsInRange"", ""GroupRemoveUnit"", ""IsUnitAlly"", ""LoadInteger"", ""LoadReal"", ""LoadUnitHandle"", ""SetUnitState"", ""UnitRemoveAbility"", ""fL""]",[],11
tkv,65260,65278,"[""A1CD""]","[""Condition"", ""CreateTrigger"", ""GetHandleId"", ""GetUnitAbilityLevel"", ""SaveInteger"", ""SaveReal"", ""SaveUnitHandle"", ""TriggerAddCondition"", ""TriggerRegisterTimerEvent"", ""TriggerRegisterUnitEvent"", ""UnitAddAbility""]","[""tjv""]",7
tKv,65279,65321,"[""A1CD""]","[""AddSpecialEffectTarget"", ""Cos"", ""CreateGroup"", ""DestroyEffect"", ""DestroyGroup"", ""DestroyTimer"", ""FirstOfGroup"", ""FlushChildHashtable"", ""GetExpiredTimer"", ""GetHandleId"", ""GetOwningPlayer"", ""GetUnitAbilityLevel"", ""GetUnitX"", ""GetUnitY"", ""GetWidgetLife"", ""GroupEnumUnitsInRange"", ""GroupRemoveUnit"", ""IsUnitEnemy"", ""LoadInteger"", ""LoadReal"", ""LoadUnitHandle"", ""RemoveUnit"", ""SaveReal"", ""SetUnitX"", ""SetUnitY"", ""Sin"", ""hL"", ""tkv""]",[],15
tlv,65322,65336,"[""h05K""]","[""CreateTimer"", ""CreateUnit"", ""GetHandleId"", ""GetOwningPlayer"", ""SaveInteger"", ""SaveReal"", ""SaveUnitHandle"", ""TimerStart""]","[""tKv""]",8
tLv,65337,65358,"[""A1BX"", ""A1BY""]","[""DestroyTimer"", ""FlushChildHashtable"", ""GetExpiredTimer"", ""GetHandleId"", ""GetUnitAbilityLevel"", ""LoadInteger"", ""LoadReal"", ""LoadUnitHandle"", ""SaveInteger"", ""tlv""]",[],12
tMv,65359,65372,[],"[""Atan2"", ""CreateTimer"", ""GetHandleId"", ""GetUnitX"", ""GetUnitY"", ""SaveInteger"", ""SaveReal"", ""SaveUnitHandle"", ""TimerStart""]","[""tLv""]",8
tPv,65373,65398,"[""A10D"", ""h011""]","[""AddSpecialEffect"", ""CreateGroup"", ""CreateUnit"", ""DestroyEffect"", ""DestroyGroup"", ""FirstOfGroup"", ""GetOwningPlayer"", ""GetWidgetLife"", ""GroupEnumUnitsInRange"", ""GroupRemoveUnit"", ""IsUnitEnemy"", ""IssueTargetOrderById"", ""UnitAddAbility"", ""ZK"", ""hL""]",[],8
tqv,65399,65445,[],"[""CreateGroup"", ""DestroyGroup"", ""DestroyTimer"", ""FirstOfGroup"", ""FlushChildHashtable"", ""GetExpiredTimer"", ""GetHandleId"", ""GetOwningPlayer"", ""GetUnitX"", ""GetUnitY"", ""GetWidgetLife"", ""GroupEnumUnitsInRange"", ""GroupRemoveUnit"", ""IsUnitEnemy"", ""LoadInteger"", ""LoadReal"", ""LoadUnitHandle"", ""SaveInteger"", ""SetUnitX"", ""SetUnitY"", ""SquareRoot"", ""tPv""]",[],17
tQv,65446,65521,"[""A1BX"", ""A1BZ"", ""BTLF"", ""h05L""]","[""Cos"", ""CreateTimer"", ""CreateUnit"", ""GetHandleId"", ""GetOwningPlayer"", ""GetUnitAbilityLevel"", ""SaveInteger"", ""SaveReal"", ""SaveUnitHandle"", ""SetUnitX"", ""SetUnitY"", ""Sin"", ""TimerStart"", ""UnitApplyTimedLife""]","[""tqv""]",47
tSv,65522,65539,[],"[""CreateGroup"", ""DestroyGroup"", ""FirstOfGroup"", ""GetWidgetLife"", ""GroupEnumUnitsInRange"", ""GroupRemoveUnit"", ""IsUnitEnemy"", ""IsUnitInGroup""]",[],2
tuv,65540,65558,[],"[""CreateGroup"", ""DestroyGroup"", ""FirstOfGroup"", ""GetOwningPlayer"", ""GetUnitState"", ""GetUnitX"", ""GetUnitY"", ""GetWidgetLife"", ""GroupEnumUnitsInRange"", ""GroupRemoveUnit"", ""IsUnitAlly""]",[],2
tUv,65559,65656,[],"[""AddLightningEx"", ""AddSpecialEffectTarget"", ""DestroyEffect"", ""DestroyGroup"", ""DestroyLightning"", ""DestroyTimer"", ""FirstOfGroup"", ""FlushChildHashtable"", ""GetExpiredTimer"", ""GetHandleId"", ""GetOwningPlayer"", ""GetUnitX"", ""GetUnitY"", ""GetWidgetLife"", ""GroupAddUnit"", ""GroupRemoveUnit"", ""IsUnitInRangeXY"", ""LoadGroupHandle"", ""LoadInteger"", ""LoadLightningHandle"", ""LoadReal"", ""LoadUnitHandle"", ""MoveLightningEx"", ""RemoveUnit"", ""SaveLightningHandle"", ""SaveReal"", ""SaveUnitHandle"", ""SetLightningColor"", ""fL"", ""hL"", ""tSv"", ""tuv""]",[],45
t2v,65657,65725,"[""A1BX"", ""A1BY"", ""h05M""]","[""CreateGroup"", ""CreateTimer"", ""CreateUnit"", ""GetHandleId"", ""GetOwningPlayer"", ""GetUnitAbilityLevel"", ""GroupAddUnit"", ""SaveGroupHandle"", ""SaveInteger"", ""SaveReal"", ""SaveUnitHandle"", ""SetUnitFlyHeight"", ""SetUnitX"", ""SetUnitY"", ""TimerStart""]","[""tUv""]",35
t3v,65726,65746,[],"[""AddSpecialEffect"", ""AddSpecialEffectTarget"", ""CreateGroup"", ""DestroyEffect"", ""DestroyGroup"", ""FirstOfGroup"", ""GetOwningPlayer"", ""GetUnitX"", ""GetUnitY"", ""GetWidgetLife"", ""GroupEnumUnitsInRange"", ""GroupRemoveUnit"", ""IsUnitAlly"", ""fL""]",[],6
t5v,65747,65795,"[""A1BZ""]","[""AddSpecialEffectTarget"", ""CreateGroup"", ""DestroyEffect"", ""DestroyGroup"", ""DestroyTimer"", ""FirstOfGroup"", ""FlushChildHashtable"", ""GetExpiredTimer"", ""GetHandleId"", ""GetOwningPlayer"", ""GetUnitAbilityLevel"", ""GetUnitState"", ""GetUnitX"", ""GetUnitY"", ""GetWidgetLife"", ""GroupEnumUnitsInRange"", ""GroupRemoveUnit"", ""IsUnitEnemy"", ""IsUnitInRange"", ""KillUnit"", ""LoadInteger"", ""LoadReal"", ""LoadUnitHandle"", ""SaveInteger"", ""SetUnitState"", ""StringHash"", ""hL"", ""t3v""]",[],19
t6v,65796,65852,"[""A1BY"", ""A1BZ"", ""BTLF"", ""h05N"", ""n0AN""]","[""Cos"", ""CreateTimer"", ""CreateUnit"", ""GetHandleId"", ""GetOwningPlayer"", ""GetUnitAbilityLevel"", ""GetUnitFacing"", ""OW"", ""R2I"", ""SaveInteger"", ""SaveReal"", ""SaveUnitHandle"", ""SetUnitState"", ""SetUnitX"", ""SetUnitY"", ""Sin"", ""TimerStart"", ""UL"", ""UnitApplyTimedLife"", ""tk"", ""uL"", ""zl""]","[""t5v""]",36
t7v,65853,65891,[],"[""DestroyGroup"", ""DestroyTimer"", ""FirstOfGroup"", ""FlushChildHashtable"", ""GetExpiredTimer"", ""GetHandleId"", ""GetUnitX"", ""GetUnitY"", ""GetWidgetLife"", ""Gl"", ""GroupRemoveUnit"", ""LoadGroupHandle"", ""LoadInteger"", ""LoadReal"", ""SaveInteger"", ""SetUnitX"", ""SetUnitY"", ""eL""]",[],11
Tvv,65892,65913,"[""BTLF"", ""h05O""]","[""Cos"", ""CreateUnit"", ""SetUnitX"", ""SetUnitY"", ""Sin"", ""UnitApplyTimedLife""]",[],11
Tev,65914,65936,"[""B0CF""]","[""DT"", ""FlushChildHashtable"", ""GetEventDamage"", ""GetHandleId"", ""GetTriggerEventId"", ""GetTriggeringTrigger"", ""GetUnitAbilityLevel"", ""GetUnitState"", ""LoadInteger"", ""LoadReal"", ""LoadUnitHandle"", ""SetUnitState""]",[],6
Tov,65937,65949,[],"[""Condition"", ""CreateTrigger"", ""GetHandleId"", ""SaveInteger"", ""SaveReal"", ""SaveUnitHandle"", ""TriggerAddCondition"", ""TriggerRegisterTimerEvent"", ""TriggerRegisterUnitEvent""]","[""Tev""]",4
Trv,65950,65993,"[""A0K4"", ""A1BY"", ""A1BZ"", ""A1CF"", ""h011""]","[""Atan2"", ""Cos"", ""CreateGroup"", ""CreateTimer"", ""CreateUnit"", ""DestroyGroup"", ""FirstOfGroup"", ""GetHandleId"", ""GetOwningPlayer"", ""GetUnitAbilityLevel"", ""GetUnitX"", ""GetUnitY"", ""GetWidgetLife"", ""GroupAddUnit"", ""GroupEnumUnitsInRange"", ""GroupRemoveUnit"", ""IsUnitAlly"", ""IssueTargetOrderById"", ""SaveGroupHandle"", ""SaveInteger"", ""SaveReal"", ""SetUnitAbilityLevel"", ""Sin"", ""TimerStart"", ""Tov"", ""Tvv"", ""UnitAddAbility"", ""ZK""]","[""t7v""]",19
Tav,65994,66014,[],"[""AddSpecialEffect"", ""CreateGroup"", ""DestroyEffect"", ""DestroyGroup"", ""FirstOfGroup"", ""GetHandleId"", ""GetOwningPlayer"", ""GetWidgetLife"", ""GroupEnumUnitsInRange"", ""GroupRemoveUnit"", ""IsUnitEnemy"", ""LoadReal"", ""hL""]",[],4
TVv,66015,66070,[],"[""CreateGroup"", ""DestroyGroup"", ""DestroyTimer"", ""FirstOfGroup"", ""FlushChildHashtable"", ""GetExpiredTimer"", ""GetHandleId"", ""GetOwningPlayer"", ""GetUnitX"", ""GetUnitY"", ""GetWidgetLife"", ""GroupEnumUnitsInRange"", ""GroupRemoveUnit"", ""IsUnitEnemy"", ""IssueTargetOrderById"", ""LoadBoolean"", ""LoadInteger"", ""LoadReal"", ""LoadUnitHandle"", ""RemoveUnit"", ""SaveBoolean"", ""SaveReal"", ""Tav"", ""hL""]",[],20
TOv,66071,66124,"[""A0SF"", ""A1BX"", ""A1BZ"", ""A1CK"", ""BTLF"", ""h011"", ""h05P""]","[""Cos"", ""CreateTimer"", ""CreateUnit"", ""GetHandleId"", ""GetOwningPlayer"", ""GetUnitAbilityLevel"", ""SaveInteger"", ""SaveReal"", ""SaveUnitHandle"", ""SetUnitX"", ""SetUnitY"", ""Sin"", ""TimerStart"", ""UnitAddAbility"", ""UnitApplyTimedLife""]","[""TVv""]",29
TIv,66125,66170,[],"[""AddSpecialEffectTarget"", ""CreateGroup"", ""DestroyEffect"", ""DestroyGroup"", ""DestroyTimer"", ""FirstOfGroup"", ""FlushChildHashtable"", ""GetExpiredTimer"", ""GetHandleId"", ""GetOwningPlayer"", ""GetUnitX"", ""GetUnitY"", ""GetWidgetLife"", ""GroupEnumUnitsInRange"", ""GroupRemoveUnit"", ""IsUnitEnemy"", ""LoadInteger"", ""LoadReal"", ""LoadUnitHandle"", ""RemoveUnit"", ""SaveReal"", ""SaveUnitHandle"", ""StringHash"", ""fL"", ""hL""]",[],14
TNv,66171,66243,"[""A1BX"", ""A1BY"", ""A1BZ"", ""BTLF"", ""h05Q"", ""h05R""]","[""Cos"", ""CreateTimer"", ""CreateUnit"", ""GetHandleId"", ""GetOwningPlayer"", ""GetUnitAbilityLevel"", ""GetUnitFacing"", ""I2R"", ""SaveInteger"", ""SaveReal"", ""SaveUnitHandle"", ""SetUnitVertexColor"", ""SetUnitX"", ""SetUnitY"", ""Sin"", ""StringHash"", ""TimerStart"", ""UnitApplyTimedLife""]","[""TIv""]",41
Tbv,66244,66279,"[""A1BZ""]","[""AddSpecialEffectTarget"", ""DestroyEffect"", ""GetHandleId"", ""GetUnitAbilityLevel"", ""GetWidgetLife"", ""I2R"", ""LoadUnitHandle"", ""StringHash"", ""TOv"", ""Trv"", ""t2v"", ""t6v"", ""tCv"", ""tMv"", ""tQv"", ""tgv"", ""thv""]",[],11
TBv,66280,66389,"[""A12T"", ""A1BX"", ""A1BY"", ""A1BZ"", ""A1C0"", ""A1CB""]","[""AddSpecialEffectTarget"", ""DestroyEffect"", ""GetHandleId"", ""GetHeroInt"", ""GetOwningPlayer"", ""GetSpellTargetUnit"", ""GetSpellTargetX"", ""GetSpellTargetY"", ""GetUnitAbilityLevel"", ""GetUnitX"", ""GetUnitY"", ""LoadInteger"", ""LoadUnitHandle"", ""SaveBoolean"", ""SaveEffectHandle"", ""SaveInteger"", ""SetHeroInt"", ""SetPlayerAbilityAvailable"", ""TNv"", ""TOv"", ""Tbv"", ""Trv"", ""UnitRemoveAbility"", ""t2v"", ""t6v"", ""tCv"", ""tEv"", ""tMv"", ""tOv"", ""tQv"", ""tRv"", ""tVv"", ""tgv"", ""thv""]",[],57
Tfv,66390,66398,"[""A1BX"", ""A1BY"", ""A1BZ"", ""A1C0"", ""A1CB""]","[""GetHandleId"", ""GetSpellAbilityId"", ""GetTriggerUnit"", ""LoadInteger"", ""TBv""]",[],1
Tgv,66399,66425,[],"[""Cos"", ""GetExpiredTimer"", ""GetHandleId"", ""GetUnitX"", ""GetUnitY"", ""LoadReal"", ""LoadUnitHandle"", ""SaveReal"", ""SetUnitX"", ""SetUnitY"", ""Sin""]",[],12
Thv,66426,66475,"[""A1C0"", ""A1C1"", ""A1C2"", ""A1C3"", ""A1C4"", ""A1C5"", ""A1C6"", ""A1C7"", ""A1C8"", ""A1C9"", ""A1CA"", ""A1CG"", ""A1CH"", ""A1CI"", ""A1CJ"", ""h01O""]","[""CreateTimer"", ""CreateTrigger"", ""CreateUnit"", ""GetHandleId"", ""GetOwningPlayer"", ""GetUnitX"", ""GetUnitY"", ""SaveInteger"", ""SaveUnitHandle"", ""SelectHeroSkill"", ""SetPlayerAbilityAvailable"", ""TimerStart"", ""TriggerAddAction"", ""TriggerRegisterUnitEvent"", ""UnitModifySkillPoints"", ""vl""]","[""Tgv"", ""tIv""]",38
THv,66476,66489,"[""A1BX"", ""A1BY"", ""A1BZ"", ""A1CG"", ""A1CH"", ""A1CI""]","[""GetUnitAbilityLevel"", ""SetUnitAbilityLevel""]",[],9
Tjv,66490,66498,"[""A1BX"", ""A1BY"", ""A1BZ""]","[""GetLearnedSkill"", ""GetTriggerUnit"", ""IsUnitIllusion"", ""THv""]",[],1
gz,66499,66501,[],"[""Thv""]",[],0
dY,66502,66541,"[""A12T"", ""A1C1"", ""A1C2"", ""A1C3"", ""A1C4"", ""A1C5"", ""A1C6"", ""A1C7"", ""A1C8"", ""A1C9"", ""A1CA"", ""A1CC"", ""A1CE"", ""A1CF"", ""A1CG"", ""A1CH"", ""A1CI"", ""A1CK"", ""h011"", ""h01O"", ""h05H"", ""h05I"", ""h05J"", ""h05K"", ""h05L"", ""h05M"", ""h05N"", ""h05O"", ""h05P"", ""h05Q"", ""h05R"", ""n0AN""]","[""Condition"", ""CreateTrigger"", ""Lz"", ""Nl"", ""TriggerAddCondition"", ""nl""]","[""Tfv"", ""Tjv""]",32
Tlv,66542,66579,"[""H05G""]","[""CreateGroup"", ""DestroyGroup"", ""FirstOfGroup"", ""GetOwningPlayer"", ""GetUnitTypeId"", ""GetUnitX"", ""GetUnitY"", ""GetWidgetLife"", ""GroupEnumUnitsInRange"", ""GroupRemoveUnit"", ""I2R"", ""IsUnitEnemy"", ""IsUnitType"", ""UK"", ""fL"", ""hL"", ""qk""]",[],12
Tmv,66580,66610,"[""A0K4"", ""H05G""]","[""ConvertUnitType"", ""GetEventDamageSource"", ""GetHandleId"", ""GetRandomInt"", ""GetTriggerUnit"", ""GetTriggeringTrigger"", ""GetUnitAbilityLevel"", ""GetUnitTypeId"", ""GetUnitUserData"", ""IsUnitIllusion"", ""IsUnitType"", ""LoadInteger"", ""LoadUnitHandle"", ""SaveInteger"", ""Tlv""]",[],10
TPv,66611,66623,"[""A0V4"", ""A1BT"", ""A1BU"", ""A1BV"", ""H05G""]","[""GetUnitAbilityLevel"", ""GetUnitTypeId"", ""SetUnitAbilityLevel"", ""UnitAddAbility"", ""UnitRemoveAbility""]",[],8
Tqv,66624,66644,"[""A0V4"", ""A1BR"", ""A1BT"", ""A1BU"", ""A1BV""]","[""Condition"", ""CreateTrigger"", ""GetHandleId"", ""GetOwningPlayer"", ""GetTriggerUnit"", ""GetUnitAbilityLevel"", ""SaveInteger"", ""SaveUnitHandle"", ""SetPlayerAbilityAvailable"", ""TPv"", ""TriggerAddCondition"", ""TriggerRegisterUnitEvent"", ""UnitAddAbility"", ""UnitMakeAbilityPermanent""]","[""Tmv""]",10
TQv,66645,66769,"[""A0FS"", ""A0M0"", ""A1BN"", ""h00S"", ""h02R"", ""h05E""]","[""Atan2"", ""Cos"", ""CreateGroup"", ""CreateUnit"", ""DestroyGroup"", ""DestroyTimer"", ""FirstOfGroup"", ""FlushChildHashtable"", ""GetExpiredTimer"", ""GetHandleId"", ""GetLocalPlayer"", ""GetOwningPlayer"", ""GetUnitAbilityLevel"", ""GetUnitX"", ""GetUnitY"", ""GetWidgetLife"", ""Gl"", ""GroupAddUnit"", ""GroupEnumUnitsInRange"", ""GroupRemoveUnit"", ""I2R"", ""IsUnitAlly"", ""IsUnitEnemy"", ""IsUnitInGroup"", ""IsUnitType"", ""IssueTargetOrderById"", ""LoadBoolean"", ""LoadGroupHandle"", ""LoadInteger"", ""LoadReal"", ""LoadUnitHandle"", ""PauseTimer"", ""RemoveUnit"", ""SaveInteger"", ""SaveReal"", ""SaveUnitHandle"", ""SetUnitPosition"", ""SetUnitScale"", ""SetUnitVertexColor"", ""Sin"", ""SquareRoot"", ""Tlv"", ""UK"", ""UnitAddAbility"", ""hL"", ""qk""]",[],56
TTv,66770,66792,"[""H05G"", ""h05D""]","[""Atan2"", ""CreateGroup"", ""CreateTimer"", ""CreateUnit"", ""GetHandleId"", ""GetOwningPlayer"", ""GetSpellTargetX"", ""GetSpellTargetY"", ""GetTriggerUnit"", ""GetUnitTypeId"", ""GetUnitX"", ""GetUnitY"", ""SaveBoolean"", ""SaveGroupHandle"", ""SaveInteger"", ""SaveReal"", ""SaveUnitHandle"", ""TimerStart""]","[""TQv""]",15
Tuv,66793,66811,"[""A1BV""]","[""DestroyTimer"", ""FlushChildHashtable"", ""GetExpiredTimer"", ""GetHandleId"", ""GetUnitAbilityLevel"", ""GetWidgetLife"", ""LoadInteger"", ""LoadUnitHandle"", ""PauseTimer"", ""SetUnitInvulnerable"", ""TPv"", ""Tlv"", ""UnitRemoveAbility""]",[],5
Twv,66812,66892,"[""A1BO"", ""A1BP"", ""A1BQ"", ""A1BR"", ""H05C"", ""h01O""]","[""AddSpecialEffectTarget"", ""Atan2"", ""Cos"", ""CreateGroup"", ""CreateTimer"", ""CreateUnit"", ""DestroyGroup"", ""DestroyTimer"", ""FirstOfGroup"", ""FlushChildHashtable"", ""GetExpiredTimer"", ""GetHandleId"", ""GetOwningPlayer"", ""GetUnitAbilityLevel"", ""GetUnitState"", ""GetUnitTypeId"", ""GetUnitX"", ""GetUnitY"", ""GetWidgetLife"", ""GroupEnumUnitsInRange"", ""GroupRemoveUnit"", ""IsUnitEnemy"", ""IssueImmediateOrderById"", ""IssueTargetOrderById"", ""LoadReal"", ""LoadUnitHandle"", ""PauseTimer"", ""RemoveUnit"", ""Rp"", ""SaveInteger"", ""SaveReal"", ""SaveUnitHandle"", ""SetUnitInvulnerable"", ""SetUnitPathing"", ""SetUnitVertexColor"", ""SetUnitX"", ""SetUnitY"", ""Sin"", ""TimerStart"", ""UnitAddAbility"", ""ZK"", ""eL"", ""hL""]","[""Tuv""]",31
Tyv,66893,66914,"[""A1BS"", ""h011""]","[""CreateTimer"", ""CreateUnit"", ""GetHandleId"", ""GetOwningPlayer"", ""GetSpellTargetX"", ""GetSpellTargetY"", ""GetTriggerUnit"", ""GetUnitX"", ""GetUnitY"", ""SaveReal"", ""SaveUnitHandle"", ""SetUnitPathing"", ""SquareRoot"", ""TimerStart"", ""UnitAddAbility""]","[""Twv""]",8
TYv,66915,66993,"[""A0V4"", ""A1BU"", ""A1BV"", ""A1BW""]","[""Atan2"", ""Cos"", ""CreateGroup"", ""DestroyGroup"", ""DestroyTimer"", ""FirstOfGroup"", ""FlushChildHashtable"", ""GetExpiredTimer"", ""GetHandleId"", ""GetHeroStr"", ""GetOwningPlayer"", ""GetUnitAbilityLevel"", ""GetUnitX"", ""GetUnitY"", ""GetWidgetLife"", ""GroupEnumUnitsInRange"", ""GroupRemoveUnit"", ""I2R"", ""IsUnitEnemy"", ""IsUnitType"", ""LoadInteger"", ""LoadReal"", ""LoadUnitHandle"", ""PauseTimer"", ""SaveInteger"", ""SaveReal"", ""SetHeroStr"", ""SetUnitAbilityLevel"", ""SetUnitPosition"", ""SetUnitScale"", ""Sin"", ""TPv"", ""UK"", ""hL""]",[],42
T1v,66994,67011,"[""A0V4"", ""A1BU"", ""A1BV"", ""A1BW""]","[""CreateTimer"", ""GetHandleId"", ""GetTriggerUnit"", ""GetUnitAbilityLevel"", ""SaveInteger"", ""SaveReal"", ""SaveUnitHandle"", ""SetUnitAbilityLevel"", ""TimerStart""]","[""TYv""]",12
T2v,67012,67023,"[""A1BN"", ""A1BO"", ""A1BW""]","[""GetSpellAbilityId"", ""T1v"", ""TTv"", ""Tyv""]",[],5
T3v,67024,67029,"[""A1BV""]","[""GetLearnedSkill"", ""GetTriggerUnit"", ""IsUnitIllusion"", ""Tqv""]",[],2
tW,67030,67046,"[""A0FS"", ""A0M0"", ""A1BP"", ""A1BQ"", ""A1BR"", ""A1BS"", ""A1BT"", ""h00S"", ""h01O"", ""h02R"", ""h05D"", ""h05E""]","[""Condition"", ""CreateTrigger"", ""Lz"", ""Nl"", ""TriggerAddCondition"", ""Vl"", ""nl""]","[""T2v"", ""T3v""]",15
T6v,67047,67117,"[""O006""]","[""AddSpecialEffectTarget"", ""CreateGroup"", ""DestroyEffect"", ""DestroyGroup"", ""FirstOfGroup"", ""GetExpiredTimer"", ""GetHandleId"", ""GetOwningPlayer"", ""GetUnitState"", ""GetUnitTypeId"", ""GetUnitUserData"", ""GetWidgetLife"", ""Gl"", ""GroupAddUnit"", ""GroupEnumUnitsInRangeOfLoc"", ""GroupRemoveUnit"", ""I2R"", ""IsUnitEnemy"", ""IsUnitIllusion"", ""IsUnitInGroup"", ""IsUnitType"", ""LoadGroupHandle"", ""LoadInteger"", ""LoadLocationHandle"", ""LoadReal"", ""LoadUnitHandle"", ""RemoveLocation"", ""RemoveUnit"", ""SaveGroupHandle"", ""SaveInteger"", ""hL"", ""tK""]",[],30
T9v,67118,67172,"[""A04B"", ""A08H"", ""O006"", ""n04D""]","[""CreateGroup"", ""CreateTimer"", ""CreateUnitAtLoc"", ""DestroyGroup"", ""FirstOfGroup"", ""GetHandleId"", ""GetLocationX"", ""GetLocationY"", ""GetOwningPlayer"", ""GetSpellAbilityId"", ""GetSpellAbilityUnit"", ""GetSpellTargetLoc"", ""GetUnitAbilityLevel"", ""GetUnitTypeId"", ""GetUnitUserData"", ""GetWidgetLife"", ""GroupAddUnit"", ""GroupEnumUnitsInRangeOfLoc"", ""GroupRemoveUnit"", ""IsUnitEnemy"", ""IsUnitIllusion"", ""IsUnitInGroup"", ""IsUnitType"", ""SaveBoolean"", ""SaveGroupHandle"", ""SaveInteger"", ""SaveLocationHandle"", ""SaveReal"", ""SaveUnitHandle"", ""SetUnitAnimation"", ""SetUnitPathing"", ""SetUnitTimeScale"", ""SetUnitVertexColor"", ""SetUnitX"", ""SetUnitY"", ""StringHash"", ""TimerStart"", ""qK""]","[""T6v""]",25
uvv,67173,67178,"[""A04B"", ""A08H""]","[""GetSpellAbilityId"", ""T9v""]",[],2
uev,67179,67199,[],"[""GetHandleId"", ""GetTriggeringTrigger"", ""GetUnitFacing"", ""GetUnitLoc"", ""GetUnitState"", ""I2S"", ""LoadLocationHandle"", ""LoadReal"", ""LoadUnitHandle"", ""RemoveLocation"", ""SaveLocationHandle"", ""SaveReal"", ""StringHash""]",[],10
uxv,67200,67209,[],"[""DestroyTimer"", ""GetExpiredTimer"", ""GetHandleId"", ""LoadBoolean"", ""LoadUnitHandle"", ""PauseTimer"", ""SaveBoolean""]",[],3
uov,67210,67224,[],"[""CreateTimer"", ""GetHandleId"", ""GetRevivableUnit"", ""GetTriggeringTrigger"", ""LoadUnitHandle"", ""SaveBoolean"", ""SaveUnitHandle"", ""TimerStart""]","[""uxv""]",4
urv,67225,67280,"[""A02U""]","[""AddSpecialEffectTarget"", ""CreateGroup"", ""DestroyEffect"", ""DestroyGroup"", ""FirstOfGroup"", ""GetExpiredTimer"", ""GetHandleId"", ""GetLocalPlayer"", ""GetOwningPlayer"", ""GetUnitLoc"", ""GetUnitX"", ""GetUnitY"", ""GetWidgetLife"", ""GroupClear"", ""GroupEnumUnitsInRangeOfLoc"", ""GroupRemoveUnit"", ""IsUnitEnemy"", ""LoadBoolean"", ""LoadInteger"", ""LoadLocationHandle"", ""LoadReal"", ""LoadUnitHandle"", ""MK"", ""PanCameraToTimed"", ""RemoveLocation"", ""SaveBoolean"", ""SetUnitFacingTimed"", ""SetUnitInvulnerable"", ""SetUnitPositionLoc"", ""SetWidgetLife"", ""StringHash"", ""hL"", ""tK""]",[],19
uiv,67281,67316,"[""A02U""]","[""AddSpecialEffectTarget"", ""CreateGroup"", ""CreateTimer"", ""DestroyEffect"", ""FirstOfGroup"", ""GetHandleId"", ""GetOwningPlayer"", ""GetSpellAbilityId"", ""GetSpellAbilityUnit"", ""GetUnitAbilityLevel"", ""GetUnitLoc"", ""GetWidgetLife"", ""GroupEnumUnitsInRangeOfLoc"", ""GroupRemoveUnit"", ""IsUnitEnemy"", ""RemoveLocation"", ""SaveInteger"", ""SaveUnitHandle"", ""SetUnitInvulnerable"", ""TimerStart"", ""hL""]","[""urv""]",10
uav,67317,67322,"[""A009"", ""A02U""]","[""GetSpellAbilityId"", ""uiv""]",[],1
unv,67323,67353,[],"[""Condition"", ""CreateTimer"", ""CreateTrigger"", ""GetHandleId"", ""GetLearningUnit"", ""LoadBoolean"", ""SaveBoolean"", ""SaveUnitHandle"", ""TimerStart"", ""TriggerAddAction"", ""TriggerAddCondition"", ""TriggerRegisterTimerEvent"", ""TriggerRegisterUnitEvent""]","[""uav"", ""uev"", ""uov"", ""uxv""]",8
uVv,67354,67359,"[""A009"", ""A02U""]","[""GetLearnedSkill"", ""GetTriggerUnit"", ""IsUnitIllusion"", ""unv""]",[],1
uEv,67360,67369,[],"[""DisplayTextToPlayer"", ""GetHandleId"", ""GetTriggerPlayer"", ""GetTriggeringTrigger"", ""I2S"", ""LoadInteger"", ""LoadUnitHandle""]",[],3
uXv,67370,67390,"[""A054""]","[""GetHandleId"", ""GetHeroInt"", ""GetTriggeringTrigger"", ""GetUnitAbilityLevel"", ""GetWidgetX"", ""GetWidgetY"", ""I2S"", ""IsUnitHidden"", ""LoadInteger"", ""LoadUnitHandle"", ""SaveInteger"", ""SetHeroInt"", ""Uk"", ""Yk"", ""ql""]",[],11
uOv,67391,67407,[],"[""Condition"", ""CreateTrigger"", ""DisplayTextToPlayer"", ""GetHandleId"", ""GetLearningUnit"", ""GetOwningPlayer"", ""SaveUnitHandle"", ""TriggerAddCondition"", ""TriggerRegisterPlayerChatEvent"", ""TriggerRegisterTimerEvent""]","[""uEv"", ""uXv""]",4
uRv,67408,67413,"[""A054""]","[""GetLearnedSkill"", ""GetLearningUnit"", ""GetUnitAbilityLevel"", ""IsUnitIllusion"", ""uOv""]",[],1
uIv,67414,67428,[],"[""GetExpiredTimer"", ""GetHandleId"", ""LoadInteger"", ""LoadUnitHandle"", ""RemoveUnit"", ""SaveInteger"", ""SetUnitVertexColor"", ""tK""]",[],5
uAv,67429,67436,[],"[""CreateTimer"", ""GetHandleId"", ""SaveInteger"", ""SaveUnitHandle"", ""TimerStart""]","[""uIv""]",3
StopTime_Trail_Tick,67437,67457,"[""n05O""]","[""CreateUnit"", ""GetExpiredTimer"", ""GetHandleId"", ""GetOwningPlayer"", ""GetUnitFacing"", ""GetUnitX"", ""GetUnitY"", ""LoadInteger"", ""LoadUnitHandle"", ""PauseUnit"", ""SaveInteger"", ""SetUnitAnimation"", ""SetUnitPathing"", ""SetUnitVertexColor"", ""Uk"", ""tK"", ""uAv""]",[],5
uNv,67458,67469,"[""B02T""]","[""GetExpiredTimer"", ""GetHandleId"", ""LoadUnitHandle"", ""SetUnitTimeScale"", ""UnitRemoveAbility"", ""tK""]",[],3
PO,67470,67482,[],"[""CreateTimer"", ""GetHandleId"", ""GetOwningPlayer"", ""GetUnitUserData"", ""I2R"", ""IsUnitType"", ""Player"", ""SaveUnitHandle"", ""TimerStart""]","[""uNv""]",4
ubv,67483,67528,"[""A05D"", ""A1DJ"", ""B02T"", ""BTLF"", ""h011"", ""n002"", ""n05O""]","[""CreateGroup"", ""CreateUnit"", ""DestroyGroup"", ""EnableWeatherEffect"", ""FirstOfGroup"", ""GetExpiredTimer"", ""GetHandleId"", ""GetOwningPlayer"", ""GetUnitAbilityLevel"", ""GetUnitFacing"", ""GetUnitTypeId"", ""GetUnitX"", ""GetUnitY"", ""GetWidgetLife"", ""GroupEnumUnitsInRect"", ""GroupRemoveUnit"", ""IsPlayerEnemy"", ""IsUnitType"", ""IssueTargetOrderById"", ""LoadInteger"", ""LoadUnitHandle"", ""PO"", ""PauseUnit"", ""SaveInteger"", ""SetUnitAbilityLevel"", ""SetUnitAnimation"", ""SetUnitPathing"", ""SetUnitTimeScale"", ""SetUnitVertexColor"", ""Uk"", ""UnitAddAbility"", ""UnitApplyTimedLife"", ""tK"", ""uAv""]",[],15
uBv,67529,67542,"[""A05D""]","[""CreateTimer"", ""EnableWeatherEffect"", ""GetHandleId"", ""GetSpellAbilityUnit"", ""GetUnitAbilityLevel"", ""I2R"", ""R2I"", ""SaveBoolean"", ""SaveInteger"", ""SaveUnitHandle"", ""StringHash"", ""TimerStart""]","[""ubv""]",6
ucv,67543,67548,"[""A05D""]","[""GetSpellAbilityId"", ""uBv""]",[],1
uCv,67549,67581,[],"[""AddSpecialEffectTarget"", ""DT"", ""DestroyEffect"", ""DisableTrigger"", ""FlushChildHashtable"", ""GetEventDamageSource"", ""GetHandleId"", ""GetHeroInt"", ""GetTriggerEventId"", ""GetTriggeringTrigger"", ""GetUnitUserData"", ""GetWidgetLife"", ""I2R"", ""IsUnitType"", ""LoadUnitHandle"", ""SaveBoolean"", ""StringHash"", ""hL""]",[],7
udv,67582,67595,[],"[""Condition"", ""CreateTrigger"", ""GetAttacker"", ""GetHandleId"", ""GetTriggerUnit"", ""SaveUnitHandle"", ""TriggerAddCondition"", ""TriggerRegisterTimerEvent"", ""TriggerRegisterUnitEvent""]","[""uCv""]",3
uDv,67596,67603,[],"[""GetAttacker"", ""GetHandleId"", ""LoadInteger"", ""TS"", ""udv""]",[],2
ufv,67604,67609,"[""A13Q""]","[""GetAttacker"", ""GetHandleId"", ""GetOwningPlayer"", ""GetTriggerUnit"", ""GetTriggeringTrigger"", ""GetUnitAbilityLevel"", ""IsUnitEnemy"", ""IsUnitType"", ""LoadBoolean"", ""LoadUnitHandle"", ""StringHash"", ""uDv""]",[],1
uFv,67610,67624,"[""E005""]","[""Condition"", ""CreateTrigger"", ""GetHandleId"", ""GetUnitTypeId"", ""IsUnitType"", ""LoadBoolean"", ""Lz"", ""SaveBoolean"", ""SaveUnitHandle"", ""StringHash"", ""TriggerAddCondition""]","[""ufv""]",4
dz,67625,67627,[],"[""uFv""]",[],0
DY,67628,67651,"[""A09U"", ""MEds"", ""n04D"", ""n05O""]","[""AddWeatherEffect"", ""Condition"", ""CreateTrigger"", ""EnableWeatherEffect"", ""Lz"", ""Nl"", ""TriggerAddCondition"", ""nl""]","[""uRv"", ""uVv"", ""ucv"", ""uvv""]",3
ujv,67652,67681,"[""A0PN"", ""A11H"", ""h00P"", ""n06E"", ""n06F""]","[""CreateUnit"", ""GetDyingUnit"", ""GetHandleId"", ""GetOwningPlayer"", ""GetTriggeringTrigger"", ""GetUnitAbilityLevel"", ""GetUnitFacing"", ""GetUnitTypeId"", ""GetUnitX"", ""GetUnitY"", ""KillUnit"", ""LoadUnitHandle"", ""Player"", ""RemoveUnit"", ""UnitRemoveAbility"", ""hL""]",[],7
uJv,67682,67709,"[""A11H"", ""n06E"", ""n06F""]","[""AddSpecialEffectTarget"", ""CreateUnit"", ""DestroyEffect"", ""DestroyTimer"", ""FlushChildHashtable"", ""GetExpiredTimer"", ""GetHandleId"", ""GetUnitFacing"", ""GetUnitState"", ""GetUnitTypeId"", ""GetUnitX"", ""GetUnitY"", ""GetWidgetLife"", ""GroupAddUnit"", ""LoadPlayerHandle"", ""LoadUnitHandle"", ""PauseTimer"", ""RemoveUnit"", ""SetUnitState"", ""SetWidgetLife"", ""UnitRemoveAbility""]",[],5
ukv,67710,67741,"[""A03D"", ""A0PN"", ""A11H"", ""Asum"", ""n06E"", ""n06F""]","[""AddSpecialEffectTarget"", ""CreateTimer"", ""CreateUnit"", ""DestroyEffect"", ""GetHandleId"", ""GetOwningPlayer"", ""GetUnitAbilityLevel"", ""GetUnitFacing"", ""GetUnitState"", ""GetUnitTypeId"", ""GetUnitX"", ""GetUnitY"", ""GetWidgetLife"", ""RemoveUnit"", ""SaveInteger"", ""SavePlayerHandle"", ""SaveUnitHandle"", ""SetUnitState"", ""SetWidgetLife"", ""StringHash"", ""TimerStart"", ""UnitAddAbility"", ""UnitRemoveAbility""]","[""uJv""]",8
uLv,67742,67760,"[""A03C""]","[""AddSpecialEffectTarget"", ""DestroyEffect"", ""GetEnumUnit"", ""GetHandleId"", ""GetOwningPlayer"", ""GetTriggeringTrigger"", ""GetUnitAbilityLevel"", ""GetUnitUserData"", ""GetWidgetLife"", ""IsUnitEnemy"", ""IsUnitIllusion"", ""IsUnitType"", ""LoadUnitHandle"", ""hL"", ""ukv""]",[],5
umv,67761,67778,"[""A03C""]","[""CreateGroup"", ""DestroyGroup"", ""ForGroup"", ""GetHandleId"", ""GetSpellAbilityUnit"", ""GetSpellTargetLoc"", ""GetTriggeringTrigger"", ""GetUnitAbilityLevel"", ""GroupEnumUnitsInRangeOfLoc"", ""I2R"", ""RemoveLocation"", ""SaveUnitHandle""]","[""uLv""]",3
uMv,67779,67784,"[""A03C""]","[""GetSpellAbilityId"", ""umv""]",[],1
upv,67785,67797,[],"[""Condition"", ""CreateTrigger"", ""GetHandleId"", ""GetLearningUnit"", ""GetOwningPlayer"", ""GetPlayerId"", ""Player"", ""SaveUnitHandle"", ""TriggerAddCondition"", ""TriggerRegisterPlayerUnitEvent"", ""TriggerRegisterUnitEvent""]","[""uMv"", ""ujv""]",1
uPv,67798,67803,"[""A03C""]","[""GetLearnedSkill"", ""GetLearningUnit"", ""GetUnitAbilityLevel"", ""IsUnitIllusion"", ""upv""]",[],1
uqv,67804,67814,[],"[""GetFilterUnit"", ""GetHandleId"", ""GetOwningPlayer"", ""GetTriggeringTrigger"", ""IsUnitAlly"", ""IssueTargetOrderById"", ""LoadUnitHandle""]",[],2
uQv,67815,67836,"[""A0FA"", ""A0FB"", ""h011""]","[""Condition"", ""CreateGroup"", ""CreateUnit"", ""DestroyGroup"", ""FlushChildHashtable"", ""GetHandleId"", ""GetOwningPlayer"", ""GetSpellAbilityUnit"", ""GetTriggeringTrigger"", ""GetUnitAbilityLevel"", ""GetUnitX"", ""GetUnitY"", ""GroupEnumUnitsInRange"", ""SaveUnitHandle"", ""SetUnitAbilityLevel"", ""UnitAddAbility"", ""ZK""]","[""uqv""]",7
usv,67837,67842,"[""A0FA""]","[""GetSpellAbilityId"", ""uQv""]",[],1
uSv,67843,67858,"[""A03D"", ""A0K4"", ""A0PN""]","[""AddSpecialEffectTarget"", ""DestroyEffect"", ""GetDyingUnit"", ""GetHandleId"", ""GetOwningPlayer"", ""GetTriggeringTrigger"", ""GetUnitAbilityLevel"", ""GetUnitState"", ""GetWidgetLife"", ""I2R"", ""LoadUnitHandle"", ""fL""]",[],4
utv,67859,67864,"[""A0YD""]","[""GetSpellAbilityId"", ""GetSpellAbilityUnit"", ""KillUnit""]",[],1
uTv,67865,67877,[],"[""Condition"", ""CreateTrigger"", ""GetHandleId"", ""GetLearningUnit"", ""GetOwningPlayer"", ""GetPlayerId"", ""Player"", ""SaveUnitHandle"", ""TriggerAddCondition"", ""TriggerRegisterPlayerUnitEvent""]","[""uSv"", ""utv""]",1
uuv,67878,67883,"[""A03D""]","[""GetLearnedSkill"", ""GetLearningUnit"", ""GetUnitAbilityLevel"", ""IsUnitIllusion"", ""uTv""]",[],1
uUv,67884,67911,"[""A03D"", ""A0YC"", ""A0YD"", ""h004"", ""n00W"", ""n00X"", ""n00Y""]","[""AddSpecialEffect"", ""DestroyEffect"", ""GetOwningPlayer"", ""GetSpellAbilityUnit"", ""GetUnitAbilityLevel"", ""GetUnitFacing"", ""GetUnitX"", ""GetUnitY"", ""OW"", ""Rad2Deg"", ""UnitAddAbility""]",[],12
uWv,67912,67917,"[""A0YC""]","[""GetSpellAbilityId"", ""uUv""]",[],1
uyv,67918,67920,[],"[""GetFilterUnit"", ""GetOwningPlayer"", ""GetSpellAbilityUnit"", ""GetWidgetLife"", ""IsUnitEnemy"", ""IsUnitType""]",[],1
uYv,67921,67972,"[""Abun"", ""B082""]","[""Cos"", ""DestroyGroup"", ""FirstOfGroup"", ""GetExpiredTimer"", ""GetHandleId"", ""GetRandomReal"", ""GetUnitX"", ""GetUnitY"", ""GetWidgetLife"", ""Gl"", ""GroupRemoveUnit"", ""IssueImmediateOrderById"", ""IssuePointOrderById"", ""LoadGroupHandle"", ""LoadReal"", ""LoadUnitHandle"", ""SaveReal"", ""SetUnitPathing"", ""Sin"", ""UnitRemoveAbility"", ""tK""]",[],15
uzv,67973,68013,"[""Abun""]","[""Condition"", ""Cos"", ""CreateGroup"", ""CreateTimer"", ""DestroyGroup"", ""FirstOfGroup"", ""GetHandleId"", ""GetOwningPlayer"", ""GetRandomReal"", ""GetSpellAbilityUnit"", ""GetUnitX"", ""GetUnitY"", ""Gl"", ""GroupEnumUnitsInRange"", ""GroupRemoveUnit"", ""IssueImmediateOrderById"", ""IssuePointOrderById"", ""Player"", ""SaveGroupHandle"", ""SaveReal"", ""SaveUnitHandle"", ""SetUnitPathing"", ""Sin"", ""TimerStart"", ""UnitAddAbility""]","[""uYv"", ""uyv""]",13
uZv,68014,68062,"[""h004""]","[""AddSpecialEffectTarget"", ""CreateGroup"", ""DestroyEffect"", ""DestroyGroup"", ""FirstOfGroup"", ""GetExpiredTimer"", ""GetHandleId"", ""GetOwningPlayer"", ""GetUnitTypeId"", ""GetUnitX"", ""GetUnitY"", ""GetWidgetLife"", ""GroupEnumUnitsInRange"", ""GroupRemoveUnit"", ""IsUnitEnemy"", ""IsUnitType"", ""LoadBoolean"", ""LoadEffectHandle"", ""LoadReal"", ""LoadUnitHandle"", ""SaveBoolean"", ""SaveEffectHandle"", ""SaveReal"", ""hL"", ""tK""]",[],15
u_v,68063,68076,[],"[""AddSpecialEffectTarget"", ""CreateTimer"", ""GetHandleId"", ""GetSpellAbilityUnit"", ""SaveBoolean"", ""SaveEffectHandle"", ""SaveReal"", ""SaveUnitHandle"", ""TimerStart""]","[""uZv""]",5
u0v,68077,68085,"[""A0YE"", ""A0YF""]","[""GetSpellAbilityId"", ""u_v"", ""uzv""]",[],3
FY,68086,68110,"[""A0FB"", ""A0PN"", ""A0YD""]","[""Condition"", ""CreateTrigger"", ""Lz"", ""Nl"", ""TriggerAddCondition""]","[""u0v"", ""uPv"", ""uWv"", ""usv"", ""uuv""]",23
u6v,68111,68119,[],"[""DestroyEffect"", ""GetExpiredTimer"", ""GetHandleId"", ""LoadEffectHandle"", ""tK""]",[],2
u7v,68120,68161,[],"[""AddSpecialEffectTarget"", ""CreateGroup"", ""CreateTimer"", ""DestroyGroup"", ""FirstOfGroup"", ""GetExpiredTimer"", ""GetHandleId"", ""GetOwningPlayer"", ""GetWidgetLife"", ""GroupEnumUnitsInRange"", ""GroupRemoveUnit"", ""IsUnitEnemy"", ""LoadInteger"", ""LoadReal"", ""LoadUnitHandle"", ""SaveEffectHandle"", ""SaveInteger"", ""TimerStart"", ""hL"", ""tK""]","[""u6v""]",18
Uvv,68162,68204,[],"[""Atan2"", ""Cos"", ""CreateGroup"", ""DestroyGroup"", ""FirstOfGroup"", ""GetExpiredTimer"", ""GetHandleId"", ""GetOwningPlayer"", ""GetUnitX"", ""GetUnitY"", ""GetWidgetLife"", ""GroupEnumUnitsInRange"", ""GroupRemoveUnit"", ""IsUnitEnemy"", ""KillUnit"", ""LoadReal"", ""LoadUnitHandle"", ""SaveReal"", ""SetUnitPathing"", ""SetUnitX"", ""SetUnitY"", ""Sin"", ""tK""]",[],8
Uev,68205,68257,"[""A08N"", ""A0ZY"", ""h035""]","[""CreateGroup"", ""CreateTimer"", ""DestroyGroup"", ""FirstOfGroup"", ""GetHandleId"", ""GetOwningPlayer"", ""GetSpellAbilityId"", ""GetSpellAbilityUnit"", ""GetSpellTargetX"", ""GetSpellTargetY"", ""GetUnitAbilityLevel"", ""GetUnitTypeId"", ""GroupEnumUnitsInRange"", ""GroupRemoveUnit"", ""I2R"", ""IsUnitAlly"", ""SaveInteger"", ""SaveReal"", ""SaveUnitHandle"", ""SetUnitX"", ""SetUnitY"", ""TerrainDeformCrater"", ""TimerStart"", ""UnitRemoveAbility""]","[""Uvv"", ""u7v""]",22
Uov,68258,68263,"[""A06T"", ""A08N""]","[""GetSpellAbilityId"", ""Uev""]",[],1
Urv,68264,68315,[],"[""Cos"", ""CreateGroup"", ""Deg2Rad"", ""DestroyGroup"", ""FirstOfGroup"", ""GetExpiredTimer"", ""GetHandleId"", ""GetOwningPlayer"", ""GetUnitFacing"", ""GetUnitX"", ""GetUnitY"", ""GetWidgetLife"", ""GroupAddUnit"", ""GroupEnumUnitsInRange"", ""GroupRemoveUnit"", ""IsUnitEnemy"", ""IsUnitInGroup"", ""IssueTargetOrderById"", ""KillUnit"", ""LoadGroupHandle"", ""LoadInteger"", ""LoadReal"", ""LoadUnitHandle"", ""SaveReal"", ""SetUnitX"", ""SetUnitY"", ""Sin"", ""eL"", ""hL"", ""tK""]",[],16
Uav,68316,68376,"[""A08O"", ""A0DP"", ""A0ZY"", ""h011"", ""h035""]","[""CreateGroup"", ""CreateTimer"", ""CreateUnit"", ""DestroyGroup"", ""FirstOfGroup"", ""GetHandleId"", ""GetOwningPlayer"", ""GetSpellAbilityId"", ""GetSpellAbilityUnit"", ""GetSpellTargetX"", ""GetSpellTargetY"", ""GetUnitAbilityLevel"", ""GetUnitTypeId"", ""GetWidgetLife"", ""GroupEnumUnitsInRange"", ""GroupRemoveUnit"", ""IsUnitAlly"", ""IsUnitEnemy"", ""IsUnitType"", ""IsUnitVisible"", ""IssueTargetOrderById"", ""SaveGroupHandle"", ""SaveInteger"", ""SaveReal"", ""SaveUnitHandle"", ""SetUnitAbilityLevel"", ""SetUnitX"", ""SetUnitY"", ""TerrainDeformCrater"", ""TimerStart"", ""UnitAddAbility"", ""UnitRemoveAbility"", ""ZK"", ""hL""]","[""Urv""]",21
Unv,68377,68382,"[""A1EA"", ""A1EB""]","[""GetSpellAbilityId"", ""Uav""]",[],1
UVv,68383,68395,"[""A0HU"", ""A0I1""]","[""DestroyTrigger"", ""FlushChildHashtable"", ""GetHandleId"", ""GetTriggeringTrigger"", ""GetUnitAbilityLevel"", ""LoadUnitHandle"", ""UnitRemoveAbility""]",[],3
UEv,68396,68423,"[""A0HT"", ""BTLF"", ""h011""]","[""CreateUnit"", ""DestroyTrigger"", ""FlushChildHashtable"", ""GetEventDamage"", ""GetEventDamageSource"", ""GetHandleId"", ""GetOwningPlayer"", ""GetRandomInt"", ""GetTriggerEventId"", ""GetTriggeringTrigger"", ""GetUnitState"", ""GetUnitX"", ""GetUnitY"", ""IsUnitType"", ""IssueTargetOrderById"", ""LoadInteger"", ""LoadUnitHandle"", ""SetUnitAbilityLevel"", ""SetUnitState"", ""UnitAddAbility"", ""UnitApplyTimedLife""]",[],9
UXv,68424,68443,[],"[""Condition"", ""CreateTrigger"", ""GetAttacker"", ""GetHandleId"", ""GetOwningPlayer"", ""GetTriggerEventId"", ""GetTriggerUnit"", ""GetTriggeringTrigger"", ""IsUnitAlly"", ""IsUnitType"", ""LoadInteger"", ""SaveInteger"", ""SaveUnitHandle"", ""TriggerAddCondition"", ""TriggerRegisterTimerEvent"", ""TriggerRegisterUnitEvent""]","[""UEv"", ""UVv""]",6
UOv,68444,68455,"[""A0I1"", ""B04R""]","[""DestroyTimer"", ""DestroyTrigger"", ""FlushChildHashtable"", ""GetExpiredTimer"", ""GetHandleId"", ""LoadTriggerHandle"", ""LoadUnitHandle"", ""RemoveSavedHandle"", ""StringHash"", ""UnitRemoveAbility""]",[],4
URv,68456,68512,"[""A0D6"", ""A0FY"", ""A0HU"", ""A0I1"", ""A0ZY"", ""h035""]","[""Condition"", ""CreateGroup"", ""CreateTimer"", ""CreateTrigger"", ""DestroyGroup"", ""FirstOfGroup"", ""GetHandleId"", ""GetOwningPlayer"", ""GetSpellAbilityId"", ""GetSpellTargetUnit"", ""GetTriggerUnit"", ""GetUnitAbilityLevel"", ""GetUnitTypeId"", ""GetUnitX"", ""GetUnitY"", ""GroupEnumUnitsInRange"", ""GroupRemoveUnit"", ""HaveSavedHandle"", ""IsUnitAlly"", ""LoadTimerHandle"", ""SaveInteger"", ""SaveTimerHandle"", ""SaveTriggerHandle"", ""SaveUnitHandle"", ""SetPlayerAbilityAvailable"", ""SetUnitAbilityLevel"", ""SetUnitX"", ""SetUnitY"", ""StringHash"", ""TimerStart"", ""TriggerAddCondition"", ""TriggerRegisterUnitEvent"", ""UnitAddAbility"", ""hl""]","[""UOv"", ""UXv""]",13
UIv,68513,68518,"[""A0CO""]","[""GetSpellAbilityId"", ""URv""]",[],1
UAv,68519,68565,[],"[""AddSpecialEffect"", ""CreateGroup"", ""DestroyEffect"", ""DestroyGroup"", ""FirstOfGroup"", ""GetExpiredTimer"", ""GetHandleId"", ""GetOwningPlayer"", ""GetUnitX"", ""GetUnitY"", ""GetWidgetLife"", ""GroupEnumUnitsInRange"", ""GroupRemoveUnit"", ""IsUnitEnemy"", ""IsUnitType"", ""KillUnit"", ""LoadBoolean"", ""LoadReal"", ""LoadUnitHandle"", ""SaveBoolean"", ""SaveReal"", ""SetUnitFlyHeight"", ""hL"", ""tK""]",[],16
UNv,68566,68579,"[""Arav""]","[""CreateTimer"", ""GetHandleId"", ""GetOwningPlayer"", ""SaveBoolean"", ""SaveReal"", ""SaveUnitHandle"", ""SetPlayerAbilityAvailable"", ""TimerStart"", ""UnitAddAbility""]","[""UAv""]",7
Ubv,68580,68614,"[""A031"", ""A0CK"", ""A0ZY"", ""h011"", ""h035""]","[""CreateGroup"", ""CreateUnit"", ""DestroyGroup"", ""FirstOfGroup"", ""GetOwningPlayer"", ""GetSpellAbilityUnit"", ""GetUnitAbilityLevel"", ""GetUnitTypeId"", ""GetUnitX"", ""GetUnitY"", ""GetWidgetLife"", ""GroupEnumUnitsInRange"", ""GroupRemoveUnit"", ""I2R"", ""IsUnitAlly"", ""IsUnitEnemy"", ""IsUnitType"", ""IssueTargetOrderById"", ""SetUnitAbilityLevel"", ""TerrainDeformRipple"", ""UNv"", ""UnitAddAbility"", ""UnitRemoveAbility"", ""ZK"", ""hL""]",[],14
Ucv,68615,68620,"[""A031""]","[""GetSpellAbilityId"", ""Ubv""]",[],1
UCv,68621,68634,[],"[""GetExpiredTimer"", ""GetHandleId"", ""GetWidgetLife"", ""LoadInteger"", ""LoadUnitHandle"", ""RemoveUnit"", ""SaveInteger"", ""tK""]",[],4
Udv,68635,68681,"[""A0ZY"", ""BTLF"", ""h035""]","[""Cos"", ""CreateTimer"", ""CreateUnit"", ""GetHandleId"", ""GetOwningPlayer"", ""GetRandomReal"", ""GetTriggeringTrigger"", ""GetUnitFacing"", ""GetUnitX"", ""GetUnitY"", ""GetWidgetLife"", ""LoadInteger"", ""LoadUnitHandle"", ""SaveInteger"", ""SaveUnitHandle"", ""SetUnitPathing"", ""Sin"", ""StringHash"", ""TimerStart"", ""UnitAddAbility"", ""UnitApplyTimedLife"", ""Yk"", ""eL""]","[""UCv""]",12
UDv,68682,68695,"[""H00B""]","[""Condition"", ""CreateTrigger"", ""GetHandleId"", ""GetUnitTypeId"", ""IsUnitType"", ""LoadBoolean"", ""SaveBoolean"", ""SaveUnitHandle"", ""StringHash"", ""TriggerAddCondition"", ""TriggerRegisterTimerEvent""]","[""Udv""]",4
Dz,68696,68698,[],"[""UDv""]",[],0
gY,68699,68721,"[""A0CK"", ""A0DP"", ""A0HT"", ""A0I1"", ""h035""]","[""Condition"", ""CreateTrigger"", ""Lz"", ""Nl"", ""TriggerAddCondition"", ""nl""]","[""UIv"", ""Ucv"", ""Unv"", ""Uov""]",5
Uhv,68722,68759,"[""A1CM"", ""BTLF"", ""h011""]","[""AddSpecialEffect"", ""CreateGroup"", ""CreateUnit"", ""DestroyEffect"", ""DestroyGroup"", ""FirstOfGroup"", ""GetHandleId"", ""GetOwningPlayer"", ""GetUnitX"", ""GetUnitY"", ""GetWidgetLife"", ""GroupEnumUnitsInRange"", ""GroupRemoveUnit"", ""IsUnitEnemy"", ""IsUnitType"", ""IssuePointOrderById"", ""LoadReal"", ""LoadTimerHandle"", ""RemoveSavedHandle"", ""SaveReal"", ""SetUnitAbilityLevel"", ""SquareRoot"", ""StringHash"", ""UnitAddAbility"", ""UnitApplyTimedLife"", ""hL""]",[],12
ULv,68760,68792,[],"[""CreateGroup"", ""DestroyGroup"", ""FirstOfGroup"", ""GetExpiredTimer"", ""GetHandleId"", ""GetOwningPlayer"", ""GetWidgetLife"", ""GroupEnumUnitsInRange"", ""GroupRemoveUnit"", ""I2R"", ""IsUnitEnemy"", ""IsUnitType"", ""LoadInteger"", ""LoadReal"", ""LoadUnitHandle"", ""SaveReal"", ""StringHash"", ""hL"", ""tK""]",[],9
Umv,68793,68844,"[""A02I"", ""A08Q""]","[""CreateGroup"", ""CreateTimer"", ""DestroyGroup"", ""FirstOfGroup"", ""GetHandleId"", ""GetOwningPlayer"", ""GetSpellAbilityId"", ""GetSpellTargetX"", ""GetSpellTargetY"", ""GetTriggerEventId"", ""GetTriggerUnit"", ""GetUnitAbilityLevel"", ""GetWidgetLife"", ""GroupEnumUnitsInRange"", ""GroupRemoveUnit"", ""I2R"", ""IsUnitEnemy"", ""IsUnitType"", ""LoadReal"", ""SaveInteger"", ""SaveReal"", ""SaveUnitHandle"", ""StringHash"", ""TimerStart"", ""Uhv"", ""hL""]","[""ULv""]",14
UMv,68845,68850,"[""A02I"", ""A08Q""]","[""GetSpellAbilityId"", ""Umv""]",[],1
Upv,68851,68900,"[""A0CF"", ""A1CO""]","[""CreateGroup"", ""DestroyEffect"", ""DestroyGroup"", ""FirstOfGroup"", ""GetExpiredTimer"", ""GetHandleId"", ""GetUnitAbilityLevel"", ""GetUnitX"", ""GetUnitY"", ""Gl"", ""GroupAddUnit"", ""GroupEnumUnitsInRange"", ""GroupRemoveUnit"", ""IsUnitInGroup"", ""IssuePointOrderById"", ""LoadEffectHandle"", ""LoadGroupHandle"", ""LoadInteger"", ""LoadReal"", ""LoadUnitHandle"", ""RemoveUnit"", ""SaveReal"", ""SetUnitAbilityLevel"", ""UnitAddAbility"", ""UnitRemoveAbility"", ""tK""]",[],15
UPv,68901,68929,"[""A1CM"", ""A1CN"", ""h011""]","[""AddSpecialEffect"", ""CreateGroup"", ""CreateTimer"", ""CreateUnit"", ""GetHandleId"", ""GetOwningPlayer"", ""GetSpellAbilityUnit"", ""GetSpellTargetX"", ""GetSpellTargetY"", ""GetUnitAbilityLevel"", ""SaveEffectHandle"", ""SaveGroupHandle"", ""SaveInteger"", ""SaveReal"", ""SaveTimerHandle"", ""SaveUnitHandle"", ""SetUnitAbilityLevel"", ""StringHash"", ""TimerStart"", ""UnitAddAbility""]","[""Upv""]",11
Uqv,68930,68935,"[""A1CN""]","[""GetSpellAbilityId"", ""UPv""]",[],1
GY,68936,68946,[],"[""Condition"", ""CreateTrigger"", ""Lz"", ""TriggerAddCondition""]","[""UMv"", ""Uqv""]",0
USv,68947,68968,"[""A141""]","[""GetSpellAbilityId"", ""GetSpellAbilityUnit"", ""GetSpellTargetX"", ""GetSpellTargetY"", ""GetUnitAbilityLevel"", ""GetUnitX"", ""GetUnitY"", ""I2R"", ""jZ""]",[],8
Utv,68969,68974,"[""A141"", ""A142""]","[""GetSpellAbilityId"", ""USv""]",[],1
UTv,68975,69019,"[""A0DB"", ""B02E""]","[""CreateGroup"", ""DestroyGroup"", ""FirstOfGroup"", ""GetExpiredTimer"", ""GetHandleId"", ""GetOwningPlayer"", ""GetUnitAbilityLevel"", ""GetWidgetLife"", ""Gl"", ""GroupRemoveUnit"", ""LoadGroupHandle"", ""LoadInteger"", ""LoadUnitHandle"", ""SaveInteger"", ""hL"", ""tK""]",[],16
Uwv,69020,69028,"[""A0DH"", ""BTLF"", ""h011""]","[""AddSpecialEffectLoc"", ""CreateUnitAtLoc"", ""DestroyEffect"", ""IssueImmediateOrderById"", ""SetUnitAbilityLevel"", ""UnitAddAbility"", ""UnitApplyTimedLife""]",[],6
UWv,69029,69059,"[""A0DB""]","[""CreateGroup"", ""CreateTimer"", ""FirstOfGroup"", ""GetHandleId"", ""GetOwningPlayer"", ""GetSpellAbilityUnit"", ""GetSpellTargetLoc"", ""GetUnitAbilityLevel"", ""GetWidgetLife"", ""Gl"", ""GroupEnumUnitsInRangeOfLoc"", ""GroupRemoveUnit"", ""IsUnitEnemy"", ""RemoveLocation"", ""SaveGroupHandle"", ""SaveInteger"", ""SaveUnitHandle"", ""TimerStart"", ""Uwv""]","[""UTv""]",9
Uyv,69060,69065,"[""A0DB""]","[""GetSpellAbilityId"", ""UWv""]",[],1
UYv,69066,69080,"[""A0ZN"", ""B06J""]","[""DestroyEffect"", ""GetExpiredTimer"", ""GetHandleId"", ""LoadEffectHandle"", ""LoadUnitHandle"", ""PauseUnit"", ""SetUnitTimeScale"", ""UnitRemoveAbility"", ""tK""]",[],5
Uzv,69081,69101,"[""A0NQ""]","[""AddSpecialEffectTarget"", ""CreateTimer"", ""GetHandleId"", ""GetUnitAbilityLevel"", ""PauseUnit"", ""SaveEffectHandle"", ""SaveUnitHandle"", ""SetUnitTimeScale"", ""TimerStart"", ""hL""]","[""UYv""]",9
UZv,69102,69127,"[""A0ZM"", ""A0ZN""]","[""GetHandleId"", ""GetOwningPlayer"", ""GetWidgetX"", ""GetWidgetY"", ""I2S"", ""LoadInteger"", ""LoadReal"", ""SaveInteger"", ""SaveReal"", ""SetPlayerAbilityAvailable"", ""SetUnitAbilityLevel"", ""StringHash"", ""UnitAddAbility"", ""UnitMakeAbilityPermanent"", ""Uzv"", ""ql""]",[],22
U_v,69128,69140,[],"[""DestroyEffect"", ""GetExpiredTimer"", ""GetHandleId"", ""GetUnitDefaultMoveSpeed"", ""LoadEffectHandle"", ""LoadUnitHandle"", ""SetUnitInvulnerable"", ""SetUnitMoveSpeed"", ""tK""]",[],2
U0v,69141,69169,"[""A0ZN"", ""B06J""]","[""FlushChildHashtable"", ""GetEnumUnit"", ""GetHandleId"", ""GetOwningPlayer"", ""GetWidgetLife"", ""GroupRemoveUnit"", ""LoadInteger"", ""LoadReal"", ""Player"", ""SaveInteger"", ""SaveReal"", ""StringHash"", ""UnitRemoveAbility""]",[],12
U1v,69170,69215,"[""A0DB"", ""A0NQ"", ""A0ZO"", ""A0ZP"", ""A141"", ""A142""]","[""AddSpecialEffectTarget"", ""CreateGroup"", ""CreateTimer"", ""DestroyGroup"", ""FirstOfGroup"", ""ForGroup"", ""GetHandleId"", ""GetOwningPlayer"", ""GetSpellAbilityId"", ""GetTriggerEventId"", ""GetTriggeringTrigger"", ""GetUnitAbilityLevel"", ""GetUnitUserData"", ""GetUnitX"", ""GetUnitY"", ""GetWidgetLife"", ""GroupAddUnit"", ""GroupEnumUnitsInRange"", ""GroupRemoveUnit"", ""IsUnitEnemy"", ""IsUnitType"", ""LoadGroupHandle"", ""LoadUnitHandle"", ""SaveEffectHandle"", ""SaveUnitHandle"", ""SetUnitInvulnerable"", ""SetUnitMoveSpeed"", ""TimerStart"", ""UZv""]","[""U0v"", ""U_v""]",13
U2v,69216,69227,[],"[""Condition"", ""CreateGroup"", ""CreateTrigger"", ""GetHandleId"", ""GetLearningUnit"", ""SaveGroupHandle"", ""SaveUnitHandle"", ""TriggerAddCondition"", ""TriggerRegisterTimerEvent"", ""TriggerRegisterUnitEvent""]","[""U1v""]",5
U3v,69228,69233,"[""A0NQ""]","[""GetLearnedSkill"", ""GetLearningUnit"", ""GetUnitAbilityLevel"", ""IsUnitIllusion"", ""U2v""]",[],3
U4v,69234,69310,"[""A0K4""]","[""AddSpecialEffect"", ""CreateGroup"", ""DestroyEffect"", ""DestroyGroup"", ""FirstOfGroup"", ""GetExpiredTimer"", ""GetHandleId"", ""GetOwningPlayer"", ""GetUnitAbilityLevel"", ""GetUnitX"", ""GetUnitY"", ""GetWidgetLife"", ""GroupAddUnit"", ""GroupEnumUnitsInRange"", ""GroupPickRandomUnit"", ""GroupRemoveUnit"", ""I2S"", ""IsUnitEnemy"", ""IsUnitType"", ""IssueTargetOrderById"", ""LoadInteger"", ""LoadReal"", ""LoadUnitHandle"", ""RemoveUnit"", ""SaveInteger"", ""StringHash"", ""hL"", ""tK""]",[],31
U8v,69311,69356,"[""A0DI"", ""A0ZO"", ""h011"", ""n003""]","[""Cos"", ""CreateTimer"", ""CreateUnit"", ""GetHandleId"", ""GetOwningPlayer"", ""GetSpellAbilityId"", ""GetSpellAbilityUnit"", ""GetSpellTargetX"", ""GetSpellTargetY"", ""GetUnitAbilityLevel"", ""I2R"", ""I2S"", ""SaveInteger"", ""SaveReal"", ""SaveUnitHandle"", ""SetUnitFlyHeight"", ""Sin"", ""StringHash"", ""TimerStart"", ""UnitAddAbility""]","[""U4v""]",24
U9v,69357,69362,"[""A0ZO"", ""A0ZP""]","[""GetSpellAbilityId"", ""U8v""]",[],3
hY,69363,69383,"[""A0DH"", ""A0DI"", ""A0ZN""]","[""Condition"", ""CreateTrigger"", ""Lz"", ""Nl"", ""TriggerAddCondition""]","[""U3v"", ""U9v"", ""Utv"", ""Uyv""]",5
wrv,69384,69418,"[""A0PS"", ""B09S""]","[""GetSpellAbilityId"", ""GetSpellAbilityUnit"", ""GetSpellTargetX"", ""GetSpellTargetY"", ""GetUnitAbilityLevel"", ""GetUnitState"", ""GetUnitX"", ""GetUnitY"", ""I2R"", ""SetUnitState"", ""jZ""]",[],16
wav,69419,69491,"[""A13X"", ""B09S"", ""B09T""]","[""CreateGroup"", ""DT"", ""DestroyGroup"", ""FirstOfGroup"", ""FlushChildHashtable"", ""GetAttacker"", ""GetHandleId"", ""GetOwningPlayer"", ""GetTriggerEventId"", ""GetTriggeringTrigger"", ""GetUnitAbilityLevel"", ""GetUnitState"", ""GetUnitX"", ""GetUnitY"", ""Gl"", ""GroupAddUnit"", ""GroupEnumUnitsInRange"", ""GroupRemoveUnit"", ""IsUnitEnemy"", ""IsUnitInGroup"", ""IsUnitType"", ""LoadGroupHandle"", ""LoadInteger"", ""LoadUnitHandle"", ""SaveInteger"", ""SaveUnitHandle"", ""SetUnitState"", ""UnitAddAbility"", ""UnitRemoveAbility"", ""hL""]",[],25
wEv,69492,69516,"[""A13V"", ""A13X""]","[""Condition"", ""CreateGroup"", ""CreateTrigger"", ""GetHandleId"", ""GetSpellAbilityUnit"", ""GetSpellTargetUnit"", ""GetUnitAbilityLevel"", ""GetUnitState"", ""GroupAddUnit"", ""Lz"", ""SaveGroupHandle"", ""SaveInteger"", ""SaveUnitHandle"", ""SetUnitState"", ""TriggerAddCondition"", ""TriggerRegisterTimerEvent"", ""UnitAddAbility""]","[""wav""]",10
wXv,69517,69525,"[""A0PS"", ""A13U"", ""A13V""]","[""GetSpellAbilityId"", ""GetSpellTargetUnit"", ""OL"", ""wEv"", ""wrv""]",[],2
wOv,69526,69548,"[""A0QG"", ""B09S""]","[""GetHandleId"", ""GetTriggeringTrigger"", ""GetUnitAbilityLevel"", ""GetUnitState"", ""I2R"", ""IssueImmediateOrderById"", ""LoadUnitHandle"", ""SetUnitState"", ""Uk"", ""fL""]",[],10
wAv,69549,69558,[],"[""Condition"", ""CreateTrigger"", ""GetHandleId"", ""GetLearningUnit"", ""SaveUnitHandle"", ""TriggerAddCondition"", ""TriggerRegisterTimerEvent""]","[""wOv""]",2
wNv,69559,69590,[],"[""Atan2"", ""Cos"", ""GetExpiredTimer"", ""GetHandleId"", ""GetUnitX"", ""GetUnitY"", ""KillUnit"", ""LoadReal"", ""LoadUnitHandle"", ""RemoveUnit"", ""SaveReal"", ""SetUnitFlyHeight"", ""SetUnitX"", ""SetUnitY"", ""Sin"", ""SquareRoot"", ""hL"", ""tK""]",[],18
wbv,69591,69612,"[""h00T""]","[""Atan2"", ""CreateTimer"", ""CreateUnit"", ""GetHandleId"", ""GetOwningPlayer"", ""GetUnitX"", ""GetUnitY"", ""SaveReal"", ""SaveUnitHandle"", ""TimerStart""]","[""wNv""]",15
wBv,69613,69734,"[""A0BE"", ""A13Z"", ""B09R"", ""B09S"", ""B09T"", ""h00G""]","[""Cos"", ""CreateGroup"", ""CreateUnit"", ""DestroyGroup"", ""FirstOfGroup"", ""GetHandleId"", ""GetOwningPlayer"", ""GetTriggerEventId"", ""GetTriggeringTrigger"", ""GetUnitAbilityLevel"", ""GetUnitFacing"", ""GetUnitState"", ""GetUnitX"", ""GetUnitY"", ""GetWidgetLife"", ""GroupEnumUnitsInRange"", ""GroupRemoveUnit"", ""I2R"", ""I2S"", ""IsUnitEnemy"", ""LoadInteger"", ""LoadReal"", ""LoadUnitHandle"", ""RemoveUnit"", ""SaveInteger"", ""SaveReal"", ""SaveUnitHandle"", ""SetUnitFacing"", ""SetUnitFlyHeight"", ""SetUnitVertexColor"", ""SetUnitX"", ""SetUnitY"", ""Sin"", ""StringHash"", ""Uk"", ""wbv""]",[],53
wdv,69735,69771,"[""A0BE"", ""A13Z"", ""h00G""]","[""Condition"", ""CreateTrigger"", ""CreateUnit"", ""GetHandleId"", ""GetOwningPlayer"", ""GetTriggerUnit"", ""GetUnitAbilityLevel"", ""GetUnitX"", ""GetUnitY"", ""I2S"", ""SaveInteger"", ""SaveReal"", ""SaveUnitHandle"", ""SetUnitVertexColor"", ""StringHash"", ""TriggerAddCondition"", ""TriggerRegisterTimerEvent"", ""TriggerRegisterUnitEvent""]","[""wBv""]",19
wDv,69772,69780,"[""A0BE"", ""A0QG"", ""A13Z""]","[""GetLearnedSkill"", ""GetLearningUnit"", ""GetUnitAbilityLevel"", ""IsUnitIllusion"", ""wAv"", ""wdv""]",[],2
HY,69781,69792,"[""A13W"", ""A13X"", ""h00G"", ""h00T""]","[""Condition"", ""CreateTrigger"", ""Lz"", ""Nl"", ""TriggerAddCondition"", ""nl""]","[""wDv"", ""wXv""]",4
wgv,69793,69864,"[""A0Q6"", ""A0QI"", ""A0QJ"", ""Amin"", ""n043"", ""n044"", ""n045""]","[""AddSpecialEffect"", ""CreateUnit"", ""DestroyEffect"", ""GetHandleId"", ""GetOwningPlayer"", ""GetSpellAbilityId"", ""GetSpellAbilityUnit"", ""GetUnitAbilityLevel"", ""GetUnitX"", ""GetUnitY"", ""I2S"", ""LoadUnitHandle"", ""RemoveUnit"", ""SaveUnitHandle"", ""SetUnitPathing"", ""SetUnitPosition"", ""StringHash"", ""UnitAddAbility"", ""UnitRemoveAbility""]",[],44
whv,69865,69870,"[""A0Q6"", ""A0QJ""]","[""GetSpellAbilityId"", ""wgv""]",[],1
wHv,69871,69930,"[""A0Q9"", ""h011""]","[""AddSpecialEffect"", ""CreateGroup"", ""CreateUnit"", ""DestroyEffect"", ""DestroyGroup"", ""DestroyTrigger"", ""DisableTrigger"", ""FirstOfGroup"", ""GetExpiredTimer"", ""GetHandleId"", ""GetOwningPlayer"", ""GetUnitState"", ""GetUnitX"", ""GetUnitY"", ""GroupEnumUnitsInRange"", ""GroupRemoveUnit"", ""I2R"", ""IsUnitEnemy"", ""IssueImmediateOrderById"", ""LoadInteger"", ""LoadTriggerHandle"", ""LoadUnitHandle"", ""RemoveUnit"", ""SaveInteger"", ""SetUnitAbilityLevel"", ""StringHash"", ""UnitAddAbility"", ""ZK"", ""hL"", ""tK""]",[],18
wJv,69931,69942,"[""B06E"", ""BPSE""]","[""DisableTrigger"", ""EnableTrigger"", ""GetHandleId"", ""GetTriggerUnit"", ""GetTriggeringTrigger"", ""GetUnitAbilityLevel"", ""GetWidgetLife"", ""IssueTargetOrderById"", ""LoadUnitHandle"", ""StringHash""]",[],2
wkv,69943,69952,"[""B02O"", ""B06E"", ""BPSE""]","[""GetFilterUnit"", ""GetUnitAbilityLevel"", ""IsUnitPaused""]",[],2
wKv,69953,69979,"[""B03N"", ""B06E""]","[""Condition"", ""CreateGroup"", ""DestroyGroup"", ""FirstOfGroup"", ""GetExpiredTimer"", ""GetHandleId"", ""GetUnitAbilityLevel"", ""GroupEnumUnitsInRange"", ""GroupRemoveUnit"", ""IssueTargetOrderById"", ""LoadReal"", ""LoadUnitHandle"", ""UnitRemoveAbility"", ""tK""]","[""wkv""]",8
wlv,69980,70026,"[""A0Q7"", ""A0Q9"", ""BTLF"", ""h011"", ""n046"", ""n047"", ""n048""]","[""AddSpecialEffect"", ""Condition"", ""CreateTimer"", ""CreateTrigger"", ""CreateUnit"", ""DestroyEffect"", ""GetHandleId"", ""GetOwningPlayer"", ""GetSpellAbilityUnit"", ""GetSpellTargetX"", ""GetSpellTargetY"", ""GetUnitAbilityLevel"", ""IssueImmediateOrderById"", ""Lz"", ""SaveInteger"", ""SaveReal"", ""SaveTriggerHandle"", ""SaveUnitHandle"", ""SetUnitAbilityLevel"", ""StringHash"", ""TimerStart"", ""TriggerAddCondition"", ""UnitAddAbility"", ""UnitApplyTimedLife"", ""ZK""]","[""wHv"", ""wJv"", ""wKv""]",20
wmv,70027,70032,"[""A0Q7""]","[""GetSpellAbilityId"", ""wlv""]",[],1
wMv,70033,70050,[],"[""AddSpecialEffect"", ""CreateGroup"", ""DestroyEffect"", ""DestroyGroup"", ""FirstOfGroup"", ""GetOwningPlayer"", ""GetUnitState"", ""GroupEnumUnitsInRange"", ""GroupRemoveUnit"", ""I2R"", ""IsUnitEnemy"", ""hL""]",[],4
wpv,70051,70101,"[""n04B""]","[""CreateUnit"", ""GetExpiredTimer"", ""GetHandleId"", ""GetOwningPlayer"", ""GetUnitX"", ""GetUnitY"", ""I2S"", ""LoadInteger"", ""LoadUnitHandle"", ""RemoveUnit"", ""SaveInteger"", ""SaveUnitHandle"", ""StringHash"", ""tK"", ""wMv""]",[],22
wQv,70102,70128,"[""A0QA"", ""A0QB"", ""A0QL"", ""Bbsk""]","[""CreateTimer"", ""GetHandleId"", ""GetSpellAbilityUnit"", ""GetUnitAbilityLevel"", ""SaveInteger"", ""SaveUnitHandle"", ""TimerStart"", ""UnitRemoveAbility""]","[""wpv""]",12
wSv,70129,70184,"[""A0QB"", ""B06F"", ""n049"", ""n04A""]","[""CreateUnit"", ""GetExpiredTimer"", ""GetHandleId"", ""GetOwningPlayer"", ""GetUnitFacing"", ""GetUnitState"", ""GetUnitX"", ""GetUnitY"", ""I2S"", ""LoadInteger"", ""LoadReal"", ""LoadUnitHandle"", ""SaveInteger"", ""SaveReal"", ""SaveUnitHandle"", ""StringHash"", ""UnitAddAbility"", ""UnitRemoveAbility"", ""hl"", ""tK""]",[],33
wUv,70185,70238,"[""A0QA"", ""A0QB"", ""A0QL"", ""n04A""]","[""CreateTimer"", ""CreateUnit"", ""GetHandleId"", ""GetOwningPlayer"", ""GetSpellAbilityUnit"", ""GetUnitAbilityLevel"", ""GetUnitX"", ""GetUnitY"", ""I2S"", ""LoadUnitHandle"", ""RemoveUnit"", ""SaveInteger"", ""SaveReal"", ""SaveUnitHandle"", ""SetUnitAnimationByIndex"", ""StringHash"", ""TimerStart"", ""UnitRemoveAbility""]","[""wSv""]",32
wwv,70239,70247,"[""A0QA"", ""A0QB"", ""A0QL""]","[""GetSpellAbilityId"", ""wQv"", ""wUv""]",[],2
wWv,70248,70270,[],"[""CreateTextTag"", ""DestroyTextTag"", ""GetHandleId"", ""GetLocalPlayer"", ""GetOwningPlayer"", ""GetTriggeringTrigger"", ""GetUnitFlyHeight"", ""GetUnitX"", ""GetUnitY"", ""IsUnitAlly"", ""IsUnitHidden"", ""LoadReal"", ""LoadTextTagHandle"", ""LoadUnitHandle"", ""R2SW"", ""SaveTextTagHandle"", ""SetTextTagColor"", ""SetTextTagPermanent"", ""SetTextTagPos"", ""SetTextTagText"", ""SetTextTagVelocity"", ""SetTextTagVisibility"", ""StringHash"", ""Uk""]",[],7
wYv,70271,70284,"[""Abun""]","[""GetExpiredTimer"", ""GetHandleId"", ""LoadUnitHandle"", ""SetUnitInvulnerable"", ""ShowUnit"", ""UnitRemoveAbility"", ""hL"", ""tK""]",[],2
wzv,70285,70345,"[""A0QC"", ""Abun"", ""B06G"", ""h011""]","[""AddSpecialEffect"", ""CreateGroup"", ""CreateTimer"", ""CreateUnit"", ""DestroyEffect"", ""DestroyGroup"", ""DestroyTrigger"", ""DisableTrigger"", ""FirstOfGroup"", ""GetExpiredTimer"", ""GetHandleId"", ""GetOwningPlayer"", ""GetUnitAbilityLevel"", ""GetUnitState"", ""GetUnitX"", ""GetUnitY"", ""GetWidgetLife"", ""GroupEnumUnitsInRange"", ""GroupRemoveUnit"", ""I2R"", ""IsUnitEnemy"", ""LoadInteger"", ""LoadReal"", ""LoadTriggerHandle"", ""LoadUnitHandle"", ""SaveInteger"", ""SaveReal"", ""SaveUnitHandle"", ""SetUnitInvulnerable"", ""ShowUnit"", ""StringHash"", ""TimerStart"", ""UnitRemoveAbility"", ""ZK"", ""hL"", ""ql"", ""tK""]","[""wYv""]",20
wZv,70346,70364,"[""Abun""]","[""Condition"", ""CreateTimer"", ""CreateTrigger"", ""GetHandleId"", ""GetSpellAbilityUnit"", ""SaveInteger"", ""SaveReal"", ""SaveTriggerHandle"", ""SaveUnitHandle"", ""SetUnitInvulnerable"", ""StringHash"", ""TimerStart"", ""TriggerAddCondition"", ""TriggerRegisterTimerEvent"", ""UnitAddAbility""]","[""wWv"", ""wzv""]",6
w_v,70365,70370,"[""A0QC""]","[""GetSpellAbilityId"", ""wZv""]",[],1
jY,70371,70388,[],"[""Condition"", ""CreateTrigger"", ""Lz"", ""TriggerAddCondition""]","[""w_v"", ""whv"", ""wmv"", ""wwv""]",12
w3v,70389,70443,"[""A0PP""]","[""AddSpecialEffect"", ""Atan2"", ""Cos"", ""CreateGroup"", ""DestroyEffect"", ""DestroyGroup"", ""FirstOfGroup"", ""GetExpiredTimer"", ""GetHandleId"", ""GetHeroInt"", ""GetHeroStr"", ""GetOwningPlayer"", ""GetUnitAbilityLevel"", ""GetWidgetLife"", ""GroupEnumUnitsInRange"", ""GroupRemoveUnit"", ""I2R"", ""IsUnitEnemy"", ""IsUnitType"", ""KillUnit"", ""LoadBoolean"", ""LoadInteger"", ""LoadReal"", ""LoadUnitHandle"", ""RemoveUnit"", ""SaveReal"", ""SetUnitFlyHeight"", ""SetUnitX"", ""SetUnitY"", ""Sin"", ""SquareRoot"", ""fL"", ""hL"", ""tK""]",[],27
w5v,70444,70502,"[""h025""]","[""Atan2"", ""Cos"", ""CreateTimer"", ""CreateUnit"", ""GetHandleId"", ""GetOwningPlayer"", ""GetRandomReal"", ""GetUnitX"", ""GetUnitY"", ""Rad2Deg"", ""SaveBoolean"", ""SaveInteger"", ""SaveReal"", ""SaveUnitHandle"", ""SetUnitFlyHeight"", ""SetUnitPathing"", ""Sin"", ""TimerStart""]","[""w3v""]",39
w9v,70503,70526,"[""A0XU""]","[""CreateGroup"", ""DestroyGroup"", ""FirstOfGroup"", ""GetHandleId"", ""GetSpellTargetX"", ""GetSpellTargetY"", ""GetTriggerUnit"", ""GetUnitAbilityLevel"", ""GetWidgetLife"", ""GroupEnumUnitsInRange"", ""GroupRemoveUnit"", ""LoadInteger"", ""StringHash"", ""w5v""]",[],7
Wvv,70527,70532,"[""A0PP""]","[""GetSpellAbilityId"", ""w9v""]",[],2
Wev,70533,70546,"[""A0Y0"", ""BTLF""]","[""AddSpecialEffect"", ""CreateUnit"", ""DestroyEffect"", ""GetHandleId"", ""GetOwningPlayer"", ""GetRandomInt"", ""SaveInteger"", ""SetUnitPathing"", ""SetUnitPosition"", ""StringHash"", ""UnitAddAbility"", ""UnitApplyTimedLife""]",[],10
Wxv,70547,70581,"[""A0Y0""]","[""DT"", ""FlushChildHashtable"", ""GetHandleId"", ""GetTriggerEventId"", ""GetTriggeringTrigger"", ""GetUnitAbilityLevel"", ""GetUnitX"", ""GetUnitY"", ""GetWidgetLife"", ""LoadInteger"", ""LoadReal"", ""LoadUnitHandle"", ""RemoveUnit"", ""Wev""]",[],7
Wov,70582,70700,"[""A0W9"", ""A0XS"", ""A0XU"", ""A0XX"", ""A0XY"", ""A0XZ"", ""A0Y0"", ""A0Y1"", ""BTLF"", ""n05B"", ""n05C"", ""n05D"", ""n05E"", ""n05F"", ""n05G"", ""n070"", ""n07K"", ""n07L"", ""n07M""]","[""Atan2"", ""Condition"", ""CreateTrigger"", ""CreateUnit"", ""GetHandleId"", ""GetOwningPlayer"", ""GetRandomInt"", ""GetUnitAbilityLevel"", ""GetUnitTypeId"", ""GetUnitX"", ""GetUnitY"", ""LoadBoolean"", ""OW"", ""Rad2Deg"", ""SaveInteger"", ""SaveReal"", ""SaveUnitHandle"", ""SetUnitPathing"", ""SetUnitPosition"", ""StringHash"", ""TriggerAddCondition"", ""TriggerRegisterTimerEvent"", ""TriggerRegisterUnitEvent"", ""UnitAddAbility"", ""UnitApplyTimedLife""]","[""Wxv""]",61
WRv,70701,70738,"[""A04K""]","[""CreateGroup"", ""DestroyGroup"", ""FirstOfGroup"", ""GetExpiredTimer"", ""GetHandleId"", ""GetOwningPlayer"", ""GetUnitAbilityLevel"", ""GetUnitX"", ""GetUnitY"", ""GetWidgetLife"", ""GroupEnumUnitsInRange"", ""GroupRemoveUnit"", ""I2R"", ""IsUnitEnemy"", ""IsUnitType"", ""LoadInteger"", ""LoadUnitHandle"", ""RemoveUnit"", ""SaveInteger"", ""SetUnitAnimationByIndex"", ""Wov"", ""hL"", ""tK""]",[],12
WIv,70739,70760,"[""n071""]","[""Atan2"", ""CreateTimer"", ""CreateUnit"", ""GetHandleId"", ""GetOwningPlayer"", ""GetSpellAbilityId"", ""GetSpellAbilityUnit"", ""GetSpellTargetX"", ""GetSpellTargetY"", ""GetUnitAbilityLevel"", ""GetUnitX"", ""GetUnitY"", ""PauseUnit"", ""Rad2Deg"", ""SaveInteger"", ""SaveUnitHandle"", ""SetUnitAnimationByIndex"", ""SetUnitPathing"", ""TimerStart""]","[""WRv""]",8
WAv,70761,70766,"[""A0W9"", ""A0XS""]","[""GetSpellAbilityId"", ""WIv""]",[],1
WNv,70767,70809,"[""A0KC"", ""A0W9"", ""A0WC"", ""A0XS"", ""A0XV"", ""h011""]","[""AddSpecialEffect"", ""CreateGroup"", ""CreateUnit"", ""DestroyEffect"", ""DestroyGroup"", ""FirstOfGroup"", ""GetOwningPlayer"", ""GetSpellAbilityUnit"", ""GetSpellTargetUnit"", ""GetSpellTargetX"", ""GetSpellTargetY"", ""GetUnitAbilityLevel"", ""GetWidgetLife"", ""GroupEnumUnitsInRange"", ""GroupRemoveUnit"", ""I2R"", ""IsUnitEnemy"", ""IsUnitType"", ""IssueTargetOrderById"", ""KillUnit"", ""Wov"", ""ZK"", ""el"", ""hL""]",[],14
Wbv,70810,70815,"[""A0XV""]","[""GetSpellAbilityId"", ""WNv""]",[],1
WBv,70816,70841,[],"[""Atan2"", ""Cos"", ""GetExpiredTimer"", ""GetHandleId"", ""GetUnitX"", ""GetUnitY"", ""LoadReal"", ""LoadUnitHandle"", ""SaveReal"", ""SetUnitX"", ""SetUnitY"", ""Sin"", ""SquareRoot"", ""hL"", ""tK""]",[],14
Wcv,70842,70877,[],"[""Atan2"", ""Cos"", ""GK"", ""GetExpiredTimer"", ""GetHandleId"", ""LoadReal"", ""LoadUnitHandle"", ""SaveReal"", ""SetUnitFlyHeight"", ""SetUnitPathing"", ""SetUnitX"", ""SetUnitY"", ""Sin"", ""SquareRoot"", ""eL"", ""tK""]",[],18
WCv,70878,70913,"[""A0WC"", ""A0XU"", ""Arav"", ""n05H""]","[""CreateTimer"", ""GetHandleId"", ""GetOwningPlayer"", ""GetSpellAbilityUnit"", ""GetSpellTargetUnit"", ""GetUnitAbilityLevel"", ""GetUnitTypeId"", ""GetUnitUserData"", ""GetUnitX"", ""GetUnitY"", ""GetWidgetLife"", ""IsUnitEnemy"", ""SaveReal"", ""SaveUnitHandle"", ""SetPlayerAbilityAvailable"", ""SetUnitPathing"", ""TimerStart"", ""UnitAddAbility""]","[""WBv"", ""Wcv""]",18
Wdv,70914,70919,"[""A0XW""]","[""GetSpellAbilityId"", ""WCv""]",[],1
WDv,70920,70941,[],"[""GetExpiredTimer"", ""GetHandleId"", ""GetHeroStr"", ""I2S"", ""LoadInteger"", ""LoadUnitHandle"", ""RemoveSavedReal"", ""RemoveUnit"", ""SaveBoolean"", ""SetHeroStr"", ""StringHash"", ""tK""]",[],7
Wfv,70942,71063,"[""A0WB"", ""A0XT"", ""n05H"", ""n09N""]","[""CreateTimer"", ""CreateUnit"", ""GK"", ""GetHandleId"", ""GetHeroStr"", ""GetOwningPlayer"", ""GetSpellAbilityId"", ""GetTriggerUnit"", ""GetUnitAbilityLevel"", ""GetUnitX"", ""GetUnitY"", ""I2R"", ""I2S"", ""LoadUnitHandle"", ""PauseUnit"", ""RemoveUnit"", ""SaveBoolean"", ""SaveInteger"", ""SaveReal"", ""SaveUnitHandle"", ""SetHeroStr"", ""SetUnitX"", ""SetUnitY"", ""StringHash"", ""TimerStart"", ""Wov""]","[""WDv""]",80
WFv,71064,71069,"[""A0WB"", ""A0XT""]","[""GetSpellAbilityId"", ""Wfv""]",[],1
Wgv,71070,71097,"[""A0Y2"", ""h011""]","[""CreateGroup"", ""CreateTimer"", ""CreateUnit"", ""DestroyGroup"", ""FirstOfGroup"", ""GetOwningPlayer"", ""GetSpellAbilityUnit"", ""GetSpellTargetX"", ""GetSpellTargetY"", ""GetWidgetLife"", ""GroupEnumUnitsInRange"", ""GroupRemoveUnit"", ""IsUnitEnemy"", ""IsUnitType"", ""IssueTargetOrderById"", ""UnitAddAbility"", ""YK"", ""ZK"", ""hL""]",[],8
WGv,71098,71132,[],"[""CreateGroup"", ""DestroyEffect"", ""DestroyGroup"", ""FirstOfGroup"", ""GetExpiredTimer"", ""GetHandleId"", ""GetOwningPlayer"", ""GetUnitX"", ""GetUnitY"", ""GetWidgetLife"", ""GroupEnumUnitsInRange"", ""GroupRemoveUnit"", ""IsUnitEnemy"", ""IssueTargetOrderById"", ""LoadEffectHandle"", ""LoadInteger"", ""LoadUnitHandle"", ""RemoveUnit"", ""SaveInteger"", ""hL"", ""tK""]",[],10
Whv,71133,71152,"[""A0SH"", ""h011""]","[""AddSpecialEffect"", ""CreateTimer"", ""CreateUnit"", ""GetHandleId"", ""GetOwningPlayer"", ""GetSpellAbilityUnit"", ""GetUnitX"", ""GetUnitY"", ""SaveEffectHandle"", ""SaveInteger"", ""SaveUnitHandle"", ""TimerStart"", ""UnitAddAbility""]","[""WGv""]",7
WHv,71153,71186,"[""A0XU"", ""A0Y3"", ""h011"", ""n05F"", ""n05G"", ""n070""]","[""AddSpecialEffect"", ""CreateGroup"", ""CreateUnit"", ""DestroyEffect"", ""DestroyGroup"", ""FirstOfGroup"", ""GetHandleId"", ""GetOwningPlayer"", ""GetSpellAbilityUnit"", ""GetUnitState"", ""GetUnitTypeId"", ""GetUnitX"", ""GetUnitY"", ""GetWidgetLife"", ""GroupEnumUnitsInRange"", ""GroupRemoveUnit"", ""IsUnitEnemy"", ""IssuePointOrderById"", ""KillUnit"", ""LoadUnitHandle"", ""SetUnitState"", ""StringHash"", ""UnitAddAbility"", ""ZK"", ""hL""]",[],9
Wjv,71187,71198,"[""A0XX"", ""A0XY"", ""A0XZ""]","[""GetSpellAbilityId"", ""WHv"", ""Wgv"", ""Whv""]",[],3
JY,71199,71229,"[""A0XU"", ""h025"", ""n05B"", ""n05C"", ""n05D"", ""n05E"", ""n05F"", ""n05G"", ""n05H"", ""n070"", ""n071""]","[""Condition"", ""CreateTrigger"", ""Lz"", ""Nl"", ""TriggerAddCondition"", ""nl""]","[""WAv"", ""WFv"", ""Wbv"", ""Wdv"", ""Wjv"", ""Wvv""]",11
WMv,71230,71235,[],"[""GetUnitAbilityLevel"", ""SetUnitAbilityLevel"", ""UnitAddAbility"", ""UnitRemoveAbility""]",[],0
Wpv,71236,71247,"[""A0GG""]","[""AddSpecialEffectTarget"", ""DestroyEffect"", ""GetExpiredTimer"", ""GetHandleId"", ""GetRandomInt"", ""LoadUnitHandle"", ""SaveBoolean"", ""StringHash"", ""WMv"", ""tK""]",[],3
WPv,71248,71309,"[""AB00"", ""ANNN""]","[""Cos"", ""CreateGroup"", ""CreateTimer"", ""DestroyEffect"", ""DestroyGroup"", ""FirstOfGroup"", ""GK"", ""GetExpiredTimer"", ""GetHandleId"", ""GetOwningPlayer"", ""GetUnitAbilityLevel"", ""GetUnitState"", ""GetUnitX"", ""GetUnitY"", ""GroupAddUnit"", ""GroupEnumUnitsInRange"", ""GroupRemoveUnit"", ""IsUnitEnemy"", ""IsUnitInGroup"", ""LoadEffectHandle"", ""LoadGroupHandle"", ""LoadReal"", ""LoadUnitHandle"", ""NZ"", ""RemoveUnit"", ""SaveBoolean"", ""SaveReal"", ""SaveUnitHandle"", ""SetUnitAnimationByIndex"", ""SetUnitX"", ""SetUnitY"", ""Sin"", ""StringHash"", ""TimerStart"", ""eL"", ""tK""]","[""Wpv""]",16
Wqv,71310,71349,"[""A0GG"", ""h011"", ""h01N""]","[""AddSpecialEffectTarget"", ""Atan2"", ""Cm"", ""Cos"", ""CreateGroup"", ""CreateTimer"", ""CreateUnit"", ""Deg2Rad"", ""GetHandleId"", ""GetOwningPlayer"", ""GetTriggerUnit"", ""GetUnitAbilityLevel"", ""GetUnitFacing"", ""GetUnitX"", ""GetUnitY"", ""I2R"", ""PauseUnit"", ""SaveBoolean"", ""SaveEffectHandle"", ""SaveGroupHandle"", ""SaveReal"", ""SaveUnitHandle"", ""SetUnitAnimationByIndex"", ""SetUnitVertexColor"", ""Sin"", ""StringHash"", ""TimerStart"", ""ZK""]","[""WPv""]",21
WQv,71350,71355,"[""A0GG""]","[""GetHandleId"", ""GetSpellAbilityId"", ""GetTriggerUnit"", ""LoadBoolean"", ""StringHash"", ""Wqv""]",[],1
Wsv,71356,71384,[],"[""Atan2"", ""Cos"", ""CreateGroup"", ""DestroyGroup"", ""FirstOfGroup"", ""GetOwningPlayer"", ""GetWidgetLife"", ""GroupAddUnit"", ""GroupEnumUnitsInRange"", ""GroupRemoveUnit"", ""IsUnitEnemy"", ""IsUnitInGroup"", ""NZ"", ""Sin"", ""SquareRoot""]",[],9
WSv,71385,71426,"[""A0OI"", ""AB00"", ""ANNN""]","[""Atan2"", ""Cm"", ""Cos"", ""DT"", ""DisableTrigger"", ""FlushChildHashtable"", ""GetEventDamageSource"", ""GetHandleId"", ""GetRandomInt"", ""GetTriggerEventId"", ""GetTriggeringTrigger"", ""GetUnitAbilityLevel"", ""GetUnitX"", ""GetUnitY"", ""I2R"", ""LoadUnitHandle"", ""Sin"", ""Wsv""]",[],21
Wtv,71427,71443,[],"[""Condition"", ""CreateTrigger"", ""GetAttacker"", ""GetHandleId"", ""GetTriggerUnit"", ""GetTriggeringTrigger"", ""LoadUnitHandle"", ""SaveUnitHandle"", ""TriggerAddCondition"", ""TriggerRegisterTimerEvent"", ""TriggerRegisterUnitEvent""]","[""WSv""]",5
WTv,71444,71451,[],"[""GetAttacker"", ""GetHandleId"", ""LoadInteger"", ""TS"", ""Wtv""]",[],2
Wuv,71452,71457,"[""A0OI""]","[""GetAttacker"", ""GetHandleId"", ""GetOwningPlayer"", ""GetTriggerUnit"", ""GetTriggeringTrigger"", ""GetUnitAbilityLevel"", ""IsUnitEnemy"", ""IsUnitType"", ""LoadUnitHandle"", ""WTv""]",[],1
WUv,71458,71470,"[""h011""]","[""Condition"", ""CreateTrigger"", ""CreateUnit"", ""GetHandleId"", ""GetOwningPlayer"", ""GetTriggerUnit"", ""GetUnitX"", ""GetUnitY"", ""Lz"", ""SaveUnitHandle"", ""TriggerAddCondition""]","[""Wuv""]",3
Wwv,71471,71476,"[""A0OI""]","[""GetLearnedSkill"", ""GetTriggerUnit"", ""GetUnitAbilityLevel"", ""IsUnitIllusion"", ""WUv""]",[],1
WWv,71477,71479,"[""AB00""]","[""GetFilterUnit"", ""GetOwningPlayer"", ""GetTriggerUnit"", ""GetUnitAbilityLevel"", ""GetUnitState"", ""IsUnitEnemy"", ""IsUnitType""]",[],1
Wyv,71480,71549,"[""A0OM"", ""A0ON"", ""ANNN""]","[""AddSpecialEffectTarget"", ""Atan2"", ""Cos"", ""DestroyEffect"", ""DestroyGroup"", ""FirstOfGroup"", ""GetExpiredTimer"", ""GetHandleId"", ""GetRandomReal"", ""GetUnitAbilityLevel"", ""GetUnitState"", ""GetUnitX"", ""GetUnitY"", ""GroupPickRandomUnit"", ""GroupRemoveUnit"", ""IssueTargetOrderById"", ""LoadBoolean"", ""LoadGroupHandle"", ""LoadInteger"", ""LoadReal"", ""LoadUnitHandle"", ""RemoveUnit"", ""SaveBoolean"", ""SaveInteger"", ""SetUnitFacing"", ""SetUnitInvulnerable"", ""SetUnitPathing"", ""SetUnitVertexColor"", ""SetUnitX"", ""SetUnitY"", ""Sin"", ""StringHash"", ""UnitRemoveAbility"", ""hL"", ""tK""]",[],27
Wzv,71550,71559,"[""A0OM""]","[""GetExpiredTimer"", ""GetHandleId"", ""GetOwningPlayer"", ""GetUnitAbilityLevel"", ""GetUnitState"", ""LoadUnitHandle"", ""SetUnitState"", ""WMv"", ""dl"", ""tK""]",[],3
WZv,71560,71628,"[""A0OM"", ""A0ON"", ""ANNN"", ""h01N""]","[""Condition"", ""CountUnitsInGroup"", ""CreateGroup"", ""CreateTimer"", ""CreateUnit"", ""DestroyBoolExpr"", ""FirstOfGroup"", ""GetHandleId"", ""GetOwningPlayer"", ""GetSpellAbilityUnit"", ""GetUnitAbilityLevel"", ""GetUnitFacing"", ""GetUnitX"", ""GetUnitY"", ""Gl"", ""GroupEnumUnitsInRange"", ""GroupRemoveUnit"", ""PauseUnit"", ""SaveBoolean"", ""SaveGroupHandle"", ""SaveInteger"", ""SaveReal"", ""SaveUnitHandle"", ""SetUnitAnimationByIndex"", ""SetUnitInvulnerable"", ""SetUnitPathing"", ""SetUnitVertexColor"", ""StringHash"", ""TimerStart"", ""UnitAddAbility"", ""Yk""]","[""WWv"", ""Wyv"", ""Wzv""]",26
W_v,71629,71634,"[""A0OM""]","[""GetSpellAbilityId"", ""WZv""]",[],1
W0v,71635,71661,"[""A0OD"", ""AB00"", ""ANNN"", ""B05V""]","[""DT"", ""FlushChildHashtable"", ""GetEventDamage"", ""GetEventDamageSource"", ""GetHandleId"", ""GetTriggerEventId"", ""GetTriggeringTrigger"", ""GetUnitAbilityLevel"", ""GetWidgetLife"", ""GroupAddUnit"", ""IsUnitInGroup"", ""LoadGroupHandle"", ""LoadUnitHandle"", ""NZ"", ""SetUnitAnimationByIndex"", ""SetWidgetLife"", ""UnitRemoveAbility"", ""hL""]",[],10
W1v,71662,71674,[],"[""Condition"", ""CreateGroup"", ""CreateTrigger"", ""GetHandleId"", ""GetTriggerUnit"", ""SaveGroupHandle"", ""SaveUnitHandle"", ""TriggerAddCondition"", ""TriggerRegisterTimerEvent"", ""TriggerRegisterUnitEvent""]","[""W0v""]",5
W2v,71675,71680,"[""A0OD""]","[""GetSpellAbilityId"", ""W1v""]",[],3
kY,71681,71701,"[""A0ON"", ""AB00"", ""h01N""]","[""Condition"", ""CreateTrigger"", ""Lz"", ""Nl"", ""TriggerAddCondition"", ""nl""]","[""W2v"", ""WQv"", ""W_v"", ""Wwv""]",19
W7v,71702,71783,"[""BHwe""]","[""AddSpecialEffect"", ""Cos"", ""CreateGroup"", ""DestroyEffect"", ""DestroyGroup"", ""DestroyTimer"", ""FirstOfGroup"", ""FlushChildHashtable"", ""GetExpiredTimer"", ""GetHandleId"", ""GetOwningPlayer"", ""GetUnitFacing"", ""GetUnitX"", ""GetUnitY"", ""GetWidgetLife"", ""GroupAddUnit"", ""GroupEnumUnitsInRange"", ""GroupRemoveUnit"", ""IsUnitEnemy"", ""IsUnitInGroup"", ""IsUnitType"", ""KillUnit"", ""LoadBoolean"", ""LoadGroupHandle"", ""LoadInteger"", ""LoadReal"", ""LoadUnitHandle"", ""OW"", ""PauseTimer"", ""RemoveUnit"", ""SaveInteger"", ""SaveReal"", ""SetUnitX"", ""SetUnitY"", ""Sin"", ""UnitApplyTimedLife"", ""hL""]",[],33
yvv,71784,71813,"[""n06X""]","[""CreateGroup"", ""CreateTimer"", ""CreateUnit"", ""GetHandleId"", ""GetOwningPlayer"", ""GetUnitFacing"", ""SaveBoolean"", ""SaveGroupHandle"", ""SaveReal"", ""SaveUnitHandle"", ""SetUnitAnimation"", ""SetUnitColor"", ""SetUnitFacing"", ""SetUnitFlyHeight"", ""SetUnitPathing"", ""SetUnitScale"", ""SetUnitX"", ""SetUnitY"", ""TimerStart""]","[""W7v""]",13
yxv,71814,71850,[],"[""Atan2"", ""Cos"", ""DestroyTimer"", ""FlushChildHashtable"", ""GetExpiredTimer"", ""GetHandleId"", ""GetOwningPlayer"", ""GetRandomReal"", ""GetUnitCurrentOrder"", ""GetUnitX"", ""GetUnitY"", ""LoadBoolean"", ""LoadReal"", ""LoadUnitHandle"", ""PauseTimer"", ""SaveReal"", ""Sin"", ""yvv""]",[],18
yiv,71851,71911,"[""A03B"", ""A05K"", ""A09R"", ""A0K1"", ""h009"", ""h00C"", ""h00D"", ""h00E""]","[""CreateTimer"", ""GetHandleId"", ""GetSpellTargetX"", ""GetSpellTargetY"", ""GetTriggerUnit"", ""GetUnitAbilityLevel"", ""I2R"", ""SaveBoolean"", ""SaveInteger"", ""SaveReal"", ""SaveUnitHandle"", ""TimerStart""]","[""yxv""]",33
yVv,71912,71917,"[""A05K"", ""A0K1""]","[""GetSpellAbilityId"", ""yiv""]",[],1
yEv,71918,71963,[],"[""AddSpecialEffect"", ""CreateGroup"", ""DT"", ""DestroyEffect"", ""DestroyGroup"", ""FirstOfGroup"", ""FlushChildHashtable"", ""GetAttacker"", ""GetHandleId"", ""GetOwningPlayer"", ""GetRandomInt"", ""GetTriggerEventId"", ""GetTriggeringTrigger"", ""GetUnitX"", ""GetUnitY"", ""GetWidgetLife"", ""GroupEnumUnitsInRange"", ""GroupRemoveUnit"", ""IsUnitEnemy"", ""IsUnitType"", ""IssueTargetOrderById"", ""LoadInteger"", ""LoadUnitHandle"", ""RemoveUnit"", ""SaveInteger"", ""hL""]",[],13
yXv,71964,71987,"[""A0Y5"", ""A0Y6"", ""h011""]","[""Condition"", ""CreateTrigger"", ""CreateUnit"", ""GetHandleId"", ""GetOwningPlayer"", ""GetSpellTargetUnit"", ""GetTriggerUnit"", ""GetUnitAbilityLevel"", ""GetUnitX"", ""GetUnitY"", ""SaveInteger"", ""SaveUnitHandle"", ""SetUnitAbilityLevel"", ""TriggerAddCondition"", ""TriggerRegisterTimerEvent"", ""TriggerRegisterUnitEvent"", ""UnitAddAbility""]","[""yEv""]",10
yOv,71988,71993,"[""A0Y5""]","[""GetSpellAbilityId"", ""yXv""]",[],1
KY,71994,72003,[],"[""Condition"", ""CreateTrigger"", ""Lz"", ""TriggerAddCondition""]","[""yOv"", ""yVv""]",0
yAv,72004,72023,"[""A1AP"", ""A1AZ"", ""A1B0"", ""A1B1"", ""H02F"", ""H050""]","[""GetLearningUnit"", ""GetOwningPlayer"", ""GetUnitAbilityLevel"", ""GetUnitTypeId"", ""SetPlayerAbilityAvailable"", ""SetUnitAbilityLevel"", ""UnitAddAbility""]",[],12
yNv,72024,72075,"[""A1AP"", ""A1AQ"", ""A1AT"", ""A1AU"", ""A1AZ"", ""A1B0"", ""A1B1"", ""H02F"", ""H050""]","[""GetHandleId"", ""GetOwningPlayer"", ""GetTriggeringTrigger"", ""GetUnitAbilityLevel"", ""GetUnitTypeId"", ""LoadInteger"", ""LoadPlayerHandle"", ""LoadUnitHandle"", ""SaveInteger"", ""SavePlayerHandle"", ""SetPlayerAbilityAvailable"", ""SetUnitAbilityLevel"", ""StringHash"", ""UnitAddAbility"", ""UnitRemoveAbility""]",[],34
ybv,72076,72094,"[""A1AT"", ""A1AU""]","[""Condition"", ""CreateTrigger"", ""GetHandleId"", ""GetOwningPlayer"", ""GetTriggerUnit"", ""SaveInteger"", ""SavePlayerHandle"", ""SaveUnitHandle"", ""SetPlayerAbilityAvailable"", ""StringHash"", ""TriggerAddCondition"", ""TriggerRegisterTimerEvent"", ""UnitAddAbility"", ""UnitMakeAbilityPermanent""]","[""yNv""]",11
yBv,72095,72103,"[""A0GW""]","[""GetExpiredTimer"", ""GetHandleId"", ""LoadUnitHandle"", ""UnitRemoveAbility"", ""tK""]",[],2
ycv,72104,72114,"[""A0GW"", ""A1AU""]","[""CreateTimer"", ""GetHandleId"", ""GetTriggerUnit"", ""GetUnitAbilityLevel"", ""I2R"", ""SaveUnitHandle"", ""TimerStart"", ""UnitAddAbility""]","[""yBv""]",4
yCv,72115,72174,"[""A1AT""]","[""Atan2"", ""Cm"", ""Cos"", ""GetExpiredTimer"", ""GetHandleId"", ""GetUnitAbilityLevel"", ""GetUnitX"", ""GetUnitY"", ""KillUnit"", ""LoadReal"", ""LoadUnitHandle"", ""RemoveUnit"", ""SaveReal"", ""SetUnitX"", ""SetUnitY"", ""Sin"", ""Uk"", ""hL"", ""hl"", ""tK""]",[],20
ydv,72175,72196,"[""h051""]","[""Atan2"", ""CreateTimer"", ""CreateUnit"", ""GetHandleId"", ""GetOwningPlayer"", ""GetUnitX"", ""GetUnitY"", ""Rad2Deg"", ""SaveReal"", ""SaveUnitHandle"", ""TimerStart"", ""hl""]","[""yCv""]",11
yDv,72197,72221,"[""A0K4"", ""B0C0""]","[""CreateGroup"", ""DestroyGroup"", ""FirstOfGroup"", ""GetExpiredTimer"", ""GetHandleId"", ""GetOwningPlayer"", ""GetUnitAbilityLevel"", ""GetUnitX"", ""GetUnitY"", ""GroupEnumUnitsInRange"", ""GroupRemoveUnit"", ""IsUnitEnemy"", ""LoadUnitHandle"", ""Uk"", ""tK"", ""ydv""]",[],4
yfv,72222,72230,[],"[""CreateTimer"", ""GetHandleId"", ""GetTriggerUnit"", ""SaveUnitHandle"", ""TimerStart""]","[""yDv""]",2
yFv,72231,72246,[],"[""GetHandleId"", ""GetOwningPlayer"", ""GetPlayerState"", ""I2S"", ""LoadInteger"", ""Ql"", ""SaveInteger"", ""SetPlayerState"", ""StringHash""]",[],5
yhv,72247,72253,[],"[""GetHandleId"", ""I2S"", ""LoadInteger"", ""Ql"", ""SaveInteger"", ""StringHash"", ""yFv""]",[],1
yjv,72254,72278,[],"[""GetExpiredTimer"", ""GetHandleId"", ""GetUnitX"", ""GetUnitY"", ""LoadInteger"", ""LoadUnitHandle"", ""RemoveUnit"", ""SetUnitX"", ""SetUnitY"", ""SquareRoot"", ""tK"", ""yhv""]",[],6
ykv,72279,72305,[],"[""GetExpiredTimer"", ""GetHandleId"", ""GetOwningPlayer"", ""GetPlayerState"", ""GetUnitX"", ""GetUnitY"", ""I2S"", ""LoadInteger"", ""LoadUnitHandle"", ""Ql"", ""RemoveUnit"", ""SetPlayerState"", ""SetUnitX"", ""SetUnitY"", ""SquareRoot"", ""tK""]",[],7
yKv,72306,72316,"[""h052""]","[""CreateTimer"", ""CreateUnit"", ""GetHandleId"", ""GetOwningPlayer"", ""SaveInteger"", ""SaveUnitHandle"", ""TimerStart""]","[""yjv""]",5
ylv,72317,72327,"[""h053""]","[""CreateTimer"", ""CreateUnit"", ""GetHandleId"", ""GetOwningPlayer"", ""SaveInteger"", ""SaveUnitHandle"", ""TimerStart""]","[""ykv""]",5
yLv,72328,72353,"[""I0AU""]","[""GetItemTypeId"", ""GetItemUserData"", ""GetLocationX"", ""GetLocationY"", ""GetOwningPlayer"", ""GetRandomInt"", ""GetUnitLoc"", ""GetUnitX"", ""GetUnitY"", ""GetWidgetX"", ""GetWidgetY"", ""RandomItemInRectBJ"", ""Rect"", ""RemoveItem"", ""RemoveLocation"", ""RemoveRect"", ""hl"", ""xK"", ""yKv""]",[],5
yqv,72354,72404,"[""A1AR""]","[""CreateGroup"", ""DestroyGroup"", ""FirstOfGroup"", ""GetOwningPlayer"", ""GetPlayerState"", ""GetRandomInt"", ""GetSpellAbilityUnit"", ""GetUnitAbilityLevel"", ""GetUnitState"", ""GetUnitX"", ""GetUnitY"", ""GroupEnumUnitsInRange"", ""GroupRemoveUnit"", ""I2R"", ""IsUnitEnemy"", ""IsUnitType"", ""SetPlayerState"", ""Uk"", ""hL"", ""mK"", ""yKv"", ""yLv"", ""ylv""]",[],17
ySv,72405,72424,"[""A0K4"", ""I0AU""]","[""CreateItem"", ""GetDyingUnit"", ""GetHandleId"", ""GetKillingUnit"", ""GetOwningPlayer"", ""GetRandomInt"", ""GetTriggeringTrigger"", ""GetUnitAbilityLevel"", ""GetUnitX"", ""GetUnitY"", ""IsUnitEnemy"", ""LoadUnitHandle"", ""Player"", ""SetItemUserData"", ""hl"", ""xK""]",[],3
yuv,72425,72441,"[""I0AU""]","[""GetHandleId"", ""GetItemTypeId"", ""GetManipulatedItem"", ""GetRandomInt"", ""GetTriggerUnit"", ""GetTriggeringTrigger"", ""LoadUnitHandle"", ""RemoveItem"", ""yhv""]",[],3
yYv,72442,72451,[],"[""DisplayTextToPlayer"", ""GetHandleId"", ""GetTriggerPlayer"", ""GetTriggeringTrigger"", ""I2S"", ""LoadInteger"", ""LoadUnitHandle"", ""StringHash""]",[],2
yzv,72452,72474,[],"[""Condition"", ""CreateTrigger"", ""DisplayTextToPlayer"", ""GetHandleId"", ""GetOwningPlayer"", ""Player"", ""SaveUnitHandle"", ""TriggerAddCondition"", ""TriggerRegisterPlayerChatEvent"", ""TriggerRegisterPlayerUnitEvent""]","[""ySv"", ""yYv"", ""yuv""]",7
yZv,72475,72509,"[""AB00"", ""Arav"", ""B090""]","[""GetExpiredTimer"", ""GetHandleId"", ""LoadBoolean"", ""LoadReal"", ""LoadUnitHandle"", ""SaveBoolean"", ""SaveReal"", ""SetUnitFlyHeight"", ""UnitRemoveAbility"", ""tK""]",[],23
y4v,72510,72522,"[""AB00"", ""Arav""]","[""CreateTimer"", ""GetHandleId"", ""GetOwningPlayer"", ""SaveBoolean"", ""SaveReal"", ""SaveUnitHandle"", ""SetPlayerAbilityAvailable"", ""TimerStart"", ""UnitAddAbility""]","[""yZv""]",7
y5v,72523,72546,"[""A1AS"", ""A1AW"", ""A1AX"", ""A1AY""]","[""GetUnitAbilityLevel"", ""SetUnitAbilityLevel"", ""UnitAddAbility"", ""UnitMakeAbilityPermanent"", ""UnitRemoveAbility""]",[],20
y6v,72547,72557,[],"[""GetExpiredTimer"", ""GetHandleId"", ""LoadInteger"", ""LoadUnitHandle"", ""SaveInteger"", ""StringHash"", ""tK"", ""y5v""]",[],4
y7v,72558,72589,"[""B0C1""]","[""CountUnitsInGroup"", ""DestroyGroup"", ""DestroyTimer"", ""FirstOfGroup"", ""FlushChildHashtable"", ""GetExpiredTimer"", ""GetHandleId"", ""GetUnitAbilityLevel"", ""Gl"", ""GroupRemoveUnit"", ""LoadGroupHandle"", ""LoadUnitHandle"", ""PauseTimer"", ""Uk"", ""hL""]",[],10
y9v,72590,72635,"[""A0K4""]","[""CreateGroup"", ""CreateTimer"", ""DestroyGroup"", ""DestroyTimer"", ""FirstOfGroup"", ""FlushChildHashtable"", ""GetExpiredTimer"", ""GetHandleId"", ""GetOwningPlayer"", ""GetUnitAbilityLevel"", ""GetUnitX"", ""GetUnitY"", ""GroupAddUnit"", ""GroupEnumUnitsInRange"", ""GroupRemoveUnit"", ""IsUnitEnemy"", ""IsUnitInGroup"", ""IsUnitType"", ""IssueTargetOrderById"", ""LoadUnitHandle"", ""RemoveUnit"", ""SaveGroupHandle"", ""SaveUnitHandle"", ""TimerStart"", ""Uk"", ""y4v""]","[""y7v""]",19
Yov,72636,72644,[],"[""CreateTimer"", ""GetHandleId"", ""SaveUnitHandle"", ""TimerStart""]","[""y9v""]",4
Yiv,72645,72681,"[""A0K4"", ""A1AS""]","[""CreateGroup"", ""DestroyGroup"", ""FirstOfGroup"", ""GetExpiredTimer"", ""GetHandleId"", ""GetOwningPlayer"", ""GetUnitAbilityLevel"", ""GetUnitX"", ""GetUnitY"", ""GroupEnumUnitsInRange"", ""GroupRemoveUnit"", ""I2R"", ""IsUnitEnemy"", ""IsUnitType"", ""LoadBoolean"", ""LoadGroupHandle"", ""LoadUnitHandle"", ""RemoveUnit"", ""SaveBoolean"", ""Uk"", ""Yov"", ""tK""]",[],10
Ynv,72682,72715,"[""A1AS"", ""A1B2"", ""BTLF"", ""h011"", ""n0AH""]","[""CreateGroup"", ""CreateTimer"", ""CreateUnit"", ""GetHandleId"", ""GetOwningPlayer"", ""GetSpellTargetX"", ""GetSpellTargetY"", ""GetTriggerUnit"", ""GetUnitAbilityLevel"", ""LoadInteger"", ""SaveBoolean"", ""SaveGroupHandle"", ""SaveInteger"", ""SaveUnitHandle"", ""SetUnitAbilityLevel"", ""SetUnitPathing"", ""SetUnitX"", ""SetUnitY"", ""StringHash"", ""TimerStart"", ""UnitAddAbility"", ""UnitApplyTimedLife"", ""y5v""]","[""Yiv"", ""y6v""]",16
YXv,72716,72729,"[""A1AS"", ""A1AW"", ""A1AX"", ""A1AY""]","[""GetHandleId"", ""GetLearningUnit"", ""GetUnitAbilityLevel"", ""SaveInteger"", ""SetUnitAbilityLevel"", ""StringHash"", ""UnitAddAbility"", ""UnitMakeAbilityPermanent""]",[],8
YOv,72730,72744,"[""A1AR"", ""A1AT"", ""A1AU"", ""A1AX"", ""A1AY""]","[""GetSpellAbilityId"", ""Ynv"", ""ycv"", ""yfv"", ""yqv""]",[],4
YRv,72745,72756,"[""A1AP"", ""A1AQ"", ""A1AS""]","[""GetLearnedSkill"", ""GetLearningUnit"", ""GetUnitAbilityLevel"", ""IsUnitIllusion"", ""YXv"", ""yAv"", ""ybv""]",[],3
fz,72757,72759,[],"[""yzv""]",[],0
lY,72760,72774,"[""A1AT"", ""A1AU"", ""A1AW"", ""A1AX"", ""A1AY"", ""A1B2"", ""h051"", ""h052"", ""h053"", ""n0AH""]","[""Condition"", ""CreateTrigger"", ""Lz"", ""TriggerAddCondition"", ""Vl"", ""nl""]","[""YOv"", ""YRv""]",5
YNv,72775,72784,"[""H02F"", ""H050""]","[""GetEnteringUnit"", ""GetOwningPlayer"", ""GetPlayerName"", ""GetUnitTypeId"", ""GetWidgetX"", ""GetWidgetY"", ""ql"", ""xK""]",[],3
YBv,72785,72820,"[""A05N"", ""h011""]","[""Cm"", ""CreateGroup"", ""CreateUnit"", ""DestroyGroup"", ""FirstOfGroup"", ""GetExpiredTimer"", ""GetHandleId"", ""GetOwningPlayer"", ""GetUnitAbilityLevel"", ""GetUnitX"", ""GetUnitY"", ""GetWidgetLife"", ""GroupEnumUnitsInRangeOfLoc"", ""GroupRemoveUnit"", ""I2R"", ""IsUnitEnemy"", ""IsUnitType"", ""LoadBoolean"", ""LoadLocationHandle"", ""LoadUnitHandle"", ""RemoveLocation"", ""SetUnitPositionLoc"", ""ZK"", ""hL"", ""tK""]",[],11
Ycv,72821,72834,[],"[""CreateTimer"", ""GetHandleId"", ""GetSpellAbilityUnit"", ""GetUnitLoc"", ""RectContainsUnit"", ""SaveBoolean"", ""SaveLocationHandle"", ""SaveUnitHandle"", ""TimerStart""]","[""YBv""]",4
YCv,72835,72840,"[""A05N""]","[""GetSpellAbilityId"", ""Ycv""]",[],1
Ydv,72841,72892,"[""A0E5"", ""A0E6"", ""B02W"", ""H008""]","[""CreateGroup"", ""DestroyGroup"", ""FirstOfGroup"", ""GetExpiredTimer"", ""GetHandleId"", ""GetOwningPlayer"", ""GetUnitAbilityLevel"", ""GetUnitTypeId"", ""GetUnitX"", ""GetUnitY"", ""GroupEnumUnitsInRect"", ""GroupRemoveUnit"", ""IssueTargetOrderById"", ""LoadReal"", ""LoadUnitHandle"", ""RemoveUnit"", ""SaveReal"", ""UnitAddAbility"", ""UnitRemoveAbility"", ""tK""]",[],14
YDv,72893,72911,"[""A0E6"", ""A0UU"", ""h011""]","[""CreateTimer"", ""CreateUnit"", ""GetHandleId"", ""GetOwningPlayer"", ""GetTriggerUnit"", ""GetUnitAbilityLevel"", ""GetUnitX"", ""GetUnitY"", ""I2R"", ""SaveReal"", ""SaveUnitHandle"", ""SetUnitAbilityLevel"", ""TimerStart"", ""UnitAddAbility""]","[""Ydv""]",9
Yfv,72912,72917,"[""A0E6""]","[""GetSpellAbilityId"", ""YDv""]",[],1
YFv,72918,72924,[],"[""Atan2"", ""GetUnitX"", ""GetUnitY""]",[],1
Ygv,72925,72980,"[""A102""]","[""Cos"", ""DestroyGroup"", ""FirstOfGroup"", ""GK"", ""GetExpiredTimer"", ""GetHandleId"", ""GetUnitAbilityLevel"", ""GetUnitDefaultMoveSpeed"", ""GetUnitX"", ""GetUnitY"", ""Gl"", ""GroupRemoveUnit"", ""LoadGroupHandle"", ""LoadReal"", ""LoadUnitHandle"", ""SaveReal"", ""SetUnitMoveSpeed"", ""SetUnitPathing"", ""SetUnitX"", ""SetUnitY"", ""Sin"", ""YFv"", ""eL"", ""iL"", ""nL"", ""tK""]",[],8
Yhv,72981,72983,[],"[""Atan2"", ""GetUnitX"", ""GetUnitY""]",[],1
YHv,72984,73070,"[""A102"", ""A103"", ""B02W"", ""H008"", ""h011""]","[""AddSpecialEffectTarget"", ""CreateGroup"", ""CreateTimer"", ""CreateUnit"", ""DestroyEffect"", ""DestroyGroup"", ""FirstOfGroup"", ""GetHandleId"", ""GetOwningPlayer"", ""GetTriggerUnit"", ""GetUnitAbilityLevel"", ""GetUnitFacing"", ""GetUnitTypeId"", ""GetUnitX"", ""GetUnitY"", ""GetWidgetLife"", ""GroupAddUnit"", ""GroupEnumUnitsInRange"", ""GroupRemoveUnit"", ""IsUnitAlly"", ""IsUnitEnemy"", ""IsUnitInGroup"", ""IsUnitType"", ""IssueTargetOrderById"", ""RAbsBJ"", ""SaveGroupHandle"", ""SaveReal"", ""SaveUnitHandle"", ""SetUnitMoveSpeed"", ""SetUnitPathing"", ""TimerStart"", ""UnitAddAbility"", ""Yhv"", ""ZK"", ""hL""]","[""Ygv""]",31
Ylv,73071,73076,"[""A102""]","[""GetSpellAbilityId"", ""YHv""]",[],1
LY,73077,73092,"[""A0E5"", ""A0UU""]","[""Condition"", ""CreateTrigger"", ""Lz"", ""Nl"", ""TriggerAddCondition""]","[""YCv"", ""Yfv"", ""Ylv""]",2
Ypv,73093,73103,[],"[""GetFilterUnit"", ""GetOwningPlayer"", ""GetUnitState"", ""GetUnitX"", ""GetUnitY"", ""IsUnitAlly"", ""IsUnitInGroup"", ""IsUnitType"", ""IsUnitVisible"", ""hl""]",[],1
YPv,73104,73113,[],"[""DisplayTextToPlayer"", ""GetHandleId"", ""GetTriggerPlayer"", ""GetTriggeringTrigger"", ""I2S"", ""LoadInteger"", ""LoadUnitHandle"", ""R2I"", ""StringHash""]",[],3
Yqv,73114,73152,"[""A13D"", ""A13E"", ""B09K"", ""I06A"", ""h00V""]","[""CreateUnit"", ""GetExpiredTimer"", ""GetHandleId"", ""GetHeroStr"", ""GetOwningPlayer"", ""GetUnitAbilityLevel"", ""GetUnitX"", ""GetUnitY"", ""GetWidgetX"", ""GetWidgetY"", ""I2S"", ""LoadInteger"", ""LoadUnitHandle"", ""SaveInteger"", ""SaveReal"", ""SetHeroStr"", ""SetUnitAbilityLevel"", ""StringHash"", ""UnitAddItemById"", ""UnitUseItemTarget"", ""ZK"", ""ql"", ""tK""]",[],15
YQv,73153,73160,[],"[""CreateTimer"", ""GetHandleId"", ""SaveUnitHandle"", ""TimerStart""]","[""Yqv""]",3
Ysv,73161,73230,"[""A13D""]","[""Atan2"", ""Cm"", ""Condition"", ""Cos"", ""CreateGroup"", ""DT"", ""DestroyGroup"", ""FlushChildHashtable"", ""GetHandleId"", ""GetHeroStr"", ""GetOwningPlayer"", ""GetTriggeringTrigger"", ""GetUnitAbilityLevel"", ""GetUnitState"", ""GetUnitX"", ""GetUnitY"", ""GroupAddUnit"", ""GroupEnumUnitsInRange"", ""I2R"", ""IsUnitVisible"", ""KillUnit"", ""LoadBoolean"", ""LoadGroupHandle"", ""LoadInteger"", ""LoadUnitHandle"", ""RemoveUnit"", ""SaveBoolean"", ""SaveInteger"", ""SaveUnitHandle"", ""SetUnitX"", ""SetUnitY"", ""Sin"", ""YQv"", ""hL"", ""hl""]","[""Ypv""]",28
YSv,73231,73257,"[""A13D"", ""n09M""]","[""Condition"", ""CreateGroup"", ""CreateTrigger"", ""CreateUnit"", ""GetHandleId"", ""GetOwningPlayer"", ""GetSpellTargetUnit"", ""GetTriggerUnit"", ""GetUnitAbilityLevel"", ""GetUnitX"", ""GetUnitY"", ""GroupAddUnit"", ""SaveBoolean"", ""SaveGroupHandle"", ""SaveInteger"", ""SaveUnitHandle"", ""SetUnitFlyHeight"", ""TriggerAddCondition"", ""TriggerRegisterTimerEvent""]","[""Ysv""]",12
Ytv,73258,73263,"[""A13D""]","[""GetSpellAbilityId"", ""GetSpellTargetUnit"", ""OL"", ""YSv""]",[],1
YTv,73264,73281,"[""B09L""]","[""AddSpecialEffectTarget"", ""DestroyEffect"", ""GetEnteringUnit"", ""GetHandleId"", ""GetOwningPlayer"", ""GetTriggeringTrigger"", ""GetUnitAbilityLevel"", ""IsUnitIllusion"", ""LoadReal"", ""LoadUnitHandle"", ""SetUnitVertexColor"", ""SetUnitX"", ""SetUnitY"", ""StringHash""]",[],5
Yuv,73282,73297,[],"[""Condition"", ""CreateRegion"", ""CreateTrigger"", ""GetHandleId"", ""GetTriggerUnit"", ""RegionAddRect"", ""SaveUnitHandle"", ""TriggerAddCondition"", ""TriggerRegisterEnterRegion"", ""TriggerRegisterUnitEvent""]","[""YTv"", ""Ytv""]",5
YUv,73298,73303,"[""A13D""]","[""GetLearnedSkill"", ""GetLearningUnit"", ""GetUnitAbilityLevel"", ""IsUnitIllusion"", ""Yuv""]",[],1
Ywv,73304,73322,"[""A13A"", ""A13C""]","[""GetExpiredTimer"", ""GetHandleId"", ""GetUnitAbilityLevel"", ""GetUnitState"", ""GetWidgetLife"", ""LoadInteger"", ""LoadUnitHandle"", ""SaveInteger"", ""UnitRemoveAbility"", ""YQv"", ""tK""]",[],7
YWv,73323,73335,"[""A13A""]","[""CreateTimer"", ""GetHandleId"", ""GetTriggerUnit"", ""GetUnitState"", ""SaveInteger"", ""SaveUnitHandle"", ""SetUnitState"", ""TimerStart"", ""UnitAddAbility""]","[""Ywv""]",5
Yyv,73336,73341,"[""A13C""]","[""GetSpellAbilityId"", ""YWv""]",[],1
YYv,73342,73389,"[""A13E"", ""B09L""]","[""CreateGroup"", ""DestroyGroup"", ""FirstOfGroup"", ""GetHandleId"", ""GetHeroStr"", ""GetOwningPlayer"", ""GetTriggeringTrigger"", ""GetUnitAbilityLevel"", ""GetUnitState"", ""GetUnitX"", ""GetUnitY"", ""GetWidgetLife"", ""GroupEnumUnitsInRange"", ""GroupRemoveUnit"", ""IsUnitIllusion"", ""LoadInteger"", ""LoadUnitHandle"", ""SaveInteger"", ""SetHeroStr"", ""SetUnitState"", ""SetWidgetLife"", ""StringHash"", ""Uk""]",[],19
Yzv,73390,73406,[],"[""Condition"", ""CreateTrigger"", ""DisplayTextToPlayer"", ""GetHandleId"", ""GetOwningPlayer"", ""GetTriggerUnit"", ""SaveUnitHandle"", ""TriggerAddCondition"", ""TriggerRegisterPlayerChatEvent"", ""TriggerRegisterTimerEvent""]","[""YPv"", ""YYv""]",4
YZv,73407,73412,"[""A13E""]","[""GetLearnedSkill"", ""GetTriggerUnit"", ""GetUnitAbilityLevel"", ""IsUnitIllusion"", ""Yzv""]",[],1
Y_v,73413,73513,"[""A13F"", ""ANNN"", ""O00D"", ""n00K"", ""n00Z"", ""n017"", ""u00G""]","[""AddSpecialEffect"", ""Cos"", ""CreateGroup"", ""DestroyEffect"", ""DestroyGroup"", ""FirstOfGroup"", ""GetExpiredTimer"", ""GetHandleId"", ""GetOwningPlayer"", ""GetRandomReal"", ""GetUnitAbilityLevel"", ""GetUnitTypeId"", ""GetWidgetLife"", ""GetWidgetX"", ""GetWidgetY"", ""Gl"", ""GroupAddUnit"", ""GroupEnumUnitsInRange"", ""GroupPickRandomUnit"", ""GroupRemoveUnit"", ""I2R"", ""IsUnitEnemy"", ""IsUnitHidden"", ""IsUnitIllusion"", ""IsUnitInGroup"", ""IsUnitPaused"", ""IsUnitType"", ""LoadGroupHandle"", ""LoadInteger"", ""LoadReal"", ""LoadUnitHandle"", ""PauseUnit"", ""RemoveUnit"", ""SaveInteger"", ""SetUnitInvulnerable"", ""SetUnitPathing"", ""ShowUnit"", ""Sin"", ""UnitAddAbility"", ""UnitRemoveAbility"", ""YQv"", ""Yk"", ""fL"", ""hL"", ""ql"", ""tK""]",[],28
Y1v,73514,73546,"[""A13F"", ""h03S""]","[""Cos"", ""CreateGroup"", ""CreateTimer"", ""CreateUnit"", ""GetHandleId"", ""GetOwningPlayer"", ""GetSpellAbilityUnit"", ""GetUnitAbilityLevel"", ""GetUnitX"", ""GetUnitY"", ""SaveGroupHandle"", ""SaveInteger"", ""SaveReal"", ""SaveUnitHandle"", ""SetUnitPosition"", ""Sin"", ""TimerStart""]","[""Y_v""]",15
Y2v,73547,73552,"[""A13F""]","[""GetSpellAbilityId"", ""Y1v""]",[],3
mY,73553,73575,"[""A139"", ""A13A"", ""h00V"", ""h03S"", ""n09M""]","[""Condition"", ""CreateTrigger"", ""Lz"", ""Nl"", ""TriggerAddCondition"", ""nl""]","[""Y2v"", ""YUv"", ""YZv"", ""Yyv""]",21
Y7v,73576,73594,[],"[""CreateGroup"", ""DestroyGroup"", ""FirstOfGroup"", ""GetOwningPlayer"", ""GetWidgetLife"", ""GroupEnumUnitsInRange"", ""GroupRemoveUnit"", ""IsUnitEnemy"", ""IsUnitType"", ""hL""]",[],5
Y8v,73595,73666,"[""A0XI"", ""n09T""]","[""Cos"", ""CreateUnit"", ""Deg2Rad"", ""GetOwningPlayer"", ""GetSpellAbilityId"", ""GetSpellAbilityUnit"", ""GetSpellTargetX"", ""GetSpellTargetY"", ""GetUnitAbilityLevel"", ""GetUnitFacing"", ""GetUnitX"", ""GetUnitY"", ""SetUnitX"", ""SetUnitY"", ""Sin"", ""Y7v"", ""ZK"", ""hl""]",[],38
zvv,73667,73747,"[""A0K4""]","[""AddSpecialEffectTarget"", ""Cos"", ""CreateGroup"", ""DT"", ""DestroyEffect"", ""DestroyGroup"", ""FirstOfGroup"", ""FlushChildHashtable"", ""GetHandleId"", ""GetLocalPlayer"", ""GetOwningPlayer"", ""GetTriggerEvalCount"", ""GetTriggeringTrigger"", ""GetUnitAbilityLevel"", ""GetUnitState"", ""GetUnitX"", ""GetUnitY"", ""GroupAddUnit"", ""GroupEnumUnitsInRange"", ""GroupRemoveUnit"", ""IsUnitAlly"", ""IsUnitEnemy"", ""IsUnitInGroup"", ""IsUnitType"", ""LoadGroupHandle"", ""LoadInteger"", ""LoadReal"", ""LoadUnitHandle"", ""PanCameraToTimed"", ""PauseUnit"", ""RemoveUnit"", ""SelectUnit"", ""SetUnitFlyHeight"", ""SetUnitPathing"", ""SetUnitX"", ""SetUnitY"", ""ShowUnit"", ""Sin"", ""eZ"", ""fL"", ""hL"", ""iL"", ""nL""]",[],23
zev,73748,73782,"[""A0NU"", ""n09U""]","[""Atan2"", ""Condition"", ""Cos"", ""CreateGroup"", ""CreateTrigger"", ""CreateUnit"", ""GetHandleId"", ""GetOwningPlayer"", ""GetSpellTargetX"", ""GetSpellTargetY"", ""GetTriggerUnit"", ""GetUnitAbilityLevel"", ""GetUnitX"", ""GetUnitY"", ""PauseUnit"", ""SaveGroupHandle"", ""SaveInteger"", ""SaveReal"", ""SaveUnitHandle"", ""SetUnitPathing"", ""ShowUnit"", ""Sin"", ""TriggerAddCondition"", ""TriggerRegisterTimerEvent""]","[""zvv""]",18
zxv,73783,73801,"[""A0K4"", ""A0PA""]","[""AddSpecialEffectTarget"", ""DestroyEffect"", ""GetHandleId"", ""GetOwningPlayer"", ""GetSpellAbilityId"", ""GetSpellAbilityUnit"", ""GetTriggeringTrigger"", ""GetUnitAbilityLevel"", ""GetUnitState"", ""GetUnitX"", ""GetUnitY"", ""I2R"", ""IsUnitAlly"", ""IsUnitHidden"", ""LoadUnitHandle"", ""Uk"", ""fL"", ""hK"", ""hl""]",[],4
zov,73802,73812,[],"[""Condition"", ""CreateTrigger"", ""GetHandleId"", ""GetTriggerUnit"", ""Lz"", ""SaveUnitHandle"", ""TriggerAddCondition""]","[""zxv""]",1
zrv,73813,73868,"[""A0XH"", ""B09O"", ""n09V""]","[""AddHeroXP"", ""CreateUnit"", ""DT"", ""FlushChildHashtable"", ""GetHandleId"", ""GetHeroXP"", ""GetLocalPlayer"", ""GetOwningPlayer"", ""GetTriggerEventId"", ""GetTriggeringTrigger"", ""GetUnitState"", ""GetUnitX"", ""GetUnitY"", ""GroupRemoveUnit"", ""I2R"", ""LoadInteger"", ""LoadReal"", ""LoadUnitHandle"", ""PanCameraToTimed"", ""R2I"", ""ReviveHero"", ""SelectUnit"", ""SetUnitState"", ""SetUnitX"", ""SetUnitY"", ""UnitRemoveAbility"", ""ZK"", ""eZ"", ""xK""]",[],17
zEv,73869,73911,"[""A0XH"", ""A0XJ"", ""E00E"", ""E00J"", ""O00D"", ""U00T""]","[""Condition"", ""CreateGroup"", ""CreateTrigger"", ""DestroyGroup"", ""FirstOfGroup"", ""GetHandleId"", ""GetHeroXP"", ""GetOwningPlayer"", ""GetSpellAbilityId"", ""GetSpellAbilityUnit"", ""GetSpellTargetX"", ""GetSpellTargetY"", ""GetUnitAbilityLevel"", ""GetUnitTypeId"", ""GetWidgetLife"", ""GroupEnumUnitsInRange"", ""GroupRemoveUnit"", ""I2R"", ""IsUnitAlly"", ""IsUnitIllusion"", ""IsUnitType"", ""SaveInteger"", ""SaveReal"", ""SaveUnitHandle"", ""TriggerAddCondition"", ""TriggerRegisterTimerEvent"", ""TriggerRegisterUnitEvent"", ""UnitAddAbility""]","[""zrv""]",14
zXv,73912,73923,"[""A0NT"", ""A0NU"", ""A0Q8"", ""A0XI"", ""A0XJ""]","[""GetSpellAbilityId"", ""Y8v"", ""zEv"", ""zev""]",[],4
zOv,73924,73929,"[""A0PA""]","[""GetLearnedSkill"", ""GetLearningUnit"", ""GetUnitAbilityLevel"", ""IsUnitIllusion"", ""zov""]",[],1
pY,73930,73941,"[""A0XH"", ""n09T"", ""n09U"", ""n09V""]","[""Condition"", ""CreateTrigger"", ""Lz"", ""Nl"", ""TriggerAddCondition"", ""nl""]","[""zOv"", ""zXv""]",4
zAv,73942,74003,"[""A032"", ""A04R"", ""B014""]","[""AddSpecialEffectTarget"", ""Cm"", ""CreateGroup"", ""DestroyEffect"", ""DestroyGroup"", ""FirstOfGroup"", ""GetExpiredTimer"", ""GetHandleId"", ""GetOwningPlayer"", ""GetUnitAbilityLevel"", ""GetUnitState"", ""GetUnitX"", ""GetUnitY"", ""GroupAddUnit"", ""GroupEnumUnitsInRange"", ""GroupRemoveUnit"", ""I2R"", ""IsUnitEnemy"", ""IsUnitInGroup"", ""LoadEffectHandle"", ""LoadGroupHandle"", ""LoadInteger"", ""LoadReal"", ""LoadUnitHandle"", ""RemoveUnit"", ""SaveEffectHandle"", ""SaveInteger"", ""SaveReal"", ""SetUnitAnimationByIndex"", ""UnitRemoveAbility"", ""hL"", ""tK""]",[],24
zNv,74004,74018,"[""h011""]","[""CreateGroup"", ""CreateTimer"", ""CreateUnit"", ""GetHandleId"", ""GetOwningPlayer"", ""GetSpellAbilityUnit"", ""GetUnitX"", ""GetUnitY"", ""SaveGroupHandle"", ""SaveReal"", ""SaveUnitHandle"", ""TimerStart""]","[""zAv""]",7
zbv,74019,74024,"[""A032""]","[""GetSpellAbilityId"", ""zNv""]",[],1
zBv,74025,74035,"[""ANNN""]","[""DestroyEffect"", ""GetExpiredTimer"", ""GetHandleId"", ""LoadEffectHandle"", ""LoadUnitHandle"", ""SetUnitInvulnerable"", ""UnitRemoveAbility"", ""tK""]",[],2
zcv,74036,74049,"[""A033"", ""ANNN""]","[""AddSpecialEffectTarget"", ""CreateTimer"", ""GetHandleId"", ""GetSpellAbilityUnit"", ""GetUnitAbilityLevel"", ""I2R"", ""SaveEffectHandle"", ""SaveUnitHandle"", ""SetUnitInvulnerable"", ""TimerStart"", ""UnitAddAbility""]","[""zBv""]",4
zCv,74050,74055,"[""A033""]","[""GetSpellAbilityId"", ""zcv""]",[],1
zdv,74056,74116,"[""A04R"", ""A0P4""]","[""AddSpecialEffectTarget"", ""Cm"", ""DT"", ""DestroyEffect"", ""DisableTrigger"", ""FlushChildHashtable"", ""GetEventDamage"", ""GetEventDamageSource"", ""GetHandleId"", ""GetRandomInt"", ""GetTriggerEventId"", ""GetTriggeringTrigger"", ""GetUnitAbilityLevel"", ""GetUnitX"", ""GetUnitY"", ""I2R"", ""I2S"", ""LoadEffectHandle"", ""LoadInteger"", ""LoadReal"", ""LoadUnitHandle"", ""R2I"", ""SaveBoolean"", ""SaveEffectHandle"", ""SaveInteger"", ""SaveReal"", ""hL"", ""ql""]",[],23
zFv,74117,74133,[],"[""Condition"", ""CreateTrigger"", ""GetAttacker"", ""GetHandleId"", ""GetTriggerUnit"", ""GetTriggeringTrigger"", ""LoadUnitHandle"", ""SaveUnitHandle"", ""TriggerAddCondition"", ""TriggerRegisterTimerEvent"", ""TriggerRegisterUnitEvent""]","[""zdv""]",5
zgv,74134,74141,[],"[""GetAttacker"", ""GetHandleId"", ""LoadInteger"", ""TS"", ""zFv""]",[],2
zGv,74142,74147,"[""A04R"", ""A0P4""]","[""GetAttacker"", ""GetHandleId"", ""GetOwningPlayer"", ""GetTriggerUnit"", ""GetTriggeringTrigger"", ""GetUnitAbilityLevel"", ""IsUnitEnemy"", ""IsUnitType"", ""LoadUnitHandle"", ""zgv""]",[],1
zhv,74148,74175,"[""A0P4""]","[""GetEventDamage"", ""GetHandleId"", ""GetTriggerEventId"", ""GetTriggerUnit"", ""GetTriggeringTrigger"", ""GetUnitAbilityLevel"", ""GetWidgetLife"", ""LoadBoolean"", ""LoadReal"", ""LoadUnitHandle"", ""SaveBoolean"", ""SaveReal""]",[],11
zHv,74176,74203,"[""h011""]","[""Condition"", ""CreateTrigger"", ""CreateUnit"", ""GetHandleId"", ""GetLearningUnit"", ""GetOwningPlayer"", ""GetUnitX"", ""GetUnitY"", ""LoadBoolean"", ""Lz"", ""SaveBoolean"", ""SaveInteger"", ""SaveReal"", ""SaveUnitHandle"", ""TriggerAddAction"", ""TriggerAddCondition"", ""TriggerRegisterTimerEvent"", ""TriggerRegisterUnitEvent""]","[""zGv"", ""zhv""]",10
zjv,74204,74209,"[""A04R"", ""A0P4""]","[""GetLearnedSkill"", ""GetTriggerUnit"", ""IsUnitIllusion"", ""zHv""]",[],1
PY,74210,74223,[],"[""Condition"", ""CreateTrigger"", ""Lz"", ""TriggerAddCondition""]","[""zCv"", ""zbv"", ""zjv""]",0
zlv,74224,74250,[],"[""Atan2"", ""Cos"", ""FirstOfGroup"", ""GetOwningPlayer"", ""GetUnitX"", ""GetUnitY"", ""GroupEnumUnitsInRange"", ""GroupRemoveUnit"", ""IsUnitEnemy"", ""SetUnitPosition"", ""Sin"", ""SquareRoot"", ""Uk"", ""eL""]",[],8
zLv,74251,74310,[],"[""Cos"", ""CreateGroup"", ""DestroyGroup"", ""DestroyTimer"", ""FlushChildHashtable"", ""GetExpiredTimer"", ""GetHandleId"", ""LoadInteger"", ""LoadReal"", ""LoadUnitHandle"", ""RemoveUnit"", ""SaveReal"", ""SetUnitPosition"", ""Sin"", ""zlv""]",[],23
zPv,74311,74357,"[""A1B3"", ""h056""]","[""CreateGroup"", ""CreateTimer"", ""CreateUnit"", ""DestroyGroup"", ""FirstOfGroup"", ""GetHandleId"", ""GetOwningPlayer"", ""GetSpellTargetX"", ""GetSpellTargetY"", ""GetTriggerUnit"", ""GetUnitAbilityLevel"", ""GroupEnumUnitsInRange"", ""GroupRemoveUnit"", ""IsUnitEnemy"", ""SaveInteger"", ""SaveReal"", ""SaveUnitHandle"", ""SetUnitFlyHeight"", ""TimerStart"", ""Uk"", ""hL""]","[""zLv""]",22
zqv,74358,74444,"[""A1B4""]","[""Atan2"", ""Cos"", ""DT"", ""DestroyGroup"", ""DestroyLightning"", ""DisableTrigger"", ""EnableTrigger"", ""FirstOfGroup"", ""FlushChildHashtable"", ""GetEventDamage"", ""GetHandleId"", ""GetOwningPlayer"", ""GetTriggerEventId"", ""GetTriggeringTrigger"", ""GetUnitAbilityLevel"", ""GetUnitX"", ""GetUnitY"", ""GetWidgetLife"", ""Gl"", ""GroupRemoveUnit"", ""I2S"", ""IsUnitEnemy"", ""LoadGroupHandle"", ""LoadInteger"", ""LoadLightningHandle"", ""LoadReal"", ""LoadUnitHandle"", ""MoveLightningEx"", ""RemoveUnit"", ""SaveInteger"", ""SetLightningColor"", ""SetUnitX"", ""SetUnitY"", ""Sin"", ""StringHash"", ""Uk"", ""hL"", ""hl""]",[],38
zQv,74445,74499,"[""A1B4"", ""h055""]","[""AddLightningEx"", ""Condition"", ""CreateGroup"", ""CreateTrigger"", ""CreateUnit"", ""DestroyGroup"", ""FirstOfGroup"", ""GetHandleId"", ""GetOwningPlayer"", ""GetSpellAbilityUnit"", ""GetSpellTargetX"", ""GetSpellTargetY"", ""GetUnitAbilityLevel"", ""GetUnitX"", ""GetUnitY"", ""GetWidgetLife"", ""GroupAddUnit"", ""GroupEnumUnitsInRange"", ""GroupRemoveUnit"", ""I2S"", ""IsUnitEnemy"", ""IsUnitInGroup"", ""IsUnitType"", ""Player"", ""SaveGroupHandle"", ""SaveInteger"", ""SaveLightningHandle"", ""SaveReal"", ""SaveUnitHandle"", ""SetLightningColor"", ""SetUnitX"", ""SetUnitY"", ""StringHash"", ""TriggerAddCondition"", ""TriggerRegisterTimerEvent"", ""TriggerRegisterUnitEvent""]","[""zqv""]",20
zsv,74500,74541,[],"[""Cos"", ""CreateGroup"", ""DestroyGroup"", ""DestroyTimer"", ""FirstOfGroup"", ""FlushChildHashtable"", ""GetExpiredTimer"", ""GetHandleId"", ""GetOwningPlayer"", ""GetUnitX"", ""GetUnitY"", ""GetWidgetLife"", ""GroupAddUnit"", ""GroupEnumUnitsInRange"", ""GroupRemoveUnit"", ""IsUnitEnemy"", ""IsUnitInGroup"", ""LoadGroupHandle"", ""LoadReal"", ""LoadUnitHandle"", ""PauseTimer"", ""RemoveUnit"", ""SaveReal"", ""SetUnitX"", ""SetUnitY"", ""Sin"", ""hL""]",[],13
zSv,74542,74565,"[""h056""]","[""CreateGroup"", ""CreateTimer"", ""CreateUnit"", ""GetHandleId"", ""GetOwningPlayer"", ""GetUnitX"", ""GetUnitY"", ""SaveGroupHandle"", ""SaveReal"", ""SaveUnitHandle"", ""TimerStart""]","[""zsv""]",12
zTv,74566,74576,[],"[""DestroyTimer"", ""FlushChildHashtable"", ""GetExpiredTimer"", ""GetHandleId"", ""LoadUnitHandle"", ""PauseTimer"", ""SaveInteger"", ""StringHash""]",[],2
zUv,74577,74586,"[""A1B5""]","[""CreateTimer"", ""GetHandleId"", ""GetUnitAbilityLevel"", ""SaveInteger"", ""SaveUnitHandle"", ""StringHash"", ""TimerStart""]","[""zTv""]",4
zwv,74587,74597,[],"[""DestroyTimer"", ""FlushChildHashtable"", ""GetExpiredTimer"", ""GetHandleId"", ""LoadUnitHandle"", ""PauseTimer"", ""zUv""]",[],1
zWv,74598,74624,"[""A1B5""]","[""AddSpecialEffectTarget"", ""Cm"", ""CreateTimer"", ""DestroyEffect"", ""GetHandleId"", ""GetTriggerUnit"", ""GetUnitAbilityLevel"", ""LoadEffectHandle"", ""LoadInteger"", ""RemoveSavedHandle"", ""SaveEffectHandle"", ""SaveInteger"", ""SaveUnitHandle"", ""StringHash"", ""TimerStart"", ""zSv""]","[""zwv""]",14
zYv,74625,74634,[],"[""Condition"", ""CreateTrigger"", ""GetHandleId"", ""GetLearningUnit"", ""TriggerAddCondition"", ""TriggerRegisterUnitEvent"", ""zUv""]","[""zWv""]",0
zzv,74635,74641,[],"[""Cos"", ""GetRandomReal"", ""Location"", ""Sin""]",[],5
zZv,74642,74689,[],"[""CreateGroup"", ""DestroyGroup"", ""FirstOfGroup"", ""GetOwningPlayer"", ""GetUnitState"", ""GetUnitX"", ""GetUnitY"", ""GroupEnumUnitsInRange"", ""GroupRemoveUnit"", ""IsUnitAlly"", ""Uk"", ""fL""]",[],30
z7v,74690,74736,[],"[""Atan2"", ""Cos"", ""DestroyTimer"", ""FlushChildHashtable"", ""GetExpiredTimer"", ""GetHandleId"", ""GetUnitState"", ""GetUnitX"", ""GetUnitY"", ""LoadInteger"", ""LoadReal"", ""LoadUnitHandle"", ""RemoveUnit"", ""SaveReal"", ""SetUnitPosition"", ""SetUnitX"", ""SetUnitY"", ""Sin"", ""SquareRoot"", ""Uk"", ""hL"", ""zZv""]",[],22
Zev,74737,74793,"[""h054""]","[""Atan2"", ""CreateTimer"", ""CreateUnit"", ""DestroyTimer"", ""FlushChildHashtable"", ""GetExpiredTimer"", ""GetHandleId"", ""GetLocationX"", ""GetLocationY"", ""GetOwningPlayer"", ""GetRandomInt"", ""GetUnitX"", ""GetUnitY"", ""LoadInteger"", ""LoadReal"", ""LoadUnitHandle"", ""RemoveLocation"", ""SaveInteger"", ""SaveReal"", ""SaveUnitHandle"", ""TimerStart"", ""zzv""]","[""z7v""]",33
Zav,74794,74840,"[""A1B6""]","[""Cm"", ""CreateGroup"", ""CreateTimer"", ""DestroyGroup"", ""FirstOfGroup"", ""GetHandleId"", ""GetOwningPlayer"", ""GetSpellTargetX"", ""GetSpellTargetY"", ""GetTriggerUnit"", ""GetUnitAbilityLevel"", ""GroupEnumUnitsInRange"", ""GroupRemoveUnit"", ""IsUnitEnemy"", ""IsUnitType"", ""SaveInteger"", ""SaveReal"", ""SaveUnitHandle"", ""TimerStart""]","[""Zev""]",22
ZEv,74841,74852,"[""A1B3"", ""A1B4"", ""A1B6""]","[""GetSpellAbilityId"", ""Zav"", ""zPv"", ""zQv""]",[],3
ZXv,74853,74858,"[""A1B5""]","[""GetLearnedSkill"", ""GetLearningUnit"", ""GetUnitAbilityLevel"", ""IsUnitIllusion"", ""zYv""]",[],1
uW,74859,74871,"[""h054"", ""h055"", ""h056""]","[""Condition"", ""CreateTrigger"", ""Lz"", ""TriggerAddCondition"", ""nl""]","[""ZEv"", ""ZXv""]",3
ZIv,74872,74923,"[""A09O"", ""A11X"", ""B097""]","[""DestroyGroup"", ""FirstOfGroup"", ""GetExpiredTimer"", ""GetHandleId"", ""GetOwningPlayer"", ""GetUnitAbilityLevel"", ""GetWidgetLife"", ""Gl"", ""GroupRemoveUnit"", ""IsUnitEnemy"", ""LoadGroupHandle"", ""LoadInteger"", ""LoadUnitHandle"", ""SaveGroupHandle"", ""SaveInteger"", ""UnitRemoveAbility"", ""fL"", ""hL"", ""tK""]",[],15
ZAv,74924,74955,"[""A0K4"", ""A11X""]","[""CreateGroup"", ""CreateTimer"", ""DestroyGroup"", ""FirstOfGroup"", ""GetHandleId"", ""GetSpellAbilityUnit"", ""GetSpellTargetX"", ""GetSpellTargetY"", ""GetUnitAbilityLevel"", ""GetWidgetLife"", ""GroupAddUnit"", ""GroupEnumUnitsInRange"", ""GroupRemoveUnit"", ""IsUnitType"", ""SaveGroupHandle"", ""SaveInteger"", ""SaveUnitHandle"", ""TimerStart"", ""UnitAddAbility""]","[""ZIv""]",8
ZNv,74956,74961,"[""A09O""]","[""GetSpellAbilityId"", ""ZAv""]",[],1
Zbv,74962,75005,"[""A0HN"", ""A0K4"", ""h01O""]","[""AddSpecialEffectTarget"", ""CreateGroup"", ""CreateUnit"", ""DestroyGroup"", ""FirstOfGroup"", ""GetOwningPlayer"", ""GetSpellAbilityId"", ""GetSpellAbilityUnit"", ""GetUnitAbilityLevel"", ""GetUnitState"", ""GetUnitX"", ""GetUnitY"", ""GetWidgetLife"", ""GroupEnumUnitsInRange"", ""GroupRemoveUnit"", ""I2R"", ""IsUnitAlly"", ""IsUnitEnemy"", ""IsUnitType"", ""SetUnitScale"", ""ZK"", ""fL"", ""hL""]",[],14
ZBv,75006,75011,"[""A0HM"", ""A0HN""]","[""GetSpellAbilityId"", ""Zbv""]",[],1
Zcv,75012,75037,"[""A08I"", ""A09Y""]","[""GetEventDamage"", ""GetEventDamageSource"", ""GetHandleId"", ""GetOwningPlayer"", ""GetTriggerUnit"", ""GetTriggeringTrigger"", ""GetUnitAbilityLevel"", ""GetWidgetLife"", ""I2R"", ""IsUnitEnemy"", ""LoadUnitHandle"", ""hL""]",[],8
ZCv,75038,75051,[],"[""Condition"", ""CreateTrigger"", ""GetHandleId"", ""GetLearningUnit"", ""LoadBoolean"", ""SaveBoolean"", ""SaveUnitHandle"", ""TriggerAddCondition"", ""TriggerRegisterUnitEvent""]","[""Zcv""]",3
Zdv,75052,75057,"[""A08I"", ""A09Y""]","[""GetLearnedSkill"", ""GetLearningUnit"", ""IsUnitIllusion"", ""ZCv""]",[],1
ZDv,75058,75060,[],"[""GetFilterUnit"", ""GetOwningPlayer"", ""GetSpellAbilityUnit"", ""GetWidgetLife"", ""IsUnitEnemy"", ""IsUnitType""]",[],1
Zfv,75061,75103,"[""A0P3""]","[""CountUnitsInGroup"", ""DestroyGroup"", ""FirstOfGroup"", ""GetExpiredTimer"", ""GetHandleId"", ""GetOwningPlayer"", ""GetUnitAbilityLevel"", ""GetUnitState"", ""GetWidgetLife"", ""Gl"", ""GroupRemoveUnit"", ""I2R"", ""LoadGroupHandle"", ""LoadInteger"", ""LoadUnitHandle"", ""SaveGroupHandle"", ""SaveInteger"", ""hL"", ""tK""]",[],13
ZFv,75104,75148,"[""A0P2"", ""A0P3"", ""BTLF"", ""h011""]","[""Condition"", ""CreateGroup"", ""CreateTimer"", ""CreateUnit"", ""DestroyBoolExpr"", ""DestroyGroup"", ""FirstOfGroup"", ""GetHandleId"", ""GetOwningPlayer"", ""GetSpellAbilityUnit"", ""GetUnitAbilityLevel"", ""GetUnitX"", ""GetUnitY"", ""Gl"", ""GroupEnumUnitsInRange"", ""GroupRemoveUnit"", ""I2R"", ""IssueTargetOrderById"", ""SaveGroupHandle"", ""SaveInteger"", ""SaveUnitHandle"", ""SetUnitAbilityLevel"", ""TimerStart"", ""UK"", ""UnitAddAbility"", ""UnitApplyTimedLife"", ""hL""]","[""ZDv"", ""Zfv""]",13
Zgv,75149,75154,"[""A0P3""]","[""GetSpellAbilityId"", ""ZFv""]",[],1
qY,75155,75173,"[""A0P2""]","[""Condition"", ""CreateTrigger"", ""Lz"", ""Nl"", ""TriggerAddCondition""]","[""ZBv"", ""ZNv"", ""Zdv"", ""Zgv""]",1
ZJv,75174,75208,"[""B0AG""]","[""GetExpiredTimer"", ""GetHandleId"", ""GetHeroAgi"", ""GetHeroInt"", ""GetHeroStr"", ""GetOwningPlayer"", ""GetUnitAbilityLevel"", ""IsUnitEnemy"", ""IssueTargetOrderById"", ""LoadInteger"", ""LoadUnitHandle"", ""SaveInteger"", ""SetHeroAgi"", ""SetHeroInt"", ""SetHeroStr"", ""StringHash"", ""UnitRemoveAbility"", ""fL"", ""hL"", ""tK""]",[],18
ZKv,75209,75226,"[""A16L""]","[""CreateTimer"", ""GetHandleId"", ""GetHeroAgi"", ""GetHeroInt"", ""GetHeroStr"", ""IssueTargetOrderById"", ""LoadUnitHandle"", ""SaveInteger"", ""SaveUnitHandle"", ""SetHeroAgi"", ""SetHeroInt"", ""SetHeroStr"", ""SetUnitAbilityLevel"", ""StringHash"", ""TimerStart""]","[""ZJv""]",11
Zlv,75227,75255,"[""A0K4"", ""A16A"", ""h01O""]","[""AddSpecialEffectTarget"", ""CreateGroup"", ""CreateUnit"", ""DestroyGroup"", ""FirstOfGroup"", ""GetOwningPlayer"", ""GetSpellAbilityUnit"", ""GetSpellTargetX"", ""GetSpellTargetY"", ""GetUnitAbilityLevel"", ""GroupEnumUnitsInRange"", ""GroupRemoveUnit"", ""IsUnitType"", ""Uk"", ""ZK"", ""ZKv""]",[],6
ZLv,75256,75294,"[""A16B"", ""A16F"", ""B0AD""]","[""DT"", ""DisableTrigger"", ""FlushChildHashtable"", ""GetEventDamageSource"", ""GetHandleId"", ""GetHeroAgi"", ""GetHeroInt"", ""GetHeroStr"", ""GetTriggerEventId"", ""GetTriggerUnit"", ""GetTriggeringTrigger"", ""GetUnitAbilityLevel"", ""LoadUnitHandle"", ""UnitRemoveAbility"", ""fL"", ""hL""]",[],13
Zmv,75295,75316,[],"[""Condition"", ""CreateTrigger"", ""GetAttacker"", ""GetHandleId"", ""GetSpellTargetUnit"", ""GetTriggerEventId"", ""GetTriggerUnit"", ""IsUnitIllusion"", ""SaveUnitHandle"", ""TriggerAddCondition"", ""TriggerRegisterTimerEvent"", ""TriggerRegisterUnitEvent""]","[""ZLv""]",2
ZMv,75317,75332,"[""A16B"", ""A16F""]","[""GetAttacker"", ""GetHandleId"", ""GetIssuedOrderId"", ""GetSpellAbilityId"", ""GetTriggerEventId"", ""GetTriggerUnit"", ""GetTriggeringTrigger"", ""GetUnitAbilityLevel"", ""IsUnitType"", ""LoadBoolean"", ""LoadUnitHandle"", ""SaveBoolean"", ""StringHash"", ""Zmv""]",[],4
Zpv,75333,75341,[],"[""Condition"", ""CreateTrigger"", ""GetHandleId"", ""GetTriggerUnit"", ""Lz"", ""SaveUnitHandle"", ""TriggerAddCondition"", ""TriggerRegisterUnitEvent""]","[""ZMv""]",1
ZPv,75342,75361,[],"[""FirstOfGroup"", ""GetRandomInt"", ""GroupRemoveUnit""]",[],5
Zqv,75362,75367,[],"[""CreateTimer"", ""GetHandleId"", ""LoadUnitHandle"", ""SaveBoolean"", ""StringHash"", ""tK""]",[],1
ZQv,75368,75420,"[""A0K4"", ""A16A"", ""A16D""]","[""CreateGroup"", ""CreateTimer"", ""DestroyGroup"", ""FirstOfGroup"", ""GetHandleId"", ""GetOwningPlayer"", ""GetTriggeringTrigger"", ""GetUnitAbilityLevel"", ""GetUnitX"", ""GetUnitY"", ""GroupAddUnit"", ""GroupEnumUnitsInRange"", ""GroupRemoveUnit"", ""IsUnitHidden"", ""IsUnitType"", ""LoadBoolean"", ""LoadInteger"", ""LoadUnitHandle"", ""SaveBoolean"", ""SaveInteger"", ""SaveUnitHandle"", ""StringHash"", ""TimerStart"", ""Uk"", ""Yk"", ""ZKv"", ""ZPv""]","[""Zqv""]",11
ZSv,75421,75427,[],"[""Condition"", ""CreateTrigger"", ""GetHandleId"", ""GetLearningUnit"", ""SaveUnitHandle"", ""TriggerAddCondition"", ""TriggerRegisterTimerEvent""]","[""ZQv""]",2
Ztv,75428,75451,"[""A16K"", ""B0AC""]","[""GetAttacker"", ""GetHandleId"", ""GetHeroAgi"", ""GetHeroInt"", ""GetHeroStr"", ""GetOwningPlayer"", ""GetRandomInt"", ""GetTriggeringTrigger"", ""GetUnitAbilityLevel"", ""IsUnitEnemy"", ""IssueTargetOrderById"", ""LoadInteger"", ""LoadUnitHandle"", ""SetUnitAbilityLevel"", ""StringHash"", ""hL""]",[],9
ZTv,75452,75511,"[""A16I"", ""B0AC""]","[""CreateGroup"", ""DT"", ""DestroyGroup"", ""FirstOfGroup"", ""FlushChildHashtable"", ""GetExpiredTimer"", ""GetHandleId"", ""GetHeroAgi"", ""GetHeroInt"", ""GetHeroStr"", ""GetOwningPlayer"", ""GetUnitState"", ""GetUnitX"", ""GetUnitY"", ""GetWidgetLife"", ""Gl"", ""GroupAddUnit"", ""GroupEnumUnitsInRange"", ""GroupRemoveUnit"", ""IsUnitEnemy"", ""IsUnitInGroup"", ""IsUnitType"", ""LoadGroupHandle"", ""LoadInteger"", ""LoadTriggerHandle"", ""LoadUnitHandle"", ""RemoveUnit"", ""SaveInteger"", ""SetUnitState"", ""SetWidgetLife"", ""UnitAddAbility"", ""UnitRemoveAbility"", ""tK""]",[],15
Zuv,75512,75544,"[""A16G"", ""h042""]","[""Condition"", ""CreateGroup"", ""CreateTimer"", ""CreateTrigger"", ""CreateUnit"", ""GetHandleId"", ""GetOwningPlayer"", ""GetSpellAbilityId"", ""GetSpellAbilityUnit"", ""GetSpellTargetX"", ""GetSpellTargetY"", ""GetUnitAbilityLevel"", ""Lz"", ""SaveGroupHandle"", ""SaveInteger"", ""SaveTriggerHandle"", ""SaveUnitHandle"", ""TimerStart"", ""TriggerAddCondition""]","[""ZTv"", ""Ztv""]",12
ZUv,75545,75553,"[""A16A"", ""A16E"", ""A16G""]","[""GetSpellAbilityId"", ""Zlv"", ""Zuv""]",[],2
Zwv,75554,75570,"[""B0AG""]","[""GetHandleId"", ""GetHeroAgi"", ""GetHeroInt"", ""GetHeroStr"", ""GetOwningPlayer"", ""GetTriggerEventId"", ""GetTriggerUnit"", ""GetTriggeringTrigger"", ""GetUnitAbilityLevel"", ""IsUnitAlly"", ""LoadUnitHandle"", ""UnitRemoveAbility"", ""fL""]",[],4
ZWv,75571,75596,"[""A16J"", ""A16K"", ""A16L"", ""h011""]","[""Condition"", ""CreateTrigger"", ""CreateUnit"", ""GetHandleId"", ""GetLearningUnit"", ""GetOwningPlayer"", ""Lz"", ""SaveUnitHandle"", ""StringHash"", ""TriggerAddCondition"", ""UnitAddAbility""]","[""Zwv""]",7
Zyv,75597,75608,"[""A16A"", ""A16B"", ""A16D"", ""A16F""]","[""GetLearnedSkill"", ""GetLearningUnit"", ""GetTriggerUnit"", ""GetUnitAbilityLevel"", ""IsUnitIllusion"", ""ZSv"", ""ZWv"", ""Zpv""]",[],3
QY,75609,75621,"[""A16I"", ""A16J"", ""A16K"", ""A16L"", ""h042""]","[""Condition"", ""CreateTrigger"", ""Lz"", ""Nl"", ""TriggerAddCondition"", ""nl""]","[""ZUv"", ""Zyv""]",5
ZZv,75622,75625,[],"[""GetLocationZ"", ""GetUnitFlyHeight"", ""GetUnitX"", ""GetUnitY"", ""MoveLocation""]",[],0
Z_v,75626,75635,[],[],[],8
Z0v,75636,75645,[],[],[],8
Z1v,75646,75667,[],"[""DestroyLightning"", ""GetExpiredTimer"", ""GetLightningColorA"", ""GetUnitX"", ""GetUnitY"", ""MoveLightningEx"", ""SetLightningColor"", ""VJ"", ""ZZv"", ""tP"", ""uP""]",[],6
Z2v,75668,75686,[],"[""AddLightningEx"", ""GetUnitX"", ""GetUnitY"", ""I2R"", ""R2I"", ""SP"", ""TP"", ""TimerStart"", ""ZZv"", ""nJ""]","[""Z1v""]",14
Z3v,75687,75697,[],"[""AddSpecialEffectTarget"", ""DestroyEffect"", ""Z0v"", ""Z2v"", ""fL"", ""hL""]",[],8
Z4v,75698,75734,[],"[""CreateGroup"", ""DestroyGroup"", ""FirstOfGroup"", ""GetExpiredTimer"", ""GetOwningPlayer"", ""GetUnitState"", ""GetUnitX"", ""GetUnitY"", ""GroupAddUnit"", ""GroupEnumUnitsInRange"", ""GroupRemoveUnit"", ""IsUnitEnemy"", ""IsUnitInGroup"", ""IsUnitInvisible"", ""IsUnitType"", ""Z3v"", ""Z_v"", ""aJ"", ""hl"", ""tP"", ""uP""]",[],5
Z5v,75735,75752,"[""A04H"", ""A093""]","[""CreateGroup"", ""GetSpellAbilityId"", ""GetSpellTargetUnit"", ""GetTriggerUnit"", ""GetUnitAbilityLevel"", ""GroupAddUnit"", ""Location"", ""SP"", ""TP"", ""TimerStart"", ""Z3v"", ""iJ""]","[""Z4v""]",8
Z6v,75753,75765,"[""A09E"", ""A13Q"", ""h011""]","[""CreateUnit"", ""GetOwningPlayer"", ""GetUnitAbilityLevel"", ""GetUnitX"", ""GetUnitY"", ""IssueTargetOrderById"", ""SetUnitAbilityLevel"", ""UnitAddAbility"", ""ZK""]",[],9
Z7v,75766,75799,"[""A0AU"", ""A0E3"", ""B0AV"", ""BNso""]","[""DT"", ""DisableTrigger"", ""FlushChildHashtable"", ""GetEventDamageSource"", ""GetHandleId"", ""GetRandomInt"", ""GetTriggerEventId"", ""GetTriggeringTrigger"", ""GetUnitAbilityLevel"", ""LoadUnitHandle"", ""UnitAddAbility"", ""UnitRemoveAbility"", ""Z6v""]",[],12
Z8v,75800,75813,[],"[""Condition"", ""CreateTrigger"", ""GetAttacker"", ""GetHandleId"", ""GetTriggerUnit"", ""SaveUnitHandle"", ""TriggerAddCondition"", ""TriggerRegisterTimerEvent"", ""TriggerRegisterUnitEvent""]","[""Z7v""]",5
Z9v,75814,75821,[],"[""GetAttacker"", ""GetHandleId"", ""LoadInteger"", ""TS"", ""Z8v""]",[],4
vve,75822,75827,"[""A17Q""]","[""GetAttacker"", ""GetHandleId"", ""GetOwningPlayer"", ""GetTriggerUnit"", ""GetTriggeringTrigger"", ""GetUnitAbilityLevel"", ""IsUnitEnemy"", ""IsUnitType"", ""LoadUnitHandle"", ""Z9v""]",[],2
vee,75828,75834,[],"[""Condition"", ""CreateTrigger"", ""GetHandleId"", ""GetTriggerUnit"", ""Lz"", ""SaveUnitHandle"", ""TriggerAddCondition""]","[""vve""]",1
vxe,75835,75851,[],"[""DestroyTimer"", ""GetExpiredTimer"", ""GetHandleId"", ""LoadUnitHandle"", ""PauseTimer"", ""RemoveUnit""]",[],4
voe,75852,75897,"[""A0K4"", ""A17R"", ""n04V""]","[""Cos"", ""CreateGroup"", ""CreateTimer"", ""CreateUnit"", ""FirstOfGroup"", ""GetHandleId"", ""GetLocationX"", ""GetLocationY"", ""GetOwningPlayer"", ""GetSpellAbilityId"", ""GetSpellAbilityUnit"", ""GetSpellTargetLoc"", ""GetUnitAbilityLevel"", ""GetWidgetLife"", ""GroupEnumUnitsInRangeOfLoc"", ""GroupRemoveUnit"", ""I2R"", ""IsUnitEnemy"", ""IsUnitType"", ""RemoveLocation"", ""SaveUnitHandle"", ""Sin"", ""TimerStart"", ""Z6v"", ""hL""]","[""vxe""]",15
vie,75898,75906,"[""A04H"", ""A04K"", ""A093"", ""A17R""]","[""GetSpellAbilityId"", ""GetSpellTargetUnit"", ""OL"", ""Z5v"", ""voe""]",[],3
vae,75907,75912,"[""A17Q""]","[""GetLearnedSkill"", ""GetLearningUnit"", ""GetUnitAbilityLevel"", ""IsUnitIllusion"", ""vee""]",[],1
SY,75913,75924,"[""A0AU"", ""A0CM""]","[""Condition"", ""CreateTrigger"", ""Lz"", ""Nl"", ""TriggerAddCondition""]","[""vae"", ""vie""]",2
vEe,75925,75935,"[""A127"", ""B09C""]","[""GetExpiredTimer"", ""GetHandleId"", ""LoadUnitHandle"", ""SaveBoolean"", ""StringHash"", ""UnitRemoveAbility"", ""tK""]",[],3
vXe,75936,75944,"[""A127""]","[""CreateTimer"", ""GetHandleId"", ""SaveBoolean"", ""SaveUnitHandle"", ""StringHash"", ""TimerStart"", ""UnitAddAbility""]","[""vEe""]",3
vOe,75945,75981,[],"[""Atan2"", ""Cos"", ""CreateGroup"", ""DestroyGroup"", ""FirstOfGroup"", ""GetHandleId"", ""GetOwningPlayer"", ""GetUnitX"", ""GetUnitY"", ""GetWidgetLife"", ""GroupAddUnit"", ""GroupEnumUnitsInRange"", ""GroupRemoveUnit"", ""I2S"", ""IsUnitEnemy"", ""IsUnitInGroup"", ""LoadInteger"", ""SaveInteger"", ""Sin"", ""SquareRoot"", ""StringHash"", ""ql""]",[],14
vRe,75982,76040,"[""A0SG""]","[""AddSpecialEffectTarget"", ""Atan2"", ""Cos"", ""CreateGroup"", ""DestroyEffect"", ""DestroyGroup"", ""FirstOfGroup"", ""GetHandleId"", ""GetHeroAgi"", ""GetHeroInt"", ""GetHeroStr"", ""GetOwningPlayer"", ""GetUnitAbilityLevel"", ""GetUnitTypeId"", ""GetUnitX"", ""GetUnitY"", ""GetWidgetLife"", ""GroupAddUnit"", ""GroupEnumUnitsInRange"", ""GroupRemoveUnit"", ""I2R"", ""IsUnitEnemy"", ""IsUnitInGroup"", ""IsUnitType"", ""LoadInteger"", ""Sin"", ""SquareRoot"", ""StringHash"", ""cm"", ""hL""]",[],24
vIe,76041,76091,"[""A0NS"", ""A0SG""]","[""CreateGroup"", ""DestroyGroup"", ""FirstOfGroup"", ""GetExpiredTimer"", ""GetHandleId"", ""GetOwningPlayer"", ""GetRandomInt"", ""GetUnitAbilityLevel"", ""GetUnitX"", ""GetUnitY"", ""GetWidgetLife"", ""GroupEnumUnitsInRange"", ""GroupRemoveUnit"", ""I2R"", ""IsUnitAlly"", ""IssueImmediateOrderById"", ""LoadBoolean"", ""LoadGroupHandle"", ""LoadInteger"", ""LoadUnitHandle"", ""SaveBoolean"", ""SaveInteger"", ""SetPlayerAbilityAvailable"", ""StringHash"", ""UnitRemoveAbility"", ""fL"", ""tK"", ""vOe"", ""vRe"", ""vXe""]",[],17
vNe,76092,76120,[],"[""DestroyLightning"", ""GetExpiredTimer"", ""GetHandleId"", ""GetUnitX"", ""GetUnitY"", ""LoadBoolean"", ""LoadLightningHandle"", ""LoadUnitHandle"", ""MoveLightningEx"", ""SaveBoolean"", ""SetLightningColor"", ""StringHash"", ""Uk"", ""hl"", ""tK""]",[],8
vbe,76121,76151,"[""A0NS"", ""A0SG""]","[""AddLightningEx"", ""CreateGroup"", ""CreateTimer"", ""GetHandleId"", ""GetOwningPlayer"", ""GetSpellTargetUnit"", ""GetTriggerUnit"", ""GetUnitAbilityLevel"", ""GetUnitX"", ""GetUnitY"", ""SaveBoolean"", ""SaveGroupHandle"", ""SaveInteger"", ""SaveLightningHandle"", ""SaveUnitHandle"", ""SetPlayerAbilityAvailable"", ""StringHash"", ""TimerStart"", ""UnitAddAbility"", ""UnitMakeAbilityPermanent""]","[""vIe"", ""vNe""]",17
vBe,76152,76160,"[""A0NS"", ""A0SG"", ""Bbsk""]","[""GetHandleId"", ""GetOwningPlayer"", ""GetTriggerUnit"", ""GetUnitAbilityLevel"", ""SaveBoolean"", ""SetPlayerAbilityAvailable"", ""StringHash"", ""UnitRemoveAbility""]",[],3
vce,76161,76169,"[""A0NS"", ""A0SG""]","[""GetSpellAbilityId"", ""vBe"", ""vbe""]",[],2
vCe,76170,76192,"[""A0SF"", ""A0SG""]","[""Condition"", ""CreateTrigger"", ""GetLearnedSkill"", ""GetLearningUnit"", ""GetUnitAbilityLevel"", ""IsUnitIllusion"", ""SetUnitAbilityLevel"", ""TriggerAddCondition"", ""TriggerRegisterUnitEvent"", ""UnitAddAbility"", ""UnitMakeAbilityPermanent""]","[""vce""]",6
vde,76193,76297,"[""A02P""]","[""AddSpecialEffectTarget"", ""Cos"", ""CreateGroup"", ""DestroyEffect"", ""DestroyGroup"", ""FirstOfGroup"", ""GetExpiredTimer"", ""GetHandleId"", ""GetHeroAgi"", ""GetHeroInt"", ""GetHeroStr"", ""GetOwningPlayer"", ""GetRandomInt"", ""GetUnitAbilityLevel"", ""GetUnitX"", ""GetUnitY"", ""GetWidgetLife"", ""GroupAddUnit"", ""GroupEnumUnitsInRange"", ""GroupRemoveUnit"", ""I2R"", ""I2S"", ""IsUnitEnemy"", ""IsUnitInGroup"", ""IssueTargetOrderById"", ""LoadBoolean"", ""LoadGroupHandle"", ""LoadInteger"", ""LoadUnitHandle"", ""RemoveUnit"", ""SaveInteger"", ""SetHeroAgi"", ""SetUnitFacing"", ""SetUnitX"", ""SetUnitY"", ""Sin"", ""StringHash"", ""hL"", ""ql"", ""tK"", ""vXe""]",[],44
vge,76298,76334,"[""A02P"", ""A0SH"", ""h011"", ""h03G""]","[""Cos"", ""CreateGroup"", ""CreateTimer"", ""CreateUnit"", ""GetHandleId"", ""GetOwningPlayer"", ""GetTriggerUnit"", ""GetUnitAbilityLevel"", ""GetUnitX"", ""GetUnitY"", ""SaveGroupHandle"", ""SaveInteger"", ""SaveUnitHandle"", ""Sin"", ""StringHash"", ""TimerStart"", ""UnitAddAbility""]","[""vde""]",16
vhe,76335,76340,"[""A02P""]","[""GetSpellAbilityId"", ""vge""]",[],1
vHe,76341,76411,"[""A0D9""]","[""AddSpecialEffect"", ""AddSpecialEffectTarget"", ""CreateGroup"", ""DestroyEffect"", ""DestroyGroup"", ""FirstOfGroup"", ""GetHandleId"", ""GetHeroAgi"", ""GetOwningPlayer"", ""GetRandomInt"", ""GetRandomReal"", ""GetTriggeringTrigger"", ""GetUnitAbilityLevel"", ""GetUnitX"", ""GetUnitY"", ""GetWidgetLife"", ""GroupEnumUnitsInRange"", ""GroupRemoveUnit"", ""I2R"", ""IsUnitEnemy"", ""IsUnitHidden"", ""IsUnitType"", ""LoadBoolean"", ""LoadInteger"", ""LoadUnitHandle"", ""StringHash"", ""Uk"", ""Yk"", ""exitwhen"", ""hL"", ""vXe""]",[],20
vje,76412,76424,"[""h011""]","[""Condition"", ""CreateTrigger"", ""CreateUnit"", ""GetHandleId"", ""GetLearningUnit"", ""GetOwningPlayer"", ""GetUnitX"", ""GetUnitY"", ""SaveUnitHandle"", ""TriggerAddCondition"", ""TriggerRegisterTimerEvent""]","[""vHe""]",4
vJe,76425,76430,"[""A0D9""]","[""GetLearnedSkill"", ""GetLearningUnit"", ""GetTriggerUnit"", ""GetUnitAbilityLevel"", ""IsUnitIllusion"", ""vje""]",[],1
vke,76431,76440,[],"[""GetExpiredTimer"", ""GetHandleId"", ""GetHeroAgi"", ""LoadInteger"", ""LoadUnitHandle"", ""SetHeroAgi"", ""tK""]",[],3
vKe,76441,76456,[],"[""GetExpiredTimer"", ""GetHandleId"", ""LoadInteger"", ""LoadUnitHandle"", ""SaveInteger"", ""StringHash"", ""tK""]",[],9
vme,76457,76500,"[""A0A3""]","[""CreateTimer"", ""GetAttacker"", ""GetHandleId"", ""GetHeroAgi"", ""GetOwningPlayer"", ""GetRandomInt"", ""GetTriggerUnit"", ""GetTriggeringTrigger"", ""GetUnitAbilityLevel"", ""I2R"", ""IsUnitEnemy"", ""LoadBoolean"", ""LoadInteger"", ""LoadUnitHandle"", ""SaveInteger"", ""SaveUnitHandle"", ""SetHeroAgi"", ""StringHash"", ""TimerStart"", ""vXe""]","[""vKe"", ""vke""]",22
vMe,76501,76510,[],"[""Condition"", ""CreateTrigger"", ""GetHandleId"", ""GetLearningUnit"", ""Lz"", ""SaveBoolean"", ""SaveUnitHandle"", ""StringHash"", ""TriggerAddCondition""]","[""vme""]",1
vpe,76511,76516,"[""A0A3""]","[""GetLearnedSkill"", ""GetLearningUnit"", ""GetTriggerUnit"", ""GetUnitAbilityLevel"", ""IsUnitIllusion"", ""vMe""]",[],1
tY,76517,76534,"[""A0NS"", ""A0SG"", ""A127"", ""h03G""]","[""Condition"", ""CreateTrigger"", ""Lz"", ""Nl"", ""TriggerAddCondition"", ""nl""]","[""vCe"", ""vJe"", ""vhe"", ""vpe""]",4
vSe,76535,76552,[],"[""DestroyEffect"", ""GetExpiredTimer"", ""GetHandleId"", ""GetUnitX"", ""GetUnitY"", ""IssuePointOrderById"", ""LoadEffectHandle"", ""LoadReal"", ""LoadUnitHandle"", ""RemoveUnit"", ""SaveReal"", ""tK""]",[],6
vte,76553,76573,"[""A0J3"", ""h011""]","[""AddSpecialEffect"", ""CreateTimer"", ""CreateUnit"", ""GetHandleId"", ""GetOwningPlayer"", ""GetSpellAbilityUnit"", ""GetSpellTargetX"", ""GetSpellTargetY"", ""IssuePointOrderById"", ""SaveEffectHandle"", ""SaveReal"", ""SaveUnitHandle"", ""TimerStart"", ""UnitAddAbility""]","[""vSe""]",8
vTe,76574,76579,"[""A049""]","[""GetSpellAbilityId"", ""vte""]",[],1
vue,76580,76589,"[""A137"", ""B02C""]","[""GetExpiredTimer"", ""GetHandleId"", ""LoadUnitHandle"", ""UnitRemoveAbility"", ""tK""]",[],3
vUe,76590,76614,"[""A04A"", ""A0K4"", ""A137""]","[""AddSpecialEffectTarget"", ""CreateTimer"", ""DestroyEffect"", ""GetHandleId"", ""GetOwningPlayer"", ""GetSpellAbilityId"", ""GetSpellAbilityUnit"", ""GetTriggeringTrigger"", ""GetUnitAbilityLevel"", ""GetUnitX"", ""GetUnitY"", ""I2R"", ""IsUnitEnemy"", ""IsUnitHidden"", ""LoadUnitHandle"", ""SaveUnitHandle"", ""TimerStart"", ""Uk"", ""UnitAddAbility"", ""hK"", ""hL"", ""hl""]","[""vue""]",7
vwe,76615,76625,[],"[""Condition"", ""CreateTrigger"", ""GetHandleId"", ""GetTriggerUnit"", ""Lz"", ""SaveUnitHandle"", ""TriggerAddCondition""]","[""vUe""]",1
vWe,76626,76631,"[""A04A""]","[""GetLearnedSkill"", ""GetTriggerUnit"", ""GetUnitAbilityLevel"", ""IsUnitIllusion"", ""vwe""]",[],1
vye,76632,76634,"[""B093"", ""B094""]","[""GetAttacker"", ""GetOwningPlayer"", ""GetTriggerUnit"", ""GetUnitAbilityLevel"", ""IsUnitEnemy""]",[],1
vYe,76635,76652,"[""A118""]","[""AddSpecialEffectTarget"", ""DestroyEffect"", ""GetAttacker"", ""GetHandleId"", ""GetTriggeringTrigger"", ""GetUnitAbilityLevel"", ""GetUnitState"", ""GetUnitUserData"", ""I2R"", ""IsUnitType"", ""LoadUnitHandle"", ""hL""]",[],7
vze,76653,76682,"[""A11A"", ""A11C"", ""B093"", ""B094""]","[""DT"", ""DestroyGroup"", ""DestroyTimer"", ""FirstOfGroup"", ""FlushChildHashtable"", ""GetExpiredTimer"", ""GetHandleId"", ""Gl"", ""GroupRemoveUnit"", ""LoadGroupHandle"", ""LoadTriggerHandle"", ""PauseTimer"", ""UnitRemoveAbility""]",[],6
vZe,76683,76726,"[""A0K4"", ""A118"", ""A11A"", ""A11C""]","[""Condition"", ""CreateGroup"", ""CreateTimer"", ""CreateTrigger"", ""DestroyGroup"", ""FirstOfGroup"", ""GetHandleId"", ""GetOwningPlayer"", ""GetSpellAbilityUnit"", ""GetSpellTargetX"", ""GetSpellTargetY"", ""GetUnitAbilityLevel"", ""GroupAddUnit"", ""GroupEnumUnitsInRange"", ""GroupRemoveUnit"", ""IsUnitAlly"", ""IsUnitType"", ""Lz"", ""SaveGroupHandle"", ""SaveTriggerHandle"", ""SaveUnitHandle"", ""TimerStart"", ""TriggerAddAction"", ""TriggerAddCondition"", ""Uk"", ""UnitAddAbility""]","[""vYe"", ""vye"", ""vze""]",10
v_e,76727,76732,"[""A118""]","[""GetSpellAbilityId"", ""vZe""]",[],1
v0e,76733,76787,"[""A04G"", ""A08G"", ""A0K4"", ""A11A"", ""A11C"", ""B01L""]","[""AddSpecialEffectTarget"", ""CreateGroup"", ""DestroyEffect"", ""DestroyGroup"", ""FirstOfGroup"", ""GetExpiredTimer"", ""GetHandleId"", ""GetOwningPlayer"", ""GetUnitAbilityLevel"", ""GetUnitState"", ""GetWidgetLife"", ""GroupEnumUnitsInRect"", ""GroupRemoveUnit"", ""IsUnitAlly"", ""IsUnitEnemy"", ""IsUnitHidden"", ""IsUnitType"", ""LoadInteger"", ""LoadUnitHandle"", ""SaveInteger"", ""SetUnitState"", ""Uk"", ""fL"", ""hL"", ""tK""]",[],22
v1e,76788,76797,[],"[""CreateTimer"", ""GetHandleId"", ""GetTriggerUnit"", ""SaveInteger"", ""SaveUnitHandle"", ""TimerStart""]","[""v0e""]",4
v2e,76798,76803,"[""A04G"", ""A08G""]","[""GetSpellAbilityId"", ""v1e""]",[],3
uY,76804,76822,"[""A0J3""]","[""Condition"", ""CreateTrigger"", ""Lz"", ""Nl"", ""TriggerAddCondition""]","[""v2e"", ""vTe"", ""vWe"", ""v_e""]",17
v7e,76823,76876,"[""A16X"", ""A16Z"", ""B0AN""]","[""AddSpecialEffect"", ""CreateGroup"", ""DT"", ""DestroyEffect"", ""DestroyGroup"", ""FirstOfGroup"", ""FlushChildHashtable"", ""GetHandleId"", ""GetOwningPlayer"", ""GetTriggerEventId"", ""GetTriggeringTrigger"", ""GetUnitAbilityLevel"", ""GetUnitX"", ""GetUnitY"", ""GetWidgetLife"", ""GroupEnumUnitsInRange"", ""GroupRemoveUnit"", ""I2R"", ""IsUnitEnemy"", ""LoadInteger"", ""LoadUnitHandle"", ""SaveInteger"", ""StringHash"", ""UnitRemoveAbility"", ""hL""]",[],17
v8e,76877,76939,"[""A16X"", ""A16Z"", ""B0AN""]","[""Condition"", ""CreateTrigger"", ""DT"", ""DisableTrigger"", ""FlushChildHashtable"", ""GetEventDamage"", ""GetEventDamageSource"", ""GetHandleId"", ""GetOwningPlayer"", ""GetTriggerEventId"", ""GetTriggeringTrigger"", ""GetUnitAbilityLevel"", ""GetUnitUserData"", ""GetWidgetLife"", ""I2R"", ""I2S"", ""IsUnitType"", ""LoadInteger"", ""LoadUnitHandle"", ""Ql"", ""SaveInteger"", ""SaveUnitHandle"", ""StringHash"", ""TriggerAddCondition"", ""TriggerRegisterTimerEvent"", ""TriggerRegisterUnitEvent"", ""UnitAddAbility"", ""UnitRemoveAbility"", ""hL""]","[""v7e""]",28
v9e,76940,76956,[],"[""Condition"", ""CreateTrigger"", ""GetAttacker"", ""GetHandleId"", ""GetTriggerUnit"", ""GetTriggeringTrigger"", ""LoadUnitHandle"", ""SaveUnitHandle"", ""TriggerAddCondition"", ""TriggerRegisterTimerEvent"", ""TriggerRegisterUnitEvent""]","[""v8e""]",7
eve,76957,76964,[],"[""GetAttacker"", ""GetHandleId"", ""LoadInteger"", ""TS"", ""v9e""]",[],3
eee,76965,76970,"[""A16X""]","[""GetAttacker"", ""GetHandleId"", ""GetOwningPlayer"", ""GetTriggerUnit"", ""GetTriggeringTrigger"", ""GetUnitAbilityLevel"", ""IsUnitEnemy"", ""IsUnitType"", ""LoadUnitHandle"", ""eve""]",[],1
exe,76971,76983,"[""h011""]","[""Condition"", ""CreateTrigger"", ""CreateUnit"", ""GetHandleId"", ""GetOwningPlayer"", ""GetTriggerUnit"", ""Lz"", ""SaveUnitHandle"", ""TriggerAddCondition""]","[""eee""]",3
eoe,76984,76994,[],"[""GetFilterUnit"", ""GetOwningPlayer"", ""GetUnitState"", ""GetUnitX"", ""GetUnitY"", ""IsUnitAlly"", ""IsUnitInGroup"", ""IsUnitType"", ""IsUnitVisible"", ""hl""]",[],1
ere,76995,77056,"[""A16Z""]","[""Atan2"", ""Condition"", ""Cos"", ""CreateGroup"", ""DT"", ""DestroyGroup"", ""FlushChildHashtable"", ""GetHandleId"", ""GetOwningPlayer"", ""GetTriggeringTrigger"", ""GetUnitAbilityLevel"", ""GetUnitState"", ""GetUnitUserData"", ""GetUnitX"", ""GetUnitY"", ""GetWidgetLife"", ""GroupAddUnit"", ""GroupEnumUnitsInRange"", ""IsUnitType"", ""IsUnitVisible"", ""IssueTargetOrderById"", ""LoadGroupHandle"", ""LoadInteger"", ""LoadReal"", ""LoadUnitHandle"", ""RemoveUnit"", ""SaveInteger"", ""SaveUnitHandle"", ""SetUnitX"", ""SetUnitY"", ""Sin"", ""hL"", ""hl""]","[""eoe""]",38
eie,77057,77092,"[""A0O0"", ""A0P8"", ""h011"", ""h045""]","[""Cm"", ""Condition"", ""CreateGroup"", ""CreateTrigger"", ""CreateUnit"", ""GetHandleId"", ""GetOwningPlayer"", ""GetSpellTargetUnit"", ""GetTriggerUnit"", ""GetUnitAbilityLevel"", ""GetUnitFacing"", ""GetUnitX"", ""GetUnitY"", ""GroupAddUnit"", ""SaveGroupHandle"", ""SaveInteger"", ""SaveReal"", ""SaveUnitHandle"", ""SetUnitAbilityLevel"", ""SetUnitFlyHeight"", ""TriggerAddCondition"", ""TriggerRegisterTimerEvent"", ""UnitAddAbility""]","[""ere""]",17
eae,77093,77098,"[""A16W"", ""R00A""]","[""GetLearningUnit"", ""GetOwningPlayer"", ""GetUnitAbilityLevel"", ""SetPlayerTechResearched""]",[],2
ene,77099,77114,"[""A0PJ""]","[""GetSpellAbilityUnit"", ""GetSpellTargetX"", ""GetSpellTargetY"", ""GetUnitAbilityLevel"", ""GetUnitX"", ""GetUnitY"", ""I2R"", ""jZ""]",[],7
eVe,77115,77123,"[""A0O0"", ""A0PJ""]","[""GetSpellAbilityId"", ""GetSpellTargetUnit"", ""OL"", ""eie"", ""ene""]",[],2
eEe,77124,77132,"[""A16W"", ""A16X""]","[""GetLearnedSkill"", ""GetLearningUnit"", ""GetTriggerUnit"", ""GetUnitAbilityLevel"", ""IsUnitIllusion"", ""eae"", ""exe""]",[],2
UY,77133,77140,[],"[""Condition"", ""CreateTrigger"", ""Lz"", ""TriggerAddCondition""]","[""eEe"", ""eVe""]",0
eRe,77141,77191,"[""A0D0"", ""A0K4""]","[""AddSpecialEffect"", ""CreateGroup"", ""DestroyEffect"", ""DestroyGroup"", ""FirstOfGroup"", ""GetExpiredTimer"", ""GetHandleId"", ""GetOwningPlayer"", ""GetRandomReal"", ""GetUnitAbilityLevel"", ""GetUnitX"", ""GetUnitY"", ""GroupEnumUnitsInRange"", ""GroupRemoveUnit"", ""IsUnitEnemy"", ""IsUnitType"", ""LoadInteger"", ""LoadReal"", ""LoadUnitHandle"", ""RemoveUnit"", ""SaveInteger"", ""Uk"", ""exitwhen"", ""hL"", ""tK""]",[],11
eIe,77192,77227,"[""h011""]","[""CreateTimer"", ""CreateUnit"", ""GetHandleId"", ""GetOwningPlayer"", ""GetSpellAbilityUnit"", ""GetUnitX"", ""GetUnitY"", ""I2S"", ""LoadInteger"", ""LoadReal"", ""SaveInteger"", ""SaveReal"", ""SaveUnitHandle"", ""StringHash"", ""TimerStart""]","[""eRe""]",17
ebe,77228,77233,"[""A0D0""]","[""GetSpellAbilityId"", ""eIe""]",[],1
eBe,77234,77258,[],"[""GetEventDamage"", ""GetHandleId"", ""GetTriggerEventId"", ""GetTriggeringTrigger"", ""I2S"", ""LoadInteger"", ""LoadReal"", ""LoadUnitHandle"", ""SaveInteger"", ""SaveReal"", ""StringHash""]",[],7
ece,77259,77269,[],"[""Condition"", ""CreateTrigger"", ""GetHandleId"", ""GetLearningUnit"", ""SaveInteger"", ""SaveUnitHandle"", ""StringHash"", ""TriggerAddCondition"", ""TriggerRegisterTimerEvent"", ""TriggerRegisterUnitEvent""]","[""eBe""]",3
eCe,77270,77275,"[""A0D0""]","[""GetLearnedSkill"", ""GetTriggerUnit"", ""GetUnitAbilityLevel"", ""IsUnitIllusion"", ""ece""]",[],1
ede,77276,77282,[],[],[],0
eFe,77283,77307,"[""A0UX"", ""B079""]","[""DT"", ""FlushChildHashtable"", ""GetHandleId"", ""GetTriggerEvalCount"", ""GetTriggerEventId"", ""GetTriggeringTrigger"", ""GetUnitState"", ""LoadInteger"", ""LoadReal"", ""LoadUnitHandle"", ""SetUnitState"", ""UnitRemoveAbility"", ""ede""]",[],10
ege,77308,77329,[],"[""Condition"", ""DT"", ""FlushChildHashtable"", ""GetEventDamage"", ""GetHandleId"", ""GetTriggerEvalCount"", ""GetTriggerEventId"", ""GetTriggeringTrigger"", ""GetUnitState"", ""LoadTriggerHandle"", ""LoadUnitHandle"", ""SaveInteger"", ""SaveReal"", ""SetUnitState"", ""TriggerAddCondition"", ""TriggerRegisterTimerEvent""]","[""eFe""]",6
eGe,77330,77346,"[""A0UX""]","[""Condition"", ""CreateTrigger"", ""GetHandleId"", ""I2R"", ""SaveInteger"", ""SaveTriggerHandle"", ""SaveUnitHandle"", ""TriggerAddCondition"", ""TriggerRegisterTimerEvent"", ""TriggerRegisterUnitEvent"", ""UnitAddAbility"", ""UnitMakeAbilityPermanent""]","[""ege""]",8
ehe,77347,77384,[],"[""CreateGroup"", ""DestroyGroup"", ""FirstOfGroup"", ""GetExpiredTimer"", ""GetHandleId"", ""GetOwningPlayer"", ""GetUnitX"", ""GetUnitY"", ""GetWidgetLife"", ""GroupAddUnit"", ""GroupEnumUnitsInRange"", ""GroupRemoveUnit"", ""IsUnitAlly"", ""IsUnitInGroup"", ""IsUnitType"", ""LoadGroupHandle"", ""LoadInteger"", ""LoadUnitHandle"", ""RemoveUnit"", ""SaveGroupHandle"", ""SaveInteger"", ""eGe"", ""tK""]",[],9
eje,77385,77406,"[""A0UW"", ""n059""]","[""CreateGroup"", ""CreateTimer"", ""CreateUnit"", ""GetHandleId"", ""GetOwningPlayer"", ""GetSpellAbilityUnit"", ""GetSpellTargetX"", ""GetSpellTargetY"", ""GetUnitAbilityLevel"", ""SaveGroupHandle"", ""SaveInteger"", ""SaveUnitHandle"", ""SetUnitPathing"", ""SetUnitX"", ""SetUnitY"", ""TimerStart""]","[""ehe""]",8
eJe,77407,77412,"[""A0UW""]","[""GetSpellAbilityId"", ""eje""]",[],1
eke,77413,77475,"[""A0LV"", ""A13T"", ""B09Q""]","[""AddSpecialEffect"", ""CreateGroup"", ""DT"", ""DestroyEffect"", ""DestroyGroup"", ""DisableTrigger"", ""FirstOfGroup"", ""FlushChildHashtable"", ""GetEventDamage"", ""GetEventDamageSource"", ""GetHandleId"", ""GetHeroAgi"", ""GetOwningPlayer"", ""GetTriggerEventId"", ""GetTriggeringTrigger"", ""GetUnitAbilityLevel"", ""GetUnitX"", ""GetUnitY"", ""GetWidgetLife"", ""GroupEnumUnitsInRange"", ""GroupRemoveUnit"", ""I2R"", ""IsUnitEnemy"", ""LoadUnitHandle"", ""Uk"", ""UnitRemoveAbility"", ""hL"", ""xK""]",[],21
eKe,77476,77493,"[""A13T""]","[""Condition"", ""CreateTrigger"", ""GetAttacker"", ""GetHandleId"", ""GetTriggerUnit"", ""GetTriggeringTrigger"", ""LoadUnitHandle"", ""SaveUnitHandle"", ""TriggerAddCondition"", ""TriggerRegisterTimerEvent"", ""TriggerRegisterUnitEvent"", ""UnitAddAbility""]","[""eke""]",6
ele,77494,77501,[],"[""GetAttacker"", ""GetHandleId"", ""LoadInteger"", ""TS"", ""eKe""]",[],2
eLe,77502,77507,"[""A0LV""]","[""GetAttacker"", ""GetHandleId"", ""GetOwningPlayer"", ""GetTriggerUnit"", ""GetTriggeringTrigger"", ""GetUnitAbilityLevel"", ""IsUnitEnemy"", ""IsUnitType"", ""LoadUnitHandle"", ""ele""]",[],1
eme,77508,77521,"[""h011""]","[""Condition"", ""CreateTrigger"", ""CreateUnit"", ""GetHandleId"", ""GetOwningPlayer"", ""GetTriggerUnit"", ""Lz"", ""SaveUnitHandle"", ""SetUnitInvulnerable"", ""TriggerAddCondition""]","[""eLe""]",3
eMe,77522,77527,"[""A0LV""]","[""GetLearnedSkill"", ""GetLearningUnit"", ""GetTriggerUnit"", ""GetUnitAbilityLevel"", ""IsUnitIllusion"", ""eme""]",[],1
epe,77528,77536,"[""A0A8""]","[""GetExpiredTimer"", ""GetHandleId"", ""LoadInteger"", ""LoadUnitHandle"", ""SaveInteger"", ""SetUnitAbilityLevel"", ""tK""]",[],3
ePe,77537,77558,"[""A044"", ""A0A8""]","[""CreateTimer"", ""GetAttacker"", ""GetHandleId"", ""GetTriggeringTrigger"", ""GetUnitAbilityLevel"", ""LoadInteger"", ""LoadUnitHandle"", ""SaveInteger"", ""SaveUnitHandle"", ""SetUnitAbilityLevel"", ""TimerStart""]","[""epe""]",6
eqe,77559,77570,"[""A0A8""]","[""Condition"", ""CreateTrigger"", ""GetHandleId"", ""GetLearningUnit"", ""Lz"", ""SaveInteger"", ""SaveUnitHandle"", ""TriggerAddCondition"", ""UnitAddAbility"", ""UnitMakeAbilityPermanent""]","[""ePe""]",4
eQe,77571,77576,"[""A044""]","[""GetLearnedSkill"", ""GetLearningUnit"", ""GetTriggerUnit"", ""GetUnitAbilityLevel"", ""IsUnitIllusion"", ""eqe""]",[],1
wY,77577,77616,"[""A0A8"", ""A0PF"", ""A11T"", ""ANic""]","[""Condition"", ""CreateTrigger"", ""Lz"", ""Nl"", ""TriggerAddCondition""]","[""eCe"", ""eJe"", ""eMe"", ""eQe"", ""ebe""]",19
eue,77617,77683,[],"[""AddSpecialEffectLoc"", ""Cos"", ""CreateGroup"", ""DestroyEffect"", ""DestroyGroup"", ""FirstOfGroup"", ""GetExpiredTimer"", ""GetHandleId"", ""GetLocationX"", ""GetLocationY"", ""GetOwningPlayer"", ""GetUnitFacing"", ""GetUnitLoc"", ""GetWidgetLife"", ""GroupAddUnit"", ""GroupEnumUnitsInRangeOfLoc"", ""GroupRemoveUnit"", ""IsUnitEnemy"", ""IsUnitInGroup"", ""IsUnitType"", ""IssueTargetOrderById"", ""LoadEffectHandle"", ""LoadGroupHandle"", ""LoadInteger"", ""LoadReal"", ""LoadUnitHandle"", ""Location"", ""RemoveLocation"", ""RemoveUnit"", ""SaveReal"", ""SetUnitFacing"", ""SetUnitPositionLoc"", ""Sin"", ""hL"", ""tK""]",[],33
eUe,77684,77720,"[""h011"", ""h01O""]","[""AddSpecialEffectTarget"", ""Atan2"", ""CreateGroup"", ""CreateTimer"", ""CreateUnitAtLoc"", ""GetHandleId"", ""GetLocationX"", ""GetLocationY"", ""GetOwningPlayer"", ""RemoveLocation"", ""SaveEffectHandle"", ""SaveGroupHandle"", ""SaveInteger"", ""SaveReal"", ""SaveUnitHandle"", ""SetUnitAbilityLevel"", ""SetUnitFlyHeight"", ""SetUnitPathing"", ""SetUnitScale"", ""TimerStart"", ""UnitAddAbility""]","[""eue""]",20
ewe,77721,77737,"[""A10R"", ""A10S"", ""A10T""]","[""UnitAddAbility"", ""UnitRemoveAbility""]",[],12
eWe,77738,77748,[],"[""GetExpiredTimer"", ""GetHandleId"", ""LoadInteger"", ""LoadUnitHandle"", ""SaveInteger"", ""StringHash"", ""ewe"", ""tK""]",[],2
eye,77749,77777,"[""A0TP"", ""A11H"", ""BUan"", ""n026"", ""n06E"", ""n06F""]","[""AddSpecialEffectTarget"", ""CreateTimer"", ""CreateUnit"", ""DestroyEffect"", ""GetHandleId"", ""GetOwningPlayer"", ""GetSpellTargetX"", ""GetSpellTargetY"", ""GetTriggerUnit"", ""GetUnitAbilityLevel"", ""GetUnitFacing"", ""I2R"", ""LoadInteger"", ""SaveInteger"", ""SaveUnitHandle"", ""SetUnitX"", ""SetUnitY"", ""StringHash"", ""TimerStart"", ""UnitApplyTimedLife"", ""UnitRemoveAbility"", ""ewe""]","[""eWe""]",9
eYe,77778,77783,"[""A10R"", ""A10S""]","[""GetSpellAbilityId"", ""eye""]",[],1
eze,77784,77847,"[""A0OB"", ""A0TP"", ""A10M"", ""A11H"", ""BNba"", ""BUan"", ""n06E"", ""n06F""]","[""AddSpecialEffectTarget"", ""Cm"", ""CreateUnit"", ""DT"", ""DestroyEffect"", ""DisableTrigger"", ""FlushChildHashtable"", ""GetEventDamage"", ""GetEventDamageSource"", ""GetHandleId"", ""GetOwningPlayer"", ""GetTriggerEventId"", ""GetTriggerUnit"", ""GetTriggeringTrigger"", ""GetUnitAbilityLevel"", ""GetUnitFacing"", ""GetUnitLoc"", ""GetUnitTypeId"", ""GetUnitUserData"", ""GetUnitX"", ""GetUnitY"", ""GetWidgetLife"", ""I2R"", ""IsUnitIllusion"", ""IsUnitType"", ""LoadInteger"", ""LoadUnitHandle"", ""SaveInteger"", ""SetUnitX"", ""SetUnitY"", ""StringHash"", ""UnitApplyTimedLife"", ""UnitRemoveAbility"", ""eUe""]",[],17
eZe,77848,77871,"[""A0TP""]","[""Condition"", ""CreateTrigger"", ""GetAttacker"", ""GetHandleId"", ""GetSpellTargetUnit"", ""GetTriggerEventId"", ""GetTriggerUnit"", ""GetUnitAbilityLevel"", ""IsUnitIllusion"", ""SaveUnitHandle"", ""TriggerAddCondition"", ""TriggerRegisterTimerEvent"", ""TriggerRegisterUnitEvent""]","[""eze""]",3
e_e,77872,77887,"[""A0TP"", ""A10P"", ""A10Q""]","[""GetAttacker"", ""GetHandleId"", ""GetIssuedOrderId"", ""GetSpellAbilityId"", ""GetTriggerEventId"", ""GetTriggerUnit"", ""GetTriggeringTrigger"", ""GetUnitAbilityLevel"", ""IsUnitType"", ""LoadBoolean"", ""LoadUnitHandle"", ""SaveBoolean"", ""eZe""]",[],4
e0e,77888,77909,"[""A0TP"", ""A10P"", ""A10Q""]","[""Condition"", ""CreateTrigger"", ""GetHandleId"", ""GetTriggerUnit"", ""GetUnitAbilityLevel"", ""Lz"", ""SaveInteger"", ""SaveTriggerHandle"", ""SaveUnitHandle"", ""SetUnitAbilityLevel"", ""StringHash"", ""TriggerAddCondition"", ""TriggerRegisterUnitEvent"", ""UnitAddAbility""]","[""e_e""]",9
e1e,77910,77915,"[""A0TP""]","[""GetLearnedSkill"", ""GetTriggerUnit"", ""IsUnitIllusion"", ""e0e""]",[],3
e2e,77916,77934,"[""A0EB""]","[""Cm"", ""GetSpellAbilityId"", ""GetSpellAbilityUnit"", ""GetSpellTargetLoc"", ""GetUnitAbilityLevel"", ""GetUnitLoc"", ""I2R"", ""eUe""]",[],8
e3e,77935,77940,"[""A0OB""]","[""GetSpellAbilityId"", ""e2e""]",[],3
e4e,77941,77966,"[""A008"", ""A10N"", ""B04C""]","[""GetEventDamage"", ""GetEventDamageSource"", ""GetHandleId"", ""GetTriggerUnit"", ""GetTriggeringTrigger"", ""GetUnitAbilityLevel"", ""I2R"", ""LoadUnitHandle"", ""hL""]",[],10
e6e,77967,77981,[],"[""GetHandleId"", ""GetOwningPlayer"", ""GetTriggerUnit"", ""GetTriggeringTrigger"", ""GroupAddUnit"", ""IsUnitAlly"", ""IsUnitInGroup"", ""LoadGroupHandle"", ""LoadTriggerHandle"", ""LoadUnitHandle"", ""TriggerRegisterUnitEvent""]",[],4
e7e,77982,78021,"[""A008"", ""A0K4"", ""R00A""]","[""Condition"", ""CreateGroup"", ""CreateTrigger"", ""DestroyGroup"", ""FirstOfGroup"", ""GetHandleId"", ""GetLearningUnit"", ""GetOwningPlayer"", ""GetUnitAbilityLevel"", ""GetWorldBounds"", ""GroupAddUnit"", ""GroupEnumUnitsInRange"", ""GroupRemoveUnit"", ""IsUnitAlly"", ""IsUnitInGroup"", ""SaveGroupHandle"", ""SaveTriggerHandle"", ""SaveUnitHandle"", ""SetPlayerTechResearched"", ""TriggerAddCondition"", ""TriggerRegisterEnterRectSimple"", ""TriggerRegisterUnitEvent""]","[""e4e"", ""e6e""]",12
e8e,78022,78027,"[""A008""]","[""GetLearnedSkill"", ""GetTriggerUnit"", ""IsUnitIllusion"", ""e7e""]",[],3
e9e,78028,78077,"[""A0TP"", ""A10O""]","[""DT"", ""DisableTrigger"", ""FlushChildHashtable"", ""GetEventDamageSource"", ""GetHandleId"", ""GetTriggerEventId"", ""GetTriggeringTrigger"", ""GetUnitAbilityLevel"", ""GetUnitX"", ""GetUnitY"", ""I2S"", ""LoadInteger"", ""LoadTriggerHandle"", ""LoadUnitHandle"", ""R2I"", ""RemoveUnit"", ""SaveBoolean"", ""SaveInteger"", ""SaveUnitHandle"", ""StringHash"", ""UnitRemoveAbility"", ""hL"", ""hl"", ""ql""]",[],12
xve,78078,78091,[],"[""Condition"", ""CreateTrigger"", ""GetAttacker"", ""GetHandleId"", ""GetTriggerUnit"", ""SaveUnitHandle"", ""TriggerAddCondition"", ""TriggerRegisterTimerEvent"", ""TriggerRegisterUnitEvent""]","[""e9e""]",4
xee,78092,78099,[],"[""GetAttacker"", ""GetHandleId"", ""LoadInteger"", ""TS"", ""xve""]",[],2
xxe,78100,78105,"[""A10L""]","[""GetAttacker"", ""GetHandleId"", ""GetOwningPlayer"", ""GetTriggerUnit"", ""GetTriggeringTrigger"", ""GetUnitAbilityLevel"", ""IsUnitEnemy"", ""IsUnitType"", ""LoadUnitHandle"", ""xee""]",[],1
xoe,78106,78115,"[""A10N"", ""B08P""]","[""GetExpiredTimer"", ""GetHandleId"", ""LoadUnitHandle"", ""UnitRemoveAbility"", ""tK""]",[],3
xre,78116,78150,"[""A10L"", ""A10N"", ""A10O"", ""h03C""]","[""CreateTimer"", ""CreateUnit"", ""GetHandleId"", ""GetKillingUnit"", ""GetOwningPlayer"", ""GetTriggerUnit"", ""GetTriggeringTrigger"", ""GetUnitAbilityLevel"", ""GetUnitX"", ""GetUnitY"", ""IsUnitAlly"", ""LoadBoolean"", ""LoadUnitHandle"", ""SaveBoolean"", ""SaveInteger"", ""SaveTriggerHandle"", ""SaveUnitHandle"", ""SetPlayerAbilityAvailable"", ""ShowUnit"", ""StringHash"", ""TimerStart"", ""UnitAddAbility"", ""WM""]","[""xoe""]",11
xie,78151,78165,[],"[""Condition"", ""CreateTrigger"", ""GetHandleId"", ""GetLearningUnit"", ""GetTriggerUnit"", ""Lz"", ""SaveBoolean"", ""SaveUnitHandle"", ""TriggerAddCondition""]","[""xre"", ""xxe""]",3
xae,78166,78171,"[""A10L""]","[""GetLearnedSkill"", ""GetLearningUnit"", ""GetTriggerUnit"", ""GetUnitAbilityLevel"", ""IsUnitIllusion"", ""xie""]",[],1
WY,78172,78201,"[""A0EB"", ""A10M"", ""A10N"", ""A10P"", ""A10Q"", ""A10R"", ""A10S"", ""A10T""]","[""Condition"", ""CreateTrigger"", ""Lz"", ""Nl"", ""TriggerAddCondition""]","[""e1e"", ""e3e"", ""e8e"", ""eYe"", ""xae""]",11
xRe,78202,78212,[],"[""GetFilterUnit"", ""GetOwningPlayer"", ""GetUnitState"", ""GetUnitX"", ""GetUnitY"", ""IsUnitAlly"", ""IsUnitInGroup"", ""IsUnitType"", ""IsUnitVisible"", ""hl""]",[],1
xIe,78213,78297,"[""A0IS"", ""A0IU"", ""A0J8"", ""A0LU"", ""Abun"", ""B04B""]","[""Atan2"", ""Condition"", ""Cos"", ""CreateGroup"", ""DT"", ""DestroyGroup"", ""FlushChildHashtable"", ""GetHandleId"", ""GetOwningPlayer"", ""GetRandomInt"", ""GetTriggeringTrigger"", ""GetUnitAbilityLevel"", ""GetUnitState"", ""GetUnitX"", ""GetUnitY"", ""GroupAddUnit"", ""GroupEnumUnitsInRange"", ""I2S"", ""IsUnitVisible"", ""IssueTargetOrderById"", ""KillUnit"", ""LoadBoolean"", ""LoadGroupHandle"", ""LoadInteger"", ""LoadReal"", ""LoadUnitHandle"", ""R2I"", ""RemoveUnit"", ""SaveInteger"", ""SaveUnitHandle"", ""SetPlayerAbilityAvailable"", ""SetUnitX"", ""SetUnitY"", ""Sin"", ""UnitRemoveAbility"", ""hL"", ""hl"", ""ql""]","[""xRe""]",55
xAe,78298,78342,"[""A0IS"", ""A0IT"", ""A0J8"", ""A0LU"", ""Abun"", ""h011"", ""h014"", ""n03E""]","[""Cm"", ""Condition"", ""CreateGroup"", ""CreateTrigger"", ""CreateUnit"", ""GetHandleId"", ""GetHeroStr"", ""GetOwningPlayer"", ""GetSpellTargetUnit"", ""GetTriggerUnit"", ""GetUnitAbilityLevel"", ""GetUnitFacing"", ""GetUnitX"", ""GetUnitY"", ""GroupAddUnit"", ""SaveBoolean"", ""SaveGroupHandle"", ""SaveInteger"", ""SaveReal"", ""SaveUnitHandle"", ""SetPlayerAbilityAvailable"", ""SetUnitAbilityLevel"", ""SetUnitFlyHeight"", ""TriggerAddCondition"", ""TriggerRegisterTimerEvent"", ""UnitAddAbility""]","[""xIe""]",21
xNe,78343,78351,"[""A0IS"", ""A0LU""]","[""GetHandleId"", ""GetSpellAbilityId"", ""GetSpellTargetUnit"", ""GetTriggerUnit"", ""OL"", ""SaveBoolean"", ""xAe""]",[],2
xbe,78352,78397,"[""A0IU"", ""A0JK"", ""A0JN"", ""BTLF"", ""h011""]","[""CreateUnit"", ""DT"", ""DisableTrigger"", ""FlushChildHashtable"", ""GetEventDamageSource"", ""GetHandleId"", ""GetOwningPlayer"", ""GetRandomInt"", ""GetTriggerEventId"", ""GetTriggeringTrigger"", ""GetUnitAbilityLevel"", ""GetUnitX"", ""GetUnitY"", ""IssueTargetOrderById"", ""LoadBoolean"", ""LoadUnitHandle"", ""SaveBoolean"", ""SetUnitAbilityLevel"", ""UnitAddAbility"", ""UnitApplyTimedLife""]",[],12
xBe,78398,78411,[],"[""Condition"", ""CreateTrigger"", ""GetAttacker"", ""GetHandleId"", ""GetTriggerUnit"", ""SaveUnitHandle"", ""TriggerAddCondition"", ""TriggerRegisterTimerEvent"", ""TriggerRegisterUnitEvent""]","[""xbe""]",3
xce,78412,78419,[],"[""GetAttacker"", ""GetHandleId"", ""LoadInteger"", ""TS"", ""xBe""]",[],2
xCe,78420,78425,"[""A0IU""]","[""GetAttacker"", ""GetHandleId"", ""GetOwningPlayer"", ""GetTriggerUnit"", ""GetTriggeringTrigger"", ""GetUnitAbilityLevel"", ""IsUnitEnemy"", ""IsUnitType"", ""LoadUnitHandle"", ""xce""]",[],1
xde,78426,78434,"[""A0JO""]","[""Condition"", ""CreateTrigger"", ""GetHandleId"", ""GetOwningPlayer"", ""GetTriggerUnit"", ""Lz"", ""SaveUnitHandle"", ""SetPlayerAbilityAvailable"", ""TriggerAddCondition"", ""UnitAddAbility""]","[""xCe""]",3
xDe,78435,78440,"[""A0IU""]","[""GetLearnedSkill"", ""GetTriggerUnit"", ""GetUnitAbilityLevel"", ""IsUnitIllusion"", ""xde""]",[],1
xfe,78441,78537,[],"[""AddSpecialEffectTarget"", ""Cos"", ""CountUnitsInGroup"", ""CreateGroup"", ""DestroyEffect"", ""DestroyGroup"", ""FirstOfGroup"", ""GetExpiredTimer"", ""GetHandleId"", ""GetOwningPlayer"", ""GetUnitX"", ""GetUnitY"", ""GetWidgetLife"", ""GroupAddUnit"", ""GroupClear"", ""GroupEnumUnitsInRange"", ""GroupRemoveUnit"", ""IsUnitEnemy"", ""IsUnitInGroup"", ""KillUnit"", ""LoadGroupHandle"", ""LoadInteger"", ""LoadReal"", ""LoadUnitHandle"", ""SaveInteger"", ""SaveReal"", ""SetUnitX"", ""SetUnitY"", ""Sin"", ""hL"", ""tK""]",[],40
xGe,78538,78572,"[""A0IW"", ""n03E""]","[""CreateGroup"", ""CreateTimer"", ""CreateUnit"", ""Deg2Rad"", ""GetHandleId"", ""GetHeroStr"", ""GetOwningPlayer"", ""GetSpellAbilityUnit"", ""GetUnitAbilityLevel"", ""GetUnitFacing"", ""GetUnitX"", ""GetUnitY"", ""LoadUnitHandle"", ""SaveGroupHandle"", ""SaveReal"", ""SaveUnitHandle"", ""TimerStart""]","[""xfe""]",14
xHe,78573,78578,"[""A0IW""]","[""GetSpellAbilityId"", ""xGe""]",[],1
xje,78579,78599,"[""A0IW"", ""A0IY""]","[""Condition"", ""CreateTrigger"", ""GetLearnedSkill"", ""GetTriggerUnit"", ""GetUnitAbilityLevel"", ""SetUnitAbilityLevel"", ""TriggerAddCondition"", ""TriggerRegisterUnitEvent"", ""UnitAddAbility""]","[""xHe""]",6
xJe,78600,78605,"[""A0IY""]","[""GetLearnedSkill"", ""GetTriggerUnit"", ""IsUnitIllusion"", ""xje""]",[],1
xke,78606,78618,[],"[""GetExpiredTimer"", ""GetHandleId"", ""GetHeroStr"", ""LoadInteger"", ""LoadUnitHandle"", ""RemoveUnit"", ""SetHeroStr"", ""tK""]",[],3
xKe,78619,78635,"[""A0IX"", ""h014""]","[""CreateTimer"", ""CreateUnit"", ""GetHandleId"", ""GetHeroStr"", ""GetOwningPlayer"", ""GetSpellAbilityUnit"", ""GetUnitAbilityLevel"", ""SaveInteger"", ""SaveUnitHandle"", ""SetHeroStr"", ""TimerStart""]","[""xke""]",7
xle,78636,78641,"[""A0IX""]","[""GetSpellAbilityId"", ""xKe""]",[],1
yY,78642,78666,"[""A0IT"", ""A0IW"", ""A0J8"", ""A0JO"", ""A0LU"", ""h014"", ""n03E""]","[""Condition"", ""CreateTrigger"", ""Lz"", ""Nl"", ""TriggerAddCondition"", ""nl""]","[""xDe"", ""xJe"", ""xNe"", ""xle""]",7
xPe,78667,78671,[],"[""GetHeroAgi"", ""GetHeroInt"", ""GetHeroStr"", ""I2R"", ""R2I"", ""SetHeroAgi"", ""SetHeroInt"", ""SetHeroStr""]",[],4
xqe,78672,78744,"[""A0RM"", ""A17W"", ""A17X"", ""A17Y"", ""A17Z"", ""A180"", ""A181"", ""A182"", ""A184"", ""A188""]","[""AddSpecialEffect"", ""Cos"", ""Deg2Rad"", ""DestroyEffect"", ""GetHandleId"", ""GetHeroLevel"", ""GetSpellAbilityUnit"", ""GetUnitAbilityLevel"", ""GetUnitFacing"", ""GetUnitState"", ""GetUnitX"", ""GetUnitY"", ""LoadUnitHandle"", ""ReviveHero"", ""SetHeroLevel"", ""SetUnitAbilityLevel"", ""SetUnitState"", ""SetUnitX"", ""SetUnitY"", ""Sin"", ""StringHash"", ""SuspendHeroXP"", ""Uk"", ""UnitAddAbility"", ""xPe""]",[],40
xte,78745,78760,"[""A17Z"", ""A187"", ""A188""]","[""GetExpiredTimer"", ""GetHandleId"", ""GetOwningPlayer"", ""GetUnitAbilityLevel"", ""LoadUnitHandle"", ""SetPlayerAbilityAvailable"", ""StringHash"", ""UnitAddAbility"", ""UnitRemoveAbility"", ""tK""]",[],7
xTe,78761,78862,"[""A17X"", ""A17Y"", ""A17Z"", ""A181"", ""A187"", ""A188"", ""B07S"", ""B0AZ""]","[""AddSpecialEffect"", ""Cos"", ""CreateTimer"", ""Deg2Rad"", ""DestroyEffect"", ""GetDyingUnit"", ""GetEventDamage"", ""GetHandleId"", ""GetHeroLevel"", ""GetOwningPlayer"", ""GetRandomReal"", ""GetTriggerEventId"", ""GetTriggerUnit"", ""GetTriggeringTrigger"", ""GetUnitAbilityLevel"", ""GetUnitCurrentOrder"", ""GetUnitFacing"", ""GetUnitState"", ""GetUnitX"", ""GetUnitY"", ""GroupRemoveUnit"", ""I2R"", ""IssuePointOrderById"", ""KillUnit"", ""LoadUnitHandle"", ""ReviveHero"", ""SaveUnitHandle"", ""SetPlayerAbilityAvailable"", ""SetUnitState"", ""SetUnitX"", ""SetUnitY"", ""Sin"", ""TimerStart"", ""Uk"", ""UnitAddAbility"", ""UnitRemoveAbility"", ""YK"", ""Yk"", ""fL"", ""hl"", ""xK""]","[""xte""]",42
xwe,78863,78891,"[""A0PC"", ""U00T""]","[""Condition"", ""Cos"", ""CreateTrigger"", ""Deg2Rad"", ""GetHandleId"", ""GetLearningUnit"", ""GetOwningPlayer"", ""GetUnitFacing"", ""GetUnitUserData"", ""GetUnitX"", ""GetUnitY"", ""OW"", ""SaveUnitHandle"", ""SetPlayerAbilityAvailable"", ""SetUnitUserData"", ""Sin"", ""StringHash"", ""TriggerAddCondition"", ""TriggerRegisterTimerEvent"", ""TriggerRegisterUnitEvent"", ""UnitAddAbility"", ""xPe""]","[""xTe""]",10
xWe,78892,78940,"[""A0K4"", ""A17W"", ""Abun"", ""B07S""]","[""AddSpecialEffect"", ""CreateGroup"", ""DestroyEffect"", ""DestroyGroup"", ""FirstOfGroup"", ""GetExpiredTimer"", ""GetHandleId"", ""GetHeroStr"", ""GetOwningPlayer"", ""GetRandomInt"", ""GetUnitAbilityLevel"", ""GetUnitDefaultMoveSpeed"", ""GetUnitX"", ""GetUnitY"", ""GetWidgetLife"", ""GroupEnumUnitsInRange"", ""GroupRemoveUnit"", ""IsUnitEnemy"", ""IsUnitType"", ""LoadReal"", ""LoadUnitHandle"", ""SaveReal"", ""SetUnitAnimationByIndex"", ""SetUnitMoveSpeed"", ""SetUnitPathing"", ""Uk"", ""UnitRemoveAbility"", ""hL"", ""tK""]",[],17
xYe,78941,78975,"[""AC00"", ""B07S""]","[""Cos"", ""GetExpiredTimer"", ""GetHandleId"", ""GetUnitAbilityLevel"", ""I2R"", ""LoadInteger"", ""LoadReal"", ""LoadUnitHandle"", ""SaveInteger"", ""SetUnitFacing"", ""SetUnitX"", ""SetUnitY"", ""Sin"", ""Uk"", ""tK""]",[],14
xze,78976,79007,"[""A0RM"", ""Abun""]","[""CreateTimer"", ""GetHandleId"", ""GetOwningPlayer"", ""GetSpellAbilityUnit"", ""GetUnitAbilityLevel"", ""GetUnitFacing"", ""GetUnitX"", ""GetUnitY"", ""PauseUnit"", ""SaveInteger"", ""SaveReal"", ""SaveUnitHandle"", ""SetUnitAnimationByIndex"", ""SetUnitMoveSpeed"", ""SetUnitPathing"", ""TimerStart"", ""UnitAddAbility""]","[""xWe"", ""xYe""]",12
xZe,79008,79024,"[""B04Y""]","[""GetAttacker"", ""GetHandleId"", ""GetOwningPlayer"", ""GetTriggerUnit"", ""GetTriggeringTrigger"", ""GetUnitAbilityLevel"", ""IsUnitAlly"", ""IssueTargetOrderById"", ""LoadUnitHandle""]",[],4
x_e,79025,79065,"[""A180""]","[""DT"", ""DestroyGroup"", ""DestroyTimer"", ""FirstOfGroup"", ""FlushChildHashtable"", ""GetExpiredTimer"", ""GetHandleId"", ""GetOwningPlayer"", ""GetUnitAbilityLevel"", ""Gl"", ""GroupRemoveUnit"", ""LoadGroupHandle"", ""LoadInteger"", ""LoadTriggerHandle"", ""LoadUnitHandle"", ""PauseTimer"", ""RemoveUnit"", ""SaveInteger"", ""hL""]",[],10
x0e,79066,79117,"[""A180"", ""A185"", ""A186"", ""h011""]","[""Condition"", ""CreateGroup"", ""CreateTimer"", ""CreateTrigger"", ""CreateUnit"", ""DestroyGroup"", ""FirstOfGroup"", ""GetHandleId"", ""GetOwningPlayer"", ""GetSpellAbilityUnit"", ""GetSpellTargetX"", ""GetSpellTargetY"", ""GetUnitAbilityLevel"", ""GetWidgetLife"", ""GroupAddUnit"", ""GroupEnumUnitsInRange"", ""GroupRemoveUnit"", ""IsUnitEnemy"", ""IsUnitType"", ""IssueTargetOrderById"", ""Lz"", ""SaveGroupHandle"", ""SaveInteger"", ""SaveTriggerHandle"", ""SaveUnitHandle"", ""SetUnitAbilityLevel"", ""TimerStart"", ""TriggerAddCondition"", ""UnitAddAbility"", ""ZK""]","[""xZe"", ""x_e""]",20
x1e,79118,79175,"[""AC00""]","[""Cos"", ""CreateGroup"", ""DestroyGroup"", ""FirstOfGroup"", ""GK"", ""GetExpiredTimer"", ""GetHandleId"", ""GetOwningPlayer"", ""GetUnitX"", ""GetUnitY"", ""GetWidgetLife"", ""GroupAddUnit"", ""GroupEnumUnitsInRange"", ""GroupRemoveUnit"", ""IsUnitEnemy"", ""IsUnitInGroup"", ""IsUnitType"", ""IssueTargetOrderById"", ""LoadGroupHandle"", ""LoadReal"", ""LoadUnitHandle"", ""PauseUnit"", ""RemoveUnit"", ""SaveBoolean"", ""SaveReal"", ""SetUnitAnimationByIndex"", ""SetUnitFacing"", ""SetUnitPathing"", ""SetUnitX"", ""SetUnitY"", ""Sin"", ""StringHash"", ""Uk"", ""UnitRemoveAbility"", ""eL"", ""hL"", ""tK""]",[],20
x2e,79176,79232,"[""A0JY"", ""A182"", ""AC00"", ""h011""]","[""Atan2"", ""CreateGroup"", ""CreateTimer"", ""CreateUnit"", ""GetHandleId"", ""GetOwningPlayer"", ""GetSpellAbilityUnit"", ""GetSpellTargetX"", ""GetSpellTargetY"", ""GetUnitAbilityLevel"", ""GetUnitX"", ""GetUnitY"", ""LoadUnitHandle"", ""PauseUnit"", ""SaveGroupHandle"", ""SaveReal"", ""SaveUnitHandle"", ""SetUnitAbilityLevel"", ""SetUnitAnimationByIndex"", ""SetUnitPathing"", ""SquareRoot"", ""StringHash"", ""TimerStart"", ""Uk"", ""UnitAddAbility""]","[""x1e""]",27
x3e,79233,79247,"[""A0RM"", ""A17Z"", ""A180"", ""A182""]","[""GetSpellAbilityId"", ""x0e"", ""x2e"", ""xqe"", ""xze""]",[],7
x4e,79248,79255,"[""A17Z"", ""A181""]","[""GetLearnedSkill"", ""GetLearningUnit"", ""GetUnitAbilityLevel"", ""IsUnitIllusion"", ""xwe""]",[],3
YY,79256,79268,"[""A0RM"", ""A17W"", ""A17X"", ""A17Y"", ""A185"", ""A186"", ""A187"", ""h011""]","[""Condition"", ""CreateTrigger"", ""Lz"", ""Nl"", ""TriggerAddCondition"", ""Vl"", ""nl""]","[""x3e"", ""x4e""]",11
x7e,79269,79284,"[""A0TZ"", ""A0U7""]","[""GetLearnedSkill"", ""GetLearningUnit"", ""GetUnitAbilityLevel"", ""IsUnitIllusion"", ""SetUnitAbilityLevel"", ""UnitAddAbility""]",[],7
x8e,79285,79303,[],"[""AddSpecialEffectTarget"", ""DestroyEffect"", ""DestroyTimer"", ""FlushChildHashtable"", ""GetExpiredTimer"", ""GetHandleId"", ""LoadInteger"", ""LoadUnitHandle"", ""PauseTimer"", ""SaveInteger"", ""fL""]",[],7
x9e,79304,79352,"[""A0U2"", ""A0U7"", ""A0U9"", ""B077""]","[""CreateGroup"", ""CreateTimer"", ""DestroyGroup"", ""DestroyTimer"", ""FirstOfGroup"", ""FlushChildHashtable"", ""GetExpiredTimer"", ""GetHandleId"", ""GetOwningPlayer"", ""GetUnitAbilityLevel"", ""GetUnitState"", ""GetUnitX"", ""GetUnitY"", ""GetWidgetLife"", ""GroupEnumUnitsInRange"", ""GroupRemoveUnit"", ""IsUnitEnemy"", ""IsUnitType"", ""IssueTargetOrderById"", ""LoadInteger"", ""LoadUnitHandle"", ""PauseTimer"", ""SaveInteger"", ""SaveUnitHandle"", ""SetPlayerAbilityAvailable"", ""SetUnitState"", ""TimerStart"", ""UnitRemoveAbility"", ""hL""]","[""x8e""]",20
ove,79353,79378,"[""A0U2"", ""A0U7"", ""A0U8"", ""A0U9"", ""BTLF"", ""h011""]","[""CreateTimer"", ""CreateUnit"", ""GetHandleId"", ""GetOwningPlayer"", ""GetSpellAbilityUnit"", ""GetUnitAbilityLevel"", ""GetUnitX"", ""GetUnitY"", ""SaveInteger"", ""SaveUnitHandle"", ""SetPlayerAbilityAvailable"", ""SetUnitAbilityLevel"", ""TimerStart"", ""UnitAddAbility"", ""UnitApplyTimedLife"", ""UnitMakeAbilityPermanent""]","[""x9e""]",14
oee,79379,79387,"[""A0U2"", ""A0U7"", ""A0U9"", ""B077"", ""Bbsk""]","[""GetOwningPlayer"", ""GetSpellAbilityUnit"", ""SetPlayerAbilityAvailable"", ""UnitRemoveAbility""]",[],4
oxe,79388,79393,"[""A0U2""]","[""GetSpellAbilityId"", ""oee""]",[],1
ooe,79394,79399,"[""A0U7""]","[""GetSpellAbilityId"", ""ove""]",[],1
ore,79400,79443,"[""A0U3""]","[""Cm"", ""CreateGroup"", ""DestroyEffect"", ""DestroyGroup"", ""DestroyTimer"", ""FirstOfGroup"", ""FlushChildHashtable"", ""GetExpiredTimer"", ""GetHandleId"", ""GetOwningPlayer"", ""GetUnitAbilityLevel"", ""GetUnitX"", ""GetUnitY"", ""GetWidgetLife"", ""GroupEnumUnitsInRange"", ""GroupRemoveUnit"", ""IsUnitEnemy"", ""LoadBoolean"", ""LoadEffectHandle"", ""LoadInteger"", ""LoadUnitHandle"", ""PauseTimer"", ""RemoveUnit"", ""SaveBoolean"", ""SaveInteger"", ""StringHash"", ""fL"", ""hL""]",[],14
oie,79444,79463,[],"[""DestroyLightning"", ""DestroyTimer"", ""FlushChildHashtable"", ""GetExpiredTimer"", ""GetHandleId"", ""GetUnitX"", ""GetUnitY"", ""GetWidgetLife"", ""LoadBoolean"", ""LoadLightningHandle"", ""LoadUnitHandle"", ""MoveLightningEx"", ""PauseTimer"", ""SaveBoolean"", ""StringHash"", ""hl""]",[],5
oae,79464,79493,"[""h011""]","[""AddLightningEx"", ""AddSpecialEffectTarget"", ""CreateTimer"", ""CreateUnit"", ""GetHandleId"", ""GetOwningPlayer"", ""GetSpellAbilityUnit"", ""GetSpellTargetUnit"", ""GetUnitX"", ""GetUnitY"", ""SaveBoolean"", ""SaveEffectHandle"", ""SaveInteger"", ""SaveLightningHandle"", ""SaveUnitHandle"", ""StringHash"", ""TimerStart""]","[""oie"", ""ore""]",12
oVe,79494,79499,"[""A0U3""]","[""GetSpellAbilityId"", ""GetSpellTargetUnit"", ""OL"", ""oae""]",[],1
oEe,79500,79516,[],"[""DestroyTimer"", ""FlushChildHashtable"", ""GetExpiredTimer"", ""GetHandleId"", ""GetHeroStr"", ""LoadInteger"", ""LoadUnitHandle"", ""PauseTimer"", ""SaveInteger"", ""SetHeroStr""]",[],5
oXe,79517,79564,"[""B072""]","[""AddSpecialEffectTarget"", ""CreateGroup"", ""CreateTimer"", ""DestroyEffect"", ""DestroyGroup"", ""DestroyTimer"", ""FirstOfGroup"", ""FlushChildHashtable"", ""GetExpiredTimer"", ""GetHandleId"", ""GetOwningPlayer"", ""GetUnitState"", ""GetUnitX"", ""GetUnitY"", ""GetWidgetLife"", ""GroupEnumUnitsInRange"", ""GroupRemoveUnit"", ""I2R"", ""IsUnitEnemy"", ""IsUnitType"", ""LoadInteger"", ""LoadReal"", ""LoadUnitHandle"", ""PauseTimer"", ""SaveInteger"", ""SaveReal"", ""SaveUnitHandle"", ""TimerStart"", ""UnitRemoveAbility"", ""hL""]","[""oEe""]",18
oOe,79565,79599,"[""A0U5"", ""A0U6"", ""BTLF"", ""h011""]","[""CreateTimer"", ""CreateUnit"", ""DestroyTimer"", ""FlushChildHashtable"", ""GetExpiredTimer"", ""GetHandleId"", ""GetHeroStr"", ""GetOwningPlayer"", ""GetUnitAbilityLevel"", ""GetUnitState"", ""GetUnitX"", ""GetUnitY"", ""IssueTargetOrderById"", ""LoadInteger"", ""LoadUnitHandle"", ""PauseTimer"", ""SaveInteger"", ""SaveReal"", ""SaveUnitHandle"", ""SetHeroStr"", ""SetUnitAbilityLevel"", ""TimerStart"", ""UnitAddAbility"", ""UnitApplyTimedLife""]","[""oXe""]",16
oRe,79600,79612,"[""A0U5""]","[""CreateTimer"", ""GetHandleId"", ""GetSpellAbilityUnit"", ""GetUnitAbilityLevel"", ""SaveInteger"", ""SaveUnitHandle"", ""TimerStart""]","[""oOe""]",6
oIe,79613,79618,"[""A0U5""]","[""GetSpellAbilityId"", ""oRe""]",[],1
oAe,79619,79647,"[""A0U4""]","[""CreateGroup"", ""DestroyGroup"", ""FirstOfGroup"", ""GetHandleId"", ""GetOwningPlayer"", ""GetTriggeringTrigger"", ""GetUnitAbilityLevel"", ""GetUnitX"", ""GetUnitY"", ""GetWidgetLife"", ""GroupEnumUnitsInRange"", ""GroupRemoveUnit"", ""I2R"", ""IsUnitEnemy"", ""IsUnitHidden"", ""LoadUnitHandle"", ""Uk"", ""fL""]",[],7
oNe,79648,79656,[],"[""Condition"", ""CreateTrigger"", ""GetHandleId"", ""GetLearningUnit"", ""SaveUnitHandle"", ""TriggerAddCondition"", ""TriggerRegisterTimerEvent""]","[""oAe""]",2
obe,79657,79662,"[""A0U4""]","[""GetLearnedSkill"", ""GetLearningUnit"", ""GetUnitAbilityLevel"", ""IsUnitIllusion"", ""oNe""]",[],1
zY,79663,79688,[],"[""Condition"", ""CreateTrigger"", ""Lz"", ""TriggerAddAction"", ""TriggerAddCondition""]","[""oIe"", ""oVe"", ""obe"", ""ooe"", ""oxe"", ""x7e""]",1
oFe,79689,79709,"[""A0DM""]","[""AddSpecialEffectTarget"", ""CreateGroup"", ""DestroyEffect"", ""DestroyGroup"", ""FirstOfGroup"", ""GetOwningPlayer"", ""GetUnitAbilityLevel"", ""GetWidgetLife"", ""GetWidgetX"", ""GetWidgetY"", ""GroupEnumUnitsInRange"", ""GroupRemoveUnit"", ""IsUnitAlly"", ""IsUnitType"", ""SetWidgetLife""]",[],4
oge,79710,79740,"[""A07L"", ""BEer""]","[""DestroyGroup"", ""FirstOfGroup"", ""GetExpiredTimer"", ""GetHandleId"", ""GetUnitAbilityLevel"", ""GetWidgetLife"", ""Gl"", ""GroupRemoveUnit"", ""I2R"", ""LoadGroupHandle"", ""LoadInteger"", ""LoadUnitHandle"", ""SaveInteger"", ""hL"", ""tK""]",[],8
oGe,79741,79778,"[""A07L"", ""A0DL"", ""h011""]","[""CreateGroup"", ""CreateTimer"", ""CreateUnit"", ""DestroyGroup"", ""FirstOfGroup"", ""GetHandleId"", ""GetOwningPlayer"", ""GetSpellAbilityUnit"", ""GetSpellTargetX"", ""GetSpellTargetY"", ""GetUnitAbilityLevel"", ""GetWidgetLife"", ""Gl"", ""GroupEnumUnitsInRange"", ""GroupRemoveUnit"", ""I2R"", ""IsUnitEnemy"", ""IsUnitType"", ""IssueTargetOrderById"", ""SaveGroupHandle"", ""SaveInteger"", ""SaveUnitHandle"", ""SetUnitAbilityLevel"", ""TimerStart"", ""UnitAddAbility"", ""ZK""]","[""oge""]",12
ohe,79779,79796,[],"[""DestroyGroup"", ""FirstOfGroup"", ""GetExpiredTimer"", ""GetHandleId"", ""GroupRemoveUnit"", ""KillUnit"", ""LoadGroupHandle"", ""RemoveUnit"", ""tK""]",[],1
oHe,79797,79799,"[""e00G"", ""e00H"", ""e00I"", ""e00W"", ""e00X"", ""e00Y""]","[""GetFilterUnit"", ""GetOwningPlayer"", ""GetSpellAbilityUnit"", ""GetUnitTypeId"", ""GetWidgetLife""]",[],1
oje,79800,79802,"[""e00K"", ""e00V""]","[""GetFilterUnit"", ""GetOwningPlayer"", ""GetSpellAbilityUnit"", ""GetUnitTypeId"", ""GetWidgetLife""]",[],1
oJe,79803,79841,"[""A0DR""]","[""AddSpecialEffect"", ""Condition"", ""CreateGroup"", ""CreateTimer"", ""DestroyEffect"", ""DestroyGroup"", ""FirstOfGroup"", ""GetHandleId"", ""GetSpellAbilityUnit"", ""GetUnitState"", ""GetWidgetLife"", ""GetWidgetX"", ""GetWidgetY"", ""GroupRemoveUnit"", ""KillUnit"", ""LoadInteger"", ""Pow"", ""SaveGroupHandle"", ""SaveInteger"", ""SetWidgetLife"", ""SquareRoot"", ""TimerStart"", ""UnitRemoveAbility"", ""lj"", ""oFe""]","[""oHe"", ""ohe"", ""oje""]",7
oKe,79842,79847,"[""A0DM""]","[""GetSpellAbilityId"", ""oJe""]",[],1
ole,79848,79869,[],"[""AddSpecialEffect"", ""DestroyEffect"", ""GetHandleId"", ""GetSpellAbilityUnit"", ""GetTriggeringTrigger"", ""GetUnitState"", ""GetWidgetLife"", ""GetWidgetX"", ""GetWidgetY"", ""KillUnit"", ""LoadInteger"", ""LoadUnitHandle"", ""Pow"", ""SaveInteger"", ""SetWidgetLife"", ""SquareRoot"", ""oFe""]",[],5
oLe,79870,79875,"[""A0YB""]","[""GetSpellAbilityId"", ""ole""]",[],1
ome,79876,79915,"[""A0FS"", ""BTLF"", ""h011""]","[""AddSpecialEffect"", ""CreateGroup"", ""CreateUnit"", ""DestroyEffect"", ""DestroyGroup"", ""FirstOfGroup"", ""GetExpiredTimer"", ""GetHandleId"", ""GetOwningPlayer"", ""GetUnitState"", ""GetWidgetLife"", ""GetWidgetX"", ""GetWidgetY"", ""GroupEnumUnitsInRange"", ""GroupRemoveUnit"", ""IsUnitEnemy"", ""IsUnitType"", ""IssueTargetOrderById"", ""LoadUnitHandle"", ""Pow"", ""SquareRoot"", ""UnitAddAbility"", ""UnitApplyTimedLife"", ""hL"", ""tK""]",[],13
oMe,79916,79927,[],"[""CreateTimer"", ""GetHandleId"", ""GetSpellAbilityUnit"", ""GetSpellTargetUnit"", ""SaveUnitHandle"", ""TimerStart""]","[""ome""]",3
ope,79928,79933,"[""A0DZ""]","[""GetSpellAbilityId"", ""oMe""]",[],1
oPe,79934,79951,[],"[""Condition"", ""CreateTrigger"", ""GetHandleId"", ""GetLearningUnit"", ""GetOwningPlayer"", ""SaveUnitHandle"", ""TriggerAddCondition"", ""TriggerRegisterPlayerUnitEvent"", ""TriggerRegisterUnitEvent""]","[""oKe"", ""oLe"", ""ope""]",1
oqe,79952,79966,[],"[""AddSpecialEffect"", ""DestroyEffect"", ""DestroyTimer"", ""FlushChildHashtable"", ""GetExpiredTimer"", ""GetHandleId"", ""GetUnitState"", ""GetWidgetX"", ""GetWidgetY"", ""LoadUnitHandle"", ""PauseTimer"", ""RemoveUnit"", ""Uk""]",[],3
ose,79967,79972,[],"[""AddSpecialEffect"", ""DestroyEffect"", ""GetDyingUnit"", ""GetWidgetX"", ""GetWidgetY"", ""RemoveUnit""]",[],0
oSe,79973,80012,"[""A07L"", ""BTLF"", ""E00J""]","[""AddSpecialEffect"", ""Condition"", ""CreateTimer"", ""CreateTrigger"", ""DestroyEffect"", ""GetHandleId"", ""GetHeroAgi"", ""GetHeroInt"", ""GetHeroLevel"", ""GetHeroStr"", ""GetOwningPlayer"", ""GetSpellAbilityId"", ""GetSpellAbilityUnit"", ""GetUnitAbilityLevel"", ""GetUnitFacing"", ""GetWidgetX"", ""GetWidgetY"", ""I2R"", ""OW"", ""SaveUnitHandle"", ""SetHeroAgi"", ""SetHeroInt"", ""SetHeroLevel"", ""SetHeroStr"", ""SetUnitAbilityLevel"", ""SuspendHeroXP"", ""TimerStart"", ""TriggerAddCondition"", ""TriggerRegisterUnitEvent"", ""UnitAddAbility"", ""UnitApplyTimedLife""]","[""oqe"", ""ose""]",11
oUe,80013,80051,"[""B02M"", ""B078""]","[""DestroyGroup"", ""FirstOfGroup"", ""GetExpiredTimer"", ""GetHandleId"", ""GetUnitAbilityLevel"", ""GetWidgetLife"", ""Gl"", ""GroupRemoveUnit"", ""LoadGroupHandle"", ""LoadInteger"", ""LoadReal"", ""LoadUnitHandle"", ""SaveInteger"", ""UnitRemoveAbility"", ""hL"", ""tK""]",[],10
owe,80052,80093,"[""B02M"", ""B078""]","[""DestroyGroup"", ""FirstOfGroup"", ""GetExpiredTimer"", ""GetHandleId"", ""GetUnitAbilityLevel"", ""GetWidgetLife"", ""Gl"", ""GroupRemoveUnit"", ""LoadGroupHandle"", ""LoadInteger"", ""LoadReal"", ""LoadUnitHandle"", ""RemoveUnit"", ""SaveInteger"", ""UnitRemoveAbility"", ""hL"", ""tK""]",[],11
oWe,80094,80156,"[""A0UR"", ""A0UT"", ""h011""]","[""CreateGroup"", ""CreateTimer"", ""CreateUnit"", ""DestroyGroup"", ""FirstOfGroup"", ""GetHandleId"", ""GetOwningPlayer"", ""GetSpellAbilityId"", ""GetSpellAbilityUnit"", ""GetSpellTargetX"", ""GetSpellTargetY"", ""GetUnitAbilityLevel"", ""GetUnitUserData"", ""GetWidgetLife"", ""Gl"", ""GroupAddUnit"", ""GroupEnumUnitsInRange"", ""GroupRemoveUnit"", ""IsUnitEnemy"", ""IsUnitType"", ""IssueTargetOrderById"", ""SaveGroupHandle"", ""SaveInteger"", ""SaveReal"", ""SaveUnitHandle"", ""SetUnitAbilityLevel"", ""TimerStart"", ""UnitAddAbility""]","[""oUe"", ""owe""]",20
oze,80157,80186,[],"[""CreateGroup"", ""DestroyGroup"", ""DestroyTimer"", ""FirstOfGroup"", ""FlushChildHashtable"", ""GetExpiredTimer"", ""GetHandleId"", ""GetHeroLevel"", ""GetOwningPlayer"", ""GetUnitState"", ""GetWidgetLife"", ""GetWidgetX"", ""GetWidgetY"", ""GroupEnumUnitsInRange"", ""GroupRemoveUnit"", ""I2R"", ""IsUnitAlly"", ""IsUnitType"", ""LoadInteger"", ""LoadUnitHandle"", ""PauseTimer"", ""SaveInteger"", ""SetUnitState""]",[],7
oZe,80187,80196,[],"[""CreateTimer"", ""GetHandleId"", ""GetSpellAbilityUnit"", ""SaveInteger"", ""SaveUnitHandle"", ""TimerStart""]","[""oze""]",3
o_e,80197,80217,"[""A0DY"", ""B0CD"", ""e00G"", ""e00H"", ""e00I"", ""e00K""]","[""AddSpecialEffectTarget"", ""DestroyEffect"", ""GetEventDamageSource"", ""GetHandleId"", ""GetTriggerUnit"", ""GetTriggeringTrigger"", ""GetUnitAbilityLevel"", ""GetUnitState"", ""GetUnitTypeId"", ""GetWidgetLife"", ""I2R"", ""LoadUnitHandle"", ""SetUnitState""]",[],7
o1e,80218,80263,"[""A0DY""]","[""CreateGroup"", ""DT"", ""DestroyGroup"", ""DestroyTimer"", ""FirstOfGroup"", ""FlushChildHashtable"", ""GetExpiredTimer"", ""GetHandleId"", ""GetOwningPlayer"", ""GetUnitAbilityLevel"", ""GetWidgetLife"", ""GetWidgetX"", ""GetWidgetY"", ""GroupEnumUnitsInRange"", ""GroupRemoveUnit"", ""IsUnitEnemy"", ""IsUnitType"", ""IssueTargetOrderById"", ""LoadInteger"", ""LoadTriggerHandle"", ""LoadUnitHandle"", ""PauseTimer"", ""RemoveUnit"", ""SaveInteger"", ""TriggerRegisterUnitEvent"", ""hL""]",[],18
o4e,80264,80293,"[""A0DY"", ""A1CL"", ""h011"", ""h05S""]","[""Condition"", ""CreateTimer"", ""CreateTrigger"", ""CreateUnit"", ""GetHandleId"", ""GetOwningPlayer"", ""GetSpellAbilityUnit"", ""GetSpellTargetX"", ""GetSpellTargetY"", ""GetUnitAbilityLevel"", ""SaveInteger"", ""SaveTriggerHandle"", ""SaveUnitHandle"", ""SetUnitAbilityLevel"", ""SetUnitX"", ""SetUnitY"", ""TimerStart"", ""TriggerAddCondition"", ""UnitAddAbility""]","[""o1e"", ""o_e""]",13
o5e,80294,80311,"[""A07L"", ""A0DQ"", ""A0DX"", ""A0DY"", ""A0UR"", ""A0US""]","[""GetSpellAbilityId"", ""o4e"", ""oGe"", ""oSe"", ""oWe"", ""oZe""]",[],7
o6e,80312,80317,"[""A0DM""]","[""GetLearnedSkill"", ""GetLearningUnit"", ""GetUnitAbilityLevel"", ""IsUnitIllusion"", ""oPe""]",[],2
ZY,80318,80329,"[""A0DL"", ""A0DQ""]","[""Condition"", ""CreateTrigger"", ""Lz"", ""Nl"", ""TriggerAddCondition""]","[""o5e"", ""o6e""]",10
o9e,80330,80366,"[""Bbsk"", ""n09X""]","[""CreateGroup"", ""CreateUnit"", ""DestroyGroup"", ""FirstOfGroup"", ""GetHandleId"", ""GetOwningPlayer"", ""GetSpellAbilityId"", ""GetTriggerUnit"", ""GetUnitAbilityLevel"", ""GetUnitMoveSpeed"", ""GetUnitX"", ""GetUnitY"", ""GetWidgetLife"", ""GroupEnumUnitsInRange"", ""GroupRemoveUnit"", ""I2R"", ""IsUnitEnemy"", ""IsUnitType"", ""LoadReal"", ""StringHash"", ""UnitRemoveAbility"", ""ZK"", ""hL""]",[],8
rxe,80367,80380,"[""A0PQ""]","[""AddSpecialEffectTarget"", ""DestroyEffect"", ""GetHandleId"", ""GetUnitAbilityLevel"", ""GetUnitMoveSpeed"", ""I2R"", ""LoadReal"", ""StringHash"", ""hL""]",[],4
roe,80381,80418,"[""A0PQ"", ""A144""]","[""DT"", ""DisableTrigger"", ""FlushChildHashtable"", ""GetEventDamageSource"", ""GetHandleId"", ""GetRandomInt"", ""GetTriggerEventId"", ""GetTriggeringTrigger"", ""GetUnitAbilityLevel"", ""LoadInteger"", ""LoadUnitHandle"", ""StringHash"", ""rxe""]",[],7
rne,80419,80432,[],"[""Condition"", ""CreateTrigger"", ""GetAttacker"", ""GetHandleId"", ""GetTriggerUnit"", ""SaveUnitHandle"", ""TriggerAddCondition"", ""TriggerRegisterTimerEvent"", ""TriggerRegisterUnitEvent""]","[""roe""]",3
rVe,80433,80440,[],"[""GetAttacker"", ""GetHandleId"", ""LoadInteger"", ""TS"", ""rne""]",[],2
rEe,80441,80446,"[""A0PQ""]","[""GetAttacker"", ""GetHandleId"", ""GetOwningPlayer"", ""GetTriggerUnit"", ""GetTriggeringTrigger"", ""GetUnitAbilityLevel"", ""IsUnitEnemy"", ""IsUnitType"", ""LoadUnitHandle"", ""rVe""]",[],1
rXe,80447,80455,[],"[""Condition"", ""CreateTrigger"", ""GetHandleId"", ""GetTriggerUnit"", ""Lz"", ""SaveUnitHandle"", ""TriggerAddCondition""]","[""rEe""]",1
rOe,80456,80462,[],[],[],0
rRe,80463,80474,[],"[""GetUnitMoveSpeed"", ""SetUnitMoveSpeed""]",[],4
rIe,80475,80500,"[""A144""]","[""GetHandleId"", ""GetUnitAbilityLevel"", ""GetUnitDefaultMoveSpeed"", ""GetUnitMoveSpeed"", ""LoadInteger"", ""SetUnitMoveSpeed"", ""StringHash"", ""rOe"", ""rRe""]",[],6
rAe,80501,80503,[],"[""SquareRoot""]",[],0
rNe,80504,80516,[],"[""Atan2"", ""Cos"", ""GetUnitMoveSpeed"", ""GetUnitX"", ""GetUnitY"", ""SetUnitX"", ""SetUnitY"", ""Sin"", ""rAe""]",[],4
rbe,80517,80543,[],"[""GetHandleId"", ""GetLocalPlayer"", ""GetOwningPlayer"", ""GetTriggeringTrigger"", ""GetUnitFlyHeight"", ""GetUnitX"", ""GetUnitY"", ""I2S"", ""IsUnitAlly"", ""IsUnitHidden"", ""LoadReal"", ""LoadUnitHandle"", ""R2I"", ""SaveReal"", ""SetTextTagPermanent"", ""SetTextTagPos"", ""SetTextTagText"", ""SetTextTagVelocity"", ""SetTextTagVisibility"", ""StringHash"", ""Uk"", ""rIe"", ""rNe"", ""xK""]",[],11
rBe,80544,80553,[],"[""GetExpiredTimer"", ""GetHandleId"", ""LoadInteger"", ""LoadUnitHandle"", ""SaveInteger"", ""StringHash"", ""tK""]",[],2
rce,80554,80562,[],"[""CreateTimer"", ""GetHandleId"", ""LoadInteger"", ""SaveInteger"", ""SaveUnitHandle"", ""StringHash"", ""TimerStart""]","[""rBe""]",5
rCe,80563,80597,"[""B09U""]","[""GetUnitAbilityLevel"", ""UnitAddAbility"", ""UnitRemoveAbility""]",[],18
rDe,80598,80642,"[""A144"", ""B067""]","[""GetHandleId"", ""GetTriggeringTrigger"", ""GetUnitAbilityLevel"", ""GetUnitState"", ""GetUnitX"", ""GetUnitY"", ""LoadInteger"", ""LoadReal"", ""LoadUnitHandle"", ""SaveReal"", ""StringHash"", ""hl"", ""rCe"", ""rce""]",[],22
rFe,80643,80667,[],"[""Condition"", ""CreateTextTag"", ""CreateTrigger"", ""GetHandleId"", ""GetLearningUnit"", ""GetOwningPlayer"", ""GetUnitX"", ""GetUnitY"", ""SaveInteger"", ""SaveReal"", ""SaveUnitHandle"", ""StringHash"", ""TriggerAddCondition"", ""TriggerRegisterTimerEvent"", ""xK""]","[""rDe"", ""rbe""]",11
rge,80668,80687,[],"[""GetExpiredTimer"", ""GetHandleId"", ""LoadInteger"", ""LoadUnitHandle"", ""RemoveUnit"", ""SaveInteger"", ""SetUnitVertexColor"", ""rxe"", ""tK""]",[],7
rGe,80688,80704,"[""n0A8""]","[""CreateTimer"", ""CreateUnit"", ""GetHandleId"", ""GetOwningPlayer"", ""GetRandomReal"", ""GetUnitX"", ""GetUnitY"", ""PauseUnit"", ""SaveInteger"", ""SaveUnitHandle"", ""SetUnitAnimation"", ""SetUnitPathing"", ""SetUnitVertexColor"", ""TimerStart""]","[""rge""]",7
rhe,80705,80751,"[""A14J"", ""B067""]","[""Cm"", ""CreateGroup"", ""DestroyEffect"", ""DestroyGroup"", ""FirstOfGroup"", ""GetExpiredTimer"", ""GetHandleId"", ""GetOwningPlayer"", ""GetUnitX"", ""GetUnitY"", ""GetWidgetLife"", ""GroupAddUnit"", ""GroupEnumUnitsInRange"", ""GroupRemoveUnit"", ""IsUnitEnemy"", ""IsUnitInGroup"", ""IsUnitType"", ""LoadEffectHandle"", ""LoadGroupHandle"", ""LoadReal"", ""LoadUnitHandle"", ""RemoveUnit"", ""SaveReal"", ""UnitRemoveAbility"", ""hL"", ""rGe"", ""tK""]",[],12
rje,80752,80776,"[""A145"", ""A14J"", ""h011""]","[""AddSpecialEffectTarget"", ""CreateGroup"", ""CreateTimer"", ""CreateUnit"", ""DestroyEffect"", ""GetHandleId"", ""GetOwningPlayer"", ""GetTriggerUnit"", ""GetUnitAbilityLevel"", ""GetUnitX"", ""GetUnitY"", ""I2R"", ""SaveEffectHandle"", ""SaveGroupHandle"", ""SaveReal"", ""SaveUnitHandle"", ""SetPlayerAbilityAvailable"", ""TimerStart"", ""UnitAddAbility"", ""UnitMakeAbilityPermanent""]","[""rhe""]",14
rJe,80777,80785,"[""A143"", ""A145"", ""A146""]","[""GetSpellAbilityId"", ""o9e"", ""rje""]",[],3
rke,80786,80794,"[""A0PQ"", ""A144""]","[""GetLearnedSkill"", ""GetLearningUnit"", ""GetUnitAbilityLevel"", ""IsUnitIllusion"", ""rFe"", ""rXe""]",[],2
vz,80795,80818,"[""A147"", ""A148"", ""A149"", ""A14A"", ""A14B"", ""A14C"", ""A14D"", ""A14E"", ""A14F"", ""A14G"", ""A14H"", ""n09X""]","[""Condition"", ""CreateTrigger"", ""Lz"", ""TriggerAddCondition"", ""nl""]","[""rJe"", ""rke""]",16
rLe,80819,80829,"[""A18V""]","[""GetHandleId"", ""GetHeroInt"", ""GetUnitAbilityLevel"", ""LoadInteger"", ""SaveInteger"", ""SetHeroInt"", ""StringHash""]",[],5
rMe,80830,80838,"[""A18V""]","[""GetHandleId"", ""GetHeroInt"", ""GetUnitAbilityLevel"", ""LoadInteger"", ""SaveInteger"", ""SetHeroInt"", ""StringHash""]",[],2
rPe,80839,80857,[],"[""GetHandleId"", ""GetLocalPlayer"", ""GetOwningPlayer"", ""GetTriggeringTrigger"", ""GetUnitFlyHeight"", ""GetUnitX"", ""GetUnitY"", ""I2S"", ""IsUnitHidden"", ""LoadInteger"", ""LoadUnitHandle"", ""SetTextTagColor"", ""SetTextTagPermanent"", ""SetTextTagPos"", ""SetTextTagText"", ""SetTextTagVelocity"", ""SetTextTagVisibility"", ""StringHash"", ""Uk"", ""xK""]",[],5
rqe,80858,80868,[],"[""Condition"", ""CreateTextTag"", ""CreateTrigger"", ""GetHandleId"", ""GetOwningPlayer"", ""SaveInteger"", ""SaveUnitHandle"", ""StringHash"", ""TriggerAddCondition"", ""TriggerRegisterTimerEvent"", ""xK""]","[""rPe""]",3
rQe,80869,80871,[],[],[],1
rse,80872,80927,[],"[""Atan2"", ""Cos"", ""CreateGroup"", ""DestroyGroup"", ""FirstOfGroup"", ""GetExpiredTimer"", ""GetHandleId"", ""GetOwningPlayer"", ""GetUnitX"", ""GetUnitY"", ""GetWidgetLife"", ""GroupAddUnit"", ""GroupEnumUnitsInRange"", ""GroupRemoveUnit"", ""IsUnitEnemy"", ""IsUnitInGroup"", ""IsUnitType"", ""LoadGroupHandle"", ""LoadReal"", ""LoadUnitHandle"", ""RemoveUnit"", ""SaveReal"", ""SetUnitFacing"", ""SetUnitX"", ""SetUnitY"", ""Sin"", ""SquareRoot"", ""hL"", ""rQe"", ""tK""]",[],21
rTe,80928,80969,"[""h04H""]","[""Atan2"", ""CreateGroup"", ""CreateTimer"", ""CreateUnit"", ""GetExpiredTimer"", ""GetHandleId"", ""GetOwningPlayer"", ""GetUnitX"", ""GetUnitY"", ""LoadInteger"", ""LoadReal"", ""LoadUnitHandle"", ""SaveGroupHandle"", ""SaveInteger"", ""SaveReal"", ""SaveUnitHandle"", ""SetUnitFlyHeight"", ""TimerStart"", ""tK""]","[""rse""]",22
rue,80970,80999,"[""A18R"", ""A191""]","[""CreateTimer"", ""GetHandleId"", ""GetSpellAbilityId"", ""GetSpellAbilityUnit"", ""GetSpellTargetUnit"", ""GetUnitAbilityLevel"", ""I2R"", ""LoadInteger"", ""R2I"", ""SaveInteger"", ""SaveReal"", ""SaveUnitHandle"", ""StringHash"", ""TimerStart"", ""rLe""]","[""rTe""]",13
rUe,81000,81002,[],"[""GetEnumUnit"", ""RemoveUnit""]",[],0
rwe,81003,81021,[],"[""DT"", ""DestroyGroup"", ""FlushChildHashtable"", ""ForGroup"", ""GetHandleId"", ""GetTriggeringTrigger"", ""LoadGroupHandle"", ""LoadTriggerHandle"", ""LoadUnitHandle"", ""RemoveUnit""]","[""rUe""]",5
rye,81022,81053,[],"[""Cos"", ""GetExpiredTimer"", ""GetHandleId"", ""GetUnitX"", ""GetUnitY"", ""GroupRemoveUnit"", ""LoadGroupHandle"", ""LoadReal"", ""LoadUnitHandle"", ""SaveReal"", ""SetUnitPathing"", ""SetUnitPosition"", ""Sin"", ""eL"", ""tK""]",[],8
rYe,81054,81067,[],"[""CreateTimer"", ""Deg2Rad"", ""GetHandleId"", ""GetUnitFacing"", ""GetUnitX"", ""GetUnitY"", ""SaveGroupHandle"", ""SaveReal"", ""SaveUnitHandle"", ""SetUnitPathing"", ""TimerStart""]","[""rye""]",8
rze,81068,81086,"[""A0K4"", ""A18S""]","[""GetFilterUnit"", ""GetHandleId"", ""GetHeroInt"", ""GetOwningPlayer"", ""GetTriggeringTrigger"", ""GetUnitAbilityLevel"", ""GroupAddUnit"", ""IsUnitAlly"", ""IsUnitEnemy"", ""IsUnitInGroup"", ""LoadGroupHandle"", ""LoadUnitHandle"", ""hL"", ""rLe"", ""rYe""]",[],6
rZe,81087,81134,"[""A18S"", ""h011"", ""h04I""]","[""Condition"", ""Cos"", ""CreateGroup"", ""CreateTrigger"", ""CreateUnit"", ""GetHandleId"", ""GetOwningPlayer"", ""GetSpellTargetX"", ""GetSpellTargetY"", ""GetTriggerUnit"", ""GetUnitAbilityLevel"", ""GetUnitFacing"", ""GroupAddUnit"", ""SaveGroupHandle"", ""SaveTriggerHandle"", ""SaveUnitHandle"", ""SetUnitPathing"", ""SetUnitX"", ""SetUnitY"", ""Sin"", ""TriggerAddCondition"", ""TriggerRegisterTimerEvent"", ""TriggerRegisterUnitInRange"", ""rLe""]","[""rwe"", ""rze""]",16
r_e,81135,81155,"[""A18W"", ""A18Y"", ""B0B6""]","[""DestroyGroup"", ""FirstOfGroup"", ""GetExpiredTimer"", ""GetHandleId"", ""GroupRemoveUnit"", ""LoadGroupHandle"", ""LoadUnitHandle"", ""UnitRemoveAbility"", ""tK""]",[],5
r0e,81156,81193,"[""A18U"", ""A18W"", ""A18X"", ""A18Y""]","[""CreateGroup"", ""CreateTimer"", ""DestroyGroup"", ""FirstOfGroup"", ""GetHandleId"", ""GetOwningPlayer"", ""GetSpellAbilityUnit"", ""GetSpellTargetUnit"", ""GetUnitAbilityLevel"", ""GetUnitX"", ""GetUnitY"", ""GetWidgetLife"", ""GroupAddUnit"", ""GroupEnumUnitsInRange"", ""GroupRemoveUnit"", ""IsUnitEnemy"", ""IsUnitInGroup"", ""IsUnitType"", ""SaveGroupHandle"", ""SaveUnitHandle"", ""SetPlayerAbilityAvailable"", ""SetUnitAbilityLevel"", ""TimerStart"", ""UnitAddAbility"", ""YK"", ""rLe""]","[""r_e""]",12
r1e,81194,81220,[],"[""AddSpecialEffect"", ""CreateGroup"", ""DestroyEffect"", ""DestroyGroup"", ""FirstOfGroup"", ""GetExpiredTimer"", ""GetHandleId"", ""GetOwningPlayer"", ""GetWidgetLife"", ""GroupEnumUnitsInRange"", ""GroupRemoveUnit"", ""IsUnitEnemy"", ""IsUnitType"", ""LoadReal"", ""LoadUnitHandle"", ""hL"", ""tK""]",[],8
r2e,81221,81242,"[""A18T""]","[""AddSpecialEffect"", ""CreateTimer"", ""DestroyEffect"", ""GetHandleId"", ""GetOwningPlayer"", ""GetSpellAbilityUnit"", ""GetSpellTargetX"", ""GetSpellTargetY"", ""GetUnitAbilityLevel"", ""I2R"", ""LoadInteger"", ""SaveReal"", ""SaveUnitHandle"", ""StringHash"", ""TimerStart"", ""rMe""]","[""r1e""]",9
r3e,81243,81257,"[""A18R"", ""A18S"", ""A18T"", ""A18U"", ""A191""]","[""GetSpellAbilityId"", ""GetSpellTargetUnit"", ""OL"", ""r0e"", ""r2e"", ""rZe"", ""rue""]",[],7
Fz,81258,81260,[],"[""rqe""]",[],0
ez,81261,81270,"[""A18W"", ""A18Y"", ""h04H"", ""h04I""]","[""Condition"", ""CreateTrigger"", ""Lz"", ""Nl"", ""TriggerAddCondition"", ""nl""]","[""r3e""]",8
r5e,81271,81290,[],"[""FirstOfGroup"", ""GetRandomInt"", ""GroupRemoveUnit""]",[],6
r6e,81291,81375,"[""A0K4""]","[""AddSpecialEffectTarget"", ""CreateGroup"", ""DestroyEffect"", ""DestroyGroup"", ""FirstOfGroup"", ""GetExpiredTimer"", ""GetHandleId"", ""GetOwningPlayer"", ""GetUnitAbilityLevel"", ""GetUnitState"", ""GetUnitUserData"", ""GetUnitX"", ""GetUnitY"", ""GroupAddUnit"", ""GroupEnumUnitsInRange"", ""GroupRemoveUnit"", ""I2R"", ""IsUnitAlly"", ""IsUnitEnemy"", ""IsUnitType"", ""IssueTargetOrderById"", ""LoadInteger"", ""LoadReal"", ""LoadUnitHandle"", ""RemoveUnit"", ""SaveInteger"", ""StringHash"", ""Uk"", ""YK"", ""fL"", ""hL"", ""r5e"", ""tK""]",[],21
r7e,81376,81408,"[""A14X"", ""A14Y"", ""A155"", ""A156"", ""h011""]","[""CreateTimer"", ""CreateUnit"", ""GetHandleId"", ""GetOwningPlayer"", ""GetSpellAbilityId"", ""GetSpellTargetX"", ""GetSpellTargetY"", ""GetTriggerUnit"", ""GetUnitAbilityLevel"", ""SaveInteger"", ""SaveReal"", ""SaveUnitHandle"", ""SetUnitAbilityLevel"", ""TimerStart"", ""UnitAddAbility""]","[""r6e""]",17
r8e,81409,81425,[],"[""GetSpellAbilityId"", ""GetSpellAbilityUnit"", ""GetSpellTargetX"", ""GetSpellTargetY"", ""GetUnitAbilityLevel"", ""GetUnitX"", ""GetUnitY"", ""I2R"", ""jZ""]",[],7
r9e,81426,81465,"[""A10D"", ""A150"", ""h011"", ""u00P""]","[""CreateGroup"", ""CreateUnit"", ""DestroyGroup"", ""FirstOfGroup"", ""GetDyingUnit"", ""GetHandleId"", ""GetOwningPlayer"", ""GetTriggeringTrigger"", ""GetUnitAbilityLevel"", ""GetUnitTypeId"", ""GetUnitX"", ""GetUnitY"", ""GetWidgetLife"", ""GroupEnumUnitsInRange"", ""GroupRemoveUnit"", ""IsUnitEnemy"", ""IsUnitType"", ""IssueTargetOrderById"", ""LoadUnitHandle"", ""UnitAddAbility"", ""ZK"", ""hL""]",[],12
ive,81466,81474,[],"[""Condition"", ""CreateTrigger"", ""GetHandleId"", ""GetLearningUnit"", ""GetOwningPlayer"", ""GetPlayerId"", ""Player"", ""SaveUnitHandle"", ""TriggerAddCondition"", ""TriggerRegisterPlayerUnitEvent""]","[""r9e""]",2
iee,81475,81503,"[""A150"", ""u00P""]","[""AddSpecialEffectTarget"", ""Cos"", ""CreateUnit"", ""DestroyEffect"", ""GetHandleId"", ""GetOwningPlayer"", ""GetTriggerUnit"", ""GetUnitAbilityLevel"", ""GetUnitFacing"", ""GetUnitX"", ""GetUnitY"", ""I2S"", ""KillUnit"", ""LoadUnitHandle"", ""SaveUnitHandle"", ""Sin"", ""StringHash""]",[],13
ixe,81504,81530,"[""A150"", ""u00P""]","[""AddSpecialEffectTarget"", ""CreateUnit"", ""DT"", ""DestroyEffect"", ""FlushChildHashtable"", ""GetDyingUnit"", ""GetHandleId"", ""GetOwningPlayer"", ""GetTriggerEventId"", ""GetTriggeringTrigger"", ""GetUnitAbilityLevel"", ""GetUnitFacing"", ""GetUnitX"", ""GetUnitY"", ""IsUnitEnemy"", ""LoadReal"", ""LoadUnitHandle"", ""StringHash"", ""hl""]",[],5
ioe,81531,81546,[],"[""GetExpiredTimer"", ""GetHandleId"", ""I2S"", ""LoadUnitHandle"", ""RemoveUnit"", ""SaveReal"", ""StringHash"", ""tK""]",[],7
ire,81547,81634,"[""A14Z"", ""A151"", ""A152"", ""h00Y"", ""h01M"", ""h01P"", ""h02I""]","[""Condition"", ""Cos"", ""CreateTimer"", ""CreateTrigger"", ""CreateUnit"", ""GetHandleId"", ""GetOwningPlayer"", ""GetRandomInt"", ""GetRandomReal"", ""GetSpellAbilityId"", ""GetSpellTargetX"", ""GetSpellTargetY"", ""GetTriggerUnit"", ""GetUnitAbilityLevel"", ""I2R"", ""I2S"", ""LoadUnitHandle"", ""Lz"", ""PauseUnit"", ""RemoveUnit"", ""SaveReal"", ""SaveUnitHandle"", ""SetUnitX"", ""SetUnitY"", ""Sin"", ""StringHash"", ""TimerStart"", ""TriggerAddCondition"", ""TriggerRegisterTimerEvent"", ""jZ""]","[""ioe"", ""ixe""]",36
iae,81635,81649,"[""A14X"", ""A14Y"", ""A14Z"", ""A150"", ""A151"", ""A152""]","[""GetSpellAbilityId"", ""iee"", ""ire"", ""r7e"", ""r8e""]",[],6
ine,81650,81655,"[""A150""]","[""GetLearnedSkill"", ""GetLearningUnit"", ""GetUnitAbilityLevel"", ""IsUnitIllusion"", ""ive""]",[],1
xz,81656,81665,[],"[""Condition"", ""CreateTrigger"", ""Lz"", ""TriggerAddCondition""]","[""iae"", ""ine""]",0
iXe,81666,81668,[],"[""GetFilterUnit"", ""GetOwningPlayer"", ""GetWidgetLife"", ""IsUnitEnemy"", ""IsUnitType""]",[],1
iOe,81669,81695,"[""A06C""]","[""AddSpecialEffectTarget"", ""DestroyEffect"", ""DestroyGroup"", ""FirstOfGroup"", ""GetExpiredTimer"", ""GetHandleId"", ""GetUnitAbilityLevel"", ""GroupRemoveUnit"", ""LoadGroupHandle"", ""LoadInteger"", ""LoadUnitHandle"", ""SaveInteger"", ""hL"", ""tK""]",[],10
iRe,81696,81719,"[""A06C""]","[""Condition"", ""CountUnitsInGroup"", ""CreateGroup"", ""CreateTimer"", ""DestroyBoolExpr"", ""GetHandleId"", ""GetUnitAbilityLevel"", ""GetUnitX"", ""GetUnitY"", ""GroupEnumUnitsInRange"", ""I2R"", ""SaveGroupHandle"", ""SaveInteger"", ""SaveUnitHandle"", ""TimerStart""]","[""iOe"", ""iXe""]",8
iIe,81720,81742,"[""A06C"", ""B00L""]","[""GetExpiredTimer"", ""GetHandleId"", ""GetUnitAbilityLevel"", ""GetUnitCurrentOrder"", ""GetUnitState"", ""GetWidgetLife"", ""LoadReal"", ""LoadUnitHandle"", ""SaveReal"", ""SetUnitInvulnerable"", ""fL"", ""iRe"", ""tK""]",[],8
iAe,81743,81754,[],"[""CreateTimer"", ""GetHandleId"", ""GetSpellAbilityUnit"", ""SaveReal"", ""SaveUnitHandle"", ""SetUnitInvulnerable"", ""TimerStart""]","[""iIe""]",4
iNe,81755,81760,"[""A06C""]","[""GetSpellAbilityId"", ""iAe""]",[],1
ibe,81761,81784,"[""B00L""]","[""DT"", ""FlushChildHashtable"", ""GetDyingUnit"", ""GetHandleId"", ""GetKillingUnit"", ""GetOwningPlayer"", ""GetTriggerEventId"", ""GetTriggeringTrigger"", ""GetUnitAbilityLevel"", ""I2R"", ""IsUnitEnemy"", ""LoadInteger"", ""LoadReal"", ""LoadUnitHandle"", ""SaveReal"", ""UnitRemoveAbility""]",[],8
iCe,81785,81798,"[""A06A""]","[""Condition"", ""CreateTrigger"", ""GetHandleId"", ""GetSpellAbilityUnit"", ""GetUnitAbilityLevel"", ""Lz"", ""SaveInteger"", ""SaveReal"", ""SaveUnitHandle"", ""TriggerAddCondition"", ""TriggerRegisterTimerEvent""]","[""ibe""]",5
ide,81799,81804,"[""A06A""]","[""GetSpellAbilityId"", ""iCe""]",[],1
iDe,81805,81824,"[""A06D""]","[""GetDyingUnit"", ""GetHandleId"", ""GetHeroAgi"", ""GetKillingUnit"", ""GetOwningPlayer"", ""GetTriggeringTrigger"", ""GetUnitAbilityLevel"", ""GetWidgetX"", ""GetWidgetY"", ""I2S"", ""IsUnitEnemy"", ""IsUnitIllusion"", ""LoadInteger"", ""LoadUnitHandle"", ""SaveInteger"", ""SetHeroAgi"", ""ql""]",[],10
ife,81825,81833,[],"[""Condition"", ""CreateTrigger"", ""GetHandleId"", ""GetLearningUnit"", ""Lz"", ""SaveUnitHandle"", ""TriggerAddCondition""]","[""iDe""]",1
iFe,81834,81839,"[""A06D""]","[""GetLearnedSkill"", ""GetLearningUnit"", ""GetUnitAbilityLevel"", ""IsUnitIllusion"", ""ife""]",[],1
oz,81840,81853,[],"[""Condition"", ""CreateTrigger"", ""Lz"", ""TriggerAddCondition""]","[""iFe"", ""iNe"", ""ide""]",0
iHe,81854,81874,"[""A13P""]","[""CreateGroup"", ""DestroyGroup"", ""FirstOfGroup"", ""GetOwningPlayer"", ""GetUnitAbilityLevel"", ""GetUnitX"", ""GetUnitY"", ""GetWidgetLife"", ""GroupEnumUnitsInRange"", ""GroupRemoveUnit"", ""IsUnitAlly"", ""QL"", ""UL""]",[],8
ije,81875,81892,"[""A0XL"", ""BTLF"", ""o00E"", ""o00F"", ""o00K""]","[""CreateUnit"", ""GetOwningPlayer"", ""GetSpellTargetX"", ""GetSpellTargetY"", ""GetTriggerUnit"", ""GetUnitAbilityLevel"", ""SetUnitX"", ""SetUnitY"", ""UnitApplyTimedLife"", ""iHe""]",[],6
iJe,81893,81914,"[""Apiv""]","[""GetExpiredTimer"", ""GetHandleId"", ""GetUnitCurrentOrder"", ""LoadInteger"", ""LoadUnitHandle"", ""RemoveUnit"", ""Uk"", ""UnitRemoveAbility"", ""tK""]",[],7
ike,81915,81955,"[""A13N"", ""Apiv"", ""o00E"", ""o00F"", ""o00K""]","[""Cos"", ""CreateTimer"", ""CreateUnit"", ""GetHandleId"", ""GetOwningPlayer"", ""GetSpellAbilityId"", ""GetTriggerUnit"", ""GetUnitAbilityLevel"", ""GetUnitX"", ""GetUnitY"", ""SaveInteger"", ""SaveUnitHandle"", ""SetUnitX"", ""SetUnitY"", ""Sin"", ""TimerStart"", ""UnitAddAbility"", ""iHe""]","[""iJe""]",17
iKe,81956,82043,"[""A0XM""]","[""Atan2"", ""Cos"", ""DT"", ""DestroyGroup"", ""DestroyLightning"", ""DisableTrigger"", ""EnableTrigger"", ""FirstOfGroup"", ""FlushChildHashtable"", ""GetEventDamage"", ""GetHandleId"", ""GetOwningPlayer"", ""GetTriggerEventId"", ""GetTriggeringTrigger"", ""GetUnitAbilityLevel"", ""GetUnitState"", ""GetUnitX"", ""GetUnitY"", ""GetWidgetLife"", ""Gl"", ""GroupRemoveUnit"", ""I2S"", ""IsUnitEnemy"", ""LoadGroupHandle"", ""LoadInteger"", ""LoadLightningHandle"", ""LoadReal"", ""LoadUnitHandle"", ""MoveLightningEx"", ""RemoveUnit"", ""SaveInteger"", ""SetLightningColor"", ""SetUnitState"", ""SetUnitX"", ""SetUnitY"", ""Sin"", ""StringHash"", ""Uk"", ""hL"", ""hl""]",[],40
ile,82044,82098,"[""A0XM"", ""o00L""]","[""AddLightningEx"", ""Condition"", ""CreateGroup"", ""CreateTrigger"", ""CreateUnit"", ""DestroyGroup"", ""FirstOfGroup"", ""GetHandleId"", ""GetOwningPlayer"", ""GetSpellAbilityUnit"", ""GetSpellTargetX"", ""GetSpellTargetY"", ""GetUnitAbilityLevel"", ""GetUnitX"", ""GetUnitY"", ""GetWidgetLife"", ""GroupAddUnit"", ""GroupEnumUnitsInRange"", ""GroupRemoveUnit"", ""I2S"", ""IsUnitEnemy"", ""IsUnitInGroup"", ""IsUnitType"", ""Player"", ""SaveGroupHandle"", ""SaveInteger"", ""SaveLightningHandle"", ""SaveReal"", ""SaveUnitHandle"", ""SetLightningColor"", ""SetUnitX"", ""SetUnitY"", ""StringHash"", ""TriggerAddCondition"", ""TriggerRegisterTimerEvent"", ""TriggerRegisterUnitEvent""]","[""iKe""]",20
iLe,82099,82168,"[""A0XN"", ""A0XP"", ""B09P""]","[""DT"", ""DestroyGroup"", ""DisableTrigger"", ""EnableTrigger"", ""FirstOfGroup"", ""FlushChildHashtable"", ""GetEventDamageSource"", ""GetHandleId"", ""GetOwningPlayer"", ""GetTriggerEventId"", ""GetTriggerUnit"", ""GetTriggeringTrigger"", ""GetUnitAbilityLevel"", ""GetUnitState"", ""GetUnitUserData"", ""Gl"", ""GroupRemoveUnit"", ""I2R"", ""IsUnitType"", ""LoadGroupHandle"", ""LoadInteger"", ""LoadReal"", ""LoadUnitHandle"", ""SaveInteger"", ""SaveReal"", ""StringHash"", ""UnitRemoveAbility"", ""hL""]",[],19
iMe,82169,82205,"[""A0XP""]","[""Condition"", ""CreateGroup"", ""CreateTrigger"", ""DestroyGroup"", ""FirstOfGroup"", ""GetHandleId"", ""GetOwningPlayer"", ""GetSpellAbilityId"", ""GetSpellAbilityUnit"", ""GetSpellTargetX"", ""GetSpellTargetY"", ""GetUnitAbilityLevel"", ""GetWidgetLife"", ""GroupAddUnit"", ""GroupEnumUnitsInRange"", ""GroupRemoveUnit"", ""IsUnitEnemy"", ""IsUnitInGroup"", ""IsUnitType"", ""SaveGroupHandle"", ""SaveInteger"", ""SaveReal"", ""SaveUnitHandle"", ""StringHash"", ""TriggerAddCondition"", ""TriggerRegisterTimerEvent"", ""TriggerRegisterUnitEvent"", ""UnitAddAbility""]","[""iLe""]",9
ipe,82206,82220,"[""A0XK"", ""A0XL"", ""A0XM"", ""A0XN"", ""A13M"", ""A13N""]","[""GetSpellAbilityId"", ""iMe"", ""ije"", ""ike"", ""ile""]",[],4
rz,82221,82230,"[""A0XP"", ""o00E"", ""o00F"", ""o00K"", ""o00L""]","[""Condition"", ""CreateTrigger"", ""Lz"", ""Nl"", ""TriggerAddCondition"", ""nl""]","[""ipe""]",5
iqe,82231,82264,"[""A0VY""]","[""Cos"", ""GK"", ""GetExpiredTimer"", ""GetHandleId"", ""GetUnitDefaultMoveSpeed"", ""GetUnitX"", ""GetUnitY"", ""LoadInteger"", ""LoadReal"", ""LoadUnitHandle"", ""SaveInteger"", ""SetUnitMoveSpeed"", ""SetUnitPathing"", ""SetUnitX"", ""SetUnitY"", ""Sin"", ""UnitRemoveAbility"", ""eL"", ""iL"", ""nL"", ""tK""]",[],8
iQe,82265,82325,"[""A0J6"", ""A0VY""]","[""AddSpecialEffectTarget"", ""Atan2"", ""CreateGroup"", ""CreateTimer"", ""DestroyEffect"", ""DestroyGroup"", ""FirstOfGroup"", ""GetExpiredTimer"", ""GetHandleId"", ""GetOwningPlayer"", ""GetUnitAbilityLevel"", ""GetUnitX"", ""GetUnitY"", ""GetWidgetLife"", ""GroupEnumUnitsInRange"", ""GroupRemoveUnit"", ""IsUnitEnemy"", ""IsUnitType"", ""KillUnit"", ""LoadReal"", ""LoadUnitHandle"", ""RemoveUnit"", ""SaveInteger"", ""SaveReal"", ""SaveUnitHandle"", ""SetUnitMoveSpeed"", ""SetUnitPathing"", ""StringHash"", ""TimerStart"", ""UnitAddAbility"", ""hL"", ""hl"", ""tK""]","[""iqe""]",18
ise,82326,82349,"[""h03T""]","[""CreateTimer"", ""CreateUnit"", ""GetHandleId"", ""GetOwningPlayer"", ""GetSpellAbilityUnit"", ""GetSpellTargetX"", ""GetSpellTargetY"", ""SaveReal"", ""SaveUnitHandle"", ""SetUnitX"", ""SetUnitY"", ""StringHash"", ""TimerStart""]","[""iQe""]",6
iSe,82350,82355,[],"[""GetExpiredTimer"", ""GetHandleId"", ""LoadUnitHandle"", ""SaveReal"", ""StringHash"", ""tK""]",[],2
ite,82356,82448,"[""A0NW"", ""h03U""]","[""AddSpecialEffectTarget"", ""Atan2"", ""Cos"", ""CreateGroup"", ""CreateTimer"", ""CreateUnit"", ""DestroyEffect"", ""DestroyGroup"", ""FirstOfGroup"", ""GetExpiredTimer"", ""GetHandleId"", ""GetOwningPlayer"", ""GetUnitAbilityLevel"", ""GetUnitX"", ""GetUnitY"", ""GetWidgetLife"", ""GroupAddUnit"", ""GroupClear"", ""GroupEnumUnitsInRange"", ""GroupRemoveUnit"", ""IsUnitEnemy"", ""IsUnitInGroup"", ""IsUnitType"", ""LoadGroupHandle"", ""LoadInteger"", ""LoadReal"", ""LoadUnitHandle"", ""PauseTimer"", ""Rad2Deg"", ""RemoveUnit"", ""SaveGroupHandle"", ""SaveInteger"", ""SaveReal"", ""SaveUnitHandle"", ""SetUnitFlyHeight"", ""SetUnitX"", ""SetUnitY"", ""Sin"", ""StringHash"", ""TimerStart"", ""eL"", ""hL"", ""hl"", ""tK""]","[""iSe"", ""ite""]",29
iUe,82449,82474,"[""h03U""]","[""Atan2"", ""CreateGroup"", ""CreateTimer"", ""CreateUnit"", ""GetHandleId"", ""GetOwningPlayer"", ""GetSpellTargetX"", ""GetSpellTargetY"", ""GetTriggerUnit"", ""GetUnitX"", ""GetUnitY"", ""Rad2Deg"", ""SaveGroupHandle"", ""SaveInteger"", ""SaveReal"", ""SaveUnitHandle"", ""SetUnitFlyHeight"", ""SetUnitPathing"", ""StringHash"", ""TimerStart""]","[""ite""]",14
iwe,82475,82567,"[""A0MW"", ""A0S7"", ""A0TY"", ""A0XB"", ""A0XD""]","[""CreateGroup"", ""DT"", ""DestroyGroup"", ""DisableTrigger"", ""FirstOfGroup"", ""FlushChildHashtable"", ""GetEventDamage"", ""GetEventDamageSource"", ""GetHandleId"", ""GetOwningPlayer"", ""GetTriggerEventId"", ""GetTriggeringTrigger"", ""GetUnitAbilityLevel"", ""GetUnitX"", ""GetUnitY"", ""GetWidgetLife"", ""GroupAddUnit"", ""GroupEnumUnitsInRange"", ""GroupRemoveUnit"", ""IsUnitEnemy"", ""IsUnitInGroup"", ""LoadInteger"", ""LoadUnitHandle"", ""SaveInteger"", ""SetUnitAbilityLevel"", ""StringHash"", ""UnitAddAbility"", ""UnitRemoveAbility"", ""hL""]",[],32
iye,82568,82581,[],"[""Condition"", ""CreateTrigger"", ""GetAttacker"", ""GetHandleId"", ""GetTriggerUnit"", ""SaveUnitHandle"", ""TriggerAddCondition"", ""TriggerRegisterTimerEvent"", ""TriggerRegisterUnitEvent""]","[""iwe""]",3
iYe,82582,82589,[],"[""GetAttacker"", ""GetHandleId"", ""LoadInteger"", ""TS"", ""iye""]",[],2
ize,82590,82595,"[""A0MW""]","[""GetAttacker"", ""GetHandleId"", ""GetOwningPlayer"", ""GetTriggerUnit"", ""GetTriggeringTrigger"", ""GetUnitAbilityLevel"", ""IsUnitEnemy"", ""IsUnitType"", ""LoadUnitHandle"", ""iYe""]",[],1
iZe,82596,82616,"[""A0MW"", ""A0S7"", ""A0TY"", ""A0XB""]","[""Condition"", ""CreateTrigger"", ""GetHandleId"", ""GetTriggerUnit"", ""GetUnitAbilityLevel"", ""Lz"", ""SaveInteger"", ""SaveUnitHandle"", ""SetUnitAbilityLevel"", ""StringHash"", ""TriggerAddCondition"", ""UnitAddAbility""]","[""ize""]",11
i_e,82617,82647,"[""A0L9"", ""A0MW"", ""A0S7"", ""A0TY"", ""A0XB"", ""A0XD""]","[""GetHandleId"", ""GetTriggerUnit"", ""GetUnitAbilityLevel"", ""GetUnitState"", ""I2R"", ""LoadInteger"", ""SaveInteger"", ""SetUnitAbilityLevel"", ""StringHash"", ""UnitAddAbility"", ""UnitRemoveAbility"", ""fL""]",[],19
i0e,82648,82659,"[""A0J6"", ""A0L9"", ""A0NW""]","[""GetSpellAbilityId"", ""iUe"", ""i_e"", ""ise""]",[],4
i1e,82660,82665,"[""A0MW""]","[""GetLearnedSkill"", ""GetLearningUnit"", ""IsUnitIllusion"", ""iZe""]",[],2
iz,82666,82679,"[""A0S7"", ""A0TY"", ""A0XB"", ""A0XD"", ""h03T"", ""h03U""]","[""Condition"", ""CreateTrigger"", ""Lz"", ""Nl"", ""TriggerAddCondition"", ""nl""]","[""i0e"", ""i1e""]",12
i4e,82680,82711,[],"[""AddSpecialEffectTarget"", ""Atan2"", ""Cos"", ""DestroyEffect"", ""GetExpiredTimer"", ""GetHandleId"", ""GetUnitX"", ""GetUnitY"", ""LoadReal"", ""LoadUnitHandle"", ""SaveReal"", ""SetUnitPathing"", ""SetUnitPosition"", ""Sin"", ""eL"", ""tK""]",[],9
i5e,82712,82726,[],"[""CreateTimer"", ""GetHandleId"", ""GetUnitX"", ""GetUnitY"", ""SaveReal"", ""SaveUnitHandle"", ""SetUnitPathing"", ""TimerStart""]","[""i4e""]",8
i6e,82727,82742,"[""A166"", ""h011""]","[""Cm"", ""CreateUnit"", ""GetOwningPlayer"", ""GetUnitX"", ""GetUnitY"", ""IssueTargetOrderById"", ""SetUnitAbilityLevel"", ""UnitAddAbility"", ""ZK"", ""hL""]",[],8
i7e,82743,82773,"[""A168"", ""h011""]","[""CreateGroup"", ""CreateUnit"", ""DestroyGroup"", ""FirstOfGroup"", ""GetOwningPlayer"", ""GetUnitX"", ""GetUnitY"", ""GetWidgetLife"", ""GroupEnumUnitsInRange"", ""GroupRemoveUnit"", ""IsUnitEnemy"", ""IsUnitType"", ""IssueTargetOrderById"", ""SetUnitAbilityLevel"", ""UnitAddAbility"", ""ZK"", ""hL""]",[],11
i8e,82774,82796,[],"[""CreateGroup"", ""DestroyGroup"", ""FirstOfGroup"", ""GetOwningPlayer"", ""GetUnitX"", ""GetUnitY"", ""GetWidgetLife"", ""GroupEnumUnitsInRange"", ""GroupRemoveUnit"", ""IsUnitEnemy"", ""hL""]",[],5
i9e,82797,82811,"[""A165"", ""h011""]","[""CreateUnit"", ""GetOwningPlayer"", ""GetUnitX"", ""GetUnitY"", ""IssueTargetOrderById"", ""SetUnitAbilityLevel"", ""UnitAddAbility"", ""ZK"", ""i5e""]",[],8
ave,82812,82822,[],"[""GetFilterUnit"", ""GetOwningPlayer"", ""GetUnitState"", ""GetUnitX"", ""GetUnitY"", ""IsUnitAlly"", ""IsUnitInGroup"", ""IsUnitType"", ""IsUnitVisible"", ""hl""]",[],1
aee,82823,82875,[],"[""Atan2"", ""Condition"", ""Cos"", ""CreateGroup"", ""DT"", ""DestroyGroup"", ""FlushChildHashtable"", ""GetHandleId"", ""GetOwningPlayer"", ""GetTriggeringTrigger"", ""GetUnitState"", ""GetUnitX"", ""GetUnitY"", ""GroupAddUnit"", ""GroupEnumUnitsInRange"", ""IsUnitVisible"", ""LoadGroupHandle"", ""LoadInteger"", ""LoadReal"", ""LoadUnitHandle"", ""RemoveUnit"", ""SaveInteger"", ""SaveUnitHandle"", ""SetUnitX"", ""SetUnitY"", ""Sin"", ""hL"", ""hl""]","[""ave""]",33
are,82876,82902,"[""h048""]","[""Condition"", ""CreateGroup"", ""CreateTrigger"", ""CreateUnit"", ""GetHandleId"", ""GetOwningPlayer"", ""GetUnitFacing"", ""GetUnitX"", ""GetUnitY"", ""GroupAddUnit"", ""SaveGroupHandle"", ""SaveInteger"", ""SaveReal"", ""SaveUnitHandle"", ""SetUnitFlyHeight"", ""TriggerAddCondition"", ""TriggerRegisterTimerEvent""]","[""aee""]",11
aie,82903,82963,"[""A15X"", ""A163"", ""A164"", ""A167"", ""A16C"", ""A17L"", ""Bfro""]","[""DT"", ""DisableTrigger"", ""FlushChildHashtable"", ""GetEventDamageSource"", ""GetHandleId"", ""GetTriggerEventId"", ""GetTriggeringTrigger"", ""GetUnitAbilityLevel"", ""GetUnitX"", ""GetUnitY"", ""LoadInteger"", ""LoadUnitHandle"", ""SaveInteger"", ""StringHash"", ""UnitRemoveAbility"", ""are"", ""i6e"", ""i7e"", ""i8e"", ""i9e""]",[],22
aae,82964,82977,[],"[""Condition"", ""CreateTrigger"", ""GetAttacker"", ""GetHandleId"", ""GetTriggerUnit"", ""SaveUnitHandle"", ""TriggerAddCondition"", ""TriggerRegisterTimerEvent"", ""TriggerRegisterUnitEvent""]","[""aie""]",3
ane,82978,82985,[],"[""GetAttacker"", ""GetHandleId"", ""LoadInteger"", ""TS"", ""aae""]",[],2
aVe,82986,82991,"[""A15X""]","[""GetAttacker"", ""GetHandleId"", ""GetOwningPlayer"", ""GetTriggerUnit"", ""GetTriggeringTrigger"", ""GetUnitAbilityLevel"", ""IsUnitEnemy"", ""IsUnitType"", ""LoadUnitHandle"", ""ane""]",[],1
aEe,82992,83017,"[""A15X"", ""A15Z"", ""A160"", ""A161"", ""A162"", ""A17M""]","[""Condition"", ""CreateTrigger"", ""GetHandleId"", ""GetLearnedSkill"", ""GetLearningUnit"", ""GetUnitAbilityLevel"", ""IsUnitIllusion"", ""Lz"", ""SaveInteger"", ""SaveUnitHandle"", ""SetUnitAbilityLevel"", ""StringHash"", ""TriggerAddCondition"", ""UnitAddAbility""]","[""aVe""]",11
aXe,83018,83053,"[""A15X"", ""A15Z"", ""A160"", ""A161"", ""A162"", ""A17M""]","[""GetExpiredTimer"", ""GetHandleId"", ""GetUnitAbilityLevel"", ""LoadInteger"", ""LoadUnitHandle"", ""SaveInteger"", ""SetUnitAbilityLevel"", ""StringHash"", ""UnitAddAbility"", ""UnitRemoveAbility"", ""tK""]",[],26
aOe,83054,83090,"[""A15Z"", ""A160"", ""A161"", ""A162"", ""A163"", ""A164"", ""A167"", ""A16C"", ""A17L"", ""A17M""]","[""CreateTimer"", ""GetHandleId"", ""GetSpellAbilityId"", ""GetTriggerUnit"", ""LoadInteger"", ""SaveInteger"", ""SaveUnitHandle"", ""StringHash"", ""TimerStart"", ""UnitAddAbility"", ""UnitRemoveAbility""]","[""aXe""]",24
aRe,83091,83143,"[""A0AC"", ""A15X""]","[""Atan2"", ""Cos"", ""GetExpiredTimer"", ""GetHandleId"", ""GetUnitAbilityLevel"", ""GetUnitX"", ""GetUnitY"", ""KillUnit"", ""LoadInteger"", ""LoadReal"", ""LoadUnitHandle"", ""RemoveUnit"", ""SaveReal"", ""SetUnitFlyHeight"", ""SetUnitX"", ""SetUnitY"", ""Sin"", ""SquareRoot"", ""StringHash"", ""are"", ""hL"", ""i6e"", ""i7e"", ""i8e"", ""i9e"", ""tK""]",[],31
aNe,83144,83179,"[""h03X"", ""h03Y"", ""h03Z"", ""h040"", ""h041"", ""h048""]","[""Atan2"", ""CreateTimer"", ""CreateUnit"", ""GetHandleId"", ""GetOwningPlayer"", ""GetUnitX"", ""GetUnitY"", ""LoadInteger"", ""SaveInteger"", ""SaveReal"", ""SaveUnitHandle"", ""StringHash"", ""TimerStart""]","[""aRe""]",20
abe,83180,83188,[],"[""GetExpiredTimer"", ""GetHandleId"", ""LoadUnitHandle"", ""SaveInteger"", ""StringHash"", ""tK""]",[],2
aBe,83189,83221,"[""A0K4""]","[""Cm"", ""CreateGroup"", ""CreateTimer"", ""DestroyGroup"", ""FirstOfGroup"", ""GetHandleId"", ""GetOwningPlayer"", ""GetSpellAbilityId"", ""GetTriggerUnit"", ""GetUnitAbilityLevel"", ""GetUnitX"", ""GetUnitY"", ""GroupEnumUnitsInRange"", ""GroupRemoveUnit"", ""IsUnitEnemy"", ""IsUnitInvisible"", ""IsUnitType"", ""LoadInteger"", ""SaveInteger"", ""SaveUnitHandle"", ""StringHash"", ""TimerStart"", ""Uk"", ""aNe""]","[""abe""]",9
ace,83222,83352,"[""A0AC"", ""A15W"", ""A15X""]","[""Cos"", ""CountUnitsInGroup"", ""CreateGroup"", ""DestroyGroup"", ""FirstOfGroup"", ""GetExpiredTimer"", ""GetHandleId"", ""GetOwningPlayer"", ""GetUnitAbilityLevel"", ""GetUnitFacing"", ""GetUnitX"", ""GetUnitY"", ""GetWidgetLife"", ""Gl"", ""GroupAddUnit"", ""GroupClear"", ""GroupEnumUnitsInRange"", ""GroupRemoveUnit"", ""IsUnitEnemy"", ""IsUnitInGroup"", ""IsUnitType"", ""KillUnit"", ""LoadGroupHandle"", ""LoadInteger"", ""LoadReal"", ""LoadUnitHandle"", ""RemoveUnit"", ""SaveInteger"", ""SaveReal"", ""SetUnitFlyHeight"", ""SetUnitX"", ""SetUnitY"", ""Sin"", ""StringHash"", ""are"", ""hL"", ""i6e"", ""i7e"", ""i8e"", ""i9e"", ""tK""]",[],56
aCe,83353,83427,"[""A0AC"", ""h03X"", ""h03Y"", ""h03Z"", ""h040"", ""h041"", ""h048""]","[""Atan2"", ""Cos"", ""CreateGroup"", ""CreateTimer"", ""CreateUnit"", ""GK"", ""GetExpiredTimer"", ""GetHandleId"", ""GetOwningPlayer"", ""GetUnitAbilityLevel"", ""GetUnitX"", ""GetUnitY"", ""LoadInteger"", ""LoadReal"", ""LoadUnitHandle"", ""Rad2Deg"", ""SaveGroupHandle"", ""SaveReal"", ""SaveUnitHandle"", ""SetUnitScale"", ""SetUnitX"", ""SetUnitY"", ""Sin"", ""StringHash"", ""TimerStart"", ""eL"", ""tK""]","[""ace""]",36
ade,83428,83458,"[""A15W"", ""h011""]","[""Atan2"", ""Cm"", ""Cos"", ""CreateTimer"", ""CreateUnit"", ""Deg2Rad"", ""GetHandleId"", ""GetOwningPlayer"", ""GetSpellTargetX"", ""GetSpellTargetY"", ""GetTriggerUnit"", ""GetUnitAbilityLevel"", ""GetUnitFacing"", ""GetUnitX"", ""GetUnitY"", ""I2R"", ""LoadInteger"", ""SaveInteger"", ""SaveReal"", ""SaveUnitHandle"", ""Sin"", ""StringHash"", ""TimerStart"", ""ZK""]","[""aCe""]",18
aDe,83459,83468,"[""A0AC"", ""A0N6""]","[""GetTriggerUnit"", ""GetUnitAbilityLevel"", ""SetUnitAbilityLevel"", ""UnitAddAbility""]",[],4
afe,83469,83480,"[""A0AS"", ""A15W"", ""A15Z"", ""A160"", ""A161"", ""A162"", ""A17M""]","[""GetSpellAbilityId"", ""aBe"", ""aOe"", ""ade""]",[],3
aFe,83481,83489,"[""A0AC"", ""A15X""]","[""GetLearnedSkill"", ""GetLearningUnit"", ""IsUnitIllusion"", ""aDe"", ""aEe""]",[],2
az,83490,83504,"[""A15Y"", ""A163"", ""A164"", ""A167"", ""A16C"", ""h03X"", ""h03Y"", ""h03Z"", ""h040"", ""h041"", ""h048""]","[""Condition"", ""CreateTrigger"", ""Lz"", ""TriggerAddCondition"", ""Vl"", ""nl""]","[""aFe"", ""afe""]",7
ahe,83505,83532,[],"[""Cos"", ""GetExpiredTimer"", ""GetHandleId"", ""GetUnitX"", ""GetUnitY"", ""LoadReal"", ""LoadUnitHandle"", ""SetUnitFacing"", ""SetUnitPathing"", ""SetUnitX"", ""SetUnitY"", ""Sin"", ""eL"", ""hl"", ""tK""]",[],8
aHe,83533,83547,[],"[""CreateTimer"", ""GetHandleId"", ""GetUnitX"", ""GetUnitY"", ""SaveReal"", ""SaveUnitHandle"", ""SetUnitPathing"", ""TimerStart""]","[""ahe""]",7
aje,83548,83591,"[""A0PY""]","[""Cos"", ""CreateGroup"", ""DestroyGroup"", ""FirstOfGroup"", ""GetExpiredTimer"", ""GetHandleId"", ""GetOwningPlayer"", ""GetUnitAbilityLevel"", ""GetUnitUserData"", ""GetUnitX"", ""GetUnitY"", ""GetWidgetLife"", ""GroupAddUnit"", ""GroupEnumUnitsInRange"", ""GroupRemoveUnit"", ""I2R"", ""IsUnitEnemy"", ""IsUnitInGroup"", ""LoadGroupHandle"", ""LoadReal"", ""LoadUnitHandle"", ""RemoveUnit"", ""SaveGroupHandle"", ""SetUnitFacing"", ""SetUnitPosition"", ""Sin"", ""aHe"", ""hL"", ""hl"", ""tK""]",[],15
aLe,83592,83620,"[""A0PY"", ""n042""]","[""Atan2"", ""CreateGroup"", ""CreateTimer"", ""CreateUnit"", ""GetHandleId"", ""GetOwningPlayer"", ""GetSpellAbilityUnit"", ""GetSpellTargetX"", ""GetSpellTargetY"", ""GetUnitAbilityLevel"", ""GetUnitX"", ""GetUnitY"", ""SaveGroupHandle"", ""SaveReal"", ""SaveUnitHandle"", ""SetUnitAnimationByIndex"", ""SetUnitPathing"", ""TimerStart""]","[""aje""]",13
ame,83621,83626,"[""A0PY""]","[""GetSpellAbilityId"", ""aLe""]",[],1
aMe,83627,83709,"[""A0PW"", ""A0PX"", ""A17S"", ""B06A"", ""B0AX"", ""BTLF"", ""h011""]","[""CreateGroup"", ""CreateUnit"", ""DestroyGroup"", ""FirstOfGroup"", ""GetDyingUnit"", ""GetHandleId"", ""GetOwningPlayer"", ""GetTriggerEventId"", ""GetTriggeringTrigger"", ""GetUnitAbilityLevel"", ""GetUnitState"", ""GetUnitX"", ""GetUnitY"", ""GroupEnumUnitsInRange"", ""GroupRemoveUnit"", ""I2R"", ""IsUnitEnemy"", ""IssueImmediateOrderById"", ""IssueTargetOrderById"", ""LoadBoolean"", ""LoadInteger"", ""LoadUnitHandle"", ""SaveBoolean"", ""SaveInteger"", ""SetUnitAnimationByIndex"", ""SetUnitState"", ""UnitAddAbility"", ""UnitApplyTimedLife"", ""UnitRemoveAbility"", ""el"", ""fL"", ""hL""]",[],33
ape,83710,83723,[],"[""Condition"", ""CreateTrigger"", ""GetHandleId"", ""GetLearningUnit"", ""SaveBoolean"", ""SaveInteger"", ""SaveUnitHandle"", ""TriggerAddCondition"", ""TriggerRegisterTimerEvent"", ""TriggerRegisterUnitEvent""]","[""aMe""]",4
aPe,83724,83729,"[""A0PX""]","[""GetLearnedSkill"", ""GetLearningUnit"", ""GetUnitAbilityLevel"", ""IsUnitIllusion"", ""ape""]",[],1
aqe,83730,83792,"[""B06B""]","[""Atan2"", ""Cos"", ""CreateGroup"", ""DestroyGroup"", ""FirstOfGroup"", ""GetExpiredTimer"", ""GetHandleId"", ""GetOwningPlayer"", ""GetUnitAbilityLevel"", ""GetUnitState"", ""GetUnitX"", ""GetUnitY"", ""Gl"", ""GroupAddUnit"", ""GroupEnumUnitsInRange"", ""GroupRemoveUnit"", ""IsUnitEnemy"", ""IsUnitInGroup"", ""LoadGroupHandle"", ""LoadReal"", ""LoadUnitHandle"", ""SaveGroupHandle"", ""SaveReal"", ""SetUnitX"", ""SetUnitY"", ""Sin"", ""UnitRemoveAbility"", ""hL"", ""hl"", ""tK""]",[],17
aQe,83793,83807,"[""A0PZ""]","[""CreateGroup"", ""CreateTimer"", ""GetHandleId"", ""GetSpellAbilityUnit"", ""GetUnitAbilityLevel"", ""SaveGroupHandle"", ""SaveReal"", ""SaveUnitHandle"", ""TimerStart""]","[""aqe""]",6
ase,83808,83813,"[""A0PZ""]","[""GetSpellAbilityId"", ""aQe""]",[],1
aSe,83814,83851,[],"[""CreateTimer"", ""GetExpiredTimer"", ""GetHandleId"", ""GetUnitX"", ""GetUnitY"", ""LoadInteger"", ""LoadReal"", ""LoadUnitHandle"", ""SaveInteger"", ""SaveReal"", ""UK"", ""hL"", ""hl"", ""tK""]",[],17
ate,83852,83892,"[""A0Q0"", ""A0Q1"", ""BTLF"", ""h011""]","[""CreateGroup"", ""CreateTimer"", ""CreateUnit"", ""DestroyGroup"", ""FirstOfGroup"", ""GetHandleId"", ""GetOwningPlayer"", ""GetSpellAbilityUnit"", ""GetSpellTargetX"", ""GetSpellTargetY"", ""GetUnitAbilityLevel"", ""GetUnitX"", ""GetUnitY"", ""GetWidgetLife"", ""GroupEnumUnitsInRange"", ""GroupRemoveUnit"", ""IsUnitEnemy"", ""IssueTargetOrderById"", ""SaveInteger"", ""SaveReal"", ""SaveUnitHandle"", ""TimerStart"", ""UnitApplyTimedLife"", ""el"", ""hL""]","[""aSe""]",16
aTe,83893,83898,"[""A0Q0""]","[""GetSpellAbilityId"", ""ate""]",[],1
nz,83899,83918,"[""A0PW"", ""A0Q1""]","[""Condition"", ""CreateTrigger"", ""Lz"", ""Nl"", ""TriggerAddCondition""]","[""aPe"", ""aTe"", ""ame"", ""ase""]",2
aye,83919,83921,"[""n06N"", ""n06Q"", ""n06R"", ""n09W"", ""n09Y"", ""n0A1"", ""n0AJ"", ""n0AK""]","[""GetSoldUnit"", ""GetUnitTypeId""]",[],1
aYe,83922,84006,[],"[""DestroyTimer"", ""FlushChildHashtable"", ""GetExpiredTimer"", ""GetHandleId"", ""GetOwningPlayer"", ""GetRandomReal"", ""GetRectMaxX"", ""GetRectMaxY"", ""GetRectMinX"", ""GetRectMinY"", ""IssueImmediateOrderById"", ""IssuePointOrderById"", ""LoadUnitHandle"", ""PauseTimer"", ""PauseUnit"", ""SetUnitAnimation"", ""xK""]",[],44
aze,84007,84074,"[""E00E"", ""E00J"", ""n06N"", ""n06Q"", ""n06R"", ""n09W"", ""n09Y"", ""n0A1"", ""n0AJ"", ""n0AK""]","[""CreateTimer"", ""DisplayTextToPlayer"", ""GetHandleId"", ""GetLocalPlayer"", ""GetOwningPlayer"", ""GetSoldUnit"", ""GetUnitTypeId"", ""GetUnitX"", ""GetUnitY"", ""IsUnitType"", ""Player"", ""RemoveUnit"", ""SaveUnitHandle"", ""TimerGetRemaining"", ""TimerStart"", ""YK"", ""xZ""]","[""aYe""]",29
InitCustomTeams,84075,84206,[],"[""Player"", ""SetPlayerAlliance"", ""SetPlayerAllianceStateAllyBJ"", ""SetPlayerState"", ""SetPlayerTeam""]",[],130
main,84207,87199,"[""A01O"", ""A02X"", ""A03Z"", ""A05S"", ""A06P"", ""A08E"", ""A08J"", ""A08M"", ""A08P"", ""A091"", ""A094"", ""A09N"", ""A0DF"", ""A0DW"", ""A0FG"", ""A0ID"", ""A0IO"", ""A0N4"", ""A0NC"", ""A0NP"", ""A0QK"", ""A0SU"", ""A0W6"", ""A0XG"", ""A12U"", ""A13O"", ""A13Y"", ""A153"", ""A15E"", ""A15F"", ""A15G"", ""A15H"", ""A15I"", ""A15J"", ""A15K"", ""A15L"", ""A15M"", ""A15R"", ""A16H"", ""A17B"", ""A18Z"", ""A19E"", ""A19L"", ""A19M"", ""A19N"", ""A19O"", ""A19P"", ""A19Q"", ""A19R"", ""A19S"", ""A19T"", ""A1BL"", ""A1E7"", ""B003"", ""E000"", ""E001"", ""E002"", ""E003"", ""E004"", ""E005"", ""E006"", ""E007"", ""E00B"", ""E00C"", ""E00D"", ""E00F"", ""E00L"", ""E00Q"", ""E00R"", ""E00S"", ""E00T"", ""E00V"", ""E00W"", ""E00X"", ""E00Y"", ""E012"", ""H000"", ""H001"", ""H002"", ""H003"", ""H005"", ""H006"", ""H007"", ""H008"", ""H00A"", ""H00B"", ""H00F"", ""H00M"", ""H00R"", ""H00U"", ""H00X"", ""H00Z"", ""H013"", ""H017"", ""H018"", ""H01D"", ""H01I"", ""H01R"", ""H01T"", ""H01V"", ""H01W"", ""H01Z"", ""H020"", ""H024"", ""H02A"", ""H02E"", ""H02F"", ""H02Y"", ""H03V"", ""H04G"", ""H050"", ""H05C"", ""H05G"", ""I000"", ""I001"", ""I002"", ""I003"", ""I004"", ""I005"", ""I006"", ""I007"", ""I008"", ""I009"", ""I00A"", ""I00B"", ""I00C"", ""I00D"", ""I00E"", ""I00F"", ""I00H"", ""I00I"", ""I00J"", ""I00K"", ""I00L"", ""I00N"", ""I00O"", ""I00P"", ""I00Q"", ""I00R"", ""I00S"", ""I00T"", ""I00U"", ""I00V"", ""I00W"", ""I00Y"", ""I00Z"", ""I010"", ""I011"", ""I013"", ""I015"", ""I016"", ""I017"", ""I019"", ""I01A"", ""I01B"", ""I01D"", ""I01E"", ""I01F"", ""I01I"", ""I01K"", ""I01L"", ""I01M"", ""I01N"", ""I01O"", ""I01P"", ""I01Q"", ""I01R"", ""I01S"", ""I01U"", ""I01V"", ""I01W"", ""I01Y"", ""I021"", ""I022"", ""I023"", ""I024"", ""I025"", ""I026"", ""I027"", ""I029"", ""I02A"", ""I02C"", ""I02D"", ""I02E"", ""I02F"", ""I02G"", ""I02H"", ""I02L"", ""I02M"", ""I02N"", ""I02P"", ""I02T"", ""I03L"", ""I03M"", ""I03N"", ""I03P"", ""I03Q"", ""I03S"", ""I03T"", ""I03V"", ""I03Y"", ""I03Z"", ""I042"", ""I043"", ""I045"", ""I048"", ""I049"", ""I04A"", ""I04B"", ""I050"", ""I054"", ""I056"", ""I057"", ""I05A"", ""I05D"", ""I05E"", ""I05H"", ""I05I"", ""I05K"", ""I05P"", ""I05Q"", ""I05Y"", ""I05Z"", ""I060"", ""I064"", ""I06B"", ""I06J"", ""I06M"", ""I06O"", ""I06R"", ""I06T"", ""I06V"", ""I06W"", ""I06Y"", ""I070"", ""I072"", ""I074"", ""I076"", ""I077"", ""I07A"", ""I07C"", ""I07E"", ""I07K"", ""I07M"", ""I07N"", ""I07O"", ""I07P"", ""I07R"", ""I07T"", ""I07U"", ""I07Y"", ""I07Z"", ""I081"", ""I082"", ""I083"", ""I085"", ""I087"", ""I088"", ""I08A"", ""I08D"", ""I08F"", ""I08I"", ""I08K"", ""I08L"", ""I08M"", ""I08Q"", ""I08U"", ""I08V"", ""I08Z"", ""I090"", ""I092"", ""I094"", ""I096"", ""I09A"", ""I09G"", ""I09L"", ""I09M"", ""I09N"", ""I09P"", ""I09U"", ""I09W"", ""I09X"", ""I0A3"", ""I0A6"", ""I0A7"", ""I0AB"", ""I0AD"", ""I0AE"", ""I0AJ"", ""I0AL"", ""I0AP"", ""I0AS"", ""LTba"", ""LTbr"", ""LTex"", ""N00H"", ""N00T"", ""N00U"", ""N018"", ""N01I"", ""N02E"", ""N02G"", ""N03Y"", ""N03Z"", ""N06Y"", ""N09Z"", ""N0A0"", ""N0A3"", ""N0A4"", ""N0AB"", ""N0AI"", ""O000"", ""O001"", ""O002"", ""O003"", ""O004"", ""O005"", ""O00B"", ""O00G"", ""O00H"", ""O00M"", ""O00N"", ""O00R"", ""R00E"", ""R00F"", ""R00G"", ""R00H"", ""R00I"", ""R00J"", ""U000"", ""U002"", ""U005"", ""U00A"", ""U00B"", ""U00C"", ""U00D"", ""U00F"", ""U00J"", ""U00K"", ""U00Q"", ""U00R"", ""U00S"", ""U00V""]","[""A0v"", ""A2v"", ""A4v"", ""AWv"", ""AYv"", ""AZv"", ""CameraSetupSetDestPosition"", ""CameraSetupSetField"", ""Condition"", ""ConditionalTriggerExecute"", ""ConfigureNeutralVictim"", ""CreateCameraSetup"", ""CreateDestructable"", ""CreateDestructableZ"", ""CreateForce"", ""CreateGroup"", ""CreateItemPool"", ""CreateMultiboard"", ""CreateRegion"", ""CreateSound"", ""CreateSoundFromLabel"", ""CreateTimer"", ""CreateTrigger"", ""DelayedSuspendDecayCreate"", ""DetectGameStarted"", ""DialogCreate"", ""DisableTrigger"", ""ExecuteFunc"", ""Filter"", ""ForceAddPlayer"", ""ForceEnumPlayers"", ""G6"", ""GetCameraMargin"", ""GetGameSpeed"", ""GetPlayerController"", ""GetPlayerSlotState"", ""GetWorldBounds"", ""I7"", ""IVv"", ""Iiv"", ""InitDNCSounds"", ""InitMapRects"", ""InitQueuedTriggers"", ""InitRescuableBehaviorBJ"", ""InitSummonableCaps"", ""IsFogEnabled"", ""IsFogMaskEnabled"", ""ItemPoolAddItemType"", ""NewSoundEnvironment"", ""Nl"", ""O1v"", ""Player"", ""R1v"", ""R7v"", ""RUv"", ""RZv"", ""Rect"", ""RegionAddRect"", ""SaveInteger"", ""SaveStr"", ""SetAllItemTypeSlots"", ""SetAllUnitTypeSlots"", ""SetAmbientDaySound"", ""SetAmbientNightSound"", ""SetCameraBounds"", ""SetDayNightModels"", ""SetMapMusic"", ""SetPlayerTechMaxAllowed"", ""SetSoundChannel"", ""SetSoundDistances"", ""SetSoundDuration"", ""SetSoundParamsFromLabel"", ""SetSoundPitch"", ""SetSoundVolume"", ""StringHash"", ""TimerStart"", ""TriggerAddAction"", ""TriggerAddCondition"", ""TriggerRegisterAnyUnitEventBJ"", ""TriggerRegisterDeathEvent"", ""TriggerRegisterDestDeathInRegionEvent"", ""TriggerRegisterEnterRectSimple"", ""TriggerRegisterEnterRegion"", ""TriggerRegisterGameEvent"", ""TriggerRegisterLeaveRectSimple"", ""TriggerRegisterPlayerChatEvent"", ""TriggerRegisterPlayerEvent"", ""TriggerRegisterPlayerKeyEventBJ"", ""TriggerRegisterPlayerStateEvent"", ""TriggerRegisterPlayerUnitEvent"", ""TriggerRegisterTimerEvent"", ""Vdv"", ""VersionGet"", ""bnv"", ""exitwhen"", ""iov"", ""ocv""]","[""A5v"", ""A7"", ""A7v"", ""ABv"", ""AIv"", ""ANv"", ""ATv"", ""Acv"", ""Adv"", ""Aev"", ""Afv"", ""Aiv"", ""Akv"", ""Alv"", ""Amv"", ""Anv"", ""Apv"", ""Aqv"", ""Axv"", ""C6"", ""D5"", ""E5"", ""E5v"", ""E6"", ""E7v"", ""E8"", ""EIv"", ""ENv"", ""EVv"", ""Eav"", ""Ehv"", ""Ejv"", ""Evv"", ""Ezv"", ""F5"", ""G5"", ""G7"", ""G8"", ""GetUnitsInRectOfPlayerFilter"", ""GetUnitsOfPlayerAndTypeIdFilter"", ""GetUnitsOfTypeIdAllFilter"", ""H8"", ""I1v"", ""I3v"", ""I5"", ""I5v"", ""I6"", ""I8"", ""I9v"", ""IDv"", ""IFv"", ""IGv"", ""IHv"", ""IJv"", ""IKv"", ""ILv"", ""IMv"", ""IOv"", ""ISv"", ""ITv"", ""IUv"", ""IWv"", ""IYv"", ""IZv"", ""Ibv"", ""Icv"", ""Ipv"", ""Iqv"", ""IssueHauntOrderAtLocBJFilter"", ""J5"", ""J8"", ""K4"", ""K5"", ""K8"", ""Kj"", ""LivingPlayerUnitsOfTypeIdFilter"", ""M4"", ""M7"", ""M8"", ""MeleeTrainedUnitIsHeroBJFilter"", ""N0v"", ""N2v"", ""N3v"", ""N5"", ""N5v"", ""N6"", ""NAv"", ""NBv"", ""NEv"", ""NOv"", ""NPv"", ""NUv"", ""NVv"", ""NWv"", ""NYv"", ""N_v"", ""Nav"", ""Nbv"", ""Ndv"", ""Nev"", ""Nfv"", ""Ngv"", ""Nhv"", ""Njv"", ""Nkv"", ""Nmv"", ""Nov"", ""Nsv"", ""Ntv"", ""Nvv"", ""O3v"", ""O6"", ""O7v"", ""O8"", ""O9v"", ""OZv"", ""Q5"", ""Q6"", ""R0"", ""REv"", ""RNv"", ""RSv"", ""RWv"", ""RXv"", ""Rcv"", ""Rdv"", ""RemovePurchasedItem"", ""Rfv"", ""Rmv"", ""Rnv"", ""Rov"", ""Rvv"", ""Rwv"", ""S8"", ""T6"", ""T7"", ""T8"", ""U5"", ""U8"", ""V2v"", ""V3v"", ""V6"", ""V8v"", ""VFv"", ""VGv"", ""VKv"", ""VMv"", ""VTv"", ""VYv"", ""Vjv"", ""Vuv"", ""Vyv"", ""W7"", ""W8"", ""X1v"", ""XAv"", ""XBv"", ""XCv"", ""XFv"", ""XGv"", ""XHv"", ""XOv"", ""XSv"", ""XVv"", ""Xbv"", ""Xdv"", ""Xfv"", ""Xiv"", ""Xnv"", ""Xpv"", ""Xtv"", ""Xuv"", ""Xvv"", ""Xxv"", ""Xzv"", ""Y7"", ""YNv"", ""Z6"", ""Z7"", ""Z8"", ""a0"", ""a1v"", ""a2v"", ""a4v"", ""a5v"", ""a7v"", ""a8v"", ""aBv"", ""aCv"", ""aFv"", ""aGv"", ""aJv"", ""aMv"", ""a_v"", ""aav"", ""apv"", ""aqv"", ""arv"", ""asv"", ""atv"", ""auv"", ""avv"", ""awv"", ""axv"", ""aye"", ""ayv"", ""aze"", ""b6"", ""bCv"", ""bGv"", ""bHv"", ""bIv"", ""bJv"", ""bUv"", ""bVv"", ""b_v"", ""bbv"", ""bcv"", ""bev"", ""bpv"", ""byv"", ""bzv"", ""c5"", ""d7"", ""d8"", ""eAv"", ""ebv"", ""g8"", ""h5"", ""h6"", ""i0v"", ""i5v"", ""i7"", ""i7v"", ""iDv"", ""iEv"", ""iHv"", ""iJv"", ""iKv"", ""iSv"", ""i_v"", ""ibv"", ""icv"", ""ihv"", ""j5"", ""j6"", ""j7"", ""k6"", ""l6"", ""l8"", ""m5"", ""m6"", ""n5"", ""n6v"", ""n8"", ""nAv"", ""nEv"", ""nRv"", ""ngv"", ""niv"", ""nlv"", ""nnv"", ""nov"", ""nvv"", ""nxv"", ""nzv"", ""o7"", ""oBv"", ""ojv"", ""p4"", ""p5"", ""p6"", ""q5"", ""q8"", ""r5"", ""s8"", ""u5"", ""v0v"", ""vAv"", ""vBv"", ""vEv"", ""vIv"", ""vKv"", ""vLv"", ""vOv"", ""vVv"", ""vYv"", ""vav"", ""vcv"", ""vdv"", ""vjv"", ""vkv"", ""vqv"", ""vrv"", ""vsv"", ""w6"", ""x5"", ""x7"", ""y5"", ""y6"", ""yj"", ""z5"", ""z6"", ""zj""]",1944
config,87200,87336,[],"[""ConvertPlayerColor"", ""DefineStartLocation"", ""ForcePlayerStartLocation"", ""InitCustomTeams"", ""Player"", ""SetGamePlacement"", ""SetMapDescription"", ""SetMapName"", ""SetPlayerColor"", ""SetPlayerController"", ""SetPlayerRacePreference"", ""SetPlayerRaceSelectable"", ""SetPlayerStartLocation"", ""SetPlayers"", ""SetStartLocPrio"", ""SetStartLocPrioCount"", ""SetTeams""]",[],129
a9e,87337,87345,[],"[""LoadInteger""]",[],3
nve,87346,87354,[],"[""LoadInteger""]",[],2
a8e,87355,87360,[],"[""Condition"", ""CreateTrigger"", ""TriggerAddCondition""]","[""a9e"", ""nve""]",2
