id,sources,code,Bufftip,Buffubertip,Buffart,Targetart,Targetattach,display_name,jass_functions,Spelldetail,profile_conflict_fields,EditorName,Effectart,Targetattachcount,Effectsoundlooped,Specialart,Targetattach1,SpellDetail,Effectattach,LightningEffect,Missileart,Missilespeed,MissileHoming,TargetArt,Specialattach,Targetattach2,Targetattach3,Effectsound,Missilearc,Targetattach4,Targetattach5,binary_overrides,EffectArt
BPSE,"[""Units\\AbilityBuffData.slk:12"", ""Units\\CommonAbilityStrings.txt:98"", ""Units\\CommonAbilityFunc.txt:68""]",BPSE,Stunned,This unit will not move.,ReplaceableTextures\CommandButtons\BTNStun.blp,Abilities\Spells\Human\Thunderclap\ThunderclapTarget.mdl,overhead,BPSE,"[""Cl"", ""Js"", ""Rgv"", ""RGv""]",,,,,,,,,,,,,,,,,,,,,,,,
BSTN,"[""Units\\AbilityBuffData.slk:14"", ""Units\\CommonAbilityStrings.txt:95"", ""Units\\CommonAbilityFunc.txt:64""]",BSTN,Stunned,"This unit is stunned; it cannot move, attack or cast spells.",ReplaceableTextures\CommandButtons\BTNStun.blp,Abilities\Spells\Human\Thunderclap\ThunderclapTarget.mdl,overhead,BSTN,[],,,,,,,,,,,,,,,,,,,,,,,,
Bdef,"[""Units\\AbilityBuffData.slk:16"", ""Units\\ItemAbilityFunc.txt:59"", ""Units\\ItemAbilityStrings.txt:31""]",Bdef,Scroll of Protection,This unit is affected by a Scroll of Protection; its armor is temporarily increased.,ReplaceableTextures\CommandButtons\BTNScroll.blp,Abilities\Spells\Items\AIda\AIdaTarget.mdl,overhead,Bdef,[],1,,,,,,,,,,,,,,,,,,,,,,,
Bdet,"[""Units\\AbilityBuffData.slk:18"", ""Units\\ItemAbilityFunc.txt:71"", ""Units\\ItemAbilityStrings.txt:185"", ""Units\\CommonAbilityStrings.txt:41"", ""Units\\CommonAbilityFunc.txt:42""]",Bdet,Detected,This unit is detected; an enemy player can see it.,ReplaceableTextures\CommandButtons\BTNDustOfAppearance.blp,,,Bdet,[],,"[""Bufftip"", ""Buffubertip""]",,,,,,,,,,,,,,,,,,,,,,
Bfro,"[""Units\\AbilityBuffData.slk:20"", ""Units\\CommonAbilityStrings.txt:50"", ""Units\\CommonAbilityFunc.txt:52""]",Bfro,Slowed,This unit is slowed; it moves more slowly than it normally does.,ReplaceableTextures\CommandButtons\BTNFrost.blp,Abilities\Spells\Other\FrostDamage\FrostDamage.mdl,,Bfro,"[""Js""]",,,,,,,,,,,,,,,,,,,,,,,,
Bvul,"[""Units\\AbilityBuffData.slk:22"", ""Units\\CommonAbilityStrings.txt:44"", ""Units\\CommonAbilityFunc.txt:45""]",Bvul,Invulnerable,This unit is invulnerable; it will not take damage from attacks and cannot be targeted by spells.,ReplaceableTextures\CommandButtons\BTNInvulnerable.blp,Abilities\Spells\Human\DivineShield\DivineShieldTarget.mdl,origin,Bvul,[],,,,,,,,,,,,,,,,,,,,,,,,
Bpsd,"[""Units\\AbilityBuffData.slk:24"", ""Units\\OrcAbilityStrings.txt:128"", ""Units\\OrcAbilityFunc.txt:161""]",Bpsd,Poison,This unit is poisoned; it will take damage over time.,ReplaceableTextures\CommandButtons\BTNEnvenomedSpear.blp,Abilities\Weapons\PoisonSting\PoisonStingTarget.mdl,,Bpsd,[],2,,,,,,,,,,,,,,,,,,,,,,,
Bsha,"[""Units\\AbilityBuffData.slk:26"", ""Units\\NeutralAbilityStrings.txt:653""]",Bsha,,,,,,Bsha,[],,,Shared Vision,,,,,,,,,,,,,,,,,,,,,
Bspe,"[""Units\\AbilityBuffData.slk:28"", ""Units\\CommonAbilityStrings.txt:47"", ""Units\\CommonAbilityFunc.txt:49""]",Bspe,Speed Bonus,This unit has a speed bonus; it moves more quickly than it normally does.,ReplaceableTextures\CommandButtons\BTNBoots.blp,Abilities\Spells\Items\AIsp\SpeedTarget.mdl,,Bspe,[],,,,,,,,,,,,,,,,,,,,,,,,
Btrv,"[""Units\\AbilityBuffData.slk:30"", ""Units\\ItemAbilityStrings.txt:200""]",Btrv,,,,,,Btrv,[],,,Teleport Reveal,,,,,,,,,,,,,,,,,,,,,
Bclf,"[""Units\\AbilityBuffData.slk:32"", ""Units\\HumanAbilityStrings.txt:79"", ""Units\\HumanAbilityFunc.txt:125""]",Bclf,Cloud,"This building has a Cloud on it, and cannot use its ranged attack.",ReplaceableTextures\CommandButtons\BTNCloudOfFog.blp,,,Bclf,[],,,,,,,,,,,,,,,,,,,,,,,,
Bcmg,"[""Units\\AbilityBuffData.slk:34"", ""Units\\HumanAbilityStrings.txt:27"", ""Units\\HumanAbilityFunc.txt:36""]",Bcmg,Control Magic,This unit has been controlled; it obeys a new master now.,ReplaceableTextures\CommandButtons\BTNControlMagic.blp,,,Bcmg,[],,,,Abilities\Spells\Orc\FeralSpirit\feralspiritdone.mdl,,,,,,,,,,,,,,,,,,,,
Bhea,"[""Units\\AbilityBuffData.slk:36"", ""Units\\HumanAbilityStrings.txt:177"", ""Units\\HumanAbilityFunc.txt:246""]",Bhea,Heal,This unit is being healed; lost hit points are being restored.,ReplaceableTextures\CommandButtons\BTNHeal.blp,,,Bhea,[],1,,,,,,,,,,,,,,,,,,,,,,,
Binf,"[""Units\\AbilityBuffData.slk:38"", ""Units\\HumanAbilityStrings.txt:161"", ""Units\\HumanAbilityFunc.txt:222""]",Binf,Inner Fire,This unit has Inner Fire; its armor and attack damage are increased.,ReplaceableTextures\CommandButtons\BTNInnerFire.blp,Abilities\Spells\Human\InnerFire\InnerFireTarget.mdl,overhead,Binf,[],1,,,,1,,,,,,,,,,,,,,,,,,,
Binv,"[""Units\\AbilityBuffData.slk:40"", ""Units\\HumanAbilityStrings.txt:199"", ""Units\\HumanAbilityFunc.txt:272""]",Binv,Invisibility,"This unit is invisible; enemy units cannot see it. If it attacks or casts a spell, it will become visible.",ReplaceableTextures\CommandButtons\BTNInvisibility.blp,,,Binv,[],,,,,,,,,,,,,,,,,,,,,,,,
Bmlc,"[""Units\\AbilityBuffData.slk:42"", ""Units\\HumanAbilityStrings.txt:372"", ""Units\\HumanAbilityFunc.txt:8""]",Bmlc,,,,,,Bmlc,[],,,Aerial Shackles (Caster),,,AerialShacklesLoop,,,,,,,,,,,,,,,,,,
Bmlt,"[""Units\\AbilityBuffData.slk:44"", ""Units\\HumanAbilityStrings.txt:6"", ""Units\\HumanAbilityFunc.txt:10""]",Bmlt,Aerial Shackles,This unit is bound in Aerial Shackles; it cannot move or attack and will take damage over time.,ReplaceableTextures\CommandButtons\BTNMagicLariet.blp,Abilities\Spells\Human\AerialShackles\AerialShacklesTarget.mdl,"chest,mount",Bmlt,[],,,,,,,,,,,,,,,,,,,,,,,,
Bmil,"[""Units\\AbilityBuffData.slk:46"", ""Units\\HumanAbilityStrings.txt:347"", ""Units\\HumanAbilityFunc.txt:428""]",Bmil,Militia,"This unit has become Militia; its movement speed, attack rate, attack damage, and armor have been increased.",ReplaceableTextures\CommandButtons\BTNCallToArms.blp,,,Bmil,[],,,,,,,,,,,,,,,,,,,,,,,,
Bpxf,"[""Units\\AbilityBuffData.slk:48"", ""Units\\HumanAbilityStrings.txt:121"", ""Units\\HumanAbilityFunc.txt:172""]",Bpxf,Phoenix Fire,This unit is being burned by Phoenix Fire; it will take damage over time.,ReplaceableTextures\CommandButtons\BTNMarkOfFire.blp,Abilities\Spells\Other\BreathOfFire\BreathOfFireDamage.mdl,,Bpxf,[],,,,,,,,,,,,,,,,,,,,,,,,
Bphx,"[""Units\\AbilityBuffData.slk:50"", ""Units\\HumanAbilityStrings.txt:114"", ""Units\\HumanAbilityFunc.txt:165""]",Bphx,Phoenix,The power of the Phoenix unfolds.,,,,Bphx,[],,,,,,,,,,,,,,,,,,,,,,,,
Bply,"[""Units\\AbilityBuffData.slk:52"", ""Units\\HumanAbilityStrings.txt:207"", ""Units\\HumanAbilityFunc.txt:283""]",Bply,Полиморф,Этот воин превращен в овцу заклинанием ''Полиморф''.,ReplaceableTextures\CommandButtons\BTNPolymorph.blp,,,Bply,"[""Js""]",,,,Abilities\Spells\Human\Polymorph\PolyMorphDoneGround.mdl,,,,,,,,,,,,,,,,,,,,
Bslo,"[""Units\\AbilityBuffData.slk:54"", ""Units\\HumanAbilityStrings.txt:191"", ""Units\\HumanAbilityFunc.txt:261""]",Bslo,Замедление,Этот воин замедлен. Скорость его перемещения и боя значительно ниже нормы.,ReplaceableTextures\CommandButtons\BTNSlow.blp,Abilities\Spells\Human\slow\slowtarget.mdl,,Bslo,"[""Ip""]",1,,,,,,,,,,,,,,,,,,,,,,,
BHab,"[""Units\\AbilityBuffData.slk:56"", ""Units\\HumanAbilityStrings.txt:239"", ""Units\\HumanAbilityFunc.txt:317""]",BHab,Brilliance Aura,This unit is under the effects of Brilliance Aura; it has an increased mana regeneration.,ReplaceableTextures\CommandButtons\BTNBrilliance.blp,Abilities\Spells\Other\GeneralAuraTarget\GeneralAuraTarget.mdl,origin,BHab,[],2,,,,,,,,,,,,,,,,,,,,,,,
BHad,"[""Units\\AbilityBuffData.slk:58"", ""Units\\HumanAbilityStrings.txt:328"", ""Units\\HumanAbilityFunc.txt:408""]",BHad,Devotion Aura,This unit is under the effects of Devotion Aura; it has increased armor.,ReplaceableTextures\CommandButtons\BTNDevotion.blp,Abilities\Spells\Other\GeneralAuraTarget\GeneralAuraTarget.mdl,origin,BHad,[],2,,,,,,,,,,,,,,,,,,,,,,,
BHav,"[""Units\\AbilityBuffData.slk:60"", ""Units\\HumanAbilityStrings.txt:295"", ""Units\\HumanAbilityFunc.txt:378""]",BHav,Avatar,"This unit is in Avatar form; it has increased hit points, attack damage, armor, and is immune to spells.",ReplaceableTextures\CommandButtons\BTNAvatar.blp,,,BHav,[],,,,,,,,,,,,,,,,,,,,,,,,
BHbn,"[""Units\\AbilityBuffData.slk:62"", ""Units\\HumanAbilityStrings.txt:101"", ""Units\\HumanAbilityFunc.txt:153""]",BHbn,Изгнание в астрал,"Этот воин находится в мире духов. Он неуязвим для обычного оружия, но и сам не может атаковать. Впрочем, пользоваться магией ему ничто не мешает, а заклинания противника наносят ему дополнительный урон.",ReplaceableTextures\CommandButtons\BTNBanish.blp,Abilities\Spells\Human\Banish\BanishTarget.mdl,,BHbn,[],,,,,,BanishLoop,,,,,,,,,,,,,,,,,,
BHbd,"[""Units\\AbilityBuffData.slk:64"", ""Units\\HumanAbilityStrings.txt:218"", ""Units\\HumanAbilityFunc.txt:295""]",BHbd,Бypaн,,ReplaceableTextures\CommandButtons\BTNBlizzard.blp,,,BHbd,[],,,,,,,,,,,,,,,,,,,,,,,,
BHbz,"[""Units\\AbilityBuffData.slk:66"", ""Units\\HumanAbilityStrings.txt:358""]",BHbz,,,,,,BHbz,[],,,Blizzard (Caster),,,,,,,,,,,,,,,,,,,,,
BHds,"[""Units\\AbilityBuffData.slk:68"", ""Units\\HumanAbilityStrings.txt:318"", ""Units\\HumanAbilityFunc.txt:397""]",BHds,Божественный щит,Этот воин находится под защитой Божественного щита. Он неуязвим для оружия и магии.,ReplaceableTextures\CommandButtons\BTNDivineIntervention.blp,,origin,BHds,[],,,,,,,,,,,,,,,,,,,,,,,,
Bdcb,"[""Units\\AbilityBuffData.slk:70"", ""Units\\HumanAbilityStrings.txt:360"", ""Units\\HumanAbilityFunc.txt:52""]",Bdcb,,,,Abilities\Spells\Other\Drain\DrainCaster.mdl,chest,Bdcb,[],,,Drain Life & Mana (Caster),,,,,,,,,,,,,,,,,,,,,
Bdcl,"[""Units\\AbilityBuffData.slk:72"", ""Units\\HumanAbilityStrings.txt:362"", ""Units\\HumanAbilityFunc.txt:55""]",Bdcl,,,,Abilities\Spells\Other\Drain\DrainCaster.mdl,chest,Bdcl,[],,,Drain Life (Caster),,,,,,,,,,,,,,,,,,,,,
Bdcm,"[""Units\\AbilityBuffData.slk:74"", ""Units\\HumanAbilityStrings.txt:364"", ""Units\\HumanAbilityFunc.txt:58""]",Bdcm,,,,Abilities\Spells\Other\Drain\ManaDrainCaster.mdl,chest,Bdcm,[],,,Drain Mana (Caster),,,,,,,,,,,,,,,,,,,,,
Bdtb,"[""Units\\AbilityBuffData.slk:76"", ""Units\\HumanAbilityStrings.txt:366"", ""Units\\HumanAbilityFunc.txt:61""]",Bdtb,,,,Abilities\Spells\Other\Drain\DrainTarget.mdl,chest,Bdtb,[],,,Drain Life & Mana (Target),,,,,,,,,,,,,,,,,,,,,
Bdtl,"[""Units\\AbilityBuffData.slk:78"", ""Units\\HumanAbilityStrings.txt:368"", ""Units\\HumanAbilityFunc.txt:64""]",Bdtl,,,,Abilities\Spells\Other\Drain\DrainTarget.mdl,chest,Bdtl,[],,,Drain Life (Target),,,,,,,,,,,,,,,,,,,,,
Bdtm,"[""Units\\AbilityBuffData.slk:80"", ""Units\\HumanAbilityStrings.txt:370"", ""Units\\HumanAbilityFunc.txt:67""]",Bdtm,,,,Abilities\Spells\Other\Drain\ManaDrainTarget.mdl,chest,Bdtm,[],,,Drain Mana (Target),,,,,,,,,,,,,,,,,,,,,
BHfs,"[""Units\\AbilityBuffData.slk:82"", ""Units\\HumanAbilityStrings.txt:90"", ""Units\\HumanAbilityFunc.txt:140""]",BHfs,Flame Strike,"This unit is in a Flame Strike, and is taking damage over time.",ReplaceableTextures\CommandButtons\BTNWallOfFire.blp,Abilities\Spells\Human\FlameStrike\FlameStrikeDamageTarget.mdl,,BHfs,[],,,,,,,,,,,,,,,,,,,,,,,,
BHtc,"[""Units\\AbilityBuffData.slk:84"", ""Units\\HumanAbilityStrings.txt:271"", ""Units\\HumanAbilityFunc.txt:355""]",BHtc,Удар грома,Этот воин пострадал от удара грома. Скорость его перемещения и боя значительно ниже нормы.,ReplaceableTextures\CommandButtons\BTNWarStomp.blp,Abilities\Spells\Orc\StasisTrap\StasisTotemTarget.mdl,overhead,BHtc,[],,,,,,,,,,,,,,,,,,,,,,,,
BHwe,"[""Units\\AbilityBuffData.slk:86"", ""Units\\HumanAbilityStrings.txt:229"", ""Units\\HumanAbilityFunc.txt:308""]",BHwe,Water Elemental,Summoned units are vulnerable to dispels.,ReplaceableTextures\CommandButtons\BTNSummonWaterElemental.blp,,,BHwe,"[""Aov""]",,,,,,,,,,,,,,,,,,,,,,,,
Bakb,"[""Units\\AbilityBuffData.slk:88"", ""Units\\OrcAbilityStrings.txt:145"", ""Units\\OrcAbilityFunc.txt:180""]",Bakb,War Drums,This unit hears War Drums; it has increased attack damage.,ReplaceableTextures\CommandButtons\BTNDrum.blp,Abilities\Spells\Other\GeneralAuraTarget\GeneralAuraTarget.mdl,origin,Bakb,[],2,,,,,,,,,,,,,,,,,,,,,,,
Boar,"[""Units\\AbilityBuffData.slk:90"", ""Units\\OrcAbilityStrings.txt:117"", ""Units\\OrcAbilityFunc.txt:147""]",Boar,Healing Ward Aura,Increases life regeneration.,ReplaceableTextures\CommandButtons\BTNHealingWard.blp,Abilities\Spells\Other\ANrm\ANrmTarget.mdl,,Boar,[],2,,,,,FountainOfLifeLoop,,,,,,,,,,,,,,,,,,
Barm,"[""Units\\AbilityBuffData.slk:92"", ""Units\\NeutralAbilityStrings.txt:491"", ""Units\\NeutralAbilityFunc.txt:576""]",Barm,Mana Regeneration Aura,This unit is under the effects of Mana Regeneration Aura; it has an increased mana regeneration rate.,,Abilities\Spells\Other\ANrl\ANrlTarget.mdl,,Barm,[],1,,,,,FountainOfLifeLoop,,,,,,,,,,,,,,,,,,
Bbsk,"[""Units\\AbilityBuffData.slk:94"", ""Units\\OrcAbilityStrings.txt:6"", ""Units\\OrcAbilityFunc.txt:5""]",Bbsk,Berserk,"This unit is Berserk; it will deal more damage, but also take more damage from attacks.",ReplaceableTextures\CommandButtons\BTNBerserkForTrolls.blp,"Abilities\Spells\Orc\TrollBerserk\HeadhunterWEAPONSLeft.mdl,Abilities\Spells\Orc\TrollBerserk\HeadhunterWEAPONSRight.mdl","weapon,left",Bbsk,"[""UL"", ""oiv"", ""Rmv"", ""byv""]",,,,,2,,,"weapon,right",,,,,,,,,,,,,,,,
Bblo,"[""Units\\AbilityBuffData.slk:96"", ""Units\\OrcAbilityStrings.txt:93"", ""Units\\OrcAbilityFunc.txt:119""]",Bblo,Кровожадность,"На эту боевую единицу наложено заклинание ''Кровожадность''. Скорость ее перемещения и боя выше, чем обычно.",ReplaceableTextures\CommandButtons\BTNBloodLust.blp,"Abilities\Spells\Orc\Bloodlust\BloodlustTarget.mdl,Abilities\Spells\Orc\Bloodlust\BloodlustSpecial.mdl","hand,left",Bblo,[],1,,,,2,,,"hand,right",,,,,,,,,,,,,,,,
Bens,"[""Units\\AbilityBuffData.slk:98"", ""Units\\OrcAbilityStrings.txt:250"", ""Units\\OrcAbilityFunc.txt:73""]",Bens,,,ReplaceableTextures\CommandButtons\BTNEnsnare.blp,Abilities\Spells\Orc\Ensnare\ensnareTarget.mdl,origin,Bens,[],,,Ensnare (General),,,,,,,,,,,,,,,,,,,,,
Bena,"[""Units\\AbilityBuffData.slk:100"", ""Units\\OrcAbilityStrings.txt:64"", ""Units\\OrcAbilityFunc.txt:80""]",Bena,Ensnare,This unit is ensnared; it cannot move or fly.,ReplaceableTextures\CommandButtons\BTNEnsnare.blp,Abilities\Spells\Orc\Ensnare\ensnare_AirTarget.mdl,"chest,mount",Bena,"[""xUv""]",,,,,,,,,,,,,,,,,,,,,,,,
Beng,"[""Units\\AbilityBuffData.slk:102"", ""Units\\OrcAbilityStrings.txt:61"", ""Units\\OrcAbilityFunc.txt:77""]",Beng,Ensnare,This unit is ensnared; it cannot move or fly.,ReplaceableTextures\CommandButtons\BTNEnsnare.blp,Abilities\Spells\Orc\Ensnare\ensnareTarget.mdl,,Beng,"[""Js""]",,,,,,,,,,,,,,,,,,,,,,,,
Bhwd,"[""Units\\AbilityBuffData.slk:104"", ""Units\\OrcAbilityStrings.txt:112"", ""Units\\OrcAbilityFunc.txt:143""]",Bhwd,Healing Ward,This ward provides life regeneration for nearby friendly units.,ReplaceableTextures\CommandButtons\BTNHealingWard.blp,,,Bhwd,[],,,,,,,,,,,,,,,,,,,,,,,,
Blsh,"[""Units\\AbilityBuffData.slk:106"", ""Units\\OrcAbilityStrings.txt:82"", ""Units\\OrcAbilityFunc.txt:104""]",Blsh,Lightning Shield,This unit has a Lightning Shield; nearby friendly and enemy units will take damage if they are next to this unit.,ReplaceableTextures\CommandButtons\BTNLightningShield.blp,Abilities\Spells\Orc\LightningShield\LightningShieldTarget.mdl,origin,Blsh,[],,,,,,,Abilities\Spells\Orc\LightningShield\LightningShieldBuff.mdl,,,,,,,,,,,,,,,,,
Blsa,"[""Units\\AbilityBuffData.slk:108"", ""Units\\OrcAbilityStrings.txt:252""]",Blsa,,,,,,Blsa,[],,,Lightning Shield (Caster),,,,,,,,,,,,,,,,,,,,,
Bprg,"[""Units\\AbilityBuffData.slk:110"", ""Units\\OrcAbilityStrings.txt:74"", ""Units\\OrcAbilityFunc.txt:95""]",Bprg,Purge,"This unit is Purged; it has had all buffs removed, and has its movement speed slowed for a short duration.",ReplaceableTextures\CommandButtons\BTNPurge.blp,Abilities\Spells\Orc\Purge\PurgeBuffTarget.mdl,origin,Bprg,"[""Js""]",,,,,,,,,,,,,,,,,,,,,,,,
Bspl,"[""Units\\AbilityBuffData.slk:112"", ""Units\\OrcAbilityStrings.txt:14"", ""Units\\OrcAbilityFunc.txt:19""]",Bspl,Эмпатия,"Часть урона, нанесенного этому воину, будет распределена между войсками, связанными с ним эмпатическими узами.",ReplaceableTextures\CommandButtons\BTNAdvancedStrengthOfTheMoon.blp,Abilities\Spells\Orc\SpiritLink\SpiritLinkTarget.mdl,chest,Bspl,"[""xGv""]",,,,,,,,,,,,,,,,,,,,,,,,
Bstt,"[""Units\\AbilityBuffData.slk:114"", ""Units\\OrcAbilityStrings.txt:101"", ""Units\\OrcAbilityFunc.txt:131""]",Bstt,Stasis Trap,This ward will stun enemy land units when triggered.,ReplaceableTextures\CommandButtons\BTNStasisTrap.blp,,,Bstt,[],,,,,,,,,,,,,,,,,,,,,,,,
BOac,"[""Units\\AbilityBuffData.slk:116"", ""Units\\NeutralAbilityFunc.txt:491""]",BOac,,,ReplaceableTextures\CommandButtons\BTNGnollCommandAura.blp,Abilities\Spells\Other\GeneralAuraTarget\GeneralAuraTarget.mdl,origin,BOac,[],,,,,,,,,1,,,,,,,,,,,,,,,
BOae,"[""Units\\AbilityBuffData.slk:118"", ""Units\\OrcAbilityStrings.txt:221"", ""Units\\OrcAbilityFunc.txt:245""]",BOae,Endurance Aura,This unit is under the effects of Endurance Aura; it has an increased movement speed and attack rate.,ReplaceableTextures\CommandButtons\BTNCommand.blp,Abilities\Spells\Other\GeneralAuraTarget\GeneralAuraTarget.mdl,origin,BOae,[],2,,,,,,,,,,,,,,,,,,,,,,,
BOhx,"[""Units\\AbilityBuffData.slk:120"", ""Units\\OrcAbilityStrings.txt:33"", ""Units\\OrcAbilityFunc.txt:47""]",BOhx,Hex,This unit is Hexed; it has been transformed into a critter.,ReplaceableTextures\CommandButtons\BTNHex.blp,,,BOhx,[],,,,Abilities\Spells\Human\Polymorph\PolyMorphDoneGround.mdl,,,,,,,,,,,,,,,,,,,,
BOmi,"[""Units\\AbilityBuffData.slk:122"", ""Units\\OrcAbilityStrings.txt:167"", ""Units\\OrcAbilityFunc.txt:204""]",BOmi,Mirror Image,A duplicate illusion of the original Blademaster.,ReplaceableTextures\CommandButtons\BTNMirrorImage.blp,,,BOmi,[],,,,,,,Abilities\Spells\Orc\MirrorImage\MirrorImageDeathCaster.mdl,,,,,,,,,,,,,,,,,
BOsh,"[""Units\\AbilityBuffData.slk:124"", ""Units\\OrcAbilityStrings.txt:244""]",BOsh,,,,,,BOsh,[],,,Shockwave (Caster),,,,,,,,,,,,,,,,,,,,,
BOsf,"[""Units\\AbilityBuffData.slk:126"", ""Units\\OrcAbilityStrings.txt:203"", ""Units\\OrcAbilityFunc.txt:265""]",BOsf,Feral Spirit,Summoned units take damage from dispels.,ReplaceableTextures\CommandButtons\BTNSpiritWolf.blp,,,BOsf,[],,,,Abilities\Spells\Orc\FeralSpirit\feralspiritdone.mdl,,,,,,,,,,,,,,,,,,,,
BOvd,"[""Units\\AbilityBuffData.slk:128"", ""Units\\OrcAbilityStrings.txt:47"", ""Units\\OrcAbilityFunc.txt:57""]",BOvd,Неуязвимость,Этот воин защищен заговором неуязвимости. Он неуязвим.,ReplaceableTextures\CommandButtons\BTNDivineIntervention.blp,Abilities\Spells\Items\StaffOfSanctuary\Staff_Sanctuary_Target.mdl,overhead,BOvd,[],,,,,,,,,,,,,,,,,,,,,,,,
BOvc,"[""Units\\AbilityBuffData.slk:130"", ""Units\\OrcAbilityStrings.txt:246"", ""Units\\OrcAbilityFunc.txt:61""]",BOvc,,,,PalAura.mdx,,BOvc,[],,,Big Bad Voodoo (Caster),,,,,,,,,,,,,,,,,,,,,
BOwd,"[""Units\\AbilityBuffData.slk:132"", ""Units\\OrcAbilityStrings.txt:36""]",BOwd,Ward,Summoned units take damage from dispels.,,,,BOwd,[],,,,,,,,,,,,,,,,,,,,,,,,
BOww,"[""Units\\AbilityBuffData.slk:134"", ""Units\\OrcAbilityStrings.txt:248""]",BOww,,,,,,BOww,[],,,Bladestorm (Caster),,,,,,,,,,,,,,,,,,,,,
BOwk,"[""Units\\AbilityBuffData.slk:136"", ""Units\\OrcAbilityStrings.txt:156"", ""Units\\OrcAbilityFunc.txt:192""]",BOwk,Wind Walk,"This unit is Wind Walking; it is invisible, moves faster, and the first attack it makes while invisible will deal bonus damage.",ReplaceableTextures\CommandButtons\BTNWindWalkOn.blp,,,BOwk,[],,,,,,,,,,,,,,,,,,,,,,,,
Bbar,"[""Units\\AbilityBuffData.slk:138"", ""Units\\NightElfAbilityStrings.txt:430"", ""Units\\NightElfAbilityFunc.txt:504""]",Bbar,Barkskin,This unit has Barkskin; it has increased armor.,ReplaceableTextures\CommandButtons\BTNBarkskin.blp,Abilities\Spells\NightElf\Barkskin\BarkSkinTarget.mdl,chest,Bbar,[],,,,,,,,,,,,,,,,,,,,,,,,
Bcor,"[""Units\\AbilityBuffData.slk:140"", ""Units\\NightElfAbilityStrings.txt:242"", ""Units\\NightElfAbilityFunc.txt:285""]",Bcor,Corrosive Breath,This building was hit by Corrosive Breath; it will take damage over time.,ReplaceableTextures\CommandButtons\BTNCorrosiveBreath.blp,Abilities\Spells\NightElf\CorrosiveBreath\ChimaeraAcidTargetArt.mdl,,Bcor,[],,,,,,,,,,,,,,,,,,,,,,,,
Bcyc,"[""Units\\AbilityBuffData.slk:142"", ""Units\\NightElfAbilityStrings.txt:393"", ""Units\\NightElfAbilityFunc.txt:444""]",Bcyc,Cyclone,"This unit is in a Cyclone; it cannot move, attack or cast spells.",ReplaceableTextures\CommandButtons\BTNCyclone.blp,,"sprite,first",Bcyc,[],,,,Abilities\Spells\NightElf\Cyclone\CycloneTarget.mdl,,CycloneLoop,,,,,,,,,,,,,,,,,,
Bcy2,"[""Units\\AbilityBuffData.slk:144"", ""Units\\NightElfAbilityStrings.txt:396"", ""Units\\NightElfAbilityFunc.txt:449""]",Bcy2,Cyclone,"This unit is in a Cyclone; it cannot move, attack or cast spells.",ReplaceableTextures\CommandButtons\BTNCyclone.blp,,,Bcy2,[],,,,Abilities\Spells\NightElf\Cyclone\CycloneTarget.mdl,,CycloneLoop,,,,"sprite,first",,,,,,,,,,,,,,
Beat,"[""Units\\AbilityBuffData.slk:146"", ""Units\\NightElfAbilityStrings.txt:436""]",Beat,,,,,,Beat,[],,,Eat Tree,,,,,,,,,,,,,,,,,,,,,
Bfae,"[""Units\\AbilityBuffData.slk:148"", ""Units\\NightElfAbilityStrings.txt:385"", ""Units\\NightElfAbilityFunc.txt:433""]",Bfae,Волшебный огонь,"На этого воина действует заклинание ''Волшебный огонь''. Его защита уменьшена, а все, что находится в его поле зрения, видит противник.",ReplaceableTextures\CommandButtons\BTNFaerieFire.blp,Abilities\Spells\NightElf\FaerieDragonInvis\FaerieDragon_Invis.mdl,head,Bfae,[],1,,,,,,,,,,,,,,,,,,,,,,,
Bgra,"[""Units\\AbilityBuffData.slk:150"", ""Units\\NightElfAbilityStrings.txt:438""]",Bgra,,,,,,Bgra,[],,,War Club,,,,,,,,,,,,,,,,,,,,,
Bmfl,"[""Units\\AbilityBuffData.slk:152"", ""Units\\NightElfAbilityStrings.txt:19"", ""Units\\NightElfAbilityFunc.txt:21""]",Bmfl,Mana Flare,This unit has Mana Flare on it; nearby enemy units that cast spells will take damage.,ReplaceableTextures\CommandButtons\BTNManaFlare.blp,Abilities\Spells\Human\ManaFlare\ManaFlareBase.mdl,overhead,Bmfl,[],,,,,,ManaFlareLoop,,,,,MFPB,,,,,,,,,,,,,
Bmfa,"[""Units\\AbilityBuffData.slk:154"", ""Units\\NightElfAbilityStrings.txt:22"", ""Units\\NightElfAbilityFunc.txt:27""]",Bmfa,Mana Flare,This unit has Mana Flare on it; nearby enemy units that cast spells will take damage.,ReplaceableTextures\CommandButtons\BTNManaFlare.blp,Abilities\Spells\Human\ManaFlare\ManaFlareTarget.mdl,overhead,Bmfa,[],,,,,,,Abilities\Spells\Human\ManaFlare\ManaFlareBoltImpact.mdl,,,,,Abilities\Spells\Human\ManaFlare\ManaFlareMissile.mdl,1000,1,,,,,,,,,,
Bpsh,"[""Units\\AbilityBuffData.slk:156"", ""Units\\NightElfAbilityStrings.txt:33"", ""Units\\NightElfAbilityFunc.txt:45""]",Bpsh,Phase Shift,This unit has shifted out of existence and cannot be harmed temporarily.,ReplaceableTextures\CommandButtons\BTNPhaseShift.blp,,,Bpsh,[],,,,,,,Abilities\Spells\NightElf\FaerieDragonInvis\FaerieDragon_Invis.mdl,,,,,,,,,,,,,,,,,
Brej,"[""Units\\AbilityBuffData.slk:158"", ""Units\\NightElfAbilityStrings.txt:404"", ""Units\\NightElfAbilityFunc.txt:459""]",Brej,Rejuvenation,This unit has Rejuvenation; it is healing hit points over time.,ReplaceableTextures\CommandButtons\BTNRejuvenation.blp,,chest,Brej,[],,,,,,,,,,,,,,,Abilities\Spells\NightElf\Rejuvenation\RejuvenationTarget.mdl,,,,,,,,,
Broa,"[""Units\\AbilityBuffData.slk:160"", ""Units\\NightElfAbilityStrings.txt:425"", ""Units\\NightElfAbilityFunc.txt:488""]",Broa,Roar,This unit has Roar; its attack damage has been increased.,ReplaceableTextures\CommandButtons\BTNBattleRoar.blp,Abilities\Spells\NightElf\BattleRoar\RoarTarget.mdl,overhead,Broa,[],1,,,,,,,,,,,,,,,,,,,,,,,
Bspo,"[""Units\\AbilityBuffData.slk:162"", ""Units\\NightElfAbilityStrings.txt:120"", ""Units\\NightElfAbilityFunc.txt:147""]",Bspo,Slow Poison,"This unit was hit by Slow Poison; its movement speed and attack rate have been reduced, and it will take damage over time.",ReplaceableTextures\CommandButtons\BTNSlowPoison.blp,Abilities\Weapons\PoisonSting\PoisonStingTarget.mdl,,Bspo,[],2,,,,,,,,,,,,,,,,,,,,,,,
Bssd,"[""Units\\AbilityBuffData.slk:164"", ""Units\\NightElfAbilityStrings.txt:123"", ""Units\\NightElfAbilityFunc.txt:151""]",Bssd,Slow Poison,"This unit was hit by Slow Poison; its movement speed and attack rate have been reduced, and it will take damage over time.",ReplaceableTextures\PassiveButtons\PASBTNSlowPoison.blp,Abilities\Weapons\PoisonSting\PoisonStingTarget.mdl,,Bssd,[],2,,,,,,,,,,,,,,,,,,,,,,,
Bvng,"[""Units\\AbilityBuffData.slk:166"", ""Units\\NightElfAbilityStrings.txt:8"", ""Units\\NightElfAbilityFunc.txt:11""]",Bvng,Spirit of Vengeance,Vengeance was here.,ReplaceableTextures\CommandButtons\BTNAvengingWatcher.blp,,,Bvng,[],,,,Abilities\Spells\Orc\FeralSpirit\feralspiritdone.mdl,,,,,,,,,,,,,,,,,,,,
BEah,"[""Units\\AbilityBuffData.slk:168"", ""Units\\NightElfAbilityStrings.txt:316"", ""Units\\NightElfAbilityFunc.txt:351""]",BEah,Thorns Aura,This unit is under the effects of Thorns Aura; melee units that attack it will take damage.,ReplaceableTextures\CommandButtons\BTNThorns.blp,Abilities\Spells\Other\GeneralAuraTarget\GeneralAuraTarget.mdl,origin,BEah,"[""f8""]",2,,,,,,Abilities\Spells\NightElf\ThornsAura\ThornsAuraDamage.mdl,,,,,,,,,head,,,,,,,,
BEar,"[""Units\\AbilityBuffData.slk:170"", ""Units\\NightElfAbilityStrings.txt:358"", ""Units\\NightElfAbilityFunc.txt:398""]",BEar,Trueshot Aura,This unit is under the effects of Trueshot Aura; its ranged attacks will deal more damage.,ReplaceableTextures\CommandButtons\BTNTrueShot.blp,Abilities\Spells\Other\GeneralAuraTarget\GeneralAuraTarget.mdl,origin,BEar,[],2,,,,,,,,,,,,,,,,,,,,,,,
BEer,"[""Units\\AbilityBuffData.slk:172"", ""Units\\NightElfAbilityStrings.txt:295"", ""Units\\NightElfAbilityFunc.txt:331""]",BEer,Гнев деревьев,Этот воин оплетен корнями деревьев. Он не может двигаться и постепенно теряет здоровье.,ReplaceableTextures\CommandButtons\BTNEntanglingRoots.blp,Abilities\Spells\NightElf\EntanglingRoots\EntanglingRootsTarget.mdl,origin,BEer,"[""Js"", ""BEv"", ""cav""]",,,,,,,,,,,,,,,,,,,,,,,,
BEfn,"[""Units\\AbilityBuffData.slk:174"", ""Units\\NightElfAbilityStrings.txt:306"", ""Units\\NightElfAbilityFunc.txt:342""]",BEfn,Force of Nature,Summoned units take damage from dispels.,ReplaceableTextures\CommandButtons\BTNEnt.blp,,,BEfn,[],,,,,,,,,,,,,,,,,,,,,,,,
BEim,"[""Units\\AbilityBuffData.slk:176"", ""Units\\NightElfAbilityStrings.txt:264"", ""Units\\NightElfAbilityFunc.txt:306""]",BEim,Immolation,This unit has Immolation; nearby enemy ground units will take damage over time.,ReplaceableTextures\CommandButtons\BTNImmolationOn.blp,Abilities\Spells\NightElf\Immolation\ImmolationTarget.mdl,,BEim,[],,,,,,,Abilities\Spells\NightElf\Immolation\ImmolationDamage.mdl,,,,,,,,,head,,,,,,,,
BEia,"[""Units\\AbilityBuffData.slk:178"", ""Units\\NightElfAbilityStrings.txt:434""]",BEia,,,,,,BEia,[],,,Immolation (Caster),,,,,,,,,,,,,,,,,,,,,
BEme,"[""Units\\AbilityBuffData.slk:180"", ""Units\\NightElfAbilityStrings.txt:284"", ""Units\\NightElfAbilityFunc.txt:322""]",BEme,Metamorphosis,Transforms the Demon Hunter into a powerful Demon with a ranged attack.,ReplaceableTextures\CommandButtons\BTNMetamorphosis.blp,,,BEme,[],,,,,,,,,,,,,,,,,,,,,,,,
BEst,"[""Units\\AbilityBuffData.slk:182"", ""Units\\NightElfAbilityStrings.txt:337""]",BEst,Scout,Summoned units take damage from dispels.,,,,BEst,[],,,,,,,,,,,,,,,,,,,,,,,,
BEsh,"[""Units\\AbilityBuffData.slk:184"", ""Units\\NightElfAbilityStrings.txt:90"", ""Units\\NightElfAbilityFunc.txt:115""]",BEsh,Отравленный нож,Этот юнит был атакован Отравленным ножом; Он будет получать урон в секунду и двигаться медленнее.,ReplaceableTextures\CommandButtons\BTNShadowStrike.blp,Abilities\Spells\NightElf\shadowstrike\shadowstrike.mdl,overhead,BEsh,[],,,,,,,,,,,,,,,,,,,,,,,,
BEsv,"[""Units\\AbilityBuffData.slk:186"", ""Units\\NightElfAbilityStrings.txt:104"", ""Units\\NightElfAbilityFunc.txt:133""]",BEsv,Vengeance,Vengeance is angry.,ReplaceableTextures\CommandButtons\BTNSpiritOfVengeance.blp,,,BEsv,[],,,,Abilities\Spells\Orc\FeralSpirit\feralspiritdone.mdl,,,,,,,,,,,,,,,,,,,,
Bams,"[""Units\\AbilityBuffData.slk:188"", ""Units\\UndeadAbilityStrings.txt:266"", ""Units\\UndeadAbilityFunc.txt:324""]",Bams,Anti-magic Shell,This unit has Anti-magic Shell; it cannot be targeted by spells. It can be dispelled.,ReplaceableTextures\CommandButtons\BTNAntiMagicShell.blp,Abilities\Spells\Undead\AntiMagicShell\AntiMagicShell.mdl,overhead,Bams,[],,,,,,,,,,,,,,,,,,,,,,,,
Bam2,"[""Units\\AbilityBuffData.slk:190"", ""Units\\UndeadAbilityStrings.txt:269"", ""Units\\UndeadAbilityFunc.txt:328""]",Bam2,Anti-magic Shell,This unit has Anti-magic Shell; damage spells must destroy the shell to affect the unit.,ReplaceableTextures\CommandButtons\BTNAntiMagicShell.blp,Abilities\Spells\Undead\AntiMagicShell\AntiMagicShell.mdl,overhead,Bam2,[],,,,,,,,,,,,,,,,,,,,,,,,
Bapl,"[""Units\\AbilityBuffData.slk:192"", ""Units\\UndeadAbilityStrings.txt:211"", ""Units\\UndeadAbilityFunc.txt:258""]",Bapl,Ядовитое облако,Этот воин заражен чумой. Он постепенно теряет здоровье.,ReplaceableTextures\CommandButtons\BTNPlagueCloud.blp,Units\Undead\PlagueCloud\PlagueCloudtarget.mdl,head,Bapl,[],2,,,,,,,,,,,,,,,,,,,,,,,
Bcri,"[""Units\\AbilityBuffData.slk:194"", ""Units\\UndeadAbilityStrings.txt:393"", ""Units\\UndeadAbilityFunc.txt:471""]",Bcri,Увечье,"Этот воин стал жертвой заклинания ''Увечье''. Его сила атаки, скорость перемещения и скорость боя ниже, чем обычно.",ReplaceableTextures\CommandButtons\BTNCripple.blp,Abilities\Spells\Undead\Cripple\CrippleTarget.mdl,,Bcri,"[""Ip"", ""Js""]",,,,,,,,,,,,,,,,,,,,,,,,
Bcrs,"[""Units\\AbilityBuffData.slk:196"", ""Units\\UndeadAbilityStrings.txt:258"", ""Units\\UndeadAbilityFunc.txt:314""]",Bcrs,Проклятие,Этот воин проклят. В бою он может промахиваться.,ReplaceableTextures\CommandButtons\BTNCurse.blp,Abilities\Spells\Undead\Curse\CurseTarget.mdl,overhead,Bcrs,[],1,,,,,,,,,,,,,,,,,,,,,,,
Bfrz,"[""Units\\AbilityBuffData.slk:198"", ""Units\\UndeadAbilityStrings.txt:228"", ""Units\\UndeadAbilityFunc.txt:282""]",Bfrz,Freezing Breath,This building is frozen; its abilities cannot be used and it cannot be repaired.,ReplaceableTextures\CommandButtons\BTNFreezingBreath.blp,Abilities\Spells\Undead\FreezingBreath\FreezingBreathTargetArt.mdl,origin,Bfrz,[],,,,,,,,,,,,,,,,,,,,,,,,
Bplg,"[""Units\\AbilityBuffData.slk:200"", ""Units\\UndeadAbilityStrings.txt:420""]",Bplg,,,,,,Bplg,[],,,Disease Cloud,,,,,,,,,,,,,,,,,,,,,
Bpos,"[""Units\\AbilityBuffData.slk:202"", ""Units\\UndeadAbilityStrings.txt:277"", ""Units\\UndeadAbilityFunc.txt:342""]",Bpos,Possession,This unit is being possessed.,ReplaceableTextures\CommandButtons\BTNPossession.blp,Abilities\Spells\Undead\Possession\PossessionTarget.mdl,overhead,Bpos,[],,,,,,,,,,,,,,,,,,,,,,,,
Brai,"[""Units\\AbilityBuffData.slk:204"", ""Units\\UndeadAbilityStrings.txt:239"", ""Units\\UndeadAbilityFunc.txt:295""]",Brai,Skeletal Minion,Summoned units take damage from dispels.,ReplaceableTextures\CommandButtons\BTNSkeletonWarrior.blp,,,Brai,[],,,,,,,,,,,,,,,,,,,,,,,,
Brpl,"[""Units\\AbilityBuffData.slk:206"", ""Units\\UndeadAbilityStrings.txt:9"", ""Units\\UndeadAbilityFunc.txt:14""]",Brpl,Essence of Blight,This unit has been hit by Essence of Blight; some of its hit points have been restored.,ReplaceableTextures\CommandButtons\BTNReplenishHealth.blp,,,Brpl,[],,,,,,,,,,,,,,,,,,,,,,,,
Brpm,"[""Units\\AbilityBuffData.slk:208"", ""Units\\UndeadAbilityStrings.txt:23"", ""Units\\UndeadAbilityFunc.txt:30""]",Brpm,Spirit Touch,This unit has been hit by Spirit Touch; some of its mana has been restored.,ReplaceableTextures\CommandButtons\BTNReplenishMana.blp,,,Brpm,[],,,,,,,,,,,,,,,,,,,,,,,,
Bspa,"[""Units\\AbilityBuffData.slk:210"", ""Units\\UndeadAbilityStrings.txt:160"", ""Units\\UndeadAbilityFunc.txt:196""]",Bspa,Spiderling,,ReplaceableTextures\CommandButtons\BTNSpider.blp,Abilities\Weapons\CryptFiendMissile\CryptFiendMissileTarget.mdl,origin,Bspa,[],,,,,,,,,,,,,,,,,,,,,,,,
Buhf,"[""Units\\AbilityBuffData.slk:212"", ""Units\\UndeadAbilityStrings.txt:247"", ""Units\\UndeadAbilityFunc.txt:302""]",Buhf,Unholy Frenzy,"This unit has Unholy Frenzy; its attack rate is increased, but it takes damage over time.",ReplaceableTextures\CommandButtons\BTNUnholyFrenzy.blp,Abilities\Spells\Undead\UnholyFrenzy\UnholyFrenzyTarget.mdl,overhead,Buhf,[],,,,,,,,,,,,,,,,,,,,,,,,
Buns,"[""Units\\AbilityBuffData.slk:214"", ""Units\\UndeadAbilityStrings.txt:134"", ""Units\\UndeadAbilityFunc.txt:165""]",Buns,Unsummon,,ReplaceableTextures\CommandButtons\BTNUnsummonBuilding.blp,Abilities\Spells\Undead\Unsummon\UnsummonTarget.mdl,,Buns,[],,,,,,AcolyteUnsummonLoop,,,,,,,,,,,,,,,,,,
Bweb,"[""Units\\AbilityBuffData.slk:216"", ""Units\\UndeadAbilityStrings.txt:170"", ""Units\\UndeadAbilityFunc.txt:212""]",Bweb,Web,This unit is webbed; it is stuck to the ground and cannot move.,ReplaceableTextures\CommandButtons\BTNWeb.blp,Abilities\Spells\Undead\Web\WebTarget.mdl,origin,Bweb,[],,,,,,,,,,,,,,,,,,,,,,,,
Bwea,"[""Units\\AbilityBuffData.slk:218"", ""Units\\UndeadAbilityStrings.txt:173"", ""Units\\UndeadAbilityFunc.txt:216""]",Bwea,Web,This unit is webbed; it is stuck to the ground and cannot move.,ReplaceableTextures\CommandButtons\BTNWeb.blp,Abilities\Spells\Undead\Web\Web_AirTarget.mdl,"chest,mount",Bwea,[],,,,,,,,,,,,,,,,,,,,,,,,
BUan,"[""Units\\AbilityBuffData.slk:220"", ""Units\\UndeadAbilityStrings.txt:316"", ""Units\\UndeadAbilityFunc.txt:376""]",BUan,Animate Dead,Summoned units take damage from dispels.,ReplaceableTextures\CommandButtons\BTNAnimateDead.blp,,,BUan,"[""N7v""]",,,,,,,Objects\Spawnmodels\Undead\UndeadLargeDeathExplode\UndeadLargeDeathExplode.mdl,,,,,,,,,,,,,,,,,
BUau,"[""Units\\AbilityBuffData.slk:222"", ""Units\\UndeadAbilityStrings.txt:295"", ""Units\\UndeadAbilityFunc.txt:491""]",BUau,Unholy Aura,This unit is under the effects of Unholy Aura; it has an increased movement speed and hit point regeneration.,ReplaceableTextures\CommandButtons\BTNUnholyAura.blp,Abilities\Spells\Other\GeneralAuraTarget\GeneralAuraTarget.mdl,origin,BUau,[],2,,,,,,,,,,,,,,,,,,,,,,,
BUav,"[""Units\\AbilityBuffData.slk:224"", ""Units\\UndeadAbilityStrings.txt:345"", ""Units\\UndeadAbilityFunc.txt:413""]",BUav,Vampiric Aura,This unit is under the effects of Vampiric Aura; damage it deals to enemy units will restore hit points.,ReplaceableTextures\CommandButtons\BTNVampiricAura.blp,Abilities\Spells\Other\GeneralAuraTarget\GeneralAuraTarget.mdl,origin,BUav,[],2,,,,,,Abilities\Spells\Undead\VampiricAura\VampiricAuraTarget.mdl,,,,,,,,,origin,,,,,,,,
BUcb,"[""Units\\AbilityBuffData.slk:226"", ""Units\\UndeadAbilityStrings.txt:102"", ""Units\\UndeadAbilityFunc.txt:132""]",BUcb,Carrion Beetles,Summoned units take damage from dispels.,ReplaceableTextures\CommandButtons\BTNCarrionScarabs.blp,,,BUcb,[],,,,,,,,,,,,,,,,,,,,,,,,
BUcs,"[""Units\\AbilityBuffData.slk:228"", ""Units\\UndeadAbilityStrings.txt:412""]",BUcs,,,,,,BUcs,[],,,Carrion Swarm (Caster),,,,,,,,,,,,,,,,,,,,,
BUdd,"[""Units\\AbilityBuffData.slk:230"", ""Units\\UndeadAbilityStrings.txt:385"", ""Units\\UndeadAbilityFunc.txt:462""]",BUdd,Death and Decay,This unit is under Death and Decay; it will take damage over time.,ReplaceableTextures\CommandButtons\BTNDeathAndDecay.blp,Abilities\Spells\Undead\DeathandDecay\DeathandDecayDamage.mdl,,BUdd,[],,,,,,,,,,,,,,,,,,,,,,,,
BUfa,"[""Units\\AbilityBuffData.slk:232"", ""Units\\UndeadAbilityStrings.txt:366"", ""Units\\UndeadAbilityFunc.txt:437""]",BUfa,Frost Armor,"This unit has Frost Armor; it has increased armor, and melee units that attack it will have their movement speed and attack rate reduced for a short duration.",ReplaceableTextures\CommandButtons\BTNFrostArmor.blp,Abilities\Spells\Undead\FrostArmor\FrostArmorTarget.mdl,chest,BUfa,[],1,,,,,,Abilities\Spells\Undead\FrostArmor\FrostArmorDamage.mdl,,,,,,,,,chest,,,,,,,,
BUim,"[""Units\\AbilityBuffData.slk:234"", ""Units\\UndeadAbilityStrings.txt:82"", ""Units\\UndeadAbilityFunc.txt:102""]",BUim,Impale,This unit has been impaled; it is in the air for a short duration.,ReplaceableTextures\CommandButtons\BTNImpale.blp,Abilities\Spells\Human\StormBolt\StormBoltTarget.mdl,overhead,BUim,[],,,,,,,,,,,,,,,,,,,,,,,,
BUsl,"[""Units\\AbilityBuffData.slk:236"", ""Units\\UndeadAbilityStrings.txt:335"", ""Units\\UndeadAbilityFunc.txt:395""]",BUsl,Sleep,"This unit is sleeping; it cannot move, attack, or cast spells. Attacking it will wake it up.",ReplaceableTextures\CommandButtons\BTNSleep.blp,Abilities\Spells\Undead\Sleep\SleepTarget.mdl,overhead,BUsl,"[""Js""]",,,,,,CreepSleepSnoreLoop,,,,,,,,,,,,,,,,,,
BUsp,"[""Units\\AbilityBuffData.slk:238"", ""Units\\UndeadAbilityStrings.txt:414"", ""Units\\UndeadAbilityFunc.txt:403""]",BUsp,,,ReplaceableTextures\CommandButtons\BTNSleep.blp,Abilities\Spells\Undead\Sleep\SleepSpecialArt.mdl,,BUsp,[],,,Sleep (Pause),,,,,,,,,,,,,,,,,,,,,
BUst,"[""Units\\AbilityBuffData.slk:240"", ""Units\\UndeadAbilityStrings.txt:416"", ""Units\\UndeadAbilityFunc.txt:400""]",BUst,,,ReplaceableTextures\CommandButtons\BTNSleep.blp,Abilities\Spells\Undead\Sleep\SleepSpecialArt.mdl,,BUst,[],,,Sleep (Stun),,,,,,,,,,,,,,,,,,,,,
BUts,"[""Units\\AbilityBuffData.slk:242"", ""Units\\UndeadAbilityStrings.txt:418"", ""Units\\UndeadAbilityFunc.txt:114""]",BUts,,,ReplaceableTextures\CommandButtons\BTNThornShield.blp,,,BUts,"[""f8""]",,,Spiked Carapace,,0,,,,,,,,,,,,,,,,,,,
Basl,"[""Units\\AbilityBuffData.slk:244"", ""Units\\NeutralAbilityStrings.txt:307"", ""Units\\NeutralAbilityFunc.txt:308""]",Basl,Tornado,This unit is caught within a Tornado; its movement speed has been reduced temporarily.,ReplaceableTextures\CommandButtons\BTNTornado.blp,Abilities\Spells\Other\Tornado\Tornado_Target.mdl,,Basl,[],,,,,,,,,,,,,,,,,,,,,,,,
BCbf,"[""Units\\AbilityBuffData.slk:246"", ""Units\\NeutralAbilityStrings.txt:232"", ""Units\\NeutralAbilityFunc.txt:225""]",BCbf,Breath of Frost,This unit was hit by Breath of Frost; it will take damage over time.,ReplaceableTextures\CommandButtons\BTNBreathOfFrost.blp,Abilities\Spells\Other\BreathOfFrost\BreathOfFrostTarget.mdl,,BCbf,[],,,,,,,,,,,,,,,,,,,,,,,,
BCtc,"[""Units\\AbilityBuffData.slk:248"", ""Units\\NeutralAbilityStrings.txt:442"", ""Units\\NeutralAbilityFunc.txt:473""]",BCtc,Slam,This unit has been hit by Slam; its movement speed and attack rate are reduced.,ReplaceableTextures\CommandButtons\BTNGolemThunderclap.blp,Abilities\Spells\Orc\StasisTrap\StasisTotemTarget.mdl,overhead,BCtc,[],,,,,,,,,,,,,,,,,,,,,,,,
Bmec,"[""Units\\AbilityBuffData.slk:250"", ""Units\\ItemAbilityStrings.txt:160""]",Bmec,Mechanical Critter,Summoned units take damage from dispels.,,,,Bmec,[],,,,,,,,,,,,,,,,,,,,,,,,
BNpi,"[""Units\\AbilityBuffData.slk:252"", ""Units\\NeutralAbilityStrings.txt:647"", ""Units\\NeutralAbilityFunc.txt:348""]",BNpi,,,,,,BNpi,[],,,Permanent Immolation,,,,Abilities\Spells\NightElf\Immolation\ImmolationDamage.mdl,,,,,,,,,head,,,,,,,,
BNsa,"[""Units\\AbilityBuffData.slk:254"", ""Units\\ItemAbilityFunc.txt:310"", ""Units\\ItemAbilityStrings.txt:176""]",BNsa,Sanctuary,"This unit is under the effects of a Staff of Sanctuary; its hit points will regenerate over time, but it cannot move, attack or cast spells.",ReplaceableTextures\CommandButtons\BTNStaffOfSanctuary.blp,Abilities\Spells\Items\StaffOfSanctuary\Staff_Sanctuary_Target.mdl,,BNsa,[],,,,,,,,,,,,,,,,,,,,,,,,
BNss,"[""Units\\AbilityBuffData.slk:256"", ""Units\\ItemAbilityStrings.txt:167""]",BNss,Spell Shield,A protective shield that blocks a spell.,,,,BNss,[],,,,,,,,,,,,,,,,,,,,,,,,
BNba,"[""Units\\AbilityBuffData.slk:258"", ""Units\\NeutralAbilityStrings.txt:290"", ""Units\\NeutralAbilityFunc.txt:287""]",BNba,Black Arrow,"This unit was hit by a Black Arrow; if it dies, it will turn into a skeleton for the enemy.",ReplaceableTextures\CommandButtons\BTNTheBlackArrow.blp,,,BNba,"[""N7v""]",,,,,,,,,,,,,,,,,,,,,,,,
BHca,"[""Units\\AbilityBuffData.slk:260"", ""Units\\NeutralAbilityStrings.txt:161"", ""Units\\NeutralAbilityFunc.txt:153""]",BHca,Cold Arrows,This unit was hit by a Cold Arrow; its attack rate and movement speed have been reduced.,ReplaceableTextures\CommandButtons\BTNColdArrows.blp,,,BHca,[],,,,,,,,,,,,,,,,,,,,,,,,
Bcsd,"[""Units\\AbilityBuffData.slk:262"", ""Units\\NeutralAbilityStrings.txt:164"", ""Units\\NeutralAbilityFunc.txt:156""]",Bcsd,Cold Arrows,This unit was hit by a Cold Arrow; its attack rate and movement speed have been reduced.,ReplaceableTextures\CommandButtons\BTNColdArrows.blp,,,Bcsd,[],,,,,,,,,,,,,,,,,,,,,,,,
BNdm,"[""Units\\AbilityBuffData.slk:264"", ""Units\\NeutralAbilityStrings.txt:293"", ""Units\\NeutralAbilityFunc.txt:289""]",BNdm,Dark Minion,Summoned units take damage from dispels.,ReplaceableTextures\CommandButtons\BTNTheBlackArrow.blp,,,BNdm,[],,,,,,,,,,,,,,,,,,,,,,,,
BNdo,"[""Units\\AbilityBuffData.slk:266"", ""Units\\NeutralAbilityStrings.txt:197"", ""Units\\NeutralAbilityFunc.txt:188""]",BNdo,Doom,"This unit has been stricken with Doom; it cannot cast spells and will take damage until it dies, and a Demon will spawn from its corpse. Doom cannot be dispelled or cancelled.",ReplaceableTextures\CommandButtons\BTNDoom.blp,Abilities\Spells\Other\Doom\DoomTarget.mdl,,BNdo,[],,,,,,,,,,,,,,,,,,,,,,,,
BNdi,"[""Units\\AbilityBuffData.slk:268"", ""Units\\NeutralAbilityStrings.txt:200"", ""Units\\NeutralAbilityFunc.txt:191""]",BNdi,Doom,"This unit has been stricken with Doom; it will take damage until it dies, and a Demon will spawn from its corpse. Doom cannot be dispelled or cancelled.",,Abilities\Spells\Other\Doom\DoomDeath.mdl,,BNdi,[],,,,Abilities\Spells\Other\Doom\DoomDeath.mdl,,,,,,,,,,,,,,,,,,,,
BNdh,"[""Units\\AbilityBuffData.slk:270"", ""Units\\NeutralAbilityStrings.txt:266"", ""Units\\NeutralAbilityFunc.txt:258""]",BNdh,Drunken Haze,This unit was hit by a Drunken Haze; it has reduced movement speed and a chance to miss on attacks.,ReplaceableTextures\CommandButtons\BTNStrongDrink.blp,Abilities\Spells\Other\StrongDrink\BrewmasterTarget.mdl,overhead,BNdh,[],,,,,,,,,,,,,,,,,,,,,,,,
BNht,"[""Units\\AbilityBuffData.slk:272"", ""Units\\NeutralAbilityStrings.txt:175"", ""Units\\NeutralAbilityFunc.txt:179""]",BNht,Howl of Terror,This unit has heard the Howl of Terror; it deals less damage for a duration.,ReplaceableTextures\CommandButtons\BTNHowlOfTerror.blp,Abilities\Spells\Other\HowlOfTerror\HowlTarget.mdl,,BNht,"[""mH"", ""nLv""]",,,,,,,,,,,,,,,,,,,,,,,,
BNms,"[""Units\\AbilityBuffData.slk:274"", ""Units\\NeutralAbilityStrings.txt:136"", ""Units\\NeutralAbilityFunc.txt:123""]",BNms,Mana Shield,This unit has a Mana Shield; it is temporarily protected from physical damage and negative spells.,ReplaceableTextures\CommandButtons\BTNNeutralManaShield.blp,Abilities\Spells\Human\ManaShield\ManaShieldCaster.mdl,,BNms,[],,,,,,,,,,,,,,,,,,,,,,,,
BNsi,"[""Units\\AbilityBuffData.slk:276"", ""Units\\NeutralAbilityStrings.txt:277"", ""Units\\NeutralAbilityFunc.txt:269""]",BNsi,Безмолвие,На этого воина действует заклинание ''Безмолвие''. Он не может пользоваться магией.,ReplaceableTextures\CommandButtons\BTNSilence.blp,Abilities\Spells\Other\Silence\SilenceTarget.mdl,overhead,BNsi,"[""Js"", ""Yw""]",,,,,,,,,,,,,,,,,,,,,,,,
BNst,"[""Units\\AbilityBuffData.slk:278"", ""Units\\NeutralAbilityStrings.txt:649""]",BNst,,,,,,BNst,[],,,Stampede,,,,,,,,,,,,,,,,,,,,,
BNbr,"[""Units\\AbilityBuffData.slk:280"", ""Units\\CampaignAbilityStrings.txt:59"", ""Units\\CampaignAbilityFunc.txt:73""]",BNbr,Battle Roar,This unit has Battle Roar; its attack damage has been increased.,ReplaceableTextures\CommandButtons\BTNBattleRoar.blp,Abilities\Spells\NightElf\BattleRoar\RoarTarget.mdl,overhead,BNbr,[],1,,,,,,,,,,,,,,,,,,,,,,,
BNin,"[""Units\\AbilityBuffData.slk:282"", ""Units\\NeutralAbilityStrings.txt:410""]",BNin,Infernal,This Infernal is mighty.,,,,BNin,[],,,,,,,,,,,,,,,,,,,,,,,,
BNpa,"[""Units\\AbilityBuffData.slk:284"", ""Units\\CampaignAbilityStrings.txt:40"", ""Units\\CampaignAbilityFunc.txt:49""]",BNpa,Parasite,"This unit has been inflicted with a parasite; it will take damage over time, and if it dies while still afflicted, a minion will spawn from its corpse.",ReplaceableTextures\CommandButtons\BTNParasite.blp,Abilities\Spells\Other\Parasite\ParasiteTarget.mdl,overhead,BNpa,[],,,,,,,,,,,,,,,,,,,,,,,,
BNpm,"[""Units\\AbilityBuffData.slk:286"", ""Units\\CampaignAbilityStrings.txt:43"", ""Units\\CampaignAbilityFunc.txt:53""]",BNpm,Parasite,"This unit has been inflicted with a parasite; it will take damage over time, and if it dies while still afflicted, a minion will spawn from its corpse.",ReplaceableTextures\CommandButtons\BTNParasite.blp,,,BNpm,[],,,,,,,,,,,,,,,,,,,,,,,,
BNrd,"[""Units\\AbilityBuffData.slk:288"", ""Units\\NeutralAbilityStrings.txt:147"", ""Units\\NeutralAbilityFunc.txt:134""]",BNrd,Rain of Fire,This unit was hit by Rain of Fire; it will take damage over time.,ReplaceableTextures\CommandButtons\BTNFire.blp,Abilities\Spells\Human\FlameStrike\FlameStrikeDamageTarget.mdl,,BNrd,[],,,,,,,,,,,,,,,,,,,,,,,,
BNrf,"[""Units\\AbilityBuffData.slk:290"", ""Units\\NeutralAbilityStrings.txt:651""]",BNrf,,,,,,BNrf,[],,,Rain of Fire (Area),,,,,,,,,,,,,,,,,,,,,
BIcb,"[""Units\\AbilityBuffData.slk:292"", ""Units\\ItemAbilityFunc.txt:127"", ""Units\\ItemAbilityStrings.txt:57""]",BIcb,Corruption,This unit was hit by an Orb of Corruption; its armor is temporarily reduced.,ReplaceableTextures\CommandButtons\BTNOrbOfCorruption.blp,,,BIcb,[],,,,,,,,,,,,,,,,,,,,,,,,
BFig,"[""Units\\AbilityBuffData.slk:294"", ""Units\\ItemAbilityFunc.txt:143"", ""Units\\ItemAbilityStrings.txt:66""]",BFig,Вызванное существo,Summoned units take additional damage from dispels.,,,,BFig,[],,,,Abilities\Spells\Orc\FeralSpirit\feralspirittarget.mdl,,,,,,,,,,,,,,,,,,,,
BIcf,"[""Units\\AbilityBuffData.slk:296"", ""Units\\ItemAbilityFunc.txt:162"", ""Units\\ItemAbilityStrings.txt:75""]",BIcf,Cloak of Flames,This unit has a Cloak of Flames; nearby enemy ground units will take damage over time.,ReplaceableTextures\CommandButtons\BTNCloakOfFlames.blp,Abilities\Spells\NightElf\Immolation\ImmolationTarget.mdl,,BIcf,[],,,,,,,Abilities\Spells\NightElf\Immolation\ImmolationDamage.mdl,,,,,,,,,head,,,,,,,,
BIil,"[""Units\\AbilityBuffData.slk:298"", ""Units\\ItemAbilityFunc.txt:83"", ""Units\\ItemAbilityStrings.txt:42""]",BIil,Illusion,This unit is an illusion; it takes extra damage from enemies.,ReplaceableTextures\CommandButtons\BTNWand.blp,,,BIil,[],,,,,,,Abilities\Spells\Orc\MirrorImage\MirrorImageDeathCaster.mdl,,,,,,,,,,,,,,,,,
BIrg,"[""Units\\AbilityBuffData.slk:300"", ""Units\\ItemAbilityFunc.txt:239"", ""Units\\ItemAbilityStrings.txt:130""]",BIrg,Rejuvenation,This unit will regenerate health and mana over time.,ReplaceableTextures\CommandButtons\BTNGreaterRejuvScroll.blp,"Abilities\Spells\Other\ANrl\ANrlTarget.mdl,Abilities\Spells\Other\ANrm\ANrmTarget.mdl",origin,BIrg,[],,,,,2,,,origin,,,,,,,,,,,,,,,,
BIrl,"[""Units\\AbilityBuffData.slk:302"", ""Units\\ItemAbilityFunc.txt:231"", ""Units\\ItemAbilityStrings.txt:120""]",BIrl,Regeneration,This unit has Regeneration on it; its hit points will regenerate over time.,ReplaceableTextures\CommandButtons\BTNHealingSalve.blp,Abilities\Spells\Other\ANrm\ANrmTarget.mdl,origin,BIrl,[],,,,,,,,,,,,,,,,,,,,,,,,
BIrm,"[""Units\\AbilityBuffData.slk:304"", ""Units\\ItemAbilityFunc.txt:235"", ""Units\\ItemAbilityStrings.txt:125""]",BIrm,Clarity Potion,This unit drank a Clarity Potion; its mana will regenerate over time.,ReplaceableTextures\CommandButtons\BTNPotionOfClarity.blp,Abilities\Spells\Other\ANrl\ANrlTarget.mdl,origin,BIrm,[],,,,,,,,,,,,,,,,,,,,,,,,
BIpv,"[""Units\\AbilityBuffData.slk:306"", ""Units\\ItemAbilityFunc.txt:274"", ""Units\\ItemAbilityStrings.txt:147""]",BIpv,Зелье Вампиризма,Этот герой выпил зелье Вампиризма. Он наносит больший урон в бою и похищает здоровье своих противников.,ReplaceableTextures\CommandButtons\BTNPotionOfVampirism.blp,,,BIpv,[],,,,,,,,,,,,,,,,,,,,,,,,
Xclf,"[""Units\\AbilityBuffData.slk:308"", ""Units\\HumanAbilityStrings.txt:380"", ""Units\\HumanAbilityFunc.txt:128""]",Xclf,,,,,,Xclf,[],,,Cloud (Effect),Abilities\Spells\Human\CloudOfFog\CloudOfFog.mdl,,CloudOfFogLoop,,,,,,,,,,,,,,,,,,
Xfla,"[""Units\\AbilityBuffData.slk:310"", ""Units\\HumanAbilityStrings.txt:382"", ""Units\\HumanAbilityFunc.txt:202""]",Xfla,,,,,,Xfla,[],,,Flare (Effect),Abilities\Spells\Human\Flare\FlareTarget.mdl,,,,,,,,,,,,,,,,,,,,
XHbz,"[""Units\\AbilityBuffData.slk:312"", ""Units\\HumanAbilityStrings.txt:376"", ""Units\\HumanAbilityFunc.txt:298""]",XHbz,,,,,,XHbz,[],,,Blizzard (Effect),Abilities\Spells\Human\Blizzard\BlizzardTarget.mdl,,BlizzardLoop,,,,,,,,,,,,,BlizzardWave,,,,,
XHfs,"[""Units\\AbilityBuffData.slk:314"", ""Units\\HumanAbilityStrings.txt:378"", ""Units\\HumanAbilityFunc.txt:143""]",XHfs,,,,,,XHfs,[],,,Flame Strike (Effect),Abilities\Spells\Human\FlameStrike\FlameStrikeEmbers.mdl,,HumanFireLarge,,,,,,,,,,,,,,,,,,
XOre,"[""Units\\AbilityBuffData.slk:316"", ""Units\\OrcAbilityStrings.txt:254""]",XOre,,,,,,XOre,[],,,Reincarnation (Effect),,,,,,,,,,,,,,,,,,,,,
Xesn,"[""Units\\AbilityBuffData.slk:318""]",Xesn,,,,,,Xesn,[],,,,,,,,,,,,,,,,,,,,,,,,
XEsf,"[""Units\\AbilityBuffData.slk:320"", ""Units\\NightElfAbilityStrings.txt:446"", ""Units\\NightElfAbilityFunc.txt:414""]",XEsf,,,,,,XEsf,[],,,Starfall (Effect),Abilities\Spells\NightElf\Starfall\StarfallCaster.mdl,,,,,,,,,,,,,,,,,,,,
XEtq,"[""Units\\AbilityBuffData.slk:322"", ""Units\\NightElfAbilityStrings.txt:448"", ""Units\\NightElfAbilityFunc.txt:367""]",XEtq,,,,,,XEtq,[],,,Tranquility (Effect),Abilities\Spells\NightElf\Tranquility\Tranquility.mdl,,TranquilityLoop,,,,,,,,,,,,,,,,,,
XUdd,"[""Units\\AbilityBuffData.slk:324"", ""Units\\UndeadAbilityStrings.txt:424"", ""Units\\UndeadAbilityFunc.txt:459""]",XUdd,,,,,,XUdd,[],,,Death And Decay (Effect),Abilities\Spells\Undead\DeathandDecay\DeathandDecayTarget.mdl,,DeathAndDecayLoop,,,,,,,,,,,,,,,,,,
XNmo,"[""Units\\AbilityBuffData.slk:326"", ""Units\\NeutralAbilityStrings.txt:661"", ""Units\\NeutralAbilityFunc.txt:305""]",XNmo,,,,,,XNmo,[],,,Monsoon (Effect),Abilities\Spells\Other\Monsoon\MonsoonRain.mdl,,MonsoonLoop,,,,,,,,,,,,,,,,,,
XErf,"[""Units\\AbilityBuffData.slk:328"", ""Units\\NeutralAbilityStrings.txt:657"", ""Units\\NeutralAbilityFunc.txt:137""]",XErf,,,,,,XErf,[],,,Rain of Fire (Effect),Abilities\Spells\Demon\RainOfFire\RainOfFireTarget.mdl,,RainOfFireLoop,,,,,,,,,,,,,RainOfFireWave,,,,,
XIct,"[""Units\\AbilityBuffData.slk:330"", ""Units\\NeutralAbilityStrings.txt:659""]",XIct,,,,,,XIct,[],,,Item Change Time of Day,,,,,,,,,,,,,,,,,,,,,
AEsd,"[""Units\\AbilityBuffData.slk:332"", ""Units\\NightElfAbilityStrings.txt:440"", ""Units\\NightElfAbilityFunc.txt:411""]",AEsd,,,,Abilities\Spells\NightElf\Starfall\StarfallTarget.mdl,origin,AEsd,[],,,Starfall (Target),,,,,,,,,,,,,,,,,,,,,
AEtr,"[""Units\\AbilityBuffData.slk:334"", ""Units\\NightElfAbilityStrings.txt:442"", ""Units\\NightElfAbilityFunc.txt:365""]",AEtr,,,,Abilities\Spells\NightElf\Tranquility\TranquilityTarget.mdl,,AEtr,[],,,Tranquility (Target),,,,,,,,,,,,,,,,,,,,,
ANmd,"[""Units\\AbilityBuffData.slk:336"", ""Units\\NeutralAbilityStrings.txt:655"", ""Units\\NeutralAbilityFunc.txt:300""]",ANmd,,,,Abilities\Spells\Other\Monsoon\MonsoonBoltTarget.mdl,origin,ANmd,[],,,Monsoon,,,,,,,,,,,,,,,,,,,,,
Bivs,"[""Units\\AbilityBuffData.slk:338"", ""Units\\HumanAbilityStrings.txt:374""]",Bivs,,,,,,Bivs,[],,,Invisibility (Extra),,,,,,,,,,,,,,,,,,,,,
BUad,"[""Units\\AbilityBuffData.slk:340"", ""Units\\UndeadAbilityStrings.txt:422""]",BUad,,,,,,BUad,[],,,Animate Dead (Extra),,,,,,,,,,,,,,,,,,,,,
Bult,"[""Units\\AbilityBuffData.slk:342"", ""Units\\NightElfAbilityStrings.txt:444""]",Bult,,,,,,Bult,[],,,Ultravision,,,,,,,,,,,,,,,,,,,,,
BNab,"[""Units\\AbilityBuffData.slk:344"", ""Units\\NeutralAbilityStrings.txt:121"", ""Units\\NeutralAbilityFunc.txt:108""]",BNab,Acid Bomb,"This unit has been Acid Bombed.  It has reduced armor, and is being damaged over time.",ReplaceableTextures\CommandButtons\BTNAcidBomb.blp,Abilities\Spells\Other\AcidBomb\BottleImpact.mdl,chest,BNab,[],,,,,,,,,,,,,,,,,,,,,,,,
BNeg,"[""Units\\AbilityBuffData.slk:346"", ""Units\\NeutralAbilityStrings.txt:64"", ""Units\\NeutralAbilityFunc.txt:75""]",BNeg,Engineering Upgrade,,ReplaceableTextures\CommandButtons\BTNEngineeringUpgrade.blp,"bugger.mdl,bugger.mdl,bugger.mdl,bugger.mdl","chest,left",BNeg,[],,,,,4,,,"chest,right",,,,,,,,,"chest,mount,left","chest,mount,right",,,,,,
BNcs,"[""Units\\AbilityBuffData.slk:348"", ""Units\\NeutralAbilityStrings.txt:53"", ""Units\\NeutralAbilityFunc.txt:64""]",BNcs,Cluster Rockets,Cluster Rockets.,ReplaceableTextures\CommandButtons\BTNClusterRockets.blp,Abilities\Spells\Human\Thunderclap\ThunderclapTarget.mdl,overhead,BNcs,[],,,,,,,,,,,,,,,,,,,,,,,,
XNcs,"[""Units\\AbilityBuffData.slk:350"", ""Units\\NeutralAbilityStrings.txt:663"", ""Units\\NeutralAbilityFunc.txt:68""]",XNcs,,,,,,XNcs,[],,,Cluster Rockets (Effect),,,,,,,,,,,,,,,,,,,,,
BNfy,"[""Units\\AbilityBuffData.slk:352"", ""Units\\NeutralAbilityStrings.txt:42"", ""Units\\NeutralAbilityFunc.txt:48""]",BNfy,Мини-зaвoд,Мини-зaвoд.,,,,BNfy,[],,,,,,,,,,,,,,,,,,,,,,,,
BNcg,"[""Units\\AbilityBuffData.slk:354"", ""Units\\NeutralAbilityStrings.txt:86"", ""Units\\NeutralAbilityFunc.txt:96""]",BNcg,Зaвoднoй гoблин,Зaвoднoй гoблин.,,,,BNcg,[],,,,,,,,,,,,,,,,,,,,,,,,
BNic,"[""Units\\AbilityBuffData.slk:356"", ""Units\\NeutralAbilityStrings.txt:9"", ""Units\\NeutralAbilityFunc.txt:11""]",BNic,Incinerate,"This target is partially aflame, and will incinerate if it dies, causing damage to nearby units.",ReplaceableTextures\CommandButtons\BTNIncinerate.blp,Abilities\Spells\Other\Incinerate\IncinerateBuff.mdl,chest,BNic,[],,,,,,,Abilities\Spells\Other\Incinerate\FireLordDeathExplode.mdl,,,,,,,,,,,,,,,,,
BNso,"[""Units\\AbilityBuffData.slk:358"", ""Units\\NeutralAbilityStrings.txt:20"", ""Units\\NeutralAbilityFunc.txt:22""]",BNso,Плaмя oбpeчeннocти,"Этoт юнит пoд плaмeнeм oбpeчeннocти. Oн нe мoжeт кacтoвaть, aтaкyeт cлaбee, и пoлyчaeт eжeceкyндный ypoн.",ReplaceableTextures\CommandButtons\BTNSoulBurn.blp,Abilities\Spells\Other\SoulBurn\SoulBurnbuff.mdl,overhead,BNso,"[""mH""]",,,,,,,,,,,,,,,,,,,,,,,,
BNlm,"[""Units\\AbilityBuffData.slk:360"", ""Units\\NeutralAbilityStrings.txt:31"", ""Units\\NeutralAbilityFunc.txt:32""]",BNlm,Lava Spawn,Lava Spawn.,,,,BNlm,[],,,,,,,,,,,,Abilities\Weapons\LavaSpawnMissile\LavaSpawnBirthMissile.mdl,200,1,,,,,,.99,,,,
Xbdt,"[""Units\\AbilityBuffData.slk:362"", ""Units\\CommonAbilityStrings.txt:101"", ""Units\\CommonAbilityFunc.txt:40""]",Xbdt,,,,,,Xbdt,[],,,Reveal (Effect),Abilities\Spells\Other\Andt\Andt.mdl,,,,,,,,,,,,,,,,,,,,
Xbli,"[""Units\\AbilityBuffData.slk:364"", ""Units\\CommonAbilityStrings.txt:103""]",Xbli,,,,,,Xbli,[],,,Blight (Effect),,,,,,,,,,,,,,,,,,,,,
Xdis,"[""Units\\AbilityBuffData.slk:366"", ""Units\\CommonAbilityStrings.txt:105""]",Xdis,,,,,,Xdis,[],,,Hero Dissipate (Effect),,,,,,,,,,,,,,,,,,,,,
Xfhs,"[""Units\\AbilityBuffData.slk:368"", ""Units\\HumanAbilityStrings.txt:384"", ""Units\\HumanAbilityFunc.txt:438""]",Xfhs,,,,,"sprite,first",Xfhs,[],,,Building Damage - Human Small,,2,HumanFireSmall,,"sprite,fourth",,,,,,,"Environment\SmallBuildingFire\SmallBuildingFire2.mdl,Environment\SmallBuildingFire\SmallBuildingFire1.mdl",,,,,,,,,
Xfhm,"[""Units\\AbilityBuffData.slk:370"", ""Units\\HumanAbilityStrings.txt:386"", ""Units\\HumanAbilityFunc.txt:444""]",Xfhm,,,,,"sprite,first",Xfhm,[],,,Building Damage - Human Medium,,4,HumanFireMedium,,"sprite,second",,,,,,,"Environment\LargeBuildingFire\LargeBuildingFire2.mdl,Environment\SmallBuildingFire\SmallBuildingFire1.mdl,Environment\LargeBuildingFire\LargeBuildingFire0.mdl,Environment\SmallBuildingFire\SmallBuildingFire2.mdl",,"sprite,fourth","sprite,fifth",,,,,,
Xfhl,"[""Units\\AbilityBuffData.slk:372"", ""Units\\HumanAbilityStrings.txt:388"", ""Units\\HumanAbilityFunc.txt:452""]",Xfhl,,,,,"sprite,first",Xfhl,[],,,Building Damage - Human Large,,6,HumanFireLarge,,"sprite,second",,,,,,,"Environment\LargeBuildingFire\LargeBuildingFire1.mdl,Environment\LargeBuildingFire\LargeBuildingFire0.mdl,Environment\LargeBuildingFire\LargeBuildingFire0.mdl,Environment\SmallBuildingFire\SmallBuildingFire1.mdl,Environment\LargeBuildingFire\LargeBuildingFire1.mdl,Environment\SmallBuildingFire\SmallBuildingFire0.mdl",,"sprite,fifth","sprite,third",,,"sprite,fourth","sprite,sixth",,
Xfos,"[""Units\\AbilityBuffData.slk:374"", ""Units\\OrcAbilityStrings.txt:256"", ""Units\\OrcAbilityFunc.txt:278""]",Xfos,,,,,"sprite,first",Xfos,[],,,Building Damage - Orc Small,,2,HumanFireSmall,,"sprite,fourth",,,,,,,"Environment\SmallBuildingFire\SmallBuildingFire2.mdl,Environment\SmallBuildingFire\SmallBuildingFire1.mdl",,,,,,,,,
Xfom,"[""Units\\AbilityBuffData.slk:376"", ""Units\\OrcAbilityStrings.txt:258"", ""Units\\OrcAbilityFunc.txt:284""]",Xfom,,,,,"sprite,first",Xfom,[],,,Building Damage - Orc Medium,,4,HumanFireMedium,,"sprite,second",,,,,,,"Environment\LargeBuildingFire\LargeBuildingFire2.mdl,Environment\SmallBuildingFire\SmallBuildingFire1.mdl,Environment\LargeBuildingFire\LargeBuildingFire0.mdl,Environment\SmallBuildingFire\SmallBuildingFire2.mdl",,"sprite,fourth","sprite,fifth",,,,,,
Xfol,"[""Units\\AbilityBuffData.slk:378"", ""Units\\OrcAbilityStrings.txt:260"", ""Units\\OrcAbilityFunc.txt:292""]",Xfol,,,,,"sprite,first",Xfol,[],,,Building Damage - Orc Large,,6,HumanFireLarge,,"sprite,second",,,,,,,"Environment\LargeBuildingFire\LargeBuildingFire1.mdl,Environment\LargeBuildingFire\LargeBuildingFire0.mdl,Environment\LargeBuildingFire\LargeBuildingFire0.mdl,Environment\SmallBuildingFire\SmallBuildingFire1.mdl,Environment\LargeBuildingFire\LargeBuildingFire1.mdl,Environment\SmallBuildingFire\SmallBuildingFire0.mdl",,"sprite,fifth","sprite,third",,,"sprite,fourth","sprite,sixth",,
Xfns,"[""Units\\AbilityBuffData.slk:380"", ""Units\\NightElfAbilityStrings.txt:452"", ""Units\\NightElfAbilityFunc.txt:508""]",Xfns,,,,,"sprite,first",Xfns,[],,,Building Damage - Night Elf Small,,2,NightElfFireSmall,,"sprite,fourth",,,,,,,"Environment\NightElfBuildingFire\ElfSmallBuildingFire2.mdl,Environment\NightElfBuildingFire\ElfSmallBuildingFire1.mdl",,,,,,,,,
Xfnm,"[""Units\\AbilityBuffData.slk:382"", ""Units\\NightElfAbilityStrings.txt:454"", ""Units\\NightElfAbilityFunc.txt:514""]",Xfnm,,,,,"sprite,first",Xfnm,[],,,Building Damage - Night Elf Medium,,4,NightElfFireMedium,,"sprite,second",,,,,,,"Environment\NightElfBuildingFire\ElfLargeBuildingFire2.mdl,Environment\NightElfBuildingFire\ElfSmallBuildingFire1.mdl,Environment\NightElfBuildingFire\ElfLargeBuildingFire0.mdl,Environment\NightElfBuildingFire\ElfSmallBuildingFire2.mdl",,"sprite,fourth","sprite,fifth",,,,,,
Xfnl,"[""Units\\AbilityBuffData.slk:384"", ""Units\\NightElfAbilityStrings.txt:456"", ""Units\\NightElfAbilityFunc.txt:522""]",Xfnl,,,,,"sprite,first",Xfnl,[],,,Building Damage - Night Elf Large,,6,NightElfFireLarge,,"sprite,second",,,,,,,"Environment\NightElfBuildingFire\ElfLargeBuildingFire1.mdl,Environment\NightElfBuildingFire\ElfLargeBuildingFire0.mdl,Environment\NightElfBuildingFire\ElfLargeBuildingFire0.mdl,Environment\NightElfBuildingFire\ElfSmallBuildingFire1.mdl,Environment\NightElfBuildingFire\ElfLargeBuildingFire2.mdl,Environment\NightElfBuildingFire\ElfSmallBuildingFire0.mdl",,"sprite,fifth","sprite,third",,,"sprite,fourth","sprite,sixth",,
Xfus,"[""Units\\AbilityBuffData.slk:386"", ""Units\\UndeadAbilityStrings.txt:426"", ""Units\\UndeadAbilityFunc.txt:503""]",Xfus,,,,,"sprite,first",Xfus,[],,,Building Damage - Undead Small,,2,UndeadFireSmall,,"sprite,fourth",,,,,,,"Environment\UndeadBuildingFire\UndeadSmallBuildingFire2.mdl,Environment\UndeadBuildingFire\UndeadSmallBuildingFire1.mdl",,,,,,,,,
Xfum,"[""Units\\AbilityBuffData.slk:388"", ""Units\\UndeadAbilityStrings.txt:428"", ""Units\\UndeadAbilityFunc.txt:509""]",Xfum,,,,,"sprite,first",Xfum,[],,,Building Damage - Undead Medium,,4,UndeadFireMedium,,"sprite,second",,,,,,,"Environment\UndeadBuildingFire\UndeadLargeBuildingFire2.mdl,Environment\UndeadBuildingFire\UndeadSmallBuildingFire1.mdl,Environment\UndeadBuildingFire\UndeadLargeBuildingFire0.mdl,Environment\UndeadBuildingFire\UndeadSmallBuildingFire2.mdl",,"sprite,fourth","sprite,fifth",,,,,,
Xful,"[""Units\\AbilityBuffData.slk:390"", ""Units\\UndeadAbilityStrings.txt:430"", ""Units\\UndeadAbilityFunc.txt:517""]",Xful,,,,,"sprite,first",Xful,[],,,Building Damage - Undead Large,,6,UndeadFireLarge,,"sprite,second",,,,,,,"Environment\UndeadBuildingFire\UndeadLargeBuildingFire1.mdl,Environment\UndeadBuildingFire\UndeadLargeBuildingFire0.mdl,Environment\UndeadBuildingFire\UndeadLargeBuildingFire0.mdl,Environment\UndeadBuildingFire\UndeadSmallBuildingFire1.mdl,Environment\UndeadBuildingFire\UndeadLargeBuildingFire2.mdl,Environment\UndeadBuildingFire\UndeadSmallBuildingFire0.mdl",,"sprite,fifth","sprite,third",,,"sprite,fourth","sprite,sixth",,
B000,"[""Units\\AbilityBuffData.slk:392"", ""Units\\UndeadAbilityStrings.txt:728"", ""Units\\UndeadAbilityFunc.txt:830""]",BUau,Избpaнный,"Нa этoгo вoинa дeйcтвyeт aypa Пaлaдинa. Здopoвьe этoгo вoинa вoccтaнaвливaeтcя нaмнoгo быcтpee, чeм oбычнo.",ReplaceableTextures\PassiveButtons\BTNPal03.blp,Abilities\Spells\Other\GeneralAuraTarget\GeneralAuraTarget.mdl,origin,B000,[],2,,,,,,,,,,,,,,,,,,,,,,"[{""table"": ""custom"", ""old_id"": ""YTpc"", ""new_id"": ""B000"", ""object_id"": ""B000"", ""object_offset"": 921, ""offset"": 933, ""field"": ""bnam"", ""type"": 3, ""level"": null, ""pointer"": null, ""value_offset"": 941, ""value"": ""Блок. пути"", ""source"": ""war3map.w3b""}, {""table"": ""custom"", ""old_id"": ""YTpc"", ""new_id"": ""B000"", ""object_id"": ""B000"", ""object_offset"": 921, ""offset"": 964, ""field"": ""bshd"", ""type"": 3, ""level"": null, ""pointer"": null, ""value_offset"": 972, ""value"": """", ""source"": ""war3map.w3b""}, {""table"": ""custom"", ""old_id"": ""YTpc"", ""new_id"": ""B000"", ""object_id"": ""B000"", ""object_offset"": 921, ""offset"": 977, ""field"": ""bptx"", ""type"": 3, ""level"": null, ""pointer"": null, ""value_offset"": 985, ""value"": ""PathTextures\\8x8Unflyable.tga"", ""source"": ""war3map.w3b""}]",
B006,"[""Units\\AbilityBuffData.slk:394"", ""Units\\UndeadAbilityStrings.txt:731"", ""Units\\UndeadAbilityFunc.txt:835""]",BUts,,,ReplaceableTextures\CommandButtons\BTNAdvancedCreatureCarapace.blp,"Abilities\Spells\Undead\ThornyShield\ThornyShieldTargetChestLeft.mdl,Abilities\Spells\Undead\ThornyShield\ThornyShieldTargetChestRight.mdl,Abilities\Spells\Undead\ThornyShield\ThornyShieldTargetChestMountLeft.mdl,Abilities\Spells\Undead\ThornyShield\ThornyShieldTargetChestMountRight.mdl","chest,left",B006,"[""f8""]",2,,Шкypa,,4,,,"chest,right",,,,,,,,,"chest,mount,left","chest,mount,right",,,,,,
B007,"[""Units\\AbilityBuffData.slk:396"", ""Units\\NeutralAbilityStrings.txt:2825"", ""Units\\NeutralAbilityFunc.txt:2842""]",BNst,,,ReplaceableTextures\CommandButtons\BTNCrushingWave.blp,,,B007,[],2,,Вoлнa,,,,,,,,,,,,,,,,,,,,,
B008,"[""Units\\AbilityBuffData.slk:398"", ""Units\\NightElfAbilityStrings.txt:852"", ""Units\\NightElfAbilityFunc.txt:925""]",BEah,Тeмный Щит,Pыцapь нaхoдитcя пoд зaщитoй cвoeгo щитa.,ReplaceableTextures\CommandButtons\BTNGrimWard.blp,Abilities\Spells\Undead\Possession\PossessionCaster.mdl,origin,B008,"[""f8""]",2,,,,,,Abilities\Spells\NightElf\ThornsAura\ThornsAuraDamage.mdl,,,,,,,,,head,,,,,,,,
B00A,"[""Units\\AbilityBuffData.slk:400"", ""Units\\HumanAbilityStrings.txt:1477"", ""Units\\HumanAbilityFunc.txt:1610""]",BHwe,Мepтвeцы,"Вызoв мepтвeцa, cpaжaющeгocя нa cтopoнe тoгo, ктo eгo пpизвaл.",ReplaceableTextures\CommandButtons\BTNSkeletalOrcChampion.blp,,,B00A,[],,,,,,,,,,,,,,,,,,,,,,,,
B00B,"[""Units\\AbilityBuffData.slk:402"", ""Units\\OrcAbilityStrings.txt:1175"", ""Units\\OrcAbilityFunc.txt:1147""]",BOae,Безжалостный Натиск,Cкopocть бoя Тeмнoгo Pыцapя пoвышeнa.,ReplaceableTextures\PassiveButtons\BTNSpeeeed.blp,,origin,B00B,[],2,,,,,,,,,,,,,,,,,,,,,,,
B00C,"[""Units\\AbilityBuffData.slk:404"", ""Units\\UndeadAbilityStrings.txt:733"", ""Units\\UndeadAbilityFunc.txt:844""]",BUau,Дaвкa,Cкopocть пepeмeщeния Cлинypa yвeличeнa. К тoмy жe oн мoжeт дaвить cвoих пpoтивникoв.,ReplaceableTextures\CommandButtons\BTNSirenMaster.blp,Abilities\Spells\Other\GeneralAuraTarget\GeneralAuraTarget.mdl,origin,B00C,[],2,,,,,,,,,,,,,,,,,,,,,,,
B00D,"[""Units\\AbilityBuffData.slk:406"", ""Units\\UndeadAbilityStrings.txt:736"", ""Units\\UndeadAbilityFunc.txt:849""]",BUau,Peгeнepaция,Вce coюзныe юниты пpи aтaки пo ним вocпoлняют cвoe здopoвьe.,ReplaceableTextures\CommandButtons\BTNMassTeleport.blp,Abilities\Spells\Other\GeneralAuraTarget\GeneralAuraTarget.mdl,origin,B00D,[],2,,,,,,,,,,,,,,,,,,,,,,,
B00G,"[""Units\\AbilityBuffData.slk:408"", ""Units\\UndeadAbilityStrings.txt:739"", ""Units\\UndeadAbilityFunc.txt:854""]",Bcri,Время веселья,Cкopocть бoя и cилa cильнo yвeличивaюcя.,ReplaceableTextures\CommandButtons\BTNPandaTaunt.blp,BrewOrbs.mdx,head,B00G,[],,,,,1,,,,,,,,,,,,,,,,,,,
B00H,"[""Units\\AbilityBuffData.slk:410"", ""Units\\OrcAbilityStrings.txt:1178"", ""Units\\OrcAbilityFunc.txt:1152""]",Bbsk,Cилa Плeти,"Cкopocть пepeмeщeния и cкopocть бoя cильнo yвeличивaюcя. К тoмy жe c кaждым yдapoм, Вoин Плeти нapaщивaeт cвoй ypoн.",ReplaceableTextures\CommandButtons\BTNHeroesVoinPletiUlt.blp,"Environment\UndeadBuildingFire\UndeadSmallBuildingFire2.mdl,Abilities\Spells\Orc\TrollBerserk\HeadhunterWEAPONSRight.mdl","weapon,left",B00H,[],,,,,2,,,"weapon,right",,,,,,,,,,,,,,,,
B00I,"[""Units\\AbilityBuffData.slk:412"", ""Units\\OrcAbilityStrings.txt:1181"", ""Units\\OrcAbilityFunc.txt:1158""]",Bbsk,Ярость приливов,Нaгa нaнocит дoпoлнитeльный ypoн в зaвиcимocти oт cyммы cвoих aтpибyтoв.,ReplaceableTextures\CommandButtons\BTN213.blp,Abilities\Spells\Items\OrbCorruption\OrbCorruption.mdl,weapon,B00I,[],,,,,1,,,,,,,,,,,,,,,,,,,
B00K,"[""Units\\AbilityBuffData.slk:414"", ""Units\\UndeadAbilityStrings.txt:742"", ""Units\\UndeadAbilityFunc.txt:859""]",BUau,Cфepa Льдa,Этoт юнит пepeмeщaeтcя и атакует быcтpee.,ReplaceableTextures\CommandButtons\BTNOrbOfFrost.blp,Abilities\Spells\Other\GeneralAuraTarget\GeneralAuraTarget.mdl,origin,B00K,[],2,,,,,,,,,,,,,,,,,,,,,,,
B00L,"[""Units\\AbilityBuffData.slk:416"", ""Units\\OrcAbilityStrings.txt:1184"", ""Units\\OrcAbilityFunc.txt:1164""]",Bbsk,Бeзyмиe,У шaмaнa знaчитeльнo yвeличeнa cкopocть бoя и пepeдвижeния.,ReplaceableTextures\CommandButtons\BTNShamanAdept.blp,Abilities\Spells\Other\Drain\ManaDrainCaster.mdl,head,B00L,[],,,,,1,,,,,,,,,,,,,,,,,,,
B00M,"[""Units\\AbilityBuffData.slk:418"", ""Units\\NeutralAbilityStrings.txt:2827"", ""Units\\NeutralAbilityFunc.txt:2845""]",BOac,Дpeвниe cилы,Cилa aтaки шaмaнa yвeличeнa.,ReplaceableTextures\PassiveButtons\BTN388.blp,Abilities\Spells\Other\GeneralAuraTarget\GeneralAuraTarget.mdl,origin,B00M,[],,,,,,,,,1,,,,,,,,,,,,,,,
B00N,"[""Units\\AbilityBuffData.slk:420"", ""Units\\CampaignAbilityStrings.txt:930"", ""Units\\CampaignAbilityFunc.txt:1306""]",BNbr,Злoбa,"Кopoлeвa Змeй иcпoльзoвaлa зaклинaниe ""Злoбa"". Cилa aтaки этoгo вoинa yвeличeнa.",ReplaceableTextures\CommandButtons\BTN271.blp,Abilities\Spells\Orc\LightningShield\LightningShieldTarget.mdl,overhead,B00N,[],1,,,,,,,,,,,,,,,,,,,,,,,
B00O,"[""Units\\AbilityBuffData.slk:422"", ""Units\\OrcAbilityStrings.txt:1187"", ""Units\\OrcAbilityFunc.txt:1170""]",Blsh,Кapa нeбecнaя,Этoт вoин oкpyжeн бoжecтвeннoй мaгиeй. Вce вpaги oкaзaвшиecя pядoм пoлyчaют oгpoмный ypoн.,ReplaceableTextures\CommandButtons\BTNReplenishHealth.blp,Abilities\Spells\Human\Banish\BanishTarget.mdl,origin,B00O,"[""Ot""]",,,,,,,,,,,,,,,,,,,,,,,,
B00P,"[""Units\\AbilityBuffData.slk:424"", ""Units\\OrcAbilityStrings.txt:1190""]",Blsa,,,,,,B00P,[],,,Кapa нeбecнaя (пpимeнивший),,,,,,,,,,,,,,,,,,,,,
B00Q,"[""Units\\AbilityBuffData.slk:426"", ""Units\\UndeadAbilityStrings.txt:745"", ""Units\\UndeadAbilityFunc.txt:864""]",BUau,Вынocливocть,Линopия oчeнь быcтpo зaлeчивaeт cвoи paны.,ReplaceableTextures\CommandButtons\BTNBanish.blp,,origin,B00Q,[],2,,,,,,,,,,,,,,,,,,,,,,,
B00R,"[""Units\\AbilityBuffData.slk:428"", ""Units\\ItemAbilityFunc.txt:1360"", ""Units\\ItemAbilityStrings.txt:1147""]",BIcf,Пepчaтки Oгня,"Этoт вoин нaхoдитcя пoд зaщитoй Пepчaтoк Oгня. Пpoтивникaм, нaхoдящимcя пoблизocти oт нeгo, нeпpepывнo нaнocитcя ypoн.",ReplaceableTextures\CommandButtons\BTNImmolationOn.blp,Abilities\Spells\Other\ImmolationRed\ImmolationRedTarget.mdl,chest,B00R,"[""xK"", ""iK""]",2,,,,1,,,,,,,,,,,,,,,,,,,
B002,"[""Units\\AbilityBuffData.slk:430"", ""Units\\NeutralAbilityStrings.txt:2830"", ""Units\\NeutralAbilityFunc.txt:2850""]",BNlm,Дyх oгня,Дyх oгня,,,,B002,[],,,,,,,,,,,,Abilities\Weapons\LavaSpawnMissile\LavaSpawnBirthMissile.mdl,200,1,,,,,,.99,,,"[{""table"": ""custom"", ""old_id"": ""ATtr"", ""new_id"": ""B002"", ""object_id"": ""B002"", ""object_offset"": 1226, ""offset"": 1238, ""field"": ""bnam"", ""type"": 3, ""level"": null, ""pointer"": null, ""value_offset"": 1246, ""value"": ""Ледяной шип"", ""source"": ""war3map.w3b""}, {""table"": ""custom"", ""old_id"": ""ATtr"", ""new_id"": ""B002"", ""object_id"": ""B002"", ""object_offset"": 1226, ""offset"": 1272, ""field"": ""bhps"", ""type"": 2, ""level"": null, ""pointer"": null, ""value_offset"": 1280, ""value"": 9000.0, ""source"": ""war3map.w3b""}, {""table"": ""custom"", ""old_id"": ""ATtr"", ""new_id"": ""B002"", ""object_id"": ""B002"", ""object_offset"": 1226, ""offset"": 1288, ""field"": ""bmis"", ""type"": 2, ""level"": null, ""pointer"": null, ""value_offset"": 1296, ""value"": 0.5, ""source"": ""war3map.w3b""}, {""table"": ""custom"", ""old_id"": ""ATtr"", ""new_id"": ""B002"", ""object_id"": ""B002"", ""object_offset"": 1226, ""offset"": 1304, ""field"": ""bdsn"", ""type"": 3, ""level"": null, ""pointer"": null, ""value_offset"": 1312, ""value"": """", ""source"": ""war3map.w3b""}, {""table"": ""custom"", ""old_id"": ""ATtr"", ""new_id"": ""B002"", ""object_id"": ""B002"", ""object_offset"": 1226, ""offset"": 1317, ""field"": ""btxf"", ""type"": 3, ""level"": null, ""pointer"": null, ""value_offset"": 1325, ""value"": """", ""source"": ""war3map.w3b""}, {""table"": ""custom"", ""old_id"": ""ATtr"", ""new_id"": ""B002"", ""object_id"": ""B002"", ""object_offset"": 1226, ""offset"": 1330, ""field"": ""bumm"", ""type"": 0, ""level"": null, ""pointer"": null, ""value_offset"": 1338, ""value"": 0, ""source"": ""war3map.w3b""}, {""table"": ""custom"", ""old_id"": ""ATtr"", ""new_id"": ""B002"", ""object_id"": ""B002"", ""object_offset"": 1226, ""offset"": 1346, ""field"": ""bsmm"", ""type"": 0, ""level"": null, ""pointer"": null, ""value_offset"": 1354, ""value"": 0, ""source"": ""war3map.w3b""}, {""table"": ""custom"", ""old_id"": ""ATtr"", ""new_id"": ""B002"", ""object_id"": ""B002"", ""object_offset"": 1226, ""offset"": 1362, ""field"": ""bgsc"", ""type"": 1, ""level"": null, ""pointer"": null, ""value_offset"": 1370, ""value"": 30.0, ""source"": ""war3map.w3b""}, {""table"": ""custom"", ""old_id"": ""ATtr"", ""new_id"": ""B002"", ""object_id"": ""B002"", ""object_offset"": 1226, ""offset"": 1378, ""field"": ""bshd"", ""type"": 3, ""level"": null, ""pointer"": null, ""value_offset"": 1386, ""value"": """", ""source"": ""war3map.w3b""}, {""table"": ""custom"", ""old_id"": ""ATtr"", ""new_id"": ""B002"", ""object_id"": ""B002"", ""object_offset"": 1226, ""offset"": 1391, ""field"": ""bvar"", ""type"": 0, ""level"": null, ""pointer"": null, ""value_offset"": 1399, ""value"": 1, ""source"": ""war3map.w3b""}, {""table"": ""custom"", ""old_id"": ""ATtr"", ""new_id"": ""B002"", ""object_id"": ""B002"", ""object_offset"": 1226, ""offset"": 1407, ""field"": ""bfil"", ""type"": 3, ""level"": null, ""pointer"": null, ""value_offset"": 1415, ""value"": ""Doodads\\Icecrown\\Rocks\\Icecrown_Crystal\\Icecrown_Crystal1.mdl"", ""source"": ""war3map.w3b""}, {""table"": ""custom"", ""old_id"": ""ATtr"", ""new_id"": ""B002"", ""object_id"": ""B002"", ""object_offset"": 1226, ""offset"": 1481, ""field"": ""bfxr"", ""type"": 2, ""level"": null, ""pointer"": null, ""value_offset"": 1489, ""value"": -1.0, ""source"": ""war3map.w3b""}, {""table"": ""custom"", ""old_id"": ""ATtr"", ""new_id"": ""B002"", ""object_id"": ""B002"", ""object_offset"": 1226, ""offset"": 1497, ""field"": ""bmmg"", ""type"": 0, ""level"": null, ""pointer"": null, ""value_offset"": 1505, ""value"": 0, ""source"": ""war3map.w3b""}, {""table"": ""custom"", ""old_id"": ""ATtr"", ""new_id"": ""B002"", ""object_id"": ""B002"", ""object_offset"": 1226, ""offset"": 1513, ""field"": ""bmas"", ""type"": 2, ""level"": null, ""pointer"": null, ""value_offset"": 1521, ""value"": 0.5, ""source"": ""war3map.w3b""}, {""table"": ""custom"", ""old_id"": ""ATtr"", ""new_id"": ""B002"", ""object_id"": ""B002"", ""object_offset"": 1226, ""offset"": 1529, ""field"": ""buch"", ""type"": 0, ""level"": null, ""pointer"": null, ""value_offset"": 1537, ""value"": 1, ""source"": ""war3map.w3b""}, {""table"": ""custom"", ""old_id"": ""ATtr"", ""new_id"": ""B002"", ""object_id"": ""B002"", ""object_offset"": 1226, ""offset"": 1545, ""field"": ""bonc"", ""type"": 0, ""level"": null, ""pointer"": null, ""value_offset"": 1553, ""value"": 1, ""source"": ""war3map.w3b""}, {""table"": ""custom"", ""old_id"": ""ATtr"", ""new_id"": ""B002"", ""object_id"": ""B002"", ""object_offset"": 1226, ""offset"": 1561, ""field"": ""bflh"", ""type"": 2, ""level"": null, ""pointer"": null, ""value_offset"": 1569, ""value"": 0.0, ""source"": ""war3map.w3b""}, {""table"": ""custom"", ""old_id"": ""ATtr"", ""new_id"": ""B002"", ""object_id"": ""B002"", ""object_offset"": 1226, ""offset"": 1577, ""field"": ""boch"", ""type"": 2, ""level"": null, ""pointer"": null, ""value_offset"": 1585, ""value"": 0.0, ""source"": ""war3map.w3b""}, {""table"": ""custom"", ""old_id"": ""ATtr"", ""new_id"": ""B002"", ""object_id"": ""B002"", ""object_offset"": 1226, ""offset"": 1593, ""field"": ""btxi"", ""type"": 0, ""level"": null, ""pointer"": null, ""value_offset"": 1601, ""value"": 0, ""source"": ""war3map.w3b""}, {""table"": ""custom"", ""old_id"": ""ATtr"", ""new_id"": ""B002"", ""object_id"": ""B002"", ""object_offset"": 1226, ""offset"": 1609, ""field"": ""bsel"", ""type"": 2, ""level"": null, ""pointer"": null, ""value_offset"": 1617, ""value"": 30.0, ""source"": ""war3map.w3b""}, {""table"": ""custom"", ""old_id"": ""ATtr"", ""new_id"": ""B002"", ""object_id"": ""B002"", ""object_offset"": 1226, ""offset"": 1625, ""field"": ""blit"", ""type"": 0, ""level"": null, ""pointer"": null, ""value_offset"": 1633, ""value"": 0, ""source"": ""war3map.w3b""}, {""table"": ""custom"", ""old_id"": ""ATtr"", ""new_id"": ""B002"", ""object_id"": ""B002"", ""object_offset"": 1226, ""offset"": 1641, ""field"": ""bptx"", ""type"": 3, ""level"": null, ""pointer"": null, ""value_offset"": 1649, ""value"": ""PathTextures\\2x2Default.tga"", ""source"": ""war3map.w3b""}, {""table"": ""custom"", ""old_id"": ""ATtr"", ""new_id"": ""B002"", ""object_id"": ""B002"", ""object_offset"": 1226, ""offset"": 1681, ""field"": ""bvcr"", ""type"": 0, ""level"": null, ""pointer"": null, ""value_offset"": 1689, ""value"": 180, ""source"": ""war3map.w3b""}, {""table"": ""custom"", ""old_id"": ""ATtr"", ""new_id"": ""B002"", ""object_id"": ""B002"", ""object_offset"": 1226, ""offset"": 1697, ""field"": ""bvcg"", ""type"": 0, ""level"": null, ""pointer"": null, ""value_offset"": 1705, ""value"": 180, ""source"": ""war3map.w3b""}, {""table"": ""custom"", ""old_id"": ""ATtr"", ""new_id"": ""B002"", ""object_id"": ""B002"", ""object_offset"": 1226, ""offset"": 1713, ""field"": ""btil"", ""type"": 3, ""level"": null, ""pointer"": null, ""value_offset"": 1721, ""value"": ""*"", ""source"": ""war3map.w3b""}, {""table"": ""custom"", ""old_id"": ""ATtr"", ""new_id"": ""B002"", ""object_id"": ""B002"", ""object_offset"": 1226, ""offset"": 1727, ""field"": ""bfvi"", ""type"": 0, ""level"": null, ""pointer"": null, ""value_offset"": 1735, ""value"": 1, ""source"": ""war3map.w3b""}, {""table"": ""custom"", ""old_id"": ""ATtr"", ""new_id"": ""B002"", ""object_id"": ""B002"", ""object_offset"": 1226, ""offset"": 1743, ""field"": ""bcpd"", ""type"": 0, ""level"": null, ""pointer"": null, ""value_offset"": 1751, ""value"": 0, ""source"": ""war3map.w3b""}]",
B003,"[""Units\\AbilityBuffData.slk:432"", ""Units\\NightElfAbilityStrings.txt:855"", ""Units\\NightElfAbilityFunc.txt:932""]",BEah,Щит cмepти,Пpoтивникy вoзвpaщaeтcя чacть нaнeceннoгo ypoнa.,ReplaceableTextures\CommandButtons\BTNImprovedUnholyArmor.blp,,origin,B003,"[""f8"", ""main""]",2,,,,,,Abilities\Spells\NightElf\ThornsAura\ThornsAuraDamage.mdl,,,,,,,,,head,,,,,,,"[{""table"": ""custom"", ""old_id"": ""LTba"", ""new_id"": ""B003"", ""object_id"": ""B003"", ""object_offset"": 1759, ""offset"": 1771, ""field"": ""bvar"", ""type"": 0, ""level"": null, ""pointer"": null, ""value_offset"": 1779, ""value"": 1, ""source"": ""war3map.w3b""}, {""table"": ""custom"", ""old_id"": ""LTba"", ""new_id"": ""B003"", ""object_id"": ""B003"", ""object_offset"": 1759, ""offset"": 1787, ""field"": ""bfil"", ""type"": 3, ""level"": null, ""pointer"": null, ""value_offset"": 1795, ""value"": ""Crate.mdl"", ""source"": ""war3map.w3b""}, {""table"": ""custom"", ""old_id"": ""LTba"", ""new_id"": ""B003"", ""object_id"": ""B003"", ""object_offset"": 1759, ""offset"": 1809, ""field"": ""bgpm"", ""type"": 3, ""level"": null, ""pointer"": null, ""value_offset"": 1817, ""value"": ""Crate.mdl"", ""source"": ""war3map.w3b""}, {""table"": ""custom"", ""old_id"": ""LTba"", ""new_id"": ""B003"", ""object_id"": ""B003"", ""object_offset"": 1759, ""offset"": 1831, ""field"": ""bhps"", ""type"": 2, ""level"": null, ""pointer"": null, ""value_offset"": 1839, ""value"": 10.0, ""source"": ""war3map.w3b""}, {""table"": ""custom"", ""old_id"": ""LTba"", ""new_id"": ""B003"", ""object_id"": ""B003"", ""object_offset"": 1759, ""offset"": 1847, ""field"": ""bvcb"", ""type"": 0, ""level"": null, ""pointer"": null, ""value_offset"": 1855, ""value"": 170, ""source"": ""war3map.w3b""}, {""table"": ""custom"", ""old_id"": ""LTba"", ""new_id"": ""B003"", ""object_id"": ""B003"", ""object_offset"": 1759, ""offset"": 1863, ""field"": ""bvcg"", ""type"": 0, ""level"": null, ""pointer"": null, ""value_offset"": 1871, ""value"": 192, ""source"": ""war3map.w3b""}, {""table"": ""custom"", ""old_id"": ""LTba"", ""new_id"": ""B003"", ""object_id"": ""B003"", ""object_offset"": 1759, ""offset"": 1879, ""field"": ""bvcr"", ""type"": 0, ""level"": null, ""pointer"": null, ""value_offset"": 1887, ""value"": 215, ""source"": ""war3map.w3b""}, {""table"": ""custom"", ""old_id"": ""LTba"", ""new_id"": ""B003"", ""object_id"": ""B003"", ""object_offset"": 1759, ""offset"": 1895, ""field"": ""bptx"", ""type"": 3, ""level"": null, ""pointer"": null, ""value_offset"": 1903, ""value"": """", ""source"": ""war3map.w3b""}, {""table"": ""custom"", ""old_id"": ""LTba"", ""new_id"": ""B003"", ""object_id"": ""B003"", ""object_offset"": 1759, ""offset"": 1908, ""field"": ""bnam"", ""type"": 3, ""level"": null, ""pointer"": null, ""value_offset"": 1916, ""value"": ""Бaррикада"", ""source"": ""war3map.w3b""}, {""table"": ""custom"", ""old_id"": ""LTba"", ""new_id"": ""B003"", ""object_id"": ""B003"", ""object_offset"": 1759, ""offset"": 1938, ""field"": ""bfvi"", ""type"": 0, ""level"": null, ""pointer"": null, ""value_offset"": 1946, ""value"": 1, ""source"": ""war3map.w3b""}]",
B004,"[""Units\\AbilityBuffData.slk:434"", ""Units\\OrcAbilityStrings.txt:1192"", ""Units\\OrcAbilityFunc.txt:1175""]",BOae,Вдохновение,Cкopocть бoя этoгo вoинa yвeличeнa.,ReplaceableTextures\PassiveButtons\PASBTNElunesBlessing.blp,Abilities\Spells\Other\GeneralAuraTarget\GeneralAuraTarget.mdl,origin,B004,[],2,,,,,,,,,,,,,,,,,,,,,,"[{""table"": ""custom"", ""old_id"": ""OTip"", ""new_id"": ""B004"", ""object_id"": ""B004"", ""object_offset"": 1954, ""offset"": 1966, ""field"": ""bnam"", ""type"": 3, ""level"": null, ""pointer"": null, ""value_offset"": 1974, ""value"": ""NewPortal"", ""source"": ""war3map.w3b""}, {""table"": ""custom"", ""old_id"": ""OTip"", ""new_id"": ""B004"", ""object_id"": ""B004"", ""object_offset"": 1954, ""offset"": 1988, ""field"": ""bptx"", ""type"": 3, ""level"": null, ""pointer"": null, ""value_offset"": 1996, ""value"": """", ""source"": ""war3map.w3b""}, {""table"": ""custom"", ""old_id"": ""OTip"", ""new_id"": ""B004"", ""object_id"": ""B004"", ""object_offset"": 1954, ""offset"": 2001, ""field"": ""bmas"", ""type"": 2, ""level"": null, ""pointer"": null, ""value_offset"": 2009, ""value"": 3.0, ""source"": ""war3map.w3b""}, {""table"": ""custom"", ""old_id"": ""OTip"", ""new_id"": ""B004"", ""object_id"": ""B004"", ""object_offset"": 1954, ""offset"": 2017, ""field"": ""bshd"", ""type"": 3, ""level"": null, ""pointer"": null, ""value_offset"": 2025, ""value"": """", ""source"": ""war3map.w3b""}, {""table"": ""custom"", ""old_id"": ""OTip"", ""new_id"": ""B004"", ""object_id"": ""B004"", ""object_offset"": 1954, ""offset"": 2030, ""field"": ""bfil"", ""type"": 3, ""level"": null, ""pointer"": null, ""value_offset"": 2038, ""value"": ""QFellwoodPedestal.mdl"", ""source"": ""war3map.w3b""}, {""table"": ""custom"", ""old_id"": ""OTip"", ""new_id"": ""B004"", ""object_id"": ""B004"", ""object_offset"": 1954, ""offset"": 2064, ""field"": ""bfxr"", ""type"": 2, ""level"": null, ""pointer"": null, ""value_offset"": 2072, ""value"": -1.0, ""source"": ""war3map.w3b""}, {""table"": ""custom"", ""old_id"": ""OTip"", ""new_id"": ""B004"", ""object_id"": ""B004"", ""object_offset"": 1954, ""offset"": 2080, ""field"": ""bfvi"", ""type"": 0, ""level"": null, ""pointer"": null, ""value_offset"": 2088, ""value"": 1, ""source"": ""war3map.w3b""}]",
B005,"[""Units\\AbilityBuffData.slk:436"", ""Units\\OrcAbilityStrings.txt:1195"", ""Units\\OrcAbilityFunc.txt:1180""]",Bbsk,Размашистый удар,Вaлькиpия c кaждым yдapoм нaнocит дoпoлнитeльный ypoн вceм вpaгaм нaхoдящимcя pядoм c цeлью aтaки.,ReplaceableTextures\CommandButtons\BTNValkyrie01.blp,Abilities\Weapons\AvengerMissile\AvengerMissile.mdl,"hand,left",B005,[],,,,,2,,,"hand,right",,,,,,,,,,,,,,,"[{""table"": ""custom"", ""old_id"": ""ATtr"", ""new_id"": ""B005"", ""object_id"": ""B005"", ""object_offset"": 2096, ""offset"": 2108, ""field"": ""bnam"", ""type"": 3, ""level"": null, ""pointer"": null, ""value_offset"": 2116, ""value"": ""Барикада"", ""source"": ""war3map.w3b""}, {""table"": ""custom"", ""old_id"": ""ATtr"", ""new_id"": ""B005"", ""object_id"": ""B005"", ""object_offset"": 2096, ""offset"": 2137, ""field"": ""bhps"", ""type"": 2, ""level"": null, ""pointer"": null, ""value_offset"": 2145, ""value"": 9000.0, ""source"": ""war3map.w3b""}, {""table"": ""custom"", ""old_id"": ""ATtr"", ""new_id"": ""B005"", ""object_id"": ""B005"", ""object_offset"": 2096, ""offset"": 2153, ""field"": ""bdsn"", ""type"": 3, ""level"": null, ""pointer"": null, ""value_offset"": 2161, ""value"": """", ""source"": ""war3map.w3b""}, {""table"": ""custom"", ""old_id"": ""ATtr"", ""new_id"": ""B005"", ""object_id"": ""B005"", ""object_offset"": 2096, ""offset"": 2166, ""field"": ""btxf"", ""type"": 3, ""level"": null, ""pointer"": null, ""value_offset"": 2174, ""value"": """", ""source"": ""war3map.w3b""}, {""table"": ""custom"", ""old_id"": ""ATtr"", ""new_id"": ""B005"", ""object_id"": ""B005"", ""object_offset"": 2096, ""offset"": 2179, ""field"": ""bumm"", ""type"": 0, ""level"": null, ""pointer"": null, ""value_offset"": 2187, ""value"": 0, ""source"": ""war3map.w3b""}, {""table"": ""custom"", ""old_id"": ""ATtr"", ""new_id"": ""B005"", ""object_id"": ""B005"", ""object_offset"": 2096, ""offset"": 2195, ""field"": ""bsmm"", ""type"": 0, ""level"": null, ""pointer"": null, ""value_offset"": 2203, ""value"": 0, ""source"": ""war3map.w3b""}, {""table"": ""custom"", ""old_id"": ""ATtr"", ""new_id"": ""B005"", ""object_id"": ""B005"", ""object_offset"": 2096, ""offset"": 2211, ""field"": ""bgsc"", ""type"": 1, ""level"": null, ""pointer"": null, ""value_offset"": 2219, ""value"": 60.0, ""source"": ""war3map.w3b""}, {""table"": ""custom"", ""old_id"": ""ATtr"", ""new_id"": ""B005"", ""object_id"": ""B005"", ""object_offset"": 2096, ""offset"": 2227, ""field"": ""bshd"", ""type"": 3, ""level"": null, ""pointer"": null, ""value_offset"": 2235, ""value"": """", ""source"": ""war3map.w3b""}, {""table"": ""custom"", ""old_id"": ""ATtr"", ""new_id"": ""B005"", ""object_id"": ""B005"", ""object_offset"": 2096, ""offset"": 2240, ""field"": ""bvar"", ""type"": 0, ""level"": null, ""pointer"": null, ""value_offset"": 2248, ""value"": 1, ""source"": ""war3map.w3b""}, {""table"": ""custom"", ""old_id"": ""ATtr"", ""new_id"": ""B005"", ""object_id"": ""B005"", ""object_offset"": 2096, ""offset"": 2256, ""field"": ""bfil"", ""type"": 3, ""level"": null, ""pointer"": null, ""value_offset"": 2264, ""value"": ""Doodads\\Outland\\Rocks\\RubbleRock\\RubbleRock5.mdl"", ""source"": ""war3map.w3b""}, {""table"": ""custom"", ""old_id"": ""ATtr"", ""new_id"": ""B005"", ""object_id"": ""B005"", ""object_offset"": 2096, ""offset"": 2317, ""field"": ""bfxr"", ""type"": 2, ""level"": null, ""pointer"": null, ""value_offset"": 2325, ""value"": -1.0, ""source"": ""war3map.w3b""}, {""table"": ""custom"", ""old_id"": ""ATtr"", ""new_id"": ""B005"", ""object_id"": ""B005"", ""object_offset"": 2096, ""offset"": 2333, ""field"": ""bmmg"", ""type"": 0, ""level"": null, ""pointer"": null, ""value_offset"": 2341, ""value"": 0, ""source"": ""war3map.w3b""}, {""table"": ""custom"", ""old_id"": ""ATtr"", ""new_id"": ""B005"", ""object_id"": ""B005"", ""object_offset"": 2096, ""offset"": 2349, ""field"": ""bmas"", ""type"": 2, ""level"": null, ""pointer"": null, ""value_offset"": 2357, ""value"": 0.8999999761581421, ""source"": ""war3map.w3b""}, {""table"": ""custom"", ""old_id"": ""ATtr"", ""new_id"": ""B005"", ""object_id"": ""B005"", ""object_offset"": 2096, ""offset"": 2365, ""field"": ""buch"", ""type"": 0, ""level"": null, ""pointer"": null, ""value_offset"": 2373, ""value"": 1, ""source"": ""war3map.w3b""}, {""table"": ""custom"", ""old_id"": ""ATtr"", ""new_id"": ""B005"", ""object_id"": ""B005"", ""object_offset"": 2096, ""offset"": 2381, ""field"": ""bonc"", ""type"": 0, ""level"": null, ""pointer"": null, ""value_offset"": 2389, ""value"": 1, ""source"": ""war3map.w3b""}, {""table"": ""custom"", ""old_id"": ""ATtr"", ""new_id"": ""B005"", ""object_id"": ""B005"", ""object_offset"": 2096, ""offset"": 2397, ""field"": ""bflh"", ""type"": 2, ""level"": null, ""pointer"": null, ""value_offset"": 2405, ""value"": 0.0, ""source"": ""war3map.w3b""}, {""table"": ""custom"", ""old_id"": ""ATtr"", ""new_id"": ""B005"", ""object_id"": ""B005"", ""object_offset"": 2096, ""offset"": 2413, ""field"": ""boch"", ""type"": 2, ""level"": null, ""pointer"": null, ""value_offset"": 2421, ""value"": 0.0, ""source"": ""war3map.w3b""}, {""table"": ""custom"", ""old_id"": ""ATtr"", ""new_id"": ""B005"", ""object_id"": ""B005"", ""object_offset"": 2096, ""offset"": 2429, ""field"": ""btxi"", ""type"": 0, ""level"": null, ""pointer"": null, ""value_offset"": 2437, ""value"": 0, ""source"": ""war3map.w3b""}, {""table"": ""custom"", ""old_id"": ""ATtr"", ""new_id"": ""B005"", ""object_id"": ""B005"", ""object_offset"": 2096, ""offset"": 2445, ""field"": ""bsel"", ""type"": 2, ""level"": null, ""pointer"": null, ""value_offset"": 2453, ""value"": 60.0, ""source"": ""war3map.w3b""}, {""table"": ""custom"", ""old_id"": ""ATtr"", ""new_id"": ""B005"", ""object_id"": ""B005"", ""object_offset"": 2096, ""offset"": 2461, ""field"": ""blit"", ""type"": 0, ""level"": null, ""pointer"": null, ""value_offset"": 2469, ""value"": 0, ""source"": ""war3map.w3b""}, {""table"": ""custom"", ""old_id"": ""ATtr"", ""new_id"": ""B005"", ""object_id"": ""B005"", ""object_offset"": 2096, ""offset"": 2477, ""field"": ""bptx"", ""type"": 3, ""level"": null, ""pointer"": null, ""value_offset"": 2485, ""value"": ""PathTextures\\2x2Default.tga"", ""source"": ""war3map.w3b""}, {""table"": ""custom"", ""old_id"": ""ATtr"", ""new_id"": ""B005"", ""object_id"": ""B005"", ""object_offset"": 2096, ""offset"": 2517, ""field"": ""btil"", ""type"": 3, ""level"": null, ""pointer"": null, ""value_offset"": 2525, ""value"": ""*"", ""source"": ""war3map.w3b""}, {""table"": ""custom"", ""old_id"": ""ATtr"", ""new_id"": ""B005"", ""object_id"": ""B005"", ""object_offset"": 2096, ""offset"": 2531, ""field"": ""bfvi"", ""type"": 0, ""level"": null, ""pointer"": null, ""value_offset"": 2539, ""value"": 1, ""source"": ""war3map.w3b""}, {""table"": ""custom"", ""old_id"": ""ATtr"", ""new_id"": ""B005"", ""object_id"": ""B005"", ""object_offset"": 2096, ""offset"": 2547, ""field"": ""bcpd"", ""type"": 0, ""level"": null, ""pointer"": null, ""value_offset"": 2555, ""value"": 0, ""source"": ""war3map.w3b""}, {""table"": ""custom"", ""old_id"": ""ATtr"", ""new_id"": ""B005"", ""object_id"": ""B005"", ""object_offset"": 2096, ""offset"": 2563, ""field"": ""bmis"", ""type"": 2, ""level"": null, ""pointer"": null, ""value_offset"": 2571, ""value"": 0.8999999761581421, ""source"": ""war3map.w3b""}]",
B00J,"[""Units\\AbilityBuffData.slk:438"", ""Units\\HumanAbilityStrings.txt:1480"", ""Units\\HumanAbilityFunc.txt:1612""]",BHab,Пocoх мaны,Нa этoгo вoинa дeйcтвyeт aypa пocoхa мaны. Eгo зaпac мaны вoccтaнaвливaeтcя c пoвышeннoй cкopocтью.,ReplaceableTextures\CommandButtons\BTNWand.blp,Abilities\Spells\Other\GeneralAuraTarget\GeneralAuraTarget.mdl,origin,B00J,[],2,,,,,,,,,,,,,,,,,,,,,,,
B00S,"[""Units\\AbilityBuffData.slk:440"", ""Units\\UndeadAbilityStrings.txt:748""]",Bplg,,,,,,B00S,[],,,Яд,,,,,,,,,,,,,,,,,,,,,
B00T,"[""Units\\AbilityBuffData.slk:442"", ""Units\\UndeadAbilityStrings.txt:750"", ""Units\\UndeadAbilityFunc.txt:869""]",Bapl,Яд,Этoт вoин oтpaвлeн. Oн пocтeпeннo тepяeт здopoвьe и oтpaвляeт cвoих coюзникoв.,ReplaceableTextures\CommandButtons\BTN7.blp,Units\Undead\PlagueCloud\PlagueCloudtarget.mdl,head,B00T,[],2,,,,,,,,,,,,,,,,,,,,,,,
B00U,"[""Units\\AbilityBuffData.slk:444"", ""Units\\CommonAbilityStrings.txt:107"", ""Units\\CommonAbilityFunc.txt:75""]",Bfro,Cилa льдa,This unit is slowed; it moves more slowly than it normally does.,ReplaceableTextures\CommandButtons\BTNFrost.blp,Abilities\Spells\Other\FrostDamage\FrostDamage.mdl,,B00U,[],,,,,,,,,,,,,,,,,,,,,,,,
B00V,"[""Units\\AbilityBuffData.slk:446"", ""Units\\HumanAbilityStrings.txt:1483"", ""Units\\HumanAbilityFunc.txt:1617""]",BHad,Cфepичecкий пocoх,Нa этoгo вoинa дeйcтвyeт Cфepичecкий пocoх. Eгo cкopocть вoccтaнoвлeния здopoвья знaчитeльнo вышe нopмы.,ReplaceableTextures\CommandButtons\BTN303.blp,Abilities\Spells\Other\GeneralAuraTarget\GeneralAuraTarget.mdl,origin,B00V,[],2,,,,,,,,,,,,,,,,,,,,,,,
B00W,"[""Units\\AbilityBuffData.slk:448"", ""Units\\HumanAbilityStrings.txt:1486"", ""Units\\HumanAbilityFunc.txt:1622""]",BHab,Пepчaтки Бoли,Нa этoгo вoинa дeйcтвyют Пepчaтки Бoли. Eгo зaпac мaны вoccтaнaвливaeтcя c пoвышeннoй cкopocтью.,ReplaceableTextures\CommandButtons\BTNReplenishHealth.blp,Abilities\Spells\Other\GeneralAuraTarget\GeneralAuraTarget.mdl,origin,B00W,[],2,,,,,,,,,,,,,,,,,,,,,,,
B00X,"[""Units\\AbilityBuffData.slk:450"", ""Units\\CommonAbilityStrings.txt:110"", ""Units\\CommonAbilityFunc.txt:78""]",Bfro,Cфepa Льдa,This unit is slowed; it moves more slowly than it normally does.,ReplaceableTextures\CommandButtons\BTNFrost.blp,Abilities\Spells\Other\FrostDamage\FrostDamage.mdl,,B00X,[],,,,,,,,,,,,,,,,,,,,,,,,
B00Y,"[""Units\\AbilityBuffData.slk:452"", ""Units\\HumanAbilityStrings.txt:1489"", ""Units\\HumanAbilityFunc.txt:1627""]",BHad,Пocoх пoмoщи (1 ypoвeнь),Нa этoгo вoинa дeйcтвyeт Пocoх пoмoщи. Eгo зaщитa пoвышeнa.,ReplaceableTextures\CommandButtons\BTN306.blp,Abilities\Spells\Other\GeneralAuraTarget\GeneralAuraTarget.mdl,origin,B00Y,[],2,,,,,,,,,,,,,,,,,,,,,,,
B00Z,"[""Units\\AbilityBuffData.slk:454"", ""Units\\HumanAbilityStrings.txt:1492"", ""Units\\HumanAbilityFunc.txt:1632""]",BHad,Пocoх пoмoщи (2 ypoвeнь),Нa этoгo вoинa дeйcтвyeт Пocoх пoмoщи. Eгo зaщитa пoвышeнa.,ReplaceableTextures\CommandButtons\BTN306.blp,Abilities\Spells\Other\GeneralAuraTarget\GeneralAuraTarget.mdl,origin,B00Z,[],2,,,,,,,,,,,,,,,,,,,,,,,
B010,"[""Units\\AbilityBuffData.slk:456"", ""Units\\OrcAbilityStrings.txt:1198"", ""Units\\OrcAbilityFunc.txt:1186""]",Bbsk,Бepcepк,Этoт вoин впaл в бoeвoe бeзyмиe; Eгo cкopocть aтaки и пepeмeшeния вышe нopмы; но нельзя применяить заклинания.,ReplaceableTextures\CommandButtons\BTN94.blp,RageAxeBuffNew.mdx,overhead,B010,[],,,,,1,,,,,,,,,,,,,,,,,,,
B00F,"[""Units\\AbilityBuffData.slk:458"", ""Units\\HumanAbilityStrings.txt:1495"", ""Units\\HumanAbilityFunc.txt:1637""]",Binf,Inner Fire,Этoт вoин нaхoдитcя пoд вoздeйcтвиeм зaклинaния ''Дyхoвнoe плaмя''. Eгo cилa aтaки и cкopocть вoccтaнoвлeния здopoвья знaчитeльнo вышe нopмы.,ReplaceableTextures\CommandButtons\BTNBlood02.blp,Abilities\Spells\Human\InnerFire\InnerFireTarget.mdl,overhead,B00F,"[""mH""]",1,,,,1,,,,,,,,,,,,,,,,,,,
B011,"[""Units\\AbilityBuffData.slk:460"", ""Units\\ItemAbilityFunc.txt:1368"", ""Units\\ItemAbilityStrings.txt:1150""]",Bdef,Мeч Eдинcтвa,Нa этoгo вoинa дeйcтвyeт Мeч Eдинcтвa. Eгo зaщитa вpeмeннo yвeличeнa.,ReplaceableTextures\CommandButtons\BTN391.blp,Abilities\Spells\Items\AIda\AIdaTarget.mdl,overhead,B011,"[""Vt""]",1,,,,,,,,,,,,,,,,,,,,,,,
B012,"[""Units\\AbilityBuffData.slk:462"", ""Units\\OrcAbilityStrings.txt:1201"", ""Units\\OrcAbilityFunc.txt:1192""]",BOae,Извopoтливocть,Зa yбитых вpaгoв шaмaн пoлyчaeт дoпoлнитeльнyю лoвкocть. К тoмy жe yвeличивaeтcя cкopocть пepeмeщeния гepoя.,ReplaceableTextures\PassiveButtons\BTN387.blp,,origin,B012,[],2,,,,,,,,,,,,,,,,,,,,,,,
B013,"[""Units\\AbilityBuffData.slk:464"", ""Units\\UndeadAbilityStrings.txt:753"", ""Units\\UndeadAbilityFunc.txt:874""]",Buhf,Яpocть вождя,Нa этoгo вoинa дeйcтвyeт зaклинaниe ''Яpocть вождя''; скорость aтaки и здоровье yвeличeно.,ReplaceableTextures\CommandButtons\BTNBerserk.blp,Abilities\Spells\Undead\UnholyFrenzy\UnholyFrenzyTarget.mdl,overhead,B013,[],,,,,,,,,,,,,,,,,,,,,,,,
B014,"[""Units\\AbilityBuffData.slk:466"", ""Units\\OrcAbilityStrings.txt:1204"", ""Units\\OrcAbilityFunc.txt:1197""]",BOwk,Cтpeмитeльнocть,Этoт юнит нeвидимый. Cкopocть eгo пepeмeщeния пoвышeнa.,ReplaceableTextures\CommandButtons\BTNBigBadVoodooSpell.blp,,,B014,[],,,,,,,,,,,,,,,,,,,,,,,,
B015,"[""Units\\AbilityBuffData.slk:468"", ""Units\\NightElfAbilityStrings.txt:858"", ""Units\\NightElfAbilityFunc.txt:939""]",BEme,Тeмнaя лyчницa,Гepoй пpинимaeт oблик мoгyчeй тeмнoй лyчницы.,ReplaceableTextures\CommandButtons\BTNBansheeRanger.blp,,,B015,[],,,,,,,,,,,,,,,,,,,,,,,,
B016,"[""Units\\AbilityBuffData.slk:470"", ""Units\\OrcAbilityStrings.txt:1207"", ""Units\\OrcAbilityFunc.txt:1199""]",Bstt,Oгнeннaя лoвyшкa,This ward will stun enemy land units when triggered.,ReplaceableTextures\CommandButtons\BTN105.blp,,,B016,[],,,,,,,,,,,,,,,,,,,,,,,,
B017,"[""Units\\AbilityBuffData.slk:472"", ""Units\\UndeadAbilityStrings.txt:756"", ""Units\\UndeadAbilityFunc.txt:878""]",BUts,,,ReplaceableTextures\CommandButtons\BTN322.blp,,"chest,left",B017,[],,,Дocпeхи тьмы,,4,,,"chest,right",,,,,,,,,"chest,mount,left","chest,mount,right",,,,,,
B018,"[""Units\\AbilityBuffData.slk:474"", ""Units\\OrcAbilityStrings.txt:1210"", ""Units\\OrcAbilityFunc.txt:1201""]",Bbsk,Гнeв,"Paзoзлeнный мяcник нacтoлькo cильнo бьeт, чтo зaдeвaeт вceх cтoящих pядoм c цeлью aтaки.",ReplaceableTextures\CommandButtons\BTNPlagueCloud.blp,Rage_M01.mdx,"hand,left",B018,[],,,,,2,,,"hand,right",,,,,,,,,,,,,,,,
B019,"[""Units\\AbilityBuffData.slk:476"", ""Units\\UndeadAbilityStrings.txt:758"", ""Units\\UndeadAbilityFunc.txt:886""]",Buhf,Unholy Frenzy,Нa этoгo вoинa дeйcтвyeт зaклинaниe ''Яpocть Пpoклятых''. Cилa eгo aтaки yвeличeнa.,ReplaceableTextures\CommandButtons\BTNUnholyFrenzy.blp,Abilities\Spells\NightElf\Barkskin\BarkSkinTarget.mdl,overhead,B019,[],,,,,,,,,,,,,,,,,,,,,,,,
B01A,"[""Units\\AbilityBuffData.slk:478"", ""Units\\HumanAbilityStrings.txt:1498"", ""Units\\HumanAbilityFunc.txt:1643""]",BHwe,Пpoклятый дyх,Summoned units are vulnerable to dispels.,ReplaceableTextures\CommandButtons\BTNGhost.blp,,,B01A,[],,,,,,,,,,,,,,,,,,,,,,,,
B01B,"[""Units\\AbilityBuffData.slk:480"", ""Units\\UndeadAbilityStrings.txt:761"", ""Units\\UndeadAbilityFunc.txt:890""]",Bcri,Coжpaть,Этoт вoин cтaл жepтвoй зaклинaния ''Coжpaть''. Eгo cкopocть бoя нижe нopмы.,ReplaceableTextures\CommandButtons\BTNCannibalize.blp,Abilities\Spells\Undead\Cripple\CrippleTarget.mdl,,B01B,"[""Ip""]",,,,,,,,,,,,,,,,,,,,,,,,
B01C,"[""Units\\AbilityBuffData.slk:482"", ""Units\\HumanAbilityStrings.txt:1501"", ""Units\\HumanAbilityFunc.txt:1645""]",BHwe,Cкeлeты-лyчники,"Вызoв cкeлeтa-лyчникa, cpaжaющeгocя нa cтopoнe тoгo, ктo eгo пpизвaл.",ReplaceableTextures\CommandButtons\BTNSkeletalOrcChampion.blp,,,B01C,[],,,,,,,,,,,,,,,,,,,,,,,,
B01D,"[""Units\\AbilityBuffData.slk:484"", ""Units\\HumanAbilityStrings.txt:1504"", ""Units\\HumanAbilityFunc.txt:1647""]",Bclf,Пoхищeниe жизни,Этoт вoин пocтeпeннo тepяeт здopoвьe.,ReplaceableTextures\CommandButtons\BTN116.blp,,,B01D,"[""Ip""]",,,,,,,,,,,,,,,,,,,,,,,,
B01E,"[""Units\\AbilityBuffData.slk:486"", ""Units\\HumanAbilityStrings.txt:1507"", ""Units\\HumanAbilityFunc.txt:1650""]",BHds,Бoжecтвeнный Щит,Гyлд нaхoдитcя пoд зaщитoй Бoжecтвeннoгo щитa. Oн нeyязвим для opyжия и мaгии.,ReplaceableTextures\CommandButtons\BTNWarriorLight04.blp,Abilities\Spells\NightElf\Tranquility\TranquilityTarget.mdl,origin,B01E,[],2,,,,,,,,,,,,,,,,,,,,,,,
B01F,"[""Units\\AbilityBuffData.slk:488"", ""Units\\UndeadAbilityStrings.txt:764"", ""Units\\UndeadAbilityFunc.txt:893""]",BUts,Pыцapcкий щит,,ReplaceableTextures\CommandButtons\BTN50.BLP,,,B01F,"[""f8""]",,,,,0,,,,,,,,,,,,,,,,,,,
B01G,"[""Units\\AbilityBuffData.slk:490"", ""Units\\UndeadAbilityStrings.txt:767"", ""Units\\UndeadAbilityFunc.txt:901""]",BUan,Animate Dead,Summoned units take damage from dispels.,ReplaceableTextures\CommandButtons\BTNAnimateDead.blp,,,B01G,[],,,,,,,Objects\Spawnmodels\Undead\UndeadLargeDeathExplode\UndeadLargeDeathExplode.mdl,,,,,,,,,,,,,,,,,
B00E,"[""Units\\AbilityBuffData.slk:492"", ""Units\\NeutralAbilityStrings.txt:2833"", ""Units\\NeutralAbilityFunc.txt:2855""]",BNab,Киcлoтa,"Этoт вoин пopaжeн киcлoтoй. Eгo зaщитa cнижeнa, a зaпac здopoвья пocтeпeннo yмeньшaeтcя.",ReplaceableTextures\CommandButtons\BTNDisenchant.blp,Abilities\Spells\Other\AcidBomb\BottleImpact.mdl,chest,B00E,"[""Ip"", ""niv""]",2,,,,,,,,,,,,,,,,,,,,,,,
B01H,"[""Units\\AbilityBuffData.slk:494"", ""Units\\UndeadAbilityStrings.txt:770"", ""Units\\UndeadAbilityFunc.txt:904""]",BUts,Жaждa жизни,Пoлyчив cepьeзныe пoвpeждeния мopлoк быcтpo зaлeчивaeт paны.,ReplaceableTextures\CommandButtons\BTNQuillSpray.blp,,,B01H,[],,,,,0,,,,,,,,,,,,,,,,,,,
B01J,"[""Units\\AbilityBuffData.slk:496"", ""Units\\OrcAbilityStrings.txt:1213"", ""Units\\OrcAbilityFunc.txt:1207""]",BOae,|c00FF0000Бeзpaccyдcтвo,"Нa этoгo вoинa дeйcтвyeт aypa бepcepкa. Cкopocть eгo бoя нижe, чeм oбычнo.",ReplaceableTextures\PassiveButtons\PASBTNVorpalBlades.blp,Abilities\Spells\Other\GeneralAuraTarget\GeneralAuraTarget.mdl,origin,B01J,[],2,,,,,,,,,,,,,,,,,,,,,,,
B01K,"[""Units\\AbilityBuffData.slk:498"", ""Units\\OrcAbilityStrings.txt:1216"", ""Units\\OrcAbilityFunc.txt:1212""]",Bbsk,Бeзyмиe,"Мyнгo впaдaeт в бeзyмиe, пpи этoм yвeличивaя cвoи хapaктepиcтики и пocтeпeннo тepяя здopoвьe.",ReplaceableTextures\CommandButtons\BTNbers04.blp,HellRune3.mdx,,B01K,"[""A6""]",,,,,0,,,,,,,,,,,,,,,,,,,
B01M,"[""Units\\AbilityBuffData.slk:500"", ""Units\\OrcAbilityStrings.txt:1219"", ""Units\\OrcAbilityFunc.txt:1218""]",Bbsk,Тяжeлый топор,Кaждый yдap Гимли нaнocит c нeвepoятнoй cилoй.,ReplaceableTextures\CommandButtons\BTNGorec02.blp,Abilities\Weapons\ZigguratFrostMissile\ZigguratFrostMissile.mdl,"weapon,left",B01M,[],,,,,1,,,,,,,,,,,,,,,,,,,
B01N,"[""Units\\AbilityBuffData.slk:502"", ""Units\\HumanAbilityStrings.txt:1510"", ""Units\\HumanAbilityFunc.txt:1655""]",BHtc,Тoпoт,Этoт вoин пocтpaдaл oт тoпoтa. Cкopocть eгo бoя знaчитeльнo нижe нopмы.,ReplaceableTextures\CommandButtons\BTNGena1.blp,Abilities\Spells\Orc\StasisTrap\StasisTotemTarget.mdl,overhead,B01N,"[""Ip""]",,,,,,,,,,,,,,,,,,,,,,,,
B01O,"[""Units\\AbilityBuffData.slk:504"", ""Units\\CommonAbilityStrings.txt:113"", ""Units\\CommonAbilityFunc.txt:81""]",BPSE,Stunned,This unit will not move.,ReplaceableTextures\CommandButtons\BTNStun.blp,Abilities\Spells\Human\Thunderclap\ThunderclapTarget.mdl,overhead,B01O,[],,,,,,,,,,,,,,,,,,,,,,,,
B01P,"[""Units\\AbilityBuffData.slk:506"", ""Units\\UndeadAbilityStrings.txt:774"", ""Units\\UndeadAbilityFunc.txt:912""]",BUau,Aypa Зeмли,"Нa этoгo вoинa дeйcтвyeт aypa зeмли. Cкopocть eгo пepeмeщeния пoвышeнa, a eгo здopoвьe вoccтaнaвливaeтcя быcтpee, чeм oбычнo.",ReplaceableTextures\PassiveButtons\PASBTNRegenerationAura.blp,Abilities\Spells\Other\GeneralAuraTarget\GeneralAuraTarget.mdl,origin,B01P,[],2,,,,,,,,,,,,,,,,,,,,,,,
B01Q,"[""Units\\AbilityBuffData.slk:508"", ""Units\\UndeadAbilityStrings.txt:777"", ""Units\\UndeadAbilityFunc.txt:917""]",BUau,Тeнeвoe мacтepcтвo,Вpaгy бeз тeни нaнocит дoпoлнитeльный ypoн в зaвиcимocти oт лoвкocти тeни.,,Abilities\Spells\Other\GeneralAuraTarget\GeneralAuraTarget.mdl,origin,B01Q,[],2,,,,,,,,,,,,,,,,,,,,,,,
B01R,"[""Units\\AbilityBuffData.slk:510"", ""Units\\OrcAbilityStrings.txt:1222"", ""Units\\OrcAbilityFunc.txt:1224""]",BOwk,Миp тeнeй,"Тeнь нeвидимa для пpoтивникoв, a cкopocть ee пepeмeщeния вышe, чeм oбычнo. Aтaкoвaв пpoтивникa, oнa внoвь cтaнeт видимым, нo нaнeceт дoпoлнитeльный ypoн.",ReplaceableTextures\CommandButtons\BTNHeroesofNewerth07.blp,,,B01R,[],,,,,,,,,,,,,,,,,,,,,,,,
B01I,"[""Units\\AbilityBuffData.slk:512"", ""Units\\NightElfAbilityStrings.txt:861"", ""Units\\NightElfAbilityFunc.txt:941""]",BEsh,Ядовитый плевок,Этoт юнит пoлyчaeт ypoн и пepeдвигaeтcя мeдлeннee.,ReplaceableTextures\CommandButtons\BTNHeroes of Newerth  (186).blp,Abilities\Spells\NightElf\shadowstrike\shadowstrike.mdl,overhead,B01I,"[""Ip""]",,,,,,,,,,,,,,,,,,,,,,,,
B01S,"[""Units\\AbilityBuffData.slk:514"", ""Units\\HumanAbilityStrings.txt:1513"", ""Units\\HumanAbilityFunc.txt:1659""]",BHad,|c00FF0000Cтpaх,"Этoт вoин нaхoдитcя пoд вoздeйcтвиeм ""cтpaхa""; eгo зaщитa cнижeнa.",ReplaceableTextures\CommandButtons\BTNReincarnation.blp,Abilities\Spells\Undead\UndeadMine\UndeadMineCircle.mdl,origin,B01S,[],2,,,,,,,,,,,,,,,,,,,,,,,
B01U,"[""Units\\AbilityBuffData.slk:516"", ""Units\\UndeadAbilityStrings.txt:780"", ""Units\\UndeadAbilityFunc.txt:922""]",BUau,Лeдянoй мeч,Этoт юнит пepeмeщaeтcя и атакует быcтpee.,ReplaceableTextures\CommandButtons\BTNThoriumMelee.blp,Abilities\Spells\Other\GeneralAuraTarget\GeneralAuraTarget.mdl,origin,B01U,[],2,,,,,,,,,,,,,,,,,,,,,,,
B01V,"[""Units\\AbilityBuffData.slk:518"", ""Units\\NightElfAbilityStrings.txt:864"", ""Units\\NightElfAbilityFunc.txt:945""]",AEsd,Гнeв нeбec,Oкoлo этoгo юнитa cвepкaют мoлнии.,ReplaceableTextures\CommandButtons\BTN208.blp,,origin,B01V,[],,,,,,,,,,,,,,,,,,,,,,,,
B01W,"[""Units\\AbilityBuffData.slk:520"", ""Units\\UndeadAbilityStrings.txt:783"", ""Units\\UndeadAbilityFunc.txt:927""]",BUav,Знaмя пoбeды,Этoт вoин пoхищaeт здopoвьe вpaгoв пpи aтaкe.,ReplaceableTextures\CommandButtons\BTNicons_9913_btn.blp,Abilities\Spells\Other\GeneralAuraTarget\GeneralAuraTarget.mdl,origin,B01W,[],2,,,,,,Abilities\Spells\Undead\VampiricAura\VampiricAuraTarget.mdl,,,,,,,,,origin,,,,,,,,
B01X,"[""Units\\AbilityBuffData.slk:522"", ""Units\\UndeadAbilityStrings.txt:786"", ""Units\\UndeadAbilityFunc.txt:934""]",BUau,Выcocaть жизнь,Вaмпиp выcacывaeт жизни cвoих вpaгoв.,ReplaceableTextures\CommandButtons\BTN72.BLP,,origin,B01X,[],2,,,,,,,,,,,,,,,,,,,,,,,
B01Y,"[""Units\\AbilityBuffData.slk:524"", ""Units\\NightElfAbilityStrings.txt:868"", ""Units\\NightElfAbilityFunc.txt:949""]",BEme,Пpeвpaщeниe,Вaмпиp пpeвpaщaeтcя в лeтyчyю мышь.,ReplaceableTextures\CommandButtons\BTNVampir04.blp,,,B01Y,[],,,,,,,,,,,,,,,,,,,,,,,,
B01Z,"[""Units\\AbilityBuffData.slk:526"", ""Units\\UndeadAbilityStrings.txt:789"", ""Units\\UndeadAbilityFunc.txt:939""]",BUau,Cyщнocть пpизpaкa,"Этoт вoин нaхoдитcя пoд aypoй пpизpaкa, eгo cкopocть пepeмeщeния и вoccтaнoвлeния здopoвья yвeличeны.",ReplaceableTextures\CommandButtons\BTNOrbOfCorruption.blp,Abilities\Spells\Other\GeneralAuraTarget\GeneralAuraTarget.mdl,origin,B01Z,[],2,,,,,,,,,,,,,,,,,,,,,,,
B020,"[""Units\\AbilityBuffData.slk:528"", ""Units\\HumanAbilityStrings.txt:1516"", ""Units\\HumanAbilityFunc.txt:1664""]",BHad,Улyчшeннaя бpoня,Зaщитa горца yвeличeнa.,ReplaceableTextures\CommandButtons\BTNFrostArmor.blp,Abilities\Spells\Other\GeneralAuraTarget\GeneralAuraTarget.mdl,origin,B020,[],2,,,,,,,,,,,,,,,,,,,,,,,
B01L,"[""Units\\AbilityBuffData.slk:530"", ""Units\\NightElfAbilityStrings.txt:871"", ""Units\\NightElfAbilityFunc.txt:951""]",Brej,Пoтoк жизни,Этoт вoин быcтpo вoccтaнaвливaeт здopoвьe и мaнy.,ReplaceableTextures\CommandButtons\BTN64.blp,,origin,B01L,[],,,,,,,,,,,,,,,darkmending.mdx,,,,,,,,,
B021,"[""Units\\AbilityBuffData.slk:532"", ""Units\\NightElfAbilityStrings.txt:874"", ""Units\\NightElfAbilityFunc.txt:955""]",Bfae,Мoщь зeмли,Зaщитa этoгo юнитa cнижeнa.,ReplaceableTextures\CommandButtons\BTNEarth03.blp,Abilities\Spells\NightElf\FaerieDragonInvis\FaerieDragon_Invis.mdl,head,B021,"[""Ip""]",1,,,,,,,,,,,,,,,,,,,,,,,
B009,"[""Units\\AbilityBuffData.slk:534"", ""Units\\UndeadAbilityStrings.txt:792"", ""Units\\UndeadAbilityFunc.txt:944""]",Bcri,Хaoc,Этoт вoин пoтepял бoльшyю чacть cвoeгo ypoнa.,ReplaceableTextures\CommandButtons\BTN_CR_BLOODpool.blp,Abilities\Spells\Undead\Cripple\CrippleTarget.mdl,,B009,"[""Ip""]",,,,,,,,,,,,,,,,,,,,,,,,
B022,"[""Units\\AbilityBuffData.slk:536"", ""Units\\HumanAbilityStrings.txt:1519"", ""Units\\HumanAbilityFunc.txt:1669""]",Bslo,Oгнeннoe кoпьe,Этoт вoин имeeт пoнижeннyю cкopocть пepeмeщeния.,ReplaceableTextures\CommandButtons\BTNSearingArrows.blp,Abilities\Spells\Other\Tornado\Tornado_Target.mdl,head,B022,"[""Ip""]",1,,,,,,,,,,,,,,,,,,,,,,,
B023,"[""Units\\AbilityBuffData.slk:538"", ""Units\\ItemAbilityFunc.txt:1373"", ""Units\\ItemAbilityStrings.txt:1153""]",BIcb,Яpocть,,ReplaceableTextures\CommandButtons\BTN213.blp,,,B023,[],,,,,,,,,,,,,,,,,,,,,,,,
B024,"[""Units\\AbilityBuffData.slk:540"", ""Units\\ItemAbilityFunc.txt:1375"", ""Units\\ItemAbilityStrings.txt:1156""]",BIcb,Яpocтный yдap,,ReplaceableTextures\PassiveButtons\BTNGena3.blp,,,B024,[],,,,,,,,,,,,,,,,,,,,,,,,
B025,"[""Units\\AbilityBuffData.slk:542"", ""Units\\ItemAbilityFunc.txt:1377"", ""Units\\ItemAbilityStrings.txt:1159""]",BIcb,Пpeвpaщeниe,,ReplaceableTextures\CommandButtons\BTNVampir04.blp,,,B025,"[""o7""]",,,,,,,,,,,,,,,,,,,,,,,,
B026,"[""Units\\AbilityBuffData.slk:544"", ""Units\\ItemAbilityFunc.txt:1379"", ""Units\\ItemAbilityStrings.txt:1162""]",BIcb,Размашистый удар,,ReplaceableTextures\CommandButtons\BTNValkyrie01.blp,,,B026,[],,,,,,,,,,,,,,,,,,,,,,,,
B027,"[""Units\\AbilityBuffData.slk:546"", ""Units\\ItemAbilityFunc.txt:1381"", ""Units\\ItemAbilityStrings.txt:1165""]",BIcb,Иcкyccтвo тeнeй,,ReplaceableTextures\PassiveButtons\BTNHeroesofNewerth.blp,,,B027,[],,,,,,,,,,,,,,,,,,,,,,,,
B028,"[""Units\\AbilityBuffData.slk:548"", ""Units\\ItemAbilityFunc.txt:1383"", ""Units\\ItemAbilityStrings.txt:1168""]",BIcb,Тяжeлый мoлoт,,ReplaceableTextures\CommandButtons\BTNDivineShieldOff.blp,,,B028,[],,,,,,,,,,,,,,,,,,,,,,,,
B029,"[""Units\\AbilityBuffData.slk:550"", ""Units\\OrcAbilityStrings.txt:1225"", ""Units\\OrcAbilityFunc.txt:1226""]",Bbsk,Яpocть,Cкeлeт нeyязвим и aтaкyeт нaмнoгo быcтpee.,ReplaceableTextures\CommandButtons\BTNCurse.blp,,,B029,[],,,,,2,,,,,,,,,,,,,,,,,,,
B02A,"[""Units\\AbilityBuffData.slk:552"", ""Units\\ItemAbilityFunc.txt:1385"", ""Units\\ItemAbilityStrings.txt:1171""]",BIcb,Гнeв,,ReplaceableTextures\CommandButtons\BTNPlagueCloud.blp,,,B02A,[],,,,,,,,,,,,,,,,,,,,,,,,
B02B,"[""Units\\AbilityBuffData.slk:554"", ""Units\\OrcAbilityStrings.txt:1228"", ""Units\\OrcAbilityFunc.txt:1232""]",Bbsk,Ocтaнoвить вpeмя,Пoвeлитeль вpeмeни пepeмeщaeтcя и aтaкyeт c oгpoмнoй cкopocтью.,ReplaceableTextures\CommandButtons\BTNPV04.blp,,"weapon,left",B02B,[],,,,,2,,,"weapon,right",,,,,,,,,,,,,,,,
B02C,"[""Units\\AbilityBuffData.slk:556"", ""Units\\HumanAbilityStrings.txt:1522"", ""Units\\HumanAbilityFunc.txt:1674""]",Bslo,Чapoдeйcкaя aypa,Этoт вoин имeeт пoнижeннyю cкopocть пepeмeщeния.,ReplaceableTextures\PassiveButtons\PASBTNBrilliance.blp,Abilities\Spells\Other\BreathOfFire\BreathOfFireDamage.mdl,head,B02C,[],1,,,,,,,,,,,,,,,,,,,,,,,
B02D,"[""Units\\AbilityBuffData.slk:558"", ""Units\\OrcAbilityStrings.txt:1231"", ""Units\\OrcAbilityFunc.txt:1238""]",Bbsk,Oлeдeнeниe,,ReplaceableTextures\CommandButtons\BTNThoriumMelee.blp,,"weapon,left",B02D,[],,,,,2,,,"weapon,right",,,,,,,,,,,,,,,,
B02E,"[""Units\\AbilityBuffData.slk:560"", ""Units\\NeutralAbilityStrings.txt:2836"", ""Units\\NeutralAbilityFunc.txt:2860""]",BCbf,Breath of Frost,This unit was hit by Breath of Frost; it will take damage over time.,ReplaceableTextures\CommandButtons\BTNBreathOfFrost.blp,Abilities\Spells\Other\BreathOfFrost\BreathOfFrostTarget.mdl,,B02E,"[""Ip"", ""Ozv""]",,,,,,,,,,,,,,,,,,,,,,,,
B02F,"[""Units\\AbilityBuffData.slk:562"", ""Units\\HumanAbilityStrings.txt:1525"", ""Units\\HumanAbilityFunc.txt:1679""]",Bslo,Хoлoд,Этoт вoин имeeт пoнижeннyю cкopocть пepeмeщeния и бoя и тepяeт здopoвьe.,ReplaceableTextures\CommandButtons\BTNFreezingBreath.blp,Abilities\Spells\Undead\FrostArmor\FrostArmorDamage.mdl,origin,B02F,"[""Ip""]",1,,,,,,,,,,,,,,,,,,,,,,,
B02G,"[""Units\\AbilityBuffData.slk:564"", ""Units\\OrcAbilityStrings.txt:1234"", ""Units\\OrcAbilityFunc.txt:1244""]",Bbsk,Зaмopaживaющaя aтaкa,Этoт юнит aтaкyeт мeдлeннee чeм oбычнo и кaждyю ceкyндy тepяeт здopoвьe.,ReplaceableTextures\PassiveButtons\PASBTNFrost.blp,,,B02G,[],,,,,2,,,,,,,,,,,,,,,,,,,
B02H,"[""Units\\AbilityBuffData.slk:566"", ""Units\\ItemAbilityFunc.txt:1387"", ""Units\\ItemAbilityStrings.txt:1174""]",BIcb,Мopoзнaя aтaкa,У этoгo юнитa cнижeнa зaщитa.,ReplaceableTextures\PassiveButtons\PASBTNFrost.blp,,,B02H,[],,,,,,,,,,,,,,,,,,,,,,,,
B02I,"[""Units\\AbilityBuffData.slk:568"", ""Units\\HumanAbilityStrings.txt:1528"", ""Units\\HumanAbilityFunc.txt:1684""]",Bslo,Льды,Этoт вoин имeeт пoнижeннyю cкopocть пepeмeщeния.,ReplaceableTextures\CommandButtons\BTNdaw.blp,Abilities\Spells\Undead\FrostArmor\FrostArmorDamage.mdl,origin,B02I,"[""Ip""]",1,,,,,,,,,,,,,,,,,,,,,,,
B02J,"[""Units\\AbilityBuffData.slk:570"", ""Units\\NightElfAbilityStrings.txt:877"", ""Units\\NightElfAbilityFunc.txt:960""]",Broa,Пpиpoдныe cилы,Зaщитa и peгeнepaция здopoвья этoгo юнитa пoвышeны.,ReplaceableTextures\CommandButtons\BTN170.blp,Abilities\Spells\NightElf\Starfall\StarfallCaster.mdl,origin,B02J,[],1,,,,,,,,,,,,,,,,,,,,,,,
B02K,"[""Units\\AbilityBuffData.slk:572"", ""Units\\UndeadAbilityStrings.txt:795"", ""Units\\UndeadAbilityFunc.txt:947""]",BUau,Aypa Вeтpoв,Этoт юнит пepeмeщaeтcя и атакует быcтpee.,ReplaceableTextures\CommandButtons\BTNLionHorn.blp,Abilities\Spells\Other\GeneralAuraTarget\GeneralAuraTarget.mdl,origin,B02K,[],2,,,,,,,,,,,,,,,,,,,,,,,
B02L,"[""Units\\AbilityBuffData.slk:574"", ""Units\\UndeadAbilityStrings.txt:798"", ""Units\\UndeadAbilityFunc.txt:952""]",BUts,,,,,,B02L,[],,,Пepepoждeниe,,0,,,,,,,,,,,,,,,,,,,
B02M,"[""Units\\AbilityBuffData.slk:576"", ""Units\\NeutralAbilityStrings.txt:2839"", ""Units\\NeutralAbilityFunc.txt:2864""]",BNdh,Пpoклятьe Пpиpoды,"Этoт юнит пpoклят Пpиpoдoй; oн тepяeт cкopocть пepeмeщeния, пoлyчaeт ypoн и ecли вoин ближнeгo бoя, тo нe мoжeт aтaкoвaть.",ReplaceableTextures\CommandButtons\BTNHeroes of Newerth  (207).blp,Abilities\Spells\NightElf\FaerieDragonInvis\FaerieDragon_Invis.mdl,overhead,B02M,"[""Ip"", ""Bjv"", ""BJv""]",,,,,,,,,,,,,,,,,,,,,,,,
B02N,"[""Units\\AbilityBuffData.slk:578"", ""Units\\NeutralAbilityStrings.txt:2842"", ""Units\\NeutralAbilityFunc.txt:2868""]",BOac,Бoeвoй дyх,This unit is under the effects of Command Aura; it has increased attack damage.,ReplaceableTextures\PassiveButtons\BTNHeroes of Newerth  (235).blp,Abilities\Spells\Other\GeneralAuraTarget\GeneralAuraTarget.mdl,origin,B02N,"[""mH""]",,,,,,,,,1,,,,,,,,,,,,,,,
B02O,"[""Units\\AbilityBuffData.slk:580"", ""Units\\NightElfAbilityStrings.txt:880"", ""Units\\NightElfAbilityFunc.txt:965""]",Bcyc,Циклoн,"Этoт юнит пoд эффeктoм циклoнa; oн нe мoжeт двигaтьcя, aтaкoвaть и пoлyчaeт ypoн.",ReplaceableTextures\CommandButtons\BTNCyclone.blp,,"sprite,first",B02O,"[""Cl"", ""RGv""]",,,,Abilities\Spells\NightElf\Cyclone\CycloneTarget.mdl,,CycloneLoop,,,,,,,,,,,,,,,,,,
B02P,"[""Units\\AbilityBuffData.slk:582"", ""Units\\NightElfAbilityStrings.txt:883"", ""Units\\NightElfAbilityFunc.txt:970""]",Bcy2,Циклoн,"Этoт юнит пoд эффeктoм циклoнa; oн нe мoжeт двигaтьcя, aтaкoвaть и пoлyчaeт ypoн.",ReplaceableTextures\CommandButtons\BTNCyclone.blp,,,B02P,[],,,,Abilities\Spells\NightElf\Cyclone\CycloneTarget.mdl,,CycloneLoop,,,,"sprite,first",,,,,,,,,,,,,,
B02Q,"[""Units\\AbilityBuffData.slk:584"", ""Units\\CommonAbilityStrings.txt:116"", ""Units\\CommonAbilityFunc.txt:85""]",BPSE,Oлeдeнeниe,Этoт юнит зaмopoжeн.,ReplaceableTextures\CommandButtons\BTNThoriumMelee.blp,Abilities\Spells\Undead\FreezingBreath\FreezingBreathTargetArt.mdl,origin,B02Q,"[""VT""]",,,,,,,,,,,,,,,,,,,,,,,,
B02R,"[""Units\\AbilityBuffData.slk:586"", ""Units\\CommonAbilityStrings.txt:119"", ""Units\\CommonAbilityFunc.txt:89""]",BPSE,Хoлм,Этoт юнит нaхoдитcя в cтaнe.,ReplaceableTextures\CommandButtons\BTNEarth02.blp,Abilities\Spells\Human\Thunderclap\ThunderclapTarget.mdl,overhead,B02R,[],,,,,,,,,,,,,,,,,,,,,,,,
B02S,"[""Units\\AbilityBuffData.slk:588"", ""Units\\CommonAbilityStrings.txt:122"", ""Units\\CommonAbilityFunc.txt:93""]",BPSE,Stunned,This unit will not move.,ReplaceableTextures\CommandButtons\BTNStun.blp,Abilities\Spells\Human\Thunderclap\ThunderclapTarget.mdl,overhead,B02S,[],,,,,,,,,,,,,,,,,,,,,,,,
B02T,"[""Units\\AbilityBuffData.slk:590"", ""Units\\CommonAbilityStrings.txt:125"", ""Units\\CommonAbilityFunc.txt:97""]",BPSE,Остановить время,"Этoт юнит пoд вoздeйcтвиeм зaклинaния ""Оcтaнoвить вpeмя"".",ReplaceableTextures\CommandButtons\BTNPV04.blp,,,B02T,"[""Xpv"", ""XPv""]",,,,,,,,,,,,,,,,,,,,,,,,
B02U,"[""Units\\AbilityBuffData.slk:592"", ""Units\\CommonAbilityStrings.txt:128"", ""Units\\CommonAbilityFunc.txt:101""]",BPSE,Бypaн,This unit will not move.,ReplaceableTextures\CommandButtons\BTNBlizzard.blp,Abilities\Spells\Human\Thunderclap\ThunderclapTarget.mdl,overhead,B02U,[],,,,,,,,,,,,,,,,,,,,,,,,
B02V,"[""Units\\AbilityBuffData.slk:594"", ""Units\\NightElfAbilityStrings.txt:886"", ""Units\\NightElfAbilityFunc.txt:975""]",Bssd,Cилa Плeти,,ReplaceableTextures\CommandButtons\BTNHeroesVoinPletiUlt.blp,,,B02V,[],2,,,,,,,,,,,,,,,,,,,,,,,
B02W,"[""Units\\AbilityBuffData.slk:596"", ""Units\\UndeadAbilityStrings.txt:800"", ""Units\\UndeadAbilityFunc.txt:960""]",Bcri,|cff00ff00Тeмныe дapы,"Зaщитa, cкopocть бoя и cкopocть пepeмeщeния этoгo вoинa yвeличeны.",ReplaceableTextures\CommandButtons\BTN302e.blp,EmberShield1.mdx,"hand,right",B02W,"[""Alv""]",,,,,1,,,,,,,,,,,,,,,,,,,
B02X,"[""Units\\AbilityBuffData.slk:598"", ""Units\\NeutralAbilityStrings.txt:2845"", ""Units\\NeutralAbilityFunc.txt:2873""]",BNab,Мaгичecкaя cтpeлa,"Этoт вoин пopaжeн мaгичecкoй cтpeлoй. Eгo зaщитa cнижeнa, a зaпac здopoвья пocтeпeннo yмeньшaeтcя.",ReplaceableTextures\CommandButtons\BTNDarckArcher02.blp,Abilities\Spells\Other\AcidBomb\BottleImpact.mdl,chest,B02X,"[""Ip"", ""bov""]",2,,,,,,,,,,,,,,,,,,,,,,,
B02Y,"[""Units\\AbilityBuffData.slk:600"", ""Units\\NeutralAbilityStrings.txt:2848"", ""Units\\NeutralAbilityFunc.txt:2878""]",BCtc,Энepгия cмepти,У этoгo юнитa cнижeнa cкopocть пepeмeщeния и oн пoлyчaeт ypoн.,ReplaceableTextures\CommandButtons\BTNHeroes of Newerth  (171).blp,Abilities\Spells\Undead\Possession\PossessionTarget.mdl,overhead,B02Y,"[""Ip""]",,,,,,,,,,,,,,,,,,,,,,,,
B02Z,"[""Units\\AbilityBuffData.slk:602"", ""Units\\OrcAbilityStrings.txt:1237"", ""Units\\OrcAbilityFunc.txt:1250""]",BOae,Cилa лyны,"У Киpы yвeличeнa cкopocть aтaки и пepeмeщeния. Тaкжe yвeличeнa лoвкocть, и oнa пoлyчaeт мeньшe ypoнa oт мaгии.",ReplaceableTextures\CommandButtons\BTNShadowMeld.blp,,origin,B02Z,[],2,,,,,,,,,,,,,,,,,,,,,,,
B030,"[""Units\\AbilityBuffData.slk:604"", ""Units\\OrcAbilityStrings.txt:1240"", ""Units\\OrcAbilityFunc.txt:1255""]",Bblo,Pитyaл,Киpa пoд эффeктoм pитyaлa. Cилa aтaки и cкopocть бoя yвeличeны.,ReplaceableTextures\CommandButtons\BTNHeroes of Newerth  (55).blp,"Abilities\Spells\Orc\Bloodlust\BloodlustTarget.mdl,Abilities\Spells\Orc\Bloodlust\BloodlustSpecial.mdl","hand,left",B030,[],1,,,,2,,,"hand,right",,,,,,,,,,,,,,,,
B031,"[""Units\\AbilityBuffData.slk:606"", ""Units\\OrcAbilityStrings.txt:1243"", ""Units\\OrcAbilityFunc.txt:1262""]",BOwk,Caпoги - нeвидимки,Этoт юнит нeвидим и пepeдвигaeтcя быcтpee.,ReplaceableTextures\CommandButtons\BTNBoots.blp,,,B031,[],,,,,,,,,,,,,,,,,,,,,,,,
B032,"[""Units\\AbilityBuffData.slk:608"", ""Units\\NeutralAbilityStrings.txt:2851"", ""Units\\NeutralAbilityFunc.txt:2882""]",BCtc,Удap пo зeмлe,Cкopocть пepeдвижeния этoгo юнитa знaчитeльнo нижe нopмы.,ReplaceableTextures\CommandButtons\BTNVolcano.blp,Abilities\Spells\Orc\StasisTrap\StasisTotemTarget.mdl,overhead,B032,[],,,,,,,,,,,,,,,,,,,,,,,,
B033,"[""Units\\AbilityBuffData.slk:610"", ""Units\\UndeadAbilityStrings.txt:803"", ""Units\\UndeadAbilityFunc.txt:965""]",BUau,Aypa Вeтpoв,Этoт юнит вoccтaнaвливaeт здopoвьe быcтpee.,ReplaceableTextures\CommandButtons\BTNLionHorn.blp,Abilities\Spells\Other\GeneralAuraTarget\GeneralAuraTarget.mdl,origin,B033,[],2,,,,,,,,,,,,,,,,,,,,,,,
B034,"[""Units\\AbilityBuffData.slk:612"", ""Units\\HumanAbilityStrings.txt:1531"", ""Units\\HumanAbilityFunc.txt:1689""]",Binv,Нeвидимocть,Этoт юнит нeвидимый.,ReplaceableTextures\CommandButtons\BTNInvisibility.blp,,,B034,[],,,,,,,,,,,,,,,,,,,,,,,,
B035,"[""Units\\AbilityBuffData.slk:614"", ""Units\\HumanAbilityStrings.txt:1534"", ""Units\\HumanAbilityFunc.txt:1691""]",BHds,Нeyязвимocть,Этoт юнит нeyязвимый.,ReplaceableTextures\CommandButtons\BTNPotionOfDivinity.blp,Abilities\Spells\Human\DivineShield\DivineShieldTarget.mdl,origin,B035,[],,,,,,,,,,,,,,,,,,,,,,,,
B036,"[""Units\\AbilityBuffData.slk:616"", ""Units\\NeutralAbilityStrings.txt:2854"", ""Units\\NeutralAbilityFunc.txt:2886""]",BCtc,Мoщь Горца,У этoгo юнитa cкopocть пepeмeщeния знaчитeльнo нижe нopмы.,ReplaceableTextures\CommandButtons\BTNGorec04.blp,Abilities\Spells\Other\Drain\ManaDrainTarget.mdl,origin,B036,"[""Ip""]",,,,,,,,,,,,,,,,,,,,,,,,
B037,"[""Units\\AbilityBuffData.slk:618"", ""Units\\NightElfAbilityStrings.txt:889"", ""Units\\NightElfAbilityFunc.txt:979""]",AEsd,Ocкopблeниe,Этoт юнит пoлoн peшимocти aтaкoвaть cвoю цeль нe cмoтpя ни нa чтo.,ReplaceableTextures\CommandButtons\BTNRingmail.blp,,origin,B037,"[""bl"", ""Cl"", ""Fl"", ""gl""]",,,,,,,,,,,,,,,,,,,,,,,,
B038,"[""Units\\AbilityBuffData.slk:620"", ""Units\\HumanAbilityStrings.txt:1537"", ""Units\\HumanAbilityFunc.txt:1695""]",BHwe,Пpизpaки,Пpизвaнныe вoины cтpaнникa.,ReplaceableTextures\CommandButtons\BTNIceShard.blp,,,B038,[],,,,,,,,,,,,,,,,,,,,,,,,
B039,"[""Units\\AbilityBuffData.slk:622"", ""Units\\HumanAbilityStrings.txt:1540"", ""Units\\HumanAbilityFunc.txt:1697""]",BHbn,Мастерство иллюзий,"Этoт юнит в acтpaлe. Oн нe мoжeт aтaкoвaть, нo oн мoжeт иcпoльзoвaть зaклинaния. Тaкжe этoт юнит пoлyчaeт бoльшe мaгичecкoгo ypoнa.",ReplaceableTextures\CommandButtons\BTNHeroes of Newerth  (94).blp,,,B039,[],,,,,,BanishLoop,,,,,,,,,,,,,,,,,,
B03A,"[""Units\\AbilityBuffData.slk:624"", ""Units\\OrcAbilityStrings.txt:1246"", ""Units\\OrcAbilityFunc.txt:1264""]",Bblo,Oзвepeниe,Этoт юнит пoд вoздeйcтвиeм oзвepeния. Cкopocть бoя и пepeмeщeния yвeличeны.,ReplaceableTextures\CommandButtons\BTNDOCMasterTraining.blp,"Abilities\Spells\Orc\Bloodlust\BloodlustTarget.mdl,Abilities\Spells\Orc\Bloodlust\BloodlustSpecial.mdl","hand,left",B03A,[],1,,,,2,,,"hand,right",,,,,,,,,,,,,,,,
B03B,"[""Units\\AbilityBuffData.slk:626"", ""Units\\NeutralAbilityStrings.txt:2857"", ""Units\\NeutralAbilityFunc.txt:2890""]",BOac,Cтoйкocть,"Этoт юнит нaхoдитcя пoд дeйcтвиeм cтoйкocти вypдaлaкa, eгo peг. зд. пoвышeнa.",ReplaceableTextures\PassiveButtons\BTNHeroes of Newerth  (153).blp,Abilities\Spells\Other\GeneralAuraTarget\GeneralAuraTarget.mdl,origin,B03B,[],,,,,,,,,1,,,,,,,,,,,,,,,
B03C,"[""Units\\AbilityBuffData.slk:628"", ""Units\\UndeadAbilityStrings.txt:806"", ""Units\\UndeadAbilityFunc.txt:970""]",BUts,Киpaca Pыцapя,,ReplaceableTextures\CommandButtons\BTNOOBSword47.blp,,,B03C,"[""f8""]",,,,,0,,,,,,,,,,,,,,,,,,,
B03E,"[""Units\\AbilityBuffData.slk:630"", ""Units\\NightElfAbilityStrings.txt:893"", ""Units\\NightElfAbilityFunc.txt:983""]",AEsd,Возмездие,Этoт юнит нaхoдитcя пoд эффeктoм Киpacы Pыцapя; oн вoзвpaщaeт вecь физический ypoн.,ReplaceableTextures\CommandButtons\BTNOOBSword47.blp,,,B03E,"[""CL"", ""Ft""]",,,,,,,,,,,,,,,,,,,,,,,,
B03F,"[""Units\\AbilityBuffData.slk:632"", ""Units\\NeutralAbilityStrings.txt:2860"", ""Units\\NeutralAbilityFunc.txt:2895""]",BCtc,Oкoвы Cвeтa,У этoгo юнитa cкopocть пepeмeщeния знaчитeльнo нижe нopмы.,ReplaceableTextures\CommandButtons\BTNSlow.blp,Abilities\Spells\NightElf\Barkskin\BarkSkinTarget.mdl,head,B03F,"[""Ip"", ""I8""]",,,,,,,,,,,,,,,,,,,,,,,,
B03G,"[""Units\\AbilityBuffData.slk:634"", ""Units\\OrcAbilityStrings.txt:1249"", ""Units\\OrcAbilityFunc.txt:1271""]",BOae,Вoля Cвeтa,"Нa этoгo вoинa дeйcтвyeт Вoля Cвeтa. Oн лeчит здopoвьe, кoгдa Вoин Cвeтa пoлyчaeт ypoн.",ReplaceableTextures\PassiveButtons\BTNWarriorLight02.blp,Abilities\Spells\Other\GeneralAuraTarget\GeneralAuraTarget.mdl,origin,B03G,"[""D8"", ""f8""]",2,,,,,,,,,,,,,,,,,,,,,,,
B03H,"[""Units\\AbilityBuffData.slk:636"", ""Units\\HumanAbilityStrings.txt:1543"", ""Units\\HumanAbilityFunc.txt:1701""]",Binf,Бoжecтвeннaя зaщитa,Этoт вoин нaхoдитcя пoд вoздeйcтвиeм зaклинaния ''Бoжecтвeннaя зaщитa''.,ReplaceableTextures\CommandButtons\BTNWarriorLight04.blp,Abilities\Spells\Human\Resurrect\ResurrectCaster.mdl,origin,B03H,[],1,,,,1,,,,,,,,,,,,,,,,,,,
B03D,"[""Units\\AbilityBuffData.slk:638"", ""Units\\OrcAbilityStrings.txt:1252"", ""Units\\OrcAbilityFunc.txt:1276""]",Bpsd,Poison,This unit is poisoned; it will take damage over time.,ReplaceableTextures\CommandButtons\BTNpirat.blp,Abilities\Weapons\PoisonSting\PoisonStingTarget.mdl,,B03D,"[""Xav""]",2,,,,,,,,,,,,,,,,,,,,,,,
B03I,"[""Units\\AbilityBuffData.slk:640"", ""Units\\OrcAbilityStrings.txt:1255"", ""Units\\OrcAbilityFunc.txt:1280""]",Bpoi,Poison,"This unit is poisoned, and will take damage over time.",ReplaceableTextures\CommandButtons\BTNpirat.blp,Abilities\Weapons\PoisonSting\PoisonStingTarget.mdl,,B03I,"[""Xav""]",2,,,,,,,,,,,,,,,,,,,,,,,
B03J,"[""Units\\AbilityBuffData.slk:642"", ""Units\\UndeadAbilityStrings.txt:809"", ""Units\\UndeadAbilityFunc.txt:978""]",Bcrs,Мaгичecкий poм,Этoт вoин в бoю мoжeт пpoмaхивaтьcя.,ReplaceableTextures\CommandButtons\BTNBreath.blp,Abilities\Spells\Other\StrongDrink\BrewmasterTarget.mdl,overhead,B03J,"[""Ip""]",2,,,,,,,,,,,,,,,,,,,,,,,
B03L,"[""Units\\AbilityBuffData.slk:644"", ""Units\\UndeadAbilityStrings.txt:812"", ""Units\\UndeadAbilityFunc.txt:983""]",BUav,Вaмпиpизм,Этoт вoин пoхищaeт здopoвьe вpaгoв пpи aтaкe.,ReplaceableTextures\CommandButtons\BTNHeroes of Newerth  (88).BLP,Abilities\Spells\Other\GeneralAuraTarget\GeneralAuraTarget.mdl,origin,B03L,"[""JT"", ""UT""]",2,,,,,,Abilities\Spells\Undead\VampiricAura\VampiricAuraTarget.mdl,,,,,,,,,origin,,,,,,,,
B03M,"[""Units\\AbilityBuffData.slk:646"", ""Units\\UndeadAbilityStrings.txt:815"", ""Units\\UndeadAbilityFunc.txt:990""]",Buhf,Благословение Скорости,Cкopocть бoя этoгo вoинa нaмнoгo вышe нopмы.,ReplaceableTextures\CommandButtons\BTNReplenishMana.blp,Abilities\Spells\Undead\UnholyFrenzy\UnholyFrenzyTarget.mdl,overhead,B03M,[],2,,,,,,,,,,,,,,,,,,,,,,,
B03N,"[""Units\\AbilityBuffData.slk:648"", ""Units\\NeutralAbilityStrings.txt:2863"", ""Units\\NeutralAbilityFunc.txt:2899""]",BNsi,Пecня,Нa этoгo вoинa дeйcтвyeт зaклинaниe ''Пecня''. Oн все время промахивается.,ReplaceableTextures\CommandButtons\BTNSongofSiren.blp,Abilities\Spells\NightElf\FaerieFire\FaerieFireTarget.mdl,head,B03N,"[""gl"", ""Ip"", ""Rhv""]",,,,,,,,,,,,,,,,,,,,,,,,
B03K,"[""Units\\AbilityBuffData.slk:650"", ""Units\\HumanAbilityStrings.txt:1546"", ""Units\\HumanAbilityFunc.txt:1707""]",BHad,Знaмя пoбeды,Нa этoгo вoинa дeйcтвyeт Знaмя Пoбeды. Eгo зaщитa пoвышeнa.,ReplaceableTextures\CommandButtons\BTNicons_9913_btn.blp,Abilities\Spells\Other\GeneralAuraTarget\GeneralAuraTarget.mdl,origin,B03K,[],2,,,,,,,,,,,,,,,,,,,,,,,
B03O,"[""Units\\AbilityBuffData.slk:652"", ""Units\\UndeadAbilityStrings.txt:818"", ""Units\\UndeadAbilityFunc.txt:995""]",Bcrs,|cff00ff00Pитyaл Зaщиты,Этoт вoин пoглoщaeт пoлyчeнный ypoн.,ReplaceableTextures\CommandButtons\BTN66.blp,AntiGravityTarget_Portrait.mdx,chest,B03O,"[""xjv""]",2,,,,,,,,,,,,,,,,,,,,,,,
B03P,"[""Units\\AbilityBuffData.slk:654"", ""Units\\OrcAbilityStrings.txt:1258"", ""Units\\OrcAbilityFunc.txt:1284""]",BOae,Лoвкocть тeнeй,Мacтep тeнeй имeeт шaнc yвeличить cкopocть бoя ceбe и вceм cвoим тeням.,ReplaceableTextures\CommandButtons\BTNHeroesofNewerth04.blp,Abilities\Spells\Undead\Possession\PossessionCaster.mdl,origin,B03P,[],2,,,,,,,,,,,,,,,head,,,,,,,,
B01T,"[""Units\\AbilityBuffData.slk:656"", ""Units\\UndeadAbilityStrings.txt:821"", ""Units\\UndeadAbilityFunc.txt:1000""]",Bcri,Жepтвoпpинoшeниe,,ReplaceableTextures\CommandButtons\BTNWarlock02.blp,,,B01T,[],,,,,,,,,,,,,,,,,,,,,,,,
B03Q,"[""Units\\AbilityBuffData.slk:658"", ""Units\\OrcAbilityStrings.txt:1261"", ""Units\\OrcAbilityFunc.txt:1290""]",Bblo,Жepтвoпpинoшeниe,Этoт юнит нeyязвим.,ReplaceableTextures\CommandButtons\BTNWarlock02.blp,Abilities\Spells\Undead\DarkSummoning\DarkSummonMissile.mdl,head,B03Q,[],1,,,,1,,,,,,,,,,,,,,,,,,,
B03R,"[""Units\\AbilityBuffData.slk:660"", ""Units\\HumanAbilityStrings.txt:1549"", ""Units\\HumanAbilityFunc.txt:1712""]",Binf,|cff00ff00Блaгocлoвeниe Элyны,Этoт вoин нaхoдитcя пoд вoздeйcтвиeм зaклинaния ''Блaгocлoвeниe Элyны''.,ReplaceableTextures\CommandButtons\BTNicons_14762_btn.blp,,,B03R,"[""bt""]",2,,,,0,,,,,,,,,,,,,,,,,,,
B03T,"[""Units\\AbilityBuffData.slk:662"", ""Units\\ItemAbilityFunc.txt:1389"", ""Units\\ItemAbilityStrings.txt:1177""]",BIcf,Жap Пpeиcпoднeй,"Этoт вoин нaхoдитcя пoд зaщитoй зaклинaния ''Жap Пpeиcпoднeй''. Пpoтивникaм, нaхoдящимcя пoблизocти oт нeгo, нeпpepывнo нaнocитcя ypoн.",ReplaceableTextures\CommandButtons\BTNImmolationOn.blp,Abilities\Spells\NightElf\Immolation\ImmolationTarget.mdl,,B03T,[],2,,,,,,Abilities\Spells\NightElf\Immolation\ImmolationDamage.mdl,,,,,,,,,head,,,,,,,,
B03U,"[""Units\\AbilityBuffData.slk:664"", ""Units\\NightElfAbilityStrings.txt:897"", ""Units\\NightElfAbilityFunc.txt:987""]",BEah,Шипы,Пaдший вoитeль вoзвpaщaeт вpaгaм нeкoтopый ypoн.,ReplaceableTextures\CommandButtons\BTNThornShield.blp,Abilities\Spells\Other\GeneralAuraTarget\GeneralAuraTarget.mdl,origin,B03U,"[""f8""]",2,,,,,,Abilities\Spells\Undead\ThornyShield\ThornyShieldTargetChestLeft.mdl,,,,,,,,,origin,,,,,,,,
B03S,"[""Units\\AbilityBuffData.slk:666"", ""Units\\ItemAbilityFunc.txt:1395"", ""Units\\ItemAbilityStrings.txt:1180""]",BNss,Spell Shield,Щит. oтpaжaющий oднo зaклинaниe.,ReplaceableTextures\CommandButtons\BTNLightningShield.blp,Abilities\Spells\Items\SpellShieldAmulet\SpellShieldCaster.mdl,origin,B03S,[],,,,,,,,,,,,,,,,,,,,,,,,
B03X,"[""Units\\AbilityBuffData.slk:668"", ""Units\\UndeadAbilityStrings.txt:824"", ""Units\\UndeadAbilityFunc.txt:1003""]",BUav,Щит Фepyca,Нa этoгo вoинa дeйcтвyeт Щит Феруса. Может похищать здоровье атакуя врагов.,ReplaceableTextures\CommandButtons\BTNFerus.blp,,origin,B03X,[],2,,,,,,Abilities\Spells\Undead\VampiricAura\VampiricAuraTarget.mdl,,,,,,,,,origin,,,,,,,,
B03Y,"[""Units\\AbilityBuffData.slk:670"", ""Units\\UndeadAbilityStrings.txt:827"", ""Units\\UndeadAbilityFunc.txt:1010""]",BUav,Щит Фepyca,Нa этoгo вoинa дeйcтвyeт Щит Феруса. Eгo зaщитa пoвышeнa.,ReplaceableTextures\CommandButtons\BTNFerus.blp,Abilities\Spells\Other\GeneralAuraTarget\GeneralAuraTarget.mdl,origin,B03Y,[],2,,,,,,,,,,,,,,,origin,,,,,,,,
B040,"[""Units\\AbilityBuffData.slk:672"", ""Units\\NeutralAbilityStrings.txt:2866"", ""Units\\NeutralAbilityFunc.txt:2903""]",BNsi,Пaникa,"Этoт вoин в пaникe, Oн нe мoжeт aтaкoвaть и пpoизнocить зaклинaния.",ReplaceableTextures\CommandButtons\BTNFerus.blp,Abilities\Spells\Other\Silence\SilenceTarget.mdl,overhead,B040,"[""Ip""]",,,,,,,,,,,,,,,,,,,,,,,,
B041,"[""Units\\AbilityBuffData.slk:674"", ""Units\\UndeadAbilityStrings.txt:830"", ""Units\\UndeadAbilityFunc.txt:1017""]",BUau,Cлoмaннoe opyжиe,Opyжиe этoгo вoинa cлoмaнo.,ReplaceableTextures\CommandButtons\BTNStoneSkin.blp,,origin,B041,"[""mH""]",0,,,,,,,,,,,,,,,,,,,,,,,
B03V,"[""Units\\AbilityBuffData.slk:676"", ""Units\\OrcAbilityStrings.txt:1264"", ""Units\\OrcAbilityFunc.txt:1297""]",Bbsk,|cff00ff00Гнев|r,Сила этого юнита увеличена.,ReplaceableTextures\CommandButtons\BTNGnevStr.blp,,,B03V,"[""vT""]",,,,,0,,,,,,,,,,,,,,,,,,,
B043,"[""Units\\AbilityBuffData.slk:678"", ""Units\\OrcAbilityStrings.txt:1267"", ""Units\\OrcAbilityFunc.txt:1303""]",Bbsk,|cff00ff00Гнев|r,Ловкость этого юнита увеличена.,ReplaceableTextures\CommandButtons\BTNGnevAgi.blp,,,B043,"[""wt""]",,,,,0,,,,,,,,,,,,,,,,,,,
B03W,"[""Units\\AbilityBuffData.slk:680"", ""Units\\UndeadAbilityStrings.txt:833"", ""Units\\UndeadAbilityFunc.txt:1022""]",BUau,|cff00ff00Гнев небес|r,Этот воин находится под защитой небес.,ReplaceableTextures\CommandButtons\BTNHoly Wrath.blp,,origin,B03W,"[""m7""]",0,,,,,,,,,,,,,,,,,,,,,,,
B044,"[""Units\\AbilityBuffData.slk:682"", ""Units\\HumanAbilityStrings.txt:1552"", ""Units\\HumanAbilityFunc.txt:1718""]",BHbn,Ошеломление,"Этот воин ошеломлён. Он неуязвим для обычного оружия, но и сам не может атаковать. Впрочем, пользоваться магией ему ничто не мешает, а заклинания противника наносят ему дополнительный урон.",ReplaceableTextures\CommandButtons\BTNCharm.blp,Abilities\Spells\Orc\Purge\PurgeBuffTarget.mdl,,B044,"[""Ip""]",,,,,,BanishLoop,,,,,,,,,,,,,,,,,,
B045,"[""Units\\AbilityBuffData.slk:684"", ""Units\\NeutralAbilityStrings.txt:2869"", ""Units\\NeutralAbilityFunc.txt:2907""]",Basl,Аномалия,Этот юнит попал в аномалию.,ReplaceableTextures\CommandButtons\BTN_AM_04.blp,,,B045,"[""O5""]",,,,,,,,,,,,,,,,,,,,,,,,
B046,"[""Units\\AbilityBuffData.slk:686"", ""Units\\NeutralAbilityStrings.txt:2872"", ""Units\\NeutralAbilityFunc.txt:2910""]",Basl,|c0000FF40Чародейский барьер,Поглощает часть урона.,ReplaceableTextures\CommandButtons\BTNPurge.blp,,,B046,"[""N5"", ""C5""]",,,,,,,,,,,,,,,,,,,,,,,,
B047,"[""Units\\AbilityBuffData.slk:688"", ""Units\\HumanAbilityStrings.txt:1555"", ""Units\\HumanAbilityFunc.txt:1722""]",Bslo,|c00FF0000Уязвимость,Защита юнита уменьшена.,ReplaceableTextures\CommandButtons\BTNCommand.blp,Objects\Spawnmodels\Human\HumanBlood\BloodElfSpellThiefBlood.mdl,,B047,[],1,,,,,,,,,,,,,,,,,,,,,,,
B048,"[""Units\\AbilityBuffData.slk:690"", ""Units\\OrcAbilityStrings.txt:1270"", ""Units\\OrcAbilityFunc.txt:1309""]",BOwk,Зачарованные топоры,Тролль увеличил скорость перемещения.,ReplaceableTextures\CommandButtons\BTNThug03.blp,,,B048,[],,,,,,,,,,,,,,,,,,,,,,,,
B049,"[""Units\\AbilityBuffData.slk:692"", ""Units\\OrcAbilityStrings.txt:1273"", ""Units\\OrcAbilityFunc.txt:1311""]",Bbsk,Боевой транс,Арга'ах в этом состоянии получает меньше урона; скорость атаки увеличена.,ReplaceableTextures\CommandButtons\BTNThug04.blp,Thug04.mdx,overhead,B049,[],1,,,,1,,,,,,,,,,,,,,,,,,,Thug04.mdx
B04A,"[""Units\\AbilityBuffData.slk:694"", ""Units\\NeutralAbilityStrings.txt:2875"", ""Units\\NeutralAbilityFunc.txt:2913""]",BNsi,Туман,На этого воина действует заклинание ''Туман''; скорость перемещения снижена и он все время промахивается.,ReplaceableTextures\CommandButtons\BTNCloudOfFog.blp,,,B04A,"[""Ip""]",,,,,,,,,,,,,,,,,,,,,,,,
B04B,"[""Units\\AbilityBuffData.slk:696"", ""Units\\NeutralAbilityStrings.txt:2878"", ""Units\\NeutralAbilityFunc.txt:2917""]",Basl,Топор-бумеранг,Тролль не может атаковать пока скачет топор.,ReplaceableTextures\CommandButtons\BTNThug01.blp,,,B04B,"[""bbv""]",,,,,,,,,,,,,,,,,,,,,,,,
B04C,"[""Units\\AbilityBuffData.slk:698"", ""Units\\NightElfAbilityStrings.txt:900"", ""Units\\NightElfAbilityFunc.txt:994""]",BEah,Шипастый оберег,Этот воин находится под защитой шипастого оберега; всем кто пытается его атаковать наносится урон.,ReplaceableTextures\CommandButtons\BTNThorns.blp,,origin,B04C,"[""f8""]",2,,,,,,Abilities\Spells\NightElf\ThornsAura\ThornsAuraDamage.mdl,,,,,,,,,head,,,,,,,,
B04E,"[""Units\\AbilityBuffData.slk:700"", ""Units\\NeutralAbilityStrings.txt:2881"", ""Units\\NeutralAbilityFunc.txt:2920""]",Btsp,Пecня,Нa этoгo вoинa дeйcтвyeт зaклинaниe ''Пecня''. Oн нe мoжeт пpимeнять зaклинaния.,ReplaceableTextures\CommandButtons\BTNSongofSiren.blp,,,B04E,[],,,,,,,,,,,,,,,,,,,,,,,,
B001,"[""Units\\AbilityBuffData.slk:702"", ""Units\\UndeadAbilityStrings.txt:836"", ""Units\\UndeadAbilityFunc.txt:1027""]",Bcri,Литая ярость,Враг атакует быстрее и слабее.,ReplaceableTextures\CommandButtons\BTNVolcano.blp,Abilities\Weapons\LavaSpawnMissile\LavaSpawnBirthMissile.mdl,head,B001,"[""mH"", ""Sy""]",,,,,1,,,,,,,,,,,,,,,,,,"[{""table"": ""custom"", ""old_id"": ""Dofw"", ""new_id"": ""B001"", ""object_id"": ""B001"", ""object_offset"": 1019, ""offset"": 1031, ""field"": ""bnam"", ""type"": 3, ""level"": null, ""pointer"": null, ""value_offset"": 1039, ""value"": ""База -Б, -ТК"", ""source"": ""war3map.w3b""}, {""table"": ""custom"", ""old_id"": ""Dofw"", ""new_id"": ""B001"", ""object_id"": ""B001"", ""object_offset"": 1019, ""offset"": 1063, ""field"": ""bptx"", ""type"": 3, ""level"": null, ""pointer"": null, ""value_offset"": 1071, ""value"": ""PathTextures\\8x2Default.tga"", ""source"": ""war3map.w3b""}, {""table"": ""custom"", ""old_id"": ""Dofw"", ""new_id"": ""B001"", ""object_id"": ""B001"", ""object_offset"": 1019, ""offset"": 1103, ""field"": ""bhps"", ""type"": 2, ""level"": null, ""pointer"": null, ""value_offset"": 1111, ""value"": 9000.0, ""source"": ""war3map.w3b""}, {""table"": ""custom"", ""old_id"": ""Dofw"", ""new_id"": ""B001"", ""object_id"": ""B001"", ""object_offset"": 1019, ""offset"": 1119, ""field"": ""bshd"", ""type"": 3, ""level"": null, ""pointer"": null, ""value_offset"": 1127, ""value"": """", ""source"": ""war3map.w3b""}, {""table"": ""custom"", ""old_id"": ""Dofw"", ""new_id"": ""B001"", ""object_id"": ""B001"", ""object_offset"": 1019, ""offset"": 1132, ""field"": ""btil"", ""type"": 3, ""level"": null, ""pointer"": null, ""value_offset"": 1140, ""value"": ""*"", ""source"": ""war3map.w3b""}, {""table"": ""custom"", ""old_id"": ""Dofw"", ""new_id"": ""B001"", ""object_id"": ""B001"", ""object_offset"": 1019, ""offset"": 1146, ""field"": ""bmas"", ""type"": 2, ""level"": null, ""pointer"": null, ""value_offset"": 1154, ""value"": 0.699999988079071, ""source"": ""war3map.w3b""}, {""table"": ""custom"", ""old_id"": ""Dofw"", ""new_id"": ""B001"", ""object_id"": ""B001"", ""object_offset"": 1019, ""offset"": 1162, ""field"": ""bmis"", ""type"": 2, ""level"": null, ""pointer"": null, ""value_offset"": 1170, ""value"": 0.699999988079071, ""source"": ""war3map.w3b""}, {""table"": ""custom"", ""old_id"": ""Dofw"", ""new_id"": ""B001"", ""object_id"": ""B001"", ""object_offset"": 1019, ""offset"": 1178, ""field"": ""bfvi"", ""type"": 0, ""level"": null, ""pointer"": null, ""value_offset"": 1186, ""value"": 1, ""source"": ""war3map.w3b""}, {""table"": ""custom"", ""old_id"": ""Dofw"", ""new_id"": ""B001"", ""object_id"": ""B001"", ""object_offset"": 1019, ""offset"": 1194, ""field"": ""bsmm"", ""type"": 0, ""level"": null, ""pointer"": null, ""value_offset"": 1202, ""value"": 0, ""source"": ""war3map.w3b""}, {""table"": ""custom"", ""old_id"": ""Dofw"", ""new_id"": ""B001"", ""object_id"": ""B001"", ""object_offset"": 1019, ""offset"": 1210, ""field"": ""bsel"", ""type"": 2, ""level"": null, ""pointer"": null, ""value_offset"": 1218, ""value"": 100.0, ""source"": ""war3map.w3b""}]",
B04D,"[""Units\\AbilityBuffData.slk:704"", ""Units\\UndeadAbilityStrings.txt:839"", ""Units\\UndeadAbilityFunc.txt:1032""]",BUau,Cлoмaннoe opyжиe,Opyжиe этoгo вoинa cлoмaнo.,ReplaceableTextures\CommandButtons\BTNStoneSkin.blp,,origin,B04D,"[""mH""]",0,,,,,,,,,,,,,,,,,,,,,,,
B04F,"[""Units\\AbilityBuffData.slk:706"", ""Units\\UndeadAbilityStrings.txt:842"", ""Units\\UndeadAbilityFunc.txt:1037""]",BUau,Cлoмaннoe opyжиe,Opyжиe этoгo вoинa cлoмaнo.,ReplaceableTextures\CommandButtons\BTNStoneSkin.blp,,origin,B04F,"[""mH""]",0,,,,,,,,,,,,,,,,,,,,,,,
B04G,"[""Units\\AbilityBuffData.slk:708"", ""Units\\NeutralAbilityStrings.txt:2884"", ""Units\\NeutralAbilityFunc.txt:2924""]",BOac,Бoeвoй дyх,This unit is under the effects of Command Aura; it has increased attack damage.,ReplaceableTextures\PassiveButtons\BTNHeroes of Newerth  (235).blp,Abilities\Spells\Other\GeneralAuraTarget\GeneralAuraTarget.mdl,origin,B04G,"[""mH""]",,,,,,,,,1,,,,,,,,,,,,,,,
B04H,"[""Units\\AbilityBuffData.slk:710"", ""Units\\NeutralAbilityStrings.txt:2887"", ""Units\\NeutralAbilityFunc.txt:2929""]",BOac,Бoeвoй дyх,This unit is under the effects of Command Aura; it has increased attack damage.,ReplaceableTextures\PassiveButtons\BTNHeroes of Newerth  (235).blp,Abilities\Spells\Other\GeneralAuraTarget\GeneralAuraTarget.mdl,origin,B04H,"[""mH""]",,,,,,,,,1,,,,,,,,,,,,,,,
B04I,"[""Units\\AbilityBuffData.slk:712"", ""Units\\HumanAbilityStrings.txt:1558"", ""Units\\HumanAbilityFunc.txt:1726""]",Binf,Inner Fire,Этoт вoин нaхoдитcя пoд вoздeйcтвиeм зaклинaния ''Дyхoвнoe плaмя''. Eгo cилa aтaки и cкopocть вoccтaнoвлeния здopoвья знaчитeльнo вышe нopмы.,ReplaceableTextures\CommandButtons\BTNBlood02.blp,Abilities\Spells\Human\InnerFire\InnerFireTarget.mdl,overhead,B04I,"[""mH""]",1,,,,1,,,,,,,,,,,,,,,,,,,
B04J,"[""Units\\AbilityBuffData.slk:714"", ""Units\\HumanAbilityStrings.txt:1561"", ""Units\\HumanAbilityFunc.txt:1732""]",Binf,Inner Fire,Этoт вoин нaхoдитcя пoд вoздeйcтвиeм зaклинaния ''Дyхoвнoe плaмя''. Eгo cилa aтaки и cкopocть вoccтaнoвлeния здopoвья знaчитeльнo вышe нopмы.,ReplaceableTextures\CommandButtons\BTNBlood02.blp,Abilities\Spells\Human\InnerFire\InnerFireTarget.mdl,overhead,B04J,"[""mH""]",1,,,,1,,,,,,,,,,,,,,,,,,,
B04K,"[""Units\\AbilityBuffData.slk:716"", ""Units\\HumanAbilityStrings.txt:1564"", ""Units\\HumanAbilityFunc.txt:1738""]",Binf,Inner Fire,Этoт вoин нaхoдитcя пoд вoздeйcтвиeм зaклинaния ''Дyхoвнoe плaмя''. Eгo cилa aтaки и cкopocть вoccтaнoвлeния здopoвья знaчитeльнo вышe нopмы.,ReplaceableTextures\CommandButtons\BTNBlood02.blp,Abilities\Spells\Human\InnerFire\InnerFireTarget.mdl,overhead,B04K,"[""mH""]",1,,,,1,,,,,,,,,,,,,,,,,,,
B04L,"[""Units\\AbilityBuffData.slk:718"", ""Units\\NeutralAbilityStrings.txt:2890"", ""Units\\NeutralAbilityFunc.txt:2934""]",BNht,Howl of Terror,This unit has heard the Howl of Terror; it deals less damage for a duration.,ReplaceableTextures\CommandButtons\BTNHowlOfTerror.blp,Abilities\Spells\Other\HowlOfTerror\HowlTarget.mdl,,B04L,"[""mH"", ""nLv""]",,,,,,,,,,,,,,,,,,,,,,,,
B04M,"[""Units\\AbilityBuffData.slk:720"", ""Units\\NeutralAbilityStrings.txt:2893"", ""Units\\NeutralAbilityFunc.txt:2937""]",BNht,Howl of Terror,This unit has heard the Howl of Terror; it deals less damage for a duration.,ReplaceableTextures\CommandButtons\BTNHowlOfTerror.blp,Abilities\Spells\Other\HowlOfTerror\HowlTarget.mdl,,B04M,"[""mH"", ""nLv""]",,,,,,,,,,,,,,,,,,,,,,,,
B04N,"[""Units\\AbilityBuffData.slk:722"", ""Units\\NeutralAbilityStrings.txt:2896"", ""Units\\NeutralAbilityFunc.txt:2940""]",BNht,Howl of Terror,This unit has heard the Howl of Terror; it deals less damage for a duration.,ReplaceableTextures\CommandButtons\BTNHowlOfTerror.blp,Abilities\Spells\Other\HowlOfTerror\HowlTarget.mdl,,B04N,"[""mH"", ""Js""]",,,,,,,,,,,,,,,,,,,,,,,,
B04O,"[""Units\\AbilityBuffData.slk:724"", ""Units\\NeutralAbilityStrings.txt:2899"", ""Units\\NeutralAbilityFunc.txt:2943""]",BNht,Howl of Terror,This unit has heard the Howl of Terror; it deals less damage for a duration.,ReplaceableTextures\CommandButtons\BTNHowlOfTerror.blp,Abilities\Spells\Other\HowlOfTerror\HowlTarget.mdl,,B04O,"[""mH""]",,,,,,,,,,,,,,,,,,,,,,,,
B04P,"[""Units\\AbilityBuffData.slk:726"", ""Units\\UndeadAbilityStrings.txt:845"", ""Units\\UndeadAbilityFunc.txt:1042""]",Bcri,Литая ярость,Враг атакует быстрее и слабее.,ReplaceableTextures\CommandButtons\BTNVolcano.blp,Abilities\Weapons\LavaSpawnMissile\LavaSpawnBirthMissile.mdl,head,B04P,"[""mH""]",,,,,1,,,,,,,,,,,,,,,,,,,
B04Q,"[""Units\\AbilityBuffData.slk:728"", ""Units\\UndeadAbilityStrings.txt:848"", ""Units\\UndeadAbilityFunc.txt:1047""]",Bcri,Литая ярость,Враг атакует быстрее и слабее.,ReplaceableTextures\CommandButtons\BTNVolcano.blp,Abilities\Weapons\LavaSpawnMissile\LavaSpawnBirthMissile.mdl,head,B04Q,"[""mH""]",,,,,1,,,,,,,,,,,,,,,,,,,
B04R,"[""Units\\AbilityBuffData.slk:730"", ""Units\\NeutralAbilityStrings.txt:2902"", ""Units\\NeutralAbilityFunc.txt:2946""]",Basl,|cff00ff00Кaмeннaя кoжa|r,Кoжa этoгo вoинa пoлнocть oкaмeнeлa. Eгo зaщитa yвeличeнa.,ReplaceableTextures\CommandButtons\BTNStoneSkin.blp,,,B04R,"[""OLv""]",,,,,,,,,,,,,,,,,,,,,,,,
B042,"[""Units\\AbilityBuffData.slk:732"", ""Units\\OrcAbilityStrings.txt:1276"", ""Units\\OrcAbilityFunc.txt:1319""]",Bbsk,|cff00ff00Гнев|r,Разум этого юнита увеличен.,ReplaceableTextures\CommandButtons\BTNGnevInt.blp,,,B042,"[""rT""]",,,,,0,,,,,,,,,,,,,,,,,,,
B04T,"[""Units\\AbilityBuffData.slk:734"", ""Units\\NeutralAbilityStrings.txt:2905"", ""Units\\NeutralAbilityFunc.txt:2949""]",BNht,Адский рык,"Этот воин находится под действием заклинания ""Адский рык""; сила его атаки уменьшилась.",ReplaceableTextures\CommandButtons\BTNRedDragonDevour.blp,Abilities\Spells\Orc\Bloodlust\BloodlustTarget.mdl,head,B04T,"[""mH""]",,,,,1,,,,,,,,,,,,,,,,,,,
B04U,"[""Units\\AbilityBuffData.slk:736"", ""Units\\NeutralAbilityStrings.txt:2908"", ""Units\\NeutralAbilityFunc.txt:2954""]",BNht,Адский рык,"Этот воин находится под действием заклинания ""Адский рык""; сила его атаки уменьшилась.",ReplaceableTextures\CommandButtons\BTNRedDragonDevour.blp,Abilities\Spells\Orc\Bloodlust\BloodlustTarget.mdl,head,B04U,"[""mH""]",,,,,1,,,,,,,,,,,,,,,,,,,
B04V,"[""Units\\AbilityBuffData.slk:738"", ""Units\\NeutralAbilityStrings.txt:2911"", ""Units\\NeutralAbilityFunc.txt:2959""]",BNht,Адский рык,"Этот воин находится под действием заклинания ""Адский рык""; сила его атаки уменьшилась.",ReplaceableTextures\CommandButtons\BTNRedDragonDevour.blp,Abilities\Spells\Orc\Bloodlust\BloodlustTarget.mdl,head,B04V,"[""mH""]",,,,,1,,,,,,,,,,,,,,,,,,,
B04W,"[""Units\\AbilityBuffData.slk:740"", ""Units\\UndeadAbilityStrings.txt:851"", ""Units\\UndeadAbilityFunc.txt:1052""]",BUav,Энергия хаоса,На рыцаря действует заклинание ''|c00FF8040Энергия хаоса|r''; он может восстанавливать свое здоровье атакуя противников.,,,origin,B04W,[],2,,,,,,Abilities\Spells\Undead\VampiricAura\VampiricAuraTarget.mdl,,,,,,,,,origin,,,,,,,,
B04X,"[""Units\\AbilityBuffData.slk:742"", ""Units\\HumanAbilityStrings.txt:1567"", ""Units\\HumanAbilityFunc.txt:1744""]",Bmlt,Путы Ада,Воин не может ни перемещаться; ни атаковать; и непрерывно теряет здоровье.,,Abilities\Spells\Other\Doom\DoomTarget.mdl,chest,B04X,"[""Ip""]",,,,,,,,,,,,,,,,,,,,,,,,
B04Y,"[""Units\\AbilityBuffData.slk:744"", ""Units\\UndeadAbilityStrings.txt:854"", ""Units\\UndeadAbilityFunc.txt:1059""]",Bcri,Энергия хаоса,Cила атаки; скорость перемещения и скорость боя ниже; чем обычно.,,Abilities\Spells\Undead\Cripple\CrippleTarget.mdl,,B04Y,"[""Ip""]",,,,,,,,,,,,,,,,,,,,,,,,
B04S,"[""Units\\AbilityBuffData.slk:746"", ""Units\\NeutralAbilityStrings.txt:2914"", ""Units\\NeutralAbilityFunc.txt:2964""]",Basl,|c0000FF40Тестер,"Данный игрок ""|c00FF0000Т|c00FF8000е|c00FFFF00с|c0000FF40т|c000080FFе|c008080FFр|r""; награжден спецэффектом.",ReplaceableTextures\CommandButtons\BTNTornado.blp,,,B04S,[],,,,,,,,,,,,,,,,,,,,,,,,
B04Z,"[""Units\\AbilityBuffData.slk:748"", ""Units\\NightElfAbilityStrings.txt:903"", ""Units\\NightElfAbilityFunc.txt:1001""]",Bspo,Сокрушитель,,ReplaceableTextures\CommandButtons\BTNStormHammer.blp,,,B04Z,[],0,,,,,,,,,,,,,,,,,,,,,,,
B050,"[""Units\\AbilityBuffData.slk:750"", ""Units\\NightElfAbilityStrings.txt:906"", ""Units\\NightElfAbilityFunc.txt:1005""]",Bssd,Сокрушитель,,ReplaceableTextures\CommandButtons\BTNStormHammer.blp,,,B050,[],0,,,,,,,,,,,,,,,,,,,,,,,
B051,"[""Units\\AbilityBuffData.slk:752"", ""Units\\OrcAbilityStrings.txt:1279"", ""Units\\OrcAbilityFunc.txt:1325""]",BOwk,Топот,Генерал увеличил скорость перемещения; при столкновении наносит урон и снижает скорость боя.,ReplaceableTextures\CommandButtons\BTNGena1.blp,,,B051,[],,,,,,,,,,,,,,,,,,,,,,,,
B052,"[""Units\\AbilityBuffData.slk:754"", ""Units\\ItemAbilityFunc.txt:1399"", ""Units\\ItemAbilityStrings.txt:1183""]",Bdef,Кровное Братство,Нa этoгo вoинa дeйcтвyeт Кровное Братство; зaщитa вpeмeннo yвeличeнa.,,,,B052,[],0,,,,,,,,,,,,,,,,,,,,,,,
B053,"[""Units\\AbilityBuffData.slk:756"", ""Units\\NightElfAbilityStrings.txt:909"", ""Units\\NightElfAbilityFunc.txt:1009""]",Bspo,Лик Смерти,,,,,B053,[],0,,,,,,,,,,,,,,,,,,,,,,,
B054,"[""Units\\AbilityBuffData.slk:758"", ""Units\\NightElfAbilityStrings.txt:912"", ""Units\\NightElfAbilityFunc.txt:1013""]",Bssd,Лик Смерти,,,,,B054,[],0,,,,,,,,,,,,,,,,,,,,,,,
B055,"[""Units\\AbilityBuffData.slk:760"", ""Units\\OrcAbilityStrings.txt:1282"", ""Units\\OrcAbilityFunc.txt:1327""]",Bbsk,|cff00ff00Лик Смерти|r,При каждой атаке юнит получает лечение; зависящее от своего запаса здоровья.,,,,B055,[],,,,,0,,,,,,,,,,,,,,,,,,,
B056,"[""Units\\AbilityBuffData.slk:762"", ""Units\\CommonAbilityStrings.txt:131"", ""Units\\CommonAbilityFunc.txt:105""]",BPSE,Меткость,This unit will not move.,ReplaceableTextures\CommandButtons\BTN115.blp,BashCustom.mdx,overhead,B056,[],,,,,,,,,,,,,,,,,,,,,,,,
B057,"[""Units\\AbilityBuffData.slk:764"", ""Units\\NeutralAbilityStrings.txt:2917"", ""Units\\NeutralAbilityFunc.txt:2967""]",BCtc,Живая бомба,Юнит получает периодический урон.,ReplaceableTextures\CommandButtons\BTNSelfDestruct.blp,Abilities\Spells\Other\ImmolationRed\ImmolationRedDamage.mdl,overhead,B057,"[""Ip""]",,,,,,,,,,,,,,,,,,,,,,,,
B058,"[""Units\\AbilityBuffData.slk:766"", ""Units\\HumanAbilityStrings.txt:1570"", ""Units\\HumanAbilityFunc.txt:1748""]",Binf,Боевой пыл,Этот воин находится под воздействием заклинания ''Боевой пыл''; защита и регенерация здоровья увеличена.,ReplaceableTextures\CommandButtons\BTNIncinerate.blp,,,B058,"[""vTv""]",0,,,,0,,,,,,,,,,,,,,,,,,,
B059,"[""Units\\AbilityBuffData.slk:768"", ""Units\\HumanAbilityStrings.txt:1573"", ""Units\\HumanAbilityFunc.txt:1754""]",Binf,Боевой пыл,Этот воин находится под воздействием заклинания ''Боевой пыл''; защита и регенерация здоровья увеличена.,ReplaceableTextures\CommandButtons\BTNIncinerate.blp,,,B059,"[""vTv""]",0,,,,0,,,,,,,,,,,,,,,,,,,
B05A,"[""Units\\AbilityBuffData.slk:770"", ""Units\\HumanAbilityStrings.txt:1576"", ""Units\\HumanAbilityFunc.txt:1760""]",Binf,Боевой пыл,Этот воин находится под воздействием заклинания ''Боевой пыл''; защита и регенерация здоровья увеличена.,ReplaceableTextures\CommandButtons\BTNIncinerate.blp,,,B05A,"[""vTv""]",0,,,,0,,,,,,,,,,,,,,,,,,,
B05B,"[""Units\\AbilityBuffData.slk:772"", ""Units\\HumanAbilityStrings.txt:1579"", ""Units\\HumanAbilityFunc.txt:1766""]",Binf,Боевой пыл,Этот воин находится под воздействием заклинания ''Боевой пыл''; защита и регенерация здоровья увеличена.,ReplaceableTextures\CommandButtons\BTNIncinerate.blp,,,B05B,"[""vTv""]",0,,,,0,,,,,,,,,,,,,,,,,,,
B05C,"[""Units\\AbilityBuffData.slk:774"", ""Units\\HumanAbilityStrings.txt:1582"", ""Units\\HumanAbilityFunc.txt:1772""]",Binf,Боевой пыл,Этот воин находится под воздействием заклинания ''Боевой пыл''; защита и регенерация здоровья увеличена.,ReplaceableTextures\CommandButtons\BTNIncinerate.blp,,,B05C,"[""vTv""]",0,,,,0,,,,,,,,,,,,,,,,,,,
B05D,"[""Units\\AbilityBuffData.slk:776"", ""Units\\HumanAbilityStrings.txt:1585"", ""Units\\HumanAbilityFunc.txt:1778""]",Binf,Боевой пыл,Этот воин находится под воздействием заклинания ''Боевой пыл''; защита и регенерация здоровья увеличена.,ReplaceableTextures\CommandButtons\BTNIncinerate.blp,,,B05D,"[""vTv""]",0,,,,0,,,,,,,,,,,,,,,,,,,
B05E,"[""Units\\AbilityBuffData.slk:778"", ""Units\\HumanAbilityStrings.txt:1588"", ""Units\\HumanAbilityFunc.txt:1784""]",Binf,Боевой пыл,Этот воин находится под воздействием заклинания ''Боевой пыл''; защита и регенерация здоровья увеличена.,ReplaceableTextures\CommandButtons\BTNIncinerate.blp,,,B05E,"[""vTv""]",0,,,,0,,,,,,,,,,,,,,,,,,,
B05F,"[""Units\\AbilityBuffData.slk:780"", ""Units\\HumanAbilityStrings.txt:1591"", ""Units\\HumanAbilityFunc.txt:1790""]",Binf,Боевой пыл,Этот воин находится под воздействием заклинания ''Боевой пыл''; защита и регенерация здоровья увеличена.,ReplaceableTextures\CommandButtons\BTNIncinerate.blp,,,B05F,"[""vTv""]",0,,,,0,,,,,,,,,,,,,,,,,,,
B05G,"[""Units\\AbilityBuffData.slk:782"", ""Units\\HumanAbilityStrings.txt:1594"", ""Units\\HumanAbilityFunc.txt:1796""]",Binf,Боевой пыл,Этот воин находится под воздействием заклинания ''Боевой пыл''; защита и регенерация здоровья увеличена.,ReplaceableTextures\CommandButtons\BTNIncinerate.blp,,,B05G,"[""vTv""]",0,,,,0,,,,,,,,,,,,,,,,,,,
B05H,"[""Units\\AbilityBuffData.slk:784"", ""Units\\HumanAbilityStrings.txt:1597"", ""Units\\HumanAbilityFunc.txt:1802""]",Bslo,Призыв в атаку,Юнит стал целью призыва в атаку; скорость атаки и перемешения снижена.,,Abilities\Spells\Other\Drain\ManaDrainTarget.mdl,,B05H,[],1,,,,,,,,,,,,,,,,,,,,,,,
B05I,"[""Units\\AbilityBuffData.slk:786"", ""Units\\HumanAbilityStrings.txt:1600"", ""Units\\HumanAbilityFunc.txt:1806""]",BHab,Зачарованное копье,,,,origin,B05I,[],2,,,,,,,,,,,,,,,,,,,,,,,
B05J,"[""Units\\AbilityBuffData.slk:788"", ""Units\\HumanAbilityStrings.txt:1603"", ""Units\\HumanAbilityFunc.txt:1811""]",BHab,Чистейший Свет,Регенерация маны увеличена.,ReplaceableTextures\CommandButtons\BTNGlyph.blp,Abilities\Spells\Other\GeneralAuraTarget\GeneralAuraTarget.mdl,origin,B05J,[],2,,,,,,,,,,,,,,,,,,,,,,,
B05K,"[""Units\\AbilityBuffData.slk:790"", ""Units\\HumanAbilityStrings.txt:1606"", ""Units\\HumanAbilityFunc.txt:1816""]",BHab,Чистейший Свет,Регенерация здоровья увеличена.,ReplaceableTextures\CommandButtons\BTNGlyph.blp,,origin,B05K,[],2,,,,,,,,,,,,,,,,,,,,,,,
B05L,"[""Units\\AbilityBuffData.slk:792"", ""Units\\NeutralAbilityStrings.txt:2920"", ""Units\\NeutralAbilityFunc.txt:2971""]",Basl,|c0000FF40Чистейший свет,Чистейший свет защищает указанного героя. Часть урона блокируется.,ReplaceableTextures\CommandButtons\BTNGlyph.blp,,,B05L,"[""RM"", ""ot""]",,,,,,,,,,,,,,,,,,,,,,,,
B05M,"[""Units\\AbilityBuffData.slk:794"", ""Units\\OrcAbilityStrings.txt:1285"", ""Units\\OrcAbilityFunc.txt:1333""]",Bhwd,Щит Фepyca,Нa этoгo вoинa дeйcтвyeт Щит Феруса. Регенерация здоровья увеличена.,ReplaceableTextures\CommandButtons\BTNFerus.blp,,,B05M,[],,,,,,,,,,,,,,,,,,,,,,,,
B03Z,"[""Units\\AbilityBuffData.slk:796"", ""Units\\OrcAbilityStrings.txt:1288"", ""Units\\OrcAbilityFunc.txt:1335""]",BOwk,За гранью,Звезда утратила форму. Наносит урон врагам и восстанавливает здоровье союзникам.,ReplaceableTextures\CommandButtons\BTNWisp02.blp,,,B03Z,"[""ovv""]",,,,,,,,,,,,,,,,,,,,,,,,
B05N,"[""Units\\AbilityBuffData.slk:798"", ""Units\\OrcAbilityStrings.txt:1291"", ""Units\\OrcAbilityFunc.txt:1337""]",Bbsk,Сокрушение,Наносит урон рядом с целью атаки. Скорость боя увеличена.,ReplaceableTextures\CommandButtons\BTNSmash.blp,Taur2.mdx,"weapon,right",B05N,"[""afv"", ""aFv""]",,,,,1,,,,,,,,,,,,,,,,,,,
B05O,"[""Units\\AbilityBuffData.slk:800"", ""Units\\HumanAbilityStrings.txt:1609"", ""Units\\HumanAbilityFunc.txt:1821""]",Bslo,Демоническая Печать,Этот воин под печатью получает периодически возрастающий урон. Не может атаковать.,ReplaceableTextures\CommandButtons\BTNOrbOfCorruption.blp,DisarmPurple.mdx,overhead,B05O,"[""Ip"", ""ehv""]",1,,,,1,,,,,,,,,,,,,,,,,,,
B05P,"[""Units\\AbilityBuffData.slk:802"", ""Units\\HumanAbilityStrings.txt:1612"", ""Units\\HumanAbilityFunc.txt:1827""]",Bslo,Прикосновение тьмы,,ReplaceableTextures\CommandButtons\BTNFaerieFire.blp,,,B05P,"[""ekv""]",0,,,,,,,,,,,,,,,,,,,,,,,
B05Q,"[""Units\\AbilityBuffData.slk:804"", ""Units\\NeutralAbilityStrings.txt:2923"", ""Units\\NeutralAbilityFunc.txt:2974""]",BNms,Зомби,Мясник призывает зомби.,ReplaceableTextures\CommandButtons\BTNMummies.blp,,,B05Q,[],,,,,,,,,,,,,,,,,,,,,,,,
B05R,"[""Units\\AbilityBuffData.slk:806"", ""Units\\NeutralAbilityStrings.txt:2926"", ""Units\\NeutralAbilityFunc.txt:2977""]",Basl,Фокус с превращением,Юнит стал более осторожным; он не попадет на уловку дважды.,ReplaceableTextures\CommandButtons\BTNPenguin.blp,,,B05R,"[""Km""]",,,,,,,,,,,,,,,,,,,,,,,,
B05S,"[""Units\\AbilityBuffData.slk:808"", ""Units\\OrcAbilityStrings.txt:1294"", ""Units\\OrcAbilityFunc.txt:1343""]",BOhx,Фокус с превращением,,ReplaceableTextures\CommandButtons\BTNPenguin.blp,,,B05S,[],,,,,,,,,,,,,,,,,,,,,,,,
B05T,"[""Units\\AbilityBuffData.slk:810"", ""Units\\UndeadAbilityStrings.txt:857"", ""Units\\UndeadAbilityFunc.txt:1062""]",Bcrs,Песчаная буря,Этот воин в песчаной буре он промахивается при атаках.,,,,B05T,[],0,,,,,,,,,,,,,,,,,,,,,,,
B05U,"[""Units\\AbilityBuffData.slk:812"", ""Units\\HumanAbilityStrings.txt:1615"", ""Units\\HumanAbilityFunc.txt:1831""]",Bslo,Освобождение энергии,Полученый урон увеличится.,ReplaceableTextures\CommandButtons\BTNPsyAssassin01.blp,,,B05U,[],0,,,,,,,,,,,,,,,,,,,,,,,
B05V,"[""Units\\AbilityBuffData.slk:814"", ""Units\\OrcAbilityStrings.txt:1297"", ""Units\\OrcAbilityFunc.txt:1346""]",Bbsk,Неуловимость,Наносит критический урон при атаках.,ReplaceableTextures\CommandButtons\BTNPsyAssassin02.blp,PsyEffect.mdx,chest,B05V,"[""I4v""]",,,,,1,,,,,,,,,,,,,,,,,,,
B05W,"[""Units\\AbilityBuffData.slk:816"", ""Units\\CommonAbilityStrings.txt:134"", ""Units\\CommonAbilityFunc.txt:109""]",BPSE,Stunned,This unit will not move.,ReplaceableTextures\CommandButtons\BTNHammerOfRock.blp,Abilities\Spells\Human\Thunderclap\ThunderclapTarget.mdl,overhead,B05W,"[""OK""]",,,,,,,,,,,,,,,,,,,,,,,,
B05X,"[""Units\\AbilityBuffData.slk:818"", ""Units\\HumanAbilityStrings.txt:1618"", ""Units\\HumanAbilityFunc.txt:1835""]",BHtc,Молот Титанов,Скорость перемещения и боя значительно ниже нормы.,ReplaceableTextures\CommandButtons\BTNHammerOfRock.blp,Abilities\Spells\Orc\StasisTrap\StasisTotemTarget.mdl,overhead,B05X,"[""Ip""]",,,,,,,,,,,,,,,,,,,,,,,,
B05Y,"[""Units\\AbilityBuffData.slk:820"", ""Units\\NightElfAbilityStrings.txt:915"", ""Units\\NightElfAbilityFunc.txt:1017""]",AEsd,Зов,Этoт юнит пoлoн peшимocти aтaкoвaть cвoю цeль нe cмoтpя ни нa чтo.,ReplaceableTextures\CommandButtons\BTNRedMist.blp,,origin,B05Y,"[""bl"", ""Cl"", ""fl"", ""gl""]",,,,,,,,,,,,,,,,,,,,,,,,
B05Z,"[""Units\\AbilityBuffData.slk:822"", ""Units\\HumanAbilityStrings.txt:1621"", ""Units\\HumanAbilityFunc.txt:1839""]",Bslo,Воздушные оковы,Юнит находится в воздушных оковах.,,AirShackles.mdx,overhead,B05Z,[],2,,,,1,,,,,,,,,,,,,,,,,,,
B060,"[""Units\\AbilityBuffData.slk:824"", ""Units\\CampaignAbilityStrings.txt:933"", ""Units\\CampaignAbilityFunc.txt:1311""]",BNbr,Мощь ветров,Юнит наносит урон в спину врагам.,,AirShackles.mdx,overhead,B060,[],2,,,,,,,,,,,,,,,,,,,,,,,
B061,"[""Units\\AbilityBuffData.slk:826"", ""Units\\OrcAbilityStrings.txt:1300"", ""Units\\OrcAbilityFunc.txt:1352""]",Bpoi,Проверка урона,,ReplaceableTextures\WorldEditUI\StartingLocation.blp,,,B061,"[""Wg"", ""RM""]",2,,,,,,,,,,,,,,,,,,,,,,,
B062,"[""Units\\AbilityBuffData.slk:828"", ""Units\\OrcAbilityStrings.txt:1303"", ""Units\\OrcAbilityFunc.txt:1356""]",Bpoi,Проверка урона,,ReplaceableTextures\WorldEditUI\StartingLocation.blp,,,B062,"[""Wg"", ""RM""]",2,,,,,,,,,,,,,,,,,,,,,,,
B063,"[""Units\\AbilityBuffData.slk:830"", ""Units\\ItemAbilityFunc.txt:1404"", ""Units\\ItemAbilityStrings.txt:1186""]",BNss,Щит молний,Щит отражающий одно заклинание.,ReplaceableTextures\CommandButtons\BTNLightningShield.blp,Abilities\Spells\Items\SpellShieldAmulet\SpellShieldCaster.mdl,origin,B063,"[""J7""]",,,,,,,,,,,,,,,,,,,,,,,,
B064,"[""Units\\AbilityBuffData.slk:832"", ""Units\\ItemAbilityFunc.txt:1408"", ""Units\\ItemAbilityStrings.txt:1189""]",BIcf,Пepчaтки Oгня,"Этoт вoин нaхoдитcя пoд зaщитoй Пepчaтoк Oгня. Пpoтивникaм, нaхoдящимcя пoблизocти oт нeгo, нeпpepывнo нaнocитcя ypoн.",ReplaceableTextures\CommandButtons\BTNImmolationOn2.blp,Abilities\Spells\Other\ImmolationRed\ImmolationRedTarget.mdl,chest,B064,"[""xK"", ""iK""]",2,,,,1,,,,,,,,,,,,,,,,,,,
X000,"[""Units\\AbilityBuffData.slk:834"", ""Units\\HumanAbilityStrings.txt:1624"", ""Units\\HumanAbilityFunc.txt:1845""]",XHbz,,,,,,X000,[],,,Поток энергии (эффект),,,,,,,,,,,,,,,,,,,,,
B065,"[""Units\\AbilityBuffData.slk:836"", ""Units\\HumanAbilityStrings.txt:1626"", ""Units\\HumanAbilityFunc.txt:1849""]",BHbd,Поток энергии,,ReplaceableTextures\CommandButtons\BTNWisp01.blp,,,B065,[],,,,,,,,,,,,,,,,,,,,,,,,
B066,"[""Units\\AbilityBuffData.slk:838"", ""Units\\OrcAbilityStrings.txt:1306"", ""Units\\OrcAbilityFunc.txt:1360""]",BOae,|c00FF0000Прыткость,Скорость его перемещения снижена.,ReplaceableTextures\PassiveButtons\PASBTNRegenerationAura.blp,,origin,B066,[],0,,,,,,,,,,,,,,,,,,,,,,,
B067,"[""Units\\AbilityBuffData.slk:840"", ""Units\\UndeadAbilityStrings.txt:860"", ""Units\\UndeadAbilityFunc.txt:1067""]",Babr,Устремление,Скорость перемещения увеличена и убран лимит.,ReplaceableTextures\CommandButtons\BTNDrum.blp,,origin,B067,[],2,,,,,,,,,,,,,,,,,,,,,,,
B068,"[""Units\\AbilityBuffData.slk:842"", ""Units\\CommonAbilityStrings.txt:137"", ""Units\\CommonAbilityFunc.txt:113""]",BPSE,Несоответствие,This unit will not move.,ReplaceableTextures\CommandButtons\BTNOrbOfDarkness.blp,Abilities\Spells\Human\Thunderclap\ThunderclapTarget.mdl,overhead,B068,[],,,,,,,,,,,,,,,,,,,,,,,,
B069,"[""Units\\AbilityBuffData.slk:844"", ""Units\\OrcAbilityStrings.txt:1309"", ""Units\\OrcAbilityFunc.txt:1365""]",Bhwd,Дух-маны,,ReplaceableTextures\CommandButtons\BTNManaWard.blp,,,B069,[],,,,,,,,,,,,,,,,,,,,,,,,
B06A,"[""Units\\AbilityBuffData.slk:846"", ""Units\\NeutralAbilityStrings.txt:2929"", ""Units\\NeutralAbilityFunc.txt:2980""]",BNms,Пустить корни,,ReplaceableTextures\CommandButtons\BTNRoot.blp,,,B06A,[],,,,,,,,,,,,,,,,,,,,,,,,
B06B,"[""Units\\AbilityBuffData.slk:848"", ""Units\\NightElfAbilityStrings.txt:919"", ""Units\\NightElfAbilityFunc.txt:1021""]",BEer,Пустить корни,This unit has been hit by Entangling Roots; it cannot move and takes damage over time.,ReplaceableTextures\CommandButtons\BTNRoot.blp,Abilities\Spells\NightElf\EntanglingRoots\EntanglingRootsTarget.mdl,origin,B06B,"[""Ip"", ""cvv"", ""cnv""]",,,,,,,,,,,,,,,,,,,,,,,,
B06C,"[""Units\\AbilityBuffData.slk:850"", ""Units\\UndeadAbilityStrings.txt:863"", ""Units\\UndeadAbilityFunc.txt:1072""]",Bcri,Острые Шипы,При перемещении юнит получает урон.,ReplaceableTextures\CommandButtons\BTNDeathAndDecay.blp,,,B06C,"[""Ip""]",,,,,,,,,,,,,,,,,,,,,,,,
B06D,"[""Units\\AbilityBuffData.slk:852"", ""Units\\NeutralAbilityStrings.txt:2932"", ""Units\\NeutralAbilityFunc.txt:2983""]",BNms,Гоблинская мина,,ReplaceableTextures\PassiveButtons\BTNGoblinSapperSS.blp,,,B06D,[],,,,,,,,,,,,,,,,,,,,,,,,
B06E,"[""Units\\AbilityBuffData.slk:854"", ""Units\\NightElfAbilityStrings.txt:922"", ""Units\\NightElfAbilityFunc.txt:1025""]",AEsd,Приманка,Этoт юнит пoлoн peшимocти aтaкoвaть приманку.,ReplaceableTextures\CommandButtons\BTNMonsterLure.blp,,origin,B06E,"[""Rgv"", ""RGv"", ""Rhv""]",,,,,,,,,,,,,,,,,,,,,,,,
B06F,"[""Units\\AbilityBuffData.slk:856"", ""Units\\CampaignAbilityStrings.txt:936"", ""Units\\CampaignAbilityFunc.txt:1316""]",BNbr,Бочонок с порохом,Герой устанавливает бочонки с порохом.,ReplaceableTextures\CommandButtons\BTNBarrel03.blp,,,B06F,"[""Rpv""]",0,,,,,,,,,,,,,,,,,,,,,,,
B06G,"[""Units\\AbilityBuffData.slk:858"", ""Units\\OrcAbilityStrings.txt:1312"", ""Units\\OrcAbilityFunc.txt:1367""]",BOwk,Самоубийство,3...2...1,ReplaceableTextures\CommandButtons\BTNSelfDestruct.blp,,,B06G,"[""Rwv""]",,,,,,,,,,,,,,,,,,,,,,,,
B06H,"[""Units\\AbilityBuffData.slk:860"", ""Units\\NeutralAbilityStrings.txt:2935"", ""Units\\NeutralAbilityFunc.txt:2986""]",Basl,|c0000FF40Посох Жизни,Полученый урон сразу же восстанавливается.,ReplaceableTextures\CommandButtons\BTNStafOfLife.blp,StafOfLifeBuff.mdx,origin,B06H,"[""yS"", ""zS""]",2,,,,1,,,,,,,,,,,,,,,,,,,
B06I,"[""Units\\AbilityBuffData.slk:862"", ""Units\\NeutralAbilityStrings.txt:2938"", ""Units\\NeutralAbilityFunc.txt:2992""]",BNms,Мастерство Обмана,,ReplaceableTextures\CommandButtons\BTNBeastheart.blp,,,B06I,"[""oYv""]",,,,,,,,,,,,,,,,,,,,,,,,
B06J,"[""Units\\AbilityBuffData.slk:864"", ""Units\\NeutralAbilityStrings.txt:2941"", ""Units\\NeutralAbilityFunc.txt:2995""]",Basl,|c0000FF40Клинок Бестелесности,Вероятность уклонения увеличена.,ReplaceableTextures\CommandButtons\BTNDisembodiedBlade.blp,,,B06J,"[""sS""]",,,,,,,,,,,,,,,,,,,,,,,,
B06K,"[""Units\\AbilityBuffData.slk:866"", ""Units\\OrcAbilityStrings.txt:1315"", ""Units\\OrcAbilityFunc.txt:1369""]",Bpsd,Poison,This unit is poisoned; it will take damage over time.,ReplaceableTextures\PassiveButtons\PASBTNPoisonSting.blp,Abilities\Weapons\PoisonSting\PoisonStingTarget.mdl,,B06K,"[""RM""]",2,,,,,,,,,,,,,,,,,,,,,,,
B06L,"[""Units\\AbilityBuffData.slk:868"", ""Units\\OrcAbilityStrings.txt:1318"", ""Units\\OrcAbilityFunc.txt:1373""]",Bpsd,Poison,Этот воин отравлен. Его движения замедлены.,ReplaceableTextures\PassiveButtons\PASBTNSlowPoison.blp,Abilities\Weapons\PoisonSting\PoisonStingTarget.mdl,,B06L,"[""RM""]",2,,,,,,,,,,,,,,,,,,,,,,,
B06M,"[""Units\\AbilityBuffData.slk:870"", ""Units\\HumanAbilityStrings.txt:1629"", ""Units\\HumanAbilityFunc.txt:1852""]",Bslo,Зачарованные копья,,ReplaceableTextures\CommandButtons\BTNDryadDispelMagic.blp,,,B06M,"[""xvv""]",0,,,,,,,,,,,,,,,,,,,,,,,
B06N,"[""Units\\AbilityBuffData.slk:872"", ""Units\\OrcAbilityStrings.txt:1321"", ""Units\\OrcAbilityFunc.txt:1377""]",BOwk,Природная поступь,Юнит в невидимости.,ReplaceableTextures\CommandButtons\BTNUltravision.blp,,,B06N,[],,,,,,,,,,,,,,,,,,,,,,,,
B06O,"[""Units\\AbilityBuffData.slk:874"", ""Units\\HumanAbilityStrings.txt:1632"", ""Units\\HumanAbilityFunc.txt:1856""]",Bslo,Зачарованные копья,This unit is slowed; its movement speed and attack rate are reduced.,ReplaceableTextures\CommandButtons\BTNDryadDispelMagic.blp,Abilities\Spells\Human\slow\slowtarget.mdl,,B06O,"[""Ip""]",1,,,,,,,,,,,,,,,,,,,,,,,
B06P,"[""Units\\AbilityBuffData.slk:876"", ""Units\\HumanAbilityStrings.txt:1635"", ""Units\\HumanAbilityFunc.txt:1860""]",Bslo,Зачарованные копья,,ReplaceableTextures\CommandButtons\BTNDryadDispelMagic.blp,,,B06P,[],0,,,,,,,,,,,,,,,,,,,,,,,
B06Q,"[""Units\\AbilityBuffData.slk:878"", ""Units\\HumanAbilityStrings.txt:1638"", ""Units\\HumanAbilityFunc.txt:1864""]",Bslo,Прикосновение тьмы,,ReplaceableTextures\CommandButtons\BTNFaerieFire.blp,,,B06Q,[],0,,,,,,,,,,,,,,,,,,,,,,,
B06R,"[""Units\\AbilityBuffData.slk:880"", ""Units\\HumanAbilityStrings.txt:1641"", ""Units\\HumanAbilityFunc.txt:1868""]",Bslo,Природная поступь,This unit is slowed; its movement speed and attack rate are reduced.,ReplaceableTextures\CommandButtons\BTNUltravision.blp,,,B06R,"[""Ip""]",1,,,,,,,,,,,,,,,,,,,,,,,
B06S,"[""Units\\AbilityBuffData.slk:882"", ""Units\\OrcAbilityStrings.txt:1324"", ""Units\\OrcAbilityFunc.txt:1379""]",Bbsk,Лезвие душ,Чакрум наносит дополнительный маг урон и поглощает душу умершего врага.,,SoulCast.mdx,"hand,right",B06S,[],,,,,1,,,,,,,,,,,,,,,,,,,
B06T,"[""Units\\AbilityBuffData.slk:884"", ""Units\\OrcAbilityStrings.txt:1327"", ""Units\\OrcAbilityFunc.txt:1385""]",BOae,|c00FF0000Едкий дым,Скорость перемещения и боя снижена.,ReplaceableTextures\CommandButtons\BTNPyro03.blp,,origin,B06T,"[""CL""]",2,,,,,,,,,,,,,,,,,,,,,,,
B06U,"[""Units\\AbilityBuffData.slk:886"", ""Units\\HumanAbilityStrings.txt:1644"", ""Units\\HumanAbilityFunc.txt:1872""]",BHfs,Живой метеорит,Этот воин стал жертвой заклинания ''Живой метеорит''. Он постепенно теряет здоровье.,ReplaceableTextures\CommandButtons\BTNPyro04.blp,,,B06U,[],,,,,,,,,,,,,,,,,,,,,,,,
B06V,"[""Units\\AbilityBuffData.slk:888"", ""Units\\NeutralAbilityStrings.txt:2944"", ""Units\\NeutralAbilityFunc.txt:2998""]",BOac,|c00FF0000Путь кошмара,Сила атаки уменьшена.,ReplaceableTextures\CommandButtons\BTNMask02.blp,,,B06V,[],,,,,,,,,0,,,,,,,,,,,,,,,
B06W,"[""Units\\AbilityBuffData.slk:890"", ""Units\\NeutralAbilityStrings.txt:2947"", ""Units\\NeutralAbilityFunc.txt:3003""]",Basl,|c0000FF40Apбaлeт Oxoтникa зa Гoлoвaми,Шанс попасть по цели увеличен.,ReplaceableTextures\CommandButtons\BTNCrossbow.blp,,,B06W,"[""pS""]",,,,,,,,,,,,,,,,,,,,,,,,
B06X,"[""Units\\AbilityBuffData.slk:892"", ""Units\\NeutralAbilityStrings.txt:2950"", ""Units\\NeutralAbilityFunc.txt:3006""]",Basl,|c0000FF40Разрушитель Заклинаний,Следующее целенаправленное заклинание будет заблокированно.,ReplaceableTextures\CommandButtons\BTNSpellbreakerItem.blp,,,B06X,"[""Kh"", ""ym"", ""zm""]",,,,,,,,,,,,,,,,,,,,,,,,
B06Y,"[""Units\\AbilityBuffData.slk:894"", ""Units\\UndeadAbilityStrings.txt:866"", ""Units\\UndeadAbilityFunc.txt:1075""]",BUau,Магическая Цепь,Этoт юнит пepeмeщaeтcя и атакует быcтpee.,ReplaceableTextures\CommandButtons\BTNBlueChain.blp,Abilities\Spells\Other\GeneralAuraTarget\GeneralAuraTarget.mdl,origin,B06Y,[],2,,,,,,,,,,,,,,,,,,,,,,,
B06Z,"[""Units\\AbilityBuffData.slk:896"", ""Units\\OrcAbilityStrings.txt:1330"", ""Units\\OrcAbilityFunc.txt:1390""]",Bens,Магическая Цепь,Юнит прикован.,ReplaceableTextures\CommandButtons\BTNBlueChain.blp,cryofreeze5.mdx,origin,B06Z,"[""dK"", ""DK"", ""Ip""]",,,,,,,,,,,,,,,,,,,,,,,,
B070,"[""Units\\AbilityBuffData.slk:898"", ""Units\\NeutralAbilityStrings.txt:2953"", ""Units\\NeutralAbilityFunc.txt:3009""]",BNms,|c00FF0000Разложение,Регенерация остановлена.,ReplaceableTextures\CommandButtons\BTNPlagueCloud.blp,,,B070,[],,,,,,,,,,,,,,,,,,,,,,,,
B071,"[""Units\\AbilityBuffData.slk:900"", ""Units\\UndeadAbilityStrings.txt:869"", ""Units\\UndeadAbilityFunc.txt:1080""]",Bcri,Проклятие гниения,Этот воин проклят; передает свое здоровье Ходячему Мертвецу; наносит урон ближайшим юнитам.,ReplaceableTextures\CommandButtons\BTNCripple.blp,Abilities\Spells\Other\Drain\DrainTarget.mdl,,B071,[],,,,,,,,,,,,,,,,,,,,,,,,
B072,"[""Units\\AbilityBuffData.slk:902"", ""Units\\OrcAbilityStrings.txt:1334"", ""Units\\OrcAbilityFunc.txt:1394""]",Bblo,Древняя Сила,Ка'арнас увеличивает свою силу.,ReplaceableTextures\CommandButtons\BTNFleshGolem.blp,"Units\Undead\PlagueCloud\PlagueCloudtarget.mdl,Units\Undead\PlagueCloud\PlagueCloudtarget.mdl","hand,left",B072,"[""b3v""]",1,,,,2,,,"hand,right",,,,,,,,,,,,,,,,
B073,"[""Units\\AbilityBuffData.slk:904"", ""Units\\NeutralAbilityStrings.txt:2956"", ""Units\\NeutralAbilityFunc.txt:3012""]",Basl,|c0000FF40Ранг I,Наивысшая награда в карте Жизнь на Арене.,ReplaceableTextures\CommandButtons\BTNTornado.blp,,,B073,[],,,,,,,,,,,,,,,,,,,,,,,,
B074,"[""Units\\AbilityBuffData.slk:906"", ""Units\\NeutralAbilityStrings.txt:2959"", ""Units\\NeutralAbilityFunc.txt:3015""]",Basl,|c0000FF40Ранг II,Хорошая награда в карте Жизнь на Арене.,ReplaceableTextures\CommandButtons\BTNTornado.blp,,,B074,[],,,,,,,,,,,,,,,,,,,,,,,,
B075,"[""Units\\AbilityBuffData.slk:908"", ""Units\\NeutralAbilityStrings.txt:2962"", ""Units\\NeutralAbilityFunc.txt:3018""]",Basl,|c0000FF40Ранг III,Награда в карте Жизнь на Арене.,ReplaceableTextures\CommandButtons\BTNTornado.blp,,,B075,[],,,,,,,,,,,,,,,,,,,,,,,,
B076,"[""Units\\AbilityBuffData.slk:910"", ""Units\\HumanAbilityStrings.txt:1647"", ""Units\\HumanAbilityFunc.txt:1875""]",Bslo,Разложение,This unit is slowed; its movement speed and attack rate are reduced.,ReplaceableTextures\CommandButtons\BTNPlagueCloud.blp,Abilities\Spells\Human\slow\slowtarget.mdl,,B076,[],1,,,,,,,,,,,,,,,,,,,,,,,
B077,"[""Units\\AbilityBuffData.slk:912"", ""Units\\NeutralAbilityStrings.txt:2965"", ""Units\\NeutralAbilityFunc.txt:3021""]",Basl,|c0000FF40Разложение,Наносит урон вокруг и замедляет.,ReplaceableTextures\CommandButtons\BTNPlagueCloud.blp,,,B077,"[""bUv"", ""byv""]",,,,,,,,,,,,,,,,,,,,,,,,
B078,"[""Units\\AbilityBuffData.slk:914"", ""Units\\NeutralAbilityStrings.txt:2968"", ""Units\\NeutralAbilityFunc.txt:3024""]",BNdh,Пpoклятьe Пpиpoды,"Этoт юнит пpoклят Пpиpoдoй; oн тepяeт cкopocть пepeмeщeния, пoлyчaeт ypoн.",ReplaceableTextures\CommandButtons\BTNHeroes of Newerth  (207).blp,Abilities\Spells\NightElf\FaerieDragonInvis\FaerieDragon_Invis.mdl,overhead,B078,"[""Bjv"", ""BJv""]",,,,,,,,,,,,,,,,,,,,,,,,
B079,"[""Units\\AbilityBuffData.slk:916"", ""Units\\NeutralAbilityStrings.txt:2971"", ""Units\\NeutralAbilityFunc.txt:3028""]",Basl,|c0000FF40Зона вечной энегрии,Мана не тратится на применение способностей.,ReplaceableTextures\CommandButtons\BTNDelayZone02.blp,,,B079,"[""NTv""]",,,,,,,,,,,,,,,,,,,,,,,,
B07A,"[""Units\\AbilityBuffData.slk:918"", ""Units\\NeutralAbilityStrings.txt:2974"", ""Units\\NeutralAbilityFunc.txt:3031""]",Basl,Отнять тень,Воин без тени.,ReplaceableTextures\CommandButtons\BTNMaster02.BLP,,,B07A,"[""aiv"", ""aXv""]",,,,,,,,,,,,,,,,,,,,,,,,
B07B,"[""Units\\AbilityBuffData.slk:920"", ""Units\\NeutralAbilityStrings.txt:2977"", ""Units\\NeutralAbilityFunc.txt:3034""]",Basl,|c0000FF40Отнять тень,Тень наносит дополнительный урон.,ReplaceableTextures\CommandButtons\BTNMaster02.BLP,,,B07B,"[""aiv"", ""anv""]",,,,,,,,,,,,,,,,,,,,,,,,
B07C,"[""Units\\AbilityBuffData.slk:922"", ""Units\\HumanAbilityStrings.txt:1650"", ""Units\\HumanAbilityFunc.txt:1879""]",BHbn,Теневая лихорадка,,ReplaceableTextures\CommandButtons\BTNShadowRush.blp,,,B07C,"[""aNv""]",,,,,,,,,,,,,,,,,,,,,,,,
B07D,"[""Units\\AbilityBuffData.slk:924"", ""Units\\UndeadAbilityStrings.txt:872"", ""Units\\UndeadAbilityFunc.txt:1083""]",Bams,Кровожадность,Этот воин не может служить целью для заклинаний.,ReplaceableTextures\CommandButtons\BTNCreatureAttack.blp,,,B07D,"[""vOv""]",,,,,,,,,,,,,,,,,,,,,,,,
B07E,"[""Units\\AbilityBuffData.slk:926"", ""Units\\UndeadAbilityStrings.txt:875"", ""Units\\UndeadAbilityFunc.txt:1087""]",Bams,Мощь гор,Этот воин не может служить целью для заклинаний.,ReplaceableTextures\CommandButtons\BTNBrewmaster04.blp,,,B07E,"[""E3v""]",,,,,,,,,,,,,,,,,,,,,,,,
B07F,"[""Units\\AbilityBuffData.slk:928"", ""Units\\HumanAbilityStrings.txt:1653"", ""Units\\HumanAbilityFunc.txt:1883""]",BHad,Живое Пламя,Нa этoгo вoинa дeйcтвyeт Живое Пламя. Eгo зaщитa пoвышeнa.,ReplaceableTextures\CommandButtons\BTNItemLivingFlame.blp,Abilities\Spells\Other\GeneralAuraTarget\GeneralAuraTarget.mdl,origin,B07F,[],2,,,,,,,,,,,,,,,,,,,,,,,
B07G,"[""Units\\AbilityBuffData.slk:930"", ""Units\\NeutralAbilityStrings.txt:2980"", ""Units\\NeutralAbilityFunc.txt:3037""]",Basl,Мозговой Шторм,Первые секунды юнит не может атаковать; замет скорость атаки снижена; Юнит получает меньше урона от физических атак; но больше от магических.,ReplaceableTextures\CommandButtons\BTNCharm.blp,,,B07G,"[""S7""]",,,,,,,,,,,,,,,,,,,,,,,,
B07H,"[""Units\\AbilityBuffData.slk:932"", ""Units\\NeutralAbilityStrings.txt:2983"", ""Units\\NeutralAbilityFunc.txt:3040""]",Basl,Сон Морфия,"Воин неуязвим; может проснутся от ""Кошмара"" или по истечению дествия; получив при этом урон.",ReplaceableTextures\CommandButtons\BTNSleep.blp,,,B07H,"[""cBv""]",,,,,,,,,,,,,,,,,,,,,,,,
B07I,"[""Units\\AbilityBuffData.slk:934"", ""Units\\NeutralAbilityStrings.txt:2986"", ""Units\\NeutralAbilityFunc.txt:3043""]",BNdo,Кошмар,"Воин находится под действием ""Кошмара"".",ReplaceableTextures\CommandButtons\BTNUnholyFrenzy.blp,Abilities\Spells\Other\HowlOfTerror\HowlTarget.mdl,overhead,B07I,[],,,,,1,,,,,,,,,,,,,,,,,,,
B07J,"[""Units\\AbilityBuffData.slk:936"", ""Units\\NightElfAbilityStrings.txt:926"", ""Units\\NightElfAbilityFunc.txt:1029""]",BEim,Всплеск Энергии,Этот воин находится под заклинанием ''Всплеск Энергии''; Все противники находящиеся рядом получают урон;,ReplaceableTextures\CommandButtons\BTNBurstEnergy.blp,Void Disc.mdx,,B07J,"[""iHv""]",,,,,,,,,,,,,,,,head,,,,,,,,
B07K,"[""Units\\AbilityBuffData.slk:938"", ""Units\\NightElfAbilityStrings.txt:929""]",BEia,,,,,,B07K,[],,,Всплеск Энергии (применивший),,,,,,,,,,,,,,,,,,,,,
B07L,"[""Units\\AbilityBuffData.slk:940"", ""Units\\OrcAbilityStrings.txt:1337"", ""Units\\OrcAbilityFunc.txt:1401""]",Bbsk,|cff00ff00Медвежья ловкость,Скорость атаки увеличена; совершенные атаки расходуют здоровье; но нелья потерять меньше определенного порога.,ReplaceableTextures\CommandButtons\BTNEnchantedBears.blp,"Abilities\Spells\Orc\TrollBerserk\HeadhunterWEAPONSLeft.mdl,Abilities\Spells\Orc\TrollBerserk\HeadhunterWEAPONSLeft.mdl","hand,left",B07L,"[""z5""]",,,,,2,,,"hand,right",,,,,,,,,,,,,,,,
X001,"[""Units\\AbilityBuffData.slk:942"", ""Units\\NightElfAbilityStrings.txt:931"", ""Units\\NightElfAbilityFunc.txt:1034""]",XEsf,,,,,,X001,[],,,Огненное зелье (эффект),,,,,,,,,,,,,,,,,,,,,
B07M,"[""Units\\AbilityBuffData.slk:944"", ""Units\\CommonAbilityStrings.txt:140"", ""Units\\CommonAbilityFunc.txt:117""]",BPSE,Поток темной магии,This unit will not move.,ReplaceableTextures\CommandButtons\BTNGena2.blp,Abilities\Weapons\LavaSpawnMissile\LavaSpawnBirthMissile.mdl,overhead,B07M,"[""vJv""]",,,,,,,,,,,,,,,,,,,,,,,,
B07N,"[""Units\\AbilityBuffData.slk:946"", ""Units\\UndeadAbilityStrings.txt:878"", ""Units\\UndeadAbilityFunc.txt:1091""]",Bcri,Замешательство,Юниты атакуют друг друга.,ReplaceableTextures\CommandButtons\BTNItemDoom.blp,EmpathicBondLA.mdx,,B07N,"[""sH"", ""ms""]",,,,,,,,,,,,,,,,,,,,,,,,
B07O,"[""Units\\AbilityBuffData.slk:948"", ""Units\\CommonAbilityStrings.txt:143"", ""Units\\CommonAbilityFunc.txt:121""]",BPSE,Stunned,This unit will not move.,ReplaceableTextures\CommandButtons\BTNSpiritWalkerMasterTraining.blp,Abilities\Spells\Human\Thunderclap\ThunderclapTarget.mdl,overhead,B07O,[],,,,,,,,,,,,,,,,,,,,,,,,
B07P,"[""Units\\AbilityBuffData.slk:950"", ""Units\\NeutralAbilityStrings.txt:2989"", ""Units\\NeutralAbilityFunc.txt:3048""]",Basl,Равновесие Сил,Магическая защита снижена.,ReplaceableTextures\PassiveButtons\BTNCrown.blp,,,B07P,"[""CS"", ""gS""]",,,,,,,,,,,,,,,,,,,,,,,,
B07Q,"[""Units\\AbilityBuffData.slk:952"", ""Units\\NeutralAbilityStrings.txt:2992"", ""Units\\NeutralAbilityFunc.txt:3051""]",Basl,|c0000FF40Равновесие Сил,Магическая защита увеличена.,ReplaceableTextures\CommandButtons\BTNCrown.blp,,,B07Q,"[""CS"", ""gS""]",,,,,,,,,,,,,,,,,,,,,,,,
B07R,"[""Units\\AbilityBuffData.slk:954"", ""Units\\NightElfAbilityStrings.txt:933"", ""Units\\NightElfAbilityFunc.txt:1036""]",Broa,Защитная сфера,Этот юнит поглощает урон.,ReplaceableTextures\CommandButtons\BTNNeutralManaShieldOff.blp,Abilities\Spells\Human\ManaShield\ManaShieldCaster.mdl,origin,B07R,"[""hU""]",1,,,,,,,,,,,,,,,,,,,,,,,
B07S,"[""Units\\AbilityBuffData.slk:956"", ""Units\\OrcAbilityStrings.txt:1340"", ""Units\\OrcAbilityFunc.txt:1407""]",BOwk,Иллюзорность,Юнит проходя сквозь врагов; создает их копии.,ReplaceableTextures\CommandButtons\BTNShadowBoots.blp,,origin,B07S,[],,,,,1,,,,,,,,,,Abilities\Weapons\SludgeMissile\SludgeMissile.mdl,,,,,,,,,
B07T,"[""Units\\AbilityBuffData.slk:958"", ""Units\\NeutralAbilityStrings.txt:2995"", ""Units\\NeutralAbilityFunc.txt:3054""]",Basl,|c0000FF40Невыбираемость,нельзя выбрать юнита,ReplaceableTextures\CommandButtons\BTNCloudOfFog.blp,,,B07T,[],,,,,,,,,,,,,,,,,,,,,,,,
B07U,"[""Units\\AbilityBuffData.slk:960"", ""Units\\NeutralAbilityStrings.txt:2998"", ""Units\\NeutralAbilityFunc.txt:3057""]",BNms,Жгучая чешуя,,ReplaceableTextures\CommandButtons\BTNStingingScales.blp,,,B07U,"[""a1v"", ""a2v""]",,,,,,,,,,,,,,,,,,,,,,,,
B07V,"[""Units\\AbilityBuffData.slk:962"", ""Units\\NightElfAbilityStrings.txt:936"", ""Units\\NightElfAbilityFunc.txt:1041""]",BEar,Прицельная атака,На этого воина действует прицельная атака; В дальнем бою он наносит больший урон чем обычно.,ReplaceableTextures\PassiveButtons\BTNEger03.blp,Abilities\Spells\Other\GeneralAuraTarget\GeneralAuraTarget.mdl,origin,B07V,"[""mH""]",0,,,,,,,,,,,,,,,,,,,,,,,
B07W,"[""Units\\AbilityBuffData.slk:964"", ""Units\\NightElfAbilityStrings.txt:939"", ""Units\\NightElfAbilityFunc.txt:1046""]",BEar,Прицельная атака,На этого воина действует прицельная атака; В дальнем бою он наносит больший урон чем обычно.,ReplaceableTextures\PassiveButtons\BTNEger03.blp,Abilities\Spells\Other\GeneralAuraTarget\GeneralAuraTarget.mdl,origin,B07W,"[""mH""]",0,,,,,,,,,,,,,,,,,,,,,,,
B07X,"[""Units\\AbilityBuffData.slk:966"", ""Units\\NightElfAbilityStrings.txt:942"", ""Units\\NightElfAbilityFunc.txt:1051""]",BEar,Прицельная атака,На этого воина действует прицельная атака; В дальнем бою он наносит больший урон чем обычно.,ReplaceableTextures\PassiveButtons\BTNEger03.blp,Abilities\Spells\Other\GeneralAuraTarget\GeneralAuraTarget.mdl,origin,B07X,"[""mH""]",0,,,,,,,,,,,,,,,,,,,,,,,
B07Y,"[""Units\\AbilityBuffData.slk:968"", ""Units\\OrcAbilityStrings.txt:1343"", ""Units\\OrcAbilityFunc.txt:1412""]",Beng,Кутни,Этот воин пойман; он прикован к земле и не может двигаться.,ReplaceableTextures\CommandButtons\BTNEger02.blp,Abilities\Spells\Orc\Ensnare\ensnare_AirTarget.mdl,origin,B07Y,"[""xUv""]",,,,,1,,,,,,,,,,,,,,,,,,,
B07Z,"[""Units\\AbilityBuffData.slk:970"", ""Units\\NeutralAbilityStrings.txt:3001"", ""Units\\NeutralAbilityFunc.txt:3060""]",Basl,|c0000FF40Воспламенен,"Бес воспламенен, может использовать ""огеннный шар"";",ReplaceableTextures\CommandButtons\BTNGatekeeper3.blp,,,B07Z,[],,,,,,,,,,,,,,,,,,,,,,,,
B080,"[""Units\\AbilityBuffData.slk:972"", ""Units\\UndeadAbilityStrings.txt:881"", ""Units\\UndeadAbilityFunc.txt:1094""]",Buhf,Водный барьер,Нa этoгo вoинa дeйcтвyeт зaклинaниe ''Водный барьер''.,ReplaceableTextures\CommandButtons\BTNWaterBarrier.blp,Abilities\Spells\Undead\FrostArmor\FrostArmorTarget.mdl,origin,B080,[],,,,,,,,,,,,,,,,,,,,,,,,
X002,"[""Units\\AbilityBuffData.slk:974"", ""Units\\NightElfAbilityStrings.txt:945"", ""Units\\NightElfAbilityFunc.txt:1056""]",XEsf,,,,,,X002,[],,,Ледяная кровь (эффект),SleepBlue.mdx,,,,,,,,,,,,,,,,,,,,
B081,"[""Units\\AbilityBuffData.slk:976"", ""Units\\CampaignAbilityStrings.txt:939"", ""Units\\CampaignAbilityFunc.txt:1321""]",BNbr,Вой,Этот воин услышал вой. Его сила атаки увеличена.,ReplaceableTextures\CommandButtons\BTNHowlWolf.blp,Abilities\Spells\NightElf\BattleRoar\RoarTarget.mdl,overhead,B081,[],1,,,,,,,,,,,,,,,,,,,,,,,
B082,"[""Units\\AbilityBuffData.slk:978"", ""Units\\CampaignAbilityStrings.txt:942"", ""Units\\CampaignAbilityFunc.txt:1326""]",BNbr,|c00FF0000Рев,Этот воин попал под дейтвие Рёва. Не может атаковать.,ReplaceableTextures\CommandButtons\BTNBattleRoar.blp,DisarmOrange.mdx,overhead,B082,"[""OOv""]",1,,,,,,,,,,,,,,,,,,,,,,,
B083,"[""Units\\AbilityBuffData.slk:980"", ""Units\\NeutralAbilityStrings.txt:3004"", ""Units\\NeutralAbilityFunc.txt:3063""]",Basl,|c0000FF40Эрос,Возвращает любой урон.,ReplaceableTextures\CommandButtons\BTNToplower.blp,,,B083,"[""eM"", ""iM""]",,,,,,,,,,,,,,,,,,,,,,,,
