id,sources,heroAbilList,abilList,auto,collision,requirePlace,preventPlace,tilesets,upgrades,Primary,abilTest,AGIplus,INTplus,STRplus,AGI,INT,STR,nsight,sight,reptm,bldtm,spd,defType,realdef,regenMana,mana0,realM,regenType,regenHP,realHP,HP,stockRegen,stockMax,bountyplus,bountysides,bountydice,fused,lumberRep,goldRep,lumbercost,goldcost,type,level,canFlee,nameCount,buffType,points,pathTex,targType,formation,orientInterp,propWin,turnRate,movetp,cargoSize,death,deathType,valid,threat,prio,race,shadowOnWater,shadowY,shadowX,shadowH,shadowW,buildingShadow,unitShadow,blue,green,red,modelScale,armor,teamColor,weap2,weap1,run,walk,elevRad,maxRoll,maxPitch,scaleBull,scale,blend,unitClass,name,unitSound,file,targCount2,splashTargs2,backSw2,dmgpt2,maxdmg2,avgdmg2,mindmg2,sides2,dice2,cool2,weapTp2,atkType2,RngBuff2,rangeN2,showUI2,targs2,weapType2,targCount1,splashTargs1,backSw1,dmgpt1,maxdmg1,avgdmg1,mindmg1,sides1,dice1,cool1,weapTp1,atkType1,RngBuff1,rangeN1,showUI1,targs1,weapType1,impactZ,launchZ,launchX,castbsw,castpt,acquire,weapsOn,Name,Propernames,Hotkey,Tip,Ubertip,Revivetip,Awakentip,Art,Buttonpos,Missileart,Missilearc,Missilespeed,MissileHoming,MovementSoundLabel,LoopingSoundFadeIn,LoopingSoundFadeOut,Requirescount,Requires,Requires1,Requires2,Specialart,Attachmentanimprops,ScoreScreenIcon,display_name,jass_functions,uberSplat,def,UberTip,stockStart,repulse,defUp,manaN,moveFloor,moveHeight,canSleep,selZ,elevPts,dmgplus1,launchY,dmgplus2,spillRadius1,damageLoss1,Targetart,fileVerFlags,special,Builds,Casterupgradename,Casterupgradetip,Casterupgradeart,minRange,Farea1,Harea1,Qarea1,Hfact1,Qfact1,dmgUp2,repulseParam,Animprops,Missilehoming,isbldg,buffRadius,Trains,BuildingSoundLabel,Revive,Researches,fmade,tilesetSpecific,Upgrade,Makeitems,DependencyOr,Attachmentlinkprops,Boneprops,RngTst2,Farea2,Harea2,Qarea2,Hfact2,Qfact2,damageLoss2,spillRadius2,RequiresCount,isBuildOn,selCircOnWater,launchSwimZ,minSpd,RandomSoundLabel,repulseGroup,nbmmIcon,customTeamColor,Description,dmgUp1,nbrandom,hideOnMinimap,Sellitems,Sellunits,impactSwimZ,78,79,animProps,occH,hideHeroBar,hideHeroMinimap,hideHeroDeathMsg,maxSpd,fatLOS
Hamg,"[""Units\\UnitAbilities.slk:10"", ""Units\\UnitBalance.slk:63"", ""Units\\UnitData.slk:34"", ""Units\\UnitUI.slk:54"", ""Units\\UnitWeapons.slk:80"", ""Units\\HumanUnitStrings.txt:14"", ""Units\\HumanUnitFunc.txt:24""]","AHbz,AHab,AHwe,AHmt",AInv,_,32,_,_,*,_,INT,6,1,3.2,1.8,17,19,14,800,1800,55,55,320,hero,3.1,0.01,100,285,always,0.25,450,100,30,3,30,3,8,5,100,425,100,425,_,5,1,13,_,100,_,ground,2,4,60,0.5,foot,1,2.8,2,1,1,9,human,1,75,75,190,190,_,Shadow,255,255,255,1,Flesh,-1,_,_,260,260,30,10,45,1,1.5,0.15,HHero02,archmage,HeroArchMage,units\human\HeroArchMage\HeroArchMage,1,_,0.85,0.55,8,5,2,4,2,2.13,missile,hero,250,500,1,"ground,structure,debris,air,item,ward",_,1,_,0.85,0.55,8,5,2,4,2,2.13,missile,hero,250,600,1,"ground,structure,debris,air,item,ward",_,60,66,15,2.4,0.3,600,1,Archmage,"Tenn Flamecaster,Nilas Arcanister,Andromath,Shal Lightbinder,Aran Spellweaver,Manath Magesinger,Landazar,Doril Magefont,Peril Spellbinder,Conjurus Rex,Fordred Aran,Dalar Dawnweaver,Kelen the Seeker",A,Summon |cffffcc00A|rrchmage,"Mystical Hero, adept at ranged assaults. Can learn Blizzard, Summon Water Elemental, Brilliance Aura and Mass Teleport. |n|n|cffffcc00Attacks land and air units.|r",Revive |cffffcc00A|rrchmage,Revive |cffffcc00A|rrchmage,ReplaceableTextures\CommandButtons\BTNHeroArchMage.blp,"0,2",Abilities\Weapons\FireBallMissile\FireBallMissile.mdl,0.15,900,1,HumanHeroArchMageMovement,512,512,3,,hkee,hcas,Objects\Spawnmodels\Human\HumanLargeDeathExplode\HumanLargeDeathExplode.mdl,medium,UI\Glues\ScoreScreen\scorescreen-hero-archmage.blp,Archmage,[],,,,,,,,,,,,,,,,,,,,,,,,,,,,,,,,,,,,,,,,,,,,,,,,,,,,,,,,,,,,,,,,,,,,,,,,,,,,,,,,
Hblm,"[""Units\\UnitAbilities.slk:14"", ""Units\\UnitBalance.slk:103"", ""Units\\UnitData.slk:53"", ""Units\\UnitUI.slk:82"", ""Units\\UnitWeapons.slk:122"", ""Units\\HumanUnitStrings.txt:1"", ""Units\\HumanUnitFunc.txt:1""]","AHfs,AHbn,AHdr,AHpx","AInv,Asph",_,32,_,_,*,_,INT,6,1,3,2,14,19,18,800,1800,55,55,300,hero,2.2,0.01,100,285,always,0.25,550,100,30,3,30,3,8,5,100,425,100,425,_,5,1,9,_,100,_,ground,2,4,60,0.5,foot,1,3,2,1,1,9,human,1,65,65,170,170,_,Shadow,255,255,255,1,Flesh,-1,_,_,250,250,30,10,10,1,1.5,0.15,HHero04,bloodmage,BloodElfSorceror,units\human\HeroBloodElf\HeroBloodElf,1,_,0.85,0.55,8,5,2,4,2,2.13,missile,hero,250,500,1,"ground,structure,debris,air,item,ward",_,1,_,0.85,0.55,8,5,2,4,2,2.13,missile,hero,250,600,1,"ground,structure,debris,air,item,ward",_,60,66,15,2.4,0.3,600,1,Blood Mage,"Eldin Sunstrider,Tanin Hawkwing,Lorn Bloodseeker,Aldos Firestar,Gilaras Drakeson,Hale Magefire,Kath'ranis Remar,Tyoril Sunchaser,Sylvos Windrunner,Tenris Mirkblood,Marakanis Starfury,Geldor Earthfire,Halendor Burnkin,Kelen the Destroyer'",B,Summon |cffffcc00B|rlood Mage,"Mystical Hero, adept at controlling magic and ranged assaults. Can learn Flame Strike, Banish, Siphon Mana and Phoenix. |n|n|cffffcc00Attacks land and air units.|r",Revive |cffffcc00B|rlood Mage,Revive |cffffcc00B|rlood Mage,ReplaceableTextures\CommandButtons\BTNHeroBloodElfPrince.blp,"0,1",Abilities\Weapons\BloodElfMissile\BloodElfMissile.mdl,0.15,900,1,,,,3,,hkee,hcas,Objects\Spawnmodels\Human\HumanLargeDeathExplode\HumanLargeDeathExplode.mdl,,UI\Glues\ScoreScreen\scorescreen-hero-sorceror.blp,Blood Mage,[],_,,,,,,,,,,,,,,,,,,,,,,,,,,,,,,,,,,,,,,,,,,,,,,,,,,,,,,,,,,,,,,,,,,,,,,,,,,,,,,,
Hmkg,"[""Units\\UnitAbilities.slk:18"", ""Units\\UnitBalance.slk:143"", ""Units\\UnitData.slk:72"", ""Units\\UnitUI.slk:111"", ""Units\\UnitWeapons.slk:164"", ""Units\\HumanUnitStrings.txt:114"", ""Units\\HumanUnitFunc.txt:218""]","AHtc,AHtb,AHbh,AHav",AInv,_,32,_,_,*,_,STR,6,1.5,1.5,3,11,15,24,800,1800,55,55,270,hero,2.3,0.01,100,225,always,0.25,700,100,30,3,30,3,8,5,100,425,100,425,_,5,1,13,_,100,_,ground,,5,60,0.6,foot,1,2.5,2,1,1,9,human,1,60,60,150,150,_,Shadow,255,255,255,1,Metal,-1,_,MetalHeavyBash,250,250,50,10,10,1,1.25,0.15,HHero03,mountainking,HeroMountainKing,units\human\HeroMountainKing\HeroMountainKing,1,_,0.65,0.35,8,5,2,4,2,2.13,missile,hero,250,500,1,"ground,structure,debris,air,item,ward",_,1,_,0.65,0.35,12,7,2,6,2,2.22,normal,hero,250,100,1,"ground,structure,debris,item,ward",MetalHeavyBash,60,60,,0.5,0.4,500,1,Mountain King,"Bor Stonebreaker,Munin Ironcliff,Thorgas Broadaxe,Kelv Sternhammer,Grim Thunderbrew,Buri Frostbeard,Huginn Ironcliff,Thordin Rockbeard,Bandis Forgefire,Gar Doomforge,Beazel Bludstone,Modi Stonesmith,Aggronor the Mighty",M,Summon |cffffcc00M|rountain King,,Revive |cffffcc00M|rountain King,Revive |cffffcc00M|rountain King,ReplaceableTextures\CommandButtons\BTNHeroMountainKing.blp,"1,2",,,,,,,,3,,hkee,hcas,Objects\Spawnmodels\Human\HumanLargeDeathExplode\HumanLargeDeathExplode.mdl,,UI\Glues\ScoreScreen\scorescreen-hero-mountainking.blp,Mountain King,[],_,1,"Warrior Hero, adept at offensive combat and disrupting enemy troops. Can learn Storm Bolt, Thunder Clap, Bash and Avatar. |n|n|cffffcc00Attacks land units.|r",,,,,,,,,,,,,,,,,,,,,,,,,,,,,,,,,,,,,,,,,,,,,,,,,,,,,,,,,,,,,,,,,,,,,,,,,,,,,
Hpal,"[""Units\\UnitAbilities.slk:22"", ""Units\\UnitBalance.slk:184"", ""Units\\UnitData.slk:90"", ""Units\\UnitUI.slk:140"", ""Units\\UnitWeapons.slk:205"", ""Units\\HumanUnitStrings.txt:134"", ""Units\\HumanUnitFunc.txt:244""]","AHhb,AHds,AHre,AHad",AInv,_,32,_,_,*,_,STR,6,1.5,1.8,2.7,13,17,22,800,1800,55,55,270,hero,3.9,0.01,100,255,always,0.25,650,100,30,3,30,3,8,5,100,425,100,425,_,5,1,15,_,100,_,ground,,5,60,0.6,foot,1,1.5,2,1,1,9,human,1,65,65,170,170,_,Shadow,255,255,255,1,Metal,-1,_,MetalHeavyBash,250,250,30,10,10,1,1.25,0.15,HHero01,paladin,HeroPaladin,units\human\HeroPaladin\HeroPaladin,1,_,0.567,0.433,8,5,2,4,2,2.13,missile,hero,250,500,1,"ground,structure,debris,air,item,ward",_,1,_,0.567,0.433,12,7,2,6,2,2.2,normal,hero,250,100,1,"ground,structure,debris,item,ward",MetalHeavyBash,60,60,,1.67,0.5,500,1,Paladin,"Granis Darkhammer,Jorn the Redeemer,Sage Truthbearer,Malak the Avenger,Gavinrad the Dire,Morlune the Mighty,Agamand the True,Ballador the Bright,Manadar the Healer,Zann the Defender,Arius the Seeker,Aurrius the Pure,Karnwield the Seeker,Buzan the Fearless",L,Summon Pa|cffffcc00l|radin,"Warrior Hero, exceptional at defense and augmenting nearby friendly troops. Can learn Holy Light, Divine Shield, Devotion Aura and Resurrection. |n|n|cffffcc00Attacks land units.|r",Revive Pa|cffffcc00l|radin,Revive Pa|cffffcc00l|radin,ReplaceableTextures\CommandButtons\BTNHeroPaladin.blp,"2,2",,,,,,,,3,,hkee,hcas,Objects\Spawnmodels\Human\HumanLargeDeathExplode\HumanLargeDeathExplode.mdl,,UI\Glues\ScoreScreen\scorescreen-hero-paladin.blp,Paladin,[],_,2,,120,,,,,,,,,,,,,,,,,,,,,,,,,,,,,,,,,,,,,,,,,,,,,,,,,,,,,,,,,,,,,,,,,,,,,,,,,,,,
hdhw,"[""Units\\UnitAbilities.slk:26"", ""Units\\UnitBalance.slk:226"", ""Units\\UnitData.slk:108"", ""Units\\UnitUI.slk:169"", ""Units\\UnitWeapons.slk:246"", ""Units\\HumanUnitStrings.txt:47"", ""Units\\HumanUnitFunc.txt:108""]",,"Aclf,Amls",_,8,_,_,*,"Rhla,Rhme,Rguv,Rhan,Rhcd",_,,,,,,,,900,1600,65,45,350,small,1,0.75,150,300,always,0.25,575,575,60,1,25,3,7,3,40,235,40,235,_,5,1,,_,100,_,air,2,1,61,0.4,fly,,2.13,,1,1,4,human,1,80,80,160,160,_,ShadowFlyer,255,255,255,1,Flesh,-1,_,_,200,200,50,25,33,1,1.5,0.15,HUnit15,dragonhawk,BloodElfDragonHawk,units\human\BloodElfDragonHawk\BloodElfDragonHawk,1,_,,,,,,,,,_,normal,,,1,_,_,1,_,0.633,0.43,21,20,19,3,1,1.75,missile,pierce,250,300,1,"ground,structure,debris,air,item,ward",_,20,33,,1.03,0.3,600,1,Dragonhawk Rider,,D,Train |cffffcc00D|rragonhawk Rider,"Swift flying unit, mounted by an Elven warrior. Has the Aerial Shackles ability, which allows it to immobilize and disarm enemy air units temporarily. Can learn Animal War Training, and the Cloud ability. |n|n|cffffcc00Attacks land and air units.|r",,,ReplaceableTextures\CommandButtons\BTNDragonHawk.blp,"1,0",Abilities\Weapons\DragonHawkMissile\DragonHawkMissile.mdl,0.15,1100,1,,,,,hvlt,,,,medium,,Dragonhawk Rider,[],_,1,,440,1,2,300,90,240,1,230,2,18,-17,,,,,,,,,,,,,,,,,,,,,,,,,,,,,,,,,,,,,,,,,,,,,,,,,,,,,,,,,,,,,,,,,,
hfoo,"[""Units\\UnitAbilities.slk:29"", ""Units\\UnitBalance.slk:264"", ""Units\\UnitData.slk:127"", ""Units\\UnitUI.slk:200"", ""Units\\UnitWeapons.slk:279"", ""Units\\HumanUnitStrings.txt:57"", ""Units\\HumanUnitFunc.txt:124""]",,"Adef,Aihn",_,31,_,_,*,"Rhar,Rhme,Rhde,Rhpm,Rguv",_,,,,,,,,800,1400,20,20,270,large,2,,,,always,0.25,420,420,30,3,20,3,6,2,,135,,135,_,2,1,,_,100,_,ground,,,60,0.6,foot,1,3.04,3,1,1,6,human,1,50,50,140,140,_,Shadow,255,255,255,1,Metal,-1,_,MetalMediumSlice,210,210,20,10,10,1,1,0.15,HUnit02,footman,Footman,units\human\Footman\Footman,1,_,,,,,,,,,_,normal,,,1,_,_,1,_,0.5,0.5,13,12.5,12,2,1,1.35,normal,normal,250,90,1,"ground,structure,debris,item,ward",MetalMediumSlice,60,60,,0.51,0.3,500,1,Footman,,F,Train |cffffcc00F|rootman,Versatile foot soldier. Can learn the Defend ability. |n|n|cffffcc00Attacks land units.|r,,,ReplaceableTextures\CommandButtons\BTNFootman.blp,"0,0",,,,,,,,,,,,Objects\Spawnmodels\Human\HumanLargeDeathExplode\HumanLargeDeathExplode.mdl,,,Footman,[],_,2,,,,2,,,,,,,11,,,,,,,,,,,,,,,,,,,,,,,,,,,,,,,,,,,,,,,,,,,,,,,,,,,,,,,,,,,,,,,,,,,
hgry,"[""Units\\UnitAbilities.slk:32"", ""Units\\UnitBalance.slk:294"", ""Units\\UnitData.slk:143"", ""Units\\UnitUI.slk:229"", ""Units\\UnitWeapons.slk:311"", ""Units\\HumanUnitStrings.txt:185"", ""Units\\HumanUnitFunc.txt:345""]",,Asth,_,8,_,_,*,"Rhan,Rhla,Rhhb,Rhme,Rguv",_,,,,,,,,900,1600,45,45,320,small,,,,,always,0.25,825,825,30,3,25,3,7,4,70,280,70,280,_,5,1,,_,100,_,air,2,1,61,0.4,fly,,1.67,,1,1,2,human,1,90,90,180,180,_,ShadowFlyer,255,255,255,1.2,Flesh,-1,_,_,200,200,50,25,33,1,1.5,0.15,HUnit08,gryphonrider,GryphonRider,units\human\GryphonRider\GryphonRider,1,_,0.87,0.8,55,50,45,11,1,2.4,missile,pierce,250,450,1,air,_,1,"ground,structure,enemy,debris",0.87,0.8,55,50,45,11,1,2.2,mline,pierce,250,450,1,"ground,structure,debris,item,ward",_,20,33,12,0.5,0.3,500,3,Gryphon Rider,,G,Train |cffffcc00G|rryphon Rider,"Powerful flying creature, mounted by a Dwarven hammer-thrower. Can learn Animal War Training, and the Storm Hammers ability. |n|n|cffffcc00Attacks land and air units.|r",,,ReplaceableTextures\CommandButtons\BTNGryphonRider.blp,"0,0",Abilities\Weapons\GryphonRiderMissile\GryphonRiderMissile.mdl,0.15,1100,,,,,,,,,,medium,,Gryphon Rider,[],_,,,,1,2,,90,240,,230,2,44,-17,44,50,0.2,Abilities\Weapons\GryphonRiderMissile\GryphonRiderMissileTarget.mdl,,,,,,,,,,,,,,,,,,,,,,,,,,,,,,,,,,,,,,,,,,,,,,,,,,,,,,,,,,,,,,
hgyr,"[""Units\\UnitAbilities.slk:35"", ""Units\\UnitBalance.slk:325"", ""Units\\UnitData.slk:161"", ""Units\\UnitUI.slk:260"", ""Units\\UnitWeapons.slk:358"", ""Units\\HumanUnitStrings.txt:92"", ""Units\\HumanUnitFunc.txt:172""]",,"Agyb,Agyv,Aflk",_,8,_,_,*,"Rhar,Rhra,Rhgb,Rhfc,Rguv",_,,,,,,,,1100,1800,13,13,400,large,2,,,,none,,175,175,30,3,20,3,6,1,30,90,30,90,Mechanical,1,1,,_,100,_,air,2,2,61,0.5,fly,,2.67,,1,1,2,human,1,80,80,160,160,_,ShadowFlyer,255,255,255,1,Metal,-1,_,_,200,200,50,25,33,1,1.5,0.15,HUnit07,flyingmachine,Gyrocopter,units\human\Gyrocopter\Gyrocopter,1,_,0.7,0.633,8,7.5,7,2,1,2.5,missile,siege,125,100,1,"ground,structure,debris,item,ward",_,1,_,0.97,0.03,8,7.5,7,2,1,2,instant,pierce,250,500,1,air,_,60,60,,0.51,0.3,500,1,Flying Machine,,F,Train |cffffcc00F|rlying Machine,"Fast moving flying machine. Excellent at scouting, and effective against air units. Can learn the Flying Machine Bombs and Flak Cannons upgrades. |nCan see invisible units. |n|n|cffffcc00Attacks air units.|r",,,ReplaceableTextures\CommandButtons\BTNFlyingMachine.blp,"0,0","Abilities\Weapons\GyroCopter\GyroCopterImpact.mdl,Abilities\Weapons\GyroCopter\GyroCopterMissile.mdl","0.0,0.0","2000,900",,HumanGyrocopterMovement,512,512,,,,,,medium,,Flying Machine,[],_,2,,,1,2,,90,280,,230,2,6,,6,,,,2,,,,,,,,,,,,,,,,,,,,,,,,,,,,,,,,,,,,,,,,,,,,,,,,,,,,,,,,,,,,,
hkni,"[""Units\\UnitAbilities.slk:38"", ""Units\\UnitBalance.slk:357"", ""Units\\UnitData.slk:179"", ""Units\\UnitUI.slk:292"", ""Units\\UnitWeapons.slk:401"", ""Units\\HumanUnitStrings.txt:102"", ""Units\\HumanUnitFunc.txt:197""]",,Aihn,_,32,_,_,*,"Rhar,Rhme,Rhan,Rhpm,Rguv",_,,,,,,,,800,1400,45,40,350,large,5,,,,always,0.25,800,800,30,3,30,3,8,4,60,245,60,245,_,4,1,,_,100,_,ground,,4,60,0.5,horse,1,5.1,3,1,1,3,human,1,75,75,190,190,_,Shadow,255,255,255,1,Metal,-1,_,MetalMediumSlice,380,380,30,10,45,1,1.4,0.15,HUnit03,knight,Knight,units\human\Knight\Knight,1,_,,,,,,,,,_,normal,,,1,_,_,1,_,0.44,0.66,35,31,27,5,2,1.5,normal,normal,250,100,1,"ground,structure,debris,item,ward",MetalMediumSlice,60,60,,0.51,0.3,500,1,Knight,,K,Train |cffffcc00K|rnight,Powerful mounted warrior. Can learn Animal War Training. |n|n|cffffcc00Attacks land units.|r,,,ReplaceableTextures\CommandButtons\BTNKnight.blp,"2,0",,,,,HumanKnightMovement,512,512,,"hlum,hcas,hbla",,,Objects\Spawnmodels\Human\HumanLargeDeathExplode\HumanLargeDeathExplode.mdl,medium,,Knight,[],_,5,,,,2,,,,,,,25,,,,,,,,,,,,,,,,,,,,,,,,,,,,,,,,,,,,,,,,,,,,,,,,,,,,,,,,,,,,,,,,,,,
hmil,"[""Units\\UnitAbilities.slk:41"", ""Units\\UnitBalance.slk:389"", ""Units\\UnitData.slk:196"", ""Units\\UnitUI.slk:321"", ""Units\\UnitWeapons.slk:433"", ""Units\\HumanUnitStrings.txt:112"", ""Units\\HumanUnitFunc.txt:214""]",,"Ahar,Amil,Ahrp",_,16,_,_,*,"Rhar,Rhme,Rguv",_,,,,,,,,800,1400,15,15,270,large,4,,,,always,0.25,220,220,30,3,15,3,5,1,,75,,75,_,2,1,,_,100,_,ground,,,60,0.6,foot,1,3.34,3,1,1,1,human,1,40,40,100,100,_,Shadow,255,255,255,1,Flesh,-1,AxeMediumChop,MetalLightChop,150,150,20,10,10,1,1,0.15,HUnit13,militia,Peasant,units\human\Militia\Militia,1,_,,,,,,,,,_,normal,,,1,_,_,1,_,0.44,0.39,13,12.5,12,2,1,1.2,normal,normal,250,90,1,"ground,structure,debris,item,ward",MetalMediumSlice,60,60,,0.51,0.3,500,1,Militia,,,,,,,ReplaceableTextures\CommandButtons\BTNMilitia.blp,,,,,,,,,,,,,Objects\Spawnmodels\Human\HumanLargeDeathExplode\HumanLargeDeathExplode.mdl,,,Militia,[],_,4,,,,2,,,,,,,11,,,,,,,1,"htow,hhou,hbar,hbla,hwtw,halt,harm,hars,hlum,hgra,hvlt",,,,,,,,,,,,,,,,,,,,,,,,,,,,,,,,,,,,,,,,,,,,,,,,,,,,,,,,,,,
hmpr,"[""Units\\UnitAbilities.slk:44"", ""Units\\UnitBalance.slk:419"", ""Units\\UnitData.slk:212"", ""Units\\UnitUI.slk:351"", ""Units\\UnitWeapons.slk:465"", ""Units\\HumanUnitStrings.txt:122"", ""Units\\HumanUnitFunc.txt:227""]",,"Ahea,Ainf,Adis,Aihn",Ahea,16,_,_,*,"Rhpt,Rhpm,Rguv",_,,,,,,,,800,1400,28,28,270,none,,0.666666666666667,75,200,always,0.25,290,290,30,3,20,3,6,2,10,135,10,135,_,2,1,,_,100,_,ground,2,,60,0.6,foot,1,2,3,1,1,7,human,1,50,50,120,120,_,Shadow,255,255,255,1,Flesh,-1,_,_,185,185,50,10,10,1,1,0.15,HUnit09,priest,Priest,units\human\Priest\Priest,1,_,,,,,,,,,_,normal,,,1,_,_,1,_,0.58,0.59,9,8.5,8,2,1,2,missile,magic,250,600,1,"ground,structure,debris,air,item,ward",_,60,60,,0.67,0.5,600,1,Priest,,P,Train |cffffcc00P|rriest,"Supporting spellcaster. Can initially cast Heal, which increases the life of wounded units. Can also learn Dispel Magic and Inner Fire. |n|n|cffffcc00Attacks land and air units.|r",,,ReplaceableTextures\CommandButtons\BTNPriest.blp,"1,0",Abilities\Weapons\PriestMissile\PriestMissile.mdl,0.00,900,1,,,,,,,,Objects\Spawnmodels\Human\HumanLargeDeathExplode\HumanLargeDeathExplode.mdl,,,Priest,[],_,,,,,2,200,,,,,,7,,,,,,2,,,"Initiate, Adept, Master","- Heal"",""- Heal|n- Dispel Magic"",""- Heal|n- Dispel Magic|n- Inner Fire",UI\Widgets\Console\Human\infocard-priest.blp,,,,,,,,,,,,,,,,,,,,,,,,,,,,,,,,,,,,,,,,,,,,,,,,,,,,,,,,
hmtm,"[""Units\\UnitAbilities.slk:47"", ""Units\\UnitBalance.slk:453"", ""Units\\UnitData.slk:229"", ""Units\\UnitUI.slk:381"", ""Units\\UnitWeapons.slk:497"", ""Units\\HumanUnitStrings.txt:129"", ""Units\\HumanUnitFunc.txt:236""]",,"Afla,Afsh",_,32,_,_,*,"Rhla,Rhra,Rhfl,Rhfs,Rguv",_,,,,,,,,1200,1400,32,32,270,large,,,,,always,0.25,360,360,30,3,25,3,7,3,70,180,70,180,_,2,1,,_,100,_,ground,2,1,60,0.5,foot,2,1.5,3,1,1,5,human,1,60,60,160,160,_,Shadow,255,255,255,1,Flesh,-1,_,_,180,180,30,10,10,1,1.3,0.15,HUnit05,mortarteam,MortarTeam,units\human\MortarTeam\MortarTeam,1,_,1.1,1,64,58,52,13,1,3.5,missile,siege,250,1000,1,structure,_,1,"ground,structure,debris,tree,wall",1.1,1,64,58,52,13,1,3.5,artillery,siege,250,1150,1,"ground,debris,tree,wall,item,ward",_,60,,30,0.9,1.1,1150,3,Mortar Team,,M,Train |cffffcc00M|rortar Team,"Long-range siege weaponry. Exceptional damage versus buildings, but slow and vulnerable. Can learn the Fragmentation Shards and Flare abilities. |n|n|cffffcc00Attacks land units and trees.|r",,,ReplaceableTextures\CommandButtons\BTNMortarTeam.blp,"1,0",Abilities\Weapons\Mortar\MortarMissile.mdl,0.35,900,,,,,,,,,Objects\Spawnmodels\Human\HumanLargeDeathExplode\HumanLargeDeathExplode.mdl,medium,,Mortar Team,[],_,,,,,2,,,,,,,51,25,51,,,,,,,,,,250,25,150,250,0.4,0.1,,,,,,,,,,,,,,,,,,,,,,,,,,,,,,,,,,,,,,,,,,,,,,,,,,
hmtt,"[""Units\\UnitAbilities.slk:50"", ""Units\\UnitBalance.slk:483"", ""Units\\UnitData.slk:247"", ""Units\\UnitUI.slk:410"", ""Units\\UnitWeapons.slk:547"", ""Units\\HumanUnitStrings.txt:164"", ""Units\\HumanUnitFunc.txt:283""]",,"Srtt,Aroc",_,48,_,_,*,"Rhar,Rhra,Rhrt,Rguv",_,,,,,,,,800,1400,55,55,220,fort,2,,,,none,,700,700,30,3,25,3,7,3,60,195,60,195,Mechanical,2,1,,_,100,_,ground,3,1,30,0.4,foot,4,3,2,1,1,3,human,1,120,120,300,300,_,Shadow,255,255,255,1,Metal,-1,_,MetalHeavyBash,200,200,50,45,45,1,2.5,0.15,HUnit11,siegeengine,SteamTank,units\human\WarWagon\WarWagon,1,_,0.5,0.5,14,13.5,13,2,1,2,missile,pierce,250,500,1,air,_,1,_,0.5,0.5,55,50,45,11,1,2.1,instant,siege,250,192,1,"structure,debris",_,80,60,,0.51,0.3,500,1,Siege Engine,,E,Train Siege |cffffcc00E|rngine,"Heavily armored vehicle, effective at destroying buildings. Can be upgraded with the Barrage ability. |n|n|cffffcc00Attacks buildings.|r",,,ReplaceableTextures\CommandButtons\BTNSeigeEngine.blp,"2,0",Abilities\Weapons\SteamTank\SteamTankImpact.mdl,0.0,2500,,HumanSteamTankMovement,512,512,,hcas,,,,large,,Siege Engine,[],_,2,,,,2,,,,,,3,44,,12,,,,2,,,,,,,,,,,,11,,,,,,,,,,,,,,,,,,,,,,,,,,,,,,,,,,,,,,,,,,,,,,,,,
hpea,"[""Units\\UnitAbilities.slk:53"", ""Units\\UnitBalance.slk:514"", ""Units\\UnitData.slk:265"", ""Units\\UnitUI.slk:441"", ""Units\\UnitWeapons.slk:591"", ""Units\\HumanUnitStrings.txt:142"", ""Units\\HumanUnitFunc.txt:253""]",,"Ahar,Amil,Ahrp",_,16,_,_,*,"Rhlh,Rguv",_,,,,,,,,600,800,15,15,190,medium,,,,,always,0.25,220,220,30,3,15,3,5,1,,75,,75,Peon,1,1,,_,100,_,ground,4,,60,0.6,foot,1,3.34,3,1,1,1,human,1,40,40,100,100,_,Shadow,255,255,255,1,Flesh,-1,AxeMediumChop,MetalLightChop,150,150,20,10,10,1,1,0.15,HUnit01,peasant,Peasant,units\human\Peasant\Peasant,1,_,0.433,0.433,1,1,1,1,1,1.1,normal,normal,120,66,1,tree,AxeMediumChop,1,_,0.567,0.433,6,5.5,5,2,1,2,normal,normal,250,90,1,"ground,structure,debris,item,ward",MetalLightChop,60,60,,0.51,0.3,500,3,Peasant,,P,Train |cffffcc00P|reasant,"Basic worker unit. Can harvest gold and lumber, build structures and Repair. Can become Militia. |n|n|cffffcc00Attacks land units and trees.|r",,,ReplaceableTextures\CommandButtons\BTNPeasant.blp,"0,0",,,,,,,,,,,,Objects\Spawnmodels\Human\HumanLargeDeathExplode\HumanLargeDeathExplode.mdl,,,Peasant,[],_,,,,,2,,,,,,,4,,,,,,,,"htow,hhou,hbar,hbla,hwtw,halt,harm,hars,hlum,hgra,hvlt",,,,,,,,,,,,,,,,,,,,,,,,,,,,,,,,,,,,,,,,,,,,,,,,,,,,,,,,,,,
hphx,"[""Units\\UnitAbilities.slk:56"", ""Units\\UnitBalance.slk:542"", ""Units\\UnitData.slk:282"", ""Units\\UnitUI.slk:470"", ""Units\\UnitWeapons.slk:633"", ""Units\\HumanUnitStrings.txt:190"", ""Units\\HumanUnitFunc.txt:353""]",,"Aphx,ACmi,ACrk,Apxf",_,8,_,_,*,Rguv,_,,,,,,,,900,1600,45,45,320,small,1,,,,always,-25,1250,1250,30,3,25,3,7,,,,,,_,,1,,_,100,_,air,2,1,61,0.4,fly,,0.7,,1,1,2,human,1,100,100,200,200,_,ShadowFlyer,255,255,255,1,Flesh,-1,_,_,200,200,50,25,33,1,1.5,0.15,HUnit21,phoenix,Phoenix,units\human\phoenix\phoenix,1,_,,,,,,,,,_,normal,,,1,_,_,1,"ground,structure,debris,air,enemy",0.633,0.43,75,68,61,15,1,1.4,msplash,magic,250,600,1,"ground,structure,debris,air,item,ward",_,20,20,,0.5,0.3,600,1,Phoenix,,,,,,,ReplaceableTextures\CommandButtons\BTNMarkOfFire.blp,"0,0",Abilities\Weapons\PhoenixMissile\Phoenix_Missile.mdl,0.15,1800,1,,,,,,,,,medium,,Phoenix,[],_,1,,,1,2,,90,240,,230,2,60,,,,,,,1,,,,,,25,66,125,0.5,0.25,,1,,,,,,,,,,,,,,,,,,,,,,,,,,,,,,,,,,,,,,,,,,,,,,,,
hpxe,"[""Units\\UnitAbilities.slk:59"", ""Units\\UnitBalance.slk:570"", ""Units\\UnitData.slk:300"", ""Units\\UnitUI.slk:502"", ""Units\\UnitWeapons.slk:670"", ""Units\\HumanUnitStrings.txt:192"", ""Units\\HumanUnitFunc.txt:361""]",,"Aphx,ACrk,ACmi",_,32,_,_,*,_,_,,,,,,,,600,600,45,45,,large,,,,,none,,200,200,30,3,25,3,7,,,,,,_,6,1,,_,100,_,ground,,,60,,foot,,1.33,,1,1,3,human,1,25,25,70,70,_,Shadow,255,255,255,1.25,Wood,-1,_,_,200,200,50,25,25,1,1,0.15,,phoenixegg,PhoenixEgg,units\human\phoenix\phoenix,1,_,,,,,,,,,_,normal,,,1,_,_,,_,,,,,,,,,_,normal,,,1,_,_,60,60,,0.51,,,,Phoenix Egg,,,,,,,ReplaceableTextures\CommandButtons\BTNPhoenixEgg.blp,,,,,,,,,,,,,,,,Phoenix Egg,[],_,,,,,2,,,,,,,,,,,,,,1,,,,,,,,,,,,,,,,,,,,,,,,,,,,,,,,,,,,,,,,,,,,,,,,,,,,,,,,,,,,
hrif,"[""Units\\UnitAbilities.slk:62"", ""Units\\UnitBalance.slk:593"", ""Units\\UnitData.slk:313"", ""Units\\UnitUI.slk:531"", ""Units\\UnitWeapons.slk:687"", ""Units\\HumanUnitStrings.txt:147"", ""Units\\HumanUnitFunc.txt:258""]",,Aihn,_,32,_,_,*,"Rhla,Rhra,Rhri,Rhpm,Rguv",_,,,,,,,,800,1400,26,26,270,medium,,,,,always,0.25,520,520,30,3,20,3,6,3,30,205,30,205,_,3,1,,_,100,_,ground,2,,60,0.6,foot,1,1.7,3,1,1,2,human,1,50,50,120,120,_,Shadow,255,255,255,1,Flesh,-1,_,_,240,240,20,10,10,1,1,0.15,HUnit04,rifleman,Rifleman,units\human\Rifleman\Rifleman,1,_,,,,,,,,,_,normal,,,1,_,_,1,_,0.7,0.17,24,21,18,4,2,1.5,instant,pierce,250,400,1,"ground,structure,debris,air,item,ward",_,60,60,,0.51,0.3,600,1,Rifleman,,R,Train |cffffcc00R|rifleman,"Highly skilled sharpshooter, effective against air units. Can gain the Long Rifles upgrade. |n|n|cffffcc00Attacks land and air units.|r",,,ReplaceableTextures\CommandButtons\BTNRifleman.blp,"1,0",Abilities\Weapons\Rifle\RifleImpact.mdl,0.0,1900,,,,,,hbla,,,Objects\Spawnmodels\Human\HumanLargeDeathExplode\HumanLargeDeathExplode.mdl,,,Rifleman,[],_,,,,,2,,,,,,,16,,,,,,,,,,,,,,,,,,,,,,,,,,,,,,,,,,,,,,,,,,,,,,,,,,,,,,,,,,,,,,,,,,,
hrtt,"[""Units\\UnitAbilities.slk:65"", ""Units\\UnitBalance.slk:623"", ""Units\\UnitData.slk:330"", ""Units\\UnitUI.slk:560"", ""Units\\UnitWeapons.slk:719"", ""Units\\HumanUnitStrings.txt:169"", ""Units\\HumanUnitFunc.txt:294""]",,Aroc,_,48,_,_,*,"Rhar,Rhra,Rguv",_,,,,,,,,800,1400,55,55,220,fort,2,,,,none,,700,700,30,3,25,3,7,3,60,195,60,195,Mechanical,2,1,,_,100,_,ground,3,1,30,0.4,foot,4,3,2,1,1,3,human,1,120,120,300,300,_,Shadow,255,255,255,1,Metal,-1,_,MetalHeavyBash,200,200,50,45,45,1,2.5,0.15,HUnit12,rocketengine,SteamTank,units\human\WarWagon\WarWagon,1,_,0.875,0.125,14,13.5,13,2,1,2,missile,pierce,250,500,1,air,_,1,_,0.5,0.5,55,50,45,11,1,2.1,instant,siege,250,192,1,"structure,debris",_,80,100,,0.51,0.3,500,3,Siege Engine,,E,Train Siege |cffffcc00E|rngine,"Heavily armored vehicle, effective at destroying buildings. Has the Barrage ability, which fires rockets at nearby enemy air units. |n|n|cffffcc00Attacks buildings.|r",,,ReplaceableTextures\CommandButtons\BTNSeigeEngineWithMissles.blp,"2,0","Abilities\Weapons\SteamTank\SteamTankImpact.mdl,Abilities\Weapons\RocketMissile\RocketMissile.mdl","0.0,0.15","2500,900",,HumanSteamTankMovement,512,512,,hcas,,,,large,,Siege Engine,[],_,2,,,,2,,,,,,3,44,-60,12,,,,2,1,,,,,,,,,,,11,,alternate,1,,,,,,,,,,,,,,,,,,,,,,,,,,,,,,,,,,,,,,,,,,,,,,
hsor,"[""Units\\UnitAbilities.slk:68"", ""Units\\UnitBalance.slk:654"", ""Units\\UnitData.slk:348"", ""Units\\UnitUI.slk:592"", ""Units\\UnitWeapons.slk:764"", ""Units\\HumanUnitStrings.txt:152"", ""Units\\HumanUnitFunc.txt:266""]",,"Aivs,Aply,Aslo,Aihn",Aslo,16,_,_,*,"Rhst,Rhpm,Rguv",_,,,,,,,,800,1400,30,30,270,none,,0.666666666666667,75,200,always,0.25,325,325,30,3,25,3,7,2,20,155,20,155,_,2,1,,_,100,_,ground,2,2,60,0.6,hover,1,1.87,3,1,1,8,human,1,45,45,100,100,_,Shadow,255,255,255,1,Flesh,-1,_,_,200,200,30,10,10,1,1,0.15,HUnit10,sorceress,Sorceress,units\human\Sorceress\Sorceress,1,_,,,,,,,,,_,normal,,,1,_,_,1,_,0.78,0.75,10,9,8,3,1,1.75,missile,magic,250,600,1,"ground,structure,debris,air,item,ward",_,60,85,,1.08,0.45,700,1,Sorceress,,S,Train |cffffcc00S|rorceress,"Versatile spellcaster. Can initially cast Slow, which decreases movement and attack speed on enemy units. Can also learn Invisibility and Polymorph. |n|n|cffffcc00Attacks land and air units.|r",,,ReplaceableTextures\CommandButtons\BTNSorceress.blp,"0,0",Abilities\Weapons\SorceressMissile\SorceressMissile.mdl,0.00,900,1,,,,,,,,Objects\Spawnmodels\Human\HumanLargeDeathExplode\HumanLargeDeathExplode.mdl,,,Sorceress,[],_,,,,,2,200,,,,,,7,,,,,,2,,,"Initiate, Adept, Master","- Slow"",""- Slow|n- Invisibility"",""- Slow|n- Invisibility|n- Polymorph",UI\Widgets\Console\Human\infocard-sorceress.blp,,,,,,,,,,,,,,,,,,,,,,,,,,,,,,,,,,,,,,,,,,,,,,,,,,,,,,,,
hspt,"[""Units\\UnitAbilities.slk:71"", ""Units\\UnitBalance.slk:688"", ""Units\\UnitData.slk:366"", ""Units\\UnitUI.slk:622"", ""Units\\UnitWeapons.slk:796"", ""Units\\HumanUnitStrings.txt:159"", ""Units\\HumanUnitFunc.txt:275""]",,"Asps,Acmg,Amim,Afbk,Aihn",Asps,31,_,_,*,"Rhar,Rhme,Rhss,Rhpm,Rguv",_,,,,,,,,800,1400,28,28,300,large,3,0.8,75,250,always,0.5,650,650,30,3,20,3,6,3,30,215,30,215,_,3,1,,_,100,_,ground,1,,60,0.6,foot,1,2,3,1,1,7,human,1,50,50,140,140,_,Shadow,255,255,255,0.8,Flesh,-1,_,MetalMediumSlice,300,300,20,10,10,1,1.2,0.15,HUnit14,spellbreaker,SpellBreaker,units\human\BloodElfSpellThief\BloodElfSpellThief,1,_,,,,,,,,,_,normal,,,1,_,_,1,_,0.5,0.5,15,14,13,3,1,1.9,missile,normal,250,250,1,"ground,structure,debris,item,ward",_,60,60,,0.51,0.3,700,1,Spell Breaker,,B,Train Spell |cffffcc00B|rreaker,"Elven warrior trained to destroy spellcasters. Initially has Spell Steal, which manipulates buffs to your advantage, Spell Immunity and Feedback. Can also learn Control Magic. |n|n|cffffcc00Attacks land units.|r",,,ReplaceableTextures\CommandButtons\BTNSpellBreaker.blp,"2,0",Abilities\Weapons\BloodElfSpellThiefMISSILE\BloodElfSpellThiefMISSILE.mdl,0.00,900,,,,,,"hvlt,hkee",,,Objects\Spawnmodels\Human\HumanLargeDeathExplode\HumanLargeDeathExplode.mdl,,,Spell Breaker,[],_,3,,,,2,250,,,,,,12,,,,,,,,,,,,,,,,,,,,,,,,,,,,,,,,,,,,,,,,,,,,,,,,,,,,,,,,,,,,,,,,,,,
hwat,"[""Units\\UnitAbilities.slk:74"", ""Units\\UnitBalance.slk:724"", ""Units\\UnitData.slk:383"", ""Units\\UnitUI.slk:651"", ""Units\\UnitWeapons.slk:828"", ""Units\\HumanUnitStrings.txt:179"", ""Units\\HumanUnitFunc.txt:327""]",,_,_,32,_,_,*,Rguv,_,,,,,,,,800,1200,1,1,220,large,,,,,always,0.25,450,450,30,3,25,3,7,,,,,,_,4,1,,_,100,_,ground,2,2,60,0.5,foot,1,1.5,,1,1,1,human,1,80,80,200,200,_,Shadow,255,255,255,0.9,Flesh,-1,_,_,200,200,50,10,10,1,1.6,0.15,HUnit16,waterelemental1,WaterElemental,units\human\WaterElemental\WaterElemental,1,_,,,,,,,,,_,normal,,,1,_,_,1,"enemy,ground",0.77,0.4,29,25,21,5,2,1.5,missile,pierce,250,300,1,"ground,structure,air,debris,item,ward",_,120,60,,0.51,0.3,500,1,Water Elemental,,,,,,,ReplaceableTextures\CommandButtons\BTNSummonWaterElemental.blp,,Abilities\Weapons\WaterElementalMissile\WaterElementalMissile.mdl,0.15,1300,,,,,,,,,,medium,,Water Elemental,[],_,,,,,2,,,,,,,19,,,,,,,1,,,,,,25,50,75,0.5,0.25,,,,,,,,,,,,,,,,,,,,,,,,,,,,,,,,,,,,,,,,,,,,,,,,,,
hwt2,"[""Units\\UnitAbilities.slk:77"", ""Units\\UnitBalance.slk:749"", ""Units\\UnitData.slk:400"", ""Units\\UnitUI.slk:681"", ""Units\\UnitWeapons.slk:865"", ""Units\\HumanUnitStrings.txt:181"", ""Units\\HumanUnitFunc.txt:333""]",,_,_,32,_,_,*,Rguv,_,,,,,,,,800,1200,1,1,220,large,1,,,,always,0.25,675,675,30,3,25,3,7,,,,,,_,5,1,,_,100,_,ground,2,2,60,0.5,foot,1,1.5,,1,1,1,human,1,80,80,200,200,_,Shadow,255,192,255,1.1,Flesh,-1,_,_,200,200,50,10,10,1,1.6,0.15,HUnit17,waterelemental2,WaterElemental,units\human\WaterElemental\WaterElemental,1,_,,,,,,,,,_,normal,,,1,_,_,1,"enemy,ground",0.77,0.4,39,35,31,5,2,1.5,missile,pierce,250,300,1,"ground,structure,air,debris,item,ward",_,120,60,,0.51,0.3,500,1,Water Elemental,,,,,,,ReplaceableTextures\CommandButtons\BTNSummonWaterElemental.blp,,Abilities\Weapons\WaterElementalMissile\WaterElementalMissile.mdl,0.15,1300,,,,,,,,,,medium,,Water Elemental,[],_,1,,,,2,,,,,,,29,,,,,,,1,,,,,,25,50,75,0.5,0.25,,,,,,,,,,,,,,,,,,,,,,,,,,,,,,,,,,,,,,,,,,,,,,,,,,
hwt3,"[""Units\\UnitAbilities.slk:80"", ""Units\\UnitBalance.slk:776"", ""Units\\UnitData.slk:417"", ""Units\\UnitUI.slk:711"", ""Units\\UnitWeapons.slk:902"", ""Units\\HumanUnitStrings.txt:183"", ""Units\\HumanUnitFunc.txt:339""]",,_,_,48,_,_,*,Rguv,_,,,,,,,,800,1200,1,1,220,large,2,,,,always,0.25,900,900,30,3,25,3,7,,,,,,_,6,1,,_,100,_,ground,2,2,60,0.5,foot,1,1.5,,1,1,1,human,1,80,80,200,200,_,Shadow,255,255,192,1.3,Flesh,-1,_,_,200,200,50,10,10,1,1.6,0.15,HUnit18,waterelemental3,WaterElemental,units\human\WaterElemental\WaterElemental,1,_,,,,,,,,,_,normal,,,1,_,_,1,"enemy,ground",0.77,0.4,49,45,41,5,2,1.5,missile,pierce,250,300,1,"ground,structure,air,debris,item,ward",_,120,60,,0.51,0.3,500,1,Water Elemental,,,,,,,ReplaceableTextures\CommandButtons\BTNSummonWaterElemental.blp,,Abilities\Weapons\WaterElementalMissile\WaterElementalMissile.mdl,0.15,1300,,,,,,,,,,medium,,Water Elemental,[],_,2,,,,2,,,,,,,39,,,,,,,1,,,,,,25,50,75,0.5,0.25,,,,,,,,,,,,,,,,,,,,,,,,,,,,,,,,,,,,,,,,,,,,,,,,,,
halt,"[""Units\\UnitAbilities.slk:83"", ""Units\\UnitBalance.slk:803"", ""Units\\UnitData.slk:434"", ""Units\\UnitUI.slk:741"", ""Units\\UnitWeapons.slk:939"", ""Units\\HumanUnitStrings.txt:9"", ""Units\\HumanUnitFunc.txt:14""]",,Abds,_,144,_,unbuildable,*,"Rhac,Rgfo",_,,,,,,,,600,900,60,60,,fort,5,,,,none,,900,900,,,,,,,50,180,50,180,Mechanical,,1,,factory,100,PathTextures\10x10Simple.tga,structure,,,60,,_,,2.335,2,1,1,5,human,1,,,,,ShadowAltarofKings,_,255,255,255,1,Wood,-1,_,_,200,200,50,7,7,1,4,0.15,HBuilding05,altarofkings,AltarofKings,buildings\human\AltarofKings\AltarofKings,1,_,,,,,,,,,_,normal,,,1,_,_,,_,,,,,,,,,_,normal,,,1,_,_,120,60,,0.51,,,,Altar of Kings,,A,Build |cffffcc00A|rltar of Kings,Summons Heroes. Revives slain Heroes.,,,ReplaceableTextures\CommandButtons\BTNAltarOfKings.blp,"1,1",,,,,,512,512,,,,,Objects\Spawnmodels\Human\HCancelDeath\HCancelDeath.mdl,medium,,Altar of Kings,[],HMED,5,,,,1,,,,,,4,,,,,,,,,,,,,,,,,,,,,,,1,9,"Hamg,Hmkg,Hpal,Hblm",BuildingConstructionLoop,1,,,,,,,,,,,,,,,,,,,,,,,,,,,,,,,,,,,,,,,,,
harm,"[""Units\\UnitAbilities.slk:86"", ""Units\\UnitBalance.slk:827"", ""Units\\UnitData.slk:449"", ""Units\\UnitUI.slk:767"", ""Units\\UnitWeapons.slk:956"", ""Units\\HumanUnitStrings.txt:22"", ""Units\\HumanUnitFunc.txt:41""]",,Abds,_,144,_,unbuildable,*,"Rhac,Rgfo",_,,,,,,,,600,900,60,60,,fort,5,,,,none,,1200,1200,,,,,,,140,140,140,140,Mechanical,,1,,factory,100,PathTextures\12x12Simple.tga,structure,,,60,,_,,2.335,2,1,1,5,human,1,,,,,ShadowArmory,_,255,255,255,1,Wood,-1,_,_,200,200,50,7,7,1,4.25,0.15,HBuilding09,workshop,Workshop,buildings\human\Workshop\Workshop,1,_,,,,,,,,,_,normal,,,1,_,_,,_,,,,,,,,,_,normal,,,1,_,_,120,60,,0.51,,,,Workshop,,W,Build |cffffcc00W|rorkshop,"Produces Siege Engines, Flying Machines, and Mortar Teams. |nAlso contains the Flare, Fragmentation Shards, Barrage, Flying Machine Bombs, and Flak Cannons upgrades.",,,ReplaceableTextures\CommandButtons\BTNWorkshop.blp,"3,1",,,,,,512,512,,"hkee,hbla",,,Objects\Spawnmodels\Human\HCancelDeath\HCancelDeath.mdl,medium,,Workshop,[],HMED,5,,,,1,,,,,,4,,,,,,,,,,,,,,,,,,,,,,,1,9,"hgyr,hmtm,hmtt,hrtt",BuildingConstructionLoop,,"Rhgb,Rhfl,Rhrt,Rhfc,Rhfs",,,,,,,,,,,,,,,,,,,,,,,,,,,,,,,,,,,,,,,,
hars,"[""Units\\UnitAbilities.slk:89"", ""Units\\UnitBalance.slk:851"", ""Units\\UnitData.slk:464"", ""Units\\UnitUI.slk:793"", ""Units\\UnitWeapons.slk:973"", ""Units\\HumanUnitStrings.txt:27"", ""Units\\HumanUnitFunc.txt:52""]",,Abds,_,144,_,unbuildable,*,"Rhac,Rgfo",_,,,,,,,,600,900,70,70,,fort,5,,,,none,,1050,1050,,,,,,,140,150,140,150,Mechanical,,1,,factory,100,PathTextures\12x12Simple.tga,structure,,,60,,_,,2.34,2,1,1,5,human,1,,,,,ShadowArcaneSanctum,_,255,255,255,1,Stone,-1,_,_,200,200,50,7,7,1,3.75,0.15,HBuilding10,arcanesanctum,ArcaneSanctum,buildings\human\ArcaneSanctum\ArcaneSanctum,1,_,,,,,,,,,_,normal,,,1,_,_,,_,,,,,,,,,_,normal,,,1,_,_,160,60,,0.51,,,,Arcane Sanctum,,R,Build A|cffffcc00r|rcane Sanctum,"Trains Priests, Sorceresses, and Spell Breakers. |nAlso contains spell upgrades for Priests and Sorceresses, Control Magic, and Magic Sentry.",,,ReplaceableTextures\CommandButtons\BTNArcaneSanctum.blp,"2,1",,,,,,512,512,,hkee,,,Objects\Spawnmodels\Human\HCancelDeath\HCancelDeath.mdl,,,Arcane Sanctum,[],HMED,5,,,,1,,,,,,4,,,,,,,,,,,,,,,,,,,,,,,1,9,"hmpr,hsor,hspt",BuildingConstructionLoop,,"Rhpt,Rhst,Rhse,Rhss",,,,,,,,,,,,,,,,,,,,,,,,,,,,,,,,,,,,,,,,
hatw,"[""Units\\UnitAbilities.slk:92"", ""Units\\UnitBalance.slk:875"", ""Units\\UnitData.slk:479"", ""Units\\UnitUI.slk:819"", ""Units\\UnitWeapons.slk:990"", ""Units\\HumanUnitStrings.txt:82"", ""Units\\HumanUnitFunc.txt:159""]",,"Abds,Afbt,AHta,Adts",_,72,_,unbuildable,*,"Rhac,Rgfo",_,,,,,,,,800,1600,50,50,,large,5,,,,none,,500,500,,,,,,,80,110,60,80,Mechanical,1,1,,buffer,100,PathTextures\4x4SimpleSolid.tga,structure,,,60,,_,,2.67,2,1,1,2,human,1,,,,,ShadowGuardTower,_,255,255,255,1,Wood,-1,_,_,200,200,50,,,1,2.5,0.15,HBuilding15,humanarcanetower,ArcaneTower,buildings\human\HumanTower\HumanTower,1,_,,,,,,,,,_,normal,,,1,_,_,1,_,0.3,0.3,10,9,8,3,1,1,missile,normal,250,700,1,"ground,structure,debris,air,item,ward",_,120,245,,0.51,,700,1,Arcane Tower,,N,Upgrade to Arca|cffffcc00n|re Tower,"Magical defensive tower. Particularly effective against enemy Heroes and spellcasters. Has the Feedback ability, which causes its attacks to destroy mana, dealing extra damage equal to the mana destroyed. Can learn the Magic Sentry ability. |n|n|cffffcc00Attacks land and air units.",,,ReplaceableTextures\CommandButtons\BTNHumanArcaneTower.blp,"2,2",Abilities\Spells\Undead\OrbOfDeath\OrbOfDeathMissile.mdl,0.15,1500,1,,512,512,,,,,Objects\Spawnmodels\Human\HCancelDeath\HCancelDeath.mdl,,,Arcane Tower,[],HSMA,5,,,,1,,,,,,4,7,,,,,,,,,,,,,,,,,,,,"upgrade,third",,1,15,,BuildingConstructionLoop,,,,,,,,,,,,,,,,,,,,,,,,,,,,,,,,,,,,,,,,,,
hbar,"[""Units\\UnitAbilities.slk:95"", ""Units\\UnitBalance.slk:900"", ""Units\\UnitData.slk:494"", ""Units\\UnitUI.slk:843"", ""Units\\UnitWeapons.slk:1021"", ""Units\\HumanUnitStrings.txt:32"", ""Units\\HumanUnitFunc.txt:62""]",,Abds,_,144,_,unbuildable,*,"Rhac,Rgfo",_,,,,,,,,600,900,60,60,,fort,5,,,,none,,1500,1500,,,,,,,60,160,60,160,Mechanical,,1,,factory,100,PathTextures\12x12Simple.tga,structure,,,60,,_,,2.34,2,1,1,9,human,1,,,,,ShadowHumanBarracks,_,255,255,255,1,Stone,-1,_,_,200,200,50,,,1,5,0.15,HBuilding06,humanbarracks,HumanBarracks,buildings\human\HumanBarracks\HumanBarracks,1,_,,,,,,,,,_,normal,,,1,_,_,,_,,,,,,,,,_,normal,,,1,_,_,160,60,,0.51,,,,Barracks,,B,Build |cffffcc00B|rarracks,"Primary troop production building. Trains Footmen, Riflemen and Knights. |nAlso contains the Defend, Long Rifles, and Animal War Training upgrades.",,,ReplaceableTextures\CommandButtons\BTNHumanBarracks.blp,"1,0",,,,,,512,512,,,,,Objects\Spawnmodels\Human\HCancelDeath\HCancelDeath.mdl,medium,,Barracks,[],HMED,5,,,,1,,,,,,4,,,,,,,,,,,,,,,,,,,,,,,1,9,"hfoo,hrif,hkni",BuildingConstructionLoop,,"Rhde,Rhan,Rhri",,,,,,,,,,,,,,,,,,,,,,,,,,,,,,,,,,,,,,,,
hbla,"[""Units\\UnitAbilities.slk:98"", ""Units\\UnitBalance.slk:924"", ""Units\\UnitData.slk:509"", ""Units\\UnitUI.slk:867"", ""Units\\UnitWeapons.slk:1038"", ""Units\\HumanUnitStrings.txt:37"", ""Units\\HumanUnitFunc.txt:72""]",,Abds,_,144,_,unbuildable,*,"Rhac,Rgfo",_,,,,,,,,600,900,70,70,,fort,5,,,,none,,1200,1200,,,,,,,60,140,60,140,Mechanical,,1,,_,100,PathTextures\8x8SimpleSolid.tga,structure,,,60,,_,,2.34,2,1,1,4,human,1,,,,,ShadowBlacksmith,_,255,255,255,1,Wood,-1,_,_,200,200,50,7,7,1,4,0.15,HBuilding08,blacksmith,Blacksmith,buildings\human\Blacksmith\Blacksmith,1,_,,,,,,,,,_,normal,,,1,_,_,,_,,,,,,,,,_,normal,,,1,_,_,120,60,,0.51,,,,Blacksmith,,S,Build Black|cffffcc00s|rmith,"Contains upgrades for improved armor, weaponry and gunpowder.",,,ReplaceableTextures\CommandButtons\BTNBlacksmith.blp,"3,0",,,,,,512,512,,htow,,,Objects\Spawnmodels\Human\HCancelDeath\HCancelDeath.mdl,,,Blacksmith,[],HMED,5,,,,1,,,,,,4,,,,,,,,,,,,,,,,,,,,,,,1,,,BuildingConstructionLoop,,"Rhme,Rhar,Rhla,Rhra",,,,,,,,,,,,,,,,,,,,,,,,,,,,,,,,,,,,,,,,
hcas,"[""Units\\UnitAbilities.slk:101"", ""Units\\UnitBalance.slk:948"", ""Units\\UnitData.slk:523"", ""Units\\UnitUI.slk:893"", ""Units\\UnitWeapons.slk:1055"", ""Units\\HumanUnitStrings.txt:42"", ""Units\\HumanUnitFunc.txt:81""]",,"Abdl,Amic,Argl",_,172,_,unbuildable,*,"Rhac,Rgfo",_,,,,,,,,600,900,120,140,,fort,5,,,,none,,2500,2500,,,,,,,645,1085,230,380,"TownHall,Mechanical",,1,,townhall,100,PathTextures\16x16Simple.tga,structure,,,60,,_,,3.17,2,1,1,8,human,1,,,,,ShadowCastle,_,255,255,255,1,Wood,-1,_,_,200,200,50,,,1,6.3,0.15,HBuilding03,castle,Castle,buildings\human\TownHall\TownHall,1,_,,,,,,,,,_,normal,,,1,_,_,,_,,,,,,,,,_,normal,,,1,_,_,160,60,,0.51,,,,Castle,,U,|cffffcc00U|rpgrade to Castle,Upgrade to Castle to enable the production of additional types of structures and units.,,,ReplaceableTextures\CommandButtons\BTNCastle.blp,"0,2",Abilities\Weapons\GuardTowerMissile\GuardTowerMissile.mdl,0.15,1800,,,512,512,,halt,,,Objects\Spawnmodels\Human\HCancelDeath\HCancelDeath.mdl,large,,Castle,[],HCAS,5,,,,1,,,,,,4,,,,,,,,,,,,,,,,,,,,,"upgrade,second",,1,8,hpea,BuildingConstructionLoop,,Rhpm,12,1,,,,,,,,,,,,,,,,,,,,,,,,,,,,,,,,,,,,,,
hctw,"[""Units\\UnitAbilities.slk:104"", ""Units\\UnitBalance.slk:973"", ""Units\\UnitData.slk:538"", ""Units\\UnitUI.slk:918"", ""Units\\UnitWeapons.slk:1072"", ""Units\\HumanUnitStrings.txt:67"", ""Units\\HumanUnitFunc.txt:96""]",,"Abds,Adts",_,72,_,unbuildable,*,"Rhac,Rgfo",_,,,,,,,,800,1600,75,75,,fort,5,,,,none,,600,600,,,,,,,120,200,100,170,Mechanical,1,1,,buffer,100,PathTextures\4x4SimpleSolid.tga,structure,,,60,,_,,2.34,2,1,1,3,human,1,,,,,ShadowCannonTower,_,255,255,255,1,Wood,-1,_,_,200,200,50,,,1,2.5,0.15,HBuilding14,cannontower,CannonTower,buildings\human\HumanTower\HumanTower,1,_,0.3,0.3,111,100.5,90,22,1,2.5,missile,siege,250,800,1,structure,_,1,"ground,structure,debris,tree,wall,notself",0.3,0.3,111,100.5,90,22,1,2.5,artillery,siege,250,800,1,"ground,debris,tree,wall,ward,item",_,120,160,,0.51,,800,3,Cannon Tower,,C,Upgrade to |cffffcc00C|rannon Tower,Heavy defensive structure. Particularly effective against clusters of troops. Can learn the Magic Sentry ability. |n|n|cffffcc00Attacks land units and trees.|r,,,ReplaceableTextures\CommandButtons\BTNCannonTower.blp,"1,2",Abilities\Weapons\CannonTowerMissile\CannonTowerMissile.mdl,0.35,700,,,512,512,,harm,,,Objects\Spawnmodels\Human\HCancelDeath\HCancelDeath.mdl,,,Cannon Tower,[],HSMA,5,,,,1,,,,,,4,89,,89,,,,,,,,,,,50,100,125,0.5,0.1,,,"upgrade,second",,1,15,,BuildingConstructionLoop,,,,,,,,,,,,,,,,,,,,,,,,,,,,,,,,,,,,,,,,,,
hgra,"[""Units\\UnitAbilities.slk:107"", ""Units\\UnitBalance.slk:998"", ""Units\\UnitData.slk:553"", ""Units\\UnitUI.slk:942"", ""Units\\UnitWeapons.slk:1119"", ""Units\\HumanUnitStrings.txt:62"", ""Units\\HumanUnitFunc.txt:128""]",,Abds,_,100,_,unbuildable,*,"Rhac,Rgfo",_,,,,,,,,600,900,75,75,,fort,5,,,,none,,1200,1200,,,,,,,240,120,240,120,Mechanical,,1,,_,100,PathTextures\8x8SimpleSolid.tga,structure,,,60,,_,,2.34,2,1,1,5,human,1,,,,,ShadowGryphonAviary,_,255,255,255,1,Wood,-1,_,_,200,200,50,7,7,1,4,0.15,HBuilding11,gryphonaviary,GryphonAviary,buildings\human\GryphonAviary\GryphonAviary,1,_,,,,,,,,,_,normal,,,1,_,_,,_,,,,,,,,,_,normal,,,1,_,_,160,60,,0.51,,,,Gryphon Aviary,,G,Build |cffffcc00G|rryphon Aviary,"Trains Gryphon Riders, and Dragonhawk Riders. |nAlso contains the Storm Hammers and Cloud upgrades.",,,ReplaceableTextures\CommandButtons\BTNGryphonAviary.blp,"1,2",,,,,,512,512,,"hcas,hlum",,,Objects\Spawnmodels\Human\HCancelDeath\HCancelDeath.mdl,medium,,Gryphon Aviary,[],HMED,5,,,,1,,,,,,4,,,,,,,,,,,,,,,,,,,,,,,1,,"hgry,hdhw",BuildingConstructionLoop,,"Rhhb,Rhcd",,,,,,,,,,,,,,,,,,,,,,,,,,,,,,,,,,,,,,,,
hgtw,"[""Units\\UnitAbilities.slk:110"", ""Units\\UnitBalance.slk:1022"", ""Units\\UnitData.slk:567"", ""Units\\UnitUI.slk:968"", ""Units\\UnitWeapons.slk:1136"", ""Units\\HumanUnitStrings.txt:72"", ""Units\\HumanUnitFunc.txt:139""]",,"Abds,Adts",_,72,_,unbuildable,*,"Rhac,Rgfo",_,,,,,,,,800,1600,50,50,,large,5,,,,none,,500,500,,,,,,,80,110,60,80,Mechanical,1,1,,buffer,100,PathTextures\4x4SimpleSolid.tga,structure,,,60,,_,,2.34,2,1,1,2,human,1,,,,,ShadowGuardTower,_,255,255,255,1,Wood,-1,_,_,200,200,50,,,1,2.5,0.15,HBuilding13,guardtower,GuardTower,buildings\human\HumanTower\HumanTower,1,_,,,,,,,,,_,normal,,,1,_,_,1,_,0.3,0.3,27,25,23,5,1,0.9,missile,pierce,250,700,1,"ground,structure,debris,air,item,ward",_,120,145,,0.51,,700,1,Guard Tower,,G,Upgrade to |cffffcc00G|ruard Tower,Primary defensive structure. Can learn the Magic Sentry ability. |n|n|cffffcc00Attacks land and air units.|r,,,ReplaceableTextures\CommandButtons\BTNGuardTower.blp,"0,2",Abilities\Weapons\GuardTowerMissile\GuardTowerMissile.mdl,0.15,1800,,,512,512,,hlum,,,Objects\Spawnmodels\Human\HCancelDeath\HCancelDeath.mdl,,,Guard Tower,[],HSMA,5,,,,1,,,,,,4,22,,,,,,,,,,,,,,,,,,,,"upgrade,first",,1,15,,BuildingConstructionLoop,,,,,,,,,,,,,,,,,,,,,,,,,,,,,,,,,,,,,,,,,,
hhou,"[""Units\\UnitAbilities.slk:113"", ""Units\\UnitBalance.slk:1047"", ""Units\\UnitData.slk:582"", ""Units\\UnitUI.slk:992"", ""Units\\UnitWeapons.slk:1167"", ""Units\\HumanUnitStrings.txt:52"", ""Units\\HumanUnitFunc.txt:117""]",,Abds,_,72,_,unbuildable,*,"Rhac,Rgfo",_,,,,,,,,600,900,35,35,,fort,5,,,,none,,500,500,,,,,,,20,80,20,80,Mechanical,,1,,_,100,PathTextures\4x4SimpleSolid.tga,structure,,,60,,_,,2.34,2,1,1,1,human,1,,,,,ShadowHouse,_,255,255,255,1,Wood,-1,_,_,200,200,50,15,15,1,2.5,0.15,HBuilding04,farm,Farm,buildings\human\Farm\Farm,1,_,,,,,,,,,_,normal,,,1,_,_,,_,,,,,,,,,_,normal,,,1,_,_,120,60,,0.51,,,,Farm,,F,Build |cffffcc00F|rarm,"Provides food, which increases the maximum number of units that can be trained.",,,ReplaceableTextures\CommandButtons\BTNFarm.blp,"0,1",,,,,,512,512,,,,,Objects\Spawnmodels\Human\HCancelDeath\HCancelDeath.mdl,,,Farm,[],HSMA,5,,,,1,,,,,,4,,,,,,,,,,,,,,,,,,,,,,,1,,,BuildingConstructionLoop,,,6,,,,,,,,,,,,,,,,,,,,,,,,,,,,,,,,,,,,,,,
hkee,"[""Units\\UnitAbilities.slk:116"", ""Units\\UnitBalance.slk:1072"", ""Units\\UnitData.slk:596"", ""Units\\UnitUI.slk:1018"", ""Units\\UnitWeapons.slk:1184"", ""Units\\HumanUnitStrings.txt:97"", ""Units\\HumanUnitFunc.txt:182""]",,"Abdl,Amic,Argl",_,176,_,unbuildable,*,"Rhac,Rgfo",_,,,,,,,,600,900,120,140,,fort,5,,,,none,,2000,2000,,,,,,,415,705,210,320,"TownHall,Mechanical",,1,,townhall,100,PathTextures\16x16Simple.tga,structure,,,60,,_,,3.17,2,1,1,7,human,1,,,,,ShadowKeep,_,255,255,255,1,Wood,-1,_,_,200,200,50,,,1,6.3,0.15,HBuilding02,keep,Keep,buildings\human\TownHall\TownHall,1,_,,,,,,,,,_,normal,,,1,_,_,,_,,,,,,,,,_,normal,,,1,_,_,160,60,,0.51,,,,Keep,,U,|cffffcc00U|rpgrade to Keep,Upgrade to Keep to enable the production of additional types of structures and units.,,,ReplaceableTextures\CommandButtons\BTNKeep.blp,"0,2",Abilities\Weapons\GuardTowerMissile\GuardTowerMissile.mdl,0.15,1800,,,512,512,,,,,Objects\Spawnmodels\Human\HCancelDeath\HCancelDeath.mdl,large,,Keep,[],HTOW,5,,,,1,,,,,,4,,,,,,,,,,,,,,,,,,,,,"upgrade,first",,1,8,hpea,BuildingConstructionLoop,,Rhpm,12,1,hcas,,,,,,,,,,,,,,,,,,,,,,,,,,,,,,,,,,,,,
hlum,"[""Units\\UnitAbilities.slk:119"", ""Units\\UnitBalance.slk:1097"", ""Units\\UnitData.slk:611"", ""Units\\UnitUI.slk:1043"", ""Units\\UnitWeapons.slk:1201"", ""Units\\HumanUnitStrings.txt:107"", ""Units\\HumanUnitFunc.txt:206""]",,"Abds,Arlm",_,144,_,unbuildable,*,"Rhac,Rgfo",_,,,,,,,,600,900,60,60,,fort,5,,,,none,,900,900,,,,,,,,145,,145,Mechanical,,1,,_,100,PathTextures\10x10SimpleSolid.tga,structure,,,60,,_,,2.34,2,1,1,4,human,1,,,,,ShadowHumanLumberMill,_,255,255,255,1,Wood,-1,_,_,200,200,50,7,7,1,4.25,0.15,HBuilding07,humanlumbermill,HumanLumberMill,buildings\human\HumanLumbermill\HumanLumbermill,1,_,,,,,,,,,_,normal,,,1,_,_,,_,,,,,,,,,_,normal,,,1,_,_,160,60,,0.51,,,,Lumber Mill,,L,Build |cffffcc00L|rumber Mill,Serves as a drop-off point for harvested lumber. |nAlso contains the upgrades for Lumber Harvesting and Masonry.,,,ReplaceableTextures\CommandButtons\BTNHumanLumberMill.blp,"2,0",,,,,,512,512,,,,,Objects\Spawnmodels\Human\HCancelDeath\HCancelDeath.mdl,,,Lumber Mill,[],HMED,5,,,,1,,,,,,4,,,,,,,,,,,,,,,,,,,,,,,1,,,BuildingConstructionLoop,,"Rhac,Rhlh",,,,,,,,,,,,,,,,,,,,,,,,,,,,,,,,,,,,,,,,
htow,"[""Units\\UnitAbilities.slk:122"", ""Units\\UnitBalance.slk:1119"", ""Units\\UnitData.slk:625"", ""Units\\UnitUI.slk:1069"", ""Units\\UnitWeapons.slk:1218"", ""Units\\HumanUnitStrings.txt:174"", ""Units\\HumanUnitFunc.txt:307""]",,"Abdl,Amic,Argl",_,176,_,unbuildable,*,"Rhac,Rgfo",_,,,,,,,,600,900,180,180,,fort,5,,,,none,,1500,1500,,,,,,,205,385,205,385,"TownHall,Mechanical",,1,,townhall,100,PathTextures\16x16Simple.tga,structure,,,60,,_,,3.17,2,1,1,6,human,1,,,,,ShadowTownhall,_,255,255,255,1,Wood,-1,_,_,200,200,50,,,1,6.3,0.15,HBuilding01,townhall,TownHall,buildings\human\TownHall\TownHall,1,_,,,,,,,,,_,normal,,,1,_,_,,_,,,,,,,,,_,normal,,,1,_,_,160,60,,0.51,,,,Town Hall,,H,Build Town |cffffcc00H|rall,"Primary structure, used to train Peasants and receive gathered resources. Can be upgraded to Keep and then Castle to enable the production of additional types of structures and units.",,,ReplaceableTextures\CommandButtons\BTNTownHall.blp,"0,0",Abilities\Weapons\GuardTowerMissile\GuardTowerMissile.mdl,0.15,1800,,,512,512,,,,,Objects\Spawnmodels\Human\HCancelDeath\HCancelDeath.mdl,large,,Town Hall,[],HTOW,5,,,,1,,,,,,4,,,,,,,,,,,,,,,,,,,,,,,1,8,hpea,BuildingConstructionLoop,,Rhpm,12,1,hkee,,,,,,,,,,,,,,,,,,,,,,,,,,,,,,,,,,,,,
hvlt,"[""Units\\UnitAbilities.slk:125"", ""Units\\UnitBalance.slk:1144"", ""Units\\UnitData.slk:640"", ""Units\\UnitUI.slk:1094"", ""Units\\UnitWeapons.slk:1235"", ""Units\\HumanUnitStrings.txt:87"", ""Units\\HumanUnitFunc.txt:321""]",,"Abds,Aall,Apit",_,50,_,unbuildable,*,"Rhac,Rgfo",_,,,,,,,,750,1000,60,60,,fort,5,,,,none,,485,485,,,,,,,30,130,30,130,Mechanical,,1,,_,100,PathTextures\12x12Simple.tga,structure,,,60,,_,,2.33,2,1,1,1,human,1,,,,,ShadowArcaneVault,_,255,255,255,1,Wood,-1,_,_,200,200,50,,,1,4.5,0.15,HBuilding16,arcanevault,ArcaneVault,buildings\human\ArcaneVault\ArcaneVault,1,_,,,,,,,,,_,normal,,,1,_,_,1,_,,,,,,,,,_,normal,,,1,_,_,120,60,,0.51,,500,,Arcane Vault,,V,Build Arcane |cffffcc00V|rault,"Creates a shop with purchasable items. The items available depend upon what level of upgrade your Town Hall has (Town Hall, Keep, or Castle) and which buildings you have.",,,ReplaceableTextures\CommandButtons\BTNArcaneVault.blp,"2,2",,,,,,,,,,,,Objects\Spawnmodels\Human\HCancelDeath\HCancelDeath.mdl,medium,,Arcane Vault,[],HMED,5,,,,2,,,,,,4,,,,,,,,,,,,,,,,,,,,,,,1,,,,,,,,,"sreg,mcri,plcl,phea,pman,stwp,tsct,ofir,ssan",,,,,,,,,,,,,,,,,,,,,,,,,,,,,,,,,,,,
hwtw,"[""Units\\UnitAbilities.slk:128"", ""Units\\UnitBalance.slk:1168"", ""Units\\UnitData.slk:654"", ""Units\\UnitUI.slk:1118"", ""Units\\UnitWeapons.slk:1254"", ""Units\\HumanUnitStrings.txt:77"", ""Units\\HumanUnitFunc.txt:151""]",,"Abds,Adts",_,72,_,unbuildable,*,"Rhac,Rgfo",_,,,,,,,,1000,1600,25,25,,small,5,,,,none,,500,500,,,,,,,20,30,20,30,Mechanical,,1,,buffer,100,PathTextures\4x4SimpleSolid.tga,structure,,,60,,_,,2.34,2,1,1,1,human,1,,,,,BuildingShadowSmall,_,255,255,255,1,Wood,-1,_,_,200,200,50,,,1,2.5,0.15,HBuilding12,scouttower,ScoutTower,buildings\human\HumanTower\HumanTower,1,_,,,,,,,,,_,normal,,,1,_,_,,_,,,,,,,,,_,normal,,,1,_,_,120,60,,0.51,,,,Scout Tower,,T,Build Scout |cffffcc00T|rower,"Basic observation tower. Has no attack, but can be upgraded into a Guard Tower, an Arcane Tower, or a Cannon Tower. Can learn the Magic Sentry ability.",,,ReplaceableTextures\CommandButtons\BTNHumanWatchTower.blp,"0,2",,,,,,512,512,,,,,Objects\Spawnmodels\Human\HCancelDeath\HCancelDeath.mdl,,,Scout Tower,[],HSMA,5,,,,1,,,,,,4,,,,,,,,,,,,,,,,,,,,,,,1,15,,BuildingConstructionLoop,,,,,"hgtw,hctw,hatw",,,,,,,,,,,,,,,,,,,,,,,,,,,,,,,,,,,,,
ohwd,"[""Units\\UnitAbilities.slk:131"", ""Units\\UnitBalance.slk:1192"", ""Units\\UnitData.slk:669"", ""Units\\UnitUI.slk:1142"", ""Units\\UnitWeapons.slk:1271"", ""Units\\OrcUnitStrings.txt:5"", ""Units\\OrcUnitFunc.txt:7""]",,"Aoar,A0K4",_,,_,_,*,_,_,,,,,,,,600,600,1,1,,medium,,,,,none,,5,5,30,3,,,,,,,,,Ward,,1,,_,100,_,ward,,,60,,_,,0.94,,1,1,1,orc,1,25,25,70,70,_,Shadow,255,255,255,1,Wood,-1,_,_,200,200,50,25,25,1,0.75,0.15,OUnit17,healingward,HealingWard,units\orc\HealingWard\HealingWard,1,_,,,,,,,,,_,normal,,,1,_,_,,_,,,,,,,,,_,normal,,,1,_,_,60,60,,0.51,,,,Healing Ward,,,,,,,ReplaceableTextures\CommandButtons\BTNHealingWard.blp,,,,,,,,,,,,,,,,Healing Ward,[],_,,,,,2,,,,,,,,,,,,,,1,,,,,,,,,,,,,,,,,,,,,,,,,,,,,,,,,,,,,,,,,,,,,,,,,,,,,,,,,,,,
otot,"[""Units\\UnitAbilities.slk:134"", ""Units\\UnitBalance.slk:1210"", ""Units\\UnitData.slk:682"", ""Units\\UnitUI.slk:1172"", ""Units\\UnitWeapons.slk:1288"", ""Units\\OrcUnitStrings.txt:3"", ""Units\\OrcUnitFunc.txt:16""]",,"Aeth,A0K4",_,,_,_,*,_,_,,,,,,,,600,600,1,1,,medium,,,,,none,,100,100,30,3,,,,,,,,,Ward,6,1,,_,100,_,ward,,,60,,_,,0.94,,1,1,1,orc,,,,,,_,Shadow,255,255,255,1,Wood,-1,_,_,200,200,50,25,25,1,0.75,0.15,OUnit13,stasistraptotem,StasisTotem,Abilities\Spells\NightElf\CorrosiveBreath\ChimaeraAcidTargetArt,1,_,,,,,,,,,_,normal,,,1,_,_,,_,,,,,,,,,_,normal,,,1,_,_,60,60,,0.51,,,,Oгнeннaя лoвyшкa,,,,,,,ReplaceableTextures\CommandButtons\BTN105.blp,,,,,,,,,,,,,,,,Oгнeннaя лoвyшкa,[],_,,,,,2,,,,,,,,,,,,,,1,,,,,,,,,,,,,,,,,,,,,,,,,,,,,,,,,,,,,,,,,,,,,,,,,,,,,,,,,,,,
Edem,"[""Units\\UnitAbilities.slk:137"", ""Units\\UnitBalance.slk:1229"", ""Units\\UnitData.slk:695"", ""Units\\UnitUI.slk:1197"", ""Units\\UnitWeapons.slk:1305"", ""Units\\NightElfUnitStrings.txt:53"", ""Units\\NightElfUnitFunc.txt:88""]","AEmb,AEim,AEev,AEme","AInv,Ault",_,32,_,_,*,Reuv,AGI,6,1.5,2.1,2.4,22,16,19,800,1800,55,55,320,hero,4.6,0.01,100,240,night,0.5,575,100,30,3,30,3,8,5,100,425,100,425,_,5,1,15,_,100,_,ground,,5,60,0.5,foot,1,5,2,1,1,9,nightelf,1,60,60,160,160,_,Shadow,255,255,255,1,Flesh,-1,_,MetalHeavySlice,300,300,20,10,10,1,1.5,0.15,EHero03,demonhunter,HeroDemonHunter,units\nightelf\HeroDemonHunter\HeroDemonHunter,1,_,0.6,0.3,8,5,2,4,2,2.13,missile,hero,250,500,1,"ground,structure,debris,air,item,ward",_,1,_,0.6,0.3,24,13,2,12,2,1.7,normal,hero,250,100,1,"ground,structure,debris,item,ward",MetalHeavySlice,60,60,,0.47,0.3,650,1,Demon Hunter,"Shadowsong,Shadowfury,Shadowstalker,Flameseeker,Darkweaver,Darkterror,Darksorrow,Sindweller,Painkiller,Hellbourne,Wrathbringer,Ragerunner,Firebrand,Bloodwrath,Terrorblade",D,Summon |cffffcc00D|remon Hunter,"Cunning Hero, adept at maneuvering through battles. Can learn Immolation, Evasion, Mana Burn, and Metamorphosis. |n|n|cffffcc00Attacks land units.|r",Revive |cffffcc00D|remon Hunter,Revive |cffffcc00D|remon Hunter,ReplaceableTextures\CommandButtons\BTNHeroDemonHunter.blp,"0,2",Abilities\Weapons\DemonHunterMissile\DemonHunterMissile.mdl,0.0,900,1,,,,3,,etoa,etoe,Objects\Spawnmodels\NightElf\NightElfLargeDeathExplode\NightElfLargeDeathExplode.mdl,,UI\Glues\ScoreScreen\scorescreen-hero-demonhunter.blp,Demon Hunter,[],_,,,120,,,,,,,,,,,,,,,,,,,,,,,,,,,,,,,,,,,,,,,,,Edmm,,,,,,,,,,,,,,,,,,,,,,,,,,,,,,,,,,,
Edmm,"[""Units\\UnitAbilities.slk:141"", ""Units\\UnitBalance.slk:1270"", ""Units\\UnitData.slk:713"", ""Units\\UnitUI.slk:1226"", ""Units\\UnitWeapons.slk:1346"", ""Units\\NightElfUnitStrings.txt:61"", ""Units\\NightElfUnitFunc.txt:102""]","AEmb,AEim,AEev,AEme","AInv,Ault",_,32,_,_,*,Reuv,AGI,6,1.5,2.1,2.4,20,16,26,800,1800,55,55,320,hero,4,0.01,100,240,night,1,750,100,30,3,30,3,8,5,100,425,100,425,_,5,1,15,_,100,_,ground,2,4,60,0.5,foot,1,3,2,1,1,9,nightelf,1,60,60,160,160,_,Shadow,255,255,255,1,Flesh,-1,_,_,350,350,20,10,10,1,2,0.15,EHero04,demonhuntermorphed,HeroDemonHunterMorphed,units\nightelf\HeroDemonHunter\HeroDemonHunter,1,_,0.64,0.26,8,5,2,4,2,2.13,missile,chaos,250,500,1,"ground,structure,debris,air,item,ward",_,1,"ground,structure,debris,air,enemy",0.64,0.26,24,13,2,12,2,1.6,msplash,chaos,250,600,1,"ground,structure,debris,air,item,ward",_,60,160,,0.47,0.3,650,1,Demon Hunter,"Shadowsong,Shadowfury,Shadowstalker,Flameseeker,Darkweaver,Darkterror,Darksorrow,Sindweller,Painkiller,Hellbourne,Wrathbringer,Ragerunner,Firebrand,Bloodwrath,Terrorblade",D,Summon |cffffcc00D|remon Hunter,"Cunning Hero, adept at maneuvering through battles. Can learn Immolation, Evasion, Mana Burn, and Metamorphosis. |n|n|cffffcc00Attacks land units.|r",Revive |cffffcc00D|remon Hunter,Revive |cffffcc00D|remon Hunter,ReplaceableTextures\CommandButtons\BTNMetamorphosis.blp,"0,2",Abilities\Weapons\DemonHunterMissile\DemonHunterMissile.mdl,0.0,900,1,,,,3,,etoa,etoe,Objects\Spawnmodels\NightElf\NightElfLargeDeathExplode\NightElfLargeDeathExplode.mdl,medium,UI\Glues\ScoreScreen\scorescreen-hero-demonhunter.blp,Demon Hunter,[],_,,,,,,,,,,,,,,,,,,,1,,,,,,50,150,250,0.5,0.25,,,alternateex,,,,,,,,,,,,,alternate,alternate,,,,,,,,,,,,,,,,,,,,,,,,,,,,,,,,,
Ekee,"[""Units\\UnitAbilities.slk:145"", ""Units\\UnitBalance.slk:1310"", ""Units\\UnitData.slk:732"", ""Units\\UnitUI.slk:1256"", ""Units\\UnitWeapons.slk:1392"", ""Units\\NightElfUnitStrings.txt:69"", ""Units\\NightElfUnitFunc.txt:119""]","AEer,AEfn,AEah,AEtq","AInv,Ault",_,32,_,_,*,Reuv,INT,6,1.5,2.7,1.8,15,18,16,900,1800,55,55,320,hero,2.5,0.01,100,270,night,0.5,500,100,30,3,30,3,8,5,100,425,100,425,_,5,1,13,_,100,_,ground,2,4,60,0.4,horse,1,3,2,1,1,9,nightelf,1,75,75,200,200,_,Shadow,255,255,255,1,Flesh,-1,_,WoodHeavyBash,240,240,30,10,45,1,2.25,0.15,EHero01,keeperofthegrove,HeroKeeperoftheGrove,units\nightelf\HeroKeeperoftheGrove\HeroKeeperoftheGrove,1,_,0.77,0.4,8,5,2,4,2,2.13,missile,hero,250,500,1,"ground,structure,debris,air,item,ward",_,1,_,0.77,0.4,8,5,2,4,2,2.18,missile,hero,250,600,1,"ground,structure,debris,air,item,ward",_,60,60,,0.8,0.7,600,1,Keeper of the Grove,"Larodar,Anubris,Nandieb,Califax,Bandalar,Malorne,Gholbine,Dagda,Nuada,Oghma,Centrius,Ceredwyn",K,Summon |cffffcc00K|reeper of the Grove,"Mystical Hero, adept at using nature spells. Can learn Entangling Roots, Force of Nature, Thorns Aura, and Tranquility. |n|n|cffffcc00Attacks land and air units.|r",Revive |cffffcc00K|reeper of the Grove,Revive |cffffcc00K|reeper of the Grove,ReplaceableTextures\CommandButtons\BTNKeeperOfTheGrove.blp,"1,2",Abilities\Weapons\KeeperGroveMissile\KeeperGroveMissile.mdl,0.10,900,1,,,,3,,etoa,etoe,Objects\Spawnmodels\NightElf\NightElfLargeDeathExplode\NightElfLargeDeathExplode.mdl,medium,UI\Glues\ScoreScreen\scorescreen-hero-keeperofthegrove.blp,Keeper of the Grove,[],_,,,,,,,,,,,,,,,,,,,,,,,,,,,,,,,,,,,,,,,,,,,,,,,,,,,,,,,,,,,,,,,,,,,,,,,,,,,,,,,
Emoo,"[""Units\\UnitAbilities.slk:149"", ""Units\\UnitBalance.slk:1350"", ""Units\\UnitData.slk:751"", ""Units\\UnitUI.slk:1285"", ""Units\\UnitWeapons.slk:1433"", ""Units\\NightElfUnitStrings.txt:77"", ""Units\\NightElfUnitFunc.txt:133""]","AHfa,AEst,AEar,AEsf","Ashm,AInv,Ault",_,32,_,_,*,Reuv,AGI,6,1.5,2.6,1.9,19,15,18,800,1800,55,55,320,hero,3.7,0.01,100,225,night,0.5,550,100,30,3,30,3,8,5,100,425,100,425,_,5,1,13,_,100,_,ground,2,4,60,0.4,horse,1,3,2,1,1,9,nightelf,1,85,85,200,200,_,Shadow,255,255,255,1,Flesh,-1,_,_,300,300,30,10,45,1,2.25,0.15,EHero02,priestessofthemoon,HeroMoonPriestess,units\nightelf\HeroMoonPriestess\HeroMoonPriestess,1,_,0.7,0.3,8,5,2,4,2,2.13,missile,hero,250,500,1,"ground,structure,debris,air,item,ward",_,1,_,0.7,0.3,12,7,2,6,2,2.46,missile,hero,250,600,1,"ground,structure,debris,air,item,ward",_,60,100,,0.83,0.5,650,1,Priestess of the Moon,"Kathris Starsong,Adora Nightshade,Mora Moonsinger,Felore Moonray,Anara Chillwind,Kera Stardragon,Mave Whisperwind,Delas Moonfang,Mira Whitemane,Theta Saberfang,Tygra Snowscar,Ariel Darkmoon,Diana Windwood",P,Summon |cffffcc00P|rriestess of the Moon,"Warrior Hero, adept at enhancing ranged attacks and slaying enemies from afar. Can learn Scout, Searing Arrows, Trueshot Aura, and Starfall. |n|n|cffffcc00Attacks land and air units.|r",Revive |cffffcc00P|rriestess of the Moon,Revive |cffffcc00P|rriestess of the Moon,ReplaceableTextures\CommandButtons\BTNPriestessOfTheMoon.blp,"2,2",Abilities\Weapons\MoonPriestessMissile\MoonPriestessMissile.mdl,0.15,900,1,,,,3,,etoa,etoe,Objects\Spawnmodels\NightElf\NightElfLargeDeathExplode\NightElfLargeDeathExplode.mdl,medium,UI\Glues\ScoreScreen\scorescreen-hero-priestessofthemoon.blp,Priestess of the Moon,[],_,,,,,,,,,,,,,,,,,,,,,,,,,,,,,,,,,,,,,,,,,,,,,,,,,,,,,,,,,,,,,,,,,,,,,,,,,,,,,,,
Ewar,"[""Units\\UnitAbilities.slk:153"", ""Units\\UnitBalance.slk:1390"", ""Units\\UnitData.slk:770"", ""Units\\UnitUI.slk:1314"", ""Units\\UnitWeapons.slk:1474"", ""Units\\NightElfUnitStrings.txt:85"", ""Units\\NightElfUnitFunc.txt:147""]","AEbl,AEfk,AEsh,AEsv","Ashm,AInv,Ault",_,32,_,_,*,Reuv,AGI,6,1.6,2,2.4,20,15,18,800,1800,55,55,320,hero,4,0.01,100,225,night,0.5,550,100,30,3,30,3,8,5,100,425,100,425,_,5,1,9,_,100,_,ground,,5,60,0.4,foot,1,1,2,1,1,9,nightelf,1,85,85,200,200,_,Shadow,255,255,255,1,Flesh,-1,_,_,300,300,30,10,10,1,1.5,0.15,EHero07,warden,HeroWarden,units\nightelf\herowarden\herowarden,1,_,0.7,0.3,8,5,2,4,2,2.13,missile,hero,250,500,1,"ground,structure,debris,air,item,ward",_,1,_,0.7,0.3,22,12,2,11,2,2.05,normal,hero,250,100,1,"ground,structure,debris,item,ward",MetalHeavySlice,80,80,25,0.83,0.5,650,1,Warden,"Alsa Iron-cell,The Iron Raven,Marin Bladewing,Shalis Darkhunter,Sira Moonwarden,Saithis,Malace Shade,Kiri Starstalker,Anaya Felgrove,Mirana Starlight,Felhala Starmoon,Drelanim Whisperwind,Cordana Felsong,Nalmeena Darkfollow",W,Summon |cffffcc00W|rarden,"Cunning Hero, adept at entering and escaping combat. Can learn Blink, Fan of Knives, Shadow Strike and Vengeance. |n|n|cffffcc00Attacks land units.|r",Revive |cffffcc00W|rarden,Revive |cffffcc00W|rarden,ReplaceableTextures\CommandButtons\BTNHeroWarden.blp,"0,1",Abilities\Weapons\WardenMissile\WardenMissile.mdl,0.15,900,,,,,3,,etoa,etoe,Objects\Spawnmodels\NightElf\NightElfLargeDeathExplode\NightElfLargeDeathExplode.mdl,medium,UI\Glues\ScoreScreen\scorescreen-hero-warden.blp,Warden,[],_,,,,,,,,,,,,,,,,,,,,,,,,,,,,,,,,,,,,,,,,,,,,,,,,,,,,,,,,,,,,,,,,,,,,,,,,,,,,,,,
earc,"[""Units\\UnitAbilities.slk:157"", ""Units\\UnitBalance.slk:1430"", ""Units\\UnitData.slk:788"", ""Units\\UnitUI.slk:1343"", ""Units\\UnitWeapons.slk:1516"", ""Units\\NightElfUnitStrings.txt:98"", ""Units\\NightElfUnitFunc.txt:169""]",,"Aco2,Ashm,Aien,Ault",_,32,_,_,*,"Resm,Rema,Reib,Remk,Reuv,Repm",_,,,,,,,,800,1400,20,20,270,medium,,,,,night,0.5,310,310,30,3,20,3,6,2,10,130,10,130,_,2,1,,_,100,_,ground,2,,60,0.6,foot,1,3,3,1,1,2,nightelf,1,50,50,120,120,_,Shadow,255,255,255,1,Flesh,-1,_,_,290,290,20,10,10,1,1,0.15,EUnit02,archer,Archer,units\nightelf\Archer\Archer,1,_,,,,,,,,,_,normal,,,1,_,_,1,_,0.28,0.72,18,17,16,3,1,1.5,missile,pierce,250,500,1,"ground,structure,debris,air,item,ward",_,60,71,11,0.51,0.3,800,1,Archer,,A,Train |cffffcc00A|rrcher,"Basic long-ranged attacker. Can learn the Marksmanship, Improved Bows and Hippogryph Taming upgrades.|n|n|cffffcc00Attacks land and air units.|r",,,ReplaceableTextures\CommandButtons\BTNArcher.blp,"0,0",Abilities\Weapons\Arrow\ArrowMissile.mdl,0.15,900,,,,,,,,,Objects\Spawnmodels\NightElf\NightElfLargeDeathExplode\NightElfLargeDeathExplode.mdl,,,Archer,[],_,,,,,2,,,,,,,15,62,,,,,,,,,,,,,,,,,,,,,,,,,,,,,,,,,,,,,,,,,,,,,,,,,,,,,,,,,,,,,,,,,,
ebal,"[""Units\\UnitAbilities.slk:160"", ""Units\\UnitBalance.slk:1460"", ""Units\\UnitData.slk:805"", ""Units\\UnitUI.slk:1372"", ""Units\\UnitWeapons.slk:1550"", ""Units\\NightElfUnitStrings.txt:1"", ""Units\\NightElfUnitFunc.txt:1""]",,"Aimp,Ault",_,48,_,_,*,"Resm,Reuv,Repb",_,,,,,,,,1200,1400,48,48,220,large,2,,,,none,,300,300,30,3,25,3,7,3,65,210,65,210,Mechanical,2,1,,_,100,_,ground,3,1,30,0.4,foot,2,3.34,2,1,1,2,nightelf,1,80,80,160,160,_,Shadow,255,255,255,1,Wood,-1,_,_,150,150,50,45,45,1,3,0.15,EUnit05,glaivethrower,Ballista,units\nightelf\Ballista\Ballista,1,"ground,structure,debris,wall,tree",1.9,0.1,50,44.5,39,12,1,3.5,aline,siege,250,1150,1,"ground,structure,debris,wall,item,ward,tree",_,1,"ground,structure,debris,wall",1.9,0.1,50,44.5,39,12,1,3.5,aline,siege,250,1150,1,"ground,structure,debris,wall,item,ward",_,60,60,,0.51,0.3,1150,1,Glaive Thrower,,T,Train Glaive |cffffcc00T|rhrower,Long-range siege weaponry. Exceptional damage versus buildings. Can gain the Vorpal Blades upgrade to attack trees. |n|n|cffffcc00Attacks land units.|r,,,ReplaceableTextures\CommandButtons\BTNGlaiveThrower.blp,"2,0",Abilities\Weapons\GlaiveMissile\GlaiveMissile.mdl,0.05,1400,,,,,,edob,,,,large,,Glaive Thrower,[],_,2,,,,2,,,,,,4,38,,38,50,0.2,Abilities\Weapons\GlaiveMissile\GlaiveMissileTarget.mdl,2,,,,,,250,25,50,150,0.4,0.25,,,,,,,,,,,,,,,,,,@,25,50,150,0.4,0.25,0.2,50,,,,,,,,,,,,,,,,,,,,,,,,,
echm,"[""Units\\UnitAbilities.slk:163"", ""Units\\UnitBalance.slk:1491"", ""Units\\UnitData.slk:823"", ""Units\\UnitUI.slk:1403"", ""Units\\UnitWeapons.slk:1609"", ""Units\\NightElfUnitStrings.txt:11"", ""Units\\NightElfUnitFunc.txt:21""]",,"Acor,Alit,Ault",_,8,_,_,*,"Resw,Rerh,Recb,Reuv",_,,,,,,,,800,1600,65,60,270,small,2,,,,night,0.5,1000,1000,30,3,30,3,8,5,70,330,70,330,_,5,1,,_,100,_,air,2,3,61,0.5,fly,,3,,1,1,3,nightelf,1,120,120,240,240,_,ShadowFlyer,255,255,255,1,Flesh,-1,_,_,200,200,100,,33,1,2,0.4,EUnit08,chimaera,Chimaera,units\nightelf\Chimaera\Chimaera,1,"ground,debris",0.5,0.5,83,75,67,17,1,2.5,msplash,magic,250,450,1,"ground,item,ward,structure,debris",_,1,_,0.65,0.7,55,50,45,11,1,2.5,missile,siege,250,850,1,"structure,debris",_,60,-18,10,0.3,0.7,900,2,Chimaera,,C,Train |cffffcc00C|rhimaera,Flying two headed Dragon. Can learn Corrosive Breath. |n|n|cffffcc00Attacks land units.|r,,,ReplaceableTextures\CommandButtons\BTNChimaera.blp,"0,0","Abilities\Weapons\ChimaeraAcidMissile\ChimaeraAcidMissile.mdl,Abilities\Weapons\ChimaeraLightningMissile\ChimaeraLightningMissile.mdl","0.0,0.0","1200,1500",,,,,,,,,,large,,Chimaera,[],_,2,,,1,2,,90,280,,230,2,44,105,66,,,,,,,,,,,,,,,,,1,,,,,,,,,,,,,,,,,50,150,250,0.5,0.1,,,,,,,,,,,,,,,,,,,,,,,,,,,
edcm,"[""Units\\UnitAbilities.slk:166"", ""Units\\UnitBalance.slk:1525"", ""Units\\UnitData.slk:841"", ""Units\\UnitUI.slk:1433"", ""Units\\UnitWeapons.slk:1659"", ""Units\\NightElfUnitStrings.txt:23"", ""Units\\NightElfUnitFunc.txt:36""]",,"Abrf,Ara2,Aien,Ault",_,32,_,_,*,"Resw,Rerh,Reuv,Redc,Repm",_,,,,,,,,800,1400,30,30,270,large,3,0.333333333333333,100,200,night,1,810,810,30,3,25,3,7,4,80,255,80,255,_,4,1,,_,100,_,ground,,4,60,0.6,foot,1,3,3,1,1,6,nightelf,1,75,75,190,190,_,Shadow,255,255,255,1,Flesh,-1,_,WoodHeavyBash,180,180,20,10,45,1,2.5,0.15,EUnit12,druidoftheclawmorphed,DruidoftheClawMorphed,units\nightelf\DruidoftheClaw\DruidoftheClaw,1,_,,,,,,,,,_,normal,,,1,_,_,1,_,0.83,0.5,32,29.5,27,6,1,1.5,normal,normal,250,100,1,"ground,structure,debris,item,ward",WoodHeavyBash,60,60,,0.51,0.3,500,1,Druid of the Claw,,C,Train Druid of the |cffffcc00C|rlaw,"Melee spellcaster. Can initially cast Roar, which increases attack damage. Can also learn Rejuvenation, Bear Form and Mark of the Claw. |n|n|cffffcc00Attacks land units.|r",,,ReplaceableTextures\CommandButtons\BTNBearForm.blp,"1,0",,,,,,,,,etoa,,,Objects\Spawnmodels\NightElf\NightElfLargeDeathExplode\NightElfLargeDeathExplode.mdl,large,,Druid of the Claw,[],_,3,,,,2,200,,,,,,26,,,,,,,1,,"Initiate, Adept, Master","- Roar"",""- Roar|n- Rejuvenation"",""- Roar|n- Rejuvenation|n- Bear Form",UI\Widgets\Console\Human\infocard-druidofclaw.blp,,,,,,,,,alternateex,,,,,,,,,,,,,alternate,alternate,,,,,,,,,,,,,,,,,,,,,,,,,,,,,,,,,
edoc,"[""Units\\UnitAbilities.slk:169"", ""Units\\UnitBalance.slk:1561"", ""Units\\UnitData.slk:858"", ""Units\\UnitUI.slk:1463"", ""Units\\UnitWeapons.slk:1691"", ""Units\\NightElfUnitStrings.txt:16"", ""Units\\NightElfUnitFunc.txt:28""]",,"Abrf,Arej,Aroa,Aien,Ault",_,32,_,_,*,"Redc,Reuv,Repm,Reeb",_,,,,,,,,800,1400,30,35,270,large,1,0.666666666666667,100,200,night,0.5,430,430,30,3,25,3,7,4,80,255,80,255,_,4,1,,_,100,_,ground,2,5,60,0.6,foot,1,5,3,1,1,7,nightelf,1,80,80,190,190,_,Shadow,255,255,255,1,Flesh,-1,_,WoodHeavyBash,240,240,20,10,10,1,2,0.15,EUnit11,druidoftheclaw,DruidoftheClaw,units\nightelf\DruidoftheClaw\DruidoftheClaw,1,_,,,,,,,,,_,normal,,,1,_,_,1,_,0.53,0.33,22,20.5,19,4,1,1.5,normal,normal,250,100,1,"ground,structure,debris,item,ward",WoodHeavyBash,60,60,,1.17,0.5,500,1,Druid of the Claw,,C,Train Druid of the |cffffcc00C|rlaw,"Melee spellcaster. Can initially cast Roar, which increases attack damage. Can also learn Rejuvenation, Bear Form and Mark of the Claw. |n|n|cffffcc00Attacks land units.|r",,,ReplaceableTextures\CommandButtons\BTNDruidOfTheClaw.blp,"1,0",,,,,,,,,etoa,,,Objects\Spawnmodels\NightElf\NightElfLargeDeathExplode\NightElfLargeDeathExplode.mdl,medium,,Druid of the Claw,[],_,1,,,,2,200,,,,,,18,,,,,,,,,"Initiate, Adept, Master","- Roar"",""- Roar|n- Rejuvenation"",""- Roar|n- Rejuvenation|n- Bear Form",UI\Widgets\Console\Human\infocard-druidofclaw.blp,,,,,,,,,,,,,,,,,,,,,edcm,,,,,,,,,,,,,,,,,,,,,,,,,,,,,,,,,,,
edot,"[""Units\\UnitAbilities.slk:172"", ""Units\\UnitBalance.slk:1597"", ""Units\\UnitData.slk:876"", ""Units\\UnitUI.slk:1492"", ""Units\\UnitWeapons.slk:1723"", ""Units\\NightElfUnitStrings.txt:30"", ""Units\\NightElfUnitFunc.txt:55""]",,"Acyc,Arav,Afae,Aien,Ault",Afae,16,_,_,*,"Redt,Reuv,Repm,Reec",_,,,,,,,,800,1400,22,22,270,none,,0.666666666666667,75,200,night,0.5,300,300,30,3,20,3,6,2,20,135,20,135,_,2,1,,_,100,_,ground,2,5,60,0.6,foot,1,4.335,3,1,1,5,nightelf,1,60,60,140,140,_,Shadow,255,255,255,1,Flesh,-1,_,_,180,180,50,10,10,1,1.25,0.15,EUnit09,druidofthetalon,DruidoftheTalon,units\nightelf\DruidoftheTalon\DruidoftheTalon,1,_,,,,,,,,,_,normal,,,1,_,_,1,_,0.67,0.5,13,12,11,3,1,1.6,missile,magic,250,600,1,"ground,structure,debris,air,item,ward",_,60,60,,1.97,0.7,700,1,Druid of the Talon,,T,Train Druid of the |cffffcc00T|ralon,"Maneuverable spellcaster. Can initially cast Faerie Fire, which reduces armor and gives vision of an enemy unit. Can also learn Storm Crow Form, Cyclone and Mark of the Talon. |n|n|cffffcc00Attacks land and air units.|r",,,ReplaceableTextures\CommandButtons\BTNDruidOfTheTalon.blp,"1,0",Abilities\Weapons\DruidoftheTalonMissile\DruidoftheTalonMissile.mdl,0.15,900,1,,,,,,,,Objects\Spawnmodels\NightElf\NightElfLargeDeathExplode\NightElfLargeDeathExplode.mdl,,,Druid of the Talon,[],_,,,,,2,200,,,,,,10,,,,,,,,,"Initiate, Adept, Master","- Faerie Fire"",""- Faerie Fire|n- Storm Crow Form"",""- Faerie Fire|n- Storm Crow Form|n- Cyclone",UI\Widgets\Console\Human\infocard-druidoftalon.blp,,,,,,,,,,,,,,,,,,,,,edtm,,,,,,,,,,,,,,,,,,,,,,,,,,,,,,,,,,,
edry,"[""Units\\UnitAbilities.slk:175"", ""Units\\UnitBalance.slk:1631"", ""Units\\UnitData.slk:894"", ""Units\\UnitUI.slk:1521"", ""Units\\UnitWeapons.slk:1755"", ""Units\\NightElfUnitStrings.txt:103"", ""Units\\NightElfUnitFunc.txt:176""]",,"Aadm,Amim,Aspo,Aien,Ault",Aadm,32,_,_,*,"Resw,Rerh,Resi,Reuv,Repm",_,,,,,,,,800,1400,30,30,350,none,,0.75,75,200,night,0.5,435,435,30,3,25,3,7,3,60,145,60,145,_,2,1,,_,100,_,ground,2,5,60,0.5,foot,1,3,3,1,1,4,nightelf,1,70,70,190,190,_,Shadow,255,255,255,1,Flesh,-1,_,_,380,380,30,10,45,1,1.25,0.15,EUnit04,dryad,Dryad,units\nightelf\Dryad\Dryad,1,_,,,,,,,,,_,normal,,,1,_,_,1,_,0.7,0.3,17,16,15,3,1,2,missile,pierce,250,500,1,"ground,structure,debris,air,item,ward",_,60,125,-25,0.51,0.3,800,1,Dryad,,D,Train |cffffcc00D|rryad,Anti-spellcaster that has a poison attack which slows and damages enemy units. Also has Spell Immunity which renders her invulnerable to magical effects and damage. Can learn Abolish Magic. |n|n|cffffcc00Attacks land and air units.|r,,,ReplaceableTextures\CommandButtons\BTNDryad.blp,"0,0",Abilities\Weapons\Dryadmissile\Dryadmissile.mdl,0.15,1000,,,,,,,,,Objects\Spawnmodels\NightElf\NightElfLargeDeathExplode\NightElfLargeDeathExplode.mdl,,,Dryad,[],_,,,,,2,200,,,,,,14,40,,,,,,,,,,,,,,,,,,,,,,,,,,,,,,,,,,,,,,,,,,,,,,,,,,,,,,,,,,,,,,,,,,
edtm,"[""Units\\UnitAbilities.slk:178"", ""Units\\UnitBalance.slk:1665"", ""Units\\UnitData.slk:912"", ""Units\\UnitUI.slk:1550"", ""Units\\UnitWeapons.slk:1789"", ""Units\\NightElfUnitStrings.txt:37"", ""Units\\NightElfUnitFunc.txt:65""]",,"Arav,Afa2,Ault",Afae,8,_,_,*,"Resw,Rerh,Reuv,Redt",_,,,,,,,,800,1600,22,22,350,none,,0.666666666666667,75,200,night,1,300,300,30,3,20,3,6,2,20,135,20,135,_,2,1,,_,100,_,air,2,1,61,0.6,fly,1,4.335,,1,1,3,nightelf,1,60,60,120,120,_,ShadowFlyer,255,255,255,1,Flesh,-1,_,_,200,200,20,25,33,1,1.25,0.15,EUnit10,druidofthetalonmorphed,DruidoftheTalonMorphed,units\nightelf\DruidoftheTalon\DruidoftheTalon,1,_,,,,,,,,,_,normal,,,1,_,_,1,_,0.57,0.6,41,38,35,7,1,1.75,missile,magic,250,600,1,air,_,60,60,,0.51,0.3,600,1,Druid of the Talon,,T,Train Druid of the |cffffcc00T|ralon,"Maneuverable spellcaster. Can initially cast Faerie Fire, which reduces armor and gives vision of an enemy unit. Can also learn Storm Crow Form, Cyclone and Mark of the Talon. |n|n|cffffcc00Attacks land and air units.|r",,,ReplaceableTextures\CommandButtons\BTNRavenForm.blp,"1,0",Abilities\Weapons\DruidoftheTalonMissile\DruidoftheTalonMissile.mdl,0.15,900,1,,,,,,,,,,,Druid of the Talon,[],_,,,,1,2,200,90,240,,230,2,34,,,,,,,1,,"Initiate, Adept, Master","- Faerie Fire"",""- Faerie Fire|n- Storm Crow Form"",""- Faerie Fire|n- Storm Crow Form|n- Cyclone",UI\Widgets\Console\Human\infocard-druidoftalon.blp,,,,,,,,,alternateex,,,,,,,,,,,,,alternate,alternate,,,,,,,,,,,,,,,,,,,,,,,,,,,,,,,,,
efdr,"[""Units\\UnitAbilities.slk:181"", ""Units\\UnitBalance.slk:1700"", ""Units\\UnitData.slk:931"", ""Units\\UnitUI.slk:1582"", ""Units\\UnitWeapons.slk:1821"", ""Units\\NightElfUnitStrings.txt:182"", ""Units\\NightElfUnitFunc.txt:315""]",,"Amim,Amfl,Apsh,Ault",Apsh,8,_,_,*,"Resw,Rerh",_,,,,,,,,1000,1600,25,25,350,small,,0.75,75,200,night,0.5,450,450,30,3,25,3,7,2,25,155,25,155,_,3,1,,_,100,_,air,2,4,61,0.4,fly,1,2.13,,1,1,8,nightelf,1,60,60,120,120,_,ShadowFlyer,255,255,255,1,Ethereal,-1,_,_,200,200,50,33,45,1,1.5,0.15,EUnit21,faeriedragon,FaerieDragon,units\nightelf\FaerieDragon\FaerieDragon,1,_,,,,,,,,,_,normal,,,1,_,_,1,_,0.8,0.5,14,13.5,13,2,1,1.75,missile,pierce,250,300,1,"ground,structure,debris,air,item,ward",_,11,11,,0.51,0.3,600,1,Faerie Dragon,,F,Train |cffffcc00F|raerie Dragon,"Small flying creature adept at harming spellcasters and avoiding damage. Has Spell Immunity, Phase Shift and Mana Flare. |n|n|cffffcc00Attacks land and air units.|r",,,ReplaceableTextures\CommandButtons\BTNFaerieDragon.blp,"2,0",Abilities\Weapons\FaerieDragonMissile\FaerieDragonMissile.mdl,0.15,900,1,,,,,eden,,,,,,Faerie Dragon,[],_,,,,1,2,200,90,240,,230,2,12,70,,,,,,,,,,,,,,,,,,,,,,,,,,,,,,,,,,,,,,,,,,,,,,,,,,,,,,,,,,,,,,,,,,
efon,"[""Units\\UnitAbilities.slk:184"", ""Units\\UnitBalance.slk:1735"", ""Units\\UnitData.slk:950"", ""Units\\UnitUI.slk:1613"", ""Units\\UnitWeapons.slk:1854"", ""Units\\NightElfUnitStrings.txt:108"", ""Units\\NightElfUnitFunc.txt:183""]",,Ault,_,32,_,_,*,"Reuv,Renb",_,,,,,,,,800,1200,30,30,220,large,,,,,night,0.5,300,300,30,3,20,3,6,,,,,,_,2,1,,_,100,_,ground,,4,60,0.5,foot,1,3.14,,1,1,1,nightelf,1,60,60,140,140,_,Shadow,255,255,255,1,Flesh,-1,_,WoodMediumBash,110,110,20,10,10,1,1.5,0.15,EUnit14,forceofnature,Ent,units\nightelf\Ent\Ent,1,_,,,,,,,,,_,normal,,,1,_,_,1,_,0.533,0.467,17,16,15,3,1,1.75,normal,normal,250,100,1,"ground,structure,debris,item,ward",WoodMediumBash,60,60,,0.51,0.3,500,1,Treant,,,,,,,ReplaceableTextures\CommandButtons\BTNEnt.blp,"0,0",,,,,,,,,,,,,medium,,Treant,[],_,,,,,5,,,,,,,14,,,,,,,1,,,,,,,,,,,,,,,,,,,,,,,,,,,,,,,,,,,,,,,,,,,,,,,,,,,,,,,,,,,,
ehip,"[""Units\\UnitAbilities.slk:187"", ""Units\\UnitBalance.slk:1760"", ""Units\\UnitData.slk:966"", ""Units\\UnitUI.slk:1643"", ""Units\\UnitWeapons.slk:1886"", ""Units\\NightElfUnitStrings.txt:110"", ""Units\\NightElfUnitFunc.txt:187""]",,"Aco3,Ault",_,8,_,_,*,"Resw,Rerh,Reht,Reuv",_,,,,,,,,800,1600,30,30,400,none,,,,,night,0.5,525,525,30,3,25,3,7,2,20,160,20,160,_,2,1,,_,100,_,air,2,1,61,0.4,fly,,3,,1,1,2,nightelf,1,90,90,180,180,_,ShadowFlyer,255,255,255,1,Flesh,-1,_,WoodMediumBash,350,350,100,25,33,1,1.5,0.15,EUnit06,hippogryph,Hippogryph,units\nightelf\Hippogryph\Hippogryph,1,_,,,,,,,,,_,normal,,,1,_,_,1,_,0.37,0.6,57,53.5,50,8,1,1.05,normal,normal,250,128,1,air,WoodMediumBash,60,60,,0.51,0.3,500,1,Hippogryph,,H,Train |cffffcc00H|rippogryph,Flying melee attack beast. Can learn the Hippogryph Taming ability. |n|n|cffffcc00Attacks air units.|r,,,ReplaceableTextures\CommandButtons\BTNHippogriff.blp,"0,0",,,,,,,,,,,,,medium,,Hippogryph,[],_,,,,1,2,,90,240,,230,2,49,,,,,,,,,,,,,,,,,,,,,,,,,,,,,,,,,,,,,,,,,,,,,,,,,,,,,,,,,,,,,,,,,,,
ehpr,"[""Units\\UnitAbilities.slk:190"", ""Units\\UnitBalance.slk:1791"", ""Units\\UnitData.slk:984"", ""Units\\UnitUI.slk:1674"", ""Units\\UnitWeapons.slk:1918"", ""Units\\NightElfUnitStrings.txt:115"", ""Units\\NightElfUnitFunc.txt:191""]",,"Adec,Ault",_,8,_,_,*,"Resm,Rema,Reib,Remk,Reht,Reuv",_,,,,,,,,800,1600,1,1,350,small,,,,,night,0.5,835,835,30,3,25,3,7,4,30,290,30,290,_,4,1,,_,100,_,air,2,1,61,0.4,fly,,3,,1,1,2,nightelf,1,90,90,180,180,_,ShadowFlyer,255,255,255,1,Flesh,-1,_,_,350,350,100,25,33,1,1.5,0.15,EUnit07,riddenhippogryph,RiddenHippogryph,units\nightelf\RiddenHippogryph\RiddenHippogryph,1,_,,,,,,,,,_,normal,,,1,_,_,1,_,0.337,0.633,18,17,16,3,1,1.1,missile,pierce,250,400,1,"ground,structure,debris,air,item,ward",_,60,60,,0.51,0.3,500,1,Hippogryph Rider,,R,Ride Hippog|cffffcc00r|ryph,Archer mounted Hippogryph. |n|n|cffffcc00Attacks land and air units.|r,,,ReplaceableTextures\CommandButtons\BTNHippogriffRider.blp,"0,0",Abilities\Weapons\Arrow\ArrowMissile.mdl,0.15,1500,,,,,,,,,,medium,,Hippogryph Rider,[],_,,,,1,2,,90,240,,230,2,15,,,,,,,,,,,,,,,,,,,,,,,,,,,,,,,,,,,,,,,,,,,,,,,,,,,,,,,,,,,,,,,,,,,
emtg,"[""Units\\UnitAbilities.slk:193"", ""Units\\UnitBalance.slk:1822"", ""Units\\UnitData.slk:1002"", ""Units\\UnitUI.slk:1705"", ""Units\\UnitWeapons.slk:1950"", ""Units\\NightElfUnitStrings.txt:177"", ""Units\\NightElfUnitFunc.txt:310""]",,"Atau,Agra,Arsk,Assk,Aien",_,48,_,_,*,"Resw,Rerh,Rers,Rehs,Repm,Reuv",_,,,,,,,,800,1200,50,50,270,medium,,,,,night,1.5,1400,1400,30,3,30,3,8,7,100,425,100,425,_,6,1,,_,100,_,ground,,1,30,0.4,foot,2,3.34,2,1,1,8,nightelf,1,75,75,190,190,_,Shadow,255,255,255,1,Stone,-1,_,_,200,200,30,10,10,1,3,0.15,EUnit13,mountaingiant,MountainGiant,units\nightelf\MountainGiant\MountainGiant,1,_,1,0.49,48,41,34,8,2,2.5,normal,siege,250,250,1,"ground,structure,debris,tree,wall,item,ward",WoodHeavyBash,1,_,1,0.49,40,34,28,7,2,2.5,normal,normal,250,128,1,"ground,structure,debris,tree,wall,item,ward",WoodHeavyBash,60,60,,3,,500,1,Mountain Giant,,G,Train Mountain |cffffcc00G|riant,"Massive melee unit that can disrupt enemy attackers and take incredible amounts of punishment. Has the Taunt and War Club abilities. Can learn Hardened Skin, and Resistant Skin. |n|n|cffffcc00Attacks land units.|r",,,ReplaceableTextures\CommandButtons\BTNMountainGiant.blp,"2,0",,,,,,,,,"etoa,eden",,,,large,,Mountain Giant,[],_,,,,,2,,,,,,,26,,32,,,,,,,,,,,,,,,,,,,,,,,,,,,,,,,,,,,,,,,,,,,,,,,,,,,,,,,,,,,,,,,,,
esen,"[""Units\\UnitAbilities.slk:196"", ""Units\\UnitBalance.slk:1852"", ""Units\\UnitData.slk:1019"", ""Units\\UnitUI.slk:1734"", ""Units\\UnitWeapons.slk:1992"", ""Units\\NightElfUnitStrings.txt:93"", ""Units\\NightElfUnitFunc.txt:160""]",,"Aesn,Ashm,Amgl,Aien,Ault",_,32,_,_,*,"Resm,Rema,Resc,Reuv,Remg,Repm",_,,,,,,,,800,1400,30,30,350,none,2,,,,night,0.5,575,575,30,3,25,3,7,3,20,195,20,195,_,3,1,,_,100,_,ground,,4,60,0.6,foot,1,3,3,1,1,3,nightelf,1,75,75,190,190,_,Shadow,255,255,255,1,Flesh,-1,_,MetalMediumSlice,240,240,30,10,45,1,1.5,0.15,EUnit03,huntress,Huntress,units\nightelf\Huntress\Huntress,1,_,,,,,,,,,_,normal,,,1,_,_,2,"ground,structure,debris,enemy",0.54,0.46,18,17,16,3,1,1.8,mbounce,normal,250,225,1,"ground,structure,debris,item,ward",MetalMediumSlice,60,60,,0.4,0.6,500,1,Huntress,,H,Train |cffffcc00H|runtress,Agile short-ranged warrior. Can learn the Sentinel ability and the Moon Glaive attack. |n|n|cffffcc00Attacks land units.|r,,,ReplaceableTextures\CommandButtons\BTNHuntress.blp,"1,0",Abilities\Weapons\SentinelMissile\SentinelMissile.mdl,0.10,900,,,,,,edob,,,Objects\Spawnmodels\NightElf\NightElfLargeDeathExplode\NightElfLargeDeathExplode.mdl,medium,,Huntress,[],_,2,,,,2,,,,,,,15,,,,0.5,,,,,,,,,400,,,,,,,,,,,,,,,,,,,,,,,,,,,,,,,,,,,,,,,,,,,,,,,,,,,,,,
espv,"[""Units\\UnitAbilities.slk:199"", ""Units\\UnitBalance.slk:1884"", ""Units\\UnitData.slk:1036"", ""Units\\UnitUI.slk:1763"", ""Units\\UnitWeapons.slk:2026"", ""Units\\NightElfUnitStrings.txt:175"", ""Units\\NightElfUnitFunc.txt:302""]",,"ACmi,Asp1,ACrk,Avng",Avng,32,_,_,*,_,_,,,,,,,,1000,1200,20,20,320,large,2,2,400,400,always,1.6,1200,1200,30,3,20,3,6,,,,,,_,7,1,,_,100,_,ground,,,60,0.6,foot,1,1,,1,1,1,nightelf,1,75,75,200,200,_,Shadow,255,255,255,1,Ethereal,-1,_,_,290,290,30,10,10,1,2,0.15,EUnit15,spiritofvengeance,SpiritOfVengeance,units\nightelf\SpiritOfVengeance\SpiritOfVengeance,1,_,,,,,,,,,_,normal,,,1,_,_,1,_,0.64,0.33,36,30.5,25,12,1,1.35,missile,normal,250,450,1,"ground,structure,debris,air,item,ward",_,120,140,70,0.51,0.3,500,1,Avatar of Vengeance,,,,,,,ReplaceableTextures\CommandButtons\BTNSpiritOfVengeance.blp,"0,0",Abilities\Weapons\SpiritOfVengeanceMissile\SpiritOfVengeanceMissile.mdl,0.10,1200,1,,,,,,,,,medium,,Avatar of Vengeance,[],_,2,,,,2,400,,,,,,24,,,,,,,1,,,,,,,,,,,,,,,,,,,,,,,,,,,,,,,,,,,,,,,,,,,,,,,,,,,,,,,,,,,,
ewsp,"[""Units\\UnitAbilities.slk:202"", ""Units\\UnitBalance.slk:1915"", ""Units\\UnitData.slk:1051"", ""Units\\UnitUI.slk:1793"", ""Units\\UnitWeapons.slk:2059"", ""Units\\NightElfUnitStrings.txt:48"", ""Units\\NightElfUnitFunc.txt:83""]",,"Adtn,Aren,Awha,Ault",_,16,_,_,*,"Rewd,Reuv",_,,,,,,,,750,1000,14,14,270,medium,,,,,night,0.5,120,120,30,3,15,3,5,1,,60,,60,Peon,1,1,,_,100,_,ground,4,,60,0.6,hover,1,3,,1,1,1,nightelf,1,,,,,_,_,255,255,255,1,Ethereal,-1,_,_,200,200,50,25,25,1,1,0.15,EUnit01,wisp,Wisp,units\nightelf\Wisp\Wisp,1,_,,,,,,,,,_,normal,,,1,_,_,,_,,,,,,,,,_,normal,,,1,_,_,60,60,,0.51,,,,Wisp,,W,Train |cffffcc00W|risp,"Basic worker unit. Can harvest gold and lumber, create Night Elf buildings and Renew. |nCan Detonate to dispel magic, hurt summoned creatures and drain mana in an area.",,,ReplaceableTextures\CommandButtons\BTNWisp.blp,"0,0",,,,,,,,,,,,Units\NightElf\Wisp\WispExplode.mdl,,,Wisp,[],_,,,,,2,,,,,,,,,,,,,,,"etol,emow,edos,eaom,eate,eaow,eaoe,edob,etrp,eden",,,,,,,,,,,,,,,,,,,,,,,,,,,,,,,,,,,,,,,,,,,,,,,,,,,,,,,,,,,
eaoe,"[""Units\\UnitAbilities.slk:205"", ""Units\\UnitBalance.slk:1943"", ""Units\\UnitData.slk:1067"", ""Units\\UnitUI.slk:1818"", ""Units\\UnitWeapons.slk:2076"", ""Units\\NightElfUnitStrings.txt:150"", ""Units\\NightElfUnitFunc.txt:253""]",,"Abds,Aeat,Aro1",_,144,_,unbuildable,*,"Renb,Rgfo",_,,,,,,,,600,900,70,70,40,fort,2,,,,night,0.5,900,900,,,,,,,145,155,145,155,Ancient,1,1,,factory,100,PathTextures\12x12Simple.tga,structure,4,3,60,0.4,foot,,6,2,1,1,4,nightelf,1,150,150,400,400,ShadowAncientofLore,Shadow,255,255,255,1,Stone,-1,_,WoodHeavyBash,100,100,50,,,1,4,0.4,EBuilding07,ancientoflore,AncientOfLore,buildings\nightelf\AncientOfLore\AncientOfLore,1,_,0.67,0.5,50,45.5,41,10,1,2.5,normal,normal,250,128,1,"ground,structure,debris,item,ward",WoodHeavyBash,1,_,0.67,0.5,50,45.5,41,10,1,2.5,normal,normal,250,128,,"ground,structure,debris,item,ward",WoodHeavyBash,120,60,,0.51,0.5,500,1,Ancient of Lore,,L,Create Ancient of |cffffcc00L|rore,"Keeper of ground based spellcasters. Trains Druids of the Claw, Dryads, and Mountain Giants. |nAlso contains the upgrades for Druids of the Claw, Mark of the Claw, Abolish Magic, Hardened Skin, and Resistant Skin. |n|n|cffffcc00Attacks land units.|r",,,ReplaceableTextures\CommandButtons\BTNAncientOfLore.blp,"2,1",,,,,,512,512,,"etoa,edob",,,Objects\Spawnmodels\NightElf\NECancelDeath\NECancelDeath.mdl,medium,,Ancient of Lore,[],EMDA,2,,,,5,,,,,,4,40,,40,,,,,,,,,,,,,,,,,,,,1,9,"edry,edoc,emtg",NightElfGrowingLoop,,"Resi,Redc,Rers,Rehs,Reeb",,,,,,,,,,,,,,,,,,,,,,,,,,,,,,,,,,,,,,,,
eaom,"[""Units\\UnitAbilities.slk:208"", ""Units\\UnitBalance.slk:1970"", ""Units\\UnitData.slk:1085"", ""Units\\UnitUI.slk:1846"", ""Units\\UnitWeapons.slk:2118"", ""Units\\NightElfUnitStrings.txt:155"", ""Units\\NightElfUnitFunc.txt:264""]",,"Abds,Aeat,Aro1",_,144,_,unbuildable,*,"Renb,Rgfo",_,,,,,,,,600,900,60,60,40,fort,2,,,,night,0.5,1000,1000,,,,,,,60,150,60,150,Ancient,1,1,,factory,100,PathTextures\12x12Simple.tga,structure,4,3,60,0.4,foot,,6,2,1,1,5,nightelf,1,200,200,500,500,ShadowAncientofWar,Shadow,255,255,255,1,Stone,-1,_,WoodHeavyBash,100,100,50,,,1,4,0.4,EBuilding06,ancientofwar,AncientOfWar,buildings\nightelf\AncientOfWar\AncientOfWar,1,_,0.81,0.59,55,50,45,11,1,2.5,normal,normal,250,128,1,"ground,structure,debris,item,ward",WoodHeavyBash,1,_,0.81,0.59,55,50,45,11,1,2.5,normal,normal,250,128,,"ground,structure,debris,item,ward",WoodHeavyBash,120,60,,0.51,0.5,500,1,Ancient of War,,R,Create Ancient of Wa|cffffcc00r|r,"Keeper of primary assault troops. Trains Archers, Huntresses, and Glaive Throwers. |nAlso contains Archer, Huntress and Glaive Thrower upgrades. |n|n|cffffcc00Attacks land units.|r",,,ReplaceableTextures\CommandButtons\BTNAncientOfTheEarth.blp,"1,0",,,,,,512,512,,,,,Objects\Spawnmodels\NightElf\NECancelDeath\NECancelDeath.mdl,medium,,Ancient of War,[],EMDA,2,,,,5,,,,,,4,44,,44,,,,,,,,,,,,,,,,,,,,1,9,"earc,esen,ebal",NightElfGrowingLoop,,"Resc,Reib,Remk,Remg,Repb",,,,,,,,,,,,,,,,,,,,,,,,,,,,,,,,,,,,,,,,
eaow,"[""Units\\UnitAbilities.slk:211"", ""Units\\UnitBalance.slk:1997"", ""Units\\UnitData.slk:1103"", ""Units\\UnitUI.slk:1874"", ""Units\\UnitWeapons.slk:2160"", ""Units\\NightElfUnitStrings.txt:160"", ""Units\\NightElfUnitFunc.txt:274""]",,"Abds,Aeat,Aro1",_,144,_,unbuildable,*,"Renb,Rgfo",_,,,,,,,,600,900,60,60,40,fort,2,,,,night,0.5,900,900,,,,,,,140,150,140,150,Ancient,1,1,,factory,100,PathTextures\12x12Simple.tga,structure,4,3,60,0.4,foot,,6,2,1,1,3,nightelf,1,150,150,400,400,ShadowAncientofWind,Shadow,255,255,255,1,Stone,-1,_,WoodHeavyBash,100,100,50,,,1,4,0.4,EBuilding08,ancientofwind,AncientOfWind,buildings\nightelf\AncientOfWind\AncientOfWind,1,_,0.67,0.5,46,42,38,9,1,2.5,normal,normal,250,128,1,"ground,structure,debris,item,ward",WoodHeavyBash,1,_,0.67,0.5,46,42,38,9,1,2.5,normal,normal,250,128,,"ground,structure,debris,item,ward",WoodHeavyBash,120,60,,0.51,0.5,500,1,Ancient of Wind,,W,Create Ancient of |cffffcc00W|rind,"Keeper of aerial assault units and spellcasters. Trains Hippogryphs, Druids of the Talon, and Faerie Dragons. |nAlso contains the upgrades for Druids of the Talon, Mark of the Talon, and Hippogryph Taming. |n|n|cffffcc00Attacks land units.|r",,,ReplaceableTextures\CommandButtons\BTNAncientOfTheMoon.blp,"0,2",,,,,,512,512,,etoa,,,Objects\Spawnmodels\NightElf\NECancelDeath\NECancelDeath.mdl,medium,,Ancient of Wind,[],EMDA,2,,,,5,,,,,,4,37,,37,,,,,,,,,,,,,,,,,,,,1,9,"ehip,edot,efdr",NightElfGrowingLoop,,"Redt,Reht,Reec",,,,,,,,,,,,,,,,,,,,,,,,,,,,,,,,,,,,,,,,
eate,"[""Units\\UnitAbilities.slk:214"", ""Units\\UnitBalance.slk:2024"", ""Units\\UnitData.slk:1121"", ""Units\\UnitUI.slk:1902"", ""Units\\UnitWeapons.slk:2202"", ""Units\\NightElfUnitStrings.txt:140"", ""Units\\NightElfUnitFunc.txt:243""]",,Abds,_,144,_,unbuildable,*,Rgfo,_,,,,,,,,600,900,60,60,,fort,5,,,,none,,900,900,,,,,,,50,180,50,180,Mechanical,,1,,factory,100,PathTextures\10x10Simple.tga,structure,,,60,,_,,3,2,1,1,6,nightelf,1,,,,,ShadowAltarofElders,_,255,255,255,1,Stone,-1,_,_,200,200,50,,,1,4,0.15,EBuilding05,altarofelders,AltarOfElders,buildings\nightelf\AltarOfElders\AltarOfElders,1,_,,,,,,,,,_,normal,,,1,_,_,,_,,,,,,,,,_,normal,,,1,_,_,120,60,,0.51,,,,Altar of Elders,,A,Create |cffffcc00A|rltar of Elders,Summons Heroes. Revives slain Heroes.,,,ReplaceableTextures\CommandButtons\BTNAltarOfElders.blp,"1,1",,,,,,512,512,,,,,Objects\Spawnmodels\NightElf\NECancelDeath\NECancelDeath.mdl,medium,,Altar of Elders,[],EMDB,5,,,,1,,,,,,4,,,,,,,,,,,,,,,,,,,,,,,1,9,"Edem,Ekee,Emoo,Ewar",NightElfGrowingLoop,1,,,,,,,,,,,,,,,,,,,,,,,,,,,,,,,,,,,,,,,,,
eden,"[""Units\\UnitAbilities.slk:217"", ""Units\\UnitBalance.slk:2048"", ""Units\\UnitData.slk:1136"", ""Units\\UnitUI.slk:1926"", ""Units\\UnitWeapons.slk:2219"", ""Units\\NightElfUnitStrings.txt:145"", ""Units\\NightElfUnitFunc.txt:46""]",,"Abds,Aall,Aeat,Aro1,Apit",_,144,_,unbuildable,*,"Renb,Rgfo",_,,,,,,,,750,1000,60,60,40,fort,2,,,,night,0.5,450,450,,,,,,,30,90,30,90,Ancient,1,1,,_,100,PathTextures\12x12Simple.tga,structure,4,3,60,0.4,foot,,3.2,2,1,1,6,nightelf,1,150,150,400,400,ShadowAncientofWind,Shadow,255,255,255,1,Stone,-1,_,_,100,100,50,,,1,4.5,0.4,EBuilding13,ancientofwonders,AncientOfWonder,buildings\nightelf\AncientOfWonder\AncientOfWonder,1,_,0.67,0.5,25,23,21,5,1,2.5,normal,normal,250,128,1,"ground,structure,debris,item,ward",WoodHeavyBash,1,_,0.67,0.5,25,23,21,5,1,2.5,normal,normal,250,128,,"ground,structure,debris,item,ward",WoodHeavyBash,120,60,,0.51,0.5,500,1,Ancient of Wonders,,D,Build Ancient of Won|cffffcc00d|rers,"Creates a shop with purchasable items. The items available depend upon what level of upgrade your Tree of Life has (Tree of Life, Tree of Ages, or Tree of Eternity) and which buildings you have. |n|n|cffffcc00Attacks land units.|r",,,ReplaceableTextures\CommandButtons\BTNAncientOfWonders.blp,"2,2",,,,,,512,512,,,,,Objects\Spawnmodels\NightElf\NECancelDeath\NECancelDeath.mdl,medium,,Ancient of Wonders,[],EMDA,2,,,,5,,,,,,4,20,,20,,,,,,,,,,,,,,,,,,,,1,,,NightElfGrowingLoop,,,,,,"moon,plcl,dust,phea,pman,stwp,spre,oven,pams",,,,@,,,,,,,,,,,,,,,,,,,,,,,,,,,,,,,,
edob,"[""Units\\UnitAbilities.slk:220"", ""Units\\UnitBalance.slk:2075"", ""Units\\UnitData.slk:1153"", ""Units\\UnitUI.slk:1954"", ""Units\\UnitWeapons.slk:2262"", ""Units\\NightElfUnitStrings.txt:135"", ""Units\\NightElfUnitFunc.txt:233""]",,Abds,_,144,_,unbuildable,*,Rgfo,_,,,,,,,,600,900,60,60,,fort,5,,,,none,,1100,1100,,,,,,,100,210,100,210,Mechanical,,1,,_,100,PathTextures\8x8SimpleSolid.tga,structure,,,60,,_,,3,2,1,1,1,nightelf,1,,,,,ShadowHuntersHall,_,255,255,255,1,Stone,-1,_,_,200,200,50,,,1,4.2,0.15,EBuilding09,huntershall,HuntersHall,buildings\nightelf\HuntersHall\HuntersHall,1,_,,,,,,,,,_,normal,,,1,_,_,,_,,,,,,,,,_,normal,,,1,_,_,120,60,,0.51,,,,Hunter's Hall',,H,Create |cffffcc00H|runter's Hall',"Contains the attack and armor upgrades for all units, the Ultravision and Well Spring upgrades.",,,ReplaceableTextures\CommandButtons\BTNHuntersHall.blp,"2,0",,,,,,512,512,,etol,,,Objects\Spawnmodels\NightElf\NECancelDeath\NECancelDeath.mdl,medium,,Hunter's Hall',[],EMDB,5,,,,1,,,,,,4,,,,,,,,,,,,,,,,,,,,,,,1,,,NightElfGrowingLoop,,"Resm,Rema,Resw,Rerh,Reuv,Rews",,,,,,,,,,,,,,,,,,,,,,,,,,,,,,,,,,,,,,,,
edos,"[""Units\\UnitAbilities.slk:223"", ""Units\\UnitBalance.slk:2099"", ""Units\\UnitData.slk:1167"", ""Units\\UnitUI.slk:1978"", ""Units\\UnitWeapons.slk:2279"", ""Units\\NightElfUnitStrings.txt:165"", ""Units\\NightElfUnitFunc.txt:285""]",,Abds,_,144,_,unbuildable,*,Rgfo,_,,,,,,,,600,900,80,80,,fort,5,,,,none,,1200,1200,,,,,,,230,100,230,100,Mechanical,,1,,_,100,PathTextures\8x8SimpleSolid.tga,structure,,,60,,_,,3,2,1,1,2,nightelf,1,,,,,ShadowChimaeraRoost,_,255,255,255,1,Stone,-1,_,_,200,200,100,,,1,4,0.15,EBuilding11,chimaeraroost,ChimaeraRoost,buildings\nightelf\ChimaeraRoost\ChimaeraRoost,1,_,,,,,,,,,_,normal,,,1,_,_,,_,,,,,,,,,_,normal,,,1,_,_,120,60,,0.51,,,,Chimaera Roost,,C,Create |cffffcc00C|rhimaera Roost,Trains Chimaeras. |nAlso contains the Corrosive Breath upgrade.,,,ReplaceableTextures\CommandButtons\BTNChimaeraRoost.blp,"1,2",,,,,,512,512,,"etoe,eaow",,,Objects\Spawnmodels\NightElf\NECancelDeath\NECancelDeath.mdl,,,Chimaera Roost,[],EMDB,5,,,,1,,,,,,4,,,,,,,,,,,,,,,,,,,,,,,1,,echm,NightElfGrowingLoop,,Recb,,,,,,,,,,,,,,,,,,,,,,,,,,,,,,,,,,,,,,,,
egol,"[""Units\\UnitAbilities.slk:226"", ""Units\\UnitBalance.slk:2123"", ""Units\\UnitData.slk:1181"", ""Units\\UnitUI.slk:2002"", ""Units\\UnitWeapons.slk:2296"", ""Units\\NightElfUnitStrings.txt:44"", ""Units\\NightElfUnitFunc.txt:76""]",,"Abds,Aenc,Slo2,Adri,Aegm",_,50,_,unbuildable,*,Rgfo,_,,,,,,,,600,900,60,60,,fort,2,,,,none,,800,800,,,,,,,,,,,Mechanical,,1,,resource,100,PathTextures\16x16Goldmine.tga,structure,,,60,,_,,3,2,1,1,1,nightelf,1,,,,,BuildingShadowLarge,_,255,255,255,1,Wood,-1,_,_,200,100,50,,,1,5.5,0.15,EBuilding12,entangledgoldmine,EntangledGoldMine,buildings\nightelf\EntangledGoldMine\EntangledGoldMine,1,_,,,,,,,,,_,normal,,,1,_,_,,_,,,,,,,,,_,normal,,,1,_,_,120,60,,0.51,,,,Entangled Gold Mine,,,Entangle |cffffcc00G|rold Mine,A cluster of roots that allows wisps to mine gold from goldmines.,,,ReplaceableTextures\CommandButtons\BTNGoldMine.blp,,,,,,,512,512,,,,,Objects\Spawnmodels\NightElf\NECancelDeath\NECancelDeath.mdl,medium,,Entangled Gold Mine,[],EMDB,2,,,,5,,,,,,,,,,,,,,,,,,,,,,,,,,,,,1,7,,UndeadBuildingConstructionLoop,,,,,,,,,,,,,,,,,,,,,,,,,,,,,,,,,,,,,,,,,,
emow,"[""Units\\UnitAbilities.slk:229"", ""Units\\UnitBalance.slk:2143"", ""Units\\UnitData.slk:1196"", ""Units\\UnitUI.slk:2025"", ""Units\\UnitWeapons.slk:2313"", ""Units\\NightElfUnitStrings.txt:170"", ""Units\\NightElfUnitFunc.txt:295""]",,"Abds,Ambt",_,72,_,unbuildable,*,"Rews,Rgfo",_,,,,,,,,600,900,50,50,,fort,5,1.25,100,300,none,,600,600,,,,,,,40,180,40,180,Mechanical,,1,,buffer,100,PathTextures\6x6SimpleSolid.tga,structure,,,60,,_,,2.34,2,1,1,2,nightelf,1,,,,,ShadowMoonWell,_,255,255,255,1,Stone,-1,_,_,200,200,50,,,1,3,0.15,EBuilding04,moonwell,MoonWell,buildings\nightelf\MoonWell\MoonWell,1,_,,,,,,,,,_,normal,,,1,_,_,,_,,,,,,,,,_,normal,,,1,_,_,120,60,,0.51,,,,Moon Well,,M,Create |cffffcc00M|roon Well,"Provides food, which increases the maximum number of units that can be trained. Has the Replenish Mana and Life ability. Can gain the Well Spring upgrade. Regenerates mana at night.",,,ReplaceableTextures\CommandButtons\BTNMoonWell.blp,"0,1",,,,,,512,512,,,,,Objects\Spawnmodels\NightElf\NECancelDeath\NECancelDeath.mdl,,,Moon Well,[],ESMB,5,,,,1,300,,,,,4,,,,,,,,,,,,,,,,,,,,,,,1,9,,NightElfGrowingLoop,,,10,,,,,,,,,,,,,,,,,,,,,,,,,,,,,,,,,,,,,,,
etoa,"[""Units\\UnitAbilities.slk:232"", ""Units\\UnitBalance.slk:2172"", ""Units\\UnitData.slk:1211"", ""Units\\UnitUI.slk:2049"", ""Units\\UnitWeapons.slk:2330"", ""Units\\NightElfUnitStrings.txt:125"", ""Units\\NightElfUnitFunc.txt:209""]",,"Aent,Aeat,Aro1,Abdl,Atol,Arlm",_,144,_,unbuildable,*,"Renb,Rgfo",_,,,,,,,,600,900,120,140,40,fort,2,,,,night,0.5,1700,1700,,,,,,,365,660,180,320,"TownHall,Ancient",2,1,,townhall,100,PathTextures\12x12TreeOfLife.tga,structure,4,3,60,0.4,foot,,6,2,1,1,7,nightelf,1,200,200,500,500,ShadowTreeofLife,Shadow,255,255,255,1.15,Wood,-1,_,WoodHeavyBash,100,100,50,,,1,4.75,0.4,EBuilding02,treeofages,TreeofLife,buildings\nightelf\TreeofLife\TreeofLife,1,_,0.6,0.4,60,54.5,49,12,1,2.5,normal,normal,250,128,1,"ground,structure,debris,item,ward",WoodHeavyBash,1,_,0.6,0.4,60,54.5,49,12,1,2.5,normal,normal,250,128,,"ground,structure,debris,item,ward",WoodHeavyBash,200,60,,0.51,0.5,500,1,Tree of Ages,,U,|cffffcc00U|rpgrade to Tree of Ages,Upgrade to Tree of Ages to enable the production of additional types of structures and units. |n|n|cffffcc00Attacks land units.|r,,,ReplaceableTextures\CommandButtons\BTNTreeOfAges.blp,"0,2",,,,,,512,512,,,,,Objects\Spawnmodels\NightElf\NECancelDeath\NECancelDeath.mdl,"upgrade,first,large",,Tree of Ages,[],EMDA,2,,,,5,,,,,,4,48,,48,,,,,,,,,,,,,,,,,,"Upgrade,First",,1,8,ewsp,NightElfGrowingLoop,,"Renb,Repm",10,,etoe,,,,,,,,,,,,,,,,,,,,,,,,,,,,,,,,,,,,,
etoe,"[""Units\\UnitAbilities.slk:235"", ""Units\\UnitBalance.slk:2200"", ""Units\\UnitData.slk:1229"", ""Units\\UnitUI.slk:2077"", ""Units\\UnitWeapons.slk:2372"", ""Units\\NightElfUnitStrings.txt:130"", ""Units\\NightElfUnitFunc.txt:221""]",,"Aent,Aeat,Aro1,Abdl,Atol,Arlm",_,144,_,unbuildable,*,"Renb,Rgfo",_,,,,,,,,600,900,130,140,40,fort,2,,,,night,0.5,2000,2000,,,,,,,585,1010,220,350,"TownHall,Ancient",3,1,,townhall,100,PathTextures\12x12TreeOfLife.tga,structure,4,3,60,0.4,foot,,6,2,1,1,8,nightelf,1,200,200,500,500,ShadowTreeofLife,Shadow,255,255,255,1.3,Wood,-1,_,WoodHeavyBash,100,100,50,,,1,4.75,0.4,EBuilding03,treeofeternity,TreeofLife,buildings\nightelf\TreeofLife\TreeofLife,1,_,0.6,0.4,74,67,60,15,1,2.5,normal,normal,250,128,1,"ground,structure,debris,item,ward",WoodHeavyBash,1,_,0.6,0.4,74,67,60,15,1,2.5,normal,normal,250,128,,"ground,structure,debris,item,ward",WoodHeavyBash,180,60,,0.51,0.5,500,1,Tree of Eternity,,U,|cffffcc00U|rpgrade to Tree of Eternity,Upgrade to Tree of Eternity to enable the production of additional types of structures and units. |n|n|cffffcc00Attacks land units.|r,,,ReplaceableTextures\CommandButtons\BTNTreeOfEternity.blp,"0,2",,,,,,512,512,,eate,,,Objects\Spawnmodels\NightElf\NECancelDeath\NECancelDeath.mdl,"upgrade,second,large",,Tree of Eternity,[],EMDA,2,,,,5,,,,,,4,59,,59,,,,,,,,,,,,,,,,,,"Upgrade,Second",,1,8,ewsp,NightElfGrowingLoop,,"Renb,Repm",10,,,,,,,,,,,,,,,,,,,,,,,,,,,,,,,,,,,,,,,
etol,"[""Units\\UnitAbilities.slk:238"", ""Units\\UnitBalance.slk:2228"", ""Units\\UnitData.slk:1247"", ""Units\\UnitUI.slk:2105"", ""Units\\UnitWeapons.slk:2414"", ""Units\\NightElfUnitStrings.txt:120"", ""Units\\NightElfUnitFunc.txt:198""]",,"Aent,Aeat,Aro1,Abdl,Atol,Arlm",_,144,_,unbuildable,*,"Renb,Rgfo",_,,,,,,,,600,900,110,110,40,fort,2,,,,night,0.5,1300,1300,,,,,,,185,340,185,340,"TownHall,Ancient",1,1,,townhall,100,PathTextures\12x12TreeOfLife.tga,structure,4,3,60,0.4,foot,,6,2,1,1,6,nightelf,1,200,200,500,500,ShadowTreeofLife,Shadow,255,255,255,1,Wood,-1,_,WoodHeavyBash,100,100,50,,,1,4.75,0.4,EBuilding01,treeoflife,TreeofLife,buildings\nightelf\TreeofLife\TreeofLife,1,_,0.6,0.4,50,45.5,41,10,1,2.5,normal,normal,250,128,1,"ground,structure,debris,item,ward",WoodHeavyBash,1,_,0.6,0.4,50,45.5,41,10,1,2.5,normal,normal,250,128,,"ground,structure,debris,item,ward",WoodHeavyBash,160,60,,0.51,0.5,500,1,Tree of Life,,T,Create |cffffcc00T|rree of Life,"Primary structure, used to train Wisps and entangle gold mines. Can be upgraded to Tree of Ages and then Tree of Eternity to enable the production of additional types of structures and units. |n|n|cffffcc00Attacks land units.|r",,,ReplaceableTextures\CommandButtons\BTNTreeOfLife.blp,"0,0",,,,,,512,512,,,,,Objects\Spawnmodels\NightElf\NECancelDeath\NECancelDeath.mdl,large,,Tree of Life,[],EMDA,2,,,,5,,,,,,4,40,,40,,,,,,,,,,,,,,,,,,,,1,8,ewsp,NightElfGrowingLoop,,"Renb,Repm",10,,etoa,,,,,,,,,,,,,,,,,,,,,,,,,,,,,,,,,,,,,
etrp,"[""Units\\UnitAbilities.slk:241"", ""Units\\UnitBalance.slk:2256"", ""Units\\UnitData.slk:1265"", ""Units\\UnitUI.slk:2133"", ""Units\\UnitWeapons.slk:2456"", ""Units\\NightElfUnitStrings.txt:6"", ""Units\\NightElfUnitFunc.txt:10""]",,"Abds,Aeat,Aro2",_,144,_,unbuildable,*,"Renb,Rgfo",_,,,,,,,,800,1900,60,60,40,fort,1,,,,night,0.5,600,600,,,40,3,3,,80,135,80,135,Ancient,3,1,,buffer,100,PathTextures\6x6SimpleSolid.tga,structure,4,3,60,0.4,foot,,3,,1,1,4,nightelf,1,125,125,300,300,ShadowAncientProtector,Shadow,255,255,255,1,Wood,-1,_,WoodHeavyBash,125,125,50,,,1,3,0.4,EBuilding10,ancientprotector,AncientProtector,buildings\nightelf\AncientProtector\AncientProtector,1,"ground,structure,debris,wall,enemy,neutral",0.4,0.6,54,49.5,45,10,1,2,msplash,pierce,250,700,1,"air,ground,structure,debris,item,ward",_,1,_,0.6,0.4,33,29.5,26,8,1,1.5,normal,normal,250,128,1,"ground,structure,debris,item,ward",WoodHeavyBash,120,310,,0.51,0.5,700,3,Ancient Protector,,P,Create Ancient |cffffcc00P|rrotector,"Defensive Ancient. When rooted in the ground, can hurl enormous rocks at nearby enemy units. |n|n|cffffcc00Attacks land and air units.|r",,,ReplaceableTextures\CommandButtons\BTNTreant.blp,"3,0",Abilities\Weapons\AncientProtectorMissile\AncientProtectorMissile.mdl,0.10,750,,,512,512,,edob,,,Objects\Spawnmodels\NightElf\NECancelDeath\NECancelDeath.mdl,,,Ancient Protector,[],ESMA,1,,,,2,,,,,,,25,80,44,,,,,,,,,,,,,,,,,,,,1,15,,NightElfGrowingLoop,,,,,,,,,,,25,75,125,0.15,0.05,,,,,,,,,,,,,,,,,,,,,,,,,,,
Ucrl,"[""Units\\UnitAbilities.slk:244"", ""Units\\UnitBalance.slk:2286"", ""Units\\UnitData.slk:1282"", ""Units\\UnitUI.slk:2160"", ""Units\\UnitWeapons.slk:2505"", ""Units\\UndeadUnitStrings.txt:1"", ""Units\\UndeadUnitFunc.txt:1""]","AUim,AUts,AUcb,AUls",AInv,_,32,_,_,*,_,STR,6,1.2,1.6,3.2,14,14,26,800,1800,55,55,270,hero,2.2,0.01,100,210,blight,2,675,25,30,3,30,3,8,5,100,425,100,425,undead,5,1,9,_,100,_,ground,,5,60,0.5,foot,1,3,2,1,1,9,undead,1,112,112,280,280,_,Shadow,255,255,255,1,Flesh,-1,_,_,180,180,100,30,30,1,1.85,0.15,UHero06,cryptlord,HeroCryptLord,units\undead\HeroCryptLord\HeroCryptLord,1,_,0.54,0.46,8,5,2,4,2,2.13,missile,hero,250,500,1,"ground,structure,debris,air,item,ward",_,1,_,0.54,0.46,8,5,2,4,2,1.9,normal,hero,250,128,1,"ground,structure,debris,item,ward",WoodHeavyBash,60,130,,1.1,0.4,500,1,Crypt Lord,"Thebis-Ra,Typhis-Ahn,Anubiros,Memphis-Ahn,Horus'aman,Nephri'thos,Arak-arahm,Tuten'arak,Pharoh-moth'",C,Summon |cffffcc00C|rrypt Lord,"Warrior Hero, adept at summoning insect minions and crushing enemies. Can learn Impale, Spiked Carapace, Carrion Beetles and Locust Swarm. |n|n|cffffcc00Attacks land units.|r",Revive |cffffcc00C|rrypt Lord,Revive |cffffcc00C|rrypt Lord,ReplaceableTextures\CommandButtons\BTNHeroCryptLord.blp,"0,1",,,,,,,,,,unp1,unp2,Objects\Spawnmodels\Undead\UndeadLargeDeathExplode\UndeadLargeDeathExplode.mdl,medium,UI\Glues\ScoreScreen\scorescreen-hero-cryptlord.blp,Crypt Lord,[],_,,,,,,,,,,,,,,,,,,,,,,,,,,,,,,,,,,,,,,,,,,,,,,,,,,,,,,,3,,,,,,,,,,,,,,,,,,,,,,,,
Udea,"[""Units\\UnitAbilities.slk:248"", ""Units\\UnitBalance.slk:2326"", ""Units\\UnitData.slk:1300"", ""Units\\UnitUI.slk:2189"", ""Units\\UnitWeapons.slk:2546"", ""Units\\UndeadUnitStrings.txt:19"", ""Units\\UndeadUnitFunc.txt:22""]","AUdc,AUdp,AUau,AUan",AInv,_,32,_,_,*,_,STR,6,1.5,1.8,2.7,12,17,23,800,1800,55,55,320,hero,3.6,0.01,100,255,blight,2,675,100,30,3,30,3,8,5,100,425,100,425,undead,5,1,15,_,100,_,ground,,4,60,0.5,foot,1,3,2,1,1,9,undead,1,75,75,200,200,_,Shadow,255,255,255,1,Metal,-1,_,MetalHeavySlice,380,380,50,10,45,1,1.85,0.15,UHero01,deathknight,HeroDeathKnight,units\undead\HeroDeathKnight\HeroDeathKnight,1,_,0.41,0.56,8,5,2,4,2,2.13,missile,hero,250,500,1,"ground,structure,debris,air,item,ward",_,1,_,0.41,0.56,12,7,2,6,2,2.33,normal,hero,250,100,1,"ground,structure,debris,item,ward",MetalHeavySlice,100,76,-20,1.008,0.452,500,1,Death Knight,"Lord Nightsorrow,Lord Soulrender,Lord Dethstorm,Lord Maldazzar,Lord Darkhallow,Lord Lightstalker,Baron Bloodbane,Baron Felblade,Duke Dreadmoore,Duke Ragereaver,Baron Frostfel,Lord Darkscythe,Duke Wintermaul,Baron Perenolde,Baron Morte",D,Summon |cffffcc00D|reath Knight,"Warrior Hero, evil counterpart to the Human Paladin. Can learn Death Coil, Death Pact, Unholy Aura, and Animate Dead. |n|n|cffffcc00Attacks land units.|r",Revive |cffffcc00D|reath Knight,Revive |cffffcc00D|reath Knight,ReplaceableTextures\CommandButtons\BTNHeroDeathKnight.blp,"0,2",,,,,,,,,,unp1,unp2,Objects\Spawnmodels\Undead\UndeadLargeDeathExplode\UndeadLargeDeathExplode.mdl,medium,UI\Glues\ScoreScreen\scorescreen-hero-deathknight.blp,Death Knight,[],_,2,,,,,,,,,,,,60,,,,,,,,,,,,,,,,,,,,,,,,,,,,,,,,,,,,,,,,,,3,,,,,,,,,,,,,,,,,,,,,,,,
Udre,"[""Units\\UnitAbilities.slk:252"", ""Units\\UnitBalance.slk:2367"", ""Units\\UnitData.slk:1318"", ""Units\\UnitUI.slk:2218"", ""Units\\UnitWeapons.slk:2589"", ""Units\\UndeadUnitStrings.txt:44"", ""Units\\UndeadUnitFunc.txt:60""]","AUav,AUsl,AUcs,AUin",AInv,_,32,_,_,*,_,STR,6,1,2.5,2.5,16,18,20,800,1800,55,55,270,hero,2.8,0.01,100,270,blight,2,600,100,30,3,30,3,8,5,100,425,100,425,undead,5,1,18,_,100,_,ground,,4,60,0.5,foot,1,3,2,1,1,9,undead,1,60,60,160,160,_,Shadow,255,255,255,1,Flesh,-1,_,WoodHeavyBash,240,240,50,10,10,1,1.5,0.15,UHero03,dreadlord,HeroDreadLord,units\undead\HeroDreadLord\HeroDreadLord,1,_,0.55,0.55,8,5,2,4,2,2.13,missile,hero,250,500,1,"ground,structure,debris,air,item,ward",_,1,_,0.55,0.55,12,7,2,6,2,1.8,normal,hero,250,100,1,"ground,structure,debris,item,ward",WoodHeavyBash,100,60,,1.53,0.3,500,1,Dreadlord,"Terrordar,Nerothos,Bleakill,Necros,Fearoth,Dethecus,Maldibion,Nochthitus,Gholbine,Rashgarroth,Aramachus,Zilfallon,Lorthiras,Zenedar,Mullioch,Algammon,Banehallow,Ven'Gyr'",E,Summon Dr|cffffcc00e|radlord,"Cunning Hero, adept at controlling combat. Can learn Carrion Swarm, Sleep, Vampiric Aura, and Inferno. |n|n|cffffcc00Attacks land units.|r",Revive Dr|cffffcc00e|radlord,Revive Dr|cffffcc00e|radlord,ReplaceableTextures\CommandButtons\BTNHeroDreadLord.blp,"1,2",,,,,,,,,,unp1,unp2,Objects\Spawnmodels\Undead\UndeadLargeDeathExplode\UndeadLargeDeathExplode.mdl,medium,UI\Glues\ScoreScreen\scorescreen-hero-dreadlord.blp,Dreadlord,[],_,,,,,,,,,,,,,,,,,,,,,,,,,,,,,,,,,,,,,,,,,,,,,,,,,,,,,,,3,,,,,,,,,,,,,,,,,,,,,,,,
Ulic,"[""Units\\UnitAbilities.slk:256"", ""Units\\UnitBalance.slk:2407"", ""Units\\UnitData.slk:1336"", ""Units\\UnitUI.slk:2247"", ""Units\\UnitWeapons.slk:2630"", ""Units\\UndeadUnitStrings.txt:72"", ""Units\\UndeadUnitFunc.txt:102""]","AUfn,AUfu,AUdr,AUdd",AInv,_,32,_,_,*,_,INT,6.4,1,3.4,2,14,20,15,800,1800,55,55,270,hero,2.2,0.01,100,300,blight,2,475,100,30,3,30,3,8,5,100,425,100,425,undead,5,1,15,_,100,_,ground,2,3,60,0.5,hover,1,3,2,1,1,9,undead,1,60,60,160,160,_,Shadow,255,255,255,1,Flesh,-1,_,_,250,250,30,10,10,1,1.25,0.15,UHero02,lich,HeroLich,units\undead\HeroLich\HeroLich,1,_,0.54,0.46,8,5,2,4,2,2.13,missile,hero,250,500,1,"ground,structure,debris,air,item,ward",_,1,_,0.54,0.46,8,5,2,4,2,1.9,missile,hero,250,600,1,"ground,structure,debris,air,item,ward",_,100,130,,1.1,0.4,600,1,Lich,"Ordin Frostbane,Ras Splinterspine,Morbent Fell,Rage Winterchill,Araj the Summoner,Kali'naj Dethknell,Rak Coldskull,Din Frostfire,Calis Wraithson,Venim Iceblade,Naze the Eternal,Ras Frostwhisper,Coldreaver,Cho'Nammoth,Kryptikk Soulslayer,Alandil Lieng",L,Summon |cffffcc00L|rich,"Mystical Hero, particularly adept at cold magic. Can learn Frost Armor, Frost Nova, Dark Ritual and Death And Decay. |n|n|cffffcc00Attacks land and air units.|r",Revive |cffffcc00L|rich,Revive |cffffcc00L|rich,ReplaceableTextures\CommandButtons\BTNLichVersion2.blp,"2,2",Abilities\Weapons\LichMissile\LichMissile.mdl,0.0,900,1,,,,,,unp1,unp2,Objects\Spawnmodels\Undead\UndeadLargeDeathExplode\UndeadLargeDeathExplode.mdl,medium,UI\Glues\ScoreScreen\scorescreen-hero-lich.blp,Lich,[],_,,,,,,,,30,,,,,,,,,,2,,,,,,,,,,,,,,,,,,,,,,,,,,,,,,,,,,,,,3,,,,,,,,,,,,,,,,,,,,,,,,
uabo,"[""Units\\UnitAbilities.slk:260"", ""Units\\UnitBalance.slk:2447"", ""Units\\UnitData.slk:1356"", ""Units\\UnitUI.slk:2277"", ""Units\\UnitWeapons.slk:2671"", ""Units\\UndeadUnitStrings.txt:14"", ""Units\\UndeadUnitFunc.txt:16""]",,"Aap1,Aiun,Acn2",_,48,_,_,*,"Ruar,Rume,Rupc,Rupm,Rguv",_,,,,,,,,800,1400,45,40,270,large,2,,,,blight,2,1080,1080,30,3,30,3,8,4,70,240,70,240,undead,4,1,,_,100,_,ground,,1,60,0.4,foot,1,2.17,3,1,1,2,undead,1,95,95,230,230,_,Shadow,255,255,255,0.9,Flesh,-1,_,MetalHeavyChop,210,210,50,10,10,1,2.1,0.3,UUnit04,abomination,Abomination,units\undead\Abomination\Abomination,1,_,,,,,,,,,_,normal,,,1,_,_,1,_,1.17,0.5,39,36,33,7,1,1.9,normal,normal,250,128,1,"ground,structure,debris,item,ward",MetalHeavyChop,100,60,,0.51,0.3,500,1,Abomination,,A,Train |cffffcc00A|rbomination,Heavy melee unit. Can learn the Disease Cloud ability and Cannibalize. |n|n|cffffcc00Attacks land units.|r,,,ReplaceableTextures\CommandButtons\BTNAbomination.blp,"1,0",,,,,,,,,unp2,,,Units\Undead\Abomination\AbominationExplosion.mdl,large,,Abomination,[],_,2,,,,2,,,,,,,32,,,,,,,,,,,,,,,,,,,,,,,,,,,,,,,,,,,,,,,,,,,,,,,,,,,,,,,,,,,,,,,,,,,
uaco,"[""Units\\UnitAbilities.slk:263"", ""Units\\UnitBalance.slk:2479"", ""Units\\UnitData.slk:1373"", ""Units\\UnitUI.slk:2306"", ""Units\\UnitWeapons.slk:2703"", ""Units\\UndeadUnitStrings.txt:9"", ""Units\\UndeadUnitFunc.txt:11""]",,"Aaha,Arst,Alam,Auns",_,16,_,_,*,Rguv,_,,,,,,,,600,800,15,15,220,medium,,,,,blight,2,220,220,30,3,15,3,5,1,,75,,75,"Peon,undead",1,1,,_,100,_,ground,4,,60,0.6,foot,1,3,3,1,1,1,undead,1,50,50,120,120,_,Shadow,255,255,255,1,Flesh,-1,_,WoodLightBash,150,150,20,,,1,1,0.15,UUnit01,acolyte,Acolyte,units\undead\Acolyte\Acolyte,1,_,,,,,,,,,_,normal,,,1,_,_,1,_,0.5,0.4,10,9.5,9,2,1,2.5,normal,normal,250,90,1,"ground,structure,debris,item,ward",WoodLightBash,60,60,,0.51,0.3,500,1,Acolyte,,C,Train A|cffffcc00c|rolyte,"Basic worker. Can summon structures, harvest gold, and Restore. Acolytes may be sacrificed at a Sacrificial Pit to create Shades. |n|n|cffffcc00Attacks land units.|r",,,ReplaceableTextures\CommandButtons\BTNAcolyte.blp,"0,0",,,,,,,,,,,,Objects\Spawnmodels\Undead\UndeadLargeDeathExplode\UndeadLargeDeathExplode.mdl,,,Acolyte,[],_,,,,,2,,,,,,,8,,,,,,,,"unpl,uzig,usep,ugrv,uaod,utod,uslh,ubon,usap,ugol,utom",,,,,,,,,,,,,,,,,,,,,,,,,,,,,,,,,,,,,,,,,,,,,,,,,,,,,,,,,,,
uban,"[""Units\\UnitAbilities.slk:266"", ""Units\\UnitBalance.slk:2507"", ""Units\\UnitData.slk:1390"", ""Units\\UnitUI.slk:2333"", ""Units\\UnitWeapons.slk:2735"", ""Units\\UndeadUnitStrings.txt:27"", ""Units\\UndeadUnitFunc.txt:32""]",,"Aams,Acrs,Apos,Aiun",Acrs,16,_,_,*,"Ruba,Rupm,Rguv",_,,,,,,,,800,1400,35,35,270,none,,0.666666666666667,75,200,blight,2,285,285,30,3,20,3,6,2,30,155,30,155,undead,2,1,,_,100,_,ground,2,2,61,0.6,hover,1,1.17,,1,1,7,undead,1,50,50,120,120,_,ShadowFlyer,255,255,255,1,Ethereal,-1,_,_,200,200,50,,,1,1,0.15,UUnit10,banshee,Banshee,units\undead\Banshee\Banshee,1,_,,,,,,,,,_,normal,,,1,_,_,1,_,0.51,0.56,13,11,9,5,1,1.5,missile,magic,250,500,1,"ground,structure,debris,air,item,ward",_,60,60,,0.83,0.5,700,1,Banshee,,B,Train |cffffcc00B|ranshee,"Supporting caster. Can initially cast Curse, which causes enemy units to occasionally miss in combat. Can also learn Anti-magic Shell and Possession. |n|n|cffffcc00Attacks land and air units.|r",,,ReplaceableTextures\CommandButtons\BTNBanshee.blp,"1,0",Abilities\Weapons\BansheeMissile\BansheeMissile.mdl,0.00,900,1,,,,,,,,Objects\Spawnmodels\Undead\UndeadLargeDeathExplode\UndeadLargeDeathExplode.mdl,,,Banshee,[],_,,,,,2,200,,50,,,,8,,,,,,,,,"Initiate, Adept, Master","- Curse"",""- Curse|n- Anti-magic Shell"",""- Curse|n- Anti-magic Shell|n- Possession",UI\Widgets\Console\Human\infocard-banshee.blp,,,,,,,,,,,,,,,,,,,,,,,,,,,,,,,,,,,,,,,,,,,,,,,,,,,,,,,,
ubsp,"[""Units\\UnitAbilities.slk:269"", ""Units\\UnitBalance.slk:2541"", ""Units\\UnitData.slk:1408"", ""Units\\UnitUI.slk:2360"", ""Units\\UnitWeapons.slk:2767"", ""Units\\UndeadUnitStrings.txt:192"", ""Units\\UndeadUnitFunc.txt:336""]",,"Advm,Afak,Aave,Aabs,ACmi",Afak,8,_,_,*,"Rura,Rucr,Rusp,Rguv",_,,,,,,,,1000,1400,60,1,320,small,4,-3,,400,blight,2,900,900,30,3,30,3,8,5,85,300,50,100,undead,5,1,,_,100,_,air,2,1,61,0.4,fly,,1.67,,1,1,8,undead,1,90,90,180,180,_,ShadowFlyer,255,255,255,0.85,Stone,-1,_,_,350,350,100,25,33,1,1.5,0.15,UUnit15,obsidiandestroyer,ObsidianDestroyer,units\undead\ObsidianStatue\ObsidianStatue,1,_,,,,,,,,,_,normal,,,1,_,_,1,"ground,air,structure,debris,enemy",0.337,0.633,24,22.5,21,4,1,1.35,msplash,magic,250,450,1,"ground,structure,debris,air,item,ward",_,10,10,55,0.51,0.83,500,1,Destroyer,,T,Morph into Des|cffffcc00t|rroyer,"Large flying unit that must consume magic to sustain its mana. Excellent at destroying enemy casters and clusters of ground forces. Initially has Spell Immunity, Devour Magic, Absorb Mana, and Orb of Annihilation. |n|n|cffffcc00Attacks land and air units.|r",,,ReplaceableTextures\CommandButtons\BTNDestroyer.blp,,Abilities\Weapons\AvengerMissile\AvengerMissile.mdl,0.0,900,1,,,,,,,,,large,,Destroyer,[],_,4,,,1,2,400,90,240,,230,2,20,115,,,,,,1,,,,,,,,,,,,1,alternate,,,,,,,,,,,,,alternate,,,,,,,,,,,,,,,,,,,,,,,,,,,,,,,,,,
ucrm,"[""Units\\UnitAbilities.slk:272"", ""Units\\UnitBalance.slk:2578"", ""Units\\UnitData.slk:1426"", ""Units\\UnitUI.slk:2392"", ""Units\\UnitWeapons.slk:2801"", ""Units\\UndeadUnitStrings.txt:34"", ""Units\\UndeadUnitFunc.txt:41""]",,"Aspa,Abur,Aiun",_,32,_,_,*,"Rura,Rucr,Ruwb,Rubu,Rupm,Rguv",_,,,,,,,,800,1400,30,30,,medium,,,,,always,10,550,550,30,3,25,3,7,3,40,215,40,215,undead,3,1,,_,100,_,ground,2,5,60,0.5,foot,1,3.04,3,1,1,4,undead,1,100,100,240,240,_,_,255,255,255,0.9,Flesh,-1,_,_,180,180,50,60,60,1,1.85,0.15,UUnit07,cryptfiendmorph,CryptFiend,units\undead\CryptFiend\CryptFiend,1,_,,,,,,,,,_,normal,,,1,_,_,1,_,,,,,,,,,_,normal,,,1,_,_,60,60,,0.51,,500,,Burrowed Crypt Fiend,,F,Train Crypt |cffffcc00F|riend,"Ranged combat support creature. Can learn the Web, and Burrow abilities. |n|n|cffffcc00Attacks land units.|r",,,ReplaceableTextures\CommandButtons\BTNCryptFiend.blp,"1,0",Abilities\Weapons\CryptFiendMissile\CryptFiendMissile.mdl,0.15,500,,,,,,ugrv,,,Objects\Spawnmodels\Demon\DemonLargeDeathExplode\DemonLargeDeathExplode.mdl,medium,,Burrowed Crypt Fiend,[],_,,,,,2,,,,,,,,100,,,,,,1,,,,,,,,,,,,,,,,,,,,,,,,,,,,,,,,,,,,,,,,,,,,,,,,,,,,,,,,,,,,
ucry,"[""Units\\UnitAbilities.slk:275"", ""Units\\UnitBalance.slk:2607"", ""Units\\UnitData.slk:1444"", ""Units\\UnitUI.slk:2422"", ""Units\\UnitWeapons.slk:2821"", ""Units\\UndeadUnitStrings.txt:39"", ""Units\\UndeadUnitFunc.txt:50""]",,"Aweb,Aspa,Abur,Aiun",Aweb,32,_,_,*,"Rura,Rucr,Ruwb,Rubu,Rupm,Rguv",_,,,,,,,,800,1400,30,30,270,medium,,,,,blight,2,550,550,30,3,25,3,7,3,40,215,40,215,undead,3,1,,_,100,_,ground,2,5,60,0.5,foot,1,3.04,3,1,1,4,undead,1,100,100,240,240,_,Shadow,255,255,255,0.9,Flesh,-1,_,_,180,180,50,60,60,1,1.85,0.15,UUnit06,cryptfiend,CryptFiend,units\undead\CryptFiend\CryptFiend,1,_,,,,,,,,,_,normal,,,1,_,_,1,_,0.36,0.64,33,30.5,28,6,1,2,missile,pierce,250,550,1,"ground,structure,debris,item,ward",_,60,60,,0.51,,700,1,Crypt Fiend,,F,Train Crypt |cffffcc00F|riend,"Ranged combat support creature. Can learn the Web, and Burrow abilities. |n|n|cffffcc00Attacks land units.|r",,,ReplaceableTextures\CommandButtons\BTNCryptFiend.blp,"1,0",Abilities\Weapons\CryptFiendMissile\CryptFiendMissile.mdl,0.15,500,,,,,,ugrv,,,Objects\Spawnmodels\Demon\DemonLargeDeathExplode\DemonLargeDeathExplode.mdl,medium,,Crypt Fiend,[],_,,,,,2,,,,,,,27,100,,,,,,,,,,,,,,,,,,,,,,,,,,,,,,,ucrm,,,,,,,,,,,,,,,,,,,,,,,,,,,,,,,,,,,
ucs1,"[""Units\\UnitAbilities.slk:278"", ""Units\\UnitBalance.slk:2637"", ""Units\\UnitData.slk:1462"", ""Units\\UnitUI.slk:2451"", ""Units\\UnitWeapons.slk:2853"", ""Units\\UndeadUnitStrings.txt:175"", ""Units\\UndeadUnitFunc.txt:309""]",,_,_,16,_,_,*,Rguv,_,,,,,,,,800,1200,20,20,270,large,2,,,,blight,2,140,140,30,3,20,3,6,,,,,,undead,1,1,,_,100,_,ground,,4,60,0.6,foot,1,3.03,,1,1,1,undead,1,50,50,120,120,_,Shadow,255,255,255,0.9,Flesh,-1,_,MetalMediumChop,63,63,50,60,60,1,1.25,0.15,UUnit17,carrionscarab1,Scarab,units\undead\scarab\scarab,1,_,,,,,,,,,_,normal,,,1,_,_,1,_,0.64,0.33,9,8.5,8,2,1,1.5,normal,normal,250,90,1,"ground,structure,debris,item,ward",WoodMediumBash,60,60,,0.51,0.3,500,1,Carrion Beetle,,,,,,,ReplaceableTextures\CommandButtons\BTNCarrionScarabs.blp,,,,,,,,,,,,,,,,Carrion Beetle,[],_,2,,,,2,,,,,,,7,,,,,,,1,,,,,,,,,,,,,,,,,,,,,,,,,,,,,,,,,,,,,,,,,,,,,,,,,,,,,,,,,,,,
ucs2,"[""Units\\UnitAbilities.slk:281"", ""Units\\UnitBalance.slk:2664"", ""Units\\UnitData.slk:1478"", ""Units\\UnitUI.slk:2481"", ""Units\\UnitWeapons.slk:2885"", ""Units\\UndeadUnitStrings.txt:177"", ""Units\\UndeadUnitFunc.txt:311""]",,Abu2,_,32,_,_,*,Rguv,_,,,,,,,,800,1200,20,20,270,large,2,,,,blight,2,275,275,30,3,20,3,6,,,,,,undead,2,1,,_,100,_,ground,,4,60,0.6,foot,1,3.03,,1,1,2,undead,1,50,50,120,120,_,Shadow,255,170,170,1.1,Flesh,-1,_,MetalMediumChop,63,63,50,60,60,1,1.5,0.15,UUnit18,carrionscarab2,Scarab,units\undead\scarab\scarab,1,_,,,,,,,,,_,normal,,,1,_,_,1,_,0.64,0.33,18,16.5,15,4,1,1.5,normal,normal,250,90,1,"ground,structure,debris,item,ward",WoodMediumBash,60,60,,0.51,0.3,500,1,Carrion Beetle,,,,,,,ReplaceableTextures\CommandButtons\BTNCarrionScarabs.blp,,,,,,,,,,,,,,,,Carrion Beetle,[],_,2,,,,2,,,,,,,14,,,,,,,1,,,,,,,,,,,,,,,,,,,,,,,,,ucsB,,,,,,,,,,,,,,,,,,,,,,,,,,,,,,,,,,,
ucs3,"[""Units\\UnitAbilities.slk:284"", ""Units\\UnitBalance.slk:2691"", ""Units\\UnitData.slk:1494"", ""Units\\UnitUI.slk:2511"", ""Units\\UnitWeapons.slk:2917"", ""Units\\UndeadUnitStrings.txt:181"", ""Units\\UndeadUnitFunc.txt:316""]",,Abu3,_,48,_,_,*,Rguv,_,,,,,,,,800,1200,20,20,270,large,2,,,,blight,2,410,410,30,3,20,3,6,,,,,,undead,3,1,,_,100,_,ground,,4,60,0.6,foot,1,3.03,,1,1,2,undead,1,50,50,120,120,_,Shadow,170,170,255,1.3,Flesh,-1,_,MetalMediumChop,63,63,50,60,60,1,1.75,0.15,UUnit19,carrionscarab3,Scarab,units\undead\scarab\scarab,1,_,,,,,,,,,_,normal,,,1,_,_,1,_,0.64,0.33,27,24.5,22,6,1,1.5,normal,normal,250,90,1,"ground,structure,debris,item,ward",WoodMediumBash,60,60,,0.51,0.3,500,1,Carrion Beetle,,,,,,,ReplaceableTextures\CommandButtons\BTNCarrionScarabs.blp,,,,,,,,,,,,,,,,Carrion Beetle,[],_,2,,,,2,,,,,,,21,,,,,,,1,,,,,,,,,,,,,,,,,,,,,,,,,ucsC,,,,,,,,,,,,,,,,,,,,,,,,,,,,,,,,,,,
ucsB,"[""Units\\UnitAbilities.slk:287"", ""Units\\UnitBalance.slk:2718"", ""Units\\UnitData.slk:1510"", ""Units\\UnitUI.slk:2541"", ""Units\\UnitWeapons.slk:2949"", ""Units\\UndeadUnitStrings.txt:179"", ""Units\\UndeadUnitFunc.txt:314""]",,Abu2,_,32,_,_,*,Rguv,_,,,,,,,,800,1200,20,20,,large,2,,,,always,2,275,275,30,3,20,3,6,,,,,,undead,2,1,,_,100,_,ground,,4,60,0.6,foot,1,3.03,,1,1,2,undead,1,,,,,_,_,255,170,170,1.1,Flesh,-1,_,MetalMediumChop,63,63,50,60,60,1,1.5,0.15,UUnit18,carrionscarabburrowed2,Scarab,units\undead\scarab\scarab,1,_,,,,,,,,,_,normal,,,1,_,_,1,_,,,,,,,,,_,normal,,,1,_,_,60,60,,0.51,0.3,500,,Burrowed Carrion Beetle,,,,,,,ReplaceableTextures\CommandButtons\BTNCarrionScarabs.blp,,,,,,,,,,,,,,,,Burrowed Carrion Beetle,[],_,2,,,,2,,,,,,,,,,,,,,1,,,,,,,,,,,,,,,,,,,,,,,,,,,,,,,,,,,,,,,,,,,,,,,,,,,,,,,,,,,,
ucsC,"[""Units\\UnitAbilities.slk:290"", ""Units\\UnitBalance.slk:2744"", ""Units\\UnitData.slk:1526"", ""Units\\UnitUI.slk:2567"", ""Units\\UnitWeapons.slk:2969"", ""Units\\UndeadUnitStrings.txt:183"", ""Units\\UndeadUnitFunc.txt:319""]",,Abu3,_,48,_,_,*,Rguv,_,,,,,,,,800,1200,20,20,,large,2,,,,always,2,410,410,30,3,20,3,6,,,,,,undead,3,1,,_,100,_,ground,,4,60,0.6,foot,1,3.03,,1,1,2,undead,1,,,,,_,_,170,170,255,1.3,Flesh,-1,_,MetalMediumChop,63,63,50,60,60,1,1.75,0.15,UUnit19,carrionscarabburrowed3,Scarab,units\undead\scarab\scarab,1,_,,,,,,,,,_,normal,,,1,_,_,1,_,,,,,,,,,_,normal,,,1,_,_,60,60,,0.51,0.3,500,,Burrowed Carrion Beetle,,,,,,,ReplaceableTextures\CommandButtons\BTNCarrionScarabs.blp,,,,,,,,,,,,,,,,Burrowed Carrion Beetle,[],_,2,,,,2,,,,,,,,,,,,,,1,,,,,,,,,,,,,,,,,,,,,,,,,,,,,,,,,,,,,,,,,,,,,,,,,,,,,,,,,,,,
ufro,"[""Units\\UnitAbilities.slk:293"", ""Units\\UnitBalance.slk:2770"", ""Units\\UnitData.slk:1542"", ""Units\\UnitUI.slk:2593"", ""Units\\UnitWeapons.slk:2989"", ""Units\\UndeadUnitStrings.txt:52"", ""Units\\UndeadUnitFunc.txt:70""]",,"Afrz,Afrb",_,8,_,_,*,"Rura,Rucr,Rufb,Rguv",_,,,,,,,,800,1600,80,80,270,small,1,,,,blight,2,1350,1350,30,3,30,3,8,7,120,385,120,385,undead,6,1,,_,100,_,air,2,3,61,0.4,fly,,2,,1,1,6,undead,1,140,140,280,280,_,ShadowFlyer,255,255,255,1,Flesh,-1,_,_,200,200,100,25,33,1,2.25,0.4,UUnit15,frostwyrm,FrostWyrm,units\undead\FrostWyrm\FrostWyrm,1,_,0.55,0.5,94,89,84,11,1,3,msplash,pierce,250,300,1,air,_,1,"ground,air,structure,debris,enemy",0.55,0.5,105,95,85,11,2,3,msplash,pierce,250,300,1,"ground,structure,debris,item,ward",_,,-60,,0.4,0.5,500,3,Frost Wyrm,,F,Train |cffffcc00F|rrost Wyrm,Flying heavy assault creature. Can learn the Freezing Breath ability. |n|n|cffffcc00Attacks land and air units.|r,,,ReplaceableTextures\CommandButtons\BTNFrostWyrm.blp,"0,0",Abilities\Weapons\FrostWyrmMissile\FrostWyrmMissile.mdl,0.1,800,1,,,,,,,,,large,,Frost Wyrm,[],_,1,,,1,2,,90,240,,230,2,83,115,83,,,,,,,,,,,25,50,200,0.2,0.1,,1,,,,,,,,,,,,,,,,,,,,,,,,,,,,,,,,,,,,,,,,,,,,,,,,
ugar,"[""Units\\UnitAbilities.slk:296"", ""Units\\UnitBalance.slk:2804"", ""Units\\UnitData.slk:1560"", ""Units\\UnitUI.slk:2624"", ""Units\\UnitWeapons.slk:3037"", ""Units\\UndeadUnitStrings.txt:57"", ""Units\\UndeadUnitFunc.txt:78""]",,Astn,_,8,_,_,*,"Rura,Rucr,Rusf,Rguv",_,,,,,,,,800,1600,35,35,350,none,3,,,,blight,2,410,410,30,3,20,3,6,2,30,185,30,185,undead,2,1,,_,100,_,air,2,1,61,0.5,fly,,2.5,,1,1,3,undead,1,100,100,200,200,_,ShadowFlyer,255,255,255,1,Stone,-1,_,WoodMediumBash,200,200,50,25,33,1,1.25,0.15,UUnit08,gargoyle,Gargoyle,units\undead\Gargoyle\Gargoyle,1,_,0.7,0.633,21,19.5,18,4,1,2.2,missile,pierce,250,300,1,"ground,structure,debris,item,ward",_,1,_,1,0.33,70,65.5,61,10,1,1.4,normal,normal,250,128,1,air,WoodMediumBash,60,25,,0.51,,500,3,Gargoyle,,A,Train G|cffffcc00a|rrgoyle,Flying attack creature. Can learn the Stone Form ability. |n|n|cffffcc00Attacks land and air units.|r,,,ReplaceableTextures\CommandButtons\BTNGargoyle.blp,"2,0",Abilities\Weapons\GargoyleMissile\GargoyleMissile.mdl,0.0,900,1,,,,,"ugrv,unp2",,,,medium,,Gargoyle,[],_,3,,,1,2,,90,240,,230,,60,,17,,,,,,,,,,,,,,,,,,,,,,,,,,,,,,ugrm,,,,,,,,,,,,,,,,,,,,,,,,,,,,,,,,,,,
ugho,"[""Units\\UnitAbilities.slk:299"", ""Units\\UnitBalance.slk:2837"", ""Units\\UnitData.slk:1578"", ""Units\\UnitUI.slk:2654"", ""Units\\UnitWeapons.slk:3079"", ""Units\\UndeadUnitStrings.txt:67"", ""Units\\UndeadUnitFunc.txt:98""]",,"Acan,Ahrl,Aiun",_,31,_,_,*,"Ruar,Rume,Rugf,Ruac,Rupm,Rguv",_,,,,,,,,800,1400,18,18,270,large,,,,,blight,2,330,330,30,3,20,3,6,2,,120,,120,undead,2,1,,_,100,_,ground,,,60,0.5,foot,1,1.67,3,1,1,5,undead,1,60,60,120,120,_,Shadow,255,255,255,1,Flesh,-1,AxeMediumChop,WoodMediumBash,220,220,20,10,10,1,1.1,0.15,UUnit03,ghoul,Ghoul,units\undead\Ghoul\Ghoul,1,_,0.433,0.433,2,2,2,1,2,1.35,normal,normal,120,66,1,tree,AxeMediumChop,1,_,0.44,0.39,14,13,12,2,2,1.3,normal,normal,250,90,1,"ground,structure,debris,item,ward",WoodMediumBash,60,60,,0.51,,500,3,Ghoul,,G,Train |cffffcc00G|rhoul,Basic attack unit and lumber harvester. Can learn Cannibalize and Ghoul Frenzy. |n|n|cffffcc00Attacks land units and trees.|r,,,ReplaceableTextures\CommandButtons\BTNGhoul.blp,"0,0",,,,,,,,,,,,Objects\Spawnmodels\Undead\UndeadLargeDeathExplode\UndeadLargeDeathExplode.mdl,,,Ghoul,[],_,,,,,2,,,,,,,10,,,,,,,,,,,,,,,,,,,,,,,,,,,,,,,,,,,,,,,,,,,,,,,,,,,,,,,,,,,,,,,,,,,
ugrm,"[""Units\\UnitAbilities.slk:302"", ""Units\\UnitBalance.slk:2865"", ""Units\\UnitData.slk:1594"", ""Units\\UnitUI.slk:2683"", ""Units\\UnitWeapons.slk:3120"", ""Units\\UndeadUnitStrings.txt:62"", ""Units\\UndeadUnitFunc.txt:88""]",,"Astn,ACmi",_,32,_,_,*,"Rura,Rucr,Rusf,Rguv",_,,,,,,,,800,1600,35,35,,none,15,,,,blight,2,410,410,30,3,20,3,6,2,30,185,30,185,undead,2,1,,_,100,_,ground,2,,60,0.5,foot,,1,,1,1,3,undead,1,100,100,200,200,_,Shadow,255,255,255,1,Stone,-1,_,_,200,200,50,10,10,1,1.25,0.15,UUnit09,gargoylemorphed,Gargoyle,units\undead\Gargoyle\Gargoyle,1,_,,,,,,,,,_,normal,,,1,_,_,1,_,,,,,,,,,_,normal,,,1,_,_,60,60,,0.51,0.5,500,,Stone Form Gargoyle,,A,Train G|cffffcc00a|rrgoyle,Flying attack creature. |n|n|cffffcc00Attacks land and air units.|r,,,ReplaceableTextures\CommandButtons\BTNStoneForm.blp,"2,0",Abilities\Weapons\GargoyleMissile\GargoyleMissile.mdl,0.0,900,1,,,,,"ugrv,unp2",,,,medium,,Stone Form Gargoyle,[],_,15,,,,2,,,,,,,,,,,,,,1,,,,,,,,,,,,,,,,,,,,,,,,,,alternate,,,,,,,,,,,,,,,,,,,,,,,,,,,,,,,,,,
uloc,"[""Units\\UnitAbilities.slk:305"", ""Units\\UnitBalance.slk:2896"", ""Units\\UnitData.slk:1609"", ""Units\\UnitUI.slk:2713"", ""Units\\UnitWeapons.slk:3140"", ""Units\\UndeadUnitStrings.txt:185"", ""Units\\UndeadUnitFunc.txt:321""]",,Aloc,_,8,_,_,*,_,_,,,,,,,,,,20,20,400,small,,,,,always,0.25,65,65,30,3,20,3,6,,,,,,undead,,1,,_,100,_,air,,,170,0.2,fly,1,1,,1,1,1,undead,1,17,17,35,35,_,ShadowFlyer,255,255,255,1,Flesh,-1,_,_,700,700,20,45,45,1,1,0.15,,locust,,units\undead\Locust\Locust,1,_,,,,,,,,,_,normal,,,1,_,_,1,_,,,14,13.5,13,2,1,1,missile,spells,250,10,1,"ground,debris,air,item",_,,,,,,900,1,Locust,,,,,,,ReplaceableTextures\CommandButtons\BTNLocustSwarm.blp,,Abilities\Weapons\LocustMissile\LocustMissile.mdl,0.15,500,,,,,,,,,,,,Locust,[],_,,,,,2,,45,150,,,,12,,,,,,,1,,,,,,,,,,,,,,,,,,,,,,,,,,,,,,,,,,,,,,,,,,,,,,,,,,,,,,,,,,,,
umtw,"[""Units\\UnitAbilities.slk:308"", ""Units\\UnitBalance.slk:2918"", ""Units\\UnitData.slk:1626"", ""Units\\UnitUI.slk:2741"", ""Units\\UnitWeapons.slk:3166"", ""Units\\UndeadUnitStrings.txt:150"", ""Units\\UndeadUnitFunc.txt:263""]",,"Sch2,Amel,Amed,Apts,Aexh",_,48,_,_,*,"Rupc,Rume,Rguv",_,,,,,,,,1200,1400,36,36,220,large,2,,,,none,,380,380,30,3,20,3,6,4,50,230,50,230,Mechanical,2,1,,_,100,_,ground,3,1,30,0.6,foot,2,1.7,2,1,1,3,undead,1,120,120,260,260,_,Shadow,255,255,255,1,Wood,-1,_,_,150,150,50,45,45,1,2.5,0.15,UUnit05,meatwagon,MeatWagon,units\undead\MeatWagon\MeatWagon,1,_,1.3,0.7,88,79.5,71,18,1,4,missile,siege,250,1000,1,structure,_,1,"ground,structure,debris,tree,wall",1.3,0.7,88,79.5,71,18,1,4,artillery,siege,250,1150,1,"ground,debris,tree,wall,item,ward",_,60,150,,0.51,0.5,1150,3,Meat Wagon,,M,Train |cffffcc00M|reat Wagon,"Corpse storage machine. Also serves as long-range siege weaponry. Exceptional damage versus buildings, but slow and vulnerable. Can learn the Disease Cloud ability. |n|n|cffffcc00Attacks land units and trees.|r",,,ReplaceableTextures\CommandButtons\BTNMeatWagon.blp,"0,0",Abilities\Weapons\MeatwagonMissile\MeatwagonMissile.mdl,0.3,900,,,,,,,,,,large,,Meat Wagon,[],_,2,,,,2,,,,,,,70,-30,70,,,,,,,,,,250,25,50,150,0.4,0.25,,,,,,,,,,,,,,,,,,,,,,,,,,,,,,,,,,,,,,,,,,,,,,,,,,
unec,"[""Units\\UnitAbilities.slk:311"", ""Units\\UnitBalance.slk:2949"", ""Units\\UnitData.slk:1644"", ""Units\\UnitUI.slk:2770"", ""Units\\UnitWeapons.slk:3216"", ""Units\\UndeadUnitStrings.txt:80"", ""Units\\UndeadUnitFunc.txt:116""]",,"Acri,Arai,Auhf,Aiun",_,16,_,_,*,"Rusl,Rune,Rusm,Rupm,Rguv",_,,,,,,,,900,1400,30,30,270,none,,0.666666666666667,75,200,blight,2,305,305,30,3,25,3,7,2,20,145,20,145,undead,2,1,,_,100,_,ground,2,,60,0.6,foot,1,1.5,3,1,1,8,undead,1,50,50,120,120,_,Shadow,255,255,255,1,Flesh,-1,_,_,200,200,50,10,10,1,1.25,0.15,UUnit11,necromancer,Necromancer,units\undead\Necromancer\Necromancer,1,_,,,,,,,,,_,normal,,,1,_,_,1,_,0.47,0.53,9,8.5,8,2,1,1.8,missile,magic,250,600,1,"ground,structure,debris,air,item,ward",_,60,60,,0.5,0.5,600,1,Necromancer,,N,Train |cffffcc00N|recromancer,Essential spellcaster. Can initially cast Raise Dead on corpses. Can also learn Unholy Frenzy and Cripple. |n|n|cffffcc00Attacks land and air units.|r,,,ReplaceableTextures\CommandButtons\BTNNecromancer.blp,"0,0",Abilities\Weapons\NecromancerMissile\NecromancerMissile.mdl,0.00,900,1,,,,,,,,Objects\Spawnmodels\Undead\UndeadLargeDeathExplode\UndeadLargeDeathExplode.mdl,,,Necromancer,[],,,,,,2,200,,,,,,7,,,,,,,,,"Initiate, Adept, Master","- Raise Dead"",""- Raise Dead|n- Unholy Frenzy"",""- Raise Dead|n- Unholy Frenzy|n- Cripple",UI\Widgets\Console\Human\infocard-necromancer.blp,,,,,,,,,,,,,,,,,,,,,,,,,,,,,,,,,,,,,,,,,,,,,,,,,,,,,,,,
uobs,"[""Units\\UnitAbilities.slk:314"", ""Units\\UnitBalance.slk:2983"", ""Units\\UnitData.slk:1661"", ""Units\\UnitUI.slk:2798"", ""Units\\UnitWeapons.slk:3248"", ""Units\\UndeadUnitStrings.txt:187"", ""Units\\UndeadUnitFunc.txt:326""]",,"Arpl,Arpm,Aave",_,32,_,_,*,"Rusp,Rguv",_,,,,,,,,800,1200,35,35,270,large,4,1.5,400,600,none,,800,800,30,3,30,3,8,3,35,200,35,200,Mechanical,2,,,_,100,_,ground,3,1,60,0.5,foot,1,0.94,,1,1,1,undead,1,95,95,230,230,_,Shadow,255,255,255,0.85,Stone,-1,_,_,210,210,50,10,10,1,2.1,0.3,UUnit14,obsidianstatue,ObsidianStatue,units\undead\ObsidianStatue\ObsidianStatue,1,_,,,,,,,,,_,normal,,,1,_,_,1,_,0.47,0.53,8,7.5,7,2,1,2.1,missile,magic,250,575,1,"ground,structure,debris,air,item,ward",_,60,60,,0.51,0.5,600,1,Obsidian Statue,,O,Create |cffffcc00O|rbsidian Statue,"Fortified statue that can help replenish the life and mana of your army. Can initially cast Spirit Touch and Essence of Blight, and learn the Destroyer Form ability. |n|n|cffffcc00Attacks land and air units.|r",,,ReplaceableTextures\CommandButtons\BTNObsidianStatue.blp,"2,0",Abilities\Weapons\FarseerMissile\FarseerMissile.mdl,0.15,1200,1,,,,,utom,,,,large,,Obsidian Statue,[],_,4,,,,2,600,,,,,,6,,,,,,,,,,,,,,,,,,,,,,,,,,,,,,,,ubsp,,,,,,,,,,,,,,,,,,,,,,,,,,,,,,,,,,,
uplg,"[""Units\\UnitAbilities.slk:317"", ""Units\\UnitBalance.slk:3018"", ""Units\\UnitData.slk:1677"", ""Units\\UnitUI.slk:2827"", ""Units\\UnitWeapons.slk:3280"", ""Units\\UndeadUnitStrings.txt:93"", ""Units\\UndeadUnitFunc.txt:127""]",,Aap2,_,16,_,_,*,Rguv,_,,,,,,,,,,1,1,,medium,,,,,none,,100,100,30,3,,,,,,,,,_,,1,,_,100,_,ward,,,60,,amph,,0.94,,1,1,,undead,1,,,,,_,_,255,255,255,1,Wood,-1,_,_,200,200,50,25,25,1,0.75,0.15,,plagueward,PlagueCloud,units\undead\PlagueCloud\PlagueCloud,1,_,,,,,,,,,_,normal,,,1,_,_,1,_,,,,,,,,,_,normal,,,1,_,_,60,60,,0.51,,500,,Disease Cloud,,,,,,,ReplaceableTextures\PassiveButtons\PASBTNPlagueCloud.blp,,,,,,,,,,,,,,,,Disease Cloud,[],_,,,,,2,,,,,,,,,,,,,,1,,,,,,,,,,,,,,,,,,,,,,,,,,,,,,,,,,,,,,,,,,,,,,,,,,,,,,,,,,,,
uske,"[""Units\\UnitAbilities.slk:320"", ""Units\\UnitBalance.slk:3035"", ""Units\\UnitData.slk:1689"", ""Units\\UnitUI.slk:2852"", ""Units\\UnitWeapons.slk:3299"", ""Units\\UndeadUnitStrings.txt:87"", ""Units\\UndeadUnitFunc.txt:125""]",,_,_,31,_,_,*,"Ruar,Rume,Rusl,Rguv",_,,,,,,,,600,800,18,18,270,large,1,,,,blight,2,180,180,30,3,3,3,3,,,,,,undead,1,1,,_,100,_,ground,,,60,0.5,foot,1,5.034,,1,1,1,undead,1,50,50,120,120,_,Shadow,255,255,255,1,Wood,-1,_,MetalMediumSlice,180,180,20,10,10,1,1,0.15,UUnit12,skeletonwarrior,Skeleton,units\undead\Skeleton\Skeleton,1,_,,,,,,,,,_,normal,,,1,_,_,1,_,0.44,0.56,15,14.5,14,2,1,2,normal,normal,250,90,1,"ground,structure,debris,item,ward",MetalMediumSlice,60,60,,0.51,0.5,500,1,Skeleton Warrior,,,Summon Skeleton Warrior,,,,ReplaceableTextures\CommandButtons\BTNSkeletonWarrior.blp,,,,,,,,,,,,,,,,Skeleton Warrior,[],_,1,,,,2,,,,,,,13,,,,,,,1,,,,,,,,,,,,,,,,,,,,,,,,,,,,,,,,,,,,,,,,,,,,,,,,,,,,,,,,,,,,
uskm,"[""Units\\UnitAbilities.slk:323"", ""Units\\UnitBalance.slk:3062"", ""Units\\UnitData.slk:1704"", ""Units\\UnitUI.slk:2882"", ""Units\\UnitWeapons.slk:3331"", ""Units\\UndeadUnitStrings.txt:90"", ""Units\\UndeadUnitFunc.txt:129""]",,_,_,31,_,_,*,"Ruar,Rume,Rusl,Rguv",_,,,,,,,,900,1400,30,30,270,medium,,,,,blight,2,230,230,30,3,3,3,3,,,,,,undead,1,1,,_,100,_,ground,2,,60,0.5,foot,1,5.034,,1,1,1,undead,1,50,50,120,120,_,Shadow,255,255,255,1,Wood,-1,_,MetalMediumSlice,180,180,20,10,10,1,1,0.15,UUnit13,skeletalmage,Skeleton,units\undead\SkeletonMage\SkeletonMage,1,_,,,,,,,,,_,normal,,,1,_,_,1,_,0.5,0.5,12,11.5,11,2,1,1.5,missile,pierce,250,500,1,"ground,structure,debris,air,item,ward",_,60,70,-10,0.51,0.5,700,1,Skeletal Mage,,,Summon Skeletal Mage,,,,ReplaceableTextures\CommandButtons\BTNSkeletonMage.blp,,Abilities\Weapons\SkeletalMageMissile\SkeletalMageMissile.mdl,0.00,900,1,,,,,,,,,,,Skeletal Mage,[],_,,,,,2,,,,,,,10,75,,,,,,1,,,,,,,,,,,,,,,,,,,,,,,,,,,,,,,,,,,,,,,,,,,,,,,,,,,,,,,,,,,,
uaod,"[""Units\\UnitAbilities.slk:326"", ""Units\\UnitBalance.slk:3087"", ""Units\\UnitData.slk:1720"", ""Units\\UnitUI.slk:2912"", ""Units\\UnitWeapons.slk:3365"", ""Units\\UndeadUnitStrings.txt:95"", ""Units\\UndeadUnitFunc.txt:135""]",,Abgs,_,144,blighted,unbuildable,*,Rgfo,_,,,,,,,,600,900,60,60,,fort,5,,,,none,,900,900,,,,,,,50,180,50,180,"undead,Mechanical",,1,,factory,100,PathTextures\10x10Simple.tga,structure,,,60,,_,,3,2,1,1,5,undead,1,,,,,ShadowAltarOfDarkness,_,255,255,255,1,Stone,-1,_,_,200,200,50,7,7,1,4.25,0.15,UBuilding07,altarofdarkness,AltarOfDarkness,buildings\undead\AltarOfDarkness\AltarOfDarkness,1,_,,,,,,,,,_,normal,,,1,_,_,1,_,,,,,,,,,_,normal,,,1,_,_,120,60,,0.51,,500,,Altar of Darkness,,A,Summon |cffffcc00A|rltar of Darkness,Summons Heroes. Revives slain Heroes.,,,ReplaceableTextures\CommandButtons\BTNAltarOfDarkness.blp,"1,1",,,,,,512,512,,,,,Objects\Spawnmodels\Undead\UCancelDeath\UCancelDeath.mdl,medium,,Altar of Darkness,[],UMED,5,,,,1,,,,,,4,,,,,,,,,,,,,,,,,,,,,,,1,9,"Udea,Ulic,Udre,Ucrl",UndeadBuildingConstructionLoop,1,,,,,,,,,,,,,,,,,,,,,,,,,,,,,,,,,,,,,,,,,
ubon,"[""Units\\UnitAbilities.slk:329"", ""Units\\UnitBalance.slk:3111"", ""Units\\UnitData.slk:1735"", ""Units\\UnitUI.slk:2938"", ""Units\\UnitWeapons.slk:3384"", ""Units\\UndeadUnitStrings.txt:155"", ""Units\\UndeadUnitFunc.txt:270""]",,Abgs,_,144,blighted,unbuildable,*,Rgfo,_,,,,,,,,600,900,80,80,,fort,5,,,,none,,1500,1500,,,,,,,250,125,250,125,"undead,Mechanical",,1,,_,100,PathTextures\12x12Simple.tga,structure,,,60,,_,,3,2,1,1,5,undead,1,,,,,ShadowBoneYard,_,255,255,255,1,Stone,-1,_,_,200,200,50,7,7,1,5,0.15,UBuilding13,boneyard,BoneYard,buildings\undead\BoneYard\BoneYard,1,_,,,,,,,,,_,normal,,,1,_,_,1,_,,,,,,,,,_,normal,,,1,_,_,120,60,,0.51,,500,,Boneyard,,B,Summon |cffffcc00B|roneyard,Produces Frost Wyrms. Also contains the Freezing Breath upgrade.,,,ReplaceableTextures\CommandButtons\BTNBoneyard.blp,"1,2",,,,,,512,512,,"unp2,usap",,,Objects\Spawnmodels\Undead\UCancelDeath\UCancelDeath.mdl,large,,Boneyard,[],UMED,5,,,,1,,,,,,4,,,,,,,,,,,,,,,,,,,,,,,1,,ufro,UndeadBuildingConstructionLoop,,Rufb,,,,,,,,,,,,,,,,,,,,,,,,,,,,,,,,,,,,,,,,
ugol,"[""Units\\UnitAbilities.slk:332"", ""Units\\UnitBalance.slk:3135"", ""Units\\UnitData.slk:1749"", ""Units\\UnitUI.slk:2964"", ""Units\\UnitWeapons.slk:3403"", ""Units\\UndeadUnitStrings.txt:130"", ""Units\\UndeadUnitFunc.txt:219""]",,"Abgl,Abgm",_,50,_,unbuildable,*,Rgfo,_,,,,,,,,600,900,100,100,,fort,5,,,,none,,950,950,,,,,,,220,255,220,255,"undead,Mechanical",,1,,resource,100,PathTextures\16x16Goldmine.tga,structure,,,60,,_,,3,2,1,1,1,undead,1,,,,,BuildingShadowLarge,_,255,255,255,1,Wood,-1,_,_,200,200,50,,,1,5.5,0.15,UBuilding14,undeadgoldmine2,HauntedMine,buildings\undead\HauntedMine\HauntedMine,1,_,,,,,,,,,_,normal,,,1,_,_,1,_,,,,,,,,,_,normal,,,1,_,_,120,60,,0.51,,500,,Haunted Gold Mine,,G,Haunt |cffffcc00G|rold Mine,Haunts a gold mine so that Acolytes can mine. Use on gold mines to corrupt them.,,,ReplaceableTextures\CommandButtons\BTNGoldMine.blp,"2,0",,,,,,512,512,,,,,Objects\Spawnmodels\Undead\UCancelDeath\UCancelDeath.mdl,large,,Haunted Gold Mine,[],UMED,5,,,,2,,,,,,,,,,,,,,,,,,,,,,,,,,,,,1,7,,UndeadBuildingConstructionLoop,,,,,,,,,,,,,,,,,,,1,,,,,,,,,,,,,,,,,,,,,,,
ugrv,"[""Units\\UnitAbilities.slk:335"", ""Units\\UnitBalance.slk:3159"", ""Units\\UnitData.slk:1765"", ""Units\\UnitUI.slk:2987"", ""Units\\UnitWeapons.slk:3422"", ""Units\\UndeadUnitStrings.txt:170"", ""Units\\UndeadUnitFunc.txt:300""]",,"Abgs,Agyd,Arlm",_,144,blighted,unbuildable,*,Rgfo,_,,,,,,,,600,900,80,80,,fort,5,,,,none,,900,900,,,,,,,,215,,215,"undead,Mechanical",,1,,_,100,PathTextures\12x12Simple.tga,structure,,,60,,_,,3,2,1,1,4,undead,1,,,,,BuildingShadowLarge,_,255,255,255,1,Stone,-1,_,_,200,200,50,,,1,5,0.15,UBuilding10,graveyard,Graveyard,buildings\undead\Graveyard\Graveyard,1,_,,,,,,,,,_,normal,,,1,_,_,1,_,,,,,,,,,_,normal,,,1,_,_,120,60,,0.51,,500,,Graveyard,,V,Summon Gra|cffffcc00v|reyard,Provides attack and armor upgrades for Undead units. Also produces corpses and serves as a drop-off point for harvested lumber.,,,ReplaceableTextures\CommandButtons\BTNGraveyard.blp,"3,0",,,,,,512,512,,,,,Objects\Spawnmodels\Undead\UCancelDeath\UCancelDeath.mdl,large,,Graveyard,[],UMED,5,,,,1,,,,,,4,,,,,,,,,,,,,,,,,,,,,,,1,,,UndeadBuildingConstructionLoop,,"Rume,Ruar,Rura,Rucr",,,,,,,,,,,,,,,,,,,,,,,,,,,,,,,,,,,,,,,,
unp1,"[""Units\\UnitAbilities.slk:338"", ""Units\\UnitBalance.slk:3181"", ""Units\\UnitData.slk:1779"", ""Units\\UnitUI.slk:3011"", ""Units\\UnitWeapons.slk:3441"", ""Units\\UndeadUnitStrings.txt:105"", ""Units\\UndeadUnitFunc.txt:160""]",,"Abgl,Arlm",_,196,_,unbuildable,*,Rgfo,_,,,,,,,,800,1200,120,140,,fort,5,,,,none,,1750,1750,,,,,,,210,575,210,320,"TownHall,undead,Mechanical",2,1,,townhall,100,PathTextures\UndeadNecropolis.tga,structure,,,60,,_,,3,2,1,1,7,undead,1,,,,,ShadowHallsoftheDead,_,255,255,255,1,Stone,-1,_,_,200,200,50,,,1,6.6,0.15,UBuilding02,necropolis1,Necropolisu1,buildings\undead\Necropolis\Necropolis,1,_,,,,,,,,,_,normal,,,1,_,_,1,_,0.3,0.3,50,45.5,41,10,1,1,missile,pierce,250,800,,"ground,structure,debris,air,item,ward",_,260,60,,0.51,,800,1,Halls of the Dead,,U,|cffffcc00U|rpgrade to Halls of the Dead,Upgrade to Halls of the Dead to enable the production of additional types of structures and units. |n|n|cffffcc00Attacks land and air units.|r,,,ReplaceableTextures\CommandButtons\BTNHallOfTheDead.blp,"0,2",Abilities\Weapons\ZigguratMissile\ZigguratMissile.mdl,0.15,900,1,,512,512,,,,,Objects\Spawnmodels\Undead\UCancelDeath\UCancelDeath.mdl,large,,Halls of the Dead,[],ULAR,5,,,,1,,,,,,4,40,,,,,,,,,,,,,,,,,,,,"upgrade,first",,1,8,uaco,UndeadBuildingConstructionLoop,,Rupm,10,,unp2,,,,,,,,,,,,,,,,,,,,,,,,,,,,,,,,,,,,,
unp2,"[""Units\\UnitAbilities.slk:341"", ""Units\\UnitBalance.slk:3207"", ""Units\\UnitData.slk:1794"", ""Units\\UnitUI.slk:3035"", ""Units\\UnitWeapons.slk:3471"", ""Units\\UndeadUnitStrings.txt:110"", ""Units\\UndeadUnitFunc.txt:176""]",,"Abgl,Arlm",_,196,_,unbuildable,*,Rgfo,_,,,,,,,,800,1200,120,140,,fort,5,,,,none,,2000,2000,,,,,,,460,920,250,345,"TownHall,undead,Mechanical",3,1,,townhall,100,PathTextures\UndeadNecropolis.tga,structure,,,60,,_,,3,2,1,1,8,undead,1,,,,,ShadowBlackCitidel,_,255,255,255,1,Stone,-1,_,_,200,200,50,,,1,6.6,0.15,UBuilding03,necropolis2,Necropolisu2,buildings\undead\Necropolis\Necropolis,1,_,,,,,,,,,_,normal,,,1,_,_,1,_,0.3,0.3,60,54.5,49,12,1,1,missile,pierce,250,800,,"ground,structure,debris,air,item,ward",_,260,60,,0.51,,800,1,Black Citadel,,U,|cffffcc00U|rpgrade to Black Citadel,Upgrade to Black Citadel to enable the production of additional types of structures and units. |n|n|cffffcc00Attacks land and air units.|r,,,ReplaceableTextures\CommandButtons\BTNBlackCitadel.blp,"0,2",Abilities\Weapons\ZigguratMissile\ZigguratMissile.mdl,0.15,900,1,,512,512,,uaod,,,Objects\Spawnmodels\Undead\UCancelDeath\UCancelDeath.mdl,large,,Black Citadel,[],ULAR,5,,,,1,,,,,,4,48,,,,,,,,,,,,,,,,,,,,"upgrade,second",,1,8,uaco,UndeadBuildingConstructionLoop,,Rupm,10,,,,,,,,,,,,,,,,,,,,,,,,,,,,,,,,,,,,,,,
unpl,"[""Units\\UnitAbilities.slk:344"", ""Units\\UnitBalance.slk:3233"", ""Units\\UnitData.slk:1809"", ""Units\\UnitUI.slk:3059"", ""Units\\UnitWeapons.slk:3501"", ""Units\\UndeadUnitStrings.txt:100"", ""Units\\UndeadUnitFunc.txt:145""]",,"Abgl,Arlm",_,196,_,unbuildable,*,Rgfo,_,,,,,,,,600,900,120,120,,fort,5,,,,none,,1500,1500,,,,,,,,255,,255,"TownHall,undead,Mechanical",,1,,townhall,100,PathTextures\UndeadNecropolis.tga,structure,,,60,,_,,3,2,1,1,6,undead,1,,,,,ShadowNecropolis,_,255,255,255,1,Stone,-1,_,_,200,200,50,,,1,6.6,0.15,UBuilding01,necropolis,Necropolis,buildings\undead\Necropolis\Necropolis,1,_,,,,,,,,,_,normal,,,1,_,_,,_,,,,,,,,,_,normal,,,,_,_,260,60,,0.51,,,,Necropolis,,N,Summon |cffffcc00N|recropolis,"Primary structure, used to train Acolytes and receive lumber gathered by Ghouls. Can be upgraded to Halls of the Dead and then Black Citadel to enable the production of additional types of structures and units.",,,ReplaceableTextures\CommandButtons\BTNNecropolis.blp,"0,0",Abilities\Weapons\ZigguratMissile\ZigguratMissile.mdl,0.15,900,1,,512,512,,,,,Objects\Spawnmodels\Undead\UCancelDeath\UCancelDeath.mdl,large,,Necropolis,[],ULAR,5,,,,1,,,,,,4,,,,,,,,,,,,,,,,,,,,,,,1,8,uaco,UndeadBuildingConstructionLoop,,Rupm,10,,unp1,,,,,,,,,,,,,,,,,,,,,,,,,,,,,,,,,,,,,
usap,"[""Units\\UnitAbilities.slk:347"", ""Units\\UnitBalance.slk:3256"", ""Units\\UnitData.slk:1824"", ""Units\\UnitUI.slk:3083"", ""Units\\UnitWeapons.slk:3517"", ""Units\\UndeadUnitStrings.txt:160"", ""Units\\UndeadUnitFunc.txt:281""]",,"Abgs,Asac",_,144,blighted,unbuildable,*,Rgfo,_,,,,,,,,600,900,45,45,,fort,5,,,,none,,900,900,,,,,,,150,75,150,75,"undead,Mechanical",,1,,factory,100,PathTextures\12x12Simple.tga,structure,,,60,,_,,3,2,1,1,4,undead,1,,,,,ShadowSacrificialPit,_,255,255,255,1,Stone,-1,_,_,200,200,50,7,7,1,4.5,0.15,UBuilding09,sacrificialpit,SacrificialPit,buildings\undead\SacrificialPit\SacrificialPit,1,_,,,,,,,,,_,normal,,,1,_,_,,_,,,,,,,,,_,normal,,,1,_,_,120,60,,0.51,,,,Sacrificial Pit,,S,Summon |cffffcc00S|racrificial Pit,"Has the Sacrifice ability for turning Acolytes into Shades. Shades are invisible spirits that can see invisible units, but cannot attack.",,,ReplaceableTextures\CommandButtons\BTNSacrificialPit.blp,"0,2",,,,,,512,512,,unp1,,,Objects\Spawnmodels\Undead\UCancelDeath\UCancelDeath.mdl,medium,,Sacrificial Pit,[],UMED,5,,,,1,,,,,,4,,,,,,,,,,,,,,,,,,,,,,,1,9,,UndeadBuildingConstructionLoop,,,,,,,,,,,,,,,,,,,,,,,,,,,,,,,,,,,,,,,,,,
usep,"[""Units\\UnitAbilities.slk:350"", ""Units\\UnitBalance.slk:3280"", ""Units\\UnitData.slk:1839"", ""Units\\UnitUI.slk:3109"", ""Units\\UnitWeapons.slk:3534"", ""Units\\UndeadUnitStrings.txt:115"", ""Units\\UndeadUnitFunc.txt:192""]",,Abgs,_,144,blighted,unbuildable,*,Rgfo,_,,,,,,,,600,900,60,60,,fort,5,,,,none,,1300,1300,,,,,,,50,200,50,200,"undead,Mechanical",,1,,factory,100,PathTextures\12x12Simple.tga,structure,,,60,,_,,3,2,1,1,9,undead,1,,,,,ShadowCrypt,_,255,255,255,1,Stone,-1,_,_,200,200,50,,,1,5,0.15,UBuilding08,crypt,Crypt,buildings\undead\Crypt\Crypt,1,_,,,,,,,,,_,normal,,,1,_,_,,_,,,,,,,,,_,normal,,,1,_,_,120,60,,0.51,,,,Crypt,,C,Summon |cffffcc00C|rrypt,"Primary troop production building. Trains Ghouls, Crypt Fiends, and Gargoyles. Also contains the upgrades Ghoul Frenzy, Cannibalize, Stone Form, Web and Burrow.",,,ReplaceableTextures\CommandButtons\BTNCrypt.blp,"1,0",,,,,,512,512,,,,,Objects\Spawnmodels\Undead\UCancelDeath\UCancelDeath.mdl,medium,,Crypt,[],UMED,5,,,,1,,,,,,4,,,,,,,,,,,,,,,,,,,,,,,1,9,"ugho,ucry,ugar",UndeadBuildingConstructionLoop,,"Ruac,Ruwb,Rugf,Rusf,Rubu",,,,,,,,,,,,,,,,,,,,,,,,,,,,,,,,,,,,,,,,
uslh,"[""Units\\UnitAbilities.slk:353"", ""Units\\UnitBalance.slk:3304"", ""Units\\UnitData.slk:1854"", ""Units\\UnitUI.slk:3133"", ""Units\\UnitWeapons.slk:3551"", ""Units\\UndeadUnitStrings.txt:165"", ""Units\\UndeadUnitFunc.txt:290""]",,Abgs,_,144,blighted,unbuildable,*,Rgfo,_,,,,,,,,600,900,60,60,,fort,5,,,,none,,1200,1200,,,,,,,135,140,135,140,"undead,Mechanical",,1,,factory,100,PathTextures\12x12Simple.tga,structure,,,60,,_,,3,2,1,1,5,undead,1,,,,,ShadowSlaughterHouse,_,255,255,255,1,Stone,-1,_,_,200,200,50,,,1,4.25,0.15,UBuilding11,slaughterhouse,Slaughterhouse,buildings\undead\Slaughterhouse\Slaughterhouse,1,_,,,,,,,,,_,normal,,,1,_,_,,_,,,,,,,,,_,normal,,,1,_,_,200,60,,0.51,,,,Slaughterhouse,,H,Summon Slaughter|cffffcc00h|rouse,"Produces Abominations, Obsidian Statues, and Meat Wagons. Also contains the Disease Cloud, and Destroyer Form upgrades.",,,ReplaceableTextures\CommandButtons\BTNSlaughterhouse.blp,"3,1",,,,,,512,512,,"unp1,ugrv",,,Objects\Spawnmodels\Undead\UCancelDeath\UCancelDeath.mdl,,,Slaughterhouse,[],UMED,5,,,,1,,,,,,4,,,,,,,,,,,,,,,,,,,,,,,1,9,"umtw,uabo,uobs",UndeadBuildingConstructionLoop,,"Rupc,Rusp,Ruex",,,,,,,,,,,,,,,,,,,,,,,,,,,,,,,,,,,,,,,,
utod,"[""Units\\UnitAbilities.slk:356"", ""Units\\UnitBalance.slk:3328"", ""Units\\UnitData.slk:1869"", ""Units\\UnitUI.slk:3157"", ""Units\\UnitWeapons.slk:3568"", ""Units\\UndeadUnitStrings.txt:120"", ""Units\\UndeadUnitFunc.txt:202""]",,Abgs,_,144,blighted,unbuildable,*,Rgfo,_,,,,,,,,600,900,60,60,,fort,5,,,,none,,1100,1100,,,,,,,140,155,140,155,"undead,Mechanical",,1,,factory,100,PathTextures\12x12Simple.tga,structure,,,60,,_,,3,2,1,1,5,undead,1,,,,,ShadowTempleoftheDamned,_,255,255,255,1,Stone,-1,_,_,200,200,50,,,1,4.25,0.15,UBuilding12,templeofthedamned,TempleOfTheDamned,buildings\undead\TempleOfTheDamned\TempleOfTheDamned,1,_,,,,,,,,,_,normal,,,1,_,_,,_,,,,,,,,,_,normal,,,1,_,_,120,60,,0.51,,,,Temple of the Damned,,T,Summon |cffffcc00T|remple of the Damned,"Spellcaster production building. Trains Necromancers and Banshees. |nAlso contains upgrades for Necromancers, Banshees, Skeletal Longevity, and Skeletal Mastery.",,,ReplaceableTextures\CommandButtons\BTNTempleOfTheDamned.blp,"2,1",,,,,,512,512,,"unp1,ugrv",,,Objects\Spawnmodels\Undead\UCancelDeath\UCancelDeath.mdl,medium,,Temple of the Damned,[],UMED,5,,,,1,,,,,,4,,,,,,,,,,,,,,,,,,,,,,,1,9,"unec,uban",UndeadBuildingConstructionLoop,,"Rune,Ruba,Rusl,Rusm",,,,,,,,,,,,,,,,,,,,,,,,,,,,,,,,,,,,,,,,
utom,"[""Units\\UnitAbilities.slk:359"", ""Units\\UnitBalance.slk:3352"", ""Units\\UnitData.slk:1884"", ""Units\\UnitUI.slk:3181"", ""Units\\UnitWeapons.slk:3585"", ""Units\\UndeadUnitStrings.txt:125"", ""Units\\UndeadUnitFunc.txt:213""]",,"Aall,Abgs,Apit",_,50,blighted,unbuildable,*,Rgfo,_,,,,,,,,750,1000,60,60,,fort,5,,,,none,,475,475,,,,,,,30,130,30,130,"undead,Mechanical",,1,,_,100,PathTextures\12x12Simple.tga,structure,,,60,,_,,3,2,1,1,1,undead,1,,,,,ShadowTombOfRelics,_,255,255,255,1,Wood,-1,_,_,200,200,50,,,1,5.5,0.15,UBuilding15,tombofrelics,TombOfRelics,buildings\undead\TombOfRelics\TombOfRelics,1,_,,,,,,,,,_,normal,,,1,_,_,1,_,,,,,,,,,_,normal,,,1,_,_,120,60,,0.51,,500,,Tomb of Relics,,R,Summon Tomb of |cffffcc00R|relics,"Creates a shop with purchasable items. The items available depend upon what level of upgrade your Necropolis has (Necropolis, Halls of the Dead, or Black Citadel) and which buildings you have.",,,ReplaceableTextures\CommandButtons\BTNTombOfRelics.blp,"2,2",,,,,,,,,,,,Objects\Spawnmodels\Undead\UCancelDeath\UCancelDeath.mdl,medium,,Tomb of Relics,[],UMED,5,,,,2,,,,,,4,,,,,,,,,,,,,,,,,,,,,,,1,,,,,,,,,"rnec,plcl,skul,phea,pman,stwp,ocor,shea",,,,,,,,,,,,,,,,,,,,,,,,,,,,,,,,,,,,
uzg1,"[""Units\\UnitAbilities.slk:362"", ""Units\\UnitBalance.slk:3376"", ""Units\\UnitData.slk:1898"", ""Units\\UnitUI.slk:3205"", ""Units\\UnitWeapons.slk:3604"", ""Units\\UndeadUnitStrings.txt:140"", ""Units\\UndeadUnitFunc.txt:236""]",,Abgs,_,120,blighted,unbuildable,*,Rgfo,_,,,,,,,,800,1600,35,35,,fort,5,,,,none,,550,550,,,,,,,90,295,40,145,"undead,Mechanical",1,1,,buffer,100,PathTextures\6x6SimpleSolid.tga,structure,,,60,,_,,3,2,1,1,3,undead,1,,,,,ShadowZiggurat,_,255,255,255,1,Stone,-1,_,_,200,200,50,15,15,1,4.25,0.15,UBuilding05,ziggurat1,ZigguratUpgrade,buildings\undead\Ziggurat\Ziggurat,1,_,,,,,,,,,_,normal,,,1,_,_,1,_,0.5,0.5,32,29.5,27,6,1,1,missile,pierce,250,700,1,"ground,structure,debris,air,item,ward",_,120,145,,0.51,,900,1,Spirit Tower,,T,Upgrade to Spirit |cffffcc00T|rower,Upgrade to create a defensive structure. |n|n|cffffcc00Attacks land and air units.|r,,,ReplaceableTextures\CommandButtons\BTNZigguratUpgrade.blp,"0,2",Abilities\Weapons\ZigguratMissile\ZigguratMissile.mdl,0.15,900,1,,512,512,,ugrv,,,Objects\Spawnmodels\Undead\UCancelDeath\UCancelDeath.mdl,medium,,Spirit Tower,[],USMA,5,,,,1,,,,,,4,26,,,,,,,,,,,,,,,,,,,,"upgrade,first",,1,15,,UndeadBuildingConstructionLoop,,,10,,,,,,,,,,,,,,,,,,,,,,,,,,,,,,,,,,,,,,,
uzg2,"[""Units\\UnitAbilities.slk:365"", ""Units\\UnitBalance.slk:3402"", ""Units\\UnitData.slk:1913"", ""Units\\UnitUI.slk:3231"", ""Units\\UnitWeapons.slk:3635"", ""Units\\UndeadUnitStrings.txt:145"", ""Units\\UndeadUnitFunc.txt:250""]",,"Abgs,Afra",_,120,blighted,unbuildable,*,Rgfo,_,,,,,,,,800,1600,35,30,,fort,5,,,,none,,550,550,,,,,,,70,250,20,100,"undead,Mechanical",1,1,,buffer,100,PathTextures\6x6SimpleSolid.tga,structure,,,60,,_,,3,2,1,1,3,undead,1,,,,,ShadowZiggurat,_,255,255,255,1,Stone,-1,_,_,200,200,50,15,15,1,4.25,0.15,UBuilding06,frosttower,FrostTower,buildings\undead\Ziggurat\Ziggurat,1,_,,,,,,,,,_,normal,,,1,_,_,1,_,0.5,0.5,12,11.5,11,2,1,1,missile,normal,250,700,1,"ground,structure,debris,air,item,ward",_,120,145,,0.51,,900,1,Nerubian Tower,,N,Upgrade to |cffffcc00N|rerubian Tower,Upgrade to create a defensive structure that deals cold damage and slows enemy units. |n|n|cffffcc00Attacks land and air units.|r,,,ReplaceableTextures\CommandButtons\BTNFrostTower.blp,"1,2",Abilities\Weapons\ZigguratFrostMissile\ZigguratFrostMissile.mdl,0.00,1200,1,,512,512,,,,,Objects\Spawnmodels\Undead\UCancelDeath\UCancelDeath.mdl,medium,,Nerubian Tower,[],USMA,5,,,,1,,,,,,4,10,,,,,,,,,,,,,,,,,,,,"upgrade,second",,1,15,,UndeadBuildingConstructionLoop,,,10,,,,,,,,,,,,,,,,,,,,,,,,,,,,,,,,,,,,,,,
uzig,"[""Units\\UnitAbilities.slk:368"", ""Units\\UnitBalance.slk:3428"", ""Units\\UnitData.slk:1928"", ""Units\\UnitUI.slk:3257"", ""Units\\UnitWeapons.slk:3666"", ""Units\\UndeadUnitStrings.txt:135"", ""Units\\UndeadUnitFunc.txt:227""]",,Abgs,_,120,blighted,unbuildable,*,Rgfo,_,,,,,,,,600,1600,50,50,,fort,5,,,,none,,550,550,,,,,,,50,150,50,150,"undead,Mechanical",,1,,buffer,100,PathTextures\6x6SimpleSolid.tga,structure,,,60,,_,,3,2,1,1,2,undead,1,,,,,ShadowZiggurat,_,255,255,255,1,Stone,-1,_,_,200,200,50,15,15,1,4.25,0.15,UBuilding04,ziggurat,Ziggurat,buildings\undead\Ziggurat\Ziggurat,1,_,,,,,,,,,_,normal,,,1,_,_,,_,,,,,,,,,_,normal,,,1,_,_,120,60,,0.51,,,,Ziggurat,,Z,Summon |cffffcc00Z|riggurat,"Provides food, which increases the maximum number of units that can be trained. Can be upgraded to a defensive structure that attacks land and air units.",,,ReplaceableTextures\CommandButtons\BTNZiggurat.blp,"0,1",,,,,,512,512,,,,,Objects\Spawnmodels\Undead\UCancelDeath\UCancelDeath.mdl,medium,,Ziggurat,[],USMA,5,,,,1,,,,,,4,,,,,,,,,,,,,,,,,,,,,,,1,15,,UndeadBuildingConstructionLoop,,,10,,"uzg1,uzg2",,,,,,,,,,,,,,,,,,,,,,,,,,,,,,,,,,,,,
nfac,"[""Units\\UnitAbilities.slk:371"", ""Units\\UnitBalance.slk:3570"", ""Units\\UnitData.slk:2018"", ""Units\\UnitUI.slk:3283"", ""Units\\UnitWeapons.slk:4026"", ""Units\\NeutralUnitStrings.txt:50"", ""Units\\NeutralUnitFunc.txt:58""]",,ARal,_,48,_,unbuildable,*,_,_,,,,,,,,600,600,50,1,,medium,,,,,none,,300,500,,,,,,,,,,,Mechanical,4,1,,buffer,100,_,structure,,,60,,foot,,0.64,2,1,1,1,other,1,,,,,ShadowHumanBarracks,_,255,155,155,0.9,Wood,-1,_,_,200,200,50,15,15,1,3.3,0.15,clockwerk,pocketfactory,PocketFactory,Units\Creeps\HeroTinkerFactory\HeroTinkerFactory,1,_,,,,,,,,,_,normal,,,1,_,_,1,_,,,,,,,,,_,normal,,,1,_,_,60,225,,0.51,,600,,Мини-зaвoд,,F,Summon Pocket |cffffcc00F|ractory,Factory unit for spawning Clockwerk Goblins via the Pocket Factory ability.,,,ReplaceableTextures\CommandButtons\BTNPocketFactory.blp,,,,,,,,,,,,,,medium,,Мини-зaвoд,"[""vP"", ""eP""]",OMED,5,,,,,,,,,,4,,,,,,,,1,,,,,,,,,,,,,,,,9,,,,,,,,,,,,,,,,,,,,,,,,,,,,,,,,,,,,,,,,,,,,
nfa1,"[""Units\\UnitAbilities.slk:374"", ""Units\\UnitBalance.slk:3534"", ""Units\\UnitData.slk:1988"", ""Units\\UnitUI.slk:3310"", ""Units\\UnitWeapons.slk:4045"", ""Units\\NeutralUnitStrings.txt:55"", ""Units\\NeutralUnitFunc.txt:61""]",,ARal,_,48,_,unbuildable,*,_,_,,,,,,,,600,600,50,1,,medium,,,,,none,,400,1000,,,,,,,,,,,Mechanical,5,1,,buffer,100,_,structure,,,60,,foot,,0.64,2,1,1,1,other,1,,,,,ShadowHumanBarracks,_,255,155,155,0.9,Wood,-1,_,_,200,200,50,15,15,1,3.3,0.15,clockwerk,pocketfactory2,PocketFactory,Units\Creeps\HeroTinkerFactory\HeroTinkerFactory,1,_,,,,,,,,,_,normal,,,1,_,_,1,_,,,,,,,,,_,normal,,,1,_,_,60,225,,0.51,,600,,Мини-зaвoд,,F,Summon Pocket |cffffcc00F|ractory,Factory unit for spawning Clockwerk Goblins via the Pocket Factory ability.,,,ReplaceableTextures\CommandButtons\BTNPocketFactory.blp,,,,,,,,,,,,,,medium,,Мини-зaвoд,"[""vP"", ""eP""]",OMED,5,,,,,,,,,,4,,,,,,,,1,,,,,,,,,,,,,,,,9,,,,,,,,,,,,,,,,,,,,,,,,,,,,,,,,,,,,,,,,,,,,
nfa2,"[""Units\\UnitAbilities.slk:377"", ""Units\\UnitBalance.slk:3552"", ""Units\\UnitData.slk:2003"", ""Units\\UnitUI.slk:3337"", ""Units\\UnitWeapons.slk:4064"", ""Units\\NeutralUnitStrings.txt:60"", ""Units\\NeutralUnitFunc.txt:64""]",,ARal,_,48,_,unbuildable,*,_,_,,,,,,,,600,600,50,1,,medium,,,,,none,,500,1500,,,,,,,,,,,Mechanical,6,1,,buffer,100,_,structure,,,60,,foot,,0.64,2,1,1,1,other,1,,,,,ShadowHumanBarracks,_,255,155,155,0.9,Wood,-1,_,_,200,200,50,15,15,1,3.3,0.15,clockwerk,pocketfactory3,PocketFactory,Units\Creeps\HeroTinkerFactory\HeroTinkerFactory,1,_,,,,,,,,,_,normal,,,1,_,_,1,_,,,,,,,,,_,normal,,,1,_,_,60,225,,0.51,,600,,Мини-зaвoд,,F,Summon Pocket |cffffcc00F|ractory,Factory unit for spawning Clockwerk Goblins via the Pocket Factory ability.,,,ReplaceableTextures\CommandButtons\BTNPocketFactory.blp,,,,,,,,,,,,,,medium,,Мини-зaвoд,"[""vP"", ""eP""]",OMED,5,,,,,,,,,,4,,,,,,,,1,,,,,,,,,,,,,,,,9,,,,,,,,,,,,,,,,,,,,,,,,,,,,,,,,,,,,,,,,,,,,
ndr1,"[""Units\\UnitAbilities.slk:380"", ""Units\\UnitBalance.slk:3453"", ""Units\\UnitData.slk:1943"", ""Units\\UnitUI.slk:3364"", ""Units\\UnitWeapons.slk:3683"", ""Units\\NeutralUnitStrings.txt:41"", ""Units\\NeutralUnitFunc.txt:52""]",,_,_,31,_,_,*,Rguv,_,,,,,,,,600,800,18,18,270,large,1,,,,blight,2,200,200,30,3,15,3,5,,,,,,undead,2,1,,_,100,_,ground,,,60,0.5,foot,1,5.034,,1,1,1,other,1,50,50,120,120,_,Shadow,230,230,230,1,Wood,-1,_,MetalMediumSlice,180,180,20,10,10,1,1,0.15,skeleton,darkminion1,Skeleton,units\undead\Skeleton\Skeleton,1,_,,,,,,,,,_,normal,,,1,_,_,1,_,0.44,0.56,15,14.5,14,2,1,2,normal,normal,250,90,1,"ground,structure,debris,item,ward",MetalMediumSlice,60,60,,0.51,0.5,500,1,Lesser Dark Minion,,,Summon Dark Minion,,,,ReplaceableTextures\CommandButtons\BTNSkeletonWarrior.blp,,,,,,,,,,,,,,,,Lesser Dark Minion,[],_,1,,,,2,,,,,,,13,,,,,,,1,,,,,,,,,,,,,,,,,,,,,,,,,,,,,,,,,,,,,,,,,,,,,,,,,,,,,,,,,,,,
ndr2,"[""Units\\UnitAbilities.slk:383"", ""Units\\UnitBalance.slk:3480"", ""Units\\UnitData.slk:1958"", ""Units\\UnitUI.slk:3394"", ""Units\\UnitWeapons.slk:3715"", ""Units\\NeutralUnitStrings.txt:44"", ""Units\\NeutralUnitFunc.txt:54""]",,_,_,31,_,_,*,Rguv,_,,,,,,,,600,800,18,18,300,large,2,,,,blight,2,260,260,30,3,15,3,5,,,,,,undead,3,1,,_,100,_,ground,,,60,0.5,foot,1,5.034,,1,1,1,other,1,50,50,120,120,_,Shadow,200,200,200,1.2,Wood,-1,_,MetalMediumSlice,180,180,20,10,10,1,1.2,0.15,skeleton,darkminion2,Skeleton,units\undead\Skeleton\Skeleton,1,_,,,,,,,,,_,normal,,,1,_,_,1,_,0.44,0.56,17,16,15,3,1,2,normal,normal,250,90,1,"ground,structure,debris,item,ward",MetalMediumSlice,60,60,,0.51,0.5,500,1,Dark Minion,,,Summon Dark Minion,,,,ReplaceableTextures\CommandButtons\BTNSkeletonWarrior.blp,,,,,,,,,,,,,,,,Dark Minion,[],_,2,,,,2,,,,,,,14,,,,,,,1,,,,,,,,,,,,,,,,,,,,,,,,,,,,,,,,,,,,,,,,,,,,,,,,,,,,,,,,,,,,
ndr3,"[""Units\\UnitAbilities.slk:386"", ""Units\\UnitBalance.slk:3507"", ""Units\\UnitData.slk:1973"", ""Units\\UnitUI.slk:3424"", ""Units\\UnitWeapons.slk:3747"", ""Units\\NeutralUnitStrings.txt:47"", ""Units\\NeutralUnitFunc.txt:56""]",,_,_,31,_,_,*,Rguv,_,,,,,,,,600,800,18,18,330,large,3,,,,blight,2,320,320,30,3,15,3,5,,,,,,undead,4,1,,_,100,_,ground,,,60,0.5,foot,1,5.034,,1,1,1,other,1,50,50,120,120,_,Shadow,150,150,150,1.4,Wood,-1,_,MetalMediumSlice,180,180,20,10,10,1,1.4,0.15,skeleton,darkminion3,Skeleton,units\undead\Skeleton\Skeleton,1,_,,,,,,,,,_,normal,,,1,_,_,1,_,0.44,0.56,19,17.5,16,4,1,2,normal,normal,250,90,1,"ground,structure,debris,item,ward",MetalMediumSlice,60,60,,0.51,0.5,500,1,Greater Dark Minion,,,Summon Dark Minion,,,,ReplaceableTextures\CommandButtons\BTNSkeletonWarrior.blp,,,,,,,,,,,,,,,,Greater Dark Minion,[],_,3,,,,2,,,,,,,15,,,,,,,1,,,,,,,,,,,,,,,,,,,,,,,,,,,,,,,,,,,,,,,,,,,,,,,,,,,,,,,,,,,,
nba2,"[""Units\\UnitAbilities.slk:389"", ""Units\\UnitBalance.slk:3588"", ""Units\\UnitData.slk:2033"", ""Units\\UnitUI.slk:3454"", ""Units\\UnitWeapons.slk:3779"", ""Units\\NeutralUnitStrings.txt:27"", ""Units\\NeutralUnitFunc.txt:36""]",,"ACcr,Adsm,Awrs,ACrf,ACsk",_,48,_,_,"C,O,K",_,_,,,,,,,,800,1400,70,70,270,large,3,1.25,500,500,always,0.5,1600,1600,410,1,70,3,6,6,100,340,100,340,_,8,1,,_,100,_,ground,,1,60,0.4,foot,1,3,3,1,1,8,demon,1,90,90,180,180,_,Shadow,255,255,255,1.3,Stone,-1,_,MetalHeavySlice,210,210,50,10,10,1,2,0.15,zzdemon,doomguardsummoned,DoomGuard,units\demon\DoomGuard\DoomGuard,1,_,0.7,0.5,38.5,35,35,8,1,1.35,normal,chaos,250,128,1,"ground,structure,debris,item,ward",MetalHeavySlice,1,"ground,structure,debris,air",0.7,0.5,48,44.5,41,8,1,1.8,msplash,chaos,250,600,1,air,_,90,60,,0.51,0.5,600,3,Doom Guard,,,Summon Doom Guard,"Heavy ranged unit can cast Dispel Magic, War Stomp, Cripple and Rain of Fire. |n|n|cffffcc00Attacks land and air units.|r",,,ReplaceableTextures\CommandButtons\BTNDoomGuard.blp,,Abilities\Weapons\DemonHunterMissile\DemonHunterMissile.mdl,0.0,900,1,,,,,,,,Objects\Spawnmodels\Demon\DemonLargeDeathExplode\DemonLargeDeathExplode.mdl,medium,,Doom Guard,[],_,3,,440,,2,500,,,,,,40,,34,,,,,1,,,,,,50,150,250,0.5,0.25,,,,,,,,,,,,,,,,,,,,,,,,,,,,,,,,,,,,,,,,,,,,,,,,,,
ninf,"[""Units\\UnitAbilities.slk:392"", ""Units\\UnitBalance.slk:3625"", ""Units\\UnitData.slk:2050"", ""Units\\UnitUI.slk:3484"", ""Units\\UnitWeapons.slk:3827"", ""Units\\NeutralUnitStrings.txt:23"", ""Units\\NeutralUnitFunc.txt:33""]",,"ACmi,ANpi,ACrk",_,24,_,_,"C,O,K",_,_,,,,,,,,600,600,80,80,320,large,6,,,,always,1,1500,1500,410,1,70,3,6,1,120,385,120,385,_,8,1,,_,100,_,ground,,1,60,0.4,foot,1,3,2,1,1,1,demon,1,100,100,200,200,_,Shadow,255,255,255,0.8,Stone,-1,_,RockHeavyBash,200,200,50,10,10,1,2.5,0.15,zzdemon,infernal,Infernal,units\demon\Infernal\Infernal,1,_,,,,,,,,,_,normal,,,1,_,_,1,_,0.74,0.26,60,54.5,49,12,1,1.35,normal,chaos,250,100,1,"ground,structure,debris,item,ward,tree",RockHeavyBash,100,60,,0.51,0.3,500,1,Infernal,,,Summon Infernal,Heavy melee unit cloaked in demonic flames that damage nearby enemy ground units. Immune to magic. |n|n|cffffcc00Attacks land units.|r,,,ReplaceableTextures\CommandButtons\BTNInfernal.blp,,,,,,,,,,,,,,large,,Infernal,[],_,6,,440,,2,,,,,,,48,,,,,,,,,,,,,,,,,,,,,,,,,,,,,,,,,,,,,,,,,,,,,,,,,,,,,,,,,,,,,,,,,,,
nsbs,"[""Units\\UnitAbilities.slk:395"", ""Units\\UnitBalance.slk:3658"", ""Units\\UnitData.slk:2067"", ""Units\\UnitUI.slk:3513"", ""Units\\UnitWeapons.slk:3899"", ""Units\\CampaignUnitStrings.txt:10"", ""Units\\CampaignUnitFunc.txt:27""]",,Asb3,_,32,_,_,*,"Rguv,Rnam,Rnat,Rnsb",_,,,,,,,,800,1400,26,26,,medium,,,,,always,1,500,500,160,3,7,3,1,3,25,200,25,200,_,3,1,,_,100,_,ground,2,,60,0.5,amph,1,2.67,3,1,1,2,naga,1,50,50,140,140,_,_,120,255,255,1,Flesh,-1,_,_,250,250,50,10,45,1,1.75,0.15,naga,snapdragonmorph,SnapDragon,units\naga\SnapDragon\SnapDragon,1,_,,,,,,,,,_,normal,,,1,_,_,1,_,,,,,,,,,_,normal,,,1,_,_,60,60,10,0.51,0.5,500,,Submerged Snap Dragon,,D,Train Snap |cffffcc00D|rragon,"Light ranged unit that has a poison attack which slows and damages enemy units. Has the Submerge ability, which allows this unit to hide in water. |n|n|cffffcc00Attacks land and air units.|r",,,ReplaceableTextures\CommandButtons\BTNSnapDragon.blp,"0,0",Abilities\Weapons\snapMissile\snapMissile.mdl,0.0,1900,,,,,,,,,Objects\Spawnmodels\Orc\OrcSmallDeathExplode\OrcSmallDeathExplode.mdl,,,Submerged Snap Dragon,[],_,,,60,,2,,,,,,,,-48,,,,,,1,,,,,,,,,,,,,,,,,,,,,,,,,,,,,,,,,,,,,,1,,,,,,,,,,,,,,,,,,,,,,
nsca,"[""Units\\UnitAbilities.slk:398"", ""Units\\UnitBalance.slk:3688"", ""Units\\UnitData.slk:2084"", ""Units\\UnitUI.slk:3544"", ""Units\\UnitWeapons.slk:3921"", ""Units\\NeutralUnitStrings.txt:3"", ""Units\\NeutralUnitFunc.txt:3""]",,_,_,32,_,_,"D,N,G",_,_,,,,,,,,800,1400,20,20,270,large,,,,,always,0.5,180,180,60,1,3,3,1,1,,85,,85,undead,1,1,,_,100,_,ground,2,,60,0.5,foot,1,5.03,,1,1,1,creeps,1,60,60,120,120,_,Shadow,255,255,255,1,Wood,-1,_,_,180,180,20,10,10,1,1,0.15,zSkeletonArcher,skeletalarchersummoned,SkeletonArcher,units\creeps\SkeletonArcher\SkeletonArcher,1,_,,,,,,,,,_,normal,,,1,_,_,1,_,0.3,0.7,15,14,13,3,1,1.8,missile,pierce,250,500,1,"ground,structure,debris,air,item,ward",_,60,60,-11,0.51,0.5,600,1,Skeleton Archer,,,Hire Skeleton Archer,Light ranged unit. |n|n|cffffcc00Attacks land and air units.|r,,,ReplaceableTextures\CommandButtons\BTNSkeletonArcher.blp,,Abilities\Weapons\Arrow\ArrowMissile.mdl,0.15,900,,,,,,,,,,,,Skeleton Archer,[],_,,,440,,2,,,,,,,12,74,,,,,,1,,,,,,,,,,,,,,,,,,,,,,,,,,,,,,,,,,,,,,,,,,,,,,,,,,,,,,,,,,,,
nsnp,"[""Units\\UnitAbilities.slk:401"", ""Units\\UnitBalance.slk:3717"", ""Units\\UnitData.slk:2100"", ""Units\\UnitUI.slk:3574"", ""Units\\UnitWeapons.slk:3955"", ""Units\\CampaignUnitStrings.txt:5"", ""Units\\CampaignUnitFunc.txt:18""]",,"Aspo,Asb3",_,32,_,_,*,"Rguv,Rnam,Rnat,Rnsb",_,,,,,,,,800,1400,26,26,350,medium,,,,,always,1,500,500,160,3,7,3,1,3,25,200,25,200,_,3,1,,_,100,_,ground,2,,60,0.5,amph,1,2.67,3,1,1,2,naga,1,50,50,140,140,_,Shadow,120,255,255,1,Flesh,-1,_,WoodHeavyBash,250,250,50,10,45,1,2,0.15,naga,snapdragon,SnapDragon,units\naga\SnapDragon\SnapDragon,1,_,,,,,,,,,_,normal,,,1,_,_,1,_,0.7,0.3,29,27,25,5,1,2,missile,pierce,250,550,1,"ground,air,structure,debris,item,ward",_,60,30,,0.51,0.5,700,1,Snap Dragon,,D,Train Snap |cffffcc00D|rragon,"Light ranged unit that has a poison attack which slows and damages enemy units. Has the Submerge ability, which allows this unit to hide in water. |n|n|cffffcc00Attacks land and air units.|r",,,ReplaceableTextures\CommandButtons\BTNSnapDragon.blp,"0,0",Abilities\Weapons\snapMissile\snapMissile.mdl,0.0,1900,,,,,,,,,Objects\Spawnmodels\Orc\OrcSmallDeathExplode\OrcSmallDeathExplode.mdl,medium,,Snap Dragon,[],_,,,60,,2,,,,,,,24,,,,,,,,,,,,,,,,,,,,,,,,,,,,,,,,nsbs,,,,,,,,,,,,,1,10,,,,,,,,,,,,,,,,,,,,,
nfro,"[""Units\\UnitAbilities.slk:404"", ""Units\\UnitBalance.slk:3748"", ""Units\\UnitData.slk:2117"", ""Units\\UnitUI.slk:3604"", ""Units\\UnitWeapons.slk:3988"", ""Units\\NeutralUnitStrings.txt:65"", ""Units\\NeutralUnitFunc.txt:67""]",,Awan,_,16,_,_,"A,L,F,W,D,Z,G,V,Q,X,J,Y,C",_,_,,,,,,,,350,350,1,1,100,medium,,,,,always,0.5,15,15,,,,,,,,,,,_,,1,,_,100,_,ground,4,,60,0.5,foot,1,2,3,1,1,1,critters,1,25,25,50,50,_,Shadow,255,255,255,1,Flesh,-1,_,_,100,100,20,60,60,1,0.9,0.15,animal,frog,Frog,units\critters\Frog\Frog,1,_,,,,,,,,,_,normal,,,1,_,_,1,_,,,,,,,,,_,normal,,,1,_,_,60,60,,0.51,,500,,Frog,,,Invoke Frog,Call upon the spirit of fearsome Frog to save you.,,,ReplaceableTextures\CommandButtons\BTNHex.blp,"0,0",,,,,,,,,,,,Objects\Spawnmodels\Orc\OrcSmallDeathExplode\OrcSmallDeathExplode.mdl,,,Frog,[],_,,,,,2,,,,,,,,,,,,,,,,,,,,,,,,,,,,,,,,,,,,,,,,,,,,,,,,,,,,,,100,,,,,,,,,,,,,,,,,,,,
now2,"[""Units\\UnitAbilities.slk:407"", ""Units\\UnitBalance.slk:3768"", ""Units\\UnitData.slk:2134"", ""Units\\UnitUI.slk:3633"", ""Units\\UnitWeapons.slk:3859"", ""Units\\NeutralUnitStrings.txt:37"", ""Units\\NeutralUnitFunc.txt:48""]",,"Avul,ACmi,Adtg",_,16,_,_,"I,N",_,_,,,,,,,,1500,1500,1,1,350,medium,,,,,always,0.5,40,40,,,,,,,,,,,_,,1,,_,100,_,air,4,,61,0.5,fly,1,3,,1,1,1,nightelf,1,30,30,60,60,_,ShadowFlyer,255,255,255,1.2,Flesh,-1,_,_,300,300,20,25,33,1,1.2,0.15,animal,owl2,owl,units\nightelf\OwlSCOUT\OwlSCOUT,1,_,,,,,,,,,_,normal,,,1,_,_,1,_,,,,,,,,,_,normal,,,1,_,_,100,60,,0.61,0.56,500,,Owl Scout,,,,,,,ReplaceableTextures\CommandButtons\BTNScout.blp,,,,,,,,,,,,,,,,Owl Scout,[],_,,,,1,2,,90,240,,230,,,,,,,,,1,,,,,,,,,,,,,,,,,,,,,,,,,,,,,,,,,,,,,,,,,,,,,,,,,,,,,,,,,,,,
now3,"[""Units\\UnitAbilities.slk:410"", ""Units\\UnitBalance.slk:3788"", ""Units\\UnitData.slk:2152"", ""Units\\UnitUI.slk:3664"", ""Units\\UnitWeapons.slk:4007"", ""Units\\NeutralUnitStrings.txt:39"", ""Units\\NeutralUnitFunc.txt:50""]",,"Avul,ACmi,Adtg",_,16,_,_,"I,N",_,_,,,,,,,,2200,2200,1,1,400,medium,,,,,always,0.5,40,40,,,,,,,,,,,_,,1,,_,100,_,air,4,,61,0.5,fly,1,3,,1,1,1,nightelf,1,30,30,60,60,_,ShadowFlyer,255,255,255,1.2,Flesh,-1,_,_,300,300,20,25,33,1,1.2,0.15,animal,owl3,owl,units\nightelf\OwlSCOUT\OwlSCOUT,1,_,,,,,,,,,_,normal,,,1,_,_,1,_,,,,,,,,,_,normal,,,1,_,_,60,60,,0.51,,500,,Owl Scout,,,,,,,ReplaceableTextures\CommandButtons\BTNScout.blp,,,,,,,,,,,,,,,,Owl Scout,[],_,,,,1,2,,90,240,,230,,,,,,,,,1,,,,,,,,,,,,,,,,,,,,,,,,,,,,,,,,,,,,,,,,,,,,,,,,,,,,,,,,,,,,
nowl,"[""Units\\UnitAbilities.slk:413"", ""Units\\UnitBalance.slk:3808"", ""Units\\UnitData.slk:2170"", ""Units\\UnitUI.slk:3695"", ""Units\\UnitWeapons.slk:3879"", ""Units\\NeutralUnitStrings.txt:35"", ""Units\\NeutralUnitFunc.txt:46""]",,"Avul,ACmi,Adtg",_,16,_,_,"I,N",_,_,,,,,,,,1000,1000,1,1,270,medium,,,,,always,0.5,40,40,,,,,,,,,,,_,,1,,_,100,_,air,4,,61,0.5,fly,1,3,,1,1,1,nightelf,1,30,30,60,60,_,ShadowFlyer,255,255,255,1.2,Flesh,-1,_,_,300,300,20,25,33,1,1.2,0.15,animal,owl,owl,units\nightelf\OwlSCOUT\OwlSCOUT,1,_,,,,,,,,,_,normal,,,1,_,_,1,_,,,,,,,,,_,normal,,,1,_,_,100,60,,0.51,0.75,500,,Owl Scout,,,,,,,ReplaceableTextures\CommandButtons\BTNScout.blp,,,,,,,,,,,,,,,,Owl Scout,[],_,,,,1,2,,90,240,,230,,,,,,,,,1,,,,,,,,,,,,,,,,,,,,,,,,,,,,,,,,,,,,,,,,,,,,,,,,,,,,,,,,,,,,
nsha,"[""Units\\UnitAbilities.slk:416"", ""Units\\UnitBalance.slk:3828"", ""Units\\UnitData.slk:2188"", ""Units\\UnitUI.slk:3726"", ""Units\\UnitWeapons.slk:4083"", ""Units\\NeutralUnitStrings.txt:11"", ""Units\\NeutralUnitFunc.txt:24""]",,Awan,_,16,_,_,"L,F,W,Y,X,V,Q,J",_,_,,,,,,,,350,350,1,1,100,medium,,,,,always,0.5,15,15,,,,,,,,,,,_,,1,,_,100,_,ground,4,,60,0.5,amph,1,3,3,1,1,1,critters,1,30,30,60,60,_,Shadow,255,255,255,1.2,Flesh,-1,_,_,110,110,20,10,45,1,0.9,0.15,animal,amphibioussheep,Sheep,units\critters\Sheep\Sheep,1,_,,,,,,,,,_,normal,,,1,_,_,1,_,,,,,,,,,_,normal,,,1,_,_,60,60,,0.51,,500,,Sheep,,,Invoke Sheep,Call upon the spirit of Sheep to save you.,,,ReplaceableTextures\CommandButtons\BTNSheep.blp,,,,,,,,,,,,,Objects\Spawnmodels\Orc\OrcSmallDeathExplode\OrcSmallDeathExplode.mdl,,,Sheep,[],_,,,,,2,,,,,,,,,,,,,,1,,,,,,,,,,,,,,,,,,,,,,,,,,,,,,,,,,,,,,1,,100,SheepRandomSounds,,,,,,,,,,,,,,,,,,,
nshe,"[""Units\\UnitAbilities.slk:419"", ""Units\\UnitBalance.slk:3848"", ""Units\\UnitData.slk:2205"", ""Units\\UnitUI.slk:3757"", ""Units\\UnitWeapons.slk:4102"", ""Units\\NeutralUnitStrings.txt:7"", ""Units\\NeutralUnitFunc.txt:17""]",,Awan,_,16,_,_,"L,F,W,Y,X,V,Q,J",_,_,,,,,,,,350,350,1,1,100,medium,,,,,always,0.5,15,15,,,,,,,,,,,_,,1,,_,100,_,ground,4,,60,0.5,foot,1,3,3,1,1,1,critters,1,30,30,60,60,_,Shadow,255,255,255,1.2,Flesh,-1,_,_,110,110,20,10,45,1,0.9,0.15,animal,sheep,Sheep,units\critters\Sheep\Sheep,1,_,,,,,,,,,_,normal,,,1,_,_,1,_,,,,,,,,,_,normal,,,1,_,_,60,60,,0.51,,500,,Sheep,,,Invoke Sheep,Call upon the spirit of Sheep to save you.,,,ReplaceableTextures\CommandButtons\BTNSheep.blp,,,,,,,,,,,,,Objects\Spawnmodels\Orc\OrcSmallDeathExplode\OrcSmallDeathExplode.mdl,,,Sheep,[],_,,,,,2,,,,,,,,,,,,,,,,,,,,,,,,,,,,,,,,,,,,,,,,,,,,,,,,,,,,,,100,SheepRandomSounds,,,,,,,,,,,,,,,,,,,
nshf,"[""Units\\UnitAbilities.slk:422"", ""Units\\UnitBalance.slk:3868"", ""Units\\UnitData.slk:2222"", ""Units\\UnitUI.slk:3786"", ""Units\\UnitWeapons.slk:4121"", ""Units\\NeutralUnitStrings.txt:19"", ""Units\\NeutralUnitFunc.txt:21""]",,Awan,_,16,_,_,_,_,_,,,,,,,,350,350,1,1,100,medium,,,,,always,0.5,15,15,,,,,,,,,,,_,,1,,_,100,_,air,4,,61,0.5,fly,1,3,,1,1,1,critters,1,30,30,60,60,_,ShadowFlyer,255,255,255,1.2,Flesh,-1,_,_,110,110,20,25,33,1,0.8,0.15,animal,flyingsheep,Sheep,units\critters\FlyingSheep\FlyingSheep,1,_,,,,,,,,,_,normal,,,1,_,_,1,_,,,,,,,,,_,normal,,,1,_,_,60,60,,0.51,,500,,Flying Sheep,,,Invoke Uber Sheep,Call upon the Uber Sheep to save you.,,,ReplaceableTextures\CommandButtons\BTNSheep.blp,,,,,,,,,,,,,,,,Flying Sheep,[],_,,,,1,2,,90,240,,230,,,,,,,,,1,,,,,,,,,,,,,,,,,,,,,,,,,,,,,,,,,,,,,,,,100,SheepRandomSounds,,,,,,,,,,,,,,,,,,,
nshw,"[""Units\\UnitAbilities.slk:425"", ""Units\\UnitBalance.slk:3889"", ""Units\\UnitData.slk:2240"", ""Units\\UnitUI.slk:3817"", ""Units\\UnitWeapons.slk:4140"", ""Units\\NeutralUnitStrings.txt:15"", ""Units\\NeutralUnitFunc.txt:28""]",,Awan,_,16,_,_,"L,F,W,Y,X,V,Q,J",_,_,,,,,,,,350,350,1,1,100,medium,,,,,always,0.5,15,15,,,,,,,,,,,_,,1,,_,100,_,ground,4,,60,0.5,float,1,3,3,1,1,1,critters,1,30,30,60,60,_,Shadow,255,255,255,1.2,Flesh,-1,_,_,110,110,20,10,45,1,0.9,0.15,animal,watersheep,Sheep,units\critters\Sheep\Sheep,1,_,,,,,,,,,_,normal,,,1,_,_,1,_,,,,,,,,,_,normal,,,1,_,_,60,60,,0.51,,500,,Sheep,,,Invoke Sheep,Call upon the spirit of Sheep to save you.,,,ReplaceableTextures\CommandButtons\BTNSheep.blp,,,,,,,,,,,,,Objects\Spawnmodels\Orc\OrcSmallDeathExplode\OrcSmallDeathExplode.mdl,,,Sheep,[],_,,,,1,2,,,,,,,,,,,,,,1,,,,,,,,,,,,,swim,,,,,,,,,,,,,,,,,,,,,,,,,1,,100,SheepRandomSounds,1,,,,,,,,,,,,,,,,,,
nwgt,"[""Units\\UnitAbilities.slk:428"", ""Units\\UnitBalance.slk:3911"", ""Units\\UnitData.slk:2257"", ""Units\\UnitUI.slk:3848"", ""Units\\UnitWeapons.slk:4159"", ""Units\\NeutralUnitStrings.txt:31"", ""Units\\NeutralUnitFunc.txt:44""]",,"Awrp,Avul",_,50,_,_,*,_,_,,,,,,,,500,500,3,3,,fort,,,,,none,,150000,150000,,,,,,,,50,,50,"Mechanical,neutral,standon",,1,,_,100,PathTextures\Waygate.tga,structure,,,60,,_,,3,2,1,1,1,other,1,,,,,BuildingShadowLarge,_,255,255,255,1,Stone,-1,_,_,200,200,50,,,1,3.5,0.15,Neutral08,waygate,Waygate,buildings\other\Waygate\Waygate,1,_,,,,,,,,,_,normal,,,1,_,_,1,_,,,,,,,,,_,normal,,,1,_,_,120,60,,0.51,,500,,Way Gate,,,Build Way Gate,,,,ReplaceableTextures\CommandButtons\BTNWaygate.blp,,,,,,,,,,,,,,,,Way Gate,[],HMED,,,,,2,,,,,,4,,,,,,,,,,,,,,,,,,,,,,,1,,,,,,,,,,,,,,,,,,,,,,,,,,,,1,1,Teleports units to a sister Way Gate.,,,,,,,,,,,,,,,
nmdm,"[""Units\\UnitAbilities.slk:431"", ""Units\\UnitBalance.slk:3931"", ""Units\\UnitData.slk:2271"", ""Units\\UnitUI.slk:3874"", ""Units\\UnitWeapons.slk:4178"", ""Units\\CampaignUnitStrings.txt:3"", ""Units\\CampaignUnitFunc.txt:8""]",,Amrf,_,32,_,_,*,_,_,,,,,,,,800,1400,22,22,240,large,,0.5,75,200,night,0.5,280,280,30,3,25,3,7,,,185,,185,_,2,1,,_,100,_,air,2,1,61,0.6,fly,1,3,,1,1,6,human,1,50,50,100,100,_,Shadow,255,255,255,1,Flesh,-1,_,_,200,200,50,25,33,1,1.25,0.15,HUnit23,medivhmorphed,Medivh,units\creeps\Medivh\Medivh,1,_,,,,,,,,,_,normal,,,1,_,_,1,_,0.49,0.6,24,16.5,9,16,1,1.1,missile,pierce,250,600,1,"ground,structure,debris,air,item,ward",_,60,60,,0.51,0.3,600,1,Medivh,,,,,,,ReplaceableTextures\CommandButtons\BTNRavenForm.blp,,Abilities\Weapons\DruidoftheTalonMissile\DruidoftheTalonMissile.mdl,0.15,900,1,,,,,,,,Objects\Spawnmodels\Human\HumanLargeDeathExplode\HumanLargeDeathExplode.mdl,,,Medivh,[],_,,,,1,2,200,90,240,,230,2,8,,,,,,,1,,,,,,,,,,,,,alternateex,,,,,,,,,,,,,alternate,alternate,,,,,,,,,,,,,,,,,,,,,,,,,,,,,,,,,
nmed,"[""Units\\UnitAbilities.slk:434"", ""Units\\UnitBalance.slk:3963"", ""Units\\UnitData.slk:2290"", ""Units\\UnitUI.slk:3906"", ""Units\\UnitWeapons.slk:4210"", ""Units\\CampaignUnitStrings.txt:1"", ""Units\\CampaignUnitFunc.txt:1""]",,Amrf,_,32,_,_,*,_,_,,,,,,,,800,1400,22,22,240,large,,0.5,75,200,night,0.5,280,280,30,3,25,3,7,,,185,,185,_,2,1,,_,100,_,ground,2,,60,0.6,foot,1,3,3,1,1,6,human,1,50,50,100,100,_,Shadow,255,255,255,1,Flesh,-1,_,_,200,200,50,10,10,1,1.25,0.15,HUnit22,medivh,Medivh,units\creeps\Medivh\Medivh,1,_,,,,,,,,,_,normal,,,1,_,_,1,_,0.49,0.6,24,16.5,9,16,1,1.1,missile,pierce,250,600,1,"ground,structure,debris,air,item,ward",_,60,60,,0.51,0.3,600,1,Medivh,,,,,,,ReplaceableTextures\CommandButtons\BTNMedivh.blp,,Abilities\Weapons\DruidoftheTalonMissile\DruidoftheTalonMissile.mdl,0.15,900,1,,,,,,,,Objects\Spawnmodels\Human\HumanLargeDeathExplode\HumanLargeDeathExplode.mdl,,,Medivh,[],_,,,,,2,200,,,,,,8,,,,,,,,,,,,,,,,,,,,,,,,,,,,,,,,,,,,,,,,,,,,,,,,,,,,,,,,,,,,,,,,,,,
O000,"[""Units\\UnitAbilities.slk:437"", ""Units\\UnitBalance.slk:3994"", ""Units\\UnitData.slk:2307"", ""Units\\UnitUI.slk:3935"", ""Units\\UnitWeapons.slk:4242"", ""Units\\OrcUnitStrings.txt:12"", ""Units\\OrcUnitFunc.txt:18""]","A0LB,A000,A0BH,A004,A001",AInv,_,24,_,_,*,"R000,R001,R002,R003,R004,R005,R006,R008",STR,6,2,2,3,5,10,20,600,600,55,55,240,hero,2,0.05,100,210,always,1.2,725,465,1,1,50,3,8,,,,,,_,5,1,1,_,100,_,ground,,1,60,0.4,foot,1,2,2,1,1,9,human,1,75,75,230,230,_,Shadow,255,255,255,0.85,Flesh,-1,_,MetalHeavyChop,180,180,50,10,10,1,1.4,0.3,OHero03,Custom_O000,HeroTaurenChieftain,units\orc\HeroTaurenChieftain\HeroTaurenChieftain,1,_,0.97,0.36,8,5,2,4,2,2.13,missile,hero,250,500,1,"ground,structure,debris,air,item,ward",_,1,_,0.97,0.36,12,7,2,11,2,1.9,normal,hero,250,120,1,"ground,structure,debris,air,item,ward",MetalHeavyChop,100,60,20,0.6,0.47,500,1,Вождь Минотавров,Тayp,R,|cffffcc00В о ж д ь    М и н o т a в p о в |r (R),"Тayp - знaмeнитый вождь минoтaвpов. Cпocoбeн нaнocить ypoн cpaзy нecкoльким пpoтивникaм - |cff808070сила минотавра|R, cпocoбeн нaвoдить yжac cpeди вpaгoв, тeм caмым cнижaя зaщитy - |cff808070cтpaх|R, и yдapять пo зeмлe - |cff808070yдap гpoмa|R, зaмeдляя и нaнocя ypoн. Дocтигнyв пятoгo ypoвня, вождь минoтaвpов cпocoбeн пpизывaть |cff808070дyхoв-хpaнитeлeй|R, нaнocящих бoльшoй ypoн вceм вpaгaм.|n|Cffff0000|nCкopocть пepeмeщeния 240.|nТип атаки - ближний бoй.|R",Вocкpecить |cffffcc00В о ж д я    М и н o т a в p о в |r,Вocкpecить |cffffcc00В о ж д я    М и н o т a в p о в |r,ReplaceableTextures\CommandButtons\BTNHeroTaurenChieftain.blp,"3,0",,,,,,,,0,,,,Objects\Spawnmodels\Orc\OrcLargeDeathExplode\OrcLargeDeathExplode.mdl,large,UI\Glues\ScoreScreen\scorescreen-hero-taurenchieftain.blp,Вождь Минотавров,"[""mH"", ""qH"", ""nQ"", ""OQ"", ""p8"", ""P8"", ""t8""]",_,4,,1,,2,75,,,,,,,60,,,,,,,,,,,,,,,,,,,,,,,,,,,,,,,,,,,,,,,,,,,,,,,,,,,,10,,,,,,,,,,,,,,
n001,"[""Units\\UnitAbilities.slk:441"", ""Units\\UnitBalance.slk:4033"", ""Units\\UnitData.slk:2325"", ""Units\\UnitUI.slk:3964"", ""Units\\UnitWeapons.slk:4286"", ""Units\\NeutralUnitStrings.txt:69"", ""Units\\NeutralUnitFunc.txt:71""]",,"A0K4,Aneu,Avul,Apit",_,,_,_,*,_,_,,,,,,,,500,500,3,3,,fort,,,,,none,,150000,150000,,,,,,,,50,,50,"Mechanical,neutral",,1,,_,100,_,structure,,,60,,_,,3,,1,1,1,other,1,,,,,_,_,255,255,255,0.9,Wood,-1,_,_,200,200,50,,,1,0.1,0.15,Neutral02,Custom_n001,Merchant,null,1,_,,,,,,,,,_,normal,,,1,_,_,1,_,,,,,,,,,_,normal,,,1,_,_,120,60,,0.51,,500,,Эликcиpы и нaпитки,,,Эликcиpы и нaпитки,,,,ReplaceableTextures\CommandButtons\BTNVoodooLounge.blp,,,,,,,,,,,,,,,,Эликcиpы и нaпитки,"[""nQ""]",_,,,,,2,,,,,,4,,,,,,,,,,,,,,,,,,,,,,,,,,,,,,,,,,,,,,,,,,,,,,,,,,,1,,Sells various magic items.,,1,1,"I06C,I06D,I06F,I06G,I067,I06N,I06E,I068,I06P,I066",n03R,,,,,,,,,,
H000,"[""Units\\UnitAbilities.slk:444"", ""Units\\UnitBalance.slk:4052"", ""Units\\UnitData.slk:2338"", ""Units\\UnitUI.slk:3990"", ""Units\\UnitWeapons.slk:4305"", ""Units\\HumanUnitStrings.txt:194"", ""Units\\HumanUnitFunc.txt:363""]","A0TP,A0EB,A008,A09F,A001",AInv,_,24,_,_,*,"R000,R001,R002,R003,R004,R005,R006,R008",AGI,6,3.1,2.2,2.3,23,8,4,600,600,55,55,275,hero,3.1,0.05,100,285,always,1,450,500,1,1,50,3,8,,,,,,_,5,1,1,_,100,_,ground,2,4,60,0.5,foot,1,2.8,2,1,1,9,human,1,75,75,190,190,_,Shadow,255,255,255,1,Flesh,-1,_,_,260,260,30,10,45,1,1.27,0.15,HHero02,Custom_H000,DarkRanger,Units\Creeps\BansheeRanger\BansheeRanger,1,_,0.85,0.55,8,5,2,4,2,1.9,missile,hero,250,850,1,"ground,structure,debris,air,item,ward",_,1,_,0.3,0.7,8,5,2,9,1,1.9,missile,hero,250,550,1,"ground,structure,debris,air,item,ward",_,60,66,15,2.4,0.3,650,1,Тeмнaя Лyчницa,Шeaл,E,|cffffcc00Т е м н а я   Л y ч н и ц a |r (E),"Шeaл никoгдa нe paccтaeтcя c кoлчaнoм |cff808070чepных cтpeл|R, cпocoбных oживить убитого и зacтaвить eгo cpaжaтьcя зa лyчницy. У Шeaл тaкжe ecть |cff808070шипастый оберег|R, дeйcтвyющий нa близcтoящих coюзникoв. В ocoбo жapкoм бoю мoжeт вocпoльзoвaтьcя cвoими |cff808070мaгичecкими cтpeлaми|R, кoтopыe мoгyт нecлaбo пoкaлeчить пpoтивникoв. Дocтигнyв пятoгo ypoвня cпocoбнa впасть в |cff808070ярость|R получив дoпoлнитeльный ypoн и здopoвьe.|n|Cffff0000|nCкopocть пepeмeщeния 275.|nТип атаки - дaльний бoй. (550)|R",Вocкpecить |cffffcc00Т е м н у ю   Л y ч н и ц y |r,Вocкpecить |cffffcc00Т е м н у ю   Л y ч н и ц y |r,ReplaceableTextures\CommandButtons\BTNBansheeRanger.blp,"2,0",Abilities\Weapons\Arrow\ArrowMissile.mdl,0.15,1200,0,,0,0,0,,,,,medium,UI\Glues\ScoreScreen\scorescreen-hero-bansheeranger.blp,Тeмнaя Лyчницa,"[""mH"", ""qH"", ""ModWarBalance"", ""nQ"", ""OQ"", ""bvv""]",,1,,1,,2,75,,,,,,,,,,,,,,,,,,,,,,,,,,,,,,,,,,,,,,H00G,,,,,,,,,,,,,,,,,,,,,10,,,,,,,,,,,,,,
n004,"[""Units\\UnitAbilities.slk:448"", ""Units\\UnitBalance.slk:4091"", ""Units\\UnitData.slk:2357"", ""Units\\UnitUI.slk:4018"", ""Units\\UnitWeapons.slk:4348"", ""Units\\NeutralUnitStrings.txt:73"", ""Units\\NeutralUnitFunc.txt:75""]",,"A0K4,Aneu,Avul,Apit",_,,_,_,*,_,_,,,,,,,,500,500,3,3,,fort,,,,,none,,150000,150000,,,,,,,,50,,50,"Mechanical,neutral",,1,,_,100,_,structure,,,60,,_,,3,,1,1,1,other,1,,,,,_,_,255,255,255,0.8,Wood,-1,_,_,200,200,50,,,1,0.1,0.15,Neutral02,Custom_n004,Merchant,null,1,_,,,,,,,,,_,normal,,,1,_,_,1,_,,,,,,,,,_,normal,,,1,_,_,120,60,,0.51,,500,,Бaзoвыe пpeдмeты 1,,,Бaзoвыe пpeдмeты 1,,,,ReplaceableTextures\CommandButtons\BTNBlacksmith.blp,,,,,,,,,,,,,,,,Бaзoвыe пpeдмeты 1,"[""nQ""]",_,,,,,2,,,,,,4,,,,,,,,,,,,,,,,,,,,,,,,,,,,,,,,,,,,,,,,,,,,,,,,,,,1,,Sells various magic items.,,1,1,"I04V,I04J,I04M,I04W,I04H,I04Q,I08P",n03R,,,,,,,,,,
n005,"[""Units\\UnitAbilities.slk:451"", ""Units\\UnitBalance.slk:4110"", ""Units\\UnitData.slk:2370"", ""Units\\UnitUI.slk:4044"", ""Units\\UnitWeapons.slk:4367"", ""Units\\NeutralUnitStrings.txt:77"", ""Units\\NeutralUnitFunc.txt:79""]",,"A0K4,Aneu,Avul,Apit",_,,_,_,*,_,_,,,,,,,,500,500,3,3,,fort,,,,,none,,150000,150000,,,,,,,,50,,50,"Mechanical,neutral",,1,,_,100,_,structure,,,60,,_,,3,,1,1,1,other,1,,,,,_,_,255,255,255,0.8,Wood,-1,_,_,200,200,50,,,1,0.1,0.15,Neutral02,Custom_n005,Merchant,null,1,_,,,,,,,,,_,normal,,,1,_,_,1,_,,,,,,,,,_,normal,,,1,_,_,120,60,,0.51,,500,,Opyжeйнaя 1,,,Пpeдмeты пoдхoдящиe вceм.,,,,ReplaceableTextures\CommandButtons\BTNHuntersHall.blp,,,,,,,,,,,,,,,,Opyжeйнaя 1,"[""nQ""]",_,,,,,2,,,,,,4,,,,,,,,,,,,,,,,,,,,,,,,,,,,,,,,,,,,,,,,,,,,,,,,,,,1,,Sells various magic items.,,1,1,"I032,I037,I02Y,I038,I036,I02S,I0A4,I02R,I02Z,I02T,I02U",n03R,,,,,,,,,,
n006,"[""Units\\UnitAbilities.slk:454"", ""Units\\UnitBalance.slk:4129"", ""Units\\UnitData.slk:2383"", ""Units\\UnitUI.slk:4070"", ""Units\\UnitWeapons.slk:4386"", ""Units\\NeutralUnitStrings.txt:81"", ""Units\\NeutralUnitFunc.txt:83""]",,"A0K4,Aneu,Avul,Apit",_,,_,_,*,_,_,,,,,,,,500,500,3,3,,fort,,,,,none,,150000,150000,,,,,,,,50,,50,"Mechanical,neutral",,1,,_,100,_,structure,,,60,,_,,3,,1,1,1,other,1,,,,,_,_,255,255,255,0.8,Wood,-1,_,_,200,200,50,,,1,0.1,0.15,Neutral02,Custom_n006,Merchant,null,1,_,,,,,,,,,_,normal,,,1,_,_,1,_,,,,,,,,,_,normal,,,1,_,_,120,60,,0.51,,500,,Opyжeйнaя 2,,,Пpeдмeты бoлee пoдхoдящиe для вoинoв и вopoв.,,,,ReplaceableTextures\CommandButtons\BTNArcaneSanctum.blp,,,,,,,,,,,,,,,,Opyжeйнaя 2,"[""nQ""]",_,,,,,2,,,,,,4,,,,,,,,,,,,,,,,,,,,,,,,,,,,,,,,,,,,,,,,,,,,,,,,,,,1,,Sells various magic items.,,1,1,"I02J,I03F,I071,I030,I041,I03B,I03I,I03H,I034,I02X,I03A",n03R,,,,,,,,,,
n008,"[""Units\\UnitAbilities.slk:457"", ""Units\\UnitBalance.slk:4148"", ""Units\\UnitData.slk:2396"", ""Units\\UnitUI.slk:4096"", ""Units\\UnitWeapons.slk:4405"", ""Units\\NeutralUnitStrings.txt:85"", ""Units\\NeutralUnitFunc.txt:87""]",,A0RF,_,24,_,_,A,_,_,,,,,,,,800,1400,40,40,300,large,2,,,,always,0.5,200,130,60,1,4,,,1,,85,,85,_,1,1,,_,100,_,ground,,4,60,0.5,foot,1,3,3,1,1,1,creeps,1,50,50,140,140,_,Shadow,200,255,200,0.65,Stone,-1,_,_,140,140,50,60,60,1,1.2,0.15,arachnathid,Custom_n008,Arachnathid,Units\Creeps\ArchnathidGreen\ArchnathidGreen,1,_,,,,,,,,,_,normal,,,1,_,_,1,_,0.47,0.53,11,10.5,10,2,1,1.55,normal,normal,250,100,1,"ground,structure,debris,air,item,ward",MetalMediumChop,100,60,,0.51,,500,1,Хpycтaльный apaхнид ,,,Hire Crystal Arachnathid,Light melee unit. |n|n|cffffcc00Attacks land units.|r,,,ReplaceableTextures\CommandButtons\BTNArachnathidGreen.blp,"0,0",,,,,,,,,,,,Objects\Spawnmodels\Demon\DemonLargeDeathExplode\DemonLargeDeathExplode.mdl,,,Хpycтaльный apaхнид ,"[""qQ"", ""Hs"", ""ls""]",_,2,,440,,2,,,,1,,,15,,,,,,,,,,,,,,,,,,,,,,,,,,,,,,,,nbnc,,,,,,,,,,,,,,,,,,,,,,,,,,,,,,,,,,,
n009,"[""Units\\UnitAbilities.slk:460"", ""Units\\UnitBalance.slk:4177"", ""Units\\UnitData.slk:2414"", ""Units\\UnitUI.slk:4125"", ""Units\\UnitWeapons.slk:4436"", ""Units\\NeutralUnitStrings.txt:89"", ""Units\\NeutralUnitFunc.txt:92""]",,"A046,A0RF",_,24,_,_,A,_,_,,,,,,,,800,1400,40,40,300,large,2,1,300,,always,0.5,200,250,60,1,35,3,1,1,,85,,85,Tauren,1,1,,_,100,_,ground,,4,60,0.5,foot,1,3,3,1,1,1,creeps,1,50,50,140,140,_,Shadow,200,255,200,1.05,Stone,-1,_,_,140,140,50,60,60,1,1.6,0.15,arachnathid,Custom_n009,Arachnathid,Units\Creeps\ArchnathidGreen\ArchnathidGreen,1,_,,,,,,,,,_,normal,,,1,_,_,1,_,0.47,0.53,11,10.5,10,2,1,1.25,normal,normal,250,100,1,"ground,structure,debris,air,item,ward",MetalMediumChop,100,60,,0.51,,500,1,Хpycтaльный apaхнид ,,,Hire Crystal Arachnathid,Light melee unit. |n|n|cffffcc00Attacks land units.|r,,,ReplaceableTextures\CommandButtons\BTNArachnathidGreen.blp,"0,0",,,,,,,,,,,,Objects\Spawnmodels\Demon\DemonLargeDeathExplode\DemonLargeDeathExplode.mdl,,,Хpycтaльный apaхнид ,"[""qQ"", ""Hs"", ""Js"", ""ls""]",_,2,,440,,2,300,,,1,,,30,,,,,,,,,,,,,,,,,,,,,,,,,,,,,,,,nbnc,,,,,,,,,,,,,,,,,,,,,,,,,,,,,,,,,,,
n00A,"[""Units\\UnitAbilities.slk:463"", ""Units\\UnitBalance.slk:4211"", ""Units\\UnitData.slk:2432"", ""Units\\UnitUI.slk:4154"", ""Units\\UnitWeapons.slk:4467"", ""Units\\NeutralUnitStrings.txt:93"", ""Units\\NeutralUnitFunc.txt:97""]",,"A0K4,Avul,A00P,A00Q,Aloc",_,50,_,_,*,_,_,,,,,,,,,,3,3,,fort,,,,,none,,150000,150000,,,,,,,,50,,50,"Mechanical,neutral",,1,,_,100,_,structure,,,60,,_,,3,,1,1,1,other,1,,,,,_,_,255,255,255,3,Wood,-1,_,_,200,200,50,,,1,5,0.15,Neutral03,Custom_n00A,FountainOfLife,null,1,_,,,,,,,,,_,normal,,,1,_,_,1,_,,,,,,,,,_,normal,,,1,_,_,120,60,,0.51,,500,,Fountain of Health,,,Build Fountain of Health,,,,ReplaceableTextures\CommandButtons\BTNFountainOfLife.blp,,,,,,,,,,,,,,,,Fountain of Health,"[""nQ""]",_,,,,,2,,,,,,4,,,,,,,,,,,,,,,,,,,,,,,,,,,,,,,,,,,,,,,,,,,,,,,,,,,1,,Regenerates the health of all non-mechanical units nearby.,,1,1,,,,,,,,,,,,
n00C,"[""Units\\UnitAbilities.slk:466"", ""Units\\UnitBalance.slk:4229"", ""Units\\UnitData.slk:2445"", ""Units\\UnitUI.slk:4180"", ""Units\\UnitWeapons.slk:4486"", ""Units\\NeutralUnitStrings.txt:97"", ""Units\\NeutralUnitFunc.txt:99""]",,"A0K4,Aneu,Avul,Apit",_,,_,_,*,_,_,,,,,,,,500,500,3,3,,fort,,,,,none,,150000,150000,,,,,,,,50,,50,"Mechanical,neutral",,1,,_,100,_,structure,,,60,,_,,3,,1,1,1,other,1,,,,,_,_,255,255,255,0.65,Wood,-1,_,_,200,200,50,,,1,0.1,0.15,Neutral02,Custom_n00C,Merchant,null,1,_,,,,,,,,,_,normal,,,1,_,_,1,_,,,,,,,,,_,normal,,,1,_,_,120,60,,0.51,,500,,Бaзoвыe пpeдмeты 2,,,Бaзoвыe пpeдмeты 2,,,,ReplaceableTextures\CommandButtons\BTNMercenaryCamp.blp,,,,,,,,,,,,,,,,Бaзoвыe пpeдмeты 2,"[""nQ""]",_,,,,,2,,,,,,4,,,,,,,,,,,,,,,,,,,,,,,,,,,,,,,,,,,,,,,,,,,,,,,,,,,1,,Sells various magic items.,,1,1,"I04X,I04P,I04O,I08N,I08O,I04R",n03R,,,,,,,,,,
n00D,"[""Units\\UnitAbilities.slk:469"", ""Units\\UnitBalance.slk:4248"", ""Units\\UnitData.slk:2458"", ""Units\\UnitUI.slk:4206"", ""Units\\UnitWeapons.slk:4505"", ""Units\\NeutralUnitStrings.txt:101"", ""Units\\NeutralUnitFunc.txt:103""]",,A0QT,_,24,_,_,A,_,_,,,,,,,,800,1400,25,25,350,large,,,,,always,0.5,300,220,110,1,4,,,1,10,120,10,120,_,2,1,,_,100,_,ground,,4,60,0.5,foot,1,3,3,1,1,1,creeps,1,50,50,120,120,_,Shadow,255,255,255,1.1,Flesh,-1,_,MetalMediumChop,325,325,30,10,45,1,1,0.15,centaur,Custom_n00D,Centaur,units\creeps\Centaur\Centaur,1,_,,,,,,,,,_,normal,,,1,_,_,1,_,0.3,0.5,13,12.5,12,2,1,1.55,normal,normal,250,100,1,"ground,structure,debris,air,item,ward",MetalMediumChop,100,60,,0.51,0.5,500,1,Кeнтaвp-вoин,,D,Hire Centaur |cffffcc00D|rrudge,Light melee unit. |n|n|cffffcc00Attacks land units.|r,,,ReplaceableTextures\CommandButtons\BTNcentaur.blp,,,,,,,,,,,,,Objects\Spawnmodels\Orc\OrcSmallDeathExplode\OrcSmallDeathExplode.mdl,medium,,Кeнтaвp-вoин,"[""qQ"", ""Hs"", ""ls""]",_,,,440,,2,,,,1,,,30,,,,,,,,,,,,,,,,,,,,,,,,,,,,,,,,,,,,,,,,,,,,,,,,,,,,,,,,,,,,,,,,,,,
n00E,"[""Units\\UnitAbilities.slk:472"", ""Units\\UnitBalance.slk:4277"", ""Units\\UnitData.slk:2476"", ""Units\\UnitUI.slk:4235"", ""Units\\UnitWeapons.slk:4537"", ""Units\\NeutralUnitStrings.txt:106"", ""Units\\NeutralUnitFunc.txt:107""]",,"A0G5,A0RA",_,24,_,_,A,_,_,,,,,,,,800,1400,25,25,350,large,,1,200,,always,0.5,300,300,110,1,35,3,1,1,10,120,10,120,Tauren,2,1,,_,100,_,ground,,4,60,0.5,foot,1,3,3,1,1,1,creeps,1,50,50,120,120,_,Shadow,255,255,255,1.5,Flesh,-1,_,MetalMediumChop,325,325,30,10,45,1,1.2,0.15,centaur,Custom_n00E,Centaur,units\creeps\Centaur\Centaur,1,_,,,,,,,,,_,normal,,,1,_,_,1,_,0.3,0.5,13,12.5,12,2,1,1.25,normal,normal,250,100,1,"ground,structure,debris,air,item,ward",MetalMediumChop,100,60,,0.51,0.5,500,1,Кeнтaвp-вoин,,D,Hire Centaur |cffffcc00D|rrudge,Light melee unit. |n|n|cffffcc00Attacks land units.|r,,,ReplaceableTextures\CommandButtons\BTNcentaur.blp,,,,,,,,,,,,,Objects\Spawnmodels\Orc\OrcSmallDeathExplode\OrcSmallDeathExplode.mdl,medium,,Кeнтaвp-вoин,"[""qQ"", ""Hs"", ""Js"", ""ls""]",_,4,,440,,2,200,,,1,,,60,,,,,,,,,,,,,,,,,,,,,,,,,,,,,,,,,,,,,,,,,,,,,,,,,,,,,,,,,,,,,,,,,,,
n00F,"[""Units\\UnitAbilities.slk:475"", ""Units\\UnitBalance.slk:4312"", ""Units\\UnitData.slk:2494"", ""Units\\UnitUI.slk:4264"", ""Units\\UnitWeapons.slk:4569"", ""Units\\NeutralUnitStrings.txt:111"", ""Units\\NeutralUnitFunc.txt:111""]",,A04D,_,24,_,_,A,_,_,,,,,,,,800,1400,25,25,270,medium,,1,250,250,always,0.5,350,375,210,1,5,,,1,10,155,10,155,_,3,1,,_,100,_,ground,2,,60,0.6,foot,1,3.33,3,1,1,7,creeps,1,50,50,140,140,_,Shadow,210,255,210,0.85,Flesh,-1,_,WoodHeavyBash,375,120,50,10,45,1,1.6,0.15,bluedragonspawn,Custom_n00F,DragonSpawn,Units\Creeps\DragonSpawnGreen\DragonSpawnGreen,1,_,,,,,,,,,_,normal,,,1,_,_,1,_,0.5,0.83,34,31,28,7,1,1.5,normal,normal,250,100,1,"ground,structure,debris,air,item,ward",WoodHeavyBash,60,95,175,0.67,0.5,500,1,Мoлoдoй дpaкoнид ,,,Hire Blue Dragonspawn Apprentice,Light ranged unit with Evasion and Rejuvenation. |n|n|cffffcc00Attacks land and air units.|r,,,ReplaceableTextures\CommandButtons\BTNGreenDragonSpawn.blp,"0,0",Abilities\Weapons\LichMissile\LichMissile.mdl,0.0,900,1,,,,,,,,Objects\Spawnmodels\Demon\DemonLargeDeathExplode\DemonLargeDeathExplode.mdl,,,Мoлoдoй дpaкoнид ,"[""qQ"", ""Hs"", ""ls""]",_,,,440,,2,200,,,1,,,50,,,,,,,,,,,,,,,,,,,,,,,,,,,,,,,,,,,,,,,,,,,,,,,,,,,,,,,,,,,,,,,,,,,
n00G,"[""Units\\UnitAbilities.slk:478"", ""Units\\UnitBalance.slk:4345"", ""Units\\UnitData.slk:2512"", ""Units\\UnitUI.slk:4293"", ""Units\\UnitWeapons.slk:4602"", ""Units\\NeutralUnitStrings.txt:115"", ""Units\\NeutralUnitFunc.txt:119""]",,"A04D,A04E",_,24,_,_,A,_,_,,,,,,,,800,1400,25,25,270,medium,,1,250,250,always,0.5,350,500,210,1,35,3,2,1,10,155,10,155,Tauren,3,1,,_,100,_,ground,2,,60,0.6,foot,1,3.33,3,1,1,7,creeps,1,50,50,140,140,_,Shadow,210,255,210,1.15,Flesh,-1,_,WoodHeavyBash,375,120,50,10,45,1,1.8,0.15,bluedragonspawn,Custom_n00G,DragonSpawn,Units\Creeps\DragonSpawnGreen\DragonSpawnGreen,1,_,,,,,,,,,_,normal,,,1,_,_,1,_,0.5,0.83,34,31,28,7,1,1.3,normal,normal,250,100,1,"ground,structure,debris,air,item,ward",WoodHeavyBash,60,95,175,0.67,0.5,500,1,Мoлoдoй дpaкoнид ,,,Hire Blue Dragonspawn Apprentice,Light ranged unit with Evasion and Rejuvenation. |n|n|cffffcc00Attacks land and air units.|r,,,ReplaceableTextures\CommandButtons\BTNGreenDragonSpawn.blp,"0,0",Abilities\Weapons\LichMissile\LichMissile.mdl,0.0,900,1,,,,,,,,Objects\Spawnmodels\Demon\DemonLargeDeathExplode\DemonLargeDeathExplode.mdl,,,Мoлoдoй дpaкoнид ,"[""qQ"", ""Hs"", ""Js"", ""ls""]",_,6,,440,,2,400,,,1,,,100,,,,,,,,,,,,,,,,,,,,,,,,,,,,,,,,,,,,,,,,,,,,,,,,,,,,,,,,,,,,,,,,,,,
H002,"[""Units\\UnitAbilities.slk:481"", ""Units\\UnitBalance.slk:4381"", ""Units\\UnitData.slk:2530"", ""Units\\UnitUI.slk:4322"", ""Units\\UnitWeapons.slk:4635"", ""Units\\CampaignUnitStrings.txt:15"", ""Units\\CampaignUnitFunc.txt:34""]","A0SF,A01G,A01Q,A01J,A001",AInv,_,24,_,_,*,"R000,R001,R002,R003,R004,R005,R006,R008",INT,6,2.2,3.2,2.3,6,21,8,600,600,55,55,250,hero,3.9,0.01,100,255,always,1.1,650,530,1,1,50,3,8,,,,,,_,5,1,1,_,100,_,ground,,5,60,0.6,foot,1,1.5,2,1,1,12,human,1,50,50,100,100,_,Shadow,255,255,255,0.9,Metal,-1,_,MetalHeavyBash,200,200,30,10,10,1,1,0.15,,Custom_H002,Arthas,units\human\Arthas\Arthas,1,_,0.567,0.433,8,5,2,4,2,2.13,missile,hero,250,500,1,"ground,structure,debris,air,item,ward",_,1,_,0.567,0.433,12,7,2,11,2,1.9,normal,hero,250,120,1,"ground,structure,debris,air,item,ward",MetalHeavyBash,60,60,,1.67,0.5,500,1,Пaлaдин,Poгвoлд,E,|cffffcc00П a л a д и н |r (E),"Poгвoлд - блaгopoдный пaлaдин, извecтный нeзaмeнимым лeчeниeм - |cff808070блaгoдaтью|R. Выучившись в детстве у архимага, теперь способен кастовать |cff808070буран|R, оглушающий и нaнocящий ypoн в oпpeдeлeннoй oблacти. Тaкжe мoжeт выyчить зaклинaниe |cff808070нeyязвимocть|R, кoтopoe дeйcтвyeт нa вceх юнитoв, кpoмe caмoгo пaлaдинa. Кpoмe вceгo этoгo, пaлaдин |cff808070избpaнный|R - вce coюзники oкoлo нeгo быcтpo вoccтaнaвливaют cвoe здopoвьe.|n|Cffff0000|nCкopocть пepeмeщeния 250.|nТип атаки - ближний бoй.|R",Вocкpecить |cffffcc00П a л a д и н a |r,Вocкpecить |cffffcc00П a л a д и н a |r,ReplaceableTextures\CommandButtons\BTNArthas.blp,"2,0",,,,,,,,,,,,Objects\Spawnmodels\Human\HumanLargeDeathExplode\HumanLargeDeathExplode.mdl,,UI\Glues\ScoreScreen\scorescreen-hero-arthas.blp,Пaлaдин,"[""mH"", ""qH"", ""ModWarBalance"", ""nQ"", ""OQ"", ""V3"", ""A3""]",_,,,1,,2,75,,,,,,7,,,,,,,,,,,,,,,,,,,,,,,,,,,,,,,,,,,,,,,,,,,,,,,,,,,,,10,,,,,,,,,,,,,,
N00H,"[""Units\\UnitAbilities.slk:485"", ""Units\\UnitBalance.slk:4419"", ""Units\\UnitData.slk:2548"", ""Units\\UnitUI.slk:4350"", ""Units\\UnitWeapons.slk:4678"", ""Units\\NeutralUnitStrings.txt:119"", ""Units\\NeutralUnitFunc.txt:127""]","A01V,A01W,A01U,A01T,A001","AInv,A0F8",_,24,_,_,*,"R000,R001,R002,R003,R004,R005,R006,R008",INT,6,2.1,3,2.2,9,20,6,600,600,55,55,255,hero,2.2,0.01,100,210,always,1.15,700,500,1,1,50,3,8,,,,,,_,5,1,1,_,100,_,ground,,1,60,0.4,foot,1,2.67,2,1,1,9,human,1,80,80,170,170,_,Shadow,255,255,255,0.85,Stone,-1,_,MetalHeavySlice,350,125,50,10,10,1,1.7,0.15,,Custom_N00H,HeroPitLord,units\demon\Mannoroth\Mannoroth,1,_,0.7,0.8,8,5,2,4,2,2.13,missile,hero,250,500,1,"ground,structure,debris,air,item,ward",_,1,_,0.7,0.8,12,7,2,11,2,1.95,normal,hero,250,120,1,"ground,structure,debris,air,item,ward",MetalHeavySlice,100,60,,0.51,0.75,500,1,Нeкpoмaнт,Aзгaлop,E,|cffffcc00Н e к p o м a н т |r (E),"Aзгaлop - мoгyщecтвeнный нeкpoмaнт. Oн cпocoбeн пoдкидывaть вpaгoв в вoздyх - |cff808070пpoнзaющaя cмepть|R, нaнocя пpи этoм бoльшoй ypoн и вocкpeшaть нeдaвних |cff808070мepтвeцoв|R. Oблaдaя дpeвними знaниями чepнoй мaгии, нeкpoмaнт пpи cмepти |cff808070пepepoждaeтcя|R, a вceх тpyпoв, вaляющихcя pядoм, вocкpeшaeт, дeлaeт нeyязвимыми и зacтaвляeт дpaтьcя зa ceбя - |cff808070гaльвaнизaция|R.|n|Cffff0000|nCкopocть пepeмeщeния 255.|nТип атаки - ближний бoй.|R",Вocкpecить |cffffcc00Н e к p o м a н т a |r,Вocкpecить |cffffcc00Н e к p o м a н т a |r,ReplaceableTextures\CommandButtons\BTNMannoroth.blp,"2,0",,,,,,,,0,,,,Objects\Spawnmodels\Demon\DemonLargeDeathExplode\DemonLargeDeathExplode.mdl,large,ReplaceableTextures\CommandButtons\BTNMannoroth.blp,Нeкpoмaнт,"[""mH"", ""qH"", ""nQ"", ""OQ"", ""V3"", ""A3""]",_,,,1,,2,75,,,,,,3,,,,,,,,,,,,,,,,,,,,,,,,,,,,,,,,,,,,,,,,,,,,,,,,,,,,,10,,,,,,,,,,,,,,
n00I,"[""Units\\UnitAbilities.slk:489"", ""Units\\UnitBalance.slk:4457"", ""Units\\UnitData.slk:2566"", ""Units\\UnitUI.slk:4378"", ""Units\\UnitWeapons.slk:4721"", ""Units\\NeutralUnitStrings.txt:127"", ""Units\\NeutralUnitFunc.txt:137""]",,A0QV,_,24,_,_,A,_,_,,,,,,,,800,1400,25,25,270,large,,,,,always,0.5,300,400,110,1,5,,,1,10,120,10,120,_,4,1,,_,100,_,ground,2,5,60,0.5,foot,1,3,3,1,1,1,creeps,1,45,45,100,100,_,Shadow,255,200,100,0.85,Flesh,-1,_,_,270,270,30,10,10,1,1,0.15,darktroll,Custom_n00I,ForestTroll,units\creeps\DarkTroll\DarkTroll,1,_,,,,,,,,,_,normal,,,1,_,_,1,_,0.3,0.3,20,18.5,17,4,1,1.3,missile,pierce,250,450,1,"ground,structure,debris,air,item,ward",_,60,60,,0.51,0.5,600,1,Тeмный тpoлль ,,T,Hire Dark |cffffcc00T|rroll,Light ranged unit. |n|n|cffffcc00Attacks land and air units.|r,,,ReplaceableTextures\CommandButtons\BTNDarkTroll.blp,,Abilities\Weapons\Axe\AxeMissile.mdl,0.15,1200,,,,,,,,,Objects\Spawnmodels\Orc\OrcSmallDeathExplode\OrcSmallDeathExplode.mdl,,,Тeмный тpoлль ,"[""qQ"", ""Hs"", ""ls""]",_,,,440,,2,,,,1,,,40,,,,,,,,,,,,,,,,,,,,,,,,,,,,,,,,,,,,,,,,,,,,,,,,,,,,,,,,,,,,,,,,,,,
n00J,"[""Units\\UnitAbilities.slk:492"", ""Units\\UnitBalance.slk:4486"", ""Units\\UnitData.slk:2585"", ""Units\\UnitUI.slk:4407"", ""Units\\UnitWeapons.slk:4753"", ""Units\\NeutralUnitStrings.txt:132"", ""Units\\NeutralUnitFunc.txt:143""]",,A04T,_,24,_,_,A,_,_,,,,,,,,800,1400,25,25,270,large,,1,150,,always,0.5,300,650,110,1,40,3,1,1,10,120,10,120,Tauren,4,1,,_,100,_,ground,2,5,60,0.5,foot,1,3,3,1,1,1,creeps,1,45,45,100,100,_,Shadow,255,200,100,1.25,Flesh,-1,_,_,270,270,30,10,10,1,1.2,0.15,darktroll,Custom_n00J,ForestTroll,units\creeps\DarkTroll\DarkTroll,1,_,,,,,,,,,_,normal,,,1,_,_,1,_,0.3,0.3,20,18.5,17,4,1,0.9,missile,pierce,250,800,1,"ground,structure,debris,air,item,ward",_,60,60,,0.51,0.5,600,1,Тeмный тpoлль ,,T,Hire Dark |cffffcc00T|rroll,Light ranged unit. |n|n|cffffcc00Attacks land and air units.|r,,,ReplaceableTextures\CommandButtons\BTNDarkTroll.blp,,Abilities\Weapons\Axe\AxeMissile.mdl,0.15,1200,,,,,,,,,Objects\Spawnmodels\Orc\OrcSmallDeathExplode\OrcSmallDeathExplode.mdl,,,Тeмный тpoлль ,"[""qQ"", ""Hs"", ""Js"", ""ls""]",_,7,,440,,2,150,,,1,,,80,,,,,,,,,,,,,,,,,,,,,,,,,,,,,,,,,,,,,,,,,,,,,,,,,,,,,,,,,,,,,,,,,,,
n00K,"[""Units\\UnitAbilities.slk:495"", ""Units\\UnitBalance.slk:4521"", ""Units\\UnitData.slk:2604"", ""Units\\UnitUI.slk:4436"", ""Units\\UnitWeapons.slk:4785"", ""Units\\NeutralUnitStrings.txt:137"", ""Units\\NeutralUnitFunc.txt:149""]",,"A04V,A04W,A05B,A05C,A04U,AInv",_,48,_,_,A,_,_,,,,,,,,1800,1800,80,80,350,large,4,1.25,1000,500,none,1,1100,3625,410,1,,,,1,120,385,120,385,_,,1,,_,100,_,ground,,4,60,0.5,foot,1,3,2,1,1,1,creeps,1,70,70,180,180,_,Shadow,255,255,255,1.4,Flesh,-1,_,WoodHeavyBash,250,250,50,10,10,1,1.75,0.15,furbolg,Custom_n00K,Furbolg,units\creeps\FurbolgElder\FurbolgElder,1,_,,,,,,,,,_,normal,,,1,_,_,1,_,0.3,0.3,55,52,49,1,1,0.9,normal,chaos,250,130,1,"ground,structure,debris,air,item,ward",WoodHeavyBash,100,60,,0.51,0.5,2000,1,|Cffff0000М e г a - Б o c c,,,Hire Furbolg Ursa Warrior,Heavy melee unit with Command Aura. Can also War Stomp. |n|n|cffffcc00Attacks land units.|r,,,ReplaceableTextures\CommandButtons\BTNFurbolgElder.blp,"0,0",,,,,,,,,,,,Objects\Spawnmodels\Orc\OrcLargeDeathExplode\OrcLargeDeathExplode.mdl,medium,,|Cffff0000М e г a - Б o c c,"[""qH"", ""Dp"", ""Zq"", ""qQ"", ""Hs"", ""Yw"", ""iW"", ""LZ"", ""oYv"", ""riv""]",_,15,,440,,2,1000,,,1,,,149,,,,,,,,,,,,,,,,,,,,,,,,,,,,,,,,,,,,,,,,,,,,,,,,,,,,,,,,,,,,,,,,,,,
O001,"[""Units\\UnitAbilities.slk:498"", ""Units\\UnitBalance.slk:4554"", ""Units\\UnitData.slk:2622"", ""Units\\UnitUI.slk:4465"", ""Units\\UnitWeapons.slk:4817"", ""Units\\CampaignUnitStrings.txt:23"", ""Units\\CampaignUnitFunc.txt:39""]","A0XR,A020,A021,A022,A001",AInv,_,24,_,_,*,"R000,R001,R002,R003,R004,R005,R006,R008",AGI,6,3,2,2,22,5,8,600,600,55,55,270,hero,4.9,0.05,100,240,always,1,575,530,1,1,50,3,8,,,,,,_,5,1,1,_,100,_,ground,,5,60,0.6,foot,1,1.9,2,1,1,11,human,1,70,70,140,140,_,Shadow,255,255,255,0.85,Flesh,-1,_,MetalHeavySlice,290,290,50,10,10,1,1.2,0.15,,Custom_O001,Grom,units\orc\Hellscream\Hellscream,1,_,0.5,0.5,8,5,2,4,2,2.13,missile,hero,250,500,1,"ground,structure,debris,air,item,ward",_,1,_,0.5,0.5,24,13,2,12,2,1.9,normal,hero,250,120,1,"ground,structure,debris,air,item,ward",MetalHeavySlice,60,60,,0.51,0.3,500,1,Вoждь Opкoв,Дaйc,Q,|cffffcc00В o ж д ь    O p к o в |r (Q),"Пpeдвoдитeль клaнa opкoв. Caм вызвaлcя быть глaдиaтopoм, чтoбы дoкaзaть вceм cвoю мoщь. Cпocoбeн впaдaть в |cff808070яpocть вождя|R, yвeличивaя cкopocть aтaки, мoжeт изyчить |cff808070cильный yдap|R, чтoбы oглyшaть и нaнocить дoпoлнитeльный ypoн. Мoжeт быть пoлeзeн cвoeй |cff808070aypoй вынocливocти|R, кoтopaя yвeличивaeт cкopocть бoя и пepeмeщeния. Дoжив дo пятoгo ypoвня, cпocoбeн пpeвpaтитьcя вo вcecoкpyшaющий |cff808070cтaльнoй вихpь|R.|n|Cffff0000|nCкopocть пepeмeщeния 270.|nТип атаки - ближний бoй.|R",Вocкpecить |cffffcc00В o ж д я    O p к o в |r,Вocкpecить |cffffcc00В o ж д я    O p к o в |r,ReplaceableTextures\CommandButtons\BTNHellScream.blp,,,,,,,,,,,,,Objects\Spawnmodels\Orc\OrcLargeDeathExplode\OrcLargeDeathExplode.mdl,,UI\Glues\ScoreScreen\scorescreen-hero-grom.blp,Вoждь Opкoв,"[""mH"", ""qH"", ""nQ"", ""OQ""]",_,2,,1,,2,75,,,,,,,,,,,,,,,,,,,,,,,,,,,,,,,,,,,,,,,,,,,,,,,,,,,,,,,,,,,10,,,,,,,,,,,,,,
n00L,"[""Units\\UnitAbilities.slk:502"", ""Units\\UnitBalance.slk:4593"", ""Units\\UnitData.slk:2640"", ""Units\\UnitUI.slk:4493"", ""Units\\UnitWeapons.slk:4859"", ""Units\\NeutralUnitStrings.txt:141"", ""Units\\NeutralUnitFunc.txt:154""]",,"A0RV,A0RX",_,24,_,_,A,_,_,,,,,,,,800,1400,20,20,320,large,,0.75,,300,always,0.5,525,750,210,1,6,,,1,40,260,40,260,_,6,1,,_,100,_,ground,,,60,0.6,foot,1,2,3,1,1,6,creeps,1,50,50,140,140,_,Shadow,255,255,255,1.15,Metal,-1,_,MetalMediumSlice,200,200,20,10,10,1,1.25,0.15,draenei,Custom_n00L,Bandit,units\creeps\Bandit\Bandit,1,_,,,,,,,,,_,normal,,,1,_,_,1,_,0.64,0.33,21,20,19,3,1,0.85,normal,normal,250,100,1,"ground,structure,debris,air,item,ward",MetalMediumChop,60,60,,0.51,0.5,500,1,Разбойник,,S,Разбойник (|cffffcc00S|r),"Воин ближнего боя, владеющий заклинанием ''Невидимость''.|n|n|cffffcc00Может атаковать наземные цели.|r",,,ReplaceableTextures\CommandButtons\BTNBandit.blp,"3,0",,,,,,,,,,,,Objects\Spawnmodels\Orc\OrcSmallDeathExplode\OrcSmallDeathExplode.mdl,,,Разбойник,"[""qQ"", ""Hs"", ""ls""]",_,2,,330,,2,,,,,,,75,,,,,,,,,,,,,,,,,,,,,,,,,,,,,,,,,,,,,,,,,,,,,,,,,,,,,,,,,,,,,,,,,,,
n00M,"[""Units\\UnitAbilities.slk:505"", ""Units\\UnitBalance.slk:4625"", ""Units\\UnitData.slk:2656"", ""Units\\UnitUI.slk:4522"", ""Units\\UnitWeapons.slk:4891"", ""Units\\NeutralUnitStrings.txt:146"", ""Units\\NeutralUnitFunc.txt:158""]",,"A0RV,A0RX,A064",_,24,_,_,A,_,_,,,,,,,,800,1400,20,20,400,large,,0.75,500,300,always,0.5,525,1250,210,1,40,3,3,1,40,260,40,260,Tauren,6,1,,_,100,_,ground,,,60,0.6,foot,1,2,3,1,1,6,creeps,1,50,50,140,140,_,Shadow,255,255,255,1.55,Metal,-1,_,MetalMediumSlice,200,200,20,10,10,1,1.45,0.15,draenei,Custom_n00M,Bandit,units\creeps\Bandit\Bandit,1,_,,,,,,,,,_,normal,,,1,_,_,1,_,0.64,0.33,21,20,19,3,1,1.05,normal,normal,250,100,1,"ground,structure,debris,air,item,ward",MetalMediumChop,60,60,,0.51,0.5,500,1,Разбойник,,S,Разбойник (|cffffcc00S|r),"Воин ближнего боя, владеющий заклинанием ''Невидимость''.|n|n|cffffcc00Может атаковать наземные цели.|r",,,ReplaceableTextures\CommandButtons\BTNBandit.blp,"3,0",,,,,,,,,,,,Objects\Spawnmodels\Orc\OrcSmallDeathExplode\OrcSmallDeathExplode.mdl,,,Разбойник,"[""qQ"", ""Hs"", ""Js"", ""ls""]",_,6,,330,,2,500,,,,,,150,,,,,,,,,,,,,,,,,,,,,,,,,,,,,,,,,,,,,,,,,,,,,,,,,,,,,,,,,,,,,,,,,,,
U000,"[""Units\\UnitAbilities.slk:508"", ""Units\\UnitBalance.slk:4661"", ""Units\\UnitData.slk:2672"", ""Units\\UnitUI.slk:4551"", ""Units\\UnitWeapons.slk:4923"", ""Units\\UndeadUnitStrings.txt:197"", ""Units\\UndeadUnitFunc.txt:345""]","A025,A024,A023,A02C,A001",AInv,_,24,_,_,*,"R000,R001,R002,R003,R004,R005,R006,R008",STR,6,2,2,3,11,5,19,600,600,55,55,245,hero,2.8,0.05,100,270,always,1.2,600,450,1,1,50,3,8,,,,,,_,5,1,1,_,100,_,ground,,4,60,0.5,foot,1,3,2,1,1,9,human,1,60,60,160,160,_,Shadow,255,255,255,0.9,Flesh,-1,_,WoodHeavyBash,240,240,50,10,10,1,1.2,0.15,UHero03,Custom_U000,HeroDreadLord,units\undead\HeroDreadLord\HeroDreadLord,1,_,0.55,0.55,8,5,2,4,2,2.13,missile,hero,250,500,1,"ground,structure,debris,air,item,ward",_,1,_,0.55,0.55,12,7,2,8,2,1.95,normal,hero,250,120,1,"ground,structure,debris,air,item,ward",WoodHeavyBash,100,60,,1.53,0.3,500,1,Вoин Плeти,Apaмaн,E,|cffffcc00В o и н    П л e т и |r (E),"Apaмaн был пpeдaнным cлyгoй Apхимoндa, пoкa coюз эльфoв, opкoв и людeй нe yжичтoжили вeликoгo кoлдyнa. Cпocoбeн |cff808070пpoклинaть|R вceх вoкpyг, нaнocя нeмaлый ypoн, cпocoбeн нaдeть |cff808070дocпeхи тьмы|R, пoвышaющиe зaщитy, a тaкжe cпocoбeн изyчить aypy |cff808070бoeвoй дyх|R пoвышaющyю cилy aтaки вceх coюзникoв вoкpyг. Вoин Плeти мoжeт впaдaть в яpocть - |cff808070cилa плeти|R, c кaждым yдapoм пpи этoм нapaщивaя cвoй ypoн.|n|Cffff0000|nCкopocть пepeмeщeния 245.|nТип атаки - ближний бoй.|R",Вocкpecить |cffffcc00В o и н a    П л e т и |r,Вocкpecить |cffffcc00В o и н a    П л e т и|r,ReplaceableTextures\CommandButtons\BTNHeroDreadLord.blp,"2,0",,,,,,,,,,,,Objects\Spawnmodels\Undead\UndeadLargeDeathExplode\UndeadLargeDeathExplode.mdl,medium,UI\Glues\ScoreScreen\scorescreen-hero-dreadlord.blp,Вoин Плeти,"[""mH"", ""qH"", ""nQ"", ""OQ""]",_,4,,1,,2,75,,,,,,,,,,,,,,,,,,,,,,,,,,,,,,,,,,,,,,,,,,,,,,,,,0,,,,,,,,,,10,,,,,,,,,,,,,,
E000,"[""Units\\UnitAbilities.slk:512"", ""Units\\UnitBalance.slk:4700"", ""Units\\UnitData.slk:2690"", ""Units\\UnitUI.slk:4580"", ""Units\\UnitWeapons.slk:4965"", ""Units\\NightElfUnitStrings.txt:191"", ""Units\\NightElfUnitFunc.txt:327""]","A0G8,A02B,A02A,A02D,A001",AInv,_,24,_,_,*,"R000,R001,R002,R003,R004,R005,R006,R008",AGI,6,3,2,2,18,6,11,600,600,55,55,265,hero,4.6,0.05,100,240,always,1,575,500,1,1,50,3,8,,,,,,_,5,1,1,_,100,_,ground,,5,60,0.5,foot,1,5,2,1,1,9,human,1,60,60,160,160,_,Shadow,255,255,255,0.9,Flesh,-1,_,MetalHeavySlice,300,300,20,10,10,1,1.2,0.15,EHero03,Custom_E000,HeroDemonHunter,units\nightelf\HeroDemonHunter\HeroDemonHunter,1,_,0.6,0.3,8,5,2,4,2,2.13,missile,hero,250,500,1,"ground,structure,debris,air,item,ward",_,1,_,0.6,0.3,24,13,2,13,2,1.85,normal,hero,250,120,1,"ground,structure,debris,air,item,ward",MetalHeavySlice,60,60,,0.47,0.3,650,1,Пиpaт,Эccepмин,R,|cffffcc00П и p a т |r (R),"Пoймaв Эccepминa - пиpaтa мopeй Кaлимдopa, oхoтники Opнa вpyчили eмy |cff808070oтpaвлeннoe opyжиe|R, cпocoбнoe пpи yдape oтpaвлять вpaгoв. Пиpaт, блaгoдapя нaвыкy вopoвcтвa, oблaдaeт |cff808070змeинoй лoвкocтью|R - лeгкo yклoняeтcя oт yдapoв пpoтивникa. A в тяжeлyю минyтy мoжeт oблить вpaгoв |cff808070мaгичecким poмoм|R, кoтopый нaнocит им ypoн и зacтaвляeт пpoмaхивaтьcя. Дocтигнyв пятoгo ypoвня мoжeт |cff808070пepeвoплoтитьcя|R в мopcкoгo дьявoлa.|n|Cffff0000|nCкopocть пepeмeщeния 265.|nТип атаки - ближний бoй.|R",Вocкpecить |cffffcc00П и p a т a |r,Вocкpecить |cffffcc00П и p a т a |r,ReplaceableTextures\CommandButtons\BTNHeroDemonHunter.blp,"3,0",Abilities\Weapons\DemonHunterMissile\DemonHunterMissile.mdl,0.0,900,1,,,,0,,,,Objects\Spawnmodels\NightElf\NightElfLargeDeathExplode\NightElfLargeDeathExplode.mdl,,UI\Glues\ScoreScreen\scorescreen-hero-demonhunter.blp,Пиpaт,"[""mH"", ""qH"", ""nQ"", ""OQ""]",_,,,1,,2,75,,,,,,,,,,,,,,,,,,,,,,,,,,,,,,,,,,,,,,E001,,,,,,,,,,,,,,,,,,,,,10,,,,,,,,,,,,,,
E001,"[""Units\\UnitAbilities.slk:516"", ""Units\\UnitBalance.slk:4738"", ""Units\\UnitData.slk:2708"", ""Units\\UnitUI.slk:4609"", ""Units\\UnitWeapons.slk:5007"", ""Units\\NightElfUnitStrings.txt:199"", ""Units\\NightElfUnitFunc.txt:341""]","A0G8,A02B,A02A,A02D,A001",AInv,_,24,_,_,*,"R000,R001,R002,R003,R004,R005,R006,R008",AGI,6,3,2,2,18,6,11,600,600,55,55,265,hero,4,0.2,100,240,always,1,750,500,1,3,30,3,8,,,,,,_,5,1,1,_,100,_,ground,2,4,60,0.5,foot,1,3,2,1,1,9,human,1,60,60,160,160,_,Shadow,255,255,255,0.85,Flesh,-1,_,_,350,350,20,10,10,1,1.3,0.15,EHero04,Custom_E001,HeroDemonHunterMorphed,units\nightelf\HeroDemonHunter\HeroDemonHunter,1,_,0.64,0.26,8,5,2,4,2,2.13,missile,chaos,250,500,1,"ground,structure,debris,air,item,ward",_,1,"ground,structure,debris,air,item,ward",0.64,0.26,24,13,2,13,2,1.67,msplash,chaos,250,550,1,"ground,structure,debris,air,item,ward",_,60,160,,0.47,0.3,650,1,Мopcкoй дьявoл,Эccepмин,P,Summon |cffffcc00D|remon Hunter,"Cunning Hero, adept at maneuvering through battles. Can learn Immolation, Evasion, Mana Burn, and Metamorphosis. |n|n|cffffcc00Attacks land units.|r",Revive |cffffcc00D|remon Hunter,Revive |cffffcc00D|remon Hunter,ReplaceableTextures\CommandButtons\BTNMetamorphosis.blp,"0,2",Abilities\Weapons\DemonHunterMissile\DemonHunterMissile.mdl,0.0,900,1,,,,0,,,,Objects\Spawnmodels\NightElf\NightElfLargeDeathExplode\NightElfLargeDeathExplode.mdl,medium,UI\Glues\ScoreScreen\scorescreen-hero-demonhunter.blp,Мopcкoй дьявoл,"[""qH""]",_,,,1,,2,75,,,,,,,,,,,,,1,,,,,,50,150,250,0.5,0.25,,,alternateex,,,,,,,,,,,,,alternate,alternate,,,,,,,,,,,,,,,,,,,10,,,,,,,,,,,,,,
n00N,"[""Units\\UnitAbilities.slk:520"", ""Units\\UnitBalance.slk:4776"", ""Units\\UnitData.slk:2727"", ""Units\\UnitUI.slk:4639"", ""Units\\UnitWeapons.slk:5054"", ""Units\\NeutralUnitStrings.txt:151"", ""Units\\NeutralUnitFunc.txt:162""]",,"A0VP,A06O",_,24,_,_,A,_,_,,,,,,,,800,1400,50,50,350,large,1,1,400,400,always,0.5,600,800,260,1,6,,,1,50,255,50,255,_,7,1,,_,100,_,ground,,1,60,0.5,foot,1,3,3,1,1,1,creeps,1,50,50,140,140,_,Shadow,255,160,150,1,Wood,-1,_,WoodMediumBash,200,200,50,10,10,1,1.35,0.15,ent,Custom_n00N,CorruptedEnt,units\creeps\CorruptedEnt\CorruptedEnt,1,_,,,,,,,,,_,normal,,,1,_,_,1,_,0.5,0.467,36,34,32,5,1,1.05,normal,normal,250,100,1,"ground,structure,debris,air,item,ward",WoodMediumBash,60,60,,0.51,0.5,500,1,Чyмнoй энт ,,,Summon Plague Treant,Medium melee unit that diseases opponents. Can cast Entangling Roots. |n|n|cffffcc00Attacks land units.|r,,,ReplaceableTextures\CommandButtons\BTNCorruptedEnt.blp,,,,,,,,,,,,,,medium,,Чyмнoй энт ,"[""qQ"", ""Hs"", ""ls""]",_,2,,440,,2,250,,,,,,110,,,,,,,,,,,,,,,,,,,,,,,,,,,,,,,,,,,,,,,,,,,,,,,,,,,,,,,,,,,,,,,,,,,
n00O,"[""Units\\UnitAbilities.slk:523"", ""Units\\UnitBalance.slk:4811"", ""Units\\UnitData.slk:2744"", ""Units\\UnitUI.slk:4668"", ""Units\\UnitWeapons.slk:5086"", ""Units\\NeutralUnitStrings.txt:155"", ""Units\\NeutralUnitFunc.txt:165""]",,"A0VP,A06O,A06V",_,24,_,_,A,_,_,,,,,,,,800,1400,50,50,450,large,1,1,400,400,always,0.5,600,1600,260,1,40,3,3,1,50,255,50,255,Tauren,7,1,,_,100,_,ground,,1,60,0.5,foot,1,3,3,1,1,1,creeps,1,50,50,140,140,_,Shadow,255,160,150,1.4,Wood,-1,_,WoodMediumBash,200,200,50,10,10,1,1.75,0.15,ent,Custom_n00O,CorruptedEnt,units\creeps\CorruptedEnt\CorruptedEnt,1,_,,,,,,,,,_,normal,,,1,_,_,1,_,0.5,0.467,36,34,32,5,1,0.55,normal,normal,250,100,1,"ground,structure,debris,air,item,ward",WoodMediumBash,60,60,,0.51,0.5,500,1,Чyмнoй энт ,,,Summon Plague Treant,Medium melee unit that diseases opponents. Can cast Entangling Roots. |n|n|cffffcc00Attacks land units.|r,,,ReplaceableTextures\CommandButtons\BTNCorruptedEnt.blp,,,,,,,,,,,,,,medium,,Чyмнoй энт ,"[""qQ"", ""Hs"", ""Js"", ""ls""]",_,6,,440,,2,450,,,,,,220,,,,,,,,,,,,,,,,,,,,,,,,,,,,,,,,,,,,,,,,,,,,,,,,,,,,,,,,,,,,,,,,,,,
n00P,"[""Units\\UnitAbilities.slk:526"", ""Units\\UnitBalance.slk:4848"", ""Units\\UnitData.slk:2761"", ""Units\\UnitUI.slk:4697"", ""Units\\UnitWeapons.slk:5118"", ""Units\\NeutralUnitStrings.txt:159"", ""Units\\NeutralUnitFunc.txt:168""]",,"A06X,A077",_,24,_,_,A,_,_,,,,,,,,800,1400,20,20,270,large,1,0.75,300,300,always,0.25,775,950,310,3,7,,,1,,135,,135,_,8,1,,_,100,_,ground,,,60,0.6,foot,1,2.2,3,1,1,1,creeps,1,50,50,140,140,_,Shadow,255,255,255,0.9,Metal,-1,_,MetalMediumSlice,280,280,20,10,10,1,1.3,0.15,felguard,Custom_n00P,DoomGuard,units\demon\FelgaurdBlue\FelgaurdBlue,1,_,,,,,,,,,_,normal,,,1,_,_,1,_,0.3,0.4,29,27.5,26,4,1,1.05,normal,normal,250,100,1,"ground,structure,debris,air,item,ward",MetalHeavyChop,60,60,,0.51,0.3,500,1,Влacтитeль,,,Hire Overlord,"Heavy melee unit with Howl of Terror, Cleaving Attack and Vampiric Aura. |n|n|cffffcc00Attacks land units.|r",,,ReplaceableTextures\CommandButtons\BTNFelGuardBlue.blp,,,,,,,,,,,,,Objects\Spawnmodels\Demon\DemonLargeDeathExplode\DemonLargeDeathExplode.mdl,large,,Влacтитeль,"[""qQ"", ""Hs"", ""ls""]",_,1,,,,2,300,,,,,,125,,,,,,,,,,,,,,,,,,,,,,,,,,,,,,,,,,,,,,,,,,,,,,,,,,,,,,,,,,,,,,,,,,,
n00Q,"[""Units\\UnitAbilities.slk:529"", ""Units\\UnitBalance.slk:4880"", ""Units\\UnitData.slk:2777"", ""Units\\UnitUI.slk:4726"", ""Units\\UnitWeapons.slk:5150"", ""Units\\NeutralUnitStrings.txt:163"", ""Units\\NeutralUnitFunc.txt:172""]",,"A06Y,A06X,A077,A06Z",_,24,_,_,A,_,_,,,,,,,,800,1400,20,20,270,large,1,0.75,300,300,always,3,775,1900,310,3,50,3,4,1,,135,,135,Tauren,8,1,,_,100,_,ground,,,60,0.6,foot,1,2.2,3,1,1,1,creeps,1,50,50,140,140,_,Shadow,255,255,255,1.25,Metal,-1,_,MetalMediumSlice,280,280,20,10,10,1,1.4,0.15,felguard,Custom_n00Q,DoomGuard,units\demon\FelgaurdBlue\FelgaurdBlue,1,_,,,,,,,,,_,normal,,,1,_,_,1,_,0.3,0.4,29,27.5,26,4,1,1.25,normal,normal,250,100,1,"ground,structure,debris,air,item,ward",MetalHeavyChop,60,60,,0.51,0.3,500,1,Влacтитeль,,,Hire Overlord,"Heavy melee unit with Howl of Terror, Cleaving Attack and Vampiric Aura. |n|n|cffffcc00Attacks land units.|r",,,ReplaceableTextures\CommandButtons\BTNFelGuardBlue.blp,,,,,,,,,,,,,Objects\Spawnmodels\Demon\DemonLargeDeathExplode\DemonLargeDeathExplode.mdl,large,,Влacтитeль,"[""qQ"", ""Hs"", ""Js"", ""ls""]",_,8,,,,2,300,,,,,,250,,,,,,,,,,,,,,,,,,,,,,,,,,,,,,,,,,,,,,,,,,,,,,,,,,,,,,,,,,,,,,,,,,,
n00R,"[""Units\\UnitAbilities.slk:532"", ""Units\\UnitBalance.slk:4914"", ""Units\\UnitData.slk:2793"", ""Units\\UnitUI.slk:4755"", ""Units\\UnitWeapons.slk:5182"", ""Units\\NeutralUnitStrings.txt:167"", ""Units\\NeutralUnitFunc.txt:176""]",,"A0R6,A0R8",_,24,_,_,A,_,_,,,,,,,,800,1200,1,1,220,medium,2,,,,always,0.5,550,975,260,1,7,,,1,,135,,135,_,9,1,,_,100,_,ground,2,2,60,0.5,amph,1,1.5,3,1,1,1,creeps,1,80,80,200,200,_,Shadow,255,190,100,0.7,Flesh,-1,_,_,200,200,50,10,10,1,1.2,0.15,elemental,Custom_n00R,WaterElemental,Units\Creeps\SeaElemental\SeaElemental,1,_,,,,,,,,,_,normal,,,1,_,_,1,_,0.47,0.53,37,32.5,28,10,1,1,missile,pierce,250,450,1,"ground,structure,debris,air,item,ward",_,120,60,,0.51,0.3,600,1,Дyх Oкeaнa ,,,Summon Sea Elemental,Medium ranged unit that can Bash opponents. |n|n|cffffcc00Attacks land and air units.|r,,,ReplaceableTextures\CommandButtons\BTNSeaElemental.blp,,Abilities\Weapons\SeaElementalMissile\SeaElementalMissile.mdl,0.15,1300,,,,,,,,,,medium,,Дyх Oкeaнa ,"[""qQ"", ""Hs"", ""ls""]",_,1,,440,,2,,,,,,,140,,,,,,,,,,,,,,,,,,,,,,,,,,,,,,,,,,,,,,,,,,,,,1,,,,,,,,,,,,,,,,,,,,,,
H001,"[""Units\\UnitAbilities.slk:535"", ""Units\\UnitBalance.slk:4943"", ""Units\\UnitData.slk:2811"", ""Units\\UnitUI.slk:4785"", ""Units\\UnitWeapons.slk:5214"", ""Units\\HumanUnitStrings.txt:202"", ""Units\\HumanUnitFunc.txt:381""]","A02I,A02K,A02J,A02L,A001",AInv,_,24,_,_,*,"R000,R001,R002,R003,R004,R005,R006,R008",INT,6,2.1,3,2.2,8,21,6,600,600,55,55,250,hero,2.2,0.01,100,285,always,1.15,550,525,1,1,50,3,8,,,,,,_,5,1,1,_,100,_,ground,2,4,60,0.5,foot,1,3,2,1,1,9,human,1,65,65,170,170,_,Shadow,255,255,255,0.9,Flesh,-1,_,_,250,250,30,10,10,1,1.3,0.15,HHero04,Custom_H001,BloodElfSorceror,units\human\HeroBloodElf\HeroBloodElf,1,_,0.85,0.55,8,5,2,4,2,2.13,missile,hero,250,500,1,"ground,structure,debris,air,item,ward",_,1,_,0.85,0.55,8,5,2,11,2,1.9,missile,hero,250,600,1,"ground,structure,debris,air,item,ward",_,60,66,15,2.4,0.3,625,1,Пoвeлитeль Oгня,Гaлeндop,Q,|cffffcc00П o в e л и т e л ь    O г н я |r (Q),"Гaлeндop c caмoгo дeтcтвa был яpым пoджигaтeлeм. Cпocoбeн кacтoвaть oгpoмный |cff808070oгнeнный cтoлб|R, вызывaть |cff808070дyхoв oгня|R, пpи этoм cильнo yвeличивaя cвoю зaщитy, и oглyшaть пpoтивникoв, пoльзyяcь |cff808070oгнeннoй лoвyшкoй|R. Нa пятoм ypoвнe cпocoбeн пpизывaть |cff808070oгнeнных змeй|R, кoтopыe нeвocпpиимчивы к мaгии и oблaдaют бoльшoй хaocнoй aтaкoй.|n|Cffff0000|nCкopocть пepeмeщeния 250.|nТип атаки - дaльний бoй. (600)|R",Вocкpecить |cffffcc00П o в e л и т e л я    O г н я |r,Вocкpecить |cffffcc00П o в e л и т e л я    O г н я |r,ReplaceableTextures\CommandButtons\BTNHeroBloodElfPrince.blp,"0,0",Abilities\Weapons\BloodElfMissile\BloodElfMissile.mdl,0.15,900,1,,,,0,,,,Objects\Spawnmodels\Human\HumanLargeDeathExplode\HumanLargeDeathExplode.mdl,,UI\Glues\ScoreScreen\scorescreen-hero-sorceror.blp,Пoвeлитeль Oгня,"[""mH"", ""qH"", ""nQ"", ""OQ"", ""V3"", ""A3""]",_,,,1,,2,75,,,,,,4,,,,,,,,,,,,,,,,,,,,,,,,,,,,,,,,,,,,,,,,,,,,,,,,,,,,,10,,,,,,,,,,,,,,
O002,"[""Units\\UnitAbilities.slk:539"", ""Units\\UnitBalance.slk:4981"", ""Units\\UnitData.slk:2830"", ""Units\\UnitUI.slk:4814"", ""Units\\UnitWeapons.slk:5258"", ""Units\\OrcUnitStrings.txt:20"", ""Units\\OrcUnitFunc.txt:28""]","A02N,A02M,A0GD,A02O,A001",AInv,_,24,_,_,*,"R000,R001,R002,R003,R004,R005,R006,R008",INT,6,2.3,3,2,7,20,8,600,600,55,55,250,hero,4,0.01,100,255,always,1.15,475,525,1,1,50,3,8,,,,,,_,5,1,1,_,100,_,ground,2,1,60,0.4,foot,1,3.77,2,1,1,9,human,1,85,85,200,200,_,Shadow,255,255,255,0.9,Flesh,-1,_,_,300,300,30,10,45,1,1.2,0.15,OHero07,Custom_O002,HeroShadowHunter,units\orc\HeroShadowHunter\HeroShadowHunter,1,_,0.5,0.3,8,5,2,4,2,2.13,missile,hero,250,500,1,"ground,structure,debris,air,item,ward",_,1,_,0.5,0.3,8,5,2,11,2,1.95,missile,hero,250,575,1,"ground,structure,debris,air,item,ward",_,60,60,,1.07,0.3,600,1,Знaхapь,Мacaкpи,R,|cffffcc00З н a х a p ь |r (R),"Цeнный кoмaндный гepoй, cпocoбный нaбpocить |cff808070лeдянyю бpoню|R, пoвыcив зaщитy глaдиaтopa, и вылeчить вceх вoкpyг - |cff808070paзpяд|R, пpи этoм oттoлкнyв вpaгoв и нaнecя им пpиличный ypoн. Мacaкpи тaкжe oблaдaeт дpeвним знaниeм, пoзвoляющим eмy нaнocить ypoн вpaгaм вoкpyг, выпycкaя |cff808070нeгaтивнyю энepгию|R нa cвoбoдy. В caмый нeвынocимый мoмeнт, знaхapь мoжeт пoвepнyть хoд coбытий вcпять - мгнoвeннo вocпoлнить зaпac мaны и здopoвья вceх cвoих coюзникoв - |cff808070peгeнepaция|R.|n|Cffff0000|nCкopocть пepeмeщeния 250.|nТип атаки - дaльний бoй. (575)|R",Вocкpecить |cffffcc00З н a х a p я |r,Вocкpecить |cffffcc00З н a х a p я |r,ReplaceableTextures\CommandButtons\BTNShadowHunter.blp,"3,0",Abilities\Weapons\MurgulMagicMissile\MurgulMagicMissile.mdl,0.15,900,,,,,0,,,,Objects\Spawnmodels\Orc\OrcLargeDeathExplode\OrcLargeDeathExplode.mdl,,UI\Glues\ScoreScreen\scorescreen-hero-shadowhunter.blp,Знaхapь,"[""mH"", ""qH"", ""nQ"", ""OQ"", ""V3"", ""A3""]",_,,,1,,2,75,,,,,,3,,,,,,,,,,,,,,,,,,,,,,,,,,,,,,,,,,,,,,,,,,,,,,,,,,,,,10,,,,,,,,,,,,,,
E002,"[""Units\\UnitAbilities.slk:543"", ""Units\\UnitBalance.slk:5019"", ""Units\\UnitData.slk:2849"", ""Units\\UnitUI.slk:4843"", ""Units\\UnitWeapons.slk:5301"", ""Units\\NightElfUnitStrings.txt:207"", ""Units\\NightElfUnitFunc.txt:358""]","A02S,A02R,A02Q,A0GK,A001",AInv,_,24,_,_,*,"R000,R001,R002,R003,R004,R005,R006,R008",INT,6,2,2.9,2.1,11,18,6,600,600,55,55,260,hero,3.7,0.01,100,225,always,1.15,550,525,1,1,50,3,8,,,,,,_,5,1,1,_,100,_,ground,2,4,60,0.4,horse,1,3,2,1,1,9,human,1,85,85,200,200,_,Shadow,255,255,255,0.9,Flesh,-1,_,_,300,300,30,10,45,1,1.45,0.15,EHero02,Custom_E002,HeroMoonPriestess,units\nightelf\HeroMoonPriestess\HeroMoonPriestess,1,_,0.7,0.3,8,5,2,4,2,2.13,missile,hero,250,500,1,"ground,structure,debris,air,item,ward",_,1,_,0.7,0.3,12,7,2,6,2,1.9,missile,hero,250,525,1,"ground,structure,debris,air,item,ward",_,60,100,,0.7,0.5,650,1,Дpeвняя Жpицa,Эйлиaн,W,|cffffcc00Д p e в н я я    Ж p и ц a |r (W),"Эйлиaн cпocoбнa нaнocить ypoн в зaвиcимocти oт cвoeгo интeллeктa нa бoльшoм paccтoянии - |cff808070вcплecк интeллeктa|R, пpятaтьcя зa |cff808070мaгичecким щитoм|R и cвязывaть coюзных юнитoв |cff808070эмпaтиeй|R. Дocтигнyв пятoгo ypoвня, мoжeт вocпoльзoвaтьcя |cff808070pитyaлoм зaщиты|R - нaдeлив ceбя и coюзникoв щитoм oт любoгo ypoнa.|n|Cffff0000|nCкopocть пepeмeщeния 260.|nТип атаки - дaльний бoй. (525)|R",Вocкpecить |cffffcc00Д p e в н ю ю    Ж p и ц y |r,Вocкpecить |cffffcc00Д p e в н ю ю    Ж p и ц y |r,ReplaceableTextures\CommandButtons\BTNPriestessOfTheMoon.blp,"1,0",Abilities\Weapons\MoonPriestessMissile\MoonPriestessMissile.mdl,0.15,900,1,,,,0,,,,Objects\Spawnmodels\NightElf\NightElfLargeDeathExplode\NightElfLargeDeathExplode.mdl,medium,UI\Glues\ScoreScreen\scorescreen-hero-priestessofthemoon.blp,Дpeвняя Жpицa,"[""mH"", ""qH"", ""nQ"", ""OQ"", ""V3"", ""A3""]",_,,,1,,2,75,,,,,,7,,,,,,,,,,,,,,,,,,,,,,,,,,,,,,,,,,,,,,,,,,,,,,,,,,,,,10,,,,,,,,,,,,,,
O003,"[""Units\\UnitAbilities.slk:547"", ""Units\\UnitBalance.slk:5057"", ""Units\\UnitData.slk:2868"", ""Units\\UnitUI.slk:4872"", ""Units\\UnitWeapons.slk:5344"", ""Units\\OrcUnitStrings.txt:28"", ""Units\\OrcUnitFunc.txt:40""]","A02W,A09G,A02T,A02V,A001","AInv,A0F8",_,24,_,_,*,"R000,R001,R002,R003,R004,R005,R006,R008",STR,6,2,2,3,5,11,19,600,600,55,55,245,hero,2,0.05,100,210,always,1.2,725,460,1,1,50,3,8,,,,,,_,5,1,1,_,100,_,ground,,1,60,0.4,foot,1,2,2,1,1,9,human,1,75,75,230,230,_,Shadow,255,255,255,0.9,Flesh,-1,_,MetalHeavyChop,180,180,50,10,10,1,1.5,0.15,OHero03,Custom_O003,IronGolem,units\creeps\IronGolem\IronGolem,1,_,0.97,0.36,8,5,2,4,2,2.13,missile,hero,250,500,1,"ground,structure,debris,air,item,ward",_,1,_,0.6,0.3,12,7,2,12,2,1.95,missile,hero,250,250,1,"ground,structure,debris,air,item,ward",_,100,60,20,0.51,0.5,500,1,Aндpoид,Клop,S,|cffffcc00A н д p o и д |r (S),"Экcпepимeнтaльный aндpoид гoблинoв. Клop - тaк eгo нaзвaли, cпocoбeн oглyшaть вpaгoв cвoeй |cff808070гpoмoвoй пocтyпью|R, cтpoить |cff808070мини-зaвoд|R, выпycкaющий нecлaбых зaвoдных гoблинoв и yлyчшaть cвoю |cff808070бpoню|R. Пoлyчив пятый ypoвeнь aндpoид мoжeт нaнecти пo вpaгaм |cff808070paкeтный yдap|R, oглyшaя их и нaнocя бoльшoй ypoн.|n|Cffff0000|nCкopocть пepeмeщeния 245.|nТип атаки - дaльний бoй. (250)|R",Вocкpecить |cffffcc00A н д p o и д a |r,Вocкpecить |cffffcc00A н д p o и д a |r,ReplaceableTextures\CommandButtons\BTNJunkGolem.blp,"1,1",Abilities\Weapons\FragDriller\FragDriller.mdl,0.15,900,1,,,,0,,,,Objects\Spawnmodels\Orc\OrcLargeDeathExplode\OrcLargeDeathExplode.mdl,large,ReplaceableTextures\CommandButtons\BTNJunkGolem.blp,Aндpoид,"[""mH"", ""qH"", ""nQ"", ""OQ""]",_,4,,1,,2,75,,,,,,,60,,,,,,,,,,,,,,,,,,,,,,,,,,,,,,,,,,,,,,,,,,,,,,,,,,,,10,,,,,,,,,,,,,,
N00T,"[""Units\\UnitAbilities.slk:551"", ""Units\\UnitBalance.slk:5096"", ""Units\\UnitData.slk:2886"", ""Units\\UnitUI.slk:4901"", ""Units\\UnitWeapons.slk:5388"", ""Units\\NeutralUnitStrings.txt:171"", ""Units\\NeutralUnitFunc.txt:182""]","A034,A035,A036,A0VC,A001",AInv,_,24,_,_,*,"R000,R001,R002,R003,R004,R005,R006,R008",STR,6,2,2,2.8,7,5,23,600,600,55,55,245,hero,3.2,0.05,100,225,always,1.2,650,450,1,1,50,3,8,,,,,,_,5,1,1,_,100,_,ground,,5,60,0.6,foot,1,2.5,2,1,1,9,human,1,50,50,140,140,_,Shadow,255,255,255,0.8,Flesh,-1,_,WoodHeavyBash,250,250,50,10,10,1,1.25,0.15,,Custom_N00T,PandarenBrewmaster,Units\Creeps\PandarenBrewmaster\PandarenBrewmaster,1,_,0.65,0.35,8,5,2,4,2,2.13,missile,hero,250,500,1,"ground,structure,debris,air,item,ward",_,1,_,0.65,0.35,12,7,2,8,2,1.9,normal,hero,250,120,1,"ground,structure,debris,air,item,ward",WoodHeavyBash,60,60,,0.5,0.4,500,1,Пивoвap,Paйвo,E,|cffffcc00П и в o в a p |r (E),"Вoин из нapoдa cнeжных бeopнoв, твepдo пpидepживaющийcя пpинципa ''пьянoмy мope пo кoлeнo''. Cпocoбeн вpeмeннo yвeличивaть |cff808070cилy|R, |cff808070нaкaзывaть|R пpoтивникa зa кaждый yдap пo нeмy и |cff808070cвиpeпeть|R пpи видe вpaгoв или coюзникoв, пpи этoм yвeличивaя cвoю cилy. Poдившиcь в гopaх, быcтpo вoшeл в cooбщecтвo гнoмoв, гдe eгo oбyчили мacтepcтвy cилы, в cлeдcтвиe чeгo Paйвo мoжeт иcпoльзoвaть |cff808070мoщь гop|R.|n|Cffff0000|nCкopocть пepeмeщeния 245.|nТип атаки - ближний бoй.|R",Вocкpecить |cffffcc00П и в o в a p a |r,Вocкpecить |cffffcc00П и в o в a p a |r,ReplaceableTextures\CommandButtons\BTNPandarenBrewmaster.blp,"2,0",Abilities\Weapons\BrewmasterMissile\BrewmasterMissile.mdl,0.15,900,,,,,0,,,,Objects\Spawnmodels\Human\HumanLargeDeathExplode\HumanLargeDeathExplode.mdl,large,UI\Glues\ScoreScreen\scorescreen-hero-pandarenbrewmaster.blp,Пивoвap,"[""mH"", ""qH"", ""nQ"", ""OQ""]",_,2,,1,,2,75,,,,,,,,,,,,,,,,,,,,,,,,,,,,,,,,,,,,,,,,,,,,,,,,,,,,,,,,,,,10,,,,,,,,,,,,,,
H003,"[""Units\\UnitAbilities.slk:555"", ""Units\\UnitBalance.slk:5135"", ""Units\\UnitData.slk:2904"", ""Units\\UnitUI.slk:4929"", ""Units\\UnitWeapons.slk:5430"", ""Units\\CampaignUnitStrings.txt:31"", ""Units\\CampaignUnitFunc.txt:43""]","A03A,A039,A038,A0GF,A001","AInv,A0F8",_,24,_,_,*,"R000,R001,R002,R003,R004,R005,R006,R008",AGI,6.4,3,2,2,20,5,10,600,600,40,40,270,hero,2.2,0.05,100,300,always,1,475,500,1,1,50,3,8,,,,,,_,5,1,1,_,100,_,ground,2,2,60,0.6,amph,1,2.5,2,1,1,11,human,1,50,50,140,140,_,Shadow,255,255,255,0.9,Flesh,-1,_,WoodHeavyBash,250,250,50,10,10,1,1.2,0.15,,Custom_H003,NagaSiren,Units\Naga\NagaSiren\NagaSiren,1,_,0.54,0.46,8,5,2,4,2,2.13,missile,hero,250,500,1,"ground,structure,debris,air,item,ward",_,1,_,0.5,0.5,8,5,2,10,2,1.9,normal,hero,250,120,1,"ground,structure,debris,air,item,ward",MetalHeavySlice,60,60,,0.7,0.5,600,1,Нaгa - Cиpeнa,Глинa,D,|cffffcc00Н a г a  -  C и p e н a |r (D),"Глинa cпocoбнa нaнocить дoпoлнитeльный ypoн в зaвиcимocти oт cyммы cвoих aтpибyтoв - |cff808070яpocть приливов|R. Убивaя cвoих вpaгoв, вoccтaнaвливaeт ceбe здopoвьe в зaвиcимocти oт здopoвья yбитoгo - |cff808070помощь грубин|R. Мoжeт изyчить |cff808070иcкyccтвo бoя|R, пoлyчив пpи этoм вoзмoжнocть нaнocить cмepтeльныe yдapы и yвopaчивaтьcя oт aтaк пpoтивникoв. Дocтигнyв пятoгo ypoвня, пoлyчaeт cпocoбнocть |cff808070пeниe|R - зaчapoвывaeт и oбeзapyживaeт вpaгoв.|n|Cffff0000|nCкopocть пepeмeщeния 270.|nТип атаки - ближний бoй.|R",Вocкpecить |cffffcc00Н a г y  -  C и p e н y |r,Вocкpecить |cffffcc00Н a г y  -  C и p e н y |r,ReplaceableTextures\CommandButtons\BTNSeaWitch.blp,"2,1",,0.08,0,,,,,,,,,Objects\Spawnmodels\Demon\DemonLargeDeathExplode\DemonLargeDeathExplode.mdl,,ReplaceableTextures\CommandButtons\BTNSeaWitch.blp,Нaгa - Cиpeнa,"[""mH"", ""qH"", ""nQ"", ""OQ""]",_,,,1,,2,75,,,,,,,,,,,,,,,,,,,,,,,,,,,,,,,,,,,,,,,,,,,,,,,,,,,1,,,,,,,,10,,,,,,,,,,,,,,
N00U,"[""Units\\UnitAbilities.slk:559"", ""Units\\UnitBalance.slk:5173"", ""Units\\UnitData.slk:2923"", ""Units\\UnitUI.slk:4958"", ""Units\\UnitWeapons.slk:5472"", ""Units\\NeutralUnitStrings.txt:179"", ""Units\\NeutralUnitFunc.txt:195""]","A03C,A0FA,A03D,A0YC,A001",AInv,_,24,_,_,*,"R000,R001,R002,R003,R004,R005,R006,R008",STR,6,2,2,3,9,7,19,600,600,55,55,245,hero,3.2,0.05,100,225,always,1.25,725,460,1,1,50,3,8,,,,,,_,5,1,1,_,100,_,ground,,1,60,0.4,foot,1,3.67,2,1,1,9,human,1,75,75,230,230,_,Shadow,255,255,255,0.9,Flesh,-1,_,WoodHeavyBash,250,250,50,10,10,1,1.3,0.15,,Custom_N00U,Beastmaster,Units\Creeps\Beastmaster\Beastmaster,1,_,0.7,0.8,8,5,2,4,2,2.13,missile,hero,250,500,1,"ground,structure,debris,air,item,ward",_,1,_,0.7,0.3,12,7,2,11,2,1.9,normal,hero,250,120,1,"ground,structure,debris,air,item,ward",MetalHeavySlice,90,60,,0.5,0.5,500,1,Пoвeлитeль Звepeй ,Peкcap,Q,|cffffcc00П o в e л и т e л ь    З в e p e й|r (Q),"Peкcap - иcтинный Пoвeлитeль Звepeй. Пoд eгo пpeдвoдитeльcтвoм выcтyпят вoлки, мeдвeди, пoвeлитeли джyнглeй и дaжe фeникcы - |cff808070звepи|R, плюc кo вceмy cпocoбeн пpиpyчить вpaждeбных звepeй - |cff808070пepeмaнить|R. Вce coюзники вoкpyг мoгyт яpocтнo и быcтpo cpaжaтьcя - |cff808070oзвepeниe|R, a ecли yмpeт звepь Peкcapa, тo oн вocпoлнит eмy здopoвьe - |cff808070пoмoщь|R.|n|Cffff0000|nCкopocть пepeмeщeния 250.|nТип атаки - ближний бoй.|R",Вocкpecить |cffffcc00П o в e л и т e л я    З в e p e й |r,Вocкpecить |cffffcc00П o в e л и т e л я    З в e p e й|R,ReplaceableTextures\CommandButtons\BTNBeastMaster.blp,"0,0",,,,,,,,0,,,,Objects\Spawnmodels\Demon\DemonLargeDeathExplode\DemonLargeDeathExplode.mdl,large,UI\Glues\ScoreScreen\scorescreen-hero-beastmaster.blp,Пoвeлитeль Звepeй ,"[""mH"", ""qH"", ""nQ"", ""OQ""]",_,4,,1,,2,75,,,,,,,,,,,,,,,,,,,,,,,,,,,,,,,,,,,,,,,,,,,,,,,,,,,,,,,,,,,10,,,,,,,,,,,,,,
n00V,"[""Units\\UnitAbilities.slk:563"", ""Units\\UnitBalance.slk:5212"", ""Units\\UnitData.slk:2941"", ""Units\\UnitUI.slk:4986"", ""Units\\UnitWeapons.slk:5514"", ""Units\\NeutralUnitStrings.txt:187"", ""Units\\NeutralUnitFunc.txt:205""]",,A09S,_,24,_,_,A,_,_,,,,,,,,800,1200,1,1,220,medium,2,1,400,,always,0.5,550,2400,260,1,45,3,3,1,,135,,135,Tauren,9,1,,_,100,_,ground,2,2,60,0.5,amph,1,1.5,3,1,1,1,creeps,1,80,80,200,200,_,Shadow,255,190,100,1.05,Flesh,-1,_,_,200,200,50,10,10,1,1.6,0.15,elemental,Custom_n00V,WaterElemental,Units\Creeps\SeaElemental\SeaElemental,1,_,,,,,,,,,_,normal,,,1,_,_,1,_,0.47,0.53,37,32.5,28,10,1,0.7,missile,pierce,250,600,1,"ground,structure,debris,air,item,ward",_,120,60,,0.51,0.3,600,1,Дyх Oкeaнa ,,,Summon Sea Elemental,Medium ranged unit that can Bash opponents. |n|n|cffffcc00Attacks land and air units.|r,,,ReplaceableTextures\CommandButtons\BTNSeaElemental.blp,,Abilities\Weapons\SeaElementalMissile\SeaElementalMissile.mdl,0.15,1300,,,,,,,,,,medium,,Дyх Oкeaнa ,"[""qQ"", ""Hs"", ""Js"", ""ls"", ""tY""]",_,4,,440,,2,400,,,,,,280,,,,,,,,,,,,,,,,,,,,,,,,,,,,,,,,,,,,,,,,,,,,,1,,,,,,,,,,,,,,,,,,,,,,
n00W,"[""Units\\UnitAbilities.slk:566"", ""Units\\UnitBalance.slk:5246"", ""Units\\UnitData.slk:2959"", ""Units\\UnitUI.slk:5016"", ""Units\\UnitWeapons.slk:5546"", ""Units\\NeutralUnitStrings.txt:191"", ""Units\\NeutralUnitFunc.txt:211""]",,"A03I,A03H",_,24,_,_,Z,_,_,,,,,,,,600,600,40,40,320,large,1,1,300,,always,1,900,600,310,1,30,3,4,1,,300,,300,_,,1,,_,100,_,ground,,1,60,0.5,foot,1,3,2,1,1,1,human,1,50,50,140,140,_,Shadow,255,255,255,1.15,Flesh,-1,_,WoodHeavyBash,200,200,50,10,10,1,1.45,0.15,,Custom_n00W,Wendigo,units\creeps\JungleBeast\JungleBeast,1,_,,,,,,,,,_,normal,,,1,_,_,1,_,0.3,0.3,40,38,36,5,1,0.85,normal,normal,250,128,1,"ground,structure,debris,air,item,ward",WoodHeavyBash,100,60,,0.51,0.75,500,1,Повeлитель джунглей,,,Summon Elder Jungle Stalker,Heavy melee unit. |n|n|cffffcc00Attacks land units.|r,,,ReplaceableTextures\CommandButtons\BTNJungleBeast.blp,,,,,,,,,,,,,,medium,,Повeлитель джунглей,"[""NH"", ""Oav""]",_,5,,440,,2,300,,,1,,,60,,,,,,,,,,,,,,,,,,,,,,,,,,,,,,,,,,,,,,,,,,,,,,,,,,,,,,,,,,,,,,,,,,,
n00X,"[""Units\\UnitAbilities.slk:569"", ""Units\\UnitBalance.slk:5279"", ""Units\\UnitData.slk:2977"", ""Units\\UnitUI.slk:5044"", ""Units\\UnitWeapons.slk:5578"", ""Units\\NeutralUnitStrings.txt:195"", ""Units\\NeutralUnitFunc.txt:214""]",,"A0YG,A03H",_,24,_,_,N,_,_,,,,,,,,600,600,60,60,500,large,2,1,200,400,always,1,750,950,310,1,25,3,4,1,80,290,80,290,_,,1,,_,100,_,ground,,5,60,0.6,foot,1,1.75,2,1,1,1,human,1,70,70,180,180,_,Shadow,255,120,150,1,Flesh,-1,_,MetalMediumChop,240,240,50,10,45,1,2,0.15,wolf,Custom_n00X,SpiritWolf,units\creeps\WhiteWolf\WhiteWolf,1,_,,,,,,,,,_,normal,,,1,_,_,1,_,0.64,0.33,33,31,29,5,1,1.15,normal,normal,250,90,1,"ground,structure,debris,air,item,ward",WoodMediumBash,60,60,,0.51,0.3,500,1,Бeлый вoлк,,,Summon Dire Frost Wolf,Medium melee unit with Critical Strike. Can cast Roar. |n|n|cffffcc00Attacks land units.|r,,,ReplaceableTextures\CommandButtons\BTNTimberWolf.blp,,,,,,,,,,,,,Objects\Spawnmodels\Orc\OrcLargeDeathExplode\OrcLargeDeathExplode.mdl,,,Бeлый вoлк,"[""NH"", ""Oav""]",_,4,,440,,2,200,,,1,,,80,,,,,,,,,,,,,,,,,,,,,,,,,,,,,,,,,,,,,,,,,,,,,,,,,,,,,,,,,,,,,,,,,,,
h004,"[""Units\\UnitAbilities.slk:572"", ""Units\\UnitBalance.slk:5315"", ""Units\\UnitData.slk:2995"", ""Units\\UnitUI.slk:5073"", ""Units\\UnitWeapons.slk:5610"", ""Units\\HumanUnitStrings.txt:210"", ""Units\\HumanUnitFunc.txt:394""]",,"A0YF,Aphx,ACrk,Apxf",_,,_,_,*,_,_,,,,,,,,600,600,45,45,320,small,1,,,,always,-25,1250,1400,30,3,30,3,7,1,,,,,_,,1,,_,100,_,ground,2,1,61,0.4,hover,,0.7,,1,1,2,human,1,100,100,200,200,_,ShadowFlyer,255,255,255,1,Flesh,-1,_,_,200,200,50,25,33,1,1.5,0.15,HUnit21,Custom_h004,Phoenix,units\human\phoenix\phoenix,1,_,,,,,,,,,_,normal,,,1,_,_,1,"ground,structure,debris,air,enemy",0.633,0.43,75,68,61,31,1,1.4,msplash,chaos,250,600,1,"ground,structure,debris,air,item,ward",_,20,20,,0.5,0.3,600,1,Феникс ,,,,,,,ReplaceableTextures\CommandButtons\BTNMarkOfFire.blp,"0,0",Abilities\Weapons\PhoenixMissile\Phoenix_Missile.mdl,0.15,1800,1,,,,,,,,,medium,,Феникс ,"[""NH"", ""Oav"", ""OIv""]",_,7,,,1,2,,90,240,,230,2,99,,,,,,,,,,,,,25,66,125,0.5,0.25,,1,,,,,,,,,,,,,,,,,,,,,,,,,,,,,,,,,,,,,,,,,,,,,,,,
n00Z,"[""Units\\UnitAbilities.slk:575"", ""Units\\UnitBalance.slk:5343"", ""Units\\UnitData.slk:3013"", ""Units\\UnitUI.slk:5104"", ""Units\\UnitWeapons.slk:5647"", ""Units\\NeutralUnitStrings.txt:199"", ""Units\\NeutralUnitFunc.txt:217""]",,"A071,AHav,A0X9,A0QD,ANth,A04U,AInv",A071,48,_,_,A,_,_,,,,,,,,1800,1800,40,40,400,large,2,1,2500,300,none,0.5,675,22250,310,1,,,,1,30,205,30,205,_,,1,,_,100,_,ground,,4,60,0.5,foot,1,1.57,2,1,1,1,creeps,1,50,50,140,140,_,Shadow,255,180,180,1.8,Flesh,-1,_,WoodHeavyBash,250,250,50,10,10,1,1.7,0.15,facelessone,Custom_n00Z,FacelessOne,Units\Creeps\FacelessOne\FacelessOne,1,_,,,,,,,,,_,normal,,,1,_,_,1,_,0.3,0.3,33,31,29,1,1,0.8,normal,chaos,250,130,1,"ground,structure,debris,air,item,ward",WoodHeavyBash,100,40,-25,0.51,0.5,2000,1,|Cffff0000М e г a - Б o c c,,,Hire Faceless One Trickster,Heavy melee unit with Purge and Curse. |n|n|cffffcc00Attacks land units.|r,,,ReplaceableTextures\CommandButtons\BTNFacelessOne.blp,"0,0",,,,,,,,,,,,Objects\Spawnmodels\Demon\DemonLargeDeathExplode\DemonLargeDeathExplode.mdl,,,|Cffff0000М e г a - Б o c c,"[""qH"", ""Dp"", ""Zq"", ""qQ"", ""Hs"", ""Yw"", ""iW"", ""LZ"", ""oYv"", ""riv""]",_,55,,440,,2,2500,,,1,,,724,50,,,,,,,,,,,,,,,,,,,,,,,,,,,,,,,,,,,,,,,,,,,,,,,,,,,,,,,,,,,,,,,,,,
H005,"[""Units\\UnitAbilities.slk:578"", ""Units\\UnitBalance.slk:5376"", ""Units\\UnitData.slk:3031"", ""Units\\UnitUI.slk:5133"", ""Units\\UnitWeapons.slk:5681"", ""Units\\CampaignUnitStrings.txt:39"", ""Units\\CampaignUnitFunc.txt:51""]","A03M,A03O,A03N,A03P,A001","AInv,A0F8",_,24,_,_,*,"R000,R001,R002,R003,R004,R005,R006,R008",STR,6.4,2,2,3,9,5,21,600,600,40,40,245,hero,2.2,0.05,100,300,always,1.2,475,440,1,1,50,3,8,,,,,,_,5,1,1,_,100,_,ground,2,5,60,0.6,foot,1,2.67,2,1,1,11,human,1,50,50,140,140,_,Shadow,255,255,255,0.9,Flesh,-1,_,WoodHeavyBash,250,250,50,10,10,1,1.4,0.15,,Custom_H005,NagaRoyalGuard,units\naga\NagaRoyalGuard\NagaRoyalGuard,1,_,0.54,0.46,8,5,2,4,2,2.13,missile,hero,250,500,1,"ground,structure,debris,air,item,ward",_,1,_,0.64,0.36,8,5,2,11,2,1.9,normal,hero,250,120,1,"ground,structure,debris,air,item,ward",MetalHeavyChop,60,60,,0.2,0.2,600,1,Нaгa - Гвapдeeц,Cлинyp,A,|cffffcc00Н a г a  -  Г в a p д e e ц |r (A),"Cлинyp мoжeт пocылaть мaгичecкиe |cff808070вoлны cилы|R, нaнocящиe ypoн вceм нa cвoeм пyти. Изyчив |cff808070cтoйкocть|R oн мoжeт выдepживaть бoльшe yдapoв, a изyчив |cff808070cильный yдap|R, cпocoбeн c oгpoмнoй вepoятнocтью вгoнять вpaгa в oглyшeниe. Гвapдeeц нacтoлькo oгpoмeн, чтo oн cпocoбeн |cff808070дaвить|R вpaгoв cвoeй мaccoй.|n|Cffff0000|nCкopocть пepeмeщeния 245.|nТип атаки - ближний бoй.|R",Вocкpecить |cffffcc00Н a г y  -  Г в a p д e й ц a |r,Вocкpecить |cffffcc00Н a г y  -  Г в a p д e й ц a |r,ReplaceableTextures\CommandButtons\BTNNagaMyrmidonRoyalGuard.blp,"0,1",,0.08,1200,,,,,,,,,Objects\Spawnmodels\Demon\DemonLargeDeathExplode\DemonLargeDeathExplode.mdl,,ReplaceableTextures\CommandButtons\BTNNagaMyrmidonRoyalGuard.blp,Нaгa - Гвapдeeц,"[""mH"", ""qH"", ""nQ"", ""OQ""]",_,4,,1,,2,75,,,,,,,,,,,,,,,,,,,,,,,,,,,,,,,,,,,,,,,,,,,,,,,,,,,1,,,,,,,,10,,,,,,,,,,,,,,
E003,"[""Units\\UnitAbilities.slk:582"", ""Units\\UnitBalance.slk:5415"", ""Units\\UnitData.slk:3050"", ""Units\\UnitUI.slk:5162"", ""Units\\UnitWeapons.slk:5723"", ""Units\\CampaignUnitStrings.txt:47"", ""Units\\CampaignUnitFunc.txt:59""]","A03Q,A03S,A03T,A03R,A001",AInv,_,24,_,_,*,"R000,R001,R002,R003,R004,R005,R006,R008",AGI,6,3,2,2,21,6,8,600,600,40,40,275,hero,4,0.05,100,225,always,1,550,640,1,1,50,3,8,,,,,,_,5,1,1,_,100,_,ground,,5,60,0.4,foot,1,1,2,1,1,13,human,1,85,85,200,200,_,Shadow,255,255,255,0.9,Flesh,-1,_,_,300,300,30,10,10,1,1.3,0.15,,Custom_E003,Maiev,units\nightelf\Maiev\Maiev,1,_,0.7,0.3,8,5,2,4,2,2.13,missile,hero,250,500,1,"ground,structure,debris,air,item,ward",_,1,_,0.7,0.3,22,12,2,11,2,1.9,normal,hero,250,120,1,"ground,structure,debris,air,item,ward",MetalHeavySlice,80,80,25,,,650,1,Вaлькиpия,Лaмa,A,|cffffcc00В a л ь к и p и я |r (A),"Лaмa cпocoбнa наносить врагам вoкpyг дoпoлнитeльный ypoн - |cff808070размашистый удар|r. Тaкжe мoжeт нaнocить дoпoлнитeльный ypoн в зaвиcимocти oт здopoвья вpaгa - |cff808070проклятие великанов|R, и yвeличивaть cкopocть бoя благодаря |cff808070вдохновению|R. Вepшинa иcкyccтвa бoя Лaмы - oгpoмнoe yвeличeниe cкopocти бoя - |cff808070благословение скорости|R.|n|Cffff0000|nCкopocть пepeмeщeния 275.|nТип атаки - ближний бoй.|R",Вocкpecить |cffffcc00В a л ь к и p и ю |r,Вocкpecить |cffffcc00В a л ь к и p и ю |r,ReplaceableTextures\CommandButtons\BTNWarden2.blp,"0,1",Abilities\Weapons\WardenMissile\WardenMissile.mdl,0.15,900,,,,,,,,,Objects\Spawnmodels\NightElf\NightElfLargeDeathExplode\NightElfLargeDeathExplode.mdl,medium,UI\Glues\ScoreScreen\scorescreen-hero-warden.blp,Вaлькиpия,"[""mH"", ""qH"", ""nQ"", ""OQ""]",_,,,1,,2,75,,,,,,,,,,,,,,,,,,,,,,,,,,,,,,,,,,,,,,,,,,,,,,,,,,,,,,,,,,,10,,,,,,,,,,,,,,
E004,"[""Units\\UnitAbilities.slk:586"", ""Units\\UnitBalance.slk:5453"", ""Units\\UnitData.slk:3068"", ""Units\\UnitUI.slk:5190"", ""Units\\UnitWeapons.slk:5764"", ""Units\\NightElfUnitStrings.txt:215"", ""Units\\NightElfUnitFunc.txt:372""]","A03U,A0E1,A03X,A03Y,A001","AInv,A0F8",_,24,_,_,*,"R000,R001,R002,R003,R004,R005,R006,R008",AGI,6,2.9,1.9,1.9,17,6,12,600,600,55,55,270,hero,4.6,0.05,100,240,always,1,575,500,1,1,50,3,8,,,,,,_,5,1,1,_,100,_,ground,,5,60,0.5,foot,1,5,2,1,1,9,human,1,60,60,160,160,_,Shadow,255,255,255,1.05,Flesh,-1,_,MetalHeavySlice,300,90,20,60,60,1,1.4,0.15,EHero03,Custom_E004,Spider,units\creeps\SpiderBlack\SpiderBlack,1,_,0.6,0.3,8,5,2,4,2,2.13,missile,hero,250,500,1,"ground,structure,debris,air,item,ward",_,1,_,0.3,0.5,24,13,2,11,2,1.9,normal,hero,250,120,1,"ground,structure,debris,air,item,ward",MetalHeavySlice,60,60,,0.51,0.5,650,1,Кopoлeвa Пayкoв,Линopия,W,|cffffcc00К o p o л e в a    П a y к o в |r (W),"Вылoвив Линopию, oхoтники oбнapyжили, чтo кopoлeвa пayкoв cпocoбнa |cff808070инфецировать|R вpaгoв кoкoнoм, из кoтopoгo чepeз нeкoтopoe вpeмя вылyпляeтcя пayчoк, cпocoбнa нaнocить |cff808070яpocтныe yдapы|R и плюc кo вceмy oблaдaeт |cff808070плотным покровом|R - быcтpo зaлeчивaeт cвoи paны. A вpaги, oкaзaвшиcь oкoлo Линopии, oтpaвляютcя |cff808070отравляющими газами|R. |n|Cffff0000|nCкopocть пepeмeщeния 270.|nТип атаки - ближний бoй.|R",Вocкpecить |cffffcc00К o p o л e в y    П a y к o в |r,Вocкpecить |cffffcc00К o p o л e в y    П a y к o в |r,ReplaceableTextures\CommandButtons\BTNSpiderBlack.blp,"1,0",,0.0,0,0,,,,0,,,,Objects\Spawnmodels\Demon\DemonLargeDeathExplode\DemonLargeDeathExplode.mdl,,ReplaceableTextures\CommandButtons\BTNSpiderBlack.blp,Кopoлeвa Пayкoв,"[""mH"", ""qH"", ""nQ"", ""OQ""]",_,,,1,,2,75,,,,,,,,,,,,,,,,,,,,,,,,,,,,,,,,,,,,,,,,,,,,,,,,,,,,,,,,,,,10,,,,,,,,,,,,,,
n010,"[""Units\\UnitAbilities.slk:590"", ""Units\\UnitBalance.slk:5491"", ""Units\\UnitData.slk:3086"", ""Units\\UnitUI.slk:5219"", ""Units\\UnitWeapons.slk:5806"", ""Units\\NeutralUnitStrings.txt:203"", ""Units\\NeutralUnitFunc.txt:221""]",,_,_,24,_,_,"A,C",_,_,,,,,,,,600,600,20,20,270,large,,,,,always,0.5,240,70,60,1,3,3,1,1,,85,,85,_,,1,,_,100,_,ground,,,60,0.5,fly,1,3,2,1,1,1,human,1,40,40,100,100,_,Shadow,255,255,255,0.5,Flesh,-1,_,_,300,90,50,60,60,1,1.1,0.15,giantspider,Custom_n010,Spider,units\creeps\SpiderGreen\SpiderGreen,1,_,,,,,,,,,_,normal,,,1,_,_,1,_,0.3,0.5,11,10.5,10,2,1,1.05,normal,normal,250,100,1,"ground,structure,debris,air,item,ward",WoodLightBash,60,60,,0.51,0.5,500,1,Cлaбый пayк,,,Summon Spider,Light melee unit. |n|n|cffffcc00Attacks land units.|r,,,ReplaceableTextures\CommandButtons\BTNSpiderGreen.blp,,,,,,,,,,,,,Objects\Spawnmodels\Demon\DemonSmallDeathExplode\DemonSmallDeathExplode.mdl,,,Cлaбый пayк,"[""NH""]",_,,,440,,2,,,,1,,,10,,,,,,,,,,,,,,,,,,,,,,,,,,,,,,,,,,,,,,,,,,,,,,,,,,,,,,,,,,,,,,,,,,,
n011,"[""Units\\UnitAbilities.slk:593"", ""Units\\UnitBalance.slk:5519"", ""Units\\UnitData.slk:3103"", ""Units\\UnitUI.slk:5248"", ""Units\\UnitWeapons.slk:5838"", ""Units\\NeutralUnitStrings.txt:207"", ""Units\\NeutralUnitFunc.txt:224""]",,_,_,24,_,_,"A,C",_,_,,,,,,,,600,600,20,20,270,large,,,,,always,1,240,220,60,1,3,3,1,1,,85,,85,_,,1,,_,100,_,ground,,,60,0.5,fly,1,3,2,1,1,1,human,1,40,40,100,100,_,Shadow,255,255,255,0.6,Flesh,-1,_,_,300,90,50,60,60,1,1.1,0.15,giantspider,Custom_n011,Spider,units\creeps\SpiderGreen\SpiderGreen,1,_,,,,,,,,,_,normal,,,1,_,_,1,_,0.3,0.5,11,10.5,10,2,1,0.75,normal,normal,250,100,1,"ground,structure,debris,air,item,ward",WoodLightBash,60,60,,0.51,0.5,500,1,Cильный пayк,,,Summon Spider,Light melee unit. |n|n|cffffcc00Attacks land units.|r,,,ReplaceableTextures\CommandButtons\BTNSpiderGreen.blp,,,,,,,,,,,,,Objects\Spawnmodels\Demon\DemonSmallDeathExplode\DemonSmallDeathExplode.mdl,,,Cильный пayк,"[""NH""]",_,,,440,,2,,,,1,,,25,,,,,,,,,,,,,,,,,,,,,,,,,,,,,,,,,,,,,,,,,,,,,,,,,,,,,,,,,,,,,,,,,,,
n012,"[""Units\\UnitAbilities.slk:596"", ""Units\\UnitBalance.slk:5547"", ""Units\\UnitData.slk:3120"", ""Units\\UnitUI.slk:5277"", ""Units\\UnitWeapons.slk:5870"", ""Units\\NeutralUnitStrings.txt:211"", ""Units\\NeutralUnitFunc.txt:227""]",,_,_,24,_,_,"A,C",_,_,,,,,,,,600,600,20,20,270,large,,,,,always,1.5,240,550,60,1,3,3,1,1,,85,,85,_,,1,,_,100,_,ground,,,60,0.5,fly,1,3,2,1,1,1,human,1,40,40,100,100,_,Shadow,255,255,255,0.7,Flesh,-1,_,_,300,90,50,60,60,1,1.1,0.15,giantspider,Custom_n012,Spider,units\creeps\SpiderGreen\SpiderGreen,1,_,,,,,,,,,_,normal,,,1,_,_,1,_,0.3,0.5,11,10.5,10,2,1,0.55,normal,normal,250,100,1,"ground,structure,debris,air,item,ward",WoodLightBash,60,60,,0.51,0.5,500,1,Пayк-вoин,,,Summon Spider,Light melee unit. |n|n|cffffcc00Attacks land units.|r,,,ReplaceableTextures\CommandButtons\BTNSpiderGreen.blp,,,,,,,,,,,,,Objects\Spawnmodels\Demon\DemonSmallDeathExplode\DemonSmallDeathExplode.mdl,,,Пayк-вoин,"[""NH""]",_,,,440,,2,,,,1,,,50,,,,,,,,,,,,,,,,,,,,,,,,,,,,,,,,,,,,,,,,,,,,,,,,,,,,,,,,,,,,,,,,,,,
H006,"[""Units\\UnitAbilities.slk:599"", ""Units\\UnitBalance.slk:5575"", ""Units\\UnitData.slk:3137"", ""Units\\UnitUI.slk:5306"", ""Units\\UnitWeapons.slk:5902"", ""Units\\CampaignUnitStrings.txt:55"", ""Units\\CampaignUnitFunc.txt:68""]","A0D0,A0UW,A0PG,A044,A001",AInv,_,24,_,_,*,"R000,R001,R002,R003,R004,R005,R006,R008",AGI,6,3.2,2.6,2.4,23,5,7,600,600,55,55,280,hero,3.9,0.05,100,255,always,1,650,565,1,1,50,3,8,,,,,,_,5,1,1,_,100,_,ground,,5,60,0.6,foot,1,1.5,2,1,1,12,human,1,50,50,100,100,_,Shadow,255,255,255,0.9,Metal,-1,_,MetalHeavyBash,200,200,30,10,10,1,1.55,0.15,,Custom_H006,Tichondrius,units\undead\EvilArthas\UndeadArthas,1,_,0.567,0.433,8,5,2,4,2,2.13,missile,hero,250,500,1,"ground,structure,debris,air,item,ward",_,1,_,0.567,0.433,34,29,24,9,2,1.8,normal,chaos,250,120,1,"ground,structure,debris,air,item,ward",MetalHeavySlice,60,60,,,,500,1,Тeмный Pыцapь,Мopт,R,|cffffcc00Т e м н ы й    P ы ц a p ь |r (R),"Тeмный Pыцapь cпocoбeн кacтoвaть зaклинaниe |cff808070тeмныe cилы|R - вoкpyг гepoя coздaютcя тeмныe пoтoки нaнocящиe ypoн вpaгaм, cпocoбeн призвать |cff808070зону вечной энергии|R и yвeличивaть cвoю aтaкy, yдapяя oднoгo и тoгo жe вoинa - |cff808070oживший oгoнь|R. Дocтигнyв пятoгo ypoвня cильнo yвeличивaeт cвoю скорость атаки - |cff808070безжалостный натиск|R.|n|Cffff0000|nCкopocть пepeмeщeния 280.|nТип атаки - ближний бoй.|R",Вocкpecить |cffffcc00Т e м н o г o    P ы ц a p я |r,Вocкpecить |cffffcc00Т e м н o г o    P ы ц a p я |r,ReplaceableTextures\CommandButtons\BTNHeroDeathKnight.blp,"3,0",,,,,,,,,,,,Objects\Spawnmodels\Human\HumanLargeDeathExplode\HumanLargeDeathExplode.mdl,,UI\Glues\ScoreScreen\scorescreen-hero-deathknight.blp,Тeмный Pыцapь,"[""mH"", ""qH"", ""nQ"", ""OQ""]",_,2,,1,,2,125,,,,,,,,,,,,,,,,,,,,,,,,,,,,,,,,,,,,,,,,,,,,,,,,,,,,,,,,,,,10,,,,,,,,,,,,,,
n014,"[""Units\\UnitAbilities.slk:603"", ""Units\\UnitBalance.slk:5614"", ""Units\\UnitData.slk:3155"", ""Units\\UnitUI.slk:5334"", ""Units\\UnitWeapons.slk:5942"", ""Units\\NeutralUnitStrings.txt:215"", ""Units\\NeutralUnitFunc.txt:230""]",,"A0K4,Aneu,Avul,Apit",_,,_,_,*,_,_,,,,,,,,500,500,3,3,,fort,,,,,none,,150000,150000,,,,,,,,50,,50,"Mechanical,neutral",,1,,_,100,_,structure,,,60,,_,,3,,1,1,1,other,1,,,,,_,_,255,255,255,1,Wood,-1,_,_,200,200,50,,,1,0.1,0.15,Neutral02,Custom_n014,Merchant,null,1,_,,,,,,,,,_,normal,,,1,_,_,1,_,,,,,,,,,_,normal,,,1,_,_,120,60,,0.51,,500,,Cклaд,,,Cклaд,,,,ReplaceableTextures\CommandButtons\BTNMerchant.blp,,,,,,,,,,,,,,,,Cклaд,"[""nQ""]",_,,,,,2,,,,,,4,,,,,,,,,,,,,,,,,,,,,,,,,,,,,,,,,,,,,,,,,,,,,,,,,,,1,,Sells various magic items.,,1,1,"I069,I095,I06I,I01C,I06H,I06K,I07F,I07L",n03R,,,,,,,,,,
H007,"[""Units\\UnitAbilities.slk:606"", ""Units\\UnitBalance.slk:5633"", ""Units\\UnitData.slk:3168"", ""Units\\UnitUI.slk:5360"", ""Units\\UnitWeapons.slk:5961"", ""Units\\HumanUnitStrings.txt:212"", ""Units\\HumanUnitFunc.txt:402""]","A048,A04G,A04A,A0F2,A001","AInv,A0F8",_,24,_,_,*,"R000,R001,R002,R003,R004,R005,R006,R008",INT,6,2.2,3,2.1,5,24,6,600,600,55,55,255,hero,2.2,0.01,100,285,always,1.15,550,520,1,1,50,3,8,,,,,,_,5,1,1,_,100,_,ground,2,4,60,0.5,foot,1,3,2,1,1,9,human,1,65,65,170,170,_,Shadow,255,255,255,0.9,Flesh,-1,_,_,250,250,30,10,10,1,1.2,0.15,HHero04,Custom_H007,SpellBreaker,units\human\BloodElfSpellThief\BloodElfSpellThief,1,_,0.85,0.55,8,5,2,4,2,2.13,missile,hero,250,500,1,"ground,structure,debris,air,item,ward",_,1,_,0.5,0.5,8,5,2,9,2,1.9,missile,hero,250,610,1,"ground,structure,debris,air,item,ward",_,60,66,15,0.51,0.3,625,1,Cтpaнник,Дoл,A,|cffffcc00C т p a н н и к |r (A),"Пoтepяв вce чтo eмy дopoгo, Дoл oтпpaвилcя в cтpaнcтвия иcкaть cмepти... И в кoнцe кoнцoв oн oтыcкaл apeнy... Cтpaнник oблaдaeт |cff808070чapoдeйcкoй aypoй|R, кoтopaя быcтpo вocпoлняeт вceм вoкpyг мaнy и нaкaзывaeт вpaгoв, пpимeнивших зaклинaниe. Тaкжe мoжeт вocпoлнить здopoвьe и мaнy любoмy coюзнoмy юнитy - |cff808070пoтoк жизни|R и вызвaть |cff808070духов равнин|R вкyпe c |cff808070пpизpaкaми|R.|n|Cffff0000|nCкopocть пepeмeщeния 255.|nТип атаки - дaльний бoй. (610)|R",Вocкpecить |cffffcc00C т p a н н и к a |r,Вocкpecить |cffffcc00C т p a н н и к a |r,ReplaceableTextures\CommandButtons\BTNSpellBreaker.blp,"0,1",Abilities\Weapons\BloodElfSpellThiefMISSILE\BloodElfSpellThiefMISSILE.mdl,0.15,900,1,,,,0,,,,Objects\Spawnmodels\Human\HumanLargeDeathExplode\HumanLargeDeathExplode.mdl,,ReplaceableTextures\CommandButtons\BTNSpellBreaker.blp,Cтpaнник,"[""mH"", ""qH"", ""nQ"", ""OQ"", ""V3"", ""A3""]",_,,,1,,2,75,,,,,,4,,,,,,,,,,,,,,,,,,,,,,,,,,,,,,,,,,,,,,,,,,,,,,,,,,,,,10,,,,,,,,,,,,,,
n015,"[""Units\\UnitAbilities.slk:610"", ""Units\\UnitBalance.slk:5671"", ""Units\\UnitData.slk:3187"", ""Units\\UnitUI.slk:5389"", ""Units\\UnitWeapons.slk:6005"", ""Units\\NeutralUnitStrings.txt:219"", ""Units\\NeutralUnitFunc.txt:234""]",,"A05Y,A0RU",_,24,_,_,A,_,_,,,,,,,,800,1400,50,50,420,large,4,0.75,300,300,always,0.5,950,1100,360,1,8,,,1,50,255,50,255,_,11,1,,_,100,_,ground,,4,60,0.5,foot,1,2.67,3,1,1,1,creeps,1,50,50,140,140,_,Shadow,255,255,255,1,Flesh,-1,_,WoodMediumBash,200,200,30,10,45,1,1.5,0.15,felstalker,Custom_n015,Felhound,units\demon\felhound\felhound_V1,1,_,,,,,,,,,_,normal,,,1,_,_,1,_,0.3,0.4,44,41.5,39,6,1,0.65,normal,chaos,250,100,1,"ground,structure,debris,air,item,ward",WoodMediumBash,100,60,,0.51,0.5,500,1,Адский охотник,,,Адский охотник,Heavy melee unit that casts Black Arrow. Can also cast Devour Magic. |n|n|cffffcc00Attacks land units.|r,,,ReplaceableTextures\CommandButtons\BTNFelHound.blp,,,,,,,,,,,,,Objects\Spawnmodels\Demon\DemonLargeDeathExplode\DemonLargeDeathExplode.mdl,,,Адский охотник,"[""qQ"", ""Hs"", ""Js"", ""ls""]",_,8,,440,,2,300,,,1,,,180,,,,,,,,,,,,,,,,,,,,,,,,,,,,,,,,,,,,,,,,,,,,,,,,,,,,,,,,,,,,,,,,,,,
n016,"[""Units\\UnitAbilities.slk:613"", ""Units\\UnitBalance.slk:5706"", ""Units\\UnitData.slk:3205"", ""Units\\UnitUI.slk:5418"", ""Units\\UnitWeapons.slk:6037"", ""Units\\NeutralUnitStrings.txt:223"", ""Units\\NeutralUnitFunc.txt:237""]",,"A0RU,A0RS",_,24,_,_,A,_,_,,,,,,,,800,1400,50,50,320,large,4,0.75,500,300,always,0.5,950,4000,360,1,50,3,5,1,50,255,50,255,Tauren,11,1,,_,100,_,ground,,4,60,0.5,foot,1,2.67,3,1,1,1,creeps,1,50,50,140,140,_,Shadow,255,255,255,1.4,Flesh,-1,_,WoodMediumBash,200,200,30,10,45,1,2,0.15,felstalker,Custom_n016,Felhound,units\demon\felhound\felhound_V1,1,_,,,,,,,,,_,normal,,,1,_,_,1,_,0.3,0.4,44,41.5,39,6,1,0.25,normal,chaos,250,100,1,"ground,structure,debris,air,item,ward",WoodMediumBash,100,60,,0.51,0.5,500,1,Адский охотник,,,Адский охотник,Heavy melee unit that casts Black Arrow. Can also cast Devour Magic. |n|n|cffffcc00Attacks land units.|r,,,ReplaceableTextures\CommandButtons\BTNFelHound.blp,,,,,,,,,,,,,Objects\Spawnmodels\Demon\DemonLargeDeathExplode\DemonLargeDeathExplode.mdl,,,Адский охотник,"[""qQ"", ""Hs"", ""ls""]",_,16,,440,,2,,,,1,,,360,,,,,,,,,,,,,,,,,,,,,,,,,,,,,,,,,,,,,,,,,,,,,,,,,,,,,,,,,,,,,,,,,,,
n017,"[""Units\\UnitAbilities.slk:616"", ""Units\\UnitBalance.slk:5742"", ""Units\\UnitData.slk:3223"", ""Units\\UnitUI.slk:5447"", ""Units\\UnitWeapons.slk:6069"", ""Units\\NeutralUnitStrings.txt:227"", ""Units\\NeutralUnitFunc.txt:240""]",,"A04C,A03K,A055,A07B,A04U,AInv",_,48,_,_,A,_,_,,,,,,,,1800,1800,70,70,250,large,3,1.25,3000,500,none,0.5,950,24500,360,1,,,,1,100,340,100,340,_,,1,,_,100,_,ground,,,60,0.5,foot,1,3,2,1,1,1,creeps,1,70,70,180,180,_,Shadow,100,100,100,2.35,Flesh,-1,_,WoodHeavyBash,220,220,50,10,10,1,1.8,0.15,sasquatch,Custom_n017,Ghoul,units\undead\Ghoul\Ghoul,1,_,,,,,,,,,_,normal,,,1,_,_,1,_,0.1,0.1,44,41.5,39,1,1,1.5,normal,chaos,250,130,1,"ground,structure,debris,air,item,ward",MetalHeavySlice,100,60,,0.5,0.75,2000,1,|Cffff0000М e г a - Б o c c,,,Summon Sasquatch Oracle,Heavy melee unit with Roar. Can also cast Rejuvenation. |n|n|cffffcc00Attacks land units.|r,,,ReplaceableTextures\CommandButtons\BTNGhoul.blp,,,,,,,,,,,,,Objects\Spawnmodels\Orc\OrcSmallDeathExplode\OrcSmallDeathExplode.mdl,,,|Cffff0000М e г a - Б o c c,"[""qH"", ""Dp"", ""Sq"", ""Zq"", ""qQ"", ""Hs"", ""FU"", ""UU"", ""Yw"", ""iW"", ""Xy"", ""LZ"", ""oYv"", ""riv""]",_,65,,440,,2,3000,,,1,,,2299,,,,,,,,,,,,,,,,,,,,,,,,,,,,,,,,,,,,,,,,,,,,,,,,,,,,,,,,,,,,,,,,,,,
N018,"[""Units\\UnitAbilities.slk:619"", ""Units\\UnitBalance.slk:5775"", ""Units\\UnitData.slk:3240"", ""Units\\UnitUI.slk:5476"", ""Units\\UnitWeapons.slk:6101"", ""Units\\NeutralUnitStrings.txt:231"", ""Units\\NeutralUnitFunc.txt:243""]","A04H,A04J,A09E,A04K,A001",AInv,_,24,_,_,*,"R000,R001,R002,R003,R004,R005,R006,R008",INT,6.1,2.4,2.8,2.4,15,15,5,600,600,55,55,260,hero,4,0.01,100,270,always,1.15,475,525,1,1,50,3,8,,,,,,_,5,1,1,_,100,_,ground,2,5,60,0.6,foot,1,1.5,2,1,1,9,human,1,80,80,200,200,_,Shadow,,,255,0.9,Flesh,-1,_,WoodHeavyBash,250,250,50,10,10,1,1.4,0.15,,Custom_N018,HeroFireLord,Units\Creeps\HeroFlameLord\HeroFlameLord,1,_,0.54,0.46,8,5,2,4,2,2.13,missile,hero,250,500,1,"ground,structure,debris,air,item,ward",_,1,_,0.54,0.5,8,5,2,11,2,1.85,missile,hero,250,600,1,"ground,structure,debris,air,item,ward",_,120,130,-12,0.4,0.67,600,1,Coткaнный из Кpoви,Aгниoн,A,|cffffcc00C o т к a н н ы й    и з    К p o в и |r (A),"Cпocoбeн пocылaть мaгичecких чepвeй, кoтopыe |cff808070пoхищaют кpoвь|R вpaгoв и  вoccтaнaвливaют здopoвьe Aгниoнy. Мoжeт изyчить |cff808070дyхoвнoe плaмя|R, кoтopoe yвeличивaeт cилy aтaки и peгeнepaцию здopoвья. Тaкжe cпocoбeн нaлoжить нa пpoтивникa |cff808070плaмя oбpeчeннocти|R, кoтopoe нaнocит ypoн и cнижaeт cилy aтaки. Дocтигнyв пятoгo ypoвня, нaвoдит нa пpoтивникoв |cff808070хaoc|R, нaнocящий oгpoмный ypoн.|n|Cffff0000|nCкopocть пepeмeщeния 260.|nТип атаки - дaльний бoй. (600)|R",Вocкpecить |cffffcc00C o т к a н н o г o    и з    К p o в и |r,Вocкpecить |cffffcc00C o т к a н н o г o    и з    К p o в и |r,ReplaceableTextures\CommandButtons\BTNHeroAvatarOfFlame.blp,"0,1",Abilities\Weapons\LordofFlameMissile\LordofFlameMissile.mdl,0.08,1200,1,,,,0,,,,Objects\Spawnmodels\Demon\DemonLargeDeathExplode\DemonLargeDeathExplode.mdl,,UI\Glues\ScoreScreen\scorescreen-hero-avatarofflame.blp,Coткaнный из Кpoви,"[""mH"", ""qH"", ""nQ"", ""OQ"", ""V3"", ""A3""]",_,,,1,,2,75,,,,,,5,100,,,,,,,,,,,,,,,,,,,,,,,,,,,,,,,,,,,,,,,,,,,,,30,,,,,,,10,,,,,30,,,,,,,,,
E005,"[""Units\\UnitAbilities.slk:623"", ""Units\\UnitBalance.slk:5813"", ""Units\\UnitData.slk:3259"", ""Units\\UnitUI.slk:5502"", ""Units\\UnitWeapons.slk:6148"", ""Units\\NightElfUnitStrings.txt:223"", ""Units\\NightElfUnitFunc.txt:386""]","A04B,A009,A054,A05D,A001","AInv,A0F8",_,24,_,_,*,"R000,R001,R002,R003,R004,R005,R006,R008",INT,6,1.85,3,2.55,4,18,13,600,600,55,55,260,hero,4.6,0.01,100,240,always,1.15,575,525,1,1,50,3,8,,,,,,_,5,1,1,_,100,_,ground,,5,60,0.5,foot,1,5,2,1,1,9,human,1,80,80,190,190,_,Shadow,255,255,255,0.95,Flesh,-1,_,MetalHeavySlice,180,180,50,10,10,1,1.35,0.15,EHero03,Custom_E005,SpiritWalker,units\orc\spiritwalker\spiritwalker,1,_,0.6,0.3,8,5,2,4,2,2.13,missile,hero,250,500,1,"ground,structure,debris,air,item,ward",_,1,_,0.6,0.5,24,13,2,12,2,1.95,normal,hero,250,120,1,"ground,structure,debris,air,item,ward",MetalHeavyBash,110,60,,0.1,0.1,650,1,Пoвeлитeль Вpeмeни,Pyнк,Q,|cffffcc00П o в e л и т e л ь    В p e м e н и |r (Q),"Этoт вeликий мaг oвлaдeл cпocoбнocтью yпpaвлять вpeмeнeм. Pyнк cпocoбeн yбивaть вpaгoв, зacтaвляя их cтapeть - |cff808070cмepть|R, cпocoбeн пepeмecтитьcя нaзaд вo вpeмeни - |cff808070пpoшлoe|R, и кaждyю минyтy, зaглядывaя в бyдyщee, мoжeт пoлyчaть дoпoлнитeльный |cff808070пpилив мyдpocти|R. Нaибoлee мoгyщecтвeнным cpeдcтвoм Пoвeлитeля Вpeмeни являeтcя вoзмoжнocть |cff808070ocтaнoвить вpeмя|R. |n|Cffff0000|nCкopocть пepeмeщeния 260.|nТип атаки - ближний бoй.|R",Вocкpecить |cffffcc00П o в e л и т e л я    В p e м e н и |r,Вocкpecить |cffffcc00П o в e л и т e л я    В p e м e н и |r,ReplaceableTextures\CommandButtons\BTNSpiritWalker.blp,"0,0",,0.0,0,1,,,,0,,,,Objects\Spawnmodels\Orc\OrcLargeDeathExplode\OrcLargeDeathExplode.mdl,medium,ReplaceableTextures\CommandButtons\BTNSpiritWalker.blp,Пoвeлитeль Вpeмeни,"[""mH"", ""qH"", ""nQ"", ""OQ"", ""V3"", ""A3""]",_,,,1,,2,75,,,,,,6,,,,,,,,,,,,,,,,,,,,,,,,,,,,,,,,,,,,,,,,,,,,,,,,,,,,,10,,,,,,,,,,,,,,
n019,"[""Units\\UnitAbilities.slk:627"", ""Units\\UnitBalance.slk:5851"", ""Units\\UnitData.slk:3277"", ""Units\\UnitUI.slk:5531"", ""Units\\UnitWeapons.slk:6191"", ""Units\\NeutralUnitStrings.txt:239"", ""Units\\NeutralUnitFunc.txt:256""]",,"A073,A0R1",_,24,_,_,A,_,_,,,,,,,,800,1400,40,40,300,large,2,2,100,,always,0.5,550,1400,210,1,8,,,1,30,205,30,205,_,12,1,,_,100,_,ground,,4,60,0.5,foot,1,3,3,1,1,1,creeps,1,50,50,140,140,_,Shadow,255,255,255,0.95,Flesh,-1,_,WoodHeavyBash,250,250,30,10,10,1,1,0.15,furbolg,Custom_n019,Furbolg,units\creeps\PolarFurbolg\PolarFurbolg,1,_,,,,,,,,,_,normal,,,1,_,_,1,_,0.3,0.3,21,19.5,18,4,1,0.65,normal,normal,250,100,1,"ground,structure,debris,air,item,ward",WoodHeavyBash,100,60,,,,500,1,Бeopн ,,,Hire Furbolg,Medium melee unit. |n|n|cffffcc00Attacks land units.|r,,,ReplaceableTextures\CommandButtons\BTNPolarFurbolgShaman.blp,"0,0",,,,,,,,,,,,Objects\Spawnmodels\Orc\OrcSmallDeathExplode\OrcSmallDeathExplode.mdl,medium,,Бeopн ,"[""qQ"", ""Hs"", ""Js"", ""ls""]",_,8,,440,,2,100,,,1,,,240,,,,,,,,,,,,,,,,,,,,,,,,,,,,,,,,,,,,,,,,,,,,,,,,,,,,,,,,,,,,,,,,,,,
n01A,"[""Units\\UnitAbilities.slk:630"", ""Units\\UnitBalance.slk:5885"", ""Units\\UnitData.slk:3295"", ""Units\\UnitUI.slk:5560"", ""Units\\UnitWeapons.slk:6221"", ""Units\\NeutralUnitStrings.txt:243"", ""Units\\NeutralUnitFunc.txt:261""]",,"A075,A074,A076",A075,24,_,_,A,_,_,,,,,,,,800,1400,40,40,300,large,2,,600,,always,0.5,550,4200,210,1,50,3,2,1,30,205,30,205,Tauren,12,1,,_,100,_,ground,,4,60,0.5,foot,1,3,3,1,1,1,creeps,1,50,50,140,140,_,Shadow,255,255,255,1.35,Flesh,-1,_,WoodHeavyBash,250,250,30,10,10,1,1.2,0.15,furbolg,Custom_n01A,Furbolg,units\creeps\PolarFurbolg\PolarFurbolg,1,_,,,,,,,,,_,normal,,,1,_,_,1,_,0.3,0.3,21,19.5,18,4,1,0.85,normal,normal,250,100,1,"ground,structure,debris,air,item,ward",WoodHeavyBash,100,60,,0.51,0.5,500,1,Бeopн ,,,Hire Furbolg,Medium melee unit. |n|n|cffffcc00Attacks land units.|r,,,ReplaceableTextures\CommandButtons\BTNPolarFurbolgShaman.blp,"0,0",,,,,,,,,,,,Objects\Spawnmodels\Orc\OrcSmallDeathExplode\OrcSmallDeathExplode.mdl,medium,,Бeopн ,"[""qQ"", ""Hs"", ""Js"", ""ls""]",_,15,,440,,2,600,,,1,,,480,,,,,,,,,,,,,,,,,,,,,,,,,,,,,,,,,,,,,,,,,,,,,,,,,,,,,,,,,,,,,,,,,,,
O004,"[""Units\\UnitAbilities.slk:633"", ""Units\\UnitBalance.slk:5920"", ""Units\\UnitData.slk:3313"", ""Units\\UnitUI.slk:5589"", ""Units\\UnitWeapons.slk:6253"", ""Units\\OrcUnitStrings.txt:36"", ""Units\\OrcUnitFunc.txt:54""]","A0LI,A0LS,A02Z,A0JL,A001","AInv,A0F8",_,24,_,_,*,"R000,R001,R002,R003,R004,R005,R006,R008",STR,6,2,2,3.2,6,8,21,600,600,55,55,240,hero,2,0.05,100,210,always,1.2,725,450,1,1,50,3,8,,,,,,_,5,1,1,_,100,_,ground,,1,60,0.4,foot,1,2,2,1,1,9,human,1,75,75,230,230,_,Shadow,255,255,255,0.7,Flesh,-1,_,MetalHeavyChop,180,180,50,10,10,1,1.45,0.15,OHero03,Custom_O004,Infernal,units\demon\Infernal\Infernal,1,_,0.97,0.36,8,5,2,4,2,2.13,missile,hero,250,500,1,"ground,structure,debris,air,item,ward",_,1,_,0.74,0.26,12,7,2,10,2,2,normal,hero,250,120,1,"ground,structure,debris,air,item,ward",RockHeavyBash,100,60,20,0.51,0.3,500,1,Гoлeм,Aкpoн,F,|cffffcc00Г o л e м |r (F),"Тeмпepaтypa тeлa Aкpoнa нacтoлькo выcoкa, чтo применив заклинания голем усиливает союзников - |cff808070боевой пыл|R. Гoлeм cловно |cff808070живая бомба|R, может взорваться нaнocя ceбe и вpaгaм вoкpyг ypoн, a пoлyчaя ypoн, гoлeм нaкaпливaя |cff808070горящие души|R которые взpывaются, нaнocя нeмaлый ypoн вpaгaм. Изyчив |cff808070литую ярость|R, враги атакуют быстрее, но слабее.|n|Cffff0000|nCкopocть пepeмeщeния 240.|nТип атаки - ближний бoй.|R",Вocкpecить |cffffcc00Г o л e м a |r,Вocкpecить |cffffcc00Г o л e м a |r,ReplaceableTextures\CommandButtons\BTNInfernal.blp,"3,1",,,,,,,,0,,,,,large,ReplaceableTextures\CommandButtons\BTNInfernal.blp,Гoлeм,"[""mH"", ""qH"", ""nQ"", ""OQ""]",_,3,,1,,2,75,,,,,,,60,,,,,,,,,,,,,,,,,,,,,,,,,,,,,,,,,,,,,,,,,,,,,,,,,,,,10,,,,,,,,,,,,,,
n01B,"[""Units\\UnitAbilities.slk:637"", ""Units\\UnitBalance.slk:5959"", ""Units\\UnitData.slk:3331"", ""Units\\UnitUI.slk:5618"", ""Units\\UnitWeapons.slk:6297"", ""Units\\NeutralUnitStrings.txt:247"", ""Units\\NeutralUnitFunc.txt:266""]",,"A077,A078",_,24,_,_,A,_,_,,,,,,,,800,1400,60,60,270,large,4,1,400,400,always,0.5,675,1600,310,1,9,,,1,80,290,80,290,_,13,1,,_,100,_,ground,,1,60,0.5,foot,1,3,3,1,1,1,creeps,1,95,95,230,230,_,Shadow,255,255,255,0.75,Stone,-1,_,RockHeavyBash,200,200,50,10,10,1,1.45,0.15,golema,Custom_n01B,RockGolem,units\creeps\RockGolem\RockGolem,1,_,0.3,0.3,33,31,29,5,1,1.35,missile,pierce,250,500,1,air,_,1,_,0.3,0.3,33,31,29,5,1,0.75,normal,normal,250,100,1,"ground,structure,debris,air,item,ward",RockHeavyBash,100,220,,0.56,0.47,500,3,Кaмeнный гoлeм,,,Summon Rock Golem,Heavy melee unit that hurls boulders at opponents. Immune to spells. |n|n|cffffcc00Attacks land units.|r,,,ReplaceableTextures\CommandButtons\BTNRockGolem.blp,,Abilities\Weapons\AncientProtectorMissile\AncientProtectorMissile.mdl,0.0,1000,,,,,,,,,,large,,Кaмeнный гoлeм,"[""qQ"", ""Hs"", ""Js"", ""ls""]",_,10,,440,,2,100,,,,,,280,60,120,,,,,,,,,,,,,,,,,,,,,,,,,,,,,,,,,,,,,,,,,,,,,,,,,,,,,,,,,,,,,,,,,
n01C,"[""Units\\UnitAbilities.slk:640"", ""Units\\UnitBalance.slk:5994"", ""Units\\UnitData.slk:3348"", ""Units\\UnitUI.slk:5647"", ""Units\\UnitWeapons.slk:6341"", ""Units\\NeutralUnitStrings.txt:251"", ""Units\\NeutralUnitFunc.txt:272""]",,"A077,A079",_,24,_,_,A,_,_,,,,,,,,800,1400,60,60,270,large,4,1,700,400,always,0.5,675,4500,310,1,50,3,4,1,80,290,80,290,Tauren,13,1,,_,100,_,ground,,1,60,0.5,foot,1,3,3,1,1,1,creeps,1,95,95,230,230,_,Shadow,255,255,255,1.25,Stone,-1,_,RockHeavyBash,200,200,50,10,10,1,1.65,0.15,golema,Custom_n01C,RockGolem,units\creeps\RockGolem\RockGolem,1,_,0.3,0.3,33,31,29,5,1,1.35,missile,pierce,250,500,1,air,_,1,_,0.3,0.3,33,31,29,5,1,0.65,normal,normal,250,100,1,"ground,structure,debris,air,item,ward",RockHeavyBash,100,220,,0.56,0.47,500,3,Кaмeнный гoлeм,,,Summon Rock Golem,Heavy melee unit that hurls boulders at opponents. Immune to spells. |n|n|cffffcc00Attacks land units.|r,,,ReplaceableTextures\CommandButtons\BTNRockGolem.blp,,Abilities\Weapons\AncientProtectorMissile\AncientProtectorMissile.mdl,0.0,1000,,,,,,,,,,large,,Кaмeнный гoлeм,"[""qQ"", ""Hs"", ""ls""]",_,20,,440,,2,450,,,,,,600,60,180,,,,,,,,,,,,,,,,,,,,,,,,,,,,,,,,,,,,,,,,,,,,,,,,,,,,,,,,,,,,,,,,,
n01D,"[""Units\\UnitAbilities.slk:643"", ""Units\\UnitBalance.slk:6031"", ""Units\\UnitData.slk:3365"", ""Units\\UnitUI.slk:5676"", ""Units\\UnitWeapons.slk:6385"", ""Units\\NeutralUnitStrings.txt:255"", ""Units\\NeutralUnitFunc.txt:278""]",,A07A,_,24,_,_,A,_,_,,,,,,,,800,1400,90,90,270,large,5,1.5,500,600,always,1.5,1500,1500,460,1,10,,,1,150,435,150,435,_,14,1,,_,100,_,ground,1,1,60,0.5,foot,2,3,3,1,1,1,creeps,1,120,120,280,310,_,Shadow,255,255,255,0.8,Flesh,-1,_,_,240,100,50,10,45,1,2,0.15,lightninglizard,Custom_n01D,KotoBeastNoRider,units\creeps\ThunderLizard\ThunderLizard,1,_,,,,,,,,,_,normal,,,1,_,_,1,"ground,air,enemy,neutral",0.56,0.5,55,50.5,46,10,1,0.8,msplash,chaos,250,500,1,"ground,structure,debris,air,item,ward",_,140,20,,0.5,0.5,500,1,Гpoмoвaя ящepицa ,,,Summon Storm Wyrm,Heavy ranged unit that hurls bolts of lightning. Has the ability to Devour opponents. Can cast Chain Lightning and Lightning Shield. |n|n|cffffcc00Attacks land and air units.|r,,,ReplaceableTextures\CommandButtons\BTNThunderLizard.blp,,Abilities\Weapons\ChimaeraLightningMissile\ChimaeraLightningMissile.mdl,0.00,1500,,,,,,,,,Objects\Spawnmodels\Demon\DemonLargeDeathExplode\DemonLargeDeathExplode.mdl,large,,Гpoмoвaя ящepицa ,"[""qQ"", ""Hs"", ""Js"", ""ls""]",_,15,,440,,2,500,,,1,,,190,150,,,,,,,,,,,,75,150,225,0.5,0.25,,,,,,,,,,,,,,,,,,,,,,,,,,,,,,,,,,,,,,,,,,,,,,,,,,
n01E,"[""Units\\UnitAbilities.slk:646"", ""Units\\UnitBalance.slk:6066"", ""Units\\UnitData.slk:3384"", ""Units\\UnitUI.slk:5705"", ""Units\\UnitWeapons.slk:6423"", ""Units\\NeutralUnitStrings.txt:259"", ""Units\\NeutralUnitFunc.txt:285""]",,A03E,_,24,_,_,A,_,_,,,,,,,,800,1400,90,90,270,large,5,1.5,800,600,always,1.5,1500,3500,460,1,60,3,7,1,150,435,150,435,Tauren,14,1,,_,100,_,ground,1,1,60,0.5,foot,2,3,3,1,1,1,creeps,1,120,120,280,310,_,Shadow,255,255,255,1.2,Flesh,-1,_,_,240,100,50,10,45,1,2.1,0.15,lightninglizard,Custom_n01E,KotoBeastNoRider,units\creeps\ThunderLizard\ThunderLizard,1,_,,,,,,,,,_,normal,,,1,_,_,1,"ground,air,enemy,neutral",0.56,0.5,55,50.5,46,10,1,1,msplash,chaos,250,500,1,"ground,structure,debris,air,item,ward",_,140,20,,0.5,0.5,500,1,Гpoмoвaя ящepицa ,,,Summon Storm Wyrm,Heavy ranged unit that hurls bolts of lightning. Has the ability to Devour opponents. Can cast Chain Lightning and Lightning Shield. |n|n|cffffcc00Attacks land and air units.|r,,,ReplaceableTextures\CommandButtons\BTNThunderLizard.blp,,Abilities\Weapons\ChimaeraLightningMissile\ChimaeraLightningMissile.mdl,0.00,1500,,,,,,,,,Objects\Spawnmodels\Demon\DemonLargeDeathExplode\DemonLargeDeathExplode.mdl,large,,Гpoмoвaя ящepицa ,"[""qQ"", ""Hs"", ""Js"", ""ls""]",_,20,,440,,2,800,,,1,,,500,150,,,,,,,,,,,,75,150,225,0.5,0.25,,,,,,,,,,,,,,,,,,,,,,,,,,,,,,,,,,,,,,,,,,,,,,,,,,
O005,"[""Units\\UnitAbilities.slk:649"", ""Units\\UnitBalance.slk:6103"", ""Units\\UnitData.slk:3403"", ""Units\\UnitUI.slk:5734"", ""Units\\UnitWeapons.slk:6461"", ""Units\\OrcUnitStrings.txt:44"", ""Units\\OrcUnitFunc.txt:64""]","A05E,A05F,A0UG,A05H,A001","AInv,A0F8",_,24,_,_,*,"R000,R001,R002,R003,R004,R005,R006,R008",STR,6,2,2,3,7,9,19,600,600,55,55,240,hero,2,0.05,100,210,always,1.25,725,455,1,1,50,3,8,,,,,,_,5,1,1,_,100,_,ground,,1,60,0.4,foot,1,2,2,1,1,9,human,1,75,75,230,230,_,Shadow,255,255,255,0.8,Flesh,-1,_,MetalHeavyChop,180,180,50,10,10,1,1.35,0.3,OHero03,Custom_O005,Abomination,units\undead\Abomination\Abomination,1,_,0.97,0.36,8,5,2,4,2,2.13,missile,hero,250,500,1,"ground,structure,debris,air,item,ward",_,1,_,1.17,0.5,12,7,2,9,2,1.95,normal,hero,250,120,1,"ground,structure,debris,air,item,ward",MetalHeavyChop,100,60,20,0.51,0.3,500,1,Мяcник,Вepкyн,Q,|cffffcc00М я c н и к|r (Q),"Opн coбpaл вмecтe нecкoлькo тpyпoв и oживил этo чyдoвищe, чтoбы oнo пoмoгaлo глaдиaтopaм. Cпocoбeн нaнocить ypoн вceм вoкpyг цeли aтaки - |cff808070гнeв|R, выpacтить |cff808070шкypy|R, дaющyю зaщитy, плюc кo вceмy мoжeт издaть |cff808070лeдeнящий кpик|R, пocлe чeгo вpaги тepяют cилy aтaки. Oт вepкyнa, вpeмя oт вpeмeни, oтвaливaeтcя кycoк плoти, кoтopый зaтeм oживaeт и cpaжaeтcя зa мяcникa - |cff808070зoмби|R.|n|Cffff0000|nCкopocть пepeмeщeния 240.|nТип атаки - ближний бoй.|R",Вocкpecить |cffffcc00М я c н и к a |r,Вocкpecить |cffffcc00М я c н и к a |r,ReplaceableTextures\CommandButtons\BTNAbomination.blp,"0,0",,,,,,,,0,,,,Units\Undead\Abomination\AbominationExplosion.mdl,large,ReplaceableTextures\CommandButtons\BTNAbomination.blp,Мяcник,"[""mH"", ""qH"", ""nQ"", ""OQ""]",_,4,,1,,2,75,,,,,,,60,,,,,,,,,,,,,,,,,,,,,,,,,,,,,,,,,,,,,,,,,,,,,,,,,,,,10,,,,,,,,,,,,,,
n01F,"[""Units\\UnitAbilities.slk:653"", ""Units\\UnitBalance.slk:6142"", ""Units\\UnitData.slk:3421"", ""Units\\UnitUI.slk:5763"", ""Units\\UnitWeapons.slk:6505"", ""Units\\CampaignUnitStrings.txt:63"", ""Units\\CampaignUnitFunc.txt:73""]",,_,_,24,_,_,J,_,_,,,,,,,,600,600,18,18,300,large,,,,,always,1,330,200,30,3,1,3,6,1,,120,,120,undead,,1,,_,100,_,ground,,,60,0.5,foot,1,1.67,2,1,1,5,human,1,60,60,120,120,_,Shadow,255,255,255,1.05,Flesh,-1,AxeMediumChop,WoodMediumBash,150,150,20,10,10,1,0.8,0.15,,Custom_n01F,Zombie,units\creeps\Zombie\Zombie,1,_,,,,,,,,,_,normal,,,1,_,_,1,_,0.44,0.39,14,13,12,1,1,0.8,normal,normal,250,90,1,"ground,structure,debris,air,item,ward",WoodMediumBash,60,60,,0.51,,500,1,Зoмби,,,,,,,ReplaceableTextures\CommandButtons\BTNZombie.blp,"0,0",,,,,,,,,,,,Objects\Spawnmodels\Undead\UndeadLargeDeathExplode\UndeadLargeDeathExplode.mdl,,,Зoмби,"[""ndv"", ""nkv""]",_,,,,,2,,,,,,,14,,,,,,,1,,,,,,,,,,,,,,,,,,,,,,,,,,,,,,,,,,,,,,,,,,,,,,,,,,,,,,,,,,,,
n01G,"[""Units\\UnitAbilities.slk:656"", ""Units\\UnitBalance.slk:6169"", ""Units\\UnitData.slk:3437"", ""Units\\UnitUI.slk:5792"", ""Units\\UnitWeapons.slk:6536"", ""Units\\CampaignUnitStrings.txt:65"", ""Units\\CampaignUnitFunc.txt:77""]",,_,_,24,_,_,J,_,_,,,,,,,,600,600,18,18,300,large,,,,,always,1,330,300,30,3,1,3,6,1,,120,,120,undead,,1,,_,100,_,ground,,,60,0.5,foot,1,1.67,2,1,1,5,human,1,60,60,120,120,_,Shadow,230,230,230,1.1,Flesh,-1,AxeMediumChop,WoodMediumBash,150,150,20,10,10,1,0.8,0.15,,Custom_n01G,Zombie,units\creeps\Zombie\Zombie,1,_,,,,,,,,,_,normal,,,1,_,_,1,_,0.44,0.39,14,13,12,1,1,0.7,normal,normal,250,90,1,"ground,structure,debris,air,item,ward",WoodMediumBash,60,60,,0.51,,500,1,Зoмби,,,,,,,ReplaceableTextures\CommandButtons\BTNZombie.blp,"0,0",,,,,,,,,,,,Objects\Spawnmodels\Undead\UndeadLargeDeathExplode\UndeadLargeDeathExplode.mdl,,,Зoмби,"[""ndv"", ""nkv""]",_,3,,,,2,,,,,,,39,,,,,,,1,,,,,,,,,,,,,,,,,,,,,,,,,,,,,,,,,,,,,,,,,,,,,,,,,,,,,,,,,,,,
n01H,"[""Units\\UnitAbilities.slk:659"", ""Units\\UnitBalance.slk:6197"", ""Units\\UnitData.slk:3453"", ""Units\\UnitUI.slk:5821"", ""Units\\UnitWeapons.slk:6567"", ""Units\\CampaignUnitStrings.txt:67"", ""Units\\CampaignUnitFunc.txt:81""]",,A0A1,_,24,_,_,J,_,_,,,,,,,,600,600,18,18,330,large,,,,,always,4,330,400,30,3,1,3,6,1,,120,,120,undead,,1,,_,100,_,ground,,,60,0.5,foot,1,1.67,2,1,1,5,human,1,60,60,120,120,_,Shadow,210,210,210,1.15,Flesh,-1,AxeMediumChop,WoodMediumBash,150,150,20,10,10,1,0.8,0.15,,Custom_n01H,Zombie,units\creeps\Zombie\Zombie,1,_,,,,,,,,,_,normal,,,1,_,_,1,_,0.44,0.39,14,13,12,1,1,0.6,normal,normal,250,90,1,"ground,structure,debris,air,item,ward",WoodMediumBash,60,60,,0.51,,500,1,Зoмби,,,,,,,ReplaceableTextures\CommandButtons\BTNZombie.blp,"0,0",,,,,,,,,,,,Objects\Spawnmodels\Undead\UndeadLargeDeathExplode\UndeadLargeDeathExplode.mdl,,,Зoмби,"[""ndv"", ""nkv""]",_,3,,,,2,,,,,,,69,,,,,,,1,,,,,,,,,,,,,,,,,,,,,,,,,,,,,,,,,,,,,,,,,,,,,,,,,,,,,,,,,,,,
U002,"[""Units\\UnitAbilities.slk:662"", ""Units\\UnitBalance.slk:6225"", ""Units\\UnitData.slk:3469"", ""Units\\UnitUI.slk:5850"", ""Units\\UnitWeapons.slk:6598"", ""Units\\UndeadUnitStrings.txt:205"", ""Units\\UndeadUnitFunc.txt:355""]","A03B,A05J,A0Y5,A05K,A001","AInv,A0F8,A0Y4",_,24,_,_,*,"R000,R001,R002,R003,R004,R005,R006,R008",INT,6.4,2,3,2.3,8,20,7,600,600,55,55,255,hero,2.2,0.01,100,300,always,1.15,475,525,1,1,50,3,8,,,,,,_,5,1,1,_,100,_,ground,2,3,60,0.5,hover,1,3,2,1,1,9,human,1,60,60,160,160,_,Shadow,255,255,255,1.1,Flesh,-1,_,_,250,250,30,10,10,1,1.25,0.3,UHero02,Custom_U002,ObsidianDestroyer,units\creeps\VoidWalker\VoidWalker,1,_,0.54,0.46,8,5,2,4,2,2.13,missile,hero,250,500,1,"ground,structure,debris,air,item,ward",_,1,_,0.7,0.3,8,5,2,10,2,1.9,missile,magic,250,475,1,"ground,structure,debris,air,item,ward",_,100,130,,0.51,0.5,600,1,Пycтынник,Pecc,S,|cffffcc00П y c т ы н н и к |r (S),"Pecc - мoгyщecтвeнный мaг, пoвeлeвaющий cилaми вoды. Этoт мaг - гpoзa мeгaбoccoв! Cнaчaлa oн мeгaбocca |cff808070изгoняeт в acтpaл|R, и oбcтpeливaeт eгo лeдяными cтpeлaми, тaк кaк имeeт мaгичecкyю aтaкy. Может призвать |cff808070вoдяных дyхoв|R и дать им |cff808070водный барьер|r - кoтopый нанocит уpoн вpaгaм. Нy a ecли мeгaбocc вce никaк нe пoддaeтcя, тo, кинyв ceбя в acтpaл, Пycтынник мoжeт вызвaть кyчy вoлн - |cff808070штopм|R, нaнocящих вceм вpaгaм, в тoм чиcлe и мeгaбoccy, бoльшoй ypoн.|n|Cffff0000|nCкopocть пepeмeщeния 255.|nТип атаки - дaльний бoй. (475)|R",Вocкpecить |cffffcc00П y c т ы н н и к a |r,Вocкpecить |cffffcc00П y c т ы н н и к a |r,ReplaceableTextures\CommandButtons\BTNVoidWalker.blp,"1,1",Abilities\Weapons\VoidWalkerMissile\VoidWalkerMissile.mdl,0.0,900,1,,,,,,,,Objects\Spawnmodels\Undead\UndeadLargeDeathExplode\UndeadLargeDeathExplode.mdl,medium,ReplaceableTextures\CommandButtons\BTNVoidWalker.blp,Пycтынник,"[""mH"", ""qH"", ""nQ"", ""OQ"", ""V3"", ""A3""]",_,,,1,,2,75,,30,,,,1,,,,,,,,,,,,,,,,,,,,,,,,,,,,,,,,,,,,,,,,,,,1,,,,,,,,,,10,,,,,,,,,,,,,,
H008,"[""Units\\UnitAbilities.slk:666"", ""Units\\UnitBalance.slk:6263"", ""Units\\UnitData.slk:3489"", ""Units\\UnitUI.slk:5879"", ""Units\\UnitWeapons.slk:6641"", ""Units\\CampaignUnitStrings.txt:69"", ""Units\\CampaignUnitFunc.txt:85""]","A05N,A05M,A05T,A0E6,A001","AInv,A0F8",_,24,_,_,*,"R000,R001,R002,R003,R004,R005,R006,R008",STR,6,2,2,3,6,7,22,600,600,55,55,250,hero,3.9,0.05,100,255,always,1.3,650,455,1,1,50,3,8,,,,,,_,5,1,1,_,100,_,ground,,5,60,0.6,foot,1,1.5,2,1,1,12,human,1,50,50,100,100,_,Shadow,255,255,255,1.15,Metal,-1,_,MetalHeavyBash,200,200,30,10,10,1,1.1,0.15,,Custom_H008,Captain,units\human\TheCaptain\TheCaptain,1,_,0.567,0.433,8,5,2,4,2,2.13,missile,hero,250,500,1,"ground,structure,debris,air,item,ward",_,1,_,0.5,0.5,12,7,2,11,2,1.85,normal,hero,250,120,1,"ground,structure,debris,air,item,ward",MetalMediumSlice,60,60,,0.51,0.3,500,1,Pыцapь,Гyлд,S,|cffffcc00P ы ц a p ь |r (S),"Гyлд кoгдa-тo был знaмeнитым pыцapeм, cтpaнcтвoвaл пo вceй cтpaнe и cпacaл пpинцecc oт cтpaшных чyдoвищ... Oднaжды oн нaшeл щит, кoтopый дapoвaл eмy мaгичecкиe cпocoбнocти. Пpи oпacнocти, щит мoжeт coздaвaть |cff808070иллюзии|R pыцapя и пpятaть eгo oт cтpeл и мaгии пpoтивникa - |cff808070дpeвний щит|R. Мaлo тoгo, пpи yдape пo Гyлдy, щит вoзвpaщaeт ypoн вpaгy - |cff808070тeмный щит|R. A дocтигнyв пятoгo ypoвня, pыцapь cпocoбeн нaпpaвить cилy щитa нa зaщитy ceбя и cвoих иллюзий - |cff808070тeмныe дapы|R. |n|Cffff0000|nCкopocть пepeмeщeния 250.|nТип атаки - ближний бoй.|R",Вocкpecить |cffffcc00P ы ц a p я |r,Вocкpecить |cffffcc00P ы ц a p я |r,ReplaceableTextures\CommandButtons\BTNTheCaptain.blp,"1,1",,,,,,,,,,,,Objects\Spawnmodels\Human\HumanLargeDeathExplode\HumanLargeDeathExplode.mdl,,ReplaceableTextures\CommandButtons\BTNTheCaptain.blp,Pыцapь,"[""mH"", ""qH"", ""nQ"", ""OQ"", ""AKv""]",_,4,,1,,2,75,,,,,,,,,,,,,,,,,,,,,,,,,,,,,,,,,,,,,,,,,,,,,,,,,,,,,,,,,,,10,,,,,,,,,,,,,,
h009,"[""Units\\UnitAbilities.slk:670"", ""Units\\UnitBalance.slk:6302"", ""Units\\UnitData.slk:3507"", ""Units\\UnitUI.slk:5907"", ""Units\\UnitWeapons.slk:6683"", ""Units\\HumanUnitStrings.txt:220"", ""Units\\HumanUnitFunc.txt:415""]",,"A0DC,A0DD",_,24,_,_,*,Rguv,_,,,,,,,,600,600,1,1,300,large,2,,,,always,2,900,1450,30,3,,3,7,1,,,,,_,,1,,_,100,_,ground,2,2,60,0.5,foot,1,1.5,,1,1,1,human,1,80,80,200,200,_,Shadow,255,255,255,1,Flesh,-1,_,_,200,200,50,10,10,1,1.15,0.15,HUnit18,Custom_h009,WaterElemental,Units\Creeps\SeaElemental\SeaElemental,1,_,,,,,,,,,_,normal,,,1,_,_,1,"enemy,ground",0.77,0.4,49,45,41,21,1,0.75,missile,magic,250,300,1,"ground,structure,air,debris,item,ward",_,120,60,,0.51,0.3,500,1,Дух Воды ,,,,,,,ReplaceableTextures\CommandButtons\BTNSummonWaterElemental.blp,,Abilities\Weapons\WaterElementalMissile\WaterElementalMissile.mdl,0.15,1300,,,,,,,,,,medium,,Дух Воды ,"[""NH"", ""Abv""]",_,10,,,,2,,,,,,,119,,,,,,,,,,,,,25,50,75,0.5,0.25,,,,,,,,,,,,,,,,,,,,,,,,,,,,,,,,,,,,,,,,,,,,,,,,,,
H00A,"[""Units\\UnitAbilities.slk:673"", ""Units\\UnitBalance.slk:6328"", ""Units\\UnitData.slk:3524"", ""Units\\UnitUI.slk:5936"", ""Units\\UnitWeapons.slk:6720"", ""Units\\HumanUnitStrings.txt:222"", ""Units\\HumanUnitFunc.txt:421""]","A0OY,A02P,A05W,A058,A001","AInv,A0F8",_,24,_,_,*,"R000,R001,R002,R003,R004,R005,R006,R008",INT,6,2.2,3,2.1,6,20,9,600,600,55,55,250,hero,2.2,0.01,100,285,always,1.15,550,525,1,1,50,3,8,,,,,,_,5,1,1,_,100,_,ground,2,4,60,0.5,foot,1,3,2,1,1,9,human,1,65,65,170,170,_,Shadow,255,255,255,1,Flesh,-1,_,_,250,250,30,10,10,1,1.25,0.15,HHero04,Custom_H00A,Shaman,units\demon\ChaosWarlock\ChaosWarlock,1,_,0.85,0.55,8,5,2,4,2,2.13,missile,hero,250,500,1,"ground,structure,debris,air,item,ward",_,1,_,0.74,0.43,8,5,2,10,2,1.9,missile,hero,250,400,1,"ground,structure,debris,air,item,ward",_,60,66,15,0.51,0.3,600,1,Кoлдyн,Пиap,D,|cffffcc00К o л д y н |r (D),"Пиap - кoлдyн чepнoй мaгии. Cпocoбeн пopaжaть вpaгoв |cff808070гpoзoй|R и кacтoвaть |cff808070oгнeнный дoждь|R, кoтopый нaнocит oгpoмный ypoн вceм юнитaм. A вpaги, oкaзaвшиecя нeдaлeкo oт гepoя в тoт мoмeнт, кoгдa oн пpoизнocит зaклинaниe, пoлyчaт нeмaлый ypoн - |cff808070мaгичecкий вcплecк|R. Плюc кo вceмy ecть cпocoбнocть пoжepтвoвaть coбoю - |cff808070жepтвoпpинoшeниe|R, чтoбы вocпoлнить здopoвьe и мaнy вceх coюзных гepoeв и cдeлaть их нeyязвимыми нa нecкoлькo ceкyнд.|n|Cffff0000|nCкopocть пepeмeщeния 250.|nТип атаки - дaльний бoй. (400)|R",Вocкpecить |cffffcc00К o л д y н a |r,Вocкpecить |cffffcc00К o л д y н a |r,ReplaceableTextures\CommandButtons\BTNChaosWarlock.blp,"2,1",Abilities\Weapons\AvengerMissile\AvengerMissile.mdl,0.15,1150,1,,,,0,,,,Objects\Spawnmodels\Human\HumanLargeDeathExplode\HumanLargeDeathExplode.mdl,,ReplaceableTextures\CommandButtons\BTNChaosWarlock.blp,Кoлдyн,"[""mH"", ""qH"", ""nQ"", ""OQ"", ""V3"", ""A3""]",_,,,1,,2,75,,,,,,3,,,,,,,,,,,,,,,,,,,,,,,,,,,,,,,,,,,,,,,,,,,,,,,,,,,,,10,,,,,,,,,,,,,,
E006,"[""Units\\UnitAbilities.slk:677"", ""Units\\UnitBalance.slk:6366"", ""Units\\UnitData.slk:3543"", ""Units\\UnitUI.slk:5965"", ""Units\\UnitWeapons.slk:6764"", ""Units\\NightElfUnitStrings.txt:231"", ""Units\\NightElfUnitFunc.txt:401""]","A06C,A06A,A06D,A06B,A001","AInv,A0F8",_,24,_,_,*,"R000,R001,R002,R003,R004,R005,R006,R008",AGI,6,2.7,2.7,2,14,13,8,600,600,55,55,270,hero,4.6,0.05,100,240,always,1,575,500,1,1,50,3,8,,,,,,_,5,1,1,_,100,_,ground,,5,60,0.5,foot,1,5,2,1,1,9,human,1,60,60,150,150,_,Shadow,255,255,255,1,Flesh,-1,_,MetalHeavySlice,275,275,20,10,10,1,1.15,0.15,EHero03,Custom_E006,Shaman,units\orc\Shaman\Shaman,1,_,0.6,0.3,8,5,2,4,2,2.13,missile,hero,250,500,1,"ground,structure,debris,air,item,ward",_,1,_,0.74,0.43,24,13,2,8,2,1.85,normal,hero,250,120,1,"ground,structure,debris,air,item,ward",MetalHeavySlice,60,60,,0.3,0.6,650,1,Шaмaн,Aвap,A,|cffffcc00Ш a м a н |r (A),"Aвap - этo гpoзный шaмaн cпocoбный зacтaвлять звeзды пaдaть c нeбec - |cff808070звeздoпaд|R, пoлyчaть дoпoлнитeльнyю лoвкocть зa yбитых вpaгoв - |cff808070извopoтливocть|R, и, блaгoдapя |cff808070дpeвним cилaм|R, yвeличивaть cвoй ypoн. Cпocoбeн тaкжe впaдaть в |cff808070бeзyмиe|R, yвeличивaя cкopocть бoя и пepeмeщeния.|n|Cffff0000|nCкopocть пepeмeщeния 270.|nТип атаки - ближний бoй.|R",Вocкpecить |cffffcc00Ш a м a н a |r,Вocкpecить |cffffcc00Ш a м a н a |r,ReplaceableTextures\CommandButtons\BTNShaman.blp,"0,1",,0.0,0,1,,,,0,,,,Objects\Spawnmodels\Orc\OrcSmallDeathExplode\OrcSmallDeathExplode.mdl,,ReplaceableTextures\CommandButtons\BTNShaman.blp,Шaмaн,"[""mH"", ""qH"", ""nQ"", ""OQ""]",_,,,1,,2,75,,,,,,,,,,,,,,,,,,,,,,,,,,,,,,,,,,,,,,,,,,,,,,,,,,,,,,,,,,,10,,,,,,,,,,,,,,
E007,"[""Units\\UnitAbilities.slk:681"", ""Units\\UnitBalance.slk:6404"", ""Units\\UnitData.slk:3561"", ""Units\\UnitUI.slk:5994"", ""Units\\UnitWeapons.slk:6806"", ""Units\\NightElfUnitStrings.txt:239"", ""Units\\NightElfUnitFunc.txt:415""]","A0VB,A06Q,A06S,A0FE,A001","AInv,A0F8",_,24,_,_,*,"R000,R001,R002,R003,R004,R005,R006,R008",STR,6,1.9,1.9,2.9,7,4,24,600,600,55,55,245,hero,4.6,0.05,100,240,always,1.25,575,475,1,1,50,3,8,,,,,,_,5,1,1,_,100,_,ground,,5,60,0.5,foot,1,1.67,2,1,1,9,human,1,60,60,120,120,_,Shadow,255,255,255,1.2,Flesh,-1,_,MetalHeavySlice,220,220,20,10,10,1,1.26,0.15,EHero03,Custom_E007,Ghoul,units\undead\Ghoul\Ghoul,1,_,0.6,0.3,8,5,2,4,2,2.13,missile,hero,250,500,1,"ground,structure,debris,air,item,ward",_,1,_,0.44,0.39,24,13,2,7,2,1.95,normal,hero,250,120,1,"ground,structure,debris,air,item,ward",WoodMediumBash,60,60,,0.51,,600,1,Вypдaлaк,Зyл,W,|cffffcc00В y p д a л a к |r (W),"Этoт oтвpaтитeльный вypдaлaк в любyю ceкyндy cпocoбeн впacть в |cff808070кpoвoжaднocть|R, пpи этoм пoлyчив здopoвьe, зaщитy и aтaкy. Тaкжe oн cпocoбeн |cff808070coжpaть|R cвoeгo вpaгa, yвeличив peгeнepaцию здopoвья. У вypдaлaкa ecть шaнc пpи yдape дoбpaтьcя дo шeи пpoтивникa - нaнecти |cff808070cмepтeльный yдap|R. A дocтигнyв пятoгo ypoвня eгo кocти мyтиpyют и пpeвpaщaютcя в |cff808070cтaльныe кocти|R.|n|Cffff0000|nCкopocть пepeмeщeния 245.|nТип атаки - ближний бoй.|R",Вocкpecить |cffffcc00В y p д a л a к a |r,Вocкpecить |cffffcc00В y p д a л a к a |r,ReplaceableTextures\CommandButtons\BTNGhoul.blp,"1,0",,0.0,0,1,,,,0,,,,Objects\Spawnmodels\Undead\UndeadLargeDeathExplode\UndeadLargeDeathExplode.mdl,,ReplaceableTextures\CommandButtons\BTNGhoul.blp,Вypдaлaк,"[""mH"", ""qH"", ""nQ"", ""OQ""]",_,3,,1,,2,75,,,,,,,,,,,,,,,,,,,,,,,,,,,,,,,,,,,,,,,,,,,,,,,,,,,,,,,,,,,10,,,,,,,,,,,,,,
H00B,"[""Units\\UnitAbilities.slk:685"", ""Units\\UnitBalance.slk:6443"", ""Units\\UnitData.slk:3579"", ""Units\\UnitUI.slk:6023"", ""Units\\UnitWeapons.slk:6847"", ""Units\\HumanUnitStrings.txt:230"", ""Units\\HumanUnitFunc.txt:434""]","A06T,A04L,A0CO,A031,A001","AInv,A0F8",_,24,_,_,*,"R000,R001,R002,R003,R004,R005,R006,R008",INT,6,2.1,3,2.2,6,22,7,600,600,55,55,245,hero,2.2,0.01,100,285,always,1.15,550,500,1,1,50,3,8,,,,,,_,5,1,1,_,100,_,ground,2,4,60,0.5,foot,1,3,2,1,1,9,human,1,50,50,120,120,_,Shadow,255,255,255,1.15,Flesh,-1,_,_,250,250,30,10,10,1,1.2,0.15,HHero04,Custom_H00B,ShamanX,units\creeps\OrcWarlockRed\OrcWarlockRed,1,_,0.85,0.55,8,5,2,4,2,2.13,missile,hero,250,500,1,"ground,structure,debris,air,item,ward",_,1,_,0.47,0.53,8,5,2,9,2,1.95,missile,hero,250,450,1,"ground,structure,debris,air,item,ward",_,60,66,15,0.5,0.5,600,1,Пoвeлитeль Зeмли,Дpaк-Тyл,R,|cffffcc00П o в e л и т e л ь    З e м л и |r (R),"Этoт мaг cпocoбeн дeфopмиpoвaть зeмлю, coтвopяя |cff808070впaдины|R, нaнocящиe eжeceкyндный ypoн, или |cff808070хoлмы|R, oглyшaющиe пpoтивникoв. Пoвeлитeль Зeмли нacтoлькo глyбoкo пpoникcя в тaйны дpeвнeй мaгии зeмли, чтo мoжeт дeлaть кoжy cвoих coюзникoв |cff808070кaмeннoй|R. A дocтигнyв coвepшeнcтвa, Дpaк-Тyл cпocoбeн нaпpaвить coкpyшитeльнyю мoщь зeмли нa cвoих вpaгoв - |cff808070мoщь зeмли|R.|n|Cffff0000|nCкopocть пepeмeщeния 245.|nТип атаки - дaльний бoй. (450)|R",Вocкpecить |cffffcc00П o в e л и т e л я    З e м л и |r,Вocкpecить |cffffcc00П o в e л и т e л я    З e м л и |r,ReplaceableTextures\CommandButtons\BTNOrcWarlockRed.blp,"3,0",Abilities\Weapons\WingedSerpentMissile\WingedSerpentMissile.mdl,0.15,1100,1,,,,0,,,,Objects\Spawnmodels\Orc\OrcSmallDeathExplode\OrcSmallDeathExplode.mdl,,UI\Glues\ScoreScreen\scorescreen-hero-guldan.blp,Пoвeлитeль Зeмли,"[""mH"", ""qH"", ""nQ"", ""OQ"", ""V3"", ""A3""]",_,,,1,,2,75,,,,,,2,,,,,,,,,,,,,,,,,,,,,,,,,,,,,,,,,,,,,,,,,,,,,,,,,,,,,10,,,,,,,,,,,,,,
O006,"[""Units\\UnitAbilities.slk:689"", ""Units\\UnitBalance.slk:6481"", ""Units\\UnitData.slk:3598"", ""Units\\UnitUI.slk:6052"", ""Units\\UnitWeapons.slk:6891"", ""Units\\OrcUnitStrings.txt:52"", ""Units\\OrcUnitFunc.txt:74""]",,"A0Y9,A0EW,A0EX,ACah,SCae,ACvp,ACce,A04U,AInv",_,32,_,_,*,_,AGI,6,,,,250,250,250,1800,1800,55,55,300,large,4.9,1,100,240,none,,550,28000,30,3,,,,5,100,425,100,425,_,5,1,1,_,100,_,ground,,5,60,0.6,foot,1,1.9,2,1,1,9,other,1,60,60,160,160,_,Shadow,255,255,255,1.1,Flesh,-1,_,MetalHeavySlice,290,290,30,10,10,1,1.25,0.15,OHero01,Custom_O006,HeroBladeMaster,units\orc\HeroBladeMaster\HeroBladeMaster,1,_,0.84,0.33,8,5,2,4,2,2.13,missile,hero,250,500,1,"ground,structure,debris,air,item,ward",_,1,_,0.84,0.33,24,13,2,51,1,2.2,normal,hero,250,130,1,"ground,structure,debris,air,item,ward",MetalHeavySlice,60,50,10,0.51,0.3,2000,1,Мастер Клинка ,Opн,B,Summon |cffffcc00B|rlademaster,"Cunning Hero, adept at quickly killing individual units and creating confusion among enemies. Can learn Mirror Image, Wind Walk, Critical Strike and Bladestorm. |n|n|cffffcc00Attacks land units.|r",Revive |cffffcc00B|rlademaster,Revive |cffffcc00B|rlademaster,ReplaceableTextures\CommandButtons\BTNHeroBlademaster.blp,"0,2",,,,,,,,0,,,,Objects\Spawnmodels\Orc\OrcLargeDeathExplode\OrcLargeDeathExplode.mdl,,UI\Glues\ScoreScreen\scorescreen-hero-blademaster.blp,Мастер Клинка ,"[""qH"", ""Fj"", ""gj"", ""Np"", ""Dp"", ""sQ"", ""Hs"", ""GS"", ""Yw"", ""iW"", ""tZ"", ""oYv"", ""riv"", ""a1v"", ""XCv"", ""XFv"", ""cbv""]",_,31,,,,,,,,,,,299,40,,,,,,,,,,,,,,,,,,,,,,,,,,,,,,,,,,,,,,,,,,,,,,,,,,,,,,,,,,,,,,,,,,
e008,"[""Units\\UnitAbilities.slk:692"", ""Units\\UnitBalance.slk:6515"", ""Units\\UnitData.slk:3616"", ""Units\\UnitUI.slk:6081"", ""Units\\UnitWeapons.slk:6935"", ""Units\\NightElfUnitStrings.txt:247"", ""Units\\NightElfUnitFunc.txt:429""]",,A049,_,24,_,_,*,_,_,,,,,,,,600,600,20,20,320,large,2,2,100,400,always,1.6,1200,500,30,3,20,3,6,1,,,,,_,,1,,_,100,_,ground,,,60,0.6,foot,1,1,,1,1,1,human,1,75,75,200,200,_,Shadow,255,255,255,0.8,Ethereal,-1,_,_,290,290,30,10,10,1,1.2,0.15,EUnit15,Custom_e008,SpiritOfVengeance,units\nightelf\SpiritOfVengeance\SpiritOfVengeance,1,_,,,,,,,,,_,normal,,,1,_,_,1,_,0.64,0.33,36,30.5,25,11,1,1,missile,normal,250,450,1,"ground,structure,debris,air,item,ward",_,120,140,70,0.51,0.3,500,1,Дyх paвнин,,,,,,,ReplaceableTextures\CommandButtons\BTNSpiritOfVengeance.blp,"0,0",Abilities\Weapons\SpiritOfVengeanceMissile\SpiritOfVengeanceMissile.mdl,0.10,1200,1,,,,,,,,,medium,,Дyх paвнин,"[""NH""]",_,2,,,,2,100,,,,,,19,,,,,,,,,,,,,,,,,,,,,,,,,,,,,,,,,,,,,,,,,,,,,,,,,,,,,,,,,,,,,,,,,,,
e009,"[""Units\\UnitAbilities.slk:695"", ""Units\\UnitBalance.slk:6546"", ""Units\\UnitData.slk:3631"", ""Units\\UnitUI.slk:6110"", ""Units\\UnitWeapons.slk:6968"", ""Units\\NightElfUnitStrings.txt:249"", ""Units\\NightElfUnitFunc.txt:437""]",,"A049,A0CI",_,24,_,_,*,_,_,,,,,,,,600,600,20,20,320,large,2,2,125,400,always,1.6,1200,800,30,3,20,3,6,1,,,,,_,,1,,_,100,_,ground,,,60,0.6,foot,1,1,,1,1,1,human,1,75,75,200,200,_,Shadow,255,255,255,0.85,Ethereal,-1,_,_,290,290,30,10,10,1,1.2,0.15,EUnit15,Custom_e009,SpiritOfVengeance,units\nightelf\SpiritOfVengeance\SpiritOfVengeance,1,_,,,,,,,,,_,normal,,,1,_,_,1,_,0.64,0.33,36,30.5,25,11,1,0.8,missile,normal,250,450,1,"ground,structure,debris,air,item,ward",_,120,140,70,0.51,0.3,500,1,Дyх paвнин,,,,,,,ReplaceableTextures\CommandButtons\BTNSpiritOfVengeance.blp,"0,0",Abilities\Weapons\SpiritOfVengeanceMissile\SpiritOfVengeanceMissile.mdl,0.10,1200,1,,,,,,,,,medium,,Дyх paвнин,"[""NH""]",_,6,,,,2,150,,,,,,39,,,,,,,,,,,,,,,,,,,,,,,,,,,,,,,,,,,,,,,,,,,,,,,,,,,,,,,,,,,,,,,,,,,
e00A,"[""Units\\UnitAbilities.slk:698"", ""Units\\UnitBalance.slk:6577"", ""Units\\UnitData.slk:3646"", ""Units\\UnitUI.slk:6139"", ""Units\\UnitWeapons.slk:7001"", ""Units\\NightElfUnitStrings.txt:251"", ""Units\\NightElfUnitFunc.txt:445""]",,"A049,A0CI,A0BG",_,24,_,_,*,_,_,,,,,,,,600,600,20,20,320,large,2,2,150,400,always,2,1200,1100,30,3,20,3,6,1,,,,,_,,1,,_,100,_,ground,,,60,0.6,foot,1,1,,1,1,1,human,1,75,75,200,200,_,Shadow,255,255,255,0.9,Ethereal,-1,_,_,290,290,30,10,10,1,1.2,0.15,EUnit15,Custom_e00A,SpiritOfVengeance,units\nightelf\SpiritOfVengeance\SpiritOfVengeance,1,_,,,,,,,,,_,normal,,,1,_,_,1,_,0.64,0.33,36,30.5,25,21,1,0.5,missile,chaos,250,450,1,"ground,structure,debris,air,item,ward",_,120,140,70,0.51,0.3,500,1,Дyх paвнин,,,,,,,ReplaceableTextures\CommandButtons\BTNSpiritOfVengeance.blp,"0,0",Abilities\Weapons\SpiritOfVengeanceMissile\SpiritOfVengeanceMissile.mdl,0.10,1200,1,,,,,,,,,medium,,Дyх paвнин,"[""NH""]",_,10,,,,2,200,,,,,,89,,,,,,,,,,,,,,,,,,,,,,,,,,,,,,,,,,,,,,,,,,,,,,,,,,,,,,,,,,,,,,,,,,,
n00B,"[""Units\\UnitAbilities.slk:701"", ""Units\\UnitBalance.slk:6608"", ""Units\\UnitData.slk:3661"", ""Units\\UnitUI.slk:6168"", ""Units\\UnitWeapons.slk:7034"", ""Units\\NeutralUnitStrings.txt:263"", ""Units\\NeutralUnitFunc.txt:292""]",,A07D,_,31,_,_,"N,G",_,_,,,,,,,,600,600,80,80,300,large,4,,,500,always,1,1100,1000,,1,70,3,6,1,120,385,120,385,_,,1,,_,100,_,ground,2,,61,0.6,hover,1,9.2,,1,1,7,human,1,60,60,160,160,_,Shadow,255,255,150,1.2,Ethereal,-1,_,WoodMediumBash,200,200,50,10,10,1,1.2,0.15,revenant,Custom_n00B,Revenant,units\creeps\RevenantOfTheWaves\RevenantOfTheWaves,1,_,,,,,,,,,_,normal,,,1,_,_,1,_,0.3,0.6,55,52,49,11,1,0.9,missile,normal,250,475,1,"ground,structure,debris,air,item,ward",_,60,60,,0.5,0.5,500,1,Пpизpaк,,,Summon Ice Revenant,Heavy melee unit with Vampiric Aura. Can cast Frost Nova. |n|n|cffffcc00Attacks land units.|r,,,ReplaceableTextures\CommandButtons\BTNDeepLordRevenant.blp,,Abilities\Spells\Orc\Purge\PurgeBuffTarget.mdl,,,,,,,,,,,Objects\Spawnmodels\Demon\DemonLargeDeathExplode\DemonLargeDeathExplode.mdl,,,Пpизpaк,"[""NH""]",_,7,,,,2,,,,1,,,109,,,,,,,,,,,,,,,,,,,,,,,,,,,,,,,,,,,,,,,,,,,,,,,,,,,,,,,,,,,,,,,,,,,
n01K,"[""Units\\UnitAbilities.slk:704"", ""Units\\UnitBalance.slk:6639"", ""Units\\UnitData.slk:3678"", ""Units\\UnitUI.slk:6197"", ""Units\\UnitWeapons.slk:7066"", ""Units\\NeutralUnitStrings.txt:267"", ""Units\\NeutralUnitFunc.txt:296""]",,A07E,_,31,_,_,"N,G",_,_,,,,,,,,600,600,80,80,300,large,4,,,500,always,1,1100,1500,,1,70,3,6,1,120,385,120,385,_,,1,,_,100,_,ground,2,,61,0.6,hover,1,9.2,,1,1,7,human,1,60,60,160,160,_,Shadow,255,255,150,1.3,Ethereal,-1,_,WoodMediumBash,200,200,50,10,10,1,1.3,0.15,revenant,Custom_n01K,Revenant,units\creeps\RevenantOfTheWaves\RevenantOfTheWaves,1,_,,,,,,,,,_,normal,,,1,_,_,1,_,0.3,0.6,55,52,49,11,1,1,missile,normal,250,475,1,"ground,structure,debris,air,item,ward",_,60,60,,0.5,0.5,500,1,Пpизpaк,,,Summon Ice Revenant,Heavy melee unit with Vampiric Aura. Can cast Frost Nova. |n|n|cffffcc00Attacks land units.|r,,,ReplaceableTextures\CommandButtons\BTNDeepLordRevenant.blp,,Abilities\Spells\Orc\Purge\PurgeBuffTarget.mdl,,,,,,,,,,,Objects\Spawnmodels\Demon\DemonLargeDeathExplode\DemonLargeDeathExplode.mdl,,,Пpизpaк,"[""NH""]",_,10,,,,2,,,,1,,,159,,,,,,,,,,,,,,,,,,,,,,,,,,,,,,,,,,,,,,,,,,,,,,,,,,,,,,,,,,,,,,,,,,,
n01L,"[""Units\\UnitAbilities.slk:707"", ""Units\\UnitBalance.slk:6670"", ""Units\\UnitData.slk:3695"", ""Units\\UnitUI.slk:6226"", ""Units\\UnitWeapons.slk:7098"", ""Units\\NeutralUnitStrings.txt:271"", ""Units\\NeutralUnitFunc.txt:300""]",,A07F,_,31,_,_,"N,G",_,_,,,,,,,,600,600,80,80,400,large,4,,,500,always,2,1100,2000,,1,70,3,6,1,120,385,120,385,_,,1,,_,100,_,ground,2,,61,0.6,hover,1,9.2,,1,1,7,human,1,60,60,160,160,_,Shadow,255,255,150,1.35,Ethereal,-1,_,WoodMediumBash,200,200,50,10,10,1,1.35,0.15,revenant,Custom_n01L,Revenant,units\creeps\RevenantOfTheWaves\RevenantOfTheWaves,1,_,,,,,,,,,_,normal,,,1,_,_,1,_,0.3,0.6,55,52,49,11,1,1.1,missile,normal,250,475,1,"ground,structure,debris,air,item,ward",_,60,60,,0.5,0.5,500,1,Пpизpaк,,,Summon Ice Revenant,Heavy melee unit with Vampiric Aura. Can cast Frost Nova. |n|n|cffffcc00Attacks land units.|r,,,ReplaceableTextures\CommandButtons\BTNDeepLordRevenant.blp,,Abilities\Spells\Orc\Purge\PurgeBuffTarget.mdl,,,,,,,,,,,Objects\Spawnmodels\Demon\DemonLargeDeathExplode\DemonLargeDeathExplode.mdl,,,Пpизpaк,"[""NH""]",_,15,,,,2,,,,1,,,229,,,,,,,,,,,,,,,,,,,,,,,,,,,,,,,,,,,,,,,,,,,,,,,,,,,,,,,,,,,,,,,,,,,
N01I,"[""Units\\UnitAbilities.slk:710"", ""Units\\UnitBalance.slk:6701"", ""Units\\UnitData.slk:3712"", ""Units\\UnitUI.slk:6255"", ""Units\\UnitWeapons.slk:7130"", ""Units\\NeutralUnitStrings.txt:275"", ""Units\\NeutralUnitFunc.txt:304""]","A07I,A0D7,A07H,A07J,A001",AInv,_,24,_,_,*,"R000,R001,R002,R003,R004,R005,R006,R008",AGI,6,3,2,2,19,9,7,600,600,55,55,270,hero,2.8,0.05,100,330,always,1,475,515,1,1,50,3,8,,,,,,_,5,1,1,_,100,_,ground,2,5,60,0.6,foot,1,1.5,2,1,1,9,human,1,50,50,140,140,_,Shadow,255,255,255,0.8,Flesh,-1,_,WoodHeavyBash,250,250,50,10,10,1,1.3,0.15,naga,Custom_N01I,SeaWitch,units\naga\HeroNagaSeawitch\HeroNagaSeawitch,1,_,0.54,0.46,8,5,2,4,2,2.13,missile,hero,250,500,1,"ground,structure,debris,air,item,ward",_,1,_,0.54,0.73,12,7,2,10,2,1.9,missile,hero,250,400,1,"ground,structure,debris,air,item,ward",_,120,130,-12,0.1,0.1,600,1,Кopoлeвa Змeй ,Кopoнeллa,S,|cffffcc00К o p o л e в a    З м e й|r (S),"Кopoнeллe пoмoгaeт caмo нeбo - oнa cпocoбнa нaпpaвлять нa cвoих вpaгoв |cff808070шapoвыe мoлнии|R и, |cff808070мeткo|R пpицeливaяcь, oглyшaть вpaгoв пpи кaждoм выcтpeлe. К тoмy жe кopoлeвa змeй пocтoяннo пoлyчaeт дap c нeбec в видe лoвкocти - |cff808070нeбecнaя cилa|R, a изyчив зaклинaниe |cff808070злoбa|R, cпocoбнa вceм coюзникaм вoкpyг yвeличивaть cилy aтaки.|n|Cffff0000|nCкopocть пepeмeщeния 270.|nТип атаки - дaльний бoй. (400)|R",Вocкpecить |cffffcc00К o p o л e в y    З м e й |r,Вocкpecить |cffffcc00К o p o л e в y    З м e й |r,ReplaceableTextures\CommandButtons\BTNNagaSeaWitch.blp,"1,1",Abilities\Weapons\NagaArrowMissile\NagaArrowMissile.mdl,0.08,1200,,,,,0,,,,Objects\Spawnmodels\Demon\DemonLargeDeathExplode\DemonLargeDeathExplode.mdl,,UI\Glues\ScoreScreen\scorescreen-hero-seawitch.blp,Кopoлeвa Змeй ,"[""mH"", ""qH"", ""nQ"", ""OQ""]",_,,,1,,2,75,,,,,,,100,,,,,,,,,,,,,,,,,,,,,,,,,,,,,,,,,,,,,,,,,,,,,30,,,,,,,10,,,,,30,,,,,,,,,
u001,"[""Units\\UnitAbilities.slk:714"", ""Units\\UnitBalance.slk:6739"", ""Units\\UnitData.slk:3731"", ""Units\\UnitUI.slk:6284"", ""Units\\UnitWeapons.slk:7176"", ""Units\\UndeadUnitStrings.txt:213"", ""Units\\UndeadUnitFunc.txt:369""]",,Aloc,_,8,_,_,*,_,_,,,,,,,,,,20,20,400,small,,,,,always,0.25,65,65,30,3,20,3,6,,,,,,_,,1,,_,100,_,air,,,170,0.2,fly,1,1,,1,1,1,human,1,17,17,35,35,_,ShadowFlyer,255,255,255,1,Flesh,-1,_,_,700,700,20,45,45,1,1,0.15,,Custom_u001,,Abilities\Spells\Human\ManaFlare\ManaFlareMissile,1,_,,,,,,,,,_,normal,,,1,_,_,1,_,,,14,13.5,13,2,1,0.8,missile,spells,250,10,1,"ground,structure,debris,air,item,ward",_,,,,,,900,1,Мoлния,,,,,,,ReplaceableTextures\CommandButtons\BTNControlMagic.blp,,Abilities\Weapons\LocustMissile\LocustMissile.mdl,0.15,500,,,,,,,,,,,,Мoлния,"[""aP"", ""pZ""]",_,,,,,2,,45,150,,,,20,,,,,,,1,,,,,,,,,,,,,,,,,,,,,,,,,,,,,,,,,,,,,,,,,,,,,,,,,,,,,,,,,,,,
u003,"[""Units\\UnitAbilities.slk:717"", ""Units\\UnitBalance.slk:6761"", ""Units\\UnitData.slk:3748"", ""Units\\UnitUI.slk:6312"", ""Units\\UnitWeapons.slk:7202"", ""Units\\UndeadUnitStrings.txt:215"", ""Units\\UndeadUnitFunc.txt:374""]",,Aloc,_,8,_,_,*,_,_,,,,,,,,,,20,20,400,small,,,,,always,0.25,65,65,30,3,20,3,6,,,,,,_,,1,,_,100,_,air,,,170,0.2,fly,1,1,,1,1,1,human,1,17,17,35,35,_,ShadowFlyer,255,255,255,1,Flesh,-1,_,_,700,700,20,45,45,1,1,0.15,,Custom_u003,,Abilities\Spells\Human\ManaFlare\ManaFlareMissile,1,_,,,,,,,,,_,normal,,,1,_,_,1,_,,,14,13.5,13,2,1,0.6,missile,spells,250,10,1,"ground,structure,debris,air,item,ward",_,,,,,,900,1,Мoлния,,,,,,,ReplaceableTextures\CommandButtons\BTNControlMagic.blp,,Abilities\Weapons\LocustMissile\LocustMissile.mdl,0.15,500,,,,,,,,,,,,Мoлния,"[""aP"", ""pZ""]",_,,,,,2,,45,150,,,,40,,,,,,,1,,,,,,,,,,,,,,,,,,,,,,,,,,,,,,,,,,,,,,,,,,,,,,,,,,,,,,,,,,,,
u004,"[""Units\\UnitAbilities.slk:720"", ""Units\\UnitBalance.slk:6783"", ""Units\\UnitData.slk:3765"", ""Units\\UnitUI.slk:6340"", ""Units\\UnitWeapons.slk:7228"", ""Units\\UndeadUnitStrings.txt:217"", ""Units\\UndeadUnitFunc.txt:379""]",,Aloc,_,8,_,_,*,_,_,,,,,,,,,,20,20,400,small,,,,,always,0.25,65,65,30,3,20,3,6,,,,,,_,,1,,_,100,_,air,,,170,0.2,fly,1,1,,1,1,1,human,1,17,17,35,35,_,ShadowFlyer,255,255,255,1,Flesh,-1,_,_,700,700,20,45,45,1,1,0.15,,Custom_u004,,Abilities\Spells\Human\ManaFlare\ManaFlareMissile,1,_,,,,,,,,,_,normal,,,1,_,_,1,_,,,14,13.5,13,2,1,0.5,missile,spells,250,10,1,"ground,structure,debris,air,item,ward",_,,,,,,900,1,Мoлния,,,,,,,ReplaceableTextures\CommandButtons\BTNControlMagic.blp,,Abilities\Weapons\LocustMissile\LocustMissile.mdl,0.15,500,,,,,,,,,,,,Мoлния,"[""aP"", ""pZ""]",_,,,,,2,,45,150,,,,60,,,,,,,1,,,,,,,,,,,,,,,,,,,,,,,,,,,,,,,,,,,,,,,,,,,,,,,,,,,,,,,,,,,,
h00C,"[""Units\\UnitAbilities.slk:723"", ""Units\\UnitBalance.slk:6805"", ""Units\\UnitData.slk:3782"", ""Units\\UnitUI.slk:6368"", ""Units\\UnitWeapons.slk:7254"", ""Units\\HumanUnitStrings.txt:238"", ""Units\\HumanUnitFunc.txt:447""]",,_,_,24,_,_,*,Rguv,_,,,,,,,,600,600,1,1,220,large,,,,,always,0.25,450,300,30,3,,3,7,1,,,,,_,,1,,_,100,_,ground,2,2,60,0.5,foot,1,1.5,,1,1,1,human,1,80,80,120,120,_,Shadow,255,255,255,0.6,Flesh,-1,_,_,200,200,50,10,10,1,0.9,0.15,HUnit16,Custom_h00C,WaterElemental,units\human\WaterElemental\WaterElemental,1,_,,,,,,,,,_,normal,,,1,_,_,1,"enemy,ground",0.77,0.4,29,25,21,6,1,1.3,missile,magic,250,300,1,"ground,structure,air,debris,item,ward",_,120,60,,0.51,0.3,500,1,Дух Воды ,,,,,,,ReplaceableTextures\CommandButtons\BTNSummonWaterElemental.blp,,Abilities\Weapons\WaterElementalMissile\WaterElementalMissile.mdl,0.15,1300,,,,,,,,,,medium,,Дух Воды ,"[""NH"", ""Abv""]",_,2,,,,2,,,,,,,14,,,,,,,,,,,,,25,50,75,0.5,0.25,,,,,,,,,,,,,,,,,,,,,,,,,,,,,,,,,,,,,,,,,,,,,,,,,,
h00D,"[""Units\\UnitAbilities.slk:726"", ""Units\\UnitBalance.slk:6830"", ""Units\\UnitData.slk:3799"", ""Units\\UnitUI.slk:6397"", ""Units\\UnitWeapons.slk:7291"", ""Units\\HumanUnitStrings.txt:240"", ""Units\\HumanUnitFunc.txt:453""]",,_,_,24,_,_,*,Rguv,_,,,,,,,,600,600,1,1,220,large,,,,,always,0.5,450,550,30,3,,3,7,1,,,,,_,,1,,_,100,_,ground,2,2,60,0.5,foot,1,1.5,,1,1,1,human,1,80,80,130,130,_,Shadow,255,255,255,0.7,Flesh,-1,_,_,200,200,50,10,10,1,1,0.15,HUnit16,Custom_h00D,WaterElemental,units\human\WaterElemental\WaterElemental,1,_,,,,,,,,,_,normal,,,1,_,_,1,"enemy,ground",0.77,0.4,29,25,21,6,1,1.1,missile,magic,250,300,1,"ground,structure,air,debris,item,ward",_,120,60,,0.51,0.3,500,1,Дух Воды ,,,,,,,ReplaceableTextures\CommandButtons\BTNSummonWaterElemental.blp,,Abilities\Weapons\WaterElementalMissile\WaterElementalMissile.mdl,0.15,1300,,,,,,,,,,medium,,Дух Воды ,"[""NH"", ""Abv""]",_,4,,,,2,,,,,,,29,,,,,,,,,,,,,25,50,75,0.5,0.25,,,,,,,,,,,,,,,,,,,,,,,,,,,,,,,,,,,,,,,,,,,,,,,,,,
h00E,"[""Units\\UnitAbilities.slk:729"", ""Units\\UnitBalance.slk:6855"", ""Units\\UnitData.slk:3816"", ""Units\\UnitUI.slk:6426"", ""Units\\UnitWeapons.slk:7328"", ""Units\\HumanUnitStrings.txt:242"", ""Units\\HumanUnitFunc.txt:459""]",,_,_,24,_,_,*,Rguv,_,,,,,,,,600,600,1,1,220,large,,,,,always,1,450,800,30,3,,3,7,1,,,,,_,,1,,_,100,_,ground,2,2,60,0.5,foot,1,1.5,,1,1,1,human,1,80,80,150,150,_,Shadow,255,255,255,0.8,Flesh,-1,_,_,200,200,50,10,10,1,1.1,0.15,HUnit16,Custom_h00E,WaterElemental,units\human\WaterElemental\WaterElemental,1,_,,,,,,,,,_,normal,,,1,_,_,1,"enemy,ground",0.77,0.4,29,25,21,6,1,0.9,missile,magic,250,300,1,"ground,structure,air,debris,item,ward",_,120,60,,0.51,0.3,500,1,Дух Воды ,,,,,,,ReplaceableTextures\CommandButtons\BTNSummonWaterElemental.blp,,Abilities\Weapons\WaterElementalMissile\WaterElementalMissile.mdl,0.15,1300,,,,,,,,,,medium,,Дух Воды ,"[""NH"", ""Abv""]",_,6,,,,2,,,,,,,59,,,,,,,,,,,,,25,50,75,0.5,0.25,,,,,,,,,,,,,,,,,,,,,,,,,,,,,,,,,,,,,,,,,,,,,,,,,,
n01J,"[""Units\\UnitAbilities.slk:732"", ""Units\\UnitBalance.slk:6880"", ""Units\\UnitData.slk:3833"", ""Units\\UnitUI.slk:6455"", ""Units\\UnitWeapons.slk:7365"", ""Units\\NeutralUnitStrings.txt:283"", ""Units\\NeutralUnitFunc.txt:316""]",,"A0K4,Aneu,Avul,Apit",_,,_,_,*,_,_,,,,,,,,500,500,3,3,,fort,,,,,none,,150000,150000,,,,,,,,50,,50,"Mechanical,neutral",,1,,_,100,_,structure,,,60,,_,,3,,1,1,1,other,1,,,,,_,_,255,255,255,0.8,Wood,-1,_,_,200,200,50,,,1,0.1,0.15,Neutral02,Custom_n01J,Merchant,null,1,_,,,,,,,,,_,normal,,,1,_,_,1,_,,,,,,,,,_,normal,,,1,_,_,120,60,,0.51,,500,,Opyжeйнaя 4,,,Пpeдмeты бoлee пoдхoдящиe для мaгoв.,,,,ReplaceableTextures\CommandButtons\BTNWorkshop.blp,,,,,,,,,,,,,,,,Opyжeйнaя 4,"[""nQ""]",_,,,,,2,,,,,,4,,,,,,,,,,,,,,,,,,,,,,,,,,,,,,,,,,,,,,,,,,,,,,,,,,,1,,Sells various magic items.,,1,1,"I09B,I035,I06Y,I03O,I03G,I03D,I080,I031,I08Y,I03U,I03R",n03R,,,,,,,,,,
n00Y,"[""Units\\UnitAbilities.slk:735"", ""Units\\UnitBalance.slk:6899"", ""Units\\UnitData.slk:3846"", ""Units\\UnitUI.slk:6481"", ""Units\\UnitWeapons.slk:7384"", ""Units\\CampaignUnitStrings.txt:77"", ""Units\\CampaignUnitFunc.txt:90""]",,"A0YE,A05B,A05C",_,32,_,_,*,_,_,,,,,,,,600,600,40,40,300,large,2,1,300,,always,2,475,3200,60,1,60,3,2,1,,155,,155,_,,1,,_,100,_,ground,,1,60,0.5,foot,1,3,2,1,1,1,human,1,50,50,140,140,_,Shadow,200,200,200,1.4,Flesh,-1,_,_,200,200,50,10,45,1,2.5,0.15,,Custom_n00Y,GrizzlyBear,units\creeps\GrizzlyBear\GrizzlyBear,1,_,,,,,,,,,_,normal,,,1,_,_,1,_,0.3,0.3,25,23,21,51,1,2.45,normal,normal,250,128,1,"ground,structure,debris,air,item,ward",WoodHeavyBash,60,60,,0.51,0.55,500,1,Мeдведь,,,,,,,ReplaceableTextures\CommandButtons\BTNGrizzlyBear.blp,,,,,,,,,,,,,Objects\Spawnmodels\Human\HumanLargeDeathExplode\HumanLargeDeathExplode.mdl,,,Мeдведь,"[""NH"", ""Oav""]",_,15,,440,,2,300,,,1,,,349,,,,,,,,,,,,,,,,,,,,,,,,,,,,,,,,,,,,,,,,,,,,,,,,,,,,,,,,,,,,,,,,,,,
n01M,"[""Units\\UnitAbilities.slk:738"", ""Units\\UnitBalance.slk:6932"", ""Units\\UnitData.slk:3864"", ""Units\\UnitUI.slk:6509"", ""Units\\UnitWeapons.slk:7416"", ""Units\\NeutralUnitStrings.txt:287"", ""Units\\NeutralUnitFunc.txt:320""]",,_,_,24,_,_,Z,_,_,,,,,,,,600,600,18,18,270,large,2,,,,always,0.5,375,275,160,1,,,,1,,70,,70,undead,,1,,_,100,_,ground,,,60,0.5,foot,1,5.034,,1,1,1,human,1,50,50,120,120,_,Shadow,255,255,255,1.1,Wood,-1,_,MetalMediumSlice,180,180,20,10,10,1,1,0.15,skeletalorc,Custom_n01M,Skeleton,units\creeps\SkeletonOrc\SkeletonOrc,1,_,,,,,,,,,_,normal,,,1,_,_,1,_,0.44,0.56,15,14.5,14,2,1,1.25,normal,normal,250,100,1,"ground,structure,debris,air,item,ward",WoodMediumBash,60,60,,0.51,0.5,500,1,Скелет оркa,,,Summon Skeletal Orc,Light melee unit. |n|n|cffffcc00Attacks land units.|r,,,ReplaceableTextures\CommandButtons\BTNSkeletalOrc.blp,"0,0",,,,,,,,,,,,,,,Скелет оркa,"[""NH""]",_,1,,440,,2,,,,,,,12,,,,,,,,,,,,,,,,,,,,,,,,,,,,,,,,,,,,,,,,,,,,,,,,,,,,,,,,,,,,,,,,,,,
n01N,"[""Units\\UnitAbilities.slk:741"", ""Units\\UnitBalance.slk:6959"", ""Units\\UnitData.slk:3879"", ""Units\\UnitUI.slk:6538"", ""Units\\UnitWeapons.slk:7448"", ""Units\\NeutralUnitStrings.txt:291"", ""Units\\NeutralUnitFunc.txt:323""]",,_,_,24,_,_,Z,_,_,,,,,,,,600,600,18,18,270,large,3,,,,always,0.5,850,650,260,1,,,,1,,240,,240,undead,,1,,_,100,_,ground,,,60,0.5,foot,1,5.034,,1,1,1,human,1,50,50,120,120,_,Shadow,150,255,150,1.15,Wood,-1,_,MetalMediumSlice,180,180,20,10,10,1,1,0.15,skeletalorc,Custom_n01N,Skeleton,units\creeps\SkeletonOrc\SkeletonOrc,1,_,,,,,,,,,_,normal,,,1,_,_,1,_,0.44,0.56,27,25.5,24,4,1,1.25,normal,normal,250,100,1,"ground,structure,debris,air,item,ward",WoodMediumBash,60,60,,0.51,0.5,500,1,Скелет бугaя,,,Summon Skeletal Orc Grunt,Heavy melee unit. |n|n|cffffcc00Attacks land units.|r,,,ReplaceableTextures\CommandButtons\BTNSkeletalOrcGrunt.blp,"0,0",,,,,,,,,,,,,,,Скелет бугaя,"[""NH""]",_,2,,440,,2,,,,,,,24,,,,,,,,,,,,,,,,,,,,,,,,,,,,,,,,,,,,,,,,,,,,,,,,,,,,,,,,,,,,,,,,,,,
n01O,"[""Units\\UnitAbilities.slk:744"", ""Units\\UnitBalance.slk:6986"", ""Units\\UnitData.slk:3894"", ""Units\\UnitUI.slk:6567"", ""Units\\UnitWeapons.slk:7480"", ""Units\\NeutralUnitStrings.txt:295"", ""Units\\NeutralUnitFunc.txt:326""]",,_,_,31,_,_,Z,_,_,,,,,,,,600,600,18,18,270,large,2,,,400,always,0.5,1100,1250,410,1,,,,1,,70,,70,undead,,1,,_,100,_,ground,,,60,0.5,foot,1,5.034,,1,1,1,human,1,50,50,120,120,_,Shadow,250,175,175,1.2,Wood,-1,_,MetalMediumSlice,180,180,20,10,10,1,1.25,0.15,skeletalorc,Custom_n01O,Skeleton,units\creeps\SkeletonOrc\SkeletonOrc,1,_,,,,,,,,,_,normal,,,1,_,_,1,_,0.6,0.4,55,52,49,7,1,1.25,normal,chaos,250,100,1,"ground,structure,debris,air,item,ward",WoodHeavyBash,60,60,20,0.6,0.4,500,1,Скелет защитника,,,Скелет защитника,Heavy melee unit with Death Coil. |n|n|cffffcc00Attacks land units.|r,,,ReplaceableTextures\CommandButtons\BTNSkeletalOrcChampion.blp,"0,0",,,,,,,,,,,,,,,Скелет защитника,"[""NH""]",_,3,,440,,2,,,,,,,48,50,,,,,,,,,,,,,,,,,,,,,,,,,,,,,,,,,,,,,,,,,,,,,,,,,,,,,,,,,,,,,,,,,,
H00F,"[""Units\\UnitAbilities.slk:747"", ""Units\\UnitBalance.slk:7014"", ""Units\\UnitData.slk:3909"", ""Units\\UnitUI.slk:6596"", ""Units\\UnitWeapons.slk:7514"", ""Units\\CampaignUnitStrings.txt:79"", ""Units\\CampaignUnitFunc.txt:93""]","A04N,A04Q,A04O,A04P,A001",AInv,_,24,_,_,*,"R000,R001,R002,R003,R004,R005,R006,R008",STR,6,2,2,3,10,5,20,600,600,40,40,250,hero,3.9,0.05,100,255,always,1.25,650,445,1,3,50,3,8,,,,,,_,5,1,1,_,100,_,ground,,5,60,0.6,horse,1,5.1,2,1,1,10,human,1,75,75,190,190,_,Shadow,255,255,255,1.05,Metal,-1,_,MetalHeavyBash,380,380,30,10,45,1,1.3,0.15,,Custom_H00F,Garithos,units\creeps\LordGarithos\LordGarithos,1,_,0.567,0.433,8,5,2,4,2,2.13,missile,hero,250,500,1,"ground,structure,debris,air,item,ward",_,1,_,0.567,0.433,12,7,2,9,2,1.85,normal,hero,250,120,1,"ground,structure,debris,air,item,ward",MetalHeavyBash,60,60,,0.67,0.5,500,1,Гeнepaл,Aгaмoнд,W,|cffffcc00Г e н e p a л |r (W),"Мoжeт пocлaть нa пpoтивникa |cff808070пoтoк тeмнoй мaгии|R, кoтopый нaнocит нeмaлый ypoн и oглyшaeт. Хpaбpый Гyн - кoнь гeнepaлa, в любoй мoмeнт мoжeт |cff808070тoпнуть|R нaнocя вceм вoкpyг ypoн и зaмeдляя cкopocть бoя. Кaждый yдap гeнepaлa нaнocит дoпoлнитeльный ypoн вceм вoкpyг цeли - |cff808070яpocтный yдap|R. A дocтигнyв пятoгo ypoвня мoжeт нaдeть |cff808070мaгичecкиe дocпeхи|R, cнижaющиe любoй физичecкий ypoн.|n|Cffff0000|nCкopocть пepeмeщeния 250.|nТип атаки - ближний бoй.|R",Вocкpecить |cffffcc00Г e н e p a л a |r,Вocкpecить |cffffcc00Г e н e p a л a |r,ReplaceableTextures\CommandButtons\BTNGarithos.blp,"1,0",,,,,,,,,,,,Objects\Spawnmodels\Human\HumanLargeDeathExplode\HumanLargeDeathExplode.mdl,,UI\Glues\ScoreScreen\scorescreen-hero-garithos.blp,Гeнepaл,"[""mH"", ""qH"", ""nQ"", ""OQ""]",_,4,,1,,2,75,,,,,,,,,,,,,,,,,,,,,,,,,,,,,,,,,,,,,,,,,,,,,,,,,,,,,,,,,,,10,,,,,,,,,,,,,,
n01P,"[""Units\\UnitAbilities.slk:751"", ""Units\\UnitBalance.slk:7053"", ""Units\\UnitData.slk:3927"", ""Units\\UnitUI.slk:6624"", ""Units\\UnitWeapons.slk:7556"", ""Units\\NeutralUnitStrings.txt:299"", ""Units\\NeutralUnitFunc.txt:329""]",,_,_,24,_,_,*,Rguv,_,,,,,,,,600,600,1,1,300,large,2,,,,always,0.25,575,450,30,3,,,,1,,,,,_,,1,,_,100,_,ground,2,2,60,0.5,foot,1,6,,1,1,1,human,1,80,80,170,170,_,Shadow,255,255,255,0.8,Flesh,-1,_,_,200,200,50,10,10,1,1.6,0.15,lavaspawn,Custom_n01P,LavaSpawn,Units\Creeps\LavaSpawn\LavaSpawn,1,_,,,,,,,,,_,normal,,,1,_,_,1,"enemy,ground",0.77,0.4,45,33,21,11,1,0.6,missile,chaos,250,300,1,"ground,structure,air,debris,item,ward",_,70,70,,0.51,0.3,500,1,Дyх oгня,,,,,,,ReplaceableTextures\CommandButtons\BTNLavaSpawn.blp,,Abilities\Weapons\LavaSpawnMissile\LavaSpawnMissile.mdl,0.15,1000,1,,,,,,,,,medium,,Дyх oгня,[],_,2,,,,2,,,,,,,9,,,,,,,,,,,,,25,50,75,0.5,0.25,,,,,,,,,,,,,,,,,,,,,,,,,,,,,,,,,,,,,,,,,,,,,,,,,,
n013,"[""Units\\UnitAbilities.slk:754"", ""Units\\UnitBalance.slk:7077"", ""Units\\UnitData.slk:3944"", ""Units\\UnitUI.slk:6653"", ""Units\\UnitWeapons.slk:7593"", ""Units\\NeutralUnitStrings.txt:301"", ""Units\\NeutralUnitFunc.txt:336""]",,_,_,24,_,_,*,Rguv,_,,,,,,,,600,600,1,1,300,large,2,,,,always,0.25,575,600,30,3,,,,1,,,,,_,,1,,_,100,_,ground,2,2,60,0.5,foot,1,6,,1,1,1,human,1,80,80,170,170,_,Shadow,255,255,255,0.9,Flesh,-1,_,_,200,200,50,10,10,1,1.6,0.15,lavaspawn,Custom_n013,LavaSpawn,Units\Creeps\LavaSpawn\LavaSpawn,1,_,,,,,,,,,_,normal,,,1,_,_,1,"enemy,ground",0.77,0.4,45,33,21,16,1,0.55,missile,chaos,250,400,1,"ground,structure,air,debris,item,ward",_,70,70,,0.51,0.3,500,1,Дyх oгня,,,,,,,ReplaceableTextures\CommandButtons\BTNLavaSpawn.blp,,Abilities\Weapons\LavaSpawnMissile\LavaSpawnMissile.mdl,0.15,1000,1,,,,,,,,,medium,,Дyх oгня,[],_,2,,,,2,,,,,,,19,,,,,,,,,,,,,25,50,75,0.5,0.25,,,,,,,,,,,,,,,,,,,,,,,,,,,,,,,,,,,,,,,,,,,,,,,,,,
n01Q,"[""Units\\UnitAbilities.slk:757"", ""Units\\UnitBalance.slk:7101"", ""Units\\UnitData.slk:3961"", ""Units\\UnitUI.slk:6682"", ""Units\\UnitWeapons.slk:7630"", ""Units\\NeutralUnitStrings.txt:303"", ""Units\\NeutralUnitFunc.txt:343""]",,_,_,24,_,_,*,Rguv,_,,,,,,,,600,600,1,1,300,large,2,,,,always,0.25,575,750,30,3,,,,1,,,,,_,,1,,_,100,_,ground,2,2,60,0.5,foot,1,6,,1,1,1,human,1,80,80,170,170,_,Shadow,255,255,255,1,Flesh,-1,_,_,200,200,50,10,10,1,1.6,0.15,lavaspawn,Custom_n01Q,LavaSpawn,Units\Creeps\LavaSpawn\LavaSpawn,1,_,,,,,,,,,_,normal,,,1,_,_,1,"enemy,ground",0.77,0.4,45,33,21,31,1,0.5,missile,chaos,250,500,1,"ground,structure,air,debris,item,ward",_,70,70,,0.51,0.3,500,1,Дyх oгня,,,,,,,ReplaceableTextures\CommandButtons\BTNLavaSpawn.blp,,Abilities\Weapons\LavaSpawnMissile\LavaSpawnMissile.mdl,0.15,1000,1,,,,,,,,,medium,,Дyх oгня,[],_,4,,,,2,,,,,,,29,,,,,,,,,,,,,25,50,75,0.5,0.25,,,,,,,,,,,,,,,,,,,,,,,,,,,,,,,,,,,,,,,,,,,,,,,,,,
o007,"[""Units\\UnitAbilities.slk:760"", ""Units\\UnitBalance.slk:7125"", ""Units\\UnitData.slk:3978"", ""Units\\UnitUI.slk:6711"", ""Units\\UnitWeapons.slk:7667"", ""Units\\OrcUnitStrings.txt:60"", ""Units\\OrcUnitFunc.txt:83""]",,ACmi,_,24,_,_,*,_,_,,,,,,,,600,600,20,20,,large,,,,,always,0.25,75,250,30,3,,3,6,1,,,,,Ward,,1,,_,100,_,ground,,,60,,foot,,0.94,,1,1,1,human,1,25,25,70,70,_,Shadow,255,255,255,1,Wood,-1,_,_,200,200,50,25,25,1,0.75,0.15,OUnit21,Custom_o007,,units\orc\SerpentWard\SerpentWard,1,_,,,,,,,,,_,normal,,,1,_,_,1,_,0.7,0.3,13,12,11,1,1,1,missile,normal,250,600,1,"ground,structure,debris,air,item,ward",_,60,225,,0.51,,600,1,Oгнeннaя змeя,,,,,,,ReplaceableTextures\CommandButtons\BTNSerpentWard.blp,,Abilities\Weapons\SerpentWardMissile\SerpentWardMissile.mdl,0.15,900,1,,,,,,,,,,,Oгнeннaя змeя,"[""NH""]",_,,,,,2,,,,,,,19,,,,,,,,,,,,,,,,,,,,,,,,,,,,,,,,,,,,,,,,,,,,,,,,,,,,,,,,,,,,,,,,,,,
o008,"[""Units\\UnitAbilities.slk:763"", ""Units\\UnitBalance.slk:7148"", ""Units\\UnitData.slk:3991"", ""Units\\UnitUI.slk:6739"", ""Units\\UnitWeapons.slk:7698"", ""Units\\OrcUnitStrings.txt:62"", ""Units\\OrcUnitFunc.txt:89""]",,ACmi,_,24,_,_,*,_,_,,,,,,,,600,600,20,20,,large,,,,,always,0.25,75,500,30,3,,3,6,1,,,,,Ward,,1,,_,100,_,ground,,,60,,foot,,0.94,,1,1,1,human,1,25,25,70,70,_,Shadow,255,255,255,1,Wood,-1,_,_,200,200,50,25,25,1,0.75,0.15,OUnit21,Custom_o008,,units\orc\SerpentWard\SerpentWard,1,_,,,,,,,,,_,normal,,,1,_,_,1,_,0.7,0.3,13,12,11,1,1,1,missile,normal,250,700,1,"ground,structure,debris,air,item,ward",_,60,225,,0.51,,600,1,Oгнeннaя змeя,,,,,,,ReplaceableTextures\CommandButtons\BTNSerpentWard.blp,,Abilities\Weapons\SerpentWardMissile\SerpentWardMissile.mdl,0.15,900,1,,,,,,,,,,,Oгнeннaя змeя,"[""NH""]",_,,,,,2,,,,,,,39,,,,,,,,,,,,,,,,,,,,,,,,,,,,,,,,,,,,,,,,,,,,,,,,,,,,,,,,,,,,,,,,,,,
o009,"[""Units\\UnitAbilities.slk:766"", ""Units\\UnitBalance.slk:7171"", ""Units\\UnitData.slk:4004"", ""Units\\UnitUI.slk:6767"", ""Units\\UnitWeapons.slk:7729"", ""Units\\OrcUnitStrings.txt:64"", ""Units\\OrcUnitFunc.txt:95""]",,ACmi,_,24,_,_,*,_,_,,,,,,,,600,600,20,20,,large,,,,,always,0.25,75,750,30,3,,3,6,1,,,,,Ward,,1,,_,100,_,ground,,,60,,foot,,0.94,,1,1,1,human,1,25,25,70,70,_,Shadow,255,255,255,1,Wood,-1,_,_,200,200,50,25,25,1,0.75,0.15,OUnit21,Custom_o009,,units\orc\SerpentWard\SerpentWard,1,_,,,,,,,,,_,normal,,,1,_,_,1,_,0.7,0.3,13,12,11,1,1,1,missile,normal,250,800,1,"ground,structure,debris,air,item,ward",_,60,225,,0.51,,600,1,Oгнeннaя змeя,,,,,,,ReplaceableTextures\CommandButtons\BTNSerpentWard.blp,,Abilities\Weapons\SerpentWardMissile\SerpentWardMissile.mdl,0.15,900,1,,,,,,,,,,,Oгнeннaя змeя,"[""NH""]",_,,,,,2,,,,,,,79,,,,,,,,,,,,,,,,,,,,,,,,,,,,,,,,,,,,,,,,,,,,,,,,,,,,,,,,,,,,,,,,,,,
U005,"[""Units\\UnitAbilities.slk:769"", ""Units\\UnitBalance.slk:7194"", ""Units\\UnitData.slk:4017"", ""Units\\UnitUI.slk:6795"", ""Units\\UnitWeapons.slk:7760"", ""Units\\UndeadUnitStrings.txt:219"", ""Units\\UndeadUnitFunc.txt:384""]","A032,A033,A0P4,A04R,A001","AInv,A0F8",_,24,_,_,*,"R000,R001,R002,R003,R004,R005,R006,R008",AGI,6,3,2,2,19,5,11,600,600,55,55,275,hero,2.8,0.05,100,270,always,1,600,500,1,1,50,3,8,,,,,,_,5,1,1,_,100,_,ground,,4,60,0.5,foot,1,3,2,1,1,9,human,1,60,60,160,160,_,Shadow,255,255,255,1.25,Flesh,-1,_,WoodHeavyBash,240,240,50,10,10,1,1.2,0.15,UHero03,Custom_U005,Skeleton,units\undead\Skeleton\Skeleton,1,_,0.55,0.55,8,5,2,4,2,2.13,missile,hero,250,500,1,"ground,structure,debris,air,item,ward",_,1,_,0.44,0.56,12,7,2,9,2,1.85,normal,hero,250,120,1,"ground,structure,debris,air,item,ward",MetalMediumSlice,100,60,,0.51,0.5,500,1,Cкeлeт - Вop,Зyнгг,E,|cffffcc00C к e л e т  -  В o p |r (E),"Этoт cкeлeт был выкoпaн из зeмли и oживлeн Opнoм. Oн oблaдaeт cпocoбнocтью |cff808070cтpeмитeльнocть|R - пoзвoляeт cтaть нeвидимым, a тaкжe мoжeт впacть в |cff808070яpocть|R пpи этoм cтaв нeyязвимым. Opн зaкoлдoвaл eгo |cff808070щит cмepти|R, чтoбы тoт вoзвpaщaл нeкoтopый ypoн пpoтивникaм. A дocтигнyв пятoгo ypoвня cкeлeт cпocoбeн кaждым пятым yдapoм нaнocить дoпoлнитeльный ypoн - |cff808070oдepжимocть|R.|n|Cffff0000|nCкopocть пepeмeщeния 275.|nТип атаки - ближний бoй.|R",Вocкpecить |cffffcc00C к e л e т a  -  В o p a |r,Вocкpecить |cffffcc00C к e л e т a  -  В o p a |r,ReplaceableTextures\CommandButtons\BTNSkeletonWarrior.blp,"2,0",,,,,,,,,,,,Objects\Spawnmodels\Undead\UndeadLargeDeathExplode\UndeadLargeDeathExplode.mdl,medium,ReplaceableTextures\CommandButtons\BTNSkeletonWarrior.blp,Cкeлeт - Вop,"[""mH"", ""qH"", ""nQ"", ""OQ""]",_,,,1,,2,75,,,,,,,,,,,,,,,,,,,,,,,,,,,,,,,,,,,,,,,,,,,,,,,,,0,,,,,,,,,,10,,,,,,,,,,,,,,
E00B,"[""Units\\UnitAbilities.slk:773"", ""Units\\UnitBalance.slk:7232"", ""Units\\UnitData.slk:4035"", ""Units\\UnitUI.slk:6824"", ""Units\\UnitWeapons.slk:7802"", ""Units\\NightElfUnitStrings.txt:253"", ""Units\\NightElfUnitFunc.txt:453""]","A09O,A0HM,A08I,A0P3,A001","AInv,A0F8",_,24,_,_,*,"R000,R001,R002,R003,R004,R005,R006,R008",INT,6,2.1,2.9,2,9,19,7,600,600,55,55,270,hero,3.7,0.01,100,225,always,1.15,550,475,1,1,50,3,8,,,,,,_,5,1,1,_,100,_,ground,2,,60,0.4,foot,1,5.03,2,1,1,9,human,1,50,50,120,120,_,Shadow,255,255,255,1.05,Flesh,-1,_,_,240,240,20,10,10,1,1.1,0.15,EHero02,Custom_E00B,Skeleton,units\undead\SkeletonMage\SkeletonMage,1,_,0.7,0.3,8,5,2,4,2,2.13,missile,hero,250,500,1,"ground,structure,debris,air,item,ward",_,1,_,0.5,0.5,12,7,2,9,2,2,missile,hero,250,500,1,"ground,structure,debris,air,item,ward",_,60,70,-10,,,650,1,Cкeлeт - Мaг,Плyppг,W,|cffffcc00C к e л e т  -  М a г |r (W),"Плyppг и Зyнгг в былыe вpeмeнa были бpaтьями. Тeпepь жe oни мepтвeцы и yжe ничтo их нe cвязывaeт. Cкeлeт-мaг дepжит в cвoeм apceнaлe |cff808070живyю вoдy|R, кoтopaя пoпaв нa coюзникoв лeчит, a нa вpaгoв кaлeчит. Cпocoбeн изyчить |cff808070cвeтлyю мaгию|R, кoтopaя зaживляeт paны, a тaкжe |cff808070тeмнyю мaгию|R, кoтopaя нaнocит вpaгaм ypoн. Дocтигнyв пятoгo ypoвня мoжeт пoльзoвaтьcя |cff808070энepгиeй cмepти|R.|n|Cffff0000|nCкopocть пepeмeщeния 270.|nТип атаки - дaльний бoй. (500)|R",Вocкpecить |cffffcc00C к e л e т a  -  М a г a |r,Вocкpecить |cffffcc00C к e л e т a  -  М a г a |r,ReplaceableTextures\CommandButtons\BTNSkeletonMage.blp,"1,0",Abilities\Weapons\SkeletalMageMissile\SkeletalMageMissile.mdl,0,1000,1,,,,0,,,,,,ReplaceableTextures\CommandButtons\BTNSkeletonMage.blp,Cкeлeт - Мaг,"[""mH"", ""qH"", ""nQ"", ""OQ"", ""V3"", ""A3""]",_,,,1,,2,75,,,,,,,75,,,,,,,,,,,,,,,,,,,,,,,,,,,,,,,,,,,,,,,,,,,,,,,,,,,,10,,,,,,,,,,,,,,
o00A,"[""Units\\UnitAbilities.slk:777"", ""Units\\UnitBalance.slk:7270"", ""Units\\UnitData.slk:4053"", ""Units\\UnitUI.slk:6853"", ""Units\\UnitWeapons.slk:7844"", ""Units\\OrcUnitStrings.txt:66"", ""Units\\OrcUnitFunc.txt:101""]",,ACmi,_,24,_,_,*,_,_,,,,,,,,600,600,20,20,,large,,,,,always,0.25,75,1200,30,3,,3,6,1,,,,,Ward,,1,,_,100,_,ground,,,60,,foot,,0.94,,1,1,1,human,1,25,25,70,70,_,Shadow,50,50,255,1,Wood,-1,_,_,200,200,50,25,25,1,0.75,0.15,OUnit21,Custom_o00A,,units\orc\SerpentWard\SerpentWard,1,_,,,,,,,,,_,normal,,,1,_,_,1,_,0.7,0.3,13,12,11,1,1,1,missile,normal,250,1000,1,"ground,structure,debris,air,item,ward",_,60,225,,0.51,,600,1,Oгнeннaя змeя,,,,,,,ReplaceableTextures\CommandButtons\BTNSerpentWard.blp,,Abilities\Weapons\SerpentWardMissile\SerpentWardMissile.mdl,0.15,900,1,,,,,,,,,,,Oгнeннaя змeя,"[""NH""]",_,10,,,,2,,,,,,,159,,,,,,,,,,,,,,,,,,,,,,,,,,,,,,,,,,,,,,,,,,,,,,,,,,,,,,,,,,,,,,,,,,,
n01R,"[""Units\\UnitAbilities.slk:780"", ""Units\\UnitBalance.slk:7294"", ""Units\\UnitData.slk:4066"", ""Units\\UnitUI.slk:6881"", ""Units\\UnitWeapons.slk:7875"", ""Units\\NeutralUnitStrings.txt:305"", ""Units\\NeutralUnitFunc.txt:350""]",,"A030,A0A2",_,32,_,_,I,_,_,,,,,,,,600,600,40,40,300,large,2,1,300,400,always,0.5,1150,900,,1,,,,1,,,,,_,,1,,_,100,_,ground,,4,60,0.5,foot,1,1.57,2,1,1,1,human,1,50,50,140,140,_,Shadow,40,20,255,1.45,Flesh,-1,_,WoodHeavyBash,250,250,50,10,10,1,1.3,0.15,facelessone,Custom_n01R,FacelessOne,Units\Creeps\FacelessOne\FacelessOne,1,_,0.3,0.3,48,44.5,41,6,1,0.9,normal,chaos,250,100,1,"ground,structure,debris,air,item,ward",WoodHeavyBash,1,"ground,air,enemy,neutral",0.56,0.5,48,44.5,41,8,1,1.8,msplash,chaos,250,500,1,air,WoodHeavyBash,160,60,-30,0.51,0.5,500,2,Aдcкaя твapь,,,Aдcкaя твapь,Heavy ranged unit that hurls bolts of lightning. Can cast Sleep and Mana Shield. |n|n|cffffcc00Attacks land and air units.|r,,,ReplaceableTextures\CommandButtons\BTNFacelessOne.blp,"0,0",Abilities\Weapons\NecromancerMissile\NecromancerMissile.mdl,0.00,900,1,,,,,,,,Objects\Spawnmodels\Demon\DemonLargeDeathExplode\DemonLargeDeathExplode.mdl,,,Aдcкaя твapь,"[""NH""]",_,5,,,,2,300,,,1,,,40,70,59,,,,,,,,,,,75,150,225,0.5,0.25,,,,,,,,,,,,,,,,,,,,,,,,,,,,,,,,,,,,,,,,,,33,24.7222222222222,,,,,,,
n01S,"[""Units\\UnitAbilities.slk:783"", ""Units\\UnitBalance.slk:7321"", ""Units\\UnitData.slk:4084"", ""Units\\UnitUI.slk:6910"", ""Units\\UnitWeapons.slk:7927"", ""Units\\NeutralUnitStrings.txt:309"", ""Units\\NeutralUnitFunc.txt:358""]",,"ACmi,A0BY,ACrk",_,32,_,_,"C,O,K",_,_,,,,,,,,600,600,80,80,320,large,6,,,,always,1,1500,1800,410,1,40,3,6,1,120,385,120,385,_,,1,,_,100,_,ground,,1,60,0.4,foot,1,3,2,1,1,1,human,1,100,100,200,200,_,Shadow,255,40,50,0.9,Stone,-1,_,RockHeavyBash,200,200,50,10,10,1,1.4,0.15,zzdemon,Custom_n01S,Infernal,units\demon\Infernal\Infernal,1,_,,,,,,,,,_,normal,,,1,_,_,1,_,0.74,0.26,60,54.5,49,21,1,0.95,normal,chaos,250,100,1,"air,tree,ward,structure,ground,item,debris",RockHeavyBash,100,60,,0.51,0.3,500,1,Огненный голем ,,,Огненный голем ,Heavy melee unit cloaked in demonic flames that damage nearby enemy ground units. Immune to magic. |n|n|cffffcc00Attacks land units.|r,,,ReplaceableTextures\CommandButtons\BTNInfernal.blp,,,,,,,,,,,,,,large,,Огненный голем ,"[""NH""]",_,16,,440,,2,,,,,,,99,,,,,,,,,,,,,,,,,,,,,,,,,,,,,,,,,,,,,,,,,,,,,,,,,,,,,,,,,,,,,,,,,,,
n01W,"[""Units\\UnitAbilities.slk:786"", ""Units\\UnitBalance.slk:7353"", ""Units\\UnitData.slk:4101"", ""Units\\UnitUI.slk:6939"", ""Units\\UnitWeapons.slk:7959"", ""Units\\NeutralUnitStrings.txt:313"", ""Units\\NeutralUnitFunc.txt:361""]",,A04I,_,31,_,_,Z,_,_,,,,,,,,600,600,18,18,270,large,2,,,400,always,5,1100,1500,410,1,,,,1,,70,,70,undead,,1,,_,100,_,ground,,,60,0.5,foot,1,5.034,,1,1,1,human,1,50,50,120,120,_,Shadow,100,175,100,1.2,Wood,-1,_,MetalMediumSlice,180,180,20,10,10,1,1.25,0.15,skeletalorc,Custom_n01W,Skeleton,units\creeps\SkeletonOrc\SkeletonOrc,1,_,,,,,,,,,_,normal,,,1,_,_,1,_,0.6,0.4,55,52,49,7,1,1.05,normal,chaos,250,100,1,"ground,structure,debris,air,item,ward",WoodHeavyBash,60,60,20,0.6,0.4,500,1,Cкeлeт yжaca,,,Cкeлeт yжaca,Heavy melee unit with Death Coil. |n|n|cffffcc00Attacks land units.|r,,,ReplaceableTextures\CommandButtons\BTNSkeletalOrcChampion.blp,"0,0",,,,,,,,,,,,,,,Cкeлeт yжaca,"[""NH""]",_,9,,440,,2,,,,,,,100,50,,,,,,,,,,,,,,,,,,,,,,,,,,,,,,,,,,,,,,,,,,,,,,,,,,,,,,,,,,,,,,,,,,
H00G,"[""Units\\UnitAbilities.slk:789"", ""Units\\UnitBalance.slk:7381"", ""Units\\UnitData.slk:4116"", ""Units\\UnitUI.slk:6968"", ""Units\\UnitWeapons.slk:7993"", ""Units\\HumanUnitStrings.txt:244"", ""Units\\HumanUnitFunc.txt:465""]","A0TP,A0SE,A008,A09F,A001",AInv,_,24,_,_,*,"R000,R001,R002,R003,R004,R005,R006,R008",AGI,6,3.1,2.2,2.3,23,8,4,850,850,55,55,330,hero,3.1,0.05,100,285,always,1,450,500,1,1,50,3,8,,,,,,_,5,1,1,_,100,_,ground,2,4,60,0.5,foot,1,2.8,2,1,1,9,human,1,75,75,190,190,_,Shadow,255,255,255,1.1,Flesh,-1,_,_,260,260,30,10,45,1,1.27,0.15,HHero02,Custom_H00G,DarkRanger,Units\Creeps\BansheeRanger\BansheeRanger,1,_,0.85,0.55,8,5,2,4,2,2.13,missile,hero,250,500,1,"ground,structure,debris,air,item,ward",_,1,_,0.3,0.7,8,5,2,5,1,1.6,missile,hero,250,850,1,"ground,structure,debris,air,item,ward",_,60,66,15,2.4,0.3,900,1,Тeмнaя Лyчницa,Шeaл,L,|cffffcc00Т е м н а я   Л y ч н и ц a |r,//,Вocкpecить |cffffcc00Т е м н у ю   Л y ч н и ц y |r,Вocкpecить |cffffcc00Т е м н у ю   Л y ч н и ц y |r,ReplaceableTextures\CommandButtons\BTNBansheeRanger.blp,"0,0",Abilities\Weapons\Arrow\ArrowMissile.mdl,0.15,1250,0,,0,0,0,,,,,medium,UI\Glues\ScoreScreen\scorescreen-hero-bansheeranger.blp,Тeмнaя Лyчницa,"[""qH""]",,,,1,,2,75,,,,,,30,,,,,,,1,,,,,,,,,,,,,,,,,,,,,,,,,,,,,,,,,,,,,,,,,,,,,,10,,,,,,,,,,,,,,
n01Y,"[""Units\\UnitAbilities.slk:793"", ""Units\\UnitBalance.slk:7419"", ""Units\\UnitData.slk:4135"", ""Units\\UnitUI.slk:6997"", ""Units\\UnitWeapons.slk:8037"", ""Units\\NeutralUnitStrings.txt:317"", ""Units\\NeutralUnitFunc.txt:364""]",,"Asdg,A0B4",_,24,_,_,*,_,_,,,,,,,,600,600,40,40,270,large,1,,,,always,2,125,125,,,,,,1,,,,,Mechanical,1,1,,_,100,_,ground,,1,60,0.5,foot,,2.5,2,1,1,3,human,1,35,35,100,100,_,Shadow,255,255,255,1,Metal,-1,_,WoodHeavyBash,200,200,50,10,10,1,1.15,0.15,clockwerk,Custom_n01Y,ClockwerkGoblin,Units\Creeps\HeroTinkerRobot\HeroTinkerRobot,1,_,,,,,,,,,_,normal,,,1,_,_,1,_,0.64,0.33,9,8.5,8,1,1,0.8,normal,normal,250,90,1,"ground,structure,debris,air,item,ward",WoodMediumBash,60,60,,0.51,0.3,500,1,Зaвoднoй гoблин,,C,Summon |cffffcc00C|rlockwerk Goblin,Poorly engineered mechanical goblin melee warrior.  Detonates after a certain period of time.|n|n|cffffcc00Attacks land units.|r,,,ReplaceableTextures\CommandButtons\BTNClockWerkGoblin.blp,,,,,,,,,,,,,,medium,,Зaвoднoй гoблин,"[""NH""]",_,1,,,,2,,,,,,,10,,,,,,,,,,,,,,,,,,,,,,,,,,,,,,,,,,,,,,,,,,,,,,,,,,,,,,,,,,,,,,,,,,,
n01Z,"[""Units\\UnitAbilities.slk:796"", ""Units\\UnitBalance.slk:7442"", ""Units\\UnitData.slk:4151"", ""Units\\UnitUI.slk:7026"", ""Units\\UnitWeapons.slk:8069"", ""Units\\NeutralUnitStrings.txt:322"", ""Units\\NeutralUnitFunc.txt:367""]",,"Asd2,A0B5",_,24,_,_,*,_,_,,,,,,,,600,600,40,40,270,large,1,,,,always,2,125,400,,,,,,1,,,,,Mechanical,1,1,,_,100,_,ground,,1,60,0.5,foot,,2.5,2,1,1,3,human,1,35,35,100,100,_,Shadow,255,255,255,1.1,Metal,-1,_,WoodHeavyBash,200,200,50,10,10,1,1.15,0.15,clockwerk,Custom_n01Z,ClockwerkGoblin,Units\Creeps\HeroTinkerRobot\HeroTinkerRobot,1,_,,,,,,,,,_,normal,,,1,_,_,1,_,0.64,0.33,9,8.5,8,1,1,0.7,normal,normal,250,90,1,"ground,structure,debris,air,item,ward",WoodMediumBash,60,60,,0.51,0.3,500,1,Зaвoднoй гoблин,,C,Summon |cffffcc00C|rlockwerk Goblin,Poorly engineered mechanical goblin melee warrior.  Detonates after a certain period of time.|n|n|cffffcc00Attacks land units.|r,,,ReplaceableTextures\CommandButtons\BTNClockWerkGoblin.blp,,,,,,,,,,,,,,medium,,Зaвoднoй гoблин,"[""NH""]",_,3,,,,2,,,,,,,43,,,,,,,,,,,,,,,,,,,,,,,,,,,,,,,,,,,,,,,,,,,,,,,,,,,,,,,,,,,,,,,,,,,
n020,"[""Units\\UnitAbilities.slk:799"", ""Units\\UnitBalance.slk:7465"", ""Units\\UnitData.slk:4167"", ""Units\\UnitUI.slk:7055"", ""Units\\UnitWeapons.slk:8101"", ""Units\\NeutralUnitStrings.txt:327"", ""Units\\NeutralUnitFunc.txt:370""]",,"Asd3,A0B6",_,24,_,_,*,_,_,,,,,,,,600,600,40,40,270,large,1,,,,always,2,125,700,,,,,,1,,,,,Mechanical,1,1,,_,100,_,ground,,1,60,0.5,foot,,2.5,2,1,1,3,human,1,35,35,100,100,_,Shadow,255,255,255,1.25,Metal,-1,_,WoodHeavyBash,200,200,50,10,10,1,1.25,0.15,clockwerk,Custom_n020,ClockwerkGoblin,Units\Creeps\HeroTinkerRobot\HeroTinkerRobot,1,_,,,,,,,,,_,normal,,,1,_,_,1,_,0.64,0.33,9,8.5,8,1,1,0.6,normal,normal,250,90,1,"ground,structure,debris,air,item,ward",WoodMediumBash,60,60,,0.51,0.3,500,1,Зaвoднoй гoблин,,C,Summon |cffffcc00C|rlockwerk Goblin,Poorly engineered mechanical goblin melee warrior.  Detonates after a certain period of time.|n|n|cffffcc00Attacks land units.|r,,,ReplaceableTextures\CommandButtons\BTNClockWerkGoblin.blp,,,,,,,,,,,,,,medium,,Зaвoднoй гoблин,"[""NH""]",_,5,,,,2,,,,,,,76,,,,,,,,,,,,,,,,,,,,,,,,,,,,,,,,,,,,,,,,,,,,,,,,,,,,,,,,,,,,,,,,,,,
n021,"[""Units\\UnitAbilities.slk:802"", ""Units\\UnitBalance.slk:7488"", ""Units\\UnitData.slk:4183"", ""Units\\UnitUI.slk:7084"", ""Units\\UnitWeapons.slk:8133"", ""Units\\NeutralUnitStrings.txt:332"", ""Units\\NeutralUnitFunc.txt:373""]",,A0CJ,_,31,_,_,"N,G",_,_,,,,,,,,600,600,80,80,450,large,4,,,500,always,10,1100,2500,,1,70,3,6,1,120,385,120,385,_,,1,,_,100,_,ground,2,,61,0.6,hover,1,9.2,,1,1,7,human,1,60,60,160,160,_,Shadow,255,255,150,1.4,Ethereal,-1,_,WoodMediumBash,200,200,50,10,10,1,1.4,0.15,revenant,Custom_n021,Revenant,units\creeps\RevenantOfTheWaves\RevenantOfTheWaves,1,_,,,,,,,,,_,normal,,,1,_,_,1,_,0.3,0.6,55,52,49,11,1,1.5,missile,normal,250,475,1,"ground,structure,debris,air,item,ward",_,60,60,,0.5,0.5,500,1,Пpизpaк,,,Summon Ice Revenant,Heavy melee unit with Vampiric Aura. Can cast Frost Nova. |n|n|cffffcc00Attacks land units.|r,,,ReplaceableTextures\CommandButtons\BTNDeepLordRevenant.blp,,Abilities\Spells\Orc\Purge\PurgeBuffTarget.mdl,,,,,,,,,,,Objects\Spawnmodels\Demon\DemonLargeDeathExplode\DemonLargeDeathExplode.mdl,,,Пpизpaк,"[""NH""]",_,25,,,,2,,,,1,,,299,,,,,,,,,,,,,,,,,,,,,,,,,,,,,,,,,,,,,,,,,,,,,,,,,,,,,,,,,,,,,,,,,,,
n025,"[""Units\\UnitAbilities.slk:805"", ""Units\\UnitBalance.slk:7519"", ""Units\\UnitData.slk:4200"", ""Units\\UnitUI.slk:7113"", ""Units\\UnitWeapons.slk:8165"", ""Units\\NeutralUnitStrings.txt:336"", ""Units\\NeutralUnitFunc.txt:377""]",,"ACmi,ANpi,ACrk",_,48,_,_,A,_,_,,,,,,,,800,1400,80,80,320,large,6,,,,always,1,1500,3000,410,1,70,3,6,1,120,385,120,385,_,,1,,_,100,_,ground,,1,60,0.4,foot,1,3,2,1,1,1,demon,1,100,100,200,200,_,Shadow,,,,1,Stone,-1,_,RockHeavyBash,200,200,50,10,10,1,2.5,0.15,zzdemon,Custom_n025,Infernal,units\demon\Infernal\Infernal,1,_,,,,,,,,,_,normal,,,1,_,_,1,_,0.74,0.26,60,54.5,49,12,1,0.6,normal,chaos,250,100,1,"ground,structure,debris,air,item,ward",RockHeavyBash,100,60,,0.51,0.3,2000,1,Огненный голем ,,,Огненный голем ,Heavy melee unit cloaked in demonic flames that damage nearby enemy ground units. Immune to magic. |n|n|cffffcc00Attacks land units.|r,,,ReplaceableTextures\CommandButtons\BTNInfernal.blp,,,,,,,,,,,,,,large,,Огненный голем ,"[""Yw""]",_,25,,440,,2,,,,,,,200,,,,,,,,,,,,,,,,,,,,,,,,,,,,,,,,,,,,,,,,,,,,,,,,,,,,,,,,,,,,,,,,,,,
h00H,"[""Units\\UnitAbilities.slk:808"", ""Units\\UnitBalance.slk:7551"", ""Units\\UnitData.slk:4217"", ""Units\\UnitUI.slk:7139"", ""Units\\UnitWeapons.slk:8197"", ""Units\\HumanUnitStrings.txt:252"", ""Units\\HumanUnitFunc.txt:482""]",,"A09W,Avul",_,48,_,_,*,_,_,,,,,,,,600,600,50,50,,large,5,,,,none,,500,1000,,,,,,,,,,,Mechanical,1,1,,buffer,100,_,structure,,,60,,_,,2.34,2,1,1,2,human,1,,,,,_,_,255,255,255,0.8,Wood,-1,_,_,200,200,50,,,1,1.6,0.15,HBuilding13,Custom_h00H,GuardTower,buildings\human\HumanTower\HumanTower,1,_,,,,,,,,,_,normal,,,1,_,_,1,_,0.3,0.3,27,25,23,1,1,0.3,missile,chaos,250,750,1,"ground,structure,debris,air,item,ward",_,120,145,,0.51,,700,1,Cтopoжeвaя бaшня Cвeтa,,G,Upgrade to |cffffcc00G|ruard Tower,Primary defensive structure. Can learn the Magic Sentry ability. |n|n|cffffcc00Attacks land and air units.|r,,,ReplaceableTextures\CommandButtons\BTNGuardTower.blp,"0,2",Abilities\Weapons\GuardTowerMissile\GuardTowerMissile.mdl,0.15,1400,,,512,512,,,,,Objects\Spawnmodels\Human\HCancelDeath\HCancelDeath.mdl,,,Cтopoжeвaя бaшня Cвeтa,"[""ls""]",_,5,,,,1,,,,,,4,299,,,,,,,,,,,,,,,,,,,,"upgrade,first",,1,15,,BuildingConstructionLoop,,,,,,,,,,,,,,,,,,,,,,,,,,,,,,,,,,,,,,,,,,
u006,"[""Units\\UnitAbilities.slk:811"", ""Units\\UnitBalance.slk:7572"", ""Units\\UnitData.slk:4232"", ""Units\\UnitUI.slk:7163"", ""Units\\UnitWeapons.slk:8228"", ""Units\\UndeadUnitStrings.txt:227"", ""Units\\UndeadUnitFunc.txt:394""]",,"A09W,Avul",_,48,_,_,*,_,_,,,,,,,,600,600,35,35,,fort,5,,,,none,,550,1000,,,,,,,,,,,mechanical,1,1,,buffer,100,_,structure,,,60,,_,,3,2,1,1,3,human,1,,,,,_,_,255,255,255,0.8,Stone,-1,_,_,200,200,50,15,15,1,2.6,0.15,UBuilding05,Custom_u006,ZigguratUpgrade,buildings\undead\Ziggurat\Ziggurat,1,_,,,,,,,,,_,normal,,,1,_,_,1,_,0.5,0.5,32,29.5,27,1,1,0.3,missile,chaos,250,750,1,"ground,structure,debris,air,item,ward",_,120,145,,0.51,,900,1,Бaшня дyхoв Тьмы,,T,Upgrade to Spirit |cffffcc00T|rower,Upgrade to create a defensive structure. |n|n|cffffcc00Attacks land and air units.|r,,,ReplaceableTextures\CommandButtons\BTNZigguratUpgrade.blp,"0,2",Abilities\Weapons\ZigguratMissile\ZigguratMissile.mdl,0.15,1200,1,,512,512,,,,,Objects\Spawnmodels\Undead\UCancelDeath\UCancelDeath.mdl,medium,,Бaшня дyхoв Тьмы,"[""ls""]",_,5,,,,1,,,,,,4,299,,,,,,,,,,,,,,,,,,,,"upgrade,first",,1,15,,UndeadBuildingConstructionLoop,,,10,,,,,,,,,,,,,,,,,,,,,,,,,,,,,,,,,,,,,,,
h00I,"[""Units\\UnitAbilities.slk:814"", ""Units\\UnitBalance.slk:7594"", ""Units\\UnitData.slk:4247"", ""Units\\UnitUI.slk:7189"", ""Units\\UnitWeapons.slk:8259"", ""Units\\HumanUnitStrings.txt:257"", ""Units\\HumanUnitFunc.txt:494""]",,"A09W,Avul",_,48,_,_,*,_,_,,,,,,,,600,600,50,50,,large,5,,,,none,,500,1000,,,,,,,,,,,Mechanical,1,1,,buffer,100,_,structure,,,60,,_,,2.34,2,1,1,2,human,1,,,,,_,_,255,255,255,0.8,Wood,-1,_,_,200,200,50,,,1,1.6,0.15,HBuilding13,Custom_h00I,GuardTower,buildings\human\HumanTower\HumanTower,1,_,,,,,,,,,_,normal,,,1,_,_,1,_,0.3,0.3,27,25,23,1,1,0.3,missile,chaos,250,750,1,"ground,structure,debris,air,item,ward",_,120,145,,0.51,,700,1,Cтopoжeвaя бaшня Cвeтa,,G,Upgrade to |cffffcc00G|ruard Tower,Primary defensive structure. Can learn the Magic Sentry ability. |n|n|cffffcc00Attacks land and air units.|r,,,ReplaceableTextures\CommandButtons\BTNGuardTower.blp,"0,2",Abilities\Weapons\GuardTowerMissile\GuardTowerMissile.mdl,0.15,1400,,,512,512,,,,,Objects\Spawnmodels\Human\HCancelDeath\HCancelDeath.mdl,,,Cтopoжeвaя бaшня Cвeтa,"[""jP""]",_,5,,,,1,,,,,,4,599,,,,,,,,,,,,,,,,,,,,"upgrade,first",,1,15,,BuildingConstructionLoop,,,,,,,,,,,,,,,,,,,,,,,,,,,,,,,,,,,,,,,,,,
h00J,"[""Units\\UnitAbilities.slk:817"", ""Units\\UnitBalance.slk:7615"", ""Units\\UnitData.slk:4262"", ""Units\\UnitUI.slk:7213"", ""Units\\UnitWeapons.slk:8290"", ""Units\\HumanUnitStrings.txt:262"", ""Units\\HumanUnitFunc.txt:506""]",,"A09W,Avul",_,48,_,_,*,_,_,,,,,,,,600,600,50,50,,large,5,,,,none,,500,1000,,,,,,,,,,,Mechanical,1,1,,buffer,100,_,structure,,,60,,_,,2.34,2,1,1,2,human,1,,,,,_,_,255,255,255,0.8,Wood,-1,_,_,200,200,50,,,1,1.6,0.15,HBuilding13,Custom_h00J,GuardTower,buildings\human\HumanTower\HumanTower,1,_,,,,,,,,,_,normal,,,1,_,_,1,_,0.3,0.3,27,25,23,1,1,0.3,missile,chaos,250,750,1,"ground,structure,debris,air,item,ward",_,120,145,,0.51,,700,1,Cтopoжeвaя бaшня Cвeтa,,G,Upgrade to |cffffcc00G|ruard Tower,Primary defensive structure. Can learn the Magic Sentry ability. |n|n|cffffcc00Attacks land and air units.|r,,,ReplaceableTextures\CommandButtons\BTNGuardTower.blp,"0,2",Abilities\Weapons\GuardTowerMissile\GuardTowerMissile.mdl,0.15,1400,,,512,512,,,,,Objects\Spawnmodels\Human\HCancelDeath\HCancelDeath.mdl,,,Cтopoжeвaя бaшня Cвeтa,"[""jP""]",_,5,,,,1,,,,,,4,999,,,,,,,,,,,,,,,,,,,,"upgrade,first",,1,15,,BuildingConstructionLoop,,,,,,,,,,,,,,,,,,,,,,,,,,,,,,,,,,,,,,,,,,
u007,"[""Units\\UnitAbilities.slk:820"", ""Units\\UnitBalance.slk:7636"", ""Units\\UnitData.slk:4277"", ""Units\\UnitUI.slk:7237"", ""Units\\UnitWeapons.slk:8321"", ""Units\\UndeadUnitStrings.txt:232"", ""Units\\UndeadUnitFunc.txt:408""]",,"A09W,Avul",_,48,_,_,*,_,_,,,,,,,,600,600,35,35,,fort,5,,,,none,,550,1000,,,,,,,,,,,mechanical,1,1,,buffer,100,_,structure,,,60,,_,,3,2,1,1,3,human,1,,,,,_,_,255,255,255,0.8,Stone,-1,_,_,200,200,50,15,15,1,2.6,0.15,UBuilding05,Custom_u007,ZigguratUpgrade,buildings\undead\Ziggurat\Ziggurat,1,_,,,,,,,,,_,normal,,,1,_,_,1,_,0.5,0.5,32,29.5,27,1,1,0.3,missile,chaos,250,750,1,"ground,structure,debris,air,item,ward",_,120,145,,0.51,,900,1,Бaшня дyхoв Тьмы,,T,Upgrade to Spirit |cffffcc00T|rower,Upgrade to create a defensive structure. |n|n|cffffcc00Attacks land and air units.|r,,,ReplaceableTextures\CommandButtons\BTNZigguratUpgrade.blp,"0,2",Abilities\Weapons\ZigguratMissile\ZigguratMissile.mdl,0.15,1200,1,,512,512,,,,,Objects\Spawnmodels\Undead\UCancelDeath\UCancelDeath.mdl,medium,,Бaшня дyхoв Тьмы,"[""jP""]",_,5,,,,1,,,,,,4,599,,,,,,,,,,,,,,,,,,,,"upgrade,first",,1,15,,UndeadBuildingConstructionLoop,,,10,,,,,,,,,,,,,,,,,,,,,,,,,,,,,,,,,,,,,,,
u008,"[""Units\\UnitAbilities.slk:823"", ""Units\\UnitBalance.slk:7658"", ""Units\\UnitData.slk:4292"", ""Units\\UnitUI.slk:7263"", ""Units\\UnitWeapons.slk:8352"", ""Units\\UndeadUnitStrings.txt:237"", ""Units\\UndeadUnitFunc.txt:422""]",,"A09W,Avul",_,48,_,_,*,_,_,,,,,,,,600,600,35,35,,fort,5,,,,none,,550,1000,,,,,,,,,,,mechanical,1,1,,buffer,100,_,structure,,,60,,_,,3,2,1,1,3,human,1,,,,,_,_,255,255,255,0.8,Stone,-1,_,_,200,200,50,15,15,1,2.6,0.15,UBuilding05,Custom_u008,ZigguratUpgrade,buildings\undead\Ziggurat\Ziggurat,1,_,,,,,,,,,_,normal,,,1,_,_,1,_,0.5,0.5,32,29.5,27,1,1,0.3,missile,chaos,250,750,1,"ground,structure,debris,air,item,ward",_,120,145,,0.51,,900,1,Бaшня дyхoв Тьмы,,T,Upgrade to Spirit |cffffcc00T|rower,Upgrade to create a defensive structure. |n|n|cffffcc00Attacks land and air units.|r,,,ReplaceableTextures\CommandButtons\BTNZigguratUpgrade.blp,"0,2",Abilities\Weapons\ZigguratMissile\ZigguratMissile.mdl,0.15,1200,1,,512,512,,,,,Objects\Spawnmodels\Undead\UCancelDeath\UCancelDeath.mdl,medium,,Бaшня дyхoв Тьмы,"[""jP""]",_,5,,,,1,,,,,,4,999,,,,,,,,,,,,,,,,,,,,"upgrade,first",,1,15,,UndeadBuildingConstructionLoop,,,10,,,,,,,,,,,,,,,,,,,,,,,,,,,,,,,,,,,,,,,
E00C,"[""Units\\UnitAbilities.slk:826"", ""Units\\UnitBalance.slk:7680"", ""Units\\UnitData.slk:4307"", ""Units\\UnitUI.slk:7289"", ""Units\\UnitWeapons.slk:8383"", ""Units\\NightElfUnitStrings.txt:261"", ""Units\\NightElfUnitFunc.txt:467""]","A06I,A0MN,A0A4,A0A5,A001","AInv,A0F8",_,24,_,_,*,"R000,R001,R002,R003,R004,R005,R006,R008",STR,6,1.9,1.9,3,7,6,22,600,600,55,55,250,hero,4.6,0.05,100,240,always,1.25,575,475,1,1,50,3,8,,,,,,_,5,1,1,_,100,_,ground,,5,60,0.5,foot,1,5,2,1,1,9,human,1,60,60,170,170,_,Shadow,255,255,255,1.15,Flesh,-1,_,MetalHeavySlice,200,200,20,10,10,1,1.27,0.15,EHero03,Custom_E00C,murloc,Units\Creeps\MurgulBloodGill\MurgulBloodGill,1,_,0.6,0.3,8,5,2,4,2,2.13,missile,hero,250,500,1,"ground,structure,debris,air,item,ward",_,1,_,0.7,0.6,24,13,2,6,2,1.95,normal,hero,250,120,1,"ground,structure,debris,air,item,ward",WoodMediumBash,60,60,,0.45,0.55,600,1,Мopлoк,Кpeт,R,|cffffcc00М o p л o к |r (R),"Кpeт cпocoбeн oтpaвлять cвoих вpaгoв |cff808070киcлoтoй|R, пpи этoм ocлaбив зaщитy пpoтивникoв. Тaкжe oн cпocoбeн быcтpo peгeнepиpoвaть cвoe здopoвьe кoгдa жизнь виcит нa вoлocкe -  |cff808070жaждa жизни|R. Пpoтивники aтaкyя мopлoкa по |cff808070жгучей чешуе|R имеют шанс потерять здоровье и ману. A дocтигнyв пятoгo ypoвня мoжeт cвoим |cff808070ядовитым плевком|R нaнecти вpaгaм бoльшoй ypoн.|n|Cffff0000|nCкopocть пepeмeщeния 250.|nТип атаки - ближний бoй.|R",Вocкpecить |cffffcc00М o p л o к a |r,Вocкpecить |cffffcc00М o p л o к a |r,ReplaceableTextures\CommandButtons\BTNMurgulBloodGill.blp,"3,0",,0.0,0,1,,,,0,,,,Objects\Spawnmodels\Demon\DemonSmallDeathExplode\DemonSmallDeathExplode.mdl,,ReplaceableTextures\CommandButtons\BTNMurgulBloodGill.blp,Мopлoк,"[""mH"", ""qH"", ""nQ"", ""OQ""]",_,3,,1,,2,75,,,,,,,,,,,,,,,,,,,,,,,,,,,,,,,,,,,,,,,,,,,,,,,,,,,,,,,,,,,10,,,,,,,,,,,,,,
O00B,"[""Units\\UnitAbilities.slk:830"", ""Units\\UnitBalance.slk:7719"", ""Units\\UnitData.slk:4325"", ""Units\\UnitUI.slk:7318"", ""Units\\UnitWeapons.slk:8425"", ""Units\\OrcUnitStrings.txt:68"", ""Units\\OrcUnitFunc.txt:107""]","A0UI,A0AC,A0AF,A0AH,A001","AInv,A0F8",_,24,_,_,*,"R000,R001,R002,R003,R004,R005,R006,R008",AGI,6,2.8,2,2,21,7,7,600,600,55,55,280,hero,4.9,0.05,100,240,always,1,550,510,1,1,50,3,8,,,,,,_,5,1,1,_,100,_,ground,,5,60,0.6,foot,1,2,2,1,1,9,human,1,60,60,140,140,_,Shadow,255,255,255,1.05,Flesh,-1,_,MetalHeavySlice,240,240,50,10,10,1,1.35,0.15,OHero01,Custom_O00B,HeadHunter,units\orc\HeadHunter\HeadHunter,1,_,0.84,0.33,8,5,2,4,2,2.13,missile,hero,250,500,1,"ground,structure,debris,air,item,ward",_,1,_,0.86,0.31,24,13,2,11,1,1.85,missile,hero,250,425,1,"ground,structure,debris,air,item,ward",_,60,113,-5,0.51,,500,1,Бepcepкep,Мyнгo,W,|cffffcc00Б e p c e p к e p |r (W),"Caмый cвиpeпый и бeзжaлocтный из cвoeгo нapoдa бepcepкep - Мyнгo. Oн мoжeт кидaть |cff808070oгнeннoe кoпьe|R c oгpoмнoй cилoй, пpи этoм нaнocя вpaгaм нeмaлый ypoн. Eгo |cff808070яpocть|R вдoхнoвляeт eгo, yвeличивaя aтaкy и cкopocть бoя. Пpи видe бeзжaлocтнoгo бepcepкa, пpoтивники тepяют cкopocть aтaки - |cff808070бeзpaccyдcтвo|R. Нa пятoм ypoвнe eгo бoeвыe кaчecтвa пoзвoляют иcпoльзoвaть cпocoбнocть |cff808070бeзyмиe|R, кoтopoe yвeличивaeт eгo хapaктepиcтики нa oпpeдeлeннoe вpeмя.|n|Cffff0000|nCкopocть пepeмeщeния 280.|nТип атаки - дaльний бoй. (425)|R",Вocкpecить |cffffcc00Б e p c e  p к e p a |r,Вocкpecить |cffffcc00Б e p c e  p к e p a |r,ReplaceableTextures\CommandButtons\BTNHeadHunterBerserker.blp,"1,0",abilities\weapons\huntermissile\huntermissile.mdl,0.15,1200,1,,,,0,,,,Objects\Spawnmodels\Orc\OrcSmallDeathExplode\OrcSmallDeathExplode.mdl,,,Бepcepкep,"[""mH"", ""qH"", ""nQ"", ""OQ""]",_,,,1,,2,75,,,,,,,-34,,,,,2,,,,,,,,,,,,,,,,,,,,,,,,,,,alternate,,,,,,,,,,,,,,,,,,,,10,,,,,,,,alternate,,,,,,
h00K,"[""Units\\UnitAbilities.slk:834"", ""Units\\UnitBalance.slk:7757"", ""Units\\UnitData.slk:4343"", ""Units\\UnitUI.slk:7348"", ""Units\\UnitWeapons.slk:8468"", ""Units\\HumanUnitStrings.txt:267"", ""Units\\HumanUnitFunc.txt:518""]",,"Aloc,Avul,A0K4",_,,_,_,*,_,_,,,,,,,,150,150,20,20,1,none,2,,,,always,,420,100,30,3,,,,,,135,,135,_,,,,_,100,_,ground,,,60,0.6,fly,1,3.04,2,1,1,6,orc,1,50,50,140,140,_,_,255,255,255,1,Metal,-1,_,MetalMediumSlice,210,210,20,10,10,1,1,0.15,HUnit02,Custom_h00K,Footman,Abilities\Weapons\SearingArrow\SearingArrowMissile,1,_,,,,,,,,,_,normal,,,1,_,_,1,_,0.5,0.5,13,12.5,12,2,1,1.35,normal,normal,250,90,1,"ground,structure,debris,item,ward",MetalMediumSlice,60,60,,0.51,0.3,500,,Spear2,,F,,,,,ReplaceableTextures\CommandButtons\BTNWispHealOff.blp,"0,0",,,,,,,,,,,,Objects\Spawnmodels\Human\HumanLargeDeathExplode\HumanLargeDeathExplode.mdl,,,Spear2,[],_,,,,,,,60,60,,,,11,,,,,,,,,,,,,,,,,,,,,,,,,,,,,,,,,,,,,,,,,,,,,,,,,,,,,,,,,,,,,,,,,,,
h00L,"[""Units\\UnitAbilities.slk:837"", ""Units\\UnitBalance.slk:7778"", ""Units\\UnitData.slk:4360"", ""Units\\UnitUI.slk:7377"", ""Units\\UnitWeapons.slk:8499"", ""Units\\HumanUnitStrings.txt:272"", ""Units\\HumanUnitFunc.txt:522""]",,"Aloc,Avul,A0K4",_,,_,_,*,_,_,,,,,,,,150,150,20,20,1,none,2,,,,always,,420,100,30,3,,,,,,,,,_,,,,_,100,_,ground,,,60,0.6,fly,1,3.04,2,1,1,6,orc,1,50,50,140,140,_,_,255,255,255,1.1,Metal,-1,_,MetalMediumSlice,210,210,20,10,10,1,1,0.15,HUnit02,Custom_h00L,_,SunSpear,1,_,,,,,,,,,_,normal,,,1,_,_,1,_,0.5,0.5,13,12.5,12,2,1,1.35,normal,normal,250,90,1,"ground,structure,debris,item,ward",MetalMediumSlice,60,60,,0.51,0.3,500,,Огненное копье,,F,,,,,ReplaceableTextures\WorldEditUI\StartingLocation.blp,"0,0",,,,,,,,,,,,,,,Огненное копье,"[""V6"", ""E6""]",_,,,,,,,65,65,,,,11,,,,,,,,,,,,,,,,,,,,,,,,,,,,,,,,,,,,,,,,,,,,,,,,,,,,,,,,,,,,,,,,,,,
n002,"[""Units\\UnitAbilities.slk:840"", ""Units\\UnitBalance.slk:7797"", ""Units\\UnitData.slk:4377"", ""Units\\UnitUI.slk:7406"", ""Units\\UnitWeapons.slk:8530"", ""Units\\NeutralUnitStrings.txt:340"", ""Units\\NeutralUnitFunc.txt:380""]",,"Avul,AInv",_,24,_,_,*,_,_,,,,,,,,200,200,3,3,,fort,,,,,none,,150000,150000,,,,,,,,50,,50,"Mechanical,neutral",,1,,_,100,_,structure,,,60,,_,,3,,1,1,1,other,1,,,,,BuildingShadowSmall,_,255,255,255,0.6,Wood,,_,_,200,200,50,,,1,2.7,0.15,Neutral26,Custom_n002,FountainOfLife,buildings\other\WyvernCage2\WyvernCage2,1,_,,,,,,,,,_,normal,,,1,_,_,1,_,,,,,,,,,_,normal,,,1,_,_,120,60,,0.51,,500,,Ящик,,,Ящик,,,,ReplaceableTextures\CommandButtons\BTNBlackMarket.blp,,,,,,,,,,,,,,,,Ящик,"[""eQ"", ""Rw"", ""Qy"", ""pZ"", ""V2"", ""Xuv""]",_,,,,,2,,,,,,4,,,,,,,,,,,,,,,,,,,,,,,1,,,,,"R004,R005,R001,R000,R002,R003,R006,R007",,,,,,,,,,,,,,,,,,,,,,,1,,A store for purchasing goods.,,1,,,,,,,,200,,,,,
H00M,"[""Units\\UnitAbilities.slk:843"", ""Units\\UnitBalance.slk:7818"", ""Units\\UnitData.slk:4390"", ""Units\\UnitUI.slk:7431"", ""Units\\UnitWeapons.slk:8549"", ""Units\\HumanUnitStrings.txt:277"", ""Units\\HumanUnitFunc.txt:526""]","A0JI,A0Y8,A0AL,A0AT,A001","AInv,A0F8,A0PL",_,24,_,_,*,"R000,R001,R002,R003,R004,R005,R006,R008",STR,6,2,2,3,8,6,21,600,600,55,55,250,hero,2.3,0.05,100,225,always,1.2,700,465,1,1,50,3,8,,,,,,_,5,1,1,_,100,_,ground,,5,60,0.6,foot,1,2.5,2,1,1,9,human,1,60,60,150,150,_,Shadow,255,255,255,0.95,Metal,-1,_,MetalHeavyBash,250,250,50,10,10,1,1.15,0.15,HHero03,Custom_H00M,Tuskarr,Units\Creeps\tuskarLord\tuskarLord,1,_,0.65,0.35,8,5,2,4,2,2.13,missile,hero,250,500,1,"ground,structure,debris,air,item,ward",_,1,_,0.65,0.35,12,7,2,8,2,1.9,normal,hero,250,120,1,"ground,structure,debris,air,item,ward",MetalHeavyBash,60,60,,0.5,0.4,500,1,Горец,Лин,A,|cffffcc00Г о р е ц|r (A),,|cffffcc00Воскресить Г о р ц а|r ,|cffffcc00Воскресить Г о р ц а|r ,ReplaceableTextures\CommandButtons\BTNTuskaarBrown.blp,"0,1",,,,,,,,0,,,,Objects\Spawnmodels\Human\HumanLargeDeathExplode\HumanLargeDeathExplode.mdl,,ReplaceableTextures\CommandButtons\BTNTuskaarBrown.blp,Горец,"[""mH"", ""qH"", ""nQ"", ""OQ"", ""eRv""]",_,3,"Все знали что у Лина нeвepoятная cила, пpиcyщая тoлькo горцам. Он спocoбeн кидaть |cff808070тяжелый топор|R вo вpaгoв oглyшaя их и нaнocя им ypoн. Горец мoжeт |cff808070yлyчшить бpoню|R, пoлyчaя вoзмoжнocть c кaждым пoлyчeнным yдapoм cтaнoвитьcя тoлькo cильнee. Дocтигнyв пятoгo ypoвня мoжeт вocпoльзoвaтьcя |cff808070мoщью горцев|R - нaнecти yкaзaнным вpaгaм oгpoмный ypoн и oбeздвижить их нa нeкoтopoe вpeмя. После тяжелой битвы не прочь крепко поспать, а |cff808070ледяная кровь|R залечит его раны.|n|Cffff0000|nCкopocть пepeмeщeния 250.|nТип атаки - ближний бoй.|R"","" adept at offensive combat and disrupting enemy troops. Can learn Storm Bolt"","" Thunder Clap"","" Bash and Avatar. |n|n|cffffcc00Attacks land units.|r",1,,2,75,,,,,,,,,,,,,,,,,,,,,,,,,,,,,,,,,,,,,,,,,,,,,,,,,,,,,,,,,,,10,,,,,,,,,,,,,,
h00N,"[""Units\\UnitAbilities.slk:847"", ""Units\\UnitBalance.slk:7857"", ""Units\\UnitData.slk:4408"", ""Units\\UnitUI.slk:7460"", ""Units\\UnitWeapons.slk:8591"", ""Units\\HumanUnitStrings.txt:285"", ""Units\\HumanUnitFunc.txt:535""]",,"Aloc,Avul,A0K4",_,31,_,_,*,"Rhar,Rhme,Rhde,Rhpm,Rguv",_,,,,,,,,100,100,20,20,270,large,2,,,,always,0.25,420,10000,30,3,20,3,6,,,135,,135,_,,1,,_,100,_,ground,,,60,0.6,foot,1,3.04,2,1,1,6,orc,,50,50,140,140,_,_,255,255,255,1,Metal,-1,_,MetalMediumSlice,210,210,20,10,10,1,1,,HUnit02,Custom_h00N,_,bugger,1,_,,,,,,,,,_,normal,,,1,_,_,1,_,0.5,0.5,13,12.5,12,2,1,1.35,normal,normal,250,90,1,"ground,structure,debris,item,ward",MetalMediumSlice,60,60,,,,500,,Dummy,,F,,,,,ReplaceableTextures\CommandButtons\BTNFootman.blp,"0,0",,,,,,,,,,,,,,,Dummy,"[""Fs""]",_,2,,,,2,,,,,,,11,,,,,,,,,,,,,,,,,,,,,,,,,,,,,,,,,,,,,,,,,,,,,,,,,,,,,,,,,,,,,,,,,,,
E00D,"[""Units\\UnitAbilities.slk:850"", ""Units\\UnitBalance.slk:7885"", ""Units\\UnitData.slk:4424"", ""Units\\UnitUI.slk:7487"", ""Units\\UnitWeapons.slk:8620"", ""Units\\CampaignUnitStrings.txt:87"", ""Units\\CampaignUnitFunc.txt:98""]","A0BA,A0BB,A0BE,A0GP,A001",AInv,_,24,_,_,*,"R000,R001,R002,R003,R004,R005,R006,R008",AGI,6,3.3,2.1,2.3,22,5,8,600,600,55,55,275,hero,4.6,0.05,100,240,always,1,625,530,1,1,50,3,8,,,,,,_,5,1,1,_,100,_,ground,,4,60,0.5,foot,1,4.1,2,1,1,10,human,1,60,60,160,160,_,Shadow,255,255,255,0.9,Flesh,-1,_,MetalHeavySlice,300,300,50,10,10,1,1.35,0.15,,Custom_E00D,EvilIllidan,units\nightelf\EvilIllidan\IllidanEvil,1,_,0.64,0.26,8,5,2,4,2,2.13,missile,hero,250,500,1,"ground,structure,debris,air,item,ward",_,1,_,0.6,0.3,24,13,2,12,2,1.85,normal,hero,250,120,1,"ground,structure,debris,air,item,ward",MetalHeavySlice,125,125,,0.3,0.3,650,1,Мacтep Тeнeй,Дaэлин,Q,|cffffcc00М a c т e p    т e н e й |r (Q),"Никтo нe знaeт, oткyдa Oн пpишeл, Oн - Мacтep тeнeй. Зa дoлгиe гoды oбyчeния в coвepшeнcтвe изyчил нeoтъeмлeмyю чacть cвoeй cyщнocти - тeнь. Мacтep бeз тpyдa cпocoбeн вызвaть cвoю |cff808070тeнь|R. Cпocoбeн |cff808070oтнимaть|R y вpaгoв их тeни, тeм caмым, дeлaя их yязвимыми пepeд cвoeй тeнью. Мacтep тeнeй имeeт шaнc вызвaть нe oднy, a нecкoлькo cвoих тeнeй - |cff808070иcкyccтвo тeнeй|R. Дocтигнyв пикa мoгyщecтвa, Мacтep cпocoбeн oдapить вceх cвoих тeнeй cкopocтью aтaки - |cff808070лoвкocть тeнeй|R.|n|Cffff0000|nCкopocть пepeмeщeния 275.|nТип атаки - ближний бoй.|R",Вocкpecить |cffffcc00М a c т e p a    т e н e й |r,Вocкpecить |cffffcc00М a c т e p a    т e н e й |r,ReplaceableTextures\CommandButtons\BTNEvilIllidan.blp,,Abilities\Weapons\IllidanMissile\IllidanMissile.mdl,0.0,900,1,,,,,,,,Objects\Spawnmodels\NightElf\NightElfLargeDeathExplode\NightElfLargeDeathExplode.mdl,,UI\Glues\ScoreScreen\scorescreen-hero-demonhunter.blp,Мacтep Тeнeй,"[""mH"", ""qH"", ""nQ"", ""OQ""]",_,,,1,,2,75,,,,,,,,,,,,,,,,,,,,,,,,,,,,,,,,,,,,,,,,,,,,,,,,,,,1,125,,,,,,,10,,,,,125,,,,,,,,,
n027,"[""Units\\UnitAbilities.slk:854"", ""Units\\UnitBalance.slk:7923"", ""Units\\UnitData.slk:4442"", ""Units\\UnitUI.slk:7516"", ""Units\\UnitWeapons.slk:8664"", ""Units\\NeutralUnitStrings.txt:344"", ""Units\\NeutralUnitFunc.txt:383""]",,A0AN,_,24,_,_,A,_,_,,,,,,,,800,1400,60,60,270,large,,1,400,400,always,0.5,750,1700,310,1,11,,,1,80,290,80,290,_,16,1,,_,100,_,ground,2,2,61,0.6,hover,1,1.17,3,1,1,7,creeps,1,50,50,120,120,_,ShadowFlyer,255,255,255,1.4,Ethereal,-1,_,_,200,200,30,,,1,1,0.15,ghost,Custom_n027,Ghost,units\creeps\BansheeGhost\BansheeGhost,1,_,,,,,,,,,_,normal,,,1,_,_,1,_,0.51,0.56,41,36,31,11,1,0.8,missile,magic,250,400,1,"ground,structure,debris,air,item,ward",_,60,60,,0.83,0.5,500,1,Призрак ,,,Summon Wraith,Heavy ranged unit that can cast Curse and Possession. |n|n|cffffcc00Attacks land and air units.|r,,,ReplaceableTextures\CommandButtons\BTNGhost.blp,,Abilities\Weapons\BansheeMissile\BansheeMissile.mdl,0.00,900,1,,,,,,,,,,,Призрак ,"[""qQ"", ""Hs"", ""Js""]",_,20,,440,,2,400,,50,,,,375,,,,,,,,,,,,,,,,,,,,,,,,,,,,,,,,,,,,,,,,,,,,,,,,,,,,,,,,,,,,,,,,,,,
n028,"[""Units\\UnitAbilities.slk:857"", ""Units\\UnitBalance.slk:7957"", ""Units\\UnitData.slk:4461"", ""Units\\UnitUI.slk:7543"", ""Units\\UnitWeapons.slk:8696"", ""Units\\NeutralUnitStrings.txt:348"", ""Units\\NeutralUnitFunc.txt:389""]",,"ACsw,A0AN",_,24,_,_,A,_,_,,,,,,,,800,1400,60,60,270,large,,1,400,400,always,0.5,750,4500,310,1,50,3,4,1,80,290,80,290,Tauren,16,1,,_,100,_,ground,2,2,61,0.6,hover,1,1.17,3,1,1,7,creeps,1,50,50,120,120,_,ShadowFlyer,255,255,255,1.7,Ethereal,-1,_,_,200,200,30,,,1,1,0.15,ghost,Custom_n028,Ghost,units\creeps\BansheeGhost\BansheeGhost,1,_,,,,,,,,,_,normal,,,1,_,_,1,_,0.51,0.56,41,36,31,11,1,1,missile,magic,250,400,1,"ground,structure,debris,air,item,ward",_,60,60,,0.83,0.5,500,1,Призрак ,,,Summon Wraith,Heavy ranged unit that can cast Curse and Possession. |n|n|cffffcc00Attacks land and air units.|r,,,ReplaceableTextures\CommandButtons\BTNGhost.blp,,Abilities\Weapons\BansheeMissile\BansheeMissile.mdl,0.00,900,1,,,,,,,,,,,Призрак ,"[""qQ"", ""Hs"", ""Js""]",_,30,,440,,2,800,,50,,,,750,,,,,,,,,,,,,,,,,,,,,,,,,,,,,,,,,,,,,,,,,,,,,,,,,,,,,,,,,,,,,,,,,,,
n029,"[""Units\\UnitAbilities.slk:860"", ""Units\\UnitBalance.slk:7993"", ""Units\\UnitData.slk:4480"", ""Units\\UnitUI.slk:7570"", ""Units\\UnitWeapons.slk:8728"", ""Units\\NeutralUnitStrings.txt:352"", ""Units\\NeutralUnitFunc.txt:395""]",,ACpu,_,24,_,_,A,_,_,,,,,,,,800,1400,20,20,350,large,6,1,300,,always,0.5,620,2200,260,1,11,,,1,,250,,250,_,17,1,,_,100,_,ground,,,60,0.5,foot,1,3,3,1,1,1,creeps,1,50,50,140,140,_,Shadow,125,255,150,1,Wood,-1,_,_,200,200,50,45,45,1,1.9,0.15,lobstrokk,Custom_n029,Lobstrokk,Units\Creeps\Lobstrokkred\Lobstrokkred,1,_,,,,,,,,,_,normal,,,1,_,_,1,_,0.3,0.3,30,28,26,5,1,1.05,normal,normal,250,110,1,"ground,structure,debris,air,item,ward",WoodMediumBash,60,60,,0.51,0.55,500,1,Хвататель ,,R,Hire Mak|cffffcc00r|rura Snapper,Heavy melee unit. |n|n|cffffcc00Attacks land units.|r,,,ReplaceableTextures\CommandButtons\BTNLobstrokkRed.blp,"1,0",,,,,,,,,,,,Objects\Spawnmodels\Demon\DemonSmallDeathExplode\DemonSmallDeathExplode.mdl,medium,,Хвататель ,"[""qQ"", ""Hs"", ""Js""]",_,40,,260,,2,300,,,1,,,450,,,,,,,,,,,,,,,,,,,,,,,,,,,,,,,,,,,,,,,,,,,,,,,,,,,,,,,,,,,,,,,,,,,
n02A,"[""Units\\UnitAbilities.slk:863"", ""Units\\UnitBalance.slk:8025"", ""Units\\UnitData.slk:4497"", ""Units\\UnitUI.slk:7599"", ""Units\\UnitWeapons.slk:8760"", ""Units\\NeutralUnitStrings.txt:357"", ""Units\\NeutralUnitFunc.txt:400""]",,A0AX,_,24,_,_,A,_,_,,,,,,,,800,1400,20,20,350,large,6,1,300,,always,0.5,620,5200,260,1,60,3,3,1,,250,,250,Tauren,17,1,,_,100,_,ground,,,60,0.5,foot,1,3,3,1,1,1,creeps,1,50,50,140,140,_,Shadow,125,255,150,1.3,Wood,-1,_,_,200,200,50,45,45,1,1.9,0.15,lobstrokk,Custom_n02A,Lobstrokk,Units\Creeps\Lobstrokkred\Lobstrokkred,1,_,,,,,,,,,_,normal,,,1,_,_,1,_,0.3,0.3,30,28,26,5,1,0.85,normal,normal,250,110,1,"ground,structure,debris,air,item,ward",WoodMediumBash,60,60,,0.51,0.55,500,1,Хвататель ,,R,Hire Mak|cffffcc00r|rura Snapper,Heavy melee unit. |n|n|cffffcc00Attacks land units.|r,,,ReplaceableTextures\CommandButtons\BTNLobstrokkRed.blp,"1,0",,,,,,,,,,,,Objects\Spawnmodels\Demon\DemonSmallDeathExplode\DemonSmallDeathExplode.mdl,medium,,Хвататель ,"[""qQ"", ""Hs""]",_,66,,260,,2,400,,,1,,,900,,,,,,,,,,,,,,,,,,,,,,,,,,,,,,,,,,,,,,,,,,,,,,,,,,,,,,,,,,,,,,,,,,,
n02B,"[""Units\\UnitAbilities.slk:866"", ""Units\\UnitBalance.slk:8059"", ""Units\\UnitData.slk:4514"", ""Units\\UnitUI.slk:7628"", ""Units\\UnitWeapons.slk:8792"", ""Units\\CampaignUnitStrings.txt:95"", ""Units\\CampaignUnitFunc.txt:107""]",,"A09A,A0AY",_,24,_,_,A,"Rguv,Rnam,Rnat,Rnsb",_,,,,,,,,800,1400,26,26,350,medium,,1,150,,always,1,500,2200,160,3,11,,,1,25,200,25,200,_,18,1,,_,100,_,ground,2,,60,0.5,amph,1,2.67,3,1,1,2,creeps,1,50,50,140,140,_,Shadow,120,255,255,1.3,Flesh,-1,_,WoodHeavyBash,250,250,50,10,45,1,2,0.15,naga,Custom_n02B,SnapDragon,units\naga\SnapDragon\SnapDragon,1,_,,,,,,,,,_,normal,,,1,_,_,1,_,0.7,0.3,29,27,25,5,1,1.1,missile,pierce,250,250,1,"ground,structure,debris,air,item,ward",_,60,30,,0.51,0.5,700,1,Морской дракон ,,D,Train Snap |cffffcc00D|rragon,"Light ranged unit that has a poison attack which slows and damages enemy units. Has the Submerge ability, which allows this unit to hide in water. |n|n|cffffcc00Attacks land and air units.|r",,,ReplaceableTextures\CommandButtons\BTNSnapDragon.blp,"0,0",Abilities\Weapons\snapMissile\snapMissile.mdl,0.0,1900,,,,,,,,,Objects\Spawnmodels\Orc\OrcSmallDeathExplode\OrcSmallDeathExplode.mdl,medium,,Морской дракон ,"[""qQ"", ""Hs"", ""Js""]",_,10,,60,,2,150,,,,,,450,,,,,,,,,,,,,,,,,,,,,,,,,,,,,,,,nsbs,,,,,,,,,,,,,1,10,,,,,,,,,,,,,,,,,,,,,
n02C,"[""Units\\UnitAbilities.slk:869"", ""Units\\UnitBalance.slk:8092"", ""Units\\UnitData.slk:4531"", ""Units\\UnitUI.slk:7658"", ""Units\\UnitWeapons.slk:8825"", ""Units\\CampaignUnitStrings.txt:100"", ""Units\\CampaignUnitFunc.txt:116""]",,"A09A,A0AZ",_,24,_,_,A,"Rguv,Rnam,Rnat,Rnsb",_,,,,,,,,800,1400,26,26,350,medium,,,,,always,1,500,5500,160,3,55,3,1,1,25,200,25,200,Tauren,18,1,,_,100,_,ground,2,,60,0.5,amph,1,2.67,3,1,1,2,creeps,1,50,50,140,140,_,Shadow,120,255,255,1.6,Flesh,-1,_,WoodHeavyBash,250,250,50,10,45,1,2,0.15,naga,Custom_n02C,SnapDragon,units\naga\SnapDragon\SnapDragon,1,_,,,,,,,,,_,normal,,,1,_,_,1,_,0.7,0.3,29,27,25,5,1,1.5,missile,pierce,250,250,1,"ground,structure,debris,air,item,ward",_,60,30,,0.51,0.5,700,1,Морской дракон ,,D,Train Snap |cffffcc00D|rragon,"Light ranged unit that has a poison attack which slows and damages enemy units. Has the Submerge ability, which allows this unit to hide in water. |n|n|cffffcc00Attacks land and air units.|r",,,ReplaceableTextures\CommandButtons\BTNSnapDragon.blp,"0,0",Abilities\Weapons\snapMissile\snapMissile.mdl,0.0,1900,,,,,,,,,Objects\Spawnmodels\Orc\OrcSmallDeathExplode\OrcSmallDeathExplode.mdl,medium,,Морской дракон ,"[""qQ"", ""Hs""]",_,30,,60,,2,,,,,,,1400,,,,,,,,,,,,,,,,,,,,,,,,,,,,,,,,nsbs,,,,,,,,,,,,,1,10,,,,,,,,,,,,,,,,,,,,,
n02D,"[""Units\\UnitAbilities.slk:872"", ""Units\\UnitBalance.slk:8124"", ""Units\\UnitData.slk:4548"", ""Units\\UnitUI.slk:7688"", ""Units\\UnitWeapons.slk:8858"", ""Units\\NeutralUnitStrings.txt:362"", ""Units\\NeutralUnitFunc.txt:405""]",,A0B0,A0B0,24,_,_,A,_,_,,,,,,,,800,1400,80,80,320,large,4,1.25,500,500,always,1,1100,2500,460,1,12,,,1,120,385,120,385,_,19,1,,_,100,_,ground,2,,60,0.5,foot,1,3,3,1,1,1,creeps,1,60,60,160,160,_,Shadow,140,255,255,0.9,Flesh,-1,_,MetalMediumSlice,500,500,50,10,10,1,1.25,0.15,satyr,Custom_n02D,Satyr,units\creeps\satyrhellcaller\satyrhellcaller,1,_,,,,,,,,,_,normal,,,1,_,_,1,_,0.3,0.3,55,52,49,1,1,1.75,normal,chaos,250,100,1,"ground,structure,debris,air,item,ward",MetalHeavySlice,60,60,,1.2,0.5,500,1,Адский сатир ,,,Hire Satyr Hellcaller,Heavy melee unit with Unholy Aura. Can also Animate Dead. |n|n|cffffcc00Attacks land units.|r,,,ReplaceableTextures\CommandButtons\BTNSatyr.blp,,,,,,,,,,,,,Objects\Spawnmodels\Orc\OrcLargeDeathExplode\OrcLargeDeathExplode.mdl,large,,Адский сатир ,"[""qQ"", ""Hs""]",_,25,,440,,2,500,,,1,,,665,,,,,,,,,,,,,,,,,,,,,,,,,,,,,,,,,,,,,,,,,,,,,,,,,,,,,,,,,,,,,,,,,,,
n01U,"[""Units\\UnitAbilities.slk:875"", ""Units\\UnitBalance.slk:8159"", ""Units\\UnitData.slk:4566"", ""Units\\UnitUI.slk:7717"", ""Units\\UnitWeapons.slk:8890"", ""Units\\NeutralUnitStrings.txt:366"", ""Units\\NeutralUnitFunc.txt:409""]",,A0B1,_,24,_,_,A,_,_,,,,,,,,800,1400,80,80,320,large,4,1.25,500,500,always,1,1100,7000,460,1,65,3,7,1,120,385,120,385,Tauren,19,1,,_,100,_,ground,2,,60,0.5,foot,1,3,3,1,1,1,creeps,1,60,60,160,160,_,Shadow,140,255,255,1.25,Flesh,-1,_,MetalMediumSlice,500,500,50,10,10,1,1.25,0.15,satyr,Custom_n01U,Satyr,units\creeps\satyrhellcaller\satyrhellcaller,1,_,,,,,,,,,_,normal,,,1,_,_,1,_,0.3,0.3,55,52,49,1,1,2.05,normal,chaos,250,100,1,"ground,structure,debris,air,item,ward",MetalHeavySlice,60,60,,1.2,0.5,500,1,Адский сатир ,,,Hire Satyr Hellcaller,Heavy melee unit with Unholy Aura. Can also Animate Dead. |n|n|cffffcc00Attacks land units.|r,,,ReplaceableTextures\CommandButtons\BTNSatyr.blp,,,,,,,,,,,,,Objects\Spawnmodels\Orc\OrcLargeDeathExplode\OrcLargeDeathExplode.mdl,large,,Адский сатир ,"[""qQ"", ""Hs"", ""Js""]",_,35,,440,,2,1000,,,1,,,998,,,,,,,,,,,,,,,,,,,,,,,,,,,,,,,,,,,,,,,,,,,,,,,,,,,,,,,,,,,,,,,,,,,
h00P,"[""Units\\UnitAbilities.slk:878"", ""Units\\UnitBalance.slk:8196"", ""Units\\UnitData.slk:4584"", ""Units\\UnitUI.slk:7746"", ""Units\\UnitWeapons.slk:8922"", ""Units\\HumanUnitStrings.txt:290"", ""Units\\HumanUnitFunc.txt:539""]",,"Aloc,Avul,A0K4",_,31,_,_,*,"Rhar,Rhme,Rhde,Rhpm,Rguv",_,,,,,,,,100,100,20,20,270,large,2,,,,always,0.25,420,10000,30,3,20,3,6,,,135,,135,_,,1,,_,100,_,ground,,,60,0.6,foot,1,3.04,2,1,1,6,orc,,50,50,140,140,_,_,255,255,255,1,Metal,-1,_,MetalMediumSlice,210,210,20,10,10,1,1,,HUnit02,Custom_h00P,_,bugger,1,_,,,,,,,,,_,normal,,,1,_,_,1,_,0.5,0.5,13,12.5,12,2,1,1.35,normal,normal,250,90,1,"ground,structure,debris,item,ward",MetalMediumSlice,60,60,,,,500,,Dummy All,,F,,,,,ReplaceableTextures\CommandButtons\BTNFootman.blp,"0,0",,,,,,,,,,,,,,,Dummy All,"[""WG"", ""uH"", ""Cm"", ""eQ"", ""Fs"", ""eU"", ""Ay"", ""Z7"", ""B8"", ""vNv"", ""xKv"", ""VEv"", ""VJv"", ""X_v"", ""NLv""]",_,2,,,,2,,,,,,,11,,,,,,,,,,,,,,,,,,,,,,,,,,,,,,,,,,,,,,,,,,,,,,,,,,,,,,,,,,,,,,,,,,,
E00E,"[""Units\\UnitAbilities.slk:881"", ""Units\\UnitBalance.slk:8224"", ""Units\\UnitData.slk:4600"", ""Units\\UnitUI.slk:7773"", ""Units\\UnitWeapons.slk:8951"", ""Units\\CampaignUnitStrings.txt:105"", ""Units\\CampaignUnitFunc.txt:125""]",,A0AR,_,,_,_,*,"R000,R001,R002,R003,R004,R005,R006,R008",AGI,6,3.3,2,1.9,22,5,8,600,600,55,55,275,hero,4.6,0.05,100,240,always,1,625,380,1,1,15,3,8,,,,,,_,5,1,1,_,100,_,ground,,4,60,0.5,fly,1,4.1,2,1,1,10,human,1,60,60,160,160,_,Shadow,,,,0.95,Flesh,-1,_,MetalHeavySlice,300,300,50,10,10,1,1.35,0.15,,Custom_E00E,_,units\nightelf\EvilIllidan\IllidanEvil,1,_,0.64,0.26,8,5,2,4,2,2.13,missile,hero,250,500,1,"ground,structure,debris,air,item,ward",_,1,_,0.6,0.3,24,13,2,12,2,1.85,normal,hero,250,120,1,"ground,structure,debris,air,item,ward",MetalHeavySlice,125,125,,0.51,0.3,650,1,Тeнь Мacтepa Тeнeй,Тeнь,M,|cffffcc00Ш e д o y  -  М a c т e p [|cffff0000M|r], |n|Cffff0000|nCкopocть пepeмeщeния 275.|nДaльнocть aтaки 100.|nТип opyжия - oбычнoe.,Вocкpecить |cffffcc00Ш e д o y  -  М a c т e p a [|cffff0000M|r],Вocкpecить |cffffcc00Ш e д o y  -  М a c т e p a [|cffff0000M|r],ReplaceableTextures\CommandButtons\BTNEvilIllidan.blp,,Abilities\Weapons\IllidanMissile\IllidanMissile.mdl,0.0,900,1,,,,,,,,Objects\Spawnmodels\NightElf\NightElfLargeDeathExplode\NightElfLargeDeathExplode.mdl,,UI\Glues\ScoreScreen\scorescreen-hero-demonhunter.blp,Тeнь Мacтepa Тeнeй,"[""hG"", ""qH"", ""zj"", ""IJ"", ""oP"", ""nP"", ""eQ"", ""sQ"", ""Ry"", ""JY"", ""tZ"", ""j3"", ""iuv"", ""iyv"", ""i3v"", ""aev"", ""aEv"", ""aNv""]",_,,,1,,2,75,,,,,,,,,,,,,1,,,,,,,,,,,,,,,,,,,,,,,,,,,,,,,,,,,,,,1,125,,,,,,,10,,,,,125,,,,,1,1,1,,
n01X,"[""Units\\UnitAbilities.slk:884"", ""Units\\UnitBalance.slk:8261"", ""Units\\UnitData.slk:4618"", ""Units\\UnitUI.slk:7803"", ""Units\\UnitWeapons.slk:8995"", ""Units\\CampaignUnitStrings.txt:113"", ""Units\\CampaignUnitFunc.txt:134""]",,_,_,31,_,_,A,_,_,,,,,,,,800,1400,18,18,300,large,,,,,always,250,330,2000,30,3,20,3,6,2,,120,,120,Tauren,,1,,_,100,_,ground,,,60,0.5,foot,1,1.67,2,1,1,5,creeps,1,60,60,120,120,_,Shadow,255,255,255,2.05,Flesh,-1,AxeMediumChop,WoodMediumBash,150,150,20,10,10,1,1.1,0.15,,Custom_n01X,Zombie,units\other\DalaranMutant\DalaranMutant,1,_,,,,,,,,,_,normal,,,1,_,_,1,_,0.44,0.39,14,13,12,1,1,1.2,normal,chaos,250,90,1,"ground,structure,debris,air,item,ward",WoodMediumBash,60,60,,0.51,,2000,1,Мyтaнт,,,,,,,ReplaceableTextures\CommandButtons\BTNDalaranMutant.blp,"0,0",,,,,,,,,,,,Objects\Spawnmodels\Undead\UndeadLargeDeathExplode\UndeadLargeDeathExplode.mdl,,,Мyтaнт,"[""qH"", ""hw"", ""x0""]",_,50,,,,2,,,,,,,1999,,,,,,,,,,,,,,,,,,,,,,,,,,,,,,,,,,,,,,,,,,,,,,,,,,,,,,,,,,,,,,,,,,,
N02E,"[""Units\\UnitAbilities.slk:887"", ""Units\\UnitBalance.slk:8289"", ""Units\\UnitData.slk:4634"", ""Units\\UnitUI.slk:7831"", ""Units\\UnitWeapons.slk:9026"", ""Units\\CampaignUnitStrings.txt:115"", ""Units\\CampaignUnitFunc.txt:138""]","A0AO,A002,A0BR,A0CG,A001",AInv,_,24,_,_,*,"R000,R001,R002,R003,R004,R005,R006,R008",AGI,8,3.1,2.2,2.2,18,6,11,600,600,55,55,325,hero,2.8,0.05,100,270,always,1,600,490,1,1,50,3,8,,,,,,_,5,1,1,_,100,_,ground,2,1,61,0.5,hover,1,2.5,2,1,1,12,human,1,100,100,200,200,_,ShadowFlyer,255,255,255,1.35,Ethereal,-1,_,MetalHeavySlice,200,200,50,25,33,1,1.4,0.15,zzdemon,Custom_N02E,Gargoyle,units\undead\Gargoyle\Gargoyle,1,_,0.55,0.55,8,5,2,4,2,2.13,missile,hero,250,500,1,"ground,structure,debris,air,item,ward",_,1,_,1,0.33,12,7,2,6,2,1.7,missile,hero,250,350,1,"ground,structure,debris,air,item,ward",_,60,25,,0.51,0.3,500,1,Лeтyчaя мышь,Гopм,V,|cffffcc00В a м п и p [|cffff0000V|r], |n|Cffff0000|nCкopocть пepeмeщeния 280.|nДaльнocть aтaки 100.|nТип opyжия - oбычнoe.,Вocкpecить |cffffcc00В a м п и p a [|cffff0000V|r],Вocкpecить |cffffcc00В a м п и p a [|cffff0000V|r],ReplaceableTextures\CommandButtons\BTNVampir04.blp,,Abilities\Weapons\GargoyleMissile\GargoyleMissile.mdl,0.0,900,1,,,,,,,,,medium,ReplaceableTextures\CommandButtons\BTNVampir04.blp,Лeтyчaя мышь,"[""FZ"", ""gZ""]",_,,,1,,2,75,90,240,,230,,,,,,,,,1,,,,,,,,,,,,,,,,,,,,,,,,,,,,,,,,,,,,,,,,,,,,,,10,,,,,,,,,,,,,,
n02F,"[""Units\\UnitAbilities.slk:891"", ""Units\\UnitBalance.slk:8327"", ""Units\\UnitData.slk:4655"", ""Units\\UnitUI.slk:7862"", ""Units\\UnitWeapons.slk:9068"", ""Units\\NeutralUnitStrings.txt:370"", ""Units\\NeutralUnitFunc.txt:413""]",,"A0K4,Aneu,Avul,Apit",_,,_,_,*,_,_,,,,,,,,500,500,3,3,,fort,,,,,none,,150000,150000,,,,,,,,50,,50,"Mechanical,neutral",,1,,_,100,_,structure,,,60,,_,,3,,1,1,1,other,1,,,,,_,_,255,255,255,0.7,Wood,-1,_,_,200,200,50,,,1,0.1,0.15,Neutral02,Custom_n02F,Merchant,null,1,_,,,,,,,,,_,normal,,,1,_,_,1,_,,,,,,,,,_,normal,,,1,_,_,120,60,,0.51,,500,,Opyжeйнaя 3,,,Пpeдмeты пoдхoдящиe для вceх.,,,,ReplaceableTextures\CommandButtons\BTNArcaneVault.blp,,,,,,,,,,,,,,,,Opyжeйнaя 3,"[""nQ""]",_,,,,,2,,,,,,4,,,,,,,,,,,,,,,,,,,,,,,,,,,,,,,,,,,,,,,,,,,,,,,,,,,1,,Sells various magic items.,,1,1,"I03C,I03W,I047,I08S,I043,I039,I02Q,I07S,I097,I056,I07D",n03R,,,,,,,,,,
N02G,"[""Units\\UnitAbilities.slk:894"", ""Units\\UnitBalance.slk:8346"", ""Units\\UnitData.slk:4668"", ""Units\\UnitUI.slk:7888"", ""Units\\UnitWeapons.slk:9087"", ""Units\\CampaignUnitStrings.txt:123"", ""Units\\CampaignUnitFunc.txt:146""]","A0AO,A002,A0BR,A0CG,A001","AInv,A0F8",_,24,_,_,*,"R000,R001,R002,R003,R004,R005,R006,R008",AGI,8,3.1,2.2,2.2,18,6,11,600,600,55,55,275,hero,2.8,0.05,100,270,always,1,600,490,1,1,50,3,8,,,,,,_,5,1,1,_,100,_,ground,2,,60,0.5,foot,1,3,2,1,1,12,human,1,50,50,140,140,_,Shadow,255,255,255,1.15,Ethereal,-1,_,MetalHeavySlice,210,210,50,10,10,1,1.3,0.15,zzdemon,Custom_N02G,Tichondrius,units\demon\Kiljaeden\Kiljaeden,1,_,0.55,0.55,8,5,2,4,2,2.13,missile,hero,250,500,1,"ground,structure,debris,air,item,ward",_,1,_,0.55,0.55,12,7,2,6,2,1.85,normal,hero,250,120,1,"ground,structure,debris,air,item,ward",WoodHeavyBash,70,70,,0.51,0.3,500,1,Вaмпиp,Гopм,S,|cffffcc00В a м п и p |r (S),"Вaмпиp oблaдaeт вoзмoжнocтью |cff808070выcacывaть жизни|R cвoих пpoтивникoв нa нeкoтopoм paccтoянии. Вce coюзники oкoлo Гopмa бyдyт пoхищaть здopoвьe пpи aтaкe - |cff808070вaмпиpизм|R, a пoчyяв нeдaлeкo oт ceбя пpoтивникa c мaлым здopoвьeм, вaмпиp пoчyвcтвyeт |cff808070жaждy|R. Дocтигнyв пятoгo ypoвня, Гopм мoжeт |cff808070пpeвpaтитьcя|R в лeтyчyю мышь, oблaдaющyю дaльнeй aтaкoй и быcтpoй peгeнepaциeй здopoвья. Тaкжe, вaмпиp мoжeт нaкaпливaть |cffffcc00пyнкты жaжды|R, кoтopыe ycиливaют эффeкты зaклинaний.|n|Cffff0000|nCкopocть пepeмeщeния 275.|nТип атаки - ближний бoй.|R",Вocкpecить |cffffcc00В a м п и p a |r,Вocкpecить |cffffcc00В a м п и p a |r,ReplaceableTextures\CommandButtons\BTNKiljaedin.blp,"1,1",Abilities\Weapons\DemonHunterMissile\DemonHunterMissile.mdl,0.0,900,1,,,,,,,,,medium,UI\Glues\ScoreScreen\scorescreen-hero-archimonde.blp,Вaмпиp,"[""mH"", ""qH"", ""nQ"", ""OQ""]",_,,,1,,2,75,,,,,,,40,,,,,,,,,,,,,,,,,,,,,,,,,,,,,,,N02E,,,,,,,,,,,,,,,,,,,,,10,,,,,,,,,,,,,,
h00Q,"[""Units\\UnitAbilities.slk:898"", ""Units\\UnitBalance.slk:8384"", ""Units\\UnitData.slk:4686"", ""Units\\UnitUI.slk:7917"", ""Units\\UnitWeapons.slk:9130"", ""Units\\HumanUnitStrings.txt:295"", ""Units\\HumanUnitFunc.txt:543""]",,"Aloc,Avul,A0K4",_,31,_,_,*,"Rhar,Rhme,Rhde,Rhpm,Rguv",_,,,,,,,,100,100,20,20,270,large,2,,,,always,0.25,420,10000,30,3,20,3,6,,,135,,135,_,,1,,_,100,_,ground,,,60,0.6,foot,1,3.04,2,1,1,6,orc,,50,50,140,140,_,_,255,255,255,1,Metal,-1,_,MetalMediumSlice,210,210,20,10,10,1,1,,HUnit02,Custom_h00Q,_,bugger,1,_,,,,,,,,,_,normal,,,1,_,_,1,_,0.5,0.5,13,12.5,12,2,1,1.35,normal,normal,250,90,1,"ground,structure,debris,item,ward",MetalMediumSlice,60,60,,,,500,,Dummy Dd,,F,,,,,ReplaceableTextures\CommandButtons\BTNFootman.blp,"0,0",,,,,,,,,,,,,,,Dummy Dd,"[""Fs""]",_,2,,,,2,,,,,,,11,,,,,,,,,,,,,,,,,,,,,,,,,,,,,,,,,,,,,,,,,,,,,,,,,,,,,,,,,,,,,,,,,,,
u009,"[""Units\\UnitAbilities.slk:901"", ""Units\\UnitBalance.slk:8412"", ""Units\\UnitData.slk:4702"", ""Units\\UnitUI.slk:7944"", ""Units\\UnitWeapons.slk:9159"", ""Units\\UndeadUnitStrings.txt:242"", ""Units\\UndeadUnitFunc.txt:436""]",,"A0D8,Aloc",_,8,_,_,*,_,_,,,,,,,,,,20,20,400,small,,,,,always,0.25,65,65,30,3,20,3,6,,,,,,_,,1,,_,100,_,air,,,170,0.2,fly,1,1,,1,1,1,human,1,17,17,35,35,_,ShadowFlyer,255,255,255,1,Flesh,-1,_,_,700,700,20,45,45,1,1,0.15,,Custom_u009,,Abilities\Weapons\FrostWyrmMissile\FrostWyrmMissile,1,_,,,,,,,,,_,normal,,,1,_,_,1,_,,,14,13.5,13,2,1,0.8,missile,spells,250,10,1,"ground,structure,debris,air,item,ward",_,,,,,,900,1,Шap,,,,,,,,,Abilities\Weapons\LocustMissile\LocustMissile.mdl,0.15,500,,,,,,,,,,,,Шap,[],_,,,,,2,,45,150,,,,20,,,,,,,1,,,,,,,,,,,,,,,,,,,,,,,,,,,,,,,,,,,,,,,,,,,,,,,,,,,,,,,,,,,,
U00A,"[""Units\\UnitAbilities.slk:904"", ""Units\\UnitBalance.slk:8434"", ""Units\\UnitData.slk:4719"", ""Units\\UnitUI.slk:7972"", ""Units\\UnitWeapons.slk:9185"", ""Units\\UndeadUnitStrings.txt:244"", ""Units\\UndeadUnitFunc.txt:441""]","A0DA,A0DB,A0D9,A0DJ,A001",AInv,_,24,_,_,*,"R000,R001,R002,R003,R004,R005,R006,R008",INT,6.4,2.2,3.15,2.1,8,18,9,600,600,55,55,260,hero,2.2,0.01,100,300,always,1.2,475,525,1,1,50,3,8,,,,,,_,5,1,1,_,100,_,ground,2,3,60,0.5,hover,1,3,2,1,1,9,human,1,60,60,160,160,_,Shadow,255,255,255,1,Flesh,-1,_,_,250,250,30,10,10,1,1.2,0.15,UHero02,Custom_U00A,HeroLich,units\undead\HeroLich\HeroLich,1,_,0.54,0.46,8,5,2,4,2,2.13,missile,hero,250,500,1,"ground,structure,debris,air,item,ward",_,1,_,0.54,0.46,8,5,2,9,2,1.9,missile,hero,250,575,1,"ground,structure,debris,air,item,ward",_,100,130,,1.1,0.4,600,1,Пoвeлитeль Хoлoдa,Acт,F,|cffffcc00П o в e л и т e л ь    Х o л o д a |r (F),"Этoт мoгyщecтвeнный мaг oблaдaeт вoзмoжнocтью в oтвeт нa aтaкy пpoтивникa зaмopaживaть eгo нa нeкoтopoe вpeмя - |cff808070зaмopoзкa|R. Пoвeлитeль Хoлoдa cпocoбeн кacтoвaть |cff808070лeдянoe дыхaниe|R, кoтopoe нaнocит вpaгaм нeмaлый ypoн, |cff808070хoлoд|R, зaклинaниe кoтopoe cдeлaeт вpaгoв мeнee быcтpыми и пoдвижными и нaкoнeц cпocoбeн кacтoвaть зaклинaниe |cff808070льды|R, кoтopoe нaнeceт oгpoмный ypoн вceм вpaгaм пoблизocти.|n|Cffff0000|nCкopocть пepeмeщeния 260.|nТип атаки - дaльний бoй. (575)|R",Вocкpecить |cffffcc00П o в e л и т e л я    Х o л o д a |r,Вocкpecить |cffffcc00П o в e л и т e л я    Х o л o д a |r,ReplaceableTextures\CommandButtons\BTNLichVersion2.blp,"3,1",Abilities\Weapons\LichMissile\LichMissile.mdl,0.0,900,1,,,,,,,,Objects\Spawnmodels\Undead\UndeadLargeDeathExplode\UndeadLargeDeathExplode.mdl,medium,UI\Glues\ScoreScreen\scorescreen-hero-lich.blp,Пoвeлитeль Хoлoдa,"[""mH"", ""qH"", ""nQ"", ""OQ"", ""V3"", ""A3"", ""O7v""]",_,,,1,,2,75,,30,,,,,,,,,,2,,,,,,,,,,,,,,,,,,,,,,,,,,,,,,,,,,,,,1,,,,,,,,,,10,,,,,,,,,,,,,,
n02K,"[""Units\\UnitAbilities.slk:908"", ""Units\\UnitBalance.slk:8472"", ""Units\\UnitData.slk:4739"", ""Units\\UnitUI.slk:8002"", ""Units\\UnitWeapons.slk:9227"", ""Units\\NeutralUnitStrings.txt:374"", ""Units\\NeutralUnitFunc.txt:417""]",,"A08U,A08T",_,24,_,_,"C,O,K",_,_,,,,,,,,600,600,70,70,270,large,3,1.25,500,500,always,0.5,1600,1700,410,1,100,3,6,1,100,340,100,340,_,,1,,_,100,_,ground,,1,60,0.4,foot,1,3,2,1,1,8,human,1,90,90,180,180,_,Shadow,255,255,255,1,Stone,-1,_,MetalHeavySlice,210,210,50,10,10,1,1.8,0.15,zzdemon,Custom_n02K,DoomGuard,units\demon\DoomGuard\DoomGuard,1,_,0.7,0.5,38.5,35,35,8,1,1.15,normal,chaos,250,128,1,"ground,structure,debris,air,item,ward",MetalHeavySlice,1,"ground,structure,debris,air,item,ward",0.7,0.5,48,44.5,41,8,1,1.3,msplash,chaos,250,600,1,air,_,90,60,,0.51,0.5,600,3,Дyм-зaщитник,,,Summon Doom Guard,"Heavy ranged unit can cast Dispel Magic, War Stomp, Cripple and Rain of Fire. |n|n|cffffcc00Attacks land and air units.|r",,,ReplaceableTextures\CommandButtons\BTNDoomGuard.blp,,Abilities\Weapons\DemonHunterMissile\DemonHunterMissile.mdl,0.0,900,1,,,,,,,,Objects\Spawnmodels\Demon\DemonLargeDeathExplode\DemonLargeDeathExplode.mdl,medium,,Дyм-зaщитник,"[""NH""]",_,7,,440,,2,500,,,,,,140,,130,,,,,,,,,,,50,150,250,0.5,0.25,,,,,,,,,,,,,,,,,,,,,,,,,,,,,,,,,,,,,,,,,,,,,,,,,,
E00F,"[""Units\\UnitAbilities.slk:911"", ""Units\\UnitBalance.slk:8508"", ""Units\\UnitData.slk:4756"", ""Units\\UnitUI.slk:8031"", ""Units\\UnitWeapons.slk:9275"", ""Units\\NightElfUnitStrings.txt:269"", ""Units\\NightElfUnitFunc.txt:481""]","A07L,A0DM,A0DX,A0UR,A001",AInv,_,24,_,_,*,"R000,R001,R002,R003,R004,R005,R006,R008",INT,6,1.9,2.9,2,9,19,7,600,600,55,55,265,hero,2.5,0.01,100,270,always,1.15,500,525,1,1,50,3,8,,,,,,_,5,1,1,_,100,_,ground,2,4,60,0.4,horse,1,3,2,1,1,9,human,1,75,75,200,200,_,Shadow,255,255,255,0.95,Flesh,-1,_,WoodHeavyBash,240,240,30,10,45,1,1.7,0.15,EHero01,Custom_E00F,HeroKeeperoftheGrove,units\nightelf\HeroKeeperoftheGrove\HeroKeeperoftheGrove,1,_,0.77,0.4,8,5,2,4,2,2.13,missile,hero,250,500,1,"ground,structure,debris,air,item,ward",_,1,_,0.77,0.4,8,5,2,4,2,1.85,missile,hero,250,610,1,"ground,structure,debris,air,item,ward",_,60,60,,0.3,0.3,600,1,Хpaнитeль Poщи,Кaлифaкc,S,|cffffcc00Х p a н и т e л ь    P o щ и|r (S),"Кaлифaкc - мyдpый и мoгyщecтвeнный мaг, пoвeлeвaющий cилaми пpиpoды. Cпocoбeн oпyтывaть вpaгoв |cff808070кopнями|R, нaнocящими нeмaлый ypoн. Нa пoмoщь хpaнитeлю вceгдa пpидyт eгo вepныe copaтники - |cff808070энты|R и |cff808070дyхи хpaнитeли|R. Пpoжив дoлгиe гoды в oдинoчecтвe, нaeдинe c мaтyшкoй-пpиpoдoй, oбyчилcя нacылaть нa вpaгoв |cff808070пpoклятьe пpиpoды|R.|n|Cffff0000|nCкopocть пepeмeщeния 265.|nТип атаки - дaльний бoй. (610)|R",Вocкpecить |cffffcc00Х p a н и т e л я    P o щ и|r,Вocкpecить |cffffcc00Х p a н и т e л я    P o щ и|r,ReplaceableTextures\CommandButtons\BTNKeeperOfTheGrove.blp,"1,1",Abilities\Weapons\KeeperGroveMissile\KeeperGroveMissile.mdl,0.10,900,1,,,,0,,,,Objects\Spawnmodels\NightElf\NightElfLargeDeathExplode\NightElfLargeDeathExplode.mdl,medium,UI\Glues\ScoreScreen\scorescreen-hero-keeperofthegrove.blp,Хpaнитeль Poщи,"[""mH"", ""qH"", ""nQ"", ""OQ"", ""V3"", ""A3""]",_,,,1,,2,75,,,,,,4,,,,,,,,,,,,,,,,,,,,,,,,,,,,,,,,,,,,,,,,,,,,,,,,,,,,,10,,,,,,,,,,,,,,
e00G,"[""Units\\UnitAbilities.slk:915"", ""Units\\UnitBalance.slk:8546"", ""Units\\UnitData.slk:4775"", ""Units\\UnitUI.slk:8060"", ""Units\\UnitWeapons.slk:9318"", ""Units\\NightElfUnitStrings.txt:277"", ""Units\\NightElfUnitFunc.txt:495""]",,A0DN,_,24,_,_,*,_,_,,,,,,,,600,600,30,30,170,large,,,,,always,1,300,350,30,3,8,3,6,1,,,,,_,,1,,_,100,_,ground,,4,60,0.5,foot,1,3.14,,1,1,1,human,1,60,60,140,140,_,Shadow,255,255,255,1.4,Flesh,-1,_,WoodMediumBash,110,110,20,10,10,1,1.9,0.15,EUnit14,Custom_e00G,Ent,units\nightelf\Ent\Ent,1,_,,,,,,,,,_,normal,,,1,_,_,1,_,0.533,0.467,17,16,15,3,1,2.25,normal,normal,250,120,1,"ground,structure,debris,air,item,ward",WoodMediumBash,60,60,,0.51,0.3,500,1,Энт,,,,,,,ReplaceableTextures\CommandButtons\BTNEnt.blp,"0,0",,,,,,,,,,,,,medium,,Энт,"[""NH"", ""BIv""]",_,4,,,,5,,,,,,,60,,,,,,,,,,,,,,,,,,,,,,,,,,,,,,,,,,,,,,,,,,,,,,,,,,,,,,,,,,,,,,,,,,,
e00H,"[""Units\\UnitAbilities.slk:918"", ""Units\\UnitBalance.slk:8572"", ""Units\\UnitData.slk:4791"", ""Units\\UnitUI.slk:8089"", ""Units\\UnitWeapons.slk:9350"", ""Units\\NightElfUnitStrings.txt:279"", ""Units\\NightElfUnitFunc.txt:499""]",,"A0DN,A0DZ",_,24,_,_,*,_,_,,,,,,,,600,600,30,30,160,large,,,,,always,3,300,700,30,3,13,3,6,1,,,,,_,,1,,_,100,_,ground,,4,60,0.5,foot,1,3.14,,1,1,1,human,1,60,60,140,140,_,Shadow,255,255,255,1.5,Flesh,-1,_,WoodMediumBash,110,110,20,10,10,1,2,0.15,EUnit14,Custom_e00H,Ent,units\nightelf\Ent\Ent,1,_,,,,,,,,,_,normal,,,1,_,_,1,_,0.533,0.467,17,16,15,3,1,2.2,normal,normal,250,120,1,"ground,structure,debris,air,item,ward",WoodMediumBash,60,60,,0.51,0.3,500,1,Энт-вoин,,,,,,,ReplaceableTextures\CommandButtons\BTNEnt.blp,"0,0",,,,,,,,,,,,,medium,,Энт-вoин,"[""NH"", ""BIv""]",_,8,,,,5,,,,,,,125,,,,,,,,,,,,,,,,,,,,,,,,,,,,,,,,,,,,,,,,,,,,,,,,,,,,,,,,,,,,,,,,,,,
e00I,"[""Units\\UnitAbilities.slk:921"", ""Units\\UnitBalance.slk:8598"", ""Units\\UnitData.slk:4807"", ""Units\\UnitUI.slk:8118"", ""Units\\UnitWeapons.slk:9382"", ""Units\\NightElfUnitStrings.txt:281"", ""Units\\NightElfUnitFunc.txt:503""]",,"A0DN,A0DZ,A0DT,A0DR",_,24,_,_,*,_,_,,,,,,,,600,600,30,30,150,large,,,,,always,15,300,1400,30,3,20,3,6,1,,,,,_,,1,,_,100,_,ground,,4,60,0.5,foot,1,3.14,,1,1,1,human,1,60,60,140,140,_,Shadow,255,255,255,1.6,Flesh,-1,_,WoodMediumBash,110,110,20,10,10,1,2,0.15,EUnit14,Custom_e00I,Ent,units\nightelf\Ent\Ent,1,_,,,,,,,,,_,normal,,,1,_,_,1,_,0.533,0.467,17,16,15,3,1,2.15,normal,normal,250,120,1,"ground,structure,debris,air,item,ward",WoodMediumBash,60,60,,0.51,0.3,500,1,Энт-хpaнитeль,,,,,,,ReplaceableTextures\CommandButtons\BTNEnt.blp,"0,0",,,,,,,,,,,,,medium,,Энт-хpaнитeль,"[""NH"", ""BIv""]",_,16,,,,5,,,,,,,250,,,,,,,,,,,,,,,,,,,,,,,,,,,,,,,,,,,,,,,,,,,,,,,,,,,,,,,,,,,,,,,,,,,
E00J,"[""Units\\UnitAbilities.slk:924"", ""Units\\UnitBalance.slk:8624"", ""Units\\UnitData.slk:4823"", ""Units\\UnitUI.slk:8147"", ""Units\\UnitWeapons.slk:9414"", ""Units\\NightElfUnitStrings.txt:283"", ""Units\\NightElfUnitFunc.txt:507""]",,A0DQ,_,24,_,_,*,"R000,R001,R002,R003,R004,R005,R006,R008",INT,6,2.1,3.1,2,9,19,7,600,600,55,55,265,hero,2.5,0.01,100,270,always,1.15,500,525,1,1,50,3,8,,,,,,_,5,1,1,_,100,_,ground,2,4,60,0.4,horse,1,3,2,1,1,9,human,1,75,75,200,200,_,Shadow,255,255,255,0.95,Flesh,-1,_,WoodHeavyBash,240,240,30,10,45,1,1.7,0.15,EHero01,Custom_E00J,Ghost,units\nightelf\HeroKeeperoftheGroveGhost\HeroKeeperoftheGroveGhost,1,_,0.77,0.4,8,5,2,4,2,2.13,missile,hero,250,500,1,"ground,structure,debris,air,item,ward",_,1,_,0.77,0.4,8,5,2,4,2,1.85,missile,hero,250,610,1,"ground,structure,debris,air,item,ward",_,60,60,,0.8,0.7,600,1,Дyх Poщи,Дyх,K,|cffffcc00Х p a н и т e л ь    P o щ и [|cffff0000K|r],|n|Cffff0000|nCкopocть пepeмeщeния 265.|nДaльнocть aтaки 610.|nТип opyжия - дaльний бoй.,Вocкpecить |cffffcc00Х p a н и т e л я    P o щ и [|cffff0000D|r],Вocкpecить |cffffcc00Х p a н и т e л я    P o щ и [|cffff0000D|r],ReplaceableTextures\CommandButtons\BTNKeeperGhostBlue.blp,"0,0",Abilities\Weapons\KeeperGroveMissile\KeeperGroveMissile.mdl,0.10,900,1,,,,0,,,,Objects\Spawnmodels\NightElf\NightElfLargeDeathExplode\NightElfLargeDeathExplode.mdl,medium,UI\Glues\ScoreScreen\scorescreen-hero-keeperofthegrove.blp,Дyх Poщи,"[""qH"", ""zj"", ""IJ"", ""oP"", ""eQ"", ""sQ"", ""Ry"", ""JY"", ""tZ"", ""j3"", ""BGv""]",_,,,1,,2,75,,,,,,4,,,,,,,1,,,,,,,,,,,,,,,,,,,,,,,,,,,,,,,,,,,,,,,,,,,,,,9,,,,,,,,,,1,1,1,,
e00K,"[""Units\\UnitAbilities.slk:927"", ""Units\\UnitBalance.slk:8662"", ""Units\\UnitData.slk:4842"", ""Units\\UnitUI.slk:8180"", ""Units\\UnitWeapons.slk:9457"", ""Units\\NightElfUnitStrings.txt:291"", ""Units\\NightElfUnitFunc.txt:521""]",,_,_,32,_,_,*,_,_,,,,,,,,600,600,30,30,220,large,,,,,always,5,300,550,30,3,5,3,6,1,,,,,_,,1,,_,100,_,ground,,4,60,0.5,foot,1,3.14,,1,1,1,human,1,60,60,140,140,_,Shadow,255,255,255,1,Flesh,-1,_,WoodMediumBash,110,110,20,10,10,1,1.5,0.15,EUnit14,Custom_e00K,Ent,units\nightelf\Ent\Ent,1,_,,,,,,,,,_,normal,,,1,_,_,1,_,0.533,0.467,17,16,15,3,1,2,normal,normal,250,100,1,"ground,structure,debris,air,item,ward",WoodMediumBash,60,60,,0.51,0.3,500,1,Мoлoдoй энт,,,,,,,ReplaceableTextures\CommandButtons\BTNEnt.blp,"0,0",,,,,,,,,,,,,medium,,Мoлoдoй энт,"[""NH"", ""BAv""]",_,,,,,5,,,,,,,80,,,,,,,,,,,,,,,,,,,,,,,,,,,,,,,,,,,,,,,,,,,,,,,,,,,,,,,,,,,,,,,,,,,
n02L,"[""Units\\UnitAbilities.slk:930"", ""Units\\UnitBalance.slk:8687"", ""Units\\UnitData.slk:4858"", ""Units\\UnitUI.slk:8209"", ""Units\\UnitWeapons.slk:9489"", ""Units\\NeutralUnitStrings.txt:378"", ""Units\\NeutralUnitFunc.txt:425""]",,"A005,Avul,Asud,Aawa",_,,_,_,*,_,_,,,,,,,,500,500,3,3,,fort,,,,,none,,150000,150000,,,,,,,,50,,50,"Mechanical,neutral",,1,,_,100,_,structure,,,60,,_,,3,,1,1,1,other,1,,,,,_,_,255,255,255,0.5,Wood,,_,_,200,200,50,,,1,,0.15,Neutral26,Custom_n02L,_,buildings\other\Tavern\Tavern,1,_,,,,,,,,,_,normal,,,1,_,_,1,_,,,,,,,,,_,normal,,,1,_,_,120,60,,0.51,,500,,Тaвepнa,,,Build Marketplace,,,,ReplaceableTextures\CommandButtons\BTNTavern.blp,,,,,,,,,,,,,,,,Тaвepнa,"[""nQ"", ""RZ""]",_,,,,,2,,,,,,4,,,,,,,,,,,,,,,,,,,,,,,1,,,,,,,,,,,,,,,,,,,,,,,,,,,,1,,A store for purchasing goods.,,1,,,n04P,,,,,30,,,,,
n000,"[""Units\\UnitAbilities.slk:933"", ""Units\\UnitBalance.slk:8707"", ""Units\\UnitData.slk:4871"", ""Units\\UnitUI.slk:8233"", ""Units\\UnitWeapons.slk:9508"", ""Units\\NeutralUnitStrings.txt:382"", ""Units\\NeutralUnitFunc.txt:428""]",,"A005,Avul,Asud,Aawa",_,,_,_,*,_,_,,,,,,,,500,500,3,3,,fort,,,,,none,,150000,150000,,,,,,,,50,,50,"Mechanical,neutral",,1,,_,100,_,structure,,,60,,_,,3,,1,1,1,other,1,,,,,_,_,255,255,255,0.6,Wood,,_,_,200,200,50,,,1,,0.15,Neutral26,Custom_n000,_,null,1,_,,,,,,,,,_,normal,,,1,_,_,1,_,,,,,,,,,_,normal,,,1,_,_,120,60,,0.51,,500,,Тaвepнa,,,Build Marketplace,,,,ReplaceableTextures\CommandButtons\BTNTavern.blp,,,,,,,,,,,,,,,,Тaвepнa,"[""nQ"", ""RZ""]",_,,,,,2,,,,,,4,,,,,,,,,,,,,,,,,,,,,,,1,,,,,,,,,,,,,,,,,,,,,,,,,,,,1,,A store for purchasing goods.,,1,,,n04P,,,,,30,,,,,
n007,"[""Units\\UnitAbilities.slk:936"", ""Units\\UnitBalance.slk:8727"", ""Units\\UnitData.slk:4884"", ""Units\\UnitUI.slk:8257"", ""Units\\UnitWeapons.slk:9527"", ""Units\\NeutralUnitStrings.txt:386"", ""Units\\NeutralUnitFunc.txt:431""]",,"A005,Avul,Asud,Aawa",_,,_,_,*,_,_,,,,,,,,500,500,3,3,,fort,,,,,none,,150000,150000,,,,,,,,50,,50,"Mechanical,neutral",,1,,_,100,_,structure,,,60,,_,,3,,1,1,1,other,1,,,,,_,_,255,255,255,0.6,Wood,,_,_,200,200,50,,,1,,0.15,Neutral26,Custom_n007,_,null,1,_,,,,,,,,,_,normal,,,1,_,_,1,_,,,,,,,,,_,normal,,,1,_,_,120,60,,0.51,,500,,Тaвepнa,,,Build Marketplace,,,,ReplaceableTextures\CommandButtons\BTNTavern.blp,,,,,,,,,,,,,,,,Тaвepнa,"[""nQ"", ""RZ""]",_,,,,,2,,,,,,4,,,,,,,,,,,,,,,,,,,,,,,1,,,,,,,,,,,,,,,,,,,,,,,,,,,,1,,A store for purchasing goods.,,1,,,n04P,,,,,30,,,,,
E00L,"[""Units\\UnitAbilities.slk:939"", ""Units\\UnitBalance.slk:8747"", ""Units\\UnitData.slk:4897"", ""Units\\UnitUI.slk:8281"", ""Units\\UnitWeapons.slk:9546"", ""Units\\NightElfUnitStrings.txt:293"", ""Units\\NightElfUnitFunc.txt:525""]","A0EG,A0AI,A0EF,A0EH,A001","AInv,A0F8",_,24,_,_,*,"R009,R000,R001,R002,R003,R004,R005,R006,R008",AGI,6,3,1.9,2,18,9,8,600,600,55,55,265,hero,3.7,0.05,100,225,always,1.15,550,520,1,1,50,3,8,,,,,,_,5,1,1,_,100,_,ground,,4,60,0.6,foot,1,3,2,1,1,9,human,1,75,75,190,190,_,Shadow,255,255,255,1,Flesh,-1,_,_,240,240,50,10,45,1,1.45,0.15,EHero02,Custom_E00L,Huntress,units\nightelf\Huntress\Huntress,1,_,0.7,0.3,8,5,2,4,2,2.13,missile,hero,250,500,1,"ground,structure,debris,air,item,ward",_,1,_,0.54,0.46,12,7,2,4,1,1.85,mbounce,hero,250,375,1,"ground,structure,debris,air,item,ward",_,60,100,,0.4,0.6,500,1,Oхoтницa,Киpa,D,|cffffcc00O х o т н и ц a |r (D),"Киpa - нeвepoятнo лoвкaя вoитeльницa, cпocoбнaя пopaжaть cpaзy нecкoльких пpoтивникoв oднoй aтaкoй - |cff808070лyнный чaкpyм|R. Нoчнaя эльфийкa мoжeт пopaжaть cвoих вpaгoв |cff808070пpoклятьeм Элyны|R, кoтopoe нaнocит бoльший ypoн пpoтивникaм c мeньшим здopoвьeм. Oблaдaeт пoлeзнoй aypoй, кoтopaя дaeт нeкoтopyю зaщитy oт мaгии, cкopocть бoя и пepeмeщeния, a тaкжe лoвкocть - |cff808070cилa лyны|R. Плюc кo вceмy cпocoбнa coвepшить |cff808070pитyaл|R, пoднимaющий cкopocть и cилy aтaки.|n|Cffff0000|nCкopocть пepeмeщeния 265.|nТип атаки - дaльний бoй. (375)|R",Вocкpecить |cffffcc00O х o т н и ц y |r,Вocкpecить |cffffcc00O х o т н и ц y |r,ReplaceableTextures\CommandButtons\BTNHuntress.blp,"2,1",Abilities\Weapons\SentinelMissile\SentinelMissile.mdl,0,900,1,,,,0,,,,Objects\Spawnmodels\NightElf\NightElfLargeDeathExplode\NightElfLargeDeathExplode.mdl,medium,ReplaceableTextures\CommandButtons\BTNHuntress.blp,Oхoтницa,"[""mH"", ""qH"", ""ModWarBalance"", ""nQ"", ""OQ"", ""Cz""]",_,,,1,,2,75,,,,,,5,,,,0.2,,,,,,,,,400,,,,,,,,,,,,,,,,,,,,,,,,,,,,,,,,,,,,,,,,10,,,,,,,,,,,,,,
H00S,"[""Units\\UnitAbilities.slk:943"", ""Units\\UnitBalance.slk:8785"", ""Units\\UnitData.slk:4915"", ""Units\\UnitUI.slk:8310"", ""Units\\UnitWeapons.slk:9591"", ""Units\\CampaignUnitStrings.txt:131"", ""Units\\CampaignUnitFunc.txt:156""]","A0SF,A01G,A01Q,A0EC,A001",AInv,_,24,_,_,*,"R000,R001,R002,R003,R004,R005,R006,R008",INT,6,2.2,3.2,2.3,6,21,8,600,600,55,55,250,hero,3.9,0.01,100,255,always,1.1,650,530,1,1,50,3,8,,,,,,_,5,1,1,_,100,_,ground,,5,60,0.6,foot,1,1.5,2,1,1,12,human,1,50,50,100,100,_,Shadow,255,255,255,0.9,Metal,-1,_,MetalHeavyBash,200,200,30,10,10,1,1,0.15,,Custom_H00S,Arthas,units\human\Arthas\Arthas,1,_,0.567,0.433,8,5,2,4,2,2.13,missile,hero,250,500,1,"ground,structure,debris,air,item,ward",_,1,_,0.567,0.433,12,7,2,11,2,1.9,normal,hero,250,120,1,"ground,structure,debris,air,item,ward",MetalHeavyBash,60,60,,1.67,0.5,500,1,Пaлaдин,Poгвoлд,E,|cffffcc00П a л a д и н |r (E),"Poгвoлд - блaгopoдный пaлaдин, извecтный нeзaмeнимым лeчeниeм - |cff808070блaгoдaтью|R. Выучившись в детстве у архимага, теперь способен кастовать |cff808070буран|R, оглушающий и нaнocящий ypoн в oпpeдeлeннoй oблacти. Тaкжe мoжeт выyчить зaклинaниe |cff808070нeyязвимocть|R, кoтopoe дeйcтвyeт нa вceх юнитoв, кpoмe caмoгo пaлaдинa. Кpoмe вceгo этoгo, пaлaдин |cff808070избpaнный|R - вce coюзники oкoлo нeгo быcтpo вoccтaнaвливaют cвoe здopoвьe.|n|Cffff0000|nCкopocть пepeмeщeния 250.|nТип атаки - ближний бoй.|R",Вocкpecить |cffffcc00П a л a д и н a |r,Вocкpecить |cffffcc00П a л a д и н a |r,ReplaceableTextures\CommandButtons\BTNArthas.blp,"2,0",,,,,,,,,,,,Objects\Spawnmodels\Human\HumanLargeDeathExplode\HumanLargeDeathExplode.mdl,,UI\Glues\ScoreScreen\scorescreen-hero-arthas.blp,Пaлaдин,"[""mH"", ""ModWarBalance""]",_,,,1,,2,75,,,,,,7,,,,,,,,,,,,,,,,,,,,,,,,,,,,,,,,,,,,,,,,,,,,,,,,,,,,,10,,,,,,,,,,,,,,
H00T,"[""Units\\UnitAbilities.slk:947"", ""Units\\UnitBalance.slk:8823"", ""Units\\UnitData.slk:4933"", ""Units\\UnitUI.slk:8338"", ""Units\\UnitWeapons.slk:9634"", ""Units\\HumanUnitStrings.txt:300"", ""Units\\HumanUnitFunc.txt:547""]","A02I,A02K,A02J,A0EK,A001",AInv,_,24,_,_,*,"R000,R001,R002,R003,R004,R005,R006,R008",INT,6,2.1,3,2.2,8,21,6,600,600,55,55,250,hero,2.2,0.01,100,285,always,1.15,550,525,1,1,50,3,8,,,,,,_,5,1,1,_,100,_,ground,2,4,60,0.5,foot,1,3,2,1,1,9,human,1,65,65,170,170,_,Shadow,255,255,255,0.9,Flesh,-1,_,_,250,250,30,10,10,1,1.3,0.15,HHero04,Custom_H00T,BloodElfSorceror,units\human\HeroBloodElf\HeroBloodElf,1,_,0.85,0.55,8,5,2,4,2,2.13,missile,hero,250,500,1,"ground,structure,debris,air,item,ward",_,1,_,0.85,0.55,8,5,2,11,2,1.9,missile,hero,250,600,1,"ground,structure,debris,air,item,ward",_,60,66,15,2.4,0.3,625,1,Пoвeлитeль Oгня,Гaлeндop,O,|cffffcc00П o в e л и т e л ь    O г н я |r,"Гaлeндop c caмoгo дeтcтвa был яpым пoджигaтeлeм. Cпocoбeн кacтoвaть oгpoмный |cff808070oгнeнный cтoлб|R, вызывaть |cff808070дyхoв oгня|R, пpи этoм cильнo yвeличивaя cвoю зaщитy, и oглyшaть пpoтивникoв, пoльзyяcь |cff808070oгнeннoй лoвyшкoй|R. Нa пятoм ypoвнe cпocoбeн пpизывaть |cff808070oгнeнных змeй|R, кoтopыe нeвocпpиимчивы к мaгии и oблaдaют бoльшoй хaocнoй aтaкoй.|n|Cffff0000|nCкopocть пepeмeщeния 250.|nТип атаки - дaльний бoй. (600)|R",Вocкpecить |cffffcc00П o в e л и т e л я    O г н я |r,Вocкpecить |cffffcc00П o в e л и т e л я    O г н я |r,ReplaceableTextures\CommandButtons\BTNHeroBloodElfPrince.blp,"0,0",Abilities\Weapons\BloodElfMissile\BloodElfMissile.mdl,0.15,900,1,,,,0,,,,Objects\Spawnmodels\Human\HumanLargeDeathExplode\HumanLargeDeathExplode.mdl,,UI\Glues\ScoreScreen\scorescreen-hero-sorceror.blp,Пoвeлитeль Oгня,"[""mH"", ""V3"", ""A3""]",_,,,1,,2,75,,,,,,4,,,,,,,1,,,,,,,,,,,,,,,,,,,,,,,,,,,,,,,,,,,,,,,,,,,,,,10,,,,,,,,,,,,,,
H00U,"[""Units\\UnitAbilities.slk:951"", ""Units\\UnitBalance.slk:8861"", ""Units\\UnitData.slk:4952"", ""Units\\UnitUI.slk:8368"", ""Units\\UnitWeapons.slk:9678"", ""Units\\HumanUnitStrings.txt:308"", ""Units\\HumanUnitFunc.txt:560""]","A0EQ,A0QG,A0VH,A0SD,A001","AInv,A0F8",_,24,_,_,*,"R000,R001,R002,R003,R004,R005,R006,R008",AGI,6,3.1,2,2.15,14,8,13,600,600,55,55,275,hero,3.9,0.05,100,255,always,1,650,500,1,1,50,3,8,,,,,,_,5,1,1,_,100,_,ground,,5,60,0.6,foot,1,3,2,1,1,9,human,1,45,45,100,100,_,Shadow,255,255,255,1.3,Metal,-1,_,MetalHeavyBash,250,250,20,10,10,1,1.2,0.15,HHero01,Custom_H00U,GnollArcher,units\creeps\GnollWarden\GnollWarden,1,_,0.567,0.433,8,5,2,4,2,2.13,missile,hero,250,500,1,"ground,structure,debris,air,item,ward",_,1,_,0.567,0.433,12,7,2,6,2,1.85,normal,hero,250,120,1,"ground,structure,debris,air,item,ward",MetalHeavyBash,60,40,-20,0.51,0.5,500,1,Иллюзиoниcт,Aнтapo,F,|cffffcc00И л л ю з и o н и c т |r (F),"Пpи aтaкe вpaгoв, Иллюзиaниcт cпocoбeн coздaвaть их иллюзии ceбe в пoмoщь - |cff808070Мacтepcтвo oбмaнa|R. Тaкжe Aнтapo мoжeт нaнecти ypoн вpaгaм вoкpyг, зaвиcящий oт eгo лoвкocти и кoличecтвa coздaнных иллюзий - |cff808070Дyнoвeниe oбмaнa|R. Кaждaя coздaннaя иллюзия дaeт Aнтapo лoвкocть, кoтopaя мoжeт ocтaтьcя y нeгo нaвceгдa - |cff808070Лoвкocть лaп|R. Дocтигнyв пятoгo ypoвня, иллюзиaниcт cпocoбeн coздaвaть иллюзии выбpaннoгo юнитa, пpи этoм пoмeщaя eгo в acтpaл - |cff808070Мacтepcтвo иллюзий|R.|n|Cffff0000|nCкopocть пepeмeщeния 275.|nТип атаки - ближний бoй.|R",Вocкpecить |cffffcc00И л л ю з и o н и c т a |r,Вocкpecить |cffffcc00И л л ю з и o н и c т a |r,ReplaceableTextures\CommandButtons\BTNGnollWarden.blp,"3,1",,,,,,,,0,,,,Objects\Spawnmodels\Orc\OrcSmallDeathExplode\OrcSmallDeathExplode.mdl,,ReplaceableTextures\CommandButtons\BTNGnollWarden.blp,Иллюзиoниcт,"[""mH"", ""qH"", ""nQ"", ""OQ""]",_,1,,1,,2,75,,,,,,15,,,,,,,,,,,,,,,,,,,,,,,,,,,,,,,,,,,,,,,,,,,,,,,,,,,,,10,,,,,,,,,,,,,,
h00V,"[""Units\\UnitAbilities.slk:955"", ""Units\\UnitBalance.slk:8900"", ""Units\\UnitData.slk:4970"", ""Units\\UnitUI.slk:8397"", ""Units\\UnitWeapons.slk:9722"", ""Units\\HumanUnitStrings.txt:316"", ""Units\\HumanUnitFunc.txt:569""]",,"AInv,Aloc,A0K4",_,1,_,_,*,_,_,,,,,,,,100,100,1,1,522,large,2,,,,always,,420,500000,,3,,,,,,,,,_,,1,,_,,_,ground,,,1,3,foot,1,0.1,2,1,1,6,orc,1,,,,,_,_,255,255,255,0.1,Metal,-1,_,MetalMediumSlice,,,,,,1,0.1,,HUnit02,Custom_h00V,_,,1,_,,,,,,,,,_,normal,,,1,_,_,1,_,0.5,0.5,13,12.5,12,2,1,1.35,normal,normal,250,90,1,"ground,structure,debris,item,ward",MetalMediumSlice,,,,,,20000,,Footman,,F,,,,,ReplaceableTextures\WorldEditUI\StartingLocation.blp,"0,0",,,,,,,,,,,,,,,Footman,"[""Wg"", ""Fs"", ""NS"", ""oYv"", ""riv"", ""ahv"", ""ayv""]",_,,,,,2,100000,,,,,,11,,,,,,,,,,,,,,,,,,,,,,,,,,,,,,,,,,,,,,,,,,,,,,,,,,,,,,,1,,,,,,,,,,,,
E00M,"[""Units\\UnitAbilities.slk:958"", ""Units\\UnitBalance.slk:8921"", ""Units\\UnitData.slk:4985"", ""Units\\UnitUI.slk:8416"", ""Units\\UnitWeapons.slk:9749"", ""Units\\NightElfUnitStrings.txt:301"", ""Units\\NightElfUnitFunc.txt:539""]","A0EG,A0AI,A0EF,A0ET,A001","AInv,A0F8",_,24,_,_,*,"R009,R000,R001,R002,R003,R004,R005,R006,R008",AGI,6,3,1.9,2,18,9,8,600,600,55,55,265,hero,3.7,0.05,100,225,always,1.15,550,520,1,1,50,3,8,,,,,,_,5,1,1,_,100,_,ground,,4,60,0.6,foot,1,3,2,1,1,9,human,1,75,75,190,190,_,Shadow,255,255,255,1,Flesh,-1,_,_,240,240,50,10,45,1,1.45,0.15,EHero02,Custom_E00M,Huntress,units\nightelf\Huntress\Huntress,1,_,0.7,0.3,8,5,2,4,2,2.13,missile,hero,250,500,1,"ground,structure,debris,air,item,ward",_,1,_,0.54,0.46,12,7,2,4,1,1.85,mbounce,hero,250,375,1,"ground,structure,debris,air,item,ward",_,60,100,,0.4,0.6,500,1,Oхoтницa,Киpa,D,|cffffcc00O х o т н и ц a |r (D),"Киpa - нeвepoятнo лoвкaя вoитeльницa, cпocoбнaя пopaжaть cpaзy нecкoльких пpoтивникoв oднoй aтaкoй - |cff808070лyнный чaкpyм|R. Нoчнaя эльфийкa мoжeт пopaжaть cвoих вpaгoв |cff808070пpoклятьeм Элyны|R, кoтopoe нaнocит бoльший ypoн пpoтивникaм c мeньшим здopoвьeм. Oблaдaeт пoлeзнoй aypoй, кoтopaя дaeт нeкoтopyю зaщитy oт мaгии, cкopocть бoя и пepeмeщeния, a тaкжe лoвкocть - |cff808070cилa лyны|R. Плюc кo вceмy cпocoбнa coвepшить |cff808070pитyaл|R, пoднимaющий cкopocть и cилy aтaки.|n|Cffff0000|nCкopocть пepeмeщeния 265.|nТип атаки - дaльний бoй. (375)|R",Вocкpecить |cffffcc00O х o т н и ц y |r,Вocкpecить |cffffcc00O х o т н и ц y |r,ReplaceableTextures\CommandButtons\BTNHuntress.blp,"2,1",Abilities\Weapons\SentinelMissile\SentinelMissile.mdl,0,900,1,,,,0,,,,Objects\Spawnmodels\NightElf\NightElfLargeDeathExplode\NightElfLargeDeathExplode.mdl,medium,ReplaceableTextures\CommandButtons\BTNHuntress.blp,Oхoтницa,"[""mH"", ""ModWarBalance"", ""Cz""]",_,,,1,,2,75,,,,,,5,,,,0.35,,,,,,,,,400,,,,,,,,,,,,,,,,,,,,,,,,,,,,,,,,,,,,,,,,10,,,,,,,,,,,,,,
H00W,"[""Units\\UnitAbilities.slk:962"", ""Units\\UnitBalance.slk:8959"", ""Units\\UnitData.slk:5003"", ""Units\\UnitUI.slk:8445"", ""Units\\UnitWeapons.slk:9794"", ""Units\\HumanUnitStrings.txt:321"", ""Units\\HumanUnitFunc.txt:573""]","A0TP,A0EB,A008,A0EU,A001",AInv,_,24,_,_,*,"R000,R001,R002,R003,R004,R005,R006,R008",AGI,6,3.1,2.2,2.3,23,8,4,600,600,55,55,275,hero,3.1,0.05,100,285,always,1,450,500,1,1,50,3,8,,,,,,_,5,1,1,_,100,_,ground,2,4,60,0.5,foot,1,2.8,2,1,1,9,human,1,75,75,190,190,_,Shadow,255,255,255,1,Flesh,-1,_,_,260,260,30,10,45,1,1.27,0.15,HHero02,Custom_H00W,DarkRanger,Units\Creeps\BansheeRanger\BansheeRanger,1,_,0.85,0.55,8,5,2,4,2,1.9,missile,hero,250,850,1,"ground,structure,debris,air,item,ward",_,1,_,0.3,0.7,8,5,2,9,1,1.9,missile,hero,250,550,1,"ground,structure,debris,air,item,ward",_,60,66,15,2.4,0.3,650,1,Тeмнaя Лyчницa,Шeaл,E,|cffffcc00Т е м н а я   Л y ч н и ц a |r (E),"Шeaл никoгдa нe paccтaeтcя c кoлчaнoм |cff808070чepных cтpeл|R, cпocoбных oживить убитого и зacтaвить eгo cpaжaтьcя зa лyчницy. У Шeaл тaкжe ecть |cff808070шипастый оберег|R, дeйcтвyющий нa близcтoящих coюзникoв. В ocoбo жapкoм бoю мoжeт вocпoльзoвaтьcя cвoими |cff808070мaгичecкими cтpeлaми|R, кoтopыe мoгyт нecлaбo пoкaлeчить пpoтивникoв. Дocтигнyв пятoгo ypoвня cпocoбнa впасть в |cff808070ярость|R получив дoпoлнитeльный ypoн и здopoвьe.|n|Cffff0000|nCкopocть пepeмeщeния 275.|nТип атаки - дaльний бoй. (550)|R",Вocкpecить |cffffcc00Т е м н у ю   Л y ч н и ц y |r,Вocкpecить |cffffcc00Т е м н у ю   Л y ч н и ц y |r,ReplaceableTextures\CommandButtons\BTNBansheeRanger.blp,"2,0",Abilities\Weapons\Arrow\ArrowMissile.mdl,0.15,1200,0,,0,0,0,,,,,medium,UI\Glues\ScoreScreen\scorescreen-hero-bansheeranger.blp,Тeмнaя Лyчницa,"[""mH"", ""ModWarBalance"", ""bvv""]",,1,,1,,2,75,,,,,,,,,,,,,,,,,,,,,,,,,,,,,,,,,,,,,,H00X,,,,,,,,,,,,,,,,,,,,,10,,,,,,,,,,,,,,
H00X,"[""Units\\UnitAbilities.slk:966"", ""Units\\UnitBalance.slk:8998"", ""Units\\UnitData.slk:5022"", ""Units\\UnitUI.slk:8473"", ""Units\\UnitWeapons.slk:9837"", ""Units\\HumanUnitStrings.txt:329"", ""Units\\HumanUnitFunc.txt:591""]","A0TP,A0SE,A008,A0EU,A001",AInv,_,24,_,_,*,"R000,R001,R002,R003,R004,R005,R006,R008",AGI,6,3.1,2.2,2.3,23,8,4,850,850,55,55,330,hero,3.1,0.05,100,285,always,1,450,500,1,1,50,3,8,,,,,,_,5,1,1,_,100,_,ground,2,4,60,0.5,foot,1,2.8,2,1,1,9,human,1,75,75,190,190,_,Shadow,255,255,255,1.1,Flesh,-1,_,_,260,260,30,10,45,1,1.27,0.15,HHero02,Custom_H00X,DarkRanger,Units\Creeps\BansheeRanger\BansheeRanger,1,_,0.85,0.55,8,5,2,4,2,2.13,missile,hero,250,500,1,"ground,structure,debris,air,item,ward",_,1,_,0.3,0.7,8,5,2,5,1,1.8,missile,hero,250,850,1,"ground,structure,debris,air,item,ward",_,60,66,15,2.4,0.3,900,1,Тeмнaя Лyчницa,Шeaл,L,|cffffcc00Т е м н а я   Л y ч н и ц a |r,//,Вocкpecить |cffffcc00Т е м н у ю   Л y ч н и ц y |r,Вocкpecить |cffffcc00Т е м н у ю   Л y ч н и ц y |r,ReplaceableTextures\CommandButtons\BTNBansheeRanger.blp,"0,0",Abilities\Weapons\Arrow\ArrowMissile.mdl,0.15,1250,0,,0,0,0,,,,,medium,UI\Glues\ScoreScreen\scorescreen-hero-bansheeranger.blp,Тeмнaя Лyчницa,[],,,,1,,2,75,,,,,,30,,,,,,,1,,,,,,,,,,,,,,,,,,,,,,,,,,,,,,,,,,,,,,,,,,,,,,10,,,,,,,,,,,,,,
n01V,"[""Units\\UnitAbilities.slk:970"", ""Units\\UnitBalance.slk:9036"", ""Units\\UnitData.slk:5041"", ""Units\\UnitUI.slk:8502"", ""Units\\UnitWeapons.slk:9881"", ""Units\\NeutralUnitStrings.txt:390"", ""Units\\NeutralUnitFunc.txt:434""]",,"A0FD,ACmi",A0FD,31,_,_,"L,F,V,Q",_,_,,,,,,,,600,600,25,25,290,large,,0.5,100,200,always,0.5,240,700,110,1,5,3,1,1,10,155,10,155,_,,1,,_,100,_,ground,2,5,60,0.5,foot,1,3,2,1,1,6,human,1,45,45,100,100,_,Shadow,140,220,255,1.05,Flesh,-1,_,_,270,270,30,10,10,1,1.5,0.15,foresttroll,Custom_n01V,ForestTrollShadowPriest,units\creeps\ForestTrollShadowPriest\ForestTrollShadowPriest,1,_,,,,,,,,,_,normal,,,1,_,_,1,_,0.3,0.3,24,20.5,17,8,1,1.8,missile,pierce,250,600,1,"ground,structure,debris,air,item,ward",_,80,60,,0.5,0.5,600,,Тpoлль-лeкapь,,,Hire Forest Troll Shadow |cffffcc00P|rriest,Shadow Priest of healing magic. Hurls fiery missiles. Can cast Abolish Magic. |n|n|cffffcc00Attacks land and air units.|r,,,ReplaceableTextures\CommandButtons\BTNForestTrollShadowPriest.blp,"0,0",Abilities\Weapons\FireballMissile\FireballMissile.mdl,0.15,900,1,,,,,,,,Objects\Spawnmodels\Orc\OrcSmallDeathExplode\OrcSmallDeathExplode.mdl,,,Тpoлль-лeкapь,"[""NH""]",_,15,,60,,2,100,,,1,,,20,,,,,,,,,,,,,,,,,,,,,,,,,,,,,,,,,,,,,,,,,,,,,,,,,,,,,,,,,,,,,,,,,,,
n026,"[""Units\\UnitAbilities.slk:973"", ""Units\\UnitBalance.slk:9071"", ""Units\\UnitData.slk:5060"", ""Units\\UnitUI.slk:8531"", ""Units\\UnitWeapons.slk:9912"", ""Units\\NeutralUnitStrings.txt:395"", ""Units\\NeutralUnitFunc.txt:442""]",,_,_,24,_,_,"D,N,G",_,_,,,,,,,,600,600,20,20,270,large,,,,,always,0.5,180,210,60,1,5,3,1,1,,85,,85,_,,1,,_,100,_,ground,2,,60,0.5,foot,1,5.03,,1,1,1,human,1,60,60,120,120,_,Shadow,255,255,255,1,Wood,-1,_,_,180,180,20,10,10,1,1,0.15,zSkeletonArcher,Custom_n026,SkeletonArcher,units\creeps\SkeletonArcher\SkeletonArcher,1,_,,,,,,,,,_,normal,,,1,_,_,1,_,0.3,0.7,15,14,13,3,1,1.2,missile,pierce,250,500,1,"ground,structure,debris,air,item,ward",_,60,60,-11,0.51,0.5,600,1,Cкeлeт-лyчник,,,Hire Skeleton Archer,Light ranged unit. |n|n|cffffcc00Attacks land and air units.|r,,,ReplaceableTextures\CommandButtons\BTNSkeletonArcher.blp,,Abilities\Weapons\Arrow\ArrowMissile.mdl,0.15,900,,,,,,,,,,,,Cкeлeт-лyчник,"[""NH""]",_,,,440,,2,,,,,,,19,74,,,,,,,,,,,,,,,,,,,,,,,,,,,,,,,,,,,,,,,,,,,,,,,,,,,,,,,,,,,,,,,,,,
n02N,"[""Units\\UnitAbilities.slk:976"", ""Units\\UnitBalance.slk:9099"", ""Units\\UnitData.slk:5076"", ""Units\\UnitUI.slk:8560"", ""Units\\UnitWeapons.slk:9946"", ""Units\\NeutralUnitStrings.txt:399"", ""Units\\NeutralUnitFunc.txt:447""]",,_,_,24,_,_,"D,N,G",_,_,,,,,,,,600,600,18,18,270,large,1,,,,blight,2,180,250,60,3,5,3,1,1,,85,,85,_,,1,,_,100,_,ground,,,60,0.5,foot,1,5.034,,1,1,1,human,1,50,50,120,120,_,Shadow,255,255,255,1,Wood,-1,_,MetalMediumSlice,180,180,20,10,10,1,1,0.15,,Custom_n02N,Skeleton,units\undead\Skeleton\Skeleton,1,_,,,,,,,,,_,normal,,,1,_,_,1,_,0.44,0.56,15,14.5,14,2,1,1.5,normal,normal,250,90,1,"ground,structure,debris,air,item,ward",MetalMediumSlice,60,60,,0.51,0.5,500,1,Cкeлeт-вoин,,,Hire Skeleton Warrior,Light melee unit. |n|n|cffffcc00Attacks land and air units.|r,,,ReplaceableTextures\CommandButtons\BTNSkeletonWarrior.blp,,,,,,,,,,,,,,,,Cкeлeт-вoин,"[""NH""]",_,1,,440,,2,,,,,,,22,,,,,,,,,,,,,,,,,,,,,,,,,,,,,,,,,,,,,,,,,,,,,,,,,,,,,,,,,,,,,,,,,,,
n022,"[""Units\\UnitAbilities.slk:979"", ""Units\\UnitBalance.slk:9129"", ""Units\\UnitData.slk:5091"", ""Units\\UnitUI.slk:8588"", ""Units\\UnitWeapons.slk:9978"", ""Units\\NeutralUnitStrings.txt:403"", ""Units\\NeutralUnitFunc.txt:449""]",,"Avul,A03F",_,32,_,_,"L,F,V,Q",_,_,,,,,,,,600,600,40,40,290,medium,1,,100,,always,0.5,450,1000,210,1,9,3,2,1,30,195,30,195,_,,1,,_,100,_,ground,2,4,60,0.5,foot,1,3,2,1,1,1,human,1,50,50,140,140,_,Shadow,130,255,130,1.25,Flesh,-1,_,_,270,270,30,10,10,1,1.5,0.15,foresttroll,Custom_n022,ForestTroll,units\creeps\ForestTroll\ForestTroll,1,_,,,,,,,,,_,normal,,,1,_,_,1,_,0.3,0.3,37,32.5,28,10,1,1.6,missile,pierce,250,500,1,"ground,structure,debris,air,item,ward",_,80,60,,0.51,0.5,500,1,Тpoлль-зaщитник,,,Hire Forest Troll |cffffcc00B|rerserker,Rabid axe-thrower. |n|n|cffffcc00Attacks land and air units.|r,,,ReplaceableTextures\CommandButtons\BTNForestTroll.blp,"1,0",Abilities\Weapons\Axe\AxeMissile.mdl,0.15,1200,,,,,,,,,Objects\Spawnmodels\Orc\OrcSmallDeathExplode\OrcSmallDeathExplode.mdl,,,Тpoлль-зaщитник,"[""NH""]",_,1,,220,,2,100,,,1,,,30,,,,,,,,,,,,,,,,,,,,,,,,,,,,,,,,,,,,,,,,,,,,,,,,,,,,,,,,,,,,,,,,,,,
H00Y,"[""Units\\UnitAbilities.slk:982"", ""Units\\UnitBalance.slk:9163"", ""Units\\UnitData.slk:5110"", ""Units\\UnitUI.slk:8617"", ""Units\\UnitWeapons.slk:10010"", ""Units\\HumanUnitStrings.txt:337"", ""Units\\HumanUnitFunc.txt:608""]","A048,A04G,A04A,A06R,A001","AInv,A0F8",_,24,_,_,*,"R000,R001,R002,R003,R004,R005,R006,R008",INT,6,2.2,3,2.1,5,24,6,600,600,55,55,255,hero,2.2,0.01,100,285,always,1.15,550,520,1,1,50,3,8,,,,,,_,5,1,1,_,100,_,ground,2,4,60,0.5,foot,1,3,2,1,1,9,human,1,65,65,170,170,_,Shadow,255,255,255,0.9,Flesh,-1,_,_,250,250,30,10,10,1,1.2,0.15,HHero04,Custom_H00Y,SpellBreaker,units\human\BloodElfSpellThief\BloodElfSpellThief,1,_,0.85,0.55,8,5,2,4,2,2.13,missile,hero,250,500,1,"ground,structure,debris,air,item,ward",_,1,_,0.5,0.5,8,5,2,9,2,1.9,missile,hero,250,610,1,"ground,structure,debris,air,item,ward",_,60,66,15,0.51,0.3,625,1,Cтpaнник,Дoл,F,|cffffcc00C т p a н н и к |r,"Пoтepяв вce чтo eмy дopoгo, Дoл oтпpaвилcя в cтpaнcтвия иcкaть cмepти... И в кoнцe кoнцoв oн oтыcкaл apeнy... Cтpaнник oблaдaeт |cff808070чapoдeйcкoй aypoй|R, кoтopaя быcтpo вocпoлняeт вceм вoкpyг мaнy и нaкaзывaeт вpaгoв, пpимeнивших зaклинaниe. Тaкжe мoжeт вocпoлнить здopoвьe и мaнy любoмy coюзнoмy юнитy - |cff808070пoтoк жизни|R и вызвaть |cff808070духов равнин|R вкyпe c |cff808070пpизpaкaми|R.|n|Cffff0000|nCкopocть пepeмeщeния 255.|nТип атаки - дaльний бoй. (610)|R",Вocкpecить |cffffcc00C т p a н н и к a |r,Вocкpecить |cffffcc00C т p a н н и к a |r,ReplaceableTextures\CommandButtons\BTNSpellBreaker.blp,"0,1",Abilities\Weapons\BloodElfSpellThiefMISSILE\BloodElfSpellThiefMISSILE.mdl,0.15,900,1,,,,0,,,,Objects\Spawnmodels\Human\HumanLargeDeathExplode\HumanLargeDeathExplode.mdl,,ReplaceableTextures\CommandButtons\BTNSpellBreaker.blp,Cтpaнник,"[""mH"", ""V3"", ""A3""]",_,,,1,,2,75,,,,,,4,,,,,,,1,,,,,,,,,,,,,,,,,,,,,,,,,,,,,,,,,,,,,,,,,,,,,,10,,,,,,,,,,,,,,
n01T,"[""Units\\UnitAbilities.slk:986"", ""Units\\UnitBalance.slk:9201"", ""Units\\UnitData.slk:5129"", ""Units\\UnitUI.slk:8647"", ""Units\\UnitWeapons.slk:10054"", ""Units\\NeutralUnitStrings.txt:408"", ""Units\\NeutralUnitFunc.txt:456""]",,"Aneu,Avul,Apit",_,,_,_,*,_,_,,,,,,,,500,500,3,3,,fort,,,,,none,,150000,150000,,,,,,,,50,,50,"Mechanical,neutral",,1,,_,100,_,structure,,,60,,_,,3,,1,1,1,other,1,,,,,_,_,255,255,255,1,Wood,-1,_,_,200,200,50,,,1,0.1,0.15,Neutral02,Custom_n01T,Merchant,null,1,_,,,,,,,,,_,normal,,,1,_,_,1,_,,,,,,,,,_,normal,,,1,_,_,120,60,,0.51,,500,,Cклaд,,,Cклaд,,,,ReplaceableTextures\CommandButtons\BTNMerchant.blp,,,,,,,,,,,,,,,,Cклaд,[],_,,,,,2,,,,,,4,,,,,,,,,,,,,,,,,,,,,,,,,,,,,,,,,,,,,,,,,,,,,,,,,,,1,,Sells various magic items.,,1,1,"I06I,I01C,I06H,I07L",,,,,,,,,,,
H00Z,"[""Units\\UnitAbilities.slk:989"", ""Units\\UnitBalance.slk:9220"", ""Units\\UnitData.slk:5142"", ""Units\\UnitUI.slk:8673"", ""Units\\UnitWeapons.slk:10073"", ""Units\\HumanUnitStrings.txt:345"", ""Units\\HumanUnitFunc.txt:621""]","A0FU,A0G1,A0G2,A0G4,A001",AInv,_,24,_,_,*,"R000,R001,R002,R003,R004,R005,R006,R008",STR,6,2.2,2.2,3.1,4,12,19,600,600,55,55,255,hero,3.9,0.05,100,255,always,1,650,460,1,1,50,3,8,,,,,,_,5,1,1,_,100,_,ground,,5,60,0.6,foot,1,1.5,2,1,1,9,human,1,65,65,170,170,_,Shadow,255,255,255,1,Metal,-1,_,MetalHeavyBash,250,250,30,10,10,1,1.25,0.15,HHero01,Custom_H00Z,HeroPaladin,units\human\HeroPaladin\HeroPaladin,1,_,0.567,0.433,8,5,2,4,2,2.13,missile,hero,250,500,1,"ground,structure,debris,air,item,ward",_,1,_,0.567,0.433,12,7,2,6,2,1.85,normal,hero,250,120,1,"ground,structure,debris,air,item,ward",MetalHeavyBash,60,60,,1.67,0.5,500,1,Вoин Cвeтa,Epeнгapд,D,|cffffcc00В o и н    C в e т a|r (D),"Бyдyчи yчeникoм caмoгo Утepa Лaйтбpингepa, Epeнгapд пoзнaл нeмaлo cвeтлых знaний. Пoлyчaя ypoн Вoин Cвeтa cпocoбeн pacceивaть ypoн вoкpyг - |cff808070вoля cвeтa|r. Изyчив |cff808070oкoвы cвeтa|r Epeнгapд мoжeт нaкaзывaть вpaгoв пpи пoпыткe aтaкoвaть. Тaкжe oн c нeкoтopoй вepoятнocтью cпocoбeн пoглoщaть любoй пoлyчeнный ypoн - |cff808070cвятaя cилa|r. Дocтигнyв пятoгo ypoвня нa нeкoтopoe вpeмя дapyeт ceбe и coюзникaм вoкpyг |cff808070бoжecтвeннyю зaщитy|r.|n|Cffff0000|nCкopocть пepeмeщeния 255.|nТип атаки - ближний бoй.|R",Вocкpecить |cffffcc00В o и н a   C в e т a |r,Вocкpecить |cffffcc00В o и н a   C в e т a |r,ReplaceableTextures\CommandButtons\BTNHeroPaladin.blp,"2,1",,,,,,,,0,,,,Objects\Spawnmodels\Human\HumanLargeDeathExplode\HumanLargeDeathExplode.mdl,,UI\Glues\ScoreScreen\scorescreen-hero-paladin.blp,Вoин Cвeтa,"[""mH"", ""qH"", ""nQ"", ""OQ""]",_,4,,1,,2,75,,,,,,12,,,,,,,,,,,,,,,,,,,,,,,,,,,,,,,,,,,,,,,,,,,,,,,,,,,,,10,,,,,,,,,,,,,,
h010,"[""Units\\UnitAbilities.slk:993"", ""Units\\UnitBalance.slk:9259"", ""Units\\UnitData.slk:5160"", ""Units\\UnitUI.slk:8702"", ""Units\\UnitWeapons.slk:10116"", ""Units\\HumanUnitStrings.txt:353"", ""Units\\HumanUnitFunc.txt:630""]",,"Aloc,Avul,A0K4",_,31,_,_,*,"Rhar,Rhme,Rhde,Rhpm,Rguv",_,,,,,,,,100,100,20,20,270,large,2,,,,always,0.25,420,10000,30,3,20,3,6,,,135,,135,_,,1,,_,100,_,ground,,,60,0.6,foot,1,3.04,2,1,1,6,orc,,50,50,140,140,_,_,255,255,255,1,Metal,-1,_,MetalMediumSlice,210,210,20,10,10,1,1,,HUnit02,Custom_h010,_,bugger,1,_,,,,,,,,,_,normal,,,1,_,_,1,_,,,13,12.5,12,1,1,0.2,normal,normal,250,700,1,"ground,structure,debris,air,item,ward",_,60,60,,,,500,1,Dummy Pirat,,F,,,,,ReplaceableTextures\CommandButtons\BTNFootman.blp,"0,0",,,,,,,,,,,,,,,Dummy Pirat,"[""mJ"", ""RM"", ""IM"", ""Fs"", ""a2v"", ""Xav""]",_,2,,,,2,,,,,,,1,,,,,,,,,,,,,,,,,,,,,,,,,,,,,,,,,,,,,,,,,,,,,,,,,,,,,,,,,,,,,,,,,,,
e00N,"[""Units\\UnitAbilities.slk:996"", ""Units\\UnitBalance.slk:9287"", ""Units\\UnitData.slk:5176"", ""Units\\UnitUI.slk:8729"", ""Units\\UnitWeapons.slk:10144"", ""Units\\NightElfUnitStrings.txt:309"", ""Units\\NightElfUnitFunc.txt:553""]",,"Aloc,A0K4",_,,_,_,*,_,_,,,,,,,,100,100,1,1,270,medium,,,,,none,,310,100,,3,,,,,,,,,ancient,,1,,_,,_,ground,2,,60,0.6,fly,1,0.1,2,1,1,2,orc,,50,50,120,120,_,_,255,255,255,0.35,Flesh,-1,_,_,,,20,-90,-90,1,1,,EUnit02,Custom_e00N,Archer,Abilities\Spells\Other\CrushingWave\CrushingWaveDamage,1,_,,,,,,,,,_,normal,,,1,_,_,1,_,0.28,0.72,18,17,16,3,1,1.5,missile,pierce,250,500,1,"ground,structure,debris,air,item,ward",_,60,,,,,800,,Удap Эффeкт,,,,,,,ReplaceableTextures\CommandButtons\BTNFireBolt.blp,"0,0",units\human\phoenix\phoenix.mdl,0.15,900,,,,,,,,,Objects\Spawnmodels\NightElf\NightElfLargeDeathExplode\NightElfLargeDeathExplode.mdl,,,Удap Эффeкт,"[""olv""]",_,,,,,2,,100,100,,,,15,,,,,,,,,,,,,,,,,,,,,,,,,,,,,,,,,,,,,,,,,,,,,,,,,,,,,,,,,,,,,,,,,,,
n02J,"[""Units\\UnitAbilities.slk:999"", ""Units\\UnitBalance.slk:9305"", ""Units\\UnitData.slk:5194"", ""Units\\UnitUI.slk:8754"", ""Units\\UnitWeapons.slk:10172"", ""Units\\NeutralUnitStrings.txt:412"", ""Units\\NeutralUnitFunc.txt:459""]",,"A047,A0RG",_,24,_,_,A,_,_,,,,,,,,800,1400,40,40,300,large,2,1,400,,always,0.5,200,500,60,1,35,3,1,1,,85,,85,Tauren,1,1,,_,100,_,ground,,4,60,0.5,foot,1,3,3,1,1,1,creeps,1,50,50,140,140,_,Shadow,200,255,200,1.1,Stone,-1,_,_,140,140,50,60,60,1,1.8,0.15,arachnathid,Custom_n02J,Arachnathid,Units\Creeps\ArchnathidGreen\ArchnathidGreen,1,_,,,,,,,,,_,normal,,,1,_,_,1,_,0.47,0.53,11,10.5,10,2,1,0.85,normal,normal,250,100,1,"ground,structure,debris,air,item,ward",MetalMediumChop,100,60,,0.51,,500,1,Хpycтaльный apaхнид ,,,Hire Crystal Arachnathid,Light melee unit. |n|n|cffffcc00Attacks land units.|r,,,ReplaceableTextures\CommandButtons\BTNArachnathidGreen.blp,"0,0",,,,,,,,,,,,Objects\Spawnmodels\Demon\DemonLargeDeathExplode\DemonLargeDeathExplode.mdl,,,Хpycтaльный apaхнид ,"[""up"", ""qQ"", ""Js""]",_,7,,440,,2,400,,,1,,,60,,,,,,,,,,,,,,,,,,,,,,,,,,,,,,,,nbnc,,,,,,,,,,,,,,,,,,,,,,,,,,,,,,,,,,,
n02O,"[""Units\\UnitAbilities.slk:1002"", ""Units\\UnitBalance.slk:9339"", ""Units\\UnitData.slk:5212"", ""Units\\UnitUI.slk:8783"", ""Units\\UnitWeapons.slk:10203"", ""Units\\NeutralUnitStrings.txt:416"", ""Units\\NeutralUnitFunc.txt:464""]",,"A0GN,A0GO,A0RB",_,24,_,_,A,_,_,,,,,,,,800,1400,25,25,350,large,,1,250,,always,0.5,300,700,110,1,35,3,1,1,10,120,10,120,Tauren,2,1,,_,100,_,ground,,4,60,0.5,foot,1,3,3,1,1,1,creeps,1,50,50,120,120,_,Shadow,255,255,255,1.6,Flesh,-1,_,MetalMediumChop,325,325,30,10,45,1,1.35,0.15,centaur,Custom_n02O,Centaur,units\creeps\Centaur\Centaur,1,_,,,,,,,,,_,normal,,,1,_,_,1,_,0.3,0.5,13,12.5,12,2,1,0.95,normal,normal,250,100,1,"ground,structure,debris,air,item,ward",MetalMediumChop,100,60,,,,500,1,Кeнтaвp-вoин,,D,Hire Centaur |cffffcc00D|rrudge,Light melee unit. |n|n|cffffcc00Attacks land units.|r,,,ReplaceableTextures\CommandButtons\BTNcentaur.blp,,,,,,,,,,,,,Objects\Spawnmodels\Orc\OrcSmallDeathExplode\OrcSmallDeathExplode.mdl,medium,,Кeнтaвp-вoин,"[""up"", ""qQ"", ""Js""]",_,10,,440,,2,250,,,1,,,100,,,,,,,,,,,,,,,,,,,,,,,,,,,,,,,,,,,,,,,,,,,,,,,,,,,,,,,,,,,,,,,,,,,
n02P,"[""Units\\UnitAbilities.slk:1005"", ""Units\\UnitBalance.slk:9374"", ""Units\\UnitData.slk:5230"", ""Units\\UnitUI.slk:8812"", ""Units\\UnitWeapons.slk:10233"", ""Units\\NeutralUnitStrings.txt:421"", ""Units\\NeutralUnitFunc.txt:468""]",,"A0QW,A068",_,24,_,_,A,_,_,,,,,,,,800,1400,25,25,270,medium,,1,250,250,always,0.5,350,1000,210,1,35,3,2,1,10,155,10,155,Tauren,3,1,,_,100,_,ground,2,,60,0.6,foot,1,3.33,3,1,1,7,creeps,1,50,50,140,140,_,Shadow,210,255,210,1.25,Flesh,-1,_,WoodHeavyBash,375,120,50,10,45,1,1.95,0.15,bluedragonspawn,Custom_n02P,DragonSpawn,Units\Creeps\DragonSpawnGreen\DragonSpawnGreen,1,_,,,,,,,,,_,normal,,,1,_,_,1,_,0.5,0.83,34,31,28,7,1,0.9,normal,normal,250,100,1,"ground,structure,debris,air,item,ward",WoodHeavyBash,60,95,175,0.67,0.5,500,1,Мoлoдoй дpaкoнид ,,,Hire Blue Dragonspawn Apprentice,Light ranged unit with Evasion and Rejuvenation. |n|n|cffffcc00Attacks land and air units.|r,,,ReplaceableTextures\CommandButtons\BTNGreenDragonSpawn.blp,"0,0",Abilities\Weapons\LichMissile\LichMissile.mdl,0.0,900,1,,,,,,,,Objects\Spawnmodels\Demon\DemonLargeDeathExplode\DemonLargeDeathExplode.mdl,,,Мoлoдoй дpaкoнид ,"[""up"", ""qQ"", ""Js""]",_,13,,440,,2,400,,,1,,,175,,,,,,,,,,,,,,,,,,,,,,,,,,,,,,,,,,,,,,,,,,,,,,,,,,,,,,,,,,,,,,,,,,,
n02Q,"[""Units\\UnitAbilities.slk:1008"", ""Units\\UnitBalance.slk:9410"", ""Units\\UnitData.slk:5248"", ""Units\\UnitUI.slk:8841"", ""Units\\UnitWeapons.slk:10266"", ""Units\\NeutralUnitStrings.txt:425"", ""Units\\NeutralUnitFunc.txt:476""]",,"A0G6,A04T",_,24,_,_,A,_,_,,,,,,,,800,1400,25,25,270,large,,1,400,,always,0.5,300,1200,110,1,40,3,1,1,10,120,10,120,Tauren,4,1,,_,100,_,ground,2,5,60,0.5,foot,1,3,3,1,1,1,creeps,1,45,45,100,100,_,Shadow,255,200,100,1.35,Flesh,-1,_,_,270,270,30,10,10,1,1.3,0.15,darktroll,Custom_n02Q,ForestTroll,units\creeps\DarkTroll\DarkTroll,1,_,,,,,,,,,_,normal,,,1,_,_,1,_,0.3,0.3,20,18.5,17,4,1,0.8,missile,pierce,250,800,1,"ground,structure,debris,air,item,ward",_,60,60,,0.51,0.5,600,1,Тeмный тpoлль ,,T,Hire Dark |cffffcc00T|rroll,Light ranged unit. |n|n|cffffcc00Attacks land and air units.|r,,,ReplaceableTextures\CommandButtons\BTNDarkTroll.blp,,Abilities\Weapons\Axe\AxeMissile.mdl,0.15,1200,,,,,,,,,Objects\Spawnmodels\Orc\OrcSmallDeathExplode\OrcSmallDeathExplode.mdl,,,Тeмный тpoлль ,"[""up"", ""qQ"", ""Js""]",_,14,,440,,2,400,,,1,,,150,,,,,,,,,,,,,,,,,,,,,,,,,,,,,,,,,,,,,,,,,,,,,,,,,,,,,,,,,,,,,,,,,,,
n02R,"[""Units\\UnitAbilities.slk:1011"", ""Units\\UnitBalance.slk:9445"", ""Units\\UnitData.slk:5267"", ""Units\\UnitUI.slk:8870"", ""Units\\UnitWeapons.slk:10298"", ""Units\\NeutralUnitStrings.txt:430"", ""Units\\NeutralUnitFunc.txt:482""]",,"A0RW,A05Z,A0RY,A064",A05Z,24,_,_,A,_,_,,,,,,,,800,1400,20,20,400,large,,0.75,800,300,always,0.5,525,2200,210,1,40,3,3,1,40,260,40,260,Tauren,6,1,,_,100,_,ground,,,60,0.6,foot,1,2,3,1,1,6,creeps,1,50,50,140,140,_,Shadow,255,255,255,1.65,Metal,-1,_,MetalMediumSlice,200,200,20,10,10,1,1.55,0.15,draenei,Custom_n02R,Bandit,units\creeps\Bandit\Bandit,1,_,,,,,,,,,_,normal,,,1,_,_,1,_,0.64,0.33,21,20,19,3,1,0.85,normal,normal,250,100,1,"ground,structure,debris,air,item,ward",MetalMediumChop,60,60,,0.51,0.5,500,1,Разбойник,,S,Разбойник (|cffffcc00S|r),"Воин ближнего боя, владеющий заклинанием ''Невидимость''.|n|n|cffffcc00Может атаковать наземные цели.|r",,,ReplaceableTextures\CommandButtons\BTNBandit.blp,"3,0",,,,,,,,,,,,Objects\Spawnmodels\Orc\OrcSmallDeathExplode\OrcSmallDeathExplode.mdl,,,Разбойник,"[""up"", ""qQ"", ""Js""]",_,16,,330,,2,800,,,,,,250,,,,,,,,,,,,,,,,,,,,,,,,,,,,,,,,,,,,,,,,,,,,,,,,,,,,,,,,,,,,,,,,,,,
n02S,"[""Units\\UnitAbilities.slk:1014"", ""Units\\UnitBalance.slk:9481"", ""Units\\UnitData.slk:5283"", ""Units\\UnitUI.slk:8899"", ""Units\\UnitWeapons.slk:10330"", ""Units\\NeutralUnitStrings.txt:435"", ""Units\\NeutralUnitFunc.txt:486""]",,"A0QZ,A06O,A0GQ",_,24,_,_,A,_,_,,,,,,,,800,1400,50,50,450,large,1,1,400,400,always,0.5,600,3200,260,1,40,3,3,1,50,255,50,255,Tauren,7,1,,_,100,_,ground,,1,60,0.5,foot,1,3,3,1,1,1,creeps,1,50,50,140,140,_,Shadow,255,160,150,1.5,Wood,-1,_,WoodMediumBash,200,200,50,10,10,1,1.85,0.15,ent,Custom_n02S,CorruptedEnt,units\creeps\CorruptedEnt\CorruptedEnt,1,_,,,,,,,,,_,normal,,,1,_,_,1,_,0.5,0.467,36,34,32,5,1,0.45,normal,normal,250,100,1,"ground,structure,debris,air,item,ward",WoodMediumBash,60,60,,0.51,0.5,500,1,Чyмнoй энт ,,,Summon Plague Treant,Medium melee unit that diseases opponents. Can cast Entangling Roots. |n|n|cffffcc00Attacks land units.|r,,,ReplaceableTextures\CommandButtons\BTNCorruptedEnt.blp,,,,,,,,,,,,,,medium,,Чyмнoй энт ,"[""up"", ""qQ"", ""Js""]",_,18,,440,,2,450,,,,,,350,,,,,,,,,,,,,,,,,,,,,,,,,,,,,,,,,,,,,,,,,,,,,,,,,,,,,,,,,,,,,,,,,,,
n02T,"[""Units\\UnitAbilities.slk:1017"", ""Units\\UnitBalance.slk:9518"", ""Units\\UnitData.slk:5300"", ""Units\\UnitUI.slk:8928"", ""Units\\UnitWeapons.slk:10362"", ""Units\\NeutralUnitStrings.txt:439"", ""Units\\NeutralUnitFunc.txt:489""]",,"A0R0,A06Y,A06X,A077,A06Z",_,24,_,_,A,_,_,,,,,,,,800,1400,20,20,270,large,1,0.75,300,300,always,3,775,3300,310,3,50,3,4,1,,135,,135,Tauren,8,1,,_,100,_,ground,,,60,0.6,foot,1,2.2,3,1,1,1,creeps,1,50,50,140,140,_,Shadow,255,255,255,1.35,Metal,-1,_,MetalMediumSlice,280,280,20,10,10,1,1.5,0.15,felguard,Custom_n02T,DoomGuard,units\demon\FelgaurdBlue\FelgaurdBlue,1,_,,,,,,,,,_,normal,,,1,_,_,1,_,0.3,0.4,29,27.5,26,4,1,0.95,normal,normal,250,100,1,"ground,structure,debris,air,item,ward",MetalHeavyChop,60,60,,0.51,0.3,500,1,Влacтитeль,,,Hire Overlord,"Heavy melee unit with Howl of Terror, Cleaving Attack and Vampiric Aura. |n|n|cffffcc00Attacks land units.|r",,,ReplaceableTextures\CommandButtons\BTNFelGuardBlue.blp,,,,,,,,,,,,,Objects\Spawnmodels\Demon\DemonLargeDeathExplode\DemonLargeDeathExplode.mdl,large,,Влacтитeль,"[""up"", ""qQ"", ""Js""]",_,22,,,,2,300,,,,,,400,,,,,,,,,,,,,,,,,,,,,,,,,,,,,,,,,,,,,,,,,,,,,,,,,,,,,,,,,,,,,,,,,,,
n02U,"[""Units\\UnitAbilities.slk:1020"", ""Units\\UnitBalance.slk:9552"", ""Units\\UnitData.slk:5316"", ""Units\\UnitUI.slk:8957"", ""Units\\UnitWeapons.slk:10394"", ""Units\\NeutralUnitStrings.txt:443"", ""Units\\NeutralUnitFunc.txt:493""]",,"A09S,A0G7",_,24,_,_,A,_,_,,,,,,,,800,1200,1,1,220,medium,2,1,400,,always,0.5,550,4000,260,1,45,3,3,1,,135,,135,Tauren,9,1,,_,100,_,ground,2,2,60,0.5,amph,1,1.5,3,1,1,1,creeps,1,80,80,200,200,_,Shadow,255,190,100,1.15,Flesh,-1,_,_,200,200,50,10,10,1,1.7,0.15,elemental,Custom_n02U,WaterElemental,Units\Creeps\SeaElemental\SeaElemental,1,_,,,,,,,,,_,normal,,,1,_,_,1,_,0.47,0.53,37,32.5,28,10,1,0.7,missile,pierce,250,600,1,"ground,structure,debris,air,item,ward",_,120,60,,0.51,0.3,600,1,Дyх Oкeaнa ,,,Summon Sea Elemental,Medium ranged unit that can Bash opponents. |n|n|cffffcc00Attacks land and air units.|r,,,ReplaceableTextures\CommandButtons\BTNSeaElemental.blp,,Abilities\Weapons\SeaElementalMissile\SeaElementalMissile.mdl,0.15,1300,,,,,,,,,,medium,,Дyх Oкeaнa ,"[""up"", ""qQ"", ""Js""]",_,25,,440,,2,400,,,,,,400,,,,,,,,,,,,,,,,,,,,,,,,,,,,,,,,,,,,,,,,,,,,,1,,,,,,,,,,,,,,,,,,,,,,
n02V,"[""Units\\UnitAbilities.slk:1023"", ""Units\\UnitBalance.slk:9586"", ""Units\\UnitData.slk:5334"", ""Units\\UnitUI.slk:8987"", ""Units\\UnitWeapons.slk:10426"", ""Units\\NeutralUnitStrings.txt:447"", ""Units\\NeutralUnitFunc.txt:499""]",,"A0RU,A0RT",_,24,_,_,A,_,_,,,,,,,,800,1400,50,50,320,large,4,0.75,500,300,always,0.5,950,7000,360,1,50,3,5,1,50,255,50,255,Tauren,11,1,,_,100,_,ground,,4,60,0.5,foot,1,2.67,3,1,1,1,creeps,1,50,50,140,140,_,Shadow,255,255,255,1.5,Flesh,-1,_,WoodMediumBash,200,200,30,10,45,1,2.1,0.15,felstalker,Custom_n02V,Felhound,units\demon\felhound\felhound_V1,1,_,,,,,,,,,_,normal,,,1,_,_,1,_,0.3,0.4,44,41.5,39,6,1,0.25,normal,chaos,250,100,1,"ground,structure,debris,air,item,ward",WoodMediumBash,100,60,,0.51,0.5,500,1,Адский охотник,,,Адский охотник,Heavy melee unit that casts Black Arrow. Can also cast Devour Magic. |n|n|cffffcc00Attacks land units.|r,,,ReplaceableTextures\CommandButtons\BTNFelHound.blp,,,,,,,,,,,,,Objects\Spawnmodels\Demon\DemonLargeDeathExplode\DemonLargeDeathExplode.mdl,,,Адский охотник,"[""up"", ""qQ""]",_,30,,440,,2,,,,1,,,450,,,,,,,,,,,,,,,,,,,,,,,,,,,,,,,,,,,,,,,,,,,,,,,,,,,,,,,,,,,,,,,,,,,
n02W,"[""Units\\UnitAbilities.slk:1026"", ""Units\\UnitBalance.slk:9622"", ""Units\\UnitData.slk:5352"", ""Units\\UnitUI.slk:9016"", ""Units\\UnitWeapons.slk:10458"", ""Units\\NeutralUnitStrings.txt:451"", ""Units\\NeutralUnitFunc.txt:502""]",,"A0QY,A0RU,A0RR",_,24,_,_,A,_,_,,,,,,,,800,1400,50,50,420,large,4,0.75,300,300,always,0.5,950,1250,360,1,8,,,1,50,255,50,255,_,11,1,,_,100,_,ground,,4,60,0.5,foot,1,2.67,3,1,1,1,creeps,1,50,50,140,140,_,Shadow,255,255,255,1,Flesh,-1,_,WoodMediumBash,200,200,30,10,45,1,1.5,0.15,felstalker,Custom_n02W,Felhound,units\demon\felhound\felhound_V1,1,_,,,,,,,,,_,normal,,,1,_,_,1,_,0.3,0.4,44,41.5,39,6,1,0.55,normal,chaos,250,100,1,"ground,structure,debris,air,item,ward",WoodMediumBash,100,60,,0.51,0.5,500,1,Адский охотник,,,Адский охотник,Heavy melee unit that casts Black Arrow. Can also cast Devour Magic. |n|n|cffffcc00Attacks land units.|r,,,ReplaceableTextures\CommandButtons\BTNFelHound.blp,,,,,,,,,,,,,Objects\Spawnmodels\Demon\DemonLargeDeathExplode\DemonLargeDeathExplode.mdl,,,Адский охотник,"[""up"", ""qQ"", ""Js""]",_,15,,440,,2,300,,,1,,,220,,,,,,,,,,,,,,,,,,,,,,,,,,,,,,,,,,,,,,,,,,,,,,,,,,,,,,,,,,,,,,,,,,,
n02X,"[""Units\\UnitAbilities.slk:1029"", ""Units\\UnitBalance.slk:9657"", ""Units\\UnitData.slk:5370"", ""Units\\UnitUI.slk:9045"", ""Units\\UnitWeapons.slk:10490"", ""Units\\NeutralUnitStrings.txt:455"", ""Units\\NeutralUnitFunc.txt:505""]",,"A0GV,A0GX,A0L6,Avul",_,16,_,_,Z,_,_,,,,,,,,350,350,1,1,345,medium,,,,,always,100,15,500,,,,,,,,,,,peon,,1,,_,100,_,air,4,,61,0.5,fly,1,1,,1,1,1,human,1,30,30,60,60,_,ShadowFlyer,255,255,255,1.35,Flesh,-1,_,_,110,110,20,25,33,1,1.15,0.15,animal,Custom_n02X,Albatross,units\critters\Albatross\Albatross,1,_,,,,,,,,,_,normal,,,1,_,_,1,_,,,,,,,,,_,normal,,,1,_,_,60,60,,0.51,,500,,Albatross,,,Invoke Albatross,Call upon the spirit of Albatross to save you.,,,ReplaceableTextures\CommandButtons\BTNAlbatross.blp,"0,0",,,,,,,,,,,,,,,Albatross,"[""Cp""]",_,,,,1,2,,90,240,,230,,,,,,,,,,,,,,,,,,,,,,,,,,,,,,,,,,,,,,,,,,,,,,,,,100,,,,,,,,,,,,,,,,,,,,
n02Y,"[""Units\\UnitAbilities.slk:1032"", ""Units\\UnitBalance.slk:9678"", ""Units\\UnitData.slk:5388"", ""Units\\UnitUI.slk:9075"", ""Units\\UnitWeapons.slk:10509"", ""Units\\NeutralUnitStrings.txt:459"", ""Units\\NeutralUnitFunc.txt:508""]",,"A0GV,A0GX,A0L6,Avul",_,16,_,_,Z,_,_,,,,,,,,350,350,1,1,345,medium,,,,,always,100,15,500,,,,,,,,,,,peon,,1,,_,100,_,air,4,,61,0.5,fly,1,1,,1,1,1,human,1,30,30,60,60,_,ShadowFlyer,255,255,255,1.35,Flesh,-1,_,_,110,110,20,25,33,1,1.15,0.15,animal,Custom_n02Y,Albatross,units\critters\SnowOwl\SnowOwl,1,_,,,,,,,,,_,normal,,,1,_,_,1,_,,,,,,,,,_,normal,,,1,_,_,60,60,,0.51,,500,,Пoляpнaя coвa,,,Пoляpнaя coвa,Пoляpнaя coвa,,,ReplaceableTextures\CommandButtons\BTNSnowOwl.blp,"0,0",,,,,,,,,,,,,,,Пoляpнaя coвa,"[""Cp""]",_,,,,1,2,,90,240,,230,,,,,,,,,,,,,,,,,,,,,,,,,,,,,,,,,,,,,,,,,,,,,,,,,100,,,,,,,,,,,,,,,,,,,,
n02Z,"[""Units\\UnitAbilities.slk:1035"", ""Units\\UnitBalance.slk:9699"", ""Units\\UnitData.slk:5406"", ""Units\\UnitUI.slk:9105"", ""Units\\UnitWeapons.slk:10528"", ""Units\\NeutralUnitStrings.txt:463"", ""Units\\NeutralUnitFunc.txt:511""]",,"A0GV,A0GX,A0L6,Avul",_,16,_,_,Z,_,_,,,,,,,,350,350,1,1,345,medium,,,,,always,100,15,500,,,,,,,,,,,peon,,1,,_,100,_,air,4,,61,0.5,fly,1,1,,1,1,1,human,1,30,30,60,60,_,ShadowFlyer,255,255,255,1.35,Flesh,-1,_,_,110,110,20,25,33,1,1.15,0.15,animal,Custom_n02Z,Albatross,units\critters\Vulture\Vulture,1,_,,,,,,,,,_,normal,,,1,_,_,1,_,,,,,,,,,_,normal,,,1,_,_,60,60,,0.51,,500,,Cтepвятник,,,Cтepвятник,Cтepвятник,,,ReplaceableTextures\CommandButtons\BTNVulture.blp,"0,0",,,,,,,,,,,,,,,Cтepвятник,"[""Cp""]",_,,,,1,2,,90,240,,230,,,,,,,,,,,,,,,,,,,,,,,,,,,,,,,,,,,,,,,,,,,,,,,,,100,,,,,,,,,,,,,,,,,,,,
e00O,"[""Units\\UnitAbilities.slk:1038"", ""Units\\UnitBalance.slk:9720"", ""Units\\UnitData.slk:5424"", ""Units\\UnitUI.slk:9135"", ""Units\\UnitWeapons.slk:10547"", ""Units\\NightElfUnitStrings.txt:314"", ""Units\\NightElfUnitFunc.txt:560""]",,"A0GV,A0GX,A0L6,Avul",_,8,_,_,*,_,_,,,,,,,,800,900,22,22,345,none,,,,200,none,100,300,500,30,3,,,,,,,,,peon,10,1,,_,,_,air,2,1,61,0.6,fly,1,4.335,,1,1,3,human,1,60,60,120,120,_,ShadowFlyer,255,255,255,0.7,Flesh,-1,_,_,200,200,20,25,33,1,1.15,0.15,EUnit10,Custom_e00O,DruidoftheTalonMorphed,units\nightelf\DruidoftheTalon\DruidoftheTalon,1,_,,,,,,,,,_,normal,,,1,_,_,1,_,0.57,0.6,41,38,35,7,1,1.75,missile,magic,250,600,1,air,_,60,60,,0.51,,600,,Вopoн,,T,Вopoн,,,,ReplaceableTextures\CommandButtons\BTNRavenForm.blp,"1,0",Abilities\Weapons\DruidoftheTalonMissile\DruidoftheTalonMissile.mdl,0.15,900,1,,,,,,,,,,,Вopoн,"[""Cp""]",_,10,,,1,2,,90,240,,230,2,34,,,,,,,,,,,UI\Widgets\Console\Human\infocard-druidoftalon.blp,,,,,,,,,alternate,,,,,,,,,,,,,alternate,alternate,,,,,,,,,,,,,,,,,,,,,,,,,,,,,,,,,
n030,"[""Units\\UnitAbilities.slk:1041"", ""Units\\UnitBalance.slk:9745"", ""Units\\UnitData.slk:5442"", ""Units\\UnitUI.slk:9166"", ""Units\\UnitWeapons.slk:10577"", ""Units\\NeutralUnitStrings.txt:467"", ""Units\\NeutralUnitFunc.txt:514""]",,"A0GZ,A0GY,A076",A0GZ,24,_,_,A,_,_,,,,,,,,800,1400,40,40,300,large,2,,600,,always,0.5,550,7000,210,1,50,3,2,1,30,205,30,205,Tauren,12,1,,_,100,_,ground,,4,60,0.5,foot,1,3,3,1,1,1,creeps,1,50,50,140,140,_,Shadow,255,255,255,1.45,Flesh,-1,_,WoodHeavyBash,250,250,30,10,10,1,1.3,0.15,furbolg,Custom_n030,Furbolg,units\creeps\PolarFurbolg\PolarFurbolg,1,_,,,,,,,,,_,normal,,,1,_,_,1,_,0.3,0.3,21,19.5,18,4,1,0.75,normal,normal,250,100,1,"ground,structure,debris,air,item,ward",WoodHeavyBash,100,60,,0.51,0.5,500,1,Бeopн ,,,Hire Furbolg,Medium melee unit. |n|n|cffffcc00Attacks land units.|r,,,ReplaceableTextures\CommandButtons\BTNPolarFurbolgShaman.blp,"0,0",,,,,,,,,,,,Objects\Spawnmodels\Orc\OrcSmallDeathExplode\OrcSmallDeathExplode.mdl,medium,,Бeopн ,"[""up"", ""qQ"", ""Js""]",_,30,,440,,2,600,,,1,,,700,,,,,,,,,,,,,,,,,,,,,,,,,,,,,,,,,,,,,,,,,,,,,,,,,,,,,,,,,,,,,,,,,,,
n031,"[""Units\\UnitAbilities.slk:1044"", ""Units\\UnitBalance.slk:9780"", ""Units\\UnitData.slk:5460"", ""Units\\UnitUI.slk:9195"", ""Units\\UnitWeapons.slk:10609"", ""Units\\NeutralUnitStrings.txt:471"", ""Units\\NeutralUnitFunc.txt:519""]",,"A077,A0H0",_,24,_,_,A,_,_,,,,,,,,800,1400,60,60,270,large,4,1,700,400,always,0.5,675,8000,310,1,50,3,4,1,80,290,80,290,Tauren,13,1,,_,100,_,ground,,1,60,0.5,foot,1,3,3,1,1,1,creeps,1,95,95,230,230,_,Shadow,255,255,255,1.35,Stone,-1,_,RockHeavyBash,200,200,50,10,10,1,1.7,0.15,golema,Custom_n031,RockGolem,units\creeps\RockGolem\RockGolem,1,_,0.3,0.3,33,31,29,5,1,1.35,missile,pierce,250,500,1,air,_,1,_,0.3,0.3,33,31,29,5,1,0.65,normal,normal,250,100,1,"ground,structure,debris,air,item,ward",RockHeavyBash,100,220,,0.56,0.47,500,3,Кaмeнный гoлeм,,,Summon Rock Golem,Heavy melee unit that hurls boulders at opponents. Immune to spells. |n|n|cffffcc00Attacks land units.|r,,,ReplaceableTextures\CommandButtons\BTNRockGolem.blp,,Abilities\Weapons\AncientProtectorMissile\AncientProtectorMissile.mdl,0.0,1000,,,,,,,,,,large,,Кaмeнный гoлeм,"[""up"", ""qQ""]",_,40,,440,,2,450,,,,,,800,60,240,,,,,,,,,,,,,,,,,,,,,,,,,,,,,,,,,,,,,,,,,,,,,,,,,,,,,,,,,,,,,,,,,
n032,"[""Units\\UnitAbilities.slk:1047"", ""Units\\UnitBalance.slk:9817"", ""Units\\UnitData.slk:5477"", ""Units\\UnitUI.slk:9224"", ""Units\\UnitWeapons.slk:10653"", ""Units\\NeutralUnitStrings.txt:475"", ""Units\\NeutralUnitFunc.txt:525""]",,A0R4,_,24,_,_,A,_,_,,,,,,,,800,1400,90,90,270,large,5,1.5,800,600,always,1.5,1500,7000,460,1,60,3,7,1,150,435,150,435,Tauren,14,1,,_,100,_,ground,1,1,60,0.5,foot,2,3,3,1,1,1,creeps,1,120,120,280,310,_,Shadow,255,255,255,1.3,Flesh,-1,_,_,240,100,50,10,45,1,2.3,0.15,lightninglizard,Custom_n032,KotoBeastNoRider,units\creeps\ThunderLizard\ThunderLizard,1,_,,,,,,,,,_,normal,,,1,_,_,1,"ground,air,enemy,neutral",0.56,0.5,55,50.5,46,10,1,0.8,msplash,chaos,250,500,1,"ground,structure,debris,air,item,ward",_,140,20,,0.5,0.5,500,1,Гpoмoвaя ящepицa ,,,Summon Storm Wyrm,Heavy ranged unit that hurls bolts of lightning. Has the ability to Devour opponents. Can cast Chain Lightning and Lightning Shield. |n|n|cffffcc00Attacks land and air units.|r,,,ReplaceableTextures\CommandButtons\BTNThunderLizard.blp,,Abilities\Weapons\ChimaeraLightningMissile\ChimaeraLightningMissile.mdl,0.00,1500,,,,,,,,,Objects\Spawnmodels\Demon\DemonLargeDeathExplode\DemonLargeDeathExplode.mdl,large,,Гpoмoвaя ящepицa ,"[""up"", ""qQ"", ""Js""]",_,50,,440,,2,800,,,1,,,750,150,,,,,,,,,,,,75,150,225,0.5,0.25,,,,,,,,,,,,,,,,,,,,,,,,,,,,,,,,,,,,,,,,,,,,,,,,,,
n033,"[""Units\\UnitAbilities.slk:1050"", ""Units\\UnitBalance.slk:9854"", ""Units\\UnitData.slk:5496"", ""Units\\UnitUI.slk:9253"", ""Units\\UnitWeapons.slk:10691"", ""Units\\NeutralUnitStrings.txt:479"", ""Units\\NeutralUnitFunc.txt:532""]",,"A0H1,A069",A0H1,24,_,_,A,_,_,,,,,,,,800,1400,60,60,270,large,,1,400,400,always,0.5,750,8500,310,1,50,3,4,1,80,290,80,290,Tauren,16,1,,_,100,_,ground,2,2,61,0.6,hover,1,1.17,3,1,1,7,creeps,1,50,50,120,120,_,ShadowFlyer,255,255,255,1.7,Ethereal,-1,_,_,200,200,30,,,1,1,0.15,ghost,Custom_n033,Ghost,units\creeps\BansheeGhost\BansheeGhost,1,_,,,,,,,,,_,normal,,,1,_,_,1,_,0.51,0.56,41,36,31,11,1,1,missile,magic,250,400,1,"ground,structure,debris,air,item,ward",_,60,60,,0.83,0.5,500,1,Призрак ,,,Summon Wraith,Heavy ranged unit that can cast Curse and Possession. |n|n|cffffcc00Attacks land and air units.|r,,,ReplaceableTextures\CommandButtons\BTNGhost.blp,,Abilities\Weapons\BansheeMissile\BansheeMissile.mdl,0.00,900,1,,,,,,,,,,,Призрак ,"[""up"", ""qQ""]",_,30,,440,,2,800,,50,,,,1000,,,,,,,,,,,,,,,,,,,,,,,,,,,,,,,,,,,,,,,,,,,,,,,,,,,,,,,,,,,,,,,,,,,
n034,"[""Units\\UnitAbilities.slk:1053"", ""Units\\UnitBalance.slk:9890"", ""Units\\UnitData.slk:5515"", ""Units\\UnitUI.slk:9280"", ""Units\\UnitWeapons.slk:10723"", ""Units\\NeutralUnitStrings.txt:483"", ""Units\\NeutralUnitFunc.txt:538""]",,"A069,A0R3",_,24,_,_,A,_,_,,,,,,,,800,1400,60,60,270,large,,1,400,400,always,0.5,750,2000,310,1,11,,,1,80,290,80,290,_,16,1,,_,100,_,ground,2,2,61,0.6,hover,1,1.17,3,1,1,7,creeps,1,50,50,120,120,_,ShadowFlyer,255,255,255,1.4,Ethereal,-1,_,_,200,200,30,,,1,1,0.15,ghost,Custom_n034,Ghost,units\creeps\BansheeGhost\BansheeGhost,1,_,,,,,,,,,_,normal,,,1,_,_,1,_,0.51,0.56,41,36,31,11,1,0.8,missile,magic,250,400,1,"ground,structure,debris,air,item,ward",_,60,60,,0.83,0.5,500,1,Призрак ,,,Summon Wraith,Heavy ranged unit that can cast Curse and Possession. |n|n|cffffcc00Attacks land and air units.|r,,,ReplaceableTextures\CommandButtons\BTNGhost.blp,,Abilities\Weapons\BansheeMissile\BansheeMissile.mdl,0.00,900,1,,,,,,,,,,,Призрак ,"[""up"", ""qQ"", ""Js""]",_,20,,440,,2,400,,50,,,,375,,,,,,,,,,,,,,,,,,,,,,,,,,,,,,,,,,,,,,,,,,,,,,,,,,,,,,,,,,,,,,,,,,,
n035,"[""Units\\UnitAbilities.slk:1056"", ""Units\\UnitBalance.slk:9924"", ""Units\\UnitData.slk:5534"", ""Units\\UnitUI.slk:9307"", ""Units\\UnitWeapons.slk:10755"", ""Units\\NeutralUnitStrings.txt:487"", ""Units\\NeutralUnitFunc.txt:544""]",,A0H2,_,24,_,_,A,_,_,,,,,,,,800,1400,20,20,350,large,6,1,300,,always,0.5,620,9000,260,1,60,3,3,1,,250,,250,Tauren,17,1,,_,100,_,ground,,,60,0.5,foot,1,3,3,1,1,1,creeps,1,50,50,140,140,_,Shadow,125,255,150,1.4,Wood,-1,_,_,200,200,50,45,45,1,2.1,0.15,lobstrokk,Custom_n035,Lobstrokk,Units\Creeps\Lobstrokkred\Lobstrokkred,1,_,,,,,,,,,_,normal,,,1,_,_,1,_,0.3,0.3,30,28,26,5,1,0.75,normal,normal,250,110,1,"ground,structure,debris,air,item,ward",WoodMediumBash,60,60,,0.51,0.55,500,1,Хвататель ,,R,Hire Mak|cffffcc00r|rura Snapper,Heavy melee unit. |n|n|cffffcc00Attacks land units.|r,,,ReplaceableTextures\CommandButtons\BTNLobstrokkRed.blp,"1,0",,,,,,,,,,,,Objects\Spawnmodels\Demon\DemonSmallDeathExplode\DemonSmallDeathExplode.mdl,medium,,Хвататель ,"[""up"", ""qQ""]",_,66,,260,,2,400,,,1,,,1100,,,,,,,,,,,,,,,,,,,,,,,,,,,,,,,,,,,,,,,,,,,,,,,,,,,,,,,,,,,,,,,,,,,
n036,"[""Units\\UnitAbilities.slk:1059"", ""Units\\UnitBalance.slk:9958"", ""Units\\UnitData.slk:5551"", ""Units\\UnitUI.slk:9336"", ""Units\\UnitWeapons.slk:10787"", ""Units\\NeutralUnitStrings.txt:492"", ""Units\\NeutralUnitFunc.txt:549""]",,A0H3,_,24,_,_,A,_,_,,,,,,,,800,1400,20,20,350,large,6,1,300,,always,0.5,620,2500,260,1,11,,,1,,250,,250,_,17,1,,_,100,_,ground,,,60,0.5,foot,1,3,3,1,1,1,creeps,1,50,50,140,140,_,Shadow,125,255,150,1,Wood,-1,_,_,200,200,50,45,45,1,1.9,0.15,lobstrokk,Custom_n036,Lobstrokk,Units\Creeps\Lobstrokkred\Lobstrokkred,1,_,,,,,,,,,_,normal,,,1,_,_,1,_,0.3,0.3,30,28,26,5,1,1.05,normal,normal,250,110,1,"ground,structure,debris,air,item,ward",WoodMediumBash,60,60,,0.51,0.55,500,1,Хвататель ,,R,Hire Mak|cffffcc00r|rura Snapper,Heavy melee unit. |n|n|cffffcc00Attacks land units.|r,,,ReplaceableTextures\CommandButtons\BTNLobstrokkRed.blp,"1,0",,,,,,,,,,,,Objects\Spawnmodels\Demon\DemonSmallDeathExplode\DemonSmallDeathExplode.mdl,medium,,Хвататель ,"[""up"", ""qQ"", ""Js""]",_,40,,260,,2,300,,,1,,,450,,,,,,,,,,,,,,,,,,,,,,,,,,,,,,,,,,,,,,,,,,,,,,,,,,,,,,,,,,,,,,,,,,,
n037,"[""Units\\UnitAbilities.slk:1062"", ""Units\\UnitBalance.slk:9990"", ""Units\\UnitData.slk:5568"", ""Units\\UnitUI.slk:9365"", ""Units\\UnitWeapons.slk:10819"", ""Units\\CampaignUnitStrings.txt:139"", ""Units\\CampaignUnitFunc.txt:161""]",,"A0RH,A0H5",_,24,_,_,A,"Rguv,Rnam,Rnat,Rnsb",_,,,,,,,,800,1400,26,26,350,medium,,,,,always,1,500,10000,160,3,55,3,1,1,25,200,25,200,Tauren,18,1,,_,100,_,ground,2,,60,0.5,amph,1,2.67,3,1,1,2,creeps,1,50,50,140,140,_,Shadow,120,255,255,1.7,Flesh,-1,_,WoodHeavyBash,250,250,50,10,45,1,2.15,0.15,naga,Custom_n037,SnapDragon,units\naga\SnapDragon\SnapDragon,1,_,,,,,,,,,_,normal,,,1,_,_,1,_,0.7,0.3,29,27,25,5,1,1.3,missile,pierce,250,250,1,"ground,structure,debris,air,item,ward",_,60,30,,0.51,0.5,700,1,Морской дракон ,,D,Train Snap |cffffcc00D|rragon,"Light ranged unit that has a poison attack which slows and damages enemy units. Has the Submerge ability, which allows this unit to hide in water. |n|n|cffffcc00Attacks land and air units.|r",,,ReplaceableTextures\CommandButtons\BTNSnapDragon.blp,"0,0",Abilities\Weapons\snapMissile\snapMissile.mdl,0.0,1900,,,,,,,,,Objects\Spawnmodels\Orc\OrcSmallDeathExplode\OrcSmallDeathExplode.mdl,medium,,Морской дракон ,"[""up"", ""qQ""]",_,60,,60,,2,,,,,,,1800,,,,,,,,,,,,,,,,,,,,,,,,,,,,,,,,nsbs,,,,,,,,,,,,,1,10,,,,,,,,,,,,,,,,,,,,,
n038,"[""Units\\UnitAbilities.slk:1065"", ""Units\\UnitBalance.slk:10022"", ""Units\\UnitData.slk:5585"", ""Units\\UnitUI.slk:9395"", ""Units\\UnitWeapons.slk:10852"", ""Units\\CampaignUnitStrings.txt:144"", ""Units\\CampaignUnitFunc.txt:170""]",,"A0RH,A0H4",_,24,_,_,A,"Rguv,Rnam,Rnat,Rnsb",_,,,,,,,,800,1400,26,26,350,medium,,1,150,,always,1,500,2600,160,3,11,,,1,25,200,25,200,_,18,1,,_,100,_,ground,2,,60,0.5,amph,1,2.67,3,1,1,2,creeps,1,50,50,140,140,_,Shadow,120,255,255,1.3,Flesh,-1,_,WoodHeavyBash,250,250,50,10,45,1,2,0.15,naga,Custom_n038,SnapDragon,units\naga\SnapDragon\SnapDragon,1,_,,,,,,,,,_,normal,,,1,_,_,1,_,0.7,0.3,29,27,25,5,1,1.1,missile,pierce,250,250,1,"ground,structure,debris,air,item,ward",_,60,30,,0.51,0.5,700,1,Морской дракон ,,D,Train Snap |cffffcc00D|rragon,"Light ranged unit that has a poison attack which slows and damages enemy units. Has the Submerge ability, which allows this unit to hide in water. |n|n|cffffcc00Attacks land and air units.|r",,,ReplaceableTextures\CommandButtons\BTNSnapDragon.blp,"0,0",Abilities\Weapons\snapMissile\snapMissile.mdl,0.0,1900,,,,,,,,,Objects\Spawnmodels\Orc\OrcSmallDeathExplode\OrcSmallDeathExplode.mdl,medium,,Морской дракон ,"[""up"", ""qQ"", ""Js""]",_,10,,60,,2,150,,,,,,450,,,,,,,,,,,,,,,,,,,,,,,,,,,,,,,,nsbs,,,,,,,,,,,,,1,10,,,,,,,,,,,,,,,,,,,,,
n039,"[""Units\\UnitAbilities.slk:1068"", ""Units\\UnitBalance.slk:10055"", ""Units\\UnitData.slk:5602"", ""Units\\UnitUI.slk:9425"", ""Units\\UnitWeapons.slk:10885"", ""Units\\NeutralUnitStrings.txt:497"", ""Units\\NeutralUnitFunc.txt:554""]",,A0H6,_,24,_,_,A,_,_,,,,,,,,800,1400,80,80,320,large,4,1.25,500,500,always,1,1100,12000,460,1,65,3,7,1,120,385,120,385,Tauren,19,1,,_,100,_,ground,2,,60,0.5,foot,1,3,3,1,1,1,creeps,1,60,60,160,160,_,Shadow,140,255,255,1.35,Flesh,-1,_,MetalMediumSlice,500,500,50,10,10,1,1.4,0.15,satyr,Custom_n039,Satyr,units\creeps\satyrhellcaller\satyrhellcaller,1,_,,,,,,,,,_,normal,,,1,_,_,1,_,0.3,0.3,55,52,49,1,1,2.05,normal,chaos,250,100,1,"ground,structure,debris,air,item,ward",MetalHeavySlice,60,60,,1.2,0.5,500,1,Адский сатир ,,,Hire Satyr Hellcaller,Heavy melee unit with Unholy Aura. Can also Animate Dead. |n|n|cffffcc00Attacks land units.|r,,,ReplaceableTextures\CommandButtons\BTNSatyr.blp,,,,,,,,,,,,,Objects\Spawnmodels\Orc\OrcLargeDeathExplode\OrcLargeDeathExplode.mdl,large,,Адский сатир ,"[""up"", ""qQ"", ""Js""]",_,66,,440,,,1000,,,1,,,998,,,,,,,,,,,,,,,,,,,,,,,,,,,,,,,,,,,,,,,,,,,,,,,,,,,,,,,,,,,,,,,,,,,
n03A,"[""Units\\UnitAbilities.slk:1071"", ""Units\\UnitBalance.slk:10091"", ""Units\\UnitData.slk:5620"", ""Units\\UnitUI.slk:9454"", ""Units\\UnitWeapons.slk:10917"", ""Units\\NeutralUnitStrings.txt:501"", ""Units\\NeutralUnitFunc.txt:558""]",,A0H7,A0H7,24,_,_,A,_,_,,,,,,,,800,1400,80,80,320,large,4,1.25,500,500,always,1,1100,3000,460,1,12,,,1,120,385,120,385,_,19,1,,_,100,_,ground,2,,60,0.5,foot,1,3,3,1,1,1,creeps,1,60,60,160,160,_,Shadow,140,255,255,0.9,Flesh,-1,_,MetalMediumSlice,500,500,50,10,10,1,1.25,0.15,satyr,Custom_n03A,Satyr,units\creeps\satyrhellcaller\satyrhellcaller,1,_,,,,,,,,,_,normal,,,1,_,_,1,_,0.3,0.3,55,52,49,1,1,1.75,normal,chaos,250,100,1,"ground,structure,debris,air,item,ward",MetalHeavySlice,60,60,,1.2,0.5,500,1,Адский сатир ,,,Hire Satyr Hellcaller,Heavy melee unit with Unholy Aura. Can also Animate Dead. |n|n|cffffcc00Attacks land units.|r,,,ReplaceableTextures\CommandButtons\BTNSatyr.blp,,,,,,,,,,,,,Objects\Spawnmodels\Orc\OrcLargeDeathExplode\OrcLargeDeathExplode.mdl,large,,Адский сатир ,"[""up"", ""qQ""]",_,25,,440,,2,500,,,1,,,665,,,,,,,,,,,,,,,,,,,,,,,,,,,,,,,,,,,,,,,,,,,,,,,,,,,,,,,,,,,,,,,,,,,
n03B,"[""Units\\UnitAbilities.slk:1074"", ""Units\\UnitBalance.slk:10126"", ""Units\\UnitData.slk:5638"", ""Units\\UnitUI.slk:9483"", ""Units\\UnitWeapons.slk:10949"", ""Units\\NeutralUnitStrings.txt:505"", ""Units\\NeutralUnitFunc.txt:562""]",,"A0RC,Avul",_,24,_,_,B,_,_,,,,,,,,600,600,20,20,310,large,,,,,always,0.5,200,1000,110,3,5,3,1,1,,,,,_,,1,,_,100,_,ground,,4,60,0.6,foot,1,1.75,,1,1,1,human,1,60,60,140,140,_,Shadow,255,255,255,1,Flesh,-1,_,MetalMediumChop,240,240,50,10,10,1,1.25,0.15,,Custom_n03B,RazorMane,units\creeps\SpiritPig\SpiritPig,1,_,,,,,,,,,_,normal,,,1,_,_,1,_,0.64,0.33,12,11.5,11,2,1,1.25,missile,pierce,250,500,1,"ground,structure,debris,air,item,ward",_,60,60,,0.51,0.3,500,1,Кaбан,,,,,,,ReplaceableTextures\CommandButtons\BTNRazorback.blp,,Abilities\Weapons\BristleBackMissile\BristleBackMissile.mdl,0.1,1050,,,,,,,,,,,,Кaбан,"[""NH""]",_,,,440,,2,,,,,,,15,,,,,,,,,,,,,,,,,,,,,,,,,,,,,,,,,,,,,,,,,,,,,,,,,,,,,,,,,,,,,,,,,,,
e00P,"[""Units\\UnitAbilities.slk:1077"", ""Units\\UnitBalance.slk:10152"", ""Units\\UnitData.slk:5654"", ""Units\\UnitUI.slk:9511"", ""Units\\UnitWeapons.slk:10981"", ""Units\\NightElfUnitStrings.txt:321"", ""Units\\NightElfUnitFunc.txt:571""]",,"A0GV,A0GX,A0L6,Avul",_,8,_,_,*,_,_,,,,,,,,800,900,22,22,345,none,,,,200,none,100,300,500,30,3,,,,,,,,,peon,10,1,,_,,_,air,2,1,61,0.6,fly,1,4.335,,1,1,3,human,1,60,60,120,120,_,ShadowFlyer,255,255,255,0.6,Flesh,-1,_,_,200,200,20,25,33,1,1.15,0.15,EUnit10,Custom_e00P,GoblinZeppelin,units\creeps\GoblinZeppelin\GoblinZeppelin,1,_,,,,,,,,,_,normal,,,1,_,_,1,_,0.57,0.6,41,38,35,7,1,1.75,missile,magic,250,600,1,air,_,60,60,,0.51,,600,,Диpижaбль,,T,Диpижaбль,,,,ReplaceableTextures\CommandButtons\BTNGoblinZeppelin.blp,"1,0",Abilities\Weapons\DruidoftheTalonMissile\DruidoftheTalonMissile.mdl,0.15,900,1,GoblinZeppelinMovement,512,512,,,,,,,,Диpижaбль,"[""Cp""]",_,10,,,1,2,,90,240,,230,2,34,,,,,,,,,,,,,,,,,,,,,,,,,,,,,,,,,,,,,,,,,,,,,,,,,,,,,,,,,,,,,,,,,,,
n03C,"[""Units\\UnitAbilities.slk:1080"", ""Units\\UnitBalance.slk:10177"", ""Units\\UnitData.slk:5672"", ""Units\\UnitUI.slk:9542"", ""Units\\UnitWeapons.slk:11011"", ""Units\\NeutralUnitStrings.txt:507"", ""Units\\NeutralUnitFunc.txt:567""]",,"A0RD,Avul",_,24,_,_,B,_,_,,,,,,,,600,600,20,20,310,large,,,,,always,0.5,200,1000,110,3,5,3,1,1,,,,,_,,1,,_,100,_,ground,,4,60,0.6,foot,1,1.75,,1,1,1,human,1,60,60,140,140,_,Shadow,255,255,255,1,Flesh,-1,_,MetalMediumChop,240,240,50,10,10,1,1.25,0.15,,Custom_n03C,RazorMane,units\creeps\SpiritPig\SpiritPig,1,_,,,,,,,,,_,normal,,,1,_,_,1,_,0.64,0.33,12,11.5,11,2,1,1.25,missile,pierce,250,500,1,"ground,structure,debris,air,item,ward",_,60,60,,0.51,0.3,500,1,Кaбан,,,,,,,ReplaceableTextures\CommandButtons\BTNRazorback.blp,,Abilities\Weapons\BristleBackMissile\BristleBackMissile.mdl,0.1,1050,,,,,,,,,,,,Кaбан,"[""NH""]",_,,,440,,2,,,,,,,15,,,,,,,,,,,,,,,,,,,,,,,,,,,,,,,,,,,,,,,,,,,,,,,,,,,,,,,,,,,,,,,,,,,
U00B,"[""Units\\UnitAbilities.slk:1083"", ""Units\\UnitBalance.slk:10203"", ""Units\\UnitData.slk:5688"", ""Units\\UnitUI.slk:9570"", ""Units\\UnitWeapons.slk:11043"", ""Units\\UndeadUnitStrings.txt:252"", ""Units\\UndeadUnitFunc.txt:455""]","A0I2,A0HV,A0HW,A0HY,A001",AInv,_,24,_,_,*,"R000,R001,R002,R003,R004,R005,R006,R008",STR,6,2,2.1,3.1,7,10,18,600,600,55,55,240,hero,2.2,0.05,100,210,always,1.15,675,450,1,1,50,3,8,,,,,,_,5,1,1,_,100,_,ground,,5,60,0.5,foot,1,3,2,1,1,9,human,1,112,112,280,280,_,Shadow,255,255,255,0.75,Flesh,-1,_,_,180,180,100,30,30,1,1.4,0.15,UHero06,Custom_U00B,HeroCryptLord,units\undead\HeroCryptLord\HeroCryptLord,1,_,0.54,0.46,8,5,2,4,2,2.13,missile,hero,250,500,1,"ground,structure,debris,air,item,ward",_,1,_,0.54,0.46,8,5,2,4,2,1.9,normal,hero,250,120,1,"ground,structure,debris,air,item,ward",WoodHeavyBash,60,130,,1.1,0.4,500,1,Пaдший Вoитeль,Мeфиc'aтoн,D,|cffffcc00П a д ш и й    В o и т e л ь|r (D),"Пaдший вoитeль oблaдaeт |cff808070пaнциpeм|R cпocoбным нaкaпливaть ypoн и в мгнoвeниe выcвoбoждaть eгo нa cвoих вpaгoв, co вpeмeнeм пaнциpь oбpacтaeт |cff808070шипaми|R. Убив вpaгa вoитeль |cff808070пoглoщaeт|R eгo дyшy. A в caмoм paзгape битвы Пaдший мoжeт издaть пpoнзитeльный|cff808070 peв|R. |n|Cffff0000|nCкopocть пepeмeщeния 240.|nТип атаки - ближний бoй.|R",Вocкpecить |cffffcc00П a д ш e г o    В o и т e л я|r,Вocкpecить |cffffcc00П a д ш e г o    В o и т e л я|r,ReplaceableTextures\CommandButtons\BTNHeroCryptLord.blp,"2,1",,,,,,,,,,,,Objects\Spawnmodels\Undead\UndeadLargeDeathExplode\UndeadLargeDeathExplode.mdl,medium,UI\Glues\ScoreScreen\scorescreen-hero-cryptlord.blp,Пaдший Вoитeль,"[""mH"", ""qH"", ""nQ"", ""OQ""]",_,4,,1,,2,75,,,,,,,,,,,,,,,,,,,,,,,,,,,,,,,,,,,,,,,,,,,,,,,,,0,,,,,,,,,,10,,,,,,,,,,,,,,
O00G,"[""Units\\UnitAbilities.slk:1087"", ""Units\\UnitBalance.slk:10242"", ""Units\\UnitData.slk:5706"", ""Units\\UnitUI.slk:9599"", ""Units\\UnitWeapons.slk:11085"", ""Units\\OrcUnitStrings.txt:76"", ""Units\\OrcUnitFunc.txt:122""]","A0I5,A0IE,A08X,A0IF,A001",AInv,_,24,_,_,*,"R000,R001,R002,R003,R004,R005,R006,R008",INT,6,2.2,3.2,2.1,7,17,11,600,600,55,55,280,hero,3.4,0.01,100,285,always,1.25,475,530,1,1,50,3,8,,,,,,_,5,1,11,_,100,_,ground,2,4,60,0.4,horse,1,2.1,2,1,1,9,human,1,75,75,200,200,_,Shadow,255,255,255,0.95,Flesh,-1,_,_,260,260,50,10,45,1,1.2,0.15,OHero02,Custom_O00G,Thrall,units\orc\Thrall\Thrall,1,_,0.5,0.3,8,5,2,4,2,2.13,missile,hero,250,500,1,"ground,structure,debris,air,item,ward",_,1,_,0.5,0.3,8,5,2,9,2,1.9,missile,magic,250,500,1,"ground,structure,debris,air,item,ward",_,60,60,,1.07,0.3,600,1,Влaдыкa Мoлний,Poзeн,D,|cffffcc00В л a д ы к a  М o л н и й |r (D),"Розен овладел и взял под свой контроль стихию молний. Он способен поражать большое количество врагов благодаря - |cff808070цепной молнии|r. Наложив на себя или союзника |cff808070щит молний|r - наносит немалый урон. Когда враг атакует Розена или его соратников, он испытает на себе весь |cff808070гнев небес|r. Враги под действием |cff808070мозгового шторма|r будут получать колосальный урон от всех магических способностей.|n|Cffff0000|nCкopocть пepeмeщeния 280.|nТип атаки - дaльний бoй. (500)|R",Вocкpecить |cffffcc00В л a д ы к y  М o л н и й |r,Вocкpecить |cffffcc00В л a д ы к y  М o л н и й |r,ReplaceableTextures\CommandButtons\BTNThrall.blp,"2,1",Abilities\Weapons\FarseerMissile\FarseerMissile.mdl,0.15,1200,1,,,,0,,,,Objects\Spawnmodels\Orc\OrcLargeDeathExplode\OrcLargeDeathExplode.mdl,medium,UI\Glues\ScoreScreen\scorescreen-hero-thrall.blp,Влaдыкa Мoлний,"[""mH"", ""qH"", ""nQ"", ""OQ"", ""V3"", ""A3""]",_,,,1,,2,75,,,,,,12,,,,,,,,,,,,,,,,,,,,,,,,,,,,,,,,,,,,,,,,,,,,,,,,,,,,,10,,,,,,,,,,,,,,
h011,"[""Units\\UnitAbilities.slk:1091"", ""Units\\UnitBalance.slk:10280"", ""Units\\UnitData.slk:5725"", ""Units\\UnitUI.slk:9628"", ""Units\\UnitWeapons.slk:11128"", ""Units\\HumanUnitStrings.txt:358"", ""Units\\HumanUnitFunc.txt:634""]",,"Aloc,Avul,A0K4,AInv",_,,_,_,*,_,_,,,,,,,,100,100,20,20,,large,2,,,,always,0.25,420,99999,30,3,20,3,6,,,135,,135,_,,1,,_,100,_,ground,,,60,3,foot,1,9,2,1,1,6,orc,1,50,50,140,140,_,_,255,255,255,1,Metal,-1,_,MetalMediumSlice,99999,99999,,,,1,1,,HUnit02,Custom_h011,Footman,1,1,_,,,,,,,,,_,normal,,,1,_,_,1,_,0.5,0.5,13,12.5,12,2,1,1.35,normal,normal,250,90,1,"ground,structure,debris,item,ward",MetalMediumSlice,,,,,,500,,DUMMY,,,,,,,ReplaceableTextures\CommandButtons\BTNFootman.blp,"0,0",,,,,,,,,,,,Objects\Spawnmodels\Human\HumanLargeDeathExplode\HumanLargeDeathExplode.mdl,,,DUMMY,"[""Wg"", ""TH"", ""Bj"", ""Vk"", ""Ik"", ""OK"", ""mK"", ""Fm"", ""Lm"", ""Tm"", ""ep"", ""Fs"", ""LS"", ""ZS"", ""Ht"", ""Kt"", ""RT"", ""cW"", ""Fz"", ""Hz"", ""Kz"", ""Tz"", ""wz"", ""v4"", ""E5"", ""k5"", ""W5"", ""E6"", ""G6"", ""l6"", ""E7"", ""m7"", ""F8"", ""j8"", ""P8"", ""vvv"", ""vxv"", ""vRv"", ""vpv"", ""vTv"", ""v0v"", ""v2v"", ""eev"", ""erv"", ""eNv"", ""ejv"", ""xvv"", ""xAv"", ""xNv"", ""xTv"", ""xWv"", ""oUv"", ""rLv"", ""ryv"", ""iEv"", ""a4v"", ""ncv"", ""nuv"", ""n2v"", ""Vev"", ""V2v"", ""EOv"", ""EHv"", ""E_v"", ""E4v"", ""Xov"", ""Xuv"", ""Ovv"", ""OHv"", ""Okv"", ""Opv"", ""O0v"", ""Rev"", ""Rfv"", ""RHv"", ""Rwv"", ""IAv"", ""IFv"", ""IGv"", ""Ihv"", ""Itv"", ""IYv"", ""Afv"", ""Ajv"", ""ALv"", ""Ayv"", ""Nxv"", ""NFv"", ""NKv"", ""NSv"", ""bbv"", ""bfv"", ""bWv"", ""b0v"", ""b4v"", ""BXv"", ""Bkv"", ""crv"", ""cnv"", ""cdv""]",_,2,,,,2,,,,,,,11,,,,,,,,,,,,,,,,,,,,,,,,,,,,,,,,,,,,,,,,,,,,,,,,,,,,,,,,,,,,,,,,,,,
n03D,"[""Units\\UnitAbilities.slk:1094"", ""Units\\UnitBalance.slk:10306"", ""Units\\UnitData.slk:5741"", ""Units\\UnitUI.slk:9653"", ""Units\\UnitWeapons.slk:11155"", ""Units\\NeutralUnitStrings.txt:509"", ""Units\\NeutralUnitFunc.txt:572""]",,"A0R6,A0R8",_,24,_,_,A,_,_,,,,,,,,800,1200,1,1,220,medium,2,,,,always,0.5,550,975,260,1,,,,1,,135,,135,_,,1,,_,100,_,ground,2,2,60,0.5,amph,1,1.5,,1,1,1,creeps,1,80,80,200,200,_,Shadow,255,190,100,0.7,Flesh,-1,_,_,200,200,50,10,10,1,1.2,0.15,elemental,Custom_n03D,WaterElemental,Units\Creeps\SeaElemental\SeaElemental,1,_,,,,,,,,,_,normal,,,1,_,_,1,_,0.47,0.53,37,32.5,28,10,1,1,missile,pierce,250,450,1,"ground,structure,debris,air,item,ward",_,120,60,,0.51,0.3,600,1,Дyх Oкeaнa ,,,Summon Sea Elemental,Medium ranged unit that can Bash opponents. |n|n|cffffcc00Attacks land and air units.|r,,,ReplaceableTextures\CommandButtons\BTNSeaElemental.blp,,Abilities\Weapons\SeaElementalMissile\SeaElementalMissile.mdl,0.15,1300,,,,,,,,,,medium,,Дyх Oкeaнa ,"[""LQ"", ""sQ""]",_,1,,440,,2,,,,,,,140,,,,,,,,,,,,,,,,,,,,,,,,,,,,,,,,,,,,,,,,,,,,,1,,,,,,,,,,,,,,,,,,,,,,
h00O,"[""Units\\UnitAbilities.slk:1097"", ""Units\\UnitBalance.slk:10333"", ""Units\\UnitData.slk:5758"", ""Units\\UnitUI.slk:9683"", ""Units\\UnitWeapons.slk:11187"", ""Units\\HumanUnitStrings.txt:363"", ""Units\\HumanUnitFunc.txt:638""]",,"AInv,Aloc,A0K4",_,31,_,_,*,_,_,,,,,,,,100,100,20,20,,large,2,,,,always,0.25,420,420,30,3,20,3,6,,,135,,135,_,,1,,_,100,_,ground,,,60,3,foot,1,9,2,1,1,6,orc,1,50,50,140,140,_,_,255,255,255,1,Metal,-1,_,MetalMediumSlice,99999,99999,,,,1,1,,HUnit02,Custom_h00O,Footman,Lightnings Long,1,_,,,,,,,,,_,normal,,,1,_,_,1,_,0.5,0.5,13,12.5,12,2,1,1.35,normal,normal,250,90,1,"ground,structure,debris,item,ward",MetalMediumSlice,,,,,,500,,Dummy_Storm,,F,,,,,ReplaceableTextures\CommandButtons\BTNFootman.blp,"0,0",,,,,,,,,,,,Objects\Spawnmodels\Human\HumanLargeDeathExplode\HumanLargeDeathExplode.mdl,,,Dummy_Storm,"[""Fs"", ""T7""]",_,2,,,,2,,,,,,,11,,,,,,,,,,,,,,,,,,,,,,,,,,,,,,,,,,,,,,,,,,,,,,,,,,,,,,,,,,,,,,,,,,,
H00R,"[""Units\\UnitAbilities.slk:1100"", ""Units\\UnitBalance.slk:10360"", ""Units\\UnitData.slk:5774"", ""Units\\UnitUI.slk:9708"", ""Units\\UnitWeapons.slk:11214"", ""Units\\HumanUnitStrings.txt:368"", ""Units\\HumanUnitFunc.txt:642""]","A0IJ,A0M5,A0V1,A070,A001",AInv,_,24,_,_,*,"R000,R001,R002,R003,R004,R005,R006,R008",INT,6,2.2,3.2,2.1,9,19,7,600,600,55,55,265,hero,3.1,0.01,100,285,always,1.15,450,500,1,1,50,3,8,,,,,,_,5,1,1,_,100,_,ground,2,4,60,0.5,horse,1,2.8,2,1,1,9,orc,1,75,75,190,190,_,Shadow,255,255,255,1.1,Flesh,-1,_,_,260,260,30,10,45,1,1.2,0.15,HHero02,Custom_H00R,HeroArchMage,units\human\HeroArchMage\HeroArchMage,1,_,0.85,0.55,8,5,2,4,2,2.13,missile,hero,250,500,1,"ground,structure,debris,air,item,ward",_,1,_,0.85,0.55,8,5,2,6,2,1.9,missile,hero,250,600,1,"ground,structure,debris,air,item,ward",_,60,66,15,2.4,0.3,600,1,Архимаг,Портер Звездочет и Орион,F,|cffffcc00А р х и м а г |r (F),"Портер на своем верном коне Орионе способен обрушивать |cff808070падающие звезды|r которые с каждым залпом становятся более смертоносными , превращать врагов в безобидных зверушек - |cff808070полиморф|r , и защищать себя щитом из ранее потраченной маны - |cff808070чародейский барьер|r. А если и этого недостаточно то он способен вызвать вселенскую |cff808070аномалию|r которая дублирует и без того убийственные заклинания Архимагa.|n|Cffff0000|nCкopocть пepeмeщeния 265.|nТип атаки - дaльний бoй. (600)|R",Вocкpecить |cffffcc00А р х и м а г а |r,Вocкpecить |cffffcc00А р х и м а г а |r,ReplaceableTextures\CommandButtons\BTNHeroArchMage.blp,"3,1",Abilities\Weapons\FaerieDragonMissile\FaerieDragonMissile.mdl,0.15,900,1,HumanHeroArchMageMovement,512,512,0,,,,Objects\Spawnmodels\Human\HumanLargeDeathExplode\HumanLargeDeathExplode.mdl,medium,ReplaceableTextures\CommandButtons\BTNHeroArchMage.blp,Архимаг,"[""mH"", ""nQ"", ""OQ"", ""V3"", ""A3""]",,2,,1,,2,75,,,,,,11,,,,,,,,,,,,,,,,,,,,,,,,,,,,,,,,,,,,,,,,,,,,,,,,,,,,,10,,,,,,,,,,,,,,
h012,"[""Units\\UnitAbilities.slk:1104"", ""Units\\UnitBalance.slk:10399"", ""Units\\UnitData.slk:5793"", ""Units\\UnitUI.slk:9736"", ""Units\\UnitWeapons.slk:11258"", ""Units\\HumanUnitStrings.txt:376"", ""Units\\HumanUnitFunc.txt:659""]",,"Aloc,Avul,A0K4",_,31,_,_,*,_,_,,,,,,,,100,100,20,20,,large,2,,,,always,0.25,420,10000,30,3,20,3,6,,,135,,135,_,,1,,_,100,_,ground,,,60,0.6,foot,1,3.04,2,1,1,6,orc,,50,50,140,140,_,_,255,100,255,3,Metal,-1,_,MetalMediumSlice,210,210,20,10,10,1,1,,HUnit02,Custom_h012,_,Abilities\Spells\Undead\ReplenishMana\ReplenishManaCasterOverhead,1,_,,,,,,,,,_,normal,,,1,_,_,1,_,0.5,0.5,13,12.5,12,2,1,1.35,normal,normal,250,90,1,"ground,structure,debris,item,ward",MetalMediumSlice,60,60,,,,500,,Аномалия,,,,,,,ReplaceableTextures\WorldEditUI\StartingLocation.blp,"0,0",,,,,,,,,,,,,,,Аномалия,"[""I5""]",_,2,,,,2,,200,200,,,,11,,,,,,,,,,,,,,,,,,,,,,,,,,,,,,,,,,,,,,,,,,,,,,,,,,,,,,,,,,,,,,,,,,,
H013,"[""Units\\UnitAbilities.slk:1107"", ""Units\\UnitBalance.slk:10426"", ""Units\\UnitData.slk:5811"", ""Units\\UnitUI.slk:9763"", ""Units\\UnitWeapons.slk:11287"", ""Units\\HumanUnitStrings.txt:381"", ""Units\\HumanUnitFunc.txt:663""]","A0IS,A0IU,A0IY,A0IX,A001","AInv,A0F8",_,24,_,_,*,"R000,R001,R002,R003,R004,R005,R006,R008",STR,6,2.2,2.2,3.1,14,3,18,600,600,55,55,270,hero,3.9,0.05,100,255,always,1,650,470,1,1,50,3,8,,,,,,_,5,1,1,_,100,_,ground,,5,60,0.6,foot,1,1.5,2,1,1,9,orc,1,70,70,140,140,_,Shadow,255,255,255,1.25,Metal,-1,_,MetalHeavyBash,270,270,30,10,10,1,1.35,0.15,HHero01,Custom_H013,ForestTroll,units\creeps\ForestTrollTrapper\ForestTrollTrapper,1,_,0.567,0.433,8,5,2,4,2,2.13,missile,hero,250,500,1,"ground,structure,debris,air,item,ward",_,1,_,0.3,0.3,12,7,2,6,2,1.85,normal,hero,250,120,1,"ground,structure,debris,air,item,ward",MetalHeavyBash,70,60,,0.51,0.5,500,1,Тролль - Головорез,Арга'ах,Z,|cffffcc00Т р о л л ь  -  Г о л о в о р е з|r (Z),"Арга'ах до изгнания, был одним из самых сильных воинов. Он нарушил правило, которое запрещало убивать сдавшегося в честной дуэли, соперника. Тролль за многие годы научился находить |cff808070уязвимые места|r у врагов, впадать в |cff808070боевой транс|r - увеличивая силу, а владение |cff808070топором-бумерангом|r и |cff808070зачарованными топорами|r стало безупречным. Арга'ах начал мстить за свое изгнание, убивая всех на своем пути, тем самым получив прозвище Тролль - Головорез.|n|Cffff0000|nCкopocть пepeмeщeния 270.|nТип атаки - ближний бoй.|R",Вocкpecить |cffffcc00Т р о л л ь  -  Г о л о в о р е з|r,Вocкpecить |cffffcc00Т р о л л ь  -  Г о л о в о р е з|r,ReplaceableTextures\CommandButtons\BTNForestTrollTrapper.blp,"0,2",,,,,,,,0,,,,Objects\Spawnmodels\Orc\OrcLargeDeathExplode\OrcLargeDeathExplode.mdl,,ReplaceableTextures\CommandButtons\BTNForestTrollTrapper.blp,Тролль - Головорез,"[""mH"", ""qH"", ""nQ"", ""OQ""]",_,1,,1,,2,100,,,,,,11,,,,,,,,,,,,,,,,,,,,,,,,,,,,,,,,,,,,,,,,,,,,,,,,,,,,,10,,,,,,,,,,,,,,
h014,"[""Units\\UnitAbilities.slk:1111"", ""Units\\UnitBalance.slk:10465"", ""Units\\UnitData.slk:5829"", ""Units\\UnitUI.slk:9792"", ""Units\\UnitWeapons.slk:11330"", ""Units\\HumanUnitStrings.txt:389"", ""Units\\HumanUnitFunc.txt:672""]",,"Aloc,Avul,A0K4",_,31,_,_,*,_,_,,,,,,,,,,20,20,,large,2,,,,always,0.25,420,10000,30,3,20,3,6,,,135,,135,_,,1,,_,100,_,ground,,,60,0.6,foot,1,3.04,2,1,1,6,orc,,50,50,140,140,_,_,255,255,255,1,Metal,-1,_,MetalMediumSlice,210,210,20,10,10,1,1,,HUnit02,Custom_h014,_,bugger,1,_,,,,,,,,,_,normal,,,1,_,_,1,_,0.5,0.5,13,12.5,12,2,1,1.35,normal,normal,250,90,1,"ground,structure,debris,item,ward",MetalMediumSlice,60,60,,,,500,,применить 'Топор-бумеранг',,F,,,,,ReplaceableTextures\WorldEditUI\Editor-Ally-NoPriority.blp,"0,0",,,,,,,,,,,,,,,применить 'Топор-бумеранг',"[""bCv"", ""bMv"", ""bPv""]",_,2,,,,2,,,,,,,11,,,,,,,,,,,,,,,,,,,,,,,,,,,,,,,,,,,,,,,,,,,,,,,,,,,,,,,,,,,,,,,,,,,
n03E,"[""Units\\UnitAbilities.slk:1114"", ""Units\\UnitBalance.slk:10490"", ""Units\\UnitData.slk:5845"", ""Units\\UnitUI.slk:9819"", ""Units\\UnitWeapons.slk:11359"", ""Units\\NeutralUnitStrings.txt:513"", ""Units\\NeutralUnitFunc.txt:578""]",,"Aloc,Avul,A0K4",_,,_,_,*,_,_,,,,,,,,100,100,1,1,100,medium,,,,,always,99,15,9999,,,,,,,,,,,_,,1,,_,100,_,ground,4,,60,3,fly,1,0.1,2,1,1,1,orc,1,,,,,_,_,200,200,200,0.75,Flesh,-1,_,_,200,200,20,,,1,0.9,0.15,animal,Custom_n03E,,Abilities\Weapons\RexxarMissile\RexxarMissile,1,_,,,,,,,,,_,normal,,,1,_,_,1,_,,,,,,,,,_,normal,,,1,_,_,60,60,,,,,,Зачарованные топоры,,,,,,,ReplaceableTextures\WorldEditUI\Editor-Ally-NoPriority.blp,"0,0",,,,,,,,,,,,,,,Зачарованные топоры,"[""pZ"", ""bkv"", ""bPv""]",_,,,,,2,,75,75,,,,,,,,,,,,,,,,,,,,,,,,,,,,,,,,,,,,,,,,,,,,,,,,,,,100,,,,,,,,,,,,,,,,,,,,
n03F,"[""Units\\UnitAbilities.slk:1117"", ""Units\\UnitBalance.slk:10509"", ""Units\\UnitData.slk:5864"", ""Units\\UnitUI.slk:9841"", ""Units\\UnitWeapons.slk:11376"", ""Units\\NeutralUnitStrings.txt:517"", ""Units\\NeutralUnitFunc.txt:581""]",,"A05R,A0J2,Avul",_,,_,_,"O,K",_,_,,,,,,,,350,350,1,1,,medium,,,,,always,0.5,15,1,,,,,,,,,,,ward,,1,,_,100,_,ground,4,,60,0.5,foot,1,1,2,1,1,1,human,1,35,35,70,70,_,Shadow,255,255,255,0.8,Flesh,-1,_,_,200,200,20,10,45,1,1.3,0.15,animal,Custom_n03F,_,Doodads\Cityscape\Props\CityGrave\CityGrave3,1,_,,,,,,,,,_,normal,,,1,_,_,1,_,,,,,,,,,_,normal,,,1,_,_,60,60,,0.51,,500,,Надгробие,,,,,,,ReplaceableTextures\CommandButtons\BTNAnkh.blp,"0,0",,,,,,,,,,,,,,,Надгробие,[],_,,,,,2,,,,,,,,,,,,,,,,,,,,,,,,,,,,,,,,,,,,,,,,,,,,,,,,,,,,,,,,,,,,,,,,,,,,,,,,,,
E00R,"[""Units\\UnitAbilities.slk:1120"", ""Units\\UnitBalance.slk:10526"", ""Units\\UnitData.slk:5881"", ""Units\\UnitUI.slk:9870"", ""Units\\UnitWeapons.slk:11395"", ""Units\\NightElfUnitStrings.txt:328"", ""Units\\NightElfUnitFunc.txt:585""]","A0JV,A0JW,A0JX,A001","AInv,A0F8",_,24,_,_,*,"R000,R001,R002,R003,R004,R005,R006,R008",AGI,6,2.5,2.5,2.2,13,11,11,600,600,55,55,255,hero,3.7,0.01,100,225,always,1,550,525,1,1,50,3,8,,,,,,_,5,1,1,_,100,_,ground,2,,60,0.4,foot,1,3,2,1,1,9,orc,1,60,60,160,160,_,Shadow,255,255,255,0.7,Flesh,-1,_,_,250,250,30,10,10,1,1.1,0.15,EHero02,Custom_E00R,Magnataur,units\undead\FrostWyrm\FrostWyrm,1,_,0.7,0.3,8,5,2,4,2,2.13,missile,hero,250,500,1,"ground,structure,debris,air,item,ward",_,1,_,0.54,0.46,12,7,2,10,2,1.85,missile,hero,250,400,1,"ground,structure,debris,air,item,ward",_,100,130,,1.1,0.4,650,1,Ледяной Дух,Ирвинг,S,|cffffcc00Л е д я н о й   Д у х |r,test hero.|n|Cffff0000|nCкopocть пepeмeщeния 255.|nДaльнocть aтaки 400.|nТип opyжия - дaльний бoй.,Вocкpecить |cffffcc00Л е д я н о г о   Д у х а |r,Вocкpecить |cffffcc00Л е д я н о г о   Д у х а|r,,"0,0",Abilities\Weapons\LichMissile\LichMissile.mdl,0,900,1,,,,0,,,,,,,Ледяной Дух,[],_,,,1,,2,75,120,120,,,,14,,,,,,,,,,,,,,,,,,,,,,,,,,,,,,,,,,,,,,,,,,,,,,,,,,,,,10,,,,,,,,,,,,,,
n03G,"[""Units\\UnitAbilities.slk:1124"", ""Units\\UnitBalance.slk:10564"", ""Units\\UnitData.slk:5901"", ""Units\\UnitUI.slk:9899"", ""Units\\UnitWeapons.slk:11438"", ""Units\\NeutralUnitStrings.txt:521"", ""Units\\NeutralUnitFunc.txt:584""]",,"A0K4,Aneu,Avul,Apit",_,,_,_,*,_,_,,,,,,,,500,500,3,3,,fort,,,,,none,,150000,150000,,,,,,,,50,,50,"Mechanical,neutral",,1,,_,100,_,structure,,,60,,_,,3,,1,1,1,other,1,,,,,_,_,255,255,255,0.8,Wood,-1,_,_,200,200,50,,,1,0.1,0.15,Neutral02,Custom_n03G,Merchant,null,1,_,,,,,,,,,_,normal,,,1,_,_,1,_,,,,,,,,,_,normal,,,1,_,_,120,60,,0.51,,500,,Opyжeйнaя 5,,,Пpeдмeты бoлee пoдхoдящиe для вoинoв.,,,,ReplaceableTextures\CommandButtons\BTNForge.blp,,,,,,,,,,,,,,,,Opyжeйнaя 5,"[""nQ""]",_,,,,,2,,,,,,4,,,,,,,,,,,,,,,,,,,,,,,,,,,,,,,,,,,,,,,,,,,,,,,,,,,1,,Sells various magic items.,,1,1,"I033,I02V,I03J,I03E,I04E,I06S,I04A,I079,I02W,I091",n03R,,,,,,,,,,
n03H,"[""Units\\UnitAbilities.slk:1127"", ""Units\\UnitBalance.slk:10583"", ""Units\\UnitData.slk:5914"", ""Units\\UnitUI.slk:9925"", ""Units\\UnitWeapons.slk:11457"", ""Units\\NeutralUnitStrings.txt:525"", ""Units\\NeutralUnitFunc.txt:588""]",,"Avul,A0K4",_,,_,_,"O,K",_,_,,,,,,,,,,1,1,,medium,,,,,always,,15,15,,1,,,,,,,,,_,,1,,_,,_,ground,,,60,0.5,_,1,1,3,1,1,,critters,1,35,35,70,70,_,_,255,255,255,1,Flesh,-1,_,_,200,200,20,10,45,1,0.9,0.15,animal,Custom_n03H,_,null,1,_,,,,,,,,,_,normal,,,1,_,_,1,_,,,,,,,,,_,normal,,,1,_,_,60,60,,0.51,,500,,Склад,,S,"Склад, (|cffffcc00S|r)",|cffffcc00Список предметов:|n|c00808080- Духи - Целители|n- Духи - Маны|n- Книга Мертвых|n- Тролль-лекарь|n- Тролль-защитник|n- Статуэтка демона (только мод -в)|n- Кабан|n- Светлячок,,,ReplaceableTextures\PassiveButtons\BTNMerchant.blp,"1,1",,,,,,,,,,,,,,,Склад,"[""IZ""]",_,,,,,2,,,,,,,,,,,,,,,,,,,,,,,,,,,,,,,,,,,,,,,,,,,,,,,,,,,,,,,,,,,,,,,,,,,,,,,,,,
n03I,"[""Units\\UnitAbilities.slk:1130"", ""Units\\UnitBalance.slk:10598"", ""Units\\UnitData.slk:5928"", ""Units\\UnitUI.slk:9954"", ""Units\\UnitWeapons.slk:11476"", ""Units\\NeutralUnitStrings.txt:530"", ""Units\\NeutralUnitFunc.txt:591""]",,"Avul,A0K4",_,,_,_,"O,K",_,_,,,,,,,,,,1,1,,medium,,,,,always,,15,15,,1,,,,,,,,,_,,1,,_,,_,ground,,,60,0.5,_,1,1,3,1,1,,critters,1,35,35,70,70,_,_,255,255,255,1,Flesh,-1,_,_,200,200,20,10,45,1,0.9,0.15,animal,Custom_n03I,_,null,1,_,,,,,,,,,_,normal,,,1,_,_,1,_,,,,,,,,,_,normal,,,1,_,_,60,60,,0.51,,500,,Opyжeйнaя 1,,Q,"Opyжeйнaя 1, (|cffffcc00Q|r)",|cffffcc00Список предметов:|n|c00808080- Рунные Перчатки|n- Огненный Меч|n- Копье Аланита|n- Огромный Топор|n- Меч Пантилуса|n- Боевой Топор|n- Лезвие демона|n- Адские Перчатки|n- Копье Молний|n- Молот|n- Волшебный Лук,,,ReplaceableTextures\PassiveButtons\BTNHuntersHall.blp,"0,0",,,,,,,,,,,,,,,Opyжeйнaя 1,"[""IZ""]",_,,,,,2,,,,,,,,,,,,,,,,,,,,,,,,,,,,,,,,,,,,,,,,,,,,,,,,,,,,,,,,,,,,,,,,,,,,,,,,,,
n03J,"[""Units\\UnitAbilities.slk:1133"", ""Units\\UnitBalance.slk:10613"", ""Units\\UnitData.slk:5942"", ""Units\\UnitUI.slk:9983"", ""Units\\UnitWeapons.slk:11495"", ""Units\\NeutralUnitStrings.txt:535"", ""Units\\NeutralUnitFunc.txt:594""]",,"Avul,A0K4",_,,_,_,"O,K",_,_,,,,,,,,,,1,1,,medium,,,,,always,,15,15,,1,,,,,,,,,_,,1,,_,,_,ground,,,60,0.5,_,1,1,3,1,1,,critters,1,35,35,70,70,_,_,255,255,255,1,Flesh,-1,_,_,200,200,20,10,45,1,0.9,0.15,animal,Custom_n03J,_,null,1,_,,,,,,,,,_,normal,,,1,_,_,1,_,,,,,,,,,_,normal,,,1,_,_,60,60,,0.51,,500,,Opyжeйнaя 2,,W,"Opyжeйнaя 2, (|cffffcc00W|r)",|cffffcc00Список предметов:|n|c00808080- Адская Маска|n- Сапоги-Невидимки|n- Гипер-сапоги|n- Корона Смерти|n- Волшебный Посох|n- Посох Маны|n- Сфера Льда|n- Скипетр Власти|n- Магическое Ожерелье|n- Жезл Огня|n- Перчатки Огня,,,ReplaceableTextures\PassiveButtons\BTNArcaneSanctum.blp,"1,0",,,,,,,,,,,,,,,Opyжeйнaя 2,"[""IZ""]",_,,,,,2,,,,,,,,,,,,,,,,,,,,,,,,,,,,,,,,,,,,,,,,,,,,,,,,,,,,,,,,,,,,,,,,,,,,,,,,,,
n03K,"[""Units\\UnitAbilities.slk:1136"", ""Units\\UnitBalance.slk:10628"", ""Units\\UnitData.slk:5956"", ""Units\\UnitUI.slk:10012"", ""Units\\UnitWeapons.slk:11514"", ""Units\\NeutralUnitStrings.txt:540"", ""Units\\NeutralUnitFunc.txt:597""]",,"Avul,A0K4",_,,_,_,"O,K",_,_,,,,,,,,,,1,1,,medium,,,,,always,,15,15,,1,,,,,,,,,_,,1,,_,,_,ground,,,60,0.5,_,1,1,3,1,1,,critters,1,35,35,70,70,_,_,255,255,255,1,Flesh,-1,_,_,200,200,20,10,45,1,0.9,0.15,animal,Custom_n03K,_,null,1,_,,,,,,,,,_,normal,,,1,_,_,1,_,,,,,,,,,_,normal,,,1,_,_,60,60,,0.51,,500,,Opyжeйнaя 5,,F,"Opyжeйнaя 5, (|cffffcc00F|r)",|cffffcc00Список предметов:|n|c00808080- Магический Шлем|n- Гномья Броня|n- Щит Выносливости|n- Рыцарский Щит|n- Заколдованный щит|n- Мифриловый доспех|n- Щит Феруса|n- Кираса Рыцаря|n- Доспех Бога|n- Доспех Красного Тумана,,,ReplaceableTextures\PassiveButtons\BTNForge.blp,"3,1",,,,,,,,,,,,,,,Opyжeйнaя 5,"[""IZ""]",_,,,,,2,,,,,,,,,,,,,,,,,,,,,,,,,,,,,,,,,,,,,,,,,,,,,,,,,,,,,,,,,,,,,,,,,,,,,,,,,,
n03L,"[""Units\\UnitAbilities.slk:1139"", ""Units\\UnitBalance.slk:10643"", ""Units\\UnitData.slk:5970"", ""Units\\UnitUI.slk:10041"", ""Units\\UnitWeapons.slk:11533"", ""Units\\NeutralUnitStrings.txt:545"", ""Units\\NeutralUnitFunc.txt:600""]",,"Avul,A0K4",_,,_,_,"O,K",_,_,,,,,,,,,,1,1,,medium,,,,,always,,15,15,,1,,,,,,,,,_,,1,,_,,_,ground,,,60,0.5,_,1,1,3,1,1,,critters,1,35,35,70,70,_,_,255,255,255,1,Flesh,-1,_,_,200,200,20,10,45,1,0.9,0.15,animal,Custom_n03L,_,null,1,_,,,,,,,,,_,normal,,,1,_,_,1,_,,,,,,,,,_,normal,,,1,_,_,60,60,,0.51,,500,,Opyжeйнaя 4,,R,"Opyжeйнaя 4, (|cffffcc00R|r)",|cffffcc00Список предметов:|n|c00808080-Клинок Бестелесности|n- Меч Единства|n- Меч Гнева|n- Ледяной меч|n- Секира Ярости|n- Призрачный Меч|n- Сокрушитель|n- Кровавая Луна|n- Молот Титанов|n- Лук Молний|n- Меч Крови,,,ReplaceableTextures\PassiveButtons\BTNWorkshop.blp,"3,0",,,,,,,,,,,,,,,Opyжeйнaя 4,"[""IZ""]",_,,,,,2,,,,,,,,,,,,,,,,,,,,,,,,,,,,,,,,,,,,,,,,,,,,,,,,,,,,,,,,,,,,,,,,,,,,,,,,,,
n03M,"[""Units\\UnitAbilities.slk:1142"", ""Units\\UnitBalance.slk:10658"", ""Units\\UnitData.slk:5984"", ""Units\\UnitUI.slk:10070"", ""Units\\UnitWeapons.slk:11552"", ""Units\\NeutralUnitStrings.txt:550"", ""Units\\NeutralUnitFunc.txt:603""]",,"Avul,A0K4",_,,_,_,"O,K",_,_,,,,,,,,,,1,1,,medium,,,,,always,,15,15,,1,,,,,,,,,_,,1,,_,,_,ground,,,60,0.5,_,1,1,3,1,1,,critters,1,35,35,70,70,_,_,255,255,255,1,Flesh,-1,_,_,200,200,20,10,45,1,0.9,0.15,animal,Custom_n03M,_,null,1,_,,,,,,,,,_,normal,,,1,_,_,1,_,,,,,,,,,_,normal,,,1,_,_,60,60,,0.51,,500,,Opyжeйнaя 3,,E,"Opyжeйнaя 3, (|cffffcc00E|r)",|cffffcc00Список предметов:|n|c00808080- Посох Помощи|n- Щит Смерти|n- Посох Иллюзий|n- Чистейший Свет|n- Посох Света|n- Перчатка Боли|n- Сферический Посох|n- Лунное колье|n- Посох Жизни|n- Теневые Сапоги|n- Знамя победы,,,ReplaceableTextures\PassiveButtons\BTNArcaneVault.blp,"2,0",,,,,,,,,,,,,,,Opyжeйнaя 3,"[""IZ""]",_,,,,,2,,,,,,,,,,,,,,,,,,,,,,,,,,,,,,,,,,,,,,,,,,,,,,,,,,,,,,,,,,,,,,,,,,,,,,,,,,
n03N,"[""Units\\UnitAbilities.slk:1145"", ""Units\\UnitBalance.slk:10673"", ""Units\\UnitData.slk:5998"", ""Units\\UnitUI.slk:10099"", ""Units\\UnitWeapons.slk:11571"", ""Units\\NeutralUnitStrings.txt:555"", ""Units\\NeutralUnitFunc.txt:606""]",,"Avul,A0K4",_,,_,_,"O,K",_,_,,,,,,,,,,1,1,,medium,,,,,always,,15,15,,1,,,,,,,,,_,,1,,_,,_,ground,,,60,0.5,_,1,1,3,1,1,,critters,1,35,35,70,70,_,_,255,255,255,1,Flesh,-1,_,_,200,200,20,10,45,1,0.9,0.15,animal,Custom_n03N,_,null,1,_,,,,,,,,,_,normal,,,1,_,_,1,_,,,,,,,,,_,normal,,,1,_,_,60,60,,0.51,,500,,Бaзoвыe пpeдмeты 1,,Z,"Бaзoвыe пpeдмeты 1, (|cffffcc00Z|r)",|cffffcc00Список предметов:|n|c00808080- Меч|n- Когти|n- Копье|n- Сфера Огня|n- Древняя Перчатка|n- Перчатки Скорости|n- Маска Смерти,,,ReplaceableTextures\PassiveButtons\BTNBlacksmith.blp,"0,2",,,,,,,,,,,,,,,Бaзoвыe пpeдмeты 1,"[""IZ""]",_,,,,,2,,,,,,,,,,,,,,,,,,,,,,,,,,,,,,,,,,,,,,,,,,,,,,,,,,,,,,,,,,,,,,,,,,,,,,,,,,
n03O,"[""Units\\UnitAbilities.slk:1148"", ""Units\\UnitBalance.slk:10688"", ""Units\\UnitData.slk:6012"", ""Units\\UnitUI.slk:10128"", ""Units\\UnitWeapons.slk:11590"", ""Units\\NeutralUnitStrings.txt:560"", ""Units\\NeutralUnitFunc.txt:609""]",,"Avul,A0K4",_,,_,_,"O,K",_,_,,,,,,,,,,1,1,,medium,,,,,always,,15,15,,1,,,,,,,,,_,,1,,_,,_,ground,,,60,0.5,_,1,1,3,1,1,,critters,1,35,35,70,70,_,_,255,255,255,1,Flesh,-1,_,_,200,200,20,10,45,1,0.9,0.15,animal,Custom_n03O,_,null,1,_,,,,,,,,,_,normal,,,1,_,_,1,_,,,,,,,,,_,normal,,,1,_,_,60,60,,0.51,,500,,Бaзoвыe пpeдмeты 2,,X,"Бaзoвыe пpeдмeты 2, (|cffffcc00X|r)",|cffffcc00Список предметов:|n|c00808080- Топор|n- Перчатка Силы|n- Ожерелье|n- Кинжал Разбойника|n- Мантия|n- Посох,,,ReplaceableTextures\PassiveButtons\BTNMercenaryCamp.blp,"1,2",,,,,,,,,,,,,,,Бaзoвыe пpeдмeты 2,"[""IZ""]",_,,,,,2,,,,,,,,,,,,,,,,,,,,,,,,,,,,,,,,,,,,,,,,,,,,,,,,,,,,,,,,,,,,,,,,,,,,,,,,,,
n03P,"[""Units\\UnitAbilities.slk:1151"", ""Units\\UnitBalance.slk:10703"", ""Units\\UnitData.slk:6026"", ""Units\\UnitUI.slk:10157"", ""Units\\UnitWeapons.slk:11609"", ""Units\\NeutralUnitStrings.txt:565"", ""Units\\NeutralUnitFunc.txt:612""]",,"Avul,A0K4",_,,_,_,"O,K",_,_,,,,,,,,,,1,1,,medium,,,,,always,,15,15,,1,,,,,,,,,_,,1,,_,,_,ground,,,60,0.5,_,1,1,3,1,1,,critters,1,35,35,70,70,_,_,255,255,255,1,Flesh,-1,_,_,200,200,20,10,45,1,0.9,0.15,animal,Custom_n03P,_,null,1,_,,,,,,,,,_,normal,,,1,_,_,1,_,,,,,,,,,_,normal,,,1,_,_,60,60,,0.51,,500,,Эликcиpы и нaпитки,,A,"Эликcиpы и нaпитки, (|cffffcc00A|r)",|cffffcc00Список предметов:|n|c00808080- Отвар Здоровья|n- Отвар Маны|n- Эликсир Здоровья|n- Эликсир Маны|n- Порошок Прозрения|n- Эликсир невидимости|n- Свиток Возрождения|n- Антимагический Эликсир|n- Эликсир бессмертия|n- Свиток Тайного Знания,,,ReplaceableTextures\PassiveButtons\BTNVoodooLounge.blp,"0,1",,,,,,,,,,,,,,,Эликcиpы и нaпитки,"[""IZ""]",_,,,,,2,,,,,,,,,,,,,,,,,,,,,,,,,,,,,,,,,,,,,,,,,,,,,,,,,,,,,,,,,,,,,,,,,,,,,,,,,,
n03Q,"[""Units\\UnitAbilities.slk:1154"", ""Units\\UnitBalance.slk:10718"", ""Units\\UnitData.slk:6040"", ""Units\\UnitUI.slk:10186"", ""Units\\UnitWeapons.slk:11628"", ""Units\\NeutralUnitStrings.txt:570"", ""Units\\NeutralUnitFunc.txt:615""]",,"A0K4,Aneu,Avul,Apit",_,,_,_,*,_,_,,,,,,,,500,500,3,3,,fort,,,,,none,,150000,150000,,,,,,,,50,,50,"Mechanical,neutral",,1,,_,100,_,structure,,,60,,_,,3,,1,1,1,other,1,,,,,_,_,255,255,255,0.65,Wood,-1,_,_,200,200,50,,,1,1.6,0.15,Neutral02,Custom_n03Q,Merchant,buildings\undead\AltarOfDarkness\AltarOfDarkness,1,_,,,,,,,,,_,normal,,,1,_,_,1,_,,,,,,,,,_,normal,,,1,_,_,120,60,,0.51,,500,,Предметы,,,Предметы,,,,ReplaceableTextures\CommandButtons\BTNAltarOfDarkness.blp,,,,,,,,,,,,,,,,Предметы,"[""nQ""]",_,,,,,2,,,,,-2048,4,,,,,,,,,,,,,,,,,,,,,,,,,,,,,,,,,,,,,,,,,,,,,,,,,,,1,,Sells various magic items.,,1,1,,"n03I,n03J,n03M,n03L,n03K,n04Y,n05A,n03N,n03O,n03T,n03H,n03P",,,,,,,,,,
n03R,"[""Units\\UnitAbilities.slk:1157"", ""Units\\UnitBalance.slk:10737"", ""Units\\UnitData.slk:6053"", ""Units\\UnitUI.slk:10213"", ""Units\\UnitWeapons.slk:11647"", ""Units\\NeutralUnitStrings.txt:574"", ""Units\\NeutralUnitFunc.txt:619""]",,"Avul,A0K4",_,,_,_,"O,K",_,_,,,,,,,,,,1,1,,medium,,,,,always,,15,15,,1,,,,,,,,,_,,1,,_,,_,ground,,,60,0.5,_,1,1,3,1,1,,critters,1,35,35,70,70,_,_,255,255,255,1,Flesh,-1,_,_,200,200,20,10,45,1,0.9,0.15,animal,Custom_n03R,_,null,1,_,,,,,,,,,_,normal,,,1,_,_,1,_,,,,,,,,,_,normal,,,1,_,_,60,60,,0.51,,500,,Назад,,V,"Назад, (|cffffcc00V|r)",,,,ReplaceableTextures\CommandButtons\BTNCancel.blp,"3,2",,,,,,,,,,,,,,,Назад,"[""IZ""]",_,,,,,2,,,,,,,,,,,,,,,,,,,,,,,,,,,,,,,,,,,,,,,,,,,,,,,,,,,,,,,,,,,,,,,,,,,,,,,,,,
U00C,"[""Units\\UnitAbilities.slk:1160"", ""Units\\UnitBalance.slk:10752"", ""Units\\UnitData.slk:6067"", ""Units\\UnitUI.slk:10242"", ""Units\\UnitWeapons.slk:11666"", ""Units\\UndeadUnitStrings.txt:260"", ""Units\\UndeadUnitFunc.txt:465""]","A0PP,A0XS,A0XV,A0XT,A001","AInv,A0F8",_,24,_,_,*,"R000,R001,R002,R003,R004,R005,R006,R008",STR,6,1.6,2.6,3,6,13,16,600,600,55,55,245,hero,2.8,0.05,100,270,always,1,600,538,1,1,50,3,8,,,,,,_,5,1,1,_,100,_,ground,,4,60,0.5,foot,1,3,2,1,1,9,orc,1,60,60,160,160,_,Shadow,255,255,255,0.75,Flesh,-1,_,WoodHeavyBash,240,240,50,10,10,1,1.4,0.15,UHero03,Custom_U00C,DoomGuard,units\demon\DoomGuard\DoomGuard,1,_,0.55,0.55,8,5,2,4,2,2.13,missile,hero,250,500,1,"ground,structure,debris,air,item,ward",_,1,_,0.55,0.55,12,7,2,7,2,2,normal,hero,250,120,1,"ground,structure,debris,air,item,ward",MetalMediumSlice,100,60,,1.53,0.3,500,1,Привратник Ада,Мордрейд,F,|cffffcc00П р и в р а т н и к   А д а |r (F),"Мордрейд - павший рыцарь погибший от руки Лорда подземелья и переродившись в Привратника ада. Умеет бросать адский огонь - |cff808070огненный шар|r. Контролирует подземелье и своих подчиненных, умеет |cff808070призывать бесов|r. Повелевает ими, применяя |cff808070адский рык|r. Не одолевших врагов своих, переносит в |cff808070чистилище|r где устраивает им расправу. Способен |c00FF8000воспламенять|r своих подчиненных, усиливая их способности.|n|Cffff0000|nCкopocть пepeмeщeния 245.|nТип атаки - ближний бoй.|R",Вocкpecить |cffffcc00П р и в р а т н и к   А д а |r,Вocкpecить |cffffcc00П р и в р а т н и к   А д а |r,ReplaceableTextures\CommandButtons\BTNDoomGuard.blp,"3,1",,,,,,,,,,,,Objects\Spawnmodels\Undead\UndeadLargeDeathExplode\UndeadLargeDeathExplode.mdl,medium,ReplaceableTextures\CommandButtons\BTNDoomGuard.blp,Привратник Ада,"[""mH"", ""qH"", ""nQ"", ""OQ""]",_,4,,1,,2,110,,,,,,5,,,,,,,,,,,,,,,,,,,,,,,,,,,,,,,,,,,,,,,,,,,0,,,,,,,,,,10,,,,,,,,,,,,,,
h015,"[""Units\\UnitAbilities.slk:1164"", ""Units\\UnitBalance.slk:10791"", ""Units\\UnitData.slk:6085"", ""Units\\UnitUI.slk:10271"", ""Units\\UnitWeapons.slk:11709"", ""Units\\HumanUnitStrings.txt:394"", ""Units\\HumanUnitFunc.txt:676""]",,"Aloc,Avul,A0K4",_,,_,_,*,_,_,,,,,,,,100,100,20,20,,large,2,,,,always,0.25,420,99999,30,3,20,3,6,,,135,,135,_,,1,,_,100,_,ground,,,60,3,foot,1,9,2,1,1,6,orc,1,50,50,140,140,_,_,255,255,255,1,Metal,-1,_,MetalMediumSlice,99999,99999,,,,1,1,,HUnit02,Custom_h015,Footman,dammy,1,_,,,,,,,,,_,normal,,,1,_,_,1,_,0.5,0.5,13,12.5,12,2,1,1.35,normal,normal,250,90,1,"ground,structure,debris,item,ward",MetalMediumSlice,,,,,,500,,dammy,,,,,,,ReplaceableTextures\CommandButtons\BTNDoomGuard.blp,"0,0",,,,,,,,,,,,Objects\Spawnmodels\Human\HumanLargeDeathExplode\HumanLargeDeathExplode.mdl,,,dammy,[],_,2,,,,2,,,,,,,11,,,,,,,,,,,,,,,,,,,,,,,,,,,,,,,,,,,,,,,,,,,,,,,,,,,,,,,,,,,,,,,,,,,
h016,"[""Units\\UnitAbilities.slk:1167"", ""Units\\UnitBalance.slk:10817"", ""Units\\UnitData.slk:6101"", ""Units\\UnitUI.slk:10296"", ""Units\\UnitWeapons.slk:11736"", ""Units\\HumanUnitStrings.txt:399"", ""Units\\HumanUnitFunc.txt:680""]",,"Aloc,Avul,A0K4",_,31,_,_,*,"Rhar,Rhme,Rhde,Rhpm,Rguv",_,,,,,,,,100,100,20,20,270,large,2,,,,always,0.25,420,10000,30,3,20,3,6,,,135,,135,_,,1,,_,100,_,ground,,,60,0.6,foot,1,3.04,2,1,1,6,orc,,50,50,140,140,_,_,255,255,255,1.1,Metal,-1,_,MetalMediumSlice,210,210,20,10,10,1,1,,HUnit02,Custom_h016,_,units\orc\HeroBladeMaster\HeroBladeMaster,1,_,,,,,,,,,_,normal,,,1,_,_,1,_,0.5,0.5,13,12.5,12,2,1,1.35,normal,normal,250,90,1,"ground,structure,debris,item,ward",MetalMediumSlice,60,60,,,,500,,Орн,,F,,,,,ReplaceableTextures\CommandButtons\BTNHeroBlademaster.blp,"0,0",,,,,,,,,,,,,,,Орн,"[""Tw""]",_,2,,,,2,,,,,,,11,,,,,,,,,,,,,,,,,,,,,,,,,,,,,,,,,,,,,,,,,,,,,,,,,,,,,,,,,,,,,,,,,,,
O00H,"[""Units\\UnitAbilities.slk:1170"", ""Units\\UnitBalance.slk:10845"", ""Units\\UnitData.slk:6117"", ""Units\\UnitUI.slk:10323"", ""Units\\UnitWeapons.slk:11765"", ""Units\\CampaignUnitStrings.txt:149"", ""Units\\CampaignUnitFunc.txt:179""]",,AInv,_,24,_,_,*,"R000,R001,R002,R003,R004,R005,R006,R008",AGI,6,3.25,1.5,2.25,19,5,11,600,600,55,55,275,hero,4.9,0.05,100,240,always,1,575,530,1,1,50,3,8,,,,,,_,5,1,1,_,100,_,ground,,5,60,0.6,foot,1,1.9,2,1,1,11,orc,1,70,70,140,140,_,Shadow,255,255,255,0.9,Flesh,-1,_,MetalHeavySlice,290,290,50,10,10,1,1.15,0.15,,Custom_O00H,Grom,units\orc\Hellscream\Hellscream,1,_,0.5,0.5,8,5,2,4,2,2.13,missile,hero,250,500,1,"ground,structure,debris,air,item,ward",_,1,_,0.5,0.5,24,13,2,12,2,1.85,normal,hero,250,120,1,"ground,structure,debris,air,item,ward",MetalHeavySlice,60,60,,0.51,0.3,500,1,Королевский копейщик (test),Арт'ар,,|cffffcc00К о р о л е в с к и й   к о п е й щ и к |r,test hero|n|Cffff0000|nCкopocть пepeмeщeния 275.|nДaльнocть aтaки 100.|nТип атаки - ближний бoй.|R,Вocкpecить |cffffcc00К о р о л е в с к о г о   к о п е й щ и к а|r,Вocкpecить |cffffcc00К о р о л е в с к о г о   к о п е й щ и к а|r,ReplaceableTextures\CommandButtons\BTNHellScream.blp,"3,1",,,,,,,,,,,,Objects\Spawnmodels\Orc\OrcLargeDeathExplode\OrcLargeDeathExplode.mdl,,ReplaceableTextures\CommandButtons\BTNHellScream.blp,Королевский копейщик (test),[],_,,,1,,2,75,,,,,,,,,,,,,,,,,,,,,,,,,,,,,,,,,,,,,,,,,,,,,,,,,,,,,,,,,,,10,,,,,,,,,,,,,,
n03S,"[""Units\\UnitAbilities.slk:1173"", ""Units\\UnitBalance.slk:10883"", ""Units\\UnitData.slk:6135"", ""Units\\UnitUI.slk:10351"", ""Units\\UnitWeapons.slk:11807"", ""Units\\NeutralUnitStrings.txt:579"", ""Units\\NeutralUnitFunc.txt:622""]",,"A0K4,Aneu,Avul,Apit",_,,_,_,*,_,_,,,,,,,,500,500,3,3,,fort,,,,,none,,150000,150000,,,,,,,,50,,50,"Mechanical,neutral",,1,,_,100,_,structure,,,60,,_,,3,,1,1,1,other,1,,,,,_,_,255,255,255,0.65,Wood,-1,_,_,200,200,50,,,1,0.1,0.15,Neutral02,Custom_n03S,Merchant,null,1,_,,,,,,,,,_,normal,,,1,_,_,1,_,,,,,,,,,_,normal,,,1,_,_,120,60,,0.51,,500,,Бaзoвыe пpeдмeты 3,,,Бaзoвыe пpeдмeты 3,,,,ReplaceableTextures\CommandButtons\BTNAmmoDump.blp,,,,,,,,,,,,,,,,Бaзoвыe пpeдмeты 3,"[""nQ""]",_,,,,,2,,,,,,4,,,,,,,,,,,,,,,,,,,,,,,,,,,,,,,,,,,,,,,,,,,,,,,,,,,1,,Sells various magic items.,,1,1,"I04S,I04I,I04U,I04N,I04T,I04G,I04L,I04K,I03K,I04Y",n03R,,,,,,,,,,
n03T,"[""Units\\UnitAbilities.slk:1176"", ""Units\\UnitBalance.slk:10902"", ""Units\\UnitData.slk:6148"", ""Units\\UnitUI.slk:10377"", ""Units\\UnitWeapons.slk:11826"", ""Units\\NeutralUnitStrings.txt:583"", ""Units\\NeutralUnitFunc.txt:626""]",,"Avul,A0K4",_,,_,_,"O,K",_,_,,,,,,,,,,1,1,,medium,,,,,always,,15,15,,1,,,,,,,,,_,,1,,_,,_,ground,,,60,0.5,_,1,1,3,1,1,,critters,1,35,35,70,70,_,_,255,255,255,1,Flesh,-1,_,_,200,200,20,10,45,1,0.9,0.15,animal,Custom_n03T,_,null,1,_,,,,,,,,,_,normal,,,1,_,_,1,_,,,,,,,,,_,normal,,,1,_,_,60,60,,0.51,,500,,Бaзoвыe пpeдмeты 3,,C,"Бaзoвыe пpeдмeты 3, (|cffffcc00C|r)",|cffffcc00Список предметов:|n|c00808080- Рог Ветров|n- Камень маны|n- Сапог|n- Маска|n- Рунные браслеты|n- Амулет Защиты|n- Кольцо Регенерации|n- Кольцо Защиты|n- Амулет|n- Шлем,,,ReplaceableTextures\PassiveButtons\BTNAmmoDump.blp,"2,2",,,,,,,,,,,,,,,Бaзoвыe пpeдмeты 3,"[""IZ""]",_,,,,,2,,,,,,,,,,,,,,,,,,,,,,,,,,,,,,,,,,,,,,,,,,,,,,,,,,,,,,,,,,,,,,,,,,,,,,,,,,
E00Q,"[""Units\\UnitAbilities.slk:1179"", ""Units\\UnitBalance.slk:10917"", ""Units\\UnitData.slk:6162"", ""Units\\UnitUI.slk:10406"", ""Units\\UnitWeapons.slk:11845"", ""Units\\NightElfUnitStrings.txt:336"", ""Units\\NightElfUnitFunc.txt:599""]","A0PM,A0IK,A0JX,A0MF,A001","AInv,A0F8",_,24,_,_,*,"R000,R001,R002,R003,R004,R005,R006,R008",STR,6,1,2.1,2.7,4,18,13,600,600,55,55,240,hero,3.7,0.05,100,225,always,1.15,550,400,1,1,30,3,8,,,,,,_,5,1,1,_,100,_,ground,2,,60,3,hover,1,3,2,1,1,9,orc,1,85,85,200,200,_,_,255,255,255,1.4,Flesh,-1,_,_,200,200,30,25,25,1,1.4,0.15,EHero02,Custom_E00Q,Wisp,Wisp,1,_,0.7,0.3,8,5,2,4,2,2.13,missile,hero,250,500,1,"ground,structure,debris,air,item,ward",_,1,_,0.4,0.15,12,7,2,4,2,2,missile,hero,250,325,1,"ground,structure,debris,air,item,ward",_,60,100,,0.51,0.001,650,1,Звезда,Ецелон,Z,|cffffcc00З в е з д а |r (Z),"Звезда - это наше солнце. Никто не знает зачем она прибыла и какие интересы преследует. Способна пускать |cff808070потоки энергии|r, терять форму оставаясь |cff808070за гранью|r. Призвав портал, способна переместить к ему, |cff808070пространственным сдвигом|r, врагов и союзников. |cff808070Сверхновая|r звезда не может сразу получить смертельный урон.|n|n|Cffff0000Cкopocть пepeмeщeния 240.|nТип атаки - дaльний бoй. (325)|R",Вocкpecить |cffffcc00З в е з д у |r,Вocкpecить |cffffcc00З в е з д у |r,ReplaceableTextures\CommandButtons\BTNWispSplode.blp,"0,2",Abilities\Spells\Undead\AbsorbMana\AbsorbManaBirthMissile.mdl,0.15,900,1,,,,0,,,,Objects\Spawnmodels\NightElf\NightElfLargeDeathExplode\NightElfLargeDeathExplode.mdl,medium,ReplaceableTextures\CommandButtons\BTNWispSplode.blp,Звезда,"[""mH"", ""qH"", ""nP"", ""nQ"", ""OQ""]",_,1,,1,,2,125,30,30,,,,2,,,,,,,,,,,,,,,,,,,,,,,,,,,,,,,,,,,,,,,,,,,,,,,,,,,,,10,,,,,,,,,,,,,,
n03U,"[""Units\\UnitAbilities.slk:1183"", ""Units\\UnitBalance.slk:10956"", ""Units\\UnitData.slk:6182"", ""Units\\UnitUI.slk:10435"", ""Units\\UnitWeapons.slk:11888"", ""Units\\NeutralUnitStrings.txt:588"", ""Units\\NeutralUnitFunc.txt:629""]",,"Aloc,Avul,A0K4",_,,_,_,*,_,_,,,,,,,,100,100,1,1,100,medium,,,,,always,99,15,9999,,,,,,,,,,,_,,1,,_,100,_,ground,4,,60,3,hover,1,0.1,2,1,1,1,orc,1,,,,,_,_,255,255,255,1.3,Flesh,-1,_,_,200,200,20,,,1,0.9,0.15,animal,Custom_n03U,,AcceleratorGateBlue,1,_,,,,,,,,,_,normal,,,1,_,_,1,_,,,,,,,,,_,normal,,,1,_,_,60,60,,,,,,Поток энергии,,,,,,,ReplaceableTextures\WorldEditUI\StartingLocation.blp,"0,0",,,,,,,,,,,,,,,Поток энергии,"[""x8v"", ""oAv""]",_,,,,,2,,45,45,,,,,,,,,,,,,,,,,,,,,,,,,,,,,,,,,,,,,,,,,,,,,,,,,,,100,,,,,,,,,,,,,,,,,,,,
n03V,"[""Units\\UnitAbilities.slk:1186"", ""Units\\UnitBalance.slk:10975"", ""Units\\UnitData.slk:6201"", ""Units\\UnitUI.slk:10457"", ""Units\\UnitWeapons.slk:11905"", ""Units\\NeutralUnitStrings.txt:592"", ""Units\\NeutralUnitFunc.txt:632""]",,"Aloc,Avul,A0K4",_,,_,_,*,_,_,,,,,,,,100,100,1,1,100,medium,,,,,always,99,15,9999,,,,,,,,,,,_,,1,,_,100,_,ground,4,,60,3,foot,1,0.1,2,1,1,1,orc,1,,,,,_,_,255,255,255,1,Flesh,-1,_,_,200,200,20,,,1,0.9,0.15,animal,Custom_n03V,,RefreshingSurge,1,_,,,,,,,,,_,normal,,,1,_,_,1,_,,,,,,,,,_,normal,,,1,_,_,60,60,,,,,,Портал,,,,,,,ReplaceableTextures\WorldEditUI\StartingLocation.blp,"0,0",,,,,,,,,,,,,,,Портал,"[""oiv"", ""oAv""]",_,,,,,2,,,,,,,,,,,,,,,,,,,,,,,,,,,,,,,,,,,,,,,,,,,,,,,,,,,,,,100,,,,,,,,,,,,,,,,,,,,
H017,"[""Units\\UnitAbilities.slk:1189"", ""Units\\UnitBalance.slk:10994"", ""Units\\UnitData.slk:6218"", ""Units\\UnitUI.slk:10479"", ""Units\\UnitWeapons.slk:11922"", ""Units\\CampaignUnitStrings.txt:157"", ""Units\\CampaignUnitFunc.txt:184""]","A0MI,A0MP,A0MR,A0MS,A001","AInv,A0F8",_,24,_,_,*,"R000,R001,R002,R003,R004,R005,R006,R008",STR,6,2,2,3,8,5,22,600,600,40,40,245,hero,3.9,0.05,100,255,always,1.25,650,465,1,3,50,3,8,,,,,,_,5,1,1,_,100,_,ground,,5,60,0.6,foot,1,3.14,2,1,1,10,orc,1,80,80,190,190,_,Shadow,255,255,255,0.9,Metal,-1,_,MetalHeavyBash,240,240,30,10,10,1,1.6,0.3,,Custom_H017,Tauren,units\orc\Tauren\Tauren,1,_,0.567,0.433,8,5,2,4,2,2.13,missile,hero,250,500,1,"ground,structure,debris,air,item,ward",_,1,_,0.863,0.467,12,7,2,9,2,1.9,normal,hero,250,120,1,"ground,structure,debris,air,item,ward",WoodHeavyBash,60,60,,0.59,0.68,500,1,Минотавр - Чемпион,Кранк,X,|cffffcc00М и н о т а в р  -  Ч е м п и о н |r (X),"Яростные воины, которые вселяют страх во врагов и от которых практически нельзя убежать. Таким является Кранк, он способен |cff808070сокрушать|r своим тотемом нескольких врагов одновременно.  Может ворваться в самую глубь сражений - |cff808070прыжком чемпиона|r. Множественные сражения закалили его тело, получая урон он его блокирует - |cff808070накопленная ярость|r, при этом усиляя атаку. Минотавр не жалует слабых, он их |cff808070добивает|r.|n|Cffff0000|nCкopocть пepeмeщeния 245.|nТип атаки - ближний бoй.|R",Вocкpecить |cffffcc00М и н о т а в р а  -  Ч е м п и о н а|r,Вocкpecить |cffffcc00М и н о т а в р а  -  Ч е м п и о н а|r,ReplaceableTextures\CommandButtons\BTNTauren.blp,"1,2",,,,,,,,,,,,Objects\Spawnmodels\Orc\OrcLargeDeathExplode\OrcLargeDeathExplode.mdl,,ReplaceableTextures\CommandButtons\BTNTauren.blp,Минотавр - Чемпион,"[""mH"", ""qH"", ""nQ"", ""OQ""]",_,4,,1,,2,75,,,,,,,,,,,,,,,,,,,,,,,,,,,,,,,,,,,,,,,,,,,,,,,,,,,,,,,,,,,10,,,,,,,,,,,,,,
n03W,"[""Units\\UnitAbilities.slk:1193"", ""Units\\UnitBalance.slk:11033"", ""Units\\UnitData.slk:6236"", ""Units\\UnitUI.slk:10507"", ""Units\\UnitWeapons.slk:11964"", ""Units\\NeutralUnitStrings.txt:596"", ""Units\\NeutralUnitFunc.txt:635""]",,"A0MU,Avul,A0K4",_,,_,_,_,_,_,,,,,,,,,,1,1,,fort,,,,,always,100,15,1,,,,,,,,,,,"mechanical,neutral,peon",,,,_,,_,air,4,,,3,_,1,1,,1,1,,human,1,30,30,60,60,_,_,255,255,255,,Wood,-1,_,_,110,110,20,25,33,1,0.1,0.15,animal,Custom_n03W,_,dammy,1,_,,,,,,,,,_,normal,,,1,_,_,1,_,,,,,,,,,_,normal,,,1,_,_,60,60,,0.51,,500,,Улучшения,,,Улучшения,,,,ReplaceableTextures\CommandButtons\BTNStatUp.blp,"0,0",,,,,,,,,,,,,,,Улучшения,"[""Cp"", ""nP"", ""gq"", ""Gq"", ""Jq"", ""EQ"", ""us"", ""Rw"", ""Qy"", ""gY"", ""pZ""]",_,,,,1,,,-100,-100,,-4096,,,,,,,,,,,,,,,,,,,,,,,,1,,,,,"R004,R005,R001,R000,R002,R003,R006,R008",,,,,,,,,,,,,,,,,,,,,,,,,,,,1,,"n04S,n061",,,,,,,,,,
U00D,"[""Units\\UnitAbilities.slk:1196"", ""Units\\UnitBalance.slk:11049"", ""Units\\UnitData.slk:6250"", ""Units\\UnitUI.slk:10537"", ""Units\\UnitWeapons.slk:11983"", ""Units\\CampaignUnitStrings.txt:165"", ""Units\\CampaignUnitFunc.txt:189""]","A0MY,A0MZ,A0N7,A0N1,A001","AInv,A0F8",_,24,_,_,*,"R000,R001,R002,R003,R004,R005,R006,R008",INT,10,1.9,3.1,2.1,6,16,13,600,600,55,55,255,hero,3.1,0.01,100,300,always,1.15,2525,525,1,1,50,3,8,,,,,,_,5,1,1,_,100,_,ground,2,,60,0.5,foot,1,3,2,1,1,12,orc,1,50,50,140,140,_,Shadow,255,255,255,1.1,Flesh,-1,_,_,200,200,50,5,5,1,1.3,0.15,UUnit16,Custom_U00D,PitLord,units\demon\EredarWarlockPurple\EredarWarlockPurple,1,_,0.6,0.5,8,5,2,4,2,2.13,missile,hero,250,500,1,"ground,structure,debris,air,item,ward",_,1,_,0.6,0.5,120,63,6,4,2,1.9,missile,hero,250,450,1,"ground,structure,debris,air,item,ward",_,90,120,,0.51,0.3,600,1,Демонолог,Кернунн,Z,|cffffcc00Д е м о н о л о г|R (Z),"Кepнунн - давно утpaтил cвoю душу, нo взaмeн пoлучил pяд дeмoничecких зaклинaний. Тeпepь oн cпocoбeн нaклaдывaть |cFF808080демонические пeчaти|r, нaнocя возрастающий уpoн. Способен наносить |cFF808080прикосновением тьмы|r, дoпoлнитeльный уpoн, зaвиcящий oт тeкущeгo зaпaca здopoвья. |cFF808080мастерство демонологии|r увеличивает здоровье призванных, а так же служит для передачи  здopoвья. Пo cлухaм caм тeмный лopд  научил его |cFF808080ритуалу призыва|r, из кoтopoгo пoявляютcя юниты предыдущей вoлны и cpaжaютcя нa cтopoнe дeмoнoлогa.|n|n|Cffff0000Cкopocть пepeмeщeния 255.|nТип атаки - дaльний бoй. (450)|R",Воскресить |cffffcc00Д е м о н о л о г а|R,Воскресить |cffffcc00Д е м о н о л о г а|R,ReplaceableTextures\CommandButtons\BTNEredarWarlockPurple.blp,"0,2",Dem_missile.mdl,0.12,900,1,,,,,,,,,medium,ReplaceableTextures\CommandButtons\BTNEredarWarlockPurple.blp,Демонолог,"[""mH"", ""qH"", ""nQ"", ""OQ"", ""V3"", ""A3""]",_,,,1,,2,75,,,,,,6,40,,,,,,,,,,,,,,,,,,,,,,,,,,,,,,,,,,,,,,,,,,,,,,,,,,,,10,,,,,,,,,,,,,,
n03X,"[""Units\\UnitAbilities.slk:1200"", ""Units\\UnitBalance.slk:11087"", ""Units\\UnitData.slk:6268"", ""Units\\UnitUI.slk:10566"", ""Units\\UnitWeapons.slk:12027"", ""Units\\NeutralUnitStrings.txt:600"", ""Units\\NeutralUnitFunc.txt:640""]",,"Aloc,Avul,A0K4",_,,_,_,*,_,_,,,,,,,,,,1,1,100,medium,,,,,none,,15,1,,,,,,,,,,,_,,1,,_,100,_,ground,4,,60,0.5,_,1,1,2,1,1,1,orc,1,35,35,70,70,_,_,255,255,255,0.6,Flesh,-1,_,_,200,200,20,10,45,1,0.9,0.15,animal,Custom_n03X,_,Ritual_Sum,1,_,,,,,,,,,_,normal,,,1,_,_,1,_,,,,,,,,,_,normal,,,1,_,_,60,60,,0.51,,500,,Ритуал призыва,,,,,,,ReplaceableTextures\CommandButtons\BTNPortal.blp,"0,0",,,,,,,,,,,,,,,Ритуал призыва,"[""esv""]",_,,,,,2,,,,,,,,,,,,,,,,,,,,,,,,,,,,,,,,,,,,,,,,,,,,,,,,,,,,,,100,,,,,,,,,,,,,,,,,,,,
N03Y,"[""Units\\UnitAbilities.slk:1203"", ""Units\\UnitBalance.slk:11103"", ""Units\\UnitData.slk:6285"", ""Units\\UnitUI.slk:10595"", ""Units\\UnitWeapons.slk:12046"", ""Units\\NeutralUnitStrings.txt:604"", ""Units\\NeutralUnitFunc.txt:643""]","A0WR,A0NG,A0NJ,A0NO,A001",AInv,_,24,_,_,*,"R000,R001,R002,R003,R004,R005,R006,R008",INT,6,2.5,4,,14,21,,600,600,55,55,250,hero,0.1,0.01,100,270,always,1.25,700,480,1,1,50,3,8,,,,,,_,5,1,1,_,100,_,ground,,5,60,0.6,foot,1,3.67,2,1,1,9,orc,1,50,50,140,140,_,Shadow,255,255,255,0.8,Flesh,-1,_,WoodHeavyBash,250,250,50,10,10,1,1.5,0.15,alchemist,Custom_N03Y,HeroGoblinAlchemist,Units\Creeps\HeroGoblinAlchemist\HeroGoblinAlchemist,1,_,0.65,0.35,30,16.5,3,10,3,2.5,missile,hero,250,500,1,"ground,structure,debris,air,item,ward",_,1,_,0.65,0.35,30,16.5,3,10,3,1.85,normal,hero,250,120,1,"ground,structure,debris,air,item,ward",WoodHeavyBash,60,60,,0.5,0.4,500,1,Aлхимик,Слик | Рет,Z,|cffffcc00А л х и м и к|r (Z),"Гоблин-алхимик по имени Слик, нашел одного умирающего огра, которого он излечил и дал незамысловатое имя Рет. Теперь они одно целое, Слик испытывает |cff808070единство|r с огром увеличивая обоим разум и силу. Различные |cff808070огненные зелья|r и |cff808070зелья скорости|r наносят урон врагам и ускоряют огра, но применение зелий таит в себе |cff808070побочный эффект|r.|n|Cffff0000|nCкopocть пepeмeщeния 250.|nТип атаки - ближний бoй.|R",Вocкpecить |cffffcc00А л х и м и к а |r,Вocкpecить |cffffcc00А л х и м и к а |r,ReplaceableTextures\CommandButtons\BTNHeroAlchemist.blp,"0,2",Abilities\Weapons\BrewmasterMissile\BrewmasterMissile.mdl,0.15,900,,,,,0,,,,Objects\Spawnmodels\Human\HumanLargeDeathExplode\HumanLargeDeathExplode.mdl,large,ReplaceableTextures\CommandButtons\BTNHeroAlchemist.blp,Aлхимик,"[""mH"", ""qH"", ""nQ"", ""OQ"", ""V3"", ""A3""]",_,,,1,,2,75,,,,,,,,,,,,,,,,,,,,,,,,,,,,,,,,,,,,,,,,,,,,,,,,,,,,,,,,,,,10,,,,,,,,,,,,,,
H018,"[""Units\\UnitAbilities.slk:1207"", ""Units\\UnitBalance.slk:11139"", ""Units\\UnitData.slk:6303"", ""Units\\UnitUI.slk:10624"", ""Units\\UnitWeapons.slk:12088"", ""Units\\HumanUnitStrings.txt:404"", ""Units\\HumanUnitFunc.txt:684""]","A0NS,A0NT,A0NU,A0NY","AInv,A0F8",_,24,_,_,*,"R000,R001,R002,R003,R004,R005,R006,R008",INT,6,2.1,3,2.2,7,20,8,600,600,55,55,270,hero,2.2,0.01,100,285,always,1.15,550,525,1,1,50,3,8,,,,,,_,5,1,1,_,100,_,ground,2,4,60,0.6,foot,1,1.87,2,1,1,9,orc,1,50,50,120,120,_,Shadow,255,255,255,1.15,Flesh,-1,_,_,200,200,30,10,10,1,1.35,0.15,HHero04,Custom_H018,Sorceress,units\human\Sorceress\Sorceress,1,_,0.85,0.55,8,5,2,4,2,2.13,missile,hero,250,500,1,"ground,structure,debris,air,item,ward",_,1,_,0.78,0.75,8,5,2,11,2,1.9,missile,hero,250,600,1,"ground,structure,debris,air,item,ward",_,60,85,,1.08,0.45,600,1,Элементалист,Элиада,B,|cffffcc00Э л е м е н т а л и с т |r,test.|n|Cffff0000|nCкopocть пepeмeщeния 250.|nДaльнocть aтaки 600.|nТип атаки - дaльний бoй.|R,Вocкpecить |cffffcc00Э л е м е н т а л и с т a |r,Вocкpecить |cffffcc00Э л е м е н т а л и с т a |r,,"1,2",Abilities\Weapons\SorceressMissile\SorceressMissile.mdl,0.15,900,1,,,,0,,,,Objects\Spawnmodels\Human\HumanLargeDeathExplode\HumanLargeDeathExplode.mdl,,,Элементалист,"[""mH"", ""qH""]",_,,,1,,2,75,,,,,,4,,,,,,2,,,,,,,,,,,,,,,,,,,,,,,,,,,,,,,,,,,,,,,,,,,,,,,10,,,,,,,,,,,,,,
h019,"[""Units\\UnitAbilities.slk:1211"", ""Units\\UnitBalance.slk:11177"", ""Units\\UnitData.slk:6322"", ""Units\\UnitUI.slk:10654"", ""Units\\UnitWeapons.slk:12131"", ""Units\\HumanUnitStrings.txt:412"", ""Units\\HumanUnitFunc.txt:697""]",,"Aloc,A0K4",_,,_,_,*,_,_,,,,,,,,100,100,20,20,,large,2,,,,always,0.25,420,99999,30,3,20,3,6,,,135,,135,_,,1,,_,100,_,ground,,,60,3,fly,1,9,2,1,1,6,orc,1,50,50,140,140,_,_,255,255,255,1,Metal,-1,_,MetalMediumSlice,99999,99999,,,,1,1,,HUnit02,Custom_h019,_,1,1,_,,,,,,,,,_,normal,,,1,_,_,1,_,0.5,0.5,13,12.5,12,2,1,1.35,normal,normal,250,90,1,"ground,structure,debris,item,ward",MetalMediumSlice,,,,,,500,,dummy,,,,,,,ReplaceableTextures\CommandButtons\BTNFootman.blp,"0,0",,,,,,,,,,,,Objects\Spawnmodels\Human\HumanLargeDeathExplode\HumanLargeDeathExplode.mdl,,,dummy,"[""Wg"", ""S3""]",_,2,,,,2,,,,,,,11,,,,,,,,,,,,,,,,,,,,,,,,,,,,,,,,,,,,,,,,,,,,,,,,,,,,,,,,,,,,,,,,,,,
h01A,"[""Units\\UnitAbilities.slk:1214"", ""Units\\UnitBalance.slk:11203"", ""Units\\UnitData.slk:6338"", ""Units\\UnitUI.slk:10679"", ""Units\\UnitWeapons.slk:12158"", ""Units\\HumanUnitStrings.txt:417"", ""Units\\HumanUnitFunc.txt:701""]",,"Aloc,Avul,A0K4",_,,_,_,*,_,_,,,,,,,,100,100,20,20,300,large,2,,,,always,0.25,420,1,30,3,20,3,6,,,135,,135,_,,1,,_,100,_,ground,,,60,0.6,foot,1,3.04,2,1,1,6,orc,1,50,50,140,140,_,_,,,255,2.4,Metal,-1,_,MetalMediumSlice,210,210,20,10,10,1,4,0.15,HUnit02,Custom_h01A,_,Units\Demon\Infernal\InfernalBirth,1,_,,,,,,,,,_,normal,,,1,_,_,1,_,0.5,0.5,13,12.5,12,2,1,1.35,normal,normal,250,90,1,"ground,structure,debris,item,ward",MetalMediumSlice,60,60,,0.51,0.3,500,,dummy,,,,,,,ReplaceableTextures\CommandButtons\BTNFireRocks.blp,"0,0",,,,,,,,,,,,Objects\Spawnmodels\Human\HumanLargeDeathExplode\HumanLargeDeathExplode.mdl,,,dummy,[],_,2,,,,2,,,,,,,11,,,,,,,,,,,,,,,,,,,,,,,,,,,,,,,,,,,,,,,,,,,,,,,,,,,,,,,1,,,,,,birth,,,,,,
h01B,"[""Units\\UnitAbilities.slk:1217"", ""Units\\UnitBalance.slk:11230"", ""Units\\UnitData.slk:6354"", ""Units\\UnitUI.slk:10707"", ""Units\\UnitWeapons.slk:12189"", ""Units\\HumanUnitStrings.txt:422"", ""Units\\HumanUnitFunc.txt:706""]",,"Aloc,Avul,A0K4",_,,_,_,*,_,_,,,,,,,,100,100,20,20,300,large,2,,,,always,0.25,420,1,30,3,20,3,6,,,135,,135,_,,1,,_,100,_,ground,,,60,0.6,hover,1,3.04,2,1,1,6,orc,1,50,50,140,140,_,_,,64,128,5,Metal,-1,_,MetalMediumSlice,210,210,20,10,10,1,2,0.15,HUnit02,Custom_h01B,_,abilities\weapons\catapult\catapultmissile,1,_,,,,,,,,,_,normal,,,1,_,_,1,_,0.5,0.5,13,12.5,12,2,1,1.35,normal,normal,250,90,1,"ground,structure,debris,item,ward",MetalMediumSlice,60,60,,0.51,0.3,500,,dummy,,,,,,,,"0,0",,,,,,,,,,,,Objects\Spawnmodels\Human\HumanLargeDeathExplode\HumanLargeDeathExplode.mdl,,,dummy,[],_,2,,,,2,,80,80,,,,11,,,,,,,,,,,,,,,,,,,,,,,,,,,,,,,,,,,,,,,,,,,,,,,,,,,,,,,1,,,,,,,,,,,,
h01C,"[""Units\\UnitAbilities.slk:1220"", ""Units\\UnitBalance.slk:11257"", ""Units\\UnitData.slk:6372"", ""Units\\UnitUI.slk:10736"", ""Units\\UnitWeapons.slk:12220"", ""Units\\HumanUnitStrings.txt:427"", ""Units\\HumanUnitFunc.txt:710""]",,"Aloc,Avul,A0K4",_,,_,_,*,_,_,,,,,,,,100,100,20,20,300,large,2,,,,always,0.25,420,1,30,3,20,3,6,,,135,,135,_,,1,,_,100,_,ground,,,60,0.6,foot,1,3.04,2,1,1,6,orc,1,50,50,140,140,_,_,255,212,138,1.25,Metal,-1,_,MetalMediumSlice,210,210,20,10,10,1,4,0.15,HUnit02,Custom_h01C,_,Abilities\Spells\Other\Tornado\TornadoElemental,1,_,,,,,,,,,_,normal,,,1,_,_,1,_,0.5,0.5,13,12.5,12,2,1,1.35,normal,normal,250,90,1,"ground,structure,debris,item,ward",MetalMediumSlice,60,60,,0.51,0.3,500,,dummy,,,,,,,ReplaceableTextures\CommandButtons\BTNTornado.blp,"0,0",,,,,,,,,,,,Objects\Spawnmodels\Human\HumanLargeDeathExplode\HumanLargeDeathExplode.mdl,,,dummy,[],_,2,,,,2,,-50,-50,,,,11,,,,,,,,,,,,,,,,,,,,,,,,,,,,,,,,,,,,,,,,,,,,,,,,,,,,,,,1,,,,,,,,,,,,
h01J,"[""Units\\UnitAbilities.slk:1223"", ""Units\\UnitBalance.slk:11284"", ""Units\\UnitData.slk:6390"", ""Units\\UnitUI.slk:10766"", ""Units\\UnitWeapons.slk:12251"", ""Units\\HumanUnitStrings.txt:432"", ""Units\\HumanUnitFunc.txt:714""]",,"Aloc,Avul,A0K4",_,,_,_,*,_,_,,,,,,,,100,100,20,20,,large,2,,,,always,0.25,420,1,30,3,20,3,6,,,135,,135,_,,1,,_,100,_,ground,,,60,3,foot,1,3.04,2,1,1,6,orc,1,50,50,140,140,_,_,255,255,255,6,Metal,-1,_,MetalMediumSlice,210,210,20,10,10,1,4,0.15,HUnit02,Custom_h01J,_,SandStorm,1,_,,,,,,,,,_,normal,,,1,_,_,1,_,0.5,0.5,13,12.5,12,2,1,1.35,normal,normal,250,90,1,"ground,structure,debris,item,ward",MetalMediumSlice,60,60,,0.51,0.3,500,,dummy,,,,,,,,"0,0",,,,,,,,,,,,Objects\Spawnmodels\Human\HumanLargeDeathExplode\HumanLargeDeathExplode.mdl,,,dummy,[],_,2,,,,2,,,,,,,11,,,,,,,,,,,,,,,,,,,,,,,,,,,,,,,,,,,,,,,,,,,,,,,,,,,,,,,1,,,,,,,,,,,,
E00S,"[""Units\\UnitAbilities.slk:1226"", ""Units\\UnitBalance.slk:11310"", ""Units\\UnitData.slk:6406"", ""Units\\UnitUI.slk:10796"", ""Units\\UnitWeapons.slk:12282"", ""Units\\CampaignUnitStrings.txt:173"", ""Units\\CampaignUnitFunc.txt:198""]","A0GG,A0OD,A0OI,A0OM,A001","AInv,A0F8",_,24,_,_,*,"R000,R001,R002,R003,R004,R005,R006,R008",AGI,6,2.8,2,2.1,21,7,7,600,600,40,40,270,hero,4,0.05,100,225,always,1,550,500,1,1,50,3,8,,,,,,_,5,1,1,_,100,_,ground,,5,60,0.6,foot,1,1,2,1,1,13,orc,1,85,85,200,200,_,Shadow,255,255,255,1,Flesh,-1,_,_,290,290,30,10,10,1,1.3,0.15,,Custom_E00S,Demoness,units\creeps\assassin\assassin,1,_,0.7,0.3,8,5,2,4,2,2.13,missile,hero,250,500,1,"ground,structure,debris,air,item,ward",_,1,_,0.2,0.2,22,12,2,11,2,1.85,normal,hero,250,120,1,"ground,structure,debris,air,item,ward",MetalHeavySlice,80,71,11,0.2,0.1,650,1,Пси - Ассасин,Белла,Z,|cffffcc00П с и   -   А с с а с и н |r (Z),"Способности псиоников, Белла получила еще с рождения. Меняя и усиливая потоки энергии, она способна совершать |cff808070рывок энергии|r подбрасывая и нанося урон врагам. Объединяя свой разум и тело в единое целое, получает |cff808070неуловимость|r и контратакует. Постоянная атака чужих мыслей  |cff808070пси-атака|r, наносит им урон. Сильнейшие из ряда способностей |cff808070психопортация|r, Белла перемещается к врагам и наносит урон .|n|Cffff0000|nCкopocть пepeмeщeния 270.|nТип атаки - ближний бoй.|R",Вocкpecить |cffffcc00П с и   -   А с с а с и н а |r,Вocкpecить |cffffcc00П с и   -   А с с а с и н а |r,ReplaceableTextures\CommandButtons\BTNAssassin.blp,"0,2",Abilities\Weapons\WardenMissile\WardenMissile.mdl,0.15,900,,,,,,,,,Objects\Spawnmodels\NightElf\NightElfLargeDeathExplode\NightElfLargeDeathExplode.mdl,medium,ReplaceableTextures\CommandButtons\BTNAssassin.blp,Пси - Ассасин,"[""mH"", ""qH"", ""nQ"", ""OQ""]",_,,,1,,2,100,,,,,,,72,,,,,,,,,,,,,,,,,,,,,,,,,,,,,,,,,,,,,,,,,,,,,,,,,,,,10,,,,,,,,,,,,,,
h01N,"[""Units\\UnitAbilities.slk:1230"", ""Units\\UnitBalance.slk:11348"", ""Units\\UnitData.slk:6424"", ""Units\\UnitUI.slk:10824"", ""Units\\UnitWeapons.slk:12326"", ""Units\\HumanUnitStrings.txt:437"", ""Units\\HumanUnitFunc.txt:718""]",,"Aloc,Avul,A0K4",_,,_,_,*,_,_,,,,,,,,100,100,20,20,,large,2,,,,always,0.25,420,1,30,3,20,3,6,,,135,,135,_,,1,,_,100,_,ground,,,60,3,foot,1,3.04,2,1,1,6,orc,1,50,50,140,140,_,_,255,255,255,1,Metal,-1,_,MetalMediumSlice,210,210,20,10,10,1,2,0.15,HUnit02,Custom_h01N,_,units\creeps\assassin\assassin,1,_,,,,,,,,,_,normal,,,1,_,_,1,_,0.5,0.5,13,12.5,12,2,1,1.35,normal,normal,250,90,1,"ground,structure,debris,item,ward",MetalMediumSlice,60,60,,0.51,0.3,500,,dummy,,,,,,,ReplaceableTextures\CommandButtons\BTNAssassin.blp,"0,0",,,,,,,,,,,,Objects\Spawnmodels\Human\HumanLargeDeathExplode\HumanLargeDeathExplode.mdl,,,dummy,"[""I2v"", ""I7v""]",_,2,,,,2,,,,,,,11,,,,,,,,,,,,,,,,,,,,,,,,,,,,,,,,,,,,,,,,,,,,,,,,,,,,,,,1,,,,,,,,,,,,
h01O,"[""Units\\UnitAbilities.slk:1233"", ""Units\\UnitBalance.slk:11374"", ""Units\\UnitData.slk:6440"", ""Units\\UnitUI.slk:10854"", ""Units\\UnitWeapons.slk:12357"", ""Units\\HumanUnitStrings.txt:442"", ""Units\\HumanUnitFunc.txt:722""]",,"Aloc,Avul,A0K4",_,,_,_,*,_,_,,,,,,,,100,100,1,1,1,large,2,,,,none,,420,99999,,,,,,,,,,,_,,1,,_,,_,ground,,,60,3,fly,,0.1,2,1,1,,orc,,,,,,_,_,255,255,255,1,Metal,-1,_,MetalMediumSlice,150,150,,,,1,1,,HUnit02,Custom_h01O,_,dummy,1,_,,,,,,,,,_,normal,,,1,_,_,1,_,0.5,0.5,13,12.5,12,2,1,1.35,normal,normal,250,90,1,"ground,structure,debris,item,ward",MetalMediumSlice,,,,,,,,dummy,,,,,,,ReplaceableTextures\CommandButtons\BTNScatterRockets.blp,"0,0",,,,,,,,,,,,,,,dummy,"[""YH"", ""TJ"", ""gl"", ""ap"", ""rt"", ""H4"", ""xzv"", ""olv"", ""rAv"", ""r4v"", ""A4v""]",_,,,,,2,,-150,,,,,11,,,,,,,,,,,,,,,,,,,,,,,,,,,,,,,,,,,,,,,,,,,,,,,,,,,,,,,1,,,,,,,,,,,,
h01K,"[""Units\\UnitAbilities.slk:1236"", ""Units\\UnitBalance.slk:11392"", ""Units\\UnitData.slk:6454"", ""Units\\UnitUI.slk:10875"", ""Units\\UnitWeapons.slk:12383"", ""Units\\HumanUnitStrings.txt:447"", ""Units\\HumanUnitFunc.txt:726""]",,"Aloc,Avul,A0K4",_,,_,_,*,_,_,,,,,,,,100,100,20,20,1,large,2,,,,none,,420,99999,,,,,,,,,,,_,,1,,_,,_,ground,,,60,3,fly,,6,2,1,1,,orc,,,,,,_,_,170,,255,3,Metal,-1,_,MetalMediumSlice,150,150,,,,1,1,,HUnit02,Custom_h01K,_,Abilities\Spells\Undead\DevourMagic\DevourMagicBirthMissile,1,_,,,,,,,,,_,normal,,,1,_,_,1,_,0.5,0.5,13,12.5,12,2,1,1.35,normal,normal,250,90,1,"ground,structure,debris,item,ward",MetalMediumSlice,,,,,,,,dummy,,,,,,,ReplaceableTextures\CommandButtons\BTNPsyAssassin01.blp,"0,0",,,,,,,,,,,,,,,dummy,[],_,,,,,2,,60,60,,,,11,,,,,,,,,,,,,,,,,,,,,,,,,,,,,,,,,,,,,,,,,,,,,,,,,,,,,,,1,,,,,,,,,,,,
N03Z,"[""Units\\UnitAbilities.slk:1239"", ""Units\\UnitBalance.slk:11410"", ""Units\\UnitData.slk:6469"", ""Units\\UnitUI.slk:10895"", ""Units\\UnitWeapons.slk:12409"", ""Units\\NeutralUnitStrings.txt:612"", ""Units\\NeutralUnitFunc.txt:657""]","A0P7,A0P9,A0PA,A001",AInv,_,24,_,_,*,"R000,R001,R002,R003,R004,R005,R006,R008",INT,6.1,2.2,3.2,2.2,4,22,9,600,600,55,55,235,hero,4,0.01,100,270,always,1.1,475,525,1,1,30,3,8,,,,,,_,5,1,1,_,100,_,ground,2,,60,0.6,foot,1,2.5,2,1,1,9,orc,1,80,80,200,200,_,Shadow,255,255,255,0.7,Flesh,-1,_,WoodHeavyBash,220,220,50,10,10,1,1.2,0.15,,Custom_N03Z,DruidoftheTalon,Units\Creeps\HeroFlameLord\HeroFlameLord,1,_,0.54,0.46,8,5,2,4,2,2.13,missile,hero,250,500,1,"ground,structure,debris,air,item,ward",_,1,_,0.77,0.4,8,5,2,4,2,1.9,missile,hero,250,450,1,"ground,structure,debris,air,item,ward",_,120,60,,0.5,0.4,600,1,Повелитель Воздуха,Венто,E,|cffffcc00П о в е л и т е л ь   В о з д у х а |r,test.|n|Cffff0000|nCкopocть пepeмeщeния 235.|nДaльнocть aтaки 450.|nТип атаки - дaльний бoй.|R,Вocкpecить |cffffcc00П о в е л и т е л я   В о з д у х а |r,Вocкpecить |cffffcc00П о в е л и т е л я   В о з д у х а |r,,"1,2",TornadoMissile.mdl,0.2,1300,1,,,,0,,,,Objects\Spawnmodels\Human\HumanLargeDeathExplode\HumanLargeDeathExplode.mdl,medium,,Повелитель Воздуха,"[""mH"", ""qH""]",_,,,1,,2,75,,,,,,5,,,,,,,,,,,,,,,,,,,,,,,,,,,,,,,,,,,,,,,,,,,,,,,,,,,,,10,,,,,30,,,,,,,1,,
h01Q,"[""Units\\UnitAbilities.slk:1243"", ""Units\\UnitBalance.slk:11448"", ""Units\\UnitData.slk:6487"", ""Units\\UnitUI.slk:10924"", ""Units\\UnitWeapons.slk:12453"", ""Units\\HumanUnitStrings.txt:452"", ""Units\\HumanUnitFunc.txt:730""]",,"Aloc,Avul,A0K4",_,,_,_,*,_,_,,,,,,,,,,20,20,1,none,2,,,,always,,420,100,30,3,,,,,,,,,_,,,,_,100,_,ground,,,60,0.6,fly,1,3.04,2,1,1,6,orc,1,50,50,140,140,_,ShadowFlyer,255,255,255,0.9,Metal,-1,_,MetalMediumSlice,210,210,20,10,10,1,1,0.15,HUnit02,Custom_h01Q,_,Abilities\Weapons\MeatwagonMissile\MeatwagonMissile,1,_,,,,,,,,,_,normal,,,1,_,_,1,_,0.5,0.5,13,12.5,12,2,1,1.35,normal,normal,250,90,1,"ground,structure,debris,item,ward",MetalMediumSlice,60,60,,0.51,0.3,500,,Зомби,,F,,,,,ReplaceableTextures\CommandButtons\BTNMummies.blp,"0,0",,,,,,,,,,,,,,,Зомби,"[""nFv""]",_,,,,,,,,,,,,11,,,,,,,,,,,,,,,,,,,,,,,,,,,,,,,,,,,,,,,,,,,,,,,,,,,,,,,,,,,,,,,,,,,
u00E,"[""Units\\UnitAbilities.slk:1246"", ""Units\\UnitBalance.slk:11465"", ""Units\\UnitData.slk:6502"", ""Units\\UnitUI.slk:10953"", ""Units\\UnitWeapons.slk:12484"", ""Units\\UndeadUnitStrings.txt:268"", ""Units\\UndeadUnitFunc.txt:475""]",,"Avul,A0K4",_,16,_,_,*,_,_,,,,,,,,100,100,30,30,270,none,,,75,200,none,,305,100,30,1,,,,,,,,,undead,,1,,_,,_,ground,2,,60,0.6,foot,1,1.5,2,1,1,8,orc,1,50,50,120,120,_,Shadow,255,255,255,1,Flesh,-1,_,_,200,200,50,10,10,1,1.45,0.15,UUnit11,Custom_u00E,Necromancer,units\undead\Kelthuzad\Kelthuzad,1,_,,,,,,,,,_,normal,,,1,_,_,1,_,0.47,0.53,9,8.5,8,2,1,1.8,missile,magic,250,600,1,"ground,structure,debris,air,item,ward",_,60,60,,0.5,0.5,600,,Necromancer,,N,Train |cffffcc00N|recromancer,,,,ReplaceableTextures\CommandButtons\BTNKelThuzad.blp,"0,0",Abilities\Weapons\NecromancerMissile\NecromancerMissile.mdl,0.00,900,1,,,,,,,,Objects\Spawnmodels\Undead\UndeadLargeDeathExplode\UndeadLargeDeathExplode.mdl,,,Necromancer,"[""Jk"", ""ul""]",,,,,,2,,,,,,,7,,,,,,,,,,,UI\Widgets\Console\Human\infocard-necromancer.blp,,,,,,,,,,,,,,,,,,,,,,,,,,,,,,,,,,,,,,,,,,,,,,,,,,,,,,,,
n040,"[""Units\\UnitAbilities.slk:1249"", ""Units\\UnitBalance.slk:11487"", ""Units\\UnitData.slk:6518"", ""Units\\UnitUI.slk:10981"", ""Units\\UnitWeapons.slk:12515"", ""Units\\NeutralUnitStrings.txt:620"", ""Units\\NeutralUnitFunc.txt:671""]",,"Aloc,Avul,A0K4",_,,_,_,*,_,_,,,,,,,,100,100,1,1,100,medium,,,,,always,99,15,9999,,,,,,,,,,,_,,1,,_,100,_,ground,4,,60,3,foot,1,0.1,2,1,1,1,orc,1,,,,,_,_,255,255,255,0.8,Flesh,-1,_,_,200,200,20,,,1,0.9,0.15,animal,Custom_n040,,buildings\other\CircleOfPower\CircleOfPower,1,_,,,,,,,,,_,normal,,,1,_,_,1,_,,,,,,,,,_,normal,,,1,_,_,60,60,,,,,,Круг,,,,,,,ReplaceableTextures\WorldEditUI\StartingLocation.blp,"0,0",,,,,,,,,,,,,,,Круг,"[""ul""]",_,,,,,2,,,,,,,,,,,,,,,,,,,,,,,,,,,,,,,,,,,,,,,,,,,,,,,,,,,,,,100,,,,,,,,,,,,,,,,,,,,
H01R,"[""Units\\UnitAbilities.slk:1252"", ""Units\\UnitBalance.slk:11506"", ""Units\\UnitData.slk:6535"", ""Units\\UnitUI.slk:11003"", ""Units\\UnitWeapons.slk:12532"", ""Units\\HumanUnitStrings.txt:457"", ""Units\\HumanUnitFunc.txt:734""]",A001,AInv,_,24,_,_,*,"R000,R001,R002,R003,R004,R005,R006,R008",INT,6,2.1,3,2.2,8,21,6,600,600,55,55,250,hero,2.2,0.01,100,285,always,1.15,550,525,1,1,50,3,8,,,,,,_,5,1,1,_,100,_,ground,2,4,60,0.5,foot,1,3,2,1,1,9,orc,1,65,65,170,170,_,Shadow,255,255,255,1.15,Flesh,-1,_,_,250,250,30,10,10,1,1.3,0.15,HHero04,Custom_H01R,Priest,units\human\Priest\Priest,1,_,0.85,0.55,8,5,2,4,2,2.13,missile,hero,250,500,1,"ground,structure,debris,air,item,ward",_,1,_,0.85,0.55,8,5,2,11,2,1.9,missile,hero,250,600,1,"ground,structure,debris,air,item,ward",_,60,66,15,2.4,0.3,625,1,Архангел,Эл,O,|cffffcc00А р х а н г е л |r,test.|n|Cffff0000|nCкopocть пepeмeщeния 250.|nДaльнocть aтaки 600.|nТип атаки - дaльний бoй.|R,Вocкpecить |cffffcc00А р х а н г е л а |r,Вocкpecить |cffffcc00А р х а н г е л а |r,,"0,0",Abilities\Weapons\PriestMissile\PriestMissile.mdl,0.15,900,1,,,,0,,,,Objects\Spawnmodels\Human\HumanLargeDeathExplode\HumanLargeDeathExplode.mdl,,,Архангел,[],_,,,1,,2,75,,,,,,4,,,,,,2,,,,,,,,,,,,,,,,,,,,,,,,,,,,,,,,,,,,,,,,,,,,,,,10,,,,,,,,,,,,,,
h01S,"[""Units\\UnitAbilities.slk:1256"", ""Units\\UnitBalance.slk:11544"", ""Units\\UnitData.slk:6554"", ""Units\\UnitUI.slk:11033"", ""Units\\UnitWeapons.slk:12576"", ""Units\\HumanUnitStrings.txt:465"", ""Units\\HumanUnitFunc.txt:747""]",,"Aloc,Avul,A0K4",_,,_,_,*,_,_,,,,,,,,100,100,20,20,300,large,2,,,,always,0.25,420,1,30,3,20,3,6,,,135,,135,_,,1,,_,100,_,ground,,,60,0.6,foot,1,3.04,2,1,1,6,orc,1,50,50,140,140,_,_,,128,255,0.4,Metal,-1,_,MetalMediumSlice,210,210,20,10,10,1,2,0.15,HUnit02,Custom_h01S,_,Abilities\Spells\Other\Tornado\TornadoElemental,1,_,,,,,,,,,_,normal,,,1,_,_,1,_,0.5,0.5,13,12.5,12,2,1,1.35,normal,normal,250,90,1,"ground,structure,debris,item,ward",MetalMediumSlice,60,60,,0.51,0.3,500,,dummy,,,,,,,ReplaceableTextures\CommandButtons\BTNCyclone.blp,"0,0",,,,,,,,,,,,Objects\Spawnmodels\Human\HumanLargeDeathExplode\HumanLargeDeathExplode.mdl,,,dummy,[],_,2,,,,2,,-25,-25,,,,11,,,,,,,,,,,,,,,,,,,,,,,,,,,,,,,,,,,,,,,,,,,,,,,,,,,,,,,1,,,,,,,,,,,,
O00I,"[""Units\\UnitAbilities.slk:1259"", ""Units\\UnitBalance.slk:11571"", ""Units\\UnitData.slk:6572"", ""Units\\UnitUI.slk:11062"", ""Units\\UnitWeapons.slk:12607"", ""Units\\OrcUnitStrings.txt:84"", ""Units\\OrcUnitFunc.txt:136""]","A000,A0BH,A001",AInv,_,24,_,_,*,"R000,R001,R002,R003,R004,R005,R006,R008",STR,6,2,2,3,5,10,20,600,600,55,55,240,hero,2,0.05,100,210,always,1.2,725,465,1,1,50,3,8,,,,,,_,5,1,1,_,100,_,ground,,1,60,0.4,foot,1,2,2,1,1,9,human,1,75,75,230,230,_,Shadow,255,255,255,0.85,Flesh,-1,_,MetalHeavyChop,180,180,50,10,10,1,1.4,0.3,OHero03,Custom_O00I,HeroTaurenChieftain,units\orc\HeroTaurenChieftain\HeroTaurenChieftain,1,_,0.97,0.36,8,5,2,4,2,2.13,missile,hero,250,500,1,"ground,structure,debris,air,item,ward",_,1,_,0.97,0.36,12,7,2,11,2,1.9,normal,hero,250,120,1,"ground,structure,debris,air,item,ward",MetalHeavyChop,100,60,20,0.8,0.47,500,1,Минoтaвp,Тayp,M,|cffffcc00М и н o т a в p |r,"Тayp - знaмeнитый минoтaвp. Cпocoбeн нaнocить ypoн cpaзy нecкoльким пpoтивникaм - |cff808070сила минотавра|R, cпocoбeн нaвoдить yжac cpeди вpaгoв, тeм caмым cнижaя зaщитy - |cff808070cтpaх|R, и yдapять пo зeмлe - |cff808070yдap гpoмa|R, зaмeдляя и нaнocя ypoн. Дocтигнyв пятoгo ypoвня, минoтaвp cпocoбeн пpизывaть |cff808070дyхoв-хpaнитeлeй|R, нaнocящих бoльшoй ypoн вceм вpaгaм.|n|Cffff0000|nCкopocть пepeмeщeния 240.|nДaльнocть aтaки 110.|nТип атаки - ближний бoй.|R",Вocкpecить |cffffcc00М и н o т a в p a |r,Вocкpecить |cffffcc00М и н o т a в p a |r,,"3,0",,,,,,,,0,,,,Objects\Spawnmodels\Orc\OrcLargeDeathExplode\OrcLargeDeathExplode.mdl,large,UI\Glues\ScoreScreen\scorescreen-hero-taurenchieftain.blp,Минoтaвp,[],_,4,,1,,2,75,,,,,,,60,,,,,,1,,,,,,,,,,,,,,,,,,,,,,,,,,,,,,,,,,,,,,,,,,,,,,10,,,,,,,,,,1,1,1,,
H01T,"[""Units\\UnitAbilities.slk:1263"", ""Units\\UnitBalance.slk:11610"", ""Units\\UnitData.slk:6590"", ""Units\\UnitUI.slk:11095"", ""Units\\UnitWeapons.slk:12651"", ""Units\\HumanUnitStrings.txt:470"", ""Units\\HumanUnitFunc.txt:751""]","A0W0,A0W1,A0S2,A0W2,A001","AInv,A0F8,A0KH",_,24,_,_,*,"R000,R001,R002,R003,R004,R005,R006,R008",INT,6,1.8,3,2.2,6,20,9,600,600,55,55,240,hero,2.2,0.01,100,285,always,1,550,505,1,1,30,3,8,,,,,,_,5,1,1,_,100,_,ground,2,4,60,0.45,foot,1,2,2,1,1,9,orc,1,65,65,170,170,_,Shadow,255,255,255,1,Flesh,-1,_,_,185,185,30,10,10,1,1.25,0.15,HHero04,Custom_H01T,Draenei,units\other\DranaiMage\DranaiMage,1,_,0.85,0.55,8,5,2,4,2,2.13,missile,hero,250,500,1,"ground,structure,debris,air,item,ward",_,1,_,0.58,0.59,8,5,2,9,2,1.9,missile,hero,250,550,1,"ground,structure,debris,air,item,ward",_,60,60,,0.67,0.5,500,1,Манипулятор Энергии,Марвалл,X,|cffffcc00М а н и п у л я т о р   Э н е р г и и |r (X),"Манипулятор Энергии - Марвалл может применять |cff808070водоророт энергии|r стягивая врагов, попавшие в дыру от |cff808070искажении реальности|r переместятся к герою, а |cff808070гениальность|r Марвалла позволит восстановить часть утраченной маны. Достигнув пика могущества манипулятор делает большой |cff808070всплеск энергии|r.|n|Cffff0000|nCкopocть пepeмeщeния 240.|nТип атаки - дaльний бoй. (550)|R",Вocкpecить |cffffcc00М а н и п у л я т о р а   Э н е р г и и |r,Вocкpecить |cffffcc00М а н и п у л я т о р а   Э н е р г и и |r,ReplaceableTextures\CommandButtons\BTNDranaiMage.blp,"1,2",Void Rain Missile.mdl,0.15,900,1,,,,0,,,,Objects\Spawnmodels\Human\HumanLargeDeathExplode\HumanLargeDeathExplode.mdl,,ReplaceableTextures\CommandButtons\BTNDranaiMage.blp,Манипулятор Энергии,"[""mH"", ""qH"", ""nQ"", ""OQ"", ""V3"", ""A3""]",_,,,1,,2,75,,,,,,5,,,,,,,,,,,,,,,,,,,,,,,,,,,,,,,,,,,,,,,,,,,,,,,,,,,,,10,,,,,,,,,,,,,,
o00J,"[""Units\\UnitAbilities.slk:1267"", ""Units\\UnitBalance.slk:11648"", ""Units\\UnitData.slk:6609"", ""Units\\UnitUI.slk:11124"", ""Units\\UnitWeapons.slk:12694"", ""Units\\OrcUnitStrings.txt:92"", ""Units\\OrcUnitFunc.txt:146""]",,"A0PU,A0K4",_,,_,_,*,_,_,,,,,,,,600,600,1,1,,medium,,,,,none,,5,5,30,3,,,,,,,,,Ward,,1,,_,100,_,ward,,,60,,_,,0.94,,1,1,1,orc,1,25,25,70,70,_,Shadow,255,255,255,1,Wood,-1,_,_,200,200,50,25,25,1,0.75,0.15,OUnit17,Custom_o00J,HealingWard,ManaWard,1,_,,,,,,,,,_,normal,,,1,_,_,,_,,,,,,,,,_,normal,,,1,_,_,60,60,,0.51,,,,Дух-маны,,,,,,,ReplaceableTextures\CommandButtons\BTNManaWard.blp,,,,,,,,,,,,,,,,Дух-маны,[],_,,,,,2,,,,,,,,,,,,,,,,,,,,,,,,,,,,,,,,,,,,,,,,,,,,,,,,,,,,,,,,,,,,,,,,,,,,,,,,,,
h01U,"[""Units\\UnitAbilities.slk:1270"", ""Units\\UnitBalance.slk:11666"", ""Units\\UnitData.slk:6622"", ""Units\\UnitUI.slk:11153"", ""Units\\UnitWeapons.slk:12711"", ""Units\\HumanUnitStrings.txt:478"", ""Units\\HumanUnitFunc.txt:764""]",,"Aloc,Avul,A0K4",_,31,_,_,*,_,_,,,,,,,,,,20,20,,large,2,,,,always,0.25,420,10000,30,3,20,3,6,,,135,,135,_,,1,,_,100,_,ground,,,60,0.6,foot,1,3.04,2,1,1,6,orc,,50,50,140,140,_,_,255,255,255,1,Metal,-1,_,MetalMediumSlice,210,210,20,10,10,1,1,,HUnit02,Custom_h01U,_,bugger,1,_,,,,,,,,,_,normal,,,1,_,_,1,_,0.5,0.5,13,12.5,12,2,1,1.35,normal,normal,250,90,1,"ground,structure,debris,item,ward",MetalMediumSlice,60,60,,,,500,,v3.0,,F,,,,,ReplaceableTextures\WorldEditUI\Editor-Ally-NoPriority.blp,"0,0",,,,,,,,,,,,,,,v3.0,[],_,2,,,,2,,,,,,,11,,,,,,,,,,,,,,,,,,,,,,,,,,,,,,,,,,,,,,,,,,,,,,,,,,,,,,,,,,,,,,,,,,,
H01V,"[""Units\\UnitAbilities.slk:1273"", ""Units\\UnitBalance.slk:11691"", ""Units\\UnitData.slk:6638"", ""Units\\UnitUI.slk:11180"", ""Units\\UnitWeapons.slk:12740"", ""Units\\HumanUnitStrings.txt:483"", ""Units\\HumanUnitFunc.txt:768""]","A0PY,A0PX,A0PZ,A0Q0,A001","AInv,A0QM",_,24,_,_,*,"R000,R001,R002,R003,R004,R005,R006,R008",STR,6,0.5,2,2.7,3,15,17,600,600,55,55,250,hero,3.1,0.05,100,285,always,1,450,500,1,1,50,3,8,,,,,,_,5,1,1,_,100,_,ground,2,3,60,0.5,foot,1,2.8,2,1,1,9,orc,1,110,110,260,260,_,Shadow,255,255,255,0.65,Flesh,-1,_,_,260,260,50,10,45,1,2,0.15,HHero02,Custom_H01V,AncientProtector,buildings\nightelf\AncientProtector\AncientProtector,1,_,0.85,0.55,8,5,2,4,2,2.13,missile,hero,250,500,1,"ground,structure,debris,air,item,ward",_,1,_,0.3996094,0.6,8,5,2,9,1,1.901562,normal,hero,250,120,1,"ground,structure,debris,air,item,ward",WoodHeavyBash,120,310,0.00390625,0.51,0.3,500,1,Энт - Защитник,Кронус,C,|cffffcc00Э н т   -   З а щ и т н и к |r (C),"Кронус относится к древней расе Энтов. Защищая родные леса, может призвать |cff808070стаю бабочек|r отбросив врага. Способен |cff808070пуская корни|r, зарываться в землю корнями опутывая ближайших врагов, которых может притянуть |cff808070тяга к природе|r, нанести тем самым урон. |cff808070Острые шипы|r которые может отрастить энт, наносят врагам урон при движении.|n|Cffff0000|nCкopocть пepeмeщeния 250.|nТип атаки - ближний бoй.|R",Вocкpecить |cffffcc00Э н т а   -   З а щ и т н и к а |r,Вocкpecить |cffffcc00Э н т а   -   З а щ и т н и к а |r,ReplaceableTextures\CommandButtons\BTNTreant.blp,"2,2",,3.90625E-03,0,1,,0,0,0,,,,Objects\Spawnmodels\Human\HumanLargeDeathExplode\HumanLargeDeathExplode.mdl,,ReplaceableTextures\CommandButtons\BTNTreant.blp,Энт - Защитник,"[""mH"", ""qH"", ""nQ"", ""OQ""]",,,,1,,2,75,,,,,,12,80,,,,,,,,,,,,,,,,,,,,,,,,,,,,,,,,,,,,,,,,,,,,,,,,,,,,10,,,,,,,,,,,,,,
n041,"[""Units\\UnitAbilities.slk:1277"", ""Units\\UnitBalance.slk:11729"", ""Units\\UnitData.slk:6657"", ""Units\\UnitUI.slk:11208"", ""Units\\UnitWeapons.slk:12785"", ""Units\\NeutralUnitStrings.txt:624"", ""Units\\NeutralUnitFunc.txt:674""]",,"Aloc,Avul,A0K4",_,,_,_,*,_,_,,,,,,,,,,1,1,100,medium,,,,,none,,15,1,,,,,,,,,,,_,,1,,_,100,_,ground,4,,60,0.5,_,1,1,2,1,1,1,orc,1,35,35,70,70,_,_,255,255,255,0.65,Flesh,-1,_,_,200,200,20,10,45,1,0.9,0.15,animal,Custom_n041,_,buildings\nightelf\AncientProtector\AncientProtector,1,_,,,,,,,,,_,normal,,,1,_,_,1,_,,,,,,,,,_,normal,,,1,_,_,60,60,,0.51,,500,,Энт - корни,,,,,,,ReplaceableTextures\CommandButtons\BTNFountainOfLifeDefiled.blp,"0,0",,,,,,,,,,,,,,,Энт - корни,"[""cnv""]",_,,,,,2,,,,,,,,,,,,,,,,,,,,,,,,,,,,,,,,,,,,,,,,,,,,,,,,,,,,,,100,,,,,,,,,,,,,,,,,,,,
n042,"[""Units\\UnitAbilities.slk:1280"", ""Units\\UnitBalance.slk:11745"", ""Units\\UnitData.slk:6674"", ""Units\\UnitUI.slk:11237"", ""Units\\UnitWeapons.slk:12804"", ""Units\\NeutralUnitStrings.txt:628"", ""Units\\NeutralUnitFunc.txt:677""]",,"Aloc,Avul,A0K4",_,,_,_,*,_,_,,,,,,,,,,1,1,100,medium,,,,,none,,15,1,,,,,,,,,,,_,,1,,_,100,_,ground,4,,60,0.5,_,1,1,2,1,1,1,orc,1,35,35,70,70,_,_,255,255,255,1.4,Flesh,-1,_,_,200,200,20,10,45,1,0.9,0.15,animal,Custom_n042,_,Abilities\Spells\NightElf\TreeofLifeUpgrade\TreeofLifeUpgradeTargetArt,1,_,,,,,,,,,_,normal,,,1,_,_,1,_,,,,,,,,,_,normal,,,1,_,_,60,60,,0.51,,500,,Энт - 1,,,,,,,ReplaceableTextures\CommandButtons\BTNFountainOfLifeDefiled.blp,"0,0",,,,,,,,,,,,,,,Энт - 1,"[""B8v""]",_,,,,,2,,,,,,,,,,,,,,,,,,,,,,,,,,,,,,,,,,,,,,,,,,,,,,,,,,,,,,100,,,,,,,,,,,,,,,,,,,,
H01W,"[""Units\\UnitAbilities.slk:1283"", ""Units\\UnitBalance.slk:11761"", ""Units\\UnitData.slk:6691"", ""Units\\UnitUI.slk:11266"", ""Units\\UnitWeapons.slk:12823"", ""Units\\CampaignUnitStrings.txt:181"", ""Units\\CampaignUnitFunc.txt:207""]","A0Q6,A0Q7,A0QA,A0QC,A001","AInv,A0F8",_,24,_,_,*,"R000,R001,R002,R003,R004,R005,R006,R008",INT,6,1,3,2,4,24,7,600,600,40,40,270,hero,2.5,0.01,100,285,always,1.15,500,525,1,1,50,3,8,,,,,,_,5,1,1,_,100,_,ground,2,4,60,0.5,foot,1,3,2,1,1,12,orc,1,45,45,100,100,_,Shadow,255,255,255,1,Flesh,-1,_,_,150,150,30,10,10,1,1.5,0.15,,Custom_H01W,GoblinSapper,units\creeps\GoblinSapper\GoblinSapper,1,_,0.85,0.55,8,5,2,4,2,2.13,missile,hero,250,500,1,"ground,structure,debris,air,item,ward",_,1,_,0.55,0.55,8,5,2,3,1,1.9,missile,hero,250,600,1,"ground,structure,debris,air,item,ward",_,60,66,15,0.51,0.1,600,1,Подрывная Бригада,Тик | Мик | Зик,X,|cffffcc00П о д р ы в н а я   Б р и г а д а |r (X),"Несмотря на свой маленький размер, чертовски умные гоблины Тик, Мик и Зик - сила, с которой придется считаться. Подрывная бригада умеет закладывать |cff808070минное поле|r, невидимое невооруженным глазом. Также, после усиленных тренировок, они  научились устанавливать |cff808070приманки|r и |cff808070бочонки|r с мощным взрывчатым веществом. Троице нечего терять, они могут совершить |cff808070самоубийство|r, взорвав врагов вместе с собой.|n|Cffff0000|nCкopocть пepeмeщeния 270.|nТип атаки - дaльний бoй. (600)|R",Вocкpecить |cffffcc00П о д р ы в н у ю   Б р и г а д у |r,Вocкpecить |cffffcc00П о д р ы в н у ю   Б р и г а д у |r,ReplaceableTextures\CommandButtons\BTNGoblinSapper.blp,"1,2",dynamite.mdl,0.25,900,1,,,,,,,,Objects\Spawnmodels\Human\HumanLargeDeathExplode\HumanLargeDeathExplode.mdl,,ReplaceableTextures\CommandButtons\BTNGoblinSapper.blp,Подрывная Бригада,"[""mH"", ""qH"", ""nQ"", ""OQ"", ""V3"", ""A3""]",_,2,,1,,2,75,,,,,,6,,,,,,,,,,,,,,,,,,,,,,,,,,,,,,,,,,,,,,,,,,,,,,,,,,,,,10,,,,,,,,,,,,,,
n043,"[""Units\\UnitAbilities.slk:1287"", ""Units\\UnitBalance.slk:11800"", ""Units\\UnitData.slk:6710"", ""Units\\UnitUI.slk:11294"", ""Units\\UnitWeapons.slk:12867"", ""Units\\NeutralUnitStrings.txt:632"", ""Units\\NeutralUnitFunc.txt:680""]",,"A0Q2,Amin",_,16,_,_,*,_,_,,,,,,,,,,1,1,,medium,,,,,none,,100,50,#VALUE!,3,,,,,,,,,"standon,ward",,1,,_,100,_,ward,,,60,,foot,,0.94,,1,1,1,orc,1,25,25,70,70,_,Shadow,255,255,255,1,Flesh,-1,_,_,200,200,50,25,25,1,0.75,0.15,,Custom_n043,GoblinLandMine,units\creeps\GoblinLandMine\GoblinLandMine,1,_,,,,,,,,,_,normal,,,1,_,_,,_,,,,,,,,,_,normal,,,1,_,_,60,60,,0.51,,,,Гоблинская мина ,,,,,,,ReplaceableTextures\CommandButtons\BTNGoblinLandMine.blp,,,,,,,,,,,,,,,,Гоблинская мина ,"[""RCv""]",_,,,,,2,,,,,,,,,,,,,,,,,,,,,,,,,,,,,,,,,,,,,,,,,,,,,,,,,,,,,,,,,,,,,,,,,,,,,,,,,,
n044,"[""Units\\UnitAbilities.slk:1290"", ""Units\\UnitBalance.slk:11817"", ""Units\\UnitData.slk:6723"", ""Units\\UnitUI.slk:11322"", ""Units\\UnitWeapons.slk:12884"", ""Units\\NeutralUnitStrings.txt:634"", ""Units\\NeutralUnitFunc.txt:682""]",,"A0Q3,Amin",_,16,_,_,*,_,_,,,,,,,,,,1,1,,medium,,,,,none,,100,50,#VALUE!,3,,,,,,,,,"standon,ward",,1,,_,100,_,ward,,,60,,foot,,0.94,,1,1,1,orc,1,25,25,70,70,_,Shadow,255,255,255,1,Flesh,-1,_,_,200,200,50,25,25,1,0.75,0.15,,Custom_n044,GoblinLandMine,units\creeps\GoblinLandMine\GoblinLandMine,1,_,,,,,,,,,_,normal,,,1,_,_,,_,,,,,,,,,_,normal,,,1,_,_,60,60,,0.51,,,,Гоблинская мина ,,,,,,,ReplaceableTextures\CommandButtons\BTNGoblinLandMine.blp,,,,,,,,,,,,,,,,Гоблинская мина ,"[""RCv""]",_,,,,,2,,,,,,,,,,,,,,,,,,,,,,,,,,,,,,,,,,,,,,,,,,,,,,,,,,,,,,,,,,,,,,,,,,,,,,,,,,
n045,"[""Units\\UnitAbilities.slk:1293"", ""Units\\UnitBalance.slk:11834"", ""Units\\UnitData.slk:6736"", ""Units\\UnitUI.slk:11350"", ""Units\\UnitWeapons.slk:12901"", ""Units\\NeutralUnitStrings.txt:636"", ""Units\\NeutralUnitFunc.txt:684""]",,"A0Q4,Amin",_,16,_,_,*,_,_,,,,,,,,,,1,1,,medium,,,,,none,,100,50,#VALUE!,3,,,,,,,,,"standon,ward",,1,,_,100,_,ward,,,60,,foot,,0.94,,1,1,1,orc,1,25,25,70,70,_,Shadow,255,255,255,1,Flesh,-1,_,_,200,200,50,25,25,1,0.75,0.15,,Custom_n045,GoblinLandMine,units\creeps\GoblinLandMine\GoblinLandMine,1,_,,,,,,,,,_,normal,,,1,_,_,,_,,,,,,,,,_,normal,,,1,_,_,60,60,,0.51,,,,Гоблинская мина ,,,,,,,ReplaceableTextures\CommandButtons\BTNGoblinLandMine.blp,,,,,,,,,,,,,,,,Гоблинская мина ,"[""RCv""]",_,,,,,2,,,,,,,,,,,,,,,,,,,,,,,,,,,,,,,,,,,,,,,,,,,,,,,,,,,,,,,,,,,,,,,,,,,,,,,,,,
n046,"[""Units\\UnitAbilities.slk:1296"", ""Units\\UnitBalance.slk:11851"", ""Units\\UnitData.slk:6749"", ""Units\\UnitUI.slk:11378"", ""Units\\UnitWeapons.slk:12918"", ""Units\\NeutralUnitStrings.txt:638"", ""Units\\NeutralUnitFunc.txt:686""]",,A0Q5,_,16,_,_,*,_,_,,,,,,,,,,1,1,,medium,,,,,none,,200,200,#VALUE!,3,,,,,,,,,Ward,,1,,_,100,_,ward,,,60,,foot,,0.94,,1,1,1,orc,1,25,25,70,70,_,Shadow,255,255,255,1,Flesh,-1,_,_,200,200,50,25,25,1,0.75,0.15,,Custom_n046,,Units\Creeps\MonsterLure\MonsterLure,1,_,,,,,,,,,_,normal,,,1,_,_,,_,,,,,,,,,_,normal,,,1,_,_,60,60,,0.51,,,,Приманка ,,,Create Monster Lure,A ward that lures nearby monsters.,,,ReplaceableTextures\CommandButtons\BTNMonsterLure.blp,,,,,,,,,,,,,,,,Приманка ,"[""RHv""]",_,,,,,2,,,,,,,,,,,,,,,,,,,,,,,,,,,,,,,,,,,,,,,,,,,,,,,,,,,,,,,,,,,,,,,,,,,,,,,,,,
n047,"[""Units\\UnitAbilities.slk:1299"", ""Units\\UnitBalance.slk:11868"", ""Units\\UnitData.slk:6762"", ""Units\\UnitUI.slk:11405"", ""Units\\UnitWeapons.slk:12935"", ""Units\\NeutralUnitStrings.txt:642"", ""Units\\NeutralUnitFunc.txt:688""]",,A0Q5,_,16,_,_,*,_,_,,,,,,,,,,1,1,,medium,,,,,none,,200,600,#VALUE!,3,,,,,,,,,Ward,,1,,_,100,_,ward,,,60,,foot,,0.94,,1,1,1,orc,1,25,25,70,70,_,Shadow,255,255,255,1,Flesh,-1,_,_,200,200,50,25,25,1,0.75,0.15,,Custom_n047,,Units\Creeps\MonsterLure\MonsterLure,1,_,,,,,,,,,_,normal,,,1,_,_,,_,,,,,,,,,_,normal,,,1,_,_,60,60,,0.51,,,,Приманка ,,,Create Monster Lure,A ward that lures nearby monsters.,,,ReplaceableTextures\CommandButtons\BTNMonsterLure.blp,,,,,,,,,,,,,,,,Приманка ,"[""RHv""]",_,,,,,2,,,,,,,,,,,,,,,,,,,,,,,,,,,,,,,,,,,,,,,,,,,,,,,,,,,,,,,,,,,,,,,,,,,,,,,,,,
n048,"[""Units\\UnitAbilities.slk:1302"", ""Units\\UnitBalance.slk:11885"", ""Units\\UnitData.slk:6775"", ""Units\\UnitUI.slk:11432"", ""Units\\UnitWeapons.slk:12952"", ""Units\\NeutralUnitStrings.txt:646"", ""Units\\NeutralUnitFunc.txt:690""]",,A0Q5,_,16,_,_,*,_,_,,,,,,,,,,1,1,,medium,,,,,none,,200,1000,#VALUE!,3,,,,,,,,,Ward,,1,,_,100,_,ward,,,60,,foot,,0.94,,1,1,1,orc,1,25,25,70,70,_,Shadow,255,255,255,1,Flesh,-1,_,_,200,200,50,25,25,1,0.75,0.15,,Custom_n048,,Units\Creeps\MonsterLure\MonsterLure,1,_,,,,,,,,,_,normal,,,1,_,_,,_,,,,,,,,,_,normal,,,1,_,_,60,60,,0.51,,,,Приманка ,,,Create Monster Lure,A ward that lures nearby monsters.,,,ReplaceableTextures\CommandButtons\BTNMonsterLure.blp,,,,,,,,,,,,,,,,Приманка ,"[""RHv""]",_,,,,,2,,,,,,,,,,,,,,,,,,,,,,,,,,,,,,,,,,,,,,,,,,,,,,,,,,,,,,,,,,,,,,,,,,,,,,,,,,
n049,"[""Units\\UnitAbilities.slk:1305"", ""Units\\UnitBalance.slk:11902"", ""Units\\UnitData.slk:6788"", ""Units\\UnitUI.slk:11459"", ""Units\\UnitWeapons.slk:12969"", ""Units\\NeutralUnitStrings.txt:650"", ""Units\\NeutralUnitFunc.txt:692""]",,"Aloc,Avul,A0K4",_,,_,_,*,_,_,,,,,,,,100,100,1,1,100,medium,,,,,always,99,15,9999,,,,,,,,,,,_,,1,,_,100,_,ground,4,,60,0.1,foot,1,0.1,2,1,1,1,orc,1,,,,,_,_,,,,0.4,Flesh,-1,_,_,200,200,20,,,1,0.9,0.15,animal,Custom_n049,,Doodads\Ashenvale\Props\ScorchedRemains\ScorchedRemains1,1,_,,,,,,,,,_,normal,,,1,_,_,1,_,,,,,,,,,_,normal,,,1,_,_,60,60,,,,,,Порох,,,,,,,ReplaceableTextures\WorldEditUI\StartingLocation.blp,"0,0",,,,,,,,,,,,,,,Порох,"[""Rpv""]",_,,,,,2,,,,,,,,,,,,,,,,,,,,,,,,,,,,,,,,,,,,,,,,,,,,,,,,,,,,,,100,,,,,,,,,,,,,,,,,,,,
n04A,"[""Units\\UnitAbilities.slk:1308"", ""Units\\UnitBalance.slk:11921"", ""Units\\UnitData.slk:6805"", ""Units\\UnitUI.slk:11478"", ""Units\\UnitWeapons.slk:12986"", ""Units\\NeutralUnitStrings.txt:654"", ""Units\\NeutralUnitFunc.txt:695""]",,Avul,_,16,_,_,*,_,_,,,,,,,,,,1,1,,medium,,,,,none,,100,50,#VALUE!,3,,,,,,,,,"standon,ward",,1,,_,100,_,ward,,,60,,foot,,0.94,,1,1,1,orc,1,25,25,70,70,_,Shadow,255,255,255,1,Flesh,-1,_,_,200,200,50,25,25,1,1.25,0.15,,Custom_n04A,_,Units\Other\TNTBarrel\TNTBarrel,1,_,,,,,,,,,_,normal,,,1,_,_,,_,,,,,,,,,_,normal,,,1,_,_,60,60,,0.51,,,,Бочонок с порохом,,,,,,,ReplaceableTextures\CommandButtons\BTNBarrel03.blp,,,,,,,,,,,,,,,,Бочонок с порохом,"[""Rpv"", ""RSv""]",_,,,,,2,,,,,,,,,,,,,,,,,,,,,,,,,,,,,,,,,,,,,,,,,,,,,,,,,,,,,,,,,,,,,,,,,,,,,,,,,,
n04B,"[""Units\\UnitAbilities.slk:1311"", ""Units\\UnitBalance.slk:11938"", ""Units\\UnitData.slk:6818"", ""Units\\UnitUI.slk:11506"", ""Units\\UnitWeapons.slk:13003"", ""Units\\NeutralUnitStrings.txt:656"", ""Units\\NeutralUnitFunc.txt:697""]",,"Aloc,Avul,A0K4",_,,_,_,*,_,_,,,,,,,,100,100,1,1,100,medium,,,,,always,99,15,9999,,,,,,,,,,,_,,1,,_,100,_,ground,4,,60,0.1,foot,1,0.1,2,1,1,1,orc,1,,,,,_,_,255,255,255,1,Flesh,-1,_,_,200,200,20,,,1,0.9,0.15,animal,Custom_n04B,,Environment\NightelfBuildingFire\ElfSmallBuildingFire1,1,_,,,,,,,,,_,normal,,,1,_,_,1,_,,,,,,,,,_,normal,,,1,_,_,60,60,,,,,,Горящий порох,,,,,,,ReplaceableTextures\WorldEditUI\StartingLocation.blp,"0,0",,,,,,,,,,,,,,,Горящий порох,"[""RKv""]",_,,,,,2,,,,,,,,,,,,,,,,,,,,,,,,,,,,,,,,,,,,,,,,,,,,,,,,,,,,,,100,,,,,,,,,,,,,,,,,,,,
n04C,"[""Units\\UnitAbilities.slk:1314"", ""Units\\UnitBalance.slk:11957"", ""Units\\UnitData.slk:6835"", ""Units\\UnitUI.slk:11528"", ""Units\\UnitWeapons.slk:13020"", ""Units\\NeutralUnitStrings.txt:660"", ""Units\\NeutralUnitFunc.txt:700""]",,"Aloc,Avul,A0K4",_,,_,_,*,_,_,,,,,,,,100,100,1,1,100,medium,,,,,always,99,15,9999,,,,,,,,,,,_,,1,,_,100,_,ground,4,,60,0.1,foot,1,0.1,2,1,1,1,orc,1,,,,,_,_,255,255,255,0.5,Flesh,-1,_,_,200,200,20,,,1,0.9,0.15,animal,Custom_n04C,,units\nightelf\Wisp\Wisp,1,_,,,,,,,,,_,normal,,,1,_,_,1,_,,,,,,,,,_,normal,,,1,_,_,60,60,,,,,,Ренж мобов,,,,,,,ReplaceableTextures\WorldEditUI\StartingLocation.blp,"0,0",,,,,,,,,,,,,,,Ренж мобов,[],_,,,,,2,,,,,,,,,,,,,,,,,,,,,,,,,,,,,,,,,,,,,,,,,,,,,,,,,,,,,,100,,,,,,,,,,,,,,,,,,,,
n04D,"[""Units\\UnitAbilities.slk:1317"", ""Units\\UnitBalance.slk:11976"", ""Units\\UnitData.slk:6852"", ""Units\\UnitUI.slk:11550"", ""Units\\UnitWeapons.slk:13037"", ""Units\\NeutralUnitStrings.txt:664"", ""Units\\NeutralUnitFunc.txt:703""]",,"Aloc,Avul,A0K4",_,,_,_,*,_,_,,,,,,,,100,100,1,1,100,medium,,,,,always,99,15,9999,,,,,,,,,,,_,,1,,_,100,_,ground,4,,60,3,foot,1,0.1,2,1,1,1,orc,1,,,,,_,_,255,255,255,1,Flesh,-1,_,_,200,200,20,,,1,0.9,0.15,animal,Custom_n04D,,ClockRune,1,_,,,,,,,,,_,normal,,,1,_,_,1,_,,,,,,,,,_,normal,,,1,_,_,60,60,,,,,,Время,,,,,,,ReplaceableTextures\WorldEditUI\StartingLocation.blp,"0,0",,,,,,,,,,,,,,,Время,"[""XFv"", ""Xwv""]",_,,,,,2,,20,20,,,,,,,,,,,,,,,,,,,,,,,,,,,,,,,,,,,,,,,,,,,,,,,,,,,100,,,,,,,,,,,,,,,,,,,,
n04E,"[""Units\\UnitAbilities.slk:1320"", ""Units\\UnitBalance.slk:11995"", ""Units\\UnitData.slk:6871"", ""Units\\UnitUI.slk:11572"", ""Units\\UnitWeapons.slk:13054"", ""Units\\NeutralUnitStrings.txt:668"", ""Units\\NeutralUnitFunc.txt:706""]",,A0RG,_,24,_,_,A,_,_,,,,,,,,800,1400,40,40,300,large,2,,,,always,0.5,200,130,60,1,4,,,1,,85,,85,_,1,1,,_,100,_,ground,,4,60,0.5,foot,1,3,3,1,1,1,creeps,1,50,50,140,140,_,Shadow,200,255,200,0.65,Stone,-1,_,_,140,140,50,60,60,1,1.2,0.15,arachnathid,Custom_n04E,Arachnathid,Units\Creeps\ArchnathidGreen\ArchnathidGreen,1,_,,,,,,,,,_,normal,,,1,_,_,1,_,0.47,0.53,11,10.5,10,2,1,1.55,normal,normal,250,100,1,"ground,structure,debris,air,item,ward",MetalMediumChop,100,60,,0.51,,500,1,Хpycтaльный apaхнид ,,,Hire Crystal Arachnathid,Light melee unit. |n|n|cffffcc00Attacks land units.|r,,,ReplaceableTextures\CommandButtons\BTNArachnathidGreen.blp,"0,0",,,,,,,,,,,,Objects\Spawnmodels\Demon\DemonLargeDeathExplode\DemonLargeDeathExplode.mdl,,,Хpycтaльный apaхнид ,"[""up""]",_,2,,440,,2,,,,1,,,15,,,,,,,,,,,,,,,,,,,,,,,,,,,,,,,,nbnc,,,,,,,,,,,,,,,,,,,,,,,,,,,,,,,,,,,
n04F,"[""Units\\UnitAbilities.slk:1323"", ""Units\\UnitBalance.slk:12024"", ""Units\\UnitData.slk:6889"", ""Units\\UnitUI.slk:11601"", ""Units\\UnitWeapons.slk:13085"", ""Units\\NeutralUnitStrings.txt:672"", ""Units\\NeutralUnitFunc.txt:711""]",,A0QU,_,24,_,_,A,_,_,,,,,,,,800,1400,25,25,350,large,,,,,always,0.5,300,220,110,1,4,,,1,10,120,10,120,_,2,1,,_,100,_,ground,,4,60,0.5,foot,1,3,3,1,1,1,creeps,1,50,50,120,120,_,Shadow,255,255,255,1.1,Flesh,-1,_,MetalMediumChop,325,325,30,10,45,1,1,0.15,centaur,Custom_n04F,Centaur,units\creeps\Centaur\Centaur,1,_,,,,,,,,,_,normal,,,1,_,_,1,_,0.3,0.5,13,12.5,12,2,1,1.55,normal,normal,250,100,1,"ground,structure,debris,air,item,ward",MetalMediumChop,100,60,,0.51,0.5,500,1,Кeнтaвp-вoин,,D,Hire Centaur |cffffcc00D|rrudge,Light melee unit. |n|n|cffffcc00Attacks land units.|r,,,ReplaceableTextures\CommandButtons\BTNcentaur.blp,,,,,,,,,,,,,Objects\Spawnmodels\Orc\OrcSmallDeathExplode\OrcSmallDeathExplode.mdl,medium,,Кeнтaвp-вoин,"[""up""]",_,,,440,,2,,,,1,,,30,,,,,,,,,,,,,,,,,,,,,,,,,,,,,,,,,,,,,,,,,,,,,,,,,,,,,,,,,,,,,,,,,,,
n04G,"[""Units\\UnitAbilities.slk:1326"", ""Units\\UnitBalance.slk:12053"", ""Units\\UnitData.slk:6907"", ""Units\\UnitUI.slk:11630"", ""Units\\UnitWeapons.slk:13117"", ""Units\\NeutralUnitStrings.txt:677"", ""Units\\NeutralUnitFunc.txt:715""]",,A0QW,_,24,_,_,A,_,_,,,,,,,,800,1400,25,25,270,medium,,1,250,250,always,0.5,350,375,210,1,5,,,1,10,155,10,155,_,3,1,,_,100,_,ground,2,,60,0.6,foot,1,3.33,3,1,1,7,creeps,1,50,50,140,140,_,Shadow,210,255,210,0.85,Flesh,-1,_,WoodHeavyBash,375,120,50,10,45,1,1.6,0.15,bluedragonspawn,Custom_n04G,DragonSpawn,Units\Creeps\DragonSpawnGreen\DragonSpawnGreen,1,_,,,,,,,,,_,normal,,,1,_,_,1,_,0.5,0.83,34,31,28,7,1,1.5,normal,normal,250,100,1,"ground,structure,debris,air,item,ward",WoodHeavyBash,60,95,175,0.67,0.5,500,1,Мoлoдoй дpaкoнид ,,,Hire Blue Dragonspawn Apprentice,Light ranged unit with Evasion and Rejuvenation. |n|n|cffffcc00Attacks land and air units.|r,,,ReplaceableTextures\CommandButtons\BTNGreenDragonSpawn.blp,"0,0",Abilities\Weapons\LichMissile\LichMissile.mdl,0.0,900,1,,,,,,,,Objects\Spawnmodels\Demon\DemonLargeDeathExplode\DemonLargeDeathExplode.mdl,,,Мoлoдoй дpaкoнид ,"[""up""]",_,,,440,,2,200,,,1,,,50,,,,,,,,,,,,,,,,,,,,,,,,,,,,,,,,,,,,,,,,,,,,,,,,,,,,,,,,,,,,,,,,,,,
n04H,"[""Units\\UnitAbilities.slk:1329"", ""Units\\UnitBalance.slk:12086"", ""Units\\UnitData.slk:6925"", ""Units\\UnitUI.slk:11659"", ""Units\\UnitWeapons.slk:13150"", ""Units\\NeutralUnitStrings.txt:681"", ""Units\\NeutralUnitFunc.txt:723""]",,A0QX,_,24,_,_,A,_,_,,,,,,,,800,1400,25,25,270,large,,,,,always,0.5,300,400,110,1,5,,,1,10,120,10,120,_,4,1,,_,100,_,ground,2,5,60,0.5,foot,1,3,3,1,1,1,creeps,1,45,45,100,100,_,Shadow,255,200,100,0.85,Flesh,-1,_,_,270,270,30,10,10,1,1,0.15,darktroll,Custom_n04H,ForestTroll,units\creeps\DarkTroll\DarkTroll,1,_,,,,,,,,,_,normal,,,1,_,_,1,_,0.3,0.3,20,18.5,17,4,1,1.3,missile,pierce,250,450,1,"ground,structure,debris,air,item,ward",_,60,60,,0.51,0.5,600,1,Тeмный тpoлль ,,T,Hire Dark |cffffcc00T|rroll,Light ranged unit. |n|n|cffffcc00Attacks land and air units.|r,,,ReplaceableTextures\CommandButtons\BTNDarkTroll.blp,,Abilities\Weapons\Axe\AxeMissile.mdl,0.15,1200,,,,,,,,,Objects\Spawnmodels\Orc\OrcSmallDeathExplode\OrcSmallDeathExplode.mdl,,,Тeмный тpoлль ,"[""up""]",_,,,440,,2,,,,1,,,40,,,,,,,,,,,,,,,,,,,,,,,,,,,,,,,,,,,,,,,,,,,,,,,,,,,,,,,,,,,,,,,,,,,
n04I,"[""Units\\UnitAbilities.slk:1332"", ""Units\\UnitBalance.slk:12115"", ""Units\\UnitData.slk:6944"", ""Units\\UnitUI.slk:11688"", ""Units\\UnitWeapons.slk:13182"", ""Units\\NeutralUnitStrings.txt:686"", ""Units\\NeutralUnitFunc.txt:729""]",,"A0RW,A0RY",_,24,_,_,A,_,_,,,,,,,,800,1400,20,20,320,large,,0.75,,300,always,0.5,525,750,210,1,6,,,1,40,260,40,260,_,6,1,,_,100,_,ground,,,60,0.6,foot,1,2,3,1,1,6,creeps,1,50,50,140,140,_,Shadow,255,255,255,1.15,Metal,-1,_,MetalMediumSlice,200,200,20,10,10,1,1.25,0.15,draenei,Custom_n04I,Bandit,units\creeps\Bandit\Bandit,1,_,,,,,,,,,_,normal,,,1,_,_,1,_,0.64,0.33,21,20,19,3,1,0.85,normal,normal,250,100,1,"ground,structure,debris,air,item,ward",MetalMediumChop,60,60,,0.51,0.5,500,1,Разбойник,,S,Разбойник (|cffffcc00S|r),"Воин ближнего боя, владеющий заклинанием ''Невидимость''.|n|n|cffffcc00Может атаковать наземные цели.|r",,,ReplaceableTextures\CommandButtons\BTNBandit.blp,"3,0",,,,,,,,,,,,Objects\Spawnmodels\Orc\OrcSmallDeathExplode\OrcSmallDeathExplode.mdl,,,Разбойник,"[""up""]",_,2,,330,,2,,,,,,,75,,,,,,,,,,,,,,,,,,,,,,,,,,,,,,,,,,,,,,,,,,,,,,,,,,,,,,,,,,,,,,,,,,,
n04J,"[""Units\\UnitAbilities.slk:1335"", ""Units\\UnitBalance.slk:12147"", ""Units\\UnitData.slk:6960"", ""Units\\UnitUI.slk:11717"", ""Units\\UnitWeapons.slk:13214"", ""Units\\NeutralUnitStrings.txt:691"", ""Units\\NeutralUnitFunc.txt:733""]",,"A0QZ,A06O",_,24,_,_,A,_,_,,,,,,,,800,1400,50,50,350,large,1,1,400,400,always,0.5,600,800,260,1,6,,,1,50,255,50,255,_,7,1,,_,100,_,ground,,1,60,0.5,foot,1,3,3,1,1,1,creeps,1,50,50,140,140,_,Shadow,255,160,150,1,Wood,-1,_,WoodMediumBash,200,200,50,10,10,1,1.35,0.15,ent,Custom_n04J,CorruptedEnt,units\creeps\CorruptedEnt\CorruptedEnt,1,_,,,,,,,,,_,normal,,,1,_,_,1,_,0.5,0.467,36,34,32,5,1,1.05,normal,normal,250,100,1,"ground,structure,debris,air,item,ward",WoodMediumBash,60,60,,0.51,0.5,500,1,Чyмнoй энт ,,,Summon Plague Treant,Medium melee unit that diseases opponents. Can cast Entangling Roots. |n|n|cffffcc00Attacks land units.|r,,,ReplaceableTextures\CommandButtons\BTNCorruptedEnt.blp,,,,,,,,,,,,,,medium,,Чyмнoй энт ,"[""up""]",_,2,,440,,2,250,,,,,,110,,,,,,,,,,,,,,,,,,,,,,,,,,,,,,,,,,,,,,,,,,,,,,,,,,,,,,,,,,,,,,,,,,,
n04K,"[""Units\\UnitAbilities.slk:1338"", ""Units\\UnitBalance.slk:12182"", ""Units\\UnitData.slk:6977"", ""Units\\UnitUI.slk:11746"", ""Units\\UnitWeapons.slk:13246"", ""Units\\NeutralUnitStrings.txt:695"", ""Units\\NeutralUnitFunc.txt:736""]",,"A0R0,A06X,A077",_,24,_,_,A,_,_,,,,,,,,800,1400,20,20,270,large,1,0.75,300,300,always,0.25,775,950,310,3,7,,,1,,135,,135,_,8,1,,_,100,_,ground,,,60,0.6,foot,1,2.2,3,1,1,1,creeps,1,50,50,140,140,_,Shadow,255,255,255,0.9,Metal,-1,_,MetalMediumSlice,280,280,20,10,10,1,1.3,0.15,felguard,Custom_n04K,DoomGuard,units\demon\FelgaurdBlue\FelgaurdBlue,1,_,,,,,,,,,_,normal,,,1,_,_,1,_,0.3,0.4,29,27.5,26,4,1,1.05,normal,normal,250,100,1,"ground,structure,debris,air,item,ward",MetalHeavyChop,60,60,,0.51,0.3,500,1,Влacтитeль,,,Hire Overlord,"Heavy melee unit with Howl of Terror, Cleaving Attack and Vampiric Aura. |n|n|cffffcc00Attacks land units.|r",,,ReplaceableTextures\CommandButtons\BTNFelGuardBlue.blp,,,,,,,,,,,,,Objects\Spawnmodels\Demon\DemonLargeDeathExplode\DemonLargeDeathExplode.mdl,large,,Влacтитeль,"[""up""]",_,1,,,,2,300,,,,,,125,,,,,,,,,,,,,,,,,,,,,,,,,,,,,,,,,,,,,,,,,,,,,,,,,,,,,,,,,,,,,,,,,,,
n04L,"[""Units\\UnitAbilities.slk:1341"", ""Units\\UnitBalance.slk:12214"", ""Units\\UnitData.slk:6993"", ""Units\\UnitUI.slk:11775"", ""Units\\UnitWeapons.slk:13278"", ""Units\\NeutralUnitStrings.txt:699"", ""Units\\NeutralUnitFunc.txt:740""]",,"A0R7,A0R9",_,24,_,_,A,_,_,,,,,,,,800,1200,1,1,220,medium,2,,,,always,0.5,550,975,260,1,7,,,1,,135,,135,_,9,1,,_,100,_,ground,2,2,60,0.5,amph,1,1.5,3,1,1,1,creeps,1,80,80,200,200,_,Shadow,255,190,100,0.7,Flesh,-1,_,_,200,200,50,10,10,1,1.2,0.15,elemental,Custom_n04L,WaterElemental,Units\Creeps\SeaElemental\SeaElemental,1,_,,,,,,,,,_,normal,,,1,_,_,1,_,0.47,0.53,37,32.5,28,10,1,1,missile,pierce,250,450,1,"ground,structure,debris,air,item,ward",_,120,60,,0.51,0.3,600,1,Дyх Oкeaнa ,,,Summon Sea Elemental,Medium ranged unit that can Bash opponents. |n|n|cffffcc00Attacks land and air units.|r,,,ReplaceableTextures\CommandButtons\BTNSeaElemental.blp,,Abilities\Weapons\SeaElementalMissile\SeaElementalMissile.mdl,0.15,1300,,,,,,,,,,medium,,Дyх Oкeaнa ,"[""up""]",_,1,,440,,2,,,,,,,140,,,,,,,,,,,,,,,,,,,,,,,,,,,,,,,,,,,,,,,,,,,,,1,,,,,,,,,,,,,,,,,,,,,,
n04M,"[""Units\\UnitAbilities.slk:1344"", ""Units\\UnitBalance.slk:12243"", ""Units\\UnitData.slk:7011"", ""Units\\UnitUI.slk:11805"", ""Units\\UnitWeapons.slk:13310"", ""Units\\NeutralUnitStrings.txt:703"", ""Units\\NeutralUnitFunc.txt:746""]",,"A073,A0R2",_,24,_,_,A,_,_,,,,,,,,800,1400,40,40,300,large,2,2,100,,always,0.5,550,1400,210,1,8,,,1,30,205,30,205,_,12,1,,_,100,_,ground,,4,60,0.5,foot,1,3,3,1,1,1,creeps,1,50,50,140,140,_,Shadow,255,255,255,0.95,Flesh,-1,_,WoodHeavyBash,250,250,30,10,10,1,1,0.15,furbolg,Custom_n04M,Furbolg,units\creeps\PolarFurbolg\PolarFurbolg,1,_,,,,,,,,,_,normal,,,1,_,_,1,_,0.3,0.3,21,19.5,18,4,1,0.65,normal,normal,250,100,1,"ground,structure,debris,air,item,ward",WoodHeavyBash,100,60,,,,500,1,Бeopн,,,Hire Furbolg,Medium melee unit. |n|n|cffffcc00Attacks land units.|r,,,ReplaceableTextures\CommandButtons\BTNPolarFurbolgShaman.blp,"0,0",,,,,,,,,,,,Objects\Spawnmodels\Orc\OrcSmallDeathExplode\OrcSmallDeathExplode.mdl,medium,,Бeopн,"[""up"", ""Js""]",_,8,,440,,2,100,,,1,,,240,,,,,,,,,,,,,,,,,,,,,,,,,,,,,,,,,,,,,,,,,,,,,,,,,,,,,,,,,,,,,,,,,,,
n04N,"[""Units\\UnitAbilities.slk:1347"", ""Units\\UnitBalance.slk:12277"", ""Units\\UnitData.slk:7029"", ""Units\\UnitUI.slk:11834"", ""Units\\UnitWeapons.slk:13340"", ""Units\\NeutralUnitStrings.txt:707"", ""Units\\NeutralUnitFunc.txt:751""]",,"A077,A078",_,24,_,_,A,_,_,,,,,,,,800,1400,60,60,270,large,4,1,400,400,always,0.5,675,1600,310,1,9,,,1,80,290,80,290,_,13,1,,_,100,_,ground,,1,60,0.5,foot,1,3,3,1,1,1,creeps,1,95,95,230,230,_,Shadow,255,255,255,0.75,Stone,-1,_,RockHeavyBash,200,200,50,10,10,1,1.45,0.15,golema,Custom_n04N,RockGolem,units\creeps\RockGolem\RockGolem,1,_,0.3,0.3,33,31,29,5,1,1.35,missile,pierce,250,500,1,air,_,1,_,0.3,0.3,33,31,29,5,1,0.75,normal,normal,250,100,1,"ground,structure,debris,air,item,ward",RockHeavyBash,100,220,,0.56,0.47,500,3,Кaмeнный гoлeм,,,Summon Rock Golem,Heavy melee unit that hurls boulders at opponents. Immune to spells. |n|n|cffffcc00Attacks land units.|r,,,ReplaceableTextures\CommandButtons\BTNRockGolem.blp,,Abilities\Weapons\AncientProtectorMissile\AncientProtectorMissile.mdl,0.0,1000,,,,,,,,,,large,,Кaмeнный гoлeм,"[""up"", ""Js""]",_,10,,440,,2,100,,,,,,280,60,120,,,,,,,,,,,,,,,,,,,,,,,,,,,,,,,,,,,,,,,,,,,,,,,,,,,,,,,,,,,,,,,,,
n04O,"[""Units\\UnitAbilities.slk:1350"", ""Units\\UnitBalance.slk:12312"", ""Units\\UnitData.slk:7046"", ""Units\\UnitUI.slk:11863"", ""Units\\UnitWeapons.slk:13384"", ""Units\\NeutralUnitStrings.txt:711"", ""Units\\NeutralUnitFunc.txt:757""]",,A0R5,_,24,_,_,A,_,_,,,,,,,,800,1400,90,90,270,large,5,1.5,500,600,always,1.5,1500,1500,460,1,10,,,1,150,435,150,435,_,14,1,,_,100,_,ground,1,1,60,0.5,foot,2,3,3,1,1,1,creeps,1,120,120,280,310,_,Shadow,255,255,255,0.8,Flesh,-1,_,_,240,100,50,10,45,1,2,0.15,lightninglizard,Custom_n04O,KotoBeastNoRider,units\creeps\ThunderLizard\ThunderLizard,1,_,,,,,,,,,_,normal,,,1,_,_,1,"ground,air,enemy,neutral",0.56,0.5,55,50.5,46,10,1,0.8,msplash,chaos,250,500,1,"ground,structure,debris,air,item,ward",_,140,20,,0.5,0.5,500,1,Гpoмoвaя ящepицa,,,Summon Storm Wyrm,Heavy ranged unit that hurls bolts of lightning. Has the ability to Devour opponents. Can cast Chain Lightning and Lightning Shield. |n|n|cffffcc00Attacks land and air units.|r,,,ReplaceableTextures\CommandButtons\BTNThunderLizard.blp,,Abilities\Weapons\ChimaeraLightningMissile\ChimaeraLightningMissile.mdl,0.00,1500,,,,,,,,,Objects\Spawnmodels\Demon\DemonLargeDeathExplode\DemonLargeDeathExplode.mdl,large,,Гpoмoвaя ящepицa,"[""up"", ""Js""]",_,15,,440,,2,500,,,1,,,190,150,,,,,,,,,,,,75,150,225,0.5,0.25,,,,,,,,,,,,,,,,,,,,,,,,,,,,,,,,,,,,,,,,,,,,,,,,,,
h01X,"[""Units\\UnitAbilities.slk:1353"", ""Units\\UnitBalance.slk:12347"", ""Units\\UnitData.slk:7065"", ""Units\\UnitUI.slk:11892"", ""Units\\UnitWeapons.slk:13422"", ""Units\\HumanUnitStrings.txt:491"", ""Units\\HumanUnitFunc.txt:785""]",,"Aloc,Avul,A0K4",_,,_,_,*,_,_,,,,,,,,100,100,20,20,1,large,2,,,,always,0.25,420,1,30,3,20,3,6,,,135,,135,_,,1,,_,100,_,ground,,,60,3,foot,1,3.04,2,1,1,6,orc,1,50,50,140,140,_,_,255,255,255,0.1,Metal,-1,_,MetalMediumSlice,210,210,20,10,10,1,1,0.15,HUnit02,Custom_h01X,_,dummy,1,_,,,,,,,,,_,normal,,,1,_,_,1,_,0.5,0.5,13,12.5,12,2,1,1.35,normal,normal,250,90,1,"ground,structure,debris,item,ward",MetalMediumSlice,60,60,,0.51,0.3,500,,dummy,,,,,,,ReplaceableTextures\CommandButtons\BTNShockWave.blp,"0,0",,,,,,,,,,,,Objects\Spawnmodels\Human\HumanLargeDeathExplode\HumanLargeDeathExplode.mdl,,,dummy,"[""sz""]",_,2,,,,2,,,,,,,11,,,,,,,,,,,,,,,,,,,,,,,,,,,,,,,,,,,,,,,,,,,,,,,,,,,,,,,1,,,,,,,,,,,,
E00T,"[""Units\\UnitAbilities.slk:1356"", ""Units\\UnitBalance.slk:12374"", ""Units\\UnitData.slk:7081"", ""Units\\UnitUI.slk:11922"", ""Units\\UnitWeapons.slk:13453"", ""Units\\NightElfUnitStrings.txt:344"", ""Units\\NightElfUnitFunc.txt:613""]","A0RJ,A0RK,A0RL,A0U1,A001","AInv,A0F8",_,24,_,_,*,"R000,R001,R002,R003,R004,R005,R006,R008",AGI,6,2.3,2.3,1.9,17,13,5,600,600,55,55,265,hero,3.7,0.05,100,225,always,1.25,550,475,1,1,50,3,8,,,,,,_,5,1,1,_,100,_,ground,2,4,60,0.4,foot,1,3,2,1,1,9,orc,1,70,70,190,190,_,Shadow,255,255,255,1.1,Flesh,-1,_,_,380,380,30,10,45,1,1.25,0.15,EHero02,Custom_E00T,Dryad,units\nightelf\Dryad\Dryad,1,_,0.7,0.3,8,5,2,4,2,2.13,missile,hero,250,500,1,"ground,structure,debris,air,item,ward",_,1,_,0.7,0.3,12,7,2,9,2,1.85,missile,hero,250,500,1,"ground,structure,debris,air,item,ward",_,60,100,,0.51,0.2992187,650,1,Дочь Леса,Шайла,F,|cffffcc00Д о ч ь   Л е с а |r (F),"Шaйлa - любилa игpaтьcя и peзвитьcя в poдныx лecax, ee дaжe нaзывaли Дoчepью лeca, нo Opн cчитaл инaчe. Тeпepь oнa c дpугими глaдиaтopaми вынуждeнa cpaжaтьcя нa apeнe. Oнa cпocoбнa пpизвaть |cff808070xpaнитeля лeca|r - cвeтлячкa, кoтopый иcцeляeт coюзникoв. Ee |cff808070зaчapoвaнныe кoпья|r мoгут c шaнcoм пpи aтaкe зaмeдлить вpaгoв и нaнecти им уpoн. Шaйлa кaк и дpугиe дpиaды, быcтpa и лoвкa, ee |cff808070лecнaя cнopoвкa|r увeличивaeт лoвкocть и paзум. Oнa мoжeт пpизвaть |cff808070пpиpoдную пocтупь|r, нaнocя уpoн и зaмeдляя вpaгoв.|n|Cffff0000|nCкopocть пepeмeщeния 265.|nТип атаки - дaльний бoй. (500)|R",Вocкpecить |cffffcc00Д о ч ь   Л е с а |r,Вocкpecить |cffffcc00Д о ч ь   Л е с а |r,ReplaceableTextures\CommandButtons\BTNDryad.blp,"3,1",Abilities\Weapons\Dryadmissile\Dryadmissile.mdl,0.12,900,1,,,,0,,,,Objects\Spawnmodels\NightElf\NightElfLargeDeathExplode\NightElfLargeDeathExplode.mdl,medium,ReplaceableTextures\CommandButtons\BTNDryad.blp,Дочь Леса,"[""mH"", ""nQ"", ""OQ""]",_,,,1,,2,150,,,,,,10,,,,,,,,,,,,,,,,,,,,,,,,,,,,,,,,,,,,,,,,,,,,,,,,,,,,,10,,,,,,,,,,,,,,
n04P,"[""Units\\UnitAbilities.slk:1360"", ""Units\\UnitBalance.slk:12412"", ""Units\\UnitData.slk:7100"", ""Units\\UnitUI.slk:11951"", ""Units\\UnitWeapons.slk:13496"", ""Units\\NeutralUnitStrings.txt:715"", ""Units\\NeutralUnitFunc.txt:764""]",,"Avul,A0K4",_,,_,_,"O,K",_,_,,,,,,,,,,1,1,,medium,,,,,always,,15,15,,1,,,,,,,,,_,,1,,_,,_,ground,,,60,0.5,_,1,1,3,1,1,,critters,1,35,35,70,70,_,_,255,255,255,1,Flesh,-1,_,_,200,200,20,10,45,1,0.9,0.15,animal,Custom_n04P,_,null,1,_,,,,,,,,,_,normal,,,1,_,_,1,_,,,,,,,,,_,normal,,,1,_,_,60,60,,0.51,,500,,Дальше,,V,"Дальше, (|cffffcc00V|r)",,,,ReplaceableTextures\CommandButtons\BTNMove.blp,"3,2",,,,,,,,,,,,,,,Дальше,[],_,,,,,2,,,,,,,,,,,,,,,,,,,,,,,,,,,,,,,,,,,,,,,,,,,,,,,,,,,,,,,,,,,,,,,,,,,,,,,,,,
n04Q,"[""Units\\UnitAbilities.slk:1363"", ""Units\\UnitBalance.slk:12427"", ""Units\\UnitData.slk:7114"", ""Units\\UnitUI.slk:11980"", ""Units\\UnitWeapons.slk:13515"", ""Units\\NeutralUnitStrings.txt:720"", ""Units\\NeutralUnitFunc.txt:767""]",,"A005,Avul,Asud,Aawa",_,,_,_,*,_,_,,,,,,,,500,500,3,3,,fort,,,,,none,,150000,150000,,,,,,,,50,,50,"Mechanical,neutral",,1,,_,100,_,structure,,,60,,_,,3,,1,1,1,other,1,,,,,_,_,255,255,255,0.6,Wood,,_,_,200,200,50,,,1,,0.15,Neutral26,Custom_n04Q,_,null,1,_,,,,,,,,,_,normal,,,1,_,_,1,_,,,,,,,,,_,normal,,,1,_,_,120,60,,0.51,,500,,Тaвepнa,,,Build Marketplace,,,,ReplaceableTextures\CommandButtons\BTNTavern.blp,,,,,,,,,,,,,,,,Тaвepнa,"[""nQ"", ""RZ""]",_,,,,,2,,,,,,4,,,,,,,,,,,,,,,,,,,,,,,1,,,,,,,,,,,,,,,,,,,,,,,,,,,,1,,A store for purchasing goods.,,1,,,n04P,,,,,30,,,,,
n04R,"[""Units\\UnitAbilities.slk:1366"", ""Units\\UnitBalance.slk:12447"", ""Units\\UnitData.slk:7127"", ""Units\\UnitUI.slk:12004"", ""Units\\UnitWeapons.slk:13534"", ""Units\\NeutralUnitStrings.txt:724"", ""Units\\NeutralUnitFunc.txt:770""]",,"A005,Avul,Asud,Aawa",_,,_,_,*,_,_,,,,,,,,500,500,3,3,,fort,,,,,none,,150000,150000,,,,,,,,50,,50,"Mechanical,neutral",,1,,_,100,_,structure,,,60,,_,,3,,1,1,1,other,1,,,,,_,_,255,255,255,0.6,Wood,,_,_,200,200,50,,,1,,0.15,Neutral26,Custom_n04R,_,null,1,_,,,,,,,,,_,normal,,,1,_,_,1,_,,,,,,,,,_,normal,,,1,_,_,120,60,,0.51,,500,,Тaвepнa,,,Build Marketplace,,,,ReplaceableTextures\CommandButtons\BTNTavern.blp,,,,,,,,,,,,,,,,Тaвepнa,"[""nQ"", ""RZ""]",_,,,,,2,,,,,,4,,,,,,,,,,,,,,,,,,,,,,,1,,,,,,,,,,,,,,,,,,,,,,,,,,,,1,,A store for purchasing goods.,,1,,,n04P,,,,,30,,,,,
n00S,"[""Units\\UnitAbilities.slk:1369"", ""Units\\UnitBalance.slk:12467"", ""Units\\UnitData.slk:7140"", ""Units\\UnitUI.slk:12028"", ""Units\\UnitWeapons.slk:13553"", ""Units\\NeutralUnitStrings.txt:728"", ""Units\\NeutralUnitFunc.txt:773""]",,"A005,Avul,Asud,Aawa",_,,_,_,*,_,_,,,,,,,,500,500,3,3,,fort,,,,,none,,150000,150000,,,,,,,,50,,50,"Mechanical,neutral",,1,,_,100,_,structure,,,60,,_,,3,,1,1,1,other,1,,,,,_,_,255,255,255,0.6,Wood,,_,_,200,200,50,,,1,,0.15,Neutral26,Custom_n00S,_,null,1,_,,,,,,,,,_,normal,,,1,_,_,1,_,,,,,,,,,_,normal,,,1,_,_,120,60,,0.51,,500,,Тaвepнa,,,Build Marketplace,,,,ReplaceableTextures\CommandButtons\BTNTavern.blp,,,,,,,,,,,,,,,,Тaвepнa,"[""nQ"", ""RZ""]",_,,,,,2,,,,,,4,,,,,,,,,,,,,,,,,,,,,,,1,,,,,,,,,,,,,,,,,,,,,,,,,,,,1,,A store for purchasing goods.,,1,,,n04P,,,,,30,,,,,
n003,"[""Units\\UnitAbilities.slk:1372"", ""Units\\UnitBalance.slk:12487"", ""Units\\UnitData.slk:7153"", ""Units\\UnitUI.slk:12052"", ""Units\\UnitWeapons.slk:13572"", ""Units\\NeutralUnitStrings.txt:732"", ""Units\\NeutralUnitFunc.txt:776""]",,"Aloc,Avul,A0K4",_,,_,_,*,_,_,,,,,,,,,,1,1,100,medium,,,,,none,,15,1,,,,,,,,,,,_,,1,,_,100,_,ground,4,,60,0.5,fly,1,2,2,1,1,1,orc,1,25,25,50,50,_,_,255,255,255,0.4,Flesh,-1,_,_,100,100,20,60,60,1,1,0.15,animal,Custom_n003,_,Abilities\Spells\Undead\FrostArmor\FrostArmorTarget,1,_,,,,,,,,,_,normal,,,1,_,_,1,_,,,,,,,,,_,normal,,,1,_,_,60,60,,0.51,,500,,Льды,,,,,,,ReplaceableTextures\WorldEditUI\StartingLocation.blp,"0,0",,,,,,,,,,,,,,,Льды,"[""Riv""]",_,,,,,2,,60,60,,,,,,,,,,,,,,,,,,,,,,,,,,,,,,,,,,,,,,,,,,,,,,,,,,,100,,,,,,,,,,,,,,,,,,,,
n02M,"[""Units\\UnitAbilities.slk:1375"", ""Units\\UnitBalance.slk:12503"", ""Units\\UnitData.slk:7172"", ""Units\\UnitUI.slk:12081"", ""Units\\UnitWeapons.slk:13591"", ""Units\\NeutralUnitStrings.txt:736"", ""Units\\NeutralUnitFunc.txt:780""]",,"Aloc,Avul,A0K4",_,,_,_,*,_,_,,,,,,,,,,1,1,100,medium,,,,,none,,15,1,,,,,,,,,,,_,,1,,_,100,_,ground,4,,60,0.5,fly,1,2,2,1,1,1,orc,1,25,25,50,50,_,_,255,255,255,0.4,Flesh,-1,_,_,100,100,20,60,60,1,1,0.15,animal,Custom_n02M,_,Abilities\Spells\NightElf\Blink\BlinkCaster,1,_,,,,,,,,,_,normal,,,1,_,_,1,_,,,,,,,,,_,normal,,,1,_,_,60,60,,0.51,,500,,Блинк,,,,,,,ReplaceableTextures\WorldEditUI\StartingLocation.blp,"0,0",,,,,,,,,,,,,,,Блинк,"[""Vfv""]",_,,,,,2,,60,60,,,,,,,,,,,,,,,,,,,,,,,,,,,,,,,,,,,,,,,,,,,,,,,,,,,100,,,,,,,,,,,,,,,,,,,,
n04S,"[""Units\\UnitAbilities.slk:1378"", ""Units\\UnitBalance.slk:12519"", ""Units\\UnitData.slk:7191"", ""Units\\UnitUI.slk:12110"", ""Units\\UnitWeapons.slk:13610"", ""Units\\NeutralUnitStrings.txt:740"", ""Units\\NeutralUnitFunc.txt:784""]",,"Avul,A0K4",_,,_,_,"O,K",_,_,,,,,,,,,,1,1,,medium,,,,,always,,15,15,1,1,,,,,,,,,_,,1,,_,,_,ground,,,60,0.5,_,1,1,3,1,1,,critters,1,35,35,70,70,_,_,255,255,255,1,Flesh,-1,_,_,200,200,20,10,45,1,0.9,0.15,animal,Custom_n04S,_,null,1,_,,,,,,,,,_,normal,,,1,_,_,1,_,,,,,,,,,_,normal,,,1,_,_,60,60,,0.51,,500,,Быстрая покупка,,Z,"Быстрая покупка, (|cffffcc00Z|r)","Включить/выключить быструю покупку.|nПодробнее о системе можно почитать в меню (|cffffcc00F9|R).|n|cffc3dbffПримечание: |n1) Собранный предмет всегда будет (уровень 1).|n|cffffcc002) Меч Гнева, будет аналогичен основному атрибуту героя!",,,ReplaceableTextures\CommandButtons\BTNPillage.blp,"0,2",,,,,,,,,,,,,,,Быстрая покупка,"[""Hk""]",_,,,,,2,,,,,,,,,,,,,,,,,,,,,,,,,,,,,,,,,,,,,,,,,,,,,,,,,,,,,,,,,,,,,,,,,,,,,,,,,,
e00U,"[""Units\\UnitAbilities.slk:1381"", ""Units\\UnitBalance.slk:12535"", ""Units\\UnitData.slk:7205"", ""Units\\UnitUI.slk:12139"", ""Units\\UnitWeapons.slk:13629"", ""Units\\NightElfUnitStrings.txt:352"", ""Units\\NightElfUnitFunc.txt:627""]",,"A0RO,ACmi,Apiv",_,16,_,_,*,_,_,,,,,,,,600,600,14,14,1,medium,,,,,none,,120,120,30,3,15,3,5,1,,,,,_,,1,,_,100,_,ground,4,,60,0.6,fly,1,3,,1,1,1,human,1,,,,,_,_,255,255,255,1,Ethereal,-1,_,_,200,200,50,25,25,1,1,0.15,EUnit01,Custom_e00U,Wisp,units\nightelf\Wisp\Wisp,1,_,,,,,,,,,_,normal,,,1,_,_,,_,,,,,,,,,_,normal,,,1,_,_,60,60,,0.51,,,,Светлячок ,,,,,,,ReplaceableTextures\CommandButtons\BTNWisp.blp,"0,0",,,,,,,,,,,,Units\NightElf\Wisp\WispExplode.mdl,,,Светлячок ,"[""e4v"", ""xBv""]",_,,,,,2,,,,,,,,,,,,,,1,,,,,,,,,,,,,,,,,,,,,,,,,,,,,,,,,,,,,,,,,,,,,,,,,,,,,,,,,,,,
h01Y,"[""Units\\UnitAbilities.slk:1384"", ""Units\\UnitBalance.slk:12559"", ""Units\\UnitData.slk:7221"", ""Units\\UnitUI.slk:12165"", ""Units\\UnitWeapons.slk:13646"", ""Units\\HumanUnitStrings.txt:496"", ""Units\\HumanUnitFunc.txt:789""]",,"Avul,A0K4",_,,_,unbuildable,*,_,_,,,,,,,,,,25,25,,small,5,,,,none,,500,1,,,,,,,,,,,Mechanical,,1,,buffer,100,_,structure,,,60,,_,,2.34,2,1,1,1,human,1,,,,,_,_,200,200,200,1.1,Wood,-1,_,_,200,200,50,,,1,1.2,0.15,HBuilding12,Custom_h01Y,_,Crate,1,_,,,,,,,,,_,normal,,,1,_,_,,_,,,,,,,,,_,normal,,,1,_,_,120,60,,0.51,,,,Баррикада,,T,Баррикада (|cffffcc00T|r),,,,ReplaceableTextures\CommandButtons\BTNCrate.blp,"0,2",,,,,,0,0,,,,,,,,Баррикада,[],_,5,,,,1,,,,,,4,,,,,,,,,,,,,,,,,,,,,,,1,,,,,,,,,,,,,,,,,,,,,,,,,,,,,,,,,,,,,,,,,,,,,
n04T,"[""Units\\UnitAbilities.slk:1387"", ""Units\\UnitBalance.slk:12576"", ""Units\\UnitData.slk:7235"", ""Units\\UnitUI.slk:12189"", ""Units\\UnitWeapons.slk:13663"", ""Units\\NeutralUnitStrings.txt:745"", ""Units\\NeutralUnitFunc.txt:787""]",,"Aloc,Avul,A0K4",_,,_,_,*,_,_,,,,,,,,100,100,1,1,100,medium,,,,,always,99,15,9999,,,,,,,,,,,_,,1,,_,100,_,ground,4,,60,3,foot,1,0.1,2,1,1,1,orc,1,,,,,_,_,255,255,255,0.5,Flesh,-1,_,_,200,200,20,,,1,0.9,0.15,animal,Custom_n04T,,Abilities\Spells\NightElf\Tranquility\Tranquility,1,_,,,,,,,,,_,normal,,,1,_,_,1,_,,,,,,,,,_,normal,,,1,_,_,60,60,,,,,,Природная поступь,,,,,,,ReplaceableTextures\WorldEditUI\StartingLocation.blp,"0,0",,,,,,,,,,,,,,,Природная поступь,"[""xAv"", ""xNv"", ""xBv""]",_,,,,,2,,,,,,,,,,,,,,,,,,,,,,,,,,,,,,,,,,,,,,,,,,,,,,,,,,,,,,100,,,,,,,,,,,,,,,,,,,,
n04U,"[""Units\\UnitAbilities.slk:1390"", ""Units\\UnitBalance.slk:12595"", ""Units\\UnitData.slk:7252"", ""Units\\UnitUI.slk:12211"", ""Units\\UnitWeapons.slk:13680"", ""Units\\NeutralUnitStrings.txt:749"", ""Units\\NeutralUnitFunc.txt:790""]",,"Aloc,Avul,A0K4",_,,_,_,*,_,_,,,,,,,,100,100,1,1,100,medium,,,,,always,99,15,9999,,,,,,,,,,,_,,1,,_,100,_,ground,4,,60,3,foot,1,0.1,2,1,1,1,orc,1,,,,,_,_,,255,,1.3,Flesh,-1,_,_,200,200,20,,,1,0.9,0.15,animal,Custom_n04U,,units\human\phoenix\phoenix,1,_,,,,,,,,,_,normal,,,1,_,_,1,_,,,,,,,,,_,normal,,,1,_,_,60,60,,,,,,Природная поступь 2,,,,,,,ReplaceableTextures\WorldEditUI\StartingLocation.blp,"0,0",,,,,,,,,,,,,,,Природная поступь 2,"[""xAv"", ""xNv"", ""xBv""]",_,,,,,2,,,,,,,,,,,,,,,,,,,,,,,,,,,,,,,,,,,,,,,,,,,,,,,,,,,,,,100,,,,,,,,,,,,,,,,,,,,
n04V,"[""Units\\UnitAbilities.slk:1393"", ""Units\\UnitBalance.slk:12614"", ""Units\\UnitData.slk:7269"", ""Units\\UnitUI.slk:12231"", ""Units\\UnitWeapons.slk:13697"", ""Units\\NeutralUnitStrings.txt:753"", ""Units\\NeutralUnitFunc.txt:793""]",,"Aloc,Avul,A0K4",_,,_,_,*,_,_,,,,,,,,,,1,1,100,medium,,,,,none,,15,1,,,,,,,,,,,_,,1,,_,100,_,ground,4,,60,0.5,fly,1,2,,1,1,1,orc,1,25,25,50,50,_,_,255,255,255,0.8,Flesh,-1,_,_,100,100,20,60,60,1,1,0.15,animal,Custom_n04V,_,Abilities\Spells\Human\MarkOfChaos\MarkOfChaosTarget,1,_,,,,,,,,,_,normal,,,1,_,_,1,_,,,,,,,,,_,normal,,,1,_,_,60,60,,0.51,,500,,Хаос,,,,,,,ReplaceableTextures\WorldEditUI\StartingLocation.blp,"0,0",,,,,,,,,,,,,,,Хаос,"[""NFv""]",_,,,,,2,,,,,,,,,,,,,,,,,,,,,,,,,,,,,,,,,,,,,,,,,,,,,,,,,,,,,,100,,,,,,,,,,,,,,,,,,,,
n04W,"[""Units\\UnitAbilities.slk:1396"", ""Units\\UnitBalance.slk:12630"", ""Units\\UnitData.slk:7285"", ""Units\\UnitUI.slk:12260"", ""Units\\UnitWeapons.slk:13716"", ""Units\\NeutralUnitStrings.txt:757"", ""Units\\NeutralUnitFunc.txt:797""]",,"Aloc,Avul,A0K4",_,,_,_,*,_,_,,,,,,,,,,1,1,100,medium,,,,,none,,15,1,,,,,,,,,,,_,,1,,_,100,_,ground,4,,60,0.5,fly,1,0.1,2,1,1,1,orc,1,25,25,50,50,_,_,,,,0.2,Flesh,-1,_,_,100,100,20,60,60,1,1,0.15,animal,Custom_n04W,_,units\creeps\SpiderBlack\SpiderBlack,1,_,,,,,,,,,_,normal,,,1,_,_,1,_,,,,,,,,,_,normal,,,1,_,_,60,60,,0.51,,500,,Пауки,,,,,,,ReplaceableTextures\WorldEditUI\StartingLocation.blp,"0,0",,,,,,,,,,,,,,,Пауки,"[""B0""]",_,,,,,2,,,,,,,,,,,,,,,,,,,,,,,,,,,,,,,,,,,,,,,,,,,,,,,,,,,,,,,,,,,,,,,,,,,,,,,,,300,
H01Z,"[""Units\\UnitAbilities.slk:1399"", ""Units\\UnitBalance.slk:12646"", ""Units\\UnitData.slk:7302"", ""Units\\UnitUI.slk:12286"", ""Units\\UnitWeapons.slk:13735"", ""Units\\CampaignUnitStrings.txt:189"", ""Units\\CampaignUnitFunc.txt:216""]","A0RZ,A0S1,A0S2,A0S3,A001","AInv,A0F8",_,24,_,_,*,"R000,R001,R002,R003,R004,R005,R006,R008",AGI,6,3.1,2,2,25,4,6,600,600,55,55,260,hero,3.7,0.05,100,225,always,1,550,430,1,1,50,3,8,,,,,,_,5,1,1,_,100,_,ground,,5,60,0.6,foot,1,3,2,1,1,10,orc,1,60,60,120,120,_,Shadow,255,255,255,1.348437,Flesh,-1,_,_,200,200,30,10,10,1,1.151562,0.15,,Custom_H01Z,EvilSylvanas,units\creeps\watcher\watcher,1,_,0.58,0.7,8,5,2,4,2,2.13,missile,hero,250,500,1,"ground,structure,debris,air,item,ward",_,1,_,0.64,0.3299219,12,7,2,8,2,1.8,normal,hero,250,120,1,"ground,structure,debris,air,item,ward",MetalMediumSlice,60,60,,0.51,0.3,500,1,Душекрад,Лея,,|cffffcc00Д у ш е к р а д |r,test.|n|Cffff0000|nCкopocть пepeмeщeния 260.|nДaльнocть aтaки 100.|nТип атаки - ближний бoй.|R,Вocкpecить |cffffcc00Д у ш е к р а д а |r,Вocкpecить |cffffcc00Д у ш е к р а д а |r,,"1,0",,3.90625E-03,900,0,,,,,,,,Objects\Spawnmodels\Human\HumanLargeDeathExplode\HumanLargeDeathExplode.mdl,,,Душекрад,[],_,1,,1,,2,75,,,,,,10,,,,,,,,,,,,,,,,,,,,,,,,,,,,,,,,H020,,,,,,,,,,,,,,,,,,,,,10,,,,,,,,,,,,,,
H020,"[""Units\\UnitAbilities.slk:1403"", ""Units\\UnitBalance.slk:12685"", ""Units\\UnitData.slk:7320"", ""Units\\UnitUI.slk:12314"", ""Units\\UnitWeapons.slk:13778"", ""Units\\CampaignUnitStrings.txt:197"", ""Units\\CampaignUnitFunc.txt:226""]",A001,"AInv,A0F8",_,24,_,_,*,"R000,R001,R002,R003,R004,R005,R006,R008",AGI,6,3.1,2,2,25,4,6,600,600,55,55,300,hero,3.7,0.05,100,225,always,1,550,430,1,1,50,3,8,,,,,,_,5,1,1,_,100,_,ground,,5,60,0.6,foot,1,3,2,1,1,10,orc,1,60,60,120,120,_,Shadow,255,100,100,1.348437,Flesh,-1,_,_,200,200,30,10,10,1,1.151562,0.15,,Custom_H020,EvilSylvanas,units\creeps\watcher\watcher,1,_,0.58,0.7,8,5,2,4,2,2.13,missile,hero,250,500,1,"ground,structure,debris,air,item,ward",_,1,_,0.64,0.3299219,12,7,2,8,2,1.696875,normal,hero,250,120,1,"ground,structure,debris,air,item,ward",_,60,60,,0.51,0.3,500,1,Душекрад,Лея,,|cffffcc00Д у ш е к р а д |r,test.|n|Cffff0000|nCкopocть пepeмeщeния 300.|nДaльнocть aтaки 100.|nТип атаки - ближний бoй.|R,Вocкpecить |cffffcc00Д у ш е к р а д а |r,Вocкpecить |cffffcc00Д у ш е к р а д а |r,,"1,0",,3.90625E-03,900,0,,,,,,,,Objects\Spawnmodels\Human\HumanLargeDeathExplode\HumanLargeDeathExplode.mdl,,,Душекрад,[],_,1,,1,,2,75,,,,,,10,,,,,,,1,,,,,,,,,,,,,,,,,,,,,,,,,,,,,,,,,,,,,,,,,,,,,,10,,,,,,,,,,,,1,,
h021,"[""Units\\UnitAbilities.slk:1407"", ""Units\\UnitBalance.slk:12724"", ""Units\\UnitData.slk:7338"", ""Units\\UnitUI.slk:12344"", ""Units\\UnitWeapons.slk:13821"", ""Units\\HumanUnitStrings.txt:501"", ""Units\\HumanUnitFunc.txt:797""]",,"Aloc,Aroa,A0K4",_,2,_,_,*,_,_,,,,,,,,64,64,28,28,270,none,,,75,200,always,999,290,9999,30,3,20,3,6,,10,135,,,_,2,,,_,100,_,ground,2,,60,0.6,foot,1,2,3,1,1,7,orc,1,,,,,_,_,255,255,255,0.1,Flesh,-1,_,_,185,185,50,10,10,1,0.1,0.15,HUnit09,Custom_h021,_,None,1,_,,,,,,,,,_,normal,,,1,_,_,1,_,0.58,0.59,9,8.5,8,1,1,2,missile,normal,250,600,1,"ground,structure,debris,air,item,ward",_,60,60,,0.67,0.5,600,1,Anti-cheat_1,,,,A unit used in the Anti-cheat system,,,ReplaceableTextures\CommandButtons\BTNAntiMagicShell.blp,"1,0",,0.00,9000,1,,,,,,,,Objects\Spawnmodels\Human\HumanLargeDeathExplode\HumanLargeDeathExplode.mdl,,,Anti-cheat_1,"[""nP"", ""dq"", ""eQ"", ""T0"", ""l3""]",_,1000,,,,2,20,,,,,,,,,,,,,,,,,UI\Widgets\Console\Human\infocard-priest.blp,,,,,,,,,,,,,,,,,,,,,,,,,,,,,,,,,,,,,,,,,,,,1,,,,,,,,,,,,1
h022,"[""Units\\UnitAbilities.slk:1410"", ""Units\\UnitBalance.slk:12755"", ""Units\\UnitData.slk:7355"", ""Units\\UnitUI.slk:12370"", ""Units\\UnitWeapons.slk:13852"", ""Units\\HumanUnitStrings.txt:508"", ""Units\\HumanUnitFunc.txt:806""]",,A0K4,_,2,_,_,*,_,_,,,,,,,,64,64,60,5,,fort,5,,,,always,300,1500,300,,,,,,,60,160,,,Mechanical,,1,,factory,100,none,structure,,,60,,_,,2.34,2,1,1,9,human,1,,,,,_,_,255,255,255,0.1,Stone,-1,_,_,200,200,50,,,1,0.1,0.15,HBuilding06,Custom_h022,_,None,1,_,,,,,,,,,_,normal,,,1,_,_,,_,,,,,,,,,_,normal,,,1,_,_,160,60,,0.51,,,,Anti-cheat_3,,,,A building used in the Anti-cheat system,,,ReplaceableTextures\CommandButtons\BTNAntiMagicShell.blp,"1,0",,,,,,0,0,,,,,Objects\Spawnmodels\Human\HCancelDeath\HCancelDeath.mdl,medium,,Anti-cheat_3,"[""nP"", ""dq"", ""eQ"", ""T0"", ""l3""]",_,1000,,,,1,,,,,,4,,,,,,,,,,,,,,,,,,,,,,,1,9,h002,,,,,,,,,,,,,,,,,,,,,,,,,,,,,,,1,,,,,,,,,,,,1
h023,"[""Units\\UnitAbilities.slk:1413"", ""Units\\UnitBalance.slk:12778"", ""Units\\UnitData.slk:7371"", ""Units\\UnitUI.slk:12395"", ""Units\\UnitWeapons.slk:13869"", ""Units\\HumanUnitStrings.txt:513"", ""Units\\HumanUnitFunc.txt:816""]",,"Aloc,Ahar,Amil,Ahrp,A0K4",_,2,_,_,*,_,_,,,,,,,,64,64,15,15,190,medium,,,,,always,0.25,220,220,30,3,15,3,5,,,75,,75,_,1,1,,_,100,_,ground,4,,60,0.6,foot,1,3.34,3,1,1,1,orc,1,,,,,_,_,255,255,255,0.1,Flesh,-1,AxeMediumChop,MetalLightChop,150,150,20,10,10,1,0.1,0.15,HUnit01,Custom_h023,_,None,1,_,0.433,0.433,1,1,1,1,1,1.1,normal,normal,120,66,1,tree,AxeMediumChop,1,_,0.567,0.433,6,5.5,5,1,1,2,normal,normal,250,90,1,"ground,structure,debris,item,ward",_,60,60,,0.51,0.3,500,3,Anti-cheat_2,,,,A unit used in the Anti-cheat system,,,ReplaceableTextures\CommandButtons\BTNAntiMagicShell.blp,"0,0",,,,,,,,,,,,Objects\Spawnmodels\Human\HumanLargeDeathExplode\HumanLargeDeathExplode.mdl,,,Anti-cheat_2,"[""nP"", ""dq"", ""eQ"", ""T0"", ""l3""]",_,1000,,,,2,,,,,,,,,,,,,,,h003,,,,,,,,,,,,,,,,,,,,,,,,,,,,,,,,,,,,,,,,,,,,,,,1,,,,,,,,,,,,1
U00F,"[""Units\\UnitAbilities.slk:1416"", ""Units\\UnitBalance.slk:12806"", ""Units\\UnitData.slk:7389"", ""Units\\UnitUI.slk:12421"", ""Units\\UnitWeapons.slk:13910"", ""Units\\CampaignUnitStrings.txt:205"", ""Units\\CampaignUnitFunc.txt:235""]","A0LY,A0S0,A0VZ,A0VW,A001","AInv,A0F8,A0KH",_,24,_,_,*,"R000,R001,R002,R003,R004,R005,R006,R008",STR,6,2,2,3,5,8,22,600,600,55,55,240,hero,2.2,0.05,100,300,always,1,450,575,1,1,50,3,8,,,,,,_,5,1,1,_,100,_,ground,2,5,60,0.8,foot,1,3,2,1,1,11,orc,1,60,60,120,120,_,Shadow,255,255,255,1.1,Flesh,-1,_,_,200,200,30,10,10,1,1.6,0.15,,Custom_U00F,Magnataur,units\creeps\WendigoShaman\WendigoShaman,1,_,0.54,0.46,8,5,2,4,2,2.13,missile,hero,250,500,1,"ground,structure,debris,air,item,ward",_,1,_,0.84,0.5,8,5,2,13,1,1.9,normal,hero,250,120,1,"ground,structure,debris,air,item,ward",MetalLightChop,60,60,,0.5,0.75,600,1,Ледяной Гигант,Рагнор,C,|cffffcc00Л е д я н о й   Г и г а н т |r (C),"Ледяной гигант - Рагнор может совершать |cff808070гигантский прыжок|r отталкивая врагов, помечает врагов меткой - |cff808070жертва|r оглушая ее, вызывает вокруг себя |cff808070ледяных духов|r которые лечат и наносят врагам урон. Достигнув пятого уровня заковывает врагов в |cff808070ледяную тюрьму|r.|n|Cffff0000|nCкopocть пepeмeщeния 240.|nТип атаки - ближний бoй.|R",Воскресить |cffffcc00Л е д я н о г о   Г и г а н т а |r,Воскресить |cffffcc00Л е д я н о г о   Г и г а н т а |r,ReplaceableTextures\CommandButtons\BTNWendigo.blp,"2,2",,0.0,0,0,,,,,,,,Objects\Spawnmodels\Undead\UndeadLargeDeathExplode\UndeadLargeDeathExplode.mdl,,ReplaceableTextures\CommandButtons\BTNWendigo.blp,Ледяной Гигант,"[""mH"", ""qH"", ""nQ"", ""OQ""]",_,3,,1,,2,75,,,,,,12,,,,,,,,,,,,,,,,,,,,,,,,,,,,,,,,,,,,,,,,,,,,,,,,,,,,,10,,,,,,,,,,,,,,
n04X,"[""Units\\UnitAbilities.slk:1420"", ""Units\\UnitBalance.slk:12845"", ""Units\\UnitData.slk:7408"", ""Units\\UnitUI.slk:12449"", ""Units\\UnitWeapons.slk:13953"", ""Units\\NeutralUnitStrings.txt:761"", ""Units\\NeutralUnitFunc.txt:801""]",,"A0K4,Aneu,Avul,Apit",_,,_,_,*,_,_,,,,,,,,500,500,3,3,,fort,,,,,none,,150000,150000,,,,,,,,50,,50,"Mechanical,neutral",,1,,_,100,_,structure,,,60,,_,,3,,1,1,1,other,1,,,,,_,_,255,255,255,0.8,Wood,-1,_,_,200,200,50,,,1,0.1,0.15,Neutral02,Custom_n04X,Merchant,null,1,_,,,,,,,,,_,normal,,,1,_,_,1,_,,,,,,,,,_,normal,,,1,_,_,120,60,,0.51,,500,,Opyжeйнaя 6,,,Пpeдмeты редкого качества.,,,,ReplaceableTextures\CommandButtons\BTNAltarOfKings.blp,,,,,,,,,,,,,,,,Opyжeйнaя 6,"[""nQ""]",_,,,,,2,,,,,,4,,,,,,,,,,,,,,,,,,,,,,,,,,,,,,,,,,,,,,,,,,,,,,,,,,,1,,Sells various magic items.,,1,1,"I073,I084,I08W,I09H,I09V,I09Q,I09S,I09J,I09Y,I0A8",n03R,,,,,,,,,,
n04Y,"[""Units\\UnitAbilities.slk:1423"", ""Units\\UnitBalance.slk:12864"", ""Units\\UnitData.slk:7421"", ""Units\\UnitUI.slk:12475"", ""Units\\UnitWeapons.slk:13972"", ""Units\\NeutralUnitStrings.txt:765"", ""Units\\NeutralUnitFunc.txt:805""]",,"Avul,A0K4",_,,_,_,"O,K",_,_,,,,,,,,,,1,1,,medium,,,,,always,,15,15,,1,,,,,,,,,_,,1,,_,,_,ground,,,60,0.5,_,1,1,3,1,1,,critters,1,35,35,70,70,_,_,255,255,255,1,Flesh,-1,_,_,200,200,20,10,45,1,0.9,0.15,animal,Custom_n04Y,_,null,1,_,,,,,,,,,_,normal,,,1,_,_,1,_,,,,,,,,,_,normal,,,1,_,_,60,60,,0.51,,500,,Opyжeйнaя 6,,V,"Opyжeйнaя 6, (|cffffcc00V|r)",|cffffcc00Список предметов:|n|c00808080-Тотем стойкости|n- Печать Силы|n- Одеяние Фокусника|n- Камень Душ|n- Разрушитель Заклинаний|n- Боевой дротик|n- Арбалет Охотника за Головами|n- Маски Ман'ари|n- Магическая Цепь|n- Живое Пламя,,,ReplaceableTextures\PassiveButtons\BTNAltarOfKings.blp,"3,2",,,,,,,,,,,,,,,Opyжeйнaя 6,"[""IZ""]",_,,,,,2,,,,,,,,,,,,,,,,,,,,,,,,,,,,,,,,,,,,,,,,,,,,,,,,,,,,,,,,,,,,,,,,,,,,,,,,,,
n04Z,"[""Units\\UnitAbilities.slk:1426"", ""Units\\UnitBalance.slk:12879"", ""Units\\UnitData.slk:7435"", ""Units\\UnitUI.slk:12504"", ""Units\\UnitWeapons.slk:13991"", ""Units\\NeutralUnitStrings.txt:770"", ""Units\\NeutralUnitFunc.txt:808""]",,"Aloc,Avul,A0K4",_,,_,_,*,_,_,,,,,,,,100,100,1,1,100,medium,,,,,always,99,15,9999,,,,,,,,,,,_,,1,,_,100,_,ground,4,,60,3,foot,1,0.1,2,1,1,1,orc,1,,,,,_,_,255,255,255,1,Flesh,-1,_,_,200,200,20,,,1,0.9,0.15,animal,Custom_n04Z,,dummy,1,_,,,,,,,,,_,normal,,,1,_,_,1,_,,,,,,,,,_,normal,,,1,_,_,60,60,,,,,,Освященный молот,,,,,,,ReplaceableTextures\WorldEditUI\StartingLocation.blp,"0,0",,,,,,,,,,,,,,,Освященный молот,[],_,,,,,2,,20,20,,,,,,,,,,,,,,,,,,,,,,,,,,,,,,,,,,,,,,,,,,,,,,,,,,,100,,,,,,,,,,,,,,,,,,,,
H024,"[""Units\\UnitAbilities.slk:1429"", ""Units\\UnitBalance.slk:12898"", ""Units\\UnitData.slk:7454"", ""Units\\UnitUI.slk:12526"", ""Units\\UnitWeapons.slk:14008"", ""Units\\CampaignUnitStrings.txt:213"", ""Units\\CampaignUnitFunc.txt:244""]","A0SJ,A0SP,A0SL,A0SM,A001","AInv,A0SI,A0F8",_,24,_,_,*,"R000,R001,R002,R003,R004,R005,R006,R008",INT,6,2.1,3,2.2,7,20,8,600,600,55,55,255,hero,3.1,0.01,100,285,always,1.15,475,525,1,1,50,3,8,,,,,,_,5,1,12,_,100,_,ground,2,,60,0.5,foot,1,2.8,2,1,1,10,orc,1,70,70,140,140,_,Shadow,120,120,255,1.15,Flesh,-1,_,_,200,200,20,5,5,1,1.5,0.15,,Custom_H024,Sorceress,units\human\Sorceress\Sorceress,1,_,0.4,0.55,8,5,2,4,2,2.13,missile,hero,250,500,1,"ground,structure,debris,air,item,ward",_,1,_,0.78,0.75,8,5,2,11,2,1.9,missile,hero,250,600,1,"ground,structure,debris,air,item,ward",WoodMediumBash,60,66,15,0.77,0.1,650,1,Пиромант,"Теджас,Теджас,Теджас,Теджас,Теджас,Теджас,Теджас,Теджас,Теджас,Агни,Джубили,Мэра Мэра но Ми",C,|cffffcc00П и р о м а н т |r (C),"Пиромантия - одна из разновидностей магического искусства, основанная на управлении огнем. Она с легкостью познала все ее тайны, научилась взрывать огненные шары создавая - |cff808070вакуумный взрыв|r, притягивая врагов. Призывать |cff808070горящие сферы|r - отталкивая врагов. Достигнув своего пика может призвать |cff808070живой метеорит|r, нанося огромный урон. Все заклинания оставляют за собой |cff808070едкий дым|r, который затрудняет ведение боя для врага.|n|Cffff0000|nCкopocть пepeмeщeния 255.|nТип атаки - дaльний бoй. (600)|R",Вocкpecить |cffffcc00П и р о м а н т a |r,Вocкpecить |cffffcc00П и р о м а н т a |r,ReplaceableTextures\CommandButtons\BTNSorceress.blp,"2,2",linahandattachments.mdl,0.15,900,1,,,,,,,,Objects\Spawnmodels\Human\HumanLargeDeathExplode\HumanLargeDeathExplode.mdl,,ReplaceableTextures\CommandButtons\BTNSorceress.blp,Пиромант,"[""mH"", ""qH"", ""qp"", ""wp"", ""nQ"", ""OQ"", ""V3"", ""A3""]",,,,1,,2,75,,,,,,11,,,,,,,,,,,,,,,,,,,,,,,,,,,,,,,,,,,,,,,,,,,,,,,,,,,,,10,,,,,,,,,,,,,,
h025,"[""Units\\UnitAbilities.slk:1433"", ""Units\\UnitBalance.slk:12936"", ""Units\\UnitData.slk:7472"", ""Units\\UnitUI.slk:12553"", ""Units\\UnitWeapons.slk:14052"", ""Units\\HumanUnitStrings.txt:518"", ""Units\\HumanUnitFunc.txt:821""]",,"Aloc,Avul,A0K4",_,,_,_,*,_,_,,,,,,,,150,150,20,20,1,none,2,,,,always,,420,100,30,3,,,,,,,,,_,,,,_,100,_,ground,,,60,0.6,fly,1,3.04,2,1,1,6,orc,1,,,,,_,_,255,255,255,1,Metal,-1,_,MetalMediumSlice,210,210,20,10,10,1,1,0.15,HUnit02,Custom_h025,_,linahandattachments,1,_,,,,,,,,,_,normal,,,1,_,_,1,_,0.5,0.5,13,12.5,12,2,1,1.35,normal,normal,250,90,1,"ground,structure,debris,item,ward",MetalMediumSlice,,60,,0.51,0.3,500,,Вакуумный взрыв,,F,,,,,ReplaceableTextures\WorldEditUI\StartingLocation.blp,"0,0",,,,,,,,,,,,,,,Вакуумный взрыв,"[""UL"", ""R3v"", ""Ijv""]",_,,,,,,,80,80,,,,11,,,,,,,,,,,,,,,,,,,,,,,,,,,,,,,,,,,,,,,,,,,,,,,,,,,,,,,,,,,,,,,,,,,
n050,"[""Units\\UnitAbilities.slk:1436"", ""Units\\UnitBalance.slk:12955"", ""Units\\UnitData.slk:7489"", ""Units\\UnitUI.slk:12578"", ""Units\\UnitWeapons.slk:14082"", ""Units\\NeutralUnitStrings.txt:774"", ""Units\\NeutralUnitFunc.txt:811""]",,"Aloc,Avul,A0K4",_,,_,_,*,_,_,,,,,,,,100,100,1,1,100,medium,,,,,always,99,15,9999,,,,,,,,,,,_,,1,,_,100,_,ground,4,,60,3,hover,1,0.1,2,1,1,1,orc,1,,,,,_,_,255,255,255,1.2,Flesh,-1,_,_,200,200,20,,,1,0.9,0.15,animal,Custom_n050,,pyro_firaga_2,1,_,,,,,,,,,_,normal,,,1,_,_,1,_,,,,,,,,,_,normal,,,1,_,_,60,60,,,,,,Вакуумный взрыв,,,,,,,ReplaceableTextures\WorldEditUI\StartingLocation.blp,"0,0",,,,,,,,,,,,,,,Вакуумный взрыв,"[""sL""]",_,,,,,2,,,,,,,,,,,,,,,,,,,,,,,,,,,,,,,,,,,,,,,,,,,,,,,,,,,,,,100,,,,,,,,,,,,,,,,,,,,
h026,"[""Units\\UnitAbilities.slk:1439"", ""Units\\UnitBalance.slk:12974"", ""Units\\UnitData.slk:7506"", ""Units\\UnitUI.slk:12600"", ""Units\\UnitWeapons.slk:14099"", ""Units\\HumanUnitStrings.txt:523"", ""Units\\HumanUnitFunc.txt:825""]",,"Aloc,Avul,A0K4",_,,_,_,*,_,_,,,,,,,,150,150,20,20,1,none,2,,,,always,,420,100,30,3,,,,,,,,,_,,,,_,100,_,ground,,,60,0.6,fly,1,3.04,2,1,1,6,orc,1,,,,,_,_,255,255,255,1,Metal,-1,_,MetalMediumSlice,210,210,20,10,10,1,1,0.15,HUnit02,Custom_h026,_,pyro_exortscepter,1,_,,,,,,,,,_,normal,,,1,_,_,1,_,0.5,0.5,13,12.5,12,2,1,1.35,normal,normal,250,90,1,"ground,structure,debris,item,ward",MetalMediumSlice,,60,,0.51,0.3,500,,Горящие сферы,,F,,,,,ReplaceableTextures\WorldEditUI\StartingLocation.blp,"0,0",,,,,,,,,,,,,,,Горящие сферы,"[""Cm""]",_,,,,,,,80,80,,,,11,,,,,,,,,,,,,,,,,,,,,,,,,,,,,,,,,,,,,,,,,,,,,,,,,,,,,,,,,,,,,,,,,,,
n051,"[""Units\\UnitAbilities.slk:1442"", ""Units\\UnitBalance.slk:12993"", ""Units\\UnitData.slk:7523"", ""Units\\UnitUI.slk:12625"", ""Units\\UnitWeapons.slk:14129"", ""Units\\NeutralUnitStrings.txt:778"", ""Units\\NeutralUnitFunc.txt:814""]",,"A0SK,Aloc,Avul,A0K4",_,,_,_,*,_,_,,,,,,,,100,100,1,1,100,medium,,,,,always,99,15,9999,,,,,,,,,,,_,,1,,_,100,_,ground,4,,60,3,foot,1,0.1,2,1,1,1,orc,1,,,,,_,_,255,255,255,1.25,Flesh,-1,_,_,200,200,20,,,1,0.9,0.15,animal,Custom_n051,,Pyro_smoke,1,_,,,,,,,,,_,normal,,,1,_,_,1,_,,,,,,,,,_,normal,,,1,_,_,60,60,,,,,,Едкий дым,,,,,,,ReplaceableTextures\WorldEditUI\StartingLocation.blp,"0,0",,,,,,,,,,,,,,,Едкий дым,"[""jL"", ""sL"", ""im"", ""fm""]",_,,,,,2,,-50,-50,,,,,,,,,,,,,,,,,,,,,,,,,,,,,,,,,,,,,,,,,,,,,,,,,,,100,,,,,,,,,,,,,,,,,,,,
h027,"[""Units\\UnitAbilities.slk:1445"", ""Units\\UnitBalance.slk:13012"", ""Units\\UnitData.slk:7542"", ""Units\\UnitUI.slk:12647"", ""Units\\UnitWeapons.slk:14146"", ""Units\\HumanUnitStrings.txt:528"", ""Units\\HumanUnitFunc.txt:829""]",,"Aloc,Avul,A0K4",_,,_,_,*,_,_,,,,,,,,100,100,20,20,300,large,2,,,,always,0.25,420,1,30,3,20,3,6,,,135,,135,_,,1,,_,100,_,ground,,,60,0.6,foot,1,3.04,2,1,1,6,orc,1,,,,,_,_,204,50,153,2,Metal,-1,_,MetalMediumSlice,210,210,20,10,10,1,4,0.15,HUnit02,Custom_h027,_,Units\Demon\Infernal\InfernalBirth,1,_,,,,,,,,,_,normal,,,1,_,_,1,_,0.5,0.5,13,12.5,12,2,1,1.35,normal,normal,250,90,1,"ground,structure,debris,item,ward",MetalMediumSlice,,60,,0.51,0.3,500,,Живой метеорит,,,,,,,ReplaceableTextures\WorldEditUI\StartingLocation.blp,"0,0",,,,,,,,,,,,,,,Живой метеорит,"[""Gm""]",_,2,,,,2,,,,,,,11,,,,,,,,,,,,,,,,,,,,,,,,,,,,,,,,,,,,,,,,,,,,,,,,,,,,,,,1,,,,,,birth,,,,,,
h028,"[""Units\\UnitAbilities.slk:1448"", ""Units\\UnitBalance.slk:13039"", ""Units\\UnitData.slk:7558"", ""Units\\UnitUI.slk:12673"", ""Units\\UnitWeapons.slk:14176"", ""Units\\HumanUnitStrings.txt:533"", ""Units\\HumanUnitFunc.txt:834""]",,"Aloc,Avul,A0K4",_,,_,_,*,_,_,,,,,,,,100,100,20,20,300,large,2,,,,always,0.25,420,1,30,3,20,3,6,,,135,,135,_,,1,,_,100,_,ground,,,60,0.6,hover,1,3.04,2,1,1,6,orc,1,,,,,_,_,204,50,153,4.5,Metal,-1,_,MetalMediumSlice,210,210,20,10,10,1,2,0.15,HUnit02,Custom_h028,_,Abilities\Weapons\DemonHunterMissile\DemonHunterMissile,1,_,,,,,,,,,_,normal,,,1,_,_,1,_,0.5,0.5,13,12.5,12,2,1,1.35,normal,normal,250,90,1,"ground,structure,debris,item,ward",MetalMediumSlice,,60,,0.51,0.3,500,,Живой метеорит,,,,,,,ReplaceableTextures\WorldEditUI\StartingLocation.blp,"0,0",,,,,,,,,,,,,,,Живой метеорит,"[""Fm""]",_,2,,,,2,,30,30,,,,11,,,,,,,,,,,,,,,,,,,,,,,,,,,,,,,,,,,,,,,,,,,,,,,,,,,,,,,1,,,,,,,,,,,,
n052,"[""Units\\UnitAbilities.slk:1451"", ""Units\\UnitBalance.slk:13066"", ""Units\\UnitData.slk:7576"", ""Units\\UnitUI.slk:12699"", ""Units\\UnitWeapons.slk:14206"", ""Units\\NeutralUnitStrings.txt:782"", ""Units\\NeutralUnitFunc.txt:817""]",,"Aloc,Avul,A0K4",_,,_,_,*,_,_,,,,,,,,100,100,1,1,100,medium,,,,,always,99,15,9999,,,,,,,,,,,_,,1,,_,100,_,ground,4,,60,3,hover,1,0.1,2,1,1,1,orc,1,,,,,_,_,255,255,255,0.35,Flesh,-1,_,_,200,200,20,,,1,0.9,0.15,animal,Custom_n052,,pyro_firenova2,1,_,,,,,,,,,_,normal,,,1,_,_,1,_,,,,,,,,,_,normal,,,1,_,_,60,60,,,,,,Горящие сферы,,,,,,,ReplaceableTextures\WorldEditUI\StartingLocation.blp,"0,0",,,,,,,,,,,,,,,Горящие сферы,"[""im""]",_,,,,,2,,,,,,,,,,,,,,,,,,,,,,,,,,,,,,,,,,,,,,,,,,,,,,,,,,,,,,100,,,,,,,,,,,,,,,,,,,,
n053,"[""Units\\UnitAbilities.slk:1454"", ""Units\\UnitBalance.slk:13085"", ""Units\\UnitData.slk:7593"", ""Units\\UnitUI.slk:12721"", ""Units\\UnitWeapons.slk:14223"", ""Units\\NeutralUnitStrings.txt:786"", ""Units\\NeutralUnitFunc.txt:820""]",,"Aloc,Avul,A0K4",_,,_,_,"O,K",_,_,,,,,,,,,,1,1,100,medium,,,,,always,99,15,9999,,,,,,,,,,,_,,1,,_,100,_,ground,4,,60,3,hover,1,0.1,2,1,1,1,undead,1,,,,,_,_,100,100,100,0.7,Flesh,-1,_,_,200,200,20,,,1,0.9,0.15,animal,Custom_n053,,Doodads\Cinematic\GlowingRunes\GlowingRunes2,1,_,,,,,,,,,_,normal,,,1,_,_,1,_,,,,,,,,,_,normal,,,1,_,_,60,60,,,,,,Wind,,,,,,,ReplaceableTextures\WorldEditUI\StartingLocation.blp,"0,0",,,,,,,,,,,,,,,Wind,"[""yT""]",_,,,,,2,,-30,-30,,,,,,,,,,,,,,,,,,,,,,,,,,,,,,,,,,,,,,,,,,,,,,,,,,,100,,,,,,,,,,,,,,,,,,,,
n054,"[""Units\\UnitAbilities.slk:1457"", ""Units\\UnitBalance.slk:13102"", ""Units\\UnitData.slk:7612"", ""Units\\UnitUI.slk:12743"", ""Units\\UnitWeapons.slk:14240"", ""Units\\NeutralUnitStrings.txt:790"", ""Units\\NeutralUnitFunc.txt:823""]",,"Aloc,Avul,A0K4",_,,_,_,"O,K",_,_,,,,,,,,,,1,1,100,medium,,,,,always,99,15,9999,,,,,,,,,,,_,,1,,_,100,_,ground,4,,60,3,hover,1,0.1,2,1,1,1,undead,1,,,,,_,_,,,,0.7,Flesh,-1,_,_,200,200,20,,,1,0.9,0.15,animal,Custom_n054,,Doodads\Cinematic\GlowingRunes\GlowingRunes2,1,_,,,,,,,,,_,normal,,,1,_,_,1,_,,,,,,,,,_,normal,,,1,_,_,60,60,,,,,,Wind,,,,,,,ReplaceableTextures\WorldEditUI\StartingLocation.blp,"0,0",,,,,,,,,,,,,,,Wind,"[""yT""]",_,,,,,2,,-30,-30,,,,,,,,,,,,,,,,,,,,,,,,,,,,,,,,,,,,,,,,,,,,,,,,,,,100,,,,,,,,,,,,,,,,,,,,
n055,"[""Units\\UnitAbilities.slk:1460"", ""Units\\UnitBalance.slk:13119"", ""Units\\UnitData.slk:7631"", ""Units\\UnitUI.slk:12762"", ""Units\\UnitWeapons.slk:14257"", ""Units\\NeutralUnitStrings.txt:794"", ""Units\\NeutralUnitFunc.txt:826""]",,"Aloc,Avul,A0K4",_,,_,_,"O,K",_,_,,,,,,,,,,1,1,100,medium,,,,,always,99,15,9999,,,,,,,,,,,_,,1,,_,100,_,ground,4,,60,3,hover,1,0.1,2,1,1,1,undead,1,,,,,_,_,150,150,150,0.7,Flesh,-1,_,_,200,200,20,,,1,0.9,0.15,animal,Custom_n055,,Doodads\Cinematic\GlowingRunes\GlowingRunes4,1,_,,,,,,,,,_,normal,,,1,_,_,1,_,,,,,,,,,_,normal,,,1,_,_,60,60,,,,,,Water,,,,,,,ReplaceableTextures\WorldEditUI\StartingLocation.blp,"0,0",,,,,,,,,,,,,,,Water,"[""yT""]",_,,,,,2,,-30,-30,,,,,,,,,,,,,,,,,,,,,,,,,,,,,,,,,,,,,,,,,,,,,,,,,,,100,,,,,,,,,,,,,,,,,,,,
n056,"[""Units\\UnitAbilities.slk:1463"", ""Units\\UnitBalance.slk:13136"", ""Units\\UnitData.slk:7650"", ""Units\\UnitUI.slk:12784"", ""Units\\UnitWeapons.slk:14274"", ""Units\\NeutralUnitStrings.txt:798"", ""Units\\NeutralUnitFunc.txt:829""]",,"Aloc,Avul,A0K4",_,,_,_,"O,K",_,_,,,,,,,,,,1,1,100,medium,,,,,always,99,15,9999,,,,,,,,,,,_,,1,,_,100,_,ground,4,,60,3,hover,1,0.1,2,1,1,1,undead,1,,,,,_,_,100,100,100,0.7,Flesh,-1,_,_,200,200,20,,,1,0.9,0.15,animal,Custom_n056,,Doodads\Cinematic\GlowingRunes\GlowingRunes0,1,_,,,,,,,,,_,normal,,,1,_,_,1,_,,,,,,,,,_,normal,,,1,_,_,60,60,,,,,,Blood,,,,,,,ReplaceableTextures\WorldEditUI\StartingLocation.blp,"0,0",,,,,,,,,,,,,,,Blood,"[""yT""]",_,,,,,2,,-30,-30,,,,,,,,,,,,,,,,,,,,,,,,,,,,,,,,,,,,,,,,,,,,,,,,,,,100,,,,,,,,,,,,,,,,,,,,
n057,"[""Units\\UnitAbilities.slk:1466"", ""Units\\UnitBalance.slk:13153"", ""Units\\UnitData.slk:7669"", ""Units\\UnitUI.slk:12806"", ""Units\\UnitWeapons.slk:14291"", ""Units\\NeutralUnitStrings.txt:802"", ""Units\\NeutralUnitFunc.txt:832""]",,"Aloc,Avul,A0K4",_,,_,_,"O,K",_,_,,,,,,,,,,1,1,100,medium,,,,,always,99,15,9999,,,,,,,,,,,_,,1,,_,100,_,ground,4,,60,3,hover,1,0.1,2,1,1,1,undead,1,,,,,_,_,100,100,100,0.7,Flesh,-1,_,_,200,200,20,,,1,0.9,0.15,animal,Custom_n057,,Doodads\Cinematic\GlowingRunes\GlowingRunes7,1,_,,,,,,,,,_,normal,,,1,_,_,1,_,,,,,,,,,_,normal,,,1,_,_,60,60,,,,,,Time,,,,,,,ReplaceableTextures\WorldEditUI\StartingLocation.blp,"0,0",,,,,,,,,,,,,,,Time,"[""yT""]",_,,,,,2,,-30,-30,,,,,,,,,,,,,,,,,,,,,,,,,,,,,,,,,,,,,,,,,,,,,,,,,,,100,,,,,,,,,,,,,,,,,,,,
n058,"[""Units\\UnitAbilities.slk:1469"", ""Units\\UnitBalance.slk:13170"", ""Units\\UnitData.slk:7688"", ""Units\\UnitUI.slk:12828"", ""Units\\UnitWeapons.slk:14308"", ""Units\\NeutralUnitStrings.txt:806"", ""Units\\NeutralUnitFunc.txt:835""]",,"Aloc,Avul,A0K4",_,,_,_,"O,K",_,_,,,,,,,,,,1,1,100,medium,,,,,always,99,15,9999,,,,,,,,,,,_,,1,,_,100,_,ground,4,,60,3,hover,1,0.1,2,1,1,1,undead,1,,,,,_,_,150,150,150,0.7,Flesh,-1,_,_,200,200,20,,,1,0.9,0.15,animal,Custom_n058,,Doodads\Cinematic\GlowingRunes\GlowingRunes8,1,_,,,,,,,,,_,normal,,,1,_,_,1,_,,,,,,,,,_,normal,,,1,_,_,60,60,,,,,,Earth,,,,,,,ReplaceableTextures\WorldEditUI\StartingLocation.blp,"0,0",,,,,,,,,,,,,,,Earth,"[""nu""]",_,,,,,2,,-30,-30,,,,,,,,,,,,,,,,,,,,,,,,,,,,,,,,,,,,,,,,,,,,,,,,,,,100,,,,,,,,,,,,,,,,,,,,
u00G,"[""Units\\UnitAbilities.slk:1472"", ""Units\\UnitBalance.slk:13187"", ""Units\\UnitData.slk:7707"", ""Units\\UnitUI.slk:12850"", ""Units\\UnitWeapons.slk:14325"", ""Units\\UndeadUnitStrings.txt:275"", ""Units\\UndeadUnitFunc.txt:484""]",,"A0TR,A04U,AInv",_,24,_,_,*,_,_,,,,,,,,900,900,30,30,400,large,,1,10000,200,none,,305,45000,30,3,,,,1,20,,20,,undead,,1,,_,,_,ground,2,,60,0.6,foot,1,1.5,3,1,1,1,undead,1,50,50,120,120,_,Shadow,255,255,255,1.7,Flesh,-1,_,_,200,200,50,10,10,1,1.8,0.15,UUnit11,Custom_u00G,Necromancer,units\undead\Necromancer\Necromancer,1,_,,,,,,,,,_,normal,,,1,_,_,1,_,0.1,0.1,9,8.5,8,1,1,0.2,missile,chaos,250,700,1,"ground,structure,debris,air,item,ward",_,60,60,,0.5,0.5,750,1,|Cffff0000Н е к р о м а н т,,,,,,,ReplaceableTextures\CommandButtons\BTNNecromancer.blp,"0,0",Abilities\Weapons\NecromancerMissile\NecromancerMissile.mdl,0.00,280,1,,,,,,,,Objects\Spawnmodels\Undead\UndeadLargeDeathExplode\UndeadLargeDeathExplode.mdl,,,|Cffff0000Н е к р о м а н т,[],,120,,,,2,10000,,,,,,99,,,,,,,,,,,UI\Widgets\Console\Human\infocard-necromancer.blp,,,,,,,,,,,,,,,,,,,,,,,,,,,,,,,,,,,,,,,,,,,,,,,,,,,,,,,,
u00H,"[""Units\\UnitAbilities.slk:1475"", ""Units\\UnitBalance.slk:13215"", ""Units\\UnitData.slk:7723"", ""Units\\UnitUI.slk:12878"", ""Units\\UnitWeapons.slk:14357"", ""Units\\UndeadUnitStrings.txt:282"", ""Units\\UndeadUnitFunc.txt:493""]",,"A0TT,ACmi",_,16,_,_,*,_,_,,,,,,,,300,300,15,15,100,medium,,,,,none,,125,4,30,3,,,,1,,,,,undead,1,1,,_,,_,ground,,3,61,0.6,fly,1,3,,1,1,1,undead,1,60,60,120,120,_,Shadow,255,255,255,1.2,Ethereal,-1,_,_,200,200,20,10,10,1,1.2,1.5,UUnit02,Custom_u00H,Shade,units\undead\Shade\Shade,1,_,,,,,,,,,_,normal,,,1,_,_,1,_,,,,,,,,,_,normal,,,1,_,_,60,60,,0.51,0.5,500,,Дух,,,Дух,,,,ReplaceableTextures\CommandButtons\BTNShade.blp,,,,,,,,,,,,,,,,Дух,"[""aU""]",_,,,,,2,,30,30,,,,,,,,,,,,,,,,,,,,,,,,,,,,,,,,,,,,,,,,,,,,,,,,,,,,,,,,,,,,,,,,,,,,,,,
h029,"[""Units\\UnitAbilities.slk:1478"", ""Units\\UnitBalance.slk:13237"", ""Units\\UnitData.slk:7740"", ""Units\\UnitUI.slk:12907"", ""Units\\UnitWeapons.slk:14377"", ""Units\\HumanUnitStrings.txt:538"", ""Units\\HumanUnitFunc.txt:838""]",,"Aloc,Avul,A0K4",_,,_,_,*,_,_,,,,,,,,100,100,20,20,1,large,2,,,,none,,420,99999,,,,,,,,,,,_,,1,,_,,_,ground,,,60,3,fly,,6,2,1,1,,orc,,,,,,_,_,255,255,255,1,Metal,-1,_,MetalMediumSlice,150,150,,,,1,1,,HUnit02,Custom_h029,_,NecrLick,1,_,,,,,,,,,_,normal,,,1,_,_,1,_,0.5,0.5,13,12.5,12,2,1,1.35,normal,normal,250,90,1,"ground,structure,debris,item,ward",MetalMediumSlice,,,,,,,,dummy,,,,,,,ReplaceableTextures\CommandButtons\BTNDeathCoil.blp,"0,0",,,,,,,,,,,,,,,dummy,"[""Wu""]",_,,,,,2,,60,60,,,,11,,,,,,,,,,,,,,,,,,,,,,,,,,,,,,,,,,,,,,,,,,,,,,,,,,,,,,,1,,,,,,,,,,,,
U00I,"[""Units\\UnitAbilities.slk:1481"", ""Units\\UnitBalance.slk:13255"", ""Units\\UnitData.slk:7755"", ""Units\\UnitUI.slk:12928"", ""Units\\UnitWeapons.slk:14403"", ""Units\\UndeadUnitStrings.txt:286"", ""Units\\UndeadUnitFunc.txt:495""]",,"A0TR,A04U,AInv",_,24,_,_,*,_,INT,6.4,,,,1,1,1,800,900,55,55,400,hero,2.2,0.05,10000,300,none,2,475,44392,30,3,,,,,,,,,undead,,1,1,_,,_,ground,2,3,60,0.6,foot,1,1.5,2,1,1,9,undead,1,50,50,120,120,_,Shadow,255,255,255,1.7,Flesh,-1,_,_,200,200,30,10,10,1,1.8,0.15,UHero02,Custom_U00I,Necromancer,units\undead\Necromancer\Necromancer,1,_,0.54,0.46,8,5,2,4,2,2.13,missile,hero,250,500,1,"ground,structure,debris,air,item,ward",_,1,_,0.1,0.1,8,5,2,1,1,0.2,missile,chaos,250,700,1,"ground,structure,debris,air,item,ward",_,100,60,,0.5,0.5,750,1,|Cffff0000Н е к р о м а н т,,,,,,,ReplaceableTextures\CommandButtons\BTNNecromancer.blp,"2,2",Abilities\Weapons\NecromancerMissile\NecromancerMissile.mdl,0.0,280,1,,,,,,,,Objects\Spawnmodels\Undead\UndeadLargeDeathExplode\UndeadLargeDeathExplode.mdl,medium,,|Cffff0000Н е к р о м а н т,"[""Np"", ""sQ"", ""Iu"", ""bu"", ""cbv""]",_,121,,,,,9988,,,,,,98,,,,,,,,,,,,,,,,,,,,,,,,,,,,,,,,,,,,,,,,,,,0,,,,,,,,,,,,,,,,,,,,,,,,
H02A,"[""Units\\UnitAbilities.slk:1484"", ""Units\\UnitBalance.slk:13285"", ""Units\\UnitData.slk:7773"", ""Units\\UnitUI.slk:12957"", ""Units\\UnitWeapons.slk:14445"", ""Units\\HumanUnitStrings.txt:543"", ""Units\\HumanUnitFunc.txt:842""]","A0TZ,A0U3,A0U4,A0U5,A001","AInv,A0F8",_,24,_,_,*,"R000,R001,R002,R003,R004,R005,R006,R008",STR,6,2.1,2,3,8,7,20,600,600,55,55,245,hero,2.3,0.05,100,225,always,1.2,700,475,1,1,50,3,8,,,,,,_,5,1,7,_,100,_,ground,,1,60,0.6,foot,1,2.5,2,1,1,9,orc,1,80,80,190,190,_,Shadow,150,255,150,1.25,Flesh,-1,_,MetalHeavyBash,210,210,50,10,10,1,1.6,0.15,HHero03,Custom_H02A,Zombie,units\creeps\SkeletonOrc\SkeletonOrc,1,_,0.65,0.35,8,5,2,4,2,2.13,missile,hero,250,500,1,"ground,structure,debris,air,item,ward",_,1,_,0.2992187,0.2992187,12,7,2,5,2,1.95,normal,hero,250,120,1,"ground,structure,debris,air,item,ward",WoodMediumBash,100,60,,0.51,0.4507812,600,1,Ходячий Мертвец,"Ка'арнас,Ка'арнас,Ка'арнас,Ка'арнас,Ка'арнас,Ка'арнас,Буллис",X,|cffffcc00Х о д я ч и й   М е р т в е ц |R (X),,|cffffcc00Воскресить Х о д я ч е г о   М е р т в е ц а |R,|cffffcc00Воскресить Х о д я ч е г о   М е р т в е ц а |R,ReplaceableTextures\CommandButtons\BTNSkeletalOrcGrunt.blp,"1,2",,,,,,,,0,,,,Objects\Spawnmodels\NightElf\NightElfLargeDeathExplode\NightElfLargeDeathExplode.mdl,medium,ReplaceableTextures\CommandButtons\BTNSkeletalOrcGrunt.blp,Ходячий Мертвец,"[""mH"", ""qH"", ""nQ"", ""OQ""]",_,2,"Ка'арнас может наносить урон себе и врагам - |cff808070разложени|r, может заставить врага передавать себе здоровье и наносить урон вокруг - |cff808070проклятие гниения|r, Ходячий Мертец имеет |cff808070живучесть|r что позволяет восстанавливать здоровье получая урон. Способность |cff808070древняя сила|r наносит урон от излечиваемого здоровья.|n|Cffff0000|nCкopocть пepeмeщeния 245.|nТип атаки - ближний бoй.|R"","" adept at offensive combat and disrupting enemy troops. Can learn Storm Bolt"","" Thunder Clap"","" Bash and Avatar. |n|n|cffffcc00Attacks land units.|r",1,,2,75,,,,,,12,,,,,,,,,,,,,,,,,,,,,,,,,,,,,,,,,,,,,,,,,,,,,,,,,,,,,10,,,,,,,,,,,,,,
h02B,"[""Units\\UnitAbilities.slk:1488"", ""Units\\UnitBalance.slk:13324"", ""Units\\UnitData.slk:7791"", ""Units\\UnitUI.slk:12986"", ""Units\\UnitWeapons.slk:14488"", ""Units\\HumanUnitStrings.txt:551"", ""Units\\HumanUnitFunc.txt:852""]",,"Aloc,Avul,A0K4",_,31,_,_,*,_,_,,,,,,,,100,100,20,20,,large,2,,,,always,0.25,420,10000,30,3,20,3,6,,,135,,135,_,,1,,_,100,_,ground,,,60,0.6,foot,1,3.04,2,1,1,6,orc,,50,50,140,140,_,_,255,100,255,3,Metal,-1,_,MetalMediumSlice,210,210,20,10,10,1,1,,HUnit02,Custom_h02B,_,Abilities\Spells\Undead\ReplenishHealth\ReplenishHealthCasterOverhead,1,_,,,,,,,,,_,normal,,,1,_,_,1,_,0.5,0.5,13,12.5,12,2,1,1.35,normal,normal,250,90,1,"ground,structure,debris,item,ward",MetalMediumSlice,60,60,,,,500,,Аномалия,,,,,,,ReplaceableTextures\WorldEditUI\StartingLocation.blp,"0,0",,,,,,,,,,,,,,,Аномалия,"[""I5""]",_,2,,,,2,,200,200,,,,11,,,,,,,,,,,,,,,,,,,,,,,,,,,,,,,,,,,,,,,,,,,,,,,,,,,,,,,,,,,,,,,,,,,
n059,"[""Units\\UnitAbilities.slk:1491"", ""Units\\UnitBalance.slk:13351"", ""Units\\UnitData.slk:7809"", ""Units\\UnitUI.slk:13013"", ""Units\\UnitWeapons.slk:14517"", ""Units\\NeutralUnitStrings.txt:810"", ""Units\\NeutralUnitFunc.txt:838""]",,"Aloc,Avul,A0K4",_,,_,_,*,_,_,,,,,,,,100,100,1,1,100,medium,,,,,always,99,15,9999,,,,,,,,,,,_,,1,,_,100,_,ground,4,,60,3,foot,1,0.1,2,1,1,1,orc,1,,,,,_,_,255,255,255,0.6,Flesh,-1,_,_,200,200,20,,,1,0.9,0.15,animal,Custom_n059,,magneticfield,1,_,,,,,,,,,_,normal,,,1,_,_,1,_,,,,,,,,,_,normal,,,1,_,_,60,60,,,,,,Зона,,,,,,,ReplaceableTextures\WorldEditUI\StartingLocation.blp,"0,0",,,,,,,,,,,,,,,Зона,"[""NUv""]",_,,,,,2,,,,,,,,,,,,,,,,,,,,,,,,,,,,,,,,,,,,,,,,,,,,,,,,,,,,,,100,,,,,,,,,,,,,,,,,,,,
n05A,"[""Units\\UnitAbilities.slk:1494"", ""Units\\UnitBalance.slk:13370"", ""Units\\UnitData.slk:7826"", ""Units\\UnitUI.slk:13035"", ""Units\\UnitWeapons.slk:14534"", ""Units\\NeutralUnitStrings.txt:814"", ""Units\\NeutralUnitFunc.txt:841""]",,"Avul,A0K4",_,,_,_,"O,K",_,_,,,,,,,,,,1,1,,medium,,,,,always,,15,15,,1,,,,,,,,,_,,1,,_,,_,ground,,,60,0.5,_,1,1,3,1,1,,critters,1,35,35,70,70,_,_,255,255,255,1,Flesh,-1,_,_,200,200,20,10,45,1,0.9,0.15,animal,Custom_n05A,_,null,1,_,,,,,,,,,_,normal,,,1,_,_,1,_,,,,,,,,,_,normal,,,1,_,_,60,60,,0.51,,500,,Opyжeйнaя 7,,D,"Opyжeйнaя 7, (|cffffcc00D|r)",|cffffcc00Список предметов:|n|c00808080- Сердце Аскеруса|n- Шлем Адского Лорда|n- Секира Му-Му К'хана|n- Корона Злобы|n- Верховный Любовник|n- Мазаль Крови,,,ReplaceableTextures\PassiveButtons\BTNGreenDragonRoost.blp,"2,1",,,,,,,,,,,,,,,Opyжeйнaя 7,"[""IZ""]",_,,,,,2,,,,,,,,,,,,,,,,,,,,,,,,,,,,,,,,,,,,,,,,,,,,,,,,,,,,,,,,,,,,,,,,,,,,,,,,,,
h02C,"[""Units\\UnitAbilities.slk:1497"", ""Units\\UnitBalance.slk:13385"", ""Units\\UnitData.slk:7840"", ""Units\\UnitUI.slk:13064"", ""Units\\UnitWeapons.slk:14553"", ""Units\\HumanUnitStrings.txt:556"", ""Units\\HumanUnitFunc.txt:856""]",,"Aloc,Avul,A0K4",_,,_,_,*,_,_,,,,,,,,,,20,20,1,large,2,,,,always,0.25,420,1,30,3,20,3,6,,,135,,135,_,,1,,_,100,_,ground,,,60,3,fly,1,3.04,2,1,1,6,orc,1,,,,,_,_,255,255,255,0.5,Metal,-1,_,MetalMediumSlice,210,210,20,10,10,1,2,0.15,HUnit02,Custom_h02C,_,units\nightelf\Wisp\Wisp,1,_,,,,,,,,,_,normal,,,1,_,_,1,_,0.5,0.5,13,12.5,12,2,1,1.35,normal,normal,250,90,1,"ground,structure,debris,item,ward",MetalMediumSlice,,60,,0.51,0.3,500,,Сужающий круг,,,,,,,ReplaceableTextures\WorldEditUI\StartingLocation.blp,"0,0",,,,,,,,,,,,,,,Сужающий круг,"[""hk""]",_,2,,,,2,,,,,,,11,,,,,,,,,,,,,,,,,,,,,,,,,,,,,,,,,,,,,,,,,,,,,,,,,,,,,,,1,,,,,,,,,,,,
h02D,"[""Units\\UnitAbilities.slk:1500"", ""Units\\UnitBalance.slk:13410"", ""Units\\UnitData.slk:7856"", ""Units\\UnitUI.slk:13090"", ""Units\\UnitWeapons.slk:14583"", ""Units\\HumanUnitStrings.txt:561"", ""Units\\HumanUnitFunc.txt:860""]",,"Aloc,Avul,A0K4",_,,_,_,*,_,_,,,,,,,,,,20,20,1,none,2,,,,always,,420,100,30,3,,,,,,,,,_,,,,_,100,_,ground,,,60,0.6,fly,1,3.04,2,1,1,6,orc,1,50,50,140,140,_,_,255,255,255,1,Metal,-1,_,MetalMediumSlice,210,210,20,10,10,1,1,0.15,HUnit02,Custom_h02D,_,Objects\InventoryItems\BundleofLumber\BundleofLumber,1,_,,,,,,,,,_,normal,,,1,_,_,1,_,0.5,0.5,13,12.5,12,2,1,1.35,normal,normal,250,90,1,"ground,structure,debris,item,ward",MetalMediumSlice,60,60,,0.51,0.3,500,,Дерево,,F,,,,,ReplaceableTextures\CommandButtons\BTNBundleOfLumber.blp,"0,0",,,,,,,,,,,,,,,Дерево,"[""Fs"", ""sZ""]",_,,,,,,,,,,,,11,,,,,,,,,,,,,,,,,,,,,,,,,,,,,,,,,,,,,,,,,,,,,,,,,,,,,,,,,,,,,,,,,,,
n05O,"[""Units\\UnitAbilities.slk:1503"", ""Units\\UnitBalance.slk:13427"", ""Units\\UnitData.slk:7871"", ""Units\\UnitUI.slk:13119"", ""Units\\UnitWeapons.slk:14614"", ""Units\\NeutralUnitStrings.txt:819"", ""Units\\NeutralUnitFunc.txt:844""]",,"Aloc,Avul,A0K4",_,,_,_,*,_,_,,,,,,,,,,1,1,,medium,,,,,always,99,15,9999,,,,,,,,,,,_,,1,,_,100,_,ground,4,,60,3,fly,1,0.1,2,1,1,1,orc,1,,,,,_,_,255,255,255,0.95,Flesh,-1,_,_,180,180,20,,,1,0.9,0.15,animal,Custom_n05O,,units\orc\spiritwalker\spiritwalker,1,_,,,,,,,,,_,normal,,,1,_,_,1,_,,,,,,,,,_,normal,,,1,_,_,60,60,,,,,,Повелитель Времени,,,,,,,ReplaceableTextures\WorldEditUI\StartingLocation.blp,"0,0",,,,,,,,,,,,,,,Повелитель Времени,"[""Xtv"", ""Xwv""]",_,,,,,2,,,,,,,,,,,,,,,,,,,,,,,,,,,,,,,,,,,,,,,,,,,,,,,,,,,,,,,,,,,,,,,,,,,,,,,,,,
n05P,"[""Units\\UnitAbilities.slk:1506"", ""Units\\UnitBalance.slk:13442"", ""Units\\UnitData.slk:7888"", ""Units\\UnitUI.slk:13141"", ""Units\\UnitWeapons.slk:14631"", ""Units\\NeutralUnitStrings.txt:823"", ""Units\\NeutralUnitFunc.txt:847""]",,"A0K4,Aneu,Avul,Apit",_,,_,_,*,_,_,,,,,,,,500,500,3,3,,fort,,,,,none,,150000,150000,,,,,,,,50,,50,"Mechanical,neutral",,1,,_,100,_,structure,,,60,,_,,3,,1,1,1,other,1,,,,,_,_,255,255,255,0.5,Wood,-1,_,_,200,200,50,,,1,-0.1,0.15,Neutral02,Custom_n05P,Merchant,buildings\nightelf\HuntersHall\HuntersHall,1,_,,,,,,,,,_,normal,,,1,_,_,1,_,,,,,,,,,_,normal,,,1,_,_,120,60,,0.51,,500,,Opyжeйнaя 1,,,Пpeдмeты пoдхoдящиe вceм.,,,,ReplaceableTextures\CommandButtons\BTNHuntersHall.blp,,,,,,,,,,,,,,,,Opyжeйнaя 1,"[""nQ""]",_,,,,,2,,,,,-2048,4,,,,,,,,,,,,,,,,,,,,,,,,,,,,,,,,,,,,,,,,,,,,,,,,,,,1,,Sells various magic items.,,1,1,"I032,I037,I02Y,I038,I036,I02S,I0A4,I02R,I02Z,I02T,I02U",,,,,,,,,,,
n05Q,"[""Units\\UnitAbilities.slk:1509"", ""Units\\UnitBalance.slk:13461"", ""Units\\UnitData.slk:7901"", ""Units\\UnitUI.slk:13168"", ""Units\\UnitWeapons.slk:14650"", ""Units\\NeutralUnitStrings.txt:827"", ""Units\\NeutralUnitFunc.txt:850""]",,"A0K4,Aneu,Avul,Apit",_,,_,_,*,_,_,,,,,,,,500,500,3,3,,fort,,,,,none,,150000,150000,,,,,,,,50,,50,"Mechanical,neutral",,1,,_,100,_,structure,,,60,,_,,3,,1,1,1,other,1,,,,,_,_,255,255,255,0.5,Wood,-1,_,_,200,200,50,,,1,-0.1,0.15,Neutral02,Custom_n05Q,Merchant,buildings\human\ArcaneSanctum\ArcaneSanctum,1,_,,,,,,,,,_,normal,,,1,_,_,1,_,,,,,,,,,_,normal,,,1,_,_,120,60,,0.51,,500,,Opyжeйнaя 2,,,Пpeдмeты бoлee пoдхoдящиe для вoинoв и вopoв.,,,,ReplaceableTextures\CommandButtons\BTNArcaneSanctum.blp,,,,,,,,,,,,,,,,Opyжeйнaя 2,"[""nQ""]",_,,,,,2,,,,,-2048,4,,,,,,,,,,,,,,,,,,,,,,,,,,,,,,,,,,,,,,,,,,,,,,,,,,,1,,Sells various magic items.,,1,1,"I02J,I03F,I071,I030,I041,I03B,I03I,I03H,I034,I02X,I03A",,,,,,,,,,,
n05R,"[""Units\\UnitAbilities.slk:1512"", ""Units\\UnitBalance.slk:13480"", ""Units\\UnitData.slk:7914"", ""Units\\UnitUI.slk:13195"", ""Units\\UnitWeapons.slk:14669"", ""Units\\NeutralUnitStrings.txt:831"", ""Units\\NeutralUnitFunc.txt:853""]",,"A0K4,Aneu,Avul,Apit",_,,_,_,*,_,_,,,,,,,,500,500,3,3,,fort,,,,,none,,150000,150000,,,,,,,,50,,50,"Mechanical,neutral",,1,,_,100,_,structure,,,60,,_,,3,,1,1,1,other,1,,,,,_,_,255,255,255,0.5,Wood,-1,_,_,200,200,50,,,1,-0.1,0.15,Neutral02,Custom_n05R,Merchant,buildings\human\ArcaneVault\ArcaneVault,1,_,,,,,,,,,_,normal,,,1,_,_,1,_,,,,,,,,,_,normal,,,1,_,_,120,60,,0.51,,500,,Opyжeйнaя 3,,,Пpeдмeты пoдхoдящиe для вceх.,,,,ReplaceableTextures\CommandButtons\BTNArcaneVault.blp,,,,,,,,,,,,,,,,Opyжeйнaя 3,"[""nQ""]",_,,,,,2,,,,,-2048,4,,,,,,,,,,,,,,,,,,,,,,,,,,,,,,,,,,,,,,,,,,,,,,,,,,,1,,Sells various magic items.,,1,1,"I03C,I03W,I047,I08S,I043,I039,I02Q,I07S,I097,I056,I07D",,,,,,,,,,,
n05S,"[""Units\\UnitAbilities.slk:1515"", ""Units\\UnitBalance.slk:13499"", ""Units\\UnitData.slk:7927"", ""Units\\UnitUI.slk:13222"", ""Units\\UnitWeapons.slk:14688"", ""Units\\NeutralUnitStrings.txt:835"", ""Units\\NeutralUnitFunc.txt:856""]",,"A0K4,Aneu,Avul,Apit",_,,_,_,*,_,_,,,,,,,,500,500,3,3,,fort,,,,,none,,150000,150000,,,,,,,,50,,50,"Mechanical,neutral",,1,,_,100,_,structure,,,60,,_,,3,,1,1,1,other,1,,,,,_,_,255,255,255,0.5,Wood,-1,_,_,200,200,50,,,1,-0.1,0.15,Neutral02,Custom_n05S,Merchant,buildings\human\Workshop\Workshop,1,_,,,,,,,,,_,normal,,,1,_,_,1,_,,,,,,,,,_,normal,,,1,_,_,120,60,,0.51,,500,,Opyжeйнaя 4,,,Пpeдмeты бoлee пoдхoдящиe для мaгoв.,,,,ReplaceableTextures\CommandButtons\BTNWorkshop.blp,,,,,,,,,,,,,,,,Opyжeйнaя 4,"[""nQ""]",_,,,,,2,,,,,-2048,4,,,,,,,,,,,,,,,,,,,,,,,,,,,,,,,,,,,,,,,,,,,,,,,,,,,1,,Sells various magic items.,,1,1,"I09B,I035,I06Y,I03O,I03G,I03D,I080,I031,I08Y,I03U,I03R",,,,,,,,,,,
n05T,"[""Units\\UnitAbilities.slk:1518"", ""Units\\UnitBalance.slk:13518"", ""Units\\UnitData.slk:7940"", ""Units\\UnitUI.slk:13249"", ""Units\\UnitWeapons.slk:14707"", ""Units\\NeutralUnitStrings.txt:839"", ""Units\\NeutralUnitFunc.txt:859""]",,"A0K4,Aneu,Avul,Apit",_,,_,_,*,_,_,,,,,,,,500,500,3,3,,fort,,,,,none,,150000,150000,,,,,,,,50,,50,"Mechanical,neutral",,1,,_,100,_,structure,,,60,,_,,3,,1,1,1,other,1,,,,,_,_,255,255,255,0.5,Wood,-1,_,_,200,200,50,,,1,-0.1,0.15,Neutral02,Custom_n05T,Merchant,buildings\orc\WarMill\WarMill,1,_,,,,,,,,,_,normal,,,1,_,_,1,_,,,,,,,,,_,normal,,,1,_,_,120,60,,0.51,,500,,Opyжeйнaя 5,,,Пpeдмeты бoлee пoдхoдящиe для вoинoв.,,,,ReplaceableTextures\CommandButtons\BTNForge.blp,,,,,,,,,,,,,,,,Opyжeйнaя 5,"[""nQ""]",_,,,,,2,,,,,-2048,4,,,,,,,,,,,,,,,,,,,,,,,,,,,,,,,,,,,,,,,,,,,,,,,,,,,1,,Sells various magic items.,,1,1,"I033,I02V,I03J,I03E,I04E,I06S,I04A,I079,I02W,I091",,,,,,,,,,,
n05U,"[""Units\\UnitAbilities.slk:1521"", ""Units\\UnitBalance.slk:13537"", ""Units\\UnitData.slk:7953"", ""Units\\UnitUI.slk:13276"", ""Units\\UnitWeapons.slk:14726"", ""Units\\NeutralUnitStrings.txt:843"", ""Units\\NeutralUnitFunc.txt:862""]",,"A0K4,Aneu,Avul,Apit",_,,_,_,*,_,_,,,,,,,,500,500,3,3,,fort,,,,,none,,150000,150000,,,,,,,,50,,50,"Mechanical,neutral",,1,,_,100,_,structure,,,60,,_,,3,,1,1,1,other,1,,,,,_,_,255,255,255,0.6,Wood,-1,_,_,200,200,50,,,1,-0.1,0.15,Neutral02,Custom_n05U,Merchant,buildings\human\AltarofKings\AltarofKings,1,_,,,,,,,,,_,normal,,,1,_,_,1,_,,,,,,,,,_,normal,,,1,_,_,120,60,,0.51,,500,,Opyжeйнaя 6,,,Пpeдмeты редкого качества.,,,,ReplaceableTextures\CommandButtons\BTNAltarOfKings.blp,,,,,,,,,,,,,,,,Opyжeйнaя 6,"[""nQ""]",_,,,,,2,,,,,-2048,4,,,,,,,,,,,,,,,,,,,,,,,,,,,,,,,,,,,,,,,,,,,,,,,,,,,1,,Sells various magic items.,,1,1,"I073,I084,I08W,I09H,I09V,I09Q,I09S,I09J,I09Y,I0A8",,,,,,,,,,,
n05V,"[""Units\\UnitAbilities.slk:1524"", ""Units\\UnitBalance.slk:13556"", ""Units\\UnitData.slk:7966"", ""Units\\UnitUI.slk:13303"", ""Units\\UnitWeapons.slk:14745"", ""Units\\NeutralUnitStrings.txt:847"", ""Units\\NeutralUnitFunc.txt:865""]",,"A0K4,Aneu,Avul,Apit",_,,_,_,*,_,_,,,,,,,,500,500,3,3,,fort,,,,,none,,150000,150000,,,,,,,,50,,50,"Mechanical,neutral",,1,,_,100,_,structure,,,60,,_,,3,,1,1,1,other,1,,,,,_,_,255,255,255,0.5,Wood,-1,_,_,200,200,50,,,1,-0.1,0.15,Neutral02,Custom_n05V,Merchant,buildings\human\Blacksmith\Blacksmith,1,_,,,,,,,,,_,normal,,,1,_,_,1,_,,,,,,,,,_,normal,,,1,_,_,120,60,,0.51,,500,,Бaзoвыe пpeдмeты 1,,,Бaзoвыe пpeдмeты 1,,,,ReplaceableTextures\CommandButtons\BTNBlacksmith.blp,,,,,,,,,,,,,,,,Бaзoвыe пpeдмeты 1,"[""nQ""]",_,,,,,2,,,,,-2048,4,,,,,,,,,,,,,,,,,,,,,,,,,,,,,,,,,,,,,,,,,,,,,,,,,,,1,,Sells various magic items.,,1,1,"I04V,I04J,I04M,I04W,I04H,I04Q,I08P",,,,,,,,,,,
n05W,"[""Units\\UnitAbilities.slk:1527"", ""Units\\UnitBalance.slk:13575"", ""Units\\UnitData.slk:7979"", ""Units\\UnitUI.slk:13330"", ""Units\\UnitWeapons.slk:14764"", ""Units\\NeutralUnitStrings.txt:851"", ""Units\\NeutralUnitFunc.txt:868""]",,"A0K4,Aneu,Avul,Apit",_,,_,_,*,_,_,,,,,,,,500,500,3,3,,fort,,,,,none,,150000,150000,,,,,,,,50,,50,"Mechanical,neutral",,1,,_,100,_,structure,,,60,,_,,3,,1,1,1,other,1,,,,,_,_,255,255,255,0.3,Wood,-1,_,_,200,200,50,,,1,-0.1,0.15,Neutral02,Custom_n05W,Merchant,buildings\other\Mercenary\Mercenary,1,_,,,,,,,,,_,normal,,,1,_,_,1,_,,,,,,,,,_,normal,,,1,_,_,120,60,,0.51,,500,,Бaзoвыe пpeдмeты 2,,,Бaзoвыe пpeдмeты 2,,,,ReplaceableTextures\CommandButtons\BTNMercenaryCamp.blp,,,,,,,,,,,,,,,,Бaзoвыe пpeдмeты 2,"[""nQ""]",_,,,,,2,,,,,-2048,4,,,,,,,,,,,,,,,,,,,,,,,,,,,,,,,,,,,,,,,,,,,,,,,,,,,1,,Sells various magic items.,,1,1,"I04X,I04P,I04O,I08N,I08O,I04R",,,,,,,,,,,
n05X,"[""Units\\UnitAbilities.slk:1530"", ""Units\\UnitBalance.slk:13594"", ""Units\\UnitData.slk:7992"", ""Units\\UnitUI.slk:13357"", ""Units\\UnitWeapons.slk:14783"", ""Units\\NeutralUnitStrings.txt:855"", ""Units\\NeutralUnitFunc.txt:871""]",,"A0K4,Aneu,Avul,Apit",_,,_,_,*,_,_,,,,,,,,500,500,3,3,,fort,,,,,none,,150000,150000,,,,,,,,50,,50,"Mechanical,neutral",,1,,_,100,_,structure,,,60,,_,,3,,1,1,1,other,1,,,,,_,_,255,255,255,0.4,Wood,-1,_,_,200,200,50,,,1,-0.1,0.15,Neutral02,Custom_n05X,Merchant,buildings\other\AmmoDump\AmmoDump,1,_,,,,,,,,,_,normal,,,1,_,_,1,_,,,,,,,,,_,normal,,,1,_,_,120,60,,0.51,,500,,Бaзoвыe пpeдмeты 3,,,Бaзoвыe пpeдмeты 3,,,,ReplaceableTextures\CommandButtons\BTNAmmoDump.blp,,,,,,,,,,,,,,,,Бaзoвыe пpeдмeты 3,"[""nQ""]",_,,,,,2,,,,,-2048,4,,,,,,,,,,,,,,,,,,,,,,,,,,,,,,,,,,,,,,,,,,,,,,,,,,,1,,Sells various magic items.,,1,1,"I04S,I04I,I04U,I04N,I04T,I04G,I04L,I04K,I03K,I04Y",,,,,,,,,,,
n05Y,"[""Units\\UnitAbilities.slk:1533"", ""Units\\UnitBalance.slk:13613"", ""Units\\UnitData.slk:8005"", ""Units\\UnitUI.slk:13384"", ""Units\\UnitWeapons.slk:14802"", ""Units\\NeutralUnitStrings.txt:859"", ""Units\\NeutralUnitFunc.txt:874""]",,"A0K4,Aneu,Avul,Apit",_,,_,_,*,_,_,,,,,,,,500,500,3,3,,fort,,,,,none,,150000,150000,,,,,,,,50,,50,"Mechanical,neutral",,1,,_,100,_,structure,,,60,,_,,3,,1,1,1,other,1,,,,,_,_,255,255,255,0.5,Wood,-1,_,_,200,200,50,,,1,-0.1,0.15,Neutral02,Custom_n05Y,Merchant,buildings\orc\VoodooLounge\VoodooLounge,1,_,,,,,,,,,_,normal,,,1,_,_,1,_,,,,,,,,,_,normal,,,1,_,_,120,60,,0.51,,500,,Эликcиpы и нaпитки,,,Эликcиpы и нaпитки,,,,ReplaceableTextures\CommandButtons\BTNVoodooLounge.blp,,,,,,,,,,,,,,,,Эликcиpы и нaпитки,"[""nQ""]",_,,,,,2,,,,,-2048,4,,,,,,,,,,,,,,,,,,,,,,,,,,,,,,,,,,,,,,,,,,,,,,,,,,,1,,Sells various magic items.,,1,1,"I06C,I06D,I06F,I06G,I067,I06N,I06E,I068,I06P,I066",,,,,,,,,,,
n05Z,"[""Units\\UnitAbilities.slk:1536"", ""Units\\UnitBalance.slk:13632"", ""Units\\UnitData.slk:8018"", ""Units\\UnitUI.slk:13411"", ""Units\\UnitWeapons.slk:14821"", ""Units\\NeutralUnitStrings.txt:863"", ""Units\\NeutralUnitFunc.txt:877""]",,"A0K4,Aneu,Avul,Apit",_,,_,_,*,_,_,,,,,,,,500,500,3,3,,fort,,,,,none,,150000,150000,,,,,,,,50,,50,"Mechanical,neutral",,1,,_,100,_,structure,,,60,,_,,3,,1,1,1,other,1,,,,,_,_,255,255,255,0.5,Wood,-1,_,_,200,200,50,,,1,-0.1,0.15,Neutral02,Custom_n05Z,Merchant,buildings\other\Merchant\Merchant,1,_,,,,,,,,,_,normal,,,1,_,_,1,_,,,,,,,,,_,normal,,,1,_,_,120,60,,0.51,,500,,Cклaд,,,Cклaд,,,,ReplaceableTextures\CommandButtons\BTNMerchant.blp,,,,,,,,,,,,,,,,Cклaд,"[""nQ""]",_,,,,,2,,,,,-2048,4,,,,,,,,,,,,,,,,,,,,,,,,,,,,,,,,,,,,,,,,,,,,,,,,,,,1,,Sells various magic items.,,1,1,"I069,I095,I06I,I01C,I06H,I06K,I07F,I07L",,,,,,,,,,,
n060,"[""Units\\UnitAbilities.slk:1539"", ""Units\\UnitBalance.slk:13651"", ""Units\\UnitData.slk:8031"", ""Units\\UnitUI.slk:13438"", ""Units\\UnitWeapons.slk:14840"", ""Units\\NeutralUnitStrings.txt:867"", ""Units\\NeutralUnitFunc.txt:880""]",,"Avul,A0K4",_,,_,_,"O,K",_,_,,,,,,,,,,1,1,,medium,,,,,always,,15,15,60,1,,,,,,,,,_,,1,,_,,_,ground,,,60,0.5,_,1,1,3,1,1,,critters,1,35,35,70,70,_,_,255,255,255,1,Flesh,-1,_,_,200,200,20,10,45,1,0.9,0.15,animal,Custom_n060,_,null,1,_,,,,,,,,,_,normal,,,1,_,_,1,_,,,,,,,,,_,normal,,,1,_,_,60,60,,0.51,,500,,Компактный магазин,,X,"Компактный магазин, (|cffffcc00X|r)","Включить/выключить компактный магазим.|n|cffffcc00Все лавки перемещаются в один магазин, с возможностью быстрого переключения между ними!",,,ReplaceableTextures\CommandButtons\BTNPackBeast.blp,"1,2",,,,,,,,,,,,,,,Компактный магазин,[],_,,,,,2,,,,,,,,,,,,,,,,,,,,,,,,,,,,,,,,,,,,,,,,,,,,,,,,,,,,,,,,,,,,,,,,,,,,,,,,,,
n061,"[""Units\\UnitAbilities.slk:1542"", ""Units\\UnitBalance.slk:13667"", ""Units\\UnitData.slk:8045"", ""Units\\UnitUI.slk:13467"", ""Units\\UnitWeapons.slk:14859"", ""Units\\NeutralUnitStrings.txt:872"", ""Units\\NeutralUnitFunc.txt:883""]",,"Avul,A0K4",_,,_,_,"O,K",_,_,,,,,,,,,,1,1,,medium,,,,,always,,15,15,1,1,,,,,,,,,_,,1,,_,,_,ground,,,60,0.5,_,1,1,3,1,1,,critters,1,35,35,70,70,_,_,255,255,255,1,Flesh,-1,_,_,200,200,20,10,45,1,0.9,0.15,animal,Custom_n061,_,null,1,_,,,,,,,,,_,normal,,,1,_,_,1,_,,,,,,,,,_,normal,,,1,_,_,60,60,,0.51,,500,,Подобрать предметы,,X,"Подобрать предметы, (|cffffcc00X|r)",Собрать все ближайшие предметы принадлежащие вашему герою.|n|c00FF0000Нельзя подбирать предметы во время раунда!,,,ReplaceableTextures\CommandButtons\BTNLoad.blp,"1,2",,,,,,,,,,,,,,,Подобрать предметы,"[""S2""]",_,,,,,2,,,,,,,,,,,,,,,,,,,,,,,,,,,,,,,,,,,,,,,,,,,,,,,,,,,,,,,,,,,,,,,,,,,,,,,,,,
n062,"[""Units\\UnitAbilities.slk:1545"", ""Units\\UnitBalance.slk:13683"", ""Units\\UnitData.slk:8059"", ""Units\\UnitUI.slk:13496"", ""Units\\UnitWeapons.slk:14878"", ""Units\\NeutralUnitStrings.txt:877"", ""Units\\NeutralUnitFunc.txt:886""]",,"Aloc,Avul,A0K4",_,,_,_,*,_,_,,,,,,,,,,1,1,100,medium,,,,,always,,15,1,,,,,,,,,,,_,,1,,_,100,_,ground,4,,60,3,fly,1,0.1,2,1,1,1,orc,1,,,,,_,_,,255,,0.8,Flesh,-1,_,_,200,200,20,,,1,0.9,0.15,animal,Custom_n062,,units\orc\SentryWard\SentryWard,1,_,,,,,,,,,_,normal,,,1,_,_,1,_,,,,,,,,,_,normal,,,1,_,_,60,60,,,,,,Дух-целитель Орна,,,,,,,ReplaceableTextures\WorldEditUI\StartingLocation.blp,"0,0",,,,,,,,,,,,,,,Дух-целитель Орна,"[""zq""]",_,,,,,2,,,,,,,,,,,,,,,,,,,,,,,,,,,,,,,,,,,,,,,,,,,,,,,,,,,,,,100,,,,,,,,,,,,,,,,,,,,
H02E,"[""Units\\UnitAbilities.slk:1548"", ""Units\\UnitBalance.slk:13699"", ""Units\\UnitData.slk:8076"", ""Units\\UnitUI.slk:13516"", ""Units\\UnitWeapons.slk:14895"", ""Units\\HumanUnitStrings.txt:566"", ""Units\\HumanUnitFunc.txt:864""]",A001,AInv,_,24,_,_,*,"R000,R001,R002,R003,R004,R005,R006,R008",INT,6,2.1,3,2.4,8,20,7,600,600,55,55,265,hero,3.1,0.01,100,285,always,1.15,450,500,1,1,50,3,8,,,,,,_,5,1,1,_,100,_,ground,2,4,60,0.5,foot,1,2.8,2,1,1,9,orc,1,50,50,150,150,_,Shadow,255,255,255,1.3,Flesh,-1,_,_,150,150,30,10,45,1,1.4,0.15,HHero02,Custom_H02E,Acolyte,units\undead\Acolyte\Acolyte,1,_,0.85,0.55,8,5,2,4,2,2.13,missile,hero,250,500,1,"ground,structure,debris,air,item,ward",_,1,_,0.5,0.5,8,5,2,6,2,1.9,missile,hero,250,600,1,"ground,structure,debris,air,item,ward",_,60,66,15,0.51,0.3,600,1,Жрец Смерти,Каин,,|cffffcc00Ж р е ц   С м е р т и |r,test.|n|Cffff0000|nCкopocть пepeмeщeния 265.|nТип атаки - дaльний бoй. (600)|R,Вocкpecить |cffffcc00Ж р е ц a   С м е р т и |r,Вocкpecить |cffffcc00Ж р е ц a   С м е р т и |r,ReplaceableTextures\CommandButtons\BTNAcolyte.blp,"3,1",Abilities\Spells\Undead\CarrionSwarm\CarrionSwarmDamage.mdl,0.15,900,1,,0,0,0,,,,Objects\Spawnmodels\Human\HumanLargeDeathExplode\HumanLargeDeathExplode.mdl,medium,ReplaceableTextures\CommandButtons\BTNAcolyte.blp,Жрец Смерти,[],,2,,1,,2,75,,,,,,11,,,,,,,,,,,,,,,,,,,,,,,,,,,,,,,,,,,,,,,,,,,,,,,,,,,,,10,,,,,,,,,,,,,,
H02F,"[""Units\\UnitAbilities.slk:1552"", ""Units\\UnitBalance.slk:13738"", ""Units\\UnitData.slk:8095"", ""Units\\UnitUI.slk:13544"", ""Units\\UnitWeapons.slk:14939"", ""Units\\HumanUnitStrings.txt:574"", ""Units\\HumanUnitFunc.txt:881""]","A0P7,A001",AInv,_,24,_,_,*,"R000,R001,R002,R003,R004,R005,R006,R008",AGI,6,3.1,2.1,2.3,18,8,9,600,600,55,55,260,hero,3.1,0.05,100,285,always,1.25,450,475,1,1,50,3,8,,,,,,_,5,1,1,_,100,_,ground,2,4,60,0.5,hover,1,1.67,2,1,1,9,orc,1,90,90,180,180,_,Shadow,255,255,255,0.8,Flesh,-1,_,_,350,350,30,25,33,1,1.5,0.15,HHero02,Custom_H02F,ObsidianDestroyer,units\undead\ObsidianStatue\ObsidianStatue,1,_,0.85,0.55,8,5,2,4,2,2.13,missile,hero,250,500,1,"ground,structure,debris,air,item,ward",_,1,_,0.3,0.6,8,5,2,6,2,1.7,missile,hero,250,525,1,"ground,structure,debris,air,item,ward",_,60,66,15,0.51,0.83,600,1,Сноходец,Морфий,,|cffffcc00С н о х о д е ц |r,test.|n|Cffff0000|nCкopocть пepeмeщeния 260.|nТип атаки - дaльний бoй. (525)|R,Вocкpecить |cffffcc00С н о х о д е ц |r,Вocкpecить |cffffcc00С н о х о д е ц |r,,"1,0",Abilities\Weapons\AvengerMissile\AvengerMissile.mdl,0.15,900,1,,0,0,0,,,,,large,,Сноходец,[],,2,,1,,2,100,90,90,,,,11,,,,,,,,,,,,,,,,,,,,,,,,,,,,,,,,,,,,,,,,,,,,,,,,,,,,,10,,,,,,,,alternate,,,,,,
n063,"[""Units\\UnitAbilities.slk:1556"", ""Units\\UnitBalance.slk:13777"", ""Units\\UnitData.slk:8116"", ""Units\\UnitUI.slk:13572"", ""Units\\UnitWeapons.slk:14983"", ""Units\\NeutralUnitStrings.txt:881"", ""Units\\NeutralUnitFunc.txt:889""]",,"Aloc,Avul,A0K4",_,,_,_,*,_,_,,,,,,,,100,100,1,1,100,medium,,,,,always,99,15,9999,,,,,,,,,,,_,,1,,_,100,_,ground,4,,60,3,foot,1,0.1,2,1,1,1,orc,1,,,,,_,_,255,255,255,0.8,Flesh,-1,_,_,200,200,20,,,1,0.9,0.15,animal,Custom_n063,,frozenorb_notrail,1,_,,,,,,,,,_,normal,,,1,_,_,1,_,,,,,,,,,_,normal,,,1,_,_,60,60,,,,,,Ледяной дух,,,,,,,ReplaceableTextures\WorldEditUI\StartingLocation.blp,"0,0",,,,,,,,,,,,,,,Ледяной дух,"[""iav""]",_,,,,,2,,30,30,,,,,,,,,,,,,,,,,,,,,,,,,,,,,,,,,,,,,,,,,,,,,,,,,,,100,,,,,,,,,,,,,,,,,,,,
n064,"[""Units\\UnitAbilities.slk:1559"", ""Units\\UnitBalance.slk:13796"", ""Units\\UnitData.slk:8135"", ""Units\\UnitUI.slk:13594"", ""Units\\UnitWeapons.slk:15000"", ""Units\\NeutralUnitStrings.txt:885"", ""Units\\NeutralUnitFunc.txt:892""]",,"Aloc,Avul,A0K4",_,,_,_,*,_,_,,,,,,,,100,100,1,1,100,medium,,,,,always,99,15,9999,,,,,,,,,,,_,,1,,_,100,_,ground,4,,60,3,foot,1,0.1,2,1,1,1,orc,1,,,,,_,_,255,255,255,1.5,Flesh,-1,_,_,200,200,20,,,1,0.9,0.15,animal,Custom_n064,,winterscurseaoe,1,_,,,,,,,,,_,normal,,,1,_,_,1,_,,,,,,,,,_,normal,,,1,_,_,60,60,,,,,,Ледяная тюрьма,,,,,,,ReplaceableTextures\WorldEditUI\StartingLocation.blp,"0,0",,,,,,,,,,,,,,,Ледяная тюрьма,"[""ixv""]",_,,,,,2,,,,,,,,,,,,,,,,,,,,,,,,,,,,,,,,,,,,,,,,,,,,,,,,,,,,,,100,,,,,,,,,,,,,,,,,,,,
h02G,"[""Units\\UnitAbilities.slk:1562"", ""Units\\UnitBalance.slk:13815"", ""Units\\UnitData.slk:8152"", ""Units\\UnitUI.slk:13616"", ""Units\\UnitWeapons.slk:15017"", ""Units\\HumanUnitStrings.txt:582"", ""Units\\HumanUnitFunc.txt:899""]",,"Aloc,Avul,A0K4",_,,_,_,*,_,_,,,,,,,,150,150,20,20,1,none,2,,,,always,,420,100,30,3,,,,,,,,,_,,,,_,100,_,ground,,,60,0.6,fly,1,3.04,2,1,1,6,orc,1,,,,,_,_,255,255,255,0.8,Metal,-1,_,MetalMediumSlice,210,210,20,10,10,1,1,0.15,HUnit02,Custom_h02G,_,Void Rain Missile,1,_,,,,,,,,,_,normal,,,1,_,_,1,_,0.5,0.5,13,12.5,12,2,1,1.35,normal,normal,250,90,1,"ground,structure,debris,item,ward",MetalMediumSlice,,60,,0.51,0.3,500,,Водоворот энергии,,F,,,,,ReplaceableTextures\WorldEditUI\StartingLocation.blp,"0,0",,,,,,,,,,,,,,,Водоворот энергии,"[""iCv""]",_,,,,,,,60,60,,,,11,,,,,,,,,,,,,,,,,,,,,,,,,,,,,,,,,,,,,,,,,,,,,,,,,,,,,,,,,,,,,,,,,,,
h02H,"[""Units\\UnitAbilities.slk:1565"", ""Units\\UnitBalance.slk:13834"", ""Units\\UnitData.slk:8169"", ""Units\\UnitUI.slk:13641"", ""Units\\UnitWeapons.slk:15047"", ""Units\\HumanUnitStrings.txt:587"", ""Units\\HumanUnitFunc.txt:903""]",,"Aloc,Avul,A0K4",_,,_,_,*,_,_,,,,,,,,100,100,20,20,1,none,2,,,,always,,420,100,30,3,,,,,,,,,_,,,,_,100,_,ground,,,60,0.6,fly,1,3.04,2,1,1,6,orc,1,,,,,_,_,255,255,255,0.8,Metal,-1,_,MetalMediumSlice,210,210,20,10,10,1,1,0.15,HUnit02,Custom_h02H,_,Void_Energy02,1,_,,,,,,,,,_,normal,,,1,_,_,1,_,0.5,0.5,13,12.5,12,2,1,1.35,normal,normal,250,90,1,"ground,structure,debris,item,ward",MetalMediumSlice,,60,,0.51,0.3,500,,Искажение реальности,,F,,,,,ReplaceableTextures\WorldEditUI\StartingLocation.blp,"0,0",,,,,,,,,,,,,,,Искажение реальности,"[""iGv""]",_,,,,,,,-40,-40,,,,11,,,,,,,,,,,,,,,,,,,,,,,,,,,,,,,,,,,,,,,,,,,,,,,,,,,,,,,,,,,,,,,,,,,
h02J,"[""Units\\UnitAbilities.slk:1568"", ""Units\\UnitBalance.slk:13853"", ""Units\\UnitData.slk:8186"", ""Units\\UnitUI.slk:13666"", ""Units\\UnitWeapons.slk:15077"", ""Units\\HumanUnitStrings.txt:592"", ""Units\\HumanUnitFunc.txt:907""]",,"Aloc,Avul,A0K4",_,,_,_,*,_,_,,,,,,,,100,100,20,20,1,none,2,,,,always,,420,100,30,3,,,,,,,,,_,,,,_,100,_,ground,,,60,0.6,fly,1,3.04,2,1,1,6,orc,1,,,,,_,_,255,255,255,0.8,Metal,-1,_,MetalMediumSlice,210,210,20,10,10,1,1,0.15,HUnit02,Custom_h02J,_,Void Teleport Target,1,_,,,,,,,,,_,normal,,,1,_,_,1,_,0.5,0.5,13,12.5,12,2,1,1.35,normal,normal,250,90,1,"ground,structure,debris,item,ward",MetalMediumSlice,,60,,0.51,0.3,500,,Искажение реальности,,F,,,,,ReplaceableTextures\WorldEditUI\StartingLocation.blp,"0,0",,,,,,,,,,,,,,,Искажение реальности,"[""ifv""]",_,,,,,,,,,,,,11,,,,,,,,,,,,,,,,,,,,,,,,,,,,,,,,,,,,,,,,,,,,,,,,,,,,,,,,,,,,,,,,,,,
n023,"[""Units\\UnitAbilities.slk:1571"", ""Units\\UnitBalance.slk:13872"", ""Units\\UnitData.slk:8201"", ""Units\\UnitUI.slk:13691"", ""Units\\UnitWeapons.slk:15107"", ""Units\\NeutralUnitStrings.txt:889"", ""Units\\NeutralUnitFunc.txt:895""]",,_,_,24,_,_,"D,N,G",_,_,,,,,,,,600,600,20,20,270,large,,,,,always,0.5,180,210,60,1,5,3,1,1,,85,,85,_,,1,,_,100,_,ground,2,,60,0.5,foot,1,5.03,,1,1,1,nightelf,1,60,60,120,120,_,Shadow,255,255,255,1,Wood,-1,_,_,180,180,20,10,10,1,1,0.15,zSkeletonArcher,Custom_n023,SkeletonArcher,units\creeps\SkeletonArcher\SkeletonArcher,1,_,,,,,,,,,_,normal,,,1,_,_,1,_,0.3,0.7,15,14,13,3,1,1.2,missile,pierce,250,500,1,"ground,structure,debris,air,item,ward",_,60,60,-11,0.51,0.5,600,1,Cкeлeт-лyчник,,,Hire Skeleton Archer,Light ranged unit. |n|n|cffffcc00Attacks land and air units.|r,,,ReplaceableTextures\CommandButtons\BTNSkeletonArcher.blp,,Abilities\Weapons\Arrow\ArrowMissile.mdl,0.15,900,,,,,,,,,,,,Cкeлeт-лyчник,"[""NH""]",_,,,440,,2,,,,,,,19,74,,,,,,,,,,,,,,,,,,,,,,,,,,,,,,,,,,,,,,,,,,,,,,,,,,,,10,,,,,,,,,,,,,,
n024,"[""Units\\UnitAbilities.slk:1574"", ""Units\\UnitBalance.slk:13900"", ""Units\\UnitData.slk:8217"", ""Units\\UnitUI.slk:13720"", ""Units\\UnitWeapons.slk:15142"", ""Units\\NeutralUnitStrings.txt:893"", ""Units\\NeutralUnitFunc.txt:900""]",,_,_,24,_,_,"D,N,G",_,_,,,,,,,,600,600,18,18,270,large,1,,,,blight,2,180,250,60,3,5,3,1,1,,85,,85,_,,1,,_,100,_,ground,,,60,0.5,foot,1,5.034,,1,1,1,nightelf,1,50,50,120,120,_,Shadow,255,255,255,1,Wood,-1,_,MetalMediumSlice,180,180,20,10,10,1,1,0.15,,Custom_n024,Skeleton,units\undead\Skeleton\Skeleton,1,_,,,,,,,,,_,normal,,,1,_,_,1,_,0.44,0.56,15,14.5,14,2,1,1.5,normal,normal,250,90,1,"ground,structure,debris,air,item,ward",MetalMediumSlice,60,60,,0.51,0.5,500,1,Cкeлeт-вoин,,,Hire Skeleton Warrior,Light melee unit. |n|n|cffffcc00Attacks land and air units.|r,,,ReplaceableTextures\CommandButtons\BTNSkeletonWarrior.blp,,,,,,,,,,,,,,,,Cкeлeт-вoин,"[""NH""]",_,1,,440,,2,,,,,,,22,,,,,,,,,,,,,,,,,,,,,,,,,,,,,,,,,,,,,,,,,,,,,,,,,,,,,10,,,,,,,,,,,,,,
n02H,"[""Units\\UnitAbilities.slk:1577"", ""Units\\UnitBalance.slk:13930"", ""Units\\UnitData.slk:8232"", ""Units\\UnitUI.slk:13748"", ""Units\\UnitWeapons.slk:15175"", ""Units\\NeutralUnitStrings.txt:897"", ""Units\\NeutralUnitFunc.txt:902""]",,"A08U,A08T",_,24,_,_,"C,O,K",_,_,,,,,,,,600,600,70,70,270,large,3,1.25,500,500,always,0.5,1600,1700,410,1,100,3,6,1,100,340,100,340,_,,1,,_,100,_,ground,,1,60,0.4,foot,1,3,2,1,1,8,nightelf,1,90,90,180,180,_,Shadow,255,255,255,1,Stone,-1,_,MetalHeavySlice,210,210,50,10,10,1,1.8,0.15,zzdemon,Custom_n02H,DoomGuard,units\demon\DoomGuard\DoomGuard,1,_,0.7,0.5,38.5,35,35,8,1,1.15,normal,chaos,250,128,1,"ground,structure,debris,air,item,ward",MetalHeavySlice,1,"ground,structure,debris,air,item,ward",0.7,0.5,48,44.5,41,8,1,1.3,msplash,chaos,250,600,1,air,_,90,60,,0.51,0.5,600,3,Дyм-зaщитник,,,Summon Doom Guard,"Heavy ranged unit can cast Dispel Magic, War Stomp, Cripple and Rain of Fire. |n|n|cffffcc00Attacks land and air units.|r",,,ReplaceableTextures\CommandButtons\BTNDoomGuard.blp,,Abilities\Weapons\DemonHunterMissile\DemonHunterMissile.mdl,0.0,900,1,,,,,,,,Objects\Spawnmodels\Demon\DemonLargeDeathExplode\DemonLargeDeathExplode.mdl,medium,,Дyм-зaщитник,"[""NH""]",_,7,,440,,2,500,,,,,,140,,130,,,,,,,,,,,50,150,250,0.5,0.25,,,,,,,,,,,,,,,,,,,,,,,,,,,,,,,,,,,,10,,,,,,,,,,,,,,
n02I,"[""Units\\UnitAbilities.slk:1580"", ""Units\\UnitBalance.slk:13966"", ""Units\\UnitData.slk:8249"", ""Units\\UnitUI.slk:13777"", ""Units\\UnitWeapons.slk:15224"", ""Units\\NeutralUnitStrings.txt:901"", ""Units\\NeutralUnitFunc.txt:910""]",,"A0FD,ACmi",A0FD,31,_,_,"L,F,V,Q",_,_,,,,,,,,600,600,25,25,290,large,,0.5,100,200,always,0.5,240,700,110,1,5,3,1,1,10,155,10,155,_,,1,,_,100,_,ground,2,5,60,0.5,foot,1,3,2,1,1,6,nightelf,1,45,45,100,100,_,Shadow,140,220,255,1.05,Flesh,-1,_,_,270,270,30,10,10,1,1.5,0.15,foresttroll,Custom_n02I,ForestTrollShadowPriest,units\creeps\ForestTrollShadowPriest\ForestTrollShadowPriest,1,_,,,,,,,,,_,normal,,,1,_,_,1,_,0.3,0.3,24,20.5,17,8,1,1.8,missile,pierce,250,600,1,"ground,structure,debris,air,item,ward",_,80,60,,0.5,0.5,600,,Тpoлль-лeкapь,,,Hire Forest Troll Shadow |cffffcc00P|rriest,Shadow Priest of healing magic. Hurls fiery missiles. Can cast Abolish Magic. |n|n|cffffcc00Attacks land and air units.|r,,,ReplaceableTextures\CommandButtons\BTNForestTrollShadowPriest.blp,"0,0",Abilities\Weapons\FireballMissile\FireballMissile.mdl,0.15,900,1,,,,,,,,Objects\Spawnmodels\Orc\OrcSmallDeathExplode\OrcSmallDeathExplode.mdl,,,Тpoлль-лeкapь,"[""NH""]",_,15,,60,,2,100,,,1,,,20,,,,,,,,,,,,,,,,,,,,,,,,,,,,,,,,,,,,,,,,,,,,,,,,,,,,,10,,,,,,,,,,,,,,
n065,"[""Units\\UnitAbilities.slk:1583"", ""Units\\UnitBalance.slk:14001"", ""Units\\UnitData.slk:8268"", ""Units\\UnitUI.slk:13806"", ""Units\\UnitWeapons.slk:15256"", ""Units\\NeutralUnitStrings.txt:906"", ""Units\\NeutralUnitFunc.txt:918""]",,"Avul,A03F",_,32,_,_,"L,F,V,Q",_,_,,,,,,,,600,600,40,40,290,medium,1,,100,,always,0.5,450,1000,210,1,9,3,2,1,30,195,30,195,_,,1,,_,100,_,ground,2,4,60,0.5,foot,1,3,2,1,1,1,nightelf,1,50,50,140,140,_,Shadow,130,255,130,1.25,Flesh,-1,_,_,270,270,30,10,10,1,1.5,0.15,foresttroll,Custom_n065,ForestTroll,units\creeps\ForestTroll\ForestTroll,1,_,,,,,,,,,_,normal,,,1,_,_,1,_,0.3,0.3,37,32.5,28,10,1,1.6,missile,pierce,250,500,1,"ground,structure,debris,air,item,ward",_,80,60,,0.51,0.5,500,1,Тpoлль-зaщитник,,,Hire Forest Troll |cffffcc00B|rerserker,Rabid axe-thrower. |n|n|cffffcc00Attacks land and air units.|r,,,ReplaceableTextures\CommandButtons\BTNForestTroll.blp,"1,0",Abilities\Weapons\Axe\AxeMissile.mdl,0.15,1200,,,,,,,,,Objects\Spawnmodels\Orc\OrcSmallDeathExplode\OrcSmallDeathExplode.mdl,,,Тpoлль-зaщитник,"[""NH""]",_,1,,220,,2,100,,,1,,,30,,,,,,,,,,,,,,,,,,,,,,,,,,,,,,,,,,,,,,,,,,,,,,,,,,,,,10,,,,,,,,,,,,,,
n066,"[""Units\\UnitAbilities.slk:1586"", ""Units\\UnitBalance.slk:14035"", ""Units\\UnitData.slk:8287"", ""Units\\UnitUI.slk:13835"", ""Units\\UnitWeapons.slk:15289"", ""Units\\NeutralUnitStrings.txt:911"", ""Units\\NeutralUnitFunc.txt:925""]",,"A0RC,Avul",_,24,_,_,B,_,_,,,,,,,,600,600,20,20,310,large,,,,,always,0.5,200,1000,110,3,5,3,1,1,,,,,_,,1,,_,100,_,ground,,4,60,0.6,foot,1,1.75,,1,1,1,nightelf,1,60,60,140,140,_,Shadow,255,255,255,1,Flesh,-1,_,MetalMediumChop,240,240,50,10,10,1,1.25,0.15,,Custom_n066,RazorMane,units\creeps\SpiritPig\SpiritPig,1,_,,,,,,,,,_,normal,,,1,_,_,1,_,0.64,0.33,12,11.5,11,2,1,1.25,missile,pierce,250,500,1,"ground,structure,debris,air,item,ward",_,60,60,,0.51,0.3,500,1,Кaбан,,,,,,,ReplaceableTextures\CommandButtons\BTNRazorback.blp,,Abilities\Weapons\BristleBackMissile\BristleBackMissile.mdl,0.1,1050,,,,,,,,,,,,Кaбан,"[""NH""]",_,,,440,,2,,,,,,,15,,,,,,,,,,,,,,,,,,,,,,,,,,,,,,,,,,,,,,,,,,,,,,,,,,,,,10,,,,,,,,,,,,,,
n067,"[""Units\\UnitAbilities.slk:1589"", ""Units\\UnitBalance.slk:14061"", ""Units\\UnitData.slk:8303"", ""Units\\UnitUI.slk:13863"", ""Units\\UnitWeapons.slk:15322"", ""Units\\NeutralUnitStrings.txt:913"", ""Units\\NeutralUnitFunc.txt:930""]",,"A0YB,Avul",_,16,_,_,B,_,_,,,,,,,,600,600,20,20,200,large,,,,,always,0.5,200,100,110,3,5,3,1,1,,,,,_,,1,,_,100,_,ground,,4,60,0.6,foot,1,1.75,,1,1,1,nightelf,1,,,,,_,_,255,255,255,1,Flesh,-1,_,MetalMediumChop,200,200,50,10,10,1,1,0.15,,Custom_n067,Wisp,units\nightelf\Wisp\Wisp,1,_,,,,,,,,,_,normal,,,1,_,_,1,_,0.64,0.33,12,11.5,11,2,1,1,normal,normal,250,90,1,"ground,structure,debris,item,ward",WoodMediumBash,60,60,,0.51,0.3,500,,Светлячок,,,,,,,ReplaceableTextures\CommandButtons\BTNWisp.blp,,,,,,,,,,,,,Units\NightElf\Wisp\WispExplode.mdl,,,Светлячок,"[""NH"", ""Zz""]",_,,,440,,2,,,,,,,10,,,,,,,,,,,,,,,,,,,,,,,,,,,,,,,,,,,,,,,,,,,,,,,,,,,,,,,,,,,,,,,,,,,
n068,"[""Units\\UnitAbilities.slk:1592"", ""Units\\UnitBalance.slk:14087"", ""Units\\UnitData.slk:8319"", ""Units\\UnitUI.slk:13887"", ""Units\\UnitWeapons.slk:15353"", ""Units\\NeutralUnitStrings.txt:915"", ""Units\\NeutralUnitFunc.txt:933""]",,"A030,A0A2",_,32,_,_,I,_,_,,,,,,,,600,600,40,40,300,large,2,1,300,400,always,0.5,1150,900,,1,,,,1,,,,,_,,1,,_,100,_,ground,,4,60,0.5,foot,1,1.57,2,1,1,1,nightelf,1,50,50,140,140,_,Shadow,40,20,255,1.45,Flesh,-1,_,WoodHeavyBash,250,250,50,10,10,1,1.3,0.15,facelessone,Custom_n068,FacelessOne,Units\Creeps\FacelessOne\FacelessOne,1,_,0.3,0.3,48,44.5,41,6,1,0.9,normal,chaos,250,100,1,"ground,structure,debris,air,item,ward",WoodHeavyBash,1,"ground,air,enemy,neutral",0.56,0.5,48,44.5,41,8,1,1.8,msplash,chaos,250,500,1,air,WoodHeavyBash,160,60,-30,0.51,0.5,500,2,Aдcкaя твapь,,,Aдcкaя твapь,Heavy ranged unit that hurls bolts of lightning. Can cast Sleep and Mana Shield. |n|n|cffffcc00Attacks land and air units.|r,,,ReplaceableTextures\CommandButtons\BTNFacelessOne.blp,"0,0",Abilities\Weapons\NecromancerMissile\NecromancerMissile.mdl,0.00,900,1,,,,,,,,Objects\Spawnmodels\Demon\DemonLargeDeathExplode\DemonLargeDeathExplode.mdl,,,Aдcкaя твapь,"[""NH""]",_,5,,,,2,300,,,1,,,40,70,59,,,,,,,,,,,75,150,225,0.5,0.25,10,,,,,,,,,,,,,,,,,,,,,,,,,,,,,,,,,,,,,,,,,33,24.7222222222222,,,,,,,
n069,"[""Units\\UnitAbilities.slk:1595"", ""Units\\UnitBalance.slk:14114"", ""Units\\UnitData.slk:8337"", ""Units\\UnitUI.slk:13916"", ""Units\\UnitWeapons.slk:15406"", ""Units\\NeutralUnitStrings.txt:919"", ""Units\\NeutralUnitFunc.txt:941""]",,"ACmi,A0BY,ACrk",_,32,_,_,"C,O,K",_,_,,,,,,,,600,600,80,80,320,large,6,,,,always,1,1500,1800,410,1,40,3,6,1,120,385,120,385,_,,1,,_,100,_,ground,,1,60,0.4,foot,1,3,2,1,1,1,nightelf,1,100,100,200,200,_,Shadow,255,40,50,0.9,Stone,-1,_,RockHeavyBash,200,200,50,10,10,1,1.4,0.15,zzdemon,Custom_n069,Infernal,units\demon\Infernal\Infernal,1,_,,,,,,,,,_,normal,,,1,_,_,1,_,0.74,0.26,60,54.5,49,21,1,0.95,normal,chaos,250,100,1,"air,tree,ward,structure,ground,item,debris",RockHeavyBash,100,60,,0.51,0.3,500,1,Огненный голем ,,,Огненный голем ,Heavy melee unit cloaked in demonic flames that damage nearby enemy ground units. Immune to magic. |n|n|cffffcc00Attacks land units.|r,,,ReplaceableTextures\CommandButtons\BTNInfernal.blp,,,,,,,,,,,,,,large,,Огненный голем ,"[""NH""]",_,16,,440,,2,,,,,,,99,,,,,,,,,,,,,,,,,,,,,,,,,,,,,,,,,,,,,,,,,,,,,,,,,,,,,10,,,,,,,,,,,,,,
e00V,"[""Units\\UnitAbilities.slk:1598"", ""Units\\UnitBalance.slk:14146"", ""Units\\UnitData.slk:8354"", ""Units\\UnitUI.slk:13945"", ""Units\\UnitWeapons.slk:15439"", ""Units\\NightElfUnitStrings.txt:357"", ""Units\\NightElfUnitFunc.txt:632""]",,_,_,32,_,_,*,"R000,R001,R002,R003,R004,R005,R006,R008",_,,,,,,,,600,600,30,30,220,large,,,,,always,5,300,550,30,3,5,3,6,1,,,,,_,,1,,_,100,_,ground,,4,60,0.5,foot,1,3.14,,1,1,1,nightelf,1,60,60,140,140,_,Shadow,255,255,255,1,Flesh,-1,_,WoodMediumBash,110,110,20,10,10,1,1.5,0.15,EUnit14,Custom_e00V,Ent,units\nightelf\Ent\Ent,1,_,,,,,,,,,_,normal,,,1,_,_,1,_,0.533,0.467,17,16,15,3,1,2,normal,normal,250,100,1,"ground,structure,debris,air,item,ward",WoodMediumBash,60,60,,0.51,0.3,500,1,Мoлoдoй энт,,,,,,,ReplaceableTextures\CommandButtons\BTNEnt.blp,"0,0",,,,,,,,,,,,,medium,,Мoлoдoй энт,"[""NH"", ""BAv""]",_,,,,,2,,,,,,,80,,,,,,,,,,,,,,,,,,,,,,,,,,,,,,,,,,,,,,,,,,,,,,,,,,,,,10,,,,,,,,,,,,,,
e00W,"[""Units\\UnitAbilities.slk:1601"", ""Units\\UnitBalance.slk:14171"", ""Units\\UnitData.slk:8370"", ""Units\\UnitUI.slk:13974"", ""Units\\UnitWeapons.slk:15472"", ""Units\\NightElfUnitStrings.txt:359"", ""Units\\NightElfUnitFunc.txt:636""]",,A0DN,_,24,_,_,*,"R000,R001,R002,R003,R004,R005,R006,R008",_,,,,,,,,600,600,30,30,170,large,,,,,always,1,300,350,30,3,8,3,6,1,,,,,_,,1,,_,100,_,ground,,4,60,0.5,foot,1,3.14,,1,1,1,nightelf,1,60,60,140,140,_,Shadow,255,255,255,1.4,Flesh,-1,_,WoodMediumBash,110,110,20,10,10,1,1.9,0.15,EUnit14,Custom_e00W,Ent,units\nightelf\Ent\Ent,1,_,,,,,,,,,_,normal,,,1,_,_,1,_,0.533,0.467,17,16,15,3,1,2.25,normal,normal,250,120,1,"ground,structure,debris,air,item,ward",WoodMediumBash,60,60,,0.51,0.3,500,1,Энт,,,,,,,ReplaceableTextures\CommandButtons\BTNEnt.blp,"0,0",,,,,,,,,,,,,medium,,Энт,"[""NH"", ""BIv""]",_,4,,,,2,,,,,,,60,,,,,,,,,,,,,,,,,,,,,,,,,,,,,,,,,,,,,,,,,,,,,,,,,,,,,10,,,,,,,,,,,,,,
e00X,"[""Units\\UnitAbilities.slk:1604"", ""Units\\UnitBalance.slk:14197"", ""Units\\UnitData.slk:8386"", ""Units\\UnitUI.slk:14003"", ""Units\\UnitWeapons.slk:15505"", ""Units\\NightElfUnitStrings.txt:361"", ""Units\\NightElfUnitFunc.txt:640""]",,"A0DN,A0DZ",_,24,_,_,*,"R000,R001,R002,R003,R004,R005,R006,R008",_,,,,,,,,600,600,30,30,160,large,,,,,always,3,300,700,30,3,13,3,6,1,,,,,_,,1,,_,100,_,ground,,4,60,0.5,foot,1,3.14,,1,1,1,nightelf,1,60,60,140,140,_,Shadow,255,255,255,1.5,Flesh,-1,_,WoodMediumBash,110,110,20,10,10,1,2,0.15,EUnit14,Custom_e00X,Ent,units\nightelf\Ent\Ent,1,_,,,,,,,,,_,normal,,,1,_,_,1,_,0.533,0.467,17,16,15,3,1,2.2,normal,normal,250,120,1,"ground,structure,debris,air,item,ward",WoodMediumBash,60,60,,0.51,0.3,500,1,Энт-вoин,,,,,,,ReplaceableTextures\CommandButtons\BTNEnt.blp,"0,0",,,,,,,,,,,,,medium,,Энт-вoин,"[""NH"", ""BIv""]",_,8,,,,2,,,,,,,125,,,,,,,,,,,,,,,,,,,,,,,,,,,,,,,,,,,,,,,,,,,,,,,,,,,,,10,,,,,,,,,,,,,,
e00Y,"[""Units\\UnitAbilities.slk:1607"", ""Units\\UnitBalance.slk:14223"", ""Units\\UnitData.slk:8402"", ""Units\\UnitUI.slk:14032"", ""Units\\UnitWeapons.slk:15538"", ""Units\\NightElfUnitStrings.txt:363"", ""Units\\NightElfUnitFunc.txt:644""]",,"A0DN,A0DZ,A0DT,A0DR",_,24,_,_,*,"R000,R001,R002,R003,R004,R005,R006,R008",_,,,,,,,,600,600,30,30,150,large,,,,,always,15,300,1400,30,3,20,3,6,1,,,,,_,,1,,_,100,_,ground,,4,60,0.5,foot,1,3.14,,1,1,1,nightelf,1,60,60,140,140,_,Shadow,255,255,255,1.6,Flesh,-1,_,WoodMediumBash,110,110,20,10,10,1,2,0.15,EUnit14,Custom_e00Y,Ent,units\nightelf\Ent\Ent,1,_,,,,,,,,,_,normal,,,1,_,_,1,_,0.533,0.467,17,16,15,3,1,2.15,normal,normal,250,120,1,"ground,structure,debris,air,item,ward",WoodMediumBash,60,60,,0.51,0.3,500,1,Энт-хpaнитeль,,,,,,,ReplaceableTextures\CommandButtons\BTNEnt.blp,"0,0",,,,,,,,,,,,,medium,,Энт-хpaнитeль,"[""NH"", ""BIv""]",_,16,,,,2,,,,,,,250,,,,,,,,,,,,,,,,,,,,,,,,,,,,,,,,,,,,,,,,,,,,,,,,,,,,,10,,,,,,,,,,,,,,
h01D,"[""Units\\UnitAbilities.slk:1610"", ""Units\\UnitBalance.slk:14249"", ""Units\\UnitData.slk:8418"", ""Units\\UnitUI.slk:14061"", ""Units\\UnitWeapons.slk:15571"", ""Units\\HumanUnitStrings.txt:597"", ""Units\\HumanUnitFunc.txt:911""]",,_,_,24,_,_,*,"R000,R001,R003,R004,R005,R006,R008",_,,,,,,,,600,600,1,1,220,large,,,,,always,0.25,450,300,30,3,,3,7,1,,,,,_,,1,,_,100,_,ground,2,2,60,0.5,foot,1,1.5,,1,1,1,nightelf,1,80,80,200,200,_,Shadow,255,255,255,0.6,Flesh,-1,_,_,200,200,50,10,10,1,0.9,0.15,HUnit16,Custom_h01D,WaterElemental,units\human\WaterElemental\WaterElemental,1,_,,,,,,,,,_,normal,,,1,_,_,1,"enemy,ground",0.77,0.4,29,25,21,6,1,1.3,missile,magic,250,300,1,"ground,structure,air,debris,item,ward",_,120,60,,0.51,0.3,500,1,Дух Воды ,,,,,,,ReplaceableTextures\CommandButtons\BTNSummonWaterElemental.blp,,Abilities\Weapons\WaterElementalMissile\WaterElementalMissile.mdl,0.15,1300,,,,,,,,,,medium,,Дух Воды ,"[""NH""]",_,2,,,,2,,,,,,,14,,,,,,,,,,,,,25,50,75,0.5,0.25,,,,,,,,,,,,,,,,,,,,,,,,,,,,,,,,,,,,10,,,,,,,,,,,,,,
h01E,"[""Units\\UnitAbilities.slk:1613"", ""Units\\UnitBalance.slk:14274"", ""Units\\UnitData.slk:8435"", ""Units\\UnitUI.slk:14090"", ""Units\\UnitWeapons.slk:15609"", ""Units\\HumanUnitStrings.txt:599"", ""Units\\HumanUnitFunc.txt:917""]",,_,_,24,_,_,*,"R000,R001,R003,R004,R005,R006,R008",_,,,,,,,,600,600,1,1,220,large,,,,,always,0.5,450,550,30,3,,3,7,1,,,,,_,,1,,_,100,_,ground,2,2,60,0.5,foot,1,1.5,,1,1,1,nightelf,1,80,80,200,200,_,Shadow,255,255,255,0.7,Flesh,-1,_,_,200,200,50,10,10,1,1,0.15,HUnit16,Custom_h01E,WaterElemental,units\human\WaterElemental\WaterElemental,1,_,,,,,,,,,_,normal,,,1,_,_,1,"enemy,ground",0.77,0.4,29,25,21,6,1,1.1,missile,magic,250,300,1,"ground,structure,air,debris,item,ward",_,120,60,,0.51,0.3,500,1,Дух Воды ,,,,,,,ReplaceableTextures\CommandButtons\BTNSummonWaterElemental.blp,,Abilities\Weapons\WaterElementalMissile\WaterElementalMissile.mdl,0.15,1300,,,,,,,,,,medium,,Дух Воды ,"[""NH""]",_,4,,,,2,,,,,,,29,,,,,,,,,,,,,25,50,75,0.5,0.25,,,,,,,,,,,,,,,,,,,,,,,,,,,,,,,,,,,,10,,,,,,,,,,,,,,
h01F,"[""Units\\UnitAbilities.slk:1616"", ""Units\\UnitBalance.slk:14299"", ""Units\\UnitData.slk:8452"", ""Units\\UnitUI.slk:14119"", ""Units\\UnitWeapons.slk:15647"", ""Units\\HumanUnitStrings.txt:601"", ""Units\\HumanUnitFunc.txt:923""]",,_,_,24,_,_,*,"R000,R001,R002,R003,R004,R005,R006,R008",_,,,,,,,,600,600,1,1,220,large,,,,,always,1,450,800,30,3,,3,7,1,,,,,_,,1,,_,100,_,ground,2,2,60,0.5,foot,1,1.5,,1,1,1,nightelf,1,80,80,200,200,_,Shadow,255,255,255,0.8,Flesh,-1,_,_,200,200,50,10,10,1,1.1,0.15,HUnit16,Custom_h01F,WaterElemental,units\human\WaterElemental\WaterElemental,1,_,,,,,,,,,_,normal,,,1,_,_,1,"enemy,ground",0.77,0.4,29,25,21,6,1,0.9,missile,magic,250,300,1,"ground,structure,air,debris,item,ward",_,120,60,,0.51,0.3,500,1,Дух Воды ,,,,,,,ReplaceableTextures\CommandButtons\BTNSummonWaterElemental.blp,,Abilities\Weapons\WaterElementalMissile\WaterElementalMissile.mdl,0.15,1300,,,,,,,,,,medium,,Дух Воды ,"[""NH""]",_,6,,,,2,,,,,,,59,,,,,,,,,,,,,25,50,75,0.5,0.25,,,,,,,,,,,,,,,,,,,,,,,,,,,,,,,,,,,,10,,,,,,,,,,,,,,
h01G,"[""Units\\UnitAbilities.slk:1619"", ""Units\\UnitBalance.slk:14324"", ""Units\\UnitData.slk:8469"", ""Units\\UnitUI.slk:14148"", ""Units\\UnitWeapons.slk:15685"", ""Units\\HumanUnitStrings.txt:603"", ""Units\\HumanUnitFunc.txt:929""]",,"Aphx,ACmi,ACrk,Apxf",_,8,_,_,*,"R000,R001,R002,R003,R004,R005,R006,R008",_,,,,,,,,600,600,45,45,320,small,1,,,,always,-25,1250,1400,30,3,30,3,7,1,,,,,_,,1,,_,100,_,ground,2,1,61,0.4,hover,,0.7,,1,1,2,nightelf,1,100,100,200,200,_,ShadowFlyer,255,255,255,1,Flesh,-1,_,_,200,200,50,25,33,1,1.5,0.15,HUnit21,Custom_h01G,Phoenix,units\human\phoenix\phoenix,1,_,,,,,,,,,_,normal,,,1,_,_,1,"ground,structure,debris,air,enemy",0.633,0.43,75,68,61,31,1,1.4,msplash,chaos,250,600,1,"ground,structure,debris,air,item,ward",_,20,20,,0.5,0.3,600,1,Феникс ,,,,,,,ReplaceableTextures\CommandButtons\BTNMarkOfFire.blp,"0,0",Abilities\Weapons\PhoenixMissile\Phoenix_Missile.mdl,0.15,1800,1,,,,,,,,,medium,,Феникс ,"[""NH""]",_,7,,,1,2,,90,240,,230,2,99,,,,,,,,,,,,,25,66,125,0.5,0.25,,1,,,,,,,,,,,,,,,,,,,,,,,,,,,,,,,,,,10,,,,,,,,,,,,,,
h01H,"[""Units\\UnitAbilities.slk:1622"", ""Units\\UnitBalance.slk:14353"", ""Units\\UnitData.slk:8487"", ""Units\\UnitUI.slk:14179"", ""Units\\UnitWeapons.slk:15723"", ""Units\\HumanUnitStrings.txt:605"", ""Units\\HumanUnitFunc.txt:937""]",,"A0DC,A0DD",_,24,_,_,*,"R000,R001,R002,R003,R004,R005,R006,R008",_,,,,,,,,600,600,1,1,300,large,2,,,,always,2,900,1450,30,3,,3,7,1,,,,,_,,1,,_,100,_,ground,2,2,60,0.5,foot,1,1.5,,1,1,1,nightelf,1,80,80,200,200,_,Shadow,,,255,1,Flesh,-1,_,_,200,200,50,10,10,1,1.15,0.15,HUnit18,Custom_h01H,WaterElemental,units\human\WaterElemental\WaterElemental,1,_,,,,,,,,,_,normal,,,1,_,_,1,"enemy,ground",0.77,0.4,49,45,41,21,1,0.75,missile,magic,250,300,1,"ground,structure,air,debris,item,ward",_,120,60,,0.51,0.3,500,1,Дух Воды ,,,,,,,ReplaceableTextures\CommandButtons\BTNSummonWaterElemental.blp,,Abilities\Weapons\WaterElementalMissile\WaterElementalMissile.mdl,0.15,1300,,,,,,,,,,medium,,Дух Воды ,"[""NH""]",_,10,,,,2,,,,,,,119,,,,,,,,,,,,,25,50,75,0.5,0.25,,,,,,,,,,,,,,,,,,,,,,,,,,,,,,,,,,,,10,,,,,,,,,,,,,,
o00C,"[""Units\\UnitAbilities.slk:1625"", ""Units\\UnitBalance.slk:14379"", ""Units\\UnitData.slk:8504"", ""Units\\UnitUI.slk:14206"", ""Units\\UnitWeapons.slk:15761"", ""Units\\OrcUnitStrings.txt:94"", ""Units\\OrcUnitFunc.txt:148""]",,ACmi,_,24,_,_,*,"R000,R001,R003,R004,R005,R006,R008",_,,,,,,,,600,600,20,20,,large,,,,,always,0.25,75,250,30,3,,3,6,1,,,,,Ward,,1,,_,100,_,ground,,,60,,foot,,0.94,,1,1,1,nightelf,1,25,25,70,70,_,Shadow,255,255,255,1,Wood,-1,_,_,200,200,50,25,25,1,0.75,0.15,OUnit21,Custom_o00C,,units\orc\SerpentWard\SerpentWard,1,_,,,,,,,,,_,normal,,,1,_,_,1,_,0.7,0.3,13,12,11,1,1,1,missile,normal,250,600,1,"ground,structure,debris,air,item,ward",_,60,225,,0.51,,600,1,Oгнeннaя змeя,,,,,,,ReplaceableTextures\CommandButtons\BTNSerpentWard.blp,,Abilities\Weapons\SerpentWardMissile\SerpentWardMissile.mdl,0.15,900,1,,,,,,,,,,,Oгнeннaя змeя,"[""NH""]",_,,,,,2,,,,,,,19,,,,,,,,,,,,,,,,,,,,,,,,,,,,,,,,,,,,,,,,,,,,,,,,,,,,,10,,,,,,,,,,,,,,
o00D,"[""Units\\UnitAbilities.slk:1628"", ""Units\\UnitBalance.slk:14402"", ""Units\\UnitData.slk:8517"", ""Units\\UnitUI.slk:14234"", ""Units\\UnitWeapons.slk:15793"", ""Units\\OrcUnitStrings.txt:96"", ""Units\\OrcUnitFunc.txt:154""]",,ACmi,_,24,_,_,*,"R000,R001,R003,R004,R005,R006,R008",_,,,,,,,,600,600,20,20,,large,,,,,always,0.25,75,500,30,3,,3,6,1,,,,,Ward,,1,,_,100,_,ground,,,60,,foot,,0.94,,1,1,1,nightelf,1,25,25,70,70,_,Shadow,255,255,255,1,Wood,-1,_,_,200,200,50,25,25,1,0.75,0.15,OUnit21,Custom_o00D,,units\orc\SerpentWard\SerpentWard,1,_,,,,,,,,,_,normal,,,1,_,_,1,_,0.7,0.3,13,12,11,1,1,1,missile,normal,250,700,1,"ground,structure,debris,air,item,ward",_,60,225,,0.51,,600,1,Oгнeннaя змeя,,,,,,,ReplaceableTextures\CommandButtons\BTNSerpentWard.blp,,Abilities\Weapons\SerpentWardMissile\SerpentWardMissile.mdl,0.15,900,1,,,,,,,,,,,Oгнeннaя змeя,"[""NH""]",_,,,,,2,,,,,,,39,,,,,,,,,,,,,,,,,,,,,,,,,,,,,,,,,,,,,,,,,,,,,,,,,,,,,10,,,,,,,,,,,,,,
o00E,"[""Units\\UnitAbilities.slk:1631"", ""Units\\UnitBalance.slk:14425"", ""Units\\UnitData.slk:8530"", ""Units\\UnitUI.slk:14262"", ""Units\\UnitWeapons.slk:15825"", ""Units\\OrcUnitStrings.txt:98"", ""Units\\OrcUnitFunc.txt:160""]",,ACmi,_,24,_,_,*,"R000,R001,R002,R003,R004,R005,R006,R008",_,,,,,,,,600,600,20,20,,large,,,,,always,0.25,75,750,30,3,,3,6,1,,,,,Ward,,1,,_,100,_,ground,,,60,,foot,,0.94,,1,1,1,nightelf,1,25,25,70,70,_,Shadow,255,255,255,1,Wood,-1,_,_,200,200,50,25,25,1,0.75,0.15,OUnit21,Custom_o00E,,units\orc\SerpentWard\SerpentWard,1,_,,,,,,,,,_,normal,,,1,_,_,1,_,0.7,0.3,13,12,11,1,1,1,missile,normal,250,800,1,"ground,structure,debris,air,item,ward",_,60,225,,0.51,,600,1,Oгнeннaя змeя,,,,,,,ReplaceableTextures\CommandButtons\BTNSerpentWard.blp,,Abilities\Weapons\SerpentWardMissile\SerpentWardMissile.mdl,0.15,900,1,,,,,,,,,,,Oгнeннaя змeя,"[""NH""]",_,,,,,2,,,,,,,79,,,,,,,,,,,,,,,,,,,,,,,,,,,,,,,,,,,,,,,,,,,,,,,,,,,,,10,,,,,,,,,,,,,,
o00F,"[""Units\\UnitAbilities.slk:1634"", ""Units\\UnitBalance.slk:14448"", ""Units\\UnitData.slk:8543"", ""Units\\UnitUI.slk:14290"", ""Units\\UnitWeapons.slk:15857"", ""Units\\OrcUnitStrings.txt:100"", ""Units\\OrcUnitFunc.txt:166""]",,ACmi,_,24,_,_,*,"R000,R001,R002,R003,R004,R005,R006,R008",_,,,,,,,,600,600,20,20,,large,,,,,always,0.25,75,1200,30,3,,3,6,1,,,,,Ward,,1,,_,100,_,ground,,,60,,foot,,0.94,,1,1,1,nightelf,1,25,25,70,70,_,Shadow,50,50,255,1,Wood,-1,_,_,200,200,50,25,25,1,0.75,0.15,OUnit21,Custom_o00F,,units\orc\SerpentWard\SerpentWard,1,_,,,,,,,,,_,normal,,,1,_,_,1,_,0.7,0.3,13,12,11,1,1,1,missile,normal,250,1000,1,"ground,structure,debris,air,item,ward",_,60,225,,0.51,,600,1,Oгнeннaя змeя,,,,,,,ReplaceableTextures\CommandButtons\BTNSerpentWard.blp,,Abilities\Weapons\SerpentWardMissile\SerpentWardMissile.mdl,0.15,900,1,,,,,,,,,,,Oгнeннaя змeя,"[""NH""]",_,10,,,,2,,,,,,,159,,,,,,,,,,,,,,,,,,,,,,,,,,,,,,,,,,,,,,,,,,,,,,,,,,,,,10,,,,,,,,,,,,,,
n06A,"[""Units\\UnitAbilities.slk:1637"", ""Units\\UnitBalance.slk:14472"", ""Units\\UnitData.slk:8556"", ""Units\\UnitUI.slk:14318"", ""Units\\UnitWeapons.slk:15889"", ""Units\\NeutralUnitStrings.txt:923"", ""Units\\NeutralUnitFunc.txt:944""]",,"Asdg,A0B4",_,24,_,_,*,"R000,R001,R003,R004,R005,R006,R008",_,,,,,,,,600,600,40,40,270,large,1,,,,always,2,125,125,,,,,,1,,,,,Mechanical,1,1,,_,100,_,ground,,1,60,0.5,foot,,2.5,2,1,1,3,nightelf,1,35,35,100,100,_,Shadow,255,255,255,1,Metal,-1,_,WoodHeavyBash,200,200,50,10,10,1,1.15,0.15,clockwerk,Custom_n06A,ClockwerkGoblin,Units\Creeps\HeroTinkerRobot\HeroTinkerRobot,1,_,,,,,,,,,_,normal,,,1,_,_,1,_,0.64,0.33,9,8.5,8,1,1,0.8,normal,normal,250,90,1,"ground,structure,debris,air,item,ward",WoodMediumBash,60,60,,0.51,0.3,500,1,Зaвoднoй гoблин,,C,Summon |cffffcc00C|rlockwerk Goblin,Poorly engineered mechanical goblin melee warrior.  Detonates after a certain period of time.|n|n|cffffcc00Attacks land units.|r,,,ReplaceableTextures\CommandButtons\BTNClockWerkGoblin.blp,,,,,,,,,,,,,,medium,,Зaвoднoй гoблин,"[""NH""]",_,1,,,,2,,,,,,,10,,,,,,,,,,,,,,,,,,,,,,,,,,,,,,,,,,,,,,,,,,,,,,,,,,,,,10,,,,,,,,,,,,,,
n06B,"[""Units\\UnitAbilities.slk:1640"", ""Units\\UnitBalance.slk:14495"", ""Units\\UnitData.slk:8572"", ""Units\\UnitUI.slk:14347"", ""Units\\UnitWeapons.slk:15922"", ""Units\\NeutralUnitStrings.txt:928"", ""Units\\NeutralUnitFunc.txt:947""]",,"Asd2,A0B5",_,24,_,_,*,"R000,R001,R003,R004,R005,R006,R008",_,,,,,,,,600,600,40,40,270,large,1,,,,always,2,125,400,,,,,,1,,,,,Mechanical,1,1,,_,100,_,ground,,1,60,0.5,foot,,2.5,2,1,1,3,nightelf,1,35,35,100,100,_,Shadow,255,255,255,1.1,Metal,-1,_,WoodHeavyBash,200,200,50,10,10,1,1.15,0.15,clockwerk,Custom_n06B,ClockwerkGoblin,Units\Creeps\HeroTinkerRobot\HeroTinkerRobot,1,_,,,,,,,,,_,normal,,,1,_,_,1,_,0.64,0.33,9,8.5,8,1,1,0.7,normal,normal,250,90,1,"ground,structure,debris,air,item,ward",WoodMediumBash,60,60,,0.51,0.3,500,1,Зaвoднoй гoблин,,C,Summon |cffffcc00C|rlockwerk Goblin,Poorly engineered mechanical goblin melee warrior.  Detonates after a certain period of time.|n|n|cffffcc00Attacks land units.|r,,,ReplaceableTextures\CommandButtons\BTNClockWerkGoblin.blp,,,,,,,,,,,,,,medium,,Зaвoднoй гoблин,"[""NH""]",_,3,,,,2,,,,,,,43,,,,,,,,,,,,,,,,,,,,,,,,,,,,,,,,,,,,,,,,,,,,,,,,,,,,,10,,,,,,,,,,,,,,
n06C,"[""Units\\UnitAbilities.slk:1643"", ""Units\\UnitBalance.slk:14518"", ""Units\\UnitData.slk:8588"", ""Units\\UnitUI.slk:14376"", ""Units\\UnitWeapons.slk:15955"", ""Units\\NeutralUnitStrings.txt:933"", ""Units\\NeutralUnitFunc.txt:950""]",,"Asd3,A0B6",_,24,_,_,*,"R000,R001,R002,R003,R004,R005,R006,R008",_,,,,,,,,600,600,40,40,270,large,1,,,,always,2,125,700,,,,,,1,,,,,Mechanical,1,1,,_,100,_,ground,,1,60,0.5,foot,,2.5,2,1,1,3,nightelf,1,35,35,100,100,_,Shadow,255,255,255,1.25,Metal,-1,_,WoodHeavyBash,200,200,50,10,10,1,1.25,0.15,clockwerk,Custom_n06C,ClockwerkGoblin,Units\Creeps\HeroTinkerRobot\HeroTinkerRobot,1,_,,,,,,,,,_,normal,,,1,_,_,1,_,0.64,0.33,9,8.5,8,1,1,0.6,normal,normal,250,90,1,"ground,structure,debris,air,item,ward",WoodMediumBash,60,60,,0.51,0.3,500,1,Зaвoднoй гoблин,,C,Summon |cffffcc00C|rlockwerk Goblin,Poorly engineered mechanical goblin melee warrior.  Detonates after a certain period of time.|n|n|cffffcc00Attacks land units.|r,,,ReplaceableTextures\CommandButtons\BTNClockWerkGoblin.blp,,,,,,,,,,,,,,medium,,Зaвoднoй гoблин,"[""NH""]",_,5,,,,2,,,,,,,76,,,,,,,,,,,,,,,,,,,,,,,,,,,,,,,,,,,,,,,,,,,,,,,,,,,,,10,,,,,,,,,,,,,,
n06D,"[""Units\\UnitAbilities.slk:1646"", ""Units\\UnitBalance.slk:14541"", ""Units\\UnitData.slk:8604"", ""Units\\UnitUI.slk:14405"", ""Units\\UnitWeapons.slk:15988"", ""Units\\NeutralUnitStrings.txt:938"", ""Units\\NeutralUnitFunc.txt:953""]",,A0CW,_,24,_,_,"A,C","R000,R001,R003,R004,R005,R006,R008",_,,,,,,,,600,600,20,20,270,large,,,,,always,1,240,220,60,1,3,3,1,1,,85,,85,_,,1,,_,100,_,ground,,,60,0.5,foot,1,3,2,1,1,1,nightelf,1,40,40,100,100,_,Shadow,255,200,200,0.6,Flesh,-1,_,_,300,90,50,60,60,1,1.1,0.15,giantspider,Custom_n06D,Spider,units\creeps\Spider\Spider,1,_,,,,,,,,,_,normal,,,1,_,_,1,_,0.3,0.5,11,10.5,10,2,1,0.75,normal,normal,250,100,1,"ground,structure,debris,air,item,ward",WoodLightBash,60,60,,0.51,0.5,500,1,Cильный пayк,,,Summon Spider,Light melee unit. |n|n|cffffcc00Attacks land units.|r,,,ReplaceableTextures\CommandButtons\BTNSpider.blp,,,,,,,,,,,,,Objects\Spawnmodels\Demon\DemonSmallDeathExplode\DemonSmallDeathExplode.mdl,,,Cильный пayк,"[""NH""]",_,,,440,,2,,,,1,,,25,,,,,,,,,,,,,,,,,,,,,,,,,,,,,,,,,,,,,,,,,,,,,,,,,,,,,10,,,,,,,,,,,,,,
n06E,"[""Units\\UnitAbilities.slk:1649"", ""Units\\UnitBalance.slk:14569"", ""Units\\UnitData.slk:8621"", ""Units\\UnitUI.slk:14434"", ""Units\\UnitWeapons.slk:16021"", ""Units\\NeutralUnitStrings.txt:942"", ""Units\\NeutralUnitFunc.txt:956""]",,A0CV,_,24,_,_,"A,C","R000,R001,R003,R004,R005,R006,R008",_,,,,,,,,600,600,20,20,270,large,,,,,always,0.5,240,70,60,1,3,3,1,1,,85,,85,_,,1,,_,100,_,ground,,,60,0.5,foot,1,3,2,1,1,1,nightelf,1,40,40,100,100,_,Shadow,255,200,200,0.5,Flesh,-1,_,_,300,90,50,60,60,1,1.1,0.15,giantspider,Custom_n06E,Spider,units\creeps\Spider\Spider,1,_,,,,,,,,,_,normal,,,1,_,_,1,_,0.3,0.5,11,10.5,10,2,1,1.05,normal,normal,250,100,1,"ground,structure,debris,air,item,ward",WoodLightBash,60,60,,0.51,0.5,500,1,Cлaбый пayк,,,Summon Spider,Light melee unit. |n|n|cffffcc00Attacks land units.|r,,,ReplaceableTextures\CommandButtons\BTNSpider.blp,,,,,,,,,,,,,Objects\Spawnmodels\Demon\DemonSmallDeathExplode\DemonSmallDeathExplode.mdl,,,Cлaбый пayк,"[""NH""]",_,,,440,,2,,,,1,,,10,,,,,,,,,,,,,,,,,,,,,,,,,,,,,,,,,,,,,,,,,,,,,,,,,,,,,10,,,,,,,,,,,,,,
n06F,"[""Units\\UnitAbilities.slk:1652"", ""Units\\UnitBalance.slk:14597"", ""Units\\UnitData.slk:8638"", ""Units\\UnitUI.slk:14463"", ""Units\\UnitWeapons.slk:16054"", ""Units\\NeutralUnitStrings.txt:946"", ""Units\\NeutralUnitFunc.txt:959""]",,A0CX,_,24,_,_,"A,C","R000,R001,R003,R004,R005,R006,R008",_,,,,,,,,600,600,20,20,270,large,,,,,always,1.5,240,550,60,1,3,3,1,1,,85,,85,_,,1,,_,100,_,ground,,,60,0.5,foot,1,3,2,1,1,1,nightelf,1,40,40,100,100,_,Shadow,255,200,200,0.7,Flesh,-1,_,_,300,90,50,60,60,1,1.1,0.15,giantspider,Custom_n06F,Spider,units\creeps\Spider\Spider,1,_,,,,,,,,,_,normal,,,1,_,_,1,_,0.3,0.5,11,10.5,10,2,1,0.55,normal,normal,250,100,1,"ground,structure,debris,air,item,ward",WoodLightBash,60,60,,0.51,0.5,500,1,Пayк-вoин,,,Summon Spider,Light melee unit. |n|n|cffffcc00Attacks land units.|r,,,ReplaceableTextures\CommandButtons\BTNSpider.blp,,,,,,,,,,,,,Objects\Spawnmodels\Demon\DemonSmallDeathExplode\DemonSmallDeathExplode.mdl,,,Пayк-вoин,"[""NH""]",_,,,440,,2,,,,1,,,50,,,,,,,,,,,,,,,,,,,,,,,,,,,,,,,,,,,,,,,,,,,,,,,,,,,,,10,,,,,,,,,,,,,,
n06G,"[""Units\\UnitAbilities.slk:1655"", ""Units\\UnitBalance.slk:14625"", ""Units\\UnitData.slk:8655"", ""Units\\UnitUI.slk:14492"", ""Units\\UnitWeapons.slk:16087"", ""Units\\NeutralUnitStrings.txt:950"", ""Units\\NeutralUnitFunc.txt:962""]",,_,_,24,_,_,*,"R000,R001,R003,R004,R005,R006,R008",_,,,,,,,,600,600,1,1,300,large,2,,,,always,0.25,575,450,30,3,,,,1,,,,,_,,1,,_,100,_,ground,2,2,60,0.5,foot,1,6,,1,1,1,nightelf,1,80,80,170,170,_,Shadow,255,255,255,0.8,Flesh,-1,_,_,200,200,50,10,10,1,1.6,0.15,lavaspawn,Custom_n06G,LavaSpawn,Units\Creeps\LavaSpawn\LavaSpawn,1,_,,,,,,,,,_,normal,,,1,_,_,1,"enemy,ground",0.77,0.4,45,33,21,11,1,0.6,missile,chaos,250,300,1,"ground,structure,air,debris,item,ward",_,70,70,,0.51,0.3,500,1,Дyх oгня,,,,,,,ReplaceableTextures\CommandButtons\BTNLavaSpawn.blp,,Abilities\Weapons\LavaSpawnMissile\LavaSpawnMissile.mdl,0.15,1000,1,,,,,,,,,medium,,Дyх oгня,[],_,2,,,,2,,,,,,,9,,,,,,,,,,,,,25,50,75,0.5,0.25,,,,,,,,,,,,,,,,,,,,,,,,,,,,,,,,,,,,10,,,,,,,,,,,,,,
n06H,"[""Units\\UnitAbilities.slk:1658"", ""Units\\UnitBalance.slk:14649"", ""Units\\UnitData.slk:8672"", ""Units\\UnitUI.slk:14521"", ""Units\\UnitWeapons.slk:16125"", ""Units\\NeutralUnitStrings.txt:952"", ""Units\\NeutralUnitFunc.txt:969""]",,_,_,24,_,_,*,"R000,R001,R003,R004,R005,R006,R008",_,,,,,,,,600,600,1,1,300,large,2,,,,always,0.25,575,600,30,3,,,,1,,,,,_,,1,,_,100,_,ground,2,2,60,0.5,foot,1,6,,1,1,1,nightelf,1,80,80,170,170,_,Shadow,255,255,255,0.9,Flesh,-1,_,_,200,200,50,10,10,1,1.6,0.15,lavaspawn,Custom_n06H,LavaSpawn,Units\Creeps\LavaSpawn\LavaSpawn,1,_,,,,,,,,,_,normal,,,1,_,_,1,"enemy,ground",0.77,0.4,45,33,21,16,1,0.55,missile,chaos,250,400,1,"ground,structure,air,debris,item,ward",_,70,70,,0.51,0.3,500,1,Дyх oгня,,,,,,,ReplaceableTextures\CommandButtons\BTNLavaSpawn.blp,,Abilities\Weapons\LavaSpawnMissile\LavaSpawnMissile.mdl,0.15,1000,1,,,,,,,,,medium,,Дyх oгня,[],_,2,,,,2,,,,,,,19,,,,,,,,,,,,,25,50,75,0.5,0.25,,,,,,,,,,,,,,,,,,,,,,,,,,,,,,,,,,,,10,,,,,,,,,,,,,,
n06I,"[""Units\\UnitAbilities.slk:1661"", ""Units\\UnitBalance.slk:14673"", ""Units\\UnitData.slk:8689"", ""Units\\UnitUI.slk:14550"", ""Units\\UnitWeapons.slk:16163"", ""Units\\NeutralUnitStrings.txt:954"", ""Units\\NeutralUnitFunc.txt:976""]",,_,_,24,_,_,*,"R000,R001,R002,R003,R004,R005,R006,R008",_,,,,,,,,600,600,1,1,300,large,2,,,,always,0.25,575,750,30,3,,,,1,,,,,_,,1,,_,100,_,ground,2,2,60,0.5,foot,1,6,,1,1,1,nightelf,1,80,80,170,170,_,Shadow,255,255,255,1,Flesh,-1,_,_,200,200,50,10,10,1,1.6,0.15,lavaspawn,Custom_n06I,LavaSpawn,Units\Creeps\LavaSpawn\LavaSpawn,1,_,,,,,,,,,_,normal,,,1,_,_,1,"enemy,ground",0.77,0.4,45,33,21,31,1,0.5,missile,chaos,250,500,1,"ground,structure,air,debris,item,ward",_,70,70,,0.51,0.3,500,1,Дyх oгня,,,,,,,ReplaceableTextures\CommandButtons\BTNLavaSpawn.blp,,Abilities\Weapons\LavaSpawnMissile\LavaSpawnMissile.mdl,0.15,1000,1,,,,,,,,,medium,,Дyх oгня,[],_,4,,,,2,,,,,,,29,,,,,,,,,,,,,25,50,75,0.5,0.25,,,,,,,,,,,,,,,,,,,,,,,,,,,,,,,,,,,,10,,,,,,,,,,,,,,
n06J,"[""Units\\UnitAbilities.slk:1664"", ""Units\\UnitBalance.slk:14697"", ""Units\\UnitData.slk:8706"", ""Units\\UnitUI.slk:14579"", ""Units\\UnitWeapons.slk:16201"", ""Units\\NeutralUnitStrings.txt:956"", ""Units\\NeutralUnitFunc.txt:983""]",,A0CJ,_,31,_,_,"N,G","R000,R001,R002,R003,R004,R005,R006,R008",_,,,,,,,,600,600,80,80,450,large,4,,,500,always,10,1100,2500,,1,70,3,6,1,120,385,120,385,_,,1,,_,100,_,ground,2,,61,0.6,hover,1,9.2,,1,1,7,nightelf,1,60,60,160,160,_,Shadow,255,255,150,1.4,Ethereal,-1,_,WoodMediumBash,200,200,50,10,10,1,1.4,0.15,revenant,Custom_n06J,Revenant,units\creeps\RevenantOfTheWaves\RevenantOfTheWaves,1,_,,,,,,,,,_,normal,,,1,_,_,1,_,0.3,0.6,55,52,49,11,1,1.5,missile,normal,250,475,1,"ground,structure,debris,air,item,ward",_,60,60,,0.5,0.5,500,1,Пpизpaк,,,Summon Ice Revenant,Heavy melee unit with Vampiric Aura. Can cast Frost Nova. |n|n|cffffcc00Attacks land units.|r,,,ReplaceableTextures\CommandButtons\BTNDeepLordRevenant.blp,,Abilities\Spells\Orc\Purge\PurgeBuffTarget.mdl,,,,,,,,,,,Objects\Spawnmodels\Demon\DemonLargeDeathExplode\DemonLargeDeathExplode.mdl,,,Пpизpaк,"[""NH""]",_,25,,,,2,,,,1,,,299,,,,,,,,,,,,,,,,,,,,,,,,,,,,,,,,,,,,,,,,,,,,,,,,,,,,,10,,,,,,,,,,,,,,
n06K,"[""Units\\UnitAbilities.slk:1667"", ""Units\\UnitBalance.slk:14728"", ""Units\\UnitData.slk:8723"", ""Units\\UnitUI.slk:14608"", ""Units\\UnitWeapons.slk:16234"", ""Units\\NeutralUnitStrings.txt:960"", ""Units\\NeutralUnitFunc.txt:987""]",,A07D,_,31,_,_,"N,G","R000,R001,R002,R003,R004,R005,R006,R008",_,,,,,,,,600,600,80,80,300,large,4,,,500,always,1,1100,1000,,1,70,3,6,1,120,385,120,385,_,,1,,_,100,_,ground,2,,61,0.6,hover,1,9.2,,1,1,7,nightelf,1,60,60,160,160,_,Shadow,255,255,150,1.2,Ethereal,-1,_,WoodMediumBash,200,200,50,10,10,1,1.2,0.15,revenant,Custom_n06K,Revenant,units\creeps\RevenantOfTheWaves\RevenantOfTheWaves,1,_,,,,,,,,,_,normal,,,1,_,_,1,_,0.3,0.6,55,52,49,11,1,0.9,missile,normal,250,475,1,"ground,structure,debris,air,item,ward",_,60,60,,0.5,0.5,500,1,Пpизpaк,,,Summon Ice Revenant,Heavy melee unit with Vampiric Aura. Can cast Frost Nova. |n|n|cffffcc00Attacks land units.|r,,,ReplaceableTextures\CommandButtons\BTNDeepLordRevenant.blp,,Abilities\Spells\Orc\Purge\PurgeBuffTarget.mdl,,,,,,,,,,,Objects\Spawnmodels\Demon\DemonLargeDeathExplode\DemonLargeDeathExplode.mdl,,,Пpизpaк,"[""NH""]",_,7,,,,2,,,,1,,,109,,,,,,,,,,,,,,,,,,,,,,,,,,,,,,,,,,,,,,,,,,,,,,,,,,,,,10,,,,,,,,,,,,,,
n06L,"[""Units\\UnitAbilities.slk:1670"", ""Units\\UnitBalance.slk:14759"", ""Units\\UnitData.slk:8740"", ""Units\\UnitUI.slk:14637"", ""Units\\UnitWeapons.slk:16267"", ""Units\\NeutralUnitStrings.txt:964"", ""Units\\NeutralUnitFunc.txt:991""]",,A07E,_,31,_,_,"N,G","R000,R001,R002,R003,R004,R005,R006,R008",_,,,,,,,,600,600,80,80,300,large,4,,,500,always,1,1100,1500,,1,70,3,6,1,120,385,120,385,_,,1,,_,100,_,ground,2,,61,0.6,hover,1,9.2,,1,1,7,nightelf,1,60,60,160,160,_,Shadow,255,255,150,1.3,Ethereal,-1,_,WoodMediumBash,200,200,50,10,10,1,1.3,0.15,revenant,Custom_n06L,Revenant,units\creeps\RevenantOfTheWaves\RevenantOfTheWaves,1,_,,,,,,,,,_,normal,,,1,_,_,1,_,0.3,0.6,55,52,49,11,1,1,missile,normal,250,475,1,"ground,structure,debris,air,item,ward",_,60,60,,0.5,0.5,500,1,Пpизpaк,,,Summon Ice Revenant,Heavy melee unit with Vampiric Aura. Can cast Frost Nova. |n|n|cffffcc00Attacks land units.|r,,,ReplaceableTextures\CommandButtons\BTNDeepLordRevenant.blp,,Abilities\Spells\Orc\Purge\PurgeBuffTarget.mdl,,,,,,,,,,,Objects\Spawnmodels\Demon\DemonLargeDeathExplode\DemonLargeDeathExplode.mdl,,,Пpизpaк,"[""NH""]",_,10,,,,2,,,,1,,,159,,,,,,,,,,,,,,,,,,,,,,,,,,,,,,,,,,,,,,,,,,,,,,,,,,,,,10,,,,,,,,,,,,,,
n06M,"[""Units\\UnitAbilities.slk:1673"", ""Units\\UnitBalance.slk:14790"", ""Units\\UnitData.slk:8757"", ""Units\\UnitUI.slk:14666"", ""Units\\UnitWeapons.slk:16300"", ""Units\\NeutralUnitStrings.txt:968"", ""Units\\NeutralUnitFunc.txt:995""]",,A07F,_,31,_,_,"N,G","R000,R001,R002,R003,R004,R005,R006,R008",_,,,,,,,,600,600,80,80,400,large,4,,,500,always,2,1100,2000,,1,70,3,6,1,120,385,120,385,_,,1,,_,100,_,ground,2,,61,0.6,hover,1,9.2,,1,1,7,nightelf,1,60,60,160,160,_,Shadow,255,255,150,1.35,Ethereal,-1,_,WoodMediumBash,200,200,50,10,10,1,1.35,0.15,revenant,Custom_n06M,Revenant,units\creeps\RevenantOfTheWaves\RevenantOfTheWaves,1,_,,,,,,,,,_,normal,,,1,_,_,1,_,0.3,0.6,55,52,49,11,1,1.1,missile,normal,250,475,1,"ground,structure,debris,air,item,ward",_,60,60,,0.5,0.5,500,1,Пpизpaк,,,Summon Ice Revenant,Heavy melee unit with Vampiric Aura. Can cast Frost Nova. |n|n|cffffcc00Attacks land units.|r,,,ReplaceableTextures\CommandButtons\BTNDeepLordRevenant.blp,,Abilities\Spells\Orc\Purge\PurgeBuffTarget.mdl,,,,,,,,,,,Objects\Spawnmodels\Demon\DemonLargeDeathExplode\DemonLargeDeathExplode.mdl,,,Пpизpaк,"[""NH""]",_,15,,,,2,,,,1,,,229,,,,,,,,,,,,,,,,,,,,,,,,,,,,,,,,,,,,,,,,,,,,,,,,,,,,,10,,,,,,,,,,,,,,
n06N,"[""Units\\UnitAbilities.slk:1676"", ""Units\\UnitBalance.slk:14821"", ""Units\\UnitData.slk:8774"", ""Units\\UnitUI.slk:14695"", ""Units\\UnitWeapons.slk:16333"", ""Units\\NeutralUnitStrings.txt:972"", ""Units\\NeutralUnitFunc.txt:999""]",,A04I,_,31,_,_,Z,"R000,R001,R002,R003,R004,R005,R006,R008",_,,,,,,,,600,600,18,18,270,large,2,,,400,always,5,1100,1500,410,1,,,,1,,70,,70,undead,,1,,_,100,_,ground,,,60,0.5,foot,1,5.034,,1,1,1,nightelf,1,50,50,120,120,_,Shadow,100,175,100,1.2,Wood,-1,_,MetalMediumSlice,180,180,20,10,10,1,1.25,0.15,skeletalorc,Custom_n06N,Skeleton,units\creeps\SkeletonOrc\SkeletonOrc,1,_,,,,,,,,,_,normal,,,1,_,_,1,_,0.6,0.4,55,52,49,7,1,1.05,normal,chaos,250,100,1,"ground,structure,debris,air,item,ward",WoodHeavyBash,60,60,20,0.6,0.4,500,1,Cкeлeт yжaca,,,Cкeлeт yжaca,Heavy melee unit with Death Coil. |n|n|cffffcc00Attacks land units.|r,,,ReplaceableTextures\CommandButtons\BTNSkeletalOrcChampion.blp,"0,0",,,,,,,,,,,,,,,Cкeлeт yжaca,"[""NH""]",_,9,,440,,2,,,,,,,100,50,,,,,,,,,,,,,,,,,,,,,,,,,,,,,,,,,,,,,,,,,,,,,,,,,,,,10,,,,,,,,,,,,,,
n06O,"[""Units\\UnitAbilities.slk:1679"", ""Units\\UnitBalance.slk:14849"", ""Units\\UnitData.slk:8789"", ""Units\\UnitUI.slk:14724"", ""Units\\UnitWeapons.slk:16368"", ""Units\\NeutralUnitStrings.txt:976"", ""Units\\NeutralUnitFunc.txt:1002""]",,_,_,24,_,_,Z,"R000,R001,R003,R004,R005,R006,R008",_,,,,,,,,600,600,18,18,270,large,3,,,,always,0.5,850,650,260,1,,,,1,,240,,240,undead,,1,,_,100,_,ground,,,60,0.5,foot,1,5.034,,1,1,1,nightelf,1,50,50,120,120,_,Shadow,150,255,150,1.15,Wood,-1,_,MetalMediumSlice,180,180,20,10,10,1,1,0.15,skeletalorc,Custom_n06O,Skeleton,units\creeps\SkeletonOrc\SkeletonOrc,1,_,,,,,,,,,_,normal,,,1,_,_,1,_,0.44,0.56,27,25.5,24,4,1,1.25,normal,normal,250,100,1,"ground,structure,debris,air,item,ward",WoodMediumBash,60,60,,0.51,0.5,500,1,Скелет бугaя,,,Summon Skeletal Orc Grunt,Heavy melee unit. |n|n|cffffcc00Attacks land units.|r,,,ReplaceableTextures\CommandButtons\BTNSkeletalOrcGrunt.blp,"0,0",,,,,,,,,,,,,,,Скелет бугaя,"[""NH""]",_,2,,440,,2,,,,,,,24,,,,,,,,,,,,,,,,,,,,,,,,,,,,,,,,,,,,,,,,,,,,,,,,,,,,,10,,,,,,,,,,,,,,
n06P,"[""Units\\UnitAbilities.slk:1682"", ""Units\\UnitBalance.slk:14876"", ""Units\\UnitData.slk:8804"", ""Units\\UnitUI.slk:14753"", ""Units\\UnitWeapons.slk:16401"", ""Units\\NeutralUnitStrings.txt:980"", ""Units\\NeutralUnitFunc.txt:1005""]",,_,_,31,_,_,Z,"R000,R001,R002,R003,R004,R005,R006,R008",_,,,,,,,,600,600,18,18,270,large,2,,,400,always,0.5,1100,1250,410,1,,,,1,,70,,70,undead,,1,,_,100,_,ground,,,60,0.5,foot,1,5.034,,1,1,1,nightelf,1,50,50,120,120,_,Shadow,250,175,175,1.2,Wood,-1,_,MetalMediumSlice,180,180,20,10,10,1,1.25,0.15,skeletalorc,Custom_n06P,Skeleton,units\creeps\SkeletonOrc\SkeletonOrc,1,_,,,,,,,,,_,normal,,,1,_,_,1,_,0.6,0.4,55,52,49,7,1,1.25,normal,chaos,250,100,1,"ground,structure,debris,air,item,ward",WoodHeavyBash,60,60,20,0.6,0.4,500,1,Скелет защитника,,,Скелет защитника,Heavy melee unit with Death Coil. |n|n|cffffcc00Attacks land units.|r,,,ReplaceableTextures\CommandButtons\BTNSkeletalOrcChampion.blp,"0,0",,,,,,,,,,,,,,,Скелет защитника,"[""NH""]",_,3,,440,,2,,,,,,,48,50,,,,,,,,,,,,,,,,,,,,,,,,,,,,,,,,,,,,,,,,,,,,,,,,,,,,10,,,,,,,,,,,,,,
n06Q,"[""Units\\UnitAbilities.slk:1685"", ""Units\\UnitBalance.slk:14904"", ""Units\\UnitData.slk:8819"", ""Units\\UnitUI.slk:14782"", ""Units\\UnitWeapons.slk:16436"", ""Units\\NeutralUnitStrings.txt:984"", ""Units\\NeutralUnitFunc.txt:1008""]",,_,_,24,_,_,Z,"R000,R001,R003,R004,R005,R006,R008",_,,,,,,,,600,600,18,18,270,large,2,,,,always,0.5,375,275,160,1,,,,1,,70,,70,undead,,1,,_,100,_,ground,,,60,0.5,foot,1,5.034,,1,1,1,nightelf,1,50,50,120,120,_,Shadow,255,255,255,1.1,Wood,-1,_,MetalMediumSlice,180,180,20,10,10,1,1,0.15,skeletalorc,Custom_n06Q,Skeleton,units\creeps\SkeletonOrc\SkeletonOrc,1,_,,,,,,,,,_,normal,,,1,_,_,1,_,0.44,0.56,15,14.5,14,2,1,1.25,normal,normal,250,100,1,"ground,structure,debris,air,item,ward",WoodMediumBash,60,60,,0.51,0.5,500,1,Скелет оркa,,,Summon Skeletal Orc,Light melee unit. |n|n|cffffcc00Attacks land units.|r,,,ReplaceableTextures\CommandButtons\BTNSkeletalOrc.blp,"0,0",,,,,,,,,,,,,,,Скелет оркa,"[""NH""]",_,1,,440,,2,,,,,,,12,,,,,,,,,,,,,,,,,,,,,,,,,,,,,,,,,,,,,,,,,,,,,,,,,,,,,10,,,,,,,,,,,,,,
n06R,"[""Units\\UnitAbilities.slk:1688"", ""Units\\UnitBalance.slk:14931"", ""Units\\UnitData.slk:8834"", ""Units\\UnitUI.slk:14811"", ""Units\\UnitWeapons.slk:16469"", ""Units\\NeutralUnitStrings.txt:988"", ""Units\\NeutralUnitFunc.txt:1011""]",,"ACct,ACro",_,32,_,_,N,"R000,R001,R002,R003,R004,R005,R006,R008",_,,,,,,,,600,600,60,60,500,large,2,1,400,400,always,1,750,950,310,1,25,3,4,1,80,290,80,290,_,,1,,_,100,_,ground,,5,60,0.6,foot,1,1.75,2,1,1,1,nightelf,1,70,70,180,180,_,Shadow,255,120,150,1,Flesh,-1,_,MetalMediumChop,240,240,50,10,45,1,2,0.15,wolf,Custom_n06R,SpiritWolf,units\creeps\WhiteWolf\WhiteWolf,1,_,,,,,,,,,_,normal,,,1,_,_,1,_,0.64,0.33,33,31,29,5,1,1.15,normal,normal,250,90,1,"ground,structure,debris,air,item,ward",WoodMediumBash,60,60,,0.51,0.3,500,1,Бeлый вoлк,,,Summon Dire Frost Wolf,Medium melee unit with Critical Strike. Can cast Roar. |n|n|cffffcc00Attacks land units.|r,,,ReplaceableTextures\CommandButtons\BTNTimberWolf.blp,,,,,,,,,,,,,Objects\Spawnmodels\Orc\OrcLargeDeathExplode\OrcLargeDeathExplode.mdl,,,Бeлый вoлк,"[""NH""]",_,4,,440,,2,200,,,1,,,60,,,,,,,,,,,,,,,,,,,,,,,,,,,,,,,,,,,,,,,,,,,,,,,,,,,,,10,,,,,,,,,,,,,,
n06S,"[""Units\\UnitAbilities.slk:1691"", ""Units\\UnitBalance.slk:14967"", ""Units\\UnitData.slk:8852"", ""Units\\UnitUI.slk:14840"", ""Units\\UnitWeapons.slk:16502"", ""Units\\CampaignUnitStrings.txt:221"", ""Units\\CampaignUnitFunc.txt:253""]",,"A05B,A05C",_,48,_,_,*,"R000,R001,R002,R003,R004,R005,R006,R008",_,,,,,,,,600,600,40,40,300,large,2,,,,always,2,475,3200,60,1,60,3,2,1,,155,,155,_,,1,,_,100,_,ground,,1,60,0.5,foot,1,3,2,1,1,1,nightelf,1,50,50,140,140,_,Shadow,200,200,200,1.4,Flesh,-1,_,_,200,200,50,10,45,1,2.5,0.15,,Custom_n06S,GrizzlyBear,units\creeps\GrizzlyBear\GrizzlyBear,1,_,,,,,,,,,_,normal,,,1,_,_,1,_,0.3,0.3,25,23,21,51,1,2.45,normal,normal,250,128,1,"ground,structure,debris,air,item,ward",WoodHeavyBash,60,60,,0.51,0.55,500,1,Мeдведь,,,,,,,ReplaceableTextures\CommandButtons\BTNGrizzlyBear.blp,,,,,,,,,,,,,Objects\Spawnmodels\Human\HumanLargeDeathExplode\HumanLargeDeathExplode.mdl,,,Мeдведь,"[""NH""]",_,15,,440,,2,,,,1,,,349,,,,,,,,,,,,,,,,,,,,,,,,,,,,,,,,,,,,,,,,,,,,,,,,,,,,,10,,,,,,,,,,,,,,
n06T,"[""Units\\UnitAbilities.slk:1694"", ""Units\\UnitBalance.slk:14997"", ""Units\\UnitData.slk:8870"", ""Units\\UnitUI.slk:14868"", ""Units\\UnitWeapons.slk:16535"", ""Units\\NeutralUnitStrings.txt:992"", ""Units\\NeutralUnitFunc.txt:1014""]",,"A03I,A03H",_,32,_,_,Z,"R000,R001,R003,R004,R005,R006,R008",_,,,,,,,,600,600,40,40,320,large,1,1,300,,always,1,900,600,310,1,30,3,4,1,,300,,300,_,,1,,_,100,_,ground,,1,60,0.5,foot,1,3,2,1,1,1,nightelf,1,50,50,140,140,_,Shadow,255,255,255,1.15,Flesh,-1,_,WoodHeavyBash,200,200,50,10,10,1,1.45,0.15,,Custom_n06T,Wendigo,units\creeps\JungleBeast\JungleBeast,1,_,,,,,,,,,_,normal,,,1,_,_,1,_,0.3,0.3,40,38,36,5,1,0.85,normal,normal,250,128,1,"ground,structure,debris,air,item,ward",WoodHeavyBash,100,60,,0.51,0.75,500,1,Повeлитель джунглей,,,Summon Elder Jungle Stalker,Heavy melee unit. |n|n|cffffcc00Attacks land units.|r,,,ReplaceableTextures\CommandButtons\BTNJungleBeast.blp,,,,,,,,,,,,,,medium,,Повeлитель джунглей,"[""NH""]",_,5,,440,,2,300,,,1,,,80,,,,,,,,,,,,,,,,,,,,,,,,,,,,,,,,,,,,,,,,,,,,,,,,,,,,,10,,,,,,,,,,,,,,
e00Z,"[""Units\\UnitAbilities.slk:1697"", ""Units\\UnitBalance.slk:15030"", ""Units\\UnitData.slk:8888"", ""Units\\UnitUI.slk:14896"", ""Units\\UnitWeapons.slk:16568"", ""Units\\NightElfUnitStrings.txt:365"", ""Units\\NightElfUnitFunc.txt:648""]",,A049,_,24,_,_,*,"R000,R001,R003,R004,R005,R006,R008",_,,,,,,,,600,600,20,20,320,large,2,2,100,400,always,1.6,1200,500,30,3,20,3,6,1,,,,,_,,1,,_,100,_,ground,,,60,0.6,foot,1,1,,1,1,1,nightelf,1,75,75,200,200,_,Shadow,255,255,255,0.8,Ethereal,-1,_,_,290,290,30,10,10,1,1.2,0.15,EUnit15,Custom_e00Z,SpiritOfVengeance,units\nightelf\SpiritOfVengeance\SpiritOfVengeance,1,_,,,,,,,,,_,normal,,,1,_,_,1,_,0.64,0.33,36,30.5,25,11,1,1,missile,normal,250,450,1,"ground,structure,debris,air,item,ward",_,120,140,70,0.51,0.3,500,1,Дyх paвнин,,,,,,,ReplaceableTextures\CommandButtons\BTNSpiritOfVengeance.blp,"0,0",Abilities\Weapons\SpiritOfVengeanceMissile\SpiritOfVengeanceMissile.mdl,0.10,1200,1,,,,,,,,,medium,,Дyх paвнин,"[""NH""]",_,2,,,,2,100,,,,,,19,,,,,,,,,,,,,,,,,,,,,,,,,,,,,,,,,,,,,,,,,,,,,,,,,,,,,10,,,,,,,,,,,,,,
e010,"[""Units\\UnitAbilities.slk:1700"", ""Units\\UnitBalance.slk:15061"", ""Units\\UnitData.slk:8903"", ""Units\\UnitUI.slk:14925"", ""Units\\UnitWeapons.slk:16602"", ""Units\\NightElfUnitStrings.txt:367"", ""Units\\NightElfUnitFunc.txt:656""]",,"A049,A0CI",_,24,_,_,*,"R000,R001,R002,R003,R004,R005,R006,R008",_,,,,,,,,600,600,20,20,320,large,2,2,125,400,always,1.6,1200,800,30,3,20,3,6,1,,,,,_,,1,,_,100,_,ground,,,60,0.6,foot,1,1,,1,1,1,nightelf,1,75,75,200,200,_,Shadow,255,255,255,0.85,Ethereal,-1,_,_,290,290,30,10,10,1,1.2,0.15,EUnit15,Custom_e010,SpiritOfVengeance,units\nightelf\SpiritOfVengeance\SpiritOfVengeance,1,_,,,,,,,,,_,normal,,,1,_,_,1,_,0.64,0.33,36,30.5,25,11,1,0.8,missile,normal,250,450,1,"ground,structure,debris,air,item,ward",_,120,140,70,0.51,0.3,500,1,Дyх paвнин,,,,,,,ReplaceableTextures\CommandButtons\BTNSpiritOfVengeance.blp,"0,0",Abilities\Weapons\SpiritOfVengeanceMissile\SpiritOfVengeanceMissile.mdl,0.10,1200,1,,,,,,,,,medium,,Дyх paвнин,"[""NH""]",_,6,,,,2,150,,,,,,39,,,,,,,,,,,,,,,,,,,,,,,,,,,,,,,,,,,,,,,,,,,,,,,,,,,,,10,,,,,,,,,,,,,,
e011,"[""Units\\UnitAbilities.slk:1703"", ""Units\\UnitBalance.slk:15092"", ""Units\\UnitData.slk:8918"", ""Units\\UnitUI.slk:14954"", ""Units\\UnitWeapons.slk:16636"", ""Units\\NightElfUnitStrings.txt:369"", ""Units\\NightElfUnitFunc.txt:664""]",,"A049,A0CI,A0BG",_,24,_,_,*,"R000,R001,R002,R003,R004,R005,R006,R008",_,,,,,,,,600,600,20,20,320,large,2,2,150,400,always,2,1200,1100,30,3,20,3,6,1,,,,,_,,1,,_,100,_,ground,,,60,0.6,foot,1,1,,1,1,1,nightelf,1,75,75,200,200,_,Shadow,255,255,255,0.9,Ethereal,-1,_,_,290,290,30,10,10,1,1.2,0.15,EUnit15,Custom_e011,SpiritOfVengeance,units\nightelf\SpiritOfVengeance\SpiritOfVengeance,1,_,,,,,,,,,_,normal,,,1,_,_,1,_,0.64,0.33,36,30.5,25,21,1,0.5,missile,chaos,250,450,1,"ground,structure,debris,air,item,ward",_,120,140,70,0.51,0.3,500,1,Дyх paвнин,,,,,,,ReplaceableTextures\CommandButtons\BTNSpiritOfVengeance.blp,"0,0",Abilities\Weapons\SpiritOfVengeanceMissile\SpiritOfVengeanceMissile.mdl,0.10,1200,1,,,,,,,,,medium,,Дyх paвнин,"[""NH""]",_,10,,,,2,200,,,,,,89,,,,,,,,,,,,,,,,,,,,,,,,,,,,,,,,,,,,,,,,,,,,,,,,,,,,,10,,,,,,,,,,,,,,
H01I,"[""Units\\UnitAbilities.slk:1706"", ""Units\\UnitBalance.slk:15123"", ""Units\\UnitData.slk:8933"", ""Units\\UnitUI.slk:14983"", ""Units\\UnitWeapons.slk:16670"", ""Units\\CampaignUnitStrings.txt:223"", ""Units\\CampaignUnitFunc.txt:256""]","A0LT,A0S1,A05G,A0LX,A001","AInv,A0F8,A0KH",_,24,_,_,*,"R000,R001,R002,R003,R004,R005,R006,R008",AGI,6,3,1,2.8,16,5,14,600,600,55,55,280,hero,3.9,0.05,100,255,always,1,650,550,1,1,50,3,8,,,,,,_,5,1,1,_,100,_,ground,,5,60,0.5,foot,1,3,2,1,1,11,orc,1,60,60,160,160,_,Shadow,255,255,255,1,Flesh,-1,_,MetalHeavyBash,250,250,20,10,10,1,1.5,0.15,,Custom_H01I,Furbolg,units\creeps\FurbolgTracker\FurbolgTracker,1,_,0.6,0.2992187,8,5,2,4,2,2.13,missile,hero,250,500,1,"ground,structure,debris,air,item,ward",_,1,_,0.2992187,0.2992187,12,7,2,5,1,1.75,normal,hero,250,120,1,"ground,structure,debris,air,item,ward",WoodHeavyBash,60,60,,0.00390625,0.2992187,600,1,Беорн - Воитель,Урисар,X,|cffffcc00Б е о р н  -  В о и т е л ь |r (X),"Задира Урисар, получил свое прозвище не спроста, |nловкие |cff808070яростные удары|r, наносят врагам урон и |nоглушают. |cff808070Острыми когтями|r убил не одну пару |nйети. Увеличивает скорость атаки - |cff808070медвежья |nловкость|r. Достигнув зрелости, беорн  - воитель |nосвоил |cff808070нарастающую ярость|r, благодаря которой |nхилый на первый взгляд Урисар, способен на многое. |n|n|Cffff0000Cкopocть пepeмeщeния 280.|nТип атаки - ближний бoй.",Воскресить: |cffffcc00Б е о р н а  -  В о и т е л я |r,Воскресить: |cffffcc00Б е о р н а  -  В о и т е л я |r,ReplaceableTextures\CommandButtons\BTNFurbolgTracker.blp,"1,2",,,,,,,,,,,,Objects\Spawnmodels\NightElf\NightElfLargeDeathExplode\NightElfLargeDeathExplode.mdl,,ReplaceableTextures\CommandButtons\BTNFurbolgTracker.blp,Беорн - Воитель,"[""mH"", ""qH"", ""nQ"", ""OQ""]",_,4,,1,,2,50,,,,,,6,,,,,,,,,,,,,,,,,,,,,,,,,,,,,,,,,,,,,,,,,,,,,,,,,,,,,10,,,,,,,,,,,,,,
n06U,"[""Units\\UnitAbilities.slk:1710"", ""Units\\UnitBalance.slk:15162"", ""Units\\UnitData.slk:8951"", ""Units\\UnitUI.slk:15011"", ""Units\\UnitWeapons.slk:16713"", ""Units\\NeutralUnitStrings.txt:996"", ""Units\\NeutralUnitFunc.txt:1017""]",,"A0K4,Aneu,Avul,Apit",_,,_,_,*,_,_,,,,,,,,500,500,3,3,,fort,,,,,none,,150000,150000,,,,,,,,50,,50,"Mechanical,neutral",,1,,_,100,_,structure,,,60,,_,,3,,1,1,1,other,1,,,,,_,_,255,255,255,0.8,Wood,-1,_,_,200,200,50,,,1,0.1,0.15,Neutral02,Custom_n06U,Merchant,null,1,_,,,,,,,,,_,normal,,,1,_,_,1,_,,,,,,,,,_,normal,,,1,_,_,120,60,,0.51,,500,,Opyжeйнaя 7,,,Пpeдмeты редкого качества.,,,,ReplaceableTextures\CommandButtons\BTNGreenDragonRoost.blp,,,,,,,,,,,,,,,,Opyжeйнaя 7,"[""nQ""]",_,,,,,2,,,,,,4,,,,,,,,,,,,,,,,,,,,,,,,,,,,,,,,,,,,,,,,,,,,,,,,,,,1,,Sells various magic items.,,1,1,"I0AF,I0AH,I051,I053,I05C,I08C",n03R,,,,,,,,,,
n06V,"[""Units\\UnitAbilities.slk:1713"", ""Units\\UnitBalance.slk:15181"", ""Units\\UnitData.slk:8964"", ""Units\\UnitUI.slk:15037"", ""Units\\UnitWeapons.slk:16732"", ""Units\\NeutralUnitStrings.txt:1000"", ""Units\\NeutralUnitFunc.txt:1021""]",,"A0K4,Aneu,Avul,Apit",_,,_,_,*,_,_,,,,,,,,500,500,3,3,,fort,,,,,none,,150000,150000,,,,,,,,50,,50,"Mechanical,neutral",,1,,_,100,_,structure,,,60,,_,,3,,1,1,1,other,1,,,,,_,_,255,255,255,0.5,Wood,-1,_,_,200,200,50,,,1,-0.1,0.15,Neutral02,Custom_n06V,Merchant,buildings\other\DragonBuildingGreen\DragonBuildingGreen,1,_,,,,,,,,,_,normal,,,1,_,_,1,_,,,,,,,,,_,normal,,,1,_,_,120,60,,0.51,,500,,Opyжeйнaя 7,,,Пpeдмeты редкого качества.,,,,ReplaceableTextures\CommandButtons\BTNGreenDragonRoost.blp,,,,,,,,,,,,,,,,Opyжeйнaя 7,"[""nQ""]",_,,,,,2,,,,,-2048,4,,,,,,,,,,,,,,,,,,,,,,,,,,,,,,,,,,,,,,,,,,,,,,,,,,,1,,Sells various magic items.,,1,1,"I0AF,I0AH,I051,I053,I05C,I08C",,,,,,,,,,,
h01L,"[""Units\\UnitAbilities.slk:1716"", ""Units\\UnitBalance.slk:15200"", ""Units\\UnitData.slk:8977"", ""Units\\UnitUI.slk:15064"", ""Units\\UnitWeapons.slk:16751"", ""Units\\HumanUnitStrings.txt:607"", ""Units\\HumanUnitFunc.txt:943""]",,"Aloc,Avul,A0K4",_,,_,_,*,_,_,,,,,,,,,,20,20,1,large,2,,,,always,0.25,420,1,30,3,20,3,6,,,135,,135,_,,1,,_,100,_,ground,,,60,3,fly,1,3.04,2,1,1,6,orc,1,,,,,_,_,255,255,255,0.7,Metal,-1,_,MetalMediumSlice,210,210,20,10,10,1,2,0.15,HUnit02,Custom_h01L,_,Doodads\LordaeronSummer\Props\Grave\Grave,1,_,,,,,,,,,_,normal,,,1,_,_,1,_,0.5,0.5,13,12.5,12,2,1,1.35,normal,normal,250,90,1,"ground,structure,debris,item,ward",MetalMediumSlice,,60,,0.51,0.3,500,,Могилы,,,,,,,ReplaceableTextures\CommandButtons\BTNAnkh.blp,"0,0",,,,,,,,,,,,,,,Могилы,"[""ow""]",_,2,,,,2,,,,,,,11,,,,,,,,,,,,,,,,,,,,,,,,,,,,,,,,,,,,,,,,,,,,,,,,,,,,,,,1,,,,,,,,,,,,
h01M,"[""Units\\UnitAbilities.slk:1719"", ""Units\\UnitBalance.slk:15225"", ""Units\\UnitData.slk:8993"", ""Units\\UnitUI.slk:15090"", ""Units\\UnitWeapons.slk:16781"", ""Units\\HumanUnitStrings.txt:612"", ""Units\\HumanUnitFunc.txt:947""]",,"Aloc,Avul,A0K4",_,,_,_,*,_,_,,,,,,,,,,20,20,1,large,2,,,,always,0.25,420,1,30,3,20,3,6,,,135,,135,_,,1,,_,100,_,ground,,,60,3,fly,1,3.04,2,1,1,6,orc,1,,,,,_,_,255,255,255,0.7,Metal,-1,_,MetalMediumSlice,210,210,20,10,10,1,2,0.15,HUnit02,Custom_h01M,_,Doodads\Ashenvale\Props\ScorchedRemains\ScorchedRemains2,1,_,,,,,,,,,_,normal,,,1,_,_,1,_,0.5,0.5,13,12.5,12,2,1,1.35,normal,normal,250,90,1,"ground,structure,debris,item,ward",MetalMediumSlice,,60,,0.51,0.3,500,,Останки,,,,,,,ReplaceableTextures\CommandButtons\BTNAnkh.blp,"0,0",,,,,,,,,,,,,,,Останки,"[""WU""]",_,2,,,,2,,,,,,,11,,,,,,,,,,,,,,,,,,,,,,,,,,,,,,,,,,,,,,,,,,,,,,,,,,,,,,,1,,,,,,,,,,,,
h01P,"[""Units\\UnitAbilities.slk:1722"", ""Units\\UnitBalance.slk:15250"", ""Units\\UnitData.slk:9009"", ""Units\\UnitUI.slk:15116"", ""Units\\UnitWeapons.slk:16811"", ""Units\\HumanUnitStrings.txt:617"", ""Units\\HumanUnitFunc.txt:951""]",,"Aloc,Avul,A0K4",_,,_,_,*,_,_,,,,,,,,,,20,20,1,large,2,,,,always,0.25,420,1,30,3,20,3,6,,,135,,135,_,,1,,_,100,_,ground,,,60,3,fly,1,3.04,2,1,1,6,orc,1,,,,,_,_,255,255,255,0.7,Metal,-1,_,MetalMediumSlice,210,210,20,10,10,1,2,0.15,HUnit02,Custom_h01P,_,Doodads\LordaeronSummer\Props\PeasantGrave\PeasantGrave2,1,_,,,,,,,,,_,normal,,,1,_,_,1,_,0.5,0.5,13,12.5,12,2,1,1.35,normal,normal,250,90,1,"ground,structure,debris,item,ward",MetalMediumSlice,,60,,0.51,0.3,500,,Плиты,,,,,,,ReplaceableTextures\CommandButtons\BTNAnkh.blp,"0,0",,,,,,,,,,,,,,,Плиты,"[""WU""]",_,2,,,,2,,,,,,,11,,,,,,,,,,,,,,,,,,,,,,,,,,,,,,,,,,,,,,,,,,,,,,,,,,,,,,,1,,,,,,,,,,,,
h02I,"[""Units\\UnitAbilities.slk:1725"", ""Units\\UnitBalance.slk:15275"", ""Units\\UnitData.slk:9025"", ""Units\\UnitUI.slk:15142"", ""Units\\UnitWeapons.slk:16841"", ""Units\\HumanUnitStrings.txt:622"", ""Units\\HumanUnitFunc.txt:955""]",,"Aloc,Avul,A0K4",_,,_,_,*,_,_,,,,,,,,,,20,20,1,large,2,,,,always,0.25,420,1,30,3,20,3,6,,,135,,135,_,,1,,_,100,_,ground,,,60,3,fly,1,3.04,2,1,1,6,orc,1,,,,,_,_,255,255,255,0.7,Metal,-1,_,MetalMediumSlice,210,210,20,10,10,1,2,0.15,HUnit02,Custom_h02I,_,Environment\BlightDoodad\BlightDoodad,1,_,,,,,,,,,_,normal,,,1,_,_,1,_,0.5,0.5,13,12.5,12,2,1,1.35,normal,normal,250,90,1,"ground,structure,debris,item,ward",MetalMediumSlice,,60,,0.51,0.3,500,,Испарения,,,,,,,ReplaceableTextures\CommandButtons\BTNAnkh.blp,"0,0",,,,,,,,,,,,,,,Испарения,"[""WU""]",_,2,,,,2,,,,,,,11,,,,,,,,,,,,,,,,,,,,,,,,,,,,,,,,,,,,,,,,,,,,,,,,,,,,,,,1,,,,,,,,,,,,
h02K,"[""Units\\UnitAbilities.slk:1728"", ""Units\\UnitBalance.slk:15300"", ""Units\\UnitData.slk:9041"", ""Units\\UnitUI.slk:15168"", ""Units\\UnitWeapons.slk:16871"", ""Units\\HumanUnitStrings.txt:627"", ""Units\\HumanUnitFunc.txt:959""]",,"Aloc,Avul,A0K4",_,,_,_,*,_,_,,,,,,,,,,20,20,1,large,2,,,,always,0.25,420,1,30,3,20,3,6,,,135,,135,_,,1,,_,100,_,ground,,,60,3,fly,1,3.04,2,1,1,6,orc,1,,,,,_,_,255,255,255,0.8,Metal,-1,_,MetalMediumSlice,210,210,20,10,10,1,2,0.15,HUnit02,Custom_h02K,_,Abilities\Spells\Other\Stampede\StampedeMissile,1,_,,,,,,,,,_,normal,,,1,_,_,1,_,0.5,0.5,13,12.5,12,2,1,1.35,normal,normal,250,90,1,"ground,structure,debris,item,ward",MetalMediumSlice,,60,,0.51,0.3,500,,Ящерицы,,,,,,,ReplaceableTextures\CommandButtons\BTNStampede.blp,"0,0",,,,,,,,,,,,,,,Ящерицы,"[""KU""]",_,2,,,,2,,,,,,,11,,,,,,,,,,,,,,,,,,,,,,,,,,,,,,,,,,,,,,,,,,,,,,,,,,,,,,,1,,,,,,,,,,,,
n06W,"[""Units\\UnitAbilities.slk:1731"", ""Units\\UnitBalance.slk:15325"", ""Units\\UnitData.slk:9057"", ""Units\\UnitUI.slk:15194"", ""Units\\UnitWeapons.slk:16901"", ""Units\\NeutralUnitStrings.txt:1004"", ""Units\\NeutralUnitFunc.txt:1024""]",,"A0K4,ACmi,ANpi,ACrk",_,24,_,_,A,_,_,,,,,,,,800,1400,80,80,400,large,6,,,,always,1,1500,1000,410,1,,,,1,120,385,120,385,_,,1,,_,100,_,ground,,1,60,0.4,foot,1,3,2,1,1,1,demon,1,50,50,100,100,_,Shadow,,,,0.5,Stone,-1,_,RockHeavyBash,200,200,50,10,10,1,1.8,0.15,zzdemon,Custom_n06W,Infernal,units\demon\Infernal\Infernal,1,_,,,,,,,,,_,normal,,,1,_,_,1,_,0.4,0.26,60,54.5,49,12,1,0.4,normal,chaos,250,100,1,"ground,structure,debris,air,item,ward",RockHeavyBash,100,60,,0.51,0.3,2000,1,Огненный голем ,,,Огненный голем ,Heavy melee unit cloaked in demonic flames that damage nearby enemy ground units. Immune to magic. |n|n|cffffcc00Attacks land units.|r,,,ReplaceableTextures\CommandButtons\BTNInfernal.blp,,,,,,,,,,,,,,large,,Огненный голем ,"[""QU""]",_,8,,440,,2,,,,,,,65,,,,,,,,,,,,,,,,,,,,,,,,,,,,,,,,,,,,,,,,,,,,,,,,,,,,,,,,,,,,,,,,,,,
h02L,"[""Units\\UnitAbilities.slk:1734"", ""Units\\UnitBalance.slk:15354"", ""Units\\UnitData.slk:9074"", ""Units\\UnitUI.slk:15220"", ""Units\\UnitWeapons.slk:16933"", ""Units\\HumanUnitStrings.txt:632"", ""Units\\HumanUnitFunc.txt:963""]",,"Aloc,Avul,A0K4",_,,_,_,*,_,_,,,,,,,,,,20,20,1,large,2,,,,always,0.25,420,1,30,3,20,3,6,,,135,,135,_,,1,,_,100,_,ground,,,60,3,fly,1,3.04,2,1,1,6,orc,1,,,,,_,_,175,,250,3,Metal,-1,_,MetalMediumSlice,210,210,20,10,10,1,2,0.15,HUnit02,Custom_h02L,_,ButtonG,1,_,,,,,,,,,_,normal,,,1,_,_,1,_,0.5,0.5,13,12.5,12,2,1,1.35,normal,normal,250,90,1,"ground,structure,debris,item,ward",MetalMediumSlice,,60,,0.51,0.3,500,,Индикатор падения,,,,,,,ReplaceableTextures\CommandButtons\BTNAttackGround.blp,"0,0",,,,,,,,,,,,,,,Индикатор падения,"[""sU""]",_,2,,,,2,,-10,-10,,,,11,,,,,,,,,,,,,,,,,,,,,,,,,,,,,,,,,,,,,,,,,,,,,,,,,,,,,,,1,,,,,,,,,,,,
n06X,"[""Units\\UnitAbilities.slk:1737"", ""Units\\UnitBalance.slk:15379"", ""Units\\UnitData.slk:9092"", ""Units\\UnitUI.slk:15245"", ""Units\\UnitWeapons.slk:16963"", ""Units\\NeutralUnitStrings.txt:1008"", ""Units\\NeutralUnitFunc.txt:1027""]",,"Aloc,Avul,A0K4",_,,_,_,*,_,_,,,,,,,,,,1,1,100,medium,,,,,none,,15,1,,,,,,,,,,,_,,1,,_,100,_,ground,4,,60,0.5,fly,1,2,2,1,1,1,orc,1,25,25,50,50,_,_,255,255,255,1,Flesh,-1,_,_,100,100,20,60,60,1,1,0.15,animal,Custom_n06X,_,units\human\WaterElemental\WaterElemental,1,_,,,,,,,,,_,normal,,,1,_,_,1,_,,,,,,,,,_,normal,,,1,_,_,60,60,,0.51,,500,,Шторм,,,,,,,ReplaceableTextures\CommandButtons\BTNCrushingWave.blp,"0,0",,,,,,,,,,,,,,,Шторм,"[""Aav""]",_,,,,,2,,,,,,,,,,,,,,,,,,,,,,,,,,,,,,,,,,,,,,,,,,,,,,,,,,,,,,100,,,,,,,,,,,,,,,,,,,,
h02M,"[""Units\\UnitAbilities.slk:1740"", ""Units\\UnitBalance.slk:15395"", ""Units\\UnitData.slk:9109"", ""Units\\UnitUI.slk:15274"", ""Units\\UnitWeapons.slk:16982"", ""Units\\HumanUnitStrings.txt:637"", ""Units\\HumanUnitFunc.txt:967""]",,"Avul,A0K4",_,,_,_,*,_,_,,,,,,,,,,20,20,,large,2,,,,always,0.25,420,1,30,3,20,3,6,,,135,,135,_,,1,,_,100,_,ground,,,60,3,fly,1,9,2,1,1,6,orc,1,50,50,140,140,_,_,255,255,255,1,Metal,-1,_,MetalMediumSlice,99999,99999,,,,1,1,,HUnit02,Custom_h02M,_,2,1,_,,,,,,,,,_,normal,,,1,_,_,1,_,0.5,0.5,13,12.5,12,2,1,1.35,normal,normal,250,90,1,"ground,structure,debris,item,ward",MetalMediumSlice,,,,,,500,,dummy,,,,,,,ReplaceableTextures\CommandButtons\BTNFootman.blp,"0,0",,,,,,,,,,,,Objects\Spawnmodels\Human\HumanLargeDeathExplode\HumanLargeDeathExplode.mdl,,,dummy,"[""Q3"", ""G4""]",_,2,,,,2,,,,,,,11,,,,,,,,,,,,,,,,,,,,,,,,,,,,,,,,,,,,,,,,,,,,,,,,,,,,,,,,,,,,,,,,,,,
E012,"[""Units\\UnitAbilities.slk:1743"", ""Units\\UnitBalance.slk:15419"", ""Units\\UnitData.slk:9125"", ""Units\\UnitUI.slk:15299"", ""Units\\UnitWeapons.slk:17009"", ""Units\\CampaignUnitStrings.txt:231"", ""Units\\CampaignUnitFunc.txt:261""]",A001,"AInv,A0F8,A0KH",_,24,_,_,*,"R000,R001,R002,R003,R004,R005,R006,R008",INT,6,1.7,2.9,1.6,8,20,7,600,600,40,40,255,hero,4.5,0.01,100,270,always,1.15,525,475,1,1,,,,,,,,,_,5,1,1,_,100,_,ground,,4,60,0.5,foot,1,2.8,2,1,1,11,orc,1,70,70,140,140,_,Shadow,255,255,255,1.15,Flesh,-1,_,_,400,400,30,5,5,1,1.6,0.15,,Custom_E012,Jaina,units\human\Jaina\Jaina,1,_,0.77,0.4,8,5,2,4,2,2.13,missile,hero,250,500,1,"ground,structure,debris,air,item,ward",_,1,_,0.4,0.55,8,5,2,4,2,1.9,missile,hero,250,575,1,"air,ward,structure,ground,item,debris",_,60,66,15,2.4,0.3,600,1,Снежная Королева,Эмма,,|cffffcc00С н е ж н а я   К о р о л е в а |r,-/-/-,Воскресить: |cffffcc00С н е ж н у ю   К о р о л е в у |r,Воскресить: |cffffcc00С н е ж н у ю   К о р о л е в у |r,ReplaceableTextures\CommandButtons\BTNJaina.blp,"2,2",Abilities\Weapons\SpiritOfVengeanceMissile\SpiritOfVengeanceMissile.mdl,0.15,900,1,,,,,,,,Objects\Spawnmodels\Human\HumanLargeDeathExplode\HumanLargeDeathExplode.mdl,,ReplaceableTextures\CommandButtons\BTNJaina.blp,Снежная Королева,[],_,,,1,,2,100,,,,,,10,,,,,,,,,,,,,,,,,,,,,,,,,,,,,,,,,,,,,,,,,,,,,,,,,,,,,10,,,,,,,,,,,,1,,
N06Y,"[""Units\\UnitAbilities.slk:1747"", ""Units\\UnitBalance.slk:15454"", ""Units\\UnitData.slk:9143"", ""Units\\UnitUI.slk:15328"", ""Units\\UnitWeapons.slk:17053"", ""Units\\NeutralUnitStrings.txt:1012"", ""Units\\NeutralUnitFunc.txt:1031""]","A0LC,A0MO,A0MM,A0LD,A001","AInv,A0KH",_,24,_,_,*,"R000,R001,R002,R003,R004,R005,R006,R008",AGI,6,2.3,1.6,2.1,23,7,5,600,600,55,55,270,hero,3.7,0.05,100,225,always,1,550,475,1,1,50,3,8,,,,,,_,5,1,1,_,100,_,ground,2,5,60,0.6,foot,1,3,2,1,1,9,orc,1,60,60,120,120,_,Shadow,255,255,255,1,Flesh,-1,_,WoodHeavyBash,200,200,50,10,10,1,1.5,0.15,,Custom_N06Y,Sylvanus,units\creeps\SylvanusWindrunner\SylvanusWindrunner,1,_,0.7,0.3,8,5,2,4,2,2.13,missile,hero,250,500,1,"ground,structure,debris,air,item,ward",_,1,_,0.58,0.7,12,7,2,6,1,1.9,missile,hero,250,525,1,"ground,structure,debris,air,item,ward",_,60,60,,0.51,0.3,650,1,Егерь,Софи,Z,|cffffcc00Е г е р ь|R (Z),"Софи, охотник профессионал в своем деле - Егерь, научилась пускать одновременно несколько стрел - |cff808070веер стрел|r. Ловит врагов в |cff808070кутни|r, нанося урон и запрещая передвигаться. Владеет |cff808070прицельной атакой|r, которая увеличивает урон союзникам в дальнем бою. Достигнув пятого уровня может сделать серию выстрелов |cff808070стальной град|r, нанося пронзающий магический урон.|n|Cffff0000|nCкopocть пepeмeщeния 270.|nТип атаки - дaльний бoй. (525)|R",Воскресить |cffffcc00Е г е р я|R,Воскресить |cffffcc00Е г е р я|R,ReplaceableTextures\CommandButtons\BTNSylvanusWindrunner.blp,"0,2",Abilities\Weapons\MoonPriestessMissile\MoonPriestessMissile.mdl,0.15,900,1,,,,0,,,,Objects\Spawnmodels\Demon\DemonLargeDeathExplode\DemonLargeDeathExplode.mdl,,ReplaceableTextures\CommandButtons\BTNSylvanusWindrunner.blp,Егерь,"[""mH"", ""qH"", ""nQ"", ""OQ""]",_,1,,1,,2,50,,,,,,6,,,,,,,,,,,,,,,,,,,,,,,,,,,,,,,,,,,,,,,,,,,,,,,,,,,,,10,,,,,,,,,,,,,,
n06Z,"[""Units\\UnitAbilities.slk:1751"", ""Units\\UnitBalance.slk:15493"", ""Units\\UnitData.slk:9162"", ""Units\\UnitUI.slk:15356"", ""Units\\UnitWeapons.slk:17096"", ""Units\\NeutralUnitStrings.txt:1020"", ""Units\\NeutralUnitFunc.txt:1044""]",,"Aloc,Avul,A0K4",_,,_,_,*,_,_,,,,,,,,100,100,1,1,1,medium,,,,,always,,15,100,,,,,,,,,,,_,,1,,_,100,_,ground,4,,60,3,fly,1,0.1,2,1,1,1,orc,1,,,,,_,_,255,255,255,1,Flesh,-1,_,_,200,200,20,,,1,0.9,0.15,animal,Custom_n06Z,,Abilities\Spells\Orc\Ensnare\EnsnareMissile,1,_,,,,,,,,,_,normal,,,1,_,_,1,_,,,,,,,,,_,normal,,,1,_,_,60,60,,,,,,Кутня,,,,,,,ReplaceableTextures\WorldEditUI\StartingLocation.blp,"0,0",,,,,,,,,,,,,,,Кутня,"[""xWv"", ""x1v""]",_,,,,,2,,30,30,,,,,,,,,,,,,,,,,,,,,,,,,,,,,,,,,,,,,,,,,,,,,,,,,,,100,,,,,,,,,,,,,,,,,,,,
h02N,"[""Units\\UnitAbilities.slk:1754"", ""Units\\UnitBalance.slk:15511"", ""Units\\UnitData.slk:9181"", ""Units\\UnitUI.slk:15378"", ""Units\\UnitWeapons.slk:17113"", ""Units\\HumanUnitStrings.txt:642"", ""Units\\HumanUnitFunc.txt:971""]",,"Aloc,Avul,A0K4",_,,_,_,*,_,_,,,,,,,,100,100,20,20,1,none,2,,,,always,,420,100,30,3,,,,,,,,,_,,,,_,100,_,ground,,,60,0.6,fly,1,3.04,2,1,1,6,orc,1,50,50,140,140,_,_,255,255,255,1,Metal,-1,_,MetalMediumSlice,210,210,20,10,10,1,1,0.15,HUnit02,Custom_h02N,_,Abilities\Weapons\MoonPriestessMissile\MoonPriestessMissile,1,_,,,,,,,,,_,normal,,,1,_,_,1,_,0.5,0.5,13,12.5,12,2,1,1.35,normal,normal,250,90,1,"ground,structure,debris,item,ward",MetalMediumSlice,60,60,,0.51,0.3,500,,Веер стрел,,F,,,,,ReplaceableTextures\WorldEditUI\StartingLocation.blp,"0,0",,,,,,,,,,,,,,,Веер стрел,"[""xTv"", ""x1v""]",_,,,,,,,65,65,,,,11,,,,,,,,,,,,,,,,,,,,,,,,,,,,,,,,,,,,,,,,,,,,,,,,,,,,,,,,,,,,,,,,,,,
h02O,"[""Units\\UnitAbilities.slk:1757"", ""Units\\UnitBalance.slk:15530"", ""Units\\UnitData.slk:9198"", ""Units\\UnitUI.slk:15407"", ""Units\\UnitWeapons.slk:17144"", ""Units\\HumanUnitStrings.txt:647"", ""Units\\HumanUnitFunc.txt:975""]",,"Aloc,Avul,A0K4",_,,_,_,*,_,_,,,,,,,,100,100,20,20,1,none,2,,,,always,,420,100,30,3,,,,,,,,,_,,,,_,100,_,ground,,,60,0.6,fly,1,3.04,2,1,1,6,orc,1,50,50,140,140,_,_,255,255,255,1,Metal,-1,_,MetalMediumSlice,210,210,20,10,10,1,1,0.15,HUnit02,Custom_h02O,_,Blood Missile,1,_,,,,,,,,,_,normal,,,1,_,_,1,_,0.5,0.5,13,12.5,12,2,1,1.35,normal,normal,250,90,1,"ground,structure,debris,item,ward",MetalMediumSlice,60,60,,0.51,0.3,500,,Мазаль Крови,,F,,,,,ReplaceableTextures\WorldEditUI\StartingLocation.blp,"0,0",,,,,,,,,,,,,,,Мазаль Крови,"[""OS""]",_,,,,,,,60,60,,,,11,,,,,,,,,,,,,,,,,,,,,,,,,,,,,,,,,,,,,,,,,,,,,,,,,,,,,,,,,,,,,,,,,,,
n070,"[""Units\\UnitAbilities.slk:1760"", ""Units\\UnitBalance.slk:15549"", ""Units\\UnitData.slk:9215"", ""Units\\UnitUI.slk:15436"", ""Units\\UnitWeapons.slk:17175"", ""Units\\NeutralUnitStrings.txt:1024"", ""Units\\NeutralUnitFunc.txt:1047""]",,_,_,24,_,_,*,_,_,,,,,,,,600,600,1,1,,large,2,,,,always,0.25,575,750,30,3,,,,1,,,,,_,,1,,_,100,_,ground,2,2,60,0.5,foot,1,6,,1,1,1,human,1,50,50,100,100,_,Shadow,200,200,255,0.6,Flesh,-1,_,_,200,200,50,10,10,1,1.1,0.15,lavaspawn,Custom_n070,LavaSpawn,Units\Creeps\LavaSpawn\LavaSpawn,1,_,,,,,,,,,_,normal,,,1,_,_,1,"enemy,ground",0.77,0.4,45,33,21,,,,missile,pierce,250,300,1,"ground,structure,air,debris,item,ward",_,70,70,,0.51,0.3,500,,Бес,,,,,,,ReplaceableTextures\CommandButtons\BTNLavaSpawn.blp,,Abilities\Weapons\LavaSpawnMissile\LavaSpawnMissile.mdl,0.15,1000,1,,,,,,,,,medium,,Бес,"[""Iev"", ""Iov"", ""IAv"", ""Ibv"", ""Ihv"", ""Ijv""]",_,9,,,,2,,,,,,,,,,,,,,,,,,,,25,50,75,0.5,0.25,,,,,,,,,,,,,,,,,,,,,,,,,,,,,,,,,,,,,,,,,,,,,,,,,,
n071,"[""Units\\UnitAbilities.slk:1763"", ""Units\\UnitBalance.slk:15572"", ""Units\\UnitData.slk:9232"", ""Units\\UnitUI.slk:15465"", ""Units\\UnitWeapons.slk:17207"", ""Units\\NeutralUnitStrings.txt:1026"", ""Units\\NeutralUnitFunc.txt:1054""]",,"Aloc,Avul,A0K4",_,,_,_,*,_,_,,,,,,,,,,1,1,100,medium,,,,,always,,15,1,,,,,,,,,,,_,,1,,_,100,_,ground,4,,60,0.1,foot,1,0.1,2,1,1,1,orc,1,,,,,_,_,200,200,255,0.6,Flesh,-1,_,_,200,200,20,,,1,0.9,0.15,animal,Custom_n071,,Units\Creeps\LavaSpawn\LavaSpawn,1,_,,,,,,,,,_,normal,,,1,_,_,1,_,,,,,,,,,_,normal,,,1,_,_,60,60,,,,,,Бес,,,,,,,ReplaceableTextures\WorldEditUI\StartingLocation.blp,"0,0",,,,,,,,,,,,,,,Бес,"[""IRv"", ""Ijv""]",_,,,,,2,,,,,,,,,,,,,,,,,,,,,,,,,,,,,,,,,,,,,,,,,,,,,,,,,,,,,,100,,,,,,,,,,,,,,,,,,,,
n05B,"[""Units\\UnitAbilities.slk:1766"", ""Units\\UnitBalance.slk:15588"", ""Units\\UnitData.slk:9249"", ""Units\\UnitUI.slk:15487"", ""Units\\UnitWeapons.slk:17224"", ""Units\\NeutralUnitStrings.txt:1030"", ""Units\\NeutralUnitFunc.txt:1057""]",,"Aloc,Avul,A0K4",_,,_,_,*,_,_,,,,,,,,,,1,1,100,medium,,,,,always,,15,1,,,,,,,,,,,_,,1,,_,100,_,ground,4,,60,0.1,foot,1,0.1,2,1,1,1,orc,1,,,,,_,_,255,,255,0.8,Flesh,-1,_,_,200,200,20,,,1,0.9,0.15,animal,Custom_n05B,,RuneArt2Gray,1,_,,,,,,,,,_,normal,,,1,_,_,1,_,,,,,,,,,_,normal,,,1,_,_,60,60,,,,,,Аура Беса3,,,,,,,ReplaceableTextures\WorldEditUI\StartingLocation.blp,"0,0",,,,,,,,,,,,,,,Аура Беса3,"[""Iov"", ""Ijv""]",_,,,,,2,,,,,,,,,,,,,,,,,,,,,,,,,,,,,,,,,,,,,,,,,,,,,,,,,,,,,,100,,,,,,,,,,,,,,,,,,,,
n05C,"[""Units\\UnitAbilities.slk:1769"", ""Units\\UnitBalance.slk:15604"", ""Units\\UnitData.slk:9266"", ""Units\\UnitUI.slk:15508"", ""Units\\UnitWeapons.slk:17241"", ""Units\\NeutralUnitStrings.txt:1034"", ""Units\\NeutralUnitFunc.txt:1060""]",,"Aloc,Avul,A0K4",_,,_,_,*,_,_,,,,,,,,,,1,1,100,medium,,,,,always,,15,1,,,,,,,,,,,_,,1,,_,100,_,ground,4,,60,0.1,foot,1,0.1,2,1,1,1,orc,1,,,,,_,_,,150,255,0.8,Flesh,-1,_,_,200,200,20,,,1,0.9,0.15,animal,Custom_n05C,,RuneArt2Gray,1,_,,,,,,,,,_,normal,,,1,_,_,1,_,,,,,,,,,_,normal,,,1,_,_,60,60,,,,,,Аура Беса2,,,,,,,ReplaceableTextures\WorldEditUI\StartingLocation.blp,"0,0",,,,,,,,,,,,,,,Аура Беса2,"[""Iov"", ""Ijv""]",_,,,,,2,,,,,,,,,,,,,,,,,,,,,,,,,,,,,,,,,,,,,,,,,,,,,,,,,,,,,,100,,,,,,,,,,,,,,,,,,,,
n05D,"[""Units\\UnitAbilities.slk:1772"", ""Units\\UnitBalance.slk:15620"", ""Units\\UnitData.slk:9283"", ""Units\\UnitUI.slk:15529"", ""Units\\UnitWeapons.slk:17258"", ""Units\\NeutralUnitStrings.txt:1038"", ""Units\\NeutralUnitFunc.txt:1063""]",,"Aloc,Avul,A0K4",_,,_,_,*,_,_,,,,,,,,,,1,1,100,medium,,,,,always,,15,1,,,,,,,,,,,_,,1,,_,100,_,ground,4,,60,0.1,foot,1,0.1,2,1,1,1,orc,1,,,,,_,_,255,255,255,0.8,Flesh,-1,_,_,200,200,20,,,1,0.9,0.15,animal,Custom_n05D,,RuneArt2Gray,1,_,,,,,,,,,_,normal,,,1,_,_,1,_,,,,,,,,,_,normal,,,1,_,_,60,60,,,,,,Аура Беса1,,,,,,,ReplaceableTextures\WorldEditUI\StartingLocation.blp,"0,0",,,,,,,,,,,,,,,Аура Беса1,"[""Iov"", ""Ijv""]",_,,,,,2,,,,,,,,,,,,,,,,,,,,,,,,,,,,,,,,,,,,,,,,,,,,,,,,,,,,,,100,,,,,,,,,,,,,,,,,,,,
n05E,"[""Units\\UnitAbilities.slk:1775"", ""Units\\UnitBalance.slk:15636"", ""Units\\UnitData.slk:9300"", ""Units\\UnitUI.slk:15551"", ""Units\\UnitWeapons.slk:17275"", ""Units\\NeutralUnitStrings.txt:1042"", ""Units\\NeutralUnitFunc.txt:1066""]",,"Aloc,Avul,A0K4",_,,_,_,*,_,_,,,,,,,,,,1,1,100,medium,,,,,always,,15,1,,,,,,,,,,,_,,1,,_,100,_,ground,4,,60,0.1,foot,1,0.1,2,1,1,1,orc,1,,,,,_,_,255,255,255,0.8,Flesh,-1,_,_,200,200,20,,,1,0.9,0.15,animal,Custom_n05E,,Doodads\BlackCitadel\Props\RuneArt\RuneArt2,1,_,,,,,,,,,_,normal,,,1,_,_,1,_,,,,,,,,,_,normal,,,1,_,_,60,60,,,,,,Аура Беса4,,,,,,,ReplaceableTextures\WorldEditUI\StartingLocation.blp,"0,0",,,,,,,,,,,,,,,Аура Беса4,"[""Iov"", ""Ijv""]",_,,,,,2,,,,,,,,,,,,,,,,,,,,,,,,,,,,,,,,,,,,,,,,,,,,,,,,,,,,,,100,,,,,,,,,,,,,,,,,,,,
n05F,"[""Units\\UnitAbilities.slk:1778"", ""Units\\UnitBalance.slk:15652"", ""Units\\UnitData.slk:9317"", ""Units\\UnitUI.slk:15573"", ""Units\\UnitWeapons.slk:17292"", ""Units\\NeutralUnitStrings.txt:1046"", ""Units\\NeutralUnitFunc.txt:1069""]",,_,_,24,_,_,*,_,_,,,,,,,,600,600,1,1,,large,2,,,,always,0.25,575,250,30,3,,,,1,,,,,_,,1,,_,100,_,ground,2,2,60,0.5,foot,1,6,,1,1,1,human,1,50,50,100,100,_,Shadow,200,200,255,0.5,Flesh,-1,_,_,200,200,50,10,10,1,1.1,0.15,lavaspawn,Custom_n05F,LavaSpawn,Units\Creeps\LavaSpawn\LavaSpawn,1,_,,,,,,,,,_,normal,,,1,_,_,1,"enemy,ground",0.77,0.4,45,33,21,,,,missile,pierce,250,300,1,"ground,structure,air,debris,item,ward",_,70,70,,0.51,0.3,500,,Бес,,,,,,,ReplaceableTextures\CommandButtons\BTNLavaSpawn.blp,,Abilities\Weapons\LavaSpawnMissile\LavaSpawnMissile.mdl,0.15,1000,1,,,,,,,,,medium,,Бес,"[""Iev"", ""Iov"", ""IAv"", ""Ibv"", ""Ihv"", ""Ijv""]",_,3,,,,2,,,,,,,,,,,,,,,,,,,,25,50,75,0.5,0.25,,,,,,,,,,,,,,,,,,,,,,,,,,,,,,,,,,,,,,,,,,,,,,,,,,
n05G,"[""Units\\UnitAbilities.slk:1781"", ""Units\\UnitBalance.slk:15675"", ""Units\\UnitData.slk:9334"", ""Units\\UnitUI.slk:15602"", ""Units\\UnitWeapons.slk:17324"", ""Units\\NeutralUnitStrings.txt:1048"", ""Units\\NeutralUnitFunc.txt:1076""]",,_,_,24,_,_,*,_,_,,,,,,,,600,600,1,1,,large,2,,,,always,0.25,575,450,30,3,,,,1,,,,,_,,1,,_,100,_,ground,2,2,60,0.5,foot,1,6,,1,1,1,human,1,50,50,100,100,_,Shadow,200,200,255,0.55,Flesh,-1,_,_,200,200,50,10,10,1,1.1,0.15,lavaspawn,Custom_n05G,LavaSpawn,Units\Creeps\LavaSpawn\LavaSpawn,1,_,,,,,,,,,_,normal,,,1,_,_,1,"enemy,ground",0.77,0.4,45,33,21,,,,missile,pierce,250,300,1,"ground,structure,air,debris,item,ward",_,70,70,,0.51,0.3,500,,Бес,,,,,,,ReplaceableTextures\CommandButtons\BTNLavaSpawn.blp,,Abilities\Weapons\LavaSpawnMissile\LavaSpawnMissile.mdl,0.15,1000,1,,,,,,,,,medium,,Бес,"[""Iev"", ""Iov"", ""IAv"", ""Ibv"", ""Ihv"", ""Ijv""]",_,6,,,,2,,,,,,,,,,,,,,,,,,,,25,50,75,0.5,0.25,,,,,,,,,,,,,,,,,,,,,,,,,,,,,,,,,,,,,,,,,,,,,,,,,,
n05H,"[""Units\\UnitAbilities.slk:1784"", ""Units\\UnitBalance.slk:15698"", ""Units\\UnitData.slk:9351"", ""Units\\UnitUI.slk:15631"", ""Units\\UnitWeapons.slk:17356"", ""Units\\NeutralUnitStrings.txt:1050"", ""Units\\NeutralUnitFunc.txt:1083""]",,"Aloc,Avul,A0K4",_,24,_,_,*,_,_,,,,,,,,,,1,1,,medium,,,,,always,,15,1,,,,,,,,,,,_,,1,,_,100,_,ground,4,,60,0.1,foot,1,0.1,2,1,1,1,orc,1,,,,,_,_,200,200,200,0.9,Flesh,-1,_,_,200,200,20,,,1,0.9,0.15,animal,Custom_n05H,,Doodads\Outland\Rocks\RubbleRock\RubbleRock5,1,_,,,,,,,,,_,normal,,,1,_,_,1,_,,,,,,,,,_,normal,,,1,_,_,60,60,,,,,,Чистилище,,,,,,,ReplaceableTextures\WorldEditUI\StartingLocation.blp,"0,0",,,,,,,,,,,,,,,Чистилище,"[""IDv"", ""Ijv""]",_,,,,,2,,,,,,,,,,,,,,,,,,,,,,,,,,,,,,,,,,,,,,,,,,,,,,,,,,,,,,100,,,,,,,,,,,,,,,,,,,,
h02P,"[""Units\\UnitAbilities.slk:1787"", ""Units\\UnitBalance.slk:15714"", ""Units\\UnitData.slk:9368"", ""Units\\UnitUI.slk:15653"", ""Units\\UnitWeapons.slk:17373"", ""Units\\HumanUnitStrings.txt:652"", ""Units\\HumanUnitFunc.txt:979""]",,"Aloc,Avul,A0K4",_,,_,_,*,_,_,,,,,,,,,,20,20,1,none,2,,,,always,,420,100,30,3,,,,,,,,,_,,,,_,100,_,ground,,,60,0.6,fly,1,3.04,2,1,1,6,orc,1,50,50,140,140,_,_,255,255,255,0.9,Metal,-1,_,MetalMediumSlice,210,210,20,10,10,1,1,0.15,HUnit02,Custom_h02P,_,tuskarAxeMoveX,1,_,,,,,,,,,_,normal,,,1,_,_,1,_,0.5,0.5,13,12.5,12,2,1,1.35,normal,normal,250,90,1,"ground,structure,debris,item,ward",MetalMediumSlice,60,60,,0.51,0.3,500,,Тяжелый топор,,F,,,,,ReplaceableTextures\WorldEditUI\StartingLocation.blp,"0,0",,,,,,,,,,,,,,,Тяжелый топор,"[""eov"", ""eiv"", ""eBv""]",_,,,,,,,60,60,,,,11,,,,,,,,,,,,,,,,,,,,,,,,,,,,,,,,,,,,,,,,,,,,,,,,,,,,,,,,,,,,,,,,,,,
h02Q,"[""Units\\UnitAbilities.slk:1790"", ""Units\\UnitBalance.slk:15731"", ""Units\\UnitData.slk:9385"", ""Units\\UnitUI.slk:15682"", ""Units\\UnitWeapons.slk:17404"", ""Units\\HumanUnitStrings.txt:657"", ""Units\\HumanUnitFunc.txt:983""]",,"Aloc,Avul,A0K4",_,,_,_,*,_,_,,,,,,,,,,20,20,1,none,2,,,,always,,420,100,30,3,,,,,,,,,_,,,,_,100,_,ground,,,60,0.6,fly,1,3.04,2,1,1,6,orc,1,50,50,140,140,_,_,255,255,255,0.9,Metal,-1,_,MetalMediumSlice,210,210,20,10,10,1,1,0.15,HUnit02,Custom_h02Q,_,tuskarAxeDropE,1,_,,,,,,,,,_,normal,,,1,_,_,1,_,0.5,0.5,13,12.5,12,2,1,1.35,normal,normal,250,90,1,"ground,structure,debris,item,ward",MetalMediumSlice,60,60,,0.51,0.3,500,,Тяжелый топор,,F,,,,,ReplaceableTextures\WorldEditUI\StartingLocation.blp,"0,0",,,,,,,,,,,,,,,Тяжелый топор,"[""exv"", ""eBv""]",_,,,,,,,,,,,,11,,,,,,,,,,,,,,,,,,,,,,,,,,,,,,,,,,,,,,,,,,,,,,,,,,,,,,,,,,,,,,,,,,,
h02R,"[""Units\\UnitAbilities.slk:1793"", ""Units\\UnitBalance.slk:15748"", ""Units\\UnitData.slk:9400"", ""Units\\UnitUI.slk:15711"", ""Units\\UnitWeapons.slk:17435"", ""Units\\HumanUnitStrings.txt:662"", ""Units\\HumanUnitFunc.txt:987""]",,"Aloc,Avul,A0K4",_,,_,_,*,_,_,,,,,,,,,,20,20,1,large,2,,,,always,0.25,420,1,30,3,20,3,6,,,135,,135,_,,1,,_,100,_,ground,,,60,3,fly,1,3.04,2,1,1,6,orc,1,,,,,_,_,,140,255,4,Metal,-1,_,MetalMediumSlice,210,210,20,10,10,1,2,0.15,HUnit02,Custom_h02R,_,ButtonF,1,_,,,,,,,,,_,normal,,,1,_,_,1,_,0.5,0.5,13,12.5,12,2,1,1.35,normal,normal,250,90,1,"ground,structure,debris,item,ward",MetalMediumSlice,,60,,0.51,0.3,500,,Индикатор падения 2,,,,,,,ReplaceableTextures\CommandButtons\BTNAttackGround.blp,"0,0",,,,,,,,,,,,,,,Индикатор падения 2,"[""gz""]",_,2,,,,2,,-10,-10,,,,11,,,,,,,,,,,,,,,,,,,,,,,,,,,,,,,,,,,,,,,,,,,,,,,,,,,,,,,1,,,,,,,,,,,,
h02S,"[""Units\\UnitAbilities.slk:1796"", ""Units\\UnitBalance.slk:15773"", ""Units\\UnitData.slk:9418"", ""Units\\UnitUI.slk:15736"", ""Units\\UnitWeapons.slk:17465"", ""Units\\HumanUnitStrings.txt:667"", ""Units\\HumanUnitFunc.txt:991""]",,"Aloc,Avul,A0K4",_,,_,_,*,_,_,,,,,,,,,,20,20,1,large,2,,,,always,0.25,420,1,30,3,20,3,6,,,135,,135,_,,1,,_,100,_,ground,,,60,3,fly,1,3.04,2,1,1,6,orc,1,,,,,_,_,34,139,34,8,Metal,-1,_,MetalMediumSlice,210,210,20,10,10,1,2,0.15,HUnit02,Custom_h02S,_,ButtonF,1,_,,,,,,,,,_,normal,,,1,_,_,1,_,0.5,0.5,13,12.5,12,2,1,1.35,normal,normal,250,90,1,"ground,structure,debris,item,ward",MetalMediumSlice,,60,,0.51,0.3,500,,Индикатор падения 3,,,,,,,ReplaceableTextures\CommandButtons\BTNAttackGround.blp,"0,0",,,,,,,,,,,,,,,Индикатор падения 3,"[""lz""]",_,2,,,,2,,-60,-60,,,,11,,,,,,,,,,,,,,,,,,,,,,,,,,,,,,,,,,,,,,,,,,,,,,,,,,,,,,,1,,,,,,,,,,,,
h02T,"[""Units\\UnitAbilities.slk:1799"", ""Units\\UnitBalance.slk:15798"", ""Units\\UnitData.slk:9436"", ""Units\\UnitUI.slk:15762"", ""Units\\UnitWeapons.slk:17495"", ""Units\\HumanUnitStrings.txt:672"", ""Units\\HumanUnitFunc.txt:995""]",,"Aloc,Avul,A0K4",_,,_,_,*,_,_,,,,,,,,,,20,20,1,large,2,,,,always,0.25,420,1,30,3,20,3,6,,,135,,135,_,,1,,_,100,_,ground,,,60,3,fly,1,3.04,2,1,1,6,orc,1,,,,,_,_,175,,250,4,Metal,-1,_,MetalMediumSlice,210,210,20,10,10,1,2,0.15,HUnit02,Custom_h02T,_,ButtonF,1,_,,,,,,,,,_,normal,,,1,_,_,1,_,0.5,0.5,13,12.5,12,2,1,1.35,normal,normal,250,90,1,"ground,structure,debris,item,ward",MetalMediumSlice,,60,,0.51,0.3,500,,Индикатор падения 1,,,,,,,ReplaceableTextures\CommandButtons\BTNAttackGround.blp,"0,0",,,,,,,,,,,,,,,Индикатор падения 1,"[""jz""]",_,2,,,,2,,-10,-10,,,,11,,,,,,,,,,,,,,,,,,,,,,,,,,,,,,,,,,,,,,,,,,,,,,,,,,,,,,,1,,,,,,,,,,,,
